position_id,source_game_id,phase,ply,fen,side_to_move,variant,depth,legal_move_count,teacher_best_move,predicted_move,selected_teacher_cp,teacher_best_cp,regret_cp,teacher_best_agreement,top3_teacher_agreement,selected_teacher_rank,fly_rank_of_teacher_best,score_margin,score_dispersion,spearman_rank_correlation,kendall_rank_correlation,recurrent_passes,latency_s,trajectory_latency_s,stockfish_eval_loss_cp,post_eval_included
opening_000_offset_00,opening_000,early,8,rn1qkb1r/2pppppp/bp3n2/p7/4B3/3PP3/PPP2PPP/RNBQK1NR w KQkq - 1 5,white,original,1,36,e4a8,h2h4,-200.0,739.0,939.0,0,0,14,17,0.0,0.0,,,36,2.5030971999512985,197.57909899996594,645.0,1
opening_000_offset_00,opening_000,early,8,rn1qkb1r/2pppppp/bp3n2/p7/4B3/3PP3/PPP2PPP/RNBQK1NR w KQkq - 1 5,white,original,2,36,e4a8,g2g3,-261.0,739.0,1000.0,0,0,21,4,0.0005252677947282791,0.0003870784356566379,-0.20759896824934757,-0.13393685081221612,72,5.700522299972363,197.57909899996594,707.0,1
opening_000_offset_00,opening_000,early,8,rn1qkb1r/2pppppp/bp3n2/p7/4B3/3PP3/PPP2PPP/RNBQK1NR w KQkq - 1 5,white,original,4,36,e4a8,g2g3,-261.0,739.0,1000.0,0,0,21,7,0.0011465689167380333,0.0011214007388863079,-0.2138121942412746,-0.1320608375275799,144,12.597889199969359,197.57909899996594,737.0,1
opening_000_offset_00,opening_000,early,8,rn1qkb1r/2pppppp/bp3n2/p7/4B3/3PP3/PPP2PPP/RNBQK1NR w KQkq - 1 5,white,original,8,36,e4a8,g2g3,-261.0,739.0,1000.0,0,0,21,7,0.0010843407362699509,0.0015858386465220757,-0.28396730914885715,-0.19888680350539142,288,23.98324790003244,197.57909899996594,732.0,1
opening_000_offset_00,opening_000,early,8,rn1qkb1r/2pppppp/bp3n2/p7/4B3/3PP3/PPP2PPP/RNBQK1NR w KQkq - 1 5,white,original,16,36,e4a8,g2g3,-261.0,739.0,1000.0,0,0,21,10,0.0009428802877664566,0.0017936092035537243,-0.337645626426769,-0.22434431435408153,576,45.849931100034155,197.57909899996594,732.0,1
opening_000_offset_00,opening_000,early,8,rn1qkb1r/2pppppp/bp3n2/p7/4B3/3PP3/PPP2PPP/RNBQK1NR w KQkq - 1 5,white,original,32,36,e4a8,d1d2,-212.0,739.0,951.0,0,0,15,12,4.809629172086716e-05,0.0029385255379700756,-0.3667374722416564,-0.23070869206625408,1152,89.7906987000024,197.57909899996594,685.0,1
opening_000_offset_00,opening_000,early,8,rn1qkb1r/2pppppp/bp3n2/p7/4B3/3PP3/PPP2PPP/RNBQK1NR w KQkq - 1 5,white,original,64,36,e4a8,d1d2,-212.0,739.0,951.0,0,0,15,12,5.162879824638367e-05,0.023133177226260605,-0.3197528540007984,-0.20843337007365026,2304,196.94252099993173,197.57909899996594,675.0,1
opening_000_offset_04,opening_000,early,12,rn1qkbnr/1bpppppp/1p6/p7/P3B3/3PP3/1PP2PPP/RNBQ1KNR w kq - 1 7,white,original,1,35,e4b7,h2h4,-62.0,374.0,436.0,0,0,10,18,0.0,0.0,,,35,3.057905900059268,175.67807539994828,862.0,1
opening_000_offset_04,opening_000,early,12,rn1qkbnr/1bpppppp/1p6/p7/P3B3/3PP3/1PP2PPP/RNBQ1KNR w kq - 1 7,white,original,2,35,e4b7,g2g3,-33.0,374.0,407.0,0,0,7,4,0.0005252677947282791,0.0003722303570909495,0.048073082682340965,0.01735232671083947,70,6.526951000094414,175.67807539994828,833.0,1
opening_000_offset_04,opening_000,early,12,rn1qkbnr/1bpppppp/1p6/p7/P3B3/3PP3/1PP2PPP/RNBQ1KNR w kq - 1 7,white,original,4,35,e4b7,g2g3,-33.0,374.0,407.0,0,0,7,5,0.0011436566710472107,0.0010948605406094127,0.07480563308665387,0.0336985069533279,140,13.332160699996166,175.67807539994828,845.0,1
opening_000_offset_04,opening_000,early,12,rn1qkbnr/1bpppppp/1p6/p7/P3B3/3PP3/1PP2PPP/RNBQ1KNR w kq - 1 7,white,original,8,35,e4b7,g2g3,-33.0,374.0,407.0,0,0,7,6,0.0010776929557323456,0.0015730759183481202,-0.005183161843082759,-0.02695880556266232,280,23.117185300099663,175.67807539994828,847.0,1
opening_000_offset_04,opening_000,early,12,rn1qkbnr/1bpppppp/1p6/p7/P3B3/3PP3/1PP2PPP/RNBQ1KNR w kq - 1 7,white,original,16,35,e4b7,g2g3,-33.0,374.0,407.0,0,0,7,8,0.0009345151484012604,0.0017904138726699108,-0.08307067494454261,-0.07076686460198858,560,43.7456269999966,175.67807539994828,851.0,1
opening_000_offset_04,opening_000,early,12,rn1qkbnr/1bpppppp/1p6/p7/P3B3/3PP3/1PP2PPP/RNBQ1KNR w kq - 1 7,white,original,32,35,e4b7,d1d2,-126.0,374.0,500.0,0,0,23,12,4.805903881788254e-05,0.0030983418280227312,-0.20340408097719367,-0.1314241771179788,1120,91.26123320008628,175.67807539994828,906.0,1
opening_000_offset_04,opening_000,early,12,rn1qkbnr/1bpppppp/1p6/p7/P3B3/3PP3/1PP2PPP/RNBQ1KNR w kq - 1 7,white,original,64,35,e4b7,d1d2,-126.0,374.0,500.0,0,0,23,15,4.3925829231739044e-05,0.020385461074843528,-0.2349233084013456,-0.15164328128997553,2240,175.30997760000173,175.67807539994828,906.0,1
opening_000_offset_08,opening_000,early,16,rn1qkbnr/1bp2ppp/1p1p4/p3p3/P7/3PPB2/1PP1QPPP/RNB2KNR w kq - 0 9,white,original,1,27,f3b7,h2h4,6.0,494.0,488.0,0,0,5,11,0.0,0.0,,,27,2.5423654000042006,180.03337200009264,845.0,1
opening_000_offset_08,opening_000,early,16,rn1qkbnr/1bp2ppp/1p1p4/p3p3/P7/3PPB2/1PP1QPPP/RNB2KNR w kq - 0 9,white,original,2,27,f3b7,g2g3,-55.0,494.0,549.0,0,0,9,22,0.0005252684932202101,0.0017424563086693853,0.3956557424145574,0.25472493522764533,54,5.291645099991001,180.03337200009264,882.0,1
opening_000_offset_08,opening_000,early,16,rn1qkbnr/1bp2ppp/1p1p4/p3p3/P7/3PPB2/1PP1QPPP/RNB2KNR w kq - 0 9,white,original,4,27,f3b7,g2g3,-55.0,494.0,549.0,0,0,9,22,0.0011436287313699722,0.0039056487390833404,0.3562814878938954,0.23395173590596574,108,9.924715699977241,180.03337200009264,888.0,1
opening_000_offset_08,opening_000,early,16,rn1qkbnr/1bp2ppp/1p1p4/p3p3/P7/3PPB2/1PP1QPPP/RNB2KNR w kq - 0 9,white,original,8,27,f3b7,g2g3,-55.0,494.0,549.0,0,0,9,22,0.0010783951729536057,0.005268093712325859,0.36605098884728415,0.22824559600582026,216,18.427406699978746,180.03337200009264,891.0,1
opening_000_offset_08,opening_000,early,16,rn1qkbnr/1bp2ppp/1p1p4/p3p3/P7/3PPB2/1PP1QPPP/RNB2KNR w kq - 0 9,white,original,16,27,f3b7,g2g3,-55.0,494.0,549.0,0,0,9,22,0.0009371316991746426,0.0058329025345770155,0.26316593193190896,0.15406577730392865,432,39.85603739996441,180.03337200009264,897.0,1
opening_000_offset_08,opening_000,early,16,rn1qkbnr/1bp2ppp/1p1p4/p3p3/P7/3PPB2/1PP1QPPP/RNB2KNR w kq - 0 9,white,original,32,27,f3b7,g2g3,-55.0,494.0,549.0,0,0,9,22,0.0010545914992690086,0.005963694224749173,0.2366051012148834,0.12553507780320114,864,88.2241283999756,180.03337200009264,894.0,1
opening_000_offset_08,opening_000,early,16,rn1qkbnr/1bp2ppp/1p1p4/p3p3/P7/3PPB2/1PP1QPPP/RNB2KNR w kq - 0 9,white,original,64,27,f3b7,a1a3,-270.0,494.0,764.0,0,0,25,22,6.468594074249268e-05,0.006351810954144037,0.13982598239537625,0.03994297930101854,1728,179.55700919998344,180.03337200009264,1028.0,1
opening_000_offset_12,opening_000,middle,20,r2qkbnr/1b3ppp/nppp4/p3p3/P7/3PPB2/1PP1NPPP/RNBQ1K1R w kq - 0 11,white,original,1,31,f1e1,h2h4,-44.0,-23.0,21.0,0,0,4,12,0.0,0.0,,,31,3.400816199951805,172.2069834000431,17.0,1
opening_000_offset_12,opening_000,middle,20,r2qkbnr/1b3ppp/nppp4/p3p3/P7/3PPB2/1PP1NPPP/RNBQ1K1R w kq - 0 11,white,original,2,31,f1e1,g2g3,-62.0,-23.0,39.0,0,0,9,13,0.0005252682603895664,0.0015533688625475857,0.36885851782560164,0.27225604220988203,62,5.7780439999187365,172.2069834000431,79.0,1
opening_000_offset_12,opening_000,middle,20,r2qkbnr/1b3ppp/nppp4/p3p3/P7/3PPB2/1PP1NPPP/RNBQ1K1R w kq - 0 11,white,original,4,31,f1e1,g2g3,-62.0,-23.0,39.0,0,0,9,23,0.001143625471740961,0.0034782530415859328,0.3761218282415448,0.2847911353666229,124,11.054446100024506,172.2069834000431,66.0,1
opening_000_offset_12,opening_000,middle,20,r2qkbnr/1b3ppp/nppp4/p3p3/P7/3PPB2/1PP1NPPP/RNBQ1K1R w kq - 0 11,white,original,8,31,f1e1,g2g3,-62.0,-23.0,39.0,0,0,9,25,0.0010801035969052464,0.004686212554132344,0.31662802699154174,0.24164096334137702,248,20.053195699932985,172.2069834000431,75.0,1
opening_000_offset_12,opening_000,middle,20,r2qkbnr/1b3ppp/nppp4/p3p3/P7/3PPB2/1PP1NPPP/RNBQ1K1R w kq - 0 11,white,original,16,31,f1e1,g2g3,-62.0,-23.0,39.0,0,0,9,25,0.0009379138355143368,0.005215397204462008,0.2109509020593329,0.15965563649340983,496,42.102426999947056,172.2069834000431,65.0,1
opening_000_offset_12,opening_000,middle,20,r2qkbnr/1b3ppp/nppp4/p3p3/P7/3PPB2/1PP1NPPP/RNBQ1K1R w kq - 0 11,white,original,32,31,f1e1,d1d2,-93.0,-23.0,70.0,0,0,20,25,0.00021362584084272385,0.00568026483933313,0.13572653641102395,0.09493037845554098,992,85.78817149996758,172.2069834000431,75.0,1
opening_000_offset_12,opening_000,middle,20,r2qkbnr/1b3ppp/nppp4/p3p3/P7/3PPB2/1PP1NPPP/RNBQ1K1R w kq - 0 11,white,original,64,31,f1e1,d1d2,-93.0,-23.0,70.0,0,0,20,25,0.0001919809728860855,0.014334233820870292,0.04678834538983292,0.043150172025245896,1984,171.70254690002184,172.2069834000431,83.0,1
opening_000_offset_16,opening_000,middle,24,r2qkb1r/1b3ppp/n1pp1n2/pp2p3/P7/2PPPB2/RP2NPPP/1NBQ1K1R w kq - 0 13,white,original,1,31,a4b5,h2h4,-86.0,92.0,178.0,0,0,3,29,0.0,0.0,,,31,2.785054299980402,170.7996060999576,218.0,1
opening_000_offset_16,opening_000,middle,24,r2qkb1r/1b3ppp/n1pp1n2/pp2p3/P7/2PPPB2/RP2NPPP/1NBQ1K1R w kq - 0 13,white,original,2,31,a4b5,g2g3,-112.0,92.0,204.0,0,0,10,4,0.0005252682603895664,0.0015561806732795878,0.49701981562334524,0.36286775274544614,62,5.625871900003403,170.7996060999576,255.0,1
opening_000_offset_16,opening_000,middle,24,r2qkb1r/1b3ppp/n1pp1n2/pp2p3/P7/2PPPB2/RP2NPPP/1NBQ1K1R w kq - 0 13,white,original,4,31,a4b5,g2g3,-112.0,92.0,204.0,0,0,10,5,0.0011436298955231905,0.0035103357805887766,0.4593668171640407,0.3254317902612407,124,11.265793800004758,170.7996060999576,265.0,1
opening_000_offset_16,opening_000,middle,24,r2qkb1r/1b3ppp/n1pp1n2/pp2p3/P7/2PPPB2/RP2NPPP/1NBQ1K1R w kq - 0 13,white,original,8,31,a4b5,g2g3,-112.0,92.0,204.0,0,0,10,4,0.00047942507080733776,0.004775134662063509,0.4381931930190783,0.3211214354233435,248,23.05021419993136,170.7996060999576,266.0,1
opening_000_offset_16,opening_000,middle,24,r2qkb1r/1b3ppp/n1pp1n2/pp2p3/P7/2PPPB2/RP2NPPP/1NBQ1K1R w kq - 0 13,white,original,16,31,a4b5,b2b3,-106.0,92.0,198.0,0,0,8,4,6.020069122314453e-05,0.005373533829117051,0.39725751967215106,0.28232824188226846,496,42.33230519993231,170.7996060999576,269.0,1
opening_000_offset_16,opening_000,middle,24,r2qkb1r/1b3ppp/n1pp1n2/pp2p3/P7/2PPPB2/RP2NPPP/1NBQ1K1R w kq - 0 13,white,original,32,31,a4b5,d1b3,-198.0,92.0,290.0,0,0,23,8,2.5331974029541016e-07,0.006108191712395547,0.26961081411252075,0.17887972577273495,992,83.79157210001722,170.7996060999576,321.0,1
opening_000_offset_16,opening_000,middle,24,r2qkb1r/1b3ppp/n1pp1n2/pp2p3/P7/2PPPB2/RP2NPPP/1NBQ1K1R w kq - 0 13,white,original,64,31,a4b5,d1d2,-163.0,92.0,255.0,0,0,22,6,3.2726675271987915e-05,0.02086486388842995,0.2643678214671015,0.17887972577273495,1984,169.91215759993065,170.7996060999576,382.0,1
opening_000_offset_20,opening_000,late,28,2rqkb1r/1b3pp1/n1pp1n2/pp2p2p/P7/2PPPB2/1P2NPPP/RNBQ2KR w k - 2 15,white,original,1,29,a4b5,h2h4,-32.0,96.0,128.0,0,0,2,27,0.0,0.0,,,29,4.672871599905193,122.38933570007794,168.0,1
opening_000_offset_20,opening_000,late,28,2rqkb1r/1b3pp1/n1pp1n2/pp2p2p/P7/2PPPB2/1P2NPPP/RNBQ2KR w k - 2 15,white,original,2,29,a4b5,g2g3,-102.0,96.0,198.0,0,0,12,4,0.0005252682894933969,0.0015703864540824362,0.45285154275043193,0.3233158350082245,58,7.566875399905257,122.38933570007794,274.0,1
opening_000_offset_20,opening_000,late,28,2rqkb1r/1b3pp1/n1pp1n2/pp2p2p/P7/2PPPB2/1P2NPPP/RNBQ2KR w k - 2 15,white,original,4,29,a4b5,g2g3,-102.0,96.0,198.0,0,0,12,5,0.0011436287313699722,0.0035495903902557544,0.44759207138372736,0.30826164001283,116,15.28132879990153,122.38933570007794,292.0,1
opening_000_offset_20,opening_000,late,28,2rqkb1r/1b3pp1/n1pp1n2/pp2p2p/P7/2PPPB2/1P2NPPP/RNBQ2KR w k - 2 15,white,original,8,29,a4b5,g2g3,-102.0,96.0,198.0,0,0,12,4,0.00048067420721054077,0.004863577049602246,0.46951595380153244,0.3230581987334458,232,25.20473279990256,122.38933570007794,253.0,1
opening_000_offset_20,opening_000,late,28,2rqkb1r/1b3pp1/n1pp1n2/pp2p2p/P7/2PPPB2/1P2NPPP/RNBQ2KR w k - 2 15,white,original,16,29,a4b5,b2b3,-100.0,96.0,196.0,0,0,10,4,6.01806677877903e-05,0.0054982135152740605,0.3869934750378842,0.2589397776107772,464,41.065374399884604,122.38933570007794,302.0,1
opening_000_offset_20,opening_000,late,28,2rqkb1r/1b3pp1/n1pp1n2/pp2p2p/P7/2PPPB2/1P2NPPP/RNBQ2KR w k - 2 15,white,original,32,29,a4b5,d1f1,-112.0,96.0,208.0,0,0,13,9,0.0001497967168688774,0.006409711222757726,0.2997906168816711,0.17509261152728745,928,64.90351209999062,122.38933570007794,334.0,1
opening_000_offset_20,opening_000,late,28,2rqkb1r/1b3pp1/n1pp1n2/pp2p2p/P7/2PPPB2/1P2NPPP/RNBQ2KR w k - 2 15,white,original,64,29,a4b5,d1f1,-112.0,96.0,208.0,0,0,13,8,0.00014392100274562836,0.02354670819019597,0.2527404871985164,0.15043168032626106,1856,121.77955719991587,122.38933570007794,334.0,1
opening_000_offset_24,opening_000,late,32,2rqkb1r/1b2npp1/n1pp4/pp2p2p/P2N4/N1PPPB2/1P3PPP/R1BQ2KR w k - 6 17,white,original,1,36,a4b5,h2h4,-85.0,229.0,314.0,0,0,8,30,0.0,0.0,,,36,2.801677000010386,133.69580719992518,406.0,1
opening_000_offset_24,opening_000,late,32,2rqkb1r/1b2npp1/n1pp4/pp2p2p/P2N4/N1PPPB2/1P3PPP/R1BQ2KR w k - 6 17,white,original,2,36,a4b5,g2g3,-303.0,229.0,532.0,0,0,17,5,0.0005252682894933969,0.0015546531920481727,0.2167168155199083,0.1566671086534908,72,4.286098300013691,133.69580719992518,509.0,1
opening_000_offset_24,opening_000,late,32,2rqkb1r/1b2npp1/n1pp4/pp2p2p/P2N4/N1PPPB2/1P3PPP/R1BQ2KR w k - 6 17,white,original,4,36,a4b5,g2g3,-303.0,229.0,532.0,0,0,17,7,0.0011436298955231905,0.003520552689397569,0.16756756756756758,0.11111111111111113,144,7.25959310005419,133.69580719992518,416.0,1
opening_000_offset_24,opening_000,late,32,2rqkb1r/1b2npp1/n1pp4/pp2p2p/P2N4/N1PPPB2/1P3PPP/R1BQ2KR w k - 6 17,white,original,8,36,a4b5,g2g3,-303.0,229.0,532.0,0,0,17,5,0.0004801643081009388,0.004833848270603695,0.12123552123552124,0.06666666666666667,288,13.625005900044926,133.69580719992518,426.0,1
opening_000_offset_24,opening_000,late,32,2rqkb1r/1b2npp1/n1pp4/pp2p2p/P2N4/N1PPPB2/1P3PPP/R1BQ2KR w k - 6 17,white,original,16,36,a4b5,b2b3,-431.0,229.0,660.0,0,0,23,4,6.118649616837502e-05,0.0054690349886655715,0.05328185328185329,0.028571428571428574,576,28.667696300079115,133.69580719992518,564.0,1
opening_000_offset_24,opening_000,late,32,2rqkb1r/1b2npp1/n1pp4/pp2p2p/P2N4/N1PPPB2/1P3PPP/R1BQ2KR w k - 6 17,white,original,32,36,a4b5,d1f1,-489.0,229.0,718.0,0,0,29,11,0.00014878623187541962,0.006341601508884756,-0.07284427284427285,-0.06984126984126984,1152,68.21107450011186,133.69580719992518,712.0,1
opening_000_offset_24,opening_000,late,32,2rqkb1r/1b2npp1/n1pp4/pp2p2p/P2N4/N1PPPB2/1P3PPP/R1BQ2KR w k - 6 17,white,original,64,36,a4b5,d1f1,-489.0,229.0,718.0,0,0,29,11,0.00014381855726242065,0.02320884960840269,-0.09317889317889319,-0.08253968253968255,2304,133.12373680004384,133.69580719992518,730.0,1
opening_001_offset_00,opening_001,early,8,rnbqkbnr/1p2pppp/8/p1pp4/6P1/N6P/PPPPPP2/R1BQKBNR w KQkq - 0 5,white,original,1,19,f1g2,h3h4,-280.0,-30.0,250.0,0,0,17,7,0.0,0.0,,,19,1.7786057000048459,131.9084057,237.0,1
opening_001_offset_00,opening_001,early,8,rnbqkbnr/1p2pppp/8/p1pp4/6P1/N6P/PPPPPP2/R1BQKBNR w KQkq - 0 5,white,original,2,19,f1g2,g4g5,-119.0,-30.0,89.0,0,0,14,6,0.0015906072221696377,0.0004718518202426619,0.07190203744114607,0.09611733476633601,38,4.4487005999544635,131.9084057,87.0,1
opening_001_offset_00,opening_001,early,8,rnbqkbnr/1p2pppp/8/p1pp4/6P1/N6P/PPPPPP2/R1BQKBNR w KQkq - 0 5,white,original,4,19,f1g2,g4g5,-119.0,-30.0,89.0,0,0,14,8,0.0008631059899926186,0.001075142621338169,-0.11496271400710183,-0.04692102287185245,76,7.93786069995258,131.9084057,87.0,1
opening_001_offset_00,opening_001,early,8,rnbqkbnr/1p2pppp/8/p1pp4/6P1/N6P/PPPPPP2/R1BQKBNR w KQkq - 0 5,white,original,8,19,f1g2,b2b3,-79.0,-30.0,49.0,0,0,10,8,7.728580385446548e-05,0.0016578325969002518,-0.11057482415950252,-0.058651278589815566,152,20.049093000008725,131.9084057,123.0,1
opening_001_offset_00,opening_001,early,8,rnbqkbnr/1p2pppp/8/p1pp4/6P1/N6P/PPPPPP2/R1BQKBNR w KQkq - 0 5,white,original,16,19,f1g2,b2b3,-79.0,-30.0,49.0,0,0,10,9,6.207171827554703e-05,0.0019626653581151397,-0.11057482415950252,-0.058651278589815566,304,35.89310929994099,131.9084057,106.0,1
opening_001_offset_00,opening_001,early,8,rnbqkbnr/1p2pppp/8/p1pp4/6P1/N6P/PPPPPP2/R1BQKBNR w KQkq - 0 5,white,original,32,19,f1g2,b2b3,-79.0,-30.0,49.0,0,0,10,9,0.00014535430818796158,0.0021259619378545505,-0.1088196682204628,-0.058651278589815566,608,62.709960200008936,131.9084057,106.0,1
opening_001_offset_00,opening_001,early,8,rnbqkbnr/1p2pppp/8/p1pp4/6P1/N6P/PPPPPP2/R1BQKBNR w KQkq - 0 5,white,original,64,19,f1g2,a3b5,-58.0,-30.0,28.0,0,0,6,15,0.001774128177203238,0.009742104063080133,-0.007898201725678752,0.011730255717963113,1216,131.70021529996302,131.9084057,59.0,1
opening_001_offset_04,opening_001,early,12,r1bqkbnr/1p2ppp1/n7/p1pp3p/6P1/N4B1P/PPPPPP2/R1BQK1NR w KQkq - 2 7,white,original,1,20,e2e4,h3h4,-485.0,-85.0,400.0,0,0,15,8,0.0,0.0,,,20,2.6941362000070512,99.16314600000624,381.0,1
opening_001_offset_04,opening_001,early,12,r1bqkbnr/1p2ppp1/n7/p1pp3p/6P1/N4B1P/PPPPPP2/R1BQK1NR w KQkq - 2 7,white,original,2,20,e2e4,g4h5,-118.0,-85.0,33.0,0,0,4,5,0.0003947534132748842,0.0016358445518504172,0.5674397315808514,0.4151682458530184,40,6.230115200043656,99.16314600000624,0.0,1
opening_001_offset_04,opening_001,early,12,r1bqkbnr/1p2ppp1/n7/p1pp3p/6P1/N4B1P/PPPPPP2/R1BQK1NR w KQkq - 2 7,white,original,4,20,e2e4,g4h5,-118.0,-85.0,33.0,0,0,4,8,0.0013523516245186329,0.0035928087480562336,0.4836405005430842,0.3535632359975612,80,9.410601599956863,99.16314600000624,0.0,1
opening_001_offset_04,opening_001,early,12,r1bqkbnr/1p2ppp1/n7/p1pp3p/6P1/N4B1P/PPPPPP2/R1BQK1NR w KQkq - 2 7,white,original,8,20,e2e4,g4h5,-118.0,-85.0,33.0,0,0,4,8,0.0007307678461074829,0.0048341109451542396,0.43249344916372234,0.2902384773114308,160,18.94309139996767,99.16314600000624,0.0,1
opening_001_offset_04,opening_001,early,12,r1bqkbnr/1p2ppp1/n7/p1pp3p/6P1/N4B1P/PPPPPP2/R1BQK1NR w KQkq - 2 7,white,original,16,20,e2e4,b2b3,-216.0,-85.0,131.0,0,0,11,8,6.204098463058472e-05,0.005378174236533198,0.399398298271194,0.269130224416054,320,30.952450899989344,99.16314600000624,138.0,1
opening_001_offset_04,opening_001,early,12,r1bqkbnr/1p2ppp1/n7/p1pp3p/6P1/N4B1P/PPPPPP2/R1BQK1NR w KQkq - 2 7,white,original,32,20,e2e4,b2b3,-216.0,-85.0,131.0,0,0,11,9,0.00014533987268805504,0.005511796378416856,0.38736369794663833,0.269130224416054,640,53.07422329997644,99.16314600000624,138.0,1
opening_001_offset_04,opening_001,early,12,r1bqkbnr/1p2ppp1/n7/p1pp3p/6P1/N4B1P/PPPPPP2/R1BQK1NR w KQkq - 2 7,white,original,64,20,e2e4,a1b1,-231.0,-85.0,146.0,0,0,12,9,0.005074264103313908,0.006080818672748311,0.40090262331176346,0.269130224416054,1280,98.9601929000346,99.16314600000624,108.0,1
opening_001_offset_08,opening_001,early,16,1rbqkbnr/1p2ppp1/n7/p2p3p/1Pp3P1/N1P2B1P/P2PPP2/R1BQK1NR w KQk - 0 9,white,original,1,23,d1a4,h3h4,-654.0,-23.0,631.0,0,0,20,15,0.0,0.0,,,23,2.9677658000728115,107.07392929994967,571.0,1
opening_001_offset_08,opening_001,early,16,1rbqkbnr/1p2ppp1/n7/p2p3p/1Pp3P1/N1P2B1P/P2PPP2/R1BQK1NR w KQk - 0 9,white,original,2,23,d1a4,g4h5,-247.0,-23.0,224.0,0,0,10,14,4.934659227728844e-05,0.0016746595411819634,0.5515386122805951,0.40567483763334894,46,4.711761299986392,107.07392929994967,225.0,1
opening_001_offset_08,opening_001,early,16,1rbqkbnr/1p2ppp1/n7/p2p3p/1Pp3P1/N1P2B1P/P2PPP2/R1BQK1NR w KQk - 0 9,white,original,4,23,d1a4,b4a5,-154.0,-23.0,131.0,0,0,4,14,0.00047112442553043365,0.004012145089010449,0.5049407114624506,0.3754940711462451,92,8.719072000007145,107.07392929994967,133.0,1
opening_001_offset_08,opening_001,early,16,1rbqkbnr/1p2ppp1/n7/p2p3p/1Pp3P1/N1P2B1P/P2PPP2/R1BQK1NR w KQk - 0 9,white,original,8,23,d1a4,b4b5,-129.0,-23.0,106.0,0,0,3,9,0.0005556270480155945,0.005236068886431067,0.4723320158102767,0.36758893280632415,184,14.983139700023457,107.07392929994967,76.0,1
opening_001_offset_08,opening_001,early,16,1rbqkbnr/1p2ppp1/n7/p2p3p/1Pp3P1/N1P2B1P/P2PPP2/R1BQK1NR w KQk - 0 9,white,original,16,23,d1a4,b4b5,-129.0,-23.0,106.0,0,0,3,8,0.0012325402349233627,0.005717713817111537,0.46936758893280633,0.3754940711462451,368,27.06482800003141,107.07392929994967,101.0,1
opening_001_offset_08,opening_001,early,16,1rbqkbnr/1p2ppp1/n7/p2p3p/1Pp3P1/N1P2B1P/P2PPP2/R1BQK1NR w KQk - 0 9,white,original,32,23,d1a4,b4b5,-129.0,-23.0,106.0,0,0,3,4,0.0014321999624371529,0.0063164454049242594,0.4792490118577075,0.3754940711462451,736,55.60854630009271,107.07392929994967,80.0,1
opening_001_offset_08,opening_001,early,16,1rbqkbnr/1p2ppp1/n7/p2p3p/1Pp3P1/N1P2B1P/P2PPP2/R1BQK1NR w KQk - 0 9,white,original,64,23,d1a4,d1b3,-1019.0,-23.0,996.0,0,1,23,2,6.225705146789551e-05,0.022034923821924055,0.4140316205533597,0.3359683794466403,1472,106.20592630002648,107.07392929994967,886.0,1
opening_001_offset_12,opening_001,middle,20,1rbqkbn1/Np2pppr/n7/p2p4/1Pp3Pp/2P2B1P/P2PPP2/R1BQK1NR w KQ - 2 11,white,original,1,23,d1a4,h1h2,-121.0,125.0,246.0,0,0,18,13,0.0,0.0,,,23,1.9204074000008404,123.77765359997284,375.0,1
opening_001_offset_12,opening_001,middle,20,1rbqkbn1/Np2pppr/n7/p2p4/1Pp3Pp/2P2B1P/P2PPP2/R1BQK1NR w KQ - 2 11,white,original,2,23,d1a4,b4a5,-29.0,125.0,154.0,0,0,10,13,0.00020384974777698517,0.0015989858588792186,0.4835291667979592,0.34472329884764846,46,4.2390277000376955,123.77765359997284,198.0,1
opening_001_offset_12,opening_001,middle,20,1rbqkbn1/Np2pppr/n7/p2p4/1Pp3Pp/2P2B1P/P2PPP2/R1BQK1NR w KQ - 2 11,white,original,4,23,d1a4,b4a5,-29.0,125.0,154.0,0,0,10,13,0.0004711216315627098,0.0038866608223655486,0.40217391304347827,0.2648221343873518,92,7.644885099958628,123.77765359997284,202.0,1
opening_001_offset_12,opening_001,middle,20,1rbqkbn1/Np2pppr/n7/p2p4/1Pp3Pp/2P2B1P/P2PPP2/R1BQK1NR w KQ - 2 11,white,original,8,23,d1a4,b4b5,13.0,125.0,112.0,0,0,4,8,0.0005555925890803337,0.005107719775894603,0.3735177865612649,0.25691699604743085,184,14.350101200048812,123.77765359997284,174.0,1
opening_001_offset_12,opening_001,middle,20,1rbqkbn1/Np2pppr/n7/p2p4/1Pp3Pp/2P2B1P/P2PPP2/R1BQK1NR w KQ - 2 11,white,original,16,23,d1a4,b4b5,13.0,125.0,112.0,0,0,4,6,0.0012324964627623558,0.005599338934996541,0.38241106719367585,0.2885375494071147,368,33.94070899998769,123.77765359997284,192.0,1
opening_001_offset_12,opening_001,middle,20,1rbqkbn1/Np2pppr/n7/p2p4/1Pp3Pp/2P2B1P/P2PPP2/R1BQK1NR w KQ - 2 11,white,original,32,23,d1a4,b4b5,13.0,125.0,112.0,0,0,4,4,0.0014321478083729744,0.006248914147122463,0.40711462450592883,0.2964426877470356,736,72.88574950001203,123.77765359997284,168.0,1
opening_001_offset_12,opening_001,middle,20,1rbqkbn1/Np2pppr/n7/p2p4/1Pp3Pp/2P2B1P/P2PPP2/R1BQK1NR w KQ - 2 11,white,original,64,23,d1a4,d1b3,-872.0,125.0,997.0,0,1,23,2,0.0001162216067314148,0.022308479584171977,0.3695652173913044,0.28063241106719367,1472,123.42566910001915,123.77765359997284,968.0,1
opening_001_offset_16,opening_001,middle,24,1rbqkbn1/Np3pp1/n7/p2pp2r/1Pp3Pp/1QP2B1P/P2PPP2/1RB1K1NR w K - 0 13,white,original,1,29,b3a4,h1h2,-978.0,-42.0,936.0,0,0,27,21,0.0,0.0,,,29,2.167245200020261,139.57913689990528,849.0,1
opening_001_offset_16,opening_001,middle,24,1rbqkbn1/Np3pp1/n7/p2pp2r/1Pp3Pp/1QP2B1P/P2PPP2/1RB1K1NR w K - 0 13,white,original,2,29,b3a4,g4h5,-845.0,-42.0,803.0,0,0,15,18,4.934682510793209e-05,0.0015018632269569552,0.0579372320041202,0.03764616262105214,58,4.027156600030139,139.57913689990528,855.0,1
opening_001_offset_16,opening_001,middle,24,1rbqkbn1/Np3pp1/n7/p2pp2r/1Pp3Pp/1QP2B1P/P2PPP2/1RB1K1NR w K - 0 13,white,original,4,29,b3a4,b4a5,-858.0,-42.0,816.0,0,0,16,16,0.00047127739526331425,0.003595210277644864,-0.025372583022853012,-0.01726265184071848,116,8.931268299929798,139.57913689990528,933.0,1
opening_001_offset_16,opening_001,middle,24,1rbqkbn1/Np3pp1/n7/p2pp2r/1Pp3Pp/1QP2B1P/P2PPP2/1RB1K1NR w K - 0 13,white,original,8,29,b3a4,b4b5,-649.0,-42.0,607.0,0,0,11,13,0.0005557090044021606,0.00467761733921475,0.060352260588339694,0.0369913968015396,232,19.602263699984178,139.57913689990528,756.0,1
opening_001_offset_16,opening_001,middle,24,1rbqkbn1/Np3pp1/n7/p2pp2r/1Pp3Pp/1QP2B1P/P2PPP2/1RB1K1NR w K - 0 13,white,original,16,29,b3a4,b4b5,-649.0,-42.0,607.0,0,0,11,13,0.001233124639838934,0.005079548082675116,0.09483926663881952,0.056720141762360725,464,35.107703599962406,139.57913689990528,807.0,1
opening_001_offset_16,opening_001,middle,24,1rbqkbn1/Np3pp1/n7/p2pp2r/1Pp3Pp/1QP2B1P/P2PPP2/1RB1K1NR w K - 0 13,white,original,32,29,b3a4,b4b5,-649.0,-42.0,607.0,0,0,11,13,0.0014328914694488049,0.005189650868271177,0.06527897573840823,0.0369913968015396,928,69.14495170000009,139.57913689990528,807.0,1
opening_001_offset_16,opening_001,middle,24,1rbqkbn1/Np3pp1/n7/p2pp2r/1Pp3Pp/1QP2B1P/P2PPP2/1RB1K1NR w K - 0 13,white,original,64,29,b3a4,b4b5,-649.0,-42.0,607.0,0,0,11,19,0.003130875527858734,0.005529116791590039,-0.10666338299898402,-0.051787955522155434,1856,139.11929209996015,139.57913689990528,807.0,1
opening_001_offset_20,opening_001,late,28,1r1qkbn1/Np3pp1/n3b3/p2pp1r1/1Pp3Pp/PQPP1B1P/4PP2/1RB1K1NR w K - 1 15,white,original,1,30,b3a4,h1h2,-1059.0,217.0,1276.0,0,0,27,23,0.0,0.0,,,30,2.8896734999725595,168.5625657000346,1190.0,1
opening_001_offset_20,opening_001,late,28,1r1qkbn1/Np3pp1/n3b3/p2pp1r1/1Pp3Pp/PQPP1B1P/4PP2/1RB1K1NR w K - 1 15,white,original,2,30,b3a4,b4a5,-1013.0,217.0,1230.0,0,0,21,16,0.0002038511447608471,0.001358088386919717,0.2001668077305281,0.13358346856927006,60,4.176101799937896,168.5625657000346,1055.0,1
opening_001_offset_20,opening_001,late,28,1r1qkbn1/Np3pp1/n3b3/p2pp1r1/1Pp3Pp/PQPP1B1P/4PP2/1RB1K1NR w K - 1 15,white,original,4,30,b3a4,b4a5,-1013.0,217.0,1230.0,0,0,21,19,0.0004711102810688317,0.0034148294858280743,0.04160177975528365,0.04827586206896552,120,9.696581399999559,168.5625657000346,1038.0,1
opening_001_offset_20,opening_001,late,28,1r1qkbn1/Np3pp1/n3b3/p2pp1r1/1Pp3Pp/PQPP1B1P/4PP2/1RB1K1NR w K - 1 15,white,original,8,30,b3a4,b4b5,-899.0,217.0,1116.0,0,0,13,10,0.0005562374135479331,0.004512195539869051,0.21423804226918797,0.14942528735632182,240,18.90002749999985,168.5625657000346,1009.0,1
opening_001_offset_20,opening_001,late,28,1r1qkbn1/Np3pp1/n3b3/p2pp1r1/1Pp3Pp/PQPP1B1P/4PP2/1RB1K1NR w K - 1 15,white,original,16,30,b3a4,b4b5,-899.0,217.0,1116.0,0,0,13,10,0.0012331781908869743,0.0049166805567880485,0.2525027808676307,0.1632183908045977,480,33.676694299909286,168.5625657000346,958.0,1
opening_001_offset_20,opening_001,late,28,1r1qkbn1/Np3pp1/n3b3/p2pp1r1/1Pp3Pp/PQPP1B1P/4PP2/1RB1K1NR w K - 1 15,white,original,32,30,b3a4,b4b5,-899.0,217.0,1116.0,0,0,13,11,0.0014328649267554283,0.005025158151703801,0.21913236929922134,0.13563218390804596,960,79.06987849995494,168.5625657000346,958.0,1
opening_001_offset_20,opening_001,late,28,1r1qkbn1/Np3pp1/n3b3/p2pp1r1/1Pp3Pp/PQPP1B1P/4PP2/1RB1K1NR w K - 1 15,white,original,64,30,b3a4,b4b5,-899.0,217.0,1116.0,0,0,13,20,0.0032936539500951767,0.005360125645511084,-0.005561735261401557,0.020689655172413793,1920,168.2020147999283,168.5625657000346,958.0,1
opening_001_offset_24,opening_001,late,32,1r1qkb2/Np3pp1/n3bn2/p2ppr2/1Pp3Pp/PQPP3P/1R2PPB1/2B1K1NR w K - 5 17,white,original,1,37,b3a4,h1h2,-985.0,269.0,1254.0,0,0,34,28,0.0,0.0,,,37,3.726076600025408,160.00122030009516,1221.0,1
opening_001_offset_24,opening_001,late,32,1r1qkb2/Np3pp1/n3bn2/p2ppr2/1Pp3Pp/PQPP3P/1R2PPB1/2B1K1NR w K - 5 17,white,original,2,37,b3a4,g4f5,-512.0,269.0,781.0,0,0,7,24,5.701184272766113e-05,0.000692164551348735,-0.17060139021223106,-0.12781428105237633,74,7.140499599976465,160.00122030009516,912.0,1
opening_001_offset_24,opening_001,late,32,1r1qkb2/Np3pp1/n3bn2/p2ppr2/1Pp3Pp/PQPP3P/1R2PPB1/2B1K1NR w K - 5 17,white,original,4,37,b3a4,b4a5,-956.0,269.0,1225.0,0,0,31,27,0.00047110604646150023,0.0019222045235149274,-0.2033556738427273,-0.14759103095226858,148,11.759923600009643,160.00122030009516,1273.0,1
opening_001_offset_24,opening_001,late,32,1r1qkb2/Np3pp1/n3bn2/p2ppr2/1Pp3Pp/PQPP3P/1R2PPB1/2B1K1NR w K - 5 17,white,original,8,37,b3a4,b4b5,-790.0,269.0,1059.0,0,0,9,19,0.0005562803708016872,0.0024907120120689014,-0.1847394401440053,-0.12951865981525612,296,22.748236400075257,160.00122030009516,1002.0,1
opening_001_offset_24,opening_001,late,32,1r1qkb2/Np3pp1/n3bn2/p2ppr2/1Pp3Pp/PQPP3P/1R2PPB1/2B1K1NR w K - 5 17,white,original,16,37,b3a4,b4b5,-790.0,269.0,1059.0,0,0,9,19,0.0012332224287092686,0.0026932819389720503,-0.1928025222555537,-0.13855484538376237,592,40.96189220005181,160.00122030009516,1048.0,1
opening_001_offset_24,opening_001,late,32,1r1qkb2/Np3pp1/n3bn2/p2ppr2/1Pp3Pp/PQPP3P/1R2PPB1/2B1K1NR w K - 5 17,white,original,32,37,b3a4,b4b5,-790.0,269.0,1059.0,0,0,9,20,0.0014329042751342058,0.002795740284057006,-0.24307821071579647,-0.16867546394544983,1184,85.26994180004112,160.00122030009516,1045.0,1
opening_001_offset_24,opening_001,late,32,1r1qkb2/Np3pp1/n3bn2/p2ppr2/1Pp3Pp/PQPP3P/1R2PPB1/2B1K1NR w K - 5 17,white,original,64,37,b3a4,b4b5,-790.0,269.0,1059.0,0,0,9,34,0.0033473260700702667,0.009329100546686842,-0.42485328243643844,-0.3102423711853809,2368,159.2185428000521,160.00122030009516,1013.0,1
opening_002_offset_00,opening_002,early,8,rnb1kbnr/pppp1p1p/5qp1/4p3/7P/1P3PP1/P1PPP3/RNBQKBNR w KQkq - 0 5,white,original,1,22,b1c3,h4h5,-6.0,109.0,115.0,0,0,6,19,0.0,0.0,,,22,3.3283314999425784,145.50069150002673,82.0,1
opening_002_offset_00,opening_002,early,8,rnb1kbnr/pppp1p1p/5qp1/4p3/7P/1P3PP1/P1PPP3/RNBQKBNR w KQkq - 0 5,white,original,2,22,b1c3,e2e4,19.0,109.0,90.0,0,0,4,14,4.1989609599113464e-05,0.0008690432631838816,0.25079709785303717,0.14390200013225213,44,5.897750600008294,145.50069150002673,0.0,1
opening_002_offset_00,opening_002,early,8,rnb1kbnr/pppp1p1p/5qp1/4p3/7P/1P3PP1/P1PPP3/RNBQKBNR w KQkq - 0 5,white,original,4,22,b1c3,c2c4,21.0,109.0,88.0,0,0,3,10,0.0007312977686524391,0.0018897053339703605,0.1570177978456347,0.08676810001882658,88,12.068470999947749,145.50069150002673,10.0,1
opening_002_offset_00,opening_002,early,8,rnb1kbnr/pppp1p1p/5qp1/4p3/7P/1P3PP1/P1PPP3/RNBQKBNR w KQkq - 0 5,white,original,8,22,b1c3,c2c4,21.0,109.0,88.0,0,0,3,11,0.0012843096628785133,0.0025309808859401784,0.0717311522532216,0.026030430005647975,176,19.934198300004937,145.50069150002673,3.0,1
opening_002_offset_00,opening_002,early,8,rnb1kbnr/pppp1p1p/5qp1/4p3/7P/1P3PP1/P1PPP3/RNBQKBNR w KQkq - 0 5,white,original,16,22,b1c3,c2c4,21.0,109.0,88.0,0,0,3,11,0.001354600302875042,0.0027980883907601753,0.06551821780609218,0.017353620003765315,352,39.27666919992771,145.50069150002673,2.0,1
opening_002_offset_00,opening_002,early,8,rnb1kbnr/pppp1p1p/5qp1/4p3/7P/1P3PP1/P1PPP3/RNBQKBNR w KQkq - 0 5,white,original,32,22,b1c3,c2c4,21.0,109.0,88.0,0,0,3,10,0.0012602373026311398,0.0028600872803367225,0.07003671558582267,0.026030430005647975,704,79.72980740002822,145.50069150002673,1.0,1
opening_002_offset_00,opening_002,early,8,rnb1kbnr/pppp1p1p/5qp1/4p3/7P/1P3PP1/P1PPP3/RNBQKBNR w KQkq - 0 5,white,original,64,22,b1c3,c2c4,21.0,109.0,88.0,0,0,3,9,0.0007843822240829468,0.002848391306353054,0.22705451343145738,0.15618258003388785,1408,144.98741739999969,145.50069150002673,1.0,1
opening_002_offset_04,opening_002,early,12,rnb1kbnr/1ppp1p1p/4q1p1/p3p3/7P/1P2PPP1/PBPP4/RN1QKBNR w KQkq - 2 7,white,original,1,33,b1c3,h4h5,67.0,148.0,81.0,0,0,6,30,0.0,0.0,,,33,2.1204279999947175,110.64105390000623,0.0,1
opening_002_offset_04,opening_002,early,12,rnb1kbnr/1ppp1p1p/4q1p1/p3p3/7P/1P2PPP1/PBPP4/RN1QKBNR w KQkq - 2 7,white,original,2,33,b1c3,b2e5,-666.0,148.0,814.0,0,0,31,26,8.00788402557373e-05,0.0007625873499840602,-0.3782718420973687,-0.27515960425229496,66,4.153025700012222,110.64105390000623,805.0,1
opening_002_offset_04,opening_002,early,12,rnb1kbnr/1ppp1p1p/4q1p1/p3p3/7P/1P2PPP1/PBPP4/RN1QKBNR w KQkq - 2 7,white,original,4,33,b1c3,b2e5,-666.0,148.0,814.0,0,0,31,18,0.00039848778396844864,0.0018769748771652152,-0.2704781160867046,-0.20532467814642585,132,8.681117599946447,110.64105390000623,805.0,1
opening_002_offset_04,opening_002,early,12,rnb1kbnr/1ppp1p1p/4q1p1/p3p3/7P/1P2PPP1/PBPP4/RN1QKBNR w KQkq - 2 7,white,original,8,33,b1c3,b2e5,-666.0,148.0,814.0,0,0,31,20,0.000201481394469738,0.0027346279219745977,-0.3092611339681109,-0.23574314898293344,264,15.807362899999134,110.64105390000623,805.0,1
opening_002_offset_04,opening_002,early,12,rnb1kbnr/1ppp1p1p/4q1p1/p3p3/7P/1P2PPP1/PBPP4/RN1QKBNR w KQkq - 2 7,white,original,16,33,b1c3,b2e5,-666.0,148.0,814.0,0,0,31,20,0.00018226820975542068,0.0031361382581469592,-0.3122701612175303,-0.23194084012836996,528,34.30097049998585,110.64105390000623,804.0,1
opening_002_offset_04,opening_002,early,12,rnb1kbnr/1ppp1p1p/4q1p1/p3p3/7P/1P2PPP1/PBPP4/RN1QKBNR w KQkq - 2 7,white,original,32,33,b1c3,d1c1,7.0,148.0,141.0,0,0,20,19,0.001224222593009472,0.0035744002861527874,-0.2599465207137365,-0.19391775158273555,1056,59.3165827000048,110.64105390000623,108.0,1
opening_002_offset_04,opening_002,early,12,rnb1kbnr/1ppp1p1p/4q1p1/p3p3/7P/1P2PPP1/PBPP4/RN1QKBNR w KQkq - 2 7,white,original,64,33,b1c3,d1c1,7.0,148.0,141.0,0,0,20,17,0.0012365244328975677,0.01625148131765555,-0.205115357502093,-0.14829004532797424,2112,110.2486470999429,110.64105390000623,121.0,1
opening_002_offset_08,opening_002,early,16,1nb1kbnr/rppp1p1p/6p1/p2qp3/7P/1P2PPP1/PBPP4/RN1QKBNR w Qk - 6 9,white,original,1,33,b1c3,h4h5,198.0,326.0,128.0,0,0,6,30,0.0,0.0,,,33,1.4560054999310523,94.91409370000474,0.0,1
opening_002_offset_08,opening_002,early,16,1nb1kbnr/rppp1p1p/6p1/p2qp3/7P/1P2PPP1/PBPP4/RN1QKBNR w Qk - 6 9,white,original,2,33,b1c3,b2e5,-90.0,326.0,416.0,0,0,28,26,8.007744327187538e-05,0.000762587803453335,-0.222071295483249,-0.17222219834496158,66,2.9355280000017956,94.91409370000474,941.0,1
opening_002_offset_08,opening_002,early,16,1nb1kbnr/rppp1p1p/6p1/p2qp3/7P/1P2PPP1/PBPP4/RN1QKBNR w Qk - 6 9,white,original,4,33,b1c3,b2e5,-90.0,326.0,416.0,0,0,28,18,0.0003984682261943817,0.001876881665723773,-0.12186560360148802,-0.08365079480039572,132,5.868024199968204,94.91409370000474,941.0,1
opening_002_offset_08,opening_002,early,16,1nb1kbnr/rppp1p1p/6p1/p2qp3/7P/1P2PPP1/PBPP4/RN1QKBNR w Qk - 6 9,white,original,8,33,b1c3,b2e5,-90.0,326.0,416.0,0,0,28,20,0.00020134728401899338,0.0027341634758507767,-0.17619526227156157,-0.11026695678233982,264,11.037370499921963,94.91409370000474,941.0,1
opening_002_offset_08,opening_002,early,16,1nb1kbnr/rppp1p1p/6p1/p2qp3/7P/1P2PPP1/PBPP4/RN1QKBNR w Qk - 6 9,white,original,16,33,b1c3,b2e5,-90.0,326.0,416.0,0,0,28,20,0.00018215272575616837,0.003135668016228839,-0.1845536712977267,-0.12167388334603016,528,23.478608299978077,94.91409370000474,941.0,1
opening_002_offset_08,opening_002,early,16,1nb1kbnr/rppp1p1p/6p1/p2qp3/7P/1P2PPP1/PBPP4/RN1QKBNR w Qk - 6 9,white,original,32,33,b1c3,d1c1,126.0,326.0,200.0,0,0,16,19,0.0012242449447512627,0.0035739374953674048,-0.13055834898869978,-0.07604617709126885,1056,45.83570699999109,94.91409370000474,150.0,1
opening_002_offset_08,opening_002,early,16,1nb1kbnr/rppp1p1p/6p1/p2qp3/7P/1P2PPP1/PBPP4/RN1QKBNR w Qk - 6 9,white,original,64,33,b1c3,d1c1,126.0,326.0,200.0,0,0,16,17,0.0012333989143371582,0.016212970994770898,-0.09160816292677014,-0.05323232396388819,2112,94.7029663999565,94.91409370000474,128.0,1
opening_002_offset_12,opening_002,middle,20,2b1kbnr/rppp1p1p/2n3p1/p2q4/4p2P/NP2PPPB/PBPP4/R2QK1NR w Qk - 2 11,white,original,1,35,c2c4,h4h5,343.0,572.0,229.0,0,0,6,21,0.0,0.0,,,35,1.6339630000293255,107.8161342999665,296.0,1
opening_002_offset_12,opening_002,middle,20,2b1kbnr/rppp1p1p/2n3p1/p2q4/4p2P/NP2PPPB/PBPP4/R2QK1NR w Qk - 2 11,white,original,2,35,c2c4,b2h8,405.0,572.0,167.0,0,0,2,25,8.008116856217384e-05,0.0009268537615948417,-0.28484066825045573,-0.19372392090022736,70,3.2921270000515506,107.8161342999665,306.0,1
opening_002_offset_12,opening_002,middle,20,2b1kbnr/rppp1p1p/2n3p1/p2q4/4p2P/NP2PPPB/PBPP4/R2QK1NR w Qk - 2 11,white,original,4,35,c2c4,b2h8,405.0,572.0,167.0,0,0,2,9,0.000933011993765831,0.0022400502621669413,-0.09637879319029563,-0.050547760429991845,140,6.435323499958031,107.8161342999665,288.0,1
opening_002_offset_12,opening_002,middle,20,2b1kbnr/rppp1p1p/2n3p1/p2q4/4p2P/NP2PPPB/PBPP4/R2QK1NR w Qk - 2 11,white,original,8,35,c2c4,b2h8,405.0,572.0,167.0,0,0,2,10,0.0014550760388374329,0.0033273408655937653,-0.05463332753519666,-0.01347940278133116,280,13.579589399974793,107.8161342999665,288.0,1
opening_002_offset_12,opening_002,middle,20,2b1kbnr/rppp1p1p/2n3p1/p2q4/4p2P/NP2PPPB/PBPP4/R2QK1NR w Qk - 2 11,white,original,16,35,c2c4,b2h8,405.0,572.0,167.0,0,0,2,11,0.0016842512413859367,0.0038350881994311066,-0.06037683119915322,-0.023588954867329526,560,28.81126840005163,107.8161342999665,288.0,1
opening_002_offset_12,opening_002,middle,20,2b1kbnr/rppp1p1p/2n3p1/p2q4/4p2P/NP2PPPB/PBPP4/R2QK1NR w Qk - 2 11,white,original,32,35,c2c4,d1c1,89.0,572.0,483.0,0,0,23,14,0.0008133021183311939,0.004359244654305282,-0.03796315836420075,-0.010109552085998369,1120,57.17696509999223,107.8161342999665,516.0,1
opening_002_offset_12,opening_002,middle,20,2b1kbnr/rppp1p1p/2n3p1/p2q4/4p2P/NP2PPPB/PBPP4/R2QK1NR w Qk - 2 11,white,original,64,35,c2c4,d1c1,89.0,572.0,483.0,0,0,23,15,0.0009305793792009354,0.01914031424196137,0.031239056513715013,0.030328656257995107,2240,107.59480660001282,107.8161342999665,484.0,1
opening_002_offset_16,opening_002,middle,24,2b1kbnr/rppp1pBp/6p1/p1q5/3np2P/NP2PPPB/P1PP4/R2QK1NR w Qk - 6 13,white,original,1,33,g7d4,h4h5,-742.0,978.0,1720.0,0,0,20,14,0.0,0.0,,,33,1.5312834000214934,96.40269100002479,1598.0,1
opening_002_offset_16,opening_002,middle,24,2b1kbnr/rppp1pBp/6p1/p1q5/3np2P/NP2PPPB/P1PP4/R2QK1NR w Qk - 6 13,white,original,2,33,g7d4,e3d4,792.0,978.0,186.0,0,0,2,7,7.082289084792137e-05,0.0009379080888895587,0.5628322848812726,0.40743301119120645,66,3.0640712999738753,96.40269100002479,25.0,1
opening_002_offset_16,opening_002,middle,24,2b1kbnr/rppp1pBp/6p1/p1q5/3np2P/NP2PPPB/P1PP4/R2QK1NR w Qk - 6 13,white,original,4,33,g7d4,g7h8,653.0,978.0,325.0,0,0,3,6,0.00034234579652547836,0.0020705327545218425,0.6732408584761519,0.4895644487339986,132,6.629420200013556,96.40269100002479,175.0,1
opening_002_offset_16,opening_002,middle,24,2b1kbnr/rppp1pBp/6p1/p1q5/3np2P/NP2PPPB/P1PP4/R2QK1NR w Qk - 6 13,white,original,8,33,g7d4,g7h8,653.0,978.0,325.0,0,0,3,9,0.0003152722492814064,0.0028579521891412703,0.6297843978992403,0.4402284965359988,264,12.133237899979576,96.40269100002479,175.0,1
opening_002_offset_16,opening_002,middle,24,2b1kbnr/rppp1pBp/6p1/p1q5/3np2P/NP2PPPB/P1PP4/R2QK1NR w Qk - 6 13,white,original,16,33,g7d4,a3b5,-372.0,978.0,1350.0,0,0,9,11,0.00020430050790309906,0.003241702532512956,0.5956877903696637,0.42125313030599887,528,24.182351500028744,96.40269100002479,1049.0,1
opening_002_offset_16,opening_002,middle,24,2b1kbnr/rppp1pBp/6p1/p1q5/3np2P/NP2PPPB/P1PP4/R2QK1NR w Qk - 6 13,white,original,32,33,g7d4,d1c1,-402.0,978.0,1380.0,0,0,10,12,0.0009417347609996796,0.003987533592911593,0.5482199642010372,0.375712251353999,1056,47.3082886999473,96.40269100002479,1297.0,1
opening_002_offset_16,opening_002,middle,24,2b1kbnr/rppp1pBp/6p1/p1q5/3np2P/NP2PPPB/P1PP4/R2QK1NR w Qk - 6 13,white,original,64,33,g7d4,d1c1,-402.0,978.0,1380.0,0,0,10,13,0.0009314417839050293,0.019823613312674158,0.49005516312117114,0.3377615188939991,2112,96.13577209995128,96.40269100002479,1297.0,1
opening_002_offset_20,opening_002,late,28,2b1kbnr/rppp3p/5pp1/p2qB2P/3np3/NP2PPPB/P1PP4/R2QK1NR w Qk - 0 15,white,original,1,33,e5d4,h5h6,-597.0,725.0,1322.0,0,0,31,17,0.0,0.0,,,33,1.4668137000408024,103.90402390004601,1262.0,1
opening_002_offset_20,opening_002,late,28,2b1kbnr/rppp3p/5pp1/p2qB2P/3np3/NP2PPPB/P1PP4/R2QK1NR w Qk - 0 15,white,original,2,33,e5d4,e5f6,-504.0,725.0,1229.0,0,1,26,2,0.0,0.0014237558036659902,0.2722619458442065,0.1994312354308991,66,3.2711826999438927,103.90402390004601,966.0,1
opening_002_offset_20,opening_002,late,28,2b1kbnr/rppp3p/5pp1/p2qB2P/3np3/NP2PPPB/P1PP4/R2QK1NR w Qk - 0 15,white,original,4,33,e5d4,e5c7,67.0,725.0,658.0,0,1,5,3,5.881115794181824e-05,0.003865288647812664,0.3931138279880609,0.2618600539739993,132,6.538386599975638,103.90402390004601,543.0,1
opening_002_offset_20,opening_002,late,28,2b1kbnr/rppp3p/5pp1/p2qB2P/3np3/NP2PPPB/P1PP4/R2QK1NR w Qk - 0 15,white,original,8,33,e5d4,e5c7,67.0,725.0,658.0,0,1,5,3,7.207877933979034e-05,0.004608188671127484,0.3103794126589409,0.21252410177599942,264,12.946403400041163,103.90402390004601,547.0,1
opening_002_offset_20,opening_002,late,28,2b1kbnr/rppp3p/5pp1/p2qB2P/3np3/NP2PPPB/P1PP4/R2QK1NR w Qk - 0 15,white,original,16,33,e5d4,e5c7,67.0,725.0,658.0,0,1,5,3,7.274188101291656e-05,0.004875356169577161,0.23483202734831018,0.16698322282399955,528,25.214254699996673,103.90402390004601,547.0,1
opening_002_offset_20,opening_002,late,28,2b1kbnr/rppp3p/5pp1/p2qB2P/3np3/NP2PPPB/P1PP4/R2QK1NR w Qk - 0 15,white,original,32,33,e5d4,e5c7,67.0,725.0,658.0,0,1,5,3,7.225573062896729e-05,0.0052458765501047265,0.17299014114270536,0.11764727062599968,1056,53.719326699967496,103.90402390004601,547.0,1
opening_002_offset_20,opening_002,late,28,2b1kbnr/rppp3p/5pp1/p2qB2P/3np3/NP2PPPB/P1PP4/R2QK1NR w Qk - 0 15,white,original,64,33,e5d4,d1c1,-580.0,725.0,1305.0,0,0,30,8,0.000928778201341629,0.018361304698133518,0.10429550538458758,0.10246697764199972,2112,103.64965859998483,103.90402390004601,1383.0,1
opening_002_offset_24,opening_002,late,32,2b1k1nr/r1pp3p/3B1ppb/pp1q3P/3npP2/NP2P1PB/P1PP4/R2QK1NR w Qk - 0 17,white,original,1,35,e3d4,h5g6,-3.0,68.0,71.0,0,0,2,13,0.0,0.0,,,35,1.3387939999811351,95.03161850001197,201.0,1
opening_002_offset_24,opening_002,late,32,2b1k1nr/r1pp3p/3B1ppb/pp1q3P/3npP2/NP2P1PB/P1PP4/R2QK1NR w Qk - 0 17,white,original,2,35,e3d4,d6e7,-169.0,68.0,237.0,0,1,10,3,0.003938383888453245,0.0008015649187335709,0.12615686409526866,0.0753958044725274,70,2.9053293999750167,95.03161850001197,360.0,1
opening_002_offset_24,opening_002,late,32,2b1k1nr/r1pp3p/3B1ppb/pp1q3P/3npP2/NP2P1PB/P1PP4/R2QK1NR w Qk - 0 17,white,original,4,35,e3d4,d6e7,-169.0,68.0,237.0,0,0,10,4,0.004818428307771683,0.0014255650776809979,0.31624649859943976,0.22352941176470587,140,5.945225700037554,95.03161850001197,366.0,1
opening_002_offset_24,opening_002,late,32,2b1k1nr/r1pp3p/3B1ppb/pp1q3P/3npP2/NP2P1PB/P1PP4/R2QK1NR w Qk - 0 17,white,original,8,35,e3d4,d6e7,-169.0,68.0,237.0,0,0,10,9,0.002776508219540119,0.0016449658044622873,0.35714285714285715,0.253781512605042,280,13.185439000022598,95.03161850001197,366.0,1
opening_002_offset_24,opening_002,late,32,2b1k1nr/r1pp3p/3B1ppb/pp1q3P/3npP2/NP2P1PB/P1PP4/R2QK1NR w Qk - 0 17,white,original,16,35,e3d4,d6e7,-169.0,68.0,237.0,0,0,10,10,0.0020682839676737785,0.0018415653828033716,0.29523809523809524,0.20336134453781513,560,24.642550399992615,95.03161850001197,366.0,1
opening_002_offset_24,opening_002,late,32,2b1k1nr/r1pp3p/3B1ppb/pp1q3P/3npP2/NP2P1PB/P1PP4/R2QK1NR w Qk - 0 17,white,original,32,35,e3d4,d1c1,-90.0,68.0,158.0,0,0,4,12,0.0008969325572252274,0.0030169948115681467,0.22324929971988797,0.173109243697479,1120,47.766924700001255,95.03161850001197,182.0,1
opening_002_offset_24,opening_002,late,32,2b1k1nr/r1pp3p/3B1ppb/pp1q3P/3npP2/NP2P1PB/P1PP4/R2QK1NR w Qk - 0 17,white,original,64,35,e3d4,d1c1,-90.0,68.0,158.0,0,0,4,20,0.00194064574316144,0.01902346793614047,-0.04761904761904762,-0.04201680672268907,2240,94.83619970001746,95.03161850001197,211.0,1
opening_003_offset_00,opening_003,early,8,rnbqk1nr/1ppp1ppp/1b2p3/p7/P7/2P2P1P/1P1PP1P1/RNBQKBNR w KQkq - 1 5,white,original,1,17,e2e3,h3h4,-84.0,-50.0,34.0,0,0,3,7,0.0,0.0,,,17,0.9889633000129834,59.87391269998625,0.0,1
opening_003_offset_00,opening_003,early,8,rnbqk1nr/1ppp1ppp/1b2p3/p7/P7/2P2P1P/1P1PP1P1/RNBQKBNR w KQkq - 1 5,white,original,2,17,e2e3,g2g3,-76.0,-50.0,26.0,0,0,2,14,0.0005252677947282791,0.0010561784222796592,-0.042971220813462566,-0.05204784652772268,34,1.920060099917464,59.87391269998625,229.0,1
opening_003_offset_00,opening_003,early,8,rnbqk1nr/1ppp1ppp/1b2p3/p7/P7/2P2P1P/1P1PP1P1/RNBQKBNR w KQkq - 1 5,white,original,4,17,e2e3,g2g3,-76.0,-50.0,26.0,0,0,2,15,0.0011465484276413918,0.002411123862285531,-0.21813725490196081,-0.16176470588235295,68,3.8137775999493897,59.87391269998625,215.0,1
opening_003_offset_00,opening_003,early,8,rnbqk1nr/1ppp1ppp/1b2p3/p7/P7/2P2P1P/1P1PP1P1/RNBQKBNR w KQkq - 1 5,white,original,8,17,e2e3,g2g3,-76.0,-50.0,26.0,0,0,2,15,0.0004814164713025093,0.0033258534221862657,-0.2034313725490196,-0.1764705882352941,136,7.259596399962902,59.87391269998625,215.0,1
opening_003_offset_00,opening_003,early,8,rnbqk1nr/1ppp1ppp/1b2p3/p7/P7/2P2P1P/1P1PP1P1/RNBQKBNR w KQkq - 1 5,white,original,16,17,e2e3,b2b3,-168.0,-50.0,118.0,0,0,11,15,6.207358092069626e-05,0.0037345264482011573,-0.23529411764705882,-0.16176470588235295,272,14.537161699961871,59.87391269998625,99907.0,1
opening_003_offset_00,opening_003,early,8,rnbqk1nr/1ppp1ppp/1b2p3/p7/P7/2P2P1P/1P1PP1P1/RNBQKBNR w KQkq - 1 5,white,original,32,17,e2e3,d1b3,-126.0,-50.0,76.0,0,0,9,15,0.00036874040961265564,0.004326800147803408,-0.22058823529411767,-0.16176470588235295,544,30.182027700007893,59.87391269998625,559.0,1
opening_003_offset_00,opening_003,early,8,rnbqk1nr/1ppp1ppp/1b2p3/p7/P7/2P2P1P/1P1PP1P1/RNBQKBNR w KQkq - 1 5,white,original,64,17,e2e3,d1b3,-126.0,-50.0,76.0,0,0,9,13,0.016841039061546326,0.01355693662564155,-0.14460784313725492,-0.1176470588235294,1088,59.78723589994479,59.87391269998625,720.0,1
opening_003_offset_04,opening_003,early,12,rnbq2nr/1pppk1pp/1b2pp2/pQ6/P7/2P2P1P/1P1PP1P1/RNB1KBNR w KQ - 2 7,white,original,1,31,d2d4,h3h4,23.0,46.0,23.0,0,0,5,9,0.0,0.0,,,31,1.32877450005617,86.04762239998672,48.0,1
opening_003_offset_04,opening_003,early,12,rnbq2nr/1pppk1pp/1b2pp2/pQ6/P7/2P2P1P/1P1PP1P1/RNB1KBNR w KQ - 2 7,white,original,2,31,d2d4,g2g3,-8.0,46.0,54.0,0,0,8,9,0.0005252687260508537,0.0008067002925981712,-0.13126289331684535,-0.09614707722631649,62,2.5244076000526547,86.04762239998672,116.0,1
opening_003_offset_04,opening_003,early,12,rnbq2nr/1pppk1pp/1b2pp2/pQ6/P7/2P2P1P/1P1PP1P1/RNB1KBNR w KQ - 2 7,white,original,4,31,d2d4,g2g3,-8.0,46.0,54.0,0,0,8,12,0.0011465512216091156,0.0018844033205916056,-0.03770921633436155,-0.015086241932640299,124,5.005522200022824,86.04762239998672,75.0,1
opening_003_offset_04,opening_003,early,12,rnbq2nr/1pppk1pp/1b2pp2/pQ6/P7/2P2P1P/1P1PP1P1/RNB1KBNR w KQ - 2 7,white,original,8,31,d2d4,g2g3,-8.0,46.0,54.0,0,0,8,17,0.0004813065752387047,0.0025616783684766064,-0.08308126807356661,-0.028017306446331984,248,10.07033080002293,86.04762239998672,73.0,1
opening_003_offset_04,opening_003,early,12,rnbq2nr/1pppk1pp/1b2pp2/pQ6/P7/2P2P1P/1P1PP1P1/RNB1KBNR w KQ - 2 7,white,original,16,31,d2d4,b2b3,-35.0,46.0,81.0,0,0,13,19,6.212852895259857e-05,0.0028445125397409017,-0.10969953842723358,-0.058189790311612574,496,21.352748900069855,86.04762239998672,75.0,1
opening_003_offset_04,opening_003,early,12,rnbq2nr/1pppk1pp/1b2pp2/pQ6/P7/2P2P1P/1P1PP1P1/RNB1KBNR w KQ - 2 7,white,original,32,31,d2d4,b2b3,-35.0,46.0,81.0,0,0,13,19,0.0001455545425415039,0.002892736764920633,-0.07299858990929882,-0.028017306446331984,992,44.9300064999843,86.04762239998672,75.0,1
opening_003_offset_04,opening_003,early,12,rnbq2nr/1pppk1pp/1b2pp2/pQ6/P7/2P2P1P/1P1PP1P1/RNB1KBNR w KQ - 2 7,white,original,64,31,d2d4,b2b3,-35.0,46.0,81.0,0,0,13,14,0.0039028674364089966,0.00890929973975366,0.21012301294334082,0.1702590160969405,1984,85.86267410009168,86.04762239998672,58.0,1
opening_003_offset_08,opening_003,early,16,r1bq2nr/1pppk1pp/nb2p3/pQ3p2/P2P4/2P2P1P/1P1NP1P1/R1B1KBNR w KQ - 2 9,white,original,1,33,e2e4,h3h4,139.0,168.0,29.0,0,0,4,6,0.0,0.0,,,33,1.4456157000968233,82.52176779997535,131.0,1
opening_003_offset_08,opening_003,early,16,r1bq2nr/1pppk1pp/nb2p3/pQ3p2/P2P4/2P2P1P/1P1NP1P1/R1B1KBNR w KQ - 2 9,white,original,2,33,e2e4,g2g3,80.0,168.0,88.0,0,0,10,11,0.0005252684422885068,0.0007998608595540716,-0.12485393857463636,-0.10283026605791643,66,2.818364900071174,82.52176779997535,203.0,1
opening_003_offset_08,opening_003,early,16,r1bq2nr/1pppk1pp/nb2p3/pQ3p2/P2P4/2P2P1P/1P1NP1P1/R1B1KBNR w KQ - 2 9,white,original,4,33,e2e4,g2g3,80.0,168.0,88.0,0,0,10,15,0.0011465490970294923,0.0019070760506394503,-0.06920762673664752,-0.05508094528882502,132,5.7759980000555515,82.52176779997535,209.0,1
opening_003_offset_08,opening_003,early,16,r1bq2nr/1pppk1pp/nb2p3/pQ3p2/P2P4/2P2P1P/1P1NP1P1/R1B1KBNR w KQ - 2 9,white,original,8,33,e2e4,g2g3,80.0,168.0,88.0,0,0,10,14,0.00048512336798012257,0.0025652103491722706,-0.008692745387211766,-0.013295400586957763,264,11.81671180005651,82.52176779997535,175.0,1
opening_003_offset_08,opening_003,early,16,r1bq2nr/1pppk1pp/nb2p3/pQ3p2/P2P4/2P2P1P/1P1NP1P1/R1B1KBNR w KQ - 2 9,white,original,16,33,e2e4,b2b3,55.0,168.0,113.0,0,0,15,14,6.097182631492615e-05,0.0028332334385884656,-0.001671681805233032,-0.017094086468945693,528,23.43245309998747,82.52176779997535,157.0,1
opening_003_offset_08,opening_003,early,16,r1bq2nr/1pppk1pp/nb2p3/pQ3p2/P2P4/2P2P1P/1P1NP1P1/R1B1KBNR w KQ - 2 9,white,original,32,33,e2e4,b2b3,55.0,168.0,113.0,0,0,15,17,8.29128548502922e-05,0.002872435826661705,0.01471079988605068,0.001899342940993966,1056,44.377381000085734,82.52176779997535,166.0,1
opening_003_offset_08,opening_003,early,16,r1bq2nr/1pppk1pp/nb2p3/pQ3p2/P2P4/2P2P1P/1P1NP1P1/R1B1KBNR w KQ - 2 9,white,original,64,33,e2e4,g2g3,80.0,168.0,88.0,0,0,10,16,0.0005944184958934784,0.002939056912086823,0.09160816292677014,0.05128225940683708,2112,82.34397929999977,82.52176779997535,176.0,1
opening_003_offset_12,opening_003,middle,20,rnbq2nr/1pppk1p1/1b2p3/pQ3p1p/P2P4/1NP2PPP/1P2P3/R1B1KBNR w KQ - 2 11,white,original,1,35,e2e4,h3h4,95.0,199.0,104.0,0,0,7,6,0.0,0.0,,,35,1.2546844999305904,88.30360460001975,29.0,1
opening_003_offset_12,opening_003,middle,20,rnbq2nr/1pppk1p1/1b2p3/pQ3p1p/P2P4/1NP2PPP/1P2P3/R1B1KBNR w KQ - 2 11,white,original,2,35,e2e4,b5f5,-998.0,199.0,1197.0,0,0,35,6,7.665017619729042e-06,0.000725132635435107,-0.2054333473803478,-0.13095703701904404,70,2.4909141999669373,88.30360460001975,899.0,1
opening_003_offset_12,opening_003,middle,20,rnbq2nr/1pppk1p1/1b2p3/pQ3p1p/P2P4/1NP2PPP/1P2P3/R1B1KBNR w KQ - 2 11,white,original,4,35,e2e4,b5d7,-895.0,199.0,1094.0,0,0,33,8,0.00015302421525120735,0.0016756527573865954,-0.2180824993092287,-0.15138777431607828,140,5.085756499902345,88.30360460001975,1185.0,1
opening_003_offset_12,opening_003,middle,20,rnbq2nr/1pppk1p1/1b2p3/pQ3p1p/P2P4/1NP2PPP/1P2P3/R1B1KBNR w KQ - 2 11,white,original,8,35,e2e4,b5c4,79.0,199.0,120.0,0,0,11,8,0.0002962453290820122,0.0021971204373121894,-0.14188668709071847,-0.08746849182706747,280,10.20917099993676,88.30360460001975,118.0,1
opening_003_offset_12,opening_003,middle,20,rnbq2nr/1pppk1p1/1b2p3/pQ3p1p/P2P4/1NP2PPP/1P2P3/R1B1KBNR w KQ - 2 11,white,original,16,35,e2e4,b5c4,79.0,199.0,120.0,0,0,11,8,0.0003621883224695921,0.0024027774728705774,-0.1451082012102511,-0.08746849182706747,560,20.030881399987265,88.30360460001975,118.0,1
opening_003_offset_12,opening_003,middle,20,rnbq2nr/1pppk1p1/1b2p3/pQ3p1p/P2P4/1NP2PPP/1P2P3/R1B1KBNR w KQ - 2 11,white,original,32,35,e2e4,b5c4,79.0,199.0,120.0,0,0,11,11,0.0003367578610777855,0.0024514819251349545,-0.15771412602581342,-0.09756101011480602,1120,41.21704319992568,88.30360460001975,107.0,1
opening_003_offset_12,opening_003,middle,20,rnbq2nr/1pppk1p1/1b2p3/pQ3p1p/P2P4/1NP2PPP/1P2P3/R1B1KBNR w KQ - 2 11,white,original,64,35,e2e4,a1b1,34.0,199.0,165.0,0,0,17,11,0.00022841617465019226,0.0025995401568694705,-0.064290216559368,-0.03027755486321566,2240,88.10892109991983,88.30360460001975,179.0,1
opening_003_offset_16,opening_003,middle,24,rnbq4/1pppk1pr/1b2pn2/pQ3p1p/P2P4/1NP1PPPP/1P2K3/R1B2BNR w - - 3 13,white,original,1,32,e3e4,h3h4,62.0,65.0,3.0,0,0,2,6,0.0,0.0,,,32,1.2610403000144288,76.92882530007046,0.0,1
opening_003_offset_16,opening_003,middle,24,rnbq4/1pppk1pr/1b2pn2/pQ3p1p/P2P4/1NP1PPPP/1P2K3/R1B2BNR w - - 3 13,white,original,2,32,e3e4,b5f5,-985.0,65.0,1050.0,0,0,28,6,7.665017619729042e-06,0.0007580590836795708,-0.2880374690444498,-0.19737769789067425,64,2.4179712999612093,76.92882530007046,1031.0,1
opening_003_offset_16,opening_003,middle,24,rnbq4/1pppk1pr/1b2pn2/pQ3p1p/P2P4/1NP1PPPP/1P2K3/R1B2BNR w - - 3 13,white,original,4,32,e3e4,b5d7,-1010.0,65.0,1075.0,0,0,32,8,0.00015302072279155254,0.0017522916899911647,-0.29034919011138693,-0.19979828537479918,128,4.688153399969451,76.92882530007046,1115.0,1
opening_003_offset_16,opening_003,middle,24,rnbq4/1pppk1pr/1b2pn2/pQ3p1p/P2P4/1NP1PPPP/1P2K3/R1B2BNR w - - 3 13,white,original,8,32,e3e4,b5c4,-20.0,65.0,85.0,0,0,13,8,0.0002961766440421343,0.0022976302256292325,-0.2263770516335624,-0.1432896794102095,256,9.541040600044653,76.92882530007046,92.0,1
opening_003_offset_16,opening_003,middle,24,rnbq4/1pppk1pr/1b2pn2/pQ3p1p/P2P4/1NP1PPPP/1P2K3/R1B2BNR w - - 3 13,white,original,16,32,e3e4,b5c4,-20.0,65.0,85.0,0,0,13,9,0.00036210939288139343,0.0025128487760456403,-0.22564384660802864,-0.1473260084076802,512,19.63779050006997,76.92882530007046,91.0,1
opening_003_offset_16,opening_003,middle,24,rnbq4/1pppk1pr/1b2pn2/pQ3p1p/P2P4/1NP1PPPP/1P2K3/R1B2BNR w - - 3 13,white,original,32,32,e3e4,b5c4,-20.0,65.0,85.0,0,0,13,11,0.0003366866149008274,0.0025637671000186143,-0.20163138202179648,-0.13118069241779742,1024,38.01949770003557,76.92882530007046,91.0,1
opening_003_offset_16,opening_003,middle,24,rnbq4/1pppk1pr/1b2pn2/pQ3p1p/P2P4/1NP1PPPP/1P2K3/R1B2BNR w - - 3 13,white,original,64,32,e3e4,a1b1,-29.0,65.0,94.0,0,0,14,11,0.00022846832871437073,0.002715956099008705,-0.03134451484157018,-0.002018164498735345,2048,76.73016539996024,76.92882530007046,123.0,1
opening_003_offset_20,opening_003,late,28,rnbqn3/1pp1k1pr/Qb1pp3/p4p1p/P2P4/1NP1PPPP/1P1K4/R1B2BNR w - - 0 15,white,original,1,32,a6a8,h3h4,-562.0,480.0,1042.0,0,0,9,27,0.0,0.0,,,32,1.1861386999953538,76.2315223000478,1566.0,1
opening_003_offset_20,opening_003,late,28,rnbqn3/1pp1k1pr/Qb1pp3/p4p1p/P2P4/1NP1PPPP/1P1K4/R1B2BNR w - - 0 15,white,original,2,32,a6a8,a6a7,-630.0,480.0,1110.0,0,1,15,3,0.005004763603210449,0.001347940174631151,0.4483844568276545,0.338501600193165,64,2.355140300001949,76.2315223000478,1622.0,1
opening_003_offset_20,opening_003,late,28,rnbqn3/1pp1k1pr/Qb1pp3/p4p1p/P2P4/1NP1PPPP/1P1K4/R1B2BNR w - - 0 15,white,original,4,32,a6a8,a6a7,-630.0,480.0,1110.0,0,0,15,6,0.006719138007611036,0.0024226090495463003,0.3138117509284687,0.21594360136468194,128,4.702000300050713,76.2315223000478,1604.0,1
opening_003_offset_20,opening_003,late,28,rnbqn3/1pp1k1pr/Qb1pp3/p4p1p/P2P4/1NP1PPPP/1P1K4/R1B2BNR w - - 0 15,white,original,8,32,a6a8,a6a7,-630.0,480.0,1110.0,0,0,15,9,0.006114146439358592,0.002894884271014348,0.28081752477944744,0.18365296938491638,256,9.51184980000835,76.2315223000478,1604.0,1
opening_003_offset_20,opening_003,late,28,rnbqn3/1pp1k1pr/Qb1pp3/p4p1p/P2P4/1NP1PPPP/1P1K4/R1B2BNR w - - 0 15,white,original,16,32,a6a8,a6a7,-630.0,480.0,1110.0,0,0,15,10,0.005447132862173021,0.0031270884505375635,0.20071487573987923,0.1069627184329733,512,19.591970199951902,76.2315223000478,1604.0,1
opening_003_offset_20,opening_003,late,28,rnbqn3/1pp1k1pr/Qb1pp3/p4p1p/P2P4/1NP1PPPP/1P1K4/R1B2BNR w - - 0 15,white,original,32,32,a6a8,a6a7,-630.0,480.0,1110.0,0,0,15,8,0.005261796293780208,0.0032633810625863546,0.15800568300253506,0.08274474444814915,1024,38.20803930005059,76.2315223000478,1604.0,1
opening_003_offset_20,opening_003,late,28,rnbqn3/1pp1k1pr/Qb1pp3/p4p1p/P2P4/1NP1PPPP/1P1K4/R1B2BNR w - - 0 15,white,original,64,32,a6a8,a6a7,-630.0,480.0,1110.0,0,0,15,7,0.005023453384637833,0.004175062249654151,0.2084135285079842,0.10292638943550259,2048,76.03043269994669,76.2315223000478,1604.0,1
opening_003_offset_24,opening_003,late,32,rnbqn3/1p3kpr/Qbppp3/p4p1p/P2P3P/1NP1PPP1/1P1KN3/R1B2B1R w - - 0 17,white,original,1,29,a6a8,h1h3,-919.0,569.0,1488.0,0,0,23,24,0.0,0.0,,,29,1.235014299978502,76.71255600010045,1547.0,1
opening_003_offset_24,opening_003,late,32,rnbqn3/1p3kpr/Qbppp3/p4p1p/P2P3P/1NP1PPP1/1P1KN3/R1B2B1R w - - 0 17,white,original,2,29,a6a8,a6a7,-895.0,569.0,1464.0,0,1,20,3,0.005004767212085426,0.00140021461506288,0.4635506144854342,0.3391784870485285,58,2.706012099981308,76.71255600010045,1509.0,1
opening_003_offset_24,opening_003,late,32,rnbqn3/1p3kpr/Qbppp3/p4p1p/P2P3P/1NP1PPP1/1P1KN3/R1B2B1R w - - 0 17,white,original,4,29,a6a8,a6a7,-895.0,569.0,1464.0,0,0,20,6,0.006719117984175682,0.002480726040122279,0.3620689655172413,0.2561576354679802,116,5.662266700062901,76.71255600010045,1519.0,1
opening_003_offset_24,opening_003,late,32,rnbqn3/1p3kpr/Qbppp3/p4p1p/P2P3P/1NP1PPP1/1P1KN3/R1B2B1R w - - 0 17,white,original,8,29,a6a8,a6a7,-895.0,569.0,1464.0,0,0,20,7,0.006114655872806907,0.002911253336009646,0.3270935960591132,0.2364532019704433,232,10.470672599971294,76.71255600010045,1433.0,1
opening_003_offset_24,opening_003,late,32,rnbqn3/1p3kpr/Qbppp3/p4p1p/P2P3P/1NP1PPP1/1P1KN3/R1B2B1R w - - 0 17,white,original,16,29,a6a8,a6a7,-895.0,569.0,1464.0,0,0,20,8,0.005450403434224427,0.00312616354060995,0.2793103448275862,0.19211822660098518,464,20.41891999996733,76.71255600010045,1513.0,1
opening_003_offset_24,opening_003,late,32,rnbqn3/1p3kpr/Qbppp3/p4p1p/P2P3P/1NP1PPP1/1P1KN3/R1B2B1R w - - 0 17,white,original,32,29,a6a8,a6a7,-895.0,569.0,1464.0,0,0,20,7,0.005266049411147833,0.0032651533525325134,0.23940886699507383,0.17241379310344823,928,39.821441899985075,76.71255600010045,1519.0,1
opening_003_offset_24,opening_003,late,32,rnbqn3/1p3kpr/Qbppp3/p4p1p/P2P3P/1NP1PPP1/1P1KN3/R1B2B1R w - - 0 17,white,original,64,29,a6a8,a6a7,-895.0,569.0,1464.0,0,0,20,7,0.004998091608285904,0.004334642910395328,0.2852216748768472,0.19211822660098518,1856,76.46609919995535,76.71255600010045,1519.0,1
opening_004_offset_00,opening_004,early,8,rnbqkbnr/2ppp1p1/1p3p2/p6p/2P5/4P2P/PP1PKPP1/RNBQ1BNR w kq - 0 5,white,original,1,24,d2d4,h3h4,-34.0,70.0,104.0,0,0,13,12,0.0,0.0,,,24,0.9243149999529123,65.92336050001904,69.0,1
opening_004_offset_00,opening_004,early,8,rnbqkbnr/2ppp1p1/1p3p2/p6p/2P5/4P2P/PP1PKPP1/RNBQ1BNR w kq - 0 5,white,original,2,24,d2d4,g2g3,-10.0,70.0,80.0,0,0,7,6,0.0005252677947282791,0.0003947763713826183,-0.12519553011315757,-0.10135346501755634,48,1.9414121999870986,65.92336050001904,95.0,1
opening_004_offset_00,opening_004,early,8,rnbqkbnr/2ppp1p1/1p3p2/p6p/2P5/4P2P/PP1PKPP1/RNBQ1BNR w kq - 0 5,white,original,4,24,d2d4,g2g3,-10.0,70.0,80.0,0,0,7,6,0.0011430485174059868,0.0010992536099258983,-0.19182254968190293,-0.13090995643232525,96,3.9528999000322074,65.92336050001904,95.0,1
opening_004_offset_00,opening_004,early,8,rnbqkbnr/2ppp1p1/1p3p2/p6p/2P5/4P2P/PP1PKPP1/RNBQ1BNR w kq - 0 5,white,original,8,24,d2d4,g2g3,-10.0,70.0,80.0,0,0,7,8,0.0010761599987745285,0.001558461218883236,-0.13832102221960346,-0.14545550714702807,192,8.235882699955255,65.92336050001904,113.0,1
opening_004_offset_00,opening_004,early,8,rnbqkbnr/2ppp1p1/1p3p2/p6p/2P5/4P2P/PP1PKPP1/RNBQ1BNR w kq - 0 5,white,original,16,24,d2d4,g2g3,-10.0,70.0,80.0,0,0,7,10,0.0009284541010856628,0.0017772698180784845,-0.0765550311655667,-0.09454607964556824,384,16.885668499977328,65.92336050001904,98.0,1
opening_004_offset_00,opening_004,early,8,rnbqkbnr/2ppp1p1/1p3p2/p6p/2P5/4P2P/PP1PKPP1/RNBQ1BNR w kq - 0 5,white,original,32,24,d2d4,d1b3,-38.0,70.0,108.0,0,0,16,10,0.00013425759971141815,0.0031244234374882386,-0.027838193151115163,-0.058182202858811226,768,33.005957299959846,65.92336050001904,87.0,1
opening_004_offset_00,opening_004,early,8,rnbqkbnr/2ppp1p1/1p3p2/p6p/2P5/4P2P/PP1PKPP1/RNBQ1BNR w kq - 0 5,white,original,64,24,d2d4,d1b3,-38.0,70.0,108.0,0,0,16,8,0.0010227933526039124,0.022473333908081372,0.05524141453424415,0.007272775357351403,1536,65.80756749992725,65.92336050001904,105.0,1
opening_004_offset_04,opening_004,early,12,rn1qkbnr/2ppp1p1/bp6/p4p1p/2P5/4P1PP/PP1PKP1R/RNBQ1BN1 w kq - 2 7,white,original,1,24,e2e1,h3h4,-109.0,-2.0,107.0,0,0,13,11,0.0,0.0,,,24,1.0826078000245616,71.02620920003392,119.0,1
opening_004_offset_04,opening_004,early,12,rn1qkbnr/2ppp1p1/bp6/p4p1p/2P5/4P1PP/PP1PKP1R/RNBQ1BN1 w kq - 2 7,white,original,2,24,e2e1,e3e4,-391.0,-2.0,389.0,0,0,22,8,2.017826773226261e-05,0.0002620433231775747,-0.08652046497760964,-0.09278370237815067,48,2.2135004000738263,71.02620920003392,106.0,1
opening_004_offset_04,opening_004,early,12,rn1qkbnr/2ppp1p1/bp6/p4p1p/2P5/4P1PP/PP1PKP1R/RNBQ1BN1 w kq - 2 7,white,original,4,24,e2e1,b2b3,-23.0,-2.0,21.0,0,0,3,15,0.00015922123566269875,0.0008108826181762354,-0.18569254624665393,-0.1633396519441412,96,4.319245300022885,71.02620920003392,0.0,1
opening_004_offset_04,opening_004,early,12,rn1qkbnr/2ppp1p1/bp6/p4p1p/2P5/4P1PP/PP1PKP1R/RNBQ1BN1 w kq - 2 7,white,original,8,24,e2e1,b2b3,-23.0,-2.0,21.0,0,0,3,16,7.726345211267471e-05,0.0012261265040399063,-0.19221570360894852,-0.14882057177132868,192,9.186120699974708,71.02620920003392,0.0,1
opening_004_offset_04,opening_004,early,12,rn1qkbnr/2ppp1p1/bp6/p4p1p/2P5/4P1PP/PP1PKP1R/RNBQ1BN1 w kq - 2 7,white,original,16,24,e2e1,b2b3,-23.0,-2.0,21.0,0,0,3,16,6.19255006313324e-05,0.001480971463215067,-0.16177430258490694,-0.12704195151210984,384,18.601610300014727,71.02620920003392,0.0,1
opening_004_offset_04,opening_004,early,12,rn1qkbnr/2ppp1p1/bp6/p4p1p/2P5/4P1PP/PP1PKP1R/RNBQ1BN1 w kq - 2 7,white,original,32,24,e2e1,d1b3,-122.0,-2.0,120.0,0,0,16,16,7.249065674841404e-05,0.00302862853317226,-0.16786258278971525,-0.1125228713392973,768,35.93996310001239,71.02620920003392,94.0,1
opening_004_offset_04,opening_004,early,12,rn1qkbnr/2ppp1p1/bp6/p4p1p/2P5/4P1PP/PP1PKP1R/RNBQ1BN1 w kq - 2 7,white,original,64,24,e2e1,d1b3,-122.0,-2.0,120.0,0,0,16,9,3.0875205993652344e-05,0.024219271739659466,-0.1356816731357284,-0.05444655064804707,1536,70.89575570006855,71.02620920003392,88.0,1
opening_004_offset_08,opening_004,early,16,r2qkbnr/1bppp1p1/1pn5/p4p1p/2P5/N3P1PP/PP1PKP1R/R1B1QBN1 w kq - 6 9,white,original,1,22,f1g2,h3h4,-160.0,-71.0,89.0,0,0,11,8,0.0,0.0,,,22,1.1439309000270441,68.64601470006164,101.0,1
opening_004_offset_08,opening_004,early,16,r2qkbnr/1bppp1p1/1pn5/p4p1p/2P5/N3P1PP/PP1PKP1R/R1B1QBN1 w kq - 6 9,white,original,2,22,f1g2,e3e4,-678.0,-71.0,607.0,0,0,22,5,2.0185019820928574e-05,0.00021014802354840767,0.061086060791481364,0.017506518288465507,44,2.3125700999516994,68.64601470006164,294.0,1
opening_004_offset_08,opening_004,early,16,r2qkbnr/1bppp1p1/1pn5/p4p1p/2P5/N3P1PP/PP1PKP1R/R1B1QBN1 w kq - 6 9,white,original,4,22,f1g2,b2b3,-120.0,-71.0,49.0,0,0,4,6,0.00015923473984003067,0.0007479829404618882,0.06493506493506496,0.021645021645021644,88,4.785649099969305,68.64601470006164,0.0,1
opening_004_offset_08,opening_004,early,16,r2qkbnr/1bppp1p1/1pn5/p4p1p/2P5/N3P1PP/PP1PKP1R/R1B1QBN1 w kq - 6 9,white,original,8,22,f1g2,b2b3,-120.0,-71.0,49.0,0,0,4,5,7.724575698375702e-05,0.0012642625775459045,0.07284020327498589,0.03896103896103896,176,8.991987799992785,68.64601470006164,0.0,1
opening_004_offset_08,opening_004,early,16,r2qkbnr/1bppp1p1/1pn5/p4p1p/2P5/N3P1PP/PP1PKP1R/R1B1QBN1 w kq - 6 9,white,original,16,22,f1g2,b2b3,-120.0,-71.0,49.0,0,0,4,7,6.193295121192932e-05,0.0014973487087089113,0.07509881422924902,0.047619047619047616,352,17.34393580001779,68.64601470006164,7.0,1
opening_004_offset_08,opening_004,early,16,r2qkbnr/1bppp1p1/1pn5/p4p1p/2P5/N3P1PP/PP1PKP1R/R1B1QBN1 w kq - 6 9,white,original,32,22,f1g2,b2b3,-120.0,-71.0,49.0,0,0,4,7,8.338899351656437e-05,0.0016778501707675495,0.07735742518351214,0.03896103896103896,704,34.44818710000254,68.64601470006164,7.0,1
opening_004_offset_08,opening_004,early,16,r2qkbnr/1bppp1p1/1pn5/p4p1p/2P5/N3P1PP/PP1PKP1R/R1B1QBN1 w kq - 6 9,white,original,64,22,f1g2,a3b5,-123.0,-71.0,52.0,0,0,5,7,0.0001972690224647522,0.001936590815865755,0.101072840203275,0.03896103896103896,1408,68.53010550001636,68.64601470006164,24.0,1
opening_004_offset_12,opening_004,middle,20,rn1qkbn1/1bppp1pr/1p6/p4p1p/2PPP3/N5PP/PP2KP1R/R1B1QBN1 w q - 1 11,white,original,1,33,e4f5,h3h4,-2.0,201.0,203.0,0,0,8,9,0.0,0.0,,,33,1.208953799912706,84.94259920006152,121.0,1
opening_004_offset_12,opening_004,middle,20,rn1qkbn1/1bppp1pr/1p6/p4p1p/2PPP3/N5PP/PP2KP1R/R1B1QBN1 w q - 1 11,white,original,2,33,e4f5,e4f5,201.0,201.0,0.0,1,1,1,1,1.3724202290177345e-05,0.00022968190997999836,0.002009043498697578,0.0,66,2.3879739999538288,84.94259920006152,0.0,1
opening_004_offset_12,opening_004,middle,20,rn1qkbn1/1bppp1pr/1p6/p4p1p/2PPP3/N5PP/PP2KP1R/R1B1QBN1 w q - 1 11,white,original,4,33,e4f5,b2b3,-122.0,201.0,323.0,0,1,21,3,0.00015912437811493874,0.000800566212622597,-0.11598562754625731,-0.07014221160451353,132,4.654478899901733,84.94259920006152,222.0,1
opening_004_offset_12,opening_004,middle,20,rn1qkbn1/1bppp1pr/1p6/p4p1p/2PPP3/N5PP/PP2KP1R/R1B1QBN1 w q - 1 11,white,original,8,33,e4f5,b2b3,-122.0,201.0,323.0,0,0,21,5,7.647275924682617e-05,0.0011989392367524351,-0.12567895088585807,-0.05876779891188972,264,9.156221899902448,84.94259920006152,253.0,1
opening_004_offset_12,opening_004,middle,20,rn1qkbn1/1bppp1pr/1p6/p4p1p/2PPP3/N5PP/PP2KP1R/R1B1QBN1 w q - 1 11,white,original,16,33,e4f5,b2b3,-122.0,201.0,323.0,0,0,21,5,6.08246773481369e-05,0.0013676366337907057,-0.1113060921409328,-0.05876779891188972,528,18.64207439997699,84.94259920006152,252.0,1
opening_004_offset_12,opening_004,middle,20,rn1qkbn1/1bppp1pr/1p6/p4p1p/2PPP3/N5PP/PP2KP1R/R1B1QBN1 w q - 1 11,white,original,32,33,e4f5,b2b3,-122.0,201.0,323.0,0,0,21,5,8.197687566280365e-05,0.001493482158201257,-0.11665413260416081,-0.07014221160451353,1056,38.58466849999968,84.94259920006152,252.0,1
opening_004_offset_12,opening_004,middle,20,rn1qkbn1/1bppp1pr/1p6/p4p1p/2PPP3/N5PP/PP2KP1R/R1B1QBN1 w q - 1 11,white,original,64,33,e4f5,b2b3,-122.0,201.0,323.0,0,0,21,5,4.7110021114349365e-05,0.0015293218369511173,-0.11665413260416081,-0.07014221160451353,2112,84.77775469992775,84.94259920006152,268.0,1
opening_004_offset_16,opening_004,middle,24,rnbqkbn1/2Bpp1pr/1pp5/p4p1p/2PPP3/N5PP/PP2KP1R/R3QBN1 w q - 2 13,white,original,1,38,c7d8,h3h4,-462.0,589.0,1051.0,0,0,21,26,0.0,0.0,,,38,2.041699400055222,133.50030810001772,,0
opening_004_offset_16,opening_004,middle,24,rnbqkbn1/2Bpp1pr/1pp5/p4p1p/2PPP3/N5PP/PP2KP1R/R3QBN1 w q - 2 13,white,original,2,38,c7d8,e4f5,-280.0,589.0,869.0,0,0,6,33,1.3723969459533691e-05,0.0003821708425427123,-0.22467594307531316,-0.1539832594377938,76,3.9911080000456423,133.50030810001772,,0
opening_004_offset_16,opening_004,middle,24,rnbqkbn1/2Bpp1pr/1pp5/p4p1p/2PPP3/N5PP/PP2KP1R/R3QBN1 w q - 2 13,white,original,4,38,c7d8,b2b3,-556.0,589.0,1145.0,0,0,26,19,0.0001591164618730545,0.0008777521640272667,-0.19533814956097978,-0.13247876689194293,152,7.856328599969856,133.50030810001772,,0
opening_004_offset_16,opening_004,middle,24,rnbqkbn1/2Bpp1pr/1pp5/p4p1p/2PPP3/N5PP/PP2KP1R/R3QBN1 w q - 2 13,white,original,8,38,c7d8,b2b3,-556.0,589.0,1145.0,0,0,26,26,7.630372419953346e-05,0.0012293866464800193,-0.19588531524602448,-0.11253572671466121,304,15.95890359999612,133.50030810001772,,0
opening_004_offset_16,opening_004,middle,24,rnbqkbn1/2Bpp1pr/1pp5/p4p1p/2PPP3/N5PP/PP2KP1R/R3QBN1 w q - 2 13,white,original,16,38,c7d8,b2b3,-556.0,589.0,1145.0,0,0,26,26,6.0509657487273216e-05,0.0013782756831697224,-0.18658349860026358,-0.10683771523543786,608,32.323938800022006,133.50030810001772,,0
opening_004_offset_16,opening_004,middle,24,rnbqkbn1/2Bpp1pr/1pp5/p4p1p/2PPP3/N5PP/PP2KP1R/R3QBN1 w q - 2 13,white,original,32,38,c7d8,b2b3,-556.0,589.0,1145.0,0,0,26,27,8.155964314937592e-05,0.0015143349324023088,-0.1524403598534705,-0.08404566931854444,1216,65.7186742000049,133.50030810001772,,0
opening_004_offset_16,opening_004,middle,24,rnbqkbn1/2Bpp1pr/1pp5/p4p1p/2PPP3/N5PP/PP2KP1R/R3QBN1 w q - 2 13,white,original,64,38,c7d8,a3b5,366.0,589.0,223.0,0,0,2,27,0.0001377314329147339,0.0017838964549935293,-0.12376887795712499,-0.0669516348808744,2432,133.21132260002196,133.50030810001772,,0
opening_004_offset_20,opening_004,late,28,1n1qkbn1/rbBpp1pr/1pp5/p4p1p/2PPP3/N4NPP/PP2KP1R/R1Q2B2 w - - 6 15,white,original,1,42,c7d8,h3h4,-265.0,746.0,1011.0,0,0,17,22,0.0,0.0,,,42,2.2660906999371946,140.86583869997412,,0
opening_004_offset_20,opening_004,late,28,1n1qkbn1/rbBpp1pr/1pp5/p4p1p/2PPP3/N4NPP/PP2KP1R/R1Q2B2 w - - 6 15,white,original,2,42,c7d8,e4f5,-222.0,746.0,968.0,0,0,13,30,1.3724900782108307e-05,0.001447447335884409,0.2160869560743902,0.16725432194097212,84,4.40176659997087,140.86583869997412,,0
opening_004_offset_20,opening_004,late,28,1n1qkbn1/rbBpp1pr/1pp5/p4p1p/2PPP3/N4NPP/PP2KP1R/R1Q2B2 w - - 6 15,white,original,4,42,c7d8,b2b3,-433.0,746.0,1179.0,0,0,34,15,0.00015912530943751335,0.0031106579071184027,0.13945950337608848,0.09296921964569123,168,8.714792300015688,140.86583869997412,,0
opening_004_offset_20,opening_004,late,28,1n1qkbn1/rbBpp1pr/1pp5/p4p1p/2PPP3/N4NPP/PP2KP1R/R1Q2B2 w - - 6 15,white,original,8,42,c7d8,b2b3,-433.0,746.0,1179.0,0,0,34,21,7.643760181963444e-05,0.004164587250492672,0.14051294529583813,0.11853575504825632,336,16.948779799975455,140.86583869997412,,0
opening_004_offset_20,opening_004,late,28,1n1qkbn1/rbBpp1pr/1pp5/p4p1p/2PPP3/N4NPP/PP2KP1R/R1Q2B2 w - - 6 15,white,original,16,42,c7d8,b2b3,-433.0,746.0,1179.0,0,0,34,22,6.066565401852131e-05,0.0046309044799477,0.13751468752424298,0.11388729406597176,672,34.64342570002191,140.86583869997412,,0
opening_004_offset_20,opening_004,late,28,1n1qkbn1/rbBpp1pr/1pp5/p4p1p/2PPP3/N4NPP/PP2KP1R/R1Q2B2 w - - 6 15,white,original,32,42,c7d8,b2b3,-433.0,746.0,1179.0,0,0,34,24,8.169561624526978e-05,0.0047347780943160795,0.12430614653045886,0.10691460259254491,1344,69.67507170001045,140.86583869997412,,0
opening_004_offset_20,opening_004,late,28,1n1qkbn1/rbBpp1pr/1pp5/p4p1p/2PPP3/N4NPP/PP2KP1R/R1Q2B2 w - - 6 15,white,original,64,42,c7d8,b2b3,-433.0,746.0,1179.0,0,0,34,24,4.678219556808472e-05,0.004739530871768923,0.12430614653045886,0.10691460259254491,2688,140.61728210002184,140.86583869997412,,0
opening_004_offset_24,opening_004,late,32,1n1qkb2/rbBpp1pr/1pp4n/p4p2/1PPPP2p/N4NPP/P3KP2/R1Q2B1R w - - 1 17,white,original,1,44,c7d8,h1h2,-558.0,890.0,1448.0,0,0,29,23,0.0,0.0,,,44,2.151085100020282,137.59375449991785,,0
opening_004_offset_24,opening_004,late,32,1n1qkb2/rbBpp1pr/1pp4n/p4p2/1PPPP2p/N4NPP/P3KP2/R1Q2B1R w - - 1 17,white,original,2,44,c7d8,b4a5,-350.0,890.0,1240.0,0,0,16,32,0.00020384951494634151,0.001595627325114441,0.24748747428996426,0.16729356796952174,88,4.188409100053832,137.59375449991785,,0
opening_004_offset_24,opening_004,late,32,1n1qkb2/rbBpp1pr/1pp4n/p4p2/1PPPP2p/N4NPP/P3KP2/R1Q2B1R w - - 1 17,white,original,4,44,c7d8,b4a5,-350.0,890.0,1240.0,0,0,16,15,0.0004711700603365898,0.003644535017575078,0.24622973925299507,0.1818181818181818,176,8.346500599989668,137.59375449991785,,0
opening_004_offset_24,opening_004,late,32,1n1qkb2/rbBpp1pr/1pp4n/p4p2/1PPPP2p/N4NPP/P3KP2/R1Q2B1R w - - 1 17,white,original,8,44,c7d8,b4b5,-361.0,890.0,1251.0,0,0,17,21,0.0005557164549827576,0.004801876821851961,0.25088090204369273,0.1818181818181818,352,16.903415599954315,137.59375449991785,,0
opening_004_offset_24,opening_004,late,32,1n1qkb2/rbBpp1pr/1pp4n/p4p2/1PPPP2p/N4NPP/P3KP2/R1Q2B1R w - - 1 17,white,original,16,44,c7d8,b4b5,-361.0,890.0,1251.0,0,0,17,23,0.0012333160266280174,0.005276708582376953,0.23537702607470048,0.17124735729386892,704,34.35370650002733,137.59375449991785,,0
opening_004_offset_24,opening_004,late,32,1n1qkb2/rbBpp1pr/1pp4n/p4p2/1PPPP2p/N4NPP/P3KP2/R1Q2B1R w - - 1 17,white,original,32,44,c7d8,b4b5,-361.0,890.0,1251.0,0,0,17,25,0.0014068502932786942,0.005397647501145727,0.22311486962649751,0.160676532769556,1408,68.55387359997258,137.59375449991785,,0
opening_004_offset_24,opening_004,late,32,1n1qkb2/rbBpp1pr/1pp4n/p4p2/1PPPP2p/N4NPP/P3KP2/R1Q2B1R w - - 1 17,white,original,64,44,c7d8,b4b5,-361.0,890.0,1251.0,0,0,17,25,0.0012226104736328125,0.005419042657512731,0.22311486962649751,0.160676532769556,2816,137.32086600002367,137.59375449991785,,0
opening_005_offset_00,opening_005,early,8,r1bqkb1r/ppp1pppp/3p1n2/8/1nB1P3/1PP5/P2P1PPP/RNBQK1NR w KQkq - 2 5,white,original,1,33,c3b4,h2h4,-29.0,514.0,543.0,0,0,17,28,0.0,0.0,,,33,1.565817499998957,87.87665900005959,,0
opening_005_offset_00,opening_005,early,8,r1bqkb1r/ppp1pppp/3p1n2/8/1nB1P3/1PP5/P2P1PPP/RNBQK1NR w KQkq - 2 5,white,original,2,33,c3b4,g2g3,-66.0,514.0,580.0,0,0,21,4,0.0005252687260508537,0.0004078719434065886,0.07055864905554823,0.030939872671602604,66,3.0525656000245363,87.87665900005959,,0
opening_005_offset_00,opening_005,early,8,r1bqkb1r/ppp1pppp/3p1n2/8/1nB1P3/1PP5/P2P1PPP/RNBQK1NR w KQkq - 2 5,white,original,4,33,c3b4,g2g3,-66.0,514.0,580.0,0,1,21,3,0.0011465679854154587,0.0010992307006183531,0.06768613711272942,0.02843603173155954,132,6.4824447999708354,87.87665900005959,,0
opening_005_offset_00,opening_005,early,8,r1bqkb1r/ppp1pppp/3p1n2/8/1nB1P3/1PP5/P2P1PPP/RNBQK1NR w KQkq - 2 5,white,original,8,33,c3b4,g2g3,-66.0,514.0,580.0,0,0,21,5,0.0013092756271362305,0.0015118028111403457,-0.06818751590615703,-0.07772515339959607,264,11.957819300005212,87.87665900005959,,0
opening_005_offset_00,opening_005,early,8,r1bqkb1r/ppp1pppp/3p1n2/8/1nB1P3/1PP5/P2P1PPP/RNBQK1NR w KQkq - 2 5,white,original,16,33,c3b4,g2g3,-66.0,514.0,580.0,0,0,21,9,0.0013455897569656372,0.0017422053869688653,-0.2186011539344446,-0.16113751314550406,528,22.571660100016743,87.87665900005959,,0
opening_005_offset_00,opening_005,early,8,r1bqkb1r/ppp1pppp/3p1n2/8/1nB1P3/1PP5/P2P1PPP/RNBQK1NR w KQkq - 2 5,white,original,32,33,c3b4,d1g4,-941.0,514.0,1455.0,0,0,31,10,1.8368475139141083e-05,0.003026274517837911,-0.2859530385182223,-0.21421810571108185,1056,44.22055420000106,87.87665900005959,,0
opening_005_offset_00,opening_005,early,8,r1bqkb1r/ppp1pppp/3p1n2/8/1nB1P3/1PP5/P2P1PPP/RNBQK1NR w KQkq - 2 5,white,original,64,33,c3b4,d1g4,-941.0,514.0,1455.0,0,0,31,10,1.115351915359497e-05,0.007596946034565766,-0.271580179773297,-0.20663516391599931,2112,87.60413829993922,87.87665900005959,,0
opening_005_offset_04,opening_005,early,12,r2qkb1r/pbp1pppp/3p1n2/1p2P3/1nB5/BPP5/P2P1PPP/RN1QK1NR w KQkq - 1 7,white,original,1,33,c4b5,h2h4,-354.0,319.0,673.0,0,0,17,29,0.0,0.0,,,33,1.2342524999985471,88.95005840004887,,0
opening_005_offset_04,opening_005,early,12,r2qkb1r/pbp1pppp/3p1n2/1p2P3/1nB5/BPP5/P2P1PPP/RN1QK1NR w KQkq - 1 7,white,original,2,33,c4b5,e5f6,179.0,319.0,140.0,0,0,4,6,0.0001614689826965332,0.0008806158926967875,0.14028175373889493,0.10209270502302317,66,2.5623082999372855,88.95005840004887,,0
opening_005_offset_04,opening_005,early,12,r2qkb1r/pbp1pppp/3p1n2/1p2P3/1nB5/BPP5/P2P1PPP/RN1QK1NR w KQkq - 1 7,white,original,4,33,c4b5,e5f6,179.0,319.0,140.0,0,0,4,6,0.0003662817180156708,0.0027039028076304298,0.19020558514048183,0.12523741711799966,132,5.861930599901825,88.95005840004887,,0
opening_005_offset_04,opening_005,early,12,r2qkb1r/pbp1pppp/3p1n2/1p2P3/1nB5/BPP5/P2P1PPP/RN1QK1NR w KQkq - 1 7,white,original,8,33,c4b5,e5f6,179.0,319.0,140.0,0,0,4,5,0.0004920922219753265,0.0031034572546931385,0.09059000627956165,0.05692609868999984,264,11.341624399996363,88.95005840004887,,0
opening_005_offset_04,opening_005,early,12,r2qkb1r/pbp1pppp/3p1n2/1p2P3/1nB5/BPP5/P2P1PPP/RN1QK1NR w KQkq - 1 7,white,original,16,33,c4b5,e5f6,179.0,319.0,140.0,0,0,4,5,0.00047343969345092773,0.0032078479572888435,-0.06384756900146227,-0.026565512721999928,528,22.641099200001918,88.95005840004887,,0
opening_005_offset_04,opening_005,early,12,r2qkb1r/pbp1pppp/3p1n2/1p2P3/1nB5/BPP5/P2P1PPP/RN1QK1NR w KQkq - 1 7,white,original,32,33,c4b5,e5f6,179.0,319.0,140.0,0,0,4,11,0.00047699734568595886,0.003908666554413926,-0.15376901434907145,-0.09487683114999976,1056,46.749193999916315,88.95005840004887,,0
opening_005_offset_04,opening_005,early,12,r2qkb1r/pbp1pppp/3p1n2/1p2P3/1nB5/BPP5/P2P1PPP/RN1QK1NR w KQkq - 1 7,white,original,64,33,c4b5,d1c1,-455.0,319.0,774.0,0,0,21,11,0.0008818134665489197,0.007359460723386564,-0.20942671193411577,-0.13662263685599962,2112,88.7615520999534,88.95005840004887,,0
opening_005_offset_08,opening_005,early,16,rq2kb1r/pbp1pppp/3p1n2/1p1nP3/2B5/BPP4N/P2P1PPP/RNQ1K2R w KQkq - 5 9,white,original,1,31,c4b5,h3g5,-784.0,52.0,836.0,0,0,29,23,0.0,0.0,,,31,1.5225166000891477,83.13724379998166,,0
opening_005_offset_08,opening_005,early,16,rq2kb1r/pbp1pppp/3p1n2/1p1nP3/2B5/BPP4N/P2P1PPP/RNQ1K2R w KQkq - 5 9,white,original,2,31,c4b5,e5f6,-122.0,52.0,174.0,0,0,2,6,0.0001614689826965332,0.0008348674061809768,-0.11064687411208587,-0.08312248077881604,62,2.992826000088826,83.13724379998166,,0
opening_005_offset_08,opening_005,early,16,rq2kb1r/pbp1pppp/3p1n2/1p1nP3/2B5/BPP4N/P2P1PPP/RNQ1K2R w KQkq - 5 9,white,original,4,31,c4b5,e5f6,-122.0,52.0,174.0,0,0,2,6,0.00036620907485485077,0.0026939570591462767,0.07059298678426736,0.05609522363281967,124,5.414479900035076,83.13724379998166,,0
opening_005_offset_08,opening_005,early,16,rq2kb1r/pbp1pppp/3p1n2/1p1nP3/2B5/BPP4N/P2P1PPP/RNQ1K2R w KQkq - 5 9,white,original,8,31,c4b5,e5f6,-122.0,52.0,174.0,0,0,2,5,0.0004917159676551819,0.0030267514166149884,0.06010488589060479,0.043150172025245896,248,10.488864400074817,83.13724379998166,,0
opening_005_offset_08,opening_005,early,16,rq2kb1r/pbp1pppp/3p1n2/1p1nP3/2B5/BPP4N/P2P1PPP/RNQ1K2R w KQkq - 5 9,white,original,16,31,c4b5,e5f6,-122.0,52.0,174.0,0,0,2,5,0.00047304853796958923,0.003082774013932337,0.06050827438651488,0.05178020643029507,496,20.275076700025238,83.13724379998166,,0
opening_005_offset_08,opening_005,early,16,rq2kb1r/pbp1pppp/3p1n2/1p1nP3/2B5/BPP4N/P2P1PPP/RNQ1K2R w KQkq - 5 9,white,original,32,31,c4b5,e5f6,-122.0,52.0,174.0,0,0,2,5,0.0004766136407852173,0.0030022245471212476,0.044776123046021014,0.03452013762019672,992,40.70073909999337,83.13724379998166,,0
opening_005_offset_08,opening_005,early,16,rq2kb1r/pbp1pppp/3p1n2/1p1nP3/2B5/BPP4N/P2P1PPP/RNQ1K2R w KQkq - 5 9,white,original,64,31,c4b5,e5f6,-122.0,52.0,174.0,0,0,2,5,0.000481974333524704,0.0029560109951672683,0.012101654877302978,0.012945051607573768,1984,82.92863209999632,83.13724379998166,,0
opening_005_offset_12,opening_005,middle,20,rq2kb1r/pbp1pppp/5n2/1p1pP3/2B2n2/BPP5/P2P1PPP/RN1QK1NR w KQkq - 0 11,white,original,1,31,c4f1,h2h4,-658.0,53.0,711.0,0,0,9,20,0.0,0.0,,,31,1.1805641999235377,80.44938619993627,,0
opening_005_offset_12,opening_005,middle,20,rq2kb1r/pbp1pppp/5n2/1p1pP3/2B2n2/BPP5/P2P1PPP/RN1QK1NR w KQkq - 0 11,white,original,2,31,c4f1,a3e7,-664.0,53.0,717.0,0,0,10,18,0.0020169420167803764,0.0011476106146321278,-0.04851598991589388,-0.03965905285937302,62,2.4046158998971805,80.44938619993627,,0
opening_005_offset_12,opening_005,middle,20,rq2kb1r/pbp1pppp/5n2/1p1pP3/2B2n2/BPP5/P2P1PPP/RN1QK1NR w KQkq - 0 11,white,original,4,31,c4f1,e5f6,-445.0,53.0,498.0,0,0,5,12,0.0012084059417247772,0.002687895316701721,0.022179655319895037,0.021528537768509267,124,5.617736599990167,80.44938619993627,,0
opening_005_offset_12,opening_005,middle,20,rq2kb1r/pbp1pppp/5n2/1p1pP3/2B2n2/BPP5/P2P1PPP/RN1QK1NR w KQkq - 0 11,white,original,8,31,c4f1,e5f6,-445.0,53.0,498.0,0,0,5,11,0.0013706125319004059,0.0029846935242404792,-0.03266458328929997,-0.043057075537018534,248,10.63832679996267,80.44938619993627,,0
opening_005_offset_12,opening_005,middle,20,rq2kb1r/pbp1pppp/5n2/1p1pP3/2B2n2/BPP5/P2P1PPP/RN1QK1NR w KQkq - 0 11,white,original,16,31,c4f1,e5f6,-445.0,53.0,498.0,0,0,5,15,0.0015130341053009033,0.003084834198514723,-0.05242463984702463,-0.06889132085922964,496,20.59963979991153,80.44938619993627,,0
opening_005_offset_12,opening_005,middle,20,rq2kb1r/pbp1pppp/5n2/1p1pP3/2B2n2/BPP5/P2P1PPP/RN1QK1NR w KQkq - 0 11,white,original,32,31,c4f1,e5f6,-445.0,53.0,498.0,0,0,5,16,0.002183179371058941,0.003845377950139443,-0.11130154305983692,-0.10333698128884447,992,40.71563819993753,80.44938619993627,,0
opening_005_offset_12,opening_005,middle,20,rq2kb1r/pbp1pppp/5n2/1p1pP3/2B2n2/BPP5/P2P1PPP/RN1QK1NR w KQkq - 0 11,white,original,64,31,c4f1,d1c1,-883.0,53.0,936.0,0,0,23,15,0.0008816272020339966,0.00744982705703186,-0.17300131149518128,-0.13778264171845928,1984,80.28692449990194,80.44938619993627,,0
opening_005_offset_16,opening_005,middle,24,r3qb1r/pbpkpppp/3B1n2/1p1pP3/5n2/1PP5/P2PBPPP/RN1QK1NR w KQ - 4 13,white,original,1,31,d6c5,h2h4,-388.0,88.0,476.0,0,0,18,20,0.0,0.0,,,31,1.232774000032805,84.48499569995329,,0
opening_005_offset_16,opening_005,middle,24,r3qb1r/pbpkpppp/3B1n2/1p1pP3/5n2/1PP5/P2PBPPP/RN1QK1NR w KQ - 4 13,white,original,2,31,d6c5,d6e7,-348.0,88.0,436.0,0,0,15,19,0.0020169466733932495,0.0011541866395689947,-0.1103468915811007,-0.08032193289024989,62,2.547624900005758,84.48499569995329,,0
opening_005_offset_16,opening_005,middle,24,r3qb1r/pbpkpppp/3B1n2/1p1pP3/5n2/1PP5/P2PBPPP/RN1QK1NR w KQ - 4 13,white,original,4,31,d6c5,e5f6,-120.0,88.0,208.0,0,0,8,19,0.0012192651629447937,0.002646430096203226,-0.059677419354838716,-0.04516129032258065,124,5.073104299954139,84.48499569995329,,0
opening_005_offset_16,opening_005,middle,24,r3qb1r/pbpkpppp/3B1n2/1p1pP3/5n2/1PP5/P2PBPPP/RN1QK1NR w KQ - 4 13,white,original,8,31,d6c5,e5f6,-120.0,88.0,208.0,0,0,8,22,0.0013708844780921936,0.0028945334694893653,-0.07459677419354839,-0.07096774193548387,248,10.133541899966076,84.48499569995329,,0
opening_005_offset_16,opening_005,middle,24,r3qb1r/pbpkpppp/3B1n2/1p1pP3/5n2/1PP5/P2PBPPP/RN1QK1NR w KQ - 4 13,white,original,16,31,d6c5,e5f6,-120.0,88.0,208.0,0,0,8,21,0.001514095813035965,0.0029858512834619786,-0.029838709677419358,-0.049462365591397855,496,21.29321949998848,84.48499569995329,,0
opening_005_offset_16,opening_005,middle,24,r3qb1r/pbpkpppp/3B1n2/1p1pP3/5n2/1PP5/P2PBPPP/RN1QK1NR w KQ - 4 13,white,original,32,31,d6c5,e5f6,-120.0,88.0,208.0,0,0,8,21,0.0022706079762429,0.0032964823456223253,-0.029838709677419358,-0.04516129032258065,992,41.999090699944645,84.48499569995329,,0
opening_005_offset_16,opening_005,middle,24,r3qb1r/pbpkpppp/3B1n2/1p1pP3/5n2/1PP5/P2PBPPP/RN1QK1NR w KQ - 4 13,white,original,64,31,d6c5,e5f6,-120.0,88.0,208.0,0,0,8,21,0.0015510022640228271,0.003072099117254582,-0.016532258064516133,-0.03655913978494624,1984,84.2643288000254,84.48499569995329,,0
opening_005_offset_20,opening_005,late,28,r3qb1r/1bp1pppp/2kBPn2/pp1p4/5n2/1PP5/P1QPBPPP/RN2K1NR w KQ - 0 15,white,original,1,40,d6f4,h2h4,-724.0,754.0,1478.0,0,0,28,19,0.0,0.0,,,40,1.2979123000986874,85.21780910005327,,0
opening_005_offset_20,opening_005,late,28,r3qb1r/1bp1pppp/2kBPn2/pp1p4/5n2/1PP5/P1QPBPPP/RN2K1NR w KQ - 0 15,white,original,2,40,d6f4,d6e7,-806.0,754.0,1560.0,0,0,34,6,0.0037215109914541245,0.0008527511506685568,-0.1509028690182137,-0.11894527045341576,80,2.5826682000188157,85.21780910005327,,0
opening_005_offset_20,opening_005,late,28,r3qb1r/1bp1pppp/2kBPn2/pp1p4/5n2/1PP5/P1QPBPPP/RN2K1NR w KQ - 0 15,white,original,4,40,d6f4,d6e7,-806.0,754.0,1560.0,0,0,34,8,0.004824820905923843,0.0015603109680758717,-0.07786116322701689,-0.05897435897435897,160,5.130954900057986,85.21780910005327,,0
opening_005_offset_20,opening_005,late,28,r3qb1r/1bp1pppp/2kBPn2/pp1p4/5n2/1PP5/P1QPBPPP/RN2K1NR w KQ - 0 15,white,original,8,40,d6f4,d6e7,-806.0,754.0,1560.0,0,0,34,9,0.003121517598628998,0.0017140823850114331,-0.014634146341463417,-0.010256410256410258,320,10.232058600056916,85.21780910005327,,0
opening_005_offset_20,opening_005,late,28,r3qb1r/1bp1pppp/2kBPn2/pp1p4/5n2/1PP5/P1QPBPPP/RN2K1NR w KQ - 0 15,white,original,16,40,d6f4,d6e7,-806.0,754.0,1560.0,0,0,34,9,0.0028368961066007614,0.0018227464606208562,0.007129455909943716,0.007692307692307693,640,20.939699400099926,85.21780910005327,,0
opening_005_offset_20,opening_005,late,28,r3qb1r/1bp1pppp/2kBPn2/pp1p4/5n2/1PP5/P1QPBPPP/RN2K1NR w KQ - 0 15,white,original,32,40,d6f4,d6e7,-806.0,754.0,1560.0,0,0,34,8,0.0028061314951628447,0.001908303631165685,0.019136960600375237,0.010256410256410258,1280,42.15779290010687,85.21780910005327,,0
opening_005_offset_20,opening_005,late,28,r3qb1r/1bp1pppp/2kBPn2/pp1p4/5n2/1PP5/P1QPBPPP/RN2K1NR w KQ - 0 15,white,original,64,40,d6f4,d6e7,-806.0,754.0,1560.0,0,0,34,8,0.0026882439851760864,0.001917578295276236,0.012570356472795498,0.0025641025641025645,2560,84.99386909999885,85.21780910005327,,0
opening_005_offset_24,opening_005,late,32,4qb1r/r1p1pppp/b1kBPn2/pp1p3B/5n2/1PP5/PQ1P1PPP/RN2K1NR w KQ - 4 17,white,original,1,34,d6f4,h5g6,-805.0,44.0,849.0,0,0,15,18,0.0,0.0,,,34,1.1975944000296295,78.45880849997047,,0
opening_005_offset_24,opening_005,late,32,4qb1r/r1p1pppp/b1kBPn2/pp1p3B/5n2/1PP5/PQ1P1PPP/RN2K1NR w KQ - 4 17,white,original,2,34,d6f4,d6e7,-1041.0,44.0,1085.0,0,0,32,7,0.0037215985357761383,0.0009379246132229844,0.2207576374662209,0.18269602381046743,68,2.3869243999943137,78.45880849997047,,0
opening_005_offset_24,opening_005,late,32,4qb1r/r1p1pppp/b1kBPn2/pp1p3B/5n2/1PP5/PQ1P1PPP/RN2K1NR w KQ - 4 17,white,original,4,34,d6f4,d6e7,-1041.0,44.0,1085.0,0,0,32,9,0.00482594221830368,0.0017634748051904119,0.21361448606922429,0.15700273865120185,136,4.674119499977678,78.45880849997047,,0
opening_005_offset_24,opening_005,late,32,4qb1r/r1p1pppp/b1kBPn2/pp1p3B/5n2/1PP5/PQ1P1PPP/RN2K1NR w KQ - 4 17,white,original,8,34,d6f4,d6e7,-1041.0,44.0,1085.0,0,0,32,10,0.002690160647034645,0.0021053037103271094,0.19573687886600594,0.14629800647043809,272,9.450015800073743,78.45880849997047,,0
opening_005_offset_24,opening_005,late,32,4qb1r/r1p1pppp/b1kBPn2/pp1p3B/5n2/1PP5/PQ1P1PPP/RN2K1NR w KQ - 4 17,white,original,16,34,d6f4,d6e7,-1041.0,44.0,1085.0,0,0,32,9,0.001814238727092743,0.002320527649338002,0.2163648871774117,0.15700273865120185,544,18.868820299976505,78.45880849997047,,0
opening_005_offset_24,opening_005,late,32,4qb1r/r1p1pppp/b1kBPn2/pp1p3B/5n2/1PP5/PQ1P1PPP/RN2K1NR w KQ - 4 17,white,original,32,34,d6f4,d6e7,-1041.0,44.0,1085.0,0,0,32,9,0.001837555319070816,0.0024029256422106494,0.214836886561752,0.15700273865120185,1088,37.93897800007835,78.45880849997047,,0
opening_005_offset_24,opening_005,late,32,4qb1r/r1p1pppp/b1kBPn2/pp1p3B/5n2/1PP5/PQ1P1PPP/RN2K1NR w KQ - 4 17,white,original,64,34,d6f4,d6e7,-1041.0,44.0,1085.0,0,0,32,9,0.0026652924716472626,0.0027471984826814904,0.3062113233782013,0.21766288767552985,2176,78.28596500004642,78.45880849997047,,0
opening_006_offset_00,opening_006,early,8,r1b1k1nr/pppp1ppp/n3p3/6q1/1b6/P2P4/2PNPPPP/R1BQKBNR w KQkq - 0 5,white,original,1,18,a3b4,h2h4,-60.0,688.0,748.0,0,0,7,15,0.0,0.0,,,18,0.8771638999460265,60.46832460002042,,0
opening_006_offset_00,opening_006,early,8,r1b1k1nr/pppp1ppp/n3p3/6q1/1b6/P2P4/2PNPPPP/R1BQKBNR w KQkq - 0 5,white,original,2,18,a3b4,g2g3,-74.0,688.0,762.0,0,1,10,3,0.0005252680275589228,0.00045162998698554776,0.17414919705480864,0.12845170309984916,36,1.8189709999132901,60.46832460002042,,0
opening_006_offset_00,opening_006,early,8,r1b1k1nr/pppp1ppp/n3p3/6q1/1b6/P2P4/2PNPPPP/R1BQKBNR w KQkq - 0 5,white,original,4,18,a3b4,g2g3,-74.0,688.0,762.0,0,1,10,3,0.0011465414427220821,0.0012127971727801108,0.08359133126934985,0.07189542483660132,72,3.660063299932517,60.46832460002042,,0
opening_006_offset_00,opening_006,early,8,r1b1k1nr/pppp1ppp/n3p3/6q1/1b6/P2P4/2PNPPPP/R1BQKBNR w KQkq - 0 5,white,original,8,18,a3b4,g2g3,-74.0,688.0,762.0,0,0,10,4,0.001309296116232872,0.0016899179367102076,0.12693498452012383,0.09803921568627452,144,7.472473899950273,60.46832460002042,,0
opening_006_offset_00,opening_006,early,8,r1b1k1nr/pppp1ppp/n3p3/6q1/1b6/P2P4/2PNPPPP/R1BQKBNR w KQkq - 0 5,white,original,16,18,a3b4,g2g3,-74.0,688.0,762.0,0,0,10,4,0.0013456041924655437,0.0018649460804818383,0.12074303405572755,0.09803921568627452,288,15.71664839994628,60.46832460002042,,0
opening_006_offset_00,opening_006,early,8,r1b1k1nr/pppp1ppp/n3p3/6q1/1b6/P2P4/2PNPPPP/R1BQKBNR w KQkq - 0 5,white,original,32,18,a3b4,g2g3,-74.0,688.0,762.0,0,0,10,4,0.0013431853149086237,0.002020369523935578,0.12074303405572755,0.08496732026143793,576,30.7461076999316,60.46832460002042,,0
opening_006_offset_00,opening_006,early,8,r1b1k1nr/pppp1ppp/n3p3/6q1/1b6/P2P4/2PNPPPP/R1BQKBNR w KQkq - 0 5,white,original,64,18,a3b4,a1b1,-58.0,688.0,746.0,0,0,6,6,0.00028148479759693146,0.005212477675817846,0.07739938080495357,0.05882352941176472,1152,60.37224359996617,60.46832460002042,,0
opening_006_offset_04,opening_006,early,12,r1b1k1nr/pppp1ppp/n3p3/5q2/Pb2P3/3P4/2PN1PPP/R1BQKBNR w KQkq - 1 7,white,original,1,26,e4f5,h2h4,-42.0,783.0,825.0,0,0,5,11,0.0,0.0,,,26,1.0469947000965476,70.92221520002931,,0
opening_006_offset_04,opening_006,early,12,r1b1k1nr/pppp1ppp/n3p3/5q2/Pb2P3/3P4/2PN1PPP/R1BQKBNR w KQkq - 1 7,white,original,2,26,e4f5,g2g3,-50.0,783.0,833.0,0,1,7,3,0.0005252680275589228,0.00041199314492075854,-0.09239010131313798,-0.12461494873242389,52,2.1499039999907836,70.92221520002931,,0
opening_006_offset_04,opening_006,early,12,r1b1k1nr/pppp1ppp/n3p3/5q2/Pb2P3/3P4/2PN1PPP/R1BQKBNR w KQkq - 1 7,white,original,4,26,e4f5,g2g3,-50.0,783.0,833.0,0,1,7,3,0.0011477763764560223,0.0010961523096003813,-0.13711745797938868,-0.11710337475865949,104,4.2135528000071645,70.92221520002931,,0
opening_006_offset_04,opening_006,early,12,r1b1k1nr/pppp1ppp/n3p3/5q2/Pb2P3/3P4/2PN1PPP/R1BQKBNR w KQkq - 1 7,white,original,8,26,e4f5,g2g3,-50.0,783.0,833.0,0,0,7,4,0.001310837920755148,0.0015575477167245246,-0.17336297056246902,-0.11094003924504582,208,8.626694100094028,70.92221520002931,,0
opening_006_offset_04,opening_006,early,12,r1b1k1nr/pppp1ppp/n3p3/5q2/Pb2P3/3P4/2PN1PPP/R1BQKBNR w KQkq - 1 7,white,original,16,26,e4f5,g2g3,-50.0,783.0,833.0,0,0,7,6,0.0013470486737787724,0.0017871728034671549,-0.2321764438104861,-0.16024672335395507,416,17.34477309999056,70.92221520002931,,0
opening_006_offset_04,opening_006,early,12,r1b1k1nr/pppp1ppp/n3p3/5q2/Pb2P3/3P4/2PN1PPP/R1BQKBNR w KQkq - 1 7,white,original,32,26,e4f5,d1g4,-781.0,783.0,1564.0,0,0,24,8,1.6866018995642662e-05,0.003046028345024294,-0.3115062449357185,-0.22188007849009164,832,35.39907440007664,70.92221520002931,,0
opening_006_offset_04,opening_006,early,12,r1b1k1nr/pppp1ppp/n3p3/5q2/Pb2P3/3P4/2PN1PPP/R1BQKBNR w KQkq - 1 7,white,original,64,26,e4f5,d1h5,-908.0,783.0,1691.0,0,0,25,11,2.4028122425079346e-07,0.020888529866562217,-0.30124808099711087,-0.22804341400370529,1664,70.78636440006085,70.92221520002931,,0
opening_006_offset_08,opening_006,early,16,r1b1k1nr/ppp2ppp/n2pp3/2q5/Pb2P3/3P1P2/2PNB1PP/R1BQK1NR w KQkq - 0 9,white,original,1,18,c1b2,h2h4,-172.0,-65.0,107.0,0,0,4,13,0.0,0.0,,,18,0.8489638000028208,59.925670499913394,,0
opening_006_offset_08,opening_006,early,16,r1b1k1nr/ppp2ppp/n2pp3/2q5/Pb2P3/3P1P2/2PNB1PP/R1BQK1NR w KQkq - 0 9,white,original,2,18,c1b2,g2g3,-189.0,-65.0,124.0,0,1,6,3,0.0005252687260508537,0.0010227235510176893,-0.014530516549740006,-0.02675959461661983,36,1.8031255999812856,59.925670499913394,,0
opening_006_offset_08,opening_006,early,16,r1b1k1nr/ppp2ppp/n2pp3/2q5/Pb2P3/3P1P2/2PNB1PP/R1BQK1NR w KQkq - 0 9,white,original,4,18,c1b2,g2g3,-189.0,-65.0,124.0,0,0,6,16,0.0011465642601251602,0.0022838570866923215,-0.15384617434821352,-0.07868894753646338,72,3.5724986999994144,59.925670499913394,,0
opening_006_offset_08,opening_006,early,16,r1b1k1nr/ppp2ppp/n2pp3/2q5/Pb2P3/3P1P2/2PNB1PP/R1BQK1NR w KQkq - 0 9,white,original,8,18,c1b2,g2g3,-189.0,-65.0,124.0,0,0,6,16,0.0013093119487166405,0.0030748134162877075,-0.07124420154380358,-0.013114824589410563,144,7.159082599915564,59.925670499913394,,0
opening_006_offset_08,opening_006,early,16,r1b1k1nr/ppp2ppp/n2pp3/2q5/Pb2P3/3P1P2/2PNB1PP/R1BQK1NR w KQkq - 0 9,white,original,16,18,c1b2,g2g3,-189.0,-65.0,124.0,0,0,6,16,0.0013456267770379782,0.0033863836108614983,-0.1022199413454573,-0.05245929835764225,288,14.756082299980335,59.925670499913394,,0
opening_006_offset_08,opening_006,early,16,r1b1k1nr/ppp2ppp/n2pp3/2q5/Pb2P3/3P1P2/2PNB1PP/R1BQK1NR w KQkq - 0 9,white,original,32,18,c1b2,g2g3,-189.0,-65.0,124.0,0,0,6,16,0.0013427496305666864,0.003478326242640065,-0.15384617434821352,-0.09180377212587396,576,29.550380199914798,59.925670499913394,,0
opening_006_offset_08,opening_006,early,16,r1b1k1nr/ppp2ppp/n2pp3/2q5/Pb2P3/3P1P2/2PNB1PP/R1BQK1NR w KQkq - 0 9,white,original,64,18,c1b2,a1b1,-191.0,-65.0,126.0,0,0,7,16,0.00021697580814361572,0.010329987490660596,-0.11357771260606368,-0.06557412294705281,1152,59.82460369996261,59.925670499913394,,0
opening_006_offset_12,opening_006,middle,20,r1b2knr/ppp2ppp/n2pp3/2q5/P3P3/b2P1P2/RBPNB1PP/3QK1NR w K - 4 11,white,original,1,30,a2a3,h2h4,-102.0,826.0,928.0,0,0,11,29,0.0,0.0,,,30,1.1831349999411032,75.99059059994761,,0
opening_006_offset_12,opening_006,middle,20,r1b2knr/ppp2ppp/n2pp3/2q5/P3P3/b2P1P2/RBPNB1PP/3QK1NR w K - 4 11,white,original,2,30,a2a3,g2g3,-125.0,826.0,951.0,0,0,15,26,0.0005252682603895664,0.0008407389599384011,-0.06671275003608998,-0.06401142297519508,60,2.486860299948603,75.99059059994761,,0
opening_006_offset_12,opening_006,middle,20,r1b2knr/ppp2ppp/n2pp3/2q5/P3P3/b2P1P2/RBPNB1PP/3QK1NR w K - 4 11,white,original,4,30,a2a3,b2g7,-6.0,826.0,832.0,0,0,7,27,2.9727816581726074e-05,0.0020956415946010607,-0.12347052280311456,-0.07126436781609195,120,4.918314899899997,75.99059059994761,,0
opening_006_offset_12,opening_006,middle,20,r1b2knr/ppp2ppp/n2pp3/2q5/P3P3/b2P1P2/RBPNB1PP/3QK1NR w K - 4 11,white,original,8,30,a2a3,b2g7,-6.0,826.0,832.0,0,0,7,27,0.00042647868394851685,0.0030232546624696477,-0.11635150166852058,-0.08505747126436781,240,9.559887599898502,75.99059059994761,,0
opening_006_offset_12,opening_006,middle,20,r1b2knr/ppp2ppp/n2pp3/2q5/P3P3/b2P1P2/RBPNB1PP/3QK1NR w K - 4 11,white,original,16,30,a2a3,b2g7,-6.0,826.0,832.0,0,0,7,27,0.0004073888994753361,0.003437531358751859,-0.09276974416017797,-0.06666666666666667,480,19.055343199986964,75.99059059994761,,0
opening_006_offset_12,opening_006,middle,20,r1b2knr/ppp2ppp/n2pp3/2q5/P3P3/b2P1P2/RBPNB1PP/3QK1NR w K - 4 11,white,original,32,30,a2a3,d1c1,-52.0,826.0,878.0,0,0,9,27,0.0009502740576863289,0.003915462375370592,0.035817575083426034,0.029885057471264367,960,38.68738629994914,75.99059059994761,,0
opening_006_offset_12,opening_006,middle,20,r1b2knr/ppp2ppp/n2pp3/2q5/P3P3/b2P1P2/RBPNB1PP/3QK1NR w K - 4 11,white,original,64,30,a2a3,d1c1,-52.0,826.0,878.0,0,0,9,27,0.0009453697130084038,0.01753572072802242,0.05272525027808676,0.03448275862068966,1920,75.81627239997033,75.99059059994761,,0
opening_006_offset_16,opening_006,middle,24,1rb2knr/ppp2ppp/n2pp3/4P3/Pq1P4/b4P2/RBPNB1PP/3QK1NR w K - 1 13,white,original,1,27,b2a3,h2h4,-808.0,854.0,1662.0,0,0,27,23,0.0,0.0,,,27,1.0730010999832302,76.77180380001664,,0
opening_006_offset_16,opening_006,middle,24,1rb2knr/ppp2ppp/n2pp3/4P3/Pq1P4/b4P2/RBPNB1PP/3QK1NR w K - 1 13,white,original,2,27,b2a3,e5d6,-559.0,854.0,1413.0,0,0,13,6,0.0015614014118909836,0.0010379890269897796,0.09008799038649937,0.055243996907649875,54,2.172801799955778,76.77180380001664,,0
opening_006_offset_16,opening_006,middle,24,1rb2knr/ppp2ppp/n2pp3/4P3/Pq1P4/b4P2/RBPNB1PP/3QK1NR w K - 1 13,white,original,4,27,b2a3,e5d6,-559.0,854.0,1413.0,0,1,13,3,0.005723797716200352,0.002704568742509497,0.07081807081807082,0.042735042735042736,108,4.309679600060917,76.77180380001664,,0
opening_006_offset_16,opening_006,middle,24,1rb2knr/ppp2ppp/n2pp3/4P3/Pq1P4/b4P2/RBPNB1PP/3QK1NR w K - 1 13,white,original,8,27,b2a3,e5d6,-559.0,854.0,1413.0,0,1,13,3,0.005113351158797741,0.003483546780653354,0.11172161172161171,0.059829059829059845,216,8.70500269997865,76.77180380001664,,0
opening_006_offset_16,opening_006,middle,24,1rb2knr/ppp2ppp/n2pp3/4P3/Pq1P4/b4P2/RBPNB1PP/3QK1NR w K - 1 13,white,original,16,27,b2a3,e5d6,-559.0,854.0,1413.0,0,1,13,3,0.004406459629535675,0.0038190739266253703,0.17032967032967034,0.11111111111111113,432,17.15694789995905,76.77180380001664,,0
opening_006_offset_16,opening_006,middle,24,1rb2knr/ppp2ppp/n2pp3/4P3/Pq1P4/b4P2/RBPNB1PP/3QK1NR w K - 1 13,white,original,32,27,b2a3,e5d6,-559.0,854.0,1413.0,0,0,13,6,0.0017589200288057327,0.0043014324285105335,0.27777777777777773,0.19088319088319092,864,37.51182370004244,76.77180380001664,,0
opening_006_offset_16,opening_006,middle,24,1rb2knr/ppp2ppp/n2pp3/4P3/Pq1P4/b4P2/RBPNB1PP/3QK1NR w K - 1 13,white,original,64,27,b2a3,d1c1,61.0,854.0,793.0,0,0,7,7,0.0009298846125602722,0.008259786273269194,0.2625152625152625,0.19088319088319092,1728,76.64041350001935,76.77180380001664,,0
opening_006_offset_20,opening_006,late,28,r1b2knr/ppp3pp/n2ppp2/4P3/Pq1P4/b2B1P2/RBPNK1PP/3Q2NR w - - 0 15,white,original,1,39,b2a3,h2h4,-636.0,820.0,1456.0,0,0,27,35,0.0,0.0,,,39,1.8989467000355944,123.31857289990876,,0
opening_006_offset_20,opening_006,late,28,r1b2knr/ppp3pp/n2ppp2/4P3/Pq1P4/b2B1P2/RBPNK1PP/3Q2NR w - - 0 15,white,original,2,39,b2a3,e5f6,-474.0,820.0,1294.0,0,0,14,6,0.00014319410547614098,0.0009837699005960108,0.11164682368403812,0.0617354235103145,78,3.7517307000234723,123.31857289990876,,0
opening_006_offset_20,opening_006,late,28,r1b2knr/ppp3pp/n2ppp2/4P3/Pq1P4/b2B1P2/RBPNK1PP/3Q2NR w - - 0 15,white,original,4,39,b2a3,e5f6,-474.0,820.0,1294.0,0,0,14,4,0.0003184974193572998,0.0026512157228105538,0.1021306747600794,0.07022283842533135,156,7.362140399985947,123.31857289990876,,0
opening_006_offset_20,opening_006,late,28,r1b2knr/ppp3pp/n2ppp2/4P3/Pq1P4/b2B1P2/RBPNK1PP/3Q2NR w - - 0 15,white,original,8,39,b2a3,e5f6,-474.0,820.0,1294.0,0,0,14,4,0.00043021421879529953,0.00326748426071706,0.17966496303185425,0.10533425763799703,312,14.724685000022873,123.31857289990876,,0
opening_006_offset_20,opening_006,late,28,r1b2knr/ppp3pp/n2ppp2/4P3/Pq1P4/b2B1P2/RBPNK1PP/3Q2NR w - - 0 15,white,original,16,39,b2a3,e5f6,-474.0,820.0,1294.0,0,0,14,4,0.0004120059311389923,0.003512981489790037,0.21873576626018987,0.12694128484579129,624,29.113581800018437,123.31857289990876,,0
opening_006_offset_20,opening_006,late,28,r1b2knr/ppp3pp/n2ppp2/4P3/Pq1P4/b2B1P2/RBPNK1PP/3Q2NR w - - 0 15,white,original,32,39,b2a3,e5f6,-474.0,820.0,1294.0,0,0,14,9,0.0004154467023909092,0.004034657745690923,0.2005162207132976,0.11343689284091989,1248,59.765509300050326,123.31857289990876,,0
opening_006_offset_20,opening_006,late,28,r1b2knr/ppp3pp/n2ppp2/4P3/Pq1P4/b2B1P2/RBPNK1PP/3Q2NR w - - 0 15,white,original,64,39,b2a3,d1c1,-10.0,820.0,830.0,0,0,8,10,0.0007000192999839783,0.0070334611963606105,0.19525279644419544,0.12694128484579129,2496,123.10616510000546,123.31857289990876,,0
opening_006_offset_24,opening_006,late,32,r4k1r/pppb2pp/n2ppp1n/4P3/Pq1P4/b2B1P2/RBPN1KPP/5QNR w - - 4 17,white,original,1,41,b2a3,h2h4,-764.0,150.0,914.0,0,0,23,37,0.0,0.0,,,41,2.0385298000182956,137.76865059998818,,0
opening_006_offset_24,opening_006,late,32,r4k1r/pppb2pp/n2ppp1n/4P3/Pq1P4/b2B1P2/RBPN1KPP/5QNR w - - 4 17,white,original,2,41,b2a3,e5f6,-742.0,150.0,892.0,0,0,20,7,0.0001614689826965332,0.0009714985144948933,0.18092142870475425,0.10933102746688837,82,4.011672999942675,137.76865059998818,,0
opening_006_offset_24,opening_006,late,32,r4k1r/pppb2pp/n2ppp1n/4P3/Pq1P4/b2B1P2/RBPN1KPP/5QNR w - - 4 17,white,original,4,41,b2a3,e5f6,-742.0,150.0,892.0,0,0,20,4,0.0003661252558231354,0.0026245858653685893,0.1945291409071576,0.13431023442797396,164,7.992052900022827,137.76865059998818,,0
opening_006_offset_24,opening_006,late,32,r4k1r/pppb2pp/n2ppp1n/4P3/Pq1P4/b2B1P2/RBPN1KPP/5QNR w - - 4 17,white,original,8,41,b2a3,e5f6,-742.0,150.0,892.0,0,0,20,4,0.0004915231838822365,0.003267853667269421,0.19418067849621778,0.13186823016564717,328,15.743305700016208,137.76865059998818,,0
opening_006_offset_24,opening_006,late,32,r4k1r/pppb2pp/n2ppp1n/4P3/Pq1P4/b2B1P2/RBPN1KPP/5QNR w - - 4 17,white,original,16,41,b2a3,e5f6,-742.0,150.0,892.0,0,0,20,4,0.0004727523773908615,0.003524898958144661,0.21116822102953428,0.14652025573960795,656,32.13378819997888,137.76865059998818,,0
opening_006_offset_24,opening_006,late,32,r4k1r/pppb2pp/n2ppp1n/4P3/Pq1P4/b2B1P2/RBPN1KPP/5QNR w - - 4 17,white,original,32,41,b2a3,e5f6,-742.0,150.0,892.0,0,0,20,4,0.00047663506120443344,0.003536305950304933,0.22545517987806712,0.15384626852658836,1312,65.48694610001985,137.76865059998818,,0
opening_006_offset_24,opening_006,late,32,r4k1r/pppb2pp/n2ppp1n/4P3/Pq1P4/b2B1P2/RBPN1KPP/5QNR w - - 4 17,white,original,64,41,b2a3,e5f6,-742.0,150.0,892.0,0,0,20,4,0.0004991218447685242,0.0034174672961400287,0.22022824371396973,0.14896226000193474,2624,137.54949479992501,137.76865059998818,,0
opening_007_offset_00,opening_007,early,8,rn1qkb1r/ppp1p1pp/3p1n2/5p2/1P6/2N2PPb/P1PPP2P/R1BQKBNR w KQkq - 1 5,white,original,1,21,g1h3,g3g4,-168.0,799.0,967.0,0,1,20,2,0.0,0.0,,,21,1.0249151000753045,70.72474410000723,,0
opening_007_offset_00,opening_007,early,8,rn1qkb1r/ppp1p1pp/3p1n2/5p2/1P6/2N2PPb/P1PPP2P/R1BQKBNR w KQkq - 1 5,white,original,2,21,g1h3,b4b5,-50.0,799.0,849.0,0,0,14,17,0.0015922170132398605,0.001018196398047962,-0.1915797977181992,-0.1320297344884709,42,2.1435888000996783,70.72474410000723,,0
opening_007_offset_00,opening_007,early,8,rn1qkb1r/ppp1p1pp/3p1n2/5p2/1P6/2N2PPb/P1PPP2P/R1BQKBNR w KQkq - 1 5,white,original,4,21,g1h3,b4b5,-50.0,799.0,849.0,0,0,14,16,0.0058569516986608505,0.00255513696902383,-0.22540836193996674,-0.16426846010152704,84,4.293346700025722,70.72474410000723,,0
opening_007_offset_00,opening_007,early,8,rn1qkb1r/ppp1p1pp/3p1n2/5p2/1P6/2N2PPb/P1PPP2P/R1BQKBNR w KQkq - 1 5,white,original,8,21,g1h3,b4b5,-50.0,799.0,849.0,0,0,14,19,0.007650766521692276,0.0034211290984900904,-0.27035974047712774,-0.2222455636667719,168,9.110898100072518,70.72474410000723,,0
opening_007_offset_00,opening_007,early,8,rn1qkb1r/ppp1p1pp/3p1n2/5p2/1P6/2N2PPb/P1PPP2P/R1BQKBNR w KQkq - 1 5,white,original,16,21,g1h3,b4b5,-50.0,799.0,849.0,0,0,14,19,0.007726308889687061,0.0037554052421247368,-0.2599362324105397,-0.2222455636667719,336,17.894445099984296,70.72474410000723,,0
opening_007_offset_00,opening_007,early,8,rn1qkb1r/ppp1p1pp/3p1n2/5p2/1P6/2N2PPb/P1PPP2P/R1BQKBNR w KQkq - 1 5,white,original,32,21,g1h3,b4b5,-50.0,799.0,849.0,0,0,14,19,0.007789572904584929,0.0038434241766107328,-0.25667888613973094,-0.21258271307256443,672,35.3659808000084,70.72474410000723,,0
opening_007_offset_00,opening_007,early,8,rn1qkb1r/ppp1p1pp/3p1n2/5p2/1P6/2N2PPb/P1PPP2P/R1BQKBNR w KQkq - 1 5,white,original,64,21,g1h3,b4b5,-50.0,799.0,849.0,0,0,14,20,0.0027695205062627792,0.004669207893273666,-0.26254210942718675,-0.21258271307256443,1344,70.58620260003954,70.72474410000723,,0
opening_007_offset_04,opening_007,early,12,rn1qkb1r/ppp1p1pp/3p1n2/3N1p2/1P3P2/5bP1/P1PPP2P/R1BQKBNR w KQkq - 3 7,white,original,1,27,d5f6,h2h4,-805.0,479.0,1284.0,0,0,18,12,0.0,0.0,,,27,1.2362857999978587,83.63880730001256,,0
opening_007_offset_04,opening_007,early,12,rn1qkb1r/ppp1p1pp/3p1n2/3N1p2/1P3P2/5bP1/P1PPP2P/R1BQKBNR w KQkq - 3 7,white,original,2,27,d5f6,d5e7,-539.0,479.0,1018.0,0,0,6,8,0.002748222090303898,0.0010212160507454444,0.08922844467737247,0.031609717432594296,54,2.5525343000190333,83.63880730001256,,0
opening_007_offset_04,opening_007,early,12,rn1qkb1r/ppp1p1pp/3p1n2/3N1p2/1P3P2/5bP1/P1PPP2P/R1BQKBNR w KQkq - 3 7,white,original,4,27,d5f6,d5e7,-539.0,479.0,1018.0,0,0,6,6,0.00043803080916404724,0.0020919316622122694,0.13585712263306207,0.034236839400873034,108,5.444211199996062,83.63880730001256,,0
opening_007_offset_04,opening_007,early,12,rn1qkb1r/ppp1p1pp/3p1n2/3N1p2/1P3P2/5bP1/P1PPP2P/R1BQKBNR w KQkq - 3 7,white,original,8,27,d5f6,b4b5,-778.0,479.0,1257.0,0,0,14,6,0.002972416579723358,0.002424015189702422,0.12456113715570635,0.03994297930101854,216,10.507313999929465,83.63880730001256,,0
opening_007_offset_04,opening_007,early,12,rn1qkb1r/ppp1p1pp/3p1n2/3N1p2/1P3P2/5bP1/P1PPP2P/R1BQKBNR w KQkq - 3 7,white,original,16,27,d5f6,b4b5,-778.0,479.0,1257.0,0,0,14,6,0.0038543622940778732,0.002565710643121632,0.119676386679012,0.03994297930101854,432,21.49331729998812,83.63880730001256,,0
opening_007_offset_04,opening_007,early,12,rn1qkb1r/ppp1p1pp/3p1n2/3N1p2/1P3P2/5bP1/P1PPP2P/R1BQKBNR w KQkq - 3 7,white,original,32,27,d5f6,b4b5,-778.0,479.0,1257.0,0,0,14,6,0.004133299458771944,0.0026449375433124918,-0.01587543904925669,-0.034236839400873034,864,42.31785230000969,83.63880730001256,,0
opening_007_offset_04,opening_007,early,12,rn1qkb1r/ppp1p1pp/3p1n2/3N1p2/1P3P2/5bP1/P1PPP2P/R1BQKBNR w KQkq - 3 7,white,original,64,27,d5f6,b4b5,-778.0,479.0,1257.0,0,0,14,7,0.004452485591173172,0.003695809410694352,-0.0879255085804986,-0.1027105182026191,1728,83.47399259998929,83.63880730001256,,0
opening_007_offset_08,opening_007,early,16,rn1qkb1r/pp1np1pp/3p4/2pN1p2/1P3P2/5bPB/P1PPP2P/1RBQK1NR w Kkq - 0 9,white,original,1,30,g1f3,h3g4,-655.0,803.0,1458.0,0,0,17,6,0.0,0.0,,,30,1.3464367999695241,88.95458270004019,,0
opening_007_offset_08,opening_007,early,16,rn1qkb1r/pp1np1pp/3p4/2pN1p2/1P3P2/5bPB/P1PPP2P/1RBQK1NR w Kkq - 0 9,white,original,2,30,g1f3,d5e7,-306.0,803.0,1109.0,0,0,7,27,0.0025444389320909977,0.0010252938837739347,-0.10864940696345309,-0.05926567233083496,60,2.7979119999799877,88.95458270004019,,0
opening_007_offset_08,opening_007,early,16,rn1qkb1r/pp1np1pp/3p4/2pN1p2/1P3P2/5bPB/P1PPP2P/1RBQK1NR w Kkq - 0 9,white,original,4,30,g1f3,b4c5,-598.0,803.0,1401.0,0,0,16,25,2.5807414203882217e-05,0.0023805527151025963,0.1363889206348242,0.12428086479631889,120,5.885570099926554,88.95458270004019,,0
opening_007_offset_08,opening_007,early,16,rn1qkb1r/pp1np1pp/3p4/2pN1p2/1P3P2/5bPB/P1PPP2P/1RBQK1NR w Kkq - 0 9,white,original,8,30,g1f3,b4b5,-579.0,803.0,1382.0,0,0,13,30,0.000792614184319973,0.002764312401714395,0.08721771107479785,0.0920598998491251,240,11.230235899914987,88.95458270004019,,0
opening_007_offset_08,opening_007,early,16,rn1qkb1r/pp1np1pp/3p4/2pN1p2/1P3P2/5bPB/P1PPP2P/1RBQK1NR w Kkq - 0 9,white,original,16,30,g1f3,b4b5,-579.0,803.0,1382.0,0,0,13,30,0.0015235808677971363,0.0028746360990243034,0.0978974307982425,0.10586888482649386,480,21.67210620001424,88.95458270004019,,0
opening_007_offset_08,opening_007,early,16,rn1qkb1r/pp1np1pp/3p4/2pN1p2/1P3P2/5bPB/P1PPP2P/1RBQK1NR w Kkq - 0 9,white,original,32,30,g1f3,b4b5,-579.0,803.0,1382.0,0,0,13,30,0.001741974614560604,0.002936503682447439,0.03315162997485939,0.06904492488684383,960,44.338099199929275,88.95458270004019,,0
opening_007_offset_08,opening_007,early,16,rn1qkb1r/pp1np1pp/3p4/2pN1p2/1P3P2/5bPB/P1PPP2P/1RBQK1NR w Kkq - 0 9,white,original,64,30,g1f3,b4b5,-579.0,803.0,1382.0,0,0,13,30,0.002941146492958069,0.0035454264782393925,-0.04983869204274163,0.004602994992456255,1920,88.76056989992503,88.95458270004019,,0
opening_007_offset_12,opening_007,middle,20,rnq1kb1r/1p1np1pp/p2p4/2pN1p2/1P3P2/2PP1bPB/P3P2P/1RBQK1NR w Kkq - 1 11,white,original,1,34,e2f3,h3g4,-643.0,801.0,1444.0,0,0,25,7,0.0,0.0,,,34,1.4179945000214502,96.98631509998813,,0
opening_007_offset_12,opening_007,middle,20,rnq1kb1r/1p1np1pp/p2p4/2pN1p2/1P3P2/2PP1bPB/P3P2P/1RBQK1NR w Kkq - 1 11,white,original,2,34,e2f3,d5e7,305.0,801.0,496.0,0,0,3,4,0.0025444255443289876,0.0009701306861750672,0.08298994556418332,0.07028365392292524,68,2.825375000014901,96.98631509998813,,0
opening_007_offset_12,opening_007,middle,20,rnq1kb1r/1p1np1pp/p2p4/2pN1p2/1P3P2/2PP1bPB/P3P2P/1RBQK1NR w Kkq - 1 11,white,original,4,34,e2f3,b4c5,-208.0,801.0,1009.0,0,0,7,4,2.6528723537921906e-05,0.0022400778507765265,0.14424325811827446,0.12132029804865598,136,5.644010300049558,96.98631509998813,,0
opening_007_offset_12,opening_007,middle,20,rnq1kb1r/1p1np1pp/p2p4/2pN1p2/1P3P2/2PP1bPB/P3P2P/1RBQK1NR w Kkq - 1 11,white,original,8,34,e2f3,b4b5,-564.0,801.0,1365.0,0,0,18,5,0.0007929952698759735,0.0025968606589164144,0.10222324118763307,0.07493312526534635,272,11.383330600103363,96.98631509998813,,0
opening_007_offset_12,opening_007,middle,20,rnq1kb1r/1p1np1pp/p2p4/2pN1p2/1P3P2/2PP1bPB/P3P2P/1RBQK1NR w Kkq - 1 11,white,original,16,34,e2f3,b4b5,-564.0,801.0,1365.0,0,0,18,9,0.001524158171378076,0.002716820052308593,0.09687523903282416,0.09277434556661927,544,22.827192700002342,96.98631509998813,,0
opening_007_offset_12,opening_007,middle,20,rnq1kb1r/1p1np1pp/p2p4/2pN1p2/1P3P2/2PP1bPB/P3P2P/1RBQK1NR w Kkq - 1 11,white,original,32,34,e2f3,b4b5,-564.0,801.0,1365.0,0,0,18,17,0.0017427746206521988,0.003468190007697896,0.013446405417805249,0.03568244060254588,1088,47.00381450005807,96.98631509998813,,0
opening_007_offset_12,opening_007,middle,20,rnq1kb1r/1p1np1pp/p2p4/2pN1p2/1P3P2/2PP1bPB/P3P2P/1RBQK1NR w Kkq - 1 11,white,original,64,34,e2f3,d1d2,-691.0,801.0,1492.0,0,0,29,33,1.3202661648392677e-05,0.021888292383888692,-0.07945603201430373,-0.03568244060254588,2176,96.79357870004606,96.98631509998813,,0
opening_007_offset_16,opening_007,middle,24,r1q1kb1r/1p1np1p1/p1np4/2pN1p1p/1P3P2/2PP1bPB/P2KP2P/R1BQ2NR w kq - 0 13,white,original,1,31,g1f3,h3g4,-762.0,762.0,1524.0,0,0,20,6,0.0,0.0,,,31,1.6315354999387637,91.43152350001037,,0
opening_007_offset_16,opening_007,middle,24,r1q1kb1r/1p1np1p1/p1np4/2pN1p1p/1P3P2/2PP1bPB/P2KP2P/R1BQ2NR w kq - 0 13,white,original,2,31,g1f3,d5e7,67.0,762.0,695.0,0,0,3,28,0.002544400282204151,0.0010082403364012828,-0.020340432514616227,-0.026710229973844254,62,3.02084669994656,91.43152350001037,,0
opening_007_offset_16,opening_007,middle,24,r1q1kb1r/1p1np1p1/p1np4/2pN1p1p/1P3P2/2PP1bPB/P2KP2P/R1BQ2NR w kq - 0 13,white,original,4,31,g1f3,b4c5,-578.0,762.0,1340.0,0,0,12,27,2.7138739824295044e-05,0.002325749957468187,0.0917431197322931,0.07750273596663336,124,5.6701518999179825,91.43152350001037,,0
opening_007_offset_16,opening_007,middle,24,r1q1kb1r/1p1np1p1/p1np4/2pN1p1p/1P3P2/2PP1bPB/P2KP2P/R1BQ2NR w kq - 0 13,white,original,8,31,g1f3,b4b5,-389.0,762.0,1151.0,0,0,7,31,0.0007927529513835907,0.002698250419648532,0.09093658681156966,0.0731970284129315,248,11.107454599929042,91.43152350001037,,0
opening_007_offset_16,opening_007,middle,24,r1q1kb1r/1p1np1p1/p1np4/2pN1p1p/1P3P2/2PP1bPB/P2KP2P/R1BQ2NR w kq - 0 13,white,original,16,31,g1f3,b4b5,-389.0,762.0,1151.0,0,0,7,31,0.001523645594716072,0.0028223372145291755,0.04617400971141785,0.060279905751825937,496,22.09936979995109,91.43152350001037,,0
opening_007_offset_16,opening_007,middle,24,r1q1kb1r/1p1np1p1/p1np4/2pN1p1p/1P3P2/2PP1bPB/P2KP2P/R1BQ2NR w kq - 0 13,white,original,32,31,g1f3,b4b5,-389.0,762.0,1151.0,0,0,7,31,0.001742212101817131,0.0037092079605943015,-0.06129650197498265,-0.004305707553701852,992,44.46173219999764,91.43152350001037,,0
opening_007_offset_16,opening_007,middle,24,r1q1kb1r/1p1np1p1/p1np4/2pN1p1p/1P3P2/2PP1bPB/P2KP2P/R1BQ2NR w kq - 0 13,white,original,64,31,g1f3,d1f1,-740.0,762.0,1502.0,0,0,19,31,0.0001761084422469139,0.024920007051855392,-0.2032462960223109,-0.12486551905735374,1984,91.23606070003007,91.43152350001037,,0
opening_007_offset_20,opening_007,late,28,r1q1kb1r/1p2p1p1/p1np4/2pN1p1p/1Pn2P2/P1PP1bPB/3KP2P/1RBQ2NR w kq - 1 15,white,original,1,3,d3c4,d3c4,-10.0,-10.0,0.0,1,1,1,1,0.0,0.0,,,3,0.6028218000428751,20.097375600016676,,0
opening_007_offset_20,opening_007,late,28,r1q1kb1r/1p2p1p1/p1np4/2pN1p1p/1Pn2P2/P1PP1bPB/3KP2P/1RBQ2NR w kq - 1 15,white,original,2,3,d3c4,d3c4,-10.0,-10.0,0.0,1,1,1,1,0.000218941830098629,0.00010321016849875568,0.8660254037844387,0.816496580927726,6,0.8353444000240415,20.097375600016676,,0
opening_007_offset_20,opening_007,late,28,r1q1kb1r/1p2p1p1/p1np4/2pN1p1p/1Pn2P2/P1PP1bPB/3KP2P/1RBQ2NR w kq - 1 15,white,original,4,3,d3c4,d3c4,-10.0,-10.0,0.0,1,1,1,1,0.0021128831431269646,0.0010081069254235875,1.0,1.0,12,1.7452436999883503,20.097375600016676,,0
opening_007_offset_20,opening_007,late,28,r1q1kb1r/1p2p1p1/p1np4/2pN1p1p/1Pn2P2/P1PP1bPB/3KP2P/1RBQ2NR w kq - 1 15,white,original,8,3,d3c4,d3c4,-10.0,-10.0,0.0,1,1,1,1,0.0027875425294041634,0.0013333224936779612,0.5,0.33333333333333337,24,3.427591499988921,20.097375600016676,,0
opening_007_offset_20,opening_007,late,28,r1q1kb1r/1p2p1p1/p1np4/2pN1p1p/1Pn2P2/P1PP1bPB/3KP2P/1RBQ2NR w kq - 1 15,white,original,16,3,d3c4,d3c4,-10.0,-10.0,0.0,1,1,1,1,0.0028511174023151398,0.0013651044239811367,0.5,0.33333333333333337,48,6.185472000041045,20.097375600016676,,0
opening_007_offset_20,opening_007,late,28,r1q1kb1r/1p2p1p1/p1np4/2pN1p1p/1Pn2P2/P1PP1bPB/3KP2P/1RBQ2NR w kq - 1 15,white,original,32,3,d3c4,d3c4,-10.0,-10.0,0.0,1,1,1,1,0.0027893483638763428,0.0013369110090824623,0.5,0.33333333333333337,96,11.20521689997986,20.097375600016676,,0
opening_007_offset_20,opening_007,late,28,r1q1kb1r/1p2p1p1/p1np4/2pN1p1p/1Pn2P2/P1PP1bPB/3KP2P/1RBQ2NR w kq - 1 15,white,original,64,3,d3c4,d3c4,-10.0,-10.0,0.0,1,1,1,1,0.0024284422397613525,0.0011812714936404157,0.5,0.33333333333333337,192,20.0851995999692,20.097375600016676,,0
opening_007_offset_24,opening_007,late,32,r1q1kbr1/1p4p1/p1npp3/2pN1p1p/1PnP1P2/P1P2bPB/2K1P2P/1RBQ2NR w q - 0 17,white,original,1,30,g1f3,h3g4,-883.0,27.0,910.0,0,0,12,6,0.0,0.0,,,30,1.362812799983658,87.80167559999973,,0
opening_007_offset_24,opening_007,late,32,r1q1kbr1/1p4p1/p1npp3/2pN1p1p/1PnP1P2/P1P2bPB/2K1P2P/1RBQ2NR w q - 0 17,white,original,2,30,g1f3,d5e7,-408.0,27.0,435.0,0,0,6,29,0.0021200068295001984,0.0009454968886134627,0.0013385439663984556,0.06776607334613509,60,2.9835364999016747,87.80167559999973,,0
opening_007_offset_24,opening_007,late,32,r1q1kbr1/1p4p1/p1npp3/2pN1p1p/1PnP1P2/P1P2bPB/2K1P2P/1RBQ2NR w q - 0 17,white,original,4,30,g1f3,b4c5,-868.0,27.0,895.0,0,0,10,27,0.0004532616585493088,0.0022289125508803053,0.07942157953281423,0.07586206896551725,120,5.759426999953575,87.80167559999973,,0
opening_007_offset_24,opening_007,late,32,r1q1kbr1/1p4p1/p1npp3/2pN1p1p/1PnP1P2/P1P2bPB/2K1P2P/1RBQ2NR w q - 0 17,white,original,8,30,g1f3,b4b5,-884.0,27.0,911.0,0,0,13,30,0.0007997658103704453,0.0026379612814732686,0.0353726362625139,0.03908045977011494,240,10.968159099924378,87.80167559999973,,0
opening_007_offset_24,opening_007,late,32,r1q1kbr1/1p4p1/p1npp3/2pN1p1p/1PnP1P2/P1P2bPB/2K1P2P/1RBQ2NR w q - 0 17,white,original,16,30,g1f3,b4b5,-884.0,27.0,911.0,0,0,13,30,0.0015342161059379578,0.002773143506757416,-0.05183537263626252,-0.011494252873563218,480,21.60422199999448,87.80167559999973,,0
opening_007_offset_24,opening_007,late,32,r1q1kbr1/1p4p1/p1npp3/2pN1p1p/1PnP1P2/P1P2bPB/2K1P2P/1RBQ2NR w q - 0 17,white,original,32,30,g1f3,b4b5,-884.0,27.0,911.0,0,0,13,30,0.001754123717546463,0.0035872198755598507,-0.13815350389321468,-0.06666666666666667,960,42.828936300007626,87.80167559999973,,0
opening_007_offset_24,opening_007,late,32,r1q1kbr1/1p4p1/p1npp3/2pN1p1p/1PnP1P2/P1P2bPB/2K1P2P/1RBQ2NR w q - 0 17,white,original,64,30,g1f3,d1f1,-953.0,27.0,980.0,0,0,19,30,0.00014272518455982208,0.02313056458620876,-0.23025583982202447,-0.167816091954023,1920,87.58737189997919,87.80167559999973,,0
opening_008_offset_00,opening_008,early,8,r1bq1bnr/pppkpppp/8/3p4/4P3/2N5/PPPP1PPP/R1BQK1NR w KQ - 0 5,white,original,1,29,c3d5,h2h4,69.0,298.0,229.0,0,0,19,21,0.0,0.0,,,29,1.4513084000209346,85.29672679991927,,0
opening_008_offset_00,opening_008,early,8,r1bq1bnr/pppkpppp/8/3p4/4P3/2N5/PPPP1PPP/R1BQK1NR w KQ - 0 5,white,original,2,29,c3d5,g2g3,35.0,298.0,263.0,0,0,23,24,0.0005252687260508537,0.0004113744217627998,-0.3352491827485891,-0.251943802636566,58,2.937023299979046,85.29672679991927,,0
opening_008_offset_00,opening_008,early,8,r1bq1bnr/pppkpppp/8/3p4/4P3/2N5/PPPP1PPP/R1BQK1NR w KQ - 0 5,white,original,4,29,c3d5,g2g3,35.0,298.0,263.0,0,0,23,24,0.0011465642601251602,0.0011848613216180828,-0.32294617808699316,-0.22441447392934025,116,5.659759699949063,85.29672679991927,,0
opening_008_offset_00,opening_008,early,8,r1bq1bnr/pppkpppp/8/3p4/4P3/2N5/PPPP1PPP/R1BQK1NR w KQ - 0 5,white,original,8,29,c3d5,g2g3,35.0,298.0,263.0,0,0,23,25,0.00048224441707134247,0.0017983842859849817,-0.24362606417088958,-0.15043168032626106,232,10.79181389999576,85.29672679991927,,0
opening_008_offset_00,opening_008,early,8,r1bq1bnr/pppkpppp/8/3p4/4P3/2N5/PPPP1PPP/R1BQK1NR w KQ - 0 5,white,original,16,29,c3d5,b2b3,92.0,298.0,206.0,0,0,14,26,6.206333637237549e-05,0.002104879280868803,-0.21431210902798173,-0.12577074912523464,464,22.133275399915874,85.29672679991927,,0
opening_008_offset_00,opening_008,early,8,r1bq1bnr/pppkpppp/8/3p4/4P3/2N5/PPPP1PPP/R1BQK1NR w KQ - 0 5,white,original,32,29,c3d5,d1g4,174.0,298.0,124.0,0,0,4,26,1.8785707652568817e-05,0.0030710121970934606,-0.06922034785846307,-0.022194838080923762,928,42.09072149998974,85.29672679991927,,0
opening_008_offset_00,opening_008,early,8,r1bq1bnr/pppkpppp/8/3p4/4P3/2N5/PPPP1PPP/R1BQK1NR w KQ - 0 5,white,original,64,29,c3d5,d1g4,174.0,298.0,124.0,0,0,4,26,1.8872320652008057e-05,0.0030767264673068418,-0.07808843512858646,-0.032059210561334324,1856,85.02070569992065,85.29672679991927,,0
opening_008_offset_04,opening_008,early,12,r1b1qbnr/pppkp1pp/8/3p1p2/4P3/1PN5/P1PP1PPP/1RBQK1NR w K - 1 7,white,original,1,31,e4d5,h2h4,42.0,314.0,272.0,0,0,9,12,0.0,0.0,,,31,1.2271833999548107,94.34943889989518,,0
opening_008_offset_04,opening_008,early,12,r1b1qbnr/pppkp1pp/8/3p1p2/4P3/1PN5/P1PP1PPP/1RBQK1NR w K - 1 7,white,original,2,31,e4d5,g2g3,-55.0,314.0,369.0,0,0,25,24,0.0005252682603895664,0.0004046732526825847,-0.13276351336323813,-0.08200944960232968,62,2.5075478999642655,94.34943889989518,,0
opening_008_offset_04,opening_008,early,12,r1b1qbnr/pppkp1pp/8/3p1p2/4P3/1PN5/P1PP1PPP/1RBQK1NR w K - 1 7,white,original,4,31,e4d5,g2g3,-55.0,314.0,369.0,0,0,25,23,0.0011430373415350914,0.0010811572582985014,-0.10973274214239455,-0.0928734366803962,124,5.72437800001353,94.34943889989518,,0
opening_008_offset_04,opening_008,early,12,r1b1qbnr/pppkp1pp/8/3p1p2/4P3/1PN5/P1PP1PPP/1RBQK1NR w K - 1 7,white,original,8,31,e4d5,g2g3,-55.0,314.0,369.0,0,0,25,26,0.00130451750010252,0.0015206375520998086,-0.24649524062133485,-0.17062794180816976,248,11.271883400040679,94.34943889989518,,0
opening_008_offset_04,opening_008,early,12,r1b1qbnr/pppkp1pp/8/3p1p2/4P3/1PN5/P1PP1PPP/1RBQK1NR w K - 1 7,white,original,16,31,e4d5,g2g3,-55.0,314.0,369.0,0,0,25,26,0.0013407515361905098,0.0017546327205222615,-0.31104391246980223,-0.20950519437205653,496,22.09414049994666,94.34943889989518,,0
opening_008_offset_04,opening_008,early,12,r1b1qbnr/pppkp1pp/8/3p1p2/4P3/1PN5/P1PP1PPP/1RBQK1NR w K - 1 7,white,original,32,31,e4d5,d1g4,-924.0,314.0,1238.0,0,0,31,26,1.8885359168052673e-05,0.0028540456662162657,-0.3630862791476291,-0.24838244693594333,992,47.54130010004155,94.34943889989518,,0
opening_008_offset_04,opening_008,early,12,r1b1qbnr/pppkp1pp/8/3p1p2/4P3/1PN5/P1PP1PPP/1RBQK1NR w K - 1 7,white,original,64,31,e4d5,d1g4,-924.0,314.0,1238.0,0,0,31,26,1.920759677886963e-05,0.0026686372478218565,-0.37034800473058166,-0.24838244693594333,1984,94.1899033000227,94.34943889989518,,0
opening_008_offset_08,opening_008,early,16,r1b1qb1r/p1pkp1pp/1p3n2/3p1p2/PP2P3/2N5/2PP1PPP/1RBQK1NR w K - 0 9,white,original,1,31,e4e5,h2h4,-153.0,194.0,347.0,0,0,16,11,0.0,0.0,,,31,1.8769953000592068,92.90942809998523,,0
opening_008_offset_08,opening_008,early,16,r1b1qb1r/p1pkp1pp/1p3n2/3p1p2/PP2P3/2N5/2PP1PPP/1RBQK1NR w K - 0 9,white,original,2,31,e4e5,b4b5,-133.0,194.0,327.0,0,0,12,11,0.0007309853099286556,0.0005214005611292906,-0.13830099735812812,-0.07782102369592485,62,4.101221699966118,92.90942809998523,,0
opening_008_offset_08,opening_008,early,16,r1b1qb1r/p1pkp1pp/1p3n2/3p1p2/PP2P3/2N5/2PP1PPP/1RBQK1NR w K - 0 9,white,original,4,31,e4e5,b4b5,-133.0,194.0,327.0,0,0,12,12,0.003952337428927422,0.001641219926523909,-0.10766129032258066,-0.07956989247311828,124,6.915056099998765,92.90942809998523,,0
opening_008_offset_08,opening_008,early,16,r1b1qb1r/p1pkp1pp/1p3n2/3p1p2/PP2P3/2N5/2PP1PPP/1RBQK1NR w K - 0 9,white,original,8,31,e4e5,b4b5,-133.0,194.0,327.0,0,0,12,13,0.005517857149243355,0.0022718320881865857,-0.1903225806451613,-0.13978494623655915,248,12.456816400052048,92.90942809998523,,0
opening_008_offset_08,opening_008,early,16,r1b1qb1r/p1pkp1pp/1p3n2/3p1p2/PP2P3/2N5/2PP1PPP/1RBQK1NR w K - 0 9,white,original,16,31,e4e5,b4b5,-133.0,194.0,327.0,0,0,12,14,0.006040999665856361,0.0025142889468098666,-0.25685483870967746,-0.1698924731182796,496,24.134672100073658,92.90942809998523,,0
opening_008_offset_08,opening_008,early,16,r1b1qb1r/p1pkp1pp/1p3n2/3p1p2/PP2P3/2N5/2PP1PPP/1RBQK1NR w K - 0 9,white,original,32,31,e4e5,b4b5,-133.0,194.0,327.0,0,0,12,14,0.0036129020154476166,0.003370148307053372,-0.3181451612903226,-0.22150537634408607,992,47.93469530006405,92.90942809998523,,0
opening_008_offset_08,opening_008,early,16,r1b1qb1r/p1pkp1pp/1p3n2/3p1p2/PP2P3/2N5/2PP1PPP/1RBQK1NR w K - 0 9,white,original,64,31,e4e5,d1g4,-923.0,194.0,1117.0,0,0,31,14,1.3813376426696777e-05,0.006691768207071667,-0.34395161290322585,-0.23870967741935484,1984,92.71133339998778,92.90942809998523,,0
opening_008_offset_12,opening_008,middle,20,r1b2b1r/p1pkpqpp/1p3n2/3p1p2/PP2P3/1R6/N1PP1PPP/2BQK1NR w K - 4 11,white,original,1,36,e4e5,h2h4,-268.0,130.0,398.0,0,0,15,11,0.0,0.0,,,36,1.3824382999446243,101.07250459992792,,0
opening_008_offset_12,opening_008,middle,20,r1b2b1r/p1pkpqpp/1p3n2/3p1p2/PP2P3/1R6/N1PP1PPP/2BQK1NR w K - 4 11,white,original,2,36,e4e5,b4b5,-218.0,130.0,348.0,0,0,11,10,0.0007309848442673683,0.000501044673355065,-0.08134229067227042,-0.08600801991909096,72,3.1730498999822885,101.07250459992792,,0
opening_008_offset_12,opening_008,middle,20,r1b2b1r/p1pkpqpp/1p3n2/3p1p2/PP2P3/1R6/N1PP1PPP/2BQK1NR w K - 4 11,white,original,4,36,e4e5,b4b5,-218.0,130.0,348.0,0,0,11,12,0.003952328115701675,0.0015491259460688616,-0.23360576662055196,-0.1763304765909453,144,6.548283300013281,101.07250459992792,,0
opening_008_offset_12,opening_008,middle,20,r1b2b1r/p1pkpqpp/1p3n2/3p1p2/PP2P3/1R6/N1PP1PPP/2BQK1NR w K - 4 11,white,original,8,36,e4e5,b4b5,-218.0,130.0,348.0,0,0,11,18,0.005517775192856789,0.0021070170004273046,-0.31829590129621216,-0.22398736215606566,288,12.607961199944839,101.07250459992792,,0
opening_008_offset_12,opening_008,middle,20,r1b2b1r/p1pkpqpp/1p3n2/3p1p2/PP2P3/1R6/N1PP1PPP/2BQK1NR w K - 4 11,white,original,16,36,e4e5,b4b5,-218.0,130.0,348.0,0,0,11,19,0.006040835753083229,0.0023154458768780716,-0.3428792078661986,-0.23351873926908975,576,25.09147370001301,101.07250459992792,,0
opening_008_offset_12,opening_008,middle,20,r1b2b1r/p1pkpqpp/1p3n2/3p1p2/PP2P3/1R6/N1PP1PPP/2BQK1NR w K - 4 11,white,original,32,36,e4e5,b4b5,-218.0,130.0,348.0,0,0,11,19,0.0035963893169537187,0.0031287775004822,-0.3543342564773441,-0.2430501163821138,1152,49.52922689996194,101.07250459992792,,0
opening_008_offset_12,opening_008,middle,20,r1b2b1r/p1pkpqpp/1p3n2/3p1p2/PP2P3/1R6/N1PP1PPP/2BQK1NR w K - 4 11,white,original,64,36,e4e5,d1g4,-807.0,130.0,937.0,0,0,35,18,1.2233853340148926e-05,0.0073664950347457035,-0.32884999102782936,-0.23987299067777246,2304,100.87854039995,101.07250459992792,,0
opening_008_offset_16,opening_008,middle,24,r1b2b1r/3kpqpp/pp3n2/2pp1p2/PP2P3/5RP1/N1PP1P1P/2BQK1NR w K - 0 13,white,original,1,28,e4e5,h2h4,-600.0,-5.0,595.0,0,0,21,14,0.0,0.0,,,28,1.2986294000875205,90.45847549999598,,0
opening_008_offset_16,opening_008,middle,24,r1b2b1r/3kpqpp/pp3n2/2pp1p2/PP2P3/5RP1/N1PP1P1P/2BQK1NR w K - 0 13,white,original,2,28,e4e5,b4c5,-276.0,-5.0,271.0,0,0,8,7,0.00020384998060762882,0.0019150346897528234,0.017830250086051595,-0.005377043538842525,56,2.70562460005749,90.45847549999598,,0
opening_008_offset_16,opening_008,middle,24,r1b2b1r/3kpqpp/pp3n2/2pp1p2/PP2P3/5RP1/N1PP1P1P/2BQK1NR w K - 0 13,white,original,4,28,e4e5,b4c5,-276.0,-5.0,271.0,0,0,8,10,0.00045369938015937805,0.004403099347256331,0.004378762999452655,-0.005291005291005291,112,5.198627300094813,90.45847549999598,,0
opening_008_offset_16,opening_008,middle,24,r1b2b1r/3kpqpp/pp3n2/2pp1p2/PP2P3/5RP1/N1PP1P1P/2BQK1NR w K - 0 13,white,original,8,28,e4e5,b4b5,-658.0,-5.0,653.0,0,0,25,11,0.0007978649809956551,0.005817032010707702,0.014230979748221127,0.015873015873015872,224,10.590307000093162,90.45847549999598,,0
opening_008_offset_16,opening_008,middle,24,r1b2b1r/3kpqpp/pp3n2/2pp1p2/PP2P3/5RP1/N1PP1P1P/2BQK1NR w K - 0 13,white,original,16,28,e4e5,b4b5,-658.0,-5.0,653.0,0,0,25,11,0.0015313131734728813,0.0063917783108964656,0.0180623973727422,0.010582010582010581,448,20.926543800043873,90.45847549999598,,0
opening_008_offset_16,opening_008,middle,24,r1b2b1r/3kpqpp/pp3n2/2pp1p2/PP2P3/5RP1/N1PP1P1P/2BQK1NR w K - 0 13,white,original,32,28,e4e5,b4b5,-658.0,-5.0,653.0,0,0,25,11,0.0017519863322377205,0.006708614893430074,0.0021893814997263274,0.005291005291005291,896,44.5770588000305,90.45847549999598,,0
opening_008_offset_16,opening_008,middle,24,r1b2b1r/3kpqpp/pp3n2/2pp1p2/PP2P3/5RP1/N1PP1P1P/2BQK1NR w K - 0 13,white,original,64,28,e4e5,d1e2,-570.0,-5.0,565.0,0,0,20,11,0.010368302464485168,0.007912000126671889,-0.0016420361247947454,0.005291005291005291,1792,90.28755120001733,90.45847549999598,,0
opening_008_offset_20,opening_008,late,28,2b2b1r/r2kpqpp/pp3n2/2p2p2/PP1pP1P1/5R2/NBPP1P1P/3QK1NR w K - 0 15,white,original,1,36,a2c3,h2h4,-583.0,-200.0,383.0,0,0,17,35,0.0,0.0,,,36,1.5986384999705479,98.4858654999407,,0
opening_008_offset_20,opening_008,late,28,2b2b1r/r2kpqpp/pp3n2/2p2p2/PP1pP1P1/5R2/NBPP1P1P/3QK1NR w K - 0 15,white,original,2,36,a2c3,g4f5,-444.0,-200.0,244.0,0,0,10,25,5.7011377066373825e-05,0.002000114037381818,0.031545212749016095,0.01790505367619811,72,3.174320699996315,98.4858654999407,,0
opening_008_offset_20,opening_008,late,28,2b2b1r/r2kpqpp/pp3n2/2p2p2/PP1pP1P1/5R2/NBPP1P1P/3QK1NR w K - 0 15,white,original,4,36,a2c3,b4c5,-387.0,-200.0,187.0,0,0,8,25,0.00045369844883680344,0.004541058562299737,-0.0014158836518372935,0.006359308513668366,144,6.615215600002557,98.4858654999407,,0
opening_008_offset_20,opening_008,late,28,2b2b1r/r2kpqpp/pp3n2/2p2p2/PP1pP1P1/5R2/NBPP1P1P/3QK1NR w K - 0 15,white,original,8,36,a2c3,b4b5,-606.0,-200.0,406.0,0,0,22,25,0.0007979189977049828,0.0060511669892077055,0.06204144728959776,0.04451515959567857,288,12.935049299965613,98.4858654999407,,0
opening_008_offset_20,opening_008,late,28,2b2b1r/r2kpqpp/pp3n2/2p2p2/PP1pP1P1/5R2/NBPP1P1P/3QK1NR w K - 0 15,white,original,16,36,a2c3,b4b5,-606.0,-200.0,406.0,0,0,22,25,0.0015313811600208282,0.006692981856154542,0.06719011511446066,0.06041343087984948,576,24.946550799999386,98.4858654999407,,0
opening_008_offset_20,opening_008,late,28,2b2b1r/r2kpqpp/pp3n2/2p2p2/PP1pP1P1/5R2/NBPP1P1P/3QK1NR w K - 0 15,white,original,32,36,a2c3,b4b5,-606.0,-200.0,406.0,0,0,22,25,0.0017520803958177567,0.007313095604305835,0.1384991644888116,0.10810824473236223,1152,48.40304959996138,98.4858654999407,,0
opening_008_offset_20,opening_008,late,28,2b2b1r/r2kpqpp/pp3n2/2p2p2/PP1pP1P1/5R2/NBPP1P1P/3QK1NR w K - 0 15,white,original,64,36,a2c3,d1c1,-507.0,-200.0,307.0,0,0,11,25,0.0009132213890552521,0.01008616532061855,0.14197451527059407,0.11128789898919642,2304,98.23561309999786,98.4858654999407,,0
opening_008_offset_24,opening_008,late,32,2b2b1r/r2kp1qp/pp3n2/2p1Ppp1/PP1p2P1/5R2/NBPP1P1P/3Q1KNR w - - 2 17,white,original,1,37,e5f6,h2h4,-33.0,232.0,265.0,0,0,13,18,0.0,0.0,,,37,1.4730334000196308,109.21870139997918,,0
opening_008_offset_24,opening_008,late,32,2b2b1r/r2kp1qp/pp3n2/2p1Ppp1/PP1p2P1/5R2/NBPP1P1P/3Q1KNR w - - 2 17,white,original,2,37,e5f6,e5f6,232.0,232.0,0.0,1,1,1,1,0.0004243878647685051,0.002087356360474843,0.042057798465442366,0.0,74,3.2049673000583425,109.21870139997918,,0
opening_008_offset_24,opening_008,late,32,2b2b1r/r2kp1qp/pp3n2/2p1Ppp1/PP1p2P1/5R2/NBPP1P1P/3Q1KNR w - - 2 17,white,original,4,37,e5f6,e5f6,232.0,232.0,0.0,1,1,1,1,0.001247543841600418,0.004959930298018132,0.06604612847253592,0.00903618556850624,148,7.065097100101411,109.21870139997918,,0
opening_008_offset_24,opening_008,late,32,2b2b1r/r2kp1qp/pp3n2/2p1Ppp1/PP1p2P1/5R2/NBPP1P1P/3Q1KNR w - - 2 17,white,original,8,37,e5f6,e5f6,232.0,232.0,0.0,1,1,1,1,0.0004610780561051797,0.006427271118709708,0.08240944216950173,0.012048247424674988,296,14.786259400076233,109.21870139997918,,0
opening_008_offset_24,opening_008,late,32,2b2b1r/r2kp1qp/pp3n2/2p1Ppp1/PP1p2P1/5R2/NBPP1P1P/3Q1KNR w - - 2 17,white,original,16,37,e5f6,b4b5,-347.0,232.0,579.0,0,1,30,2,0.00019885029178112745,0.007036976317270044,0.08833817901622848,0.02108443299318123,592,27.587882500025444,109.21870139997918,,0
opening_008_offset_24,opening_008,late,32,2b2b1r/r2kp1qp/pp3n2/2p1Ppp1/PP1p2P1/5R2/NBPP1P1P/3Q1KNR w - - 2 17,white,original,32,37,e5f6,b4b5,-347.0,232.0,579.0,0,1,30,2,0.0005919598042964935,0.007644374424540123,0.11110452850765917,0.06325329897954368,1184,54.87097800010815,109.21870139997918,,0
opening_008_offset_24,opening_008,late,32,2b2b1r/r2kp1qp/pp3n2/2p1Ppp1/PP1p2P1/5R2/NBPP1P1P/3Q1KNR w - - 2 17,white,original,64,37,e5f6,d1c1,-145.0,232.0,377.0,0,0,21,7,0.0009166747331619263,0.020171112305547557,0.06984052005444104,0.03915680413019371,2368,109.00829750008415,109.21870139997918,,0
opening_009_offset_00,opening_009,early,8,rnbq1bnr/p1ppkp1p/1p4p1/4p3/8/3P2P1/PPPNPP1P/RNBQKB1R w KQ - 2 5,white,original,1,23,f1g2,h2h4,101.0,390.0,289.0,0,0,16,8,0.0,0.0,,,23,1.1439530999632552,83.43514860002324,,0
opening_009_offset_00,opening_009,early,8,rnbq1bnr/p1ppkp1p/1p4p1/4p3/8/3P2P1/PPPNPP1P/RNBQKB1R w KQ - 2 5,white,original,2,23,f1g2,d2e4,107.0,390.0,283.0,0,0,12,6,0.00013155583292245865,0.00022939795471510921,0.1462330447768324,0.10204421644036736,46,2.296546500059776,83.43514860002324,,0
opening_009_offset_00,opening_009,early,8,rnbq1bnr/p1ppkp1p/1p4p1/4p3/8/3P2P1/PPPNPP1P/RNBQKB1R w KQ - 2 5,white,original,4,23,f1g2,b2b3,101.0,390.0,289.0,0,0,14,8,0.00015910901129245758,0.0007375092878128483,0.2929972225689735,0.20401468958649435,92,4.881659800070338,83.43514860002324,,0
opening_009_offset_00,opening_009,early,8,rnbq1bnr/p1ppkp1p/1p4p1/4p3/8/3P2P1/PPPNPP1P/RNBQKB1R w KQ - 2 5,white,original,8,23,f1g2,b2b3,101.0,390.0,289.0,0,0,14,7,7.629115134477615e-05,0.0010674302400310964,0.2885428729015398,0.19601411352427892,184,10.680115499999374,83.43514860002324,,0
opening_009_offset_00,opening_009,early,8,rnbq1bnr/p1ppkp1p/1p4p1/4p3/8/3P2P1/PPPNPP1P/RNBQKB1R w KQ - 2 5,white,original,16,23,f1g2,b2b3,101.0,390.0,289.0,0,0,14,7,6.067659705877304e-05,0.001173116267229353,0.24449430396802857,0.16401180927541706,368,23.112038400024176,83.43514860002324,,0
opening_009_offset_00,opening_009,early,8,rnbq1bnr/p1ppkp1p/1p4p1/4p3/8/3P2P1/PPPNPP1P/RNBQKB1R w KQ - 2 5,white,original,32,23,f1g2,b2b3,101.0,390.0,289.0,0,0,14,7,8.199922740459442e-05,0.0012108258895155313,0.2504334368579402,0.18001296139984796,736,41.5538469000021,83.43514860002324,,0
opening_009_offset_00,opening_009,early,8,rnbq1bnr/p1ppkp1p/1p4p1/4p3/8/3P2P1/PPPNPP1P/RNBQKB1R w KQ - 2 5,white,original,64,23,f1g2,d2c4,156.0,390.0,234.0,0,0,4,7,8.714571595191956e-05,0.0026366674391278436,0.2157884950001224,0.16401180927541706,1472,83.29517830000259,83.43514860002324,,0
opening_009_offset_04,opening_009,early,12,rnb2bnr/p1qpkp1p/1pp3p1/4p3/8/NP1P2P1/P1PNPP1P/R1BQKB1R w KQ - 1 7,white,original,1,23,f1g2,h2h4,105.0,179.0,74.0,0,0,8,8,0.0,0.0,,,23,1.5977031000657007,90.1406955999555,,0
opening_009_offset_04,opening_009,early,12,rnb2bnr/p1qpkp1p/1pp3p1/4p3/8/NP1P2P1/P1PNPP1P/R1BQKB1R w KQ - 1 7,white,original,2,23,f1g2,d2e4,84.0,179.0,95.0,0,0,13,4,0.00013555613986682147,0.00012801534756127543,-0.057413329234233666,-0.02907067991571235,46,3.242840100079775,90.1406955999555,,0
opening_009_offset_04,opening_009,early,12,rnb2bnr/p1qpkp1p/1pp3p1/4p3/8/NP1P2P1/P1PNPP1P/R1BQKB1R w KQ - 1 7,white,original,4,23,f1g2,d2c4,70.0,179.0,109.0,0,0,17,7,0.0002547254553064704,0.0005064660421856734,-0.08848246261449436,-0.0753974190422325,92,5.772267100051977,90.1406955999555,,0
opening_009_offset_04,opening_009,early,12,rnb2bnr/p1qpkp1p/1pp3p1/4p3/8/NP1P2P1/P1PNPP1P/R1BQKB1R w KQ - 1 7,white,original,8,23,f1g2,a3b5,-517.0,179.0,696.0,0,0,23,7,5.211378447711468e-05,0.0007712242482560905,-0.03954523468804218,-0.04365113734023988,184,12.61686650000047,90.1406955999555,,0
opening_009_offset_04,opening_009,early,12,rnb2bnr/p1qpkp1p/1pp3p1/4p3/8/NP1P2P1/P1PNPP1P/R1BQKB1R w KQ - 1 7,white,original,16,23,f1g2,a3b5,-517.0,179.0,696.0,0,0,23,8,0.0006503358017653227,0.0008925288954843821,-0.03559071121923796,-0.05158770776573804,368,23.814619000069797,90.1406955999555,,0
opening_009_offset_04,opening_009,early,12,rnb2bnr/p1qpkp1p/1pp3p1/4p3/8/NP1P2P1/P1PNPP1P/R1BQKB1R w KQ - 1 7,white,original,32,23,f1g2,a3b5,-517.0,179.0,696.0,0,0,23,8,0.0009163543581962585,0.0010159465655571783,-0.024221456246425833,-0.027777996489243555,736,45.5445192999905,90.1406955999555,,0
opening_009_offset_04,opening_009,early,12,rnb2bnr/p1qpkp1p/1pp3p1/4p3/8/NP1P2P1/P1PNPP1P/R1BQKB1R w KQ - 1 7,white,original,64,23,f1g2,a1b1,97.0,179.0,82.0,0,0,12,9,0.0048771388828754425,0.0034000901103601244,0.0019772617344021087,-0.003968285212749079,1472,89.99576289998367,90.1406955999555,,0
opening_009_offset_08,opening_009,early,16,rnbq1bnr/3pkp1p/1pp3p1/p3p3/7P/NP1P2P1/P1PNPPB1/R1BQK2R w KQ - 0 9,white,original,1,32,a3c4,h4h5,237.0,431.0,194.0,0,0,6,29,0.0,0.0,,,32,1.2796133999945596,96.49256489996333,,0
opening_009_offset_08,opening_009,early,16,rnbq1bnr/3pkp1p/1pp3p1/p3p3/7P/NP1P2P1/P1PNPPB1/R1BQK2R w KQ - 0 9,white,original,2,32,a3c4,g2c6,-366.0,431.0,797.0,0,0,31,27,0.00021895146346651018,0.0003233933257292592,-0.07614300284864679,-0.042224549328178325,64,2.711935800034553,96.49256489996333,,0
opening_009_offset_08,opening_009,early,16,rnbq1bnr/3pkp1p/1pp3p1/p3p3/7P/NP1P2P1/P1PNPPB1/R1BQK2R w KQ - 0 9,white,original,4,32,a3c4,g2c6,-366.0,431.0,797.0,0,0,31,7,0.000873398850671947,0.0008993263575540954,-0.020904008797754017,-0.016194464706281598,128,5.459281300078146,96.49256489996333,,0
opening_009_offset_08,opening_009,early,16,rnbq1bnr/3pkp1p/1pp3p1/p3p3/7P/NP1P2P1/P1PNPPB1/R1BQK2R w KQ - 0 9,white,original,8,32,a3c4,g2c6,-366.0,431.0,797.0,0,0,31,8,0.0008551618084311485,0.001198044909286014,-0.12560742128475003,-0.10121540441425998,256,11.62606310006231,96.49256489996333,,0
opening_009_offset_08,opening_009,early,16,rnbq1bnr/3pkp1p/1pp3p1/p3p3/7P/NP1P2P1/P1PNPPB1/R1BQK2R w KQ - 0 9,white,original,16,32,a3c4,g2c6,-366.0,431.0,797.0,0,0,31,8,0.0008183009922504425,0.0012845140117245485,-0.17034933485187267,-0.12955571765025278,512,22.424811800010502,96.49256489996333,,0
opening_009_offset_08,opening_009,early,16,rnbq1bnr/3pkp1p/1pp3p1/p3p3/7P/NP1P2P1/P1PNPPB1/R1BQK2R w KQ - 0 9,white,original,32,32,a3c4,g2c6,-366.0,431.0,797.0,0,0,31,7,0.0007848094683140516,0.001349185047802416,-0.15824701396896243,-0.12550710147368238,1024,43.90275770006701,96.49256489996333,,0
opening_009_offset_08,opening_009,early,16,rnbq1bnr/3pkp1p/1pp3p1/p3p3/7P/NP1P2P1/P1PNPPB1/R1BQK2R w KQ - 0 9,white,original,64,32,a3c4,a3b5,189.0,431.0,242.0,0,0,11,16,0.007510975003242493,0.01012216768080579,0.11313836340538796,0.07287509117826718,2048,96.29423640004825,96.49256489996333,,0
opening_009_offset_12,opening_009,middle,20,1nbq1bnr/3pkp1p/rpp3p1/p7/2N1p2P/1P1P1BP1/P1PNPP2/R1BQK2R w KQ - 0 11,white,original,1,32,d2e4,h4h5,47.0,754.0,707.0,0,0,9,17,0.0,0.0,,,32,1.2902085999958217,91.53985110006761,,0
opening_009_offset_12,opening_009,middle,20,1nbq1bnr/3pkp1p/rpp3p1/p7/2N1p2P/1P1P1BP1/P1PNPP2/R1BQK2R w KQ - 0 11,white,original,2,32,d2e4,d2e4,754.0,754.0,0.0,1,1,1,1,0.00018219748744741082,0.0013144126183163836,-0.1723051352481708,-0.12813856377150373,64,2.760138800018467,91.53985110006761,,0
opening_009_offset_12,opening_009,middle,20,1nbq1bnr/3pkp1p/rpp3p1/p7/2N1p2P/1P1P1BP1/P1PNPP2/R1BQK2R w KQ - 0 11,white,original,4,32,d2e4,d2e4,754.0,754.0,0.0,1,1,1,1,0.00020573619985952973,0.0027903617407437323,-0.2316715542521994,-0.15725806451612906,128,6.177428900031373,91.53985110006761,,0
opening_009_offset_12,opening_009,middle,20,1nbq1bnr/3pkp1p/rpp3p1/p7/2N1p2P/1P1P1BP1/P1PNPP2/R1BQK2R w KQ - 0 11,white,original,8,32,d2e4,d2e4,754.0,754.0,0.0,1,1,1,1,0.0001866884995251894,0.0037228032688225014,-0.23350439882697946,-0.1653225806451613,256,11.52330489992164,91.53985110006761,,0
opening_009_offset_12,opening_009,middle,20,1nbq1bnr/3pkp1p/rpp3p1/p7/2N1p2P/1P1P1BP1/P1PNPP2/R1BQK2R w KQ - 0 11,white,original,16,32,d2e4,d2e4,754.0,754.0,0.0,1,1,1,1,0.00018996628932654858,0.004134542730856157,-0.23753665689149558,-0.16935483870967744,512,23.200528000015765,91.53985110006761,,0
opening_009_offset_12,opening_009,middle,20,1nbq1bnr/3pkp1p/rpp3p1/p7/2N1p2P/1P1P1BP1/P1PNPP2/R1BQK2R w KQ - 0 11,white,original,32,32,d2e4,d2e4,754.0,754.0,0.0,1,1,1,1,0.00021972990361973643,0.00424490177327795,-0.252199413489736,-0.17741935483870971,1024,45.56519569992088,91.53985110006761,,0
opening_009_offset_12,opening_009,middle,20,1nbq1bnr/3pkp1p/rpp3p1/p7/2N1p2P/1P1P1BP1/P1PNPP2/R1BQK2R w KQ - 0 11,white,original,64,32,d2e4,d2e4,754.0,754.0,0.0,1,1,1,1,0.0021335147321224213,0.008985314956897368,-0.3119501466275659,-0.2298387096774194,2048,91.31317550002132,91.53985110006761,,0
opening_009_offset_16,opening_009,middle,24,1nbq1bnr/r2pkp1p/1pp3p1/p6P/2N5/1P1PpBP1/P1PNPP2/R1BQ1RK1 w - - 1 13,white,original,1,32,c1a3,h5h6,-7.0,696.0,703.0,0,0,20,28,0.0,0.0,,,32,1.5539781999541447,92.80308659991715,,0
opening_009_offset_16,opening_009,middle,24,1nbq1bnr/r2pkp1p/1pp3p1/p6P/2N5/1P1PpBP1/P1PNPP2/R1BQ1RK1 w - - 1 13,white,original,2,32,c1a3,c4b6,178.0,696.0,518.0,0,0,13,21,0.0,0.001572658783964702,0.38732861407817415,0.302063462499576,64,2.9386341999052092,92.80308659991715,,0
opening_009_offset_16,opening_009,middle,24,1nbq1bnr/r2pkp1p/1pp3p1/p6P/2N5/1P1PpBP1/P1PNPP2/R1BQ1RK1 w - - 1 13,white,original,4,32,c1a3,h5g6,322.0,696.0,374.0,0,0,7,18,3.695877967402339e-05,0.0034296936149106,0.3779325513196481,0.2701612903225807,128,6.636968099977821,92.80308659991715,,0
opening_009_offset_16,opening_009,middle,24,1nbq1bnr/r2pkp1p/1pp3p1/p6P/2N5/1P1PpBP1/P1PNPP2/R1BQ1RK1 w - - 1 13,white,original,8,32,c1a3,c4a5,-83.0,696.0,779.0,0,0,29,17,0.0001677849722909741,0.004553945486188697,0.4002932551319648,0.29838709677419356,256,13.475252299918793,92.80308659991715,,0
opening_009_offset_16,opening_009,middle,24,1nbq1bnr/r2pkp1p/1pp3p1/p6P/2N5/1P1PpBP1/P1PNPP2/R1BQ1RK1 w - - 1 13,white,original,16,32,c1a3,c4a5,-83.0,696.0,779.0,0,0,29,17,0.00018951750826090574,0.005055165368831182,0.3808651026392961,0.27822580645161293,512,25.304553199908696,92.80308659991715,,0
opening_009_offset_16,opening_009,middle,24,1nbq1bnr/r2pkp1p/1pp3p1/p6P/2N5/1P1PpBP1/P1PNPP2/R1BQ1RK1 w - - 1 13,white,original,32,32,c1a3,d1e1,68.0,696.0,628.0,0,0,14,18,0.005336830858141184,0.005402457080698667,0.3669354838709677,0.2701612903225807,1024,46.0121882999083,92.80308659991715,,0
opening_009_offset_16,opening_009,middle,24,1nbq1bnr/r2pkp1p/1pp3p1/p6P/2N5/1P1PpBP1/P1PNPP2/R1BQ1RK1 w - - 1 13,white,original,64,32,c1a3,d1e1,68.0,696.0,628.0,0,0,14,18,0.057629507035017014,0.01338886648583849,0.374266862170088,0.26612903225806456,2048,92.58952779998071,92.80308659991715,,0
opening_009_offset_20,opening_009,late,28,1nb2bnr/r1qpkp2/1pp3pp/p2B3P/2NP4/1P2p1P1/P1PNPP2/R1BQ1RK1 w - - 1 15,white,original,1,34,c1a3,h5g6,121.0,664.0,543.0,0,0,6,30,0.0,0.0,,,34,1.288265399984084,100.45677980000619,,0
opening_009_offset_20,opening_009,late,28,1nb2bnr/r1qpkp2/1pp3pp/p2B3P/2NP4/1P2p1P1/P1PNPP2/R1BQ1RK1 w - - 1 15,white,original,2,34,c1a3,c4b6,-176.0,664.0,840.0,0,0,15,27,0.0,0.0003112601481336881,0.18008597393527334,0.13899732182474794,68,2.812816800083965,100.45677980000619,,0
opening_009_offset_20,opening_009,late,28,1nb2bnr/r1qpkp2/1pp3pp/p2B3P/2NP4/1P2p1P1/P1PNPP2/R1BQ1RK1 w - - 1 15,white,original,4,34,c1a3,h5g6,121.0,664.0,543.0,0,0,6,23,3.695307532325387e-05,0.0008709008051603552,0.22033768877812687,0.16057098271145645,136,5.989040300017223,100.45677980000619,,0
opening_009_offset_20,opening_009,late,28,1nb2bnr/r1qpkp2/1pp3pp/p2B3P/2NP4/1P2p1P1/P1PNPP2/R1BQ1RK1 w - - 1 15,white,original,8,34,c1a3,c4a5,-378.0,664.0,1042.0,0,0,29,20,0.00016797671560198069,0.0011161418996056384,0.21667048730054364,0.14629800647043809,272,12.733555200044066,100.45677980000619,,0
opening_009_offset_20,opening_009,late,28,1nb2bnr/r1qpkp2/1pp3pp/p2B3P/2NP4/1P2p1P1/P1PNPP2/R1BQ1RK1 w - - 1 15,white,original,16,34,c1a3,c4a5,-378.0,664.0,1042.0,0,0,29,18,0.00018956209532916546,0.001221154209692522,0.14882725996525353,0.10704732180763764,544,25.998592099989764,100.45677980000619,,0
opening_009_offset_20,opening_009,late,28,1nb2bnr/r1qpkp2/1pp3pp/p2B3P/2NP4/1P2p1P1/P1PNPP2/R1BQ1RK1 w - - 1 15,white,original,32,34,c1a3,d1e1,-347.0,664.0,1011.0,0,0,28,18,0.0053360501187853515,0.0017582536711908223,0.10329284161859487,0.09277434556661927,1088,51.35269069997594,100.45677980000619,,0
opening_009_offset_20,opening_009,late,28,1nb2bnr/r1qpkp2/1pp3pp/p2B3P/2NP4/1P2p1P1/P1PNPP2/R1BQ1RK1 w - - 1 15,white,original,64,34,c1a3,d1e1,-347.0,664.0,1011.0,0,0,28,20,0.0589669207111001,0.011928912430287346,0.06448162598083881,0.06066014902432799,2176,100.27152399998158,100.45677980000619,,0
opening_009_offset_24,opening_009,late,32,1nb2bnr/r1qpkp2/1pp4p/6pP/p1NP4/1P2pPP1/P1PNP3/R1BQ1RKB w - - 0 17,white,original,1,25,d2e4,h1g2,-24.0,443.0,467.0,0,0,7,9,0.0,0.0,,,25,1.2138622000347823,88.9625653999392,,0
opening_009_offset_24,opening_009,late,32,1nb2bnr/r1qpkp2/1pp4p/6pP/p1NP4/1P2pPP1/P1PNP3/R1BQ1RKB w - - 0 17,white,original,2,25,d2e4,c4b6,-143.0,443.0,586.0,0,1,10,3,0.0,0.0008473247274567696,0.15607623095669979,0.09200934226232221,50,2.6291373000713065,88.9625653999392,,0
opening_009_offset_24,opening_009,late,32,1nb2bnr/r1qpkp2/1pp4p/6pP/p1NP4/1P2pPP1/P1PNP3/R1BQ1RKB w - - 0 17,white,original,4,25,d2e4,c4b6,-143.0,443.0,586.0,0,0,10,4,8.946176967583597e-05,0.001883871076415618,0.17195614859346517,0.1235394042094229,100,5.560812900075689,88.9625653999392,,0
opening_009_offset_24,opening_009,late,32,1nb2bnr/r1qpkp2/1pp4p/6pP/p1NP4/1P2pPP1/P1PNP3/R1BQ1RKB w - - 0 17,white,original,8,25,d2e4,b3a4,-225.0,443.0,668.0,0,0,12,4,9.256234625354409e-05,0.0024937721274559763,0.18542027655939647,0.11018379294353933,200,10.91429360001348,88.9625653999392,,0
opening_009_offset_24,opening_009,late,32,1nb2bnr/r1qpkp2/1pp4p/6pP/p1NP4/1P2pPP1/P1PNP3/R1BQ1RKB w - - 0 17,white,original,16,25,d2e4,b3a4,-225.0,443.0,668.0,0,0,12,5,0.00010568660218268633,0.002763661235493847,0.13464127965931277,0.07679476477883043,400,21.065527300001122,88.9625653999392,,0
opening_009_offset_24,opening_009,late,32,1nb2bnr/r1qpkp2/1pp4p/6pP/p1NP4/1P2pPP1/P1PNP3/R1BQ1RKB w - - 0 17,white,original,32,25,d2e4,d1e1,-253.0,443.0,696.0,0,0,16,6,0.00553596718236804,0.0031750130730717587,0.11617618987746417,0.05008354224706333,800,45.96955410006922,88.9625653999392,,0
opening_009_offset_24,opening_009,late,32,1nb2bnr/r1qpkp2/1pp4p/6pP/p1NP4/1P2pPP1/P1PNP3/R1BQ1RKB w - - 0 17,white,original,64,25,d2e4,d1e1,-253.0,443.0,696.0,0,0,16,6,0.05670588091015816,0.013631281014201604,0.09386420639106376,0.06343915351294688,1600,88.83626180002466,88.9625653999392,,0
opening_010_offset_00,opening_010,early,8,rn1qkbnr/1pp1ppp1/p6p/3p1b2/2P2P2/P6N/1P1PP1PP/RNBQKB1R w KQkq - 0 5,white,original,1,21,h3f2,h3g5,-801.0,-58.0,743.0,0,1,21,3,0.0,0.0,,,21,1.3560918000293896,82.32928940001875,,0
opening_010_offset_00,opening_010,early,8,rn1qkbnr/1pp1ppp1/p6p/3p1b2/2P2P2/P6N/1P1PP1PP/RNBQKB1R w KQkq - 0 5,white,original,2,21,h3f2,g2g3,-102.0,-58.0,44.0,0,0,5,12,0.0005252677947282791,0.0003180165691746879,-0.027479237963158317,-0.010116634255902859,42,2.732590400031768,82.32928940001875,,0
opening_010_offset_00,opening_010,early,8,rn1qkbnr/1pp1ppp1/p6p/3p1b2/2P2P2/P6N/1P1PP1PP/RNBQKB1R w KQkq - 0 5,white,original,4,21,h3f2,g2g3,-102.0,-58.0,44.0,0,0,5,19,0.0011465707793831825,0.001093637004984347,0.12666450814196134,0.11933208210323486,84,5.244297900004312,82.32928940001875,,0
opening_010_offset_00,opening_010,early,8,rn1qkbnr/1pp1ppp1/p6p/3p1b2/2P2P2/P6N/1P1PP1PP/RNBQKB1R w KQkq - 0 5,white,original,8,21,h3f2,g2g3,-102.0,-58.0,44.0,0,0,5,20,0.00048350729048252106,0.0016517989804428691,0.07989607436646792,0.08114581583019971,168,10.027836599969305,82.32928940001875,,0
opening_010_offset_00,opening_010,early,8,rn1qkbnr/1pp1ppp1/p6p/3p1b2/2P2P2/P6N/1P1PP1PP/RNBQKB1R w KQkq - 0 5,white,original,16,21,h3f2,b2b3,-157.0,-58.0,99.0,0,0,11,21,6.20521605014801e-05,0.0018809851748296904,-0.004546931061506305,0.014319849852388185,336,22.109846999985166,82.32928940001875,,0
opening_010_offset_00,opening_010,early,8,rn1qkbnr/1pp1ppp1/p6p/3p1b2/2P2P2/P6N/1P1PP1PP/RNBQKB1R w KQkq - 0 5,white,original,32,21,h3f2,d1b3,-129.0,-58.0,71.0,0,0,8,21,7.282663136720657e-05,0.0028792855280184576,-0.0909386212301261,-0.06205268269368213,672,43.96594400005415,82.32928940001875,,0
opening_010_offset_00,opening_010,early,8,rn1qkbnr/1pp1ppp1/p6p/3p1b2/2P2P2/P6N/1P1PP1PP/RNBQKB1R w KQkq - 0 5,white,original,64,21,h3f2,d1b3,-129.0,-58.0,71.0,0,0,8,21,3.186240792274475e-05,0.020805431755714338,-0.15004872502970804,-0.1002389489667173,1344,82.20322819997091,82.32928940001875,,0
opening_010_offset_04,opening_010,early,12,r2qkbnr/1ppn1pp1/p3p2p/3p1b2/2P2P2/PQ6/1P1PP1PP/RNB1KBNR w KQkq - 0 7,white,original,1,31,c4d5,h2h4,-372.0,-118.0,254.0,0,0,12,13,0.0,0.0,,,31,1.533623700030148,90.75214240001515,,0
opening_010_offset_04,opening_010,early,12,r2qkbnr/1ppn1pp1/p3p2p/3p1b2/2P2P2/PQ6/1P1PP1PP/RNB1KBNR w KQkq - 0 7,white,original,2,31,c4d5,g2g3,-245.0,-118.0,127.0,0,0,7,27,0.0005252677947282791,0.000362150126369182,-0.059417936038706605,-0.048928854804197834,62,3.118007499957457,90.75214240001515,,0
opening_010_offset_04,opening_010,early,12,r2qkbnr/1ppn1pp1/p3p2p/3p1b2/2P2P2/PQ6/1P1PP1PP/RNB1KBNR w KQkq - 0 7,white,original,4,31,c4d5,g2g3,-245.0,-118.0,127.0,0,0,7,29,0.0011465512216091156,0.0009416984340420852,0.05161810692630118,0.030139952875912968,124,6.606806099996902,90.75214240001515,,0
opening_010_offset_04,opening_010,early,12,r2qkbnr/1ppn1pp1/p3p2p/3p1b2/2P2P2/PQ6/1P1PP1PP/RNB1KBNR w KQkq - 0 7,white,original,8,31,c4d5,g2g3,-245.0,-118.0,127.0,0,0,7,29,0.0013092877343297005,0.0013445155275938576,-0.08690392220795239,-0.05597419819812409,248,12.20378520002123,90.75214240001515,,0
opening_010_offset_04,opening_010,early,12,r2qkbnr/1ppn1pp1/p3p2p/3p1b2/2P2P2/PQ6/1P1PP1PP/RNB1KBNR w KQkq - 0 7,white,original,16,31,c4d5,g2g3,-245.0,-118.0,127.0,0,0,7,29,0.0013455990701913834,0.0015096259421266906,-0.139328562054977,-0.10764268884254634,496,23.070355999981984,90.75214240001515,,0
opening_010_offset_04,opening_010,early,12,r2qkbnr/1ppn1pp1/p3p2p/3p1b2/2P2P2/PQ6/1P1PP1PP/RNB1KBNR w KQkq - 0 7,white,original,32,31,c4d5,g2g3,-245.0,-118.0,127.0,0,0,7,29,0.0012812228815164417,0.0016313969574813646,-0.13065833315719988,-0.08611415107403707,992,45.86999689997174,90.75214240001515,,0
opening_010_offset_04,opening_010,early,12,r2qkbnr/1ppn1pp1/p3p2p/3p1b2/2P2P2/PQ6/1P1PP1PP/RNB1KBNR w KQkq - 0 7,white,original,64,31,c4d5,a1a2,-577.0,-118.0,459.0,0,0,22,28,0.005718139465898275,0.004007977927422924,0.07682226069890917,0.051668490644422235,1984,90.52171040000394,90.75214240001515,,0
opening_010_offset_08,opening_010,early,16,r2qkbnr/1pp2p2/p3p1pp/2np1b2/2P2P2/P1Q5/1P1PP1PP/RNB1KBNR w KQkq - 2 9,white,original,1,31,c3h8,h2h4,-445.0,4.0,449.0,0,0,14,14,0.0,0.0,,,31,1.4889290999853984,100.80685709998943,,0
opening_010_offset_08,opening_010,early,16,r2qkbnr/1pp2p2/p3p1pp/2np1b2/2P2P2/P1Q5/1P1PP1PP/RNB1KBNR w KQkq - 2 9,white,original,2,31,c3h8,g2g3,-359.0,4.0,363.0,0,0,11,4,0.0005252677947282791,0.00036455858329260125,0.15756532169040924,0.06282944708688874,62,3.294090499985032,100.80685709998943,,0
opening_010_offset_08,opening_010,early,16,r2qkbnr/1pp2p2/p3p1pp/2np1b2/2P2P2/P1Q5/1P1PP1PP/RNB1KBNR w KQkq - 2 9,white,original,4,31,c3h8,g2g3,-359.0,4.0,363.0,0,0,11,5,0.0011465512216091156,0.0010482632786009789,0.23651577900215348,0.146394056825863,124,7.187967499950901,100.80685709998943,,0
opening_010_offset_08,opening_010,early,16,r2qkbnr/1pp2p2/p3p1pp/2np1b2/2P2P2/P1Q5/1P1PP1PP/RNB1KBNR w KQkq - 2 9,white,original,8,31,c3h8,g2g3,-359.0,4.0,363.0,0,0,11,5,0.00048315152525901794,0.0015822109932563603,0.30023187973930643,0.2023682550239871,248,13.740517599973828,100.80685709998943,,0
opening_010_offset_08,opening_010,early,16,r2qkbnr/1pp2p2/p3p1pp/2np1b2/2P2P2/P1Q5/1P1PP1PP/RNB1KBNR w KQkq - 2 9,white,original,16,31,c3h8,b2b3,-355.0,4.0,359.0,0,0,10,5,6.209034472703934e-05,0.0018132040783978322,0.31676580461413734,0.22389679279249636,496,27.338388000032865,100.80685709998943,,0
opening_010_offset_08,opening_010,early,16,r2qkbnr/1pp2p2/p3p1pp/2np1b2/2P2P2/P1Q5/1P1PP1PP/RNB1KBNR w KQkq - 2 9,white,original,32,31,c3h8,b2b3,-355.0,4.0,359.0,0,0,10,5,8.378140046261251e-05,0.0019179626997650953,0.3163625381537755,0.22389679279249636,992,52.42120590002742,100.80685709998943,,0
opening_010_offset_08,opening_010,early,16,r2qkbnr/1pp2p2/p3p1pp/2np1b2/2P2P2/P1Q5/1P1PP1PP/RNB1KBNR w KQkq - 2 9,white,original,64,31,c3h8,a1a2,-472.0,4.0,476.0,0,1,15,3,0.005802592728286982,0.004035217810309397,0.379473739200386,0.26264816077581304,1984,100.5902452999726,100.80685709998943,,0
opening_010_offset_12,opening_010,middle,20,r2qk1nr/1pp2p2/p3p1pp/2np1b2/2Pb1P2/P3Q3/1P1PPKPP/RNB2BNR w kq - 6 11,white,original,1,17,e3d4,h2h4,-1036.0,172.0,1208.0,0,0,7,10,0.0,0.0,,,17,0.7823896000627428,67.1132413999876,,0
opening_010_offset_12,opening_010,middle,20,r2qk1nr/1pp2p2/p3p1pp/2np1b2/2Pb1P2/P3Q3/1P1PPKPP/RNB2BNR w kq - 6 11,white,original,2,17,e3d4,g2g3,-1065.0,172.0,1237.0,0,0,12,4,0.0005252677947282791,0.00047819034601053807,-0.3736199243956554,-0.25570415597837937,34,1.6830491999862716,67.1132413999876,,0
opening_010_offset_12,opening_010,middle,20,r2qk1nr/1pp2p2/p3p1pp/2np1b2/2Pb1P2/P3Q3/1P1PPKPP/RNB2BNR w kq - 6 11,white,original,4,17,e3d4,g2g3,-1065.0,172.0,1237.0,0,0,12,5,0.0011430243030190468,0.0013618363100219048,-0.6053921568627452,-0.4264705882352941,68,4.222528200014494,67.1132413999876,,0
opening_010_offset_12,opening_010,middle,20,r2qk1nr/1pp2p2/p3p1pp/2np1b2/2Pb1P2/P3Q3/1P1PPKPP/RNB2BNR w kq - 6 11,white,original,8,17,e3d4,g2g3,-1065.0,172.0,1237.0,0,0,12,5,0.0004784483462572098,0.00205003753587634,-0.5857843137254902,-0.39705882352941174,136,8.570771500002593,67.1132413999876,,0
opening_010_offset_12,opening_010,middle,20,r2qk1nr/1pp2p2/p3p1pp/2np1b2/2Pb1P2/P3Q3/1P1PPKPP/RNB2BNR w kq - 6 11,white,original,16,17,e3d4,b2b3,-1094.0,172.0,1266.0,0,0,16,6,6.195530295372009e-05,0.0023586747471313206,-0.6102941176470589,-0.4264705882352941,272,16.1890798000386,67.1132413999876,,0
opening_010_offset_12,opening_010,middle,20,r2qk1nr/1pp2p2/p3p1pp/2np1b2/2Pb1P2/P3Q3/1P1PPKPP/RNB2BNR w kq - 6 11,white,original,32,17,e3d4,b2b3,-1094.0,172.0,1266.0,0,0,16,6,8.364079985767603e-05,0.0025099477639616897,-0.6225490196078433,-0.4264705882352941,544,34.57090250006877,67.1132413999876,,0
opening_010_offset_12,opening_010,middle,20,r2qk1nr/1pp2p2/p3p1pp/2np1b2/2Pb1P2/P3Q3/1P1PPKPP/RNB2BNR w kq - 6 11,white,original,64,17,e3d4,a1a2,-1052.0,172.0,1224.0,0,0,10,7,0.005760558880865574,0.005378171317966518,-0.5588235294117647,-0.338235294117647,1088,67.02035150001757,67.1132413999876,,0
opening_010_offset_16,opening_010,middle,24,r2qk1nr/2p2p2/p3p1pp/1pnp4/2PbQP2/P4K2/1PbPP1PP/RNB2BNR w kq - 0 13,white,original,1,26,e4d4,h2h4,-1299.0,-16.0,1283.0,0,0,21,15,0.0,0.0,,,26,1.3396332999691367,85.06618720002007,,0
opening_010_offset_16,opening_010,middle,24,r2qk1nr/2p2p2/p3p1pp/1pnp4/2PbQP2/P4K2/1PbPP1PP/RNB2BNR w kq - 0 13,white,original,2,26,e4d4,g2g3,-1416.0,-16.0,1400.0,0,0,25,5,0.0005252684932202101,0.0011191023744032882,-0.1018312883534035,-0.07142994928124327,52,2.6791836000047624,85.06618720002007,,0
opening_010_offset_16,opening_010,middle,24,r2qk1nr/2p2p2/p3p1pp/1pnp4/2PbQP2/P4K2/1PbPP1PP/RNB2BNR w kq - 0 13,white,original,4,26,e4d4,g2g3,-1416.0,-16.0,1400.0,0,0,25,7,0.001143020112067461,0.0025152527818102376,-0.1678919497952116,-0.12326671027227315,104,5.06562320003286,85.06618720002007,,0
opening_010_offset_16,opening_010,middle,24,r2qk1nr/2p2p2/p3p1pp/1pnp4/2PbQP2/P4K2/1PbPP1PP/RNB2BNR w kq - 0 13,white,original,8,26,e4d4,g2g3,-1416.0,-16.0,1400.0,0,0,25,7,0.00047710537910461426,0.003452861771375653,-0.16925970498702594,-0.12326671027227315,208,10.57309920003172,85.06618720002007,,0
opening_010_offset_16,opening_010,middle,24,r2qk1nr/2p2p2/p3p1pp/1pnp4/2PbQP2/P4K2/1PbPP1PP/RNB2BNR w kq - 0 13,white,original,16,26,e4d4,b2b3,-1338.0,-16.0,1322.0,0,0,24,6,6.21243380010128e-05,0.003869473344507461,-0.13267225360599205,-0.06779669064975023,416,21.03954749996774,85.06618720002007,,0
opening_010_offset_16,opening_010,middle,24,r2qk1nr/2p2p2/p3p1pp/1pnp4/2PbQP2/P4K2/1PbPP1PP/RNB2BNR w kq - 0 13,white,original,32,26,e4d4,b2b3,-1338.0,-16.0,1322.0,0,0,24,6,8.381949737668037e-05,0.003942321127193189,-0.10497521097175146,-0.030816677568068288,832,41.20301100006327,85.06618720002007,,0
opening_010_offset_16,opening_010,middle,24,r2qk1nr/2p2p2/p3p1pp/1pnp4/2PbQP2/P4K2/1PbPP1PP/RNB2BNR w kq - 0 13,white,original,64,26,e4d4,a1a2,-1262.0,-16.0,1246.0,0,0,12,8,0.005019568601710489,0.005106200950138442,-0.06907163718662472,-0.0431433485952956,1664,84.89795790007338,85.06618720002007,,0
opening_010_offset_20,opening_010,late,28,r3k1nr/2p2p2/p3p1pp/1pnp4/2Pb1P1q/P3QK2/1PbPP1PP/RNB2BNR w kq - 4 15,white,original,1,21,e3d4,h2h3,-1032.0,-150.0,882.0,0,0,8,10,0.0,0.0,,,21,1.232811399968341,74.60988140001427,,0
opening_010_offset_20,opening_010,late,28,r3k1nr/2p2p2/p3p1pp/1pnp4/2Pb1P1q/P3QK2/1PbPP1PP/RNB2BNR w kq - 4 15,white,original,2,21,e3d4,g2g3,-710.0,-150.0,560.0,0,0,2,5,0.0005252680275589228,0.00038940824141439905,-0.08874494531120222,-0.09759000729485331,42,2.830008300021291,74.60988140001427,,0
opening_010_offset_20,opening_010,late,28,r3k1nr/2p2p2/p3p1pp/1pnp4/2Pb1P1q/P3QK2/1PbPP1PP/RNB2BNR w kq - 4 15,white,original,4,21,e3d4,g2g3,-710.0,-150.0,560.0,0,0,2,6,0.0011430131271481514,0.0011325128226086394,-0.05064935064935065,-0.04761904761904762,84,5.248714599991217,74.60988140001427,,0
opening_010_offset_20,opening_010,late,28,r3k1nr/2p2p2/p3p1pp/1pnp4/2Pb1P1q/P3QK2/1PbPP1PP/RNB2BNR w kq - 4 15,white,original,8,21,e3d4,g2g3,-710.0,-150.0,560.0,0,0,2,6,0.00047701504081487656,0.0017128408885245488,-0.01948051948051948,-0.0380952380952381,168,10.18558499997016,74.60988140001427,,0
opening_010_offset_20,opening_010,late,28,r3k1nr/2p2p2/p3p1pp/1pnp4/2Pb1P1q/P3QK2/1PbPP1PP/RNB2BNR w kq - 4 15,white,original,16,21,e3d4,b2b3,-1207.0,-150.0,1057.0,0,0,16,6,6.213970482349396e-05,0.0019586228311493405,-0.03636363636363636,-0.0380952380952381,336,19.566122699994594,74.60988140001427,,0
opening_010_offset_20,opening_010,late,28,r3k1nr/2p2p2/p3p1pp/1pnp4/2Pb1P1q/P3QK2/1PbPP1PP/RNB2BNR w kq - 4 15,white,original,32,21,e3d4,b2b3,-1207.0,-150.0,1057.0,0,0,16,6,8.384231477975845e-05,0.001983798187500362,0.03506493506493507,0.009523809523809525,672,38.80001450004056,74.60988140001427,,0
opening_010_offset_20,opening_010,late,28,r3k1nr/2p2p2/p3p1pp/1pnp4/2Pb1P1q/P3QK2/1PbPP1PP/RNB2BNR w kq - 4 15,white,original,64,21,e3d4,a1a2,-1115.0,-150.0,965.0,0,0,14,7,0.0050270575666218065,0.004147945141464612,0.04935064935064935,0.009523809523809525,1344,74.49339489999693,74.60988140001427,,0
opening_010_offset_24,opening_010,late,32,3rk1nr/2p2p2/p3p1pp/1pnp4/2Pb1PPq/P3QK1B/1PbPP2P/RNB3NR w k - 3 17,white,original,1,21,e3d4,h3g2,-1093.0,-186.0,907.0,0,0,15,10,0.0,0.0,,,21,1.1538344000000507,75.89780689997133,,0
opening_010_offset_24,opening_010,late,32,3rk1nr/2p2p2/p3p1pp/1pnp4/2Pb1PPq/P3QK1B/1PbPP2P/RNB3NR w k - 3 17,white,original,2,21,e3d4,g4g5,-956.0,-186.0,770.0,0,0,8,4,0.0012305760756134987,0.0009632013112667862,-0.11336213652214959,-0.08354438809927156,42,2.537749100010842,75.89780689997133,,0
opening_010_offset_24,opening_010,late,32,3rk1nr/2p2p2/p3p1pp/1pnp4/2Pb1PPq/P3QK1B/1PbPP2P/RNB3NR w k - 3 17,white,original,4,21,e3d4,g4g5,-956.0,-186.0,770.0,0,0,8,5,0.0008630137890577316,0.0021044598249729944,0.014308962005382331,0.0,84,4.865439499961212,75.89780689997133,,0
opening_010_offset_24,opening_010,late,32,3rk1nr/2p2p2/p3p1pp/1pnp4/2Pb1PPq/P3QK1B/1PbPP2P/RNB3NR w k - 3 17,white,original,8,21,e3d4,b2b3,-1161.0,-186.0,975.0,0,0,17,5,7.727183401584625e-05,0.0028931137334960006,0.09365866039886615,0.06731080401072015,168,9.385466899955645,75.89780689997133,,0
opening_010_offset_24,opening_010,late,32,3rk1nr/2p2p2/p3p1pp/1pnp4/2Pb1PPq/P3QK1B/1PbPP2P/RNB3NR w k - 3 17,white,original,16,21,e3d4,b2b3,-1161.0,-186.0,975.0,0,0,17,5,6.211083382368088e-05,0.003260058911668196,0.15349613787591956,0.1153899497326631,336,19.76483580004424,75.89780689997133,,0
opening_010_offset_24,opening_010,late,32,3rk1nr/2p2p2/p3p1pp/1pnp4/2Pb1PPq/P3QK1B/1PbPP2P/RNB3NR w k - 3 17,white,original,32,21,e3d4,b2b3,-1161.0,-186.0,975.0,0,0,17,5,8.369726128876209e-05,0.0033190059256374897,0.19056935761713742,0.1153899497326631,672,39.41811880003661,75.89780689997133,,0
opening_010_offset_24,opening_010,late,32,3rk1nr/2p2p2/p3p1pp/1pnp4/2Pb1PPq/P3QK1B/1PbPP2P/RNB3NR w k - 3 17,white,original,64,21,e3d4,a1a2,-985.0,-186.0,799.0,0,0,10,6,0.004949125228449702,0.004876609582000298,0.19187017234489945,0.1153899497326631,1344,75.7854353999719,75.89780689997133,,0
opening_011_offset_00,opening_011,early,8,r1bqkbnr/pp1p2pp/n1p1p3/5p2/P2P1B2/8/1PP1PPPP/RN1QKBNR w KQkq - 0 5,white,original,1,34,b1d2,h2h4,42.0,57.0,15.0,0,0,5,29,0.0,0.0,,,34,1.3965837999712676,95.42804610007443,,0
opening_011_offset_00,opening_011,early,8,r1bqkbnr/pp1p2pp/n1p1p3/5p2/P2P1B2/8/1PP1PPPP/RN1QKBNR w KQkq - 0 5,white,original,2,34,b1d2,g2g3,27.0,57.0,30.0,0,0,8,23,0.0005252677947282791,0.0005406496686499999,0.03988057578397537,0.032881662673351075,68,2.947068899986334,95.42804610007443,,0
opening_011_offset_00,opening_011,early,8,r1bqkbnr/pp1p2pp/n1p1p3/5p2/P2P1B2/8/1PP1PPPP/RN1QKBNR w KQkq - 0 5,white,original,4,34,b1d2,g2g3,27.0,57.0,30.0,0,0,8,13,0.0011465465649962425,0.001224597492653458,0.07962708609806304,0.048300845817828224,136,5.69147449999582,95.42804610007443,,0
opening_011_offset_00,opening_011,early,8,r1bqkbnr/pp1p2pp/n1p1p3/5p2/P2P1B2/8/1PP1PPPP/RN1QKBNR w KQkq - 0 5,white,original,8,34,b1d2,g2g3,27.0,57.0,30.0,0,0,8,16,0.00048527540639042854,0.0016854559709130665,0.07015131001729545,0.05187868624877847,272,11.299081299919635,95.42804610007443,,0
opening_011_offset_00,opening_011,early,8,r1bqkbnr/pp1p2pp/n1p1p3/5p2/P2P1B2/8/1PP1PPPP/RN1QKBNR w KQkq - 0 5,white,original,16,34,b1d2,b2b3,-10.0,57.0,67.0,0,0,21,18,6.0927122831344604e-05,0.0019258648603652517,-0.01620052039615102,-0.005366760646425359,544,22.65062069997657,95.42804610007443,,0
opening_011_offset_00,opening_011,early,8,r1bqkbnr/pp1p2pp/n1p1p3/5p2/P2P1B2/8/1PP1PPPP/RN1QKBNR w KQkq - 0 5,white,original,32,34,b1d2,d1c1,10.0,57.0,47.0,0,0,14,18,0.0008650226518511772,0.0027898440951328717,-0.01620052039615102,-0.005366760646425359,1088,47.19141079997644,95.42804610007443,,0
opening_011_offset_00,opening_011,early,8,r1bqkbnr/pp1p2pp/n1p1p3/5p2/P2P1B2/8/1PP1PPPP/RN1QKBNR w KQkq - 0 5,white,original,64,34,b1d2,d1c1,10.0,57.0,47.0,0,0,14,18,0.0008473843336105347,0.007467844361613101,-0.0025981966673072386,0.0017889202154751196,2176,95.13598469994031,95.42804610007443,,0
opening_011_offset_04,opening_011,early,12,r1b1kb1r/pp1p2pp/nqp1pn2/5p2/P2P1B1P/R7/1PP1PPP1/1N1QKBNR w Kkq - 3 7,white,original,1,42,a3b3,h4h5,-133.0,-18.0,115.0,0,0,6,40,0.0,0.0,,,42,2.2531403000466526,148.74651329999324,,0
opening_011_offset_04,opening_011,early,12,r1b1kb1r/pp1p2pp/nqp1pn2/5p2/P2P1B1P/R7/1PP1PPP1/1N1QKBNR w Kkq - 3 7,white,original,2,42,a3b3,g2g3,-281.0,-18.0,263.0,0,0,20,10,0.0005252682603895664,0.0004949808511757292,0.2007607662160559,0.15289602384922057,84,4.531622300040908,148.74651329999324,,0
opening_011_offset_04,opening_011,early,12,r1b1kb1r/pp1p2pp/nqp1pn2/5p2/P2P1B1P/R7/1PP1PPP1/1N1QKBNR w Kkq - 3 7,white,original,4,42,a3b3,g2g3,-281.0,-18.0,263.0,0,0,20,11,0.0011430131271481514,0.001118766869684821,0.03589660481322421,0.017421602787456445,168,9.867171599995345,148.74651329999324,,0
opening_011_offset_04,opening_011,early,12,r1b1kb1r/pp1p2pp/nqp1pn2/5p2/P2P1B1P/R7/1PP1PPP1/1N1QKBNR w Kkq - 3 7,white,original,8,42,a3b3,g2g3,-281.0,-18.0,263.0,0,0,20,14,0.0004810118116438389,0.0015342244677686307,0.040758447451584155,0.015098722415795586,336,19.777972700074315,148.74651329999324,,0
opening_011_offset_04,opening_011,early,12,r1b1kb1r/pp1p2pp/nqp1pn2/5p2/P2P1B1P/R7/1PP1PPP1/1N1QKBNR w Kkq - 3 7,white,original,16,42,a3b3,b2b3,-238.0,-18.0,220.0,0,0,16,14,5.992501974105835e-05,0.0017533335996377385,0.027469410906733657,0.012775842044134728,672,39.097429100074805,148.74651329999324,,0
opening_011_offset_04,opening_011,early,12,r1b1kb1r/pp1p2pp/nqp1pn2/5p2/P2P1B1P/R7/1PP1PPP1/1N1QKBNR w Kkq - 3 7,white,original,32,42,a3b3,d1c1,-290.0,-18.0,272.0,0,0,22,14,0.0008656671270728111,0.002548740590785305,0.02098695405558707,0.003484320557491289,1344,74.53234830009751,148.74651329999324,,0
opening_011_offset_04,opening_011,early,12,r1b1kb1r/pp1p2pp/nqp1pn2/5p2/P2P1B1P/R7/1PP1PPP1/1N1QKBNR w Kkq - 3 7,white,original,64,42,a3b3,d1c1,-290.0,-18.0,272.0,0,0,22,14,0.0008474402129650116,0.006799898401042115,0.0757637144477757,0.04065040650406504,2688,148.43201850005426,148.74651329999324,,0
opening_011_offset_08,opening_011,early,16,rnb1kb1r/pp1p2pp/1qp1p3/5p1n/P2P3P/R1P3B1/1P2PPP1/1N1QKBNR w Kkq - 3 9,white,original,1,29,a3b3,h1h3,-210.0,-17.0,193.0,0,0,10,27,0.0,0.0,,,29,1.3073337000096217,87.37068300007377,,0
opening_011_offset_08,opening_011,early,16,rnb1kb1r/pp1p2pp/1qp1p3/5p1n/P2P3P/R1P3B1/1P2PPP1/1N1QKBNR w Kkq - 3 9,white,original,2,29,a3b3,d1c1,-418.0,-17.0,401.0,0,0,19,6,5.939742550253868e-05,0.00041495495301857756,0.042090142163671164,0.022762572680299274,58,2.6282107000006363,87.37068300007377,,0
opening_011_offset_08,opening_011,early,16,rnb1kb1r/pp1p2pp/1qp1p3/5p1n/P2P3P/R1P3B1/1P2PPP1/1N1QKBNR w Kkq - 3 9,white,original,4,29,a3b3,b2b3,-443.0,-17.0,426.0,0,0,20,8,0.00015911366790533066,0.0009751771923337369,0.028328612112894135,0.0073982793603079204,116,5.71386550005991,87.37068300007377,,0
opening_011_offset_08,opening_011,early,16,rnb1kb1r/pp1p2pp/1qp1p3/5p1n/P2P3P/R1P3B1/1P2PPP1/1N1QKBNR w Kkq - 3 9,white,original,8,29,a3b3,b2b3,-443.0,-17.0,426.0,0,0,20,12,7.638894021511078e-05,0.0014807084322112562,0.1236605502667205,0.056720141762360725,232,10.969490300049074,87.37068300007377,,0
opening_011_offset_08,opening_011,early,16,rnb1kb1r/pp1p2pp/1qp1p3/5p1n/P2P3P/R1P3B1/1P2PPP1/1N1QKBNR w Kkq - 3 9,white,original,16,29,a3b3,b2b3,-443.0,-17.0,426.0,0,0,20,13,6.090058013796806e-05,0.0018072098308500879,0.14780145450205637,0.06658451424277129,464,22.127739000017755,87.37068300007377,,0
opening_011_offset_08,opening_011,early,16,rnb1kb1r/pp1p2pp/1qp1p3/5p1n/P2P3P/R1P3B1/1P2PPP1/1N1QKBNR w Kkq - 3 9,white,original,32,29,a3b3,d1c1,-418.0,-17.0,401.0,0,0,19,12,0.0008641816675662994,0.003233724074625782,0.15272816965212493,0.08631325920359241,928,42.114265399985015,87.37068300007377,,0
opening_011_offset_08,opening_011,early,16,rnb1kb1r/pp1p2pp/1qp1p3/5p1n/P2P3P/R1P3B1/1P2PPP1/1N1QKBNR w Kkq - 3 9,white,original,64,29,a3b3,d1c1,-418.0,-17.0,401.0,0,0,19,11,0.0008435733616352081,0.006712055623520278,0.23771400599080736,0.1405673078458505,1856,87.20149830006994,87.37068300007377,,0
opening_011_offset_12,opening_011,middle,20,rnb1kb1r/pp1p2pp/1q6/2p1pp1n/P2P3P/1RP3B1/1P1QPPP1/1N2KBNR w Kkq - 0 11,white,original,1,30,b3b6,h1h3,-696.0,449.0,1145.0,0,0,21,25,0.0,0.0,,,30,1.5737451000604779,91.14204419997986,,0
opening_011_offset_12,opening_011,middle,20,rnb1kb1r/pp1p2pp/1q6/2p1pp1n/P2P3P/1RP3B1/1P1QPPP1/1N2KBNR w Kkq - 0 11,white,original,2,30,b3b6,d2c1,-703.0,449.0,1152.0,0,1,22,3,0.00011997902765870094,0.0003164578451288314,0.2239920693214492,0.11860753780646378,60,3.0499384000431746,91.14204419997986,,0
opening_011_offset_12,opening_011,middle,20,rnb1kb1r/pp1p2pp/1q6/2p1pp1n/P2P3P/1RP3B1/1P1QPPP1/1N2KBNR w Kkq - 0 11,white,original,4,30,b3b6,g3e5,-409.0,449.0,858.0,0,1,8,2,0.0002759452909231186,0.0008868469824036017,0.2276368547678579,0.1451616756616947,120,5.795292400056496,91.14204419997986,,0
opening_011_offset_12,opening_011,middle,20,rnb1kb1r/pp1p2pp/1q6/2p1pp1n/P2P3P/1RP3B1/1P1QPPP1/1N2KBNR w Kkq - 0 11,white,original,8,30,b3b6,b3b5,61.0,449.0,388.0,0,0,2,4,0.00042946264147758484,0.001224271118177165,0.3671562173675127,0.21889459028350788,240,10.412574599962682,91.14204419997986,,0
opening_011_offset_12,opening_011,middle,20,rnb1kb1r/pp1p2pp/1q6/2p1pp1n/P2P3P/1RP3B1/1P1QPPP1/1N2KBNR w Kkq - 0 11,white,original,16,30,b3b6,b3b5,61.0,449.0,388.0,0,1,2,3,0.0010658204555511475,0.001375055026689706,0.40854473641621414,0.24193612610282447,480,21.47768370003905,91.14204419997986,,0
opening_011_offset_12,opening_011,middle,20,rnb1kb1r/pp1p2pp/1q6/2p1pp1n/P2P3P/1RP3B1/1P1QPPP1/1N2KBNR w Kkq - 0 11,white,original,32,30,b3b6,b3b5,61.0,449.0,388.0,0,1,2,3,0.0012720096856355667,0.00149771777614934,0.39964397963154713,0.24193612610282447,960,46.18688299995847,91.14204419997986,,0
opening_011_offset_12,opening_011,middle,20,rnb1kb1r/pp1p2pp/1q6/2p1pp1n/P2P3P/1RP3B1/1P1QPPP1/1N2KBNR w Kkq - 0 11,white,original,64,30,b3b6,b3b5,61.0,449.0,388.0,0,1,2,3,0.0018793083727359772,0.0019294503690202459,0.4710725528284997,0.28801919774145773,1920,90.95745250000618,91.14204419997986,,0
opening_011_offset_16,opening_011,middle,24,rnb1kb1r/pp1p3p/1q4p1/2p2p1n/PR1Pp2P/2P3B1/1P1QPPP1/1N1K1BNR w kq - 0 13,white,original,1,34,b4b6,h1h3,-708.0,450.0,1158.0,0,0,12,29,0.0,0.0,,,34,1.617958900053054,93.93424119998235,,0
opening_011_offset_16,opening_011,middle,24,rnb1kb1r/pp1p3p/1q4p1/2p2p1n/PR1Pp2P/2P3B1/1P1QPPP1/1N1K1BNR w kq - 0 13,white,original,2,34,b4b6,b4b6,450.0,450.0,0.0,1,1,1,1,0.0002038455568253994,0.0007807081703588642,0.03795535513394391,0.009025800118490126,68,3.2046650999691337,93.93424119998235,,0
opening_011_offset_16,opening_011,middle,24,rnb1kb1r/pp1p3p/1q4p1/2p2p1n/PR1Pp2P/2P3B1/1P1QPPP1/1N1K1BNR w kq - 0 13,white,original,4,34,b4b6,b4b6,450.0,450.0,0.0,1,1,1,1,7.863622158765793e-05,0.00249675834023868,0.1187256478367577,0.07850136932560092,136,6.514746500062756,93.93424119998235,,0
opening_011_offset_16,opening_011,middle,24,rnb1kb1r/pp1p3p/1q4p1/2p2p1n/PR1Pp2P/2P3B1/1P1QPPP1/1N1K1BNR w kq - 0 13,white,original,8,34,b4b6,b4b5,-110.0,450.0,560.0,0,1,3,3,0.00024430733174085617,0.003149267828118488,0.18656887517204782,0.11061556586789223,272,12.452187399961986,93.93424119998235,,0
opening_011_offset_16,opening_011,middle,24,rnb1kb1r/pp1p3p/1q4p1/2p2p1n/PR1Pp2P/2P3B1/1P1QPPP1/1N1K1BNR w kq - 0 13,white,original,16,34,b4b6,b4b5,-110.0,450.0,560.0,0,1,3,3,0.0008279768517240882,0.003302942144111868,0.09748643927908804,0.06422839308458259,544,23.76537759997882,93.93424119998235,,0
opening_011_offset_16,opening_011,middle,24,rnb1kb1r/pp1p3p/1q4p1/2p2p1n/PR1Pp2P/2P3B1/1P1QPPP1/1N1K1BNR w kq - 0 13,white,original,32,34,b4b6,b4b5,-110.0,450.0,560.0,0,1,3,3,0.0010558990761637688,0.0037910965039857844,0.0796088320758697,0.04638717278330964,1088,47.68248399998993,93.93424119998235,,0
opening_011_offset_16,opening_011,middle,24,rnb1kb1r/pp1p3p/1q4p1/2p2p1n/PR1Pp2P/2P3B1/1P1QPPP1/1N1K1BNR w kq - 0 13,white,original,64,34,b4b6,d1c1,-861.0,450.0,1311.0,0,0,30,6,0.0010594986379146576,0.005047781654519942,0.018336007387916246,0.024977708421782114,2176,93.7294666999951,93.93424119998235,,0
opening_011_offset_20,opening_011,late,28,rnb1kb1r/pp1p3p/q5p1/1Rp2p1n/P2P1Q1P/2P1p1B1/1P2PPP1/1N1K1BNR w kq - 0 15,white,original,1,35,f4e5,h1h3,-804.0,501.0,1305.0,0,0,12,11,0.0,0.0,,,35,1.553592799929902,102.43595139996614,,0
opening_011_offset_20,opening_011,late,28,rnb1kb1r/pp1p3p/q5p1/1Rp2p1n/P2P1Q1P/2P1p1B1/1P2PPP1/1N1K1BNR w kq - 0 15,white,original,2,35,f4e5,b5c5,-523.0,501.0,1024.0,0,0,5,18,1.033395528793335e-05,0.00042756718450100346,0.08224502185454437,0.054754880249530166,70,3.3164694999577478,102.43595139996614,,0
opening_011_offset_20,opening_011,late,28,rnb1kb1r/pp1p3p/q5p1/1Rp2p1n/P2P1Q1P/2P1p1B1/1P2PPP1/1N1K1BNR w kq - 0 15,white,original,4,35,f4e5,b2b3,-584.0,501.0,1085.0,0,0,7,20,0.0001589544117450714,0.0010157322317393385,0.07003291564201307,0.05382676420127228,140,6.348214199999347,102.43595139996614,,0
opening_011_offset_20,opening_011,late,28,rnb1kb1r/pp1p3p/q5p1/1Rp2p1n/P2P1Q1P/2P1p1B1/1P2PPP1/1N1K1BNR w kq - 0 15,white,original,8,35,f4e5,b2b3,-584.0,501.0,1085.0,0,0,7,23,7.612351328134537e-05,0.0014271609670629178,0.0813782479760192,0.05719093696385181,280,12.537061799899675,102.43595139996614,,0
opening_011_offset_20,opening_011,late,28,rnb1kb1r/pp1p3p/q5p1/1Rp2p1n/P2P1Q1P/2P1p1B1/1P2PPP1/1N1K1BNR w kq - 0 15,white,original,16,35,f4e5,b2b3,-584.0,501.0,1085.0,0,0,7,23,6.066914647817612e-05,0.0016751922944387466,0.0621892290901076,0.047098418676113245,560,26.036618100013584,102.43595139996614,,0
opening_011_offset_20,opening_011,late,28,rnb1kb1r/pp1p3p/q5p1/1Rp2p1n/P2P1Q1P/2P1p1B1/1P2PPP1/1N1K1BNR w kq - 0 15,white,original,32,35,f4e5,d1c1,-941.0,501.0,1442.0,0,0,22,23,0.0010802680626511574,0.0025956013547694767,0.05504587169462227,0.037005900388374695,1120,52.09643729997333,102.43595139996614,,0
opening_011_offset_20,opening_011,late,28,rnb1kb1r/pp1p3p/q5p1/1Rp2p1n/P2P1Q1P/2P1p1B1/1P2PPP1/1N1K1BNR w kq - 0 15,white,original,64,35,f4e5,d1c1,-941.0,501.0,1442.0,0,0,22,23,0.0010599344968795776,0.004316985055638257,0.052524686731509805,0.033641727625795176,2240,102.2120525999926,102.43595139996614,,0
opening_011_offset_24,opening_011,late,32,rnbqkb1r/pp1p3p/6p1/1Rp2p1n/P2P3P/2P1pQBR/1P2PPP1/1N1K1BN1 w kq - 4 17,white,original,1,35,g3e5,h3h2,-154.0,163.0,317.0,0,0,22,5,0.0,0.0,,,35,1.7076377000194043,100.43829059996642,,0
opening_011_offset_24,opening_011,late,32,rnbqkb1r/pp1p3p/6p1/1Rp2p1n/P2P3P/2P1pQBR/1P2PPP1/1N1K1BN1 w kq - 4 17,white,original,2,35,g3e5,b5c5,-72.0,163.0,235.0,0,0,11,14,1.0333489626646042e-05,0.001755704618780168,0.3361368624811778,0.25254563764066396,70,3.281572900013998,100.43829059996642,,0
opening_011_offset_24,opening_011,late,32,rnbqkb1r/pp1p3p/6p1/1Rp2p1n/P2P3P/2P1pQBR/1P2PPP1/1N1K1BN1 w kq - 4 17,white,original,4,35,g3e5,b2b3,-64.0,163.0,227.0,0,0,8,11,0.0001589599996805191,0.003838216680572823,0.3629359889927505,0.26431013886100924,140,6.391286700032651,100.43829059996642,,0
opening_011_offset_24,opening_011,late,32,rnbqkb1r/pp1p3p/6p1/1Rp2p1n/P2P3P/2P1pQBR/1P2PPP1/1N1K1BN1 w kq - 4 17,white,original,8,35,g3e5,b2b3,-64.0,163.0,227.0,0,0,8,15,7.612258195877075e-05,0.0052228726555345485,0.32525564123549466,0.2373740737541548,280,12.74543370003812,100.43829059996642,,0
opening_011_offset_24,opening_011,late,32,rnbqkb1r/pp1p3p/6p1/1Rp2p1n/P2P3P/2P1pQBR/1P2PPP1/1N1K1BN1 w kq - 4 17,white,original,16,35,g3e5,b2b3,-64.0,163.0,227.0,0,0,8,17,6.058812141418457e-05,0.005891250292874513,0.34640706321075726,0.26767714699936607,560,24.866452499991283,100.43829059996642,,0
opening_011_offset_24,opening_011,late,32,rnbqkb1r/pp1p3p/6p1/1Rp2p1n/P2P3P/2P1pQBR/1P2PPP1/1N1K1BN1 w kq - 4 17,white,original,32,35,g3e5,d1c1,-104.0,163.0,267.0,0,0,17,17,0.0010803481563925743,0.006520648940065964,0.34108418880638647,0.250842106307582,1120,50.71662419999484,100.43829059996642,,0
opening_011_offset_24,opening_011,late,32,rnbqkb1r/pp1p3p/6p1/1Rp2p1n/P2P3P/2P1pQBR/1P2PPP1/1N1K1BN1 w kq - 4 17,white,original,64,35,g3e5,d1c1,-104.0,163.0,267.0,0,0,17,15,0.0010599493980407715,0.007431610070748738,0.3570528120194987,0.250842106307582,2240,100.21234840003308,100.43829059996642,,0
opening_012_offset_00,opening_012,early,8,r1bqkbnr/ppppppp1/8/7p/Q1P3P1/1P1n4/P2PPP1P/RNB1KBNR w KQkq - 1 5,white,original,1,2,e2d3,e2d3,200.0,200.0,0.0,1,1,1,1,0.0,0.0,,,2,0.1545806999783963,11.38127260003239,,0
opening_012_offset_00,opening_012,early,8,r1bqkbnr/ppppppp1/8/7p/Q1P3P1/1P1n4/P2PPP1P/RNB1KBNR w KQkq - 1 5,white,original,2,2,e2d3,e2d3,200.0,200.0,0.0,1,1,1,1,0.0004312889650464058,0.0002156444825232029,0.9999999999999999,1.0,4,0.3431629000697285,11.38127260003239,,0
opening_012_offset_00,opening_012,early,8,r1bqkbnr/ppppppp1/8/7p/Q1P3P1/1P1n4/P2PPP1P/RNB1KBNR w KQkq - 1 5,white,original,4,2,e2d3,e2d3,200.0,200.0,0.0,1,1,1,1,0.001143159344792366,0.000571579672396183,0.9999999999999999,1.0,8,0.6621254000347108,11.38127260003239,,0
opening_012_offset_00,opening_012,early,8,r1bqkbnr/ppppppp1/8/7p/Q1P3P1/1P1n4/P2PPP1P/RNB1KBNR w KQkq - 1 5,white,original,8,2,e2d3,e2d3,200.0,200.0,0.0,1,1,1,1,0.0011317683383822441,0.0005658841691911221,0.9999999999999999,1.0,16,1.4170254000928253,11.38127260003239,,0
opening_012_offset_00,opening_012,early,8,r1bqkbnr/ppppppp1/8/7p/Q1P3P1/1P1n4/P2PPP1P/RNB1KBNR w KQkq - 1 5,white,original,16,2,e2d3,e2d3,200.0,200.0,0.0,1,1,1,1,0.001129799522459507,0.0005648997612297535,0.9999999999999999,1.0,32,2.8403615000424907,11.38127260003239,,0
opening_012_offset_00,opening_012,early,8,r1bqkbnr/ppppppp1/8/7p/Q1P3P1/1P1n4/P2PPP1P/RNB1KBNR w KQkq - 1 5,white,original,32,2,e2d3,e2d3,200.0,200.0,0.0,1,1,1,1,0.0011292207054793835,0.0005646103527396917,0.9999999999999999,1.0,64,5.80053750006482,11.38127260003239,,0
opening_012_offset_00,opening_012,early,8,r1bqkbnr/ppppppp1/8/7p/Q1P3P1/1P1n4/P2PPP1P/RNB1KBNR w KQkq - 1 5,white,original,64,2,e2d3,e2d3,200.0,200.0,0.0,1,1,1,1,0.0011928679887205362,0.0005964339943602681,0.9999999999999999,1.0,128,11.37512300000526,11.38127260003239,,0
opening_012_offset_04,opening_012,early,12,r1bqkbnr/p1ppppp1/1p6/2n4p/Q1P3P1/1P5P/P2PPP2/RNBK1BNR w kq - 1 7,white,original,1,28,a4b4,h3h4,-707.0,-372.0,335.0,0,0,25,23,0.0,0.0,,,28,1.5952198000159115,82.90796990005765,,0
opening_012_offset_04,opening_012,early,12,r1bqkbnr/p1ppppp1/1p6/2n4p/Q1P3P1/1P5P/P2PPP2/RNBK1BNR w kq - 1 7,white,original,2,28,a4b4,a4a7,-670.0,-372.0,298.0,0,0,23,23,0.003295840695500374,0.0011943933960606391,0.16465230666881248,0.1301118827683212,56,2.99451540003065,82.90796990005765,,0
opening_012_offset_04,opening_012,early,12,r1bqkbnr/p1ppppp1/1p6/2n4p/Q1P3P1/1P5P/P2PPP2/RNBK1BNR w kq - 1 7,white,original,4,28,a4b4,a4a7,-670.0,-372.0,298.0,0,0,23,19,0.0047708675265312195,0.0020149210409865902,0.21294649166161267,0.15099350992814012,112,5.4262196000199765,82.90796990005765,,0
opening_012_offset_04,opening_012,early,12,r1bqkbnr/p1ppppp1/1p6/2n4p/Q1P3P1/1P5P/P2PPP2/RNBK1BNR w kq - 1 7,white,original,8,28,a4b4,a4a7,-670.0,-372.0,298.0,0,0,23,15,0.004963824525475502,0.0021741927274488274,0.1417818543453925,0.10860936679041656,224,10.202118500019424,82.90796990005765,,0
opening_012_offset_04,opening_012,early,12,r1bqkbnr/p1ppppp1/1p6/2n4p/Q1P3P1/1P5P/P2PPP2/RNBK1BNR w kq - 1 7,white,original,16,28,a4b4,a4a7,-670.0,-372.0,298.0,0,0,23,15,0.005057426169514656,0.002262503303906663,0.14971944850758628,0.11920540257484746,448,19.867643399978988,82.90796990005765,,0
opening_012_offset_04,opening_012,early,12,r1bqkbnr/p1ppppp1/1p6/2n4p/Q1P3P1/1P5P/P2PPP2/RNBK1BNR w kq - 1 7,white,original,32,28,a4b4,a4a7,-670.0,-372.0,298.0,0,0,23,15,0.0024763792753219604,0.0028462679260066732,0.12344327472928959,0.08741729522155481,896,41.49601020000409,82.90796990005765,,0
opening_012_offset_04,opening_012,early,12,r1bqkbnr/p1ppppp1/1p6/2n4p/Q1P3P1/1P5P/P2PPP2/RNBK1BNR w kq - 1 7,white,original,64,28,a4b4,d1e1,-537.0,-372.0,165.0,0,0,11,20,0.00014826655387878418,0.01637557783940916,0.20938825979580164,0.12980143835927835,1792,82.72733200003859,82.90796990005765,,0
opening_012_offset_08,opening_012,early,16,r1bqkbnr/p1p1ppp1/1p1pn3/2P4p/1Q4P1/1P5P/P2PPP2/RNBK1BNR w kq - 0 9,white,original,1,33,b4a4,h3h4,-351.0,29.0,380.0,0,0,22,28,0.0,0.0,,,33,1.4508234000531957,96.90830539993476,,0
opening_012_offset_08,opening_012,early,16,r1bqkbnr/p1p1ppp1/1p1pn3/2P4p/1Q4P1/1P5P/P2PPP2/RNBK1BNR w kq - 0 9,white,original,2,33,b4a4,g4h5,-330.0,29.0,359.0,0,0,20,11,4.934612661600113e-05,0.0016162678405297582,-0.07382600631599891,-0.0736572441863287,66,2.7987276000203565,96.90830539993476,,0
opening_012_offset_08,opening_012,early,16,r1bqkbnr/p1p1ppp1/1p1pn3/2P4p/1Q4P1/1P5P/P2PPP2/RNBK1BNR w kq - 0 9,white,original,4,33,b4a4,b4b6,-931.0,29.0,960.0,0,0,31,7,7.859431207180023e-05,0.004303702160014045,-0.07153601971891584,-0.0721063916739998,132,5.8396021000808105,96.90830539993476,,0
opening_012_offset_08,opening_012,early,16,r1bqkbnr/p1p1ppp1/1p1pn3/2P4p/1Q4P1/1P5P/P2PPP2/RNBK1BNR w kq - 0 9,white,original,8,33,b4a4,b4b5,-160.0,29.0,189.0,0,0,6,7,0.00023932382464408875,0.005493837316658554,-0.07287314158282081,-0.09487683114999976,264,11.171994500095025,96.90830539993476,,0
opening_012_offset_08,opening_012,early,16,r1bqkbnr/p1p1ppp1/1p1pn3/2P4p/1Q4P1/1P5P/P2PPP2/RNBK1BNR w kq - 0 9,white,original,16,33,b4a4,b4b5,-160.0,29.0,189.0,0,0,6,7,0.0008094571530818939,0.005828228370293459,-0.09125856721151414,-0.10246697764199972,528,22.792214200017042,96.90830539993476,,0
opening_012_offset_08,opening_012,early,16,r1bqkbnr/p1p1ppp1/1p1pn3/2P4p/1Q4P1/1P5P/P2PPP2/RNBK1BNR w kq - 0 9,white,original,32,33,b4a4,b4b5,-160.0,29.0,189.0,0,0,6,7,0.001085398718714714,0.006054889586787512,-0.11599532169375606,-0.12903249036399964,1056,47.87605090008583,96.90830539993476,,0
opening_012_offset_08,opening_012,early,16,r1bqkbnr/p1p1ppp1/1p1pn3/2P4p/1Q4P1/1P5P/P2PPP2/RNBK1BNR w kq - 0 9,white,original,64,33,b4a4,d1e1,-354.0,29.0,383.0,0,0,23,9,0.0001334846019744873,0.018432959621936005,-0.17984289069521833,-0.12903249036399964,2112,96.70673850004096,96.90830539993476,,0
opening_012_offset_12,opening_012,middle,20,r1b1kbnr/2pqppp1/pp1pn3/2P4p/1Q4P1/1P1P1N1P/P3PP2/RNBK1B1R w kq - 2 11,white,original,1,47,g4g5,h3h4,-352.0,-64.0,288.0,0,0,32,5,0.0,0.0,,,47,2.514777100062929,157.01015470002312,,0
opening_012_offset_12,opening_012,middle,20,r1b1kbnr/2pqppp1/pp1pn3/2P4p/1Q4P1/1P1P1N1P/P3PP2/RNBK1B1R w kq - 2 11,white,original,2,47,g4g5,g4h5,-152.0,-64.0,88.0,0,0,8,5,4.9347057938575745e-05,0.0021571549878025504,-0.14051436619513877,-0.11117382057902052,94,4.937710500089452,157.01015470002312,,0
opening_012_offset_12,opening_012,middle,20,r1b1kbnr/2pqppp1/pp1pn3/2P4p/1Q4P1/1P1P1N1P/P3PP2/RNBK1B1R w kq - 2 11,white,original,4,47,g4g5,b4b6,-926.0,-64.0,862.0,0,0,47,14,7.925368845462799e-05,0.005338147875850301,-0.18383161093140735,-0.13166470236869154,188,9.825258400058374,157.01015470002312,,0
opening_012_offset_12,opening_012,middle,20,r1b1kbnr/2pqppp1/pp1pn3/2P4p/1Q4P1/1P1P1N1P/P3PP2/RNBK1B1R w kq - 2 11,white,original,8,47,g4g5,b4b5,-890.0,-64.0,826.0,0,0,44,14,0.0002393033355474472,0.006861637099070441,-0.18932516331847363,-0.1298102699409635,376,19.452587200095877,157.01015470002312,,0
opening_012_offset_12,opening_012,middle,20,r1b1kbnr/2pqppp1/pp1pn3/2P4p/1Q4P1/1P1P1N1P/P3PP2/RNBK1B1R w kq - 2 11,white,original,16,47,g4g5,b4b5,-890.0,-64.0,826.0,0,0,44,14,0.0008093593642115593,0.007389154704690427,-0.19695830979313414,-0.13351913479641964,752,39.418877500109375,157.01015470002312,,0
opening_012_offset_12,opening_012,middle,20,r1b1kbnr/2pqppp1/pp1pn3/2P4p/1Q4P1/1P1P1N1P/P3PP2/RNBK1B1R w kq - 2 11,white,original,32,47,g4g5,b4b5,-890.0,-64.0,826.0,0,0,44,17,0.0010853046551346779,0.00773031317623231,-0.21153068033566783,-0.1409368645073318,1504,79.90142130001914,157.01015470002312,,0
opening_012_offset_12,opening_012,middle,20,r1b1kbnr/2pqppp1/pp1pn3/2P4p/1Q4P1/1P1P1N1P/P3PP2/RNBK1B1R w kq - 2 11,white,original,64,47,g4g5,d1d2,-448.0,-64.0,384.0,0,0,39,17,0.00019688159227371216,0.022785814117023268,-0.23570231083875945,-0.15391789150142818,3008,156.64502020005602,157.01015470002312,,0
opening_012_offset_16,opening_012,middle,24,r1b1kbnr/2pqppp1/pp6/2Pp3p/Q2n2P1/1P1P1N1P/P3PP1R/RNBK1B2 w kq - 0 13,white,original,1,40,a4d4,h3h4,-558.0,538.0,1096.0,0,0,29,32,0.0,0.0,,,40,1.7690943999914452,101.21303939993959,,0
opening_012_offset_16,opening_012,middle,24,r1b1kbnr/2pqppp1/pp6/2Pp3p/Q2n2P1/1P1P1N1P/P3PP1R/RNBK1B2 w kq - 0 13,white,original,2,40,a4d4,g4h5,-492.0,538.0,1030.0,0,0,26,8,0.0003947494551539421,0.0017544804695158148,-0.1926184544002888,-0.12055171086065344,80,3.546767199994065,101.21303939993959,,0
opening_012_offset_16,opening_012,middle,24,r1b1kbnr/2pqppp1/pp6/2Pp3p/Q2n2P1/1P1P1N1P/P3PP1R/RNBK1B2 w kq - 0 13,white,original,4,40,a4d4,g4h5,-492.0,538.0,1030.0,0,0,26,4,0.0013524051755666733,0.003688276964448667,-0.1908067542213884,-0.13076923076923078,160,6.694835399976,101.21303939993959,,0
opening_012_offset_16,opening_012,middle,24,r1b1kbnr/2pqppp1/pp6/2Pp3p/Q2n2P1/1P1P1N1P/P3PP1R/RNBK1B2 w kq - 0 13,white,original,8,40,a4d4,g4h5,-492.0,538.0,1030.0,0,0,26,6,0.0013217190280556679,0.004940655015366678,-0.28180112570356475,-0.18974358974358974,320,12.87929059995804,101.21303939993959,,0
opening_012_offset_16,opening_012,middle,24,r1b1kbnr/2pqppp1/pp6/2Pp3p/Q2n2P1/1P1P1N1P/P3PP1R/RNBK1B2 w kq - 0 13,white,original,16,40,a4d4,g4h5,-492.0,538.0,1030.0,0,0,26,7,0.0012617111206054688,0.005516342130587812,-0.31782363977485933,-0.20512820512820512,640,25.20564849989023,101.21303939993959,,0
opening_012_offset_16,opening_012,middle,24,r1b1kbnr/2pqppp1/pp6/2Pp3p/Q2n2P1/1P1P1N1P/P3PP1R/RNBK1B2 w kq - 0 13,white,original,32,40,a4d4,d1d2,-578.0,538.0,1116.0,0,0,30,8,0.00021320953965187073,0.005936679975796909,-0.32814258911819894,-0.21025641025641026,1280,53.450116899912246,101.21303939993959,,0
opening_012_offset_16,opening_012,middle,24,r1b1kbnr/2pqppp1/pp6/2Pp3p/Q2n2P1/1P1P1N1P/P3PP1R/RNBK1B2 w kq - 0 13,white,original,64,40,a4d4,d1d2,-578.0,538.0,1116.0,0,0,30,11,0.00019563734531402588,0.02214904874869996,-0.24409005628517827,-0.1512820512820513,2560,100.8776288999943,101.21303939993959,,0
opening_012_offset_20,opening_012,late,28,r1b1kbnr/2pqp1p1/p7/1pPp1p1p/Q2n2P1/PP1P1N1P/R3PP1R/1NBK1B2 w kq - 0 15,white,original,1,38,a4d4,h3h4,-933.0,458.0,1391.0,0,0,21,29,0.0,0.0,,,38,2.160178599995561,134.92059699993115,,0
opening_012_offset_20,opening_012,late,28,r1b1kbnr/2pqp1p1/p7/1pPp1p1p/Q2n2P1/PP1P1N1P/R3PP1R/1NBK1B2 w kq - 0 15,white,original,2,38,a4d4,g4f5,-728.0,458.0,1186.0,0,0,9,9,7.665250450372696e-06,0.001806988926204711,0.19142535066415817,0.1449121125099576,76,4.155764099908993,134.92059699993115,,0
opening_012_offset_20,opening_012,late,28,r1b1kbnr/2pqp1p1/p7/1pPp1p1p/Q2n2P1/PP1P1N1P/R3PP1R/1NBK1B2 w kq - 0 15,white,original,4,38,a4d4,g4f5,-728.0,458.0,1186.0,0,0,9,5,2.4940352886915207e-05,0.0037656190086391094,0.173213699529489,0.10384068278805123,152,8.33503539999947,134.92059699993115,,0
opening_012_offset_20,opening_012,late,28,r1b1kbnr/2pqp1p1/p7/1pPp1p1p/Q2n2P1/PP1P1N1P/R3PP1R/1NBK1B2 w kq - 0 15,white,original,8,38,a4d4,g4f5,-728.0,458.0,1186.0,0,0,9,6,2.0384090021252632e-05,0.004966358921472858,0.18328044643834118,0.11806543385490756,304,17.52747149998322,134.92059699993115,,0
opening_012_offset_20,opening_012,late,28,r1b1kbnr/2pqp1p1/p7/1pPp1p1p/Q2n2P1/PP1P1N1P/R3PP1R/1NBK1B2 w kq - 0 15,white,original,16,38,a4d4,g4f5,-728.0,458.0,1186.0,0,0,9,7,2.2016232833266258e-05,0.00552121465316998,0.167304956778641,0.10953058321479375,608,32.66735429991968,134.92059699993115,,0
opening_012_offset_20,opening_012,late,28,r1b1kbnr/2pqp1p1/p7/1pPp1p1p/Q2n2P1/PP1P1N1P/R3PP1R/1NBK1B2 w kq - 0 15,white,original,32,38,a4d4,d1d2,-1121.0,458.0,1579.0,0,0,38,8,0.00021376274526119232,0.005933523281709981,0.11697122223438013,0.07539118065433856,1216,68.29257809999399,134.92059699993115,,0
opening_012_offset_20,opening_012,late,28,r1b1kbnr/2pqp1p1/p7/1pPp1p1p/Q2n2P1/PP1P1N1P/R3PP1R/1NBK1B2 w kq - 0 15,white,original,64,38,a4d4,d1d2,-1121.0,458.0,1579.0,0,0,38,12,0.00020428001880645752,0.01471174511536164,-0.005361636940584309,-0.009957325746799433,2432,134.68550409993622,134.92059699993115,,0
opening_012_offset_24,opening_012,late,32,r1b1kbnr/2p1p1p1/p2q4/1pPp1p1p/Q2n2PP/PP1P1N2/1R2PP1R/1NBK1B2 w kq - 3 17,white,original,1,37,a4d4,h2h3,-377.0,784.0,1161.0,0,0,26,32,0.0,0.0,,,37,1.603636300074868,99.02420019998681,,0
opening_012_offset_24,opening_012,late,32,r1b1kbnr/2p1p1p1/p2q4/1pPp1p1p/Q2n2PP/PP1P1N2/1R2PP1R/1NBK1B2 w kq - 3 17,white,original,2,37,a4d4,g4f5,-54.0,784.0,838.0,0,0,9,11,7.665017619729042e-06,0.001830181557010744,0.2444366873355799,0.17161048668476453,74,3.242228400078602,99.02420019998681,,0
opening_012_offset_24,opening_012,late,32,r1b1kbnr/2p1p1p1/p2q4/1pPp1p1p/Q2n2PP/PP1P1N2/1R2PP1R/1NBK1B2 w kq - 3 17,white,original,4,37,a4d4,g4f5,-54.0,784.0,838.0,0,0,9,8,2.49398872256279e-05,0.003889480644813368,0.29612945342755537,0.1908340132894211,148,6.623059700010344,99.02420019998681,,0
opening_012_offset_24,opening_012,late,32,r1b1kbnr/2p1p1p1/p2q4/1pPp1p1p/Q2n2PP/PP1P1N2/1R2PP1R/1NBK1B2 w kq - 3 17,white,original,8,37,a4d4,g4f5,-54.0,784.0,838.0,0,0,9,9,2.0383857190608978e-05,0.00522888027864752,0.27692490120367064,0.17280245297860963,296,12.393844800069928,99.02420019998681,,0
opening_012_offset_24,opening_012,late,32,r1b1kbnr/2p1p1p1/p2q4/1pPp1p1p/Q2n2PP/PP1P1N2/1R2PP1R/1NBK1B2 w kq - 3 17,white,original,16,37,a4d4,b2d2,-347.0,784.0,1131.0,0,0,24,10,0.0001197609817609191,0.005845302784923619,0.23792306366257152,0.1577761527196001,592,23.661403100006282,99.02420019998681,,0
opening_012_offset_24,opening_012,late,32,r1b1kbnr/2p1p1p1/p2q4/1pPp1p1p/Q2n2PP/PP1P1N2/1R2PP1R/1NBK1B2 w kq - 3 17,white,original,32,37,a4d4,d1d2,-826.0,784.0,1610.0,0,0,34,11,0.00021376833319664001,0.0062153841854559,0.15316223131641374,0.09767095168356196,1184,49.51152880000882,99.02420019998681,,0
opening_012_offset_24,opening_012,late,32,r1b1kbnr/2p1p1p1/p2q4/1pPp1p1p/Q2n2PP/PP1P1N2/1R2PP1R/1NBK1B2 w kq - 3 17,white,original,64,37,a4d4,d1d2,-826.0,784.0,1610.0,0,0,34,11,0.0001932866871356964,0.012344773089831137,0.14261158225514375,0.09466569163176007,2368,98.75722940010019,99.02420019998681,,0
opening_013_offset_00,opening_013,early,8,rnbqkbnr/ppp3pp/4pp2/3p4/8/2PP4/PP2PPPP/RNBQKBNR w KQkq - 0 5,white,original,1,28,d3d4,h2h4,11.0,11.0,0.0,0,0,2,12,0.0,0.0,,,28,1.0438938000006601,91.276809199946,,0
opening_013_offset_00,opening_013,early,8,rnbqkbnr/ppp3pp/4pp2/3p4/8/2PP4/PP2PPPP/RNBQKBNR w KQkq - 0 5,white,original,2,28,d3d4,g2g3,6.0,11.0,5.0,0,0,3,10,0.0005252684932202101,0.0003977354220950654,-0.009087247868042528,0.013644710888831518,56,2.4794217000016943,91.276809199946,,0
opening_013_offset_00,opening_013,early,8,rnbqkbnr/ppp3pp/4pp2/3p4/8/2PP4/PP2PPPP/RNBQKBNR w KQkq - 0 5,white,original,4,28,d3d4,g2g3,6.0,11.0,5.0,0,0,3,13,0.0011465498246252537,0.0011194120404813155,-0.002191181238213326,0.007989524611063394,112,5.723037600051612,91.276809199946,,0
opening_013_offset_00,opening_013,early,8,rnbqkbnr/ppp3pp/4pp2/3p4/8/2PP4/PP2PPPP/RNBQKBNR w KQkq - 0 5,white,original,8,28,d3d4,g2g3,6.0,11.0,5.0,0,0,3,16,0.000483702402561903,0.0016550195317554667,-0.004656260131203318,0.0026631748703544646,224,11.263855800032616,91.276809199946,,0
opening_013_offset_00,opening_013,early,8,rnbqkbnr/ppp3pp/4pp2/3p4/8/2PP4/PP2PPPP/RNBQKBNR w KQkq - 0 5,white,original,16,28,d3d4,b2b3,-11.0,11.0,22.0,0,0,12,16,6.089359521865845e-05,0.0019311163658407584,-0.00849082729807664,-0.013315874351772323,448,21.340795899974182,91.276809199946,,0
opening_013_offset_00,opening_013,early,8,rnbqkbnr/ppp3pp/4pp2/3p4/8/2PP4/PP2PPPP/RNBQKBNR w KQkq - 0 5,white,original,32,28,d3d4,d1b3,-13.0,11.0,24.0,0,0,16,16,2.44705006480217e-07,0.0030775500437345456,0.018898938179589937,0.007989524611063394,896,41.28244119998999,91.276809199946,,0
opening_013_offset_00,opening_013,early,8,rnbqkbnr/ppp3pp/4pp2/3p4/8/2PP4/PP2PPPP/RNBQKBNR w KQkq - 0 5,white,original,64,28,d3d4,d1d2,-27.0,11.0,38.0,0,0,20,17,3.482028841972351e-05,0.019626923698424753,0.06655713011072979,0.03994762305531697,1792,91.10895280004479,91.276809199946,,0
opening_013_offset_04,opening_013,early,12,rnbqkbnr/1pp3pp/p3pp1B/8/3p4/P1PP4/1P2PPPP/RN1QKBNR w KQkq - 0 7,white,original,1,29,h6d2,h6g7,-463.0,16.0,479.0,0,0,5,5,0.0,0.0,,,29,1.356334500014782,87.68367509997915,,0
opening_013_offset_04,opening_013,early,12,rnbqkbnr/1pp3pp/p3pp1B/8/3p4/P1PP4/1P2PPPP/RN1QKBNR w KQkq - 0 7,white,original,2,29,h6d2,g2g3,-637.0,16.0,653.0,0,0,11,22,0.0005252680275589228,0.0003800243295880732,0.18733548896341773,0.11530580074742412,58,2.6851135999895632,87.68367509997915,,0
opening_013_offset_04,opening_013,early,12,rnbqkbnr/1pp3pp/p3pp1B/8/3p4/P1PP4/1P2PPPP/RN1QKBNR w KQkq - 0 7,white,original,4,29,h6d2,g2g3,-637.0,16.0,653.0,0,0,11,15,0.0011465484276413918,0.0010631360432178784,0.09214092420551866,0.06913601321785884,116,5.270899800001644,87.68367509997915,,0
opening_013_offset_04,opening_013,early,12,rnbqkbnr/1pp3pp/p3pp1B/8/3p4/P1PP4/1P2PPPP/RN1QKBNR w KQkq - 0 7,white,original,8,29,h6d2,g2g3,-637.0,16.0,653.0,0,0,11,14,0.0004841480404138565,0.001585131640237084,0.1249076165032031,0.10370401982678824,232,10.370102099957876,87.68367509997915,,0
opening_013_offset_04,opening_013,early,12,rnbqkbnr/1pp3pp/p3pp1B/8/3p4/P1PP4/1P2PPPP/RN1QKBNR w KQkq - 0 7,white,original,16,29,h6d2,b2b3,-800.0,16.0,816.0,0,0,23,15,6.111385300755501e-05,0.0018547738042792518,0.09830007689305334,0.06913601321785884,464,21.23605760000646,87.68367509997915,,0
opening_013_offset_04,opening_013,early,12,rnbqkbnr/1pp3pp/p3pp1B/8/3p4/P1PP4/1P2PPPP/RN1QKBNR w KQkq - 0 7,white,original,32,29,h6d2,d1c1,-570.0,16.0,586.0,0,0,7,16,0.0009106724755838513,0.0031426969705183193,0.1941364927110928,0.14321031309413615,928,42.484385399962775,87.68367509997915,,0
opening_013_offset_04,opening_013,early,12,rnbqkbnr/1pp3pp/p3pp1B/8/3p4/P1PP4/1P2PPPP/RN1QKBNR w KQkq - 0 7,white,original,64,29,h6d2,d1c1,-570.0,16.0,586.0,0,0,7,18,0.0009273700416088104,0.02119246725764055,0.1921655638510817,0.15308688641097312,1856,87.52108929993119,87.68367509997915,,0
opening_013_offset_08,opening_013,early,16,rnbqk1nr/1pp3pp/4pp1B/p7/1b1p4/P1PP1N2/1P2PPPP/R2QKBNR w KQkq - 2 9,white,original,1,32,h6g7,h6g7,493.0,493.0,0.0,1,1,1,1,0.0,0.0,,,32,1.2304844000609592,87.77846910001244,,0
opening_013_offset_08,opening_013,early,16,rnbqk1nr/1pp3pp/4pp1B/p7/1b1p4/P1PP1N2/1P2PPPP/R2QKBNR w KQkq - 2 9,white,original,2,32,h6g7,g2g3,46.0,493.0,447.0,0,1,8,3,0.0005252680275589228,0.0015319998352729262,0.3463000818660816,0.23739463743974584,64,2.544235400040634,87.77846910001244,,0
opening_013_offset_08,opening_013,early,16,rnbqk1nr/1pp3pp/4pp1B/p7/1b1p4/P1PP1N2/1P2PPPP/R2QKBNR w KQkq - 2 9,white,original,4,32,h6g7,g2g3,46.0,493.0,447.0,0,0,8,4,0.001146545633673668,0.003318552591893746,0.21525487329202106,0.15975806563088726,128,4.978768900036812,87.77846910001244,,0
opening_013_offset_08,opening_013,early,16,rnbqk1nr/1pp3pp/4pp1B/p7/1b1p4/P1PP1N2/1P2PPPP/R2QKBNR w KQkq - 2 9,white,original,8,32,h6g7,g2g3,46.0,493.0,447.0,0,0,8,4,0.0004841531626880169,0.004465531199085899,0.2720938943486876,0.19615863754678564,256,10.453639600076713,87.77846910001244,,0
opening_013_offset_08,opening_013,early,16,rnbqk1nr/1pp3pp/4pp1B/p7/1b1p4/P1PP1N2/1P2PPPP/R2QKBNR w KQkq - 2 9,white,original,16,32,h6g7,b2b3,-640.0,493.0,1133.0,0,0,32,5,0.00010505132377147675,0.005056142378894441,0.24129081196959087,0.17593609759350876,512,20.478550100000575,87.77846910001244,,0
opening_013_offset_08,opening_013,early,16,rnbqk1nr/1pp3pp/4pp1B/p7/1b1p4/P1PP1N2/1P2PPPP/R2QKBNR w KQkq - 2 9,white,original,32,32,h6g7,d1c1,-23.0,493.0,516.0,0,0,15,11,0.0008495403453707695,0.006106271481992102,0.24092410860793498,0.1718915896028534,1024,43.85660960001405,87.77846910001244,,0
opening_013_offset_08,opening_013,early,16,rnbqk1nr/1pp3pp/4pp1B/p7/1b1p4/P1PP1N2/1P2PPPP/R2QKBNR w KQkq - 2 9,white,original,64,32,h6g7,d1b3,-14.0,493.0,507.0,0,0,13,23,0.0019044280052185059,0.03090664025063162,0.08764210343576324,0.05460085787384755,2048,87.57021260005422,87.77846910001244,,0
opening_013_offset_12,opening_013,middle,20,rnbqk1nr/1p5p/2p1pp1B/p5p1/Qb1p4/PPPP1N2/4PPPP/R3KBNR w KQkq - 0 11,white,original,1,28,a3b4,h6g7,-433.0,30.0,463.0,0,0,4,24,0.0,0.0,,,28,1.3383017999585718,83.82656870002393,,0
opening_013_offset_12,opening_013,middle,20,rnbqk1nr/1p5p/2p1pp1B/p5p1/Qb1p4/PPPP1N2/4PPPP/R3KBNR w KQkq - 0 11,white,original,2,28,a3b4,g2g3,-1012.0,30.0,1042.0,0,0,18,5,0.0005252684204606339,0.0015940648815550382,0.43479478163702734,0.349815010409799,56,2.606441400013864,83.82656870002393,,0
opening_013_offset_12,opening_013,middle,20,rnbqk1nr/1p5p/2p1pp1B/p5p1/Qb1p4/PPPP1N2/4PPPP/R3KBNR w KQkq - 0 11,white,original,4,28,a3b4,g2g3,-1012.0,30.0,1042.0,0,1,18,3,0.0011465480056358501,0.0034379249459365402,0.3995621237000547,0.2804232804232804,112,5.295520100044087,83.82656870002393,,0
opening_013_offset_12,opening_013,middle,20,rnbqk1nr/1p5p/2p1pp1B/p5p1/Qb1p4/PPPP1N2/4PPPP/R3KBNR w KQkq - 0 11,white,original,8,28,a3b4,g2g3,-1012.0,30.0,1042.0,0,0,18,6,0.001309270621277392,0.0046421507696910854,0.3169129720853858,0.2380952380952381,224,10.590509000001475,83.82656870002393,,0
opening_013_offset_12,opening_013,middle,20,rnbqk1nr/1p5p/2p1pp1B/p5p1/Qb1p4/PPPP1N2/4PPPP/R3KBNR w KQkq - 0 11,white,original,16,28,a3b4,g2g3,-1012.0,30.0,1042.0,0,0,18,8,0.0013455345761030912,0.0051695485507054,0.29337712096332785,0.21164021164021166,448,22.4676741999574,83.82656870002393,,0
opening_013_offset_12,opening_013,middle,20,rnbqk1nr/1p5p/2p1pp1B/p5p1/Qb1p4/PPPP1N2/4PPPP/R3KBNR w KQkq - 0 11,white,original,32,28,a3b4,g2g3,-1012.0,30.0,1042.0,0,0,18,6,0.0013427343219518661,0.005324544205310425,0.25287356321839083,0.20105820105820105,896,43.09636219998356,83.82656870002393,,0
opening_013_offset_12,opening_013,middle,20,rnbqk1nr/1p5p/2p1pp1B/p5p1/Qb1p4/PPPP1N2/4PPPP/R3KBNR w KQkq - 0 11,white,original,64,28,a3b4,a1c1,-697.0,30.0,727.0,0,0,8,5,0.0011278614401817322,0.017294432426760778,0.3399014778325123,0.24338624338624337,1792,83.6510143999476,83.82656870002393,,0
opening_013_offset_16,opening_013,middle,24,rnb1k1nr/1p5p/2p1pp1B/pq4p1/Qb1p1N2/PPPP1N2/4PPPP/R3KB1R w KQkq - 4 13,white,original,1,33,a3b4,h6g7,-374.0,-62.0,312.0,0,0,4,29,0.0,0.0,,,33,1.5110274000326172,94.16096820007078,,0
opening_013_offset_16,opening_013,middle,24,rnb1k1nr/1p5p/2p1pp1B/pq4p1/Qb1p1N2/PPPP1N2/4PPPP/R3KB1R w KQkq - 4 13,white,original,2,33,a3b4,g2g3,-960.0,-62.0,898.0,0,0,29,6,0.0005252684495644644,0.0016090389246836072,0.22475129424131082,0.1417718177104417,66,2.944658000022173,94.16096820007078,,0
opening_013_offset_16,opening_013,middle,24,rnb1k1nr/1p5p/2p1pp1B/pq4p1/Qb1p1N2/PPPP1N2/4PPPP/R3KB1R w KQkq - 4 13,white,original,4,33,a3b4,g2g3,-960.0,-62.0,898.0,0,0,29,4,0.001146544556831941,0.003480941663827846,0.2847593582887701,0.19318181818181818,132,5.704295100062154,94.16096820007078,,0
opening_013_offset_16,opening_013,middle,24,rnb1k1nr/1p5p/2p1pp1B/pq4p1/Qb1p1N2/PPPP1N2/4PPPP/R3KB1R w KQkq - 4 13,white,original,8,33,a3b4,g2g3,-960.0,-62.0,898.0,0,0,29,6,0.0008700795006006956,0.004672259229083899,0.285427807486631,0.19696969696969696,264,11.201070200069807,94.16096820007078,,0
opening_013_offset_16,opening_013,middle,24,rnb1k1nr/1p5p/2p1pp1B/pq4p1/Qb1p1N2/PPPP1N2/4PPPP/R3KB1R w KQkq - 4 13,white,original,16,33,a3b4,g2g3,-960.0,-62.0,898.0,0,0,29,7,0.0003747830633074045,0.005192150288062206,0.26336898395721925,0.17424242424242425,528,22.703272800077684,94.16096820007078,,0
opening_013_offset_16,opening_013,middle,24,rnb1k1nr/1p5p/2p1pp1B/pq4p1/Qb1p1N2/PPPP1N2/4PPPP/R3KB1R w KQkq - 4 13,white,original,32,33,a3b4,g2g3,-960.0,-62.0,898.0,0,0,29,6,0.00023830775171518326,0.005332846282881433,0.16176470588235295,0.09848484848484848,1056,45.38967289996799,94.16096820007078,,0
opening_013_offset_16,opening_013,middle,24,rnb1k1nr/1p5p/2p1pp1B/pq4p1/Qb1p1N2/PPPP1N2/4PPPP/R3KB1R w KQkq - 4 13,white,original,64,33,a3b4,a1c1,-458.0,-62.0,396.0,0,0,5,5,0.0011043772101402283,0.01720636413625029,0.2710561497326203,0.20075757575757577,2112,93.9472073999932,94.16096820007078,,0
opening_013_offset_20,opening_013,late,28,rnb1k1nr/1p2b2p/2p1pp1B/pq4p1/Q2p1N1N/PPPP2P1/4PP1P/R3KB1R w KQkq - 3 15,white,original,1,36,h6g7,h6g7,-254.0,-254.0,0.0,1,1,1,1,0.0,0.0,,,36,1.6532793999649584,98.05058449995704,,0
opening_013_offset_20,opening_013,late,28,rnb1k1nr/1p2b2p/2p1pp1B/pq4p1/Q2p1N1N/PPPP2P1/4PP1P/R3KB1R w KQkq - 3 15,white,original,2,36,h6g7,h6g5,-713.0,-254.0,459.0,0,0,10,20,2.9750284738838673e-05,0.00020331408295274579,0.004322873224963131,0.008071974181192572,72,3.323183999978937,98.05058449995704,,0
opening_013_offset_20,opening_013,late,28,rnb1k1nr/1p2b2p/2p1pp1B/pq4p1/Q2p1N1N/PPPP2P1/4PP1P/R3KB1R w KQkq - 3 15,white,original,4,36,h6g7,a4b5,-343.0,-254.0,89.0,0,0,2,17,0.0005020766548113897,0.0006359834905762445,0.28174271246963534,0.21127885933870028,144,6.4591385999228805,98.05058449995704,,0
opening_013_offset_20,opening_013,late,28,rnb1k1nr/1p2b2p/2p1pp1B/pq4p1/Q2p1N1N/PPPP2P1/4PP1P/R3KB1R w KQkq - 3 15,white,original,8,36,h6g7,a4b5,-343.0,-254.0,89.0,0,0,2,16,0.0014129289920674637,0.0008794996447913763,0.2402986040113336,0.1636219737735799,288,12.407546699978411,98.05058449995704,,0
opening_013_offset_20,opening_013,late,28,rnb1k1nr/1p2b2p/2p1pp1B/pq4p1/Q2p1N1N/PPPP2P1/4PP1P/R3KB1R w KQkq - 3 15,white,original,16,36,h6g7,a4b5,-343.0,-254.0,89.0,0,0,2,15,0.0019438063754932955,0.0009806786527851328,0.22588326193888078,0.1572677223648972,576,24.507061299984343,98.05058449995704,,0
opening_013_offset_20,opening_013,late,28,rnb1k1nr/1p2b2p/2p1pp1B/pq4p1/Q2p1N1N/PPPP2P1/4PP1P/R3KB1R w KQkq - 3 15,white,original,32,36,h6g7,a4b5,-343.0,-254.0,89.0,0,0,2,15,0.0019662855193018913,0.001086997416195463,0.11545144499098352,0.08419383116504596,1152,50.081787599949166,98.05058449995704,,0
opening_013_offset_20,opening_013,late,28,rnb1k1nr/1p2b2p/2p1pp1B/pq4p1/Q2p1N1N/PPPP2P1/4PP1P/R3KB1R w KQkq - 3 15,white,original,64,36,h6g7,a1c1,-776.0,-254.0,522.0,0,0,15,12,0.0009297700598835945,0.0051368134368654375,0.07722504681671138,0.05877682553031511,2304,97.7907110999804,98.05058449995704,,0
opening_013_offset_24,opening_013,late,32,rnb1k1nr/1p2b2p/5p1B/pqp1p1p1/Q2pPN2/PPPP2P1/5PNP/R3KB1R w KQkq - 0 17,white,original,1,33,a4b5,h6g7,-55.0,713.0,768.0,0,0,3,27,0.0,0.0,,,33,1.6340607999591157,94.71716529992409,,0
opening_013_offset_24,opening_013,late,32,rnb1k1nr/1p2b2p/5p1B/pqp1p1p1/Q2pPN2/PPPP2P1/5PNP/R3KB1R w KQkq - 0 17,white,original,2,33,a4b5,g2h4,-772.0,713.0,1485.0,0,0,22,5,0.00017444370314478874,0.0002367739056341519,-0.07363396382827253,-0.061128885135249236,66,3.255113699939102,94.71716529992409,,0
opening_013_offset_24,opening_013,late,32,rnb1k1nr/1p2b2p/5p1B/pqp1p1p1/Q2pPN2/PPPP2P1/5PNP/R3KB1R w KQkq - 0 17,white,original,4,33,a4b5,g2h4,-772.0,713.0,1485.0,0,1,22,2,0.0002406410640105605,0.0007356418816268797,0.13804629445707284,0.08530809519467862,132,6.490249499911442,94.71716529992409,,0
opening_013_offset_24,opening_013,late,32,rnb1k1nr/1p2b2p/5p1B/pqp1p1p1/Q2pPN2/PPPP2P1/5PNP/R3KB1R w KQkq - 0 17,white,original,8,33,a4b5,a4b5,713.0,713.0,0.0,1,1,1,1,0.00044303282629698515,0.0010400768337344927,0.02055653053053264,0.020853089936477,264,12.413437599898316,94.71716529992409,,0
opening_013_offset_24,opening_013,late,32,rnb1k1nr/1p2b2p/5p1B/pqp1p1p1/Q2pPN2/PPPP2P1/5PNP/R3KB1R w KQkq - 0 17,white,original,16,33,a4b5,a4b5,713.0,713.0,0.0,1,1,1,1,0.0009681979427114129,0.0011555425928606387,-0.03676777818469252,-0.02843603173155954,528,24.19460429996252,94.71716529992409,,0
opening_013_offset_24,opening_013,late,32,rnb1k1nr/1p2b2p/5p1B/pqp1p1p1/Q2pPN2/PPPP2P1/5PNP/R3KB1R w KQkq - 0 17,white,original,32,33,a4b5,a4b5,713.0,713.0,0.0,1,1,1,1,0.0010443739593029022,0.0012586686235934795,-0.047129606582196774,-0.039810444424183355,1056,45.9261035999516,94.71716529992409,,0
opening_013_offset_24,opening_013,late,32,rnb1k1nr/1p2b2p/5p1B/pqp1p1p1/Q2pPN2/PPPP2P1/5PNP/R3KB1R w KQkq - 0 17,white,original,64,33,a4b5,a4b5,713.0,713.0,0.0,1,1,1,1,0.00041031092405319214,0.0016843334387745671,-0.07286705131148154,-0.054976328014348444,2112,94.49664799997117,94.71716529992409,,0
opening_014_offset_00,opening_014,early,8,rnbqk1nr/ppppp2p/6pb/8/2P2pPP/P7/1P1PPP2/RNBQKBNR w KQkq - 0 5,white,original,1,22,d2d4,h4h5,125.0,222.0,97.0,0,0,6,12,0.0,0.0,,,22,1.3931974000297487,75.20240850001574,,0
opening_014_offset_00,opening_014,early,8,rnbqk1nr/ppppp2p/6pb/8/2P2pPP/P7/1P1PPP2/RNBQKBNR w KQkq - 0 5,white,original,2,22,d2d4,g4g5,128.0,222.0,94.0,0,0,5,7,0.0015906132757663727,0.00047558701723368846,0.3390173911325002,0.23457068863049457,44,2.5516724000917748,75.20240850001574,,0
opening_014_offset_00,opening_014,early,8,rnbqk1nr/ppppp2p/6pb/8/2P2pPP/P7/1P1PPP2/RNBQKBNR w KQkq - 0 5,white,original,4,22,d2d4,g4g5,128.0,222.0,94.0,0,0,5,6,0.0008631087839603424,0.0010440836968444403,0.22303783173348396,0.16017316017316016,88,4.764930900069885,75.20240850001574,,0
opening_014_offset_00,opening_014,early,8,rnbqk1nr/ppppp2p/6pb/8/2P2pPP/P7/1P1PPP2/RNBQKBNR w KQkq - 0 5,white,original,8,22,d2d4,b2b3,79.0,222.0,143.0,0,0,13,8,7.722713053226471e-05,0.0015811905150845556,0.20948616600790515,0.14285714285714285,176,8.978866700083017,75.20240850001574,,0
opening_014_offset_00,opening_014,early,8,rnbqk1nr/ppppp2p/6pb/8/2P2pPP/P7/1P1PPP2/RNBQKBNR w KQkq - 0 5,white,original,16,22,d2d4,b2b3,79.0,222.0,143.0,0,0,13,9,6.20279461145401e-05,0.0018913861847412675,0.18690005646527386,0.14285714285714285,352,17.92982530000154,75.20240850001574,,0
opening_014_offset_00,opening_014,early,8,rnbqk1nr/ppppp2p/6pb/8/2P2pPP/P7/1P1PPP2/RNBQKBNR w KQkq - 0 5,white,original,32,22,d2d4,d1b3,85.0,222.0,137.0,0,0,12,10,0.0001345071941614151,0.0030410742747186276,0.1225296442687747,0.09090909090909091,704,37.59646910009906,75.20240850001574,,0
opening_014_offset_00,opening_014,early,8,rnbqk1nr/ppppp2p/6pb/8/2P2pPP/P7/1P1PPP2/RNBQKBNR w KQkq - 0 5,white,original,64,22,d2d4,d1b3,85.0,222.0,137.0,0,0,12,8,0.0020692795515060425,0.022393233753840745,0.10897797854319595,0.08225108225108224,1408,75.05364570009988,75.20240850001574,,0
opening_014_offset_04,opening_014,early,12,rnbqkbnr/ppppp2p/6p1/7P/2P2pP1/P1N5/1P1PPP2/R1BQKBNR w KQkq - 3 7,white,original,1,30,h5g6,h5h6,50.0,535.0,485.0,0,1,30,2,0.0,0.0,,,30,1.5669356998987496,92.20063739991747,,0
opening_014_offset_04,opening_014,early,12,rnbqkbnr/ppppp2p/6p1/7P/2P2pP1/P1N5/1P1PPP2/R1BQKBNR w KQkq - 3 7,white,original,2,30,h5g6,g4g5,378.0,535.0,157.0,0,1,5,2,0.0014648651704192162,0.00043045834744439806,0.3558215044524679,0.3115300903194486,60,3.3698761999839917,92.20063739991747,,0
opening_014_offset_04,opening_014,early,12,rnbqkbnr/ppppp2p/6p1/7P/2P2pP1/P1N5/1P1PPP2/R1BQKBNR w KQkq - 3 7,white,original,4,30,h5g6,g4g5,378.0,535.0,157.0,0,0,5,4,0.0008631013333797455,0.0010224502110067254,0.32057842046718577,0.3103448275862069,120,6.568272699951194,92.20063739991747,,0
opening_014_offset_04,opening_014,early,12,rnbqkbnr/ppppp2p/6p1/7P/2P2pP1/P1N5/1P1PPP2/R1BQKBNR w KQkq - 3 7,white,original,8,30,h5g6,b2b3,265.0,535.0,270.0,0,0,13,5,7.72327184677124e-05,0.001504117041686293,0.2800889877641824,0.22758620689655176,240,12.486817899974994,92.20063739991747,,0
opening_014_offset_04,opening_014,early,12,rnbqkbnr/ppppp2p/6p1/7P/2P2pP1/P1N5/1P1PPP2/R1BQKBNR w KQkq - 3 7,white,original,16,30,h5g6,b2b3,265.0,535.0,270.0,0,0,13,7,6.204470992088318e-05,0.0017779585850758537,0.2876529477196885,0.22298850574712642,480,24.566946299979463,92.20063739991747,,0
opening_014_offset_04,opening_014,early,12,rnbqkbnr/ppppp2p/6p1/7P/2P2pP1/P1N5/1P1PPP2/R1BQKBNR w KQkq - 3 7,white,original,32,30,h5g6,d1b3,272.0,535.0,263.0,0,0,12,8,0.0001345016062259674,0.002740046630564145,0.2569521690767519,0.19540229885057472,960,47.31533999997191,92.20063739991747,,0
opening_014_offset_04,opening_014,early,12,rnbqkbnr/ppppp2p/6p1/7P/2P2pP1/P1N5/1P1PPP2/R1BQKBNR w KQkq - 3 7,white,original,64,30,h5g6,d1b3,272.0,535.0,263.0,0,0,12,10,0.0012739896774291992,0.019366717138737687,0.19288097886540603,0.12643678160919541,1920,92.00969539990183,92.20063739991747,,0
opening_014_offset_08,opening_014,early,16,rnbqkbr1/ppppp2p/5np1/7P/2P2pP1/P1N2P2/1P1PP3/1RBQKBNR w Kq - 3 9,white,original,1,27,d2d4,h5h6,182.0,209.0,27.0,0,0,2,13,0.0,0.0,,,27,1.2998716998845339,90.0023557000095,,0
opening_014_offset_08,opening_014,early,16,rnbqkbr1/ppppp2p/5np1/7P/2P2pP1/P1N2P2/1P1PP3/1RBQKBNR w Kq - 3 9,white,original,2,27,d2d4,g4g5,-3.0,209.0,212.0,0,0,22,10,0.0014648661017417908,0.00042303441798581466,-0.11323439023333452,-0.10142342393188368,54,3.0619256999343634,90.0023557000095,,0
opening_014_offset_08,opening_014,early,16,rnbqkbr1/ppppp2p/5np1/7P/2P2pP1/P1N2P2/1P1PP3/1RBQKBNR w Kq - 3 9,white,original,4,27,d2d4,g4g5,-3.0,209.0,212.0,0,0,22,9,0.00086162518709898,0.000982410210631577,-0.18503817656491722,-0.15142918950815734,108,6.207240299903788,90.0023557000095,,0
opening_014_offset_08,opening_014,early,16,rnbqkbr1/ppppp2p/5np1/7P/2P2pP1/P1N2P2/1P1PP3/1RBQKBNR w Kq - 3 9,white,original,8,27,d2d4,b2b3,8.0,209.0,201.0,0,0,19,11,8.256267756223679e-05,0.0014211611182785553,-0.15969466393308862,-0.12285764431793897,216,11.935877199983224,90.0023557000095,,0
opening_014_offset_08,opening_014,early,16,rnbqkbr1/ppppp2p/5np1/7P/2P2pP1/P1N2P2/1P1PP3/1RBQKBNR w Kq - 3 9,white,original,16,27,d2d4,b2b3,8.0,209.0,201.0,0,0,19,12,7.354281842708588e-05,0.0016533942869617138,-0.1703816873320525,-0.12857195335598265,432,22.809637099970132,90.0023557000095,,0
opening_014_offset_08,opening_014,early,16,rnbqkbr1/ppppp2p/5np1/7P/2P2pP1/P1N2P2/1P1PP3/1RBQKBNR w Kq - 3 9,white,original,32,27,d2d4,d1b3,1.0,209.0,208.0,0,0,20,11,0.00013803783804178238,0.0026126065926699938,-0.1080916080923774,-0.07714317201358958,864,44.694485099986196,90.0023557000095,,0
opening_014_offset_08,opening_014,early,16,rnbqkbr1/ppppp2p/5np1/7P/2P2pP1/P1N2P2/1P1PP3/1RBQKBNR w Kq - 3 9,white,original,64,27,d2d4,d1b3,1.0,209.0,208.0,0,0,20,9,0.03241974860429764,0.024003709698103934,0.12122137969681872,0.07714317201358958,1728,89.83344239997678,90.0023557000095,,0
opening_014_offset_12,opening_014,middle,20,rnbqkbr1/ppppp3/6pp/7P/2PPnpP1/PQN2P2/1P2P3/1RB1KBNR w Kq - 0 11,white,original,1,32,c3e4,h5g6,492.0,912.0,420.0,0,0,4,14,0.0,0.0,,,32,1.214778000023216,93.331855299999,,0
opening_014_offset_12,opening_014,middle,20,rnbqkbr1/ppppp3/6pp/7P/2PPnpP1/PQN2P2/1P2P3/1RB1KBNR w Kq - 0 11,white,original,2,32,c3e4,g4g5,109.0,912.0,803.0,0,1,25,2,0.001245676539838314,0.0007401229984164469,0.00018543820495528084,0.014735046253382783,64,2.486953500076197,93.331855299999,,0
opening_014_offset_12,opening_014,middle,20,rnbqkbr1/ppppp3/6pp/7P/2PPnpP1/PQN2P2/1P2P3/1RB1KBNR w Kq - 0 11,white,original,4,32,c3e4,g4g5,109.0,912.0,803.0,0,1,25,2,0.0013187313452363014,0.001582659124982328,-0.021627565982404687,0.0,128,5.6316738000605255,93.331855299999,,0
opening_014_offset_12,opening_014,middle,20,rnbqkbr1/ppppp3/6pp/7P/2PPnpP1/PQN2P2/1P2P3/1RB1KBNR w Kq - 0 11,white,original,8,32,c3e4,g4g5,109.0,912.0,803.0,0,0,25,4,0.0008850563317537308,0.002146428162861227,-0.16055718475073313,-0.11693548387096775,256,10.994088700041175,93.331855299999,,0
opening_014_offset_12,opening_014,middle,20,rnbqkbr1/ppppp3/6pp/7P/2PPnpP1/PQN2P2/1P2P3/1RB1KBNR w Kq - 0 11,white,original,16,32,c3e4,g4g5,109.0,912.0,803.0,0,0,25,5,0.00016306526958942413,0.0023989701862687784,-0.16312316715542519,-0.12096774193548389,512,23.056626900099218,93.331855299999,,0
opening_014_offset_12,opening_014,middle,20,rnbqkbr1/ppppp3/6pp/7P/2PPnpP1/PQN2P2/1P2P3/1RB1KBNR w Kq - 0 11,white,original,32,32,c3e4,g4g5,109.0,912.0,803.0,0,0,25,4,3.0355993658304214e-05,0.0024586276281838584,-0.12903225806451613,-0.10483870967741937,1024,45.829730900004506,93.331855299999,,0
opening_014_offset_12,opening_014,middle,20,rnbqkbr1/ppppp3/6pp/7P/2PPnpP1/PQN2P2/1P2P3/1RB1KBNR w Kq - 0 11,white,original,64,32,c3e4,c3b5,375.0,912.0,537.0,0,0,9,7,0.004714785143733025,0.008056338289212556,0.2225073313782991,0.15725806451612906,2048,93.13272390002385,93.331855299999,,0
opening_014_offset_16,opening_014,middle,24,rnbq1b1r/pppppk2/6pp/1N5P/Q1PPnpP1/P4P2/1P2P3/1RB1KBNR w K - 4 13,white,original,1,30,h5g6,h5g6,959.0,959.0,0.0,1,1,1,1,0.0,0.0,,,30,1.6083938999800012,96.92738690006081,,0
opening_014_offset_16,opening_014,middle,24,rnbq1b1r/pppppk2/6pp/1N5P/Q1PPnpP1/P4P2/1P2P3/1RB1KBNR w K - 4 13,white,original,2,30,h5g6,b5a7,221.0,959.0,738.0,0,0,24,6,0.0003824327141046524,0.0016481676368398364,-0.019607866987398827,0.0046460145722707884,60,3.0537256998941302,96.92738690006081,,0
opening_014_offset_16,opening_014,middle,24,rnbq1b1r/pppppk2/6pp/1N5P/Q1PPnpP1/P4P2/1P2P3/1RB1KBNR w K - 4 13,white,original,4,30,h5g6,b5a7,221.0,959.0,738.0,0,0,24,7,0.00041245855391025543,0.002814725243488384,-0.05094549499443826,-0.020689655172413793,120,6.05425149993971,96.92738690006081,,0
opening_014_offset_16,opening_014,middle,24,rnbq1b1r/pppppk2/6pp/1N5P/Q1PPnpP1/P4P2/1P2P3/1RB1KBNR w K - 4 13,white,original,8,30,h5g6,b5a7,221.0,959.0,738.0,0,0,24,7,0.00020111538469791412,0.0032654253810910556,-0.06473859844271414,-0.04827586206896552,240,12.036762699950486,96.92738690006081,,0
opening_014_offset_16,opening_014,middle,24,rnbq1b1r/pppppk2/6pp/1N5P/Q1PPnpP1/P4P2/1P2P3/1RB1KBNR w K - 4 13,white,original,16,30,h5g6,b5a7,221.0,959.0,738.0,0,0,24,7,0.00018015876412391663,0.003482614600811251,-0.06829810901001113,-0.06206896551724138,480,24.759009499917738,96.92738690006081,,0
opening_014_offset_16,opening_014,middle,24,rnbq1b1r/pppppk2/6pp/1N5P/Q1PPnpP1/P4P2/1P2P3/1RB1KBNR w K - 4 13,white,original,32,30,h5g6,b5a7,221.0,959.0,738.0,0,0,24,7,0.00019331090152263641,0.0035155147101363898,-0.06562847608453837,-0.0574712643678161,960,48.605509999906644,96.92738690006081,,0
opening_014_offset_16,opening_014,middle,24,rnbq1b1r/pppppk2/6pp/1N5P/Q1PPnpP1/P4P2/1P2P3/1RB1KBNR w K - 4 13,white,original,64,30,h5g6,a4a7,-375.0,959.0,1334.0,0,1,29,3,0.0013448670506477356,0.009445641321069573,0.03759733036707453,0.03908045977011494,1920,96.66621369996574,96.92738690006081,,0
opening_014_offset_20,opening_014,late,28,rnb1qb1r/pppppk2/6pp/7P/Q1PP1pP1/P1N2P1B/1P1nP3/1RB1K1NR w K - 8 15,white,original,1,31,h5g6,h5g6,971.0,971.0,0.0,1,1,1,1,0.0,0.0,,,31,1.768849900108762,99.25868059997447,,0
opening_014_offset_20,opening_014,late,28,rnb1qb1r/pppppk2/6pp/7P/Q1PP1pP1/P1N2P1B/1P1nP3/1RB1K1NR w K - 8 15,white,original,2,31,h5g6,a4a7,-521.0,971.0,1492.0,0,1,27,3,0.003690594807267189,0.0010623316726090053,0.14420133549046177,0.08325649299118966,62,3.4588318000314757,99.25868059997447,,0
opening_014_offset_20,opening_014,late,28,rnb1qb1r/pppppk2/6pp/7P/Q1PP1pP1/P1N2P1B/1P1nP3/1RB1K1NR w K - 8 15,white,original,4,31,h5g6,a4a7,-521.0,971.0,1492.0,0,0,27,7,0.006123380735516548,0.001870161434228874,0.017741935483870968,0.015053763440860218,124,6.665840900037438,99.25868059997447,,0
opening_014_offset_20,opening_014,late,28,rnb1qb1r/pppppk2/6pp/7P/Q1PP1pP1/P1N2P1B/1P1nP3/1RB1K1NR w K - 8 15,white,original,8,31,h5g6,a4a7,-521.0,971.0,1492.0,0,0,27,10,0.005689200013875961,0.0021249569821269547,-0.06935483870967743,-0.07096774193548387,248,13.335955700022168,99.25868059997447,,0
opening_014_offset_20,opening_014,late,28,rnb1qb1r/pppppk2/6pp/7P/Q1PP1pP1/P1N2P1B/1P1nP3/1RB1K1NR w K - 8 15,white,original,16,31,h5g6,a4a7,-521.0,971.0,1492.0,0,0,27,10,0.004924220964312553,0.002249904362574691,-0.05927419354838711,-0.07526881720430108,496,24.869345600018278,99.25868059997447,,0
opening_014_offset_20,opening_014,late,28,rnb1qb1r/pppppk2/6pp/7P/Q1PP1pP1/P1N2P1B/1P1nP3/1RB1K1NR w K - 8 15,white,original,32,31,h5g6,a4a7,-521.0,971.0,1492.0,0,0,27,10,0.0047792699187994,0.0022516726891543505,-0.06088709677419355,-0.06666666666666668,992,49.2837708001025,99.25868059997447,,0
opening_014_offset_20,opening_014,late,28,rnb1qb1r/pppppk2/6pp/7P/Q1PP1pP1/P1N2P1B/1P1nP3/1RB1K1NR w K - 8 15,white,original,64,31,h5g6,c3b5,593.0,971.0,378.0,0,0,6,5,0.00037451088428497314,0.007484357908752796,-0.09274193548387098,-0.07526881720430108,1984,99.02730630000588,99.25868059997447,,0
opening_014_offset_24,opening_014,late,32,r1b1qb1r/pppppk2/6pp/2nN3P/2PP1pP1/PQ3P1B/1P1nP3/1RB1K1NR w K - 12 17,white,original,1,33,h5g6,h5g6,835.0,835.0,0.0,1,1,1,1,0.0,0.0,,,33,1.8873567000264302,105.95613289996982,,0
opening_014_offset_24,opening_014,late,32,r1b1qb1r/pppppk2/6pp/2nN3P/2PP1pP1/PQ3P1B/1P1nP3/1RB1K1NR w K - 12 17,white,original,2,33,h5g6,d5e7,-953.0,835.0,1788.0,0,0,33,4,0.002889706753194332,0.0008873279821618075,0.2585091208683054,0.17952381627838007,66,3.5159780000103638,105.95613289996982,,0
opening_014_offset_24,opening_014,late,32,r1b1qb1r/pppppk2/6pp/2nN3P/2PP1pP1/PQ3P1B/1P1nP3/1RB1K1NR w K - 12 17,white,original,4,33,h5g6,d5e7,-953.0,835.0,1788.0,0,0,33,5,0.004622232168912888,0.001470346874366887,0.34792780748663105,0.24242424242424246,132,7.137396699981764,105.95613289996982,,0
opening_014_offset_24,opening_014,late,32,r1b1qb1r/pppppk2/6pp/2nN3P/2PP1pP1/PQ3P1B/1P1nP3/1RB1K1NR w K - 12 17,white,original,8,33,h5g6,d5e7,-953.0,835.0,1788.0,0,0,33,7,0.003523392602801323,0.0014080041150308165,0.41778074866310166,0.2840909090909091,264,13.029264200013131,105.95613289996982,,0
opening_014_offset_24,opening_014,late,32,r1b1qb1r/pppppk2/6pp/2nN3P/2PP1pP1/PQ3P1B/1P1nP3/1RB1K1NR w K - 12 17,white,original,16,33,h5g6,d5e7,-953.0,835.0,1788.0,0,0,33,7,0.003367932513356209,0.001427695653951364,0.43215240641711233,0.29545454545454547,528,28.08109480002895,105.95613289996982,,0
opening_014_offset_24,opening_014,late,32,r1b1qb1r/pppppk2/6pp/2nN3P/2PP1pP1/PQ3P1B/1P1nP3/1RB1K1NR w K - 12 17,white,original,32,33,h5g6,d5e7,-953.0,835.0,1788.0,0,0,33,7,0.0033277152106165886,0.001424128840604754,0.4328208556149733,0.30303030303030304,1056,56.15802049997728,105.95613289996982,,0
opening_014_offset_24,opening_014,late,32,r1b1qb1r/pppppk2/6pp/2nN3P/2PP1pP1/PQ3P1B/1P1nP3/1RB1K1NR w K - 12 17,white,original,64,33,h5g6,d5e7,-953.0,835.0,1788.0,0,1,33,2,0.0009419545531272888,0.013616715238546937,-0.29545454545454547,-0.19696969696969696,2112,105.71833379997406,105.95613289996982,,0
opening_015_offset_00,opening_015,early,8,rnb1kbnr/1ppp1pp1/8/p2Pp2p/4P2q/2N5/PPP2PPP/R1BQKBNR w KQkq - 2 5,white,original,1,35,g1f3,h2h3,207.0,241.0,34.0,0,0,3,5,0.0,0.0,,,35,1.8031274999957532,102.87702559994068,,0
opening_015_offset_00,opening_015,early,8,rnb1kbnr/1ppp1pp1/8/p2Pp2p/4P2q/2N5/PPP2PPP/R1BQKBNR w KQkq - 2 5,white,original,2,35,g1f3,g2g3,161.0,241.0,80.0,0,0,13,35,0.0005252682894933969,0.0003890332117800514,-0.23736517398044643,-0.17036549111637134,70,3.490412599989213,102.87702559994068,,0
opening_015_offset_00,opening_015,early,8,rnb1kbnr/1ppp1pp1/8/p2Pp2p/4P2q/2N5/PPP2PPP/R1BQKBNR w KQkq - 2 5,white,original,4,35,g1f3,g2g3,161.0,241.0,80.0,0,0,13,35,0.0011465369025245309,0.001104610784602251,-0.10995937914292132,-0.07575768311302813,140,6.7522910999832675,102.87702559994068,,0
opening_015_offset_00,opening_015,early,8,rnb1kbnr/1ppp1pp1/8/p2Pp2p/4P2q/2N5/PPP2PPP/R1BQKBNR w KQkq - 2 5,white,original,8,35,g1f3,g2g3,161.0,241.0,80.0,0,0,13,35,0.00048439553938806057,0.0016774580552485223,-0.17425409892203073,-0.13636382960345064,280,13.723302499973215,102.87702559994068,,0
opening_015_offset_00,opening_015,early,8,rnb1kbnr/1ppp1pp1/8/p2Pp2p/4P2q/2N5/PPP2PPP/R1BQKBNR w KQkq - 2 5,white,original,16,35,g1f3,b2b3,114.0,241.0,127.0,0,0,20,35,6.0861260863021016e-05,0.0019929689554768165,-0.17481440149091185,-0.13973083774180745,560,26.09723590000067,102.87702559994068,,0
opening_015_offset_00,opening_015,early,8,rnb1kbnr/1ppp1pp1/8/p2Pp2p/4P2q/2N5/PPP2PPP/R1BQKBNR w KQkq - 2 5,white,original,32,35,g1f3,d1h5,-885.0,241.0,1126.0,0,0,34,35,0.0010381154716014862,0.003315216785840671,-0.24233086104108775,-0.1734009191253755,1120,53.19078810000792,102.87702559994068,,0
opening_015_offset_00,opening_015,early,8,rnb1kbnr/1ppp1pp1/8/p2Pp2p/4P2q/2N5/PPP2PPP/R1BQKBNR w KQkq - 2 5,white,original,64,35,g1f3,d1h5,-885.0,241.0,1126.0,0,0,34,35,0.0009082034230232239,0.006979151821901541,-0.23644768406783592,-0.1666669028486619,2240,102.61560799996369,102.87702559994068,,0
opening_015_offset_04,opening_015,early,12,rnb1kbnr/2pp1pp1/1p3q2/p2Pp2p/4P3/2NBB3/PPP2PPP/R2QK1NR w KQkq - 0 7,white,original,1,43,c3b5,h2h4,166.0,310.0,144.0,0,0,10,35,0.0,0.0,,,43,2.903037799987942,158.7226521000266,,0
opening_015_offset_04,opening_015,early,12,rnb1kbnr/2pp1pp1/1p3q2/p2Pp2p/4P3/2NBB3/PPP2PPP/R2QK1NR w KQkq - 0 7,white,original,2,43,c3b5,g2g3,136.0,310.0,174.0,0,0,19,11,0.000525268362252973,0.00036924213293295554,-0.3294212713792559,-0.237630095149825,86,5.514021000009961,158.7226521000266,,0
opening_015_offset_04,opening_015,early,12,rnb1kbnr/2pp1pp1/1p3q2/p2Pp2p/4P3/2NBB3/PPP2PPP/R2QK1NR w KQkq - 0 7,white,original,4,43,c3b5,g2g3,136.0,310.0,174.0,0,0,19,12,0.0011465393472462893,0.001014676112938984,-0.1765461003296563,-0.1141907575373232,172,9.991019399953075,158.7226521000266,,0
opening_015_offset_04,opening_015,early,12,rnb1kbnr/2pp1pp1/1p3q2/p2Pp2p/4P3/2NBB3/PPP2PPP/R2QK1NR w KQkq - 0 7,white,original,8,43,c3b5,g2g3,136.0,310.0,174.0,0,0,19,6,0.0010837512090802193,0.0014881274573937738,-0.10254474091003987,-0.06762753601724968,344,19.072671300033107,158.7226521000266,,0
opening_015_offset_04,opening_015,early,12,rnb1kbnr/2pp1pp1/1p3q2/p2Pp2p/4P3/2NBB3/PPP2PPP/R2QK1NR w KQkq - 0 7,white,original,16,43,c3b5,g2g3,136.0,310.0,174.0,0,0,19,6,0.0009429105557501316,0.0017437745918968506,-0.0611643889080503,-0.03658538833720063,688,41.893308700062335,158.7226521000266,,0
opening_015_offset_04,opening_015,early,12,rnb1kbnr/2pp1pp1/1p3q2/p2Pp2p/4P3/2NBB3/PPP2PPP/R2QK1NR w KQkq - 0 7,white,original,32,43,c3b5,d1h5,-800.0,310.0,1110.0,0,0,41,13,0.00018854252994060516,0.0030430918022241976,-0.0970323947491909,-0.054323758440085794,1376,79.38291990000289,158.7226521000266,,0
opening_015_offset_04,opening_015,early,12,rnb1kbnr/2pp1pp1/1p3q2/p2Pp2p/4P3/2NBB3/PPP2PPP/R2QK1NR w KQkq - 0 7,white,original,64,43,c3b5,d1h5,-800.0,310.0,1110.0,0,0,41,13,7.858872413635254e-05,0.0062965141762101155,-0.09793853384412499,-0.054323758440085794,2752,158.3928643000545,158.7226521000266,,0
opening_015_offset_08,opening_015,early,16,1nb1k1nr/r1ppbpp1/1p3q2/p2Pp2p/4P3/2NB4/PPPBKPPP/R2Q2NR w k - 4 9,white,original,1,34,c3b5,h2h4,132.0,227.0,95.0,0,0,6,26,0.0,0.0,,,34,1.4913738999748603,96.39479579997715,,0
opening_015_offset_08,opening_015,early,16,1nb1k1nr/r1ppbpp1/1p3q2/p2Pp2p/4P3/2NB4/PPPBKPPP/R2Q2NR w k - 4 9,white,original,2,34,c3b5,g2g3,86.0,227.0,141.0,0,0,21,10,0.0005252682603895664,0.00038513029730999213,-0.23923504416633865,-0.13910923882686613,68,4.059361700084992,96.39479579997715,,0
opening_015_offset_08,opening_015,early,16,1nb1k1nr/r1ppbpp1/1p3q2/p2Pp2p/4P3/2NB4/PPPBKPPP/R2Q2NR w k - 4 9,white,original,4,34,c3b5,g2g3,86.0,227.0,141.0,0,0,21,10,0.0011430103331804276,0.0010423181345411373,-0.23577049499628974,-0.14629800647043809,136,7.2228340000147,96.39479579997715,,0
opening_015_offset_08,opening_015,early,16,1nb1k1nr/r1ppbpp1/1p3q2/p2Pp2p/4P3/2NB4/PPPBKPPP/R2Q2NR w k - 4 9,white,original,8,34,c3b5,g2g3,86.0,227.0,141.0,0,0,21,6,0.001078981440514326,0.001527343909879178,-0.12774085146914987,-0.08206961338585551,272,13.467667200020514,96.39479579997715,,0
opening_015_offset_08,opening_015,early,16,1nb1k1nr/r1ppbpp1/1p3q2/p2Pp2p/4P3/2NB4/PPPBKPPP/R2Q2NR w k - 4 9,white,original,16,34,c3b5,g2g3,86.0,227.0,141.0,0,0,21,6,0.0009386548772454262,0.0017628094549609673,-0.09595843866342836,-0.06422839308458259,544,25.475909700035118,96.39479579997715,,0
opening_015_offset_08,opening_015,early,16,1nb1k1nr/r1ppbpp1/1p3q2/p2Pp2p/4P3/2NB4/PPPBKPPP/R2Q2NR w k - 4 9,white,original,32,34,c3b5,d1c1,119.0,227.0,108.0,0,0,10,10,0.0007002530619502068,0.0028307148855987526,-0.01925280775731206,0.01784122030127294,1088,49.46331320004538,96.39479579997715,,0
opening_015_offset_08,opening_015,early,16,1nb1k1nr/r1ppbpp1/1p3q2/p2Pp2p/4P3/2NB4/PPPBKPPP/R2Q2NR w k - 4 9,white,original,64,34,c3b5,d1c1,119.0,227.0,108.0,0,0,10,10,0.0006877481937408447,0.005753748947013481,-0.023225609358027248,0.021409464361527526,2176,96.11608940002043,96.39479579997715,,0
opening_015_offset_12,opening_015,middle,20,1nb1k1nr/r1ppbpp1/1p4q1/p2Pp2p/2B1P3/2N5/PPPBKPPP/R1Q3NR w k - 8 11,white,original,1,37,g1f3,h2h4,-90.0,96.0,186.0,0,0,16,6,0.0,0.0,,,37,1.448871299973689,101.83708099997602,,0
opening_015_offset_12,opening_015,middle,20,1nb1k1nr/r1ppbpp1/1p4q1/p2Pp2p/2B1P3/2N5/PPPBKPPP/R1Q3NR w k - 8 11,white,original,2,37,g1f3,g2g3,-8.0,96.0,104.0,0,0,8,37,0.0005252686096355319,0.0003517652946906402,-0.3127527474772259,-0.19621411564397012,74,3.4996763999806717,101.83708099997602,,0
opening_015_offset_12,opening_015,middle,20,1nb1k1nr/r1ppbpp1/1p4q1/p2Pp2p/2B1P3/2N5/PPPBKPPP/R1Q3NR w k - 8 11,white,original,4,37,g1f3,g2g3,-8.0,96.0,104.0,0,0,8,37,0.0011430149897933006,0.0009566464587200612,-0.0867709815078236,-0.04204204204204204,148,6.706107800011523,101.83708099997602,,0
opening_015_offset_12,opening_015,middle,20,1nb1k1nr/r1ppbpp1/1p4q1/p2Pp2p/2B1P3/2N5/PPPBKPPP/R1Q3NR w k - 8 11,white,original,8,37,g1f3,g2g3,-8.0,96.0,104.0,0,0,8,37,0.001078442670404911,0.001419503449837113,-0.040540540540540536,-0.02102102102102102,296,13.015231900033541,101.83708099997602,,0
opening_015_offset_12,opening_015,middle,20,1nb1k1nr/r1ppbpp1/1p4q1/p2Pp2p/2B1P3/2N5/PPPBKPPP/R1Q3NR w k - 8 11,white,original,16,37,g1f3,g2g3,-8.0,96.0,104.0,0,0,8,37,0.000937413889914751,0.0016088943535838228,-0.03579895685158843,-0.018018018018018018,592,25.0249270000495,101.83708099997602,,0
opening_015_offset_12,opening_015,middle,20,1nb1k1nr/r1ppbpp1/1p4q1/p2Pp2p/2B1P3/2N5/PPPBKPPP/R1Q3NR w k - 8 11,white,original,32,37,g1f3,g2g3,-8.0,96.0,104.0,0,0,8,37,0.0010829772800207138,0.0017130360021256567,-0.03674727358937885,-0.015015015015015017,1184,50.94698030001018,101.83708099997602,,0
opening_015_offset_12,opening_015,middle,20,1nb1k1nr/r1ppbpp1/1p4q1/p2Pp2p/2B1P3/2N5/PPPBKPPP/R1Q3NR w k - 8 11,white,original,64,37,g1f3,g2g3,-8.0,96.0,104.0,0,0,8,37,0.0012776032090187073,0.001850998171903922,-0.021574205784732098,0.006006006006006007,2368,101.5865080000367,101.83708099997602,,0
opening_015_offset_16,opening_015,middle,24,1nb1k1nr/r1pp1pp1/1p1q3B/p2Pp1bp/2B1P3/2N3P1/PPP1KP1P/R1Q3NR w k - 1 13,white,original,1,35,h6g5,h6g7,-439.0,896.0,1335.0,0,1,6,2,0.0,0.0,,,35,1.5740891000023112,107.44711929990444,,0
opening_015_offset_16,opening_015,middle,24,1nb1k1nr/r1pp1pp1/1p1q3B/p2Pp1bp/2B1P3/2N3P1/PPP1KP1P/R1Q3NR w k - 1 13,white,original,2,35,h6g5,h6g5,896.0,896.0,0.0,1,1,1,1,8.337432518601418e-06,0.0002768495111269729,0.1469682793015361,0.11795974837736338,70,3.2978292000479996,107.44711929990444,,0
opening_015_offset_16,opening_015,middle,24,1nb1k1nr/r1pp1pp1/1p1q3B/p2Pp1bp/2B1P3/2N3P1/PPP1KP1P/R1Q3NR w k - 1 13,white,original,4,35,h6g5,b2b3,-838.0,896.0,1734.0,0,0,31,5,0.0001591169275343418,0.0008204514156948879,0.18503992337299244,0.11279477263495301,140,6.657714499975555,107.44711929990444,,0
opening_015_offset_16,opening_015,middle,24,1nb1k1nr/r1pp1pp1/1p1q3B/p2Pp1bp/2B1P3/2N3P1/PPP1KP1P/R1Q3NR w k - 1 13,white,original,8,35,h6g5,b2b3,-838.0,896.0,1734.0,0,0,31,6,7.636751979589462e-05,0.0012536338419802853,0.2234206493413497,0.1734009191253755,280,13.78602600004524,107.44711929990444,,0
opening_015_offset_16,opening_015,middle,24,1nb1k1nr/r1pp1pp1/1p1q3B/p2Pp1bp/2B1P3/2N3P1/PPP1KP1P/R1Q3NR w k - 1 13,white,original,16,35,h6g5,b2b3,-838.0,896.0,1734.0,0,0,31,6,6.092945113778114e-05,0.0014504963321854143,0.2500350213632032,0.19696997609387315,560,27.041640499955975,107.44711929990444,,0
opening_015_offset_16,opening_015,middle,24,1nb1k1nr/r1pp1pp1/1p1q3B/p2Pp1bp/2B1P3/2N3P1/PPP1KP1P/R1Q3NR w k - 1 13,white,original,32,35,h6g5,b2b3,-838.0,896.0,1734.0,0,0,31,6,8.270330727100372e-05,0.001562879277452306,0.2365877597100562,0.18013493540208914,1120,55.10508650005795,107.44711929990444,,0
opening_015_offset_16,opening_015,middle,24,1nb1k1nr/r1pp1pp1/1p1q3B/p2Pp1bp/2B1P3/2N3P1/PPP1KP1P/R1Q3NR w k - 1 13,white,original,64,35,h6g5,b2b3,-838.0,896.0,1734.0,0,0,31,6,4.8391520977020264e-05,0.0015554722483386344,0.24163048282998634,0.18350194354044594,2240,107.19490670005325,107.44711929990444,,0
opening_015_offset_20,opening_015,late,28,2b1k1nr/r1pp1p2/1pnq2pB/pN1Pp1bp/4P3/1B4P1/PPP1KP1P/R1Q3NR w k - 0 15,white,original,1,37,h6g5,h6g7,196.0,943.0,747.0,0,1,8,2,0.0,0.0,,,37,2.092919799964875,102.20509820000734,,0
opening_015_offset_20,opening_015,late,28,2b1k1nr/r1pp1p2/1pnq2pB/pN1Pp1bp/4P3/1B4P1/PPP1KP1P/R1Q3NR w k - 0 15,white,original,2,37,h6g5,b5a7,-625.0,943.0,1568.0,0,1,31,3,0.00545402942225337,0.0010053679604062511,0.15482678016493073,0.10593218461380957,74,4.543265499989502,102.20509820000734,,0
opening_015_offset_20,opening_015,late,28,2b1k1nr/r1pp1p2/1pnq2pB/pN1Pp1bp/4P3/1B4P1/PPP1KP1P/R1Q3NR w k - 0 15,white,original,4,37,h6g5,b5a7,-625.0,943.0,1568.0,0,0,31,6,0.007921721320599318,0.001688415724311145,0.19050441619618952,0.13974459240878867,148,7.9899017999414355,102.20509820000734,,0
opening_015_offset_20,opening_015,late,28,2b1k1nr/r1pp1p2/1pnq2pB/pN1Pp1bp/4P3/1B4P1/PPP1KP1P/R1Q3NR w k - 0 15,white,original,8,37,h6g5,b5a7,-625.0,943.0,1568.0,0,0,31,5,0.007595212198793888,0.0018400509256537355,0.19145278914551717,0.13072881225338295,296,14.037729099974968,102.20509820000734,,0
opening_015_offset_20,opening_015,late,28,2b1k1nr/r1pp1p2/1pnq2pB/pN1Pp1bp/4P3/1B4P1/PPP1KP1P/R1Q3NR w k - 0 15,white,original,16,37,h6g5,b5a7,-625.0,943.0,1568.0,0,0,31,5,0.007460302207618952,0.001912774429325007,0.1624088675723582,0.11570251199437341,592,25.91791579988785,102.20509820000734,,0
opening_015_offset_20,opening_015,late,28,2b1k1nr/r1pp1p2/1pnq2pB/pN1Pp1bp/4P3/1B4P1/PPP1KP1P/R1Q3NR w k - 0 15,white,original,32,37,h6g5,b5a7,-625.0,943.0,1568.0,0,0,31,5,0.007462002336978912,0.001982765608499701,0.1608677615297008,0.11570251199437341,1184,51.28016419999767,102.20509820000734,,0
opening_015_offset_20,opening_015,late,28,2b1k1nr/r1pp1p2/1pnq2pB/pN1Pp1bp/4P3/1B4P1/PPP1KP1P/R1Q3NR w k - 0 15,white,original,64,37,h6g5,b5a7,-625.0,943.0,1568.0,0,0,31,5,0.007417209446430206,0.001975017499295135,0.16679509246299853,0.11870777204617533,2368,101.8808171999408,102.20509820000734,,0
opening_015_offset_24,opening_015,late,32,2bnk1nr/r1pp1p2/1p1q1bp1/pN1Pp2p/2B1P3/6P1/PPPBKP1P/R1Q3NR w k - 4 17,white,original,1,39,b5d6,h2h4,461.0,999.0,538.0,0,0,15,29,0.0,0.0,,,39,2.4942396000260487,152.21516749996226,,0
opening_015_offset_24,opening_015,late,32,2bnk1nr/r1pp1p2/1p1q1bp1/pN1Pp2p/2B1P3/6P1/PPPBKP1P/R1Q3NR w k - 4 17,white,original,2,39,b5d6,b5a7,827.0,999.0,172.0,0,0,3,4,0.005318698473274708,0.0009784916487863798,-0.06102077026010283,-0.03146519097548699,78,4.955675299977884,152.21516749996226,,0
opening_015_offset_24,opening_015,late,32,2bnk1nr/r1pp1p2/1p1q1bp1/pN1Pp2p/2B1P3/6P1/PPPBKP1P/R1Q3NR w k - 4 17,white,original,4,39,b5d6,b5a7,827.0,999.0,172.0,0,0,3,6,0.0076100146397948265,0.0016650573649848698,-0.12805588040527166,-0.10277235476343004,156,9.498293500044383,152.21516749996226,,0
opening_015_offset_24,opening_015,late,32,2bnk1nr/r1pp1p2/1p1q1bp1/pN1Pp2p/2B1P3/6P1/PPPBKP1P/R1Q3NR w k - 4 17,white,original,8,39,b5d6,b5a7,827.0,999.0,172.0,0,0,3,6,0.006494040600955486,0.0018619429677871398,-0.12299438315605142,-0.08654514085341476,312,18.096386699937284,152.21516749996226,,0
opening_015_offset_24,opening_015,late,32,2bnk1nr/r1pp1p2/1p1q1bp1/pN1Pp2p/2B1P3/6P1/PPPBKP1P/R1Q3NR w k - 4 17,white,original,16,39,b5d6,b5a7,827.0,999.0,172.0,0,0,3,6,0.006154629401862621,0.0019525768729320191,-0.1498203185769186,-0.10818142606676846,624,36.055877699982375,152.21516749996226,,0
opening_015_offset_24,opening_015,late,32,2bnk1nr/r1pp1p2/1p1q1bp1/pN1Pp2p/2B1P3/6P1/PPPBKP1P/R1Q3NR w k - 4 17,white,original,32,39,b5d6,b5a7,827.0,999.0,172.0,0,0,3,7,0.006186057813465595,0.002013900611278053,-0.122387003486145,-0.08654514085341476,1248,71.75466239999514,152.21516749996226,,0
opening_015_offset_24,opening_015,late,32,2bnk1nr/r1pp1p2/1p1q1bp1/pN1Pp2p/2B1P3/6P1/PPPBKP1P/R1Q3NR w k - 4 17,white,original,64,39,b5d6,b5a7,827.0,999.0,172.0,0,0,3,6,0.006190158426761627,0.0020082931278402457,-0.1067975919585467,-0.07843153389840712,2496,151.95944739994593,152.21516749996226,,0
opening_016_offset_00,opening_016,early,8,rn1qkbnr/p2pppp1/b7/1pP4p/5P2/8/PPP1PKPP/RNBQ1BNR w kq - 0 5,white,original,1,32,e2e4,h2h4,-102.0,39.0,141.0,0,0,24,12,0.0,0.0,,,32,1.4079349000239745,88.05619539995678,,0
opening_016_offset_00,opening_016,early,8,rn1qkbnr/p2pppp1/b7/1pP4p/5P2/8/PPP1PKPP/RNBQ1BNR w kq - 0 5,white,original,2,32,e2e4,g2g3,-55.0,39.0,94.0,0,0,14,7,0.0005252685223240405,0.0008086916515169964,-0.17235222197675948,-0.12674491850262123,64,2.71796609996818,88.05619539995678,,0
opening_016_offset_00,opening_016,early,8,rn1qkbnr/p2pppp1/b7/1pP4p/5P2/8/PPP1PKPP/RNBQ1BNR w kq - 0 5,white,original,4,32,e2e4,g2g3,-55.0,39.0,94.0,0,0,14,8,0.0011430484155425802,0.001894082534008074,-0.13966275659824043,-0.09274193548387098,128,5.459038799977861,88.05619539995678,,0
opening_016_offset_00,opening_016,early,8,rn1qkbnr/p2pppp1/b7/1pP4p/5P2/8/PPP1PKPP/RNBQ1BNR w kq - 0 5,white,original,8,32,e2e4,g2g3,-55.0,39.0,94.0,0,0,14,8,0.00048258062452077866,0.0026087509056197905,-0.20454545454545453,-0.16129032258064518,256,10.917611200013198,88.05619539995678,,0
opening_016_offset_00,opening_016,early,8,rn1qkbnr/p2pppp1/b7/1pP4p/5P2/8/PPP1PKPP/RNBQ1BNR w kq - 0 5,white,original,16,32,e2e4,b2b3,-97.0,39.0,136.0,0,0,23,13,6.090220995247364e-05,0.002961007880225055,-0.26392961876832843,-0.19758064516129034,512,21.7028117000591,88.05619539995678,,0
opening_016_offset_00,opening_016,early,8,rn1qkbnr/p2pppp1/b7/1pP4p/5P2/8/PPP1PKPP/RNBQ1BNR w kq - 0 5,white,original,32,32,e2e4,d1d7,-962.0,39.0,1001.0,0,0,31,14,0.0011868877336382866,0.004115676545243429,-0.3020527859237536,-0.22177419354838715,1024,43.98058039997704,88.05619539995678,,0
opening_016_offset_00,opening_016,early,8,rn1qkbnr/p2pppp1/b7/1pP4p/5P2/8/PPP1PKPP/RNBQ1BNR w kq - 0 5,white,original,64,32,e2e4,d1d7,-962.0,39.0,1001.0,0,0,31,14,0.0009156130254268646,0.028269757990792826,-0.2877565982404692,-0.19758064516129034,2048,87.86960490001366,88.05619539995678,,0
opening_016_offset_04,opening_016,early,12,rnq1kbnr/pb1pppp1/8/1pP4p/1P3P2/8/P1PQPKPP/RNB2BNR w kq - 3 7,white,original,1,30,e2e3,h2h4,-90.0,57.0,147.0,0,0,17,12,0.0,0.0,,,30,1.6008940000319853,91.39044610003475,,0
opening_016_offset_04,opening_016,early,12,rnq1kbnr/pb1pppp1/8/1pP4p/1P3P2/8/P1PQPKPP/RNB2BNR w kq - 3 7,white,original,2,30,e2e3,g2g3,-639.0,57.0,696.0,0,0,26,21,0.0005252683768048882,0.0008448699306378402,-0.34998406103169044,-0.2427271132444006,60,2.993305000010878,91.39044610003475,,0
opening_016_offset_04,opening_016,early,12,rnq1kbnr/pb1pppp1/8/1pP4p/1P3P2/8/P1PQPKPP/RNB2BNR w kq - 3 7,white,original,4,30,e2e3,g2g3,-639.0,57.0,696.0,0,0,26,22,0.0011436515487730503,0.0018906055530875244,-0.34219601947203854,-0.23935573960772527,120,5.871439900016412,91.39044610003475,,0
opening_016_offset_04,opening_016,early,12,rnq1kbnr/pb1pppp1/8/1pP4p/1P3P2/8/P1PQPKPP/RNB2BNR w kq - 3 7,white,original,8,30,e2e3,g2g3,-639.0,57.0,696.0,0,0,26,22,0.0013050120323896408,0.002512491639081495,-0.35198576255186276,-0.25316472458509404,240,11.737453400040977,91.39044610003475,,0
opening_016_offset_04,opening_016,early,12,rnq1kbnr/pb1pppp1/8/1pP4p/1P3P2/8/P1PQPKPP/RNB2BNR w kq - 3 7,white,original,16,30,e2e3,g2g3,-639.0,57.0,696.0,0,0,26,22,0.0013413205742835999,0.002758358492491003,-0.3497608209428118,-0.25316472458509404,480,23.142337700002827,91.39044610003475,,0
opening_016_offset_04,opening_016,early,12,rnq1kbnr/pb1pppp1/8/1pP4p/1P3P2/8/P1PQPKPP/RNB2BNR w kq - 3 7,white,original,32,30,e2e3,g2g3,-639.0,57.0,696.0,0,0,26,22,0.001338377594947815,0.0028070102789436234,-0.34575592604652006,-0.24856172959263778,960,45.74577769997995,91.39044610003475,,0
opening_016_offset_04,opening_016,early,12,rnq1kbnr/pb1pppp1/8/1pP4p/1P3P2/8/P1PQPKPP/RNB2BNR w kq - 3 7,white,original,64,30,e2e3,g2g3,-639.0,57.0,696.0,0,0,26,20,0.0013461410999298096,0.0028146734024871753,-0.3312938055876888,-0.23475274461526902,1920,91.19967290002387,91.39044610003475,,0
opening_016_offset_08,opening_016,early,16,r1q1kbnr/pb1pppp1/n7/1pPQ4/1P3P1p/2P5/P3PKPP/RNB2BNR w kq - 0 9,white,original,1,39,d5b3,h2h3,-1039.0,-41.0,998.0,0,0,28,29,0.0,0.0,,,39,2.491372699965723,151.27306579996366,,0
opening_016_offset_08,opening_016,early,16,r1q1kbnr/pb1pppp1/n7/1pPQ4/1P3P1p/2P5/P3PKPP/RNB2BNR w kq - 0 9,white,original,2,39,d5b3,g2g3,-1156.0,-41.0,1115.0,0,0,39,18,0.0005252687260508537,0.0007159231045970153,-0.1673189401854179,-0.12081394255376889,78,5.248448899947107,151.27306579996366,,0
opening_016_offset_08,opening_016,early,16,r1q1kbnr/pb1pppp1/n7/1pPQ4/1P3P1p/2P5/P3PKPP/RNB2BNR w kq - 0 9,white,original,4,39,d5b3,g2g3,-1156.0,-41.0,1115.0,0,0,39,19,0.0011436603963375092,0.0016157802669339559,-0.21093117408906883,-0.12820512820512822,156,10.384589300025254,151.27306579996366,,0
opening_016_offset_08,opening_016,early,16,r1q1kbnr/pb1pppp1/n7/1pPQ4/1P3P1p/2P5/P3PKPP/RNB2BNR w kq - 0 9,white,original,8,39,d5b3,g2g3,-1156.0,-41.0,1115.0,0,0,39,22,0.0013050120323896408,0.0021631603897743997,-0.19979757085020244,-0.11470985155195683,312,21.617448700009845,151.27306579996366,,0
opening_016_offset_08,opening_016,early,16,r1q1kbnr/pb1pppp1/n7/1pPQ4/1P3P1p/2P5/P3PKPP/RNB2BNR w kq - 0 9,white,original,16,39,d5b3,g2g3,-1156.0,-41.0,1115.0,0,0,39,21,0.001341225579380989,0.002381547415127927,-0.1536437246963563,-0.0931174089068826,624,38.80279540002812,151.27306579996366,,0
opening_016_offset_08,opening_016,early,16,r1q1kbnr/pb1pppp1/n7/1pPQ4/1P3P1p/2P5/P3PKPP/RNB2BNR w kq - 0 9,white,original,32,39,d5b3,g2g3,-1156.0,-41.0,1115.0,0,0,39,20,0.0013377126306295395,0.0024470139606760566,-0.15303643724696359,-0.0931174089068826,1248,75.31485690001864,151.27306579996366,,0
opening_016_offset_08,opening_016,early,16,r1q1kbnr/pb1pppp1/n7/1pPQ4/1P3P1p/2P5/P3PKPP/RNB2BNR w kq - 0 9,white,original,64,39,d5b3,g2g3,-1156.0,-41.0,1115.0,0,0,39,21,0.0013421103358268738,0.0024996421672178488,-0.14068825910931174,-0.08771929824561404,2496,150.96267619996797,151.27306579996366,,0
opening_016_offset_12,opening_016,middle,20,r1q1kbn1/pb1pppp1/n2Q1r2/1pP5/1P3P1p/P1P5/4PKPP/RNB2BNR w q - 3 11,white,original,1,33,d6d1,h2h3,-1125.0,-23.0,1102.0,0,0,17,20,0.0,0.0,,,33,1.799333899980411,100.36722100002225,,0
opening_016_offset_12,opening_016,middle,20,r1q1kbn1/pb1pppp1/n2Q1r2/1pP5/1P3P1p/P1P5/4PKPP/RNB2BNR w q - 3 11,white,original,2,33,d6d1,d6e7,-1182.0,-23.0,1159.0,0,0,31,9,0.0037218023207969964,0.0012455128778514845,0.007376746206743244,0.03589426763635128,66,3.6571174999698997,100.36722100002225,,0
opening_016_offset_12,opening_016,middle,20,r1q1kbn1/pb1pppp1/n2Q1r2/1pP5/1P3P1p/P1P5/4PKPP/RNB2BNR w q - 3 11,white,original,4,33,d6d1,d6e7,-1182.0,-23.0,1159.0,0,0,31,13,0.00491703674197197,0.002356759266601257,-0.15144170973311874,-0.07407437469876467,132,7.376626999932341,100.36722100002225,,0
opening_016_offset_12,opening_016,middle,20,r1q1kbn1/pb1pppp1/n2Q1r2/1pP5/1P3P1p/P1P5/4PKPP/RNB2BNR w q - 3 11,white,original,8,33,d6d1,d6e7,-1182.0,-23.0,1159.0,0,0,31,11,0.003210216760635376,0.0027771866656547293,-0.11099039212228572,-0.05128225940683708,264,12.772540699923411,100.36722100002225,,0
opening_016_offset_12,opening_016,middle,20,r1q1kbn1/pb1pppp1/n2Q1r2/1pP5/1P3P1p/P1P5/4PKPP/RNB2BNR w q - 3 11,white,original,16,33,d6d1,d6e7,-1182.0,-23.0,1159.0,0,0,31,10,0.0029206639155745506,0.0029814509578189197,-0.11249477996731667,-0.05508094528882502,528,24.89956859999802,100.36722100002225,,0
opening_016_offset_12,opening_016,middle,20,r1q1kbn1/pb1pppp1/n2Q1r2/1pP5/1P3P1p/P1P5/4PKPP/RNB2BNR w q - 3 11,white,original,32,33,d6d1,d6e7,-1182.0,-23.0,1159.0,0,0,31,11,0.0028882306069135666,0.0030367756331266455,-0.12352695749754389,-0.05508094528882502,1056,50.04086459998507,100.36722100002225,,0
opening_016_offset_12,opening_016,middle,20,r1q1kbn1/pb1pppp1/n2Q1r2/1pP5/1P3P1p/P1P5/4PKPP/RNB2BNR w q - 3 11,white,original,64,33,d6d1,d6e7,-1182.0,-23.0,1159.0,0,0,31,11,0.0028187260031700134,0.0030843109055242145,-0.1165064808873993,-0.04748357352484915,2112,100.06738999998197,100.36722100002225,,0
opening_016_offset_16,opening_016,middle,24,rnq1kbn1/pbQpppp1/5r2/1pP5/1P3P2/P1P1B2p/4PKPP/RN3BNR w q - 2 13,white,original,1,26,c7c8,g2h3,-1155.0,372.0,1527.0,0,0,20,16,0.0,0.0,,,26,1.7322590000694618,87.2953735999763,,0
opening_016_offset_16,opening_016,middle,24,rnq1kbn1/pbQpppp1/5r2/1pP5/1P3P2/P1P1B2p/4PKPP/RN3BNR w q - 2 13,white,original,2,26,c7c8,g2g3,-1091.0,372.0,1463.0,0,0,15,6,0.00010086671682074666,0.0009871474175535847,0.026930355967279884,0.009560008094143611,52,3.1403194000013173,87.2953735999763,,0
opening_016_offset_16,opening_016,middle,24,rnq1kbn1/pbQpppp1/5r2/1pP5/1P3P2/P1P1B2p/4PKPP/RN3BNR w q - 2 13,white,original,4,26,c7c8,g2h3,-1155.0,372.0,1527.0,0,0,20,8,3.020232543349266e-05,0.0021126651093393706,-0.04068376068376068,-0.009230769230769232,104,7.002016899990849,87.2953735999763,,0
opening_016_offset_16,opening_016,middle,24,rnq1kbn1/pbQpppp1/5r2/1pP5/1P3P2/P1P1B2p/4PKPP/RN3BNR w q - 2 13,white,original,8,26,c7c8,g2g3,-1091.0,372.0,1463.0,0,0,15,9,0.00014995690435171127,0.002781055996087366,-0.055726495726495726,-0.046153846153846156,208,12.39579490001779,87.2953735999763,,0
opening_016_offset_16,opening_016,middle,24,rnq1kbn1/pbQpppp1/5r2/1pP5/1P3P2/P1P1B2p/4PKPP/RN3BNR w q - 2 13,white,original,16,26,c7c8,g2g3,-1091.0,372.0,1463.0,0,0,15,9,0.00021623168140649796,0.0030486017871259497,-0.02222222222222222,-0.015384615384615385,416,23.46969790000003,87.2953735999763,,0
opening_016_offset_16,opening_016,middle,24,rnq1kbn1/pbQpppp1/5r2/1pP5/1P3P2/P1P1B2p/4PKPP/RN3BNR w q - 2 13,white,original,32,26,c7c8,g2g3,-1091.0,372.0,1463.0,0,0,15,9,0.00024211406707763672,0.003112675465464163,-0.02358974358974359,-0.021538461538461538,832,44.73332530003972,87.2953735999763,,0
opening_016_offset_16,opening_016,middle,24,rnq1kbn1/pbQpppp1/5r2/1pP5/1P3P2/P1P1B2p/4PKPP/RN3BNR w q - 2 13,white,original,64,26,c7c8,g2g3,-1091.0,372.0,1463.0,0,0,15,10,0.00027692317962646484,0.003163319289783006,0.06188034188034188,0.021538461538461538,1664,87.06462399999145,87.2953735999763,,0
opening_016_offset_20,opening_016,late,28,rn1qkbn1/1b1pppp1/5r2/ppP5/1P3P2/P1P4p/4PKPP/RNB2BNR w q - 0 15,white,original,1,20,b4a5,g2h3,-1244.0,-1000.0,244.0,0,0,19,17,0.0,0.0,,,20,1.1318774999817833,72.14203139999881,,0
opening_016_offset_20,opening_016,late,28,rn1qkbn1/1b1pppp1/5r2/ppP5/1P3P2/P1P4p/4PKPP/RNB2BNR w q - 0 15,white,original,2,20,b4a5,b4a5,-1000.0,-1000.0,0.0,1,1,1,1,0.000934838259126991,0.0011453068957207257,-0.03313256769463375,-0.06896770088839914,40,2.6331522999098524,72.14203139999881,,0
opening_016_offset_20,opening_016,late,28,rn1qkbn1/1b1pppp1/5r2/ppP5/1P3P2/P1P4p/4PKPP/RNB2BNR w q - 0 15,white,original,4,20,b4a5,b4a5,-1000.0,-1000.0,0.0,1,1,1,1,0.004393293056637049,0.0028449863277036137,0.024060150375939848,-0.010526315789473684,80,5.285776900011115,72.14203139999881,,0
opening_016_offset_20,opening_016,late,28,rn1qkbn1/1b1pppp1/5r2/ppP5/1P3P2/P1P4p/4PKPP/RNB2BNR w q - 0 15,white,original,8,20,b4a5,b4a5,-1000.0,-1000.0,0.0,1,1,1,1,0.004961779341101646,0.0036858801599154536,0.04360902255639097,0.010526315789473684,160,10.482262899982743,72.14203139999881,,0
opening_016_offset_20,opening_016,late,28,rn1qkbn1/1b1pppp1/5r2/ppP5/1P3P2/P1P4p/4PKPP/RNB2BNR w q - 0 15,white,original,16,20,b4a5,b4a5,-1000.0,-1000.0,0.0,1,1,1,1,0.004802507348358631,0.003966460614532363,0.03609022556390977,0.0,320,19.197491299943067,72.14203139999881,,0
opening_016_offset_20,opening_016,late,28,rn1qkbn1/1b1pppp1/5r2/ppP5/1P3P2/P1P4p/4PKPP/RNB2BNR w q - 0 15,white,original,32,20,b4a5,b4a5,-1000.0,-1000.0,0.0,1,1,1,1,0.004854891449213028,0.004040199173027125,0.051127819548872175,0.010526315789473684,640,35.76210659998469,72.14203139999881,,0
opening_016_offset_20,opening_016,late,28,rn1qkbn1/1b1pppp1/5r2/ppP5/1P3P2/P1P4p/4PKPP/RNB2BNR w q - 0 15,white,original,64,20,b4a5,b4a5,-1000.0,-1000.0,0.0,1,1,1,1,0.005048409104347229,0.0041215298618624985,0.08120300751879699,0.031578947368421054,1280,72.00618329993449,72.14203139999881,,0
opening_016_offset_24,opening_016,late,32,rn2kbn1/1b1pppp1/1q4r1/ppP5/1P3P2/P1P1P2p/1B3KPP/RN3BNR w q - 1 17,white,original,1,22,c5b6,g2h3,-1066.0,-500.0,566.0,0,0,16,16,0.0,0.0,,,22,1.2502258999738842,81.09352190000936,,0
opening_016_offset_24,opening_016,late,32,rn2kbn1/1b1pppp1/1q4r1/ppP5/1P3P2/P1P1P2p/1B3KPP/RN3BNR w q - 1 17,white,original,2,22,c5b6,b4a5,-853.0,-500.0,353.0,0,0,3,21,0.0009365163277834654,0.00134830200862904,-0.18552062907042488,-0.17506518288465509,44,2.564683699980378,81.09352190000936,,0
opening_016_offset_24,opening_016,late,32,rn2kbn1/1b1pppp1/1q4r1/ppP5/1P3P2/P1P1P2p/1B3KPP/RN3BNR w q - 1 17,white,original,4,22,c5b6,b4a5,-853.0,-500.0,353.0,0,0,3,21,0.004393337294459343,0.003236366180972316,-0.14963297571993225,-0.10822510822510822,88,4.943559000035748,81.09352190000936,,0
opening_016_offset_24,opening_016,late,32,rn2kbn1/1b1pppp1/1q4r1/ppP5/1P3P2/P1P1P2p/1B3KPP/RN3BNR w q - 1 17,white,original,8,22,c5b6,b4a5,-853.0,-500.0,353.0,0,0,3,21,0.004533885512501001,0.00436017626294319,-0.11462450592885377,-0.09956709956709957,176,10.373867899994366,81.09352190000936,,0
opening_016_offset_24,opening_016,late,32,rn2kbn1/1b1pppp1/1q4r1/ppP5/1P3P2/P1P1P2p/1B3KPP/RN3BNR w q - 1 17,white,original,16,22,c5b6,b4a5,-853.0,-500.0,353.0,0,0,3,21,0.003791668452322483,0.004787030612540059,-0.1078486730660644,-0.09090909090909091,352,21.402451199945062,81.09352190000936,,0
opening_016_offset_24,opening_016,late,32,rn2kbn1/1b1pppp1/1q4r1/ppP5/1P3P2/P1P1P2p/1B3KPP/RN3BNR w q - 1 17,white,original,32,22,c5b6,b4a5,-853.0,-500.0,353.0,0,0,3,21,0.0038945190608501434,0.004857300158603249,-0.0942970073404856,-0.07359307359307359,704,41.22692539996933,81.09352190000936,,0
opening_016_offset_24,opening_016,late,32,rn2kbn1/1b1pppp1/1q4r1/ppP5/1P3P2/P1P1P2p/1B3KPP/RN3BNR w q - 1 17,white,original,64,22,c5b6,b4a5,-853.0,-500.0,353.0,0,0,3,21,0.004363998770713806,0.004901486940073053,-0.0942970073404856,-0.07359307359307359,1408,80.96550759999081,81.09352190000936,,0
opening_017_offset_00,opening_017,early,8,rnbqkbnr/p1p3pp/1p1pp3/5pP1/P3P3/8/1PPP1P1P/RNBQKBNR w KQkq - 0 5,white,original,1,33,e4f5,h2h4,-12.0,67.0,79.0,0,0,6,16,0.0,0.0,,,33,1.5282339000841603,102.0875094999792,,0
opening_017_offset_00,opening_017,early,8,rnbqkbnr/p1p3pp/1p1pp3/5pP1/P3P3/8/1PPP1P1P/RNBQKBNR w KQkq - 0 5,white,original,2,33,e4f5,e4f5,67.0,67.0,0.0,1,1,1,1,0.00018202920909971,0.00026905063017560235,-0.11816816334784006,-0.09364370798828321,66,3.2092307000420988,102.0875094999792,,0
opening_017_offset_00,opening_017,early,8,rnbqkbnr/p1p3pp/1p1pp3/5pP1/P3P3/8/1PPP1P1P/RNBQKBNR w KQkq - 0 5,white,original,4,33,e4f5,b2b3,-115.0,67.0,182.0,0,1,23,3,0.00015922868624329567,0.000854978083074385,-0.11799114271996781,-0.08151662429713734,132,6.027389800059609,102.0875094999792,,0
opening_017_offset_00,opening_017,early,8,rnbqkbnr/p1p3pp/1p1pp3/5pP1/P3P3/8/1PPP1P1P/RNBQKBNR w KQkq - 0 5,white,original,8,33,e4f5,b2b3,-115.0,67.0,182.0,0,0,23,6,7.726345211267471e-05,0.0013700891290955371,0.08907829896564143,0.05876779891188972,264,13.03045680001378,102.0875094999792,,0
opening_017_offset_00,opening_017,early,8,rnbqkbnr/p1p3pp/1p1pp3/5pP1/P3P3/8/1PPP1P1P/RNBQKBNR w KQkq - 0 5,white,original,16,33,e4f5,b2b3,-115.0,67.0,182.0,0,0,23,8,6.182026118040085e-05,0.0016139514333153198,0.08907829896564143,0.08151662429713734,528,27.060448300093412,102.0875094999792,,0
opening_017_offset_00,opening_017,early,8,rnbqkbnr/p1p3pp/1p1pp3/5pP1/P3P3/8/1PPP1P1P/RNBQKBNR w KQkq - 0 5,white,original,32,33,e4f5,d1g4,-870.0,67.0,937.0,0,0,33,10,1.844111829996109e-05,0.0027075502141476007,0.10211414759475967,0.07772515339959607,1056,53.131936700083315,102.0875094999792,,0
opening_017_offset_00,opening_017,early,8,rnbqkbnr/p1p3pp/1p1pp3/5pP1/P3P3/8/1PPP1P1P/RNBQKBNR w KQkq - 0 5,white,original,64,33,e4f5,d1g4,-870.0,67.0,937.0,0,0,33,12,7.031485438346863e-08,0.018661627313979984,0.12668170847271332,0.1004739787848437,2112,101.86646970000584,102.0875094999792,,0
opening_017_offset_04,opening_017,early,12,rnb2bnr/p1pk2pp/1p1pp1P1/5pq1/P3P3/7N/1PPP1P1P/RNBQKB1R w KQ - 3 7,white,original,1,31,h3g5,h3g5,774.0,774.0,0.0,1,1,1,1,0.0,0.0,,,31,1.432825900032185,97.40876750007737,,0
opening_017_offset_04,opening_017,early,12,rnb2bnr/p1pk2pp/1p1pp1P1/5pq1/P3P3/7N/1PPP1P1P/RNBQKB1R w KQ - 3 7,white,original,2,31,h3g5,h3g5,774.0,774.0,0.0,1,1,1,1,1.592235639691353e-05,0.0001752442541219274,0.1743470221972015,0.13366525268059717,62,2.8943713000044227,97.40876750007737,,0
opening_017_offset_04,opening_017,early,12,rnb2bnr/p1pk2pp/1p1pp1P1/5pq1/P3P3/7N/1PPP1P1P/RNBQKB1R w KQ - 3 7,white,original,4,31,h3g5,b2b3,-68.0,774.0,842.0,0,0,16,23,0.00015922868624329567,0.0006596705133346896,0.05080645161290323,0.03655913978494624,124,5.508206099970266,97.40876750007737,,0
opening_017_offset_04,opening_017,early,12,rnb2bnr/p1pk2pp/1p1pp1P1/5pq1/P3P3/7N/1PPP1P1P/RNBQKB1R w KQ - 3 7,white,original,8,31,h3g5,b2b3,-68.0,774.0,842.0,0,0,16,29,7.72504135966301e-05,0.0010240175459267607,0.0870967741935484,0.06666666666666668,248,11.963521700003184,97.40876750007737,,0
opening_017_offset_04,opening_017,early,12,rnb2bnr/p1pk2pp/1p1pp1P1/5pq1/P3P3/7N/1PPP1P1P/RNBQKB1R w KQ - 3 7,white,original,16,31,h3g5,b2b3,-68.0,774.0,842.0,0,0,16,29,6.186123937368393e-05,0.0011620438455278632,0.0810483870967742,0.05806451612903227,496,24.79285259998869,97.40876750007737,,0
opening_017_offset_04,opening_017,early,12,rnb2bnr/p1pk2pp/1p1pp1P1/5pq1/P3P3/7N/1PPP1P1P/RNBQKB1R w KQ - 3 7,white,original,32,31,h3g5,d1g4,-918.0,774.0,1692.0,0,0,30,28,1.8843449652194977e-05,0.0023677964892358117,0.056854838709677426,0.05806451612903227,992,48.58129680005368,97.40876750007737,,0
opening_017_offset_04,opening_017,early,12,rnb2bnr/p1pk2pp/1p1pp1P1/5pq1/P3P3/7N/1PPP1P1P/RNBQKB1R w KQ - 3 7,white,original,64,31,h3g5,d1g4,-918.0,774.0,1692.0,0,0,30,28,1.2323260307312012e-05,0.007420433605081711,0.05,0.05376344086021506,1984,97.19254710001405,97.40876750007737,,0
opening_017_offset_08,opening_017,early,16,rnb1kbnr/p1p3pp/1p1pp1P1/6q1/P3Pp2/R1N4N/1PPP1P1P/2BQKB1R w K - 2 9,white,original,1,31,f1b5,h3g5,638.0,950.0,312.0,0,0,3,11,0.0,0.0,,,31,1.5691591000650078,99.99153680005111,,0
opening_017_offset_08,opening_017,early,16,rnb1kbnr/p1p3pp/1p1pp1P1/6q1/P3Pp2/R1N4N/1PPP1P1P/2BQKB1R w K - 2 9,white,original,2,31,f1b5,h3g5,638.0,950.0,312.0,0,0,3,7,2.9646791517734528e-05,0.000189227332291525,0.2544359586221384,0.18167577379987793,62,2.9457937000552192,99.99153680005111,,0
opening_017_offset_08,opening_017,early,16,rnb1kbnr/p1p3pp/1p1pp1P1/6q1/P3Pp2/R1N4N/1PPP1P1P/2BQKB1R w K - 2 9,white,original,4,31,f1b5,b2b3,58.0,950.0,892.0,0,0,17,5,0.00015923567116260529,0.0007050687833077613,0.041338980473497954,0.010775887094743069,124,6.173181900056079,99.99153680005111,,0
opening_017_offset_08,opening_017,early,16,rnb1kbnr/p1p3pp/1p1pp1P1/6q1/P3Pp2/R1N4N/1PPP1P1P/2BQKB1R w K - 2 9,white,original,8,31,f1b5,b2b3,58.0,950.0,892.0,0,0,17,4,7.718615233898163e-05,0.0010764686656126055,0.032869530815513005,0.010775887094743069,248,12.595700100064278,99.99153680005111,,0
opening_017_offset_08,opening_017,early,16,rnb1kbnr/p1p3pp/1p1pp1P1/6q1/P3Pp2/R1N4N/1PPP1P1P/2BQKB1R w K - 2 9,white,original,16,31,f1b5,b2b3,58.0,950.0,892.0,0,0,17,4,6.181001663208008e-05,0.0012241383400413489,0.05646299771989964,0.04094837096002367,496,25.00821670005098,99.99153680005111,,0
opening_017_offset_08,opening_017,early,16,rnb1kbnr/p1p3pp/1p1pp1P1/6q1/P3Pp2/R1N4N/1PPP1P1P/2BQKB1R w K - 2 9,white,original,32,31,f1b5,d1g4,-615.0,950.0,1565.0,0,0,30,8,1.8361490219831467e-05,0.0024563440618666017,0.01129259954397993,0.015086241932640299,992,48.57515780010726,99.99153680005111,,0
opening_017_offset_08,opening_017,early,16,rnb1kbnr/p1p3pp/1p1pp1P1/6q1/P3Pp2/R1N4N/1PPP1P1P/2BQKB1R w K - 2 9,white,original,64,31,f1b5,d1g4,-615.0,950.0,1565.0,0,0,30,7,1.9720755517482758e-07,0.019296392612364904,0.05827787978946784,0.045258725797920896,1984,99.7447828000877,99.99153680005111,,0
opening_017_offset_12,opening_017,middle,20,rnbqkbnr/p1p3p1/1p1pp1P1/3N3p/P3Pp2/RP5N/2PP1P1P/2BQKB1R w K - 0 11,white,original,1,34,d5f4,h3g5,-118.0,232.0,350.0,0,0,8,15,0.0,0.0,,,34,1.3431718000210822,100.32395730004646,,0
opening_017_offset_12,opening_017,middle,20,rnbqkbnr/p1p3p1/1p1pp1P1/3N3p/P3Pp2/RP5N/2PP1P1P/2BQKB1R w K - 0 11,white,original,2,34,d5f4,d5e7,-523.0,232.0,755.0,0,0,29,8,0.003916341345757246,0.0007509348593533783,0.0454095951583539,0.03474630006193514,68,2.992891800007783,100.32395730004646,,0
opening_017_offset_12,opening_017,middle,20,rnbqkbnr/p1p3p1/1p1pp1P1/3N3p/P3Pp2/RP5N/2PP1P1P/2BQKB1R w K - 0 11,white,original,4,34,d5f4,d5e7,-523.0,232.0,755.0,0,0,29,8,0.0050515164621174335,0.0012046217833130987,-0.025210084033613443,0.005347593582887702,136,6.031442600069568,100.32395730004646,,0
opening_017_offset_12,opening_017,middle,20,rnbqkbnr/p1p3p1/1p1pp1P1/3N3p/P3Pp2/RP5N/2PP1P1P/2BQKB1R w K - 0 11,white,original,8,34,d5f4,d5e7,-523.0,232.0,755.0,0,0,29,8,0.00358940614387393,0.0011994580378671537,0.006264323911382734,0.04812834224598931,272,12.07118760002777,100.32395730004646,,0
opening_017_offset_12,opening_017,middle,20,rnbqkbnr/p1p3p1/1p1pp1P1/3N3p/P3Pp2/RP5N/2PP1P1P/2BQKB1R w K - 0 11,white,original,16,34,d5f4,d5e7,-523.0,232.0,755.0,0,0,29,11,0.0027021062560379505,0.0012934748148293509,0.0004583651642475172,0.03743315508021391,544,24.12823060003575,100.32395730004646,,0
opening_017_offset_12,opening_017,middle,20,rnbqkbnr/p1p3p1/1p1pp1P1/3N3p/P3Pp2/RP5N/2PP1P1P/2BQKB1R w K - 0 11,white,original,32,34,d5f4,d1h5,-775.0,232.0,1007.0,0,0,33,11,0.0010863374918699265,0.00250856109262013,-0.0019862490450725744,0.040998217468805706,1088,51.18081150006037,100.32395730004646,,0
opening_017_offset_12,opening_017,middle,20,rnbqkbnr/p1p3p1/1p1pp1P1/3N3p/P3Pp2/RP5N/2PP1P1P/2BQKB1R w K - 0 11,white,original,64,34,d5f4,d1h5,-775.0,232.0,1007.0,0,0,33,14,0.0006941226311028004,0.018583708797804945,0.004125286478227655,0.040998217468805706,2176,100.0998341999948,100.32395730004646,,0
opening_017_offset_16,opening_017,middle,24,rnb1kbn1/p1p3p1/1p1pp1Pr/7p/P3Pp1q/1P2N2N/2PP1P1P/R1BQKB1R w K - 4 13,white,original,1,32,e3g2,h3g5,-737.0,70.0,807.0,0,0,27,13,0.0,0.0,,,32,1.379056999925524,91.07739400002174,,0
opening_017_offset_16,opening_017,middle,24,rnb1kbn1/p1p3p1/1p1pp1Pr/7p/P3Pp1q/1P2N2N/2PP1P1P/R1BQKB1R w K - 4 13,white,original,2,32,e3g2,h3f4,-266.0,70.0,336.0,0,1,8,3,0.0,0.00017635442928400183,0.19497574771385529,0.12206768824014683,64,2.8010490000015125,91.07739400002174,,0
opening_017_offset_16,opening_017,middle,24,rnb1kbn1/p1p3p1/1p1pp1Pr/7p/P3Pp1q/1P2N2N/2PP1P1P/R1BQKB1R w K - 4 13,white,original,4,32,e3g2,e3c4,-63.0,70.0,133.0,0,0,2,6,9.685754776000977e-06,0.0006831562868129594,0.14222873900293254,0.09274193548387098,128,5.584030499914661,91.07739400002174,,0
opening_017_offset_16,opening_017,middle,24,rnb1kbn1/p1p3p1/1p1pp1Pr/7p/P3Pp1q/1P2N2N/2PP1P1P/R1BQKB1R w K - 4 13,white,original,8,32,e3g2,e3c4,-63.0,70.0,133.0,0,0,2,6,4.6300701797008514e-05,0.0009442356663653235,0.16092375366568912,0.11290322580645162,256,11.112328999908641,91.07739400002174,,0
opening_017_offset_16,opening_017,middle,24,rnb1kbn1/p1p3p1/1p1pp1Pr/7p/P3Pp1q/1P2N2N/2PP1P1P/R1BQKB1R w K - 4 13,white,original,16,32,e3g2,d1h5,-904.0,70.0,974.0,0,0,32,10,0.000656849704682827,0.0010928648524402935,0.156891495601173,0.12500000000000003,512,21.878616399946623,91.07739400002174,,0
opening_017_offset_16,opening_017,middle,24,rnb1kbn1/p1p3p1/1p1pp1Pr/7p/P3Pp1q/1P2N2N/2PP1P1P/R1BQKB1R w K - 4 13,white,original,32,32,e3g2,d1h5,-904.0,70.0,974.0,0,0,32,12,0.0010863393545150757,0.002456631933820191,0.14552785923753664,0.12096774193548389,1024,44.63123989989981,91.07739400002174,,0
opening_017_offset_16,opening_017,middle,24,rnb1kbn1/p1p3p1/1p1pp1Pr/7p/P3Pp1q/1P2N2N/2PP1P1P/R1BQKB1R w K - 4 13,white,original,64,32,e3g2,d1h5,-904.0,70.0,974.0,0,0,32,12,0.0007018048781901598,0.01941328497367374,0.10887096774193547,0.08467741935483872,2048,90.81350329995621,91.07739400002174,,0
opening_017_offset_20,opening_017,late,28,rnb1kbn1/2p3p1/pp1pp1Pr/7p/P1P1Pp2/1P2N1q1/3P1P1P/R1BQKBNR w K - 0 15,white,original,1,33,f2g3,h2h4,-268.0,721.0,989.0,0,0,17,7,0.0,0.0,,,33,1.3866154999705032,103.51746190001722,,0
opening_017_offset_20,opening_017,late,28,rnb1kbn1/2p3p1/pp1pp1Pr/7p/P1P1Pp2/1P2N1q1/3P1P1P/R1BQKBNR w K - 0 15,white,original,2,33,f2g3,h2g3,685.0,721.0,36.0,0,1,2,2,0.0,0.0003646331284812767,0.13859916874455344,0.11860254568099685,66,2.899742600042373,103.51746190001722,,0
opening_017_offset_20,opening_017,late,28,rnb1kbn1/2p3p1/pp1pp1Pr/7p/P1P1Pp2/1P2N1q1/3P1P1P/R1BQKBNR w K - 0 15,white,original,4,33,f2g3,h2g3,685.0,721.0,36.0,0,1,2,2,9.290128946304321e-05,0.0009823317164307022,0.01771390374331551,0.007575757575757577,132,5.866406399989501,103.51746190001722,,0
opening_017_offset_20,opening_017,late,28,rnb1kbn1/2p3p1/pp1pp1Pr/7p/P1P1Pp2/1P2N1q1/3P1P1P/R1BQKBNR w K - 0 15,white,original,8,33,f2g3,h2g3,685.0,721.0,36.0,0,1,2,2,0.00016054930165410042,0.0012942125030612065,-0.02774064171122995,-0.022727272727272728,264,11.565078900079243,103.51746190001722,,0
opening_017_offset_20,opening_017,late,28,rnb1kbn1/2p3p1/pp1pp1Pr/7p/P1P1Pp2/1P2N1q1/3P1P1P/R1BQKBNR w K - 0 15,white,original,16,33,f2g3,h2g3,685.0,721.0,36.0,0,1,2,3,1.508370041847229e-05,0.0015219108117209051,-0.060828877005347594,-0.053030303030303025,528,23.698455100064166,103.51746190001722,,0
opening_017_offset_20,opening_017,late,28,rnb1kbn1/2p3p1/pp1pp1Pr/7p/P1P1Pp2/1P2N1q1/3P1P1P/R1BQKBNR w K - 0 15,white,original,32,33,f2g3,d1h5,-467.0,721.0,1188.0,0,0,25,7,0.0010865931399166584,0.0029568407251569133,-0.16143048128342247,-0.11363636363636363,1056,51.403317600023,103.51746190001722,,0
opening_017_offset_20,opening_017,late,28,rnb1kbn1/2p3p1/pp1pp1Pr/7p/P1P1Pp2/1P2N1q1/3P1P1P/R1BQKBNR w K - 0 15,white,original,64,33,f2g3,d1h5,-467.0,721.0,1188.0,0,0,25,10,0.0007421309128403664,0.02291458391486411,-0.188168449197861,-0.10606060606060605,2112,103.29944940004498,103.51746190001722,,0
opening_017_offset_24,opening_017,late,32,rnb1kbn1/6p1/ppppp1Pr/4P3/P1P2pNp/1P4q1/3P1P1P/R1BQKBNR w K - 0 17,white,original,1,28,f2g3,h2h3,358.0,1033.0,675.0,0,0,20,9,0.0,0.0,,,28,1.4164406000636518,88.3814202999929,,0
opening_017_offset_24,opening_017,late,32,rnb1kbn1/6p1/ppppp1Pr/4P3/P1P2pNp/1P4q1/3P1P1P/R1BQKBNR w K - 0 17,white,original,2,28,f2g3,e5d6,734.0,1033.0,299.0,0,0,5,6,0.0007868497632443905,0.0008467878016697414,0.4161919241438186,0.2694977766525139,56,2.9538108999840915,88.3814202999929,,0
opening_017_offset_24,opening_017,late,32,rnb1kbn1/6p1/ppppp1Pr/4P3/P1P2pNp/1P4q1/3P1P1P/R1BQKBNR w K - 0 17,white,original,4,28,f2g3,e5d6,734.0,1033.0,299.0,0,0,5,6,0.004977174801751971,0.0021217463193995115,0.3700054734537493,0.21693121693121692,112,5.323720399988815,88.3814202999929,,0
opening_017_offset_24,opening_017,late,32,rnb1kbn1/6p1/ppppp1Pr/4P3/P1P2pNp/1P4q1/3P1P1P/R1BQKBNR w K - 0 17,white,original,8,28,f2g3,e5d6,734.0,1033.0,299.0,0,0,5,6,0.005628539714962244,0.0024146022501248046,0.4236453201970443,0.2751322751322751,224,10.358613400021568,88.3814202999929,,0
opening_017_offset_24,opening_017,late,32,rnb1kbn1/6p1/ppppp1Pr/4P3/P1P2pNp/1P4q1/3P1P1P/R1BQKBNR w K - 0 17,white,original,16,28,f2g3,e5d6,734.0,1033.0,299.0,0,0,5,6,0.005781679414212704,0.0025135445043386077,0.36015325670498083,0.21693121693121692,448,22.274648100021295,88.3814202999929,,0
opening_017_offset_24,opening_017,late,32,rnb1kbn1/6p1/ppppp1Pr/4P3/P1P2pNp/1P4q1/3P1P1P/R1BQKBNR w K - 0 17,white,original,32,28,f2g3,e5d6,734.0,1033.0,299.0,0,0,5,9,0.002938610967248678,0.003097797615793608,0.22167487684729065,0.12169312169312169,896,43.76175539998803,88.3814202999929,,0
opening_017_offset_24,opening_017,late,32,rnb1kbn1/6p1/ppppp1Pr/4P3/P1P2pNp/1P4q1/3P1P1P/R1BQKBNR w K - 0 17,white,original,64,28,f2g3,d1c2,-127.0,1033.0,1160.0,0,0,24,12,5.963444709777832e-05,0.005936299064052743,0.13245758073344277,0.06878306878306878,1792,88.21983529999852,88.3814202999929,,0
opening_018_offset_00,opening_018,early,8,rnbqkb1r/ppp2ppp/3pp3/3P1n2/8/6PP/PPP1PP2/RNBQKBNR w KQkq - 1 5,white,original,1,28,e2e4,h3h4,-21.0,86.0,107.0,0,0,8,8,0.0,0.0,,,28,1.5069170999340713,88.09653249999974,,0
opening_018_offset_00,opening_018,early,8,rnbqkb1r/ppp2ppp/3pp3/3P1n2/8/6PP/PPP1PP2/RNBQKBNR w KQkq - 1 5,white,original,2,28,e2e4,b2b3,-162.0,86.0,248.0,0,1,22,3,3.027531784027815e-05,0.00023997435517011912,0.13949849976180265,0.08132500607904443,56,2.8548372999066487,88.09653249999974,,0
opening_018_offset_00,opening_018,early,8,rnbqkb1r/ppp2ppp/3pp3/3P1n2/8/6PP/PPP1PP2/RNBQKBNR w KQkq - 1 5,white,original,4,28,e2e4,b2b3,-162.0,86.0,248.0,0,0,22,5,0.00015911273658275604,0.0008246451868881194,0.16967706622879036,0.08465608465608465,112,5.525482999975793,88.09653249999974,,0
opening_018_offset_00,opening_018,early,8,rnbqkb1r/ppp2ppp/3pp3/3P1n2/8/6PP/PPP1PP2/RNBQKBNR w KQkq - 1 5,white,original,8,28,e2e4,b2b3,-162.0,86.0,248.0,0,0,22,5,7.63600692152977e-05,0.0012979492836915753,0.11658456486042693,0.052910052910052914,224,10.725676100002602,88.09653249999974,,0
opening_018_offset_00,opening_018,early,8,rnbqkb1r/ppp2ppp/3pp3/3P1n2/8/6PP/PPP1PP2/RNBQKBNR w KQkq - 1 5,white,original,16,28,e2e4,b2b3,-162.0,86.0,248.0,0,0,22,7,6.086612120270729e-05,0.001587618543151497,0.047619047619047616,0.026455026455026457,448,21.578209599945694,88.09653249999974,,0
opening_018_offset_00,opening_018,early,8,rnbqkb1r/ppp2ppp/3pp3/3P1n2/8/6PP/PPP1PP2/RNBQKBNR w KQkq - 1 5,white,original,32,28,e2e4,d1d2,-62.0,86.0,148.0,0,0,17,7,9.340327233076096e-05,0.0027107861981481335,-0.04159824849480022,-0.037037037037037035,896,41.80874359991867,88.09653249999974,,0
opening_018_offset_00,opening_018,early,8,rnbqkb1r/ppp2ppp/3pp3/3P1n2/8/6PP/PPP1PP2/RNBQKBNR w KQkq - 1 5,white,original,64,28,e2e4,d1d3,-48.0,86.0,134.0,0,0,14,10,0.0022266916930675507,0.023059325817169702,-0.31800766283524906,-0.22222222222222218,1792,87.89144909998868,88.09653249999974,,0
opening_018_offset_04,opening_018,early,12,r1b1kb1r/pppq1ppp/2npp3/3P1n2/8/2P1B1PP/PP2PP2/RN1QKBNR w KQkq - 3 7,white,original,1,33,d5c6,h3h4,-313.0,202.0,515.0,0,0,23,19,0.0,0.0,,,33,1.4588456999044865,102.68035280006006,,0
opening_018_offset_04,opening_018,early,12,r1b1kb1r/pppq1ppp/2npp3/3P1n2/8/2P1B1PP/PP2PP2/RN1QKBNR w KQkq - 3 7,white,original,2,33,d5c6,e3a7,-565.0,202.0,767.0,0,0,30,8,0.0055092579568736255,0.0010447109447143416,0.13359179809401164,0.11653649454918909,66,3.2238695999840274,102.68035280006006,,0
opening_018_offset_04,opening_018,early,12,r1b1kb1r/pppq1ppp/2npp3/3P1n2/8/2P1B1PP/PP2PP2/RN1QKBNR w KQkq - 3 7,white,original,4,33,d5c6,e3a7,-565.0,202.0,767.0,0,0,30,7,0.007374539884040132,0.0017692093079131202,0.1789922292536622,0.12701427506763263,132,7.929842299898155,102.68035280006006,,0
opening_018_offset_04,opening_018,early,12,r1b1kb1r/pppq1ppp/2npp3/3P1n2/8/2P1B1PP/PP2PP2/RN1QKBNR w KQkq - 3 7,white,original,8,33,d5c6,e3a7,-565.0,202.0,767.0,0,0,30,7,0.005750809796154499,0.0019825004621828865,0.10061001121447681,0.08530809519467862,264,13.828691399889067,102.68035280006006,,0
opening_018_offset_04,opening_018,early,12,r1b1kb1r/pppq1ppp/2npp3/3P1n2/8/2P1B1PP/PP2PP2/RN1QKBNR w KQkq - 3 7,white,original,16,33,d5c6,e3a7,-565.0,202.0,767.0,0,0,30,13,0.004888135474175215,0.002155289911585013,-0.05999832894683916,-0.02843603173155954,528,26.723988899961114,102.68035280006006,,0
opening_018_offset_04,opening_018,early,12,r1b1kb1r/pppq1ppp/2npp3/3P1n2/8/2P1B1PP/PP2PP2/RN1QKBNR w KQkq - 3 7,white,original,32,33,d5c6,e3a7,-565.0,202.0,767.0,0,0,30,13,0.0014181988663040102,0.003496972517123975,-0.08356313223793754,-0.062559269809431,1056,51.7584258998977,102.68035280006006,,0
opening_018_offset_04,opening_018,early,12,r1b1kb1r/pppq1ppp/2npp3/3P1n2/8/2P1B1PP/PP2PP2/RN1QKBNR w KQkq - 3 7,white,original,64,33,d5c6,d1b3,-198.0,202.0,400.0,0,0,17,20,0.010076243430376053,0.029178030839655186,-0.2747555787983387,-0.18767780942829296,2112,102.44570929999463,102.68035280006006,,0
opening_018_offset_08,opening_018,early,16,r1bq1b1r/pppk1ppp/2npp3/3P1n2/8/2P3PP/PP1BPP1R/RN1QKBN1 w Q - 7 9,white,original,1,27,d5c6,h3h4,-42.0,714.0,756.0,0,0,17,12,0.0,0.0,,,27,1.4974274999694899,94.54352920001838,,0
opening_018_offset_08,opening_018,early,16,r1bq1b1r/pppk1ppp/2npp3/3P1n2/8/2P3PP/PP1BPP1R/RN1QKBN1 w Q - 7 9,white,original,2,27,d5c6,d2c1,87.0,714.0,627.0,0,0,10,11,0.00020545045845210552,0.00028543704258993086,0.23118124796025055,0.15050793076348587,54,3.486976300016977,94.54352920001838,,0
opening_018_offset_08,opening_018,early,16,r1bq1b1r/pppk1ppp/2npp3/3P1n2/8/2P3PP/PP1BPP1R/RN1QKBN1 w Q - 7 9,white,original,4,27,d5c6,b2b3,-84.0,714.0,798.0,0,0,23,6,0.00015911483205854893,0.0008804898969474296,0.295708044079273,0.22063399538274472,108,6.154077999992296,94.54352920001838,,0
opening_018_offset_08,opening_018,early,16,r1bq1b1r/pppk1ppp/2npp3/3P1n2/8/2P3PP/PP1BPP1R/RN1QKBN1 w Q - 7 9,white,original,8,27,d5c6,b2b3,-84.0,714.0,798.0,0,0,23,6,7.654965156689286e-05,0.0013519636519741419,0.30578900012743,0.22063399538274472,216,12.61498080007732,94.54352920001838,,0
opening_018_offset_08,opening_018,early,16,r1bq1b1r/pppk1ppp/2npp3/3P1n2/8/2P3PP/PP1BPP1R/RN1QKBN1 w Q - 7 9,white,original,16,27,d5c6,b2b3,-84.0,714.0,798.0,0,0,23,9,6.116746226325631e-05,0.0016602236462413419,0.23827714295643895,0.16332646411449933,432,24.942596400040202,94.54352920001838,,0
opening_018_offset_08,opening_018,early,16,r1bq1b1r/pppk1ppp/2npp3/3P1n2/8/2P3PP/PP1BPP1R/RN1QKBN1 w Q - 7 9,white,original,32,27,d5c6,d1c1,-76.0,714.0,790.0,0,0,19,9,0.0008025518618524075,0.003018464333108514,0.21567136272723836,0.16332646411449933,864,47.34984280006029,94.54352920001838,,0
opening_018_offset_08,opening_018,early,16,r1bq1b1r/pppk1ppp/2npp3/3P1n2/8/2P3PP/PP1BPP1R/RN1QKBN1 w Q - 7 9,white,original,64,27,d5c6,d1b3,89.0,714.0,625.0,0,0,9,14,0.0152265764772892,0.014915859755221925,-0.03390867034380093,-0.014326882817061343,1728,94.33742370002437,94.54352920001838,,0
opening_018_offset_12,opening_018,middle,20,r1bq1b1r/pppk1p1p/3pp1p1/3P1n2/3n1B2/2P3PP/PP2PPBR/RN1QK1N1 w Q - 0 11,white,original,1,36,c3d4,h3h4,383.0,823.0,440.0,0,0,16,29,0.0,0.0,,,36,1.562114999978803,104.56494349997956,,0
opening_018_offset_12,opening_018,middle,20,r1bq1b1r/pppk1p1p/3pp1p1/3P1n2/3n1B2/2P3PP/PP2PPBR/RN1QK1N1 w Q - 0 11,white,original,2,36,c3d4,g2e4,79.0,823.0,744.0,0,0,23,6,0.00017941230908036232,0.0003655026348057405,0.09759919089767316,0.07768220940807638,72,3.304271799977869,104.56494349997956,,0
opening_018_offset_12,opening_018,middle,20,r1bq1b1r/pppk1p1p/3pp1p1/3P1n2/3n1B2/2P3PP/PP2PPBR/RN1QK1N1 w Q - 0 11,white,original,4,36,c3d4,g2e4,79.0,823.0,744.0,0,0,23,8,0.00018464773893356323,0.0010104522862987104,0.10103610291853074,0.07466245405202189,144,6.578037200029939,104.56494349997956,,0
opening_018_offset_12,opening_018,middle,20,r1bq1b1r/pppk1p1p/3pp1p1/3P1n2/3n1B2/2P3PP/PP2PPBR/RN1QK1N1 w Q - 0 11,white,original,8,36,c3d4,b2b3,305.0,823.0,518.0,0,0,19,10,7.63842836022377e-05,0.0014473138723234073,0.10644185619570051,0.07783957975636324,288,13.217447099974379,104.56494349997956,,0
opening_018_offset_12,opening_018,middle,20,r1bq1b1r/pppk1p1p/3pp1p1/3P1n2/3n1B2/2P3PP/PP2PPBR/RN1QK1N1 w Q - 0 11,white,original,16,36,c3d4,b2b3,305.0,823.0,518.0,0,0,19,15,6.084702908992767e-05,0.0016898318205626221,0.04401827668552549,0.04924544841729104,576,25.71286680002231,104.56494349997956,,0
opening_018_offset_12,opening_018,middle,20,r1bq1b1r/pppk1p1p/3pp1p1/3P1n2/3n1B2/2P3PP/PP2PPBR/RN1QK1N1 w Q - 0 11,white,original,32,36,c3d4,d1d4,-586.0,823.0,1409.0,0,0,34,15,0.00014345248928293586,0.0031653029575620328,0.020593345817789703,0.03335981989558425,1152,54.076556899934076,104.56494349997956,,0
opening_018_offset_12,opening_018,middle,20,r1bq1b1r/pppk1p1p/3pp1p1/3P1n2/3n1B2/2P3PP/PP2PPBR/RN1QK1N1 w Q - 0 11,white,original,64,36,c3d4,d1b3,-829.0,823.0,1652.0,0,0,35,13,0.014993980526924133,0.012579615467223268,-0.01003925608617248,-0.014297065669536108,2304,104.26455610000994,104.56494349997956,,0
opening_018_offset_16,opening_018,middle,24,r1b1qbr1/pppk1p1p/3pp1p1/3P1nB1/3n4/P1P3PP/1P2PPBR/RN1QK1N1 w Q - 3 13,white,original,1,38,c3d4,h3h4,323.0,804.0,481.0,0,0,19,32,0.0,0.0,,,38,1.80009529995732,117.08422900002915,,0
opening_018_offset_16,opening_018,middle,24,r1b1qbr1/pppk1p1p/3pp1p1/3P1nB1/3n4/P1P3PP/1P2PPBR/RN1QK1N1 w Q - 3 13,white,original,2,38,c3d4,g5e7,-118.0,804.0,922.0,0,0,28,7,0.003617150243371725,0.0007932108879347826,0.22949087149536218,0.18525926461925224,76,3.585722199990414,117.08422900002915,,0
opening_018_offset_16,opening_018,middle,24,r1b1qbr1/pppk1p1p/3pp1p1/3P1nB1/3n4/P1P3PP/1P2PPBR/RN1QK1N1 w Q - 3 13,white,original,4,38,c3d4,g5e7,-118.0,804.0,922.0,0,0,28,9,0.004519408568739891,0.0013800107814456077,0.23667797352007877,0.16073968705547653,152,7.2072938999626786,117.08422900002915,,0
opening_018_offset_16,opening_018,middle,24,r1b1qbr1/pppk1p1p/3pp1p1/3P1nB1/3n4/P1P3PP/1P2PPBR/RN1QK1N1 w Q - 3 13,white,original,8,38,c3d4,g5e7,-118.0,804.0,922.0,0,0,28,11,0.002379125915467739,0.0016102463400362891,0.22573585731480467,0.1721194879089616,304,13.761063699959777,117.08422900002915,,0
opening_018_offset_16,opening_018,middle,24,r1b1qbr1/pppk1p1p/3pp1p1/3P1nB1/3n4/P1P3PP/1P2PPBR/RN1QK1N1 w Q - 3 13,white,original,16,38,c3d4,g5e7,-118.0,804.0,922.0,0,0,28,16,0.001488804817199707,0.0017950917517921346,0.14585840901630376,0.13513513513513514,608,27.724763799924403,117.08422900002915,,0
opening_018_offset_16,opening_018,middle,24,r1b1qbr1/pppk1p1p/3pp1p1/3P1nB1/3n4/P1P3PP/1P2PPBR/RN1QK1N1 w Q - 3 13,white,original,32,38,c3d4,d1d4,-549.0,804.0,1353.0,0,0,36,16,0.00014352996367961168,0.00310941658815088,0.04322135901083269,0.0725462304409673,1216,59.57493869995233,117.08422900002915,,0
opening_018_offset_16,opening_018,middle,24,r1b1qbr1/pppk1p1p/3pp1p1/3P1nB1/3n4/P1P3PP/1P2PPBR/RN1QK1N1 w Q - 3 13,white,original,64,38,c3d4,d1b3,-949.0,804.0,1753.0,0,0,37,17,0.011838525533676147,0.010702319631034083,0.06510559142138089,0.07539118065433856,2432,116.89108600001782,117.08422900002915,,0
opening_018_offset_20,opening_018,late,28,r1b2br1/p1pkqp1p/1p1pp1p1/3P1nB1/P2n4/2P3PP/1P2PPBR/RNQ1K1N1 w Q - 0 15,white,original,1,37,c3d4,h3h4,493.0,720.0,227.0,0,0,4,24,0.0,0.0,,,37,1.2410667999647558,80.71128149994183,,0
opening_018_offset_20,opening_018,late,28,r1b2br1/p1pkqp1p/1p1pp1p1/3P1nB1/P2n4/2P3PP/1P2PPBR/RNQ1K1N1 w Q - 0 15,white,original,2,37,c3d4,g5e7,574.0,720.0,146.0,0,0,3,6,0.004041521344333887,0.0008695035571445455,0.2715510240489099,0.2144626221746013,74,2.9088462999789044,80.71128149994183,,0
opening_018_offset_20,opening_018,late,28,r1b2br1/p1pkqp1p/1p1pp1p1/3P1nB1/P2n4/2P3PP/1P2PPBR/RNQ1K1N1 w Q - 0 15,white,original,4,37,c3d4,g5e7,574.0,720.0,146.0,0,0,3,8,0.005705737508833408,0.001535209123474134,0.19121569590818527,0.14274985246059058,148,5.780261300038546,80.71128149994183,,0
opening_018_offset_20,opening_018,late,28,r1b2br1/p1pkqp1p/1p1pp1p1/3P1nB1/P2n4/2P3PP/1P2PPBR/RNQ1K1N1 w Q - 0 15,white,original,8,37,c3d4,g5e7,574.0,720.0,146.0,0,0,3,9,0.004096578806638718,0.0016949992838183972,0.23887143661189914,0.16979719292680773,296,11.111826700042002,80.71128149994183,,0
opening_018_offset_20,opening_018,late,28,r1b2br1/p1pkqp1p/1p1pp1p1/3P1nB1/P2n4/2P3PP/1P2PPBR/RNQ1K1N1 w Q - 0 15,white,original,16,37,c3d4,g5e7,574.0,720.0,146.0,0,0,3,9,0.003673834726214409,0.0017860581375425191,0.2557050564624647,0.16979719292680773,592,22.233476700028405,80.71128149994183,,0
opening_018_offset_20,opening_018,late,28,r1b2br1/p1pkqp1p/1p1pp1p1/3P1nB1/P2n4/2P3PP/1P2PPBR/RNQ1K1N1 w Q - 0 15,white,original,32,37,c3d4,g5e7,574.0,720.0,146.0,0,0,3,9,0.0036586718633770943,0.0018562270637635515,0.1613419480043646,0.1096919918907696,1184,41.26080920000095,80.71128149994183,,0
opening_018_offset_20,opening_018,late,28,r1b2br1/p1pkqp1p/1p1pp1p1/3P1nB1/P2n4/2P3PP/1P2PPBR/RNQ1K1N1 w Q - 0 15,white,original,64,37,c3d4,b2b3,33.0,720.0,687.0,0,0,26,11,0.02752135507762432,0.006693650054116664,0.3372651301046417,0.2359129140664497,2368,80.51149089995306,80.71128149994183,,0
opening_018_offset_24,opening_018,late,32,r1b2br1/p2kqp1p/1pppp1pn/3P2B1/P2n4/2P1PNPP/1P3PBR/RNQ1K3 w Q - 1 17,white,original,1,34,f3d4,h3h4,250.0,815.0,565.0,0,0,12,14,0.0,0.0,,,34,1.3303419000003487,77.22898739995435,,0
opening_018_offset_24,opening_018,late,32,r1b2br1/p2kqp1p/1pppp1pn/3P2B1/P2n4/2P1PNPP/1P3PBR/RNQ1K3 w Q - 1 17,white,original,2,34,f3d4,g5e7,467.0,815.0,348.0,0,0,7,30,0.0042210600804537535,0.001736835605306976,0.019579359582092098,0.02880382540203695,68,2.624463599990122,77.22898739995435,,0
opening_018_offset_24,opening_018,late,32,r1b2br1/p2kqp1p/1pppp1pn/3P2B1/P2n4/2P1PNPP/1P3PBR/RNQ1K3 w Q - 1 17,white,original,4,34,f3d4,g5e7,467.0,815.0,348.0,0,0,7,30,0.005978426430374384,0.0035349450738450332,-0.053174421424957104,-0.03568244060254588,136,5.048910200013779,77.22898739995435,,0
opening_018_offset_24,opening_018,late,32,r1b2br1/p2kqp1p/1pppp1pn/3P2B1/P2n4/2P1PNPP/1P3PBR/RNQ1K3 w Q - 1 17,white,original,8,34,f3d4,g5e7,467.0,815.0,348.0,0,0,7,30,0.004248681478202343,0.0045246219611966695,-0.029032011697534058,-0.0071364881205091745,272,9.915234900079668,77.22898739995435,,0
opening_018_offset_24,opening_018,late,32,r1b2br1/p2kqp1p/1pppp1pn/3P2B1/P2n4/2P1PNPP/1P3PBR/RNQ1K3 w Q - 1 17,white,original,16,34,f3d4,g5e7,467.0,815.0,348.0,0,0,7,30,0.0037702620029449463,0.004973378647387608,-0.0542440218559189,-0.03211419654229129,544,18.957086500013247,77.22898739995435,,0
opening_018_offset_24,opening_018,late,32,r1b2br1/p2kqp1p/1pppp1pn/3P2B1/P2n4/2P1PNPP/1P3PBR/RNQ1K3 w Q - 1 17,white,original,32,34,f3d4,g5e7,467.0,815.0,348.0,0,0,7,30,0.003756328485906124,0.005083634438999585,-0.16762166753786767,-0.11418380992814679,1088,39.80790460004937,77.22898739995435,,0
opening_018_offset_24,opening_018,late,32,r1b2br1/p2kqp1p/1pppp1pn/3P2B1/P2n4/2P1PNPP/1P3PBR/RNQ1K3 w Q - 1 17,white,original,64,34,f3d4,b2b3,-392.0,815.0,1207.0,0,0,30,30,0.027967365458607674,0.008369951805155628,-0.19161127720372476,-0.13916151834992893,2176,77.03276990004815,77.22898739995435,,0
opening_019_offset_00,opening_019,early,8,rnb1kbnr/1pqppp1p/2p5/p5p1/3P4/1QP4P/PP2PPP1/RNB1KBNR w KQkq - 0 5,white,original,1,33,c1g5,h3h4,90.0,190.0,100.0,0,0,5,14,0.0,0.0,,,33,1.1908903999719769,74.28514090005774,,0
opening_019_offset_00,opening_019,early,8,rnb1kbnr/1pqppp1p/2p5/p5p1/3P4/1QP4P/PP2PPP1/RNB1KBNR w KQkq - 0 5,white,original,2,33,c1g5,g2g3,66.0,190.0,124.0,0,1,11,3,0.0005252684932202101,0.00038649664726071655,-0.06767288581685078,-0.06832393781113345,66,2.3535066000185907,74.28514090005774,,0
opening_019_offset_00,opening_019,early,8,rnb1kbnr/1pqppp1p/2p5/p5p1/3P4/1QP4P/PP2PPP1/RNB1KBNR w KQkq - 0 5,white,original,4,33,c1g5,g2g3,66.0,190.0,124.0,0,0,11,6,0.0011465703137218952,0.0011155117759079456,-0.03877005347593583,-0.034090909090909095,132,4.521502100047655,74.28514090005774,,0
opening_019_offset_00,opening_019,early,8,rnb1kbnr/1pqppp1p/2p5/p5p1/3P4/1QP4P/PP2PPP1/RNB1KBNR w KQkq - 0 5,white,original,8,33,c1g5,g2g3,66.0,190.0,124.0,0,0,11,8,0.0013092472217977047,0.0014760570181532756,-0.06918449197860962,-0.06439393939393939,264,9.339487900026143,74.28514090005774,,0
opening_019_offset_00,opening_019,early,8,rnb1kbnr/1pqppp1p/2p5/p5p1/3P4/1QP4P/PP2PPP1/RNB1KBNR w KQkq - 0 5,white,original,16,33,c1g5,g2g3,66.0,190.0,124.0,0,0,11,8,0.0013455627486109734,0.0016075645057650838,-0.0554812834224599,-0.045454545454545456,528,18.297649699961767,74.28514090005774,,0
opening_019_offset_00,opening_019,early,8,rnb1kbnr/1pqppp1p/2p5/p5p1/3P4/1QP4P/PP2PPP1/RNB1KBNR w KQkq - 0 5,white,original,32,33,c1g5,g2g3,66.0,190.0,124.0,0,0,11,8,0.0013109343126416206,0.0017089702025357392,-0.028743315508021394,-0.022727272727272728,1056,36.17429190000985,74.28514090005774,,0
opening_019_offset_00,opening_019,early,8,rnb1kbnr/1pqppp1p/2p5/p5p1/3P4/1QP4P/PP2PPP1/RNB1KBNR w KQkq - 0 5,white,original,64,33,c1g5,h3h4,90.0,190.0,100.0,0,1,5,3,0.0026784325018525124,0.012362995706886173,0.28643048128342247,0.17803030303030304,2112,74.10455920000095,74.28514090005774,,0
opening_019_offset_04,opening_019,early,12,rnb1kbnr/2qpp2p/2p2p2/pp4p1/3P4/PQP4P/1P1KPPP1/RNB2BNR w kq - 0 7,white,original,1,29,d2e1,h3h4,-70.0,24.0,94.0,0,0,8,12,0.0,0.0,,,29,1.0373040999984369,69.85600569995586,,0
opening_019_offset_04,opening_019,early,12,rnb1kbnr/2qpp2p/2p2p2/pp4p1/3P4/PQP4P/1P1KPPP1/RNB2BNR w kq - 0 7,white,original,2,29,d2e1,g2g3,-85.0,24.0,109.0,0,0,10,7,0.0005252682603895664,0.0003757748205109938,0.10834428362181618,0.07012868733182766,58,2.2196304999524727,69.85600569995586,,0
opening_019_offset_04,opening_019,early,12,rnb1kbnr/2qpp2p/2p2p2/pp4p1/3P4/PQP4P/1P1KPPP1/RNB2BNR w kq - 0 7,white,original,4,29,d2e1,g2g3,-85.0,24.0,109.0,0,0,10,11,0.0011430461890995502,0.0011309518584749062,0.05838157452831226,0.06165232800256601,116,4.3633196000009775,69.85600569995586,,0
opening_019_offset_04,opening_019,early,12,rnb1kbnr/2qpp2p/2p2p2/pp4p1/3P4/PQP4P/1P1KPPP1/RNB2BNR w kq - 0 7,white,original,8,29,d2e1,g2g3,-85.0,24.0,109.0,0,0,10,13,0.0007661562412977219,0.0015487612606165622,-0.004187707877558264,0.0073982793603079204,232,8.622758299927227,69.85600569995586,,0
opening_019_offset_04,opening_019,early,12,rnb1kbnr/2qpp2p/2p2p2/pp4p1/3P4/PQP4P/1P1KPPP1/RNB2BNR w kq - 0 7,white,original,16,29,d2e1,g2g3,-85.0,24.0,109.0,0,0,10,15,0.00029194075614213943,0.0017059553371230427,-0.015765488480219345,0.00246609312010264,464,17.332599799963646,69.85600569995586,,0
opening_019_offset_04,opening_019,early,12,rnb1kbnr/2qpp2p/2p2p2/pp4p1/3P4/PQP4P/1P1KPPP1/RNB2BNR w kq - 0 7,white,original,32,29,d2e1,g2g3,-85.0,24.0,109.0,0,0,10,13,0.0002030879259109497,0.0018311886814887462,0.029313955142907848,0.0123304656005132,928,35.12022729997989,69.85600569995586,,0
opening_019_offset_04,opening_019,early,12,rnb1kbnr/2qpp2p/2p2p2/pp4p1/3P4/PQP4P/1P1KPPP1/RNB2BNR w kq - 0 7,white,original,64,29,d2e1,d2d1,-34.0,24.0,58.0,0,1,2,3,5.597993731498718e-05,0.01548919445271017,0.4044833138206276,0.2836007088118036,1856,69.68907979992218,69.85600569995586,,0
opening_019_offset_08,opening_019,early,16,rnb1kbnr/3pp2p/q1p2p2/pp1Q2p1/3P4/P1PK3P/1P2PPP1/RNB2BNR w kq - 4 9,white,original,1,39,d5f3,h3h4,-896.0,-92.0,804.0,0,0,14,14,0.0,0.0,,,39,1.9787856000475585,129.86357299995143,,0
opening_019_offset_08,opening_019,early,16,rnb1kbnr/3pp2p/q1p2p2/pp1Q2p1/3P4/P1PK3P/1P2PPP1/RNB2BNR w kq - 4 9,white,original,2,39,d5f3,g2g3,-1012.0,-92.0,920.0,0,0,25,36,0.0005252684932202101,0.00033737570964415713,-0.5866376043139346,-0.42273393434582135,78,4.092368100071326,129.86357299995143,,0
opening_019_offset_08,opening_019,early,16,rnb1kbnr/3pp2p/q1p2p2/pp1Q2p1/3P4/P1PK3P/1P2PPP1/RNB2BNR w kq - 4 9,white,original,4,39,d5f3,g2g3,-1012.0,-92.0,920.0,0,0,25,34,0.0011430447921156883,0.0009536270038193428,-0.584573340377231,-0.4013517178158337,156,8.055679699988104,129.86357299995143,,0
opening_019_offset_08,opening_019,early,16,rnb1kbnr/3pp2p/q1p2p2/pp1Q2p1/3P4/P1PK3P/1P2PPP1/RNB2BNR w kq - 4 9,white,original,8,39,d5f3,g2g3,-1012.0,-92.0,920.0,0,0,25,35,0.0004811258986592293,0.001419851692291668,-0.5951007217450635,-0.4229733591796496,312,15.572725199977867,129.86357299995143,,0
opening_019_offset_08,opening_019,early,16,rnb1kbnr/3pp2p/q1p2p2/pp1Q2p1/3P4/P1PK3P/1P2PPP1/RNB2BNR w kq - 4 9,white,original,16,39,d5f3,b2b3,-1072.0,-92.0,980.0,0,0,35,37,6.09569251537323e-05,0.0016422405376878507,-0.6060330023962741,-0.43648688503203464,624,31.612186299986206,129.86357299995143,,0
opening_019_offset_08,opening_019,early,16,rnb1kbnr/3pp2p/q1p2p2/pp1Q2p1/3P4/P1PK3P/1P2PPP1/RNB2BNR w kq - 4 9,white,original,32,39,d5f3,b2b3,-1072.0,-92.0,980.0,0,0,35,37,0.0001442190259695053,0.0017831492687222167,-0.6029962577709377,-0.42837876952060366,1248,68.82122240005992,129.86357299995143,,0
opening_019_offset_08,opening_019,early,16,rnb1kbnr/3pp2p/q1p2p2/pp1Q2p1/3P4/P1PK3P/1P2PPP1/RNB2BNR w kq - 4 9,white,original,64,39,d5f3,d5b5,-1112.0,-92.0,1020.0,0,0,39,32,0.0018755532801151276,0.009156155104871267,-0.3227047288524005,-0.252702933439599,2496,129.6392882000655,129.86357299995143,,0
opening_019_offset_12,opening_019,middle,20,rnb1kbn1/3pp3/q1p2p1r/pp1Q2pp/3P4/P1PKB2P/1P1NPPP1/R4BNR w q - 2 11,white,original,1,41,d5g8,h3h4,-1164.0,129.0,1293.0,0,0,31,10,0.0,0.0,,,41,2.0508998000295833,119.08344409998972,,0
opening_019_offset_12,opening_019,middle,20,rnb1kbn1/3pp3/q1p2p1r/pp1Q2pp/3P4/P1PKB2P/1P1NPPP1/R4BNR w q - 2 11,white,original,2,41,d5g8,g2g3,-1150.0,129.0,1279.0,0,0,24,19,0.000525269191712141,0.0003352273132992296,-0.30986975334892497,-0.2000054871942614,82,3.806440099957399,119.08344409998972,,0
opening_019_offset_12,opening_019,middle,20,rnb1kbn1/3pp3/q1p2p1r/pp1Q2pp/3P4/P1PKB2P/1P1NPPP1/R4BNR w q - 2 11,white,original,4,41,d5g8,g2g3,-1150.0,129.0,1279.0,0,0,24,17,0.0011430825106799603,0.0009460909479706474,-0.2581460223890061,-0.1711496558183882,164,7.413373199990019,119.08344409998972,,0
opening_019_offset_12,opening_019,middle,20,rnb1kbn1/3pp3/q1p2p1r/pp1Q2pp/3P4/P1PKB2P/1P1NPPP1/R4BNR w q - 2 11,white,original,8,41,d5g8,g2g3,-1150.0,129.0,1279.0,0,0,24,20,0.000481228344142437,0.0014035755289766882,-0.26171807332317726,-0.1711496558183882,328,14.824935900047421,119.08344409998972,,0
opening_019_offset_12,opening_019,middle,20,rnb1kbn1/3pp3/q1p2p1r/pp1Q2pp/3P4/P1PKB2P/1P1NPPP1/R4BNR w q - 2 11,white,original,16,41,d5g8,b2b3,-1138.0,129.0,1267.0,0,0,22,23,6.073480471968651e-05,0.0016233987915895993,-0.2357553616552988,-0.14425470990407008,656,28.924110500025563,119.08344409998972,,0
opening_019_offset_12,opening_019,middle,20,rnb1kbn1/3pp3/q1p2p1r/pp1Q2pp/3P4/P1PKB2P/1P1NPPP1/R4BNR w q - 2 11,white,original,32,41,d5g8,b2b3,-1138.0,129.0,1267.0,0,0,22,23,0.00014379550702869892,0.0017949091716744545,-0.17180693761428278,-0.10268979349103292,1312,58.17539879994001,119.08344409998972,,0
opening_019_offset_12,opening_019,middle,20,rnb1kbn1/3pp3/q1p2p1r/pp1Q2pp/3P4/P1PKB2P/1P1NPPP1/R4BNR w q - 2 11,white,original,64,41,d5g8,b2b3,-1138.0,129.0,1267.0,0,0,22,35,0.002147253602743149,0.012275538022245461,-0.08416100493681399,-0.05867988199487596,2624,118.81934549997095,119.08344409998972,,0
opening_019_offset_16,opening_019,middle,24,rnb1kbn1/3pp3/1qp2p1r/pp1Q2pp/3P1B2/P1PK3P/1P1NPPP1/1R3BNR w q - 6 13,white,original,1,47,d5g8,h3h4,-1175.0,-225.0,950.0,0,0,41,17,0.0,0.0,,,47,2.146909200004302,138.37119189999066,,0
opening_019_offset_16,opening_019,middle,24,rnb1kbn1/3pp3/1qp2p1r/pp1Q2pp/3P1B2/P1PK3P/1P1NPPP1/1R3BNR w q - 6 13,white,original,2,47,d5g8,g2g3,-1146.0,-225.0,921.0,0,0,32,19,0.0005252677947282791,0.0004277605036709501,-0.27644935283099664,-0.19043989929604743,94,4.3686512999702245,138.37119189999066,,0
opening_019_offset_16,opening_019,middle,24,rnb1kbn1/3pp3/1qp2p1r/pp1Q2pp/3P1B2/P1PK3P/1P1NPPP1/1R3BNR w q - 6 13,white,original,4,47,d5g8,g2g3,-1146.0,-225.0,921.0,0,0,32,19,0.0011430778540670872,0.0009720325118703131,-0.15589672583173567,-0.0964304862418586,188,8.597252400009893,138.37119189999066,,0
opening_019_offset_16,opening_019,middle,24,rnb1kbn1/3pp3/1qp2p1r/pp1Q2pp/3P1B2/P1PK3P/1P1NPPP1/1R3BNR w q - 6 13,white,original,8,47,d5g8,g2g3,-1146.0,-225.0,921.0,0,0,32,19,0.0004751705564558506,0.001383722911267804,-0.13583138315235424,-0.08344945924776226,376,17.18677310005296,138.37119189999066,,0
opening_019_offset_16,opening_019,middle,24,rnb1kbn1/3pp3/1qp2p1r/pp1Q2pp/3P1B2/P1PK3P/1P1NPPP1/1R3BNR w q - 6 13,white,original,16,47,d5g8,b2b3,-1193.0,-225.0,968.0,0,0,43,21,7.331743836402893e-05,0.001580640094313381,-0.12230028751265612,-0.08159502682003421,752,35.748946200008504,138.37119189999066,,0
opening_019_offset_16,opening_019,middle,24,rnb1kbn1/3pp3/1qp2p1r/pp1Q2pp/3P1B2/P1PK3P/1P1NPPP1/1R3BNR w q - 6 13,white,original,32,47,d5g8,b2b3,-1193.0,-225.0,968.0,0,0,43,22,0.00014850939624011517,0.0017095954488605082,-0.10246624561344049,-0.06119627011502565,1504,71.9485748000443,138.37119189999066,,0
opening_019_offset_16,opening_019,middle,24,rnb1kbn1/3pp3/1qp2p1r/pp1Q2pp/3P1B2/P1PK3P/1P1NPPP1/1R3BNR w q - 6 13,white,original,64,47,d5g8,d5b5,-1074.0,-225.0,849.0,0,0,16,28,0.0006406400352716446,0.004079248755396363,-0.05533871165466285,-0.038943080982289054,3008,138.10353940003552,138.37119189999066,,0
opening_019_offset_20,opening_019,late,28,rnb1kbn1/3pp3/2p2p1r/ppqQ2p1/3P1B1p/P1P1K1PP/1P1NPP2/1R3BNR w q - 0 15,white,original,1,43,d5c5,h1h2,-1169.0,331.0,1500.0,0,0,36,27,0.0,0.0,,,43,2.142857400001958,122.27785539999604,,0
opening_019_offset_20,opening_019,late,28,rnb1kbn1/3pp3/2p2p1r/ppqQ2p1/3P1B1p/P1P1K1PP/1P1NPP2/1R3BNR w q - 0 15,white,original,2,43,d5c5,f4g5,-1160.0,331.0,1491.0,0,0,34,16,6.639864295721054e-05,0.0003744568860238926,-0.43355668503452127,-0.3015816359750134,86,4.68102210003417,122.27785539999604,,0
opening_019_offset_20,opening_019,late,28,rnb1kbn1/3pp3/2p2p1r/ppqQ2p1/3P1B1p/P1P1K1PP/1P1NPP2/1R3BNR w q - 0 15,white,original,4,43,d5c5,b2b3,-99997.0,331.0,100328.0,0,0,42,10,0.00016095442697405815,0.0008246444277318686,-0.33619029855092514,-0.23960099723029984,172,9.207515200017951,122.27785539999604,,0
opening_019_offset_20,opening_019,late,28,rnb1kbn1/3pp3/2p2p1r/ppqQ2p1/3P1B1p/P1P1K1PP/1P1NPP2/1R3BNR w q - 0 15,white,original,8,43,d5c5,b2b3,-99997.0,331.0,100328.0,0,0,42,13,8.325278759002686e-05,0.0011757192885074805,-0.3407966795508367,-0.24181952498243223,344,18.018159999977797,122.27785539999604,,0
opening_019_offset_20,opening_019,late,28,rnb1kbn1/3pp3/2p2p1r/ppqQ2p1/3P1B1p/P1P1K1PP/1P1NPP2/1R3BNR w q - 0 15,white,original,16,43,d5c5,b2b3,-99997.0,331.0,100328.0,0,0,42,13,7.448345422744751e-05,0.001368657220195815,-0.309382671420292,-0.21741571970897577,688,33.326595599995926,122.27785539999604,,0
opening_019_offset_20,opening_019,late,28,rnb1kbn1/3pp3/2p2p1r/ppqQ2p1/3P1B1p/P1P1K1PP/1P1NPP2/1R3BNR w q - 0 15,white,original,32,43,d5c5,b2b3,-99997.0,331.0,100328.0,0,0,42,14,0.0001497664488852024,0.0015268210858676002,-0.2738908833881863,-0.1952304421876517,1376,61.37616440001875,122.27785539999604,,0
opening_019_offset_20,opening_019,late,28,rnb1kbn1/3pp3/2p2p1r/ppqQ2p1/3P1B1p/P1P1K1PP/1P1NPP2/1R3BNR w q - 0 15,white,original,64,43,d5c5,b2b3,-99997.0,331.0,100328.0,0,0,42,16,0.0003528594970703125,0.004264479120440934,-0.3093071569776705,-0.21519719195684336,2752,122.0168083999306,122.27785539999604,,0
opening_019_offset_24,opening_019,late,32,rnb1k1n1/3pp1b1/2p2p2/ppqQ2pr/3PNB1p/P1P1K1PP/1P2PP2/R4BNR w q - 4 17,white,original,1,42,e4d6,h1h2,-1016.0,696.0,1712.0,0,0,31,14,0.0,0.0,,,42,1.8348122000461444,116.43554530001711,,0
opening_019_offset_24,opening_019,late,32,rnb1k1n1/3pp1b1/2p2p2/ppqQ2pr/3PNB1p/P1P1K1PP/1P2PP2/R4BNR w q - 4 17,white,original,2,42,e4d6,e4g5,-966.0,696.0,1662.0,0,0,23,31,6.059184670448303e-06,0.00038471879522057443,-0.1745427153342632,-0.11398638193039437,84,3.697759800008498,116.43554530001711,,0
opening_019_offset_24,opening_019,late,32,rnb1k1n1/3pp1b1/2p2p2/ppqQ2pr/3PNB1p/P1P1K1PP/1P2PP2/R4BNR w q - 4 17,white,original,4,42,e4d6,b2b3,-1008.0,696.0,1704.0,0,0,29,32,0.00015922822058200836,0.0008449184705179315,-0.1504173777762222,-0.0896393582148875,168,7.029739100020379,116.43554530001711,,0
opening_019_offset_24,opening_019,late,32,rnb1k1n1/3pp1b1/2p2p2/ppqQ2pr/3PNB1p/P1P1K1PP/1P2PP2/R4BNR w q - 4 17,white,original,8,42,e4d6,b2b3,-1008.0,696.0,1704.0,0,0,29,32,7.727881893515587e-05,0.0011802806217555543,-0.19952994832169127,-0.12223548847484657,336,15.341171900043264,116.43554530001711,,0
opening_019_offset_24,opening_019,late,32,rnb1k1n1/3pp1b1/2p2p2/ppqQ2pr/3PNB1p/P1P1K1PP/1P2PP2/R4BNR w q - 4 17,white,original,16,42,e4d6,b2b3,-1008.0,696.0,1704.0,0,0,29,30,6.200140342116356e-05,0.0013676502238833786,-0.20495988598925965,-0.1292203735305521,672,30.670862200087868,116.43554530001711,,0
opening_019_offset_24,opening_019,late,32,rnb1k1n1/3pp1b1/2p2p2/ppqQ2pr/3PNB1p/P1P1K1PP/1P2PP2/R4BNR w q - 4 17,white,original,32,42,e4d6,b2b3,-1008.0,696.0,1704.0,0,0,29,30,0.0001452346332371235,0.0015344169862843498,-0.21338844595085826,-0.14551843866053163,1344,59.498672000016086,116.43554530001711,,0
opening_019_offset_24,opening_019,late,32,rnb1k1n1/3pp1b1/2p2p2/ppqQ2pr/3PNB1p/P1P1K1PP/1P2PP2/R4BNR w q - 4 17,white,original,64,42,e4d6,b2b3,-1008.0,696.0,1704.0,0,0,29,34,0.002961093559861183,0.008791605467170558,-0.1715698215260034,-0.12456378349341508,2688,116.22094600007404,116.43554530001711,,0
