position_id,source_game_id,phase,ply,fen,side_to_move,variant,depth,legal_move_count,teacher_best_move,predicted_move,selected_teacher_cp,teacher_best_cp,regret_cp,teacher_best_agreement,top3_teacher_agreement,selected_teacher_rank,fly_rank_of_teacher_best,score_margin,score_dispersion,spearman_rank_correlation,kendall_rank_correlation,recurrent_passes,latency_s,trajectory_latency_s,stockfish_eval_loss_cp,post_eval_included
opening_000_offset_00,opening_000,early,8,rn1qkb1r/2pppppp/bp3n2/p7/4B3/3PP3/PPP2PPP/RNBQK1NR w KQkq - 1 5,white,recurrent_edges_attenuated_0.05,1,36,e4a8,h2h4,-200.0,739.0,939.0,0,0,14,17,0.0,0.0,,,36,3.904038400040008,198.59936120000202,645.0,1
opening_000_offset_00,opening_000,early,8,rn1qkb1r/2pppppp/bp3n2/p7/4B3/3PP3/PPP2PPP/RNBQK1NR w KQkq - 1 5,white,recurrent_edges_attenuated_0.05,2,36,e4a8,g2g3,-261.0,739.0,1000.0,0,0,21,4,2.626341301947832e-05,1.9354131319171216e-05,-0.20759896824934757,-0.13393685081221612,72,7.609878899995238,198.59936120000202,707.0,1
opening_000_offset_00,opening_000,early,8,rn1qkb1r/2pppppp/bp3n2/p7/4B3/3PP3/PPP2PPP/RNBQK1NR w KQkq - 1 5,white,recurrent_edges_attenuated_0.05,4,36,e4a8,g2g3,-261.0,739.0,1000.0,0,0,21,4,3.6953832022845745e-05,2.7503745040803812e-05,-0.2595095626673147,-0.15433615952018379,144,12.57125260005705,198.59936120000202,737.0,1
opening_000_offset_00,opening_000,early,8,rn1qkb1r/2pppppp/bp3n2/p7/4B3/3PP3/PPP2PPP/RNBQK1NR w KQkq - 1 5,white,recurrent_edges_attenuated_0.05,8,36,e4a8,g2g3,-261.0,739.0,1000.0,0,0,21,4,3.751832991838455e-05,2.796624812492498e-05,-0.2595095626673147,-0.15433615952018379,288,23.390621500089765,198.59936120000202,732.0,1
opening_000_offset_00,opening_000,early,8,rn1qkb1r/2pppppp/bp3n2/p7/4B3/3PP3/PPP2PPP/RNBQK1NR w KQkq - 1 5,white,recurrent_edges_attenuated_0.05,16,36,e4a8,g2g3,-261.0,739.0,1000.0,0,0,21,4,3.7518737372010946e-05,2.7966960340799924e-05,-0.2595095626673147,-0.15433615952018379,576,45.65422460006084,198.59936120000202,732.0,1
opening_000_offset_00,opening_000,early,8,rn1qkb1r/2pppppp/bp3n2/p7/4B3/3PP3/PPP2PPP/RNBQK1NR w KQkq - 1 5,white,recurrent_edges_attenuated_0.05,32,36,e4a8,g2g3,-261.0,739.0,1000.0,0,0,21,4,3.7518737372010946e-05,2.7966960340799924e-05,-0.2595095626673147,-0.15433615952018379,1152,99.71281020005699,198.59936120000202,746.0,1
opening_000_offset_00,opening_000,early,8,rn1qkb1r/2pppppp/bp3n2/p7/4B3/3PP3/PPP2PPP/RNBQK1NR w KQkq - 1 5,white,recurrent_edges_attenuated_0.05,64,36,e4a8,g2g3,-261.0,739.0,1000.0,0,0,21,4,3.7518737372010946e-05,2.7966960340799924e-05,-0.2595095626673147,-0.15433615952018379,2304,198.07469000003766,198.59936120000202,761.0,1
opening_000_offset_04,opening_000,early,12,rn1qkbnr/1bpppppp/1p6/p7/P3B3/3PP3/1PP2PPP/RNBQ1KNR w kq - 1 7,white,recurrent_edges_attenuated_0.05,1,35,e4b7,h2h4,-62.0,374.0,436.0,0,0,10,18,0.0,0.0,,,35,3.4111788999289274,181.14305979991332,868.0,1
opening_000_offset_04,opening_000,early,12,rn1qkbnr/1bpppppp/1p6/p7/P3B3/3PP3/1PP2PPP/RNBQ1KNR w kq - 1 7,white,recurrent_edges_attenuated_0.05,2,35,e4b7,g2g3,-33.0,374.0,407.0,0,0,7,4,2.6263383915647864e-05,1.8611708741497743e-05,0.08421941250423098,0.04225247341922307,70,6.382980700000189,181.14305979991332,825.0,1
opening_000_offset_04,opening_000,early,12,rn1qkbnr/1bpppppp/1p6/p7/P3B3/3PP3/1PP2PPP/RNBQ1KNR w kq - 1 7,white,recurrent_edges_attenuated_0.05,4,35,e4b7,g2g3,-33.0,374.0,407.0,0,0,7,4,3.695220220834017e-05,2.6463870803100706e-05,0.0687819585122604,0.030328656257995107,140,11.163958799908869,181.14305979991332,827.0,1
opening_000_offset_04,opening_000,early,12,rn1qkbnr/1bpppppp/1p6/p7/P3B3/3PP3/1PP2PPP/RNBQ1KNR w kq - 1 7,white,recurrent_edges_attenuated_0.05,8,35,e4b7,g2g3,-33.0,374.0,407.0,0,0,7,4,3.7515972508117557e-05,2.6911216313828175e-05,0.0687819585122604,0.030328656257995107,280,21.35516249993816,181.14305979991332,834.0,1
opening_000_offset_04,opening_000,early,12,rn1qkbnr/1bpppppp/1p6/p7/P3B3/3PP3/1PP2PPP/RNBQ1KNR w kq - 1 7,white,recurrent_edges_attenuated_0.05,16,35,e4b7,g2g3,-33.0,374.0,407.0,0,0,7,4,3.751684562303126e-05,2.691191887327729e-05,0.0687819585122604,0.030328656257995107,560,44.210337099968456,181.14305979991332,838.0,1
opening_000_offset_04,opening_000,early,12,rn1qkbnr/1bpppppp/1p6/p7/P3B3/3PP3/1PP2PPP/RNBQ1KNR w kq - 1 7,white,recurrent_edges_attenuated_0.05,32,35,e4b7,g2g3,-33.0,374.0,407.0,0,0,7,4,3.751684562303126e-05,2.691191887327729e-05,0.0687819585122604,0.030328656257995107,1120,93.92864639998879,181.14305979991332,842.0,1
opening_000_offset_04,opening_000,early,12,rn1qkbnr/1bpppppp/1p6/p7/P3B3/3PP3/1PP2PPP/RNBQ1KNR w kq - 1 7,white,recurrent_edges_attenuated_0.05,64,35,e4b7,g2g3,-33.0,374.0,407.0,0,0,7,4,3.751684562303126e-05,2.691191887327729e-05,0.0687819585122604,0.030328656257995107,2240,180.3168982999632,181.14305979991332,849.0,1
opening_000_offset_08,opening_000,early,16,rn1qkbnr/1bp2ppp/1p1p4/p3p3/P7/3PPB2/1PP1QPPP/RNB2KNR w kq - 0 9,white,recurrent_edges_attenuated_0.05,1,27,f3b7,h2h4,6.0,494.0,488.0,0,0,5,11,0.0,0.0,,,27,1.9671329000266269,176.36609399993904,842.0,1
opening_000_offset_08,opening_000,early,16,rn1qkbnr/1bp2ppp/1p1p4/p3p3/P7/3PPB2/1PP1QPPP/RNB2KNR w kq - 0 9,white,recurrent_edges_attenuated_0.05,2,27,f3b7,g2g3,-55.0,494.0,549.0,0,0,9,22,2.6263423933414742e-05,8.712322222106781e-05,0.3974917319385229,0.25472493522764533,54,4.240227499976754,176.36609399993904,889.0,1
opening_000_offset_08,opening_000,early,16,rn1qkbnr/1bp2ppp/1p1p4/p3p3/P7/3PPB2/1PP1QPPP/RNB2KNR w kq - 0 9,white,recurrent_edges_attenuated_0.05,4,27,f3b7,g2g3,-55.0,494.0,549.0,0,0,9,22,3.6952093068975955e-05,0.00012190787245821555,0.3785681619438134,0.26248243540669325,108,9.240775699960068,176.36609399993904,874.0,1
opening_000_offset_08,opening_000,early,16,rn1qkbnr/1bp2ppp/1p1p4/p3p3/P7/3PPB2/1PP1QPPP/RNB2KNR w kq - 0 9,white,recurrent_edges_attenuated_0.05,8,27,f3b7,g2g3,-55.0,494.0,549.0,0,0,9,22,3.751613985514268e-05,0.00012373467770054834,0.3785681619438134,0.26248243540669325,216,18.349808600032702,176.36609399993904,877.0,1
opening_000_offset_08,opening_000,early,16,rn1qkbnr/1bp2ppp/1p1p4/p3p3/P7/3PPB2/1PP1QPPP/RNB2KNR w kq - 0 9,white,recurrent_edges_attenuated_0.05,16,27,f3b7,g2g3,-55.0,494.0,549.0,0,0,9,22,3.751688200281933e-05,0.00012373717188837749,0.3785681619438134,0.26248243540669325,432,38.53672660002485,176.36609399993904,877.0,1
opening_000_offset_08,opening_000,early,16,rn1qkbnr/1bp2ppp/1p1p4/p3p3/P7/3PPB2/1PP1QPPP/RNB2KNR w kq - 0 9,white,recurrent_edges_attenuated_0.05,32,27,f3b7,g2g3,-55.0,494.0,549.0,0,0,9,22,3.751688200281933e-05,0.00012373717188837749,0.3785681619438134,0.26248243540669325,864,86.55050140002277,176.36609399993904,874.0,1
opening_000_offset_08,opening_000,early,16,rn1qkbnr/1bp2ppp/1p1p4/p3p3/P7/3PPB2/1PP1QPPP/RNB2KNR w kq - 0 9,white,recurrent_edges_attenuated_0.05,64,27,f3b7,g2g3,-55.0,494.0,549.0,0,0,9,22,3.751688200281933e-05,0.00012373717188837749,0.3785681619438134,0.26248243540669325,1728,175.99426780000795,176.36609399993904,874.0,1
opening_000_offset_12,opening_000,middle,20,r2qkbnr/1b3ppp/nppp4/p3p3/P7/3PPB2/1PP1NPPP/RNBQ1K1R w kq - 0 11,white,recurrent_edges_attenuated_0.05,1,31,f1e1,h2h4,-44.0,-23.0,21.0,0,0,4,12,0.0,0.0,,,31,2.3563935999991372,177.25628440000582,39.0,1
opening_000_offset_12,opening_000,middle,20,r2qkbnr/1b3ppp/nppp4/p3p3/P7/3PPB2/1PP1NPPP/RNBQ1K1R w kq - 0 11,white,recurrent_edges_attenuated_0.05,2,31,f1e1,g2g3,-62.0,-23.0,39.0,0,0,9,13,2.6263442123308778e-05,7.76688169768812e-05,0.36885851782560164,0.27225604220988203,62,4.853119599982165,177.25628440000582,59.0,1
opening_000_offset_12,opening_000,middle,20,r2qkbnr/1b3ppp/nppp4/p3p3/P7/3PPB2/1PP1NPPP/RNBQ1K1R w kq - 0 11,white,recurrent_edges_attenuated_0.05,4,31,f1e1,g2g3,-62.0,-23.0,39.0,0,0,9,18,3.6952304071746767e-05,0.0001086781100372999,0.3371987650508648,0.2459559805439016,124,9.172397200018167,177.25628440000582,57.0,1
opening_000_offset_12,opening_000,middle,20,r2qkbnr/1b3ppp/nppp4/p3p3/P7/3PPB2/1PP1NPPP/RNBQ1K1R w kq - 0 11,white,recurrent_edges_attenuated_0.05,8,31,f1e1,g2g3,-62.0,-23.0,39.0,0,0,9,18,3.7516074371524155e-05,0.00011030601156026464,0.3371987650508648,0.2459559805439016,248,20.409799200017005,177.25628440000582,57.0,1
opening_000_offset_12,opening_000,middle,20,r2qkbnr/1b3ppp/nppp4/p3p3/P7/3PPB2/1PP1NPPP/RNBQ1K1R w kq - 0 11,white,recurrent_edges_attenuated_0.05,16,31,f1e1,g2g3,-62.0,-23.0,39.0,0,0,9,18,3.751672920770943e-05,0.00011030824781783921,0.3371987650508648,0.2459559805439016,496,41.13342600001488,177.25628440000582,57.0,1
opening_000_offset_12,opening_000,middle,20,r2qkbnr/1b3ppp/nppp4/p3p3/P7/3PPB2/1PP1NPPP/RNBQ1K1R w kq - 0 11,white,recurrent_edges_attenuated_0.05,32,31,f1e1,g2g3,-62.0,-23.0,39.0,0,0,9,18,3.751672920770943e-05,0.00011030824781783921,0.3371987650508648,0.2459559805439016,992,87.31486969999969,177.25628440000582,53.0,1
opening_000_offset_12,opening_000,middle,20,r2qkbnr/1b3ppp/nppp4/p3p3/P7/3PPB2/1PP1NPPP/RNBQ1K1R w kq - 0 11,white,recurrent_edges_attenuated_0.05,64,31,f1e1,g2g3,-62.0,-23.0,39.0,0,0,9,18,3.751672920770943e-05,0.00011030824781783921,0.3371987650508648,0.2459559805439016,1984,176.72025300003588,177.25628440000582,59.0,1
opening_000_offset_16,opening_000,middle,24,r2qkb1r/1b3ppp/n1pp1n2/pp2p3/P7/2PPPB2/RP2NPPP/1NBQ1K1R w kq - 0 13,white,recurrent_edges_attenuated_0.05,1,31,a4b5,h2h4,-86.0,92.0,178.0,0,0,3,29,0.0,0.0,,,31,3.2264762999257073,173.45799949998036,239.0,1
opening_000_offset_16,opening_000,middle,24,r2qkb1r/1b3ppp/n1pp1n2/pp2p3/P7/2PPPB2/RP2NPPP/1NBQ1K1R w kq - 0 13,white,recurrent_edges_attenuated_0.05,2,31,a4b5,g2g3,-112.0,92.0,204.0,0,0,10,4,2.6263434847351164e-05,7.780937955769228e-05,0.49701981562334524,0.36286775274544614,62,6.491980799939483,173.45799949998036,285.0,1
opening_000_offset_16,opening_000,middle,24,r2qkb1r/1b3ppp/n1pp1n2/pp2p3/P7/2PPPB2/RP2NPPP/1NBQ1K1R w kq - 0 13,white,recurrent_edges_attenuated_0.05,4,31,a4b5,g2g3,-112.0,92.0,204.0,0,0,10,4,3.6952216760255396e-05,0.00010890337307466056,0.46339988842974766,0.3340524999370352,124,11.960742499912158,173.45799949998036,280.0,1
opening_000_offset_16,opening_000,middle,24,r2qkb1r/1b3ppp/n1pp1n2/pp2p3/P7/2PPPB2/RP2NPPP/1NBQ1K1R w kq - 0 13,white,recurrent_edges_attenuated_0.05,8,31,a4b5,g2g3,-112.0,92.0,204.0,0,0,10,4,3.75160452676937e-05,0.00011053882316095096,0.46339988842974766,0.3340524999370352,248,22.10978449997492,173.45799949998036,280.0,1
opening_000_offset_16,opening_000,middle,24,r2qkb1r/1b3ppp/n1pp1n2/pp2p3/P7/2PPPB2/RP2NPPP/1NBQ1K1R w kq - 0 13,white,recurrent_edges_attenuated_0.05,16,31,a4b5,g2g3,-112.0,92.0,204.0,0,0,10,4,3.751672920770943e-05,0.00011054112819070527,0.46339988842974766,0.3340524999370352,496,43.720836099935696,173.45799949998036,274.0,1
opening_000_offset_16,opening_000,middle,24,r2qkb1r/1b3ppp/n1pp1n2/pp2p3/P7/2PPPB2/RP2NPPP/1NBQ1K1R w kq - 0 13,white,recurrent_edges_attenuated_0.05,32,31,a4b5,g2g3,-112.0,92.0,204.0,0,0,10,4,3.751672920770943e-05,0.00011054112819070527,0.46339988842974766,0.3340524999370352,992,85.50838769995607,173.45799949998036,304.0,1
opening_000_offset_16,opening_000,middle,24,r2qkb1r/1b3ppp/n1pp1n2/pp2p3/P7/2PPPB2/RP2NPPP/1NBQ1K1R w kq - 0 13,white,recurrent_edges_attenuated_0.05,64,31,a4b5,g2g3,-112.0,92.0,204.0,0,0,10,4,3.751672920770943e-05,0.00011054112819070527,0.46339988842974766,0.3340524999370352,1984,173.048272099928,173.45799949998036,275.0,1
opening_000_offset_20,opening_000,late,28,2rqkb1r/1b3pp1/n1pp1n2/pp2p2p/P7/2PPPB2/1P2NPPP/RNBQ2KR w k - 2 15,white,recurrent_edges_attenuated_0.05,1,29,a4b5,h2h4,-32.0,96.0,128.0,0,0,2,27,0.0,0.0,,,29,2.3973817999940366,123.67704270000104,181.0,1
opening_000_offset_20,opening_000,late,28,2rqkb1r/1b3pp1/n1pp1n2/pp2p2p/P7/2PPPB2/1P2NPPP/RNBQ2KR w k - 2 15,white,recurrent_edges_attenuated_0.05,2,29,a4b5,g2g3,-102.0,96.0,198.0,0,0,12,4,2.6263419385941233e-05,7.85196873290809e-05,0.45285154275043193,0.3233158350082245,58,4.962132400018163,123.67704270000104,281.0,1
opening_000_offset_20,opening_000,late,28,2rqkb1r/1b3pp1/n1pp1n2/pp2p2p/P7/2PPPB2/1P2NPPP/RNBQ2KR w k - 2 15,white,recurrent_edges_attenuated_0.05,4,29,a4b5,g2g3,-102.0,96.0,198.0,0,0,12,4,3.695221903399215e-05,0.00010990536283760119,0.4463603925962102,0.31319382625303527,116,9.046188400010578,123.67704270000104,285.0,1
opening_000_offset_20,opening_000,late,28,2rqkb1r/1b3pp1/n1pp1n2/pp2p2p/P7/2PPPB2/1P2NPPP/RNBQ2KR w k - 2 15,white,recurrent_edges_attenuated_0.05,8,29,a4b5,g2g3,-102.0,96.0,198.0,0,0,12,4,3.751606027435628e-05,0.00011155731161996344,0.4463603925962102,0.31319382625303527,232,17.762055700062774,123.67704270000104,276.0,1
opening_000_offset_20,opening_000,late,28,2rqkb1r/1b3pp1/n1pp1n2/pp2p2p/P7/2PPPB2/1P2NPPP/RNBQ2KR w k - 2 15,white,recurrent_edges_attenuated_0.05,16,29,a4b5,g2g3,-102.0,96.0,198.0,0,0,12,4,3.751687654585112e-05,0.00011155957883033808,0.4463603925962102,0.31319382625303527,464,32.71583020000253,123.67704270000104,276.0,1
opening_000_offset_20,opening_000,late,28,2rqkb1r/1b3pp1/n1pp1n2/pp2p2p/P7/2PPPB2/1P2NPPP/RNBQ2KR w k - 2 15,white,recurrent_edges_attenuated_0.05,32,29,a4b5,g2g3,-102.0,96.0,198.0,0,0,12,4,3.751687654585112e-05,0.00011155957883033808,0.4463603925962102,0.31319382625303527,928,61.34466219996102,123.67704270000104,260.0,1
opening_000_offset_20,opening_000,late,28,2rqkb1r/1b3pp1/n1pp1n2/pp2p2p/P7/2PPPB2/1P2NPPP/RNBQ2KR w k - 2 15,white,recurrent_edges_attenuated_0.05,64,29,a4b5,g2g3,-102.0,96.0,198.0,0,0,12,4,3.751687654585112e-05,0.00011155957883033808,0.4463603925962102,0.31319382625303527,1856,123.1939573000418,123.67704270000104,273.0,1
opening_000_offset_24,opening_000,late,32,2rqkb1r/1b2npp1/n1pp4/pp2p2p/P2N4/N1PPPB2/1P3PPP/R1BQ2KR w k - 6 17,white,recurrent_edges_attenuated_0.05,1,36,a4b5,h2h4,-85.0,229.0,314.0,0,0,8,30,0.0,0.0,,,36,1.7557050000177696,145.60045889997855,405.0,1
opening_000_offset_24,opening_000,late,32,2rqkb1r/1b2npp1/n1pp4/pp2p2p/P2N4/N1PPPB2/1P3PPP/R1BQ2KR w k - 6 17,white,recurrent_edges_attenuated_0.05,2,36,a4b5,g2g3,-303.0,229.0,532.0,0,0,17,5,2.6263433937856462e-05,7.773302135515111e-05,0.2167168155199083,0.1566671086534908,72,3.9696726000402123,145.60045889997855,511.0,1
opening_000_offset_24,opening_000,late,32,2rqkb1r/1b2npp1/n1pp4/pp2p2p/P2N4/N1PPPB2/1P3PPP/R1BQ2KR w k - 6 17,white,recurrent_edges_attenuated_0.05,4,36,a4b5,g2g3,-303.0,229.0,532.0,0,0,17,5,3.69522454093385e-05,0.00010881242735433434,0.20926640926640927,0.14920634920634923,144,8.010002600029111,145.60045889997855,416.0,1
opening_000_offset_24,opening_000,late,32,2rqkb1r/1b2npp1/n1pp4/pp2p2p/P2N4/N1PPPB2/1P3PPP/R1BQ2KR w k - 6 17,white,recurrent_edges_attenuated_0.05,8,36,a4b5,g2g3,-303.0,229.0,532.0,0,0,17,5,3.751598183043825e-05,0.00011044931002945857,0.20926640926640927,0.14920634920634923,288,17.025467099971138,145.60045889997855,506.0,1
opening_000_offset_24,opening_000,late,32,2rqkb1r/1b2npp1/n1pp4/pp2p2p/P2N4/N1PPPB2/1P3PPP/R1BQ2KR w k - 6 17,white,recurrent_edges_attenuated_0.05,16,36,a4b5,g2g3,-303.0,229.0,532.0,0,0,17,5,3.751674785235082e-05,0.00011045158194752571,0.20926640926640927,0.14920634920634923,576,35.2838880000636,145.60045889997855,452.0,1
opening_000_offset_24,opening_000,late,32,2rqkb1r/1b2npp1/n1pp4/pp2p2p/P2N4/N1PPPB2/1P3PPP/R1BQ2KR w k - 6 17,white,recurrent_edges_attenuated_0.05,32,36,a4b5,g2g3,-303.0,229.0,532.0,0,0,17,5,3.751674785235082e-05,0.00011045158194752571,0.20926640926640927,0.14920634920634923,1152,72.44816939998418,145.60045889997855,452.0,1
opening_000_offset_24,opening_000,late,32,2rqkb1r/1b2npp1/n1pp4/pp2p2p/P2N4/N1PPPB2/1P3PPP/R1BQ2KR w k - 6 17,white,recurrent_edges_attenuated_0.05,64,36,a4b5,g2g3,-303.0,229.0,532.0,0,0,17,5,3.751674785235082e-05,0.00011045158194752571,0.20926640926640927,0.14920634920634923,2304,145.24676690006163,145.60045889997855,452.0,1
opening_001_offset_00,opening_001,early,8,rnbqkbnr/1p2pppp/8/p1pp4/6P1/N6P/PPPPPP2/R1BQKBNR w KQkq - 0 5,white,recurrent_edges_attenuated_0.05,1,19,f1g2,h3h4,-280.0,-30.0,250.0,0,0,17,7,0.0,0.0,,,19,1.5356609999435022,128.440923999995,229.0,1
opening_001_offset_00,opening_001,early,8,rnbqkbnr/1p2pppp/8/p1pp4/6P1/N6P/PPPPPP2/R1BQKBNR w KQkq - 0 5,white,recurrent_edges_attenuated_0.05,2,19,f1g2,g4g5,-119.0,-30.0,89.0,0,0,14,6,7.953049498610198e-05,2.3592966331048766e-05,0.08403011971437054,0.1011976474796805,38,3.8488384999800473,128.440923999995,125.0,1
opening_001_offset_00,opening_001,early,8,rnbqkbnr/1p2pppp/8/p1pp4/6P1/N6P/PPPPPP2/R1BQKBNR w KQkq - 0 5,white,recurrent_edges_attenuated_0.05,4,19,f1g2,g4g5,-119.0,-30.0,89.0,0,0,14,6,0.00010662700515240431,3.2707770455348816e-05,0.04826678832359237,0.08211179002574179,76,6.457044699927792,128.440923999995,125.0,1
opening_001_offset_00,opening_001,early,8,rnbqkbnr/1p2pppp/8/p1pp4/6P1/N6P/PPPPPP2/R1BQKBNR w KQkq - 0 5,white,recurrent_edges_attenuated_0.05,8,19,f1g2,g4g5,-119.0,-30.0,89.0,0,0,14,6,0.00010763289174064994,3.316050328320688e-05,0.04826678832359237,0.08211179002574179,152,13.523641199921258,128.440923999995,121.0,1
opening_001_offset_00,opening_001,early,8,rnbqkbnr/1p2pppp/8/p1pp4/6P1/N6P/PPPPPP2/R1BQKBNR w KQkq - 0 5,white,recurrent_edges_attenuated_0.05,16,19,f1g2,g4g5,-119.0,-30.0,89.0,0,0,14,6,0.00010763312457129359,3.3161051842072e-05,0.04826678832359237,0.08211179002574179,304,28.768175199977122,128.440923999995,115.0,1
opening_001_offset_00,opening_001,early,8,rnbqkbnr/1p2pppp/8/p1pp4/6P1/N6P/PPPPPP2/R1BQKBNR w KQkq - 0 5,white,recurrent_edges_attenuated_0.05,32,19,f1g2,g4g5,-119.0,-30.0,89.0,0,0,14,6,0.00010763312457129359,3.3161051842072e-05,0.04826678832359237,0.08211179002574179,608,62.393563099903986,128.440923999995,119.0,1
opening_001_offset_00,opening_001,early,8,rnbqkbnr/1p2pppp/8/p1pp4/6P1/N6P/PPPPPP2/R1BQKBNR w KQkq - 0 5,white,recurrent_edges_attenuated_0.05,64,19,f1g2,g4g5,-119.0,-30.0,89.0,0,0,14,6,0.00010763312457129359,3.3161051842072e-05,0.04826678832359237,0.08211179002574179,1216,127.840121599962,128.440923999995,115.0,1
opening_001_offset_04,opening_001,early,12,r1bqkbnr/1p2ppp1/n7/p1pp3p/6P1/N4B1P/PPPPPP2/R1BQK1NR w KQkq - 2 7,white,recurrent_edges_attenuated_0.05,1,20,e2e4,h3h4,-485.0,-85.0,400.0,0,0,15,8,0.0,0.0,,,20,1.0888990999665111,90.31111529993359,406.0,1
opening_001_offset_04,opening_001,early,12,r1bqkbnr/1p2ppp1/n7/p1pp3p/6P1/N4B1P/PPPPPP2/R1BQK1NR w KQkq - 2 7,white,recurrent_edges_attenuated_0.05,2,20,e2e4,g4h5,-118.0,-85.0,33.0,0,0,4,5,1.9737795810215175e-05,8.179254988843278e-05,0.5674397315808514,0.4151682458530184,40,2.0732798000099137,90.31111529993359,0.0,1
opening_001_offset_04,opening_001,early,12,r1bqkbnr/1p2ppp1/n7/p1pp3p/6P1/N4B1P/PPPPPP2/R1BQK1NR w KQkq - 2 7,white,recurrent_edges_attenuated_0.05,4,20,e2e4,g4h5,-118.0,-85.0,33.0,0,0,4,5,2.85888381768018e-05,0.00011425512161106925,0.5453178272064325,0.3957797417883147,80,4.24849919998087,90.31111529993359,0.0,1
opening_001_offset_04,opening_001,early,12,r1bqkbnr/1p2ppp1/n7/p1pp3p/6P1/N4B1P/PPPPPP2/R1BQK1NR w KQkq - 2 7,white,recurrent_edges_attenuated_0.05,8,20,e2e4,g4h5,-118.0,-85.0,33.0,0,0,4,5,2.9129208996891975e-05,0.00011594246466499189,0.5453178272064325,0.3957797417883147,160,10.941392699955031,90.31111529993359,0.0,1
opening_001_offset_04,opening_001,early,12,r1bqkbnr/1p2ppp1/n7/p1pp3p/6P1/N4B1P/PPPPPP2/R1BQK1NR w KQkq - 2 7,white,recurrent_edges_attenuated_0.05,16,20,e2e4,g4h5,-118.0,-85.0,33.0,0,0,4,5,2.9130023904144764e-05,0.00011594465793025127,0.5453178272064325,0.3957797417883147,320,20.525083699962124,90.31111529993359,8.0,1
opening_001_offset_04,opening_001,early,12,r1bqkbnr/1p2ppp1/n7/p1pp3p/6P1/N4B1P/PPPPPP2/R1BQK1NR w KQkq - 2 7,white,recurrent_edges_attenuated_0.05,32,20,e2e4,g4h5,-118.0,-85.0,33.0,0,0,4,5,2.9130023904144764e-05,0.00011594465793025127,0.5453178272064325,0.3957797417883147,640,43.08499090000987,90.31111529993359,0.0,1
opening_001_offset_04,opening_001,early,12,r1bqkbnr/1p2ppp1/n7/p1pp3p/6P1/N4B1P/PPPPPP2/R1BQK1NR w KQkq - 2 7,white,recurrent_edges_attenuated_0.05,64,20,e2e4,g4h5,-118.0,-85.0,33.0,0,0,4,5,2.9130023904144764e-05,0.00011594465793025127,0.5453178272064325,0.3957797417883147,1280,89.96607640001457,90.31111529993359,0.0,1
opening_001_offset_08,opening_001,early,16,1rbqkbnr/1p2ppp1/n7/p2p3p/1Pp3P1/N1P2B1P/P2PPP2/R1BQK1NR w KQk - 0 9,white,recurrent_edges_attenuated_0.05,1,23,d1a4,h3h4,-654.0,-23.0,631.0,0,0,20,15,0.0,0.0,,,23,1.2368363999994472,106.06739450001623,571.0,1
opening_001_offset_08,opening_001,early,16,1rbqkbnr/1p2ppp1/n7/p2p3p/1Pp3P1/N1P2B1P/P2PPP2/R1BQK1NR w KQk - 0 9,white,recurrent_edges_attenuated_0.05,2,23,d1a4,g4h5,-247.0,-23.0,224.0,0,0,10,14,2.467335434630513e-06,8.373329063572551e-05,0.5515386122805951,0.40567483763334894,46,2.3665358000434935,106.06739450001623,225.0,1
opening_001_offset_08,opening_001,early,16,1rbqkbnr/1p2ppp1/n7/p2p3p/1Pp3P1/N1P2B1P/P2PPP2/R1BQK1NR w KQk - 0 9,white,recurrent_edges_attenuated_0.05,4,23,d1a4,b4a5,-154.0,-23.0,131.0,0,0,4,13,3.525929059833288e-06,0.00011757885098479806,0.5583003952569171,0.40711462450592883,92,5.18961920007132,106.06739450001623,156.0,1
opening_001_offset_08,opening_001,early,16,1rbqkbnr/1p2ppp1/n7/p2p3p/1Pp3P1/N1P2B1P/P2PPP2/R1BQK1NR w KQk - 0 9,white,recurrent_edges_attenuated_0.05,8,23,d1a4,b4a5,-154.0,-23.0,131.0,0,0,4,13,4.4059124775230885e-06,0.00011938738811462652,0.5583003952569171,0.40711462450592883,184,12.844838800025173,106.06739450001623,170.0,1
opening_001_offset_08,opening_001,early,16,1rbqkbnr/1p2ppp1/n7/p2p3p/1Pp3P1/N1P2B1P/P2PPP2/R1BQK1NR w KQk - 0 9,white,recurrent_edges_attenuated_0.05,16,23,d1a4,b4a5,-154.0,-23.0,131.0,0,0,4,13,4.408386303111911e-06,0.00011938990215115118,0.5583003952569171,0.40711462450592883,368,25.886248199967667,106.06739450001623,170.0,1
opening_001_offset_08,opening_001,early,16,1rbqkbnr/1p2ppp1/n7/p2p3p/1Pp3P1/N1P2B1P/P2PPP2/R1BQK1NR w KQk - 0 9,white,recurrent_edges_attenuated_0.05,32,23,d1a4,b4a5,-154.0,-23.0,131.0,0,0,4,13,4.408386303111911e-06,0.00011938990215115118,0.5583003952569171,0.40711462450592883,736,50.78370749996975,106.06739450001623,151.0,1
opening_001_offset_08,opening_001,early,16,1rbqkbnr/1p2ppp1/n7/p2p3p/1Pp3P1/N1P2B1P/P2PPP2/R1BQK1NR w KQk - 0 9,white,recurrent_edges_attenuated_0.05,64,23,d1a4,b4a5,-154.0,-23.0,131.0,0,0,4,13,4.408386303111911e-06,0.00011938990215115118,0.5583003952569171,0.40711462450592883,1472,105.90526919998229,106.06739450001623,151.0,1
opening_001_offset_12,opening_001,middle,20,1rbqkbn1/Np2pppr/n7/p2p4/1Pp3Pp/2P2B1P/P2PPP2/R1BQK1NR w KQ - 2 11,white,recurrent_edges_attenuated_0.05,1,23,d1a4,h1h2,-121.0,125.0,246.0,0,0,18,13,0.0,0.0,,,23,3.0729906000196934,121.08609140000772,383.0,1
opening_001_offset_12,opening_001,middle,20,1rbqkbn1/Np2pppr/n7/p2p4/1Pp3Pp/2P2B1P/P2PPP2/R1BQK1NR w KQ - 2 11,white,recurrent_edges_attenuated_0.05,2,23,d1a4,b4a5,-29.0,125.0,154.0,0,0,10,13,1.0192547051701695e-05,7.994960468531159e-05,0.4835291667979592,0.34472329884764846,46,5.660155200050212,121.08609140000772,193.0,1
opening_001_offset_12,opening_001,middle,20,1rbqkbn1/Np2pppr/n7/p2p4/1Pp3Pp/2P2B1P/P2PPP2/R1BQK1NR w KQ - 2 11,white,recurrent_edges_attenuated_0.05,4,23,d1a4,b4a5,-29.0,125.0,154.0,0,0,10,13,1.4856501366011798e-05,0.00011239009944846322,0.4575098814229249,0.3280632411067194,92,9.737412000074983,121.08609140000772,192.0,1
opening_001_offset_12,opening_001,middle,20,1rbqkbn1/Np2pppr/n7/p2p4/1Pp3Pp/2P2B1P/P2PPP2/R1BQK1NR w KQ - 2 11,white,recurrent_edges_attenuated_0.05,8,23,d1a4,b4a5,-29.0,125.0,154.0,0,0,10,13,1.5117300790734589e-05,0.00011413430397970292,0.4575098814229249,0.3280632411067194,184,18.00550710002426,121.08609140000772,204.0,1
opening_001_offset_12,opening_001,middle,20,1rbqkbn1/Np2pppr/n7/p2p4/1Pp3Pp/2P2B1P/P2PPP2/R1BQK1NR w KQ - 2 11,white,recurrent_edges_attenuated_0.05,16,23,d1a4,b4a5,-29.0,125.0,154.0,0,0,10,13,1.5117460861802101e-05,0.00011413677595474958,0.4575098814229249,0.3280632411067194,368,38.14331720001064,121.08609140000772,210.0,1
opening_001_offset_12,opening_001,middle,20,1rbqkbn1/Np2pppr/n7/p2p4/1Pp3Pp/2P2B1P/P2PPP2/R1BQK1NR w KQ - 2 11,white,recurrent_edges_attenuated_0.05,32,23,d1a4,b4a5,-29.0,125.0,154.0,0,0,10,13,1.5117460861802101e-05,0.00011413677595474958,0.4575098814229249,0.3280632411067194,736,69.30591200001072,121.08609140000772,219.0,1
opening_001_offset_12,opening_001,middle,20,1rbqkbn1/Np2pppr/n7/p2p4/1Pp3Pp/2P2B1P/P2PPP2/R1BQK1NR w KQ - 2 11,white,recurrent_edges_attenuated_0.05,64,23,d1a4,b4a5,-29.0,125.0,154.0,0,0,10,13,1.5117460861802101e-05,0.00011413677595474958,0.4575098814229249,0.3280632411067194,1472,120.30354590003844,121.08609140000772,221.0,1
opening_001_offset_16,opening_001,middle,24,1rbqkbn1/Np3pp1/n7/p2pp2r/1Pp3Pp/1QP2B1P/P2PPP2/1RB1K1NR w K - 0 13,white,recurrent_edges_attenuated_0.05,1,29,b3a4,h1h2,-978.0,-42.0,936.0,0,0,27,21,0.0,0.0,,,29,3.9566999999806285,149.06615029997192,860.0,1
opening_001_offset_16,opening_001,middle,24,1rbqkbn1/Np3pp1/n7/p2pp2r/1Pp3Pp/1QP2B1P/P2PPP2/1RB1K1NR w K - 0 13,white,recurrent_edges_attenuated_0.05,2,29,b3a4,g4h5,-845.0,-42.0,803.0,0,0,15,17,2.467371814418584e-06,7.509343740412455e-05,0.09442803371914316,0.05714395942499463,58,5.435435999999754,149.06615029997192,851.0,1
opening_001_offset_16,opening_001,middle,24,1rbqkbn1/Np3pp1/n7/p2pp2r/1Pp3Pp/1QP2B1P/P2PPP2/1RB1K1NR w K - 0 13,white,recurrent_edges_attenuated_0.05,4,29,b3a4,b4a5,-858.0,-42.0,816.0,0,0,16,19,3.5260236472822726e-06,0.0001054043863515989,0.016011824237722773,0.0123304656005132,116,8.677756999968551,149.06615029997192,804.0,1
opening_001_offset_16,opening_001,middle,24,1rbqkbn1/Np3pp1/n7/p2pp2r/1Pp3Pp/1QP2B1P/P2PPP2/1RB1K1NR w K - 0 13,white,recurrent_edges_attenuated_0.05,8,29,b3a4,b4a5,-858.0,-42.0,816.0,0,0,16,19,4.405905201565474e-06,0.00010702142035305318,0.016011824237722773,0.0123304656005132,232,16.39047829993069,149.06615029997192,1034.0,1
opening_001_offset_16,opening_001,middle,24,1rbqkbn1/Np3pp1/n7/p2pp2r/1Pp3Pp/1QP2B1P/P2PPP2/1RB1K1NR w K - 0 13,white,recurrent_edges_attenuated_0.05,16,29,b3a4,b4a5,-858.0,-42.0,816.0,0,0,16,19,4.408342647366226e-06,0.0001070236527761658,0.016011824237722773,0.0123304656005132,464,38.28713529999368,149.06615029997192,1023.0,1
opening_001_offset_16,opening_001,middle,24,1rbqkbn1/Np3pp1/n7/p2pp2r/1Pp3Pp/1QP2B1P/P2PPP2/1RB1K1NR w K - 0 13,white,recurrent_edges_attenuated_0.05,32,29,b3a4,b4a5,-858.0,-42.0,816.0,0,0,16,19,4.408342647366226e-06,0.0001070236527761658,0.016011824237722773,0.0123304656005132,928,72.22548939997796,149.06615029997192,911.0,1
opening_001_offset_16,opening_001,middle,24,1rbqkbn1/Np3pp1/n7/p2pp2r/1Pp3Pp/1QP2B1P/P2PPP2/1RB1K1NR w K - 0 13,white,recurrent_edges_attenuated_0.05,64,29,b3a4,b4a5,-858.0,-42.0,816.0,0,0,16,19,4.408342647366226e-06,0.0001070236527761658,0.016011824237722773,0.0123304656005132,1856,147.8086151999887,149.06615029997192,882.0,1
opening_001_offset_20,opening_001,late,28,1r1qkbn1/Np3pp1/n3b3/p2pp1r1/1Pp3Pp/PQPP1B1P/4PP2/1RB1K1NR w K - 1 15,white,recurrent_edges_attenuated_0.05,1,30,b3a4,h1h2,-1059.0,217.0,1276.0,0,0,27,23,0.0,0.0,,,30,1.7642399999313056,177.21641910006292,1177.0,1
opening_001_offset_20,opening_001,late,28,1r1qkbn1/Np3pp1/n3b3/p2pp1r1/1Pp3Pp/PQPP1B1P/4PP2/1RB1K1NR w K - 1 15,white,recurrent_edges_attenuated_0.05,2,30,b3a4,b4a5,-1013.0,217.0,1230.0,0,0,21,14,1.019253977574408e-05,6.790471695350952e-05,0.2332224303300614,0.15152997252188902,60,4.3215964999981225,177.21641910006292,1068.0,1
opening_001_offset_20,opening_001,late,28,1r1qkbn1/Np3pp1/n3b3/p2pp1r1/1Pp3Pp/PQPP1B1P/4PP2/1RB1K1NR w K - 1 15,white,recurrent_edges_attenuated_0.05,4,30,b3a4,b4a5,-1013.0,217.0,1230.0,0,0,21,19,1.4856675988994539e-05,9.558583354291373e-05,0.15417130144605118,0.10344827586206898,120,14.38308199995663,177.21641910006292,1045.0,1
opening_001_offset_20,opening_001,late,28,1r1qkbn1/Np3pp1/n3b3/p2pp1r1/1Pp3Pp/PQPP1B1P/4PP2/1RB1K1NR w K - 1 15,white,recurrent_edges_attenuated_0.05,8,30,b3a4,b4a5,-1013.0,217.0,1230.0,0,0,21,19,1.511728623881936e-05,9.708804911125528e-05,0.15417130144605118,0.10344827586206898,240,23.650740599958226,177.21641910006292,1003.0,1
opening_001_offset_20,opening_001,late,28,1r1qkbn1/Np3pp1/n3b3/p2pp1r1/1Pp3Pp/PQPP1B1P/4PP2/1RB1K1NR w K - 1 15,white,recurrent_edges_attenuated_0.05,16,30,b3a4,b4a5,-1013.0,217.0,1230.0,0,0,21,19,1.5117577277123928e-05,9.709021730924133e-05,0.15417130144605118,0.10344827586206898,480,41.740161299938336,177.21641910006292,1072.0,1
opening_001_offset_20,opening_001,late,28,1r1qkbn1/Np3pp1/n3b3/p2pp1r1/1Pp3Pp/PQPP1B1P/4PP2/1RB1K1NR w K - 1 15,white,recurrent_edges_attenuated_0.05,32,30,b3a4,b4a5,-1013.0,217.0,1230.0,0,0,21,19,1.5117577277123928e-05,9.709021730924133e-05,0.15417130144605118,0.10344827586206898,960,85.36161829996854,177.21641910006292,1037.0,1
opening_001_offset_20,opening_001,late,28,1r1qkbn1/Np3pp1/n3b3/p2pp1r1/1Pp3Pp/PQPP1B1P/4PP2/1RB1K1NR w K - 1 15,white,recurrent_edges_attenuated_0.05,64,30,b3a4,b4a5,-1013.0,217.0,1230.0,0,0,21,19,1.5117577277123928e-05,9.709021730924133e-05,0.15417130144605118,0.10344827586206898,1920,176.872921400005,177.21641910006292,1045.0,1
opening_001_offset_24,opening_001,late,32,1r1qkb2/Np3pp1/n3bn2/p2ppr2/1Pp3Pp/PQPP3P/1R2PPB1/2B1K1NR w K - 5 17,white,recurrent_edges_attenuated_0.05,1,37,b3a4,h1h2,-985.0,269.0,1254.0,0,0,34,28,0.0,0.0,,,37,4.47275900002569,173.32179670000914,1247.0,1
opening_001_offset_24,opening_001,late,32,1r1qkb2/Np3pp1/n3bn2/p2ppr2/1Pp3Pp/PQPP3P/1R2PPB1/2B1K1NR w K - 5 17,white,recurrent_edges_attenuated_0.05,2,37,b3a4,g4f5,-512.0,269.0,781.0,0,0,7,26,2.850589226000011e-06,3.46083554932452e-05,-0.1779563525709539,-0.132729637870323,74,8.14066300005652,173.32179670000914,812.0,1
opening_001_offset_24,opening_001,late,32,1r1qkb2/Np3pp1/n3bn2/p2ppr2/1Pp3Pp/PQPP3P/1R2PPB1/2B1K1NR w K - 5 17,white,recurrent_edges_attenuated_0.05,4,37,b3a4,b4a5,-956.0,269.0,1225.0,0,0,31,26,2.979984856210649e-06,4.900065769194583e-05,-0.20442284647513811,-0.1536151546646061,148,13.026521800085902,173.32179670000914,1190.0,1
opening_001_offset_24,opening_001,late,32,1r1qkb2/Np3pp1/n3bn2/p2ppr2/1Pp3Pp/PQPP3P/1R2PPB1/2B1K1NR w K - 5 17,white,recurrent_edges_attenuated_0.05,8,37,b3a4,b4a5,-956.0,269.0,1225.0,0,0,31,26,3.850524080917239e-06,4.979846165178622e-05,-0.20632004226609063,-0.15662721652077485,296,20.174279400031082,173.32179670000914,1249.0,1
opening_001_offset_24,opening_001,late,32,1r1qkb2/Np3pp1/n3bn2/p2ppr2/1Pp3Pp/PQPP3P/1R2PPB1/2B1K1NR w K - 5 17,white,recurrent_edges_attenuated_0.05,16,37,b3a4,b4a5,-956.0,269.0,1225.0,0,0,31,26,3.85292514692992e-06,4.979961516069465e-05,-0.20632004226609063,-0.15662721652077485,592,37.7911075000884,173.32179670000914,1249.0,1
opening_001_offset_24,opening_001,late,32,1r1qkb2/Np3pp1/n3bn2/p2ppr2/1Pp3Pp/PQPP3P/1R2PPB1/2B1K1NR w K - 5 17,white,recurrent_edges_attenuated_0.05,32,37,b3a4,b4a5,-956.0,269.0,1225.0,0,0,31,26,3.85292514692992e-06,4.979961516069465e-05,-0.20632004226609063,-0.15662721652077485,1184,81.02323799999431,173.32179670000914,1066.0,1
opening_001_offset_24,opening_001,late,32,1r1qkb2/Np3pp1/n3bn2/p2ppr2/1Pp3Pp/PQPP3P/1R2PPB1/2B1K1NR w K - 5 17,white,recurrent_edges_attenuated_0.05,64,37,b3a4,b4a5,-956.0,269.0,1225.0,0,0,31,26,3.85292514692992e-06,4.979961516069465e-05,-0.20632004226609063,-0.15662721652077485,2368,172.6283223000355,173.32179670000914,1181.0,1
opening_002_offset_00,opening_002,early,8,rnb1kbnr/pppp1p1p/5qp1/4p3/7P/1P3PP1/P1PPP3/RNBQKBNR w KQkq - 0 5,white,recurrent_edges_attenuated_0.05,1,22,b1c3,h4h5,-6.0,109.0,115.0,0,0,6,19,0.0,0.0,,,22,2.938603699905798,123.22296819998883,65.0,1
opening_002_offset_00,opening_002,early,8,rnb1kbnr/pppp1p1p/5qp1/4p3/7P/1P3PP1/P1PPP3/RNBQKBNR w KQkq - 0 5,white,recurrent_edges_attenuated_0.05,2,22,b1c3,e2e4,19.0,109.0,90.0,0,0,4,14,2.0994775695726275e-06,4.345242703986001e-05,0.25079709785303717,0.14390200013225213,44,4.8494826999958605,123.22296819998883,0.0,1
opening_002_offset_00,opening_002,early,8,rnb1kbnr/pppp1p1p/5qp1/4p3/7P/1P3PP1/P1PPP3/RNBQKBNR w KQkq - 0 5,white,recurrent_edges_attenuated_0.05,4,22,b1c3,e2e4,19.0,109.0,90.0,0,0,4,11,2.8277281671762466e-06,6.063425295317277e-05,0.2920079190150832,0.17353620003765316,88,8.082863299991004,123.22296819998883,1.0,1
opening_002_offset_00,opening_002,early,8,rnb1kbnr/pppp1p1p/5qp1/4p3/7P/1P3PP1/P1PPP3/RNBQKBNR w KQkq - 0 5,white,recurrent_edges_attenuated_0.05,8,22,b1c3,e2e4,19.0,109.0,90.0,0,0,4,11,2.8565991669893265e-06,6.152313781848843e-05,0.2920079190150832,0.17353620003765316,176,17.84927909995895,123.22296819998883,1.0,1
opening_002_offset_00,opening_002,early,8,rnb1kbnr/pppp1p1p/5qp1/4p3/7P/1P3PP1/P1PPP3/RNBQKBNR w KQkq - 0 5,white,recurrent_edges_attenuated_0.05,16,22,b1c3,e2e4,19.0,109.0,90.0,0,0,4,11,2.8566864784806967e-06,6.152433285604686e-05,0.2920079190150832,0.17353620003765316,352,32.13993619999383,123.22296819998883,0.0,1
opening_002_offset_00,opening_002,early,8,rnb1kbnr/pppp1p1p/5qp1/4p3/7P/1P3PP1/P1PPP3/RNBQKBNR w KQkq - 0 5,white,recurrent_edges_attenuated_0.05,32,22,b1c3,e2e4,19.0,109.0,90.0,0,0,4,11,2.8566864784806967e-06,6.152433285604686e-05,0.2920079190150832,0.17353620003765316,704,65.71189719997346,123.22296819998883,0.0,1
opening_002_offset_00,opening_002,early,8,rnb1kbnr/pppp1p1p/5qp1/4p3/7P/1P3PP1/P1PPP3/RNBQKBNR w KQkq - 0 5,white,recurrent_edges_attenuated_0.05,64,22,b1c3,e2e4,19.0,109.0,90.0,0,0,4,11,2.8566864784806967e-06,6.152433285604686e-05,0.2920079190150832,0.17353620003765316,1408,122.62373749993276,123.22296819998883,0.0,1
opening_002_offset_04,opening_002,early,12,rnb1kbnr/1ppp1p1p/4q1p1/p3p3/7P/1P2PPP1/PBPP4/RN1QKBNR w KQkq - 2 7,white,recurrent_edges_attenuated_0.05,1,33,b1c3,h4h5,67.0,148.0,81.0,0,0,6,30,0.0,0.0,,,33,2.689456699998118,103.7388519999804,0.0,1
opening_002_offset_04,opening_002,early,12,rnb1kbnr/1ppp1p1p/4q1p1/p3p3/7P/1P2PPP1/PBPP4/RN1QKBNR w KQkq - 2 7,white,recurrent_edges_attenuated_0.05,2,33,b1c3,b2e5,-666.0,148.0,814.0,0,0,31,26,4.004454240202904e-06,3.812963011291538e-05,-0.3782718420973687,-0.27515960425229496,66,4.658271900028922,103.7388519999804,806.0,1
opening_002_offset_04,opening_002,early,12,rnb1kbnr/1ppp1p1p/4q1p1/p3p3/7P/1P2PPP1/PBPP4/RN1QKBNR w KQkq - 2 7,white,recurrent_edges_attenuated_0.05,4,33,b1c3,b2e5,-666.0,148.0,814.0,0,0,31,20,6.171962013468146e-06,5.352629958547675e-05,-0.29120697047159416,-0.2167316047101162,132,9.791301400051452,103.7388519999804,813.0,1
opening_002_offset_04,opening_002,early,12,rnb1kbnr/1ppp1p1p/4q1p1/p3p3/7P/1P2PPP1/PBPP4/RN1QKBNR w KQkq - 2 7,white,recurrent_edges_attenuated_0.05,8,33,b1c3,b2e5,-666.0,148.0,814.0,0,0,31,20,6.324000423774123e-06,5.4351538084833975e-05,-0.29087263411054753,-0.21292929585555276,264,17.440386999980547,103.7388519999804,860.0,1
opening_002_offset_04,opening_002,early,12,rnb1kbnr/1ppp1p1p/4q1p1/p3p3/7P/1P2PPP1/PBPP4/RN1QKBNR w KQkq - 2 7,white,recurrent_edges_attenuated_0.05,16,33,b1c3,b2e5,-666.0,148.0,814.0,0,0,31,20,6.324000423774123e-06,5.435270319920256e-05,-0.29120697047159416,-0.2167316047101162,528,29.28607779997401,103.7388519999804,860.0,1
opening_002_offset_04,opening_002,early,12,rnb1kbnr/1ppp1p1p/4q1p1/p3p3/7P/1P2PPP1/PBPP4/RN1QKBNR w KQkq - 2 7,white,recurrent_edges_attenuated_0.05,32,33,b1c3,b2e5,-666.0,148.0,814.0,0,0,31,20,6.324000423774123e-06,5.435270319920256e-05,-0.29120697047159416,-0.2167316047101162,1056,52.23507429996971,103.7388519999804,860.0,1
opening_002_offset_04,opening_002,early,12,rnb1kbnr/1ppp1p1p/4q1p1/p3p3/7P/1P2PPP1/PBPP4/RN1QKBNR w KQkq - 2 7,white,recurrent_edges_attenuated_0.05,64,33,b1c3,b2e5,-666.0,148.0,814.0,0,0,31,20,6.324000423774123e-06,5.435270319920256e-05,-0.29120697047159416,-0.2167316047101162,2112,103.15430280007422,103.7388519999804,860.0,1
opening_002_offset_08,opening_002,early,16,1nb1kbnr/rppp1p1p/6p1/p2qp3/7P/1P2PPP1/PBPP4/RN1QKBNR w Qk - 6 9,white,recurrent_edges_attenuated_0.05,1,33,b1c3,h4h5,198.0,326.0,128.0,0,0,6,30,0.0,0.0,,,33,1.5505290000000969,97.55869930004701,151.0,1
opening_002_offset_08,opening_002,early,16,1nb1kbnr/rppp1p1p/6p1/p2qp3/7P/1P2PPP1/PBPP4/RN1QKBNR w Qk - 6 9,white,recurrent_edges_attenuated_0.05,2,33,b1c3,b2e5,-90.0,326.0,416.0,0,0,28,26,4.004454240202904e-06,3.812963134778262e-05,-0.222071295483249,-0.17222219834496158,66,3.07632500003092,97.55869930004701,869.0,1
opening_002_offset_08,opening_002,early,16,1nb1kbnr/rppp1p1p/6p1/p2qp3/7P/1P2PPP1/PBPP4/RN1QKBNR w Qk - 6 9,white,recurrent_edges_attenuated_0.05,4,33,b1c3,b2e5,-90.0,326.0,416.0,0,0,28,20,6.171641871333122e-06,5.352628730941542e-05,-0.12520896721195407,-0.09125541250952261,132,6.279245099984109,97.55869930004701,958.0,1
opening_002_offset_08,opening_002,early,16,1nb1kbnr/rppp1p1p/6p1/p2qp3/7P/1P2PPP1/PBPP4/RN1QKBNR w Qk - 6 9,white,recurrent_edges_attenuated_0.05,8,33,b1c3,b2e5,-90.0,326.0,416.0,0,0,28,20,6.323592970147729e-06,5.4351481435232766e-05,-0.12520896721195407,-0.09125541250952261,264,11.82920809998177,97.55869930004701,877.0,1
opening_002_offset_08,opening_002,early,16,1nb1kbnr/rppp1p1p/6p1/p2qp3/7P/1P2PPP1/PBPP4/RN1QKBNR w Qk - 6 9,white,recurrent_edges_attenuated_0.05,16,33,b1c3,b2e5,-90.0,326.0,416.0,0,0,28,20,6.323796696960926e-06,5.4352650703848386e-05,-0.12520896721195407,-0.09125541250952261,528,22.832663999986835,97.55869930004701,885.0,1
opening_002_offset_08,opening_002,early,16,1nb1kbnr/rppp1p1p/6p1/p2qp3/7P/1P2PPP1/PBPP4/RN1QKBNR w Qk - 6 9,white,recurrent_edges_attenuated_0.05,32,33,b1c3,b2e5,-90.0,326.0,416.0,0,0,28,20,6.323796696960926e-06,5.4352650703848386e-05,-0.12520896721195407,-0.09125541250952261,1056,46.75324979994912,97.55869930004701,950.0,1
opening_002_offset_08,opening_002,early,16,1nb1kbnr/rppp1p1p/6p1/p2qp3/7P/1P2PPP1/PBPP4/RN1QKBNR w Qk - 6 9,white,recurrent_edges_attenuated_0.05,64,33,b1c3,b2e5,-90.0,326.0,416.0,0,0,28,20,6.323796696960926e-06,5.4352650703848386e-05,-0.12520896721195407,-0.09125541250952261,2112,97.2374942000024,97.55869930004701,900.0,1
opening_002_offset_12,opening_002,middle,20,2b1kbnr/rppp1p1p/2n3p1/p2q4/4p2P/NP2PPPB/PBPP4/R2QK1NR w Qk - 2 11,white,recurrent_edges_attenuated_0.05,1,35,c2c4,h4h5,343.0,572.0,229.0,0,0,6,21,0.0,0.0,,,35,1.7907098999712616,107.09205890004523,292.0,1
opening_002_offset_12,opening_002,middle,20,2b1kbnr/rppp1p1p/2n3p1/p2q4/4p2P/NP2PPPB/PBPP4/R2QK1NR w Qk - 2 11,white,recurrent_edges_attenuated_0.05,2,35,c2c4,b2h8,405.0,572.0,167.0,0,0,2,18,4.004454240202904e-06,4.6342917072538485e-05,-0.26935071077641076,-0.18150012208363717,70,4.302684099995531,107.09205890004523,266.0,1
opening_002_offset_12,opening_002,middle,20,2b1kbnr/rppp1p1p/2n3p1/p2q4/4p2P/NP2PPPB/PBPP4/R2QK1NR w Qk - 2 11,white,recurrent_edges_attenuated_0.05,4,35,c2c4,b2h8,405.0,572.0,167.0,0,0,2,16,7.14298221282661e-06,6.489497002559733e-05,-0.13826434430061305,-0.060657312515990214,140,8.791362899937667,107.09205890004523,264.0,1
opening_002_offset_12,opening_002,middle,20,2b1kbnr/rppp1p1p/2n3p1/p2q4/4p2P/NP2PPPB/PBPP4/R2QK1NR w Qk - 2 11,white,recurrent_edges_attenuated_0.05,8,35,c2c4,b2h8,405.0,572.0,167.0,0,0,2,16,7.431342964991927e-06,6.587680438550404e-05,-0.12845836243532135,-0.050547760429991845,280,16.810493899974972,107.09205890004523,264.0,1
opening_002_offset_12,opening_002,middle,20,2b1kbnr/rppp1p1p/2n3p1/p2q4/4p2P/NP2PPPB/PBPP4/R2QK1NR w Qk - 2 11,white,recurrent_edges_attenuated_0.05,16,35,c2c4,b2h8,405.0,572.0,167.0,0,0,2,16,7.431895937770605e-06,6.587814978255289e-05,-0.12845836243532135,-0.050547760429991845,560,31.36915229994338,107.09205890004523,264.0,1
opening_002_offset_12,opening_002,middle,20,2b1kbnr/rppp1p1p/2n3p1/p2q4/4p2P/NP2PPPB/PBPP4/R2QK1NR w Qk - 2 11,white,recurrent_edges_attenuated_0.05,32,35,c2c4,b2h8,405.0,572.0,167.0,0,0,2,16,7.431895937770605e-06,6.587814978255289e-05,-0.12845836243532135,-0.050547760429991845,1120,57.38624919997528,107.09205890004523,264.0,1
opening_002_offset_12,opening_002,middle,20,2b1kbnr/rppp1p1p/2n3p1/p2q4/4p2P/NP2PPPB/PBPP4/R2QK1NR w Qk - 2 11,white,recurrent_edges_attenuated_0.05,64,35,c2c4,b2h8,405.0,572.0,167.0,0,0,2,16,7.431895937770605e-06,6.587814978255289e-05,-0.12845836243532135,-0.050547760429991845,2240,106.77071529999375,107.09205890004523,264.0,1
opening_002_offset_16,opening_002,middle,24,2b1kbnr/rppp1pBp/6p1/p1q5/3np2P/NP2PPPB/P1PP4/R2QK1NR w Qk - 6 13,white,recurrent_edges_attenuated_0.05,1,33,g7d4,h4h5,-742.0,978.0,1720.0,0,0,20,14,0.0,0.0,,,33,1.4017230999888852,95.76413490006234,1607.0,1
opening_002_offset_16,opening_002,middle,24,2b1kbnr/rppp1pBp/6p1/p1q5/3np2P/NP2PPPB/P1PP4/R2QK1NR w Qk - 6 13,white,recurrent_edges_attenuated_0.05,2,33,g7d4,e3d4,792.0,978.0,186.0,0,0,2,7,3.541121259331703e-06,4.689563514086258e-05,0.5628322848812726,0.40743301119120645,66,2.874852600041777,95.76413490006234,49.0,1
opening_002_offset_16,opening_002,middle,24,2b1kbnr/rppp1pBp/6p1/p1q5/3np2P/NP2PPPB/P1PP4/R2QK1NR w Qk - 6 13,white,recurrent_edges_attenuated_0.05,4,33,g7d4,e3d4,792.0,978.0,186.0,0,0,2,7,6.217887857928872e-06,6.545370099050277e-05,0.641651354441397,0.4667940092579987,132,5.801253300043754,95.76413490006234,15.0,1
opening_002_offset_16,opening_002,middle,24,2b1kbnr/rppp1pBp/6p1/p1q5/3np2P/NP2PPPB/P1PP4/R2QK1NR w Qk - 6 13,white,recurrent_edges_attenuated_0.05,8,33,g7d4,e3d4,792.0,978.0,186.0,0,0,2,7,6.482587195932865e-06,6.64145105857091e-05,0.6379742693156584,0.4667940092579987,264,11.186275199986994,95.76413490006234,0.0,1
opening_002_offset_16,opening_002,middle,24,2b1kbnr/rppp1pBp/6p1/p1q5/3np2P/NP2PPPB/P1PP4/R2QK1NR w Qk - 6 13,white,recurrent_edges_attenuated_0.05,16,33,g7d4,e3d4,792.0,978.0,186.0,0,0,2,7,6.483402103185654e-06,6.641581378859743e-05,0.6379742693156584,0.4667940092579987,528,23.055635900003836,95.76413490006234,0.0,1
opening_002_offset_16,opening_002,middle,24,2b1kbnr/rppp1pBp/6p1/p1q5/3np2P/NP2PPPB/P1PP4/R2QK1NR w Qk - 6 13,white,recurrent_edges_attenuated_0.05,32,33,g7d4,e3d4,792.0,978.0,186.0,0,0,2,7,6.483402103185654e-06,6.641581378859743e-05,0.6379742693156584,0.4667940092579987,1056,48.40576160000637,95.76413490006234,0.0,1
opening_002_offset_16,opening_002,middle,24,2b1kbnr/rppp1pBp/6p1/p1q5/3np2P/NP2PPPB/P1PP4/R2QK1NR w Qk - 6 13,white,recurrent_edges_attenuated_0.05,64,33,g7d4,e3d4,792.0,978.0,186.0,0,0,2,7,6.483402103185654e-06,6.641581378859743e-05,0.6379742693156584,0.4667940092579987,2112,95.53378370008431,95.76413490006234,0.0,1
opening_002_offset_20,opening_002,late,28,2b1kbnr/rppp3p/5pp1/p2qB2P/3np3/NP2PPPB/P1PP4/R2QK1NR w Qk - 0 15,white,recurrent_edges_attenuated_0.05,1,33,e5d4,h5h6,-597.0,725.0,1322.0,0,0,31,17,0.0,0.0,,,33,1.6023796000517905,91.300323799951,1355.0,1
opening_002_offset_20,opening_002,late,28,2b1kbnr/rppp3p/5pp1/p2qB2P/3np3/NP2PPPB/P1PP4/R2QK1NR w Qk - 0 15,white,recurrent_edges_attenuated_0.05,2,33,e5d4,e5f6,-504.0,725.0,1229.0,0,1,26,2,0.0,7.118815208100577e-05,0.27687329269372446,0.20745884055615035,66,2.9087296000216156,91.300323799951,1158.0,1
opening_002_offset_20,opening_002,late,28,2b1kbnr/rppp3p/5pp1/p2qB2P/3np3/NP2PPPB/P1PP4/R2QK1NR w Qk - 0 15,white,recurrent_edges_attenuated_0.05,4,33,e5d4,e5f6,-504.0,725.0,1229.0,0,1,26,2,4.5227352529764175e-08,0.00010134987137059709,0.3585157997595198,0.2504748342359993,132,5.7490858000237495,91.300323799951,1158.0,1
opening_002_offset_20,opening_002,late,28,2b1kbnr/rppp3p/5pp1/p2qB2P/3np3/NP2PPPB/P1PP4/R2QK1NR w Qk - 0 15,white,recurrent_edges_attenuated_0.05,8,33,e5d4,e5f6,-504.0,725.0,1229.0,0,1,26,2,5.256151780486107e-08,0.00010304765081676654,0.3598529216234248,0.24667976098999933,264,11.444156100042164,91.300323799951,1158.0,1
opening_002_offset_20,opening_002,late,28,2b1kbnr/rppp3p/5pp1/p2qB2P/3np3/NP2PPPB/P1PP4/R2QK1NR w Qk - 0 15,white,recurrent_edges_attenuated_0.05,16,33,e5d4,e5f6,-504.0,725.0,1229.0,0,1,26,2,5.256151780486107e-08,0.00010305016694106032,0.3598529216234248,0.24667976098999933,528,22.304412199999206,91.300323799951,1158.0,1
opening_002_offset_20,opening_002,late,28,2b1kbnr/rppp3p/5pp1/p2qB2P/3np3/NP2PPPB/P1PP4/R2QK1NR w Qk - 0 15,white,recurrent_edges_attenuated_0.05,32,33,e5d4,e5f6,-504.0,725.0,1229.0,0,1,26,2,5.256151780486107e-08,0.00010305016694106032,0.3598529216234248,0.24667976098999933,1056,46.34013150003739,91.300323799951,1158.0,1
opening_002_offset_20,opening_002,late,28,2b1kbnr/rppp3p/5pp1/p2qB2P/3np3/NP2PPPB/P1PP4/R2QK1NR w Qk - 0 15,white,recurrent_edges_attenuated_0.05,64,33,e5d4,e5f6,-504.0,725.0,1229.0,0,1,26,2,5.256151780486107e-08,0.00010305016694106032,0.3598529216234248,0.24667976098999933,2112,91.02612709999084,91.300323799951,1158.0,1
opening_002_offset_24,opening_002,late,32,2b1k1nr/r1pp3p/3B1ppb/pp1q3P/3npP2/NP2P1PB/P1PP4/R2QK1NR w Qk - 0 17,white,recurrent_edges_attenuated_0.05,1,35,e3d4,h5g6,-3.0,68.0,71.0,0,0,2,13,0.0,0.0,,,35,1.3929963000118732,97.66491839999799,240.0,1
opening_002_offset_24,opening_002,late,32,2b1k1nr/r1pp3p/3B1ppb/pp1q3P/3npP2/NP2P1PB/P1PP4/R2QK1NR w Qk - 0 17,white,recurrent_edges_attenuated_0.05,2,35,e3d4,d6e7,-169.0,68.0,237.0,0,1,10,3,0.00019692946807481349,4.00800077489207e-05,0.12615686409526866,0.0753958044725274,70,2.956283500068821,97.66491839999799,324.0,1
opening_002_offset_24,opening_002,late,32,2b1k1nr/r1pp3p/3B1ppb/pp1q3P/3npP2/NP2P1PB/P1PP4/R2QK1NR w Qk - 0 17,white,recurrent_edges_attenuated_0.05,4,35,e3d4,d6e7,-169.0,68.0,237.0,0,1,10,3,0.00026993523351848125,5.541395480225321e-05,0.24537815126050422,0.16302521008403362,140,6.046811900101602,97.66491839999799,238.0,1
opening_002_offset_24,opening_002,late,32,2b1k1nr/r1pp3p/3B1ppb/pp1q3P/3npP2/NP2P1PB/P1PP4/R2QK1NR w Qk - 0 17,white,recurrent_edges_attenuated_0.05,8,35,e3d4,d6e7,-169.0,68.0,237.0,0,1,10,3,0.00027318502543494105,5.614938008480653e-05,0.25210084033613445,0.16302521008403362,280,11.714338900055736,97.66491839999799,241.0,1
opening_002_offset_24,opening_002,late,32,2b1k1nr/r1pp3p/3B1ppb/pp1q3P/3npP2/NP2P1PB/P1PP4/R2QK1NR w Qk - 0 17,white,recurrent_edges_attenuated_0.05,16,35,e3d4,d6e7,-169.0,68.0,237.0,0,1,10,3,0.000273187761195004,5.615017317694624e-05,0.25210084033613445,0.16302521008403362,560,24.624651000020094,97.66491839999799,241.0,1
opening_002_offset_24,opening_002,late,32,2b1k1nr/r1pp3p/3B1ppb/pp1q3P/3npP2/NP2P1PB/P1PP4/R2QK1NR w Qk - 0 17,white,recurrent_edges_attenuated_0.05,32,35,e3d4,d6e7,-169.0,68.0,237.0,0,1,10,3,0.000273187761195004,5.615017317694624e-05,0.25210084033613445,0.16302521008403362,1120,47.643352600047365,97.66491839999799,241.0,1
opening_002_offset_24,opening_002,late,32,2b1k1nr/r1pp3p/3B1ppb/pp1q3P/3npP2/NP2P1PB/P1PP4/R2QK1NR w Qk - 0 17,white,recurrent_edges_attenuated_0.05,64,35,e3d4,d6e7,-169.0,68.0,237.0,0,1,10,3,0.000273187761195004,5.615017317694624e-05,0.25210084033613445,0.16302521008403362,2240,97.42365820007399,97.66491839999799,241.0,1
opening_003_offset_00,opening_003,early,8,rnbqk1nr/1ppp1ppp/1b2p3/p7/P7/2P2P1P/1P1PP1P1/RNBQKBNR w KQkq - 1 5,white,recurrent_edges_attenuated_0.05,1,17,e2e3,h3h4,-84.0,-50.0,34.0,0,0,3,7,0.0,0.0,,,17,1.0923259999835864,63.206633800058626,30.0,1
opening_003_offset_00,opening_003,early,8,rnbqk1nr/1ppp1ppp/1b2p3/p7/P7/2P2P1P/1P1PP1P1/RNBQKBNR w KQkq - 1 5,white,recurrent_edges_attenuated_0.05,2,17,e2e3,g2g3,-76.0,-50.0,26.0,0,0,2,14,2.626342757139355e-05,5.280921188100456e-05,-0.042971220813462566,-0.05204784652772268,34,2.2087188999867067,63.206633800058626,167.0,1
opening_003_offset_00,opening_003,early,8,rnbqk1nr/1ppp1ppp/1b2p3/p7/P7/2P2P1P/1P1PP1P1/RNBQKBNR w KQkq - 1 5,white,recurrent_edges_attenuated_0.05,4,17,e2e3,g2g3,-76.0,-50.0,26.0,0,0,2,14,3.69540648534894e-05,7.391596724823592e-05,-0.08823529411764706,-0.07352941176470587,68,4.025031700031832,63.206633800058626,150.0,1
opening_003_offset_00,opening_003,early,8,rnbqk1nr/1ppp1ppp/1b2p3/p7/P7/2P2P1P/1P1PP1P1/RNBQKBNR w KQkq - 1 5,white,recurrent_edges_attenuated_0.05,8,17,e2e3,g2g3,-76.0,-50.0,26.0,0,0,2,14,3.751818439923227e-05,7.502532420909446e-05,-0.08823529411764706,-0.07352941176470587,136,7.856698699994013,63.206633800058626,149.0,1
opening_003_offset_00,opening_003,early,8,rnbqk1nr/1ppp1ppp/1b2p3/p7/P7/2P2P1P/1P1PP1P1/RNBQKBNR w KQkq - 1 5,white,recurrent_edges_attenuated_0.05,16,17,e2e3,g2g3,-76.0,-50.0,26.0,0,0,2,14,3.75189702026546e-05,7.502683177598881e-05,-0.08823529411764706,-0.07352941176470587,272,15.155787299969234,63.206633800058626,149.0,1
opening_003_offset_00,opening_003,early,8,rnbqk1nr/1ppp1ppp/1b2p3/p7/P7/2P2P1P/1P1PP1P1/RNBQKBNR w KQkq - 1 5,white,recurrent_edges_attenuated_0.05,32,17,e2e3,g2g3,-76.0,-50.0,26.0,0,0,2,14,3.75189702026546e-05,7.502683177598881e-05,-0.08823529411764706,-0.07352941176470587,544,30.101010199985467,63.206633800058626,149.0,1
opening_003_offset_00,opening_003,early,8,rnbqk1nr/1ppp1ppp/1b2p3/p7/P7/2P2P1P/1P1PP1P1/RNBQKBNR w KQkq - 1 5,white,recurrent_edges_attenuated_0.05,64,17,e2e3,g2g3,-76.0,-50.0,26.0,0,0,2,14,3.75189702026546e-05,7.502683177598881e-05,-0.08823529411764706,-0.07352941176470587,1088,63.10979410004802,63.206633800058626,149.0,1
opening_003_offset_04,opening_003,early,12,rnbq2nr/1pppk1pp/1b2pp2/pQ6/P7/2P2P1P/1P1PP1P1/RNB1KBNR w KQ - 2 7,white,recurrent_edges_attenuated_0.05,1,31,d2d4,h3h4,23.0,46.0,23.0,0,0,5,9,0.0,0.0,,,31,1.3617312998976558,77.41361829999369,27.0,1
opening_003_offset_04,opening_003,early,12,rnbq2nr/1pppk1pp/1b2pp2/pQ6/P7/2P2P1P/1P1PP1P1/RNB1KBNR w KQ - 2 7,white,recurrent_edges_attenuated_0.05,2,31,d2d4,g2g3,-8.0,46.0,54.0,0,0,8,9,2.6263383915647864e-05,4.033525611894596e-05,-0.13126289331684535,-0.09614707722631649,62,2.6673890999518335,77.41361829999369,82.0,1
opening_003_offset_04,opening_003,early,12,rnbq2nr/1pppk1pp/1b2pp2/pQ6/P7/2P2P1P/1P1PP1P1/RNB1KBNR w KQ - 2 7,white,recurrent_edges_attenuated_0.05,4,31,d2d4,g2g3,-8.0,46.0,54.0,0,0,8,9,3.6953919334337115e-05,5.650041181652349e-05,-0.09659205681368546,-0.07974156450109872,124,5.650377199985087,77.41361829999369,51.0,1
opening_003_offset_04,opening_003,early,12,rnbq2nr/1pppk1pp/1b2pp2/pQ6/P7/2P2P1P/1P1PP1P1/RNB1KBNR w KQ - 2 7,white,recurrent_edges_attenuated_0.05,8,31,d2d4,g2g3,-8.0,46.0,54.0,0,0,8,9,3.751818439923227e-05,5.7353594269606924e-05,-0.09659205681368546,-0.07974156450109872,248,10.782525999937207,77.41361829999369,52.0,1
opening_003_offset_04,opening_003,early,12,rnbq2nr/1pppk1pp/1b2pp2/pQ6/P7/2P2P1P/1P1PP1P1/RNB1KBNR w KQ - 2 7,white,recurrent_edges_attenuated_0.05,16,31,d2d4,g2g3,-8.0,46.0,54.0,0,0,8,9,3.751905751414597e-05,5.7354775484681495e-05,-0.09659205681368546,-0.07974156450109872,496,20.3168431998929,77.41361829999369,58.0,1
opening_003_offset_04,opening_003,early,12,rnbq2nr/1pppk1pp/1b2pp2/pQ6/P7/2P2P1P/1P1PP1P1/RNB1KBNR w KQ - 2 7,white,recurrent_edges_attenuated_0.05,32,31,d2d4,g2g3,-8.0,46.0,54.0,0,0,8,9,3.751905751414597e-05,5.7354775484681495e-05,-0.09659205681368546,-0.07974156450109872,992,39.52821379993111,77.41361829999369,62.0,1
opening_003_offset_04,opening_003,early,12,rnbq2nr/1pppk1pp/1b2pp2/pQ6/P7/2P2P1P/1P1PP1P1/RNB1KBNR w KQ - 2 7,white,recurrent_edges_attenuated_0.05,64,31,d2d4,g2g3,-8.0,46.0,54.0,0,0,8,9,3.751905751414597e-05,5.7354775484681495e-05,-0.09659205681368546,-0.07974156450109872,1984,77.2169595999876,77.41361829999369,63.0,1
opening_003_offset_08,opening_003,early,16,r1bq2nr/1pppk1pp/nb2p3/pQ3p2/P2P4/2P2P1P/1P1NP1P1/R1B1KBNR w KQ - 2 9,white,recurrent_edges_attenuated_0.05,1,33,e2e4,h3h4,139.0,168.0,29.0,0,0,4,6,0.0,0.0,,,33,1.2807479000184685,89.51381189993117,88.0,1
opening_003_offset_08,opening_003,early,16,r1bq2nr/1pppk1pp/nb2p3/pQ3p2/P2P4/2P2P1P/1P1NP1P1/R1B1KBNR w KQ - 2 9,white,recurrent_edges_attenuated_0.05,2,33,e2e4,g2g3,80.0,168.0,88.0,0,0,10,11,2.62634271166462e-05,3.999330307591911e-05,-0.12485393857463636,-0.10283026605791643,66,2.3895806999644265,89.51381189993117,199.0,1
opening_003_offset_08,opening_003,early,16,r1bq2nr/1pppk1pp/nb2p3/pQ3p2/P2P4/2P2P1P/1P1NP1P1/R1B1KBNR w KQ - 2 9,white,recurrent_edges_attenuated_0.05,4,33,e2e4,g2g3,80.0,168.0,88.0,0,0,10,11,3.69540389328904e-05,5.6082321204243856e-05,-0.12470746267038418,-0.10826254763665606,132,4.745156800025143,89.51381189993117,199.0,1
opening_003_offset_08,opening_003,early,16,r1bq2nr/1pppk1pp/nb2p3/pQ3p2/P2P4/2P2P1P/1P1NP1P1/R1B1KBNR w KQ - 2 9,white,recurrent_edges_attenuated_0.05,8,33,e2e4,g2g3,80.0,168.0,88.0,0,0,10,11,3.751828853637562e-05,5.693640463917743e-05,-0.12470746267038418,-0.10826254763665606,264,9.553541700006463,89.51381189993117,208.0,1
opening_003_offset_08,opening_003,early,16,r1bq2nr/1pppk1pp/nb2p3/pQ3p2/P2P4/2P2P1P/1P1NP1P1/R1B1KBNR w KQ - 2 9,white,recurrent_edges_attenuated_0.05,16,33,e2e4,g2g3,80.0,168.0,88.0,0,0,10,11,3.7519009310926776e-05,5.6937579994008e-05,-0.12470746267038418,-0.10826254763665606,528,20.58180759998504,89.51381189993117,200.0,1
opening_003_offset_08,opening_003,early,16,r1bq2nr/1pppk1pp/nb2p3/pQ3p2/P2P4/2P2P1P/1P1NP1P1/R1B1KBNR w KQ - 2 9,white,recurrent_edges_attenuated_0.05,32,33,e2e4,g2g3,80.0,168.0,88.0,0,0,10,11,3.7519009310926776e-05,5.6937579994008e-05,-0.12470746267038418,-0.10826254763665606,1056,42.5305459999945,89.51381189993117,215.0,1
opening_003_offset_08,opening_003,early,16,r1bq2nr/1pppk1pp/nb2p3/pQ3p2/P2P4/2P2P1P/1P1NP1P1/R1B1KBNR w KQ - 2 9,white,recurrent_edges_attenuated_0.05,64,33,e2e4,g2g3,80.0,168.0,88.0,0,0,10,11,3.7519009310926776e-05,5.6937579994008e-05,-0.12470746267038418,-0.10826254763665606,2112,89.32864129997324,89.51381189993117,217.0,1
opening_003_offset_12,opening_003,middle,20,rnbq2nr/1pppk1p1/1b2p3/pQ3p1p/P2P4/1NP2PPP/1P2P3/R1B1KBNR w KQ - 2 11,white,recurrent_edges_attenuated_0.05,1,35,e2e4,h3h4,95.0,199.0,104.0,0,0,7,6,0.0,0.0,,,35,1.6213588000973687,91.7951951000141,50.0,1
opening_003_offset_12,opening_003,middle,20,rnbq2nr/1pppk1p1/1b2p3/pQ3p1p/P2P4/1NP2PPP/1P2P3/R1B1KBNR w KQ - 2 11,white,recurrent_edges_attenuated_0.05,2,35,e2e4,b5f5,-998.0,199.0,1197.0,0,0,35,6,3.832537913694978e-07,3.625678516219634e-05,-0.2054333473803478,-0.13095703701904404,70,3.247641700087115,91.7951951000141,1112.0,1
opening_003_offset_12,opening_003,middle,20,rnbq2nr/1pppk1p1/1b2p3/pQ3p1p/P2P4/1NP2PPP/1P2P3/R1B1KBNR w KQ - 2 11,white,recurrent_edges_attenuated_0.05,4,35,e2e4,b5f5,-998.0,199.0,1197.0,0,0,35,6,1.0718940757215023e-07,5.075693878907534e-05,-0.21458085352712805,-0.1345669105031807,140,6.099751000059769,91.7951951000141,1175.0,1
opening_003_offset_12,opening_003,middle,20,rnbq2nr/1pppk1p1/1b2p3/pQ3p1p/P2P4/1NP2PPP/1P2P3/R1B1KBNR w KQ - 2 11,white,recurrent_edges_attenuated_0.05,8,35,e2e4,b5f5,-998.0,199.0,1197.0,0,0,35,6,6.27769622951746e-08,5.15201170476535e-05,-0.21458085352712805,-0.1345669105031807,280,11.089732500026003,91.7951951000141,1175.0,1
opening_003_offset_12,opening_003,middle,20,rnbq2nr/1pppk1p1/1b2p3/pQ3p1p/P2P4/1NP2PPP/1P2P3/R1B1KBNR w KQ - 2 11,white,recurrent_edges_attenuated_0.05,16,35,e2e4,b5f5,-998.0,199.0,1197.0,0,0,35,6,6.271875463426113e-08,5.152115194715264e-05,-0.21458085352712805,-0.1345669105031807,560,21.926296700024977,91.7951951000141,1175.0,1
opening_003_offset_12,opening_003,middle,20,rnbq2nr/1pppk1p1/1b2p3/pQ3p1p/P2P4/1NP2PPP/1P2P3/R1B1KBNR w KQ - 2 11,white,recurrent_edges_attenuated_0.05,32,35,e2e4,b5f5,-998.0,199.0,1197.0,0,0,35,6,6.271875463426113e-08,5.152115194715264e-05,-0.21458085352712805,-0.1345669105031807,1120,46.687198300031014,91.7951951000141,1175.0,1
opening_003_offset_12,opening_003,middle,20,rnbq2nr/1pppk1p1/1b2p3/pQ3p1p/P2P4/1NP2PPP/1P2P3/R1B1KBNR w KQ - 2 11,white,recurrent_edges_attenuated_0.05,64,35,e2e4,b5f5,-998.0,199.0,1197.0,0,0,35,6,6.271875463426113e-08,5.152115194715264e-05,-0.21458085352712805,-0.1345669105031807,2240,91.5239115000004,91.7951951000141,1175.0,1
opening_003_offset_16,opening_003,middle,24,rnbq4/1pppk1pr/1b2pn2/pQ3p1p/P2P4/1NP1PPPP/1P2K3/R1B2BNR w - - 3 13,white,recurrent_edges_attenuated_0.05,1,32,e3e4,h3h4,62.0,65.0,3.0,0,0,2,6,0.0,0.0,,,32,1.2624097999650985,80.92782689991873,0.0,1
opening_003_offset_16,opening_003,middle,24,rnbq4/1pppk1pr/1b2pn2/pQ3p1p/P2P4/1NP1PPPP/1P2K3/R1B2BNR w - - 3 13,white,recurrent_edges_attenuated_0.05,2,32,e3e4,b5f5,-985.0,65.0,1050.0,0,0,28,6,3.832537913694978e-07,3.790312429035072e-05,-0.2880374690444498,-0.19737769789067425,64,2.561018700012937,80.92782689991873,1079.0,1
opening_003_offset_16,opening_003,middle,24,rnbq4/1pppk1pr/1b2pn2/pQ3p1p/P2P4/1NP1PPPP/1P2K3/R1B2BNR w - - 3 13,white,recurrent_edges_attenuated_0.05,4,32,e3e4,b5f5,-985.0,65.0,1050.0,0,0,28,6,1.0713119991123676e-07,5.3064205242007674e-05,-0.2963981315720408,-0.19979828537479918,128,5.16040069994051,80.92782689991873,896.0,1
opening_003_offset_16,opening_003,middle,24,rnbq4/1pppk1pr/1b2pn2/pQ3p1p/P2P4/1NP1PPPP/1P2K3/R1B2BNR w - - 3 13,white,recurrent_edges_attenuated_0.05,8,32,e3e4,b5f5,-985.0,65.0,1050.0,0,0,28,6,6.280606612563133e-08,5.386226774134798e-05,-0.2963981315720408,-0.19979828537479918,256,10.478771999944001,80.92782689991873,1040.0,1
opening_003_offset_16,opening_003,middle,24,rnbq4/1pppk1pr/1b2pn2/pQ3p1p/P2P4/1NP1PPPP/1P2K3/R1B2BNR w - - 3 13,white,recurrent_edges_attenuated_0.05,16,32,e3e4,b5f5,-985.0,65.0,1050.0,0,0,28,6,6.27333065494895e-08,5.386335183063966e-05,-0.2963981315720408,-0.19979828537479918,512,20.307664799969643,80.92782689991873,1038.0,1
opening_003_offset_16,opening_003,middle,24,rnbq4/1pppk1pr/1b2pn2/pQ3p1p/P2P4/1NP1PPPP/1P2K3/R1B2BNR w - - 3 13,white,recurrent_edges_attenuated_0.05,32,32,e3e4,b5f5,-985.0,65.0,1050.0,0,0,28,6,6.27333065494895e-08,5.386335183063966e-05,-0.2963981315720408,-0.19979828537479918,1024,39.9435555000091,80.92782689991873,1038.0,1
opening_003_offset_16,opening_003,middle,24,rnbq4/1pppk1pr/1b2pn2/pQ3p1p/P2P4/1NP1PPPP/1P2K3/R1B2BNR w - - 3 13,white,recurrent_edges_attenuated_0.05,64,32,e3e4,b5f5,-985.0,65.0,1050.0,0,0,28,6,6.27333065494895e-08,5.386335183063966e-05,-0.2963981315720408,-0.19979828537479918,2048,80.70464859995991,80.92782689991873,976.0,1
opening_003_offset_20,opening_003,late,28,rnbqn3/1pp1k1pr/Qb1pp3/p4p1p/P2P4/1NP1PPPP/1P1K4/R1B2BNR w - - 0 15,white,recurrent_edges_attenuated_0.05,1,32,a6a8,h3h4,-562.0,480.0,1042.0,0,0,9,27,0.0,0.0,,,32,1.1401624999707565,79.65064769994933,1429.0,1
opening_003_offset_20,opening_003,late,28,rnbqn3/1pp1k1pr/Qb1pp3/p4p1p/P2P4/1NP1PPPP/1P1K4/R1B2BNR w - - 0 15,white,recurrent_edges_attenuated_0.05,2,32,a6a8,a6a7,-630.0,480.0,1110.0,0,1,15,3,0.0002502425923012197,6.739770485519382e-05,0.4483844568276545,0.338501600193165,64,2.433244699961506,79.65064769994933,1435.0,1
opening_003_offset_20,opening_003,late,28,rnbqn3/1pp1k1pr/Qb1pp3/p4p1p/P2P4/1NP1PPPP/1P1K4/R1B2BNR w - - 0 15,white,recurrent_edges_attenuated_0.05,4,32,a6a8,a6a7,-630.0,480.0,1110.0,0,0,15,4,0.00034296722151339054,9.32330046338291e-05,0.43314086883409547,0.31281549730397845,128,4.945987599901855,79.65064769994933,1615.0,1
opening_003_offset_20,opening_003,late,28,rnbqn3/1pp1k1pr/Qb1pp3/p4p1p/P2P4/1NP1PPPP/1P1K4/R1B2BNR w - - 0 15,white,recurrent_edges_attenuated_0.05,8,32,a6a8,a6a7,-630.0,480.0,1110.0,0,0,15,5,0.00034717303060460836,9.448938353811469e-05,0.42837503616812583,0.3087791683065078,256,9.575932599953376,79.65064769994933,1593.0,1
opening_003_offset_20,opening_003,late,28,rnbqn3/1pp1k1pr/Qb1pp3/p4p1p/P2P4/1NP1PPPP/1P1K4/R1B2BNR w - - 0 15,white,recurrent_edges_attenuated_0.05,16,32,a6a8,a6a7,-630.0,480.0,1110.0,0,0,15,5,0.00034717707603704184,9.449084747733063e-05,0.42837503616812583,0.3087791683065078,512,18.95334309991449,79.65064769994933,1582.0,1
opening_003_offset_20,opening_003,late,28,rnbqn3/1pp1k1pr/Qb1pp3/p4p1p/P2P4/1NP1PPPP/1P1K4/R1B2BNR w - - 0 15,white,recurrent_edges_attenuated_0.05,32,32,a6a8,a6a7,-630.0,480.0,1110.0,0,0,15,5,0.00034717707603704184,9.449084747733063e-05,0.42837503616812583,0.3087791683065078,1024,41.13767999992706,79.65064769994933,1557.0,1
opening_003_offset_20,opening_003,late,28,rnbqn3/1pp1k1pr/Qb1pp3/p4p1p/P2P4/1NP1PPPP/1P1K4/R1B2BNR w - - 0 15,white,recurrent_edges_attenuated_0.05,64,32,a6a8,a6a7,-630.0,480.0,1110.0,0,0,15,5,0.00034717707603704184,9.449084747733063e-05,0.42837503616812583,0.3087791683065078,2048,79.48089169990271,79.65064769994933,1491.0,1
opening_003_offset_24,opening_003,late,32,rnbqn3/1p3kpr/Qbppp3/p4p1p/P2P3P/1NP1PPP1/1P1KN3/R1B2B1R w - - 0 17,white,recurrent_edges_attenuated_0.05,1,29,a6a8,h1h3,-919.0,569.0,1488.0,0,0,23,24,0.0,0.0,,,29,1.1537655999418348,83.9141311000567,1369.0,1
opening_003_offset_24,opening_003,late,32,rnbqn3/1p3kpr/Qbppp3/p4p1p/P2P3P/1NP1PPP1/1P1KN3/R1B2B1R w - - 0 17,white,recurrent_edges_attenuated_0.05,2,29,a6a8,a6a7,-895.0,569.0,1464.0,0,1,20,3,0.0002502425886632409,7.001148242085556e-05,0.46806447419548103,0.34330057716764023,58,2.435906699975021,83.9141311000567,1406.0,1
opening_003_offset_24,opening_003,late,32,rnbqn3/1p3kpr/Qbppp3/p4p1p/P2P3P/1NP1PPP1/1P1KN3/R1B2B1R w - - 0 17,white,recurrent_edges_attenuated_0.05,4,29,a6a8,a6a7,-895.0,569.0,1464.0,0,0,20,5,0.00034296706871828064,9.682040547824565e-05,0.4625615763546797,0.33497536945812806,116,4.7096284999279305,83.9141311000567,1393.0,1
opening_003_offset_24,opening_003,late,32,rnbqn3/1p3kpr/Qbppp3/p4p1p/P2P3P/1NP1PPP1/1P1KN3/R1B2B1R w - - 0 17,white,recurrent_edges_attenuated_0.05,8,29,a6a8,a6a7,-895.0,569.0,1464.0,0,0,20,5,0.0003471729578450322,9.812117652153462e-05,0.4625615763546797,0.33497536945812806,232,9.798359400010668,83.9141311000567,1393.0,1
opening_003_offset_24,opening_003,late,32,rnbqn3/1p3kpr/Qbppp3/p4p1p/P2P3P/1NP1PPP1/1P1KN3/R1B2B1R w - - 0 17,white,recurrent_edges_attenuated_0.05,16,29,a6a8,a6a7,-895.0,569.0,1464.0,0,0,20,5,0.0003471772724878974,9.812269742159471e-05,0.4625615763546797,0.33497536945812806,464,19.71969099994749,83.9141311000567,1393.0,1
opening_003_offset_24,opening_003,late,32,rnbqn3/1p3kpr/Qbppp3/p4p1p/P2P3P/1NP1PPP1/1P1KN3/R1B2B1R w - - 0 17,white,recurrent_edges_attenuated_0.05,32,29,a6a8,a6a7,-895.0,569.0,1464.0,0,0,20,5,0.0003471772724878974,9.812269742159471e-05,0.4625615763546797,0.33497536945812806,928,42.5173167999601,83.9141311000567,1393.0,1
opening_003_offset_24,opening_003,late,32,rnbqn3/1p3kpr/Qbppp3/p4p1p/P2P3P/1NP1PPP1/1P1KN3/R1B2B1R w - - 0 17,white,recurrent_edges_attenuated_0.05,64,29,a6a8,a6a7,-895.0,569.0,1464.0,0,0,20,5,0.0003471772724878974,9.812269742159471e-05,0.4625615763546797,0.33497536945812806,1856,83.7505696999142,83.9141311000567,1393.0,1
opening_004_offset_00,opening_004,early,8,rnbqkbnr/2ppp1p1/1p3p2/p6p/2P5/4P2P/PP1PKPP1/RNBQ1BNR w kq - 0 5,white,recurrent_edges_attenuated_0.05,1,24,d2d4,h3h4,-34.0,70.0,104.0,0,0,13,12,0.0,0.0,,,24,1.5842597999144346,69.78702429996338,66.0,1
opening_004_offset_00,opening_004,early,8,rnbqkbnr/2ppp1p1/1p3p2/p6p/2P5/4P2P/PP1PKPP1/RNBQ1BNR w kq - 0 5,white,recurrent_edges_attenuated_0.05,2,24,d2d4,g2g3,-10.0,70.0,80.0,0,0,7,6,2.6263383915647864e-05,1.9738996444153745e-05,-0.11450414632660535,-0.09982351358118127,48,2.9415110999252647,69.78702429996338,102.0,1
opening_004_offset_00,opening_004,early,8,rnbqkbnr/2ppp1p1/1p3p2/p6p/2P5/4P2P/PP1PKPP1/RNBQ1BNR w kq - 0 5,white,recurrent_edges_attenuated_0.05,4,24,d2d4,g2g3,-10.0,70.0,80.0,0,0,7,6,3.6951794754713774e-05,2.795492009375493e-05,-0.12483689741203205,-0.08727330428821685,96,5.24274959997274,69.78702429996338,102.0,1
opening_004_offset_00,opening_004,early,8,rnbqkbnr/2ppp1p1/1p3p2/p6p/2P5/4P2P/PP1PKPP1/RNBQ1BNR w kq - 0 5,white,recurrent_edges_attenuated_0.05,8,24,d2d4,g2g3,-10.0,70.0,80.0,0,0,7,6,3.751559415832162e-05,2.8412978857910426e-05,-0.12483689741203205,-0.08727330428821685,192,10.258063999935985,69.78702429996338,87.0,1
opening_004_offset_00,opening_004,early,8,rnbqkbnr/2ppp1p1/1p3p2/p6p/2P5/4P2P/PP1PKPP1/RNBQ1BNR w kq - 0 5,white,recurrent_edges_attenuated_0.05,16,24,d2d4,g2g3,-10.0,70.0,80.0,0,0,7,6,3.751623444259167e-05,2.8413659928734245e-05,-0.12483689741203205,-0.08727330428821685,384,18.782902299892157,69.78702429996338,88.0,1
opening_004_offset_00,opening_004,early,8,rnbqkbnr/2ppp1p1/1p3p2/p6p/2P5/4P2P/PP1PKPP1/RNBQ1BNR w kq - 0 5,white,recurrent_edges_attenuated_0.05,32,24,d2d4,g2g3,-10.0,70.0,80.0,0,0,7,6,3.751623444259167e-05,2.8413659928734245e-05,-0.12483689741203205,-0.08727330428821685,768,35.62606009992305,69.78702429996338,89.0,1
opening_004_offset_00,opening_004,early,8,rnbqkbnr/2ppp1p1/1p3p2/p6p/2P5/4P2P/PP1PKPP1/RNBQ1BNR w kq - 0 5,white,recurrent_edges_attenuated_0.05,64,24,d2d4,g2g3,-10.0,70.0,80.0,0,0,7,6,3.751623444259167e-05,2.8413659928734245e-05,-0.12483689741203205,-0.08727330428821685,1536,69.5787813999923,69.78702429996338,89.0,1
opening_004_offset_04,opening_004,early,12,rn1qkbnr/2ppp1p1/bp6/p4p1p/2P5/4P1PP/PP1PKP1R/RNBQ1BN1 w kq - 2 7,white,recurrent_edges_attenuated_0.05,1,24,e2e1,h3h4,-109.0,-2.0,107.0,0,0,13,11,0.0,0.0,,,24,1.0654922999674454,74.94897450006101,67.0,1
opening_004_offset_04,opening_004,early,12,rn1qkbnr/2ppp1p1/bp6/p4p1p/2P5/4P1PP/PP1PKP1R/RNBQ1BN1 w kq - 2 7,white,recurrent_edges_attenuated_0.05,2,24,e2e1,e3e4,-391.0,-2.0,389.0,0,0,22,8,1.008847902994603e-06,1.3102304044179115e-05,-0.08652046497760964,-0.09278370237815067,48,2.2437116999644786,74.94897450006101,104.0,1
opening_004_offset_04,opening_004,early,12,rn1qkbnr/2ppp1p1/bp6/p4p1p/2P5/4P1PP/PP1PKP1R/RNBQ1BN1 w kq - 2 7,white,recurrent_edges_attenuated_0.05,4,24,e2e1,b2b3,-23.0,-2.0,21.0,0,0,3,9,1.1396914487704635e-06,1.8602749812315203e-05,-0.07305936245769991,-0.08348471099367218,96,4.573315999936312,74.94897450006101,0.0,1
opening_004_offset_04,opening_004,early,12,rn1qkbnr/2ppp1p1/bp6/p4p1p/2P5/4P1PP/PP1PKP1R/RNBQ1BN1 w kq - 2 7,white,recurrent_edges_attenuated_0.05,8,24,e2e1,b2b3,-23.0,-2.0,21.0,0,0,3,9,1.4712568372488022e-06,1.891492565171823e-05,-0.07305936245769991,-0.08348471099367218,192,8.818888499983586,74.94897450006101,0.0,1
opening_004_offset_04,opening_004,early,12,rn1qkbnr/2ppp1p1/bp6/p4p1p/2P5/4P1PP/PP1PKP1R/RNBQ1BN1 w kq - 2 7,white,recurrent_edges_attenuated_0.05,16,24,e2e1,b2b3,-23.0,-2.0,21.0,0,0,3,9,1.472159055992961e-06,1.891539836343872e-05,-0.07305936245769991,-0.08348471099367218,384,16.234996199957095,74.94897450006101,11.0,1
opening_004_offset_04,opening_004,early,12,rn1qkbnr/2ppp1p1/bp6/p4p1p/2P5/4P1PP/PP1PKP1R/RNBQ1BN1 w kq - 2 7,white,recurrent_edges_attenuated_0.05,32,24,e2e1,b2b3,-23.0,-2.0,21.0,0,0,3,9,1.472159055992961e-06,1.891539836343872e-05,-0.07305936245769991,-0.08348471099367218,768,31.33663459995296,74.94897450006101,19.0,1
opening_004_offset_04,opening_004,early,12,rn1qkbnr/2ppp1p1/bp6/p4p1p/2P5/4P1PP/PP1PKP1R/RNBQ1BN1 w kq - 2 7,white,recurrent_edges_attenuated_0.05,64,24,e2e1,b2b3,-23.0,-2.0,21.0,0,0,3,9,1.472159055992961e-06,1.891539836343872e-05,-0.07305936245769991,-0.08348471099367218,1536,74.77207929990254,74.94897450006101,14.0,1
opening_004_offset_08,opening_004,early,16,r2qkbnr/1bppp1p1/1pn5/p4p1p/2P5/N3P1PP/PP1PKP1R/R1B1QBN1 w kq - 6 9,white,recurrent_edges_attenuated_0.05,1,22,f1g2,h3h4,-160.0,-71.0,89.0,0,0,11,8,0.0,0.0,,,22,1.1048594999592751,82.81319270003587,78.0,1
opening_004_offset_08,opening_004,early,16,r2qkbnr/1bppp1p1/1pn5/p4p1p/2P5/N3P1PP/PP1PKP1R/R1B1QBN1 w kq - 6 9,white,recurrent_edges_attenuated_0.05,2,22,f1g2,e3e4,-678.0,-71.0,607.0,0,0,22,5,1.008855178952217e-06,1.0507604827814912e-05,0.06163421482036782,0.021834893892575622,44,2.2444987000199035,82.81319270003587,243.0,1
opening_004_offset_08,opening_004,early,16,r2qkbnr/1bppp1p1/1pn5/p4p1p/2P5/N3P1PP/PP1PKP1R/R1B1QBN1 w kq - 6 9,white,recurrent_edges_attenuated_0.05,4,22,f1g2,b2b3,-120.0,-71.0,49.0,0,0,4,5,1.139589585363865e-06,1.4997328349370428e-05,0.07058159232072277,0.012987012987012986,88,4.495633899932727,82.81319270003587,18.0,1
opening_004_offset_08,opening_004,early,16,r2qkbnr/1bppp1p1/1pn5/p4p1p/2P5/N3P1PP/PP1PKP1R/R1B1QBN1 w kq - 6 9,white,recurrent_edges_attenuated_0.05,8,22,f1g2,b2b3,-120.0,-71.0,49.0,0,0,4,5,1.4712568372488022e-06,1.5262558861193312e-05,0.07058159232072277,0.012987012987012986,176,10.360060999984853,82.81319270003587,17.0,1
opening_004_offset_08,opening_004,early,16,r2qkbnr/1bppp1p1/1pn5/p4p1p/2P5/N3P1PP/PP1PKP1R/R1B1QBN1 w kq - 6 9,white,recurrent_edges_attenuated_0.05,16,22,f1g2,b2b3,-120.0,-71.0,49.0,0,0,4,5,1.472362782806158e-06,1.5262998102295363e-05,0.07058159232072277,0.012987012987012986,352,21.133943900000304,82.81319270003587,41.0,1
opening_004_offset_08,opening_004,early,16,r2qkbnr/1bppp1p1/1pn5/p4p1p/2P5/N3P1PP/PP1PKP1R/R1B1QBN1 w kq - 6 9,white,recurrent_edges_attenuated_0.05,32,22,f1g2,b2b3,-120.0,-71.0,49.0,0,0,4,5,1.472362782806158e-06,1.5262998102295363e-05,0.07058159232072277,0.012987012987012986,704,40.34900849999394,82.81319270003587,43.0,1
opening_004_offset_08,opening_004,early,16,r2qkbnr/1bppp1p1/1pn5/p4p1p/2P5/N3P1PP/PP1PKP1R/R1B1QBN1 w kq - 6 9,white,recurrent_edges_attenuated_0.05,64,22,f1g2,b2b3,-120.0,-71.0,49.0,0,0,4,5,1.472362782806158e-06,1.5262998102295363e-05,0.07058159232072277,0.012987012987012986,1408,82.65375169995241,82.81319270003587,43.0,1
opening_004_offset_12,opening_004,middle,20,rn1qkbn1/1bppp1pr/1p6/p4p1p/2PPP3/N5PP/PP2KP1R/R1B1QBN1 w q - 1 11,white,recurrent_edges_attenuated_0.05,1,33,e4f5,h3h4,-2.0,201.0,203.0,0,0,8,9,0.0,0.0,,,33,1.2440232000080869,96.92924940004013,141.0,1
opening_004_offset_12,opening_004,middle,20,rn1qkbn1/1bppp1pr/1p6/p4p1p/2PPP3/N5PP/PP2KP1R/R1B1QBN1 w q - 1 11,white,recurrent_edges_attenuated_0.05,2,33,e4f5,e4f5,201.0,201.0,0.0,1,1,1,1,6.862064765300602e-07,1.1484290947082524e-05,0.002009043498697578,0.0,66,2.5924877000506967,96.92924940004013,0.0,1
opening_004_offset_12,opening_004,middle,20,rn1qkbn1/1bppp1pr/1p6/p4p1p/2PPP3/N5PP/PP2KP1R/R1B1QBN1 w q - 1 11,white,recurrent_edges_attenuated_0.05,4,33,e4f5,e4f5,201.0,201.0,0.0,1,1,1,1,9.589202818460763e-07,1.6458137251247972e-05,-0.012701596100166508,-0.00947867724385318,132,5.447396700037643,96.92924940004013,0.0,1
opening_004_offset_12,opening_004,middle,20,rn1qkbn1/1bppp1pr/1p6/p4p1p/2PPP3/N5PP/PP2KP1R/R1B1QBN1 w q - 1 11,white,recurrent_edges_attenuated_0.05,8,33,e4f5,e4f5,201.0,201.0,0.0,1,1,1,1,9.704599506221712e-07,1.6754811601855965e-05,-0.012701596100166508,-0.00947867724385318,264,10.931064400007017,96.92924940004013,0.0,1
opening_004_offset_12,opening_004,middle,20,rn1qkbn1/1bppp1pr/1p6/p4p1p/2PPP3/N5PP/PP2KP1R/R1B1QBN1 w q - 1 11,white,recurrent_edges_attenuated_0.05,16,33,e4f5,e4f5,201.0,201.0,0.0,1,1,1,1,9.704817784950137e-07,1.6755290537010298e-05,-0.012701596100166508,-0.00947867724385318,528,22.09874399995897,96.92924940004013,0.0,1
opening_004_offset_12,opening_004,middle,20,rn1qkbn1/1bppp1pr/1p6/p4p1p/2PPP3/N5PP/PP2KP1R/R1B1QBN1 w q - 1 11,white,recurrent_edges_attenuated_0.05,32,33,e4f5,e4f5,201.0,201.0,0.0,1,1,1,1,9.704817784950137e-07,1.6755290537010298e-05,-0.012701596100166508,-0.00947867724385318,1056,48.703951000003144,96.92924940004013,0.0,1
opening_004_offset_12,opening_004,middle,20,rn1qkbn1/1bppp1pr/1p6/p4p1p/2PPP3/N5PP/PP2KP1R/R1B1QBN1 w q - 1 11,white,recurrent_edges_attenuated_0.05,64,33,e4f5,e4f5,201.0,201.0,0.0,1,1,1,1,9.704817784950137e-07,1.6755290537010298e-05,-0.012701596100166508,-0.00947867724385318,2112,96.69766449998133,96.92924940004013,0.0,1
opening_004_offset_16,opening_004,middle,24,rnbqkbn1/2Bpp1pr/1pp5/p4p1p/2PPP3/N5PP/PP2KP1R/R3QBN1 w q - 2 13,white,recurrent_edges_attenuated_0.05,1,38,c7d8,h3h4,-462.0,589.0,1051.0,0,0,21,26,0.0,0.0,,,38,2.727545600035228,141.36559800000396,,0
opening_004_offset_16,opening_004,middle,24,rnbqkbn1/2Bpp1pr/1pp5/p4p1p/2PPP3/N5PP/PP2KP1R/R3QBN1 w q - 2 13,white,recurrent_edges_attenuated_0.05,2,38,c7d8,e4f5,-280.0,589.0,869.0,0,0,6,33,6.86239218339324e-07,1.9108955457497003e-05,-0.22467594307531316,-0.1539832594377938,76,5.190685100038536,141.36559800000396,,0
opening_004_offset_16,opening_004,middle,24,rnbqkbn1/2Bpp1pr/1pp5/p4p1p/2PPP3/N5PP/PP2KP1R/R3QBN1 w q - 2 13,white,recurrent_edges_attenuated_0.05,4,38,c7d8,e4f5,-280.0,589.0,869.0,0,0,6,33,9.586801752448082e-07,2.6563568760433932e-05,-0.2492886861063932,-0.1638178300276714,152,9.40077129995916,141.36559800000396,,0
opening_004_offset_16,opening_004,middle,24,rnbqkbn1/2Bpp1pr/1pp5/p4p1p/2PPP3/N5PP/PP2KP1R/R3QBN1 w q - 2 13,white,recurrent_edges_attenuated_0.05,8,38,c7d8,e4f5,-280.0,589.0,869.0,0,0,6,33,9.704381227493286e-07,2.6941377482381106e-05,-0.25060188375050063,-0.16666683576728308,304,17.81672520004213,141.36559800000396,,0
opening_004_offset_16,opening_004,middle,24,rnbqkbn1/2Bpp1pr/1pp5/p4p1p/2PPP3/N5PP/PP2KP1R/R3QBN1 w q - 2 13,white,recurrent_edges_attenuated_0.05,16,38,c7d8,e4f5,-280.0,589.0,869.0,0,0,6,33,9.703508112579584e-07,2.6941856911109062e-05,-0.25060188375050063,-0.16666683576728308,608,33.77970830001868,141.36559800000396,,0
opening_004_offset_16,opening_004,middle,24,rnbqkbn1/2Bpp1pr/1pp5/p4p1p/2PPP3/N5PP/PP2KP1R/R3QBN1 w q - 2 13,white,recurrent_edges_attenuated_0.05,32,38,c7d8,e4f5,-280.0,589.0,869.0,0,0,6,33,9.703508112579584e-07,2.6941856911109062e-05,-0.25060188375050063,-0.16666683576728308,1216,66.70735469995998,141.36559800000396,,0
opening_004_offset_16,opening_004,middle,24,rnbqkbn1/2Bpp1pr/1pp5/p4p1p/2PPP3/N5PP/PP2KP1R/R3QBN1 w q - 2 13,white,recurrent_edges_attenuated_0.05,64,38,c7d8,e4f5,-280.0,589.0,869.0,0,0,6,33,9.703508112579584e-07,2.6941856911109062e-05,-0.25060188375050063,-0.16666683576728308,2432,140.8736799999606,141.36559800000396,,0
opening_004_offset_20,opening_004,late,28,1n1qkbn1/rbBpp1pr/1pp5/p4p1p/2PPP3/N4NPP/PP2KP1R/R1Q2B2 w - - 6 15,white,recurrent_edges_attenuated_0.05,1,42,c7d8,h3h4,-265.0,746.0,1011.0,0,0,17,22,0.0,0.0,,,42,2.9531467999331653,152.70769109996036,,0
opening_004_offset_20,opening_004,late,28,1n1qkbn1/rbBpp1pr/1pp5/p4p1p/2PPP3/N4NPP/PP2KP1R/R1Q2B2 w - - 6 15,white,recurrent_edges_attenuated_0.05,2,42,c7d8,e4f5,-222.0,746.0,968.0,0,0,13,30,6.862101145088673e-07,7.23727453050003e-05,0.2152673911471339,0.16598710052774074,84,5.930694199982099,152.70769109996036,,0
opening_004_offset_20,opening_004,late,28,1n1qkbn1/rbBpp1pr/1pp5/p4p1p/2PPP3/N4NPP/PP2KP1R/R1Q2B2 w - - 6 15,white,recurrent_edges_attenuated_0.05,4,42,c7d8,e4f5,-222.0,746.0,968.0,0,0,13,30,1.2304808478802443e-06,0.00010104075734139319,0.21927798729558132,0.16734459536224422,168,11.71535589999985,152.70769109996036,,0
opening_004_offset_20,opening_004,late,28,1n1qkbn1/rbBpp1pr/1pp5/p4p1p/2PPP3/N4NPP/PP2KP1R/R1Q2B2 w - - 6 15,white,recurrent_edges_attenuated_0.05,8,42,c7d8,e4f5,-222.0,746.0,968.0,0,0,13,30,1.2857199180871248e-06,0.00010252473913305066,0.2191159193079275,0.16502036487110192,336,20.56200809997972,152.70769109996036,,0
opening_004_offset_20,opening_004,late,28,1n1qkbn1/rbBpp1pr/1pp5/p4p1p/2PPP3/N4NPP/PP2KP1R/R1Q2B2 w - - 6 15,white,recurrent_edges_attenuated_0.05,16,42,c7d8,e4f5,-222.0,746.0,968.0,0,0,13,30,1.2858654372394085e-06,0.000102526681398661,0.2191159193079275,0.16502036487110192,672,39.71851589996368,152.70769109996036,,0
opening_004_offset_20,opening_004,late,28,1n1qkbn1/rbBpp1pr/1pp5/p4p1p/2PPP3/N4NPP/PP2KP1R/R1Q2B2 w - - 6 15,white,recurrent_edges_attenuated_0.05,32,42,c7d8,e4f5,-222.0,746.0,968.0,0,0,13,30,1.2858654372394085e-06,0.000102526681398661,0.2191159193079275,0.16502036487110192,1344,79.00062669999897,152.70769109996036,,0
opening_004_offset_20,opening_004,late,28,1n1qkbn1/rbBpp1pr/1pp5/p4p1p/2PPP3/N4NPP/PP2KP1R/R1Q2B2 w - - 6 15,white,recurrent_edges_attenuated_0.05,64,42,c7d8,e4f5,-222.0,746.0,968.0,0,0,13,30,1.2858654372394085e-06,0.000102526681398661,0.2191159193079275,0.16502036487110192,2688,152.3438169999281,152.70769109996036,,0
opening_004_offset_24,opening_004,late,32,1n1qkb2/rbBpp1pr/1pp4n/p4p2/1PPPP2p/N4NPP/P3KP2/R1Q2B1R w - - 1 17,white,recurrent_edges_attenuated_0.05,1,44,c7d8,h1h2,-558.0,890.0,1448.0,0,0,29,23,0.0,0.0,,,44,2.2720412999624386,146.77747659990564,,0
opening_004_offset_24,opening_004,late,32,1n1qkb2/rbBpp1pr/1pp4n/p4p2/1PPPP2p/N4NPP/P3KP2/R1Q2B1R w - - 1 17,white,recurrent_edges_attenuated_0.05,2,44,c7d8,b4a5,-350.0,890.0,1240.0,0,0,16,32,1.0192510671913624e-05,7.978170585723987e-05,0.24748747428996426,0.16729356796952174,88,4.437159699969925,146.77747659990564,,0
opening_004_offset_24,opening_004,late,32,1n1qkb2/rbBpp1pr/1pp4n/p4p2/1PPPP2p/N4NPP/P3KP2/R1Q2B1R w - - 1 17,white,recurrent_edges_attenuated_0.05,4,44,c7d8,b4a5,-350.0,890.0,1240.0,0,0,16,32,1.4856545021757483e-05,0.00011176994954221228,0.25088090204369273,0.1627906976744186,176,8.606678299955092,146.77747659990564,,0
opening_004_offset_24,opening_004,late,32,1n1qkb2/rbBpp1pr/1pp4n/p4p2/1PPPP2p/N4NPP/P3KP2/R1Q2B1R w - - 1 17,white,recurrent_edges_attenuated_0.05,8,44,c7d8,b4a5,-350.0,890.0,1240.0,0,0,16,32,1.5117402654141188e-05,0.00011345716295654932,0.24961240310077518,0.15856236786469344,352,17.17801919998601,146.77747659990564,,0
opening_004_offset_24,opening_004,late,32,1n1qkb2/rbBpp1pr/1pp4n/p4p2/1PPPP2p/N4NPP/P3KP2/R1Q2B1R w - - 1 17,white,recurrent_edges_attenuated_0.05,16,44,c7d8,b4a5,-350.0,890.0,1240.0,0,0,16,32,1.5117591829039156e-05,0.00011345948241934796,0.24961240310077518,0.15856236786469344,704,37.98066839994863,146.77747659990564,,0
opening_004_offset_24,opening_004,late,32,1n1qkb2/rbBpp1pr/1pp4n/p4p2/1PPPP2p/N4NPP/P3KP2/R1Q2B1R w - - 1 17,white,recurrent_edges_attenuated_0.05,32,44,c7d8,b4a5,-350.0,890.0,1240.0,0,0,16,32,1.5117591829039156e-05,0.00011345948241934796,0.24961240310077518,0.15856236786469344,1408,75.92547849996481,146.77747659990564,,0
opening_004_offset_24,opening_004,late,32,1n1qkb2/rbBpp1pr/1pp4n/p4p2/1PPPP2p/N4NPP/P3KP2/R1Q2B1R w - - 1 17,white,recurrent_edges_attenuated_0.05,64,44,c7d8,b4a5,-350.0,890.0,1240.0,0,0,16,32,1.5117591829039156e-05,0.00011345948241934796,0.24961240310077518,0.15856236786469344,2816,146.403656499926,146.77747659990564,,0
opening_005_offset_00,opening_005,early,8,r1bqkb1r/ppp1pppp/3p1n2/8/1nB1P3/1PP5/P2P1PPP/RNBQK1NR w KQkq - 2 5,white,recurrent_edges_attenuated_0.05,1,33,c3b4,h2h4,-29.0,514.0,543.0,0,0,17,28,0.0,0.0,,,33,1.3233687999891117,88.03762969991658,,0
opening_005_offset_00,opening_005,early,8,r1bqkb1r/ppp1pppp/3p1n2/8/1nB1P3/1PP5/P2P1PPP/RNBQK1NR w KQkq - 2 5,white,recurrent_edges_attenuated_0.05,2,33,c3b4,g2g3,-66.0,514.0,580.0,0,0,21,4,2.626341301947832e-05,2.0393777156191525e-05,0.07055864905554823,0.030939872671602604,66,2.7420167999807745,88.03762969991658,,0
opening_005_offset_00,opening_005,early,8,r1bqkb1r/ppp1pppp/3p1n2/8/1nB1P3/1PP5/P2P1PPP/RNBQK1NR w KQkq - 2 5,white,recurrent_edges_attenuated_0.05,4,33,c3b4,g2g3,-66.0,514.0,580.0,0,1,21,3,3.695389023050666e-05,2.8832310563418635e-05,0.10495529409084955,0.05876779891188972,132,5.290594700025395,88.03762969991658,,0
opening_005_offset_00,opening_005,early,8,r1bqkb1r/ppp1pppp/3p1n2/8/1nB1P3/1PP5/P2P1PPP/RNBQK1NR w KQkq - 2 5,white,recurrent_edges_attenuated_0.05,8,33,c3b4,g2g3,-66.0,514.0,580.0,0,1,21,3,3.7518213503062725e-05,2.930001039057377e-05,0.10495529409084955,0.05876779891188972,264,10.294246100005694,88.03762969991658,,0
opening_005_offset_00,opening_005,early,8,r1bqkb1r/ppp1pppp/3p1n2/8/1nB1P3/1PP5/P2P1PPP/RNBQK1NR w KQkq - 2 5,white,recurrent_edges_attenuated_0.05,16,33,c3b4,g2g3,-66.0,514.0,580.0,0,1,21,3,3.751879557967186e-05,2.9300704169475975e-05,0.10495529409084955,0.05876779891188972,528,21.223395299981348,88.03762969991658,,0
opening_005_offset_00,opening_005,early,8,r1bqkb1r/ppp1pppp/3p1n2/8/1nB1P3/1PP5/P2P1PPP/RNBQK1NR w KQkq - 2 5,white,recurrent_edges_attenuated_0.05,32,33,c3b4,g2g3,-66.0,514.0,580.0,0,1,21,3,3.751879557967186e-05,2.9300704169475975e-05,0.10495529409084955,0.05876779891188972,1056,41.91159599996172,88.03762969991658,,0
opening_005_offset_00,opening_005,early,8,r1bqkb1r/ppp1pppp/3p1n2/8/1nB1P3/1PP5/P2P1PPP/RNBQK1NR w KQkq - 2 5,white,recurrent_edges_attenuated_0.05,64,33,c3b4,g2g3,-66.0,514.0,580.0,0,1,21,3,3.751879557967186e-05,2.9300704169475975e-05,0.10495529409084955,0.05876779891188972,2112,87.82886719994713,88.03762969991658,,0
opening_005_offset_04,opening_005,early,12,r2qkb1r/pbp1pppp/3p1n2/1p2P3/1nB5/BPP5/P2P1PPP/RN1QK1NR w KQkq - 1 7,white,recurrent_edges_attenuated_0.05,1,33,c4b5,h2h4,-354.0,319.0,673.0,0,0,17,29,0.0,0.0,,,33,1.3942644000053406,85.50178409996442,,0
opening_005_offset_04,opening_005,early,12,r2qkb1r/pbp1pppp/3p1n2/1p2P3/1nB5/BPP5/P2P1PPP/RN1QK1NR w KQkq - 1 7,white,recurrent_edges_attenuated_0.05,2,33,c4b5,e5f6,179.0,319.0,140.0,0,0,4,6,8.073460776358843e-06,4.4031157650009176e-05,0.1437095302505356,0.10617641322394408,66,2.947929799905978,85.50178409996442,,0
opening_005_offset_04,opening_005,early,12,r2qkb1r/pbp1pppp/3p1n2/1p2P3/1nB5/BPP5/P2P1PPP/RN1QK1NR w KQkq - 1 7,white,recurrent_edges_attenuated_0.05,4,33,c4b5,e5f6,179.0,319.0,140.0,0,0,4,6,1.1418946087360382e-05,6.35362611111896e-05,0.2002339991197691,0.13662263685599962,132,5.6256525999633595,85.50178409996442,,0
opening_005_offset_04,opening_005,early,12,r2qkb1r/pbp1pppp/3p1n2/1p2P3/1nB5/BPP5/P2P1PPP/RN1QK1NR w KQkq - 1 7,white,recurrent_edges_attenuated_0.05,8,33,c4b5,e5f6,179.0,319.0,140.0,0,0,4,6,1.159869134426117e-05,6.469056768723593e-05,0.2002339991197691,0.13662263685599962,264,10.985070899943821,85.50178409996442,,0
opening_005_offset_04,opening_005,early,12,r2qkb1r/pbp1pppp/3p1n2/1p2P3/1nB5/BPP5/P2P1PPP/RN1QK1NR w KQkq - 1 7,white,recurrent_edges_attenuated_0.05,16,33,c4b5,e5f6,179.0,319.0,140.0,0,0,4,6,1.1599157005548477e-05,6.469233950395198e-05,0.2002339991197691,0.13662263685599962,528,21.444415099918842,85.50178409996442,,0
opening_005_offset_04,opening_005,early,12,r2qkb1r/pbp1pppp/3p1n2/1p2P3/1nB5/BPP5/P2P1PPP/RN1QK1NR w KQkq - 1 7,white,recurrent_edges_attenuated_0.05,32,33,c4b5,e5f6,179.0,319.0,140.0,0,0,4,6,1.1599157005548477e-05,6.469233950395198e-05,0.2002339991197691,0.13662263685599962,1056,41.64170069992542,85.50178409996442,,0
opening_005_offset_04,opening_005,early,12,r2qkb1r/pbp1pppp/3p1n2/1p2P3/1nB5/BPP5/P2P1PPP/RN1QK1NR w KQkq - 1 7,white,recurrent_edges_attenuated_0.05,64,33,c4b5,e5f6,179.0,319.0,140.0,0,0,4,6,1.1599157005548477e-05,6.469233950395198e-05,0.2002339991197691,0.13662263685599962,2112,85.28777880000416,85.50178409996442,,0
opening_005_offset_08,opening_005,early,16,rq2kb1r/pbp1pppp/3p1n2/1p1nP3/2B5/BPP4N/P2P1PPP/RNQ1K2R w KQkq - 5 9,white,recurrent_edges_attenuated_0.05,1,31,c4b5,h3g5,-784.0,52.0,836.0,0,0,29,23,0.0,0.0,,,31,1.3978661000728607,85.0292577999644,,0
opening_005_offset_08,opening_005,early,16,rq2kb1r/pbp1pppp/3p1n2/1p1nP3/2B5/BPP4N/P2P1PPP/RNQ1K2R w KQkq - 5 9,white,recurrent_edges_attenuated_0.05,2,31,c4b5,e5f6,-122.0,52.0,174.0,0,0,2,6,8.073460776358843e-06,4.174366495051144e-05,-0.10589390584641842,-0.07518391291050519,62,2.897657500114292,85.0292577999644,,0
opening_005_offset_08,opening_005,early,16,rq2kb1r/pbp1pppp/3p1n2/1p1nP3/2B5/BPP4N/P2P1PPP/RNQ1K2R w KQkq - 5 9,white,recurrent_edges_attenuated_0.05,4,31,c4b5,e5f6,-122.0,52.0,174.0,0,0,2,6,1.1418480426073074e-05,6.052056144986353e-05,0.030657525689167544,0.021575086012622948,124,5.421452900045551,85.0292577999644,,0
opening_005_offset_08,opening_005,early,16,rq2kb1r/pbp1pppp/3p1n2/1p1nP3/2B5/BPP4N/P2P1PPP/RNQ1K2R w KQkq - 5 9,white,recurrent_edges_attenuated_0.05,8,31,c4b5,e5f6,-122.0,52.0,174.0,0,0,2,6,1.159904059022665e-05,6.164918651444044e-05,0.035901576135998835,0.025890103215147536,248,10.567999200080521,85.0292577999644,,0
opening_005_offset_08,opening_005,early,16,rq2kb1r/pbp1pppp/3p1n2/1p1nP3/2B5/BPP4N/P2P1PPP/RNQ1K2R w KQkq - 5 9,white,recurrent_edges_attenuated_0.05,16,31,c4b5,e5f6,-122.0,52.0,174.0,0,0,2,6,1.1599506251513958e-05,6.165091857636926e-05,0.035901576135998835,0.025890103215147536,496,21.692750000045635,85.0292577999644,,0
opening_005_offset_08,opening_005,early,16,rq2kb1r/pbp1pppp/3p1n2/1p1nP3/2B5/BPP4N/P2P1PPP/RNQ1K2R w KQkq - 5 9,white,recurrent_edges_attenuated_0.05,32,31,c4b5,e5f6,-122.0,52.0,174.0,0,0,2,6,1.1599506251513958e-05,6.165091857636926e-05,0.035901576135998835,0.025890103215147536,992,43.62862150010187,85.0292577999644,,0
opening_005_offset_08,opening_005,early,16,rq2kb1r/pbp1pppp/3p1n2/1p1nP3/2B5/BPP4N/P2P1PPP/RNQ1K2R w KQkq - 5 9,white,recurrent_edges_attenuated_0.05,64,31,c4b5,e5f6,-122.0,52.0,174.0,0,0,2,6,1.1599506251513958e-05,6.165091857636926e-05,0.035901576135998835,0.025890103215147536,1984,84.84392930008471,85.0292577999644,,0
opening_005_offset_12,opening_005,middle,20,rq2kb1r/pbp1pppp/5n2/1p1pP3/2B2n2/BPP5/P2P1PPP/RN1QK1NR w KQkq - 0 11,white,recurrent_edges_attenuated_0.05,1,31,c4f1,h2h4,-658.0,53.0,711.0,0,0,9,20,0.0,0.0,,,31,1.3187385000055656,81.33642020006664,,0
opening_005_offset_12,opening_005,middle,20,rq2kb1r/pbp1pppp/5n2/1p1pP3/2B2n2/BPP5/P2P1PPP/RN1QK1NR w KQkq - 0 11,white,recurrent_edges_attenuated_0.05,2,31,c4f1,a3e7,-664.0,53.0,717.0,0,0,10,18,0.00010086293332278728,5.738291141581837e-05,-0.04893154443337476,-0.04432482378400513,62,2.606032699928619,81.33642020006664,,0
opening_005_offset_12,opening_005,middle,20,rq2kb1r/pbp1pppp/5n2/1p1pP3/2B2n2/BPP5/P2P1PPP/RN1QK1NR w KQkq - 0 11,white,recurrent_edges_attenuated_0.05,4,31,c4f1,a3e7,-664.0,53.0,717.0,0,0,10,14,0.00012985069770365953,8.080466428877165e-05,-0.011694727350490111,-0.012917122661105559,124,5.028050399967469,81.33642020006664,,0
opening_005_offset_12,opening_005,middle,20,rq2kb1r/pbp1pppp/5n2/1p1pP3/2B2n2/BPP5/P2P1PPP/RN1QK1NR w KQkq - 0 11,white,recurrent_edges_attenuated_0.05,8,31,c4f1,a3e7,-664.0,53.0,717.0,0,0,10,13,0.00013044942170381546,8.204885846640286e-05,-0.0072587962865111036,-0.008611415107403705,248,10.032067999942228,81.33642020006664,,0
opening_005_offset_12,opening_005,middle,20,rq2kb1r/pbp1pppp/5n2/1p1pP3/2B2n2/BPP5/P2P1PPP/RN1QK1NR w KQkq - 0 11,white,recurrent_edges_attenuated_0.05,16,31,c4f1,a3e7,-664.0,53.0,717.0,0,0,10,13,0.00013044860679656267,8.205042785269909e-05,-0.0072587962865111036,-0.008611415107403705,496,21.201075099990703,81.33642020006664,,0
opening_005_offset_12,opening_005,middle,20,rq2kb1r/pbp1pppp/5n2/1p1pP3/2B2n2/BPP5/P2P1PPP/RN1QK1NR w KQkq - 0 11,white,recurrent_edges_attenuated_0.05,32,31,c4f1,a3e7,-664.0,53.0,717.0,0,0,10,13,0.00013044860679656267,8.205042785269909e-05,-0.0072587962865111036,-0.008611415107403705,992,43.40323900000658,81.33642020006664,,0
opening_005_offset_12,opening_005,middle,20,rq2kb1r/pbp1pppp/5n2/1p1pP3/2B2n2/BPP5/P2P1PPP/RN1QK1NR w KQkq - 0 11,white,recurrent_edges_attenuated_0.05,64,31,c4f1,a3e7,-664.0,53.0,717.0,0,0,10,13,0.00013044860679656267,8.205042785269909e-05,-0.0072587962865111036,-0.008611415107403705,1984,81.15886969992425,81.33642020006664,,0
opening_005_offset_16,opening_005,middle,24,r3qb1r/pbpkpppp/3B1n2/1p1pP3/5n2/1PP5/P2PBPPP/RN1QK1NR w KQ - 4 13,white,recurrent_edges_attenuated_0.05,1,31,d6c5,h2h4,-388.0,88.0,476.0,0,0,18,20,0.0,0.0,,,31,1.2042733000125736,79.91923250001855,,0
opening_005_offset_16,opening_005,middle,24,r3qb1r/pbpkpppp/3B1n2/1p1pP3/5n2/1PP5/P2PBPPP/RN1QK1NR w KQ - 4 13,white,recurrent_edges_attenuated_0.05,2,31,d6c5,d6e7,-348.0,88.0,436.0,0,0,15,19,0.0001008629915304482,5.7711748218813164e-05,-0.10769403999044352,-0.07800054186687097,62,2.436185900005512,79.91923250001855,,0
opening_005_offset_16,opening_005,middle,24,r3qb1r/pbpkpppp/3B1n2/1p1pP3/5n2/1PP5/P2PBPPP/RN1QK1NR w KQ - 4 13,white,recurrent_edges_attenuated_0.05,4,31,d6c5,d6e7,-348.0,88.0,436.0,0,0,15,20,0.00012981786858290434,8.117607016739735e-05,-0.11129032258064517,-0.07096774193548387,124,4.721420800080523,79.91923250001855,,0
opening_005_offset_16,opening_005,middle,24,r3qb1r/pbpkpppp/3B1n2/1p1pP3/5n2/1PP5/P2PBPPP/RN1QK1NR w KQ - 4 13,white,recurrent_edges_attenuated_0.05,8,31,d6c5,d6e7,-348.0,88.0,436.0,0,0,15,20,0.0001304133329540491,8.24141482651545e-05,-0.11129032258064517,-0.07096774193548387,248,9.372765100095421,79.91923250001855,,0
opening_005_offset_16,opening_005,middle,24,r3qb1r/pbpkpppp/3B1n2/1p1pP3/5n2/1PP5/P2PBPPP/RN1QK1NR w KQ - 4 13,white,recurrent_edges_attenuated_0.05,16,31,d6c5,d6e7,-348.0,88.0,436.0,0,0,15,20,0.00013041216880083084,8.241566032522511e-05,-0.11129032258064517,-0.07096774193548387,496,18.758973799995147,79.91923250001855,,0
opening_005_offset_16,opening_005,middle,24,r3qb1r/pbpkpppp/3B1n2/1p1pP3/5n2/1PP5/P2PBPPP/RN1QK1NR w KQ - 4 13,white,recurrent_edges_attenuated_0.05,32,31,d6c5,d6e7,-348.0,88.0,436.0,0,0,15,20,0.00013041216880083084,8.241566032522511e-05,-0.11129032258064517,-0.07096774193548387,992,36.84599810000509,79.91923250001855,,0
opening_005_offset_16,opening_005,middle,24,r3qb1r/pbpkpppp/3B1n2/1p1pP3/5n2/1PP5/P2PBPPP/RN1QK1NR w KQ - 4 13,white,recurrent_edges_attenuated_0.05,64,31,d6c5,d6e7,-348.0,88.0,436.0,0,0,15,20,0.00013041216880083084,8.241566032522511e-05,-0.11129032258064517,-0.07096774193548387,1984,79.73459630005527,79.91923250001855,,0
opening_005_offset_20,opening_005,late,28,r3qb1r/1bp1pppp/2kBPn2/pp1p4/5n2/1PP5/P1QPBPPP/RN2K1NR w KQ - 0 15,white,recurrent_edges_attenuated_0.05,1,40,d6f4,h2h4,-724.0,754.0,1478.0,0,0,28,19,0.0,0.0,,,40,1.338205699925311,85.85099569999147,,0
opening_005_offset_20,opening_005,late,28,r3qb1r/1bp1pppp/2kBPn2/pp1p4/5n2/1PP5/P1QPBPPP/RN2K1NR w KQ - 0 15,white,recurrent_edges_attenuated_0.05,2,40,d6f4,d6e7,-806.0,754.0,1560.0,0,0,34,6,0.0001860924530774355,4.264005694081832e-05,-0.1509028690182137,-0.11894527045341576,80,2.6441628999309614,85.85099569999147,,0
opening_005_offset_20,opening_005,late,28,r3qb1r/1bp1pppp/2kBPn2/pp1p4/5n2/1PP5/P1QPBPPP/RN2K1NR w KQ - 0 15,white,recurrent_edges_attenuated_0.05,4,40,d6f4,d6e7,-806.0,754.0,1560.0,0,0,34,6,0.00025531777646392584,5.9155732478242806e-05,-0.15046904315197,-0.11282051282051282,160,5.196390299941413,85.85099569999147,,0
opening_005_offset_20,opening_005,late,28,r3qb1r/1bp1pppp/2kBPn2/pp1p4/5n2/1PP5/P1QPBPPP/RN2K1NR w KQ - 0 15,white,recurrent_edges_attenuated_0.05,8,40,d6f4,d6e7,-806.0,754.0,1560.0,0,0,34,6,0.0002584373578429222,5.996508061800195e-05,-0.15046904315197,-0.11282051282051282,320,10.248941799975,85.85099569999147,,0
opening_005_offset_20,opening_005,late,28,r3qb1r/1bp1pppp/2kBPn2/pp1p4/5n2/1PP5/P1QPBPPP/RN2K1NR w KQ - 0 15,white,recurrent_edges_attenuated_0.05,16,40,d6f4,d6e7,-806.0,754.0,1560.0,0,0,34,6,0.0002584395697340369,5.996594337458403e-05,-0.15046904315197,-0.11282051282051282,640,21.632340399897657,85.85099569999147,,0
opening_005_offset_20,opening_005,late,28,r3qb1r/1bp1pppp/2kBPn2/pp1p4/5n2/1PP5/P1QPBPPP/RN2K1NR w KQ - 0 15,white,recurrent_edges_attenuated_0.05,32,40,d6f4,d6e7,-806.0,754.0,1560.0,0,0,34,6,0.0002584395697340369,5.996594337458403e-05,-0.15046904315197,-0.11282051282051282,1280,42.347495099995285,85.85099569999147,,0
opening_005_offset_20,opening_005,late,28,r3qb1r/1bp1pppp/2kBPn2/pp1p4/5n2/1PP5/P1QPBPPP/RN2K1NR w KQ - 0 15,white,recurrent_edges_attenuated_0.05,64,40,d6f4,d6e7,-806.0,754.0,1560.0,0,0,34,6,0.0002584395697340369,5.996594337458403e-05,-0.15046904315197,-0.11282051282051282,2560,85.61470119992737,85.85099569999147,,0
opening_005_offset_24,opening_005,late,32,4qb1r/r1p1pppp/b1kBPn2/pp1p3B/5n2/1PP5/PQ1P1PPP/RN2K1NR w KQ - 4 17,white,recurrent_edges_attenuated_0.05,1,34,d6f4,h5g6,-805.0,44.0,849.0,0,0,15,18,0.0,0.0,,,34,1.1868311000289395,82.74444120004773,,0
opening_005_offset_24,opening_005,late,32,4qb1r/r1p1pppp/b1kBPn2/pp1p3B/5n2/1PP5/PQ1P1PPP/RN2K1NR w KQ - 4 17,white,recurrent_edges_attenuated_0.05,2,34,d6f4,d6e7,-1041.0,44.0,1085.0,0,0,32,7,0.0001860924530774355,4.6898225431684974e-05,0.22258267973129625,0.18435077403994213,68,2.5231279999716207,82.74444120004773,,0
opening_005_offset_24,opening_005,late,32,4qb1r/r1p1pppp/b1kBPn2/pp1p3B/5n2/1PP5/PQ1P1PPP/RN2K1NR w KQ - 4 17,white,recurrent_edges_attenuated_0.05,4,34,d6f4,d6e7,-1041.0,44.0,1085.0,0,0,32,6,0.0002553177182562649,6.511083877143912e-05,0.21269768569982841,0.1748439589524748,136,4.964595100027509,82.74444120004773,,0
opening_005_offset_24,opening_005,late,32,4qb1r/r1p1pppp/b1kBPn2/pp1p3B/5n2/1PP5/PQ1P1PPP/RN2K1NR w KQ - 4 17,white,recurrent_edges_attenuated_0.05,8,34,d6f4,d6e7,-1041.0,44.0,1085.0,0,0,32,6,0.00025843700859695673,6.600824115257817e-05,0.21269768569982841,0.1748439589524748,272,9.938730499939993,82.74444120004773,,0
opening_005_offset_24,opening_005,late,32,4qb1r/r1p1pppp/b1kBPn2/pp1p3B/5n2/1PP5/PQ1P1PPP/RN2K1NR w KQ - 4 17,white,recurrent_edges_attenuated_0.05,16,34,d6f4,d6e7,-1041.0,44.0,1085.0,0,0,32,6,0.00025843974435701966,6.600929109668531e-05,0.21269768569982841,0.1748439589524748,544,19.320049099973403,82.74444120004773,,0
opening_005_offset_24,opening_005,late,32,4qb1r/r1p1pppp/b1kBPn2/pp1p3B/5n2/1PP5/PQ1P1PPP/RN2K1NR w KQ - 4 17,white,recurrent_edges_attenuated_0.05,32,34,d6f4,d6e7,-1041.0,44.0,1085.0,0,0,32,6,0.00025843974435701966,6.600929109668531e-05,0.21269768569982841,0.1748439589524748,1088,40.18577420001384,82.74444120004773,,0
opening_005_offset_24,opening_005,late,32,4qb1r/r1p1pppp/b1kBPn2/pp1p3B/5n2/1PP5/PQ1P1PPP/RN2K1NR w KQ - 4 17,white,recurrent_edges_attenuated_0.05,64,34,d6f4,d6e7,-1041.0,44.0,1085.0,0,0,32,6,0.00025843974435701966,6.600929109668531e-05,0.21269768569982841,0.1748439589524748,2176,82.55129989993293,82.74444120004773,,0
opening_006_offset_00,opening_006,early,8,r1b1k1nr/pppp1ppp/n3p3/6q1/1b6/P2P4/2PNPPPP/R1BQKBNR w KQkq - 0 5,white,recurrent_edges_attenuated_0.05,1,18,a3b4,h2h4,-60.0,688.0,748.0,0,0,7,15,0.0,0.0,,,18,0.9709795999806374,63.69958769995719,,0
opening_006_offset_00,opening_006,early,8,r1b1k1nr/pppp1ppp/n3p3/6q1/1b6/P2P4/2PNPPPP/R1BQKBNR w KQkq - 0 5,white,recurrent_edges_attenuated_0.05,2,18,a3b4,g2g3,-74.0,688.0,762.0,0,1,10,3,2.6263398467563093e-05,2.2583022145162406e-05,0.12088224407596421,0.09634801621845565,36,1.9386600999860093,63.69958769995719,,0
opening_006_offset_00,opening_006,early,8,r1b1k1nr/pppp1ppp/n3p3/6q1/1b6/P2P4/2PNPPPP/R1BQKBNR w KQkq - 0 5,white,recurrent_edges_attenuated_0.05,4,18,a3b4,g2g3,-74.0,688.0,762.0,0,1,10,3,3.695405030157417e-05,3.186885658312773e-05,0.17440660474716205,0.12418300653594773,72,3.8580880999797955,63.69958769995719,,0
opening_006_offset_00,opening_006,early,8,r1b1k1nr/pppp1ppp/n3p3/6q1/1b6/P2P4/2PNPPPP/R1BQKBNR w KQkq - 0 5,white,recurrent_edges_attenuated_0.05,8,18,a3b4,g2g3,-74.0,688.0,762.0,0,1,10,3,3.751825715880841e-05,3.2379311419199716e-05,0.17440660474716205,0.12418300653594773,144,7.6897074999287724,63.69958769995719,,0
opening_006_offset_00,opening_006,early,8,r1b1k1nr/pppp1ppp/n3p3/6q1/1b6/P2P4/2PNPPPP/R1BQKBNR w KQkq - 0 5,white,recurrent_edges_attenuated_0.05,16,18,a3b4,g2g3,-74.0,688.0,762.0,0,1,10,3,3.751904296223074e-05,3.238007371540803e-05,0.17440660474716205,0.12418300653594773,288,15.2888109999476,63.69958769995719,,0
opening_006_offset_00,opening_006,early,8,r1b1k1nr/pppp1ppp/n3p3/6q1/1b6/P2P4/2PNPPPP/R1BQKBNR w KQkq - 0 5,white,recurrent_edges_attenuated_0.05,32,18,a3b4,g2g3,-74.0,688.0,762.0,0,1,10,3,3.751904296223074e-05,3.238007371540803e-05,0.17440660474716205,0.12418300653594773,576,33.68996320001315,63.69958769995719,,0
opening_006_offset_00,opening_006,early,8,r1b1k1nr/pppp1ppp/n3p3/6q1/1b6/P2P4/2PNPPPP/R1BQKBNR w KQkq - 0 5,white,recurrent_edges_attenuated_0.05,64,18,a3b4,g2g3,-74.0,688.0,762.0,0,1,10,3,3.751904296223074e-05,3.238007371540803e-05,0.17440660474716205,0.12418300653594773,1152,63.60515860002488,63.69958769995719,,0
opening_006_offset_04,opening_006,early,12,r1b1k1nr/pppp1ppp/n3p3/5q2/Pb2P3/3P4/2PN1PPP/R1BQKBNR w KQkq - 1 7,white,recurrent_edges_attenuated_0.05,1,26,e4f5,h2h4,-42.0,783.0,825.0,0,0,5,11,0.0,0.0,,,26,1.157048499910161,74.93424810003489,,0
opening_006_offset_04,opening_006,early,12,r1b1k1nr/pppp1ppp/n3p3/5q2/Pb2P3/3P4/2PN1PPP/R1BQKBNR w KQkq - 1 7,white,recurrent_edges_attenuated_0.05,2,26,e4f5,g2g3,-50.0,783.0,833.0,0,1,7,3,2.6263398467563093e-05,2.0600516607819287e-05,-0.09239010131313798,-0.12461494873242389,52,2.331111899926327,74.93424810003489,,0
opening_006_offset_04,opening_006,early,12,r1b1k1nr/pppp1ppp/n3p3/5q2/Pb2P3/3P4/2PN1PPP/R1BQKBNR w KQkq - 1 7,white,recurrent_edges_attenuated_0.05,4,26,e4f5,g2g3,-50.0,783.0,833.0,0,1,7,3,3.6957484553568065e-05,2.9059303457235544e-05,-0.08514276069044337,-0.11094003924504582,104,4.50464679999277,74.93424810003489,,0
opening_006_offset_04,opening_006,early,12,r1b1k1nr/pppp1ppp/n3p3/5q2/Pb2P3/3P4/2PN1PPP/R1BQKBNR w KQkq - 1 7,white,recurrent_edges_attenuated_0.05,8,26,e4f5,g2g3,-50.0,783.0,833.0,0,1,7,3,3.752208431251347e-05,2.9523078966957107e-05,-0.09198153664951511,-0.11710337475865949,208,8.80765039997641,74.93424810003489,,0
opening_006_offset_04,opening_006,early,12,r1b1k1nr/pppp1ppp/n3p3/5q2/Pb2P3/3P4/2PN1PPP/R1BQKBNR w KQkq - 1 7,white,recurrent_edges_attenuated_0.05,16,26,e4f5,g2g3,-50.0,783.0,833.0,0,1,7,3,3.7522928323596716e-05,2.952378398237017e-05,-0.09198153664951511,-0.11710337475865949,416,17.263617799966596,74.93424810003489,,0
opening_006_offset_04,opening_006,early,12,r1b1k1nr/pppp1ppp/n3p3/5q2/Pb2P3/3P4/2PN1PPP/R1BQKBNR w KQkq - 1 7,white,recurrent_edges_attenuated_0.05,32,26,e4f5,g2g3,-50.0,783.0,833.0,0,1,7,3,3.7522928323596716e-05,2.952378398237017e-05,-0.09198153664951511,-0.11710337475865949,832,35.74465549993329,74.93424810003489,,0
opening_006_offset_04,opening_006,early,12,r1b1k1nr/pppp1ppp/n3p3/5q2/Pb2P3/3P4/2PN1PPP/R1BQKBNR w KQkq - 1 7,white,recurrent_edges_attenuated_0.05,64,26,e4f5,g2g3,-50.0,783.0,833.0,0,1,7,3,3.7522928323596716e-05,2.952378398237017e-05,-0.09198153664951511,-0.11710337475865949,1664,74.72662009997293,74.93424810003489,,0
opening_006_offset_08,opening_006,early,16,r1b1k1nr/ppp2ppp/n2pp3/2q5/Pb2P3/3P1P2/2PNB1PP/R1BQK1NR w KQkq - 0 9,white,recurrent_edges_attenuated_0.05,1,18,c1b2,h2h4,-172.0,-65.0,107.0,0,0,4,13,0.0,0.0,,,18,1.0421393999131396,58.85333600000013,,0
opening_006_offset_08,opening_006,early,16,r1b1k1nr/ppp2ppp/n2pp3/2q5/Pb2P3/3P1P2/2PNB1PP/R1BQK1NR w KQkq - 0 9,white,recurrent_edges_attenuated_0.05,2,18,c1b2,g2g3,-189.0,-65.0,124.0,0,1,6,3,2.626341301947832e-05,5.113660355932696e-05,-0.025040353571175743,-0.027131273454519125,36,1.9104677999857813,58.85333600000013,,0
opening_006_offset_08,opening_006,early,16,r1b1k1nr/ppp2ppp/n2pp3/2q5/Pb2P3/3P1P2/2PNB1PP/R1BQK1NR w KQkq - 0 9,white,recurrent_edges_attenuated_0.05,4,18,c1b2,g2g3,-189.0,-65.0,124.0,0,1,6,3,3.6954006645828485e-05,7.149813388224296e-05,0.01239029592066149,0.026229649178821125,72,4.502738899900578,58.85333600000013,,0
opening_006_offset_08,opening_006,early,16,r1b1k1nr/ppp2ppp/n2pp3/2q5/Pb2P3/3P1P2/2PNB1PP/R1BQK1NR w KQkq - 0 9,white,recurrent_edges_attenuated_0.05,8,18,c1b2,g2g3,-189.0,-65.0,124.0,0,1,6,3,3.751827171072364e-05,7.256238039744889e-05,0.01239029592066149,0.026229649178821125,144,8.665137699921615,58.85333600000013,,0
opening_006_offset_08,opening_006,early,16,r1b1k1nr/ppp2ppp/n2pp3/2q5/Pb2P3/3P1P2/2PNB1PP/R1BQK1NR w KQkq - 0 9,white,recurrent_edges_attenuated_0.05,16,18,c1b2,g2g3,-189.0,-65.0,124.0,0,1,6,3,3.751914482563734e-05,7.25638526620161e-05,0.01239029592066149,0.026229649178821125,288,16.41709559992887,58.85333600000013,,0
opening_006_offset_08,opening_006,early,16,r1b1k1nr/ppp2ppp/n2pp3/2q5/Pb2P3/3P1P2/2PNB1PP/R1BQK1NR w KQkq - 0 9,white,recurrent_edges_attenuated_0.05,32,18,c1b2,g2g3,-189.0,-65.0,124.0,0,1,6,3,3.751914482563734e-05,7.25638526620161e-05,0.01239029592066149,0.026229649178821125,576,31.307731799897738,58.85333600000013,,0
opening_006_offset_08,opening_006,early,16,r1b1k1nr/ppp2ppp/n2pp3/2q5/Pb2P3/3P1P2/2PNB1PP/R1BQK1NR w KQkq - 0 9,white,recurrent_edges_attenuated_0.05,64,18,c1b2,g2g3,-189.0,-65.0,124.0,0,1,6,3,3.751914482563734e-05,7.25638526620161e-05,0.01239029592066149,0.026229649178821125,1152,58.70316259993706,58.85333600000013,,0
opening_006_offset_12,opening_006,middle,20,r1b2knr/ppp2ppp/n2pp3/2q5/P3P3/b2P1P2/RBPNB1PP/3QK1NR w K - 4 11,white,recurrent_edges_attenuated_0.05,1,30,a2a3,h2h4,-102.0,826.0,928.0,0,0,11,29,0.0,0.0,,,30,1.108733500004746,82.35777080000844,,0
opening_006_offset_12,opening_006,middle,20,r1b2knr/ppp2ppp/n2pp3/2q5/P3P3/b2P1P2/RBPNB1PP/3QK1NR w K - 4 11,white,recurrent_edges_attenuated_0.05,2,30,a2a3,g2g3,-125.0,826.0,951.0,0,0,15,26,2.6263471227139235e-05,4.203732512806064e-05,-0.059225115936722535,-0.06126727279875821,60,2.1941272999392822,82.35777080000844,,0
opening_006_offset_12,opening_006,middle,20,r1b2knr/ppp2ppp/n2pp3/2q5/P3P3/b2P1P2/RBPNB1PP/3QK1NR w K - 4 11,white,recurrent_edges_attenuated_0.05,4,30,a2a3,g2g3,-125.0,826.0,951.0,0,0,15,26,3.695173654705286e-05,5.909339070615267e-05,-0.1003337041156841,-0.06666666666666667,120,4.467961499933153,82.35777080000844,,0
opening_006_offset_12,opening_006,middle,20,r1b2knr/ppp2ppp/n2pp3/2q5/P3P3/b2P1P2/RBPNB1PP/3QK1NR w K - 4 11,white,recurrent_edges_attenuated_0.05,8,30,a2a3,g2g3,-125.0,826.0,951.0,0,0,15,26,3.751559415832162e-05,6.0012947629624965e-05,-0.1003337041156841,-0.06666666666666667,240,11.250528599950485,82.35777080000844,,0
opening_006_offset_12,opening_006,middle,20,r1b2knr/ppp2ppp/n2pp3/2q5/P3P3/b2P1P2/RBPNB1PP/3QK1NR w K - 4 11,white,recurrent_edges_attenuated_0.05,16,30,a2a3,g2g3,-125.0,826.0,951.0,0,0,15,26,3.751646727323532e-05,6.001428235636976e-05,-0.09187986651835373,-0.06206896551724138,480,22.860745499958284,82.35777080000844,,0
opening_006_offset_12,opening_006,middle,20,r1b2knr/ppp2ppp/n2pp3/2q5/P3P3/b2P1P2/RBPNB1PP/3QK1NR w K - 4 11,white,recurrent_edges_attenuated_0.05,32,30,a2a3,g2g3,-125.0,826.0,951.0,0,0,15,26,3.751646727323532e-05,6.001428235636976e-05,-0.09187986651835373,-0.06206896551724138,960,42.308361499919556,82.35777080000844,,0
opening_006_offset_12,opening_006,middle,20,r1b2knr/ppp2ppp/n2pp3/2q5/P3P3/b2P1P2/RBPNB1PP/3QK1NR w K - 4 11,white,recurrent_edges_attenuated_0.05,64,30,a2a3,g2g3,-125.0,826.0,951.0,0,0,15,26,3.751646727323532e-05,6.001428235636976e-05,-0.09187986651835373,-0.06206896551724138,1920,82.20396600000095,82.35777080000844,,0
opening_006_offset_16,opening_006,middle,24,1rb2knr/ppp2ppp/n2pp3/4P3/Pq1P4/b4P2/RBPNB1PP/3QK1NR w K - 1 13,white,recurrent_edges_attenuated_0.05,1,27,b2a3,h2h4,-808.0,854.0,1662.0,0,0,27,23,0.0,0.0,,,27,1.4127142000943422,89.61318750004284,,0
opening_006_offset_16,opening_006,middle,24,1rb2knr/ppp2ppp/n2pp3/4P3/Pq1P4/b4P2/RBPNB1PP/3QK1NR w K - 1 13,white,recurrent_edges_attenuated_0.05,2,27,b2a3,e5d6,-559.0,854.0,1413.0,0,0,13,6,7.80696573201567e-05,5.1899861694372654e-05,0.09920334570917784,0.06444661045507927,54,2.9858131000073627,89.61318750004284,,0
opening_006_offset_16,opening_006,middle,24,1rb2knr/ppp2ppp/n2pp3/4P3/Pq1P4/b4P2/RBPNB1PP/3QK1NR w K - 1 13,white,recurrent_edges_attenuated_0.05,4,27,b2a3,e5d6,-559.0,854.0,1413.0,0,0,13,5,0.00011535757221281528,7.345559949769799e-05,0.0863990240565316,0.05706139900145505,108,5.357139900093898,89.61318750004284,,0
opening_006_offset_16,opening_006,middle,24,1rb2knr/ppp2ppp/n2pp3/4P3/Pq1P4/b4P2/RBPNB1PP/3QK1NR w K - 1 13,white,recurrent_edges_attenuated_0.05,8,27,b2a3,e5d6,-559.0,854.0,1413.0,0,0,13,5,0.0001177205122075975,7.46457129165351e-05,0.0873015873015873,0.059829059829059845,216,9.902936700033024,89.61318750004284,,0
opening_006_offset_16,opening_006,middle,24,1rb2knr/ppp2ppp/n2pp3/4P3/Pq1P4/b4P2/RBPNB1PP/3QK1NR w K - 1 13,white,recurrent_edges_attenuated_0.05,16,27,b2a3,e5d6,-559.0,854.0,1413.0,0,0,13,5,0.00011772429570555687,7.464741985605023e-05,0.0873015873015873,0.059829059829059845,432,20.24250699998811,89.61318750004284,,0
opening_006_offset_16,opening_006,middle,24,1rb2knr/ppp2ppp/n2pp3/4P3/Pq1P4/b4P2/RBPNB1PP/3QK1NR w K - 1 13,white,recurrent_edges_attenuated_0.05,32,27,b2a3,e5d6,-559.0,854.0,1413.0,0,0,13,5,0.00011772429570555687,7.464741985605023e-05,0.0873015873015873,0.059829059829059845,864,40.67865610006265,89.61318750004284,,0
opening_006_offset_16,opening_006,middle,24,1rb2knr/ppp2ppp/n2pp3/4P3/Pq1P4/b4P2/RBPNB1PP/3QK1NR w K - 1 13,white,recurrent_edges_attenuated_0.05,64,27,b2a3,e5d6,-559.0,854.0,1413.0,0,0,13,5,0.00011772429570555687,7.464741985605023e-05,0.0873015873015873,0.059829059829059845,1728,89.42397890007123,89.61318750004284,,0
opening_006_offset_20,opening_006,late,28,r1b2knr/ppp3pp/n2ppp2/4P3/Pq1P4/b2B1P2/RBPNK1PP/3Q2NR w - - 0 15,white,recurrent_edges_attenuated_0.05,1,39,b2a3,h2h4,-636.0,820.0,1456.0,0,0,27,35,0.0,0.0,,,39,2.322364900028333,148.58584580000024,,0
opening_006_offset_20,opening_006,late,28,r1b2knr/ppp3pp/n2ppp2/4P3/Pq1P4/b2B1P2/RBPNK1PP/3Q2NR w - - 0 15,white,recurrent_edges_attenuated_0.05,2,39,b2a3,e5f6,-474.0,820.0,1294.0,0,0,14,6,7.159687811508775e-06,4.918880270408409e-05,0.11337149065598601,0.05624783030939766,78,4.415874699945562,148.58584580000024,,0
opening_006_offset_20,opening_006,late,28,r1b2knr/ppp3pp/n2ppp2/4P3/Pq1P4/b2B1P2/RBPNK1PP/3Q2NR w - - 0 15,white,recurrent_edges_attenuated_0.05,4,39,b2a3,e5f6,-474.0,820.0,1294.0,0,0,14,6,1.0124145774170756e-05,6.99056509100529e-05,0.10719165963421615,0.06482108162338279,156,8.66237060003914,148.58584580000024,,0
opening_006_offset_20,opening_006,late,28,r1b2knr/ppp3pp/n2ppp2/4P3/Pq1P4/b2B1P2/RBPNK1PP/3Q2NR w - - 0 15,white,recurrent_edges_attenuated_0.05,8,39,b2a3,e5f6,-474.0,820.0,1294.0,0,0,14,6,1.0282732546329498e-05,7.106602462410104e-05,0.10719165963421615,0.06482108162338279,312,20.816442999988794,148.58584580000024,,0
opening_006_offset_20,opening_006,late,28,r1b2knr/ppp3pp/n2ppp2/4P3/Pq1P4/b2B1P2/RBPNK1PP/3Q2NR w - - 0 15,white,recurrent_edges_attenuated_0.05,16,39,b2a3,e5f6,-474.0,820.0,1294.0,0,0,14,6,1.0282907169312239e-05,7.106770095101844e-05,0.10719165963421615,0.06482108162338279,624,38.6609151000157,148.58584580000024,,0
opening_006_offset_20,opening_006,late,28,r1b2knr/ppp3pp/n2ppp2/4P3/Pq1P4/b2B1P2/RBPNK1PP/3Q2NR w - - 0 15,white,recurrent_edges_attenuated_0.05,32,39,b2a3,e5f6,-474.0,820.0,1294.0,0,0,14,6,1.0282907169312239e-05,7.106770095101844e-05,0.10719165963421615,0.06482108162338279,1248,74.39726889994927,148.58584580000024,,0
opening_006_offset_20,opening_006,late,28,r1b2knr/ppp3pp/n2ppp2/4P3/Pq1P4/b2B1P2/RBPNK1PP/3Q2NR w - - 0 15,white,recurrent_edges_attenuated_0.05,64,39,b2a3,e5f6,-474.0,820.0,1294.0,0,0,14,6,1.0282907169312239e-05,7.106770095101844e-05,0.10719165963421615,0.06482108162338279,2496,148.18589349999093,148.58584580000024,,0
opening_006_offset_24,opening_006,late,32,r4k1r/pppb2pp/n2ppp1n/4P3/Pq1P4/b2B1P2/RBPN1KPP/5QNR w - - 4 17,white,recurrent_edges_attenuated_0.05,1,41,b2a3,h2h4,-764.0,150.0,914.0,0,0,23,37,0.0,0.0,,,41,1.9831840000115335,148.05349409999326,,0
opening_006_offset_24,opening_006,late,32,r4k1r/pppb2pp/n2ppp1n/4P3/Pq1P4/b2B1P2/RBPN1KPP/5QNR w - - 4 17,white,recurrent_edges_attenuated_0.05,2,41,b2a3,e5f6,-742.0,150.0,892.0,0,0,20,7,8.073460776358843e-06,4.857522059375589e-05,0.1773950035645681,0.10644379594159628,82,3.9642816999694332,148.05349409999326,,0
opening_006_offset_24,opening_006,late,32,r4k1r/pppb2pp/n2ppp1n/4P3/Pq1P4/b2B1P2/RBPN1KPP/5QNR w - - 4 17,white,recurrent_edges_attenuated_0.05,4,41,b2a3,e5f6,-742.0,150.0,892.0,0,0,20,7,1.1418887879699469e-05,6.90369871954796e-05,0.1767575579492265,0.10256417901772558,164,8.970000199973583,148.05349409999326,,0
opening_006_offset_24,opening_006,late,32,r4k1r/pppb2pp/n2ppp1n/4P3/Pq1P4/b2B1P2/RBPN1KPP/5QNR w - - 4 17,white,recurrent_edges_attenuated_0.05,8,41,b2a3,e5f6,-742.0,150.0,892.0,0,0,20,7,1.1598633136600256e-05,7.018383236845514e-05,0.1767575579492265,0.10256417901772558,328,17.624661699985154,148.05349409999326,,0
opening_006_offset_24,opening_006,late,32,r4k1r/pppb2pp/n2ppp1n/4P3/Pq1P4/b2B1P2/RBPN1KPP/5QNR w - - 4 17,white,recurrent_edges_attenuated_0.05,16,41,b2a3,e5f6,-742.0,150.0,892.0,0,0,20,7,1.1598749551922083e-05,7.018548614481923e-05,0.1767575579492265,0.10256417901772558,656,35.75873780006077,148.05349409999326,,0
opening_006_offset_24,opening_006,late,32,r4k1r/pppb2pp/n2ppp1n/4P3/Pq1P4/b2B1P2/RBPN1KPP/5QNR w - - 4 17,white,recurrent_edges_attenuated_0.05,32,41,b2a3,e5f6,-742.0,150.0,892.0,0,0,20,7,1.1598749551922083e-05,7.018548614481923e-05,0.1767575579492265,0.10256417901772558,1312,71.17091270000674,148.05349409999326,,0
opening_006_offset_24,opening_006,late,32,r4k1r/pppb2pp/n2ppp1n/4P3/Pq1P4/b2B1P2/RBPN1KPP/5QNR w - - 4 17,white,recurrent_edges_attenuated_0.05,64,41,b2a3,e5f6,-742.0,150.0,892.0,0,0,20,7,1.1598749551922083e-05,7.018548614481923e-05,0.1767575579492265,0.10256417901772558,2624,147.80937000003178,148.05349409999326,,0
opening_007_offset_00,opening_007,early,8,rn1qkb1r/ppp1p1pp/3p1n2/5p2/1P6/2N2PPb/P1PPP2P/R1BQKBNR w KQkq - 1 5,white,recurrent_edges_attenuated_0.05,1,21,g1h3,g3g4,-168.0,799.0,967.0,0,1,20,2,0.0,0.0,,,21,1.0219631999498233,81.24253749998752,,0
opening_007_offset_00,opening_007,early,8,rn1qkb1r/ppp1p1pp/3p1n2/5p2/1P6/2N2PPb/P1PPP2P/R1BQKBNR w KQkq - 1 5,white,recurrent_edges_attenuated_0.05,2,21,g1h3,b4b5,-50.0,799.0,849.0,0,0,14,17,7.961086521390826e-05,5.0910029472508823e-05,-0.19139273847321772,-0.13139036155660133,42,2.3241003999719396,81.24253749998752,,0
opening_007_offset_00,opening_007,early,8,rn1qkb1r/ppp1p1pp/3p1n2/5p2/1P6/2N2PPb/P1PPP2P/R1BQKBNR w KQkq - 1 5,white,recurrent_edges_attenuated_0.05,4,21,g1h3,b4b5,-50.0,799.0,849.0,0,0,14,17,0.00011584081221371889,7.164504621349012e-05,-0.1882746144527468,-0.12561705772469717,84,4.583094000001438,81.24253749998752,,0
opening_007_offset_00,opening_007,early,8,rn1qkb1r/ppp1p1pp/3p1n2/5p2/1P6/2N2PPb/P1PPP2P/R1BQKBNR w KQkq - 1 5,white,recurrent_edges_attenuated_0.05,8,21,g1h3,b4b5,-50.0,799.0,849.0,0,0,14,17,0.0001181125408038497,7.276797613681144e-05,-0.1882746144527468,-0.12561705772469717,168,9.415157499955967,81.24253749998752,,0
opening_007_offset_00,opening_007,early,8,rn1qkb1r/ppp1p1pp/3p1n2/5p2/1P6/2N2PPb/P1PPP2P/R1BQKBNR w KQkq - 1 5,white,recurrent_edges_attenuated_0.05,16,21,g1h3,b4b5,-50.0,799.0,849.0,0,0,14,17,0.00011811626609414816,7.276959344618451e-05,-0.1882746144527468,-0.12561705772469717,336,18.65663029998541,81.24253749998752,,0
opening_007_offset_00,opening_007,early,8,rn1qkb1r/ppp1p1pp/3p1n2/5p2/1P6/2N2PPb/P1PPP2P/R1BQKBNR w KQkq - 1 5,white,recurrent_edges_attenuated_0.05,32,21,g1h3,b4b5,-50.0,799.0,849.0,0,0,14,17,0.00011811626609414816,7.276959344618451e-05,-0.1882746144527468,-0.12561705772469717,672,38.64526699995622,81.24253749998752,,0
opening_007_offset_00,opening_007,early,8,rn1qkb1r/ppp1p1pp/3p1n2/5p2/1P6/2N2PPb/P1PPP2P/R1BQKBNR w KQkq - 1 5,white,recurrent_edges_attenuated_0.05,64,21,g1h3,b4b5,-50.0,799.0,849.0,0,0,14,17,0.00011811626609414816,7.276959344618451e-05,-0.1882746144527468,-0.12561705772469717,1344,81.11452409997582,81.24253749998752,,0
opening_007_offset_04,opening_007,early,12,rn1qkb1r/ppp1p1pp/3p1n2/3N1p2/1P3P2/5bP1/P1PPP2P/R1BQKBNR w KQkq - 3 7,white,recurrent_edges_attenuated_0.05,1,27,d5f6,h2h4,-805.0,479.0,1284.0,0,0,18,12,0.0,0.0,,,27,1.4619211999233812,86.5885866000317,,0
opening_007_offset_04,opening_007,early,12,rn1qkb1r/ppp1p1pp/3p1n2/3N1p2/1P3P2/5bP1/P1PPP2P/R1BQKBNR w KQkq - 3 7,white,recurrent_edges_attenuated_0.05,2,27,d5f6,d5e7,-539.0,479.0,1018.0,0,0,6,8,0.00013741469592787325,5.106156343401689e-05,0.06935534444860797,0.01721680223291227,54,2.979243699926883,86.5885866000317,,0
opening_007_offset_04,opening_007,early,12,rn1qkb1r/ppp1p1pp/3p1n2/3N1p2/1P3P2/5bP1/P1PPP2P/R1BQKBNR w KQkq - 3 7,white,recurrent_edges_attenuated_0.05,4,27,d5f6,d5e7,-539.0,479.0,1018.0,0,0,6,8,0.00018305922276340425,7.113145481998129e-05,0.09464204048595334,0.028530699500727532,108,6.12534309993498,86.5885866000317,,0
opening_007_offset_04,opening_007,early,12,rn1qkb1r/ppp1p1pp/3p1n2/3N1p2/1P3P2/5bP1/P1PPP2P/R1BQKBNR w KQkq - 3 7,white,recurrent_edges_attenuated_0.05,8,27,d5f6,d5e7,-539.0,479.0,1018.0,0,0,6,8,0.000184589036507532,7.214185063273347e-05,0.08548313334215142,0.022824559600582023,216,11.325242199935019,86.5885866000317,,0
opening_007_offset_04,opening_007,early,12,rn1qkb1r/ppp1p1pp/3p1n2/3N1p2/1P3P2/5bP1/P1PPP2P/R1BQKBNR w KQkq - 3 7,white,recurrent_edges_attenuated_0.05,16,27,d5f6,d5e7,-539.0,479.0,1018.0,0,0,6,8,0.00018458906561136246,7.214303497389294e-05,0.08548313334215142,0.022824559600582023,432,21.445099199889228,86.5885866000317,,0
opening_007_offset_04,opening_007,early,12,rn1qkb1r/ppp1p1pp/3p1n2/3N1p2/1P3P2/5bP1/P1PPP2P/R1BQKBNR w KQkq - 3 7,white,recurrent_edges_attenuated_0.05,32,27,d5f6,d5e7,-539.0,479.0,1018.0,0,0,6,8,0.00018458906561136246,7.214303497389294e-05,0.08548313334215142,0.022824559600582023,864,43.141618499998,86.5885866000317,,0
opening_007_offset_04,opening_007,early,12,rn1qkb1r/ppp1p1pp/3p1n2/3N1p2/1P3P2/5bP1/P1PPP2P/R1BQKBNR w KQkq - 3 7,white,recurrent_edges_attenuated_0.05,64,27,d5f6,d5e7,-539.0,479.0,1018.0,0,0,6,8,0.00018458906561136246,7.214303497389294e-05,0.08548313334215142,0.022824559600582023,1728,86.40171859995462,86.5885866000317,,0
opening_007_offset_08,opening_007,early,16,rn1qkb1r/pp1np1pp/3p4/2pN1p2/1P3P2/5bPB/P1PPP2P/1RBQK1NR w Kkq - 0 9,white,recurrent_edges_attenuated_0.05,1,30,g1f3,h3g4,-655.0,803.0,1458.0,0,0,17,6,0.0,0.0,,,30,2.3225353999296203,94.84821450000163,,0
opening_007_offset_08,opening_007,early,16,rn1qkb1r/pp1np1pp/3p4/2pN1p2/1P3P2/5bPB/P1PPP2P/1RBQK1NR w Kkq - 0 9,white,recurrent_edges_attenuated_0.05,2,30,g1f3,d5e7,-306.0,803.0,1109.0,0,0,7,27,0.0001272221197723411,5.126482790072069e-05,-0.08738489508773678,-0.044715909743513034,60,4.159695399925113,94.84821450000163,,0
opening_007_offset_08,opening_007,early,16,rn1qkb1r/pp1np1pp/3p4/2pN1p2/1P3P2/5bPB/P1PPP2P/1RBQK1NR w Kkq - 0 9,white,recurrent_edges_attenuated_0.05,4,30,g1f3,d5e7,-306.0,803.0,1109.0,0,0,7,27,0.00016817457071738318,7.18275591085706e-05,-0.07831794463859398,-0.03682395993965004,120,7.006915000034496,94.84821450000163,,0
opening_007_offset_08,opening_007,early,16,rn1qkb1r/pp1np1pp/3p4/2pN1p2/1P3P2/5bPB/P1PPP2P/1RBQK1NR w Kkq - 0 9,white,recurrent_edges_attenuated_0.05,8,30,g1f3,d5e7,-306.0,803.0,1109.0,0,0,7,27,0.00016944245726335794,7.289864308220277e-05,-0.07831794463859398,-0.03682395993965004,240,14.153805900015868,94.84821450000163,,0
opening_007_offset_08,opening_007,early,16,rn1qkb1r/pp1np1pp/3p4/2pN1p2/1P3P2/5bPB/P1PPP2P/1RBQK1NR w Kkq - 0 9,white,recurrent_edges_attenuated_0.05,16,30,g1f3,d5e7,-306.0,803.0,1109.0,0,0,7,27,0.00016944220988079906,7.29000457494975e-05,-0.07831794463859398,-0.03682395993965004,480,27.55902749998495,94.84821450000163,,0
opening_007_offset_08,opening_007,early,16,rn1qkb1r/pp1np1pp/3p4/2pN1p2/1P3P2/5bPB/P1PPP2P/1RBQK1NR w Kkq - 0 9,white,recurrent_edges_attenuated_0.05,32,30,g1f3,d5e7,-306.0,803.0,1109.0,0,0,7,27,0.00016944220988079906,7.29000457494975e-05,-0.07831794463859398,-0.03682395993965004,960,50.45436139998492,94.84821450000163,,0
opening_007_offset_08,opening_007,early,16,rn1qkb1r/pp1np1pp/3p4/2pN1p2/1P3P2/5bPB/P1PPP2P/1RBQK1NR w Kkq - 0 9,white,recurrent_edges_attenuated_0.05,64,30,g1f3,d5e7,-306.0,803.0,1109.0,0,0,7,27,0.00016944220988079906,7.29000457494975e-05,-0.07831794463859398,-0.03682395993965004,1920,94.56515509996098,94.84821450000163,,0
opening_007_offset_12,opening_007,middle,20,rnq1kb1r/1p1np1pp/p2p4/2pN1p2/1P3P2/2PP1bPB/P3P2P/1RBQK1NR w Kkq - 1 11,white,recurrent_edges_attenuated_0.05,1,34,e2f3,h3g4,-643.0,801.0,1444.0,0,0,25,7,0.0,0.0,,,34,1.3324484000913799,98.96036169992294,,0
opening_007_offset_12,opening_007,middle,20,rnq1kb1r/1p1np1pp/p2p4/2pN1p2/1P3P2/2PP1bPB/P3P2P/1RBQK1NR w Kkq - 1 11,white,recurrent_edges_attenuated_0.05,2,34,e2f3,d5e7,305.0,801.0,496.0,0,0,3,4,0.0001272221124963835,4.850678774559457e-05,0.08298994556418332,0.07028365392292524,68,2.7639058000640944,98.96036169992294,,0
opening_007_offset_12,opening_007,middle,20,rnq1kb1r/1p1np1pp/p2p4/2pN1p2/1P3P2/2PP1bPB/P3P2P/1RBQK1NR w Kkq - 1 11,white,recurrent_edges_attenuated_0.05,4,34,e2f3,d5e7,305.0,801.0,496.0,0,0,3,4,0.00016817462164908648,6.79395650079062e-05,0.10130644081823725,0.0892061015063647,136,6.101219200063497,98.96036169992294,,0
opening_007_offset_12,opening_007,middle,20,rnq1kb1r/1p1np1pp/p2p4/2pN1p2/1P3P2/2PP1bPB/P3P2P/1RBQK1NR w Kkq - 1 11,white,recurrent_edges_attenuated_0.05,8,34,e2f3,d5e7,305.0,801.0,496.0,0,0,3,4,0.0001694423917797394,6.894981713757609e-05,0.10084804063353935,0.0856378574461101,272,12.414686899981461,98.96036169992294,,0
opening_007_offset_12,opening_007,middle,20,rnq1kb1r/1p1np1pp/p2p4/2pN1p2/1P3P2/2PP1bPB/P3P2P/1RBQK1NR w Kkq - 1 11,white,recurrent_edges_attenuated_0.05,16,34,e2f3,d5e7,305.0,801.0,496.0,0,0,3,4,0.00016944190429057926,6.895112970505937e-05,0.10084804063353935,0.0856378574461101,544,27.0081517000217,98.96036169992294,,0
opening_007_offset_12,opening_007,middle,20,rnq1kb1r/1p1np1pp/p2p4/2pN1p2/1P3P2/2PP1bPB/P3P2P/1RBQK1NR w Kkq - 1 11,white,recurrent_edges_attenuated_0.05,32,34,e2f3,d5e7,305.0,801.0,496.0,0,0,3,4,0.00016944190429057926,6.895112970505937e-05,0.10084804063353935,0.0856378574461101,1088,51.60912300006021,98.96036169992294,,0
opening_007_offset_12,opening_007,middle,20,rnq1kb1r/1p1np1pp/p2p4/2pN1p2/1P3P2/2PP1bPB/P3P2P/1RBQK1NR w Kkq - 1 11,white,recurrent_edges_attenuated_0.05,64,34,e2f3,d5e7,305.0,801.0,496.0,0,0,3,4,0.00016944190429057926,6.895112970505937e-05,0.10084804063353935,0.0856378574461101,2176,98.72506460000295,98.96036169992294,,0
opening_007_offset_16,opening_007,middle,24,r1q1kb1r/1p1np1p1/p1np4/2pN1p1p/1P3P2/2PP1bPB/P2KP2P/R1BQ2NR w kq - 0 13,white,recurrent_edges_attenuated_0.05,1,31,g1f3,h3g4,-762.0,762.0,1524.0,0,0,20,6,0.0,0.0,,,31,1.371893799980171,98.43997299997136,,0
opening_007_offset_16,opening_007,middle,24,r1q1kb1r/1p1np1p1/p1np4/2pN1p1p/1P3P2/2PP1bPB/P2KP2P/R1BQ2NR w kq - 0 13,white,recurrent_edges_attenuated_0.05,2,31,g1f3,d5e7,67.0,762.0,695.0,0,0,3,28,0.00012722215615212917,5.041249055919962e-05,-0.03015910224268585,-0.03513235243710813,62,2.8557061000028625,98.43997299997136,,0
opening_007_offset_16,opening_007,middle,24,r1q1kb1r/1p1np1p1/p1np4/2pN1p1p/1P3P2/2PP1bPB/P2KP2P/R1BQ2NR w kq - 0 13,white,recurrent_edges_attenuated_0.05,4,31,g1f3,d5e7,67.0,762.0,695.0,0,0,3,28,0.00016817450523376465,7.062220583527851e-05,0.01875189040682035,0.012917122661105559,124,5.688718799967319,98.43997299997136,,0
opening_007_offset_16,opening_007,middle,24,r1q1kb1r/1p1np1p1/p1np4/2pN1p1p/1P3P2/2PP1bPB/P2KP2P/R1BQ2NR w kq - 0 13,white,recurrent_edges_attenuated_0.05,8,31,g1f3,d5e7,67.0,762.0,695.0,0,0,3,28,0.0001694426900940016,7.167385753809239e-05,0.01875189040682035,0.012917122661105559,248,11.046670599956997,98.43997299997136,,0
opening_007_offset_16,opening_007,middle,24,r1q1kb1r/1p1np1p1/p1np4/2pN1p1p/1P3P2/2PP1bPB/P2KP2P/R1BQ2NR w kq - 0 13,white,recurrent_edges_attenuated_0.05,16,31,g1f3,d5e7,67.0,762.0,695.0,0,0,3,28,0.0001694419188424945,7.167518952942513e-05,0.01875189040682035,0.012917122661105559,496,22.443797899992205,98.43997299997136,,0
opening_007_offset_16,opening_007,middle,24,r1q1kb1r/1p1np1p1/p1np4/2pN1p1p/1P3P2/2PP1bPB/P2KP2P/R1BQ2NR w kq - 0 13,white,recurrent_edges_attenuated_0.05,32,31,g1f3,d5e7,67.0,762.0,695.0,0,0,3,28,0.0001694419188424945,7.167518952942513e-05,0.01875189040682035,0.012917122661105559,992,48.926524599897675,98.43997299997136,,0
opening_007_offset_16,opening_007,middle,24,r1q1kb1r/1p1np1p1/p1np4/2pN1p1p/1P3P2/2PP1bPB/P2KP2P/R1BQ2NR w kq - 0 13,white,recurrent_edges_attenuated_0.05,64,31,g1f3,d5e7,67.0,762.0,695.0,0,0,3,28,0.0001694419188424945,7.167518952942513e-05,0.01875189040682035,0.012917122661105559,1984,98.21051769994665,98.43997299997136,,0
opening_007_offset_20,opening_007,late,28,r1q1kb1r/1p2p1p1/p1np4/2pN1p1p/1Pn2P2/P1PP1bPB/3KP2P/1RBQ2NR w kq - 1 15,white,recurrent_edges_attenuated_0.05,1,3,d3c4,d3c4,-10.0,-10.0,0.0,1,1,1,1,0.0,0.0,,,3,0.3415107000619173,20.30380310001783,,0
opening_007_offset_20,opening_007,late,28,r1q1kb1r/1p2p1p1/p1np4/2pN1p1p/1Pn2P2/P1PP1bPB/3KP2P/1RBQ2NR w kq - 1 15,white,recurrent_edges_attenuated_0.05,2,3,d3c4,d3c4,-10.0,-10.0,0.0,1,1,1,1,1.0947551345452666e-05,5.160725195838328e-06,0.8660254037844387,0.816496580927726,6,0.7100090000312775,20.30380310001783,,0
opening_007_offset_20,opening_007,late,28,r1q1kb1r/1p2p1p1/p1np4/2pN1p1p/1Pn2P2/P1PP1bPB/3KP2P/1RBQ2NR w kq - 1 15,white,recurrent_edges_attenuated_0.05,4,3,d3c4,d3c4,-10.0,-10.0,0.0,1,1,1,1,1.8175342120230198e-05,8.614267201730837e-06,1.0,1.0,12,1.4323973000282422,20.30380310001783,,0
opening_007_offset_20,opening_007,late,28,r1q1kb1r/1p2p1p1/p1np4/2pN1p1p/1Pn2P2/P1PP1bPB/3KP2P/1RBQ2NR w kq - 1 15,white,recurrent_edges_attenuated_0.05,8,3,d3c4,d3c4,-10.0,-10.0,0.0,1,1,1,1,1.880733179859817e-05,8.917148220014224e-06,1.0,1.0,24,2.6273932000622153,20.30380310001783,,0
opening_007_offset_20,opening_007,late,28,r1q1kb1r/1p2p1p1/p1np4/2pN1p1p/1Pn2P2/P1PP1bPB/3KP2P/1RBQ2NR w kq - 1 15,white,recurrent_edges_attenuated_0.05,16,3,d3c4,d3c4,-10.0,-10.0,0.0,1,1,1,1,1.8809223547577858e-05,8.917970187803897e-06,1.0,1.0,48,4.949864000082016,20.30380310001783,,0
opening_007_offset_20,opening_007,late,28,r1q1kb1r/1p2p1p1/p1np4/2pN1p1p/1Pn2P2/P1PP1bPB/3KP2P/1RBQ2NR w kq - 1 15,white,recurrent_edges_attenuated_0.05,32,3,d3c4,d3c4,-10.0,-10.0,0.0,1,1,1,1,1.8809223547577858e-05,8.917970187803897e-06,1.0,1.0,96,10.786651100032032,20.30380310001783,,0
opening_007_offset_20,opening_007,late,28,r1q1kb1r/1p2p1p1/p1np4/2pN1p1p/1Pn2P2/P1PP1bPB/3KP2P/1RBQ2NR w kq - 1 15,white,recurrent_edges_attenuated_0.05,64,3,d3c4,d3c4,-10.0,-10.0,0.0,1,1,1,1,1.8809223547577858e-05,8.917970187803897e-06,1.0,1.0,192,20.28914990008343,20.30380310001783,,0
opening_007_offset_24,opening_007,late,32,r1q1kbr1/1p4p1/p1npp3/2pN1p1p/1PnP1P2/P1P2bPB/2K1P2P/1RBQ2NR w q - 0 17,white,recurrent_edges_attenuated_0.05,1,30,g1f3,h3g4,-883.0,27.0,910.0,0,0,12,6,0.0,0.0,,,30,1.4278959999792278,91.33339789998718,,0
opening_007_offset_24,opening_007,late,32,r1q1kbr1/1p4p1/p1npp3/2pN1p1p/1PnP1P2/P1P2bPB/2K1P2P/1RBQ2NR w q - 0 17,white,recurrent_edges_attenuated_0.05,2,30,g1f3,d5e7,-408.0,27.0,435.0,0,0,6,29,0.0001060019712895155,4.727522881306345e-05,0.020665833682916336,0.08338653048738404,60,3.0047551000025123,91.33339789998718,,0
opening_007_offset_24,opening_007,late,32,r1q1kbr1/1p4p1/p1npp3/2pN1p1p/1PnP1P2/P1P2bPB/2K1P2P/1RBQ2NR w q - 0 17,white,recurrent_edges_attenuated_0.05,4,30,g1f3,d5e7,-408.0,27.0,435.0,0,0,6,29,0.00013785710325464606,6.621982041679012e-05,0.0028921023359288096,0.06206896551724138,120,5.852597999968566,91.33339789998718,,0
opening_007_offset_24,opening_007,late,32,r1q1kbr1/1p4p1/p1npp3/2pN1p1p/1PnP1P2/P1P2bPB/2K1P2P/1RBQ2NR w q - 0 17,white,recurrent_edges_attenuated_0.05,8,30,g1f3,d5e7,-408.0,27.0,435.0,0,0,6,29,0.00013860559556633234,6.720644739622019e-05,0.0028921023359288096,0.06206896551724138,240,11.563109799986705,91.33339789998718,,0
opening_007_offset_24,opening_007,late,32,r1q1kbr1/1p4p1/p1npp3/2pN1p1p/1PnP1P2/P1P2bPB/2K1P2P/1RBQ2NR w q - 0 17,white,recurrent_edges_attenuated_0.05,16,30,g1f3,d5e7,-408.0,27.0,435.0,0,0,6,29,0.00013860437320545316,6.720771239223339e-05,0.0028921023359288096,0.06206896551724138,480,22.269757500034757,91.33339789998718,,0
opening_007_offset_24,opening_007,late,32,r1q1kbr1/1p4p1/p1npp3/2pN1p1p/1PnP1P2/P1P2bPB/2K1P2P/1RBQ2NR w q - 0 17,white,recurrent_edges_attenuated_0.05,32,30,g1f3,d5e7,-408.0,27.0,435.0,0,0,6,29,0.00013860437320545316,6.720771239223339e-05,0.0028921023359288096,0.06206896551724138,960,46.98884080001153,91.33339789998718,,0
opening_007_offset_24,opening_007,late,32,r1q1kbr1/1p4p1/p1npp3/2pN1p1p/1PnP1P2/P1P2bPB/2K1P2P/1RBQ2NR w q - 0 17,white,recurrent_edges_attenuated_0.05,64,30,g1f3,d5e7,-408.0,27.0,435.0,0,0,6,29,0.00013860437320545316,6.720771239223339e-05,0.0028921023359288096,0.06206896551724138,1920,91.10023520002142,91.33339789998718,,0
opening_008_offset_00,opening_008,early,8,r1bq1bnr/pppkpppp/8/3p4/4P3/2N5/PPPP1PPP/R1BQK1NR w KQ - 0 5,white,recurrent_edges_attenuated_0.05,1,29,c3d5,h2h4,69.0,298.0,229.0,0,0,19,21,0.0,0.0,,,29,1.4030692999949679,95.65228739997838,,0
opening_008_offset_00,opening_008,early,8,r1bq1bnr/pppkpppp/8/3p4/4P3/2N5/PPPP1PPP/R1BQK1NR w KQ - 0 5,white,recurrent_edges_attenuated_0.05,2,29,c3d5,g2g3,35.0,298.0,263.0,0,0,23,24,2.626341301947832e-05,2.056913525146227e-05,-0.3352491827485891,-0.251943802636566,58,2.870032100006938,95.65228739997838,,0
opening_008_offset_00,opening_008,early,8,r1bq1bnr/pppkpppp/8/3p4/4P3/2N5/PPPP1PPP/R1BQK1NR w KQ - 0 5,white,recurrent_edges_attenuated_0.05,4,29,c3d5,g2g3,35.0,298.0,263.0,0,0,23,24,3.695412306115031e-05,2.9185741820339683e-05,-0.3130927477868561,-0.21948228768913497,116,5.977015000069514,95.65228739997838,,0
opening_008_offset_00,opening_008,early,8,r1bq1bnr/pppkpppp/8/3p4/4P3/2N5/PPPP1PPP/R1BQK1NR w KQ - 0 5,white,recurrent_edges_attenuated_0.05,8,29,c3d5,g2g3,35.0,298.0,263.0,0,0,23,24,3.751827171072364e-05,2.967242495290729e-05,-0.3130927477868561,-0.21948228768913497,232,11.602033699979074,95.65228739997838,,0
opening_008_offset_00,opening_008,early,8,r1bq1bnr/pppkpppp/8/3p4/4P3/2N5/PPPP1PPP/R1BQK1NR w KQ - 0 5,white,recurrent_edges_attenuated_0.05,16,29,c3d5,g2g3,35.0,298.0,263.0,0,0,23,24,3.7518737372010946e-05,2.967318909467682e-05,-0.3130927477868561,-0.21948228768913497,464,23.864721600082703,95.65228739997838,,0
opening_008_offset_00,opening_008,early,8,r1bq1bnr/pppkpppp/8/3p4/4P3/2N5/PPPP1PPP/R1BQK1NR w KQ - 0 5,white,recurrent_edges_attenuated_0.05,32,29,c3d5,g2g3,35.0,298.0,263.0,0,0,23,24,3.7518737372010946e-05,2.967318909467682e-05,-0.3130927477868561,-0.21948228768913497,928,46.61056699999608,95.65228739997838,,0
opening_008_offset_00,opening_008,early,8,r1bq1bnr/pppkpppp/8/3p4/4P3/2N5/PPPP1PPP/R1BQK1NR w KQ - 0 5,white,recurrent_edges_attenuated_0.05,64,29,c3d5,g2g3,35.0,298.0,263.0,0,0,23,24,3.7518737372010946e-05,2.967318909467682e-05,-0.3130927477868561,-0.21948228768913497,1856,95.48943329998292,95.65228739997838,,0
opening_008_offset_04,opening_008,early,12,r1b1qbnr/pppkp1pp/8/3p1p2/4P3/1PN5/P1PP1PPP/1RBQK1NR w K - 1 7,white,recurrent_edges_attenuated_0.05,1,31,e4d5,h2h4,42.0,314.0,272.0,0,0,9,12,0.0,0.0,,,31,2.03515640005935,106.28951390006114,,0
opening_008_offset_04,opening_008,early,12,r1b1qbnr/pppkp1pp/8/3p1p2/4P3/1PN5/P1PP1PPP/1RBQK1NR w K - 1 7,white,recurrent_edges_attenuated_0.05,2,31,e4d5,g2g3,-55.0,314.0,369.0,0,0,25,24,2.626341301947832e-05,2.023401658352361e-05,-0.13276351336323813,-0.08200944960232968,62,3.5260222000069916,106.28951390006114,,0
opening_008_offset_04,opening_008,early,12,r1b1qbnr/pppkp1pp/8/3p1p2/4P3/1PN5/P1PP1PPP/1RBQK1NR w K - 1 7,white,recurrent_edges_attenuated_0.05,4,31,e4d5,g2g3,-55.0,314.0,369.0,0,0,25,24,3.695173654705286e-05,2.8519133236148106e-05,-0.10993445674192102,-0.06263557357515093,124,6.4598515999969095,106.28951390006114,,0
opening_008_offset_04,opening_008,early,12,r1b1qbnr/pppkp1pp/8/3p1p2/4P3/1PN5/P1PP1PPP/1RBQK1NR w K - 1 7,white,recurrent_edges_attenuated_0.05,8,31,e4d5,g2g3,-55.0,314.0,369.0,0,0,25,24,3.7515448639169335e-05,2.8972482006257566e-05,-0.10993445674192102,-0.06263557357515093,248,12.418906000093557,106.28951390006114,,0
opening_008_offset_04,opening_008,early,12,r1b1qbnr/pppkp1pp/8/3p1p2/4P3/1PN5/P1PP1PPP/1RBQK1NR w K - 1 7,white,recurrent_edges_attenuated_0.05,16,31,e4d5,g2g3,-55.0,314.0,369.0,0,0,25,24,3.7516263546422124e-05,2.897314480483366e-05,-0.10993445674192102,-0.06263557357515093,496,26.117796200094745,106.28951390006114,,0
opening_008_offset_04,opening_008,early,12,r1b1qbnr/pppkp1pp/8/3p1p2/4P3/1PN5/P1PP1PPP/1RBQK1NR w K - 1 7,white,recurrent_edges_attenuated_0.05,32,31,e4d5,g2g3,-55.0,314.0,369.0,0,0,25,24,3.7516263546422124e-05,2.897314480483366e-05,-0.10993445674192102,-0.06263557357515093,992,53.221251300070435,106.28951390006114,,0
opening_008_offset_04,opening_008,early,12,r1b1qbnr/pppkp1pp/8/3p1p2/4P3/1PN5/P1PP1PPP/1RBQK1NR w K - 1 7,white,recurrent_edges_attenuated_0.05,64,31,e4d5,g2g3,-55.0,314.0,369.0,0,0,25,24,3.7516263546422124e-05,2.897314480483366e-05,-0.10993445674192102,-0.06263557357515093,1984,106.02216400008183,106.28951390006114,,0
opening_008_offset_08,opening_008,early,16,r1b1qb1r/p1pkp1pp/1p3n2/3p1p2/PP2P3/2N5/2PP1PPP/1RBQK1NR w K - 0 9,white,recurrent_edges_attenuated_0.05,1,31,e4e5,h2h4,-153.0,194.0,347.0,0,0,16,11,0.0,0.0,,,31,1.3377989999717101,105.45987839996815,,0
opening_008_offset_08,opening_008,early,16,r1b1qb1r/p1pkp1pp/1p3n2/3p1p2/PP2P3/2N5/2PP1PPP/1RBQK1NR w K - 0 9,white,recurrent_edges_attenuated_0.05,2,31,e4e5,b4b5,-133.0,194.0,327.0,0,0,12,11,3.654923057183623e-05,2.607019838339579e-05,-0.13830099735812812,-0.07782102369592485,62,2.6638229000382125,105.45987839996815,,0
opening_008_offset_08,opening_008,early,16,r1b1qb1r/p1pkp1pp/1p3n2/3p1p2/PP2P3/2N5/2PP1PPP/1RBQK1NR w K - 0 9,white,recurrent_edges_attenuated_0.05,4,31,e4e5,b4b5,-133.0,194.0,327.0,0,0,12,11,5.550141213461757e-05,3.727565159117707e-05,-0.1346774193548387,-0.07526881720430108,124,5.621759400004521,105.45987839996815,,0
opening_008_offset_08,opening_008,early,16,r1b1qb1r/p1pkp1pp/1p3n2/3p1p2/PP2P3/2N5/2PP1PPP/1RBQK1NR w K - 0 9,white,recurrent_edges_attenuated_0.05,8,31,e4e5,b4b5,-133.0,194.0,327.0,0,0,12,11,5.686393706128001e-05,3.793077558744625e-05,-0.1346774193548387,-0.07526881720430108,248,11.853880100068636,105.45987839996815,,0
opening_008_offset_08,opening_008,early,16,r1b1qb1r/p1pkp1pp/1p3n2/3p1p2/PP2P3/2N5/2PP1PPP/1RBQK1NR w K - 0 9,white,recurrent_edges_attenuated_0.05,16,31,e4e5,b4b5,-133.0,194.0,327.0,0,0,12,11,5.6866847444325686e-05,3.793184095801134e-05,-0.1346774193548387,-0.07526881720430108,496,23.664948499994352,105.45987839996815,,0
opening_008_offset_08,opening_008,early,16,r1b1qb1r/p1pkp1pp/1p3n2/3p1p2/PP2P3/2N5/2PP1PPP/1RBQK1NR w K - 0 9,white,recurrent_edges_attenuated_0.05,32,31,e4e5,b4b5,-133.0,194.0,327.0,0,0,12,11,5.6866847444325686e-05,3.793184095801134e-05,-0.1346774193548387,-0.07526881720430108,992,49.125221500056796,105.45987839996815,,0
opening_008_offset_08,opening_008,early,16,r1b1qb1r/p1pkp1pp/1p3n2/3p1p2/PP2P3/2N5/2PP1PPP/1RBQK1NR w K - 0 9,white,recurrent_edges_attenuated_0.05,64,31,e4e5,b4b5,-133.0,194.0,327.0,0,0,12,11,5.6866847444325686e-05,3.793184095801134e-05,-0.1346774193548387,-0.07526881720430108,1984,105.28302209998947,105.45987839996815,,0
opening_008_offset_12,opening_008,middle,20,r1b2b1r/p1pkpqpp/1p3n2/3p1p2/PP2P3/1R6/N1PP1PPP/2BQK1NR w K - 4 11,white,recurrent_edges_attenuated_0.05,1,36,e4e5,h2h4,-268.0,130.0,398.0,0,0,15,11,0.0,0.0,,,36,2.662904700031504,138.33493500004988,,0
opening_008_offset_12,opening_008,middle,20,r1b2b1r/p1pkpqpp/1p3n2/3p1p2/PP2P3/1R6/N1PP1PPP/2BQK1NR w K - 4 11,white,recurrent_edges_attenuated_0.05,2,36,e4e5,b4b5,-218.0,130.0,348.0,0,0,11,10,3.654923057183623e-05,2.5052393600062177e-05,-0.08134229067227042,-0.08600801991909096,72,4.580298600019887,138.33493500004988,,0
opening_008_offset_12,opening_008,middle,20,r1b2b1r/p1pkpqpp/1p3n2/3p1p2/PP2P3/1R6/N1PP1PPP/2BQK1NR w K - 4 11,white,recurrent_edges_attenuated_0.05,4,36,e4e5,b4b5,-218.0,130.0,348.0,0,0,11,11,5.550141213461757e-05,3.5770071442809796e-05,-0.09112555524371943,-0.09054808257372868,144,8.962790200021118,138.33493500004988,,0
opening_008_offset_12,opening_008,middle,20,r1b2b1r/p1pkpqpp/1p3n2/3p1p2/PP2P3/1R6/N1PP1PPP/2BQK1NR w K - 4 11,white,recurrent_edges_attenuated_0.05,8,36,e4e5,b4b5,-218.0,130.0,348.0,0,0,11,11,5.686411168426275e-05,3.639180061804162e-05,-0.09112555524371943,-0.09054808257372868,288,16.3228113000514,138.33493500004988,,0
opening_008_offset_12,opening_008,middle,20,r1b2b1r/p1pkpqpp/1p3n2/3p1p2/PP2P3/1R6/N1PP1PPP/2BQK1NR w K - 4 11,white,recurrent_edges_attenuated_0.05,16,36,e4e5,b4b5,-218.0,130.0,348.0,0,0,11,11,5.686678923666477e-05,3.6392781868716425e-05,-0.09112555524371943,-0.09054808257372868,576,29.561837800079957,138.33493500004988,,0
opening_008_offset_12,opening_008,middle,20,r1b2b1r/p1pkpqpp/1p3n2/3p1p2/PP2P3/1R6/N1PP1PPP/2BQK1NR w K - 4 11,white,recurrent_edges_attenuated_0.05,32,36,e4e5,b4b5,-218.0,130.0,348.0,0,0,11,11,5.686678923666477e-05,3.6392781868716425e-05,-0.09112555524371943,-0.09054808257372868,1152,58.853529300075024,138.33493500004988,,0
opening_008_offset_12,opening_008,middle,20,r1b2b1r/p1pkpqpp/1p3n2/3p1p2/PP2P3/1R6/N1PP1PPP/2BQK1NR w K - 4 11,white,recurrent_edges_attenuated_0.05,64,36,e4e5,b4b5,-218.0,130.0,348.0,0,0,11,11,5.686678923666477e-05,3.6392781868716425e-05,-0.09112555524371943,-0.09054808257372868,2304,137.96755760000087,138.33493500004988,,0
opening_008_offset_16,opening_008,middle,24,r1b2b1r/3kpqpp/pp3n2/2pp1p2/PP2P3/5RP1/N1PP1P1P/2BQK1NR w K - 0 13,white,recurrent_edges_attenuated_0.05,1,28,e4e5,h2h4,-600.0,-5.0,595.0,0,0,21,14,0.0,0.0,,,28,2.738387200050056,111.00987529999111,,0
opening_008_offset_16,opening_008,middle,24,r1b2b1r/3kpqpp/pp3n2/2pp1p2/PP2P3/5RP1/N1PP1P1P/2BQK1NR w K - 0 13,white,recurrent_edges_attenuated_0.05,2,28,e4e5,b4c5,-276.0,-5.0,271.0,0,0,8,7,1.0192525223828852e-05,9.57521529987282e-05,0.03770529255848521,0.01631037090286707,56,5.239805800025351,111.00987529999111,,0
opening_008_offset_16,opening_008,middle,24,r1b2b1r/3kpqpp/pp3n2/2pp1p2/PP2P3/5RP1/N1PP1P1P/2BQK1NR w K - 0 13,white,recurrent_edges_attenuated_0.05,4,28,e4e5,b4c5,-276.0,-5.0,271.0,0,0,8,9,1.4869394362904131e-05,0.000134170837340787,0.059660645867542425,0.015873015873015872,112,8.91843260009773,111.00987529999111,,0
opening_008_offset_16,opening_008,middle,24,r1b2b1r/3kpqpp/pp3n2/2pp1p2/PP2P3/5RP1/N1PP1P1P/2BQK1NR w K - 0 13,white,recurrent_edges_attenuated_0.05,8,28,e4e5,b4c5,-276.0,-5.0,271.0,0,0,8,9,1.5128578525036573e-05,0.00013620161291313753,0.059660645867542425,0.015873015873015872,224,16.557335100020282,111.00987529999111,,0
opening_008_offset_16,opening_008,middle,24,r1b2b1r/3kpqpp/pp3n2/2pp1p2/PP2P3/5RP1/N1PP1P1P/2BQK1NR w K - 0 13,white,recurrent_edges_attenuated_0.05,16,28,e4e5,b4c5,-276.0,-5.0,271.0,0,0,8,9,1.5128738596104085e-05,0.00013620442606548737,0.059660645867542425,0.015873015873015872,448,30.445119800046086,111.00987529999111,,0
opening_008_offset_16,opening_008,middle,24,r1b2b1r/3kpqpp/pp3n2/2pp1p2/PP2P3/5RP1/N1PP1P1P/2BQK1NR w K - 0 13,white,recurrent_edges_attenuated_0.05,32,28,e4e5,b4c5,-276.0,-5.0,271.0,0,0,8,9,1.5128738596104085e-05,0.00013620442606548737,0.059660645867542425,0.015873015873015872,896,58.77627310005482,111.00987529999111,,0
opening_008_offset_16,opening_008,middle,24,r1b2b1r/3kpqpp/pp3n2/2pp1p2/PP2P3/5RP1/N1PP1P1P/2BQK1NR w K - 0 13,white,recurrent_edges_attenuated_0.05,64,28,e4e5,b4c5,-276.0,-5.0,271.0,0,0,8,9,1.5128738596104085e-05,0.00013620442606548737,0.059660645867542425,0.015873015873015872,1792,110.77811399998609,111.00987529999111,,0
opening_008_offset_20,opening_008,late,28,2b2b1r/r2kpqpp/pp3n2/2p2p2/PP1pP1P1/5R2/NBPP1P1P/3QK1NR w K - 0 15,white,recurrent_edges_attenuated_0.05,1,36,a2c3,h2h4,-583.0,-200.0,383.0,0,0,17,35,0.0,0.0,,,36,1.3818309999769554,113.01802980003413,,0
opening_008_offset_20,opening_008,late,28,2b2b1r/r2kpqpp/pp3n2/2p2p2/PP1pP1P1/5R2/NBPP1P1P/3QK1NR w K - 0 15,white,recurrent_edges_attenuated_0.05,2,36,a2c3,g4f5,-444.0,-200.0,244.0,0,0,10,25,2.8506037779152393e-06,0.00010000613045390898,0.031545212749016095,0.01790505367619811,72,3.1561378000769764,113.01802980003413,,0
opening_008_offset_20,opening_008,late,28,2b2b1r/r2kpqpp/pp3n2/2p2p2/PP1pP1P1/5R2/NBPP1P1P/3QK1NR w K - 0 15,white,recurrent_edges_attenuated_0.05,4,36,a2c3,b4c5,-387.0,-200.0,187.0,0,0,8,25,2.9924558475613594e-06,0.00014003520600288562,0.024842322254963422,0.03179654256834183,144,6.375148799968883,113.01802980003413,,0
opening_008_offset_20,opening_008,late,28,2b2b1r/r2kpqpp/pp3n2/2p2p2/PP1pP1P1/5R2/NBPP1P1P/3QK1NR w K - 0 15,white,recurrent_edges_attenuated_0.05,8,36,a2c3,b4c5,-387.0,-200.0,187.0,0,0,8,25,3.8616417441517115e-06,0.0001421429288948917,0.024842322254963422,0.03179654256834183,288,13.019865700043738,113.01802980003413,,0
opening_008_offset_20,opening_008,late,28,2b2b1r/r2kpqpp/pp3n2/2p2p2/PP1pP1P1/5R2/NBPP1P1P/3QK1NR w K - 0 15,white,recurrent_edges_attenuated_0.05,16,36,a2c3,b4c5,-387.0,-200.0,187.0,0,0,8,25,3.863911842927337e-06,0.00014214582076359098,0.024842322254963422,0.03179654256834183,576,26.663227900047787,113.01802980003413,,0
opening_008_offset_20,opening_008,late,28,2b2b1r/r2kpqpp/pp3n2/2p2p2/PP1pP1P1/5R2/NBPP1P1P/3QK1NR w K - 0 15,white,recurrent_edges_attenuated_0.05,32,36,a2c3,b4c5,-387.0,-200.0,187.0,0,0,8,25,3.863911842927337e-06,0.00014214582076359098,0.024842322254963422,0.03179654256834183,1152,53.79811860003974,113.01802980003413,,0
opening_008_offset_20,opening_008,late,28,2b2b1r/r2kpqpp/pp3n2/2p2p2/PP1pP1P1/5R2/NBPP1P1P/3QK1NR w K - 0 15,white,recurrent_edges_attenuated_0.05,64,36,a2c3,b4c5,-387.0,-200.0,187.0,0,0,8,25,3.863911842927337e-06,0.00014214582076359098,0.024842322254963422,0.03179654256834183,2304,112.6755439999979,113.01802980003413,,0
opening_008_offset_24,opening_008,late,32,2b2b1r/r2kp1qp/pp3n2/2p1Ppp1/PP1p2P1/5R2/NBPP1P1P/3Q1KNR w - - 2 17,white,recurrent_edges_attenuated_0.05,1,37,e5f6,h2h4,-33.0,232.0,265.0,0,0,13,18,0.0,0.0,,,37,1.4959235000424087,115.39935119997244,,0
opening_008_offset_24,opening_008,late,32,2b2b1r/r2kp1qp/pp3n2/2p1Ppp1/PP1p2P1/5R2/NBPP1P1P/3Q1KNR w - - 2 17,white,recurrent_edges_attenuated_0.05,2,37,e5f6,e5f6,232.0,232.0,0.0,1,1,1,1,2.122006844729185e-05,0.00010436830790835719,0.02946422039386923,-0.015279842051744444,74,3.03257250005845,115.39935119997244,,0
opening_008_offset_24,opening_008,late,32,2b2b1r/r2kp1qp/pp3n2/2p1Ppp1/PP1p2P1/5R2/NBPP1P1P/3Q1KNR w - - 2 17,white,recurrent_edges_attenuated_0.05,4,37,e5f6,e5f6,232.0,232.0,0.0,1,1,1,1,3.0343006073962897e-05,0.00014674749451600093,0.06047311583661279,0.0,148,6.119856300065294,115.39935119997244,,0
opening_008_offset_24,opening_008,late,32,2b2b1r/r2kp1qp/pp3n2/2p1Ppp1/PP1p2P1/5R2/NBPP1P1P/3Q1KNR w - - 2 17,white,recurrent_edges_attenuated_0.05,8,37,e5f6,e5f6,232.0,232.0,0.0,1,1,1,1,3.087137156398967e-05,0.00014901950634852863,0.06047311583661279,0.0,296,12.922270700102672,115.39935119997244,,0
opening_008_offset_24,opening_008,late,32,2b2b1r/r2kp1qp/pp3n2/2p1Ppp1/PP1p2P1/5R2/NBPP1P1P/3Q1KNR w - - 2 17,white,recurrent_edges_attenuated_0.05,16,37,e5f6,e5f6,232.0,232.0,0.0,1,1,1,1,3.087209188379347e-05,0.0001490226890917391,0.06047311583661279,0.0,592,25.42347190005239,115.39935119997244,,0
opening_008_offset_24,opening_008,late,32,2b2b1r/r2kp1qp/pp3n2/2p1Ppp1/PP1p2P1/5R2/NBPP1P1P/3Q1KNR w - - 2 17,white,recurrent_edges_attenuated_0.05,32,37,e5f6,e5f6,232.0,232.0,0.0,1,1,1,1,3.087209188379347e-05,0.0001490226890917391,0.06047311583661279,0.0,1184,58.654809300089255,115.39935119997244,,0
opening_008_offset_24,opening_008,late,32,2b2b1r/r2kp1qp/pp3n2/2p1Ppp1/PP1p2P1/5R2/NBPP1P1P/3Q1KNR w - - 2 17,white,recurrent_edges_attenuated_0.05,64,37,e5f6,e5f6,232.0,232.0,0.0,1,1,1,1,3.087209188379347e-05,0.0001490226890917391,0.06047311583661279,0.0,2368,115.10960280010477,115.39935119997244,,0
opening_009_offset_00,opening_009,early,8,rnbq1bnr/p1ppkp1p/1p4p1/4p3/8/3P2P1/PPPNPP1P/RNBQKB1R w KQ - 2 5,white,recurrent_edges_attenuated_0.05,1,23,f1g2,h2h4,101.0,390.0,289.0,0,0,16,8,0.0,0.0,,,23,1.2217000999953598,96.88355770008639,,0
opening_009_offset_00,opening_009,early,8,rnbq1bnr/p1ppkp1p/1p4p1/4p3/8/3P2P1/PPPNPP1P/RNBQKB1R w KQ - 2 5,white,recurrent_edges_attenuated_0.05,2,23,f1g2,d2e4,107.0,390.0,283.0,0,0,12,6,6.577567546628416e-06,1.1469992958654412e-05,0.14703304738714024,0.10311053815010138,46,2.4879413000307977,96.88355770008639,,0
opening_009_offset_00,opening_009,early,8,rnbq1bnr/p1ppkp1p/1p4p1/4p3/8/3P2P1/PPPNPP1P/RNBQKB1R w KQ - 2 5,white,recurrent_edges_attenuated_0.05,4,23,f1g2,d2e4,107.0,390.0,283.0,0,0,12,7,6.5048516262322664e-06,1.6267871976516212e-05,0.16926528736248134,0.12400892896433972,92,5.072811599937268,96.88355770008639,,0
opening_009_offset_00,opening_009,early,8,rnbq1bnr/p1ppkp1p/1p4p1/4p3/8/3P2P1/PPPNPP1P/RNBQKB1R w KQ - 2 5,white,recurrent_edges_attenuated_0.05,8,23,f1g2,d2e4,107.0,390.0,283.0,0,0,12,7,6.268091965466738e-06,1.6538345136707127e-05,0.18015369766065265,0.12400892896433972,184,10.277990499977022,96.88355770008639,,0
opening_009_offset_00,opening_009,early,8,rnbq1bnr/p1ppkp1p/1p4p1/4p3/8/3P2P1/PPPNPP1P/RNBQKB1R w KQ - 2 5,white,recurrent_edges_attenuated_0.05,16,23,f1g2,d2e4,107.0,390.0,283.0,0,0,12,7,6.267218850553036e-06,1.6538734454063102e-05,0.18015369766065265,0.12400892896433972,368,20.76851650001481,96.88355770008639,,0
opening_009_offset_00,opening_009,early,8,rnbq1bnr/p1ppkp1p/1p4p1/4p3/8/3P2P1/PPPNPP1P/RNBQKB1R w KQ - 2 5,white,recurrent_edges_attenuated_0.05,32,23,f1g2,d2e4,107.0,390.0,283.0,0,0,12,7,6.267218850553036e-06,1.6538734454063102e-05,0.18015369766065265,0.12400892896433972,736,45.633553199935704,96.88355770008639,,0
opening_009_offset_00,opening_009,early,8,rnbq1bnr/p1ppkp1p/1p4p1/4p3/8/3P2P1/PPPNPP1P/RNBQKB1R w KQ - 2 5,white,recurrent_edges_attenuated_0.05,64,23,f1g2,d2e4,107.0,390.0,283.0,0,0,12,7,6.267218850553036e-06,1.6538734454063102e-05,0.18015369766065265,0.12400892896433972,1472,96.72129469993524,96.88355770008639,,0
opening_009_offset_04,opening_009,early,12,rnb2bnr/p1qpkp1p/1pp3p1/4p3/8/NP1P2P1/P1PNPP1P/R1BQKB1R w KQ - 1 7,white,recurrent_edges_attenuated_0.05,1,23,f1g2,h2h4,105.0,179.0,74.0,0,0,8,8,0.0,0.0,,,23,1.3603168999543414,89.03822590003256,,0
opening_009_offset_04,opening_009,early,12,rnb2bnr/p1qpkp1p/1pp3p1/4p3/8/NP1P2P1/P1PNPP1P/R1BQKB1R w KQ - 1 7,white,recurrent_edges_attenuated_0.05,2,23,f1g2,d2e4,84.0,179.0,95.0,0,0,13,4,6.777809176128358e-06,6.400842813432756e-06,-0.09816224623991224,-0.06911996974143639,46,2.7913819999666885,89.03822590003256,,0
opening_009_offset_04,opening_009,early,12,rnb2bnr/p1qpkp1p/1pp3p1/4p3/8/NP1P2P1/P1PNPP1P/R1BQKB1R w KQ - 1 7,white,recurrent_edges_attenuated_0.05,4,23,f1g2,d2e4,84.0,179.0,95.0,0,0,13,5,9.32198508962756e-06,8.738702656854817e-06,-0.04498270445764798,-0.019841426063745397,92,5.592447299975902,89.03822590003256,,0
opening_009_offset_04,opening_009,early,12,rnb2bnr/p1qpkp1p/1pp3p1/4p3/8/NP1P2P1/P1PNPP1P/R1BQKB1R w KQ - 1 7,white,recurrent_edges_attenuated_0.05,8,23,f1g2,d2e4,84.0,179.0,95.0,0,0,13,5,9.438298548047896e-06,8.851367183715806e-06,-0.022244194512023724,-0.011904855638247239,184,11.29393209994305,89.03822590003256,,0
opening_009_offset_04,opening_009,early,12,rnb2bnr/p1qpkp1p/1pp3p1/4p3/8/NP1P2P1/P1PNPP1P/R1BQKB1R w KQ - 1 7,white,recurrent_edges_attenuated_0.05,16,23,f1g2,d2e4,84.0,179.0,95.0,0,0,13,5,9.438396773475688e-06,8.851503140517697e-06,-0.022244194512023724,-0.011904855638247239,368,21.815418499987572,89.03822590003256,,0
opening_009_offset_04,opening_009,early,12,rnb2bnr/p1qpkp1p/1pp3p1/4p3/8/NP1P2P1/P1PNPP1P/R1BQKB1R w KQ - 1 7,white,recurrent_edges_attenuated_0.05,32,23,f1g2,d2e4,84.0,179.0,95.0,0,0,13,5,9.438396773475688e-06,8.851503140517697e-06,-0.022244194512023724,-0.011904855638247239,736,44.077637600013986,89.03822590003256,,0
opening_009_offset_04,opening_009,early,12,rnb2bnr/p1qpkp1p/1pp3p1/4p3/8/NP1P2P1/P1PNPP1P/R1BQKB1R w KQ - 1 7,white,recurrent_edges_attenuated_0.05,64,23,f1g2,d2e4,84.0,179.0,95.0,0,0,13,5,9.438396773475688e-06,8.851503140517697e-06,-0.022244194512023724,-0.011904855638247239,1472,88.86997630004771,89.03822590003256,,0
opening_009_offset_08,opening_009,early,16,rnbq1bnr/3pkp1p/1pp3p1/p3p3/7P/NP1P2P1/P1PNPPB1/R1BQK2R w KQ - 0 9,white,recurrent_edges_attenuated_0.05,1,32,a3c4,h4h5,237.0,431.0,194.0,0,0,6,29,0.0,0.0,,,32,2.4171053000027314,103.40699729998596,,0
opening_009_offset_08,opening_009,early,16,rnbq1bnr/3pkp1p/1pp3p1/p3p3/7P/NP1P2P1/P1PNPPB1/R1BQK2R w KQ - 0 9,white,recurrent_edges_attenuated_0.05,2,32,a3c4,g2c6,-366.0,431.0,797.0,0,0,31,27,1.0947582268272527e-05,1.6170138519479333e-05,-0.07614300284864679,-0.042224549328178325,64,4.698726100032218,103.40699729998596,,0
opening_009_offset_08,opening_009,early,16,rnbq1bnr/3pkp1p/1pp3p1/p3p3/7P/NP1P2P1/P1PNPPB1/R1BQK2R w KQ - 0 9,white,recurrent_edges_attenuated_0.05,4,32,a3c4,g2c6,-366.0,431.0,797.0,0,0,31,17,1.6192889233934693e-05,2.2770975906468183e-05,-0.034840014662923365,-0.020243080882851996,128,7.675491799949668,103.40699729998596,,0
opening_009_offset_08,opening_009,early,16,rnbq1bnr/3pkp1p/1pp3p1/p3p3/7P/NP1P2P1/P1PNPPB1/R1BQK2R w KQ - 0 9,white,recurrent_edges_attenuated_0.05,8,32,a3c4,g2c6,-366.0,431.0,797.0,0,0,31,15,1.6532679183001164e-05,2.312995163674025e-05,-0.025304852755175914,-0.012145848529711198,256,15.214583299937658,103.40699729998596,,0
opening_009_offset_08,opening_009,early,16,rnbq1bnr/3pkp1p/1pp3p1/p3p3/7P/NP1P2P1/P1PNPPB1/R1BQK2R w KQ - 0 9,white,recurrent_edges_attenuated_0.05,16,32,a3c4,g2c6,-366.0,431.0,797.0,0,0,31,15,1.6533243979210965e-05,2.313046639884219e-05,-0.025304852755175914,-0.012145848529711198,512,27.26884329994209,103.40699729998596,,0
opening_009_offset_08,opening_009,early,16,rnbq1bnr/3pkp1p/1pp3p1/p3p3/7P/NP1P2P1/P1PNPPB1/R1BQK2R w KQ - 0 9,white,recurrent_edges_attenuated_0.05,32,32,a3c4,g2c6,-366.0,431.0,797.0,0,0,31,15,1.6533243979210965e-05,2.313046639884219e-05,-0.025304852755175914,-0.012145848529711198,1024,51.0043501999462,103.40699729998596,,0
opening_009_offset_08,opening_009,early,16,rnbq1bnr/3pkp1p/1pp3p1/p3p3/7P/NP1P2P1/P1PNPPB1/R1BQK2R w KQ - 0 9,white,recurrent_edges_attenuated_0.05,64,32,a3c4,g2c6,-366.0,431.0,797.0,0,0,31,15,1.6533243979210965e-05,2.313046639884219e-05,-0.025304852755175914,-0.012145848529711198,2048,103.13248170004226,103.40699729998596,,0
opening_009_offset_12,opening_009,middle,20,1nbq1bnr/3pkp1p/rpp3p1/p7/2N1p2P/1P1P1BP1/P1PNPP2/R1BQK2R w KQ - 0 11,white,recurrent_edges_attenuated_0.05,1,32,d2e4,h4h5,47.0,754.0,707.0,0,0,9,17,0.0,0.0,,,32,1.2725765000795946,88.27852739999071,,0
opening_009_offset_12,opening_009,middle,20,1nbq1bnr/3pkp1p/rpp3p1/p7/2N1p2P/1P1P1BP1/P1PNPP2/R1BQK2R w KQ - 0 11,white,recurrent_edges_attenuated_0.05,2,32,d2e4,d2e4,754.0,754.0,0.0,1,1,1,1,9.109877282753587e-06,6.572093283653851e-05,-0.1723051352481708,-0.12813856377150373,64,2.4958948000567034,88.27852739999071,,0
opening_009_offset_12,opening_009,middle,20,1nbq1bnr/3pkp1p/rpp3p1/p7/2N1p2P/1P1P1BP1/P1PNPP2/R1BQK2R w KQ - 0 11,white,recurrent_edges_attenuated_0.05,4,32,d2e4,d2e4,754.0,754.0,0.0,1,1,1,1,1.2434726158971898e-05,9.16575146923298e-05,-0.1946480938416422,-0.1370967741935484,128,4.823290399974212,88.27852739999071,,0
opening_009_offset_12,opening_009,middle,20,1nbq1bnr/3pkp1p/rpp3p1/p7/2N1p2P/1P1P1BP1/P1PNPP2/R1BQK2R w KQ - 0 11,white,recurrent_edges_attenuated_0.05,8,32,d2e4,d2e4,754.0,754.0,0.0,1,1,1,1,1.2579092071973719e-05,9.29941819774664e-05,-0.2008797653958944,-0.14112903225806453,256,10.418554599978961,88.27852739999071,,0
opening_009_offset_12,opening_009,middle,20,1nbq1bnr/3pkp1p/rpp3p1/p7/2N1p2P/1P1P1BP1/P1PNPP2/R1BQK2R w KQ - 0 11,white,recurrent_edges_attenuated_0.05,16,32,d2e4,d2e4,754.0,754.0,0.0,1,1,1,1,1.2579230315168388e-05,9.299597639574957e-05,-0.2008797653958944,-0.14112903225806453,512,21.125001700012945,88.27852739999071,,0
opening_009_offset_12,opening_009,middle,20,1nbq1bnr/3pkp1p/rpp3p1/p7/2N1p2P/1P1P1BP1/P1PNPP2/R1BQK2R w KQ - 0 11,white,recurrent_edges_attenuated_0.05,32,32,d2e4,d2e4,754.0,754.0,0.0,1,1,1,1,1.2579230315168388e-05,9.299597639574957e-05,-0.2008797653958944,-0.14112903225806453,1024,45.30556420003995,88.27852739999071,,0
opening_009_offset_12,opening_009,middle,20,1nbq1bnr/3pkp1p/rpp3p1/p7/2N1p2P/1P1P1BP1/P1PNPP2/R1BQK2R w KQ - 0 11,white,recurrent_edges_attenuated_0.05,64,32,d2e4,d2e4,754.0,754.0,0.0,1,1,1,1,1.2579230315168388e-05,9.299597639574957e-05,-0.2008797653958944,-0.14112903225806453,2048,87.98042230005376,88.27852739999071,,0
opening_009_offset_16,opening_009,middle,24,1nbq1bnr/r2pkp1p/1pp3p1/p6P/2N5/1P1PpBP1/P1PNPP2/R1BQ1RK1 w - - 1 13,white,recurrent_edges_attenuated_0.05,1,32,c1a3,h5h6,-7.0,696.0,703.0,0,0,20,28,0.0,0.0,,,32,1.5918776000617072,95.68485690001398,,0
opening_009_offset_16,opening_009,middle,24,1nbq1bnr/r2pkp1p/1pp3p1/p6P/2N5/1P1PpBP1/P1PNPP2/R1BQ1RK1 w - - 1 13,white,recurrent_edges_attenuated_0.05,2,32,c1a3,c4b6,178.0,696.0,518.0,0,0,13,21,0.0,7.863324539772813e-05,0.38732861407817415,0.302063462499576,64,3.300270300009288,95.68485690001398,,0
opening_009_offset_16,opening_009,middle,24,1nbq1bnr/r2pkp1p/1pp3p1/p6P/2N5/1P1PpBP1/P1PNPP2/R1BQ1RK1 w - - 1 13,white,recurrent_edges_attenuated_0.05,4,32,c1a3,c4b6,178.0,696.0,518.0,0,0,13,21,5.120455170981586e-10,0.00010983751637070231,0.3537390029325513,0.26612903225806456,128,5.825547800050117,95.68485690001398,,0
opening_009_offset_16,opening_009,middle,24,1nbq1bnr/r2pkp1p/1pp3p1/p6P/2N5/1P1PpBP1/P1PNPP2/R1BQ1RK1 w - - 1 13,white,recurrent_edges_attenuated_0.05,8,32,c1a3,c4a5,-83.0,696.0,779.0,0,0,29,21,2.092747308779508e-09,0.00011146006621680448,0.3478739002932551,0.26209677419354843,256,11.194253399968147,95.68485690001398,,0
opening_009_offset_16,opening_009,middle,24,1nbq1bnr/r2pkp1p/1pp3p1/p6P/2N5/1P1PpBP1/P1PNPP2/R1BQ1RK1 w - - 1 13,white,recurrent_edges_attenuated_0.05,16,32,c1a3,c4a5,-83.0,696.0,779.0,0,0,29,21,2.079104888252914e-09,0.00011146225009802119,0.3478739002932551,0.26209677419354843,512,21.30218760005664,95.68485690001398,,0
opening_009_offset_16,opening_009,middle,24,1nbq1bnr/r2pkp1p/1pp3p1/p6P/2N5/1P1PpBP1/P1PNPP2/R1BQ1RK1 w - - 1 13,white,recurrent_edges_attenuated_0.05,32,32,c1a3,c4a5,-83.0,696.0,779.0,0,0,29,21,2.079104888252914e-09,0.00011146225009802119,0.3478739002932551,0.26209677419354843,1024,41.59949569997843,95.68485690001398,,0
opening_009_offset_16,opening_009,middle,24,1nbq1bnr/r2pkp1p/1pp3p1/p6P/2N5/1P1PpBP1/P1PNPP2/R1BQ1RK1 w - - 1 13,white,recurrent_edges_attenuated_0.05,64,32,c1a3,c4a5,-83.0,696.0,779.0,0,0,29,21,2.079104888252914e-09,0.00011146225009802119,0.3478739002932551,0.26209677419354843,2048,95.47726990003139,95.68485690001398,,0
opening_009_offset_20,opening_009,late,28,1nb2bnr/r1qpkp2/1pp3pp/p2B3P/2NP4/1P2p1P1/P1PNPP2/R1BQ1RK1 w - - 1 15,white,recurrent_edges_attenuated_0.05,1,34,c1a3,h5g6,121.0,664.0,543.0,0,0,6,30,0.0,0.0,,,34,1.9152265000157058,99.31976739992388,,0
opening_009_offset_20,opening_009,late,28,1nb2bnr/r1qpkp2/1pp3pp/p2B3P/2NP4/1P2p1P1/P1PNPP2/R1BQ1RK1 w - - 1 15,white,recurrent_edges_attenuated_0.05,2,34,c1a3,c4b6,-176.0,664.0,840.0,0,0,15,27,0.0,1.5563467327303347e-05,0.18008597393527334,0.13899732182474794,68,3.7520807000109926,99.31976739992388,,0
opening_009_offset_20,opening_009,late,28,1nb2bnr/r1qpkp2/1pp3pp/p2B3P/2NP4/1P2p1P1/P1PNPP2/R1BQ1RK1 w - - 1 15,white,recurrent_edges_attenuated_0.05,4,34,c1a3,c4a5,-378.0,664.0,1042.0,0,0,29,27,8.803908713161945e-10,2.198489279823787e-05,0.20459928243683215,0.16057098271145645,136,7.446622600080445,99.31976739992388,,0
opening_009_offset_20,opening_009,late,28,1nb2bnr/r1qpkp2/1pp3pp/p2B3P/2NP4/1P2p1P1/P1PNPP2/R1BQ1RK1 w - - 1 15,white,recurrent_edges_attenuated_0.05,8,34,c1a3,c4a5,-378.0,664.0,1042.0,0,0,29,27,3.725290298461914e-09,2.2339372002123415e-05,0.20459928243683215,0.16057098271145645,272,14.73016070004087,99.31976739992388,,0
opening_009_offset_20,opening_009,late,28,1nb2bnr/r1qpkp2/1pp3pp/p2B3P/2NP4/1P2p1P1/P1PNPP2/R1BQ1RK1 w - - 1 15,white,recurrent_edges_attenuated_0.05,16,34,c1a3,c4a5,-378.0,664.0,1042.0,0,0,29,27,3.761670086532831e-09,2.2339893616262412e-05,0.20459928243683215,0.16057098271145645,544,27.735230899997987,99.31976739992388,,0
opening_009_offset_20,opening_009,late,28,1nb2bnr/r1qpkp2/1pp3pp/p2B3P/2NP4/1P2p1P1/P1PNPP2/R1BQ1RK1 w - - 1 15,white,recurrent_edges_attenuated_0.05,32,34,c1a3,c4a5,-378.0,664.0,1042.0,0,0,29,27,3.761670086532831e-09,2.2339893616262412e-05,0.20459928243683215,0.16057098271145645,1088,50.40073160000611,99.31976739992388,,0
opening_009_offset_20,opening_009,late,28,1nb2bnr/r1qpkp2/1pp3pp/p2B3P/2NP4/1P2p1P1/P1PNPP2/R1BQ1RK1 w - - 1 15,white,recurrent_edges_attenuated_0.05,64,34,c1a3,c4a5,-378.0,664.0,1042.0,0,0,29,27,3.761670086532831e-09,2.2339893616262412e-05,0.20459928243683215,0.16057098271145645,2176,99.01574329996947,99.31976739992388,,0
opening_009_offset_24,opening_009,late,32,1nb2bnr/r1qpkp2/1pp4p/6pP/p1NP4/1P2pPP1/P1PNP3/R1BQ1RKB w - - 0 17,white,recurrent_edges_attenuated_0.05,1,25,d2e4,h1g2,-24.0,443.0,467.0,0,0,7,9,0.0,0.0,,,25,1.0567518000025302,80.63142300001346,,0
opening_009_offset_24,opening_009,late,32,1nb2bnr/r1qpkp2/1pp4p/6pP/p1NP4/1P2pPP1/P1PNP3/R1BQ1RKB w - - 0 17,white,recurrent_edges_attenuated_0.05,2,25,d2e4,c4b6,-143.0,443.0,586.0,0,1,10,3,0.0,4.236651821969347e-05,0.15607623095669979,0.09200934226232221,50,2.1130738999927416,80.63142300001346,,0
opening_009_offset_24,opening_009,late,32,1nb2bnr/r1qpkp2/1pp4p/6pP/p1NP4/1P2pPP1/P1PNP3/R1BQ1RKB w - - 0 17,white,recurrent_edges_attenuated_0.05,4,25,d2e4,c4b6,-143.0,443.0,586.0,0,1,10,3,4.212324711261317e-07,5.9166248230972245e-05,0.1884977915230379,0.13021720984236468,100,4.678211499936879,80.63142300001346,,0
opening_009_offset_24,opening_009,late,32,1nb2bnr/r1qpkp2/1pp4p/6pP/p1NP4/1P2pPP1/P1PNP3/R1BQ1RKB w - - 0 17,white,recurrent_edges_attenuated_0.05,8,25,d2e4,c4b6,-143.0,443.0,586.0,0,1,10,3,4.637240635929629e-07,6.003963842917185e-05,0.1884977915230379,0.13021720984236468,200,9.61271030001808,80.63142300001346,,0
opening_009_offset_24,opening_009,late,32,1nb2bnr/r1qpkp2/1pp4p/6pP/p1NP4/1P2pPP1/P1PNP3/R1BQ1RKB w - - 0 17,white,recurrent_edges_attenuated_0.05,16,25,d2e4,c4b6,-143.0,443.0,586.0,0,1,10,3,4.638113750843331e-07,6.00408313332038e-05,0.1884977915230379,0.13021720984236468,400,20.002606299938634,80.63142300001346,,0
opening_009_offset_24,opening_009,late,32,1nb2bnr/r1qpkp2/1pp4p/6pP/p1NP4/1P2pPP1/P1PNP3/R1BQ1RKB w - - 0 17,white,recurrent_edges_attenuated_0.05,32,25,d2e4,c4b6,-143.0,443.0,586.0,0,1,10,3,4.638113750843331e-07,6.00408313332038e-05,0.1884977915230379,0.13021720984236468,800,40.61054809996858,80.63142300001346,,0
opening_009_offset_24,opening_009,late,32,1nb2bnr/r1qpkp2/1pp4p/6pP/p1NP4/1P2pPP1/P1PNP3/R1BQ1RKB w - - 0 17,white,recurrent_edges_attenuated_0.05,64,25,d2e4,c4b6,-143.0,443.0,586.0,0,1,10,3,4.638113750843331e-07,6.00408313332038e-05,0.1884977915230379,0.13021720984236468,1600,80.49028129992075,80.63142300001346,,0
opening_010_offset_00,opening_010,early,8,rn1qkbnr/1pp1ppp1/p6p/3p1b2/2P2P2/P6N/1P1PP1PP/RNBQKB1R w KQkq - 0 5,white,recurrent_edges_attenuated_0.05,1,21,h3f2,h3g5,-801.0,-58.0,743.0,0,1,21,3,0.0,0.0,,,21,1.3300289999460801,81.24967369996011,,0
opening_010_offset_00,opening_010,early,8,rn1qkbnr/1pp1ppp1/p6p/3p1b2/2P2P2/P6N/1P1PP1PP/RNBQKB1R w KQkq - 0 5,white,recurrent_edges_attenuated_0.05,2,21,h3f2,g2g3,-102.0,-58.0,44.0,0,0,5,12,2.626332570798695e-05,1.590111740476096e-05,0.02235528015721822,0.01991627864445957,42,3.102166499942541,81.24967369996011,,0
opening_010_offset_00,opening_010,early,8,rn1qkbnr/1pp1ppp1/p6p/3p1b2/2P2P2/P6N/1P1PP1PP/RNBQKB1R w KQkq - 0 5,white,recurrent_edges_attenuated_0.05,4,21,h3f2,g2g3,-102.0,-58.0,44.0,0,0,5,18,3.695394843816757e-05,2.2661414706535173e-05,0.03247807901075932,0.07159924926194092,84,6.660490199923515,81.24967369996011,,0
opening_010_offset_00,opening_010,early,8,rn1qkbnr/1pp1ppp1/p6p/3p1b2/2P2P2/P6N/1P1PP1PP/RNBQKB1R w KQkq - 0 5,white,recurrent_edges_attenuated_0.05,8,21,h3f2,g2g3,-102.0,-58.0,44.0,0,0,5,18,3.751844633370638e-05,2.305405843543531e-05,0.042221502713987114,0.08114581583019971,168,12.116924499976449,81.24967369996011,,0
opening_010_offset_00,opening_010,early,8,rn1qkbnr/1pp1ppp1/p6p/3p1b2/2P2P2/P6N/1P1PP1PP/RNBQKB1R w KQkq - 0 5,white,recurrent_edges_attenuated_0.05,16,21,h3f2,g2g3,-102.0,-58.0,44.0,0,0,5,18,3.751879557967186e-05,2.3054681790317264e-05,0.042221502713987114,0.08114581583019971,336,23.514901399961673,81.24967369996011,,0
opening_010_offset_00,opening_010,early,8,rn1qkbnr/1pp1ppp1/p6p/3p1b2/2P2P2/P6N/1P1PP1PP/RNBQKB1R w KQkq - 0 5,white,recurrent_edges_attenuated_0.05,32,21,h3f2,g2g3,-102.0,-58.0,44.0,0,0,5,18,3.751879557967186e-05,2.3054681790317264e-05,0.042221502713987114,0.08114581583019971,672,43.516684699920006,81.24967369996011,,0
opening_010_offset_00,opening_010,early,8,rn1qkbnr/1pp1ppp1/p6p/3p1b2/2P2P2/P6N/1P1PP1PP/RNBQKB1R w KQkq - 0 5,white,recurrent_edges_attenuated_0.05,64,21,h3f2,g2g3,-102.0,-58.0,44.0,0,0,5,18,3.751879557967186e-05,2.3054681790317264e-05,0.042221502713987114,0.08114581583019971,1344,81.08361959992908,81.24967369996011,,0
opening_010_offset_04,opening_010,early,12,r2qkbnr/1ppn1pp1/p3p2p/3p1b2/2P2P2/PQ6/1P1PP1PP/RNB1KBNR w KQkq - 0 7,white,recurrent_edges_attenuated_0.05,1,31,c4d5,h2h4,-372.0,-118.0,254.0,0,0,12,13,0.0,0.0,,,31,1.4650522000156343,94.1401812999975,,0
opening_010_offset_04,opening_010,early,12,r2qkbnr/1ppn1pp1/p3p2p/3p1b2/2P2P2/PQ6/1P1PP1PP/RNB1KBNR w KQkq - 0 7,white,recurrent_edges_attenuated_0.05,2,31,c4d5,g2g3,-245.0,-118.0,127.0,0,0,7,27,2.6263369363732636e-05,1.8108189873579157e-05,-0.059417936038706605,-0.048928854804197834,62,2.8927295999601483,94.1401812999975,,0
opening_010_offset_04,opening_010,early,12,r2qkbnr/1ppn1pp1/p3p2p/3p1b2/2P2P2/PQ6/1P1PP1PP/RNB1KBNR w KQkq - 0 7,white,recurrent_edges_attenuated_0.05,4,31,c4d5,g2g3,-245.0,-118.0,127.0,0,0,7,27,3.6954093957319856e-05,2.5589226885891993e-05,0.01673555810501171,0.004305707553701852,124,5.834500400000252,94.1401812999975,,0
opening_010_offset_04,opening_010,early,12,r2qkbnr/1ppn1pp1/p3p2p/3p1b2/2P2P2/PQ6/1P1PP1PP/RNB1KBNR w KQkq - 0 7,white,recurrent_edges_attenuated_0.05,8,31,c4d5,g2g3,-245.0,-118.0,127.0,0,0,7,27,3.7518126191571355e-05,2.600193648881492e-05,0.01673555810501171,0.004305707553701852,248,10.58093870000448,94.1401812999975,,0
opening_010_offset_04,opening_010,early,12,r2qkbnr/1ppn1pp1/p3p2p/3p1b2/2P2P2/PQ6/1P1PP1PP/RNB1KBNR w KQkq - 0 7,white,recurrent_edges_attenuated_0.05,16,31,c4d5,g2g3,-245.0,-118.0,127.0,0,0,7,27,3.7518941098824143e-05,2.6002535183584874e-05,0.01673555810501171,0.004305707553701852,496,23.21455050003715,94.1401812999975,,0
opening_010_offset_04,opening_010,early,12,r2qkbnr/1ppn1pp1/p3p2p/3p1b2/2P2P2/PQ6/1P1PP1PP/RNB1KBNR w KQkq - 0 7,white,recurrent_edges_attenuated_0.05,32,31,c4d5,g2g3,-245.0,-118.0,127.0,0,0,7,27,3.7518941098824143e-05,2.6002535183584874e-05,0.01673555810501171,0.004305707553701852,992,48.431180999963544,94.1401812999975,,0
opening_010_offset_04,opening_010,early,12,r2qkbnr/1ppn1pp1/p3p2p/3p1b2/2P2P2/PQ6/1P1PP1PP/RNB1KBNR w KQkq - 0 7,white,recurrent_edges_attenuated_0.05,64,31,c4d5,g2g3,-245.0,-118.0,127.0,0,0,7,27,3.7518941098824143e-05,2.6002535183584874e-05,0.01673555810501171,0.004305707553701852,1984,93.91668130003382,94.1401812999975,,0
opening_010_offset_08,opening_010,early,16,r2qkbnr/1pp2p2/p3p1pp/2np1b2/2P2P2/P1Q5/1P1PP1PP/RNB1KBNR w KQkq - 2 9,white,recurrent_edges_attenuated_0.05,1,31,c3h8,h2h4,-445.0,4.0,449.0,0,0,14,14,0.0,0.0,,,31,1.3833765999879688,95.61420790001284,,0
opening_010_offset_08,opening_010,early,16,r2qkbnr/1pp2p2/p3p1pp/2np1b2/2P2P2/P1Q5/1P1PP1PP/RNB1KBNR w KQkq - 2 9,white,recurrent_edges_attenuated_0.05,2,31,c3h8,g2g3,-359.0,4.0,363.0,0,0,11,4,2.6263442123308778e-05,1.822839171706308e-05,0.15756532169040924,0.06282944708688874,62,2.7775327999843284,95.61420790001284,,0
opening_010_offset_08,opening_010,early,16,r2qkbnr/1pp2p2/p3p1pp/2np1b2/2P2P2/P1Q5/1P1PP1PP/RNB1KBNR w KQkq - 2 9,white,recurrent_edges_attenuated_0.05,4,31,c3h8,g2g3,-359.0,4.0,363.0,0,0,11,4,3.695397754199803e-05,2.5859188245492535e-05,0.18066337424205414,0.09041985862773891,124,5.575479399994947,95.61420790001284,,0
opening_010_offset_08,opening_010,early,16,r2qkbnr/1pp2p2/p3p1pp/2np1b2/2P2P2/P1Q5/1P1PP1PP/RNB1KBNR w KQkq - 2 9,white,recurrent_edges_attenuated_0.05,8,31,c3h8,g2g3,-359.0,4.0,363.0,0,0,11,4,3.751827171072364e-05,2.6289491983267394e-05,0.18066337424205414,0.09041985862773891,248,11.542725200066343,95.61420790001284,,0
opening_010_offset_08,opening_010,early,16,r2qkbnr/1pp2p2/p3p1pp/2np1b2/2P2P2/P1Q5/1P1PP1PP/RNB1KBNR w KQkq - 2 9,white,recurrent_edges_attenuated_0.05,16,31,c3h8,g2g3,-359.0,4.0,363.0,0,0,11,4,3.751905751414597e-05,2.6290129180265823e-05,0.18066337424205414,0.09041985862773891,496,23.042499299976043,95.61420790001284,,0
opening_010_offset_08,opening_010,early,16,r2qkbnr/1pp2p2/p3p1pp/2np1b2/2P2P2/P1Q5/1P1PP1PP/RNB1KBNR w KQkq - 2 9,white,recurrent_edges_attenuated_0.05,32,31,c3h8,g2g3,-359.0,4.0,363.0,0,0,11,4,3.751905751414597e-05,2.6290129180265823e-05,0.18066337424205414,0.09041985862773891,992,45.35163609997835,95.61420790001284,,0
opening_010_offset_08,opening_010,early,16,r2qkbnr/1pp2p2/p3p1pp/2np1b2/2P2P2/P1Q5/1P1PP1PP/RNB1KBNR w KQkq - 2 9,white,recurrent_edges_attenuated_0.05,64,31,c3h8,g2g3,-359.0,4.0,363.0,0,0,11,4,3.751905751414597e-05,2.6290129180265823e-05,0.18066337424205414,0.09041985862773891,1984,95.39754340006039,95.61420790001284,,0
opening_010_offset_12,opening_010,middle,20,r2qk1nr/1pp2p2/p3p1pp/2np1b2/2Pb1P2/P3Q3/1P1PPKPP/RNB2BNR w kq - 6 11,white,recurrent_edges_attenuated_0.05,1,17,e3d4,h2h4,-1036.0,172.0,1208.0,0,0,7,10,0.0,0.0,,,17,1.1031226000050083,69.90086950000841,,0
opening_010_offset_12,opening_010,middle,20,r2qk1nr/1pp2p2/p3p1pp/2np1b2/2Pb1P2/P3Q3/1P1PPKPP/RNB2BNR w kq - 6 11,white,recurrent_edges_attenuated_0.05,2,17,e3d4,g2g3,-1065.0,172.0,1237.0,0,0,12,4,2.6263442123308778e-05,2.390989575754239e-05,-0.3736199243956554,-0.25570415597837937,34,2.271030699950643,69.90086950000841,,0
opening_010_offset_12,opening_010,middle,20,r2qk1nr/1pp2p2/p3p1pp/2np1b2/2Pb1P2/P3Q3/1P1PPKPP/RNB2BNR w kq - 6 11,white,recurrent_edges_attenuated_0.05,4,17,e3d4,g2g3,-1065.0,172.0,1237.0,0,0,12,4,3.695167833939195e-05,3.391205679186667e-05,-0.42156862745098045,-0.2941176470588235,68,4.780836299993098,69.90086950000841,,0
opening_010_offset_12,opening_010,middle,20,r2qk1nr/1pp2p2/p3p1pp/2np1b2/2Pb1P2/P3Q3/1P1PPKPP/RNB2BNR w kq - 6 11,white,recurrent_edges_attenuated_0.05,8,17,e3d4,g2g3,-1065.0,172.0,1237.0,0,0,12,4,3.751550684683025e-05,3.447476920286274e-05,-0.42156862745098045,-0.2941176470588235,136,9.323406899929978,69.90086950000841,,0
opening_010_offset_12,opening_010,middle,20,r2qk1nr/1pp2p2/p3p1pp/2np1b2/2Pb1P2/P3Q3/1P1PPKPP/RNB2BNR w kq - 6 11,white,recurrent_edges_attenuated_0.05,16,17,e3d4,g2g3,-1065.0,172.0,1237.0,0,0,12,4,3.751623444259167e-05,3.447560765027713e-05,-0.42156862745098045,-0.2941176470588235,272,19.37841030000709,69.90086950000841,,0
opening_010_offset_12,opening_010,middle,20,r2qk1nr/1pp2p2/p3p1pp/2np1b2/2Pb1P2/P3Q3/1P1PPKPP/RNB2BNR w kq - 6 11,white,recurrent_edges_attenuated_0.05,32,17,e3d4,g2g3,-1065.0,172.0,1237.0,0,0,12,4,3.751623444259167e-05,3.447560765027713e-05,-0.42156862745098045,-0.2941176470588235,544,36.52919639996253,69.90086950000841,,0
opening_010_offset_12,opening_010,middle,20,r2qk1nr/1pp2p2/p3p1pp/2np1b2/2Pb1P2/P3Q3/1P1PPKPP/RNB2BNR w kq - 6 11,white,recurrent_edges_attenuated_0.05,64,17,e3d4,g2g3,-1065.0,172.0,1237.0,0,0,12,4,3.751623444259167e-05,3.447560765027713e-05,-0.42156862745098045,-0.2941176470588235,1088,69.80389119999018,69.90086950000841,,0
opening_010_offset_16,opening_010,middle,24,r2qk1nr/2p2p2/p3p1pp/1pnp4/2PbQP2/P4K2/1PbPP1PP/RNB2BNR w kq - 0 13,white,recurrent_edges_attenuated_0.05,1,26,e4d4,h2h4,-1299.0,-16.0,1283.0,0,0,21,15,0.0,0.0,,,26,1.1494697999441996,86.24501220008824,,0
opening_010_offset_16,opening_010,middle,24,r2qk1nr/2p2p2/p3p1pp/1pnp4/2PbQP2/P4K2/1PbPP1PP/RNB2BNR w kq - 0 13,white,recurrent_edges_attenuated_0.05,2,26,e4d4,g2g3,-1416.0,-16.0,1400.0,0,0,25,6,2.6263442123308778e-05,5.5955441524266945e-05,-0.09156258700684182,-0.07142994928124327,52,2.553803400020115,86.24501220008824,,0
opening_010_offset_16,opening_010,middle,24,r2qk1nr/2p2p2/p3p1pp/1pnp4/2PbQP2/P4K2/1PbPP1PP/RNB2BNR w kq - 0 13,white,recurrent_edges_attenuated_0.05,4,26,e4d4,g2g3,-1416.0,-16.0,1400.0,0,0,25,5,3.695176565088332e-05,7.827157800923916e-05,-0.11044623173900885,-0.08012336167697753,104,4.9366808999329805,86.24501220008824,,0
opening_010_offset_16,opening_010,middle,24,r2qk1nr/2p2p2/p3p1pp/1pnp4/2PbQP2/P4K2/1PbPP1PP/RNB2BNR w kq - 0 13,white,recurrent_edges_attenuated_0.05,8,26,e4d4,g2g3,-1416.0,-16.0,1400.0,0,0,25,5,3.751552139874548e-05,7.944132219159151e-05,-0.11044623173900885,-0.08012336167697753,208,9.810420599998906,86.24501220008824,,0
opening_010_offset_16,opening_010,middle,24,r2qk1nr/2p2p2/p3p1pp/1pnp4/2PbQP2/P4K2/1PbPP1PP/RNB2BNR w kq - 0 13,white,recurrent_edges_attenuated_0.05,16,26,e4d4,g2g3,-1416.0,-16.0,1400.0,0,0,25,5,3.751645272132009e-05,7.944291060131438e-05,-0.11044623173900885,-0.08012336167697753,416,23.419700999977067,86.24501220008824,,0
opening_010_offset_16,opening_010,middle,24,r2qk1nr/2p2p2/p3p1pp/1pnp4/2PbQP2/P4K2/1PbPP1PP/RNB2BNR w kq - 0 13,white,recurrent_edges_attenuated_0.05,32,26,e4d4,g2g3,-1416.0,-16.0,1400.0,0,0,25,5,3.751645272132009e-05,7.944291060131438e-05,-0.11044623173900885,-0.08012336167697753,832,44.63263000000734,86.24501220008824,,0
opening_010_offset_16,opening_010,middle,24,r2qk1nr/2p2p2/p3p1pp/1pnp4/2PbQP2/P4K2/1PbPP1PP/RNB2BNR w kq - 0 13,white,recurrent_edges_attenuated_0.05,64,26,e4d4,g2g3,-1416.0,-16.0,1400.0,0,0,25,5,3.751645272132009e-05,7.944291060131438e-05,-0.11044623173900885,-0.08012336167697753,1664,86.07588729995769,86.24501220008824,,0
opening_010_offset_20,opening_010,late,28,r3k1nr/2p2p2/p3p1pp/1pnp4/2Pb1P1q/P3QK2/1PbPP1PP/RNB2BNR w kq - 4 15,white,recurrent_edges_attenuated_0.05,1,21,e3d4,h2h3,-1032.0,-150.0,882.0,0,0,8,10,0.0,0.0,,,21,1.080849100020714,75.9692368999822,,0
opening_010_offset_20,opening_010,late,28,r3k1nr/2p2p2/p3p1pp/1pnp4/2Pb1P1q/P3QK2/1PbPP1PP/RNB2BNR w kq - 4 15,white,recurrent_edges_attenuated_0.05,2,21,e3d4,g2g3,-710.0,-150.0,560.0,0,0,2,5,2.626341301947832e-05,1.9470650968596148e-05,-0.09378093024257131,-0.10170952554312157,42,2.338515800074674,75.9692368999822,,0
opening_010_offset_20,opening_010,late,28,r3k1nr/2p2p2/p3p1pp/1pnp4/2Pb1P1q/P3QK2/1PbPP1PP/RNB2BNR w kq - 4 15,white,recurrent_edges_attenuated_0.05,4,21,e3d4,g2g3,-710.0,-150.0,560.0,0,0,2,5,3.6951809306629e-05,2.761531268291259e-05,-0.07012987012987014,-0.0761904761904762,84,4.831283000065014,75.9692368999822,,0
opening_010_offset_20,opening_010,late,28,r3k1nr/2p2p2/p3p1pp/1pnp4/2Pb1P1q/P3QK2/1PbPP1PP/RNB2BNR w kq - 4 15,white,recurrent_edges_attenuated_0.05,8,21,e3d4,g2g3,-710.0,-150.0,560.0,0,0,2,5,3.751557960640639e-05,2.8074757379317607e-05,-0.07012987012987014,-0.0761904761904762,168,9.91150110005401,75.9692368999822,,0
opening_010_offset_20,opening_010,late,28,r3k1nr/2p2p2/p3p1pp/1pnp4/2Pb1P1q/P3QK2/1PbPP1PP/RNB2BNR w kq - 4 15,white,recurrent_edges_attenuated_0.05,16,21,e3d4,g2g3,-710.0,-150.0,560.0,0,0,2,5,3.751621989067644e-05,2.8075456700564327e-05,-0.07012987012987014,-0.0761904761904762,336,19.001682200003415,75.9692368999822,,0
opening_010_offset_20,opening_010,late,28,r3k1nr/2p2p2/p3p1pp/1pnp4/2Pb1P1q/P3QK2/1PbPP1PP/RNB2BNR w kq - 4 15,white,recurrent_edges_attenuated_0.05,32,21,e3d4,g2g3,-710.0,-150.0,560.0,0,0,2,5,3.751621989067644e-05,2.8075456700564327e-05,-0.07012987012987014,-0.0761904761904762,672,36.40065189998131,75.9692368999822,,0
opening_010_offset_20,opening_010,late,28,r3k1nr/2p2p2/p3p1pp/1pnp4/2Pb1P1q/P3QK2/1PbPP1PP/RNB2BNR w kq - 4 15,white,recurrent_edges_attenuated_0.05,64,21,e3d4,g2g3,-710.0,-150.0,560.0,0,0,2,5,3.751621989067644e-05,2.8075456700564327e-05,-0.07012987012987014,-0.0761904761904762,1344,75.85231700004078,75.9692368999822,,0
opening_010_offset_24,opening_010,late,32,3rk1nr/2p2p2/p3p1pp/1pnp4/2Pb1PPq/P3QK1B/1PbPP2P/RNB3NR w k - 3 17,white,recurrent_edges_attenuated_0.05,1,21,e3d4,h3g2,-1093.0,-186.0,907.0,0,0,15,10,0.0,0.0,,,21,1.0448385000927374,76.86286140000448,,0
opening_010_offset_24,opening_010,late,32,3rk1nr/2p2p2/p3p1pp/1pnp4/2Pb1PPq/P3QK1B/1PbPP2P/RNB3NR w k - 3 17,white,recurrent_edges_attenuated_0.05,2,21,e3d4,g4g5,-956.0,-186.0,770.0,0,1,8,3,6.152858259156346e-05,4.816028875683934e-05,-0.08126647435198156,-0.06357139229866648,42,2.2991003000643104,76.86286140000448,,0
opening_010_offset_24,opening_010,late,32,3rk1nr/2p2p2/p3p1pp/1pnp4/2Pb1PPq/P3QK1B/1PbPP2P/RNB3NR w k - 3 17,white,recurrent_edges_attenuated_0.05,4,21,e3d4,g4g5,-956.0,-186.0,770.0,0,0,8,4,8.318602340295911e-05,6.71816392523437e-05,-0.044878108107790034,-0.03846331657755437,84,4.231607599998824,76.86286140000448,,0
opening_010_offset_24,opening_010,late,32,3rk1nr/2p2p2/p3p1pp/1pnp4/2Pb1PPq/P3QK1B/1PbPP2P/RNB3NR w k - 3 17,white,recurrent_edges_attenuated_0.05,8,21,e3d4,g4g5,-956.0,-186.0,770.0,0,0,8,4,8.404086111113429e-05,6.816167026021156e-05,-0.044878108107790034,-0.03846331657755437,168,8.107711100019515,76.86286140000448,,0
opening_010_offset_24,opening_010,late,32,3rk1nr/2p2p2/p3p1pp/1pnp4/2Pb1PPq/P3QK1B/1PbPP2P/RNB3NR w k - 3 17,white,recurrent_edges_attenuated_0.05,16,21,e3d4,g4g5,-956.0,-186.0,770.0,0,0,8,4,8.40413267724216e-05,6.816297924417002e-05,-0.044878108107790034,-0.03846331657755437,336,18.282405900070444,76.86286140000448,,0
opening_010_offset_24,opening_010,late,32,3rk1nr/2p2p2/p3p1pp/1pnp4/2Pb1PPq/P3QK1B/1PbPP2P/RNB3NR w k - 3 17,white,recurrent_edges_attenuated_0.05,32,21,e3d4,g4g5,-956.0,-186.0,770.0,0,0,8,4,8.40413267724216e-05,6.816297924417002e-05,-0.044878108107790034,-0.03846331657755437,672,39.50564500002656,76.86286140000448,,0
opening_010_offset_24,opening_010,late,32,3rk1nr/2p2p2/p3p1pp/1pnp4/2Pb1PPq/P3QK1B/1PbPP2P/RNB3NR w k - 3 17,white,recurrent_edges_attenuated_0.05,64,21,e3d4,g4g5,-956.0,-186.0,770.0,0,0,8,4,8.40413267724216e-05,6.816297924417002e-05,-0.044878108107790034,-0.03846331657755437,1344,76.73956640006509,76.86286140000448,,0
opening_011_offset_00,opening_011,early,8,r1bqkbnr/pp1p2pp/n1p1p3/5p2/P2P1B2/8/1PP1PPPP/RN1QKBNR w KQkq - 0 5,white,recurrent_edges_attenuated_0.05,1,34,b1d2,h2h4,42.0,57.0,15.0,0,0,5,29,0.0,0.0,,,34,1.5953142000362277,97.1446024000179,,0
opening_011_offset_00,opening_011,early,8,r1bqkbnr/pp1p2pp/n1p1p3/5p2/P2P1B2/8/1PP1PPPP/RN1QKBNR w KQkq - 0 5,white,recurrent_edges_attenuated_0.05,2,34,b1d2,g2g3,27.0,57.0,30.0,0,0,8,23,2.626341301947832e-05,2.7032951607656177e-05,0.04466074315335565,0.038184910969279104,68,3.3781683000270277,97.1446024000179,,0
opening_011_offset_00,opening_011,early,8,r1bqkbnr/pp1p2pp/n1p1p3/5p2/P2P1B2/8/1PP1PPPP/RN1QKBNR w KQkq - 0 5,white,recurrent_edges_attenuated_0.05,4,34,b1d2,g2g3,27.0,57.0,30.0,0,0,8,21,3.695394843816757e-05,3.773572975626698e-05,0.0382087745192241,0.026833803232126793,136,7.6460565000306815,97.1446024000179,,0
opening_011_offset_00,opening_011,early,8,r1bqkbnr/pp1p2pp/n1p1p3/5p2/P2P1B2/8/1PP1PPPP/RN1QKBNR w KQkq - 0 5,white,recurrent_edges_attenuated_0.05,8,34,b1d2,g2g3,27.0,57.0,30.0,0,0,8,21,3.751824260689318e-05,3.828798885550263e-05,0.0382087745192241,0.026833803232126793,272,14.028098399983719,97.1446024000179,,0
opening_011_offset_00,opening_011,early,8,r1bqkbnr/pp1p2pp/n1p1p3/5p2/P2P1B2/8/1PP1PPPP/RN1QKBNR w KQkq - 0 5,white,recurrent_edges_attenuated_0.05,16,34,b1d2,g2g3,27.0,57.0,30.0,0,0,8,21,3.751905751414597e-05,3.8288692202119696e-05,0.0382087745192241,0.026833803232126793,544,25.90951320005115,97.1446024000179,,0
opening_011_offset_00,opening_011,early,8,r1bqkbnr/pp1p2pp/n1p1p3/5p2/P2P1B2/8/1PP1PPPP/RN1QKBNR w KQkq - 0 5,white,recurrent_edges_attenuated_0.05,32,34,b1d2,g2g3,27.0,57.0,30.0,0,0,8,21,3.751905751414597e-05,3.8288692202119696e-05,0.0382087745192241,0.026833803232126793,1088,50.36159179999959,97.1446024000179,,0
opening_011_offset_00,opening_011,early,8,r1bqkbnr/pp1p2pp/n1p1p3/5p2/P2P1B2/8/1PP1PPPP/RN1QKBNR w KQkq - 0 5,white,recurrent_edges_attenuated_0.05,64,34,b1d2,g2g3,27.0,57.0,30.0,0,0,8,21,3.751905751414597e-05,3.8288692202119696e-05,0.0382087745192241,0.026833803232126793,2176,96.91516490001231,97.1446024000179,,0
opening_011_offset_04,opening_011,early,12,r1b1kb1r/pp1p2pp/nqp1pn2/5p2/P2P1B1P/R7/1PP1PPP1/1N1QKBNR w Kkq - 3 7,white,recurrent_edges_attenuated_0.05,1,42,a3b3,h4h5,-133.0,-18.0,115.0,0,0,6,40,0.0,0.0,,,42,2.3773637999547645,152.50803860009182,,0
opening_011_offset_04,opening_011,early,12,r1b1kb1r/pp1p2pp/nqp1pn2/5p2/P2P1B1P/R7/1PP1PPP1/1N1QKBNR w Kkq - 3 7,white,recurrent_edges_attenuated_0.05,2,42,a3b3,g2g3,-281.0,-18.0,263.0,0,0,20,10,2.626341301947832e-05,2.47493367849262e-05,0.21053807625904564,0.16006302496715277,84,4.939063800033182,152.50803860009182,,0
opening_011_offset_04,opening_011,early,12,r1b1kb1r/pp1p2pp/nqp1pn2/5p2/P2P1B1P/R7/1PP1PPP1/1N1QKBNR w Kkq - 3 7,white,recurrent_edges_attenuated_0.05,4,42,a3b3,g2g3,-281.0,-18.0,263.0,0,0,20,10,3.695176565088332e-05,3.4548580979331235e-05,0.20978850984523137,0.16608594657375145,168,9.797150600003079,152.50803860009182,,0
opening_011_offset_04,opening_011,early,12,r1b1kb1r/pp1p2pp/nqp1pn2/5p2/P2P1B1P/R7/1PP1PPP1/1N1QKBNR w Kkq - 3 7,white,recurrent_edges_attenuated_0.05,8,42,a3b3,g2g3,-281.0,-18.0,263.0,0,0,20,10,3.751550684683025e-05,3.50539598316795e-05,0.20978850984523137,0.16608594657375145,336,18.94267439993564,152.50803860009182,,0
opening_011_offset_04,opening_011,early,12,r1b1kb1r/pp1p2pp/nqp1pn2/5p2/P2P1B1P/R7/1PP1PPP1/1N1QKBNR w Kkq - 3 7,white,recurrent_edges_attenuated_0.05,16,42,a3b3,g2g3,-281.0,-18.0,263.0,0,0,20,10,3.7516263546422124e-05,3.5054658600874887e-05,0.20978850984523137,0.16608594657375145,672,38.25303709995933,152.50803860009182,,0
opening_011_offset_04,opening_011,early,12,r1b1kb1r/pp1p2pp/nqp1pn2/5p2/P2P1B1P/R7/1PP1PPP1/1N1QKBNR w Kkq - 3 7,white,recurrent_edges_attenuated_0.05,32,42,a3b3,g2g3,-281.0,-18.0,263.0,0,0,20,10,3.7516263546422124e-05,3.5054658600874887e-05,0.20978850984523137,0.16608594657375145,1344,76.25095799996052,152.50803860009182,,0
opening_011_offset_04,opening_011,early,12,r1b1kb1r/pp1p2pp/nqp1pn2/5p2/P2P1B1P/R7/1PP1PPP1/1N1QKBNR w Kkq - 3 7,white,recurrent_edges_attenuated_0.05,64,42,a3b3,g2g3,-281.0,-18.0,263.0,0,0,20,10,3.7516263546422124e-05,3.5054658600874887e-05,0.20978850984523137,0.16608594657375145,2688,152.2134069999447,152.50803860009182,,0
opening_011_offset_08,opening_011,early,16,rnb1kb1r/pp1p2pp/1qp1p3/5p1n/P2P3P/R1P3B1/1P2PPP1/1N1QKBNR w Kkq - 3 9,white,recurrent_edges_attenuated_0.05,1,29,a3b3,h1h3,-210.0,-17.0,193.0,0,0,10,27,0.0,0.0,,,29,1.460077099967748,86.82638569991104,,0
opening_011_offset_08,opening_011,early,16,rnb1kb1r/pp1p2pp/1qp1p3/5p1n/P2P3P/R1P3B1/1P2PPP1/1N1QKBNR w Kkq - 3 9,white,recurrent_edges_attenuated_0.05,2,29,a3b3,d1c1,-418.0,-17.0,401.0,0,0,19,6,2.969754859805107e-06,2.074793398009017e-05,0.042090142163671164,0.022762572680299274,58,2.8877306999638677,86.82638569991104,,0
opening_011_offset_08,opening_011,early,16,rnb1kb1r/pp1p2pp/1qp1p3/5p1n/P2P3P/R1P3B1/1P2PPP1/1N1QKBNR w Kkq - 3 9,white,recurrent_edges_attenuated_0.05,4,29,a3b3,d1c1,-418.0,-17.0,401.0,0,0,19,5,1.8071732483804226e-06,2.8797075741336995e-05,0.04089173574556893,0.032059210561334324,116,5.505134499981068,86.82638569991104,,0
opening_011_offset_08,opening_011,early,16,rnb1kb1r/pp1p2pp/1qp1p3/5p1n/P2P3P/R1P3B1/1P2PPP1/1N1QKBNR w Kkq - 3 9,white,recurrent_edges_attenuated_0.05,8,29,a3b3,d1c1,-418.0,-17.0,401.0,0,0,19,5,1.5440164133906364e-06,2.9202569656614668e-05,0.04089173574556893,0.032059210561334324,232,10.95004709996283,86.82638569991104,,0
opening_011_offset_08,opening_011,early,16,rnb1kb1r/pp1p2pp/1qp1p3/5p1n/P2P3P/R1P3B1/1P2PPP1/1N1QKBNR w Kkq - 3 9,white,recurrent_edges_attenuated_0.05,16,29,a3b3,d1c1,-418.0,-17.0,401.0,0,0,19,5,1.5432306099683046e-06,2.920308567786573e-05,0.04089173574556893,0.032059210561334324,464,22.73856549989432,86.82638569991104,,0
opening_011_offset_08,opening_011,early,16,rnb1kb1r/pp1p2pp/1qp1p3/5p1n/P2P3P/R1P3B1/1P2PPP1/1N1QKBNR w Kkq - 3 9,white,recurrent_edges_attenuated_0.05,32,29,a3b3,d1c1,-418.0,-17.0,401.0,0,0,19,5,1.5432306099683046e-06,2.920308567786573e-05,0.04089173574556893,0.032059210561334324,928,43.92229259992018,86.82638569991104,,0
opening_011_offset_08,opening_011,early,16,rnb1kb1r/pp1p2pp/1qp1p3/5p1n/P2P3P/R1P3B1/1P2PPP1/1N1QKBNR w Kkq - 3 9,white,recurrent_edges_attenuated_0.05,64,29,a3b3,d1c1,-418.0,-17.0,401.0,0,0,19,5,1.5432306099683046e-06,2.920308567786573e-05,0.04089173574556893,0.032059210561334324,1856,86.63163049996365,86.82638569991104,,0
opening_011_offset_12,opening_011,middle,20,rnb1kb1r/pp1p2pp/1q6/2p1pp1n/P2P3P/1RP3B1/1P1QPPP1/1N2KBNR w Kkq - 0 11,white,recurrent_edges_attenuated_0.05,1,30,b3b6,h1h3,-696.0,449.0,1145.0,0,0,21,25,0.0,0.0,,,30,1.394110199995339,90.08353800000623,,0
opening_011_offset_12,opening_011,middle,20,rnb1kb1r/pp1p2pp/1q6/2p1pp1n/P2P3P/1RP3B1/1P1QPPP1/1N2KBNR w Kkq - 0 11,white,recurrent_edges_attenuated_0.05,2,30,b3b6,d2c1,-703.0,449.0,1152.0,0,1,22,3,5.9988233260810375e-06,1.5823189555644446e-05,0.2239920693214492,0.11860753780646378,60,2.736624800018035,90.08353800000623,,0
opening_011_offset_12,opening_011,middle,20,rnb1kb1r/pp1p2pp/1q6/2p1pp1n/P2P3P/1RP3B1/1P1QPPP1/1N2KBNR w Kkq - 0 11,white,recurrent_edges_attenuated_0.05,4,30,b3b6,d2c1,-703.0,449.0,1152.0,0,1,22,3,7.142836693674326e-06,2.2384443564278702e-05,0.20627503848465711,0.1082952183507881,120,5.608505700016394,90.08353800000623,,0
opening_011_offset_12,opening_011,middle,20,rnb1kb1r/pp1p2pp/1q6/2p1pp1n/P2P3P/1RP3B1/1P1QPPP1/1N2KBNR w Kkq - 0 11,white,recurrent_edges_attenuated_0.05,8,30,b3b6,d2c1,-703.0,449.0,1152.0,0,1,22,3,7.108814315870404e-06,2.2749394198674488e-05,0.20627503848465711,0.1082952183507881,240,12.523024199996144,90.08353800000623,,0
opening_011_offset_12,opening_011,middle,20,rnb1kb1r/pp1p2pp/1q6/2p1pp1n/P2P3P/1RP3B1/1P1QPPP1/1N2KBNR w Kkq - 0 11,white,recurrent_edges_attenuated_0.05,16,30,b3b6,d2c1,-703.0,449.0,1152.0,0,1,22,3,7.10840686224401e-06,2.2749931727084427e-05,0.20627503848465711,0.1082952183507881,480,23.057095699943602,90.08353800000623,,0
opening_011_offset_12,opening_011,middle,20,rnb1kb1r/pp1p2pp/1q6/2p1pp1n/P2P3P/1RP3B1/1P1QPPP1/1N2KBNR w Kkq - 0 11,white,recurrent_edges_attenuated_0.05,32,30,b3b6,d2c1,-703.0,449.0,1152.0,0,1,22,3,7.10840686224401e-06,2.2749931727084427e-05,0.20627503848465711,0.1082952183507881,960,45.77894889994059,90.08353800000623,,0
opening_011_offset_12,opening_011,middle,20,rnb1kb1r/pp1p2pp/1q6/2p1pp1n/P2P3P/1RP3B1/1P1QPPP1/1N2KBNR w Kkq - 0 11,white,recurrent_edges_attenuated_0.05,64,30,b3b6,d2c1,-703.0,449.0,1152.0,0,1,22,3,7.10840686224401e-06,2.2749931727084427e-05,0.20627503848465711,0.1082952183507881,1920,89.88863840000704,90.08353800000623,,0
opening_011_offset_16,opening_011,middle,24,rnb1kb1r/pp1p3p/1q4p1/2p2p1n/PR1Pp2P/2P3B1/1P1QPPP1/1N1K1BNR w kq - 0 13,white,recurrent_edges_attenuated_0.05,1,34,b4b6,h1h3,-708.0,450.0,1158.0,0,0,12,29,0.0,0.0,,,34,1.52190629998222,100.0187979999464,,0
opening_011_offset_16,opening_011,middle,24,rnb1kb1r/pp1p3p/1q4p1/2p2p1n/PR1Pp2P/2P3B1/1P1QPPP1/1N1K1BNR w kq - 0 13,white,recurrent_edges_attenuated_0.05,2,34,b4b6,b4b6,450.0,450.0,0.0,1,1,1,1,1.0192481568083167e-05,3.903549810166276e-05,0.043038863776341946,0.012682491404897307,68,2.9307302000233904,100.0187979999464,,0
opening_011_offset_16,opening_011,middle,24,rnb1kb1r/pp1p3p/1q4p1/2p2p1n/PR1Pp2P/2P3B1/1P1QPPP1/1N1K1BNR w kq - 0 13,white,recurrent_edges_attenuated_0.05,4,34,b4b6,b4b6,450.0,450.0,0.0,1,1,1,1,1.4855730114504695e-05,5.598504004004965e-05,0.03881121563775605,0.0071364881205091745,136,5.872022200026549,100.0187979999464,,0
opening_011_offset_16,opening_011,middle,24,rnb1kb1r/pp1p3p/1q4p1/2p2p1n/PR1Pp2P/2P3B1/1P1QPPP1/1N1K1BNR w kq - 0 13,white,recurrent_edges_attenuated_0.05,8,34,b4b6,b4b6,450.0,450.0,0.0,1,1,1,1,1.511373557150364e-05,5.6982244009115326e-05,0.03881121563775605,0.0071364881205091745,272,11.935726700001396,100.0187979999464,,0
opening_011_offset_16,opening_011,middle,24,rnb1kb1r/pp1p3p/1q4p1/2p2p1n/PR1Pp2P/2P3B1/1P1QPPP1/1N1K1BNR w kq - 0 13,white,recurrent_edges_attenuated_0.05,16,34,b4b6,b4b6,450.0,450.0,0.0,1,1,1,1,1.511382288299501e-05,5.698381834921035e-05,0.03881121563775605,0.0071364881205091745,544,25.887378999963403,100.0187979999464,,0
opening_011_offset_16,opening_011,middle,24,rnb1kb1r/pp1p3p/1q4p1/2p2p1n/PR1Pp2P/2P3B1/1P1QPPP1/1N1K1BNR w kq - 0 13,white,recurrent_edges_attenuated_0.05,32,34,b4b6,b4b6,450.0,450.0,0.0,1,1,1,1,1.511382288299501e-05,5.698381834921035e-05,0.03881121563775605,0.0071364881205091745,1088,52.32070619997103,100.0187979999464,,0
opening_011_offset_16,opening_011,middle,24,rnb1kb1r/pp1p3p/1q4p1/2p2p1n/PR1Pp2P/2P3B1/1P1QPPP1/1N1K1BNR w kq - 0 13,white,recurrent_edges_attenuated_0.05,64,34,b4b6,b4b6,450.0,450.0,0.0,1,1,1,1,1.511382288299501e-05,5.698381834921035e-05,0.03881121563775605,0.0071364881205091745,2176,99.76868199999444,100.0187979999464,,0
opening_011_offset_20,opening_011,late,28,rnb1kb1r/pp1p3p/q5p1/1Rp2p1n/P2P1Q1P/2P1p1B1/1P2PPP1/1N1K1BNR w kq - 0 15,white,recurrent_edges_attenuated_0.05,1,35,f4e5,h1h3,-804.0,501.0,1305.0,0,0,12,11,0.0,0.0,,,35,1.6300974000478163,101.27234759996645,,0
opening_011_offset_20,opening_011,late,28,rnb1kb1r/pp1p3p/q5p1/1Rp2p1n/P2P1Q1P/2P1p1B1/1P2PPP1/1N1K1BNR w kq - 0 15,white,recurrent_edges_attenuated_0.05,2,35,f4e5,b5c5,-523.0,501.0,1024.0,0,0,5,18,5.1662209443748e-07,2.1378454177452748e-05,0.08224502185454437,0.054754880249530166,70,3.1070376000134274,101.27234759996645,,0
opening_011_offset_20,opening_011,late,28,rnb1kb1r/pp1p3p/q5p1/1Rp2p1n/P2P1Q1P/2P1p1B1/1P2PPP1/1N1K1BNR w kq - 0 15,white,recurrent_edges_attenuated_0.05,4,35,f4e5,b5c5,-523.0,501.0,1024.0,0,0,5,19,2.705492079257965e-07,2.982487682197851e-05,0.0953848311044218,0.05719093696385181,140,6.072868800023571,101.27234759996645,,0
opening_011_offset_20,opening_011,late,28,rnb1kb1r/pp1p3p/q5p1/1Rp2p1n/P2P1Q1P/2P1p1B1/1P2PPP1/1N1K1BNR w kq - 0 15,white,recurrent_edges_attenuated_0.05,8,35,f4e5,b5c5,-523.0,501.0,1024.0,0,0,5,19,2.2898893803358078e-07,3.026007499523363e-05,0.0953848311044218,0.05719093696385181,280,12.624481500010006,101.27234759996645,,0
opening_011_offset_20,opening_011,late,28,rnb1kb1r/pp1p3p/q5p1/1Rp2p1n/P2P1Q1P/2P1p1B1/1P2PPP1/1N1K1BNR w kq - 0 15,white,recurrent_edges_attenuated_0.05,16,35,f4e5,b5c5,-523.0,501.0,1024.0,0,0,5,19,2.2890162654221058e-07,3.0260633990637846e-05,0.0953848311044218,0.05719093696385181,560,25.142953200032935,101.27234759996645,,0
opening_011_offset_20,opening_011,late,28,rnb1kb1r/pp1p3p/q5p1/1Rp2p1n/P2P1Q1P/2P1p1B1/1P2PPP1/1N1K1BNR w kq - 0 15,white,recurrent_edges_attenuated_0.05,32,35,f4e5,b5c5,-523.0,501.0,1024.0,0,0,5,19,2.2890162654221058e-07,3.0260633990637846e-05,0.0953848311044218,0.05719093696385181,1120,51.97625730000436,101.27234759996645,,0
opening_011_offset_20,opening_011,late,28,rnb1kb1r/pp1p3p/q5p1/1Rp2p1n/P2P1Q1P/2P1p1B1/1P2PPP1/1N1K1BNR w kq - 0 15,white,recurrent_edges_attenuated_0.05,64,35,f4e5,b5c5,-523.0,501.0,1024.0,0,0,5,19,2.2890162654221058e-07,3.0260633990637846e-05,0.0953848311044218,0.05719093696385181,2240,101.03345970006194,101.27234759996645,,0
opening_011_offset_24,opening_011,late,32,rnbqkb1r/pp1p3p/6p1/1Rp2p1n/P2P3P/2P1pQBR/1P2PPP1/1N1K1BN1 w kq - 4 17,white,recurrent_edges_attenuated_0.05,1,35,g3e5,h3h2,-154.0,163.0,317.0,0,0,22,5,0.0,0.0,,,35,1.5238824000116438,110.20123470004182,,0
opening_011_offset_24,opening_011,late,32,rnbqkb1r/pp1p3p/6p1/1Rp2p1n/P2P3P/2P1pQBR/1P2PPP1/1N1K1BN1 w kq - 4 17,white,recurrent_edges_attenuated_0.05,2,35,g3e5,b5c5,-72.0,163.0,235.0,0,0,11,14,5.167094059288502e-07,8.778563070177729e-05,0.3361368624811778,0.25254563764066396,70,3.218840999994427,110.20123470004182,,0
opening_011_offset_24,opening_011,late,32,rnbqkb1r/pp1p3p/6p1/1Rp2p1n/P2P3P/2P1pQBR/1P2PPP1/1N1K1BN1 w kq - 4 17,white,recurrent_edges_attenuated_0.05,4,35,g3e5,b5c5,-72.0,163.0,235.0,0,0,11,13,2.705492079257965e-07,0.00012260478755292428,0.32455526302439325,0.234007065615798,140,7.021316799917258,110.20123470004182,,0
opening_011_offset_24,opening_011,late,32,rnbqkb1r/pp1p3p/6p1/1Rp2p1n/P2P3P/2P1pQBR/1P2PPP1/1N1K1BN1 w kq - 4 17,white,recurrent_edges_attenuated_0.05,8,35,g3e5,b5c5,-72.0,163.0,235.0,0,0,11,13,2.289307303726673e-07,0.00012441422569961256,0.32525564123549466,0.2373740737541548,280,13.051423199940473,110.20123470004182,,0
opening_011_offset_24,opening_011,late,32,rnbqkb1r/pp1p3p/6p1/1Rp2p1n/P2P3P/2P1pQBR/1P2PPP1/1N1K1BN1 w kq - 4 17,white,recurrent_edges_attenuated_0.05,16,35,g3e5,b5c5,-72.0,163.0,235.0,0,0,11,13,2.287561073899269e-07,0.00012441666239362186,0.32525564123549466,0.2373740737541548,560,25.428677499992773,110.20123470004182,,0
opening_011_offset_24,opening_011,late,32,rnbqkb1r/pp1p3p/6p1/1Rp2p1n/P2P3P/2P1pQBR/1P2PPP1/1N1K1BN1 w kq - 4 17,white,recurrent_edges_attenuated_0.05,32,35,g3e5,b5c5,-72.0,163.0,235.0,0,0,11,13,2.287561073899269e-07,0.00012441666239362186,0.32525564123549466,0.2373740737541548,1120,52.15449320001062,110.20123470004182,,0
opening_011_offset_24,opening_011,late,32,rnbqkb1r/pp1p3p/6p1/1Rp2p1n/P2P3P/2P1pQBR/1P2PPP1/1N1K1BN1 w kq - 4 17,white,recurrent_edges_attenuated_0.05,64,35,g3e5,b5c5,-72.0,163.0,235.0,0,0,11,13,2.287561073899269e-07,0.00012441666239362186,0.32525564123549466,0.2373740737541548,2240,109.96923759998754,110.20123470004182,,0
opening_012_offset_00,opening_012,early,8,r1bqkbnr/ppppppp1/8/7p/Q1P3P1/1P1n4/P2PPP1P/RNB1KBNR w KQkq - 1 5,white,recurrent_edges_attenuated_0.05,1,2,e2d3,e2d3,200.0,200.0,0.0,1,1,1,1,0.0,0.0,,,2,0.18546049995347857,12.770866899983957,,0
opening_012_offset_00,opening_012,early,8,r1bqkbnr/ppppppp1/8/7p/Q1P3P1/1P1n4/P2PPP1P/RNB1KBNR w KQkq - 1 5,white,recurrent_edges_attenuated_0.05,2,2,e2d3,e2d3,200.0,200.0,0.0,1,1,1,1,2.156500704586506e-05,1.078250352293253e-05,0.9999999999999999,1.0,4,0.36605720000807196,12.770866899983957,,0
opening_012_offset_00,opening_012,early,8,r1bqkbnr/ppppppp1/8/7p/Q1P3P1/1P1n4/P2PPP1P/RNB1KBNR w KQkq - 1 5,white,recurrent_edges_attenuated_0.05,4,2,e2d3,e2d3,200.0,200.0,0.0,1,1,1,1,3.069816739298403e-05,1.5349083696492016e-05,0.9999999999999999,1.0,8,0.7486371999839321,12.770866899983957,,0
opening_012_offset_00,opening_012,early,8,r1bqkbnr/ppppppp1/8/7p/Q1P3P1/1P1n4/P2PPP1P/RNB1KBNR w KQkq - 1 5,white,recurrent_edges_attenuated_0.05,8,2,e2d3,e2d3,200.0,200.0,0.0,1,1,1,1,3.1210656743496656e-05,1.5605328371748328e-05,0.9999999999999999,1.0,16,1.6616318000014871,12.770866899983957,,0
opening_012_offset_00,opening_012,early,8,r1bqkbnr/ppppppp1/8/7p/Q1P3P1/1P1n4/P2PPP1P/RNB1KBNR w KQkq - 1 5,white,recurrent_edges_attenuated_0.05,16,2,e2d3,e2d3,200.0,200.0,0.0,1,1,1,1,3.121144254691899e-05,1.5605721273459494e-05,0.9999999999999999,1.0,32,3.6586591999512166,12.770866899983957,,0
opening_012_offset_00,opening_012,early,8,r1bqkbnr/ppppppp1/8/7p/Q1P3P1/1P1n4/P2PPP1P/RNB1KBNR w KQkq - 1 5,white,recurrent_edges_attenuated_0.05,32,2,e2d3,e2d3,200.0,200.0,0.0,1,1,1,1,3.121144254691899e-05,1.5605721273459494e-05,0.9999999999999999,1.0,64,6.371880399994552,12.770866899983957,,0
opening_012_offset_00,opening_012,early,8,r1bqkbnr/ppppppp1/8/7p/Q1P3P1/1P1n4/P2PPP1P/RNB1KBNR w KQkq - 1 5,white,recurrent_edges_attenuated_0.05,64,2,e2d3,e2d3,200.0,200.0,0.0,1,1,1,1,3.121144254691899e-05,1.5605721273459494e-05,0.9999999999999999,1.0,128,12.762606199947186,12.770866899983957,,0
opening_012_offset_04,opening_012,early,12,r1bqkbnr/p1ppppp1/1p6/2n4p/Q1P3P1/1P5P/P2PPP2/RNBK1BNR w kq - 1 7,white,recurrent_edges_attenuated_0.05,1,28,a4b4,h3h4,-707.0,-372.0,335.0,0,0,25,23,0.0,0.0,,,28,1.3470011999597773,83.04170269996393,,0
opening_012_offset_04,opening_012,early,12,r1bqkbnr/p1ppppp1/1p6/2n4p/Q1P3P1/1P5P/P2PPP2/RNBK1BNR w kq - 1 7,white,recurrent_edges_attenuated_0.05,2,28,a4b4,a4a7,-670.0,-372.0,298.0,0,0,23,23,0.0001648160396143794,5.972373779755745e-05,0.1611315431037208,0.1240054361986759,56,2.665173999965191,83.04170269996393,,0
opening_012_offset_04,opening_012,early,12,r1bqkbnr/p1ppppp1/1p6/2n4p/Q1P3P1/1P5P/P2PPP2/RNBK1BNR w kq - 1 7,white,recurrent_edges_attenuated_0.05,4,28,a4b4,a4a7,-670.0,-372.0,298.0,0,0,23,23,0.00022628519218415022,8.249290867888966e-05,0.1948816221890337,0.14569549203592466,112,4.992762099951506,83.04170269996393,,0
opening_012_offset_04,opening_012,early,12,r1bqkbnr/p1ppppp1/1p6/2n4p/Q1P3P1/1P5P/P2PPP2/RNBK1BNR w kq - 1 7,white,recurrent_edges_attenuated_0.05,8,28,a4b4,a4a7,-670.0,-372.0,298.0,0,0,23,23,0.00022911635460332036,8.358435309199582e-05,0.1948816221890337,0.14569549203592466,224,10.077033199951984,83.04170269996393,,0
opening_012_offset_04,opening_012,early,12,r1bqkbnr/p1ppppp1/1p6/2n4p/Q1P3P1/1P5P/P2PPP2/RNBK1BNR w kq - 1 7,white,recurrent_edges_attenuated_0.05,16,28,a4b4,a4a7,-670.0,-372.0,298.0,0,0,23,23,0.0002291195560246706,8.358562576814876e-05,0.1948816221890337,0.14569549203592466,448,20.609467800008133,83.04170269996393,,0
opening_012_offset_04,opening_012,early,12,r1bqkbnr/p1ppppp1/1p6/2n4p/Q1P3P1/1P5P/P2PPP2/RNBK1BNR w kq - 1 7,white,recurrent_edges_attenuated_0.05,32,28,a4b4,a4a7,-670.0,-372.0,298.0,0,0,23,23,0.0002291195560246706,8.358562576814876e-05,0.1948816221890337,0.14569549203592466,896,39.13324909994844,83.04170269996393,,0
opening_012_offset_04,opening_012,early,12,r1bqkbnr/p1ppppp1/1p6/2n4p/Q1P3P1/1P5P/P2PPP2/RNBK1BNR w kq - 1 7,white,recurrent_edges_attenuated_0.05,64,28,a4b4,a4a7,-670.0,-372.0,298.0,0,0,23,23,0.0002291195560246706,8.358562576814876e-05,0.1948816221890337,0.14569549203592466,1792,82.86405669990927,83.04170269996393,,0
opening_012_offset_08,opening_012,early,16,r1bqkbnr/p1p1ppp1/1p1pn3/2P4p/1Q4P1/1P5P/P2PPP2/RNBK1BNR w kq - 0 9,white,recurrent_edges_attenuated_0.05,1,33,b4a4,h3h4,-351.0,29.0,380.0,0,0,22,28,0.0,0.0,,,33,1.4776739999651909,95.7552775000222,,0
opening_012_offset_08,opening_012,early,16,r1bqkbnr/p1p1ppp1/1p1pn3/2P4p/1Q4P1/1P5P/P2PPP2/RNBK1BNR w kq - 0 9,white,recurrent_edges_attenuated_0.05,2,33,b4a4,g4h5,-330.0,29.0,359.0,0,0,20,11,2.46736453846097e-06,8.081365613892618e-05,-0.07382600631599891,-0.0736572441863287,66,2.9692044999683276,95.7552775000222,,0
opening_012_offset_08,opening_012,early,16,r1bqkbnr/p1p1ppp1/1p1pn3/2P4p/1Q4P1/1P5P/P2PPP2/RNBK1BNR w kq - 0 9,white,recurrent_edges_attenuated_0.05,4,33,b4a4,b4b6,-931.0,29.0,960.0,0,0,31,7,3.5249395295977592e-06,0.00011433939754334239,-0.051813472226317554,-0.06072117193599984,132,5.999774000025354,95.7552775000222,,0
opening_012_offset_08,opening_012,early,16,r1bqkbnr/p1p1ppp1/1p1pn3/2P4p/1Q4P1/1P5P/P2PPP2/RNBK1BNR w kq - 0 9,white,recurrent_edges_attenuated_0.05,8,33,b4a4,b4b6,-931.0,29.0,960.0,0,0,31,7,4.40224539488554e-06,0.00011619482422620078,-0.051813472226317554,-0.06072117193599984,264,11.816716699977405,95.7552775000222,,0
opening_012_offset_08,opening_012,early,16,r1bqkbnr/p1p1ppp1/1p1pn3/2P4p/1Q4P1/1P5P/P2PPP2/RNBK1BNR w kq - 0 9,white,recurrent_edges_attenuated_0.05,16,33,b4a4,b4b6,-931.0,29.0,960.0,0,0,31,7,4.404631908982992e-06,0.00011619751667835414,-0.051813472226317554,-0.06072117193599984,528,22.78654000000097,95.7552775000222,,0
opening_012_offset_08,opening_012,early,16,r1bqkbnr/p1p1ppp1/1p1pn3/2P4p/1Q4P1/1P5P/P2PPP2/RNBK1BNR w kq - 0 9,white,recurrent_edges_attenuated_0.05,32,33,b4a4,b4b6,-931.0,29.0,960.0,0,0,31,7,4.404631908982992e-06,0.00011619751667835414,-0.051813472226317554,-0.06072117193599984,1056,45.87147040001582,95.7552775000222,,0
opening_012_offset_08,opening_012,early,16,r1bqkbnr/p1p1ppp1/1p1pn3/2P4p/1Q4P1/1P5P/P2PPP2/RNBK1BNR w kq - 0 9,white,recurrent_edges_attenuated_0.05,64,33,b4a4,b4b6,-931.0,29.0,960.0,0,0,31,7,4.404631908982992e-06,0.00011619751667835414,-0.051813472226317554,-0.06072117193599984,2112,95.51059489999898,95.7552775000222,,0
opening_012_offset_12,opening_012,middle,20,r1b1kbnr/2pqppp1/pp1pn3/2P4p/1Q4P1/1P1P1N1P/P3PP2/RNBK1B1R w kq - 2 11,white,recurrent_edges_attenuated_0.05,1,47,g4g5,h3h4,-352.0,-64.0,288.0,0,0,32,5,0.0,0.0,,,47,2.6830272999359295,172.76640550000593,,0
opening_012_offset_12,opening_012,middle,20,r1b1kbnr/2pqppp1/pp1pn3/2P4p/1Q4P1/1P1P1N1P/P3PP2/RNBK1B1R w kq - 2 11,white,recurrent_edges_attenuated_0.05,2,47,g4g5,g4h5,-152.0,-64.0,88.0,0,0,8,5,2.467335434630513e-06,0.00010785815477803389,-0.14051436619513877,-0.11117382057902052,94,5.512249999912456,172.76640550000593,,0
opening_012_offset_12,opening_012,middle,20,r1b1kbnr/2pqppp1/pp1pn3/2P4p/1Q4P1/1P1P1N1P/P3PP2/RNBK1B1R w kq - 2 11,white,recurrent_edges_attenuated_0.05,4,47,g4g5,b4b6,-926.0,-64.0,862.0,0,0,47,12,3.5265402402728796e-06,0.00015195726157909954,-0.15468686984633995,-0.1149748105191391,188,10.5458868999267,172.76640550000593,,0
opening_012_offset_12,opening_012,middle,20,r1b1kbnr/2pqppp1/pp1pn3/2P4p/1Q4P1/1P1P1N1P/P3PP2/RNBK1B1R w kq - 2 11,white,recurrent_edges_attenuated_0.05,8,47,g4g5,b4b6,-926.0,-64.0,862.0,0,0,47,12,4.404078936204314e-06,0.0001543482034586806,-0.15468686984633995,-0.1149748105191391,376,22.597698099911213,172.76640550000593,,0
opening_012_offset_12,opening_012,middle,20,r1b1kbnr/2pqppp1/pp1pn3/2P4p/1Q4P1/1P1P1N1P/P3PP2/RNBK1B1R w kq - 2 11,white,recurrent_edges_attenuated_0.05,16,47,g4g5,b4b6,-926.0,-64.0,862.0,0,0,47,12,4.406494554132223e-06,0.00015435161387715546,-0.15468686984633995,-0.1149748105191391,752,43.29872570000589,172.76640550000593,,0
opening_012_offset_12,opening_012,middle,20,r1b1kbnr/2pqppp1/pp1pn3/2P4p/1Q4P1/1P1P1N1P/P3PP2/RNBK1B1R w kq - 2 11,white,recurrent_edges_attenuated_0.05,32,47,g4g5,b4b6,-926.0,-64.0,862.0,0,0,47,12,4.406494554132223e-06,0.00015435161387715546,-0.15468686984633995,-0.1149748105191391,1504,83.67868689994793,172.76640550000593,,0
opening_012_offset_12,opening_012,middle,20,r1b1kbnr/2pqppp1/pp1pn3/2P4p/1Q4P1/1P1P1N1P/P3PP2/RNBK1B1R w kq - 2 11,white,recurrent_edges_attenuated_0.05,64,47,g4g5,b4b6,-926.0,-64.0,862.0,0,0,47,12,4.406494554132223e-06,0.00015435161387715546,-0.15468686984633995,-0.1149748105191391,3008,172.40990869991947,172.76640550000593,,0
opening_012_offset_16,opening_012,middle,24,r1b1kbnr/2pqppp1/pp6/2Pp3p/Q2n2P1/1P1P1N1P/P3PP1R/RNBK1B2 w kq - 0 13,white,recurrent_edges_attenuated_0.05,1,40,a4d4,h3h4,-558.0,538.0,1096.0,0,0,29,32,0.0,0.0,,,40,1.4384146000957116,99.41126980003901,,0
opening_012_offset_16,opening_012,middle,24,r1b1kbnr/2pqppp1/pp6/2Pp3p/Q2n2P1/1P1P1N1P/P3PP1R/RNBK1B2 w kq - 0 13,white,recurrent_edges_attenuated_0.05,2,40,a4d4,g4h5,-492.0,538.0,1030.0,0,0,26,8,1.973775215446949e-05,8.772439605164576e-05,-0.1926184544002888,-0.12055171086065344,80,2.926479800022207,99.41126980003901,,0
opening_012_offset_16,opening_012,middle,24,r1b1kbnr/2pqppp1/pp6/2Pp3p/Q2n2P1/1P1P1N1P/P3PP1R/RNBK1B2 w kq - 0 13,white,recurrent_edges_attenuated_0.05,4,40,a4d4,g4h5,-492.0,538.0,1030.0,0,0,26,7,2.8589216526597738e-05,0.00012231022390814803,-0.16716697936210134,-0.1076923076923077,160,5.853132500080392,99.41126980003901,,0
opening_012_offset_16,opening_012,middle,24,r1b1kbnr/2pqppp1/pp6/2Pp3p/Q2n2P1/1P1P1N1P/P3PP1R/RNBK1B2 w kq - 0 13,white,recurrent_edges_attenuated_0.05,8,40,a4d4,g4h5,-492.0,538.0,1030.0,0,0,26,7,2.9129150789231062e-05,0.00012408755244338267,-0.16716697936210134,-0.1076923076923077,320,11.076985000050627,99.41126980003901,,0
opening_012_offset_16,opening_012,middle,24,r1b1kbnr/2pqppp1/pp6/2Pp3p/Q2n2P1/1P1P1N1P/P3PP1R/RNBK1B2 w kq - 0 13,white,recurrent_edges_attenuated_0.05,16,40,a4d4,g4h5,-492.0,538.0,1030.0,0,0,26,7,2.912987838499248e-05,0.0001240899392946453,-0.16716697936210134,-0.1076923076923077,640,23.651087600039318,99.41126980003901,,0
opening_012_offset_16,opening_012,middle,24,r1b1kbnr/2pqppp1/pp6/2Pp3p/Q2n2P1/1P1P1N1P/P3PP1R/RNBK1B2 w kq - 0 13,white,recurrent_edges_attenuated_0.05,32,40,a4d4,g4h5,-492.0,538.0,1030.0,0,0,26,7,2.912987838499248e-05,0.0001240899392946453,-0.16716697936210134,-0.1076923076923077,1280,47.391101800021715,99.41126980003901,,0
opening_012_offset_16,opening_012,middle,24,r1b1kbnr/2pqppp1/pp6/2Pp3p/Q2n2P1/1P1P1N1P/P3PP1R/RNBK1B2 w kq - 0 13,white,recurrent_edges_attenuated_0.05,64,40,a4d4,g4h5,-492.0,538.0,1030.0,0,0,26,7,2.912987838499248e-05,0.0001240899392946453,-0.16716697936210134,-0.1076923076923077,2560,99.08429100003559,99.41126980003901,,0
opening_012_offset_20,opening_012,late,28,r1b1kbnr/2pqp1p1/p7/1pPp1p1p/Q2n2P1/PP1P1N1P/R3PP1R/1NBK1B2 w kq - 0 15,white,recurrent_edges_attenuated_0.05,1,38,a4d4,h3h4,-933.0,458.0,1391.0,0,0,21,29,0.0,0.0,,,38,3.1196812000125647,145.1662384000374,,0
opening_012_offset_20,opening_012,late,28,r1b1kbnr/2pqp1p1/p7/1pPp1p1p/Q2n2P1/PP1P1N1P/R3PP1R/1NBK1B2 w kq - 0 15,white,recurrent_edges_attenuated_0.05,2,38,a4d4,g4f5,-728.0,458.0,1186.0,0,0,9,9,3.832537913694978e-07,9.034982511660576e-05,0.18821858873922293,0.14470285303254316,76,5.563431599992327,145.1662384000374,,0
opening_012_offset_20,opening_012,late,28,r1b1kbnr/2pqp1p1/p7/1pPp1p1p/Q2n2P1/PP1P1N1P/R3PP1R/1NBK1B2 w kq - 0 15,white,recurrent_edges_attenuated_0.05,4,38,a4d4,g4f5,-728.0,458.0,1186.0,0,0,9,8,5.459005478769541e-07,0.00012591423493265802,0.19706751285698654,0.14366998577524895,152,11.060764299938455,145.1662384000374,,0
opening_012_offset_20,opening_012,late,28,r1b1kbnr/2pqp1p1/p7/1pPp1p1p/Q2n2P1/PP1P1N1P/R3PP1R/1NBK1B2 w kq - 0 15,white,recurrent_edges_attenuated_0.05,8,38,a4d4,g4f5,-728.0,458.0,1186.0,0,0,9,8,5.553592927753925e-07,0.00012773586433409255,0.19706751285698654,0.14366998577524895,304,21.128265799954534,145.1662384000374,,0
opening_012_offset_20,opening_012,late,28,r1b1kbnr/2pqp1p1/p7/1pPp1p1p/Q2n2P1/PP1P1N1P/R3PP1R/1NBK1B2 w kq - 0 15,white,recurrent_edges_attenuated_0.05,16,38,a4d4,g4f5,-728.0,458.0,1186.0,0,0,9,8,5.554320523515344e-07,0.00012773822099598883,0.19706751285698654,0.14366998577524895,608,37.41536119999364,145.1662384000374,,0
opening_012_offset_20,opening_012,late,28,r1b1kbnr/2pqp1p1/p7/1pPp1p1p/Q2n2P1/PP1P1N1P/R3PP1R/1NBK1B2 w kq - 0 15,white,recurrent_edges_attenuated_0.05,32,38,a4d4,g4f5,-728.0,458.0,1186.0,0,0,9,8,5.554320523515344e-07,0.00012773822099598883,0.19706751285698654,0.14366998577524895,1216,74.83100010000635,145.1662384000374,,0
opening_012_offset_20,opening_012,late,28,r1b1kbnr/2pqp1p1/p7/1pPp1p1p/Q2n2P1/PP1P1N1P/R3PP1R/1NBK1B2 w kq - 0 15,white,recurrent_edges_attenuated_0.05,64,38,a4d4,g4f5,-728.0,458.0,1186.0,0,0,9,8,5.554320523515344e-07,0.00012773822099598883,0.19706751285698654,0.14366998577524895,2432,144.65241680003237,145.1662384000374,,0
opening_012_offset_24,opening_012,late,32,r1b1kbnr/2p1p1p1/p2q4/1pPp1p1p/Q2n2PP/PP1P1N2/1R2PP1R/1NBK1B2 w kq - 3 17,white,recurrent_edges_attenuated_0.05,1,37,a4d4,h2h3,-377.0,784.0,1161.0,0,0,26,32,0.0,0.0,,,37,1.5950029999949038,99.01441730000079,,0
opening_012_offset_24,opening_012,late,32,r1b1kbnr/2p1p1p1/p2q4/1pPp1p1p/Q2n2PP/PP1P1N2/1R2PP1R/1NBK1B2 w kq - 3 17,white,recurrent_edges_attenuated_0.05,2,37,a4d4,g4f5,-54.0,784.0,838.0,0,0,9,11,3.832537913694978e-07,9.15094663722437e-05,0.24546112876399762,0.17134788440898535,74,3.0375468999845907,99.01441730000079,,0
opening_012_offset_24,opening_012,late,32,r1b1kbnr/2p1p1p1/p2q4/1pPp1p1p/Q2n2PP/PP1P1N2/1R2PP1R/1NBK1B2 w kq - 3 17,white,recurrent_edges_attenuated_0.05,4,37,a4d4,g4f5,-54.0,784.0,838.0,0,0,9,11,5.458859959617257e-07,0.00012768197580410385,0.23377393200926305,0.1547708926677982,148,5.778595000039786,99.01441730000079,,0
opening_012_offset_24,opening_012,late,32,r1b1kbnr/2p1p1p1/p2q4/1pPp1p1p/Q2n2PP/PP1P1N2/1R2PP1R/1NBK1B2 w kq - 3 17,white,recurrent_edges_attenuated_0.05,8,37,a4d4,g4f5,-54.0,784.0,838.0,0,0,9,11,5.554029485210776e-07,0.00012954754983564987,0.2344852117212588,0.1547708926677982,296,11.877567299990915,99.01441730000079,,0
opening_012_offset_24,opening_012,late,32,r1b1kbnr/2p1p1p1/p2q4/1pPp1p1p/Q2n2PP/PP1P1N2/1R2PP1R/1NBK1B2 w kq - 3 17,white,recurrent_edges_attenuated_0.05,16,37,a4d4,g4f5,-54.0,784.0,838.0,0,0,9,11,5.553883966058493e-07,0.0001295500230199821,0.2344852117212588,0.1547708926677982,592,23.508818399976008,99.01441730000079,,0
opening_012_offset_24,opening_012,late,32,r1b1kbnr/2p1p1p1/p2q4/1pPp1p1p/Q2n2PP/PP1P1N2/1R2PP1R/1NBK1B2 w kq - 3 17,white,recurrent_edges_attenuated_0.05,32,37,a4d4,g4f5,-54.0,784.0,838.0,0,0,9,11,5.553883966058493e-07,0.0001295500230199821,0.2344852117212588,0.1547708926677982,1184,49.31650059996173,99.01441730000079,,0
opening_012_offset_24,opening_012,late,32,r1b1kbnr/2p1p1p1/p2q4/1pPp1p1p/Q2n2PP/PP1P1N2/1R2PP1R/1NBK1B2 w kq - 3 17,white,recurrent_edges_attenuated_0.05,64,37,a4d4,g4f5,-54.0,784.0,838.0,0,0,9,11,5.553883966058493e-07,0.0001295500230199821,0.2344852117212588,0.1547708926677982,2368,98.78016139997635,99.01441730000079,,0
opening_013_offset_00,opening_013,early,8,rnbqkbnr/ppp3pp/4pp2/3p4/8/2PP4/PP2PPPP/RNBQKBNR w KQkq - 0 5,white,recurrent_edges_attenuated_0.05,1,28,d3d4,h2h4,11.0,11.0,0.0,0,0,2,12,0.0,0.0,,,28,1.3724511999171227,87.98587299999781,,0
opening_013_offset_00,opening_013,early,8,rnbqkbnr/ppp3pp/4pp2/3p4/8/2PP4/PP2PPPP/RNBQKBNR w KQkq - 0 5,white,recurrent_edges_attenuated_0.05,2,28,d3d4,g2g3,6.0,11.0,5.0,0,0,3,10,2.626342757139355e-05,1.9887197779979112e-05,-0.009087247868042528,0.013644710888831518,56,2.731306599918753,87.98587299999781,,0
opening_013_offset_00,opening_013,early,8,rnbqkbnr/ppp3pp/4pp2/3p4/8/2PP4/PP2PPPP/RNBQKBNR w KQkq - 0 5,white,recurrent_edges_attenuated_0.05,4,28,d3d4,g2g3,6.0,11.0,5.0,0,0,3,10,3.69539629900828e-05,2.8184227990362524e-05,-0.02903315140632657,0.0026631748703544646,112,5.801695199916139,87.98587299999781,,0
opening_013_offset_00,opening_013,early,8,rnbqkbnr/ppp3pp/4pp2/3p4/8/2PP4/PP2PPPP/RNBQKBNR w KQkq - 0 5,white,recurrent_edges_attenuated_0.05,8,28,d3d4,g2g3,6.0,11.0,5.0,0,0,3,10,3.751832991838455e-05,2.8649110092926867e-05,-0.02903315140632657,0.0026631748703544646,224,11.369368399959058,87.98587299999781,,0
opening_013_offset_00,opening_013,early,8,rnbqkbnr/ppp3pp/4pp2/3p4/8/2PP4/PP2PPPP/RNBQKBNR w KQkq - 0 5,white,recurrent_edges_attenuated_0.05,16,28,d3d4,g2g3,6.0,11.0,5.0,0,0,3,10,3.751904296223074e-05,2.8649798456552828e-05,-0.02903315140632657,0.0026631748703544646,448,24.90470680000726,87.98587299999781,,0
opening_013_offset_00,opening_013,early,8,rnbqkbnr/ppp3pp/4pp2/3p4/8/2PP4/PP2PPPP/RNBQKBNR w KQkq - 0 5,white,recurrent_edges_attenuated_0.05,32,28,d3d4,g2g3,6.0,11.0,5.0,0,0,3,10,3.751904296223074e-05,2.8649798456552828e-05,-0.02903315140632657,0.0026631748703544646,896,45.85504029993899,87.98587299999781,,0
opening_013_offset_00,opening_013,early,8,rnbqkbnr/ppp3pp/4pp2/3p4/8/2PP4/PP2PPPP/RNBQKBNR w KQkq - 0 5,white,recurrent_edges_attenuated_0.05,64,28,d3d4,g2g3,6.0,11.0,5.0,0,0,3,10,3.751904296223074e-05,2.8649798456552828e-05,-0.02903315140632657,0.0026631748703544646,1792,87.78153439995367,87.98587299999781,,0
opening_013_offset_04,opening_013,early,12,rnbqkbnr/1pp3pp/p3pp1B/8/3p4/P1PP4/1P2PPPP/RN1QKBNR w KQkq - 0 7,white,recurrent_edges_attenuated_0.05,1,29,h6d2,h6g7,-463.0,16.0,479.0,0,0,5,5,0.0,0.0,,,29,1.6233215000247583,88.82013220002409,,0
opening_013_offset_04,opening_013,early,12,rnbqkbnr/1pp3pp/p3pp1B/8/3p4/P1PP4/1P2PPPP/RN1QKBNR w KQkq - 0 7,white,recurrent_edges_attenuated_0.05,2,29,h6d2,g2g3,-637.0,16.0,653.0,0,0,11,22,2.6263405743520707e-05,1.900171121963135e-05,0.18606990729535614,0.11259421930993029,58,3.1583474000217393,88.82013220002409,,0
opening_013_offset_04,opening_013,early,12,rnbqkbnr/1pp3pp/p3pp1B/8/3p4/P1PP4/1P2PPPP/RN1QKBNR w KQkq - 0 7,white,recurrent_edges_attenuated_0.05,4,29,h6d2,g2g3,-637.0,16.0,653.0,0,0,11,25,3.695397754199803e-05,2.690668272497595e-05,0.14190687792079879,0.0839508731931143,116,6.20723389997147,88.82013220002409,,0
opening_013_offset_04,opening_013,early,12,rnbqkbnr/1pp3pp/p3pp1B/8/3p4/P1PP4/1P2PPPP/RN1QKBNR w KQkq - 0 7,white,recurrent_edges_attenuated_0.05,8,29,h6d2,g2g3,-637.0,16.0,653.0,0,0,11,25,3.751816984731704e-05,2.734796957830336e-05,0.14190687792079879,0.0839508731931143,232,11.743535000015981,88.82013220002409,,0
opening_013_offset_04,opening_013,early,12,rnbqkbnr/1pp3pp/p3pp1B/8/3p4/P1PP4/1P2PPPP/RN1QKBNR w KQkq - 0 7,white,recurrent_edges_attenuated_0.05,16,29,h6d2,g2g3,-637.0,16.0,653.0,0,0,11,25,3.751888289116323e-05,2.73486240105357e-05,0.14190687792079879,0.0839508731931143,464,22.85423830000218,88.82013220002409,,0
opening_013_offset_04,opening_013,early,12,rnbqkbnr/1pp3pp/p3pp1B/8/3p4/P1PP4/1P2PPPP/RN1QKBNR w KQkq - 0 7,white,recurrent_edges_attenuated_0.05,32,29,h6d2,g2g3,-637.0,16.0,653.0,0,0,11,25,3.751888289116323e-05,2.73486240105357e-05,0.14190687792079879,0.0839508731931143,928,43.20742520003114,88.82013220002409,,0
opening_013_offset_04,opening_013,early,12,rnbqkbnr/1pp3pp/p3pp1B/8/3p4/P1PP4/1P2PPPP/RN1QKBNR w KQkq - 0 7,white,recurrent_edges_attenuated_0.05,64,29,h6d2,g2g3,-637.0,16.0,653.0,0,0,11,25,3.751888289116323e-05,2.73486240105357e-05,0.14190687792079879,0.0839508731931143,1856,88.54861779999919,88.82013220002409,,0
opening_013_offset_08,opening_013,early,16,rnbqk1nr/1pp3pp/4pp1B/p7/1b1p4/P1PP1N2/1P2PPPP/R2QKBNR w KQkq - 2 9,white,recurrent_edges_attenuated_0.05,1,32,h6g7,h6g7,493.0,493.0,0.0,1,1,1,1,0.0,0.0,,,32,1.248031200026162,89.56146800005808,,0
opening_013_offset_08,opening_013,early,16,rnbqk1nr/1pp3pp/4pp1B/p7/1b1p4/P1PP1N2/1P2PPPP/R2QKBNR w KQkq - 2 9,white,recurrent_edges_attenuated_0.05,2,32,h6g7,g2g3,46.0,493.0,447.0,0,1,8,3,2.626342757139355e-05,7.660039333509519e-05,0.3463000818660816,0.23739463743974584,64,2.623657700023614,89.56146800005808,,0
opening_013_offset_08,opening_013,early,16,rnbqk1nr/1pp3pp/4pp1B/p7/1b1p4/P1PP1N2/1P2PPPP/R2QKBNR w KQkq - 2 9,white,recurrent_edges_attenuated_0.05,4,32,h6g7,g2g3,46.0,493.0,447.0,0,1,8,3,3.6954093957319856e-05,0.00010703287459460907,0.3171984078323649,0.2163811775000625,128,5.426001999992877,89.56146800005808,,0
opening_013_offset_08,opening_013,early,16,rnbqk1nr/1pp3pp/4pp1B/p7/1b1p4/P1PP1N2/1P2PPPP/R2QKBNR w KQkq - 2 9,white,recurrent_edges_attenuated_0.05,8,32,h6g7,g2g3,46.0,493.0,447.0,0,1,8,3,3.751825715880841e-05,0.00010861546008570164,0.3171984078323649,0.2163811775000625,256,10.622237400035374,89.56146800005808,,0
opening_013_offset_08,opening_013,early,16,rnbqk1nr/1pp3pp/4pp1B/p7/1b1p4/P1PP1N2/1P2PPPP/R2QKBNR w KQkq - 2 9,white,recurrent_edges_attenuated_0.05,16,32,h6g7,g2g3,46.0,493.0,447.0,0,1,8,3,3.751904296223074e-05,0.00010861758438868479,0.3171984078323649,0.2163811775000625,512,20.263661799952388,89.56146800005808,,0
opening_013_offset_08,opening_013,early,16,rnbqk1nr/1pp3pp/4pp1B/p7/1b1p4/P1PP1N2/1P2PPPP/R2QKBNR w KQkq - 2 9,white,recurrent_edges_attenuated_0.05,32,32,h6g7,g2g3,46.0,493.0,447.0,0,1,8,3,3.751904296223074e-05,0.00010861758438868479,0.3171984078323649,0.2163811775000625,1024,42.42706979997456,89.56146800005808,,0
opening_013_offset_08,opening_013,early,16,rnbqk1nr/1pp3pp/4pp1B/p7/1b1p4/P1PP1N2/1P2PPPP/R2QKBNR w KQkq - 2 9,white,recurrent_edges_attenuated_0.05,64,32,h6g7,g2g3,46.0,493.0,447.0,0,1,8,3,3.751904296223074e-05,0.00010861758438868479,0.3171984078323649,0.2163811775000625,2048,89.34309540002141,89.56146800005808,,0
opening_013_offset_12,opening_013,middle,20,rnbqk1nr/1p5p/2p1pp1B/p5p1/Qb1p4/PPPP1N2/4PPPP/R3KBNR w KQkq - 0 11,white,recurrent_edges_attenuated_0.05,1,28,a3b4,h6g7,-433.0,30.0,463.0,0,0,4,24,0.0,0.0,,,28,1.6512127000605687,89.47284689999651,,0
opening_013_offset_12,opening_013,middle,20,rnbqk1nr/1p5p/2p1pp1B/p5p1/Qb1p4/PPPP1N2/4PPPP/R3KBNR w KQkq - 0 11,white,recurrent_edges_attenuated_0.05,2,28,a3b4,g2g3,-1012.0,30.0,1042.0,0,0,18,5,2.6263426207151497e-05,7.970362794433247e-05,0.43479478163702734,0.349815010409799,56,3.1961986999958754,89.47284689999651,,0
opening_013_offset_12,opening_013,middle,20,rnbqk1nr/1p5p/2p1pp1B/p5p1/Qb1p4/PPPP1N2/4PPPP/R3KBNR w KQkq - 0 11,white,recurrent_edges_attenuated_0.05,4,28,a3b4,g2g3,-1012.0,30.0,1042.0,0,0,18,4,3.6954106917619356e-05,0.00011132706145935404,0.4329501915708812,0.3439153439153439,112,6.148841800051741,89.47284689999651,,0
opening_013_offset_12,opening_013,middle,20,rnbqk1nr/1p5p/2p1pp1B/p5p1/Qb1p4/PPPP1N2/4PPPP/R3KBNR w KQkq - 0 11,white,recurrent_edges_attenuated_0.05,8,28,a3b4,g2g3,-1012.0,30.0,1042.0,0,0,18,4,3.7518269891734235e-05,0.0001129691679439149,0.4329501915708812,0.3439153439153439,224,11.49238100007642,89.47284689999651,,0
opening_013_offset_12,opening_013,middle,20,rnbqk1nr/1p5p/2p1pp1B/p5p1/Qb1p4/PPPP1N2/4PPPP/R3KBNR w KQkq - 0 11,white,recurrent_edges_attenuated_0.05,16,28,a3b4,g2g3,-1012.0,30.0,1042.0,0,0,18,4,3.7519011812037206e-05,0.00011297137589048605,0.4329501915708812,0.3439153439153439,448,22.908497600001283,89.47284689999651,,0
opening_013_offset_12,opening_013,middle,20,rnbqk1nr/1p5p/2p1pp1B/p5p1/Qb1p4/PPPP1N2/4PPPP/R3KBNR w KQkq - 0 11,white,recurrent_edges_attenuated_0.05,32,28,a3b4,g2g3,-1012.0,30.0,1042.0,0,0,18,4,3.7519011812037206e-05,0.00011297137589048605,0.4329501915708812,0.3439153439153439,896,44.77722749998793,89.47284689999651,,0
opening_013_offset_12,opening_013,middle,20,rnbqk1nr/1p5p/2p1pp1B/p5p1/Qb1p4/PPPP1N2/4PPPP/R3KBNR w KQkq - 0 11,white,recurrent_edges_attenuated_0.05,64,28,a3b4,g2g3,-1012.0,30.0,1042.0,0,0,18,4,3.7519011812037206e-05,0.00011297137589048605,0.4329501915708812,0.3439153439153439,1792,89.21797390002757,89.47284689999651,,0
opening_013_offset_16,opening_013,middle,24,rnb1k1nr/1p5p/2p1pp1B/pq4p1/Qb1p1N2/PPPP1N2/4PPPP/R3KB1R w KQkq - 4 13,white,recurrent_edges_attenuated_0.05,1,33,a3b4,h6g7,-374.0,-62.0,312.0,0,0,4,29,0.0,0.0,,,33,1.6750512000871822,106.83467040001415,,0
opening_013_offset_16,opening_013,middle,24,rnb1k1nr/1p5p/2p1pp1B/pq4p1/Qb1p1N2/PPPP1N2/4PPPP/R3KB1R w KQkq - 4 13,white,recurrent_edges_attenuated_0.05,2,33,a3b4,g2g3,-960.0,-62.0,898.0,0,0,29,6,2.6263420295435935e-05,8.045231797715827e-05,0.22475129424131082,0.1417718177104417,66,3.269148600054905,106.83467040001415,,0
opening_013_offset_16,opening_013,middle,24,rnb1k1nr/1p5p/2p1pp1B/pq4p1/Qb1p1N2/PPPP1N2/4PPPP/R3KB1R w KQkq - 4 13,white,recurrent_edges_attenuated_0.05,4,33,a3b4,g2g3,-960.0,-62.0,898.0,0,0,29,4,3.695402483572252e-05,0.00011239287676363132,0.22627005347593582,0.14393939393939395,132,6.277977400110103,106.83467040001415,,0
opening_013_offset_16,opening_013,middle,24,rnb1k1nr/1p5p/2p1pp1B/pq4p1/Qb1p1N2/PPPP1N2/4PPPP/R3KB1R w KQkq - 4 13,white,recurrent_edges_attenuated_0.05,8,33,a3b4,g2g3,-960.0,-62.0,898.0,0,0,29,4,3.751829171960708e-05,0.0001140526281476707,0.22627005347593582,0.14393939393939395,264,12.997186400112696,106.83467040001415,,0
opening_013_offset_16,opening_013,middle,24,rnb1k1nr/1p5p/2p1pp1B/pq4p1/Qb1p1N2/PPPP1N2/4PPPP/R3KB1R w KQkq - 4 13,white,recurrent_edges_attenuated_0.05,16,33,a3b4,g2g3,-960.0,-62.0,898.0,0,0,29,4,3.751904660020955e-05,0.00011405487252086047,0.22627005347593582,0.14393939393939395,528,24.67053720005788,106.83467040001415,,0
opening_013_offset_16,opening_013,middle,24,rnb1k1nr/1p5p/2p1pp1B/pq4p1/Qb1p1N2/PPPP1N2/4PPPP/R3KB1R w KQkq - 4 13,white,recurrent_edges_attenuated_0.05,32,33,a3b4,g2g3,-960.0,-62.0,898.0,0,0,29,4,3.751904660020955e-05,0.00011405487252086047,0.22627005347593582,0.14393939393939395,1056,50.95023180008866,106.83467040001415,,0
opening_013_offset_16,opening_013,middle,24,rnb1k1nr/1p5p/2p1pp1B/pq4p1/Qb1p1N2/PPPP1N2/4PPPP/R3KB1R w KQkq - 4 13,white,recurrent_edges_attenuated_0.05,64,33,a3b4,g2g3,-960.0,-62.0,898.0,0,0,29,4,3.751904660020955e-05,0.00011405487252086047,0.22627005347593582,0.14393939393939395,2112,106.59282080002595,106.83467040001415,,0
opening_013_offset_20,opening_013,late,28,rnb1k1nr/1p2b2p/2p1pp1B/pq4p1/Q2p1N1N/PPPP2P1/4PP1P/R3KB1R w KQkq - 3 15,white,recurrent_edges_attenuated_0.05,1,36,h6g7,h6g7,-254.0,-254.0,0.0,1,1,1,1,0.0,0.0,,,36,2.067215299932286,115.97213450004347,,0
opening_013_offset_20,opening_013,late,28,rnb1k1nr/1p2b2p/2p1pp1B/pq4p1/Q2p1N1N/PPPP2P1/4PP1P/R3KB1R w KQkq - 3 15,white,recurrent_edges_attenuated_0.05,2,36,h6g7,h6g5,-713.0,-254.0,459.0,0,0,10,20,1.487514964537695e-06,1.0165729215496624e-05,0.004322873224963131,0.008071974181192572,72,4.1901123999850824,115.97213450004347,,0
opening_013_offset_20,opening_013,late,28,rnb1k1nr/1p2b2p/2p1pp1B/pq4p1/Q2p1N1N/PPPP2P1/4PP1P/R3KB1R w KQkq - 3 15,white,recurrent_edges_attenuated_0.05,4,36,h6g7,h6g5,-713.0,-254.0,459.0,0,0,10,20,1.7190286598633975e-06,1.434884280686216e-05,0.043246026217358374,0.023828442782560178,144,7.824245599913411,115.97213450004347,,0
opening_013_offset_20,opening_013,late,28,rnb1k1nr/1p2b2p/2p1pp1B/pq4p1/Q2p1N1N/PPPP2P1/4PP1P/R3KB1R w KQkq - 3 15,white,recurrent_edges_attenuated_0.05,8,36,h6g7,h6g5,-713.0,-254.0,459.0,0,0,10,20,1.7009660950861871e-06,1.4578455987909957e-05,0.05457236641714271,0.030182694191242893,288,14.989154299953952,115.97213450004347,,0
opening_013_offset_20,opening_013,late,28,rnb1k1nr/1p2b2p/2p1pp1B/pq4p1/Q2p1N1N/PPPP2P1/4PP1P/R3KB1R w KQkq - 3 15,white,recurrent_edges_attenuated_0.05,16,36,h6g7,h6g5,-713.0,-254.0,459.0,0,0,10,20,1.7009406292345375e-06,1.457877464318863e-05,0.05457236641714271,0.030182694191242893,576,28.73433429992292,115.97213450004347,,0
opening_013_offset_20,opening_013,late,28,rnb1k1nr/1p2b2p/2p1pp1B/pq4p1/Q2p1N1N/PPPP2P1/4PP1P/R3KB1R w KQkq - 3 15,white,recurrent_edges_attenuated_0.05,32,36,h6g7,h6g5,-713.0,-254.0,459.0,0,0,10,20,1.7009406292345375e-06,1.457877464318863e-05,0.05457236641714271,0.030182694191242893,1152,59.598976799985394,115.97213450004347,,0
opening_013_offset_20,opening_013,late,28,rnb1k1nr/1p2b2p/2p1pp1B/pq4p1/Q2p1N1N/PPPP2P1/4PP1P/R3KB1R w KQkq - 3 15,white,recurrent_edges_attenuated_0.05,64,36,h6g7,h6g5,-713.0,-254.0,459.0,0,0,10,20,1.7009406292345375e-06,1.457877464318863e-05,0.05457236641714271,0.030182694191242893,2304,115.61973089992534,115.97213450004347,,0
opening_013_offset_24,opening_013,late,32,rnb1k1nr/1p2b2p/5p1B/pqp1p1p1/Q2pPN2/PPPP2P1/5PNP/R3KB1R w KQkq - 0 17,white,recurrent_edges_attenuated_0.05,1,33,a4b5,h6g7,-55.0,713.0,768.0,0,0,3,27,0.0,0.0,,,33,1.5474869000026956,105.0830306999851,,0
opening_013_offset_24,opening_013,late,32,rnb1k1nr/1p2b2p/5p1B/pqp1p1p1/Q2pPN2/PPPP2P1/5PNP/R3KB1R w KQkq - 0 17,white,recurrent_edges_attenuated_0.05,2,33,a4b5,g2h4,-772.0,713.0,1485.0,0,0,22,5,8.722219718038104e-06,1.1838701440757596e-05,-0.07363396382827253,-0.061128885135249236,66,3.061307600000873,105.0830306999851,,0
opening_013_offset_24,opening_013,late,32,rnb1k1nr/1p2b2p/5p1B/pqp1p1p1/Q2pPN2/PPPP2P1/5PNP/R3KB1R w KQkq - 0 17,white,recurrent_edges_attenuated_0.05,4,33,a4b5,g2h4,-772.0,713.0,1485.0,0,0,22,5,1.1921537861780962e-05,1.676493162697808e-05,-0.01871814162129801,-0.02464456083401827,132,5.993258100003004,105.0830306999851,,0
opening_013_offset_24,opening_013,late,32,rnb1k1nr/1p2b2p/5p1B/pqp1p1p1/Q2pPN2/PPPP2P1/5PNP/R3KB1R w KQkq - 0 17,white,recurrent_edges_attenuated_0.05,8,33,a4b5,g2h4,-772.0,713.0,1485.0,0,0,22,5,1.2074890491931e-05,1.7040401281036543e-05,-0.015876995125208133,-0.020853089936477,264,12.084922500071116,105.0830306999851,,0
opening_013_offset_24,opening_013,late,32,rnb1k1nr/1p2b2p/5p1B/pqp1p1p1/Q2pPN2/PPPP2P1/5PNP/R3KB1R w KQkq - 0 17,white,recurrent_edges_attenuated_0.05,16,33,a4b5,g2h4,-772.0,713.0,1485.0,0,0,22,5,1.2075119684595848e-05,1.7040797731428247e-05,-0.015876995125208133,-0.020853089936477,528,26.466970000066794,105.0830306999851,,0
opening_013_offset_24,opening_013,late,32,rnb1k1nr/1p2b2p/5p1B/pqp1p1p1/Q2pPN2/PPPP2P1/5PNP/R3KB1R w KQkq - 0 17,white,recurrent_edges_attenuated_0.05,32,33,a4b5,g2h4,-772.0,713.0,1485.0,0,0,22,5,1.2075119684595848e-05,1.7040797731428247e-05,-0.015876995125208133,-0.020853089936477,1056,53.57336570008192,105.0830306999851,,0
opening_013_offset_24,opening_013,late,32,rnb1k1nr/1p2b2p/5p1B/pqp1p1p1/Q2pPN2/PPPP2P1/5PNP/R3KB1R w KQkq - 0 17,white,recurrent_edges_attenuated_0.05,64,33,a4b5,g2h4,-772.0,713.0,1485.0,0,0,22,5,1.2075119684595848e-05,1.7040797731428247e-05,-0.015876995125208133,-0.020853089936477,2112,104.82355400000233,105.0830306999851,,0
opening_014_offset_00,opening_014,early,8,rnbqk1nr/ppppp2p/6pb/8/2P2pPP/P7/1P1PPP2/RNBQKBNR w KQkq - 0 5,white,recurrent_edges_attenuated_0.05,1,22,d2d4,h4h5,125.0,222.0,97.0,0,0,6,12,0.0,0.0,,,22,1.4823649999452755,94.83803700003773,,0
opening_014_offset_00,opening_014,early,8,rnbqk1nr/ppppp2p/6pb/8/2P2pPP/P7/1P1PPP2/RNBQKBNR w KQkq - 0 5,white,recurrent_edges_attenuated_0.05,2,22,d2d4,g4g5,128.0,222.0,94.0,0,0,5,7,7.953052408993244e-05,2.3779753956658672e-05,0.3390173911325002,0.23457068863049457,44,3.170425699907355,94.83803700003773,,0
opening_014_offset_00,opening_014,early,8,rnbqk1nr/ppppp2p/6pb/8/2P2pPP/P7/1P1PPP2/RNBQKBNR w KQkq - 0 5,white,recurrent_edges_attenuated_0.05,4,22,d2d4,g4g5,128.0,222.0,94.0,0,0,5,6,0.00010662706336006522,3.3074498877797195e-05,0.27272727272727276,0.18614718614718614,88,6.237503599957563,94.83803700003773,,0
opening_014_offset_00,opening_014,early,8,rnbqk1nr/ppppp2p/6pb/8/2P2pPP/P7/1P1PPP2/RNBQKBNR w KQkq - 0 5,white,recurrent_edges_attenuated_0.05,8,22,d2d4,g4g5,128.0,222.0,94.0,0,0,5,6,0.00010763300815597177,3.3544805519119596e-05,0.25691699604743085,0.1774891774891775,176,12.435232599964365,94.83803700003773,,0
opening_014_offset_00,opening_014,early,8,rnbqk1nr/ppppp2p/6pb/8/2P2pPP/P7/1P1PPP2/RNBQKBNR w KQkq - 0 5,white,recurrent_edges_attenuated_0.05,16,22,d2d4,g4g5,128.0,222.0,94.0,0,0,5,6,0.00010763335740193725,3.354543688370157e-05,0.25691699604743085,0.1774891774891775,352,23.463465499924496,94.83803700003773,,0
opening_014_offset_00,opening_014,early,8,rnbqk1nr/ppppp2p/6pb/8/2P2pPP/P7/1P1PPP2/RNBQKBNR w KQkq - 0 5,white,recurrent_edges_attenuated_0.05,32,22,d2d4,g4g5,128.0,222.0,94.0,0,0,5,6,0.00010763335740193725,3.354543688370157e-05,0.25691699604743085,0.1774891774891775,704,45.336884499993175,94.83803700003773,,0
opening_014_offset_00,opening_014,early,8,rnbqk1nr/ppppp2p/6pb/8/2P2pPP/P7/1P1PPP2/RNBQKBNR w KQkq - 0 5,white,recurrent_edges_attenuated_0.05,64,22,d2d4,g4g5,128.0,222.0,94.0,0,0,5,6,0.00010763335740193725,3.354543688370157e-05,0.25691699604743085,0.1774891774891775,1408,94.68461969995406,94.83803700003773,,0
opening_014_offset_04,opening_014,early,12,rnbqkbnr/ppppp2p/6p1/7P/2P2pP1/P1N5/1P1PPP2/R1BQKBNR w KQkq - 3 7,white,recurrent_edges_attenuated_0.05,1,30,h5g6,h5h6,50.0,535.0,485.0,0,1,30,2,0.0,0.0,,,30,1.5996734999353066,102.41056200000457,,0
opening_014_offset_04,opening_014,early,12,rnbqkbnr/ppppp2p/6p1/7P/2P2pP1/P1N5/1P1PPP2/R1BQKBNR w KQkq - 3 7,white,recurrent_edges_attenuated_0.05,2,30,h5g6,g4g5,378.0,535.0,157.0,0,1,5,2,7.324281614273787e-05,2.152323540149516e-05,0.3310686327650882,0.28805290348078894,60,3.1614263999508694,102.41056200000457,,0
opening_014_offset_04,opening_014,early,12,rnbqkbnr/ppppp2p/6p1/7P/2P2pP1/P1N5/1P1PPP2/R1BQKBNR w KQkq - 3 7,white,recurrent_edges_attenuated_0.05,4,30,h5g6,g4g5,378.0,535.0,157.0,0,1,5,2,9.946734644472599e-05,3.0049173202809682e-05,0.34015572858731924,0.296551724137931,120,6.793174399994314,102.41056200000457,,0
opening_014_offset_04,opening_014,early,12,rnbqkbnr/ppppp2p/6p1/7P/2P2pP1/P1N5/1P1PPP2/R1BQKBNR w KQkq - 3 7,white,recurrent_edges_attenuated_0.05,8,30,h5g6,g4g5,378.0,535.0,157.0,0,1,5,2,0.00010057917097583413,3.0491106410100075e-05,0.34015572858731924,0.296551724137931,240,13.034527299925685,102.41056200000457,,0
opening_014_offset_04,opening_014,early,12,rnbqkbnr/ppppp2p/6p1/7P/2P2pP1/P1N5/1P1PPP2/R1BQKBNR w KQkq - 3 7,white,recurrent_edges_attenuated_0.05,16,30,h5g6,g4g5,378.0,535.0,157.0,0,1,5,2,0.00010058039333671331,3.0491718155467877e-05,0.34015572858731924,0.296551724137931,480,25.78270209999755,102.41056200000457,,0
opening_014_offset_04,opening_014,early,12,rnbqkbnr/ppppp2p/6p1/7P/2P2pP1/P1N5/1P1PPP2/R1BQKBNR w KQkq - 3 7,white,recurrent_edges_attenuated_0.05,32,30,h5g6,g4g5,378.0,535.0,157.0,0,1,5,2,0.00010058039333671331,3.0491718155467877e-05,0.34015572858731924,0.296551724137931,960,50.91577209997922,102.41056200000457,,0
opening_014_offset_04,opening_014,early,12,rnbqkbnr/ppppp2p/6p1/7P/2P2pP1/P1N5/1P1PPP2/R1BQKBNR w KQkq - 3 7,white,recurrent_edges_attenuated_0.05,64,30,h5g6,g4g5,378.0,535.0,157.0,0,1,5,2,0.00010058039333671331,3.0491718155467877e-05,0.34015572858731924,0.296551724137931,1920,102.11625179997645,102.41056200000457,,0
opening_014_offset_08,opening_014,early,16,rnbqkbr1/ppppp2p/5np1/7P/2P2pP1/P1N2P2/1P1PP3/1RBQKBNR w Kq - 3 9,white,recurrent_edges_attenuated_0.05,1,27,d2d4,h5h6,182.0,209.0,27.0,0,0,2,13,0.0,0.0,,,27,1.4208946999860927,90.42791299999226,,0
opening_014_offset_08,opening_014,early,16,rnbqkbr1/ppppp2p/5np1/7P/2P2pP1/P1N2P2/1P1PP3/1RBQKBNR w Kq - 3 9,white,recurrent_edges_attenuated_0.05,2,27,d2d4,g4g5,-3.0,209.0,212.0,0,0,22,8,7.324284524656832e-05,2.115188568204896e-05,-0.10333411567741456,-0.0894912564104856,54,2.97149179992266,90.42791299999226,,0
opening_014_offset_08,opening_014,early,16,rnbqkbr1/ppppp2p/5np1/7P/2P2pP1/P1N2P2/1P1PP3/1RBQKBNR w Kq - 3 9,white,recurrent_edges_attenuated_0.05,4,27,d2d4,g4g5,-3.0,209.0,212.0,0,0,22,9,9.946737554855645e-05,2.94705810345831e-05,-0.14412214412316984,-0.12857195335598265,108,5.704145799973048,90.42791299999226,,0
opening_014_offset_08,opening_014,early,16,rnbqkbr1/ppppp2p/5np1/7P/2P2pP1/P1N2P2/1P1PP3/1RBQKBNR w Kq - 3 9,white,recurrent_edges_attenuated_0.05,8,27,d2d4,g4g5,-3.0,209.0,212.0,0,0,22,9,0.00010057940380647779,2.9896215630354114e-05,-0.14412214412316984,-0.12857195335598265,216,10.878867899999022,90.42791299999226,,0
opening_014_offset_08,opening_014,early,16,rnbqkbr1/ppppp2p/5np1/7P/2P2pP1/P1N2P2/1P1PP3/1RBQKBNR w Kq - 3 9,white,recurrent_edges_attenuated_0.05,16,27,d2d4,g4g5,-3.0,209.0,212.0,0,0,22,9,0.00010058036423288286,2.9896787137303423e-05,-0.14412214412316984,-0.12857195335598265,432,21.949394299997948,90.42791299999226,,0
opening_014_offset_08,opening_014,early,16,rnbqkbr1/ppppp2p/5np1/7P/2P2pP1/P1N2P2/1P1PP3/1RBQKBNR w Kq - 3 9,white,recurrent_edges_attenuated_0.05,32,27,d2d4,g4g5,-3.0,209.0,212.0,0,0,22,9,0.00010058036423288286,2.9896787137303423e-05,-0.14412214412316984,-0.12857195335598265,864,44.47642259998247,90.42791299999226,,0
opening_014_offset_08,opening_014,early,16,rnbqkbr1/ppppp2p/5np1/7P/2P2pP1/P1N2P2/1P1PP3/1RBQKBNR w Kq - 3 9,white,recurrent_edges_attenuated_0.05,64,27,d2d4,g4g5,-3.0,209.0,212.0,0,0,22,9,0.00010058036423288286,2.9896787137303423e-05,-0.14412214412316984,-0.12857195335598265,1728,90.23687289992813,90.42791299999226,,0
opening_014_offset_12,opening_014,middle,20,rnbqkbr1/ppppp3/6pp/7P/2PPnpP1/PQN2P2/1P2P3/1RB1KBNR w Kq - 0 11,white,recurrent_edges_attenuated_0.05,1,32,c3e4,h5g6,492.0,912.0,420.0,0,0,4,14,0.0,0.0,,,32,1.996302800020203,89.90092519996688,,0
opening_014_offset_12,opening_014,middle,20,rnbqkbr1/ppppp3/6pp/7P/2PPnpP1/PQN2P2/1P2P3/1RB1KBNR w Kq - 0 11,white,recurrent_edges_attenuated_0.05,2,32,c3e4,g4g5,109.0,912.0,803.0,0,1,25,2,6.228363781701773e-05,3.700632654548119e-05,0.00018543820495528084,0.014735046253382783,64,3.9840978001011536,89.90092519996688,,0
opening_014_offset_12,opening_014,middle,20,rnbqkbr1/ppppp3/6pp/7P/2PPnpP1/PQN2P2/1P2P3/1RB1KBNR w Kq - 0 11,white,recurrent_edges_attenuated_0.05,4,32,c3e4,g4g5,109.0,912.0,803.0,0,1,25,2,8.456589421257377e-05,5.1576005097626947e-05,0.03225806451612903,0.04435483870967743,128,7.149288500077091,89.90092519996688,,0
opening_014_offset_12,opening_014,middle,20,rnbqkbr1/ppppp3/6pp/7P/2PPnpP1/PQN2P2/1P2P3/1RB1KBNR w Kq - 0 11,white,recurrent_edges_attenuated_0.05,8,32,c3e4,g4g5,109.0,912.0,803.0,0,1,25,2,8.550957136321813e-05,5.232420661194753e-05,0.03225806451612903,0.04435483870967743,256,12.3339523000177,89.90092519996688,,0
opening_014_offset_12,opening_014,middle,20,rnbqkbr1/ppppp3/6pp/7P/2PPnpP1/PQN2P2/1P2P3/1RB1KBNR w Kq - 0 11,white,recurrent_edges_attenuated_0.05,16,32,c3e4,g4g5,109.0,912.0,803.0,0,1,25,2,8.551064820494503e-05,5.2325225672440795e-05,0.03225806451612903,0.04435483870967743,512,23.180915000033565,89.90092519996688,,0
opening_014_offset_12,opening_014,middle,20,rnbqkbr1/ppppp3/6pp/7P/2PPnpP1/PQN2P2/1P2P3/1RB1KBNR w Kq - 0 11,white,recurrent_edges_attenuated_0.05,32,32,c3e4,g4g5,109.0,912.0,803.0,0,1,25,2,8.551064820494503e-05,5.2325225672440795e-05,0.03225806451612903,0.04435483870967743,1024,44.43795859999955,89.90092519996688,,0
opening_014_offset_12,opening_014,middle,20,rnbqkbr1/ppppp3/6pp/7P/2PPnpP1/PQN2P2/1P2P3/1RB1KBNR w Kq - 0 11,white,recurrent_edges_attenuated_0.05,64,32,c3e4,g4g5,109.0,912.0,803.0,0,1,25,2,8.551064820494503e-05,5.2325225672440795e-05,0.03225806451612903,0.04435483870967743,2048,89.54522300011013,89.90092519996688,,0
opening_014_offset_16,opening_014,middle,24,rnbq1b1r/pppppk2/6pp/1N5P/Q1PPnpP1/P4P2/1P2P3/1RB1KBNR w K - 4 13,white,recurrent_edges_attenuated_0.05,1,30,h5g6,h5g6,959.0,959.0,0.0,1,1,1,1,0.0,0.0,,,30,1.172235600068234,96.0198984000599,,0
opening_014_offset_16,opening_014,middle,24,rnbq1b1r/pppppk2/6pp/1N5P/Q1PPnpP1/P4P2/1P2P3/1RB1KBNR w K - 4 13,white,recurrent_edges_attenuated_0.05,2,30,h5g6,b5a7,221.0,959.0,738.0,0,0,24,6,1.912168227136135e-05,8.242099385723748e-05,-0.019607866987398827,0.0046460145722707884,60,2.4624856000300497,96.0198984000599,,0
opening_014_offset_16,opening_014,middle,24,rnbq1b1r/pppppk2/6pp/1N5P/Q1PPnpP1/P4P2/1P2P3/1RB1KBNR w K - 4 13,white,recurrent_edges_attenuated_0.05,4,30,h5g6,b5a7,221.0,959.0,738.0,0,0,24,6,2.620916347950697e-05,0.00011384898549117606,-0.01935483870967742,0.0022988505747126436,120,5.177252799971029,96.0198984000599,,0
opening_014_offset_16,opening_014,middle,24,rnbq1b1r/pppppk2/6pp/1N5P/Q1PPnpP1/P4P2/1P2P3/1RB1KBNR w K - 4 13,white,recurrent_edges_attenuated_0.05,8,30,h5g6,b5a7,221.0,959.0,738.0,0,0,24,6,2.651824615895748e-05,0.00011536010706509395,-0.01935483870967742,0.0022988505747126436,240,11.07108770008199,96.0198984000599,,0
opening_014_offset_16,opening_014,middle,24,rnbq1b1r/pppppk2/6pp/1N5P/Q1PPnpP1/P4P2/1P2P3/1RB1KBNR w K - 4 13,white,recurrent_edges_attenuated_0.05,16,30,h5g6,b5a7,221.0,959.0,738.0,0,0,24,6,2.651836257427931e-05,0.00011536181571803142,-0.01935483870967742,0.0022988505747126436,480,22.79400670004543,96.0198984000599,,0
opening_014_offset_16,opening_014,middle,24,rnbq1b1r/pppppk2/6pp/1N5P/Q1PPnpP1/P4P2/1P2P3/1RB1KBNR w K - 4 13,white,recurrent_edges_attenuated_0.05,32,30,h5g6,b5a7,221.0,959.0,738.0,0,0,24,6,2.651836257427931e-05,0.00011536181571803142,-0.01935483870967742,0.0022988505747126436,960,50.65227550000418,96.0198984000599,,0
opening_014_offset_16,opening_014,middle,24,rnbq1b1r/pppppk2/6pp/1N5P/Q1PPnpP1/P4P2/1P2P3/1RB1KBNR w K - 4 13,white,recurrent_edges_attenuated_0.05,64,30,h5g6,b5a7,221.0,959.0,738.0,0,0,24,6,2.651836257427931e-05,0.00011536181571803142,-0.01935483870967742,0.0022988505747126436,1920,95.82072990003508,96.0198984000599,,0
opening_014_offset_20,opening_014,late,28,rnb1qb1r/pppppk2/6pp/7P/Q1PP1pP1/P1N2P1B/1P1nP3/1RB1K1NR w K - 8 15,white,recurrent_edges_attenuated_0.05,1,31,h5g6,h5g6,971.0,971.0,0.0,1,1,1,1,0.0,0.0,,,31,1.6130000000121072,95.99239310005214,,0
opening_014_offset_20,opening_014,late,28,rnb1qb1r/pppppk2/6pp/7P/Q1PP1pP1/P1N2P1B/1P1nP3/1RB1K1NR w K - 8 15,white,recurrent_edges_attenuated_0.05,2,31,h5g6,a4a7,-521.0,971.0,1492.0,0,1,27,3,0.0001845537917688489,5.312053843869627e-05,0.14653912359255972,0.08516278584559887,62,3.2800558999879286,95.99239310005214,,0
opening_014_offset_20,opening_014,late,28,rnb1qb1r/pppppk2/6pp/7P/Q1PP1pP1/P1N2P1B/1P1nP3/1RB1K1NR w K - 8 15,white,recurrent_edges_attenuated_0.05,4,31,h5g6,a4a7,-521.0,971.0,1492.0,0,1,27,3,0.00025487388484179974,7.337941391768258e-05,0.15201612903225808,0.10107526881720431,124,6.15826900000684,95.99239310005214,,0
opening_014_offset_20,opening_014,late,28,rnb1qb1r/pppppk2/6pp/7P/Q1PP1pP1/P1N2P1B/1P1nP3/1RB1K1NR w K - 8 15,white,recurrent_edges_attenuated_0.05,8,31,h5g6,a4a7,-521.0,971.0,1492.0,0,1,27,3,0.0002582459128461778,7.435243437250695e-05,0.15161290322580648,0.09677419354838711,248,11.784258499974385,95.99239310005214,,0
opening_014_offset_20,opening_014,late,28,rnb1qb1r/pppppk2/6pp/7P/Q1PP1pP1/P1N2P1B/1P1nP3/1RB1K1NR w K - 8 15,white,recurrent_edges_attenuated_0.05,16,31,h5g6,a4a7,-521.0,971.0,1492.0,0,1,27,3,0.00025824957992881536,7.435349966328538e-05,0.15161290322580648,0.09677419354838711,496,23.754281500005163,95.99239310005214,,0
opening_014_offset_20,opening_014,late,28,rnb1qb1r/pppppk2/6pp/7P/Q1PP1pP1/P1N2P1B/1P1nP3/1RB1K1NR w K - 8 15,white,recurrent_edges_attenuated_0.05,32,31,h5g6,a4a7,-521.0,971.0,1492.0,0,1,27,3,0.00025824957992881536,7.435349966328538e-05,0.15161290322580648,0.09677419354838711,992,48.08950869995169,95.99239310005214,,0
opening_014_offset_20,opening_014,late,28,rnb1qb1r/pppppk2/6pp/7P/Q1PP1pP1/P1N2P1B/1P1nP3/1RB1K1NR w K - 8 15,white,recurrent_edges_attenuated_0.05,64,31,h5g6,a4a7,-521.0,971.0,1492.0,0,1,27,3,0.00025824957992881536,7.435349966328538e-05,0.15161290322580648,0.09677419354838711,1984,95.74231489992235,95.99239310005214,,0
opening_014_offset_24,opening_014,late,32,r1b1qb1r/pppppk2/6pp/2nN3P/2PP1pP1/PQ3P1B/1P1nP3/1RB1K1NR w K - 12 17,white,recurrent_edges_attenuated_0.05,1,33,h5g6,h5g6,835.0,835.0,0.0,1,1,1,1,0.0,0.0,,,33,1.606388199958019,106.15220489993226,,0
opening_014_offset_24,opening_014,late,32,r1b1qb1r/pppppk2/6pp/2nN3P/2PP1pP1/PQ3P1B/1P1nP3/1RB1K1NR w K - 12 17,white,recurrent_edges_attenuated_0.05,2,33,h5g6,d5e7,-953.0,835.0,1788.0,0,0,33,4,0.0001444925437681377,4.436756086897649e-05,0.2585091208683054,0.17952381627838007,66,3.1780309999594465,106.15220489993226,,0
opening_014_offset_24,opening_014,late,32,r1b1qb1r/pppppk2/6pp/2nN3P/2PP1pP1/PQ3P1B/1P1nP3/1RB1K1NR w K - 12 17,white,recurrent_edges_attenuated_0.05,4,33,h5g6,d5e7,-953.0,835.0,1788.0,0,0,33,4,0.0002001445391215384,6.134438029600014e-05,0.2663770053475936,0.18181818181818182,132,5.598896599956788,106.15220489993226,,0
opening_014_offset_24,opening_014,late,32,r1b1qb1r/pppppk2/6pp/2nN3P/2PP1pP1/PQ3P1B/1P1nP3/1RB1K1NR w K - 12 17,white,recurrent_edges_attenuated_0.05,8,33,h5g6,d5e7,-953.0,835.0,1788.0,0,0,33,4,0.00020281155593693256,6.215563948662452e-05,0.26704545454545453,0.18560606060606058,264,12.273602399975061,106.15220489993226,,0
opening_014_offset_24,opening_014,late,32,r1b1qb1r/pppppk2/6pp/2nN3P/2PP1pP1/PQ3P1B/1P1nP3/1RB1K1NR w K - 12 17,white,recurrent_edges_attenuated_0.05,16,33,h5g6,d5e7,-953.0,835.0,1788.0,0,0,33,4,0.00020281400065869093,6.215646951554738e-05,0.26704545454545453,0.18560606060606058,528,25.46381400001701,106.15220489993226,,0
opening_014_offset_24,opening_014,late,32,r1b1qb1r/pppppk2/6pp/2nN3P/2PP1pP1/PQ3P1B/1P1nP3/1RB1K1NR w K - 12 17,white,recurrent_edges_attenuated_0.05,32,33,h5g6,d5e7,-953.0,835.0,1788.0,0,0,33,4,0.00020281400065869093,6.215646951554738e-05,0.26704545454545453,0.18560606060606058,1056,51.282092900015414,106.15220489993226,,0
opening_014_offset_24,opening_014,late,32,r1b1qb1r/pppppk2/6pp/2nN3P/2PP1pP1/PQ3P1B/1P1nP3/1RB1K1NR w K - 12 17,white,recurrent_edges_attenuated_0.05,64,33,h5g6,d5e7,-953.0,835.0,1788.0,0,0,33,4,0.00020281400065869093,6.215646951554738e-05,0.26704545454545453,0.18560606060606058,2112,105.87514550006017,106.15220489993226,,0
opening_015_offset_00,opening_015,early,8,rnb1kbnr/1ppp1pp1/8/p2Pp2p/4P2q/2N5/PPP2PPP/R1BQKBNR w KQkq - 2 5,white,recurrent_edges_attenuated_0.05,1,35,g1f3,h2h3,207.0,241.0,34.0,0,0,3,5,0.0,0.0,,,35,1.3818831000244245,108.56087809999008,,0
opening_015_offset_00,opening_015,early,8,rnb1kbnr/1ppp1pp1/8/p2Pp2p/4P2q/2N5/PPP2PPP/R1BQKBNR w KQkq - 2 5,white,recurrent_edges_attenuated_0.05,2,35,g1f3,g2g3,161.0,241.0,80.0,0,0,13,35,2.6263416657457128e-05,1.945200850796297e-05,-0.23736517398044643,-0.17036549111637134,70,2.9682755999965593,108.56087809999008,,0
opening_015_offset_00,opening_015,early,8,rnb1kbnr/1ppp1pp1/8/p2Pp2p/4P2q/2N5/PPP2PPP/R1BQKBNR w KQkq - 2 5,white,recurrent_edges_attenuated_0.05,4,35,g1f3,g2g3,161.0,241.0,80.0,0,0,13,35,3.695400482683908e-05,2.7586393258174492e-05,-0.21641686723033557,-0.14309784588016425,140,7.2269968000473455,108.56087809999008,,0
opening_015_offset_00,opening_015,early,8,rnb1kbnr/1ppp1pp1/8/p2Pp2p/4P2q/2N5/PPP2PPP/R1BQKBNR w KQkq - 2 5,white,recurrent_edges_attenuated_0.05,8,35,g1f3,g2g3,161.0,241.0,80.0,0,0,13,35,3.751808344532037e-05,2.8044634052434106e-05,-0.21641686723033557,-0.14309784588016425,280,14.294693000032566,108.56087809999008,,0
opening_015_offset_00,opening_015,early,8,rnb1kbnr/1ppp1pp1/8/p2Pp2p/4P2q/2N5/PPP2PPP/R1BQKBNR w KQkq - 2 5,white,recurrent_edges_attenuated_0.05,16,35,g1f3,g2g3,161.0,241.0,80.0,0,0,13,35,3.751892290893011e-05,2.8045352634357543e-05,-0.21641686723033557,-0.14309784588016425,560,27.123486800002865,108.56087809999008,,0
opening_015_offset_00,opening_015,early,8,rnb1kbnr/1ppp1pp1/8/p2Pp2p/4P2q/2N5/PPP2PPP/R1BQKBNR w KQkq - 2 5,white,recurrent_edges_attenuated_0.05,32,35,g1f3,g2g3,161.0,241.0,80.0,0,0,13,35,3.751892290893011e-05,2.8045352634357543e-05,-0.21641686723033557,-0.14309784588016425,1120,55.25910760008264,108.56087809999008,,0
opening_015_offset_00,opening_015,early,8,rnb1kbnr/1ppp1pp1/8/p2Pp2p/4P2q/2N5/PPP2PPP/R1BQKBNR w KQkq - 2 5,white,recurrent_edges_attenuated_0.05,64,35,g1f3,g2g3,161.0,241.0,80.0,0,0,13,35,3.751892290893011e-05,2.8045352634357543e-05,-0.21641686723033557,-0.14309784588016425,2240,108.34719240001868,108.56087809999008,,0
opening_015_offset_04,opening_015,early,12,rnb1kbnr/2pp1pp1/1p3q2/p2Pp2p/4P3/2NBB3/PPP2PPP/R2QK1NR w KQkq - 0 7,white,recurrent_edges_attenuated_0.05,1,43,c3b5,h2h4,166.0,310.0,144.0,0,0,10,35,0.0,0.0,,,43,2.3519554000813514,162.73542689997703,,0
opening_015_offset_04,opening_015,early,12,rnb1kbnr/2pp1pp1/1p3q2/p2Pp2p/4P3/2NBB3/PPP2PPP/R2QK1NR w KQkq - 0 7,white,recurrent_edges_attenuated_0.05,2,43,c3b5,g2g3,136.0,310.0,174.0,0,0,19,11,2.6263435302098515e-05,1.8462442037737818e-05,-0.3406980631791604,-0.24412414566369553,86,4.879957600031048,162.73542689997703,,0
opening_015_offset_04,opening_015,early,12,rnb1kbnr/2pp1pp1/1p3q2/p2Pp2p/4P3/2NBB3/PPP2PPP/R2QK1NR w KQkq - 0 7,white,recurrent_edges_attenuated_0.05,4,43,c3b5,g2g3,136.0,310.0,174.0,0,0,19,11,3.695407576742582e-05,2.6142458937841856e-05,-0.32205693665782037,-0.22283827441749482,172,9.499687100062147,162.73542689997703,,0
opening_015_offset_04,opening_015,early,12,rnb1kbnr/2pp1pp1/1p3q2/p2Pp2p/4P3/2NBB3/PPP2PPP/R2QK1NR w KQkq - 0 7,white,recurrent_edges_attenuated_0.05,8,43,c3b5,g2g3,136.0,310.0,174.0,0,0,19,11,3.751824078790378e-05,2.657078650811498e-05,-0.32205693665782037,-0.22283827441749482,344,18.941591900074854,162.73542689997703,,0
opening_015_offset_04,opening_015,early,12,rnb1kbnr/2pp1pp1/1p3q2/p2Pp2p/4P3/2NBB3/PPP2PPP/R2QK1NR w KQkq - 0 7,white,recurrent_edges_attenuated_0.05,16,43,c3b5,g2g3,136.0,310.0,174.0,0,0,19,11,3.751904296223074e-05,2.6571432375312325e-05,-0.32205693665782037,-0.22283827441749482,688,39.300020599970594,162.73542689997703,,0
opening_015_offset_04,opening_015,early,12,rnb1kbnr/2pp1pp1/1p3q2/p2Pp2p/4P3/2NBB3/PPP2PPP/R2QK1NR w KQkq - 0 7,white,recurrent_edges_attenuated_0.05,32,43,c3b5,g2g3,136.0,310.0,174.0,0,0,19,11,3.751904296223074e-05,2.6571432375312325e-05,-0.32205693665782037,-0.22283827441749482,1376,77.56811160000507,162.73542689997703,,0
opening_015_offset_04,opening_015,early,12,rnb1kbnr/2pp1pp1/1p3q2/p2Pp2p/4P3/2NBB3/PPP2PPP/R2QK1NR w KQkq - 0 7,white,recurrent_edges_attenuated_0.05,64,43,c3b5,g2g3,136.0,310.0,174.0,0,0,19,11,3.751904296223074e-05,2.6571432375312325e-05,-0.32205693665782037,-0.22283827441749482,2752,162.40348880004603,162.73542689997703,,0
opening_015_offset_08,opening_015,early,16,1nb1k1nr/r1ppbpp1/1p3q2/p2Pp2p/4P3/2NB4/PPPBKPPP/R2Q2NR w k - 4 9,white,recurrent_edges_attenuated_0.05,1,34,c3b5,h2h4,132.0,227.0,95.0,0,0,6,26,0.0,0.0,,,34,1.3369437000947073,101.26987159997225,,0
opening_015_offset_08,opening_015,early,16,1nb1k1nr/r1ppbpp1/1p3q2/p2Pp2p/4P3/2NB4/PPPBKPPP/R2Q2NR w k - 4 9,white,recurrent_edges_attenuated_0.05,2,34,c3b5,g2g3,86.0,227.0,141.0,0,0,21,10,2.6263434847351164e-05,1.92566861399636e-05,-0.23923504416633865,-0.13910923882686613,68,2.8654084000736475,101.26987159997225,,0
opening_015_offset_08,opening_015,early,16,1nb1k1nr/r1ppbpp1/1p3q2/p2Pp2p/4P3/2NB4/PPPBKPPP/R2Q2NR w k - 4 9,white,recurrent_edges_attenuated_0.05,4,34,c3b5,g2g3,86.0,227.0,141.0,0,0,21,10,3.695185296237469e-05,2.7210846531067624e-05,-0.23775689579664736,-0.13202503022941975,136,5.5258817001013085,101.26987159997225,,0
opening_015_offset_08,opening_015,early,16,1nb1k1nr/r1ppbpp1/1p3q2/p2Pp2p/4P3/2NB4/PPPBKPPP/R2Q2NR w k - 4 9,white,recurrent_edges_attenuated_0.05,8,34,c3b5,g2g3,86.0,227.0,141.0,0,0,21,10,3.7515637814067304e-05,2.7650155296894374e-05,-0.23775689579664736,-0.13202503022941975,272,14.084778600023128,101.26987159997225,,0
opening_015_offset_08,opening_015,early,16,1nb1k1nr/r1ppbpp1/1p3q2/p2Pp2p/4P3/2NB4/PPPBKPPP/R2Q2NR w k - 4 9,white,recurrent_edges_attenuated_0.05,16,34,c3b5,g2g3,86.0,227.0,141.0,0,0,21,10,3.751621989067644e-05,2.7650809083324573e-05,-0.23775689579664736,-0.13202503022941975,544,26.3345580000896,101.26987159997225,,0
opening_015_offset_08,opening_015,early,16,1nb1k1nr/r1ppbpp1/1p3q2/p2Pp2p/4P3/2NB4/PPPBKPPP/R2Q2NR w k - 4 9,white,recurrent_edges_attenuated_0.05,32,34,c3b5,g2g3,86.0,227.0,141.0,0,0,21,10,3.751621989067644e-05,2.7650809083324573e-05,-0.23775689579664736,-0.13202503022941975,1088,51.323909100028686,101.26987159997225,,0
opening_015_offset_08,opening_015,early,16,1nb1k1nr/r1ppbpp1/1p3q2/p2Pp2p/4P3/2NB4/PPPBKPPP/R2Q2NR w k - 4 9,white,recurrent_edges_attenuated_0.05,64,34,c3b5,g2g3,86.0,227.0,141.0,0,0,21,10,3.751621989067644e-05,2.7650809083324573e-05,-0.23775689579664736,-0.13202503022941975,2176,101.04553520004265,101.26987159997225,,0
opening_015_offset_12,opening_015,middle,20,1nb1k1nr/r1ppbpp1/1p4q1/p2Pp2p/2B1P3/2N5/PPPBKPPP/R1Q3NR w k - 8 11,white,recurrent_edges_attenuated_0.05,1,37,g1f3,h2h4,-90.0,96.0,186.0,0,0,16,6,0.0,0.0,,,37,1.4983337000012398,105.50738009996712,,0
opening_015_offset_12,opening_015,middle,20,1nb1k1nr/r1ppbpp1/1p4q1/p2Pp2p/2B1P3/2N5/PPPBKPPP/R1Q3NR w k - 8 11,white,recurrent_edges_attenuated_0.05,2,37,g1f3,g2g3,-8.0,96.0,104.0,0,0,8,37,2.6263434847351164e-05,1.7588423112480187e-05,-0.3127527474772259,-0.19621411564397012,74,3.2726380999665707,105.50738009996712,,0
opening_015_offset_12,opening_015,middle,20,1nb1k1nr/r1ppbpp1/1p4q1/p2Pp2p/2B1P3/2N5/PPPBKPPP/R1Q3NR w k - 8 11,white,recurrent_edges_attenuated_0.05,4,37,g1f3,g2g3,-8.0,96.0,104.0,0,0,8,37,3.6951882066205144e-05,2.488268971343988e-05,-0.2987197724039829,-0.18618618618618618,148,6.416984699899331,105.50738009996712,,0
opening_015_offset_12,opening_015,middle,20,1nb1k1nr/r1ppbpp1/1p4q1/p2Pp2p/2B1P3/2N5/PPPBKPPP/R1Q3NR w k - 8 11,white,recurrent_edges_attenuated_0.05,8,37,g1f3,g2g3,-8.0,96.0,104.0,0,0,8,37,3.751552139874548e-05,2.5288029139164544e-05,-0.29800853485064005,-0.1831831831831832,296,12.526741799898446,105.50738009996712,,0
opening_015_offset_12,opening_015,middle,20,1nb1k1nr/r1ppbpp1/1p4q1/p2Pp2p/2B1P3/2N5/PPPBKPPP/R1Q3NR w k - 8 11,white,recurrent_edges_attenuated_0.05,16,37,g1f3,g2g3,-8.0,96.0,104.0,0,0,8,37,3.751632175408304e-05,2.5288635068161073e-05,-0.29800853485064005,-0.1831831831831832,592,25.66799279989209,105.50738009996712,,0
opening_015_offset_12,opening_015,middle,20,1nb1k1nr/r1ppbpp1/1p4q1/p2Pp2p/2B1P3/2N5/PPPBKPPP/R1Q3NR w k - 8 11,white,recurrent_edges_attenuated_0.05,32,37,g1f3,g2g3,-8.0,96.0,104.0,0,0,8,37,3.751632175408304e-05,2.5288635068161073e-05,-0.29800853485064005,-0.1831831831831832,1184,51.249846199993044,105.50738009996712,,0
opening_015_offset_12,opening_015,middle,20,1nb1k1nr/r1ppbpp1/1p4q1/p2Pp2p/2B1P3/2N5/PPPBKPPP/R1Q3NR w k - 8 11,white,recurrent_edges_attenuated_0.05,64,37,g1f3,g2g3,-8.0,96.0,104.0,0,0,8,37,3.751632175408304e-05,2.5288635068161073e-05,-0.29800853485064005,-0.1831831831831832,2368,105.17998879996594,105.50738009996712,,0
opening_015_offset_16,opening_015,middle,24,1nb1k1nr/r1pp1pp1/1p1q3B/p2Pp1bp/2B1P3/2N3P1/PPP1KP1P/R1Q3NR w k - 1 13,white,recurrent_edges_attenuated_0.05,1,35,h6g5,h6g7,-439.0,896.0,1335.0,0,1,6,2,0.0,0.0,,,35,2.2877051000250503,111.01606609998271,,0
opening_015_offset_16,opening_015,middle,24,1nb1k1nr/r1pp1pp1/1p1q3B/p2Pp1bp/2B1P3/2N3P1/PPP1KP1P/R1Q3NR w k - 1 13,white,recurrent_edges_attenuated_0.05,2,35,h6g5,h6g5,896.0,896.0,0.0,1,1,1,1,4.168687155470252e-07,1.3842698181827111e-05,0.1591388559505641,0.12436765546602628,70,4.6232927000382915,111.01606609998271,,0
opening_015_offset_16,opening_015,middle,24,1nb1k1nr/r1pp1pp1/1p1q3B/p2Pp1bp/2B1P3/2N3P1/PPP1KP1P/R1Q3NR w k - 1 13,white,recurrent_edges_attenuated_0.05,4,35,h6g5,h6g5,896.0,896.0,0.0,1,1,1,1,5.281035555526614e-07,1.9695346772209536e-05,0.1519820718090059,0.12289579705002342,140,7.788278899970464,111.01606609998271,,0
opening_015_offset_16,opening_015,middle,24,1nb1k1nr/r1pp1pp1/1p1q3B/p2Pp1bp/2B1P3/2N3P1/PPP1KP1P/R1Q3NR w k - 1 13,white,recurrent_edges_attenuated_0.05,8,35,h6g5,h6g5,896.0,896.0,0.0,1,1,1,1,5.288457032293081e-07,2.0029964630127875e-05,0.1519820718090059,0.12289579705002342,280,15.164449400035664,111.01606609998271,,0
opening_015_offset_16,opening_015,middle,24,1nb1k1nr/r1pp1pp1/1p1q3B/p2Pp1bp/2B1P3/2N3P1/PPP1KP1P/R1Q3NR w k - 1 13,white,recurrent_edges_attenuated_0.05,16,35,h6g5,h6g5,896.0,896.0,0.0,1,1,1,1,5.28802047483623e-07,2.003047245656373e-05,0.1519820718090059,0.12289579705002342,560,29.2575974999927,111.01606609998271,,0
opening_015_offset_16,opening_015,middle,24,1nb1k1nr/r1pp1pp1/1p1q3B/p2Pp1bp/2B1P3/2N3P1/PPP1KP1P/R1Q3NR w k - 1 13,white,recurrent_edges_attenuated_0.05,32,35,h6g5,h6g5,896.0,896.0,0.0,1,1,1,1,5.28802047483623e-07,2.003047245656373e-05,0.1519820718090059,0.12289579705002342,1120,54.94304379995447,111.01606609998271,,0
opening_015_offset_16,opening_015,middle,24,1nb1k1nr/r1pp1pp1/1p1q3B/p2Pp1bp/2B1P3/2N3P1/PPP1KP1P/R1Q3NR w k - 1 13,white,recurrent_edges_attenuated_0.05,64,35,h6g5,h6g5,896.0,896.0,0.0,1,1,1,1,5.28802047483623e-07,2.003047245656373e-05,0.1519820718090059,0.12289579705002342,2240,110.7123292000033,111.01606609998271,,0
opening_015_offset_20,opening_015,late,28,2b1k1nr/r1pp1p2/1pnq2pB/pN1Pp1bp/4P3/1B4P1/PPP1KP1P/R1Q3NR w k - 0 15,white,recurrent_edges_attenuated_0.05,1,37,h6g5,h6g7,196.0,943.0,747.0,0,1,8,2,0.0,0.0,,,37,1.9161703999852762,105.49632100004237,,0
opening_015_offset_20,opening_015,late,28,2b1k1nr/r1pp1p2/1pnq2pB/pN1Pp1bp/4P3/1B4P1/PPP1KP1P/R1Q3NR w k - 0 15,white,recurrent_edges_attenuated_0.05,2,37,h6g5,b5a7,-625.0,943.0,1568.0,0,1,31,3,0.00027272565057501197,5.0272215457121825e-05,0.15482678016493073,0.10593218461380957,74,3.811701299971901,105.49632100004237,,0
opening_015_offset_20,opening_015,late,28,2b1k1nr/r1pp1p2/1pnq2pB/pN1Pp1bp/4P3/1B4P1/PPP1KP1P/R1Q3NR w k - 0 15,white,recurrent_edges_attenuated_0.05,4,37,h6g5,b5a7,-625.0,943.0,1568.0,0,1,31,3,0.0003746517759282142,6.943131680175324e-05,0.1584968291563817,0.1066867318389677,148,7.306378899957053,105.49632100004237,,0
opening_015_offset_20,opening_015,late,28,2b1k1nr/r1pp1p2/1pnq2pB/pN1Pp1bp/4P3/1B4P1/PPP1KP1P/R1Q3NR w k - 0 15,white,recurrent_edges_attenuated_0.05,8,37,h6g5,b5a7,-625.0,943.0,1568.0,0,1,31,3,0.000379355886252597,7.034841470967575e-05,0.16252741419102415,0.1096919918907696,296,13.3382782000117,105.49632100004237,,0
opening_015_offset_20,opening_015,late,28,2b1k1nr/r1pp1p2/1pnq2pB/pN1Pp1bp/4P3/1B4P1/PPP1KP1P/R1Q3NR w k - 0 15,white,recurrent_edges_attenuated_0.05,16,37,h6g5,b5a7,-625.0,943.0,1568.0,0,1,31,3,0.00037936089211143553,7.034946048529475e-05,0.16252741419102415,0.1096919918907696,592,25.71990220004227,105.49632100004237,,0
opening_015_offset_20,opening_015,late,28,2b1k1nr/r1pp1p2/1pnq2pB/pN1Pp1bp/4P3/1B4P1/PPP1KP1P/R1Q3NR w k - 0 15,white,recurrent_edges_attenuated_0.05,32,37,h6g5,b5a7,-625.0,943.0,1568.0,0,1,31,3,0.00037936089211143553,7.034946048529475e-05,0.16252741419102415,0.1096919918907696,1184,52.08591519994661,105.49632100004237,,0
opening_015_offset_20,opening_015,late,28,2b1k1nr/r1pp1p2/1pnq2pB/pN1Pp1bp/4P3/1B4P1/PPP1KP1P/R1Q3NR w k - 0 15,white,recurrent_edges_attenuated_0.05,64,37,h6g5,b5a7,-625.0,943.0,1568.0,0,1,31,3,0.00037936089211143553,7.034946048529475e-05,0.16252741419102415,0.1096919918907696,2368,105.21782719995826,105.49632100004237,,0
opening_015_offset_24,opening_015,late,32,2bnk1nr/r1pp1p2/1p1q1bp1/pN1Pp2p/2B1P3/6P1/PPPBKP1P/R1Q3NR w k - 4 17,white,recurrent_edges_attenuated_0.05,1,39,b5d6,h2h4,461.0,999.0,538.0,0,0,15,29,0.0,0.0,,,39,3.003781299921684,155.24116410000715,,0
opening_015_offset_24,opening_015,late,32,2bnk1nr/r1pp1p2/1p1q1bp1/pN1Pp2p/2B1P3/6P1/PPPBKP1P/R1Q3NR w k - 4 17,white,recurrent_edges_attenuated_0.05,2,39,b5d6,b5a7,827.0,999.0,172.0,0,0,3,4,0.00026595903909765184,4.8928317770412695e-05,-0.06102077026010283,-0.03146519097548699,78,6.172640200005844,155.24116410000715,,0
opening_015_offset_24,opening_015,late,32,2bnk1nr/r1pp1p2/1p1q1bp1/pN1Pp2p/2B1P3/6P1/PPPBKP1P/R1Q3NR w k - 4 17,white,recurrent_edges_attenuated_0.05,4,39,b5d6,b5a7,827.0,999.0,172.0,0,0,3,4,0.00036564862239174545,6.759616529776507e-05,-0.06984866203923908,-0.048681641730045806,156,10.84276119992137,155.24116410000715,,0
opening_015_offset_24,opening_015,late,32,2bnk1nr/r1pp1p2/1p1q1bp1/pN1Pp2p/2B1P3/6P1/PPPBKP1P/R1Q3NR w k - 4 17,white,recurrent_edges_attenuated_0.05,8,39,b5d6,b5a7,827.0,999.0,172.0,0,0,3,4,0.00037027260987088084,6.849216941278697e-05,-0.06984866203923908,-0.048681641730045806,312,19.35025209991727,155.24116410000715,,0
opening_015_offset_24,opening_015,late,32,2bnk1nr/r1pp1p2/1p1q1bp1/pN1Pp2p/2B1P3/6P1/PPPBKP1P/R1Q3NR w k - 4 17,white,recurrent_edges_attenuated_0.05,16,39,b5d6,b5a7,827.0,999.0,172.0,0,0,3,4,0.00037027770304121077,6.849320905045762e-05,-0.06984866203923908,-0.048681641730045806,624,42.748464399948716,155.24116410000715,,0
opening_015_offset_24,opening_015,late,32,2bnk1nr/r1pp1p2/1p1q1bp1/pN1Pp2p/2B1P3/6P1/PPPBKP1P/R1Q3NR w k - 4 17,white,recurrent_edges_attenuated_0.05,32,39,b5d6,b5a7,827.0,999.0,172.0,0,0,3,4,0.00037027770304121077,6.849320905045762e-05,-0.06984866203923908,-0.048681641730045806,1248,80.81605789996684,155.24116410000715,,0
opening_015_offset_24,opening_015,late,32,2bnk1nr/r1pp1p2/1p1q1bp1/pN1Pp2p/2B1P3/6P1/PPPBKP1P/R1Q3NR w k - 4 17,white,recurrent_edges_attenuated_0.05,64,39,b5d6,b5a7,827.0,999.0,172.0,0,0,3,4,0.00037027770304121077,6.849320905045762e-05,-0.06984866203923908,-0.048681641730045806,2496,154.89608460001182,155.24116410000715,,0
opening_016_offset_00,opening_016,early,8,rn1qkbnr/p2pppp1/b7/1pP4p/5P2/8/PPP1PKPP/RNBQ1BNR w kq - 0 5,white,recurrent_edges_attenuated_0.05,1,32,e2e4,h2h4,-102.0,39.0,141.0,0,0,24,12,0.0,0.0,,,32,1.4153175000101328,92.0188843999058,,0
opening_016_offset_00,opening_016,early,8,rn1qkbnr/p2pppp1/b7/1pP4p/5P2/8/PPP1PKPP/RNBQ1BNR w kq - 0 5,white,recurrent_edges_attenuated_0.05,2,32,e2e4,g2g3,-55.0,39.0,94.0,0,0,14,7,2.6263418476446532e-05,4.043489622476404e-05,-0.17235222197675948,-0.12674491850262123,64,2.7724683999549598,92.0188843999058,,0
opening_016_offset_00,opening_016,early,8,rn1qkbnr/p2pppp1/b7/1pP4p/5P2/8/PPP1PKPP/RNBQ1BNR w kq - 0 5,white,recurrent_edges_attenuated_0.05,4,32,e2e4,g2g3,-55.0,39.0,94.0,0,0,14,7,3.695176746987272e-05,5.6708212592865234e-05,-0.17485337243401758,-0.12500000000000003,128,6.15616879996378,92.0188843999058,,0
opening_016_offset_00,opening_016,early,8,rn1qkbnr/p2pppp1/b7/1pP4p/5P2/8/PPP1PKPP/RNBQ1BNR w kq - 0 5,white,recurrent_edges_attenuated_0.05,8,32,e2e4,g2g3,-55.0,39.0,94.0,0,0,14,7,3.75155323126819e-05,5.757139677427733e-05,-0.17485337243401758,-0.12500000000000003,256,11.546227899962105,92.0188843999058,,0
opening_016_offset_00,opening_016,early,8,rn1qkbnr/p2pppp1/b7/1pP4p/5P2/8/PPP1PKPP/RNBQ1BNR w kq - 0 5,white,recurrent_edges_attenuated_0.05,16,32,e2e4,g2g3,-55.0,39.0,94.0,0,0,14,7,3.751616350200493e-05,5.757256253253767e-05,-0.17485337243401758,-0.12500000000000003,512,21.79953530000057,92.0188843999058,,0
opening_016_offset_00,opening_016,early,8,rn1qkbnr/p2pppp1/b7/1pP4p/5P2/8/PPP1PKPP/RNBQ1BNR w kq - 0 5,white,recurrent_edges_attenuated_0.05,32,32,e2e4,g2g3,-55.0,39.0,94.0,0,0,14,7,3.751616350200493e-05,5.757256253253767e-05,-0.17485337243401758,-0.12500000000000003,1024,46.177092600031756,92.0188843999058,,0
opening_016_offset_00,opening_016,early,8,rn1qkbnr/p2pppp1/b7/1pP4p/5P2/8/PPP1PKPP/RNBQ1BNR w kq - 0 5,white,recurrent_edges_attenuated_0.05,64,32,e2e4,g2g3,-55.0,39.0,94.0,0,0,14,7,3.751616350200493e-05,5.757256253253767e-05,-0.17485337243401758,-0.12500000000000003,2048,91.78352199995425,92.0188843999058,,0
opening_016_offset_04,opening_016,early,12,rnq1kbnr/pb1pppp1/8/1pP4p/1P3P2/8/P1PQPKPP/RNB2BNR w kq - 3 7,white,recurrent_edges_attenuated_0.05,1,30,e2e3,h2h4,-90.0,57.0,147.0,0,0,17,12,0.0,0.0,,,30,1.5804028999991715,100.55777959991246,,0
opening_016_offset_04,opening_016,early,12,rnq1kbnr/pb1pppp1/8/1pP4p/1P3P2/8/P1PQPKPP/RNB2BNR w kq - 3 7,white,recurrent_edges_attenuated_0.05,2,30,e2e3,g2g3,-639.0,57.0,696.0,0,0,26,21,2.6263420295435935e-05,4.2243810036969964e-05,-0.3591266838429675,-0.261398429647816,60,3.412548699998297,100.55777959991246,,0
opening_016_offset_04,opening_016,early,12,rnq1kbnr/pb1pppp1/8/1pP4p/1P3P2/8/P1PQPKPP/RNB2BNR w kq - 3 7,white,recurrent_edges_attenuated_0.05,4,30,e2e3,g2g3,-639.0,57.0,696.0,0,0,26,21,3.695215855259448e-05,5.909272531869485e-05,-0.3537657158391035,-0.24856172959263778,120,6.237620999920182,100.55777959991246,,0
opening_016_offset_04,opening_016,early,12,rnq1kbnr/pb1pppp1/8/1pP4p/1P3P2/8/P1PQPKPP/RNB2BNR w kq - 3 7,white,recurrent_edges_attenuated_0.05,8,30,e2e3,g2g3,-639.0,57.0,696.0,0,0,26,21,3.7516096199397e-05,5.997329651683719e-05,-0.3537657158391035,-0.24856172959263778,240,12.699286199989729,100.55777959991246,,0
opening_016_offset_04,opening_016,early,12,rnq1kbnr/pb1pppp1/8/1pP4p/1P3P2/8/P1PQPKPP/RNB2BNR w kq - 3 7,white,recurrent_edges_attenuated_0.05,16,30,e2e3,g2g3,-639.0,57.0,696.0,0,0,26,21,3.7516874726861715e-05,5.997447580428674e-05,-0.3537657158391035,-0.24856172959263778,480,25.00155809998978,100.55777959991246,,0
opening_016_offset_04,opening_016,early,12,rnq1kbnr/pb1pppp1/8/1pP4p/1P3P2/8/P1PQPKPP/RNB2BNR w kq - 3 7,white,recurrent_edges_attenuated_0.05,32,30,e2e3,g2g3,-639.0,57.0,696.0,0,0,26,21,3.7516874726861715e-05,5.997447580428674e-05,-0.3537657158391035,-0.24856172959263778,960,51.62085969990585,100.55777959991246,,0
opening_016_offset_04,opening_016,early,12,rnq1kbnr/pb1pppp1/8/1pP4p/1P3P2/8/P1PQPKPP/RNB2BNR w kq - 3 7,white,recurrent_edges_attenuated_0.05,64,30,e2e3,g2g3,-639.0,57.0,696.0,0,0,26,21,3.7516874726861715e-05,5.997447580428674e-05,-0.3537657158391035,-0.24856172959263778,1920,100.32043749990407,100.55777959991246,,0
opening_016_offset_08,opening_016,early,16,r1q1kbnr/pb1pppp1/n7/1pPQ4/1P3P1p/2P5/P3PKPP/RNB2BNR w kq - 0 9,white,recurrent_edges_attenuated_0.05,1,39,d5b3,h2h3,-1039.0,-41.0,998.0,0,0,28,29,0.0,0.0,,,39,2.5854572999523953,154.97677190008108,,0
opening_016_offset_08,opening_016,early,16,r1q1kbnr/pb1pppp1/n7/1pPQ4/1P3P1p/2P5/P3PKPP/RNB2BNR w kq - 0 9,white,recurrent_edges_attenuated_0.05,2,39,d5b3,g2g3,-1156.0,-41.0,1115.0,0,0,39,18,2.626342757139355e-05,3.5796360169007195e-05,-0.1673189401854179,-0.12081394255376889,78,5.30796649993863,154.97677190008108,,0
opening_016_offset_08,opening_016,early,16,r1q1kbnr/pb1pppp1/n7/1pPQ4/1P3P1p/2P5/P3PKPP/RNB2BNR w kq - 0 9,white,recurrent_edges_attenuated_0.05,4,39,d5b3,g2g3,-1156.0,-41.0,1115.0,0,0,39,18,3.695234772749245e-05,5.0087793219321136e-05,-0.18744939271255065,-0.12280701754385966,156,10.406812899978831,154.97677190008108,,0
opening_016_offset_08,opening_016,early,16,r1q1kbnr/pb1pppp1/n7/1pPQ4/1P3P1p/2P5/P3PKPP/RNB2BNR w kq - 0 9,white,recurrent_edges_attenuated_0.05,8,39,d5b3,g2g3,-1156.0,-41.0,1115.0,0,0,39,18,3.75159434042871e-05,5.083639970627164e-05,-0.18744939271255065,-0.12280701754385966,312,19.84475010004826,154.97677190008108,,0
opening_016_offset_08,opening_016,early,16,r1q1kbnr/pb1pppp1/n7/1pPQ4/1P3P1p/2P5/P3PKPP/RNB2BNR w kq - 0 9,white,recurrent_edges_attenuated_0.05,16,39,d5b3,g2g3,-1156.0,-41.0,1115.0,0,0,39,18,3.7516525480896235e-05,5.083738390890419e-05,-0.18744939271255065,-0.12280701754385966,624,38.03741710004397,154.97677190008108,,0
opening_016_offset_08,opening_016,early,16,r1q1kbnr/pb1pppp1/n7/1pPQ4/1P3P1p/2P5/P3PKPP/RNB2BNR w kq - 0 9,white,recurrent_edges_attenuated_0.05,32,39,d5b3,g2g3,-1156.0,-41.0,1115.0,0,0,39,18,3.7516525480896235e-05,5.083738390890419e-05,-0.18744939271255065,-0.12280701754385966,1248,77.53398229996674,154.97677190008108,,0
opening_016_offset_08,opening_016,early,16,r1q1kbnr/pb1pppp1/n7/1pPQ4/1P3P1p/2P5/P3PKPP/RNB2BNR w kq - 0 9,white,recurrent_edges_attenuated_0.05,64,39,d5b3,g2g3,-1156.0,-41.0,1115.0,0,0,39,18,3.7516525480896235e-05,5.083738390890419e-05,-0.18744939271255065,-0.12280701754385966,2496,154.70026369998232,154.97677190008108,,0
opening_016_offset_12,opening_016,middle,20,r1q1kbn1/pb1pppp1/n2Q1r2/1pP5/1P3P1p/P1P5/4PKPP/RNB2BNR w q - 3 11,white,recurrent_edges_attenuated_0.05,1,33,d6d1,h2h3,-1125.0,-23.0,1102.0,0,0,17,20,0.0,0.0,,,33,1.6877984999446198,107.41732190002222,,0
opening_016_offset_12,opening_016,middle,20,r1q1kbn1/pb1pppp1/n2Q1r2/1pP5/1P3P1p/P1P5/4PKPP/RNB2BNR w q - 3 11,white,recurrent_edges_attenuated_0.05,2,33,d6d1,d6e7,-1182.0,-23.0,1159.0,0,0,31,9,0.0001860924530774355,6.22761247905024e-05,0.007376746206743244,0.03589426763635128,66,3.426370200002566,107.41732190002222,,0
opening_016_offset_12,opening_016,middle,20,r1q1kbn1/pb1pppp1/n2Q1r2/1pP5/1P3P1p/P1P5/4PKPP/RNB2BNR w q - 3 11,white,recurrent_edges_attenuated_0.05,4,33,d6d1,d6e7,-1182.0,-23.0,1159.0,0,0,31,9,0.0002554930397309363,8.648625510489284e-05,-0.06519013995134251,-0.024691458232921557,132,6.16112449998036,107.41732190002222,,0
opening_016_offset_12,opening_016,middle,20,r1q1kbn1/pb1pppp1/n2Q1r2/1pP5/1P3P1p/P1P5/4PKPP/RNB2BNR w q - 3 11,white,recurrent_edges_attenuated_0.05,8,33,d6d1,d6e7,-1182.0,-23.0,1159.0,0,0,31,9,0.0002586345835879911,8.768750607077361e-05,-0.06519013995134251,-0.024691458232921557,264,12.684642300009727,107.41732190002222,,0
opening_016_offset_12,opening_016,middle,20,r1q1kbn1/pb1pppp1/n2Q1r2/1pP5/1P3P1p/P1P5/4PKPP/RNB2BNR w q - 3 11,white,recurrent_edges_attenuated_0.05,16,33,d6d1,d6e7,-1182.0,-23.0,1159.0,0,0,31,9,0.00025863735208986327,8.768892302990752e-05,-0.06519013995134251,-0.024691458232921557,528,25.632883799960837,107.41732190002222,,0
opening_016_offset_12,opening_016,middle,20,r1q1kbn1/pb1pppp1/n2Q1r2/1pP5/1P3P1p/P1P5/4PKPP/RNB2BNR w q - 3 11,white,recurrent_edges_attenuated_0.05,32,33,d6d1,d6e7,-1182.0,-23.0,1159.0,0,0,31,9,0.00025863735208986327,8.768892302990752e-05,-0.06519013995134251,-0.024691458232921557,1056,55.664802100043744,107.41732190002222,,0
opening_016_offset_12,opening_016,middle,20,r1q1kbn1/pb1pppp1/n2Q1r2/1pP5/1P3P1p/P1P5/4PKPP/RNB2BNR w q - 3 11,white,recurrent_edges_attenuated_0.05,64,33,d6d1,d6e7,-1182.0,-23.0,1159.0,0,0,31,9,0.00025863735208986327,8.768892302990752e-05,-0.06519013995134251,-0.024691458232921557,2112,107.18441149999853,107.41732190002222,,0
opening_016_offset_16,opening_016,middle,24,rnq1kbn1/pbQpppp1/5r2/1pP5/1P3P2/P1P1B2p/4PKPP/RN3BNR w q - 2 13,white,recurrent_edges_attenuated_0.05,1,26,c7c8,g2h3,-1155.0,372.0,1527.0,0,0,20,16,0.0,0.0,,,26,1.5732106000650674,91.49360899999738,,0
opening_016_offset_16,opening_016,middle,24,rnq1kbn1/pbQpppp1/5r2/1pP5/1P3P2/P1P1B2p/4PKPP/RN3BNR w q - 2 13,white,recurrent_edges_attenuated_0.05,2,26,c7c8,g2g3,-1091.0,372.0,1463.0,0,0,15,6,5.043320925324224e-06,4.935761096788851e-05,0.08064573588187411,0.04075956149218419,52,3.050394900026731,91.49360899999738,,0
opening_016_offset_16,opening_016,middle,24,rnq1kbn1/pbQpppp1/5r2/1pP5/1P3P2/P1P1B2p/4PKPP/RN3BNR w q - 2 13,white,recurrent_edges_attenuated_0.05,4,26,c7c8,g2g3,-1091.0,372.0,1463.0,0,0,15,6,6.66034611640498e-06,6.891087559580563e-05,0.027692307692307693,0.033846153846153845,104,6.102244300069287,91.49360899999738,,0
opening_016_offset_16,opening_016,middle,24,rnq1kbn1/pbQpppp1/5r2/1pP5/1P3P2/P1P1B2p/4PKPP/RN3BNR w q - 2 13,white,recurrent_edges_attenuated_0.05,8,26,c7c8,g2g3,-1091.0,372.0,1463.0,0,0,15,6,6.708025466650724e-06,6.992007825547813e-05,0.027692307692307693,0.033846153846153845,208,12.831206500064582,91.49360899999738,,0
opening_016_offset_16,opening_016,middle,24,rnq1kbn1/pbQpppp1/5r2/1pP5/1P3P2/P1P1B2p/4PKPP/RN3BNR w q - 2 13,white,recurrent_edges_attenuated_0.05,16,26,c7c8,g2g3,-1091.0,372.0,1463.0,0,0,15,6,6.708021828671917e-06,6.99213991271226e-05,0.027692307692307693,0.033846153846153845,416,24.38942240003962,91.49360899999738,,0
opening_016_offset_16,opening_016,middle,24,rnq1kbn1/pbQpppp1/5r2/1pP5/1P3P2/P1P1B2p/4PKPP/RN3BNR w q - 2 13,white,recurrent_edges_attenuated_0.05,32,26,c7c8,g2g3,-1091.0,372.0,1463.0,0,0,15,6,6.708021828671917e-06,6.99213991271226e-05,0.027692307692307693,0.033846153846153845,832,46.59795470000245,91.49360899999738,,0
opening_016_offset_16,opening_016,middle,24,rnq1kbn1/pbQpppp1/5r2/1pP5/1P3P2/P1P1B2p/4PKPP/RN3BNR w q - 2 13,white,recurrent_edges_attenuated_0.05,64,26,c7c8,g2g3,-1091.0,372.0,1463.0,0,0,15,6,6.708021828671917e-06,6.99213991271226e-05,0.027692307692307693,0.033846153846153845,1664,91.2749943000963,91.49360899999738,,0
opening_016_offset_20,opening_016,late,28,rn1qkbn1/1b1pppp1/5r2/ppP5/1P3P2/P1P4p/4PKPP/RNB2BNR w q - 0 15,white,recurrent_edges_attenuated_0.05,1,20,b4a5,g2h3,-1244.0,-1000.0,244.0,0,0,19,17,0.0,0.0,,,20,1.551323499996215,78.41306369996164,,0
opening_016_offset_20,opening_016,late,28,rn1qkbn1/1b1pppp1/5r2/ppP5/1P3P2/P1P4p/4PKPP/RNB2BNR w q - 0 15,white,recurrent_edges_attenuated_0.05,2,20,b4a5,b4a5,-1000.0,-1000.0,0.0,1,1,1,1,4.674184492614586e-05,5.726564914429239e-05,-0.024069200649111507,-0.05804769546228615,40,2.7838308999780566,78.41306369996164,,0
opening_016_offset_20,opening_016,late,28,rn1qkbn1/1b1pppp1/5r2/ppP5/1P3P2/P1P4p/4PKPP/RNB2BNR w q - 0 15,white,recurrent_edges_attenuated_0.05,4,20,b4a5,b4a5,-1000.0,-1000.0,0.0,1,1,1,1,7.0357826189138e-05,8.066906080534715e-05,-0.03157894736842105,-0.06315789473684211,80,5.268001599935815,78.41306369996164,,0
opening_016_offset_20,opening_016,late,28,rn1qkbn1/1b1pppp1/5r2/ppP5/1P3P2/P1P4p/4PKPP/RNB2BNR w q - 0 15,white,recurrent_edges_attenuated_0.05,8,20,b4a5,b4a5,-1000.0,-1000.0,0.0,1,1,1,1,7.198127059382387e-05,8.193704388941462e-05,-0.03157894736842105,-0.06315789473684211,160,9.661286799935624,78.41306369996164,,0
opening_016_offset_20,opening_016,late,28,rn1qkbn1/1b1pppp1/5r2/ppP5/1P3P2/P1P4p/4PKPP/RNB2BNR w q - 0 15,white,recurrent_edges_attenuated_0.05,16,20,b4a5,b4a5,-1000.0,-1000.0,0.0,1,1,1,1,7.198412276920862e-05,8.193883501845274e-05,-0.03157894736842105,-0.06315789473684211,320,19.588600599905476,78.41306369996164,,0
opening_016_offset_20,opening_016,late,28,rn1qkbn1/1b1pppp1/5r2/ppP5/1P3P2/P1P4p/4PKPP/RNB2BNR w q - 0 15,white,recurrent_edges_attenuated_0.05,32,20,b4a5,b4a5,-1000.0,-1000.0,0.0,1,1,1,1,7.198412276920862e-05,8.193883501845274e-05,-0.03157894736842105,-0.06315789473684211,640,37.272859799908474,78.41306369996164,,0
opening_016_offset_20,opening_016,late,28,rn1qkbn1/1b1pppp1/5r2/ppP5/1P3P2/P1P4p/4PKPP/RNB2BNR w q - 0 15,white,recurrent_edges_attenuated_0.05,64,20,b4a5,b4a5,-1000.0,-1000.0,0.0,1,1,1,1,7.198412276920862e-05,8.193883501845274e-05,-0.03157894736842105,-0.06315789473684211,1280,78.2555281999521,78.41306369996164,,0
opening_016_offset_24,opening_016,late,32,rn2kbn1/1b1pppp1/1q4r1/ppP5/1P3P2/P1P1P2p/1B3KPP/RN3BNR w q - 1 17,white,recurrent_edges_attenuated_0.05,1,22,c5b6,g2h3,-1066.0,-500.0,566.0,0,0,16,16,0.0,0.0,,,22,1.2577719000400975,88.78237180004362,,0
opening_016_offset_24,opening_016,late,32,rn2kbn1/1b1pppp1/1q4r1/ppP5/1P3P2/P1P1P2p/1B3KPP/RN3BNR w q - 1 17,white,recurrent_edges_attenuated_0.05,2,22,c5b6,b4a5,-853.0,-500.0,353.0,0,0,3,21,4.6825891331536695e-05,6.741538438488532e-05,-0.1832581823744441,-0.17506518288465509,44,2.710642700083554,88.78237180004362,,0
opening_016_offset_24,opening_016,late,32,rn2kbn1/1b1pppp1/1q4r1/ppP5/1P3P2/P1P1P2p/1B3KPP/RN3BNR w q - 1 17,white,recurrent_edges_attenuated_0.05,4,22,c5b6,b4a5,-853.0,-500.0,353.0,0,0,3,21,7.047274630167522e-05,9.474610826428487e-05,-0.18802936194240544,-0.16017316017316016,88,5.341023900080472,88.78237180004362,,0
opening_016_offset_24,opening_016,late,32,rn2kbn1/1b1pppp1/1q4r1/ppP5/1P3P2/P1P1P2p/1B3KPP/RN3BNR w q - 1 17,white,recurrent_edges_attenuated_0.05,8,22,c5b6,b4a5,-853.0,-500.0,353.0,0,0,3,21,7.209769319160841e-05,9.621178255610197e-05,-0.18012422360248448,-0.1515151515151515,176,12.254208000027575,88.78237180004362,,0
opening_016_offset_24,opening_016,late,32,rn2kbn1/1b1pppp1/1q4r1/ppP5/1P3P2/P1P1P2p/1B3KPP/RN3BNR w q - 1 17,white,recurrent_edges_attenuated_0.05,16,22,c5b6,b4a5,-853.0,-500.0,353.0,0,0,3,21,7.210047988337465e-05,9.621385568590625e-05,-0.18012422360248448,-0.1515151515151515,352,24.19347000005655,88.78237180004362,,0
opening_016_offset_24,opening_016,late,32,rn2kbn1/1b1pppp1/1q4r1/ppP5/1P3P2/P1P1P2p/1B3KPP/RN3BNR w q - 1 17,white,recurrent_edges_attenuated_0.05,32,22,c5b6,b4a5,-853.0,-500.0,353.0,0,0,3,21,7.210047988337465e-05,9.621385568590625e-05,-0.18012422360248448,-0.1515151515151515,704,46.12674040009733,88.78237180004362,,0
opening_016_offset_24,opening_016,late,32,rn2kbn1/1b1pppp1/1q4r1/ppP5/1P3P2/P1P1P2p/1B3KPP/RN3BNR w q - 1 17,white,recurrent_edges_attenuated_0.05,64,22,c5b6,b4a5,-853.0,-500.0,353.0,0,0,3,21,7.210047988337465e-05,9.621385568590625e-05,-0.18012422360248448,-0.1515151515151515,1408,88.62705970008392,88.78237180004362,,0
opening_017_offset_00,opening_017,early,8,rnbqkbnr/p1p3pp/1p1pp3/5pP1/P3P3/8/1PPP1P1P/RNBQKBNR w KQkq - 0 5,white,recurrent_edges_attenuated_0.05,1,33,e4f5,h2h4,-12.0,67.0,79.0,0,0,6,16,0.0,0.0,,,33,1.6404602000257,102.77499369997531,,0
opening_017_offset_00,opening_017,early,8,rnbqkbnr/p1p3pp/1p1pp3/5pP1/P3P3/8/1PPP1P1P/RNBQKBNR w KQkq - 0 5,white,recurrent_edges_attenuated_0.05,2,33,e4f5,e4f5,67.0,67.0,0.0,1,1,1,1,9.101500836550258e-06,1.3452946469406774e-05,-0.11816816334784006,-0.09364370798828321,66,3.038557399995625,102.77499369997531,,0
opening_017_offset_00,opening_017,early,8,rnbqkbnr/p1p3pp/1p1pp3/5pP1/P3P3/8/1PPP1P1P/RNBQKBNR w KQkq - 0 5,white,recurrent_edges_attenuated_0.05,4,33,e4f5,e4f5,67.0,67.0,0.0,1,1,1,1,1.1188309144927189e-05,1.9136648939956528e-05,-0.08891117270116554,-0.05876779891188972,132,5.597210200037807,102.77499369997531,,0
opening_017_offset_00,opening_017,early,8,rnbqkbnr/p1p3pp/1p1pp3/5pP1/P3P3/8/1PPP1P1P/RNBQKBNR w KQkq - 0 5,white,recurrent_edges_attenuated_0.05,8,33,e4f5,e4f5,67.0,67.0,0.0,1,1,1,1,1.1156538676004857e-05,1.9464007996803657e-05,-0.08957967775906904,-0.062559269809431,264,11.674636400071904,102.77499369997531,,0
opening_017_offset_00,opening_017,early,8,rnbqkbnr/p1p3pp/1p1pp3/5pP1/P3P3/8/1PPP1P1P/RNBQKBNR w KQkq - 0 5,white,recurrent_edges_attenuated_0.05,16,33,e4f5,e4f5,67.0,67.0,0.0,1,1,1,1,1.1156065738759935e-05,1.9464526956627204e-05,-0.08957967775906904,-0.062559269809431,528,25.972965400083922,102.77499369997531,,0
opening_017_offset_00,opening_017,early,8,rnbqkbnr/p1p3pp/1p1pp3/5pP1/P3P3/8/1PPP1P1P/RNBQKBNR w KQkq - 0 5,white,recurrent_edges_attenuated_0.05,32,33,e4f5,e4f5,67.0,67.0,0.0,1,1,1,1,1.1156065738759935e-05,1.9464526956627204e-05,-0.08957967775906904,-0.062559269809431,1056,52.919466600054875,102.77499369997531,,0
opening_017_offset_00,opening_017,early,8,rnbqkbnr/p1p3pp/1p1pp3/5pP1/P3P3/8/1PPP1P1P/RNBQKBNR w KQkq - 0 5,white,recurrent_edges_attenuated_0.05,64,33,e4f5,e4f5,67.0,67.0,0.0,1,1,1,1,1.1156065738759935e-05,1.9464526956627204e-05,-0.08957967775906904,-0.062559269809431,2112,102.52042920002714,102.77499369997531,,0
opening_017_offset_04,opening_017,early,12,rnb2bnr/p1pk2pp/1p1pp1P1/5pq1/P3P3/7N/1PPP1P1P/RNBQKB1R w KQ - 3 7,white,recurrent_edges_attenuated_0.05,1,31,h3g5,h3g5,774.0,774.0,0.0,1,1,1,1,0.0,0.0,,,31,1.6534717000322416,106.92844419996254,,0
opening_017_offset_04,opening_017,early,12,rnb2bnr/p1pk2pp/1p1pp1P1/5pq1/P3P3/7N/1PPP1P1P/RNBQKB1R w KQ - 3 7,white,recurrent_edges_attenuated_0.05,2,31,h3g5,h3g5,774.0,774.0,0.0,1,1,1,1,7.961207302287221e-07,8.762238116316942e-06,0.1739202185293788,0.13124321843841194,62,3.325819500023499,106.92844419996254,,0
opening_017_offset_04,opening_017,early,12,rnb2bnr/p1pk2pp/1p1pp1P1/5pq1/P3P3/7N/1PPP1P1P/RNBQKB1R w KQ - 3 7,white,recurrent_edges_attenuated_0.05,4,31,h3g5,e4f5,-128.0,774.0,902.0,0,1,21,3,9.29518137127161e-07,1.2289780419026692e-05,0.21975806451612906,0.14408602150537636,124,6.66328550002072,106.92844419996254,,0
opening_017_offset_04,opening_017,early,12,rnb2bnr/p1pk2pp/1p1pp1P1/5pq1/P3P3/7N/1PPP1P1P/RNBQKB1R w KQ - 3 7,white,recurrent_edges_attenuated_0.05,8,31,h3g5,e4f5,-128.0,774.0,902.0,0,1,21,3,9.406066965311766e-07,1.247916986367156e-05,0.21612903225806454,0.13978494623655915,248,14.12202949996572,106.92844419996254,,0
opening_017_offset_04,opening_017,early,12,rnb2bnr/p1pk2pp/1p1pp1P1/5pq1/P3P3/7N/1PPP1P1P/RNBQKB1R w KQ - 3 7,white,recurrent_edges_attenuated_0.05,16,31,h3g5,e4f5,-128.0,774.0,902.0,0,1,21,3,9.406940080225468e-07,1.247943657566839e-05,0.21612903225806454,0.13978494623655915,496,26.20296879997477,106.92844419996254,,0
opening_017_offset_04,opening_017,early,12,rnb2bnr/p1pk2pp/1p1pp1P1/5pq1/P3P3/7N/1PPP1P1P/RNBQKB1R w KQ - 3 7,white,recurrent_edges_attenuated_0.05,32,31,h3g5,e4f5,-128.0,774.0,902.0,0,1,21,3,9.406940080225468e-07,1.247943657566839e-05,0.21612903225806454,0.13978494623655915,992,50.97164560004603,106.92844419996254,,0
opening_017_offset_04,opening_017,early,12,rnb2bnr/p1pk2pp/1p1pp1P1/5pq1/P3P3/7N/1PPP1P1P/RNBQKB1R w KQ - 3 7,white,recurrent_edges_attenuated_0.05,64,31,h3g5,e4f5,-128.0,774.0,902.0,0,1,21,3,9.406940080225468e-07,1.247943657566839e-05,0.21612903225806454,0.13978494623655915,1984,106.7056894999696,106.92844419996254,,0
opening_017_offset_08,opening_017,early,16,rnb1kbnr/p1p3pp/1p1pp1P1/6q1/P3Pp2/R1N4N/1PPP1P1P/2BQKB1R w K - 2 9,white,recurrent_edges_attenuated_0.05,1,31,f1b5,h3g5,638.0,950.0,312.0,0,0,3,11,0.0,0.0,,,31,1.4523398999590427,108.86836849991232,,0
opening_017_offset_08,opening_017,early,16,rnb1kbnr/p1p3pp/1p1pp1P1/6q1/P3Pp2/R1N4N/1PPP1P1P/2BQKB1R w K - 2 9,white,recurrent_edges_attenuated_0.05,2,31,f1b5,h3g5,638.0,950.0,312.0,0,0,3,7,1.4823417586740106e-06,9.461495758877882e-06,0.2786544184042442,0.19081195737340848,62,3.0621723999502137,108.86836849991232,,0
opening_017_offset_08,opening_017,early,16,rnb1kbnr/p1p3pp/1p1pp1P1/6q1/P3Pp2/R1N4N/1PPP1P1P/2BQKB1R w K - 2 9,white,recurrent_edges_attenuated_0.05,4,31,f1b5,g6h7,289.0,950.0,661.0,0,0,5,6,1.3677345123142004e-07,1.3382239511250981e-05,0.2556967182458312,0.17456937093483774,124,5.9882145000156015,108.86836849991232,,0
opening_017_offset_08,opening_017,early,16,rnb1kbnr/p1p3pp/1p1pp1P1/6q1/P3Pp2/R1N4N/1PPP1P1P/2BQKB1R w K - 2 9,white,recurrent_edges_attenuated_0.05,8,31,f1b5,g6h7,289.0,950.0,661.0,0,0,5,6,4.265166353434324e-07,1.3601466554855138e-05,0.25287356835983626,0.16594866125904328,248,11.935619299998507,108.86836849991232,,0
opening_017_offset_08,opening_017,early,16,rnb1kbnr/p1p3pp/1p1pp1P1/6q1/P3Pp2/R1N4N/1PPP1P1P/2BQKB1R w K - 2 9,white,recurrent_edges_attenuated_0.05,16,31,f1b5,g6h7,289.0,950.0,661.0,0,0,5,6,4.2733881855383515e-07,1.3601773853262607e-05,0.25287356835983626,0.16594866125904328,496,23.86455009994097,108.86836849991232,,0
opening_017_offset_08,opening_017,early,16,rnb1kbnr/p1p3pp/1p1pp1P1/6q1/P3Pp2/R1N4N/1PPP1P1P/2BQKB1R w K - 2 9,white,recurrent_edges_attenuated_0.05,32,31,f1b5,g6h7,289.0,950.0,661.0,0,0,5,6,4.2733881855383515e-07,1.3601773853262607e-05,0.25287356835983626,0.16594866125904328,992,49.153737999964505,108.86836849991232,,0
opening_017_offset_08,opening_017,early,16,rnb1kbnr/p1p3pp/1p1pp1P1/6q1/P3Pp2/R1N4N/1PPP1P1P/2BQKB1R w K - 2 9,white,recurrent_edges_attenuated_0.05,64,31,f1b5,g6h7,289.0,950.0,661.0,0,0,5,6,4.2733881855383515e-07,1.3601773853262607e-05,0.25287356835983626,0.16594866125904328,1984,108.62127729994245,108.86836849991232,,0
opening_017_offset_12,opening_017,middle,20,rnbqkbnr/p1p3p1/1p1pp1P1/3N3p/P3Pp2/RP5N/2PP1P1P/2BQKB1R w K - 0 11,white,recurrent_edges_attenuated_0.05,1,34,d5f4,h3g5,-118.0,232.0,350.0,0,0,8,15,0.0,0.0,,,34,1.6250884999753907,109.38074960000813,,0
opening_017_offset_12,opening_017,middle,20,rnbqkbnr/p1p3p1/1p1pp1P1/3N3p/P3Pp2/RP5N/2PP1P1P/2BQKB1R w K - 0 11,white,recurrent_edges_attenuated_0.05,2,34,d5f4,d5e7,-523.0,232.0,755.0,0,0,29,8,0.00019582851382438093,3.754875196436727e-05,0.0454095951583539,0.03474630006193514,68,3.3652790000196546,109.38074960000813,,0
opening_017_offset_12,opening_017,middle,20,rnbqkbnr/p1p3p1/1p1pp1P1/3N3p/P3Pp2/RP5N/2PP1P1P/2BQKB1R w K - 0 11,white,recurrent_edges_attenuated_0.05,4,34,d5f4,d5e7,-523.0,232.0,755.0,0,0,29,9,0.0002684967766981572,5.172154185525454e-05,0.05974025974025974,0.051693404634581115,136,6.51228100003209,109.38074960000813,,0
opening_017_offset_12,opening_017,middle,20,rnbqkbnr/p1p3p1/1p1pp1P1/3N3p/P3Pp2/RP5N/2PP1P1P/2BQKB1R w K - 0 11,white,recurrent_edges_attenuated_0.05,8,34,d5f4,d5e7,-523.0,232.0,755.0,0,0,29,9,0.00027176373987458646,5.238181465457965e-05,0.056073338426279595,0.04812834224598931,272,12.669051100034267,109.38074960000813,,0
opening_017_offset_12,opening_017,middle,20,rnbqkbnr/p1p3p1/1p1pp1P1/3N3p/P3Pp2/RP5N/2PP1P1P/2BQKB1R w K - 0 11,white,recurrent_edges_attenuated_0.05,16,34,d5f4,d5e7,-523.0,232.0,755.0,0,0,29,9,0.0002717666429816745,5.238245452004753e-05,0.056073338426279595,0.04812834224598931,544,26.48435000004247,109.38074960000813,,0
opening_017_offset_12,opening_017,middle,20,rnbqkbnr/p1p3p1/1p1pp1P1/3N3p/P3Pp2/RP5N/2PP1P1P/2BQKB1R w K - 0 11,white,recurrent_edges_attenuated_0.05,32,34,d5f4,d5e7,-523.0,232.0,755.0,0,0,29,9,0.0002717666429816745,5.238245452004753e-05,0.056073338426279595,0.04812834224598931,1088,52.34970040002372,109.38074960000813,,0
opening_017_offset_12,opening_017,middle,20,rnbqkbnr/p1p3p1/1p1pp1P1/3N3p/P3Pp2/RP5N/2PP1P1P/2BQKB1R w K - 0 11,white,recurrent_edges_attenuated_0.05,64,34,d5f4,d5e7,-523.0,232.0,755.0,0,0,29,9,0.0002717666429816745,5.238245452004753e-05,0.056073338426279595,0.04812834224598931,2176,109.08066410000902,109.38074960000813,,0
opening_017_offset_16,opening_017,middle,24,rnb1kbn1/p1p3p1/1p1pp1Pr/7p/P3Pp1q/1P2N2N/2PP1P1P/R1BQKB1R w K - 4 13,white,recurrent_edges_attenuated_0.05,1,32,e3g2,h3g5,-737.0,70.0,807.0,0,0,27,13,0.0,0.0,,,32,2.371926699997857,88.38396070001181,,0
opening_017_offset_16,opening_017,middle,24,rnb1kbn1/p1p3p1/1p1pp1Pr/7p/P3Pp1q/1P2N2N/2PP1P1P/R1BQKB1R w K - 4 13,white,recurrent_edges_attenuated_0.05,2,32,e3g2,h3f4,-266.0,70.0,336.0,0,1,8,3,0.0,8.817813830763876e-06,0.19497574771385529,0.12206768824014683,64,6.008773799985647,88.38396070001181,,0
opening_017_offset_16,opening_017,middle,24,rnb1kbn1/p1p3p1/1p1pp1Pr/7p/P3Pp1q/1P2N2N/2PP1P1P/R1BQKB1R w K - 4 13,white,recurrent_edges_attenuated_0.05,4,32,e3g2,d1h5,-904.0,70.0,974.0,0,1,32,3,1.9203871488571167e-06,1.2290542571440212e-05,0.21517595307917886,0.12500000000000003,128,10.513733400031924,88.38396070001181,,0
opening_017_offset_16,opening_017,middle,24,rnb1kbn1/p1p3p1/1p1pp1Pr/7p/P3Pp1q/1P2N2N/2PP1P1P/R1BQKB1R w K - 4 13,white,recurrent_edges_attenuated_0.05,8,32,e3g2,d1h5,-904.0,70.0,974.0,0,1,32,3,2.1997184376232326e-06,1.2473539155663228e-05,0.21151026392961875,0.11290322580645162,256,18.89662260003388,88.38396070001181,,0
opening_017_offset_16,opening_017,middle,24,rnb1kbn1/p1p3p1/1p1pp1Pr/7p/P3Pp1q/1P2N2N/2PP1P1P/R1BQKB1R w K - 4 13,white,recurrent_edges_attenuated_0.05,16,32,e3g2,d1h5,-904.0,70.0,974.0,0,1,32,3,2.2004678612574935e-06,1.2473758538914922e-05,0.21151026392961875,0.11290322580645162,512,32.132537800003774,88.38396070001181,,0
opening_017_offset_16,opening_017,middle,24,rnb1kbn1/p1p3p1/1p1pp1Pr/7p/P3Pp1q/1P2N2N/2PP1P1P/R1BQKB1R w K - 4 13,white,recurrent_edges_attenuated_0.05,32,32,e3g2,d1h5,-904.0,70.0,974.0,0,1,32,3,2.2004678612574935e-06,1.2473758538914922e-05,0.21151026392961875,0.11290322580645162,1024,50.37775540002622,88.38396070001181,,0
opening_017_offset_16,opening_017,middle,24,rnb1kbn1/p1p3p1/1p1pp1Pr/7p/P3Pp1q/1P2N2N/2PP1P1P/R1BQKB1R w K - 4 13,white,recurrent_edges_attenuated_0.05,64,32,e3g2,d1h5,-904.0,70.0,974.0,0,1,32,3,2.2004678612574935e-06,1.2473758538914922e-05,0.21151026392961875,0.11290322580645162,2048,87.79972560005262,88.38396070001181,,0
opening_017_offset_20,opening_017,late,28,rnb1kbn1/2p3p1/pp1pp1Pr/7p/P1P1Pp2/1P2N1q1/3P1P1P/R1BQKBNR w K - 0 15,white,recurrent_edges_attenuated_0.05,1,33,f2g3,h2h4,-268.0,721.0,989.0,0,0,17,7,0.0,0.0,,,33,1.4040993000380695,86.48353339999449,,0
opening_017_offset_20,opening_017,late,28,rnb1kbn1/2p3p1/pp1pp1Pr/7p/P1P1Pp2/1P2N1q1/3P1P1P/R1BQKBNR w K - 0 15,white,recurrent_edges_attenuated_0.05,2,33,f2g3,h2g3,685.0,721.0,36.0,0,1,2,2,0.0,1.8232092445943954e-05,0.13859916874455344,0.11860254568099685,66,2.6483193000312895,86.48353339999449,,0
opening_017_offset_20,opening_017,late,28,rnb1kbn1/2p3p1/pp1pp1Pr/7p/P1P1Pp2/1P2N1q1/3P1P1P/R1BQKBNR w K - 0 15,white,recurrent_edges_attenuated_0.05,4,33,f2g3,h2g3,685.0,721.0,36.0,0,1,2,2,6.867048796266317e-08,2.578933939952528e-05,0.10528074866310161,0.08712121212121213,132,7.185017699957825,86.48353339999449,,0
opening_017_offset_20,opening_017,late,28,rnb1kbn1/2p3p1/pp1pp1Pr/7p/P1P1Pp2/1P2N1q1/3P1P1P/R1BQKBNR w K - 0 15,white,recurrent_edges_attenuated_0.05,8,33,f2g3,h2g3,685.0,721.0,36.0,0,1,2,2,8.386268746107817e-08,2.6206723993381955e-05,0.10227272727272728,0.08333333333333333,264,15.578615100006573,86.48353339999449,,0
opening_017_offset_20,opening_017,late,28,rnb1kbn1/2p3p1/pp1pp1Pr/7p/P1P1Pp2/1P2N1q1/3P1P1P/R1BQKBNR w K - 0 15,white,recurrent_edges_attenuated_0.05,16,33,f2g3,h2g3,685.0,721.0,36.0,0,1,2,2,8.390634320676327e-08,2.6207321101145783e-05,0.10227272727272728,0.08333333333333333,528,26.08652000001166,86.48353339999449,,0
opening_017_offset_20,opening_017,late,28,rnb1kbn1/2p3p1/pp1pp1Pr/7p/P1P1Pp2/1P2N1q1/3P1P1P/R1BQKBNR w K - 0 15,white,recurrent_edges_attenuated_0.05,32,33,f2g3,h2g3,685.0,721.0,36.0,0,1,2,2,8.390634320676327e-08,2.6207321101145783e-05,0.10227272727272728,0.08333333333333333,1056,45.94280900002923,86.48353339999449,,0
opening_017_offset_20,opening_017,late,28,rnb1kbn1/2p3p1/pp1pp1Pr/7p/P1P1Pp2/1P2N1q1/3P1P1P/R1BQKBNR w K - 0 15,white,recurrent_edges_attenuated_0.05,64,33,f2g3,h2g3,685.0,721.0,36.0,0,1,2,2,8.390634320676327e-08,2.6207321101145783e-05,0.10227272727272728,0.08333333333333333,2112,86.20270549994893,86.48353339999449,,0
opening_017_offset_24,opening_017,late,32,rnb1kbn1/6p1/ppppp1Pr/4P3/P1P2pNp/1P4q1/3P1P1P/R1BQKBNR w K - 0 17,white,recurrent_edges_attenuated_0.05,1,28,f2g3,h2h3,358.0,1033.0,675.0,0,0,20,9,0.0,0.0,,,28,1.2283225000137463,67.87688740005251,,0
opening_017_offset_24,opening_017,late,32,rnb1kbn1/6p1/ppppp1Pr/4P3/P1P2pNp/1P4q1/3P1P1P/R1BQKBNR w K - 0 17,white,recurrent_edges_attenuated_0.05,2,28,f2g3,e5d6,734.0,1033.0,299.0,0,0,5,6,3.9342477975878865e-05,4.23396516861793e-05,0.4161919241438186,0.2694977766525139,56,2.52904680010397,67.87688740005251,,0
opening_017_offset_24,opening_017,late,32,rnb1kbn1/6p1/ppppp1Pr/4P3/P1P2pNp/1P4q1/3P1P1P/R1BQKBNR w K - 0 17,white,recurrent_edges_attenuated_0.05,4,28,f2g3,e5d6,734.0,1033.0,299.0,0,0,5,6,6.287160067586228e-05,5.9850776067152725e-05,0.41817186644772847,0.25396825396825395,112,5.186912800068967,67.87688740005251,,0
opening_017_offset_24,opening_017,late,32,rnb1kbn1/6p1/ppppp1Pr/4P3/P1P2pNp/1P4q1/3P1P1P/R1BQKBNR w K - 0 17,white,recurrent_edges_attenuated_0.05,8,28,f2g3,e5d6,734.0,1033.0,299.0,0,0,5,6,6.466601917054504e-05,6.0803756691033956e-05,0.4143404488232074,0.24867724867724864,224,9.923722500097938,67.87688740005251,,0
opening_017_offset_24,opening_017,late,32,rnb1kbn1/6p1/ppppp1Pr/4P3/P1P2pNp/1P4q1/3P1P1P/R1BQKBNR w K - 0 17,white,recurrent_edges_attenuated_0.05,16,28,f2g3,e5d6,734.0,1033.0,299.0,0,0,5,6,6.466927152359858e-05,6.080501109538678e-05,0.4143404488232074,0.24867724867724864,448,18.381907600094564,67.87688740005251,,0
opening_017_offset_24,opening_017,late,32,rnb1kbn1/6p1/ppppp1Pr/4P3/P1P2pNp/1P4q1/3P1P1P/R1BQKBNR w K - 0 17,white,recurrent_edges_attenuated_0.05,32,28,f2g3,e5d6,734.0,1033.0,299.0,0,0,5,6,6.466927152359858e-05,6.080501109538678e-05,0.4143404488232074,0.24867724867724864,896,34.987039800034836,67.87688740005251,,0
opening_017_offset_24,opening_017,late,32,rnb1kbn1/6p1/ppppp1Pr/4P3/P1P2pNp/1P4q1/3P1P1P/R1BQKBNR w K - 0 17,white,recurrent_edges_attenuated_0.05,64,28,f2g3,e5d6,734.0,1033.0,299.0,0,0,5,6,6.466927152359858e-05,6.080501109538678e-05,0.4143404488232074,0.24867724867724864,1792,67.71944140002597,67.87688740005251,,0
opening_018_offset_00,opening_018,early,8,rnbqkb1r/ppp2ppp/3pp3/3P1n2/8/6PP/PPP1PP2/RNBQKBNR w KQkq - 1 5,white,recurrent_edges_attenuated_0.05,1,28,e2e4,h3h4,-21.0,86.0,107.0,0,0,8,8,0.0,0.0,,,28,1.0165195000590757,69.53367030003574,,0
opening_018_offset_00,opening_018,early,8,rnbqkb1r/ppp2ppp/3pp3/3P1n2/8/6PP/PPP1PP2/RNBQKBNR w KQkq - 1 5,white,recurrent_edges_attenuated_0.05,2,28,e2e4,b2b3,-162.0,86.0,248.0,0,1,22,3,1.513770257588476e-06,1.1999024435373709e-05,0.11485761149452274,0.06417479348158527,56,2.2806875000242144,69.53367030003574,,0
opening_018_offset_00,opening_018,early,8,rnbqkb1r/ppp2ppp/3pp3/3P1n2/8/6PP/PPP1PP2/RNBQKBNR w KQkq - 1 5,white,recurrent_edges_attenuated_0.05,4,28,e2e4,b2b3,-162.0,86.0,248.0,0,1,22,3,2.5173212634399533e-06,1.713314483399442e-05,0.1691297208538588,0.08465608465608465,112,4.461203600047156,69.53367030003574,,0
opening_018_offset_00,opening_018,early,8,rnbqkb1r/ppp2ppp/3pp3/3P1n2/8/6PP/PPP1PP2/RNBQKBNR w KQkq - 1 5,white,recurrent_edges_attenuated_0.05,8,28,e2e4,b2b3,-162.0,86.0,248.0,0,1,22,3,2.5902409106492996e-06,1.7433490772174236e-05,0.1691297208538588,0.08465608465608465,224,8.974469400011003,69.53367030003574,,0
opening_018_offset_00,opening_018,early,8,rnbqkb1r/ppp2ppp/3pp3/3P1n2/8/6PP/PPP1PP2/RNBQKBNR w KQkq - 1 5,white,recurrent_edges_attenuated_0.05,16,28,e2e4,b2b3,-162.0,86.0,248.0,0,1,22,3,2.590371877886355e-06,1.743397674969428e-05,0.1691297208538588,0.08465608465608465,448,17.855272299959324,69.53367030003574,,0
opening_018_offset_00,opening_018,early,8,rnbqkb1r/ppp2ppp/3pp3/3P1n2/8/6PP/PPP1PP2/RNBQKBNR w KQkq - 1 5,white,recurrent_edges_attenuated_0.05,32,28,e2e4,b2b3,-162.0,86.0,248.0,0,1,22,3,2.590371877886355e-06,1.743397674969428e-05,0.1691297208538588,0.08465608465608465,896,35.29763120005373,69.53367030003574,,0
opening_018_offset_00,opening_018,early,8,rnbqkb1r/ppp2ppp/3pp3/3P1n2/8/6PP/PPP1PP2/RNBQKBNR w KQkq - 1 5,white,recurrent_edges_attenuated_0.05,64,28,e2e4,b2b3,-162.0,86.0,248.0,0,1,22,3,2.590371877886355e-06,1.743397674969428e-05,0.1691297208538588,0.08465608465608465,1792,69.36907490005251,69.53367030003574,,0
opening_018_offset_04,opening_018,early,12,r1b1kb1r/pppq1ppp/2npp3/3P1n2/8/2P1B1PP/PP2PP2/RN1QKBNR w KQkq - 3 7,white,recurrent_edges_attenuated_0.05,1,33,d5c6,h3h4,-313.0,202.0,515.0,0,0,23,19,0.0,0.0,,,33,1.1320353000191972,73.33722869993653,,0
opening_018_offset_04,opening_018,early,12,r1b1kb1r/pppq1ppp/2npp3/3P1n2/8/2P1B1PP/PP2PP2/RN1QKBNR w KQkq - 3 7,white,recurrent_edges_attenuated_0.05,2,33,d5c6,e3a7,-565.0,202.0,767.0,0,0,30,8,0.0002754671877482906,5.223634082845582e-05,0.13359179809401164,0.11653649454918909,66,2.3210670000407845,73.33722869993653,,0
opening_018_offset_04,opening_018,early,12,r1b1kb1r/pppq1ppp/2npp3/3P1n2/8/2P1B1PP/PP2PP2/RN1QKBNR w KQkq - 3 7,white,recurrent_edges_attenuated_0.05,4,33,d5c6,e3a7,-565.0,202.0,767.0,0,0,30,8,0.00037943348434055224,7.212714240786815e-05,0.18417314345241437,0.14597162955533896,132,4.537840500008315,73.33722869993653,,0
opening_018_offset_04,opening_018,early,12,r1b1kb1r/pppq1ppp/2npp3/3P1n2/8/2P1B1PP/PP2PP2/RN1QKBNR w KQkq - 3 7,white,recurrent_edges_attenuated_0.05,8,33,d5c6,e3a7,-565.0,202.0,767.0,0,0,30,8,0.0003843109116132837,7.307779195692031e-05,0.18417314345241437,0.14597162955533896,264,8.940406600013375,73.33722869993653,,0
opening_018_offset_04,opening_018,early,12,r1b1kb1r/pppq1ppp/2npp3/3P1n2/8/2P1B1PP/PP2PP2/RN1QKBNR w KQkq - 3 7,white,recurrent_edges_attenuated_0.05,16,33,d5c6,e3a7,-565.0,202.0,767.0,0,0,30,8,0.0003843161575787235,7.307885633936828e-05,0.18417314345241437,0.14597162955533896,528,18.6468228000449,73.33722869993653,,0
opening_018_offset_04,opening_018,early,12,r1b1kb1r/pppq1ppp/2npp3/3P1n2/8/2P1B1PP/PP2PP2/RN1QKBNR w KQkq - 3 7,white,recurrent_edges_attenuated_0.05,32,33,d5c6,e3a7,-565.0,202.0,767.0,0,0,30,8,0.0003843161575787235,7.307885633936828e-05,0.18417314345241437,0.14597162955533896,1056,36.56788600003347,73.33722869993653,,0
opening_018_offset_04,opening_018,early,12,r1b1kb1r/pppq1ppp/2npp3/3P1n2/8/2P1B1PP/PP2PP2/RN1QKBNR w KQkq - 3 7,white,recurrent_edges_attenuated_0.05,64,33,d5c6,e3a7,-565.0,202.0,767.0,0,0,30,8,0.0003843161575787235,7.307885633936828e-05,0.18417314345241437,0.14597162955533896,2112,73.15494080004282,73.33722869993653,,0
opening_018_offset_08,opening_018,early,16,r1bq1b1r/pppk1ppp/2npp3/3P1n2/8/2P3PP/PP1BPP1R/RN1QKBN1 w Q - 7 9,white,recurrent_edges_attenuated_0.05,1,27,d5c6,h3h4,-42.0,714.0,756.0,0,0,17,12,0.0,0.0,,,27,0.9806256999727339,69.59314509993419,,0
opening_018_offset_08,opening_018,early,16,r1bq1b1r/pppk1ppp/2npp3/3P1n2/8/2P3PP/PP1BPP1R/RN1QKBN1 w Q - 7 9,white,recurrent_edges_attenuated_0.05,2,27,d5c6,d2c1,87.0,714.0,627.0,0,0,10,11,1.0272546205669641e-05,1.4271966171644527e-05,0.23118124796025055,0.15050793076348587,54,2.0394565999740735,69.59314509993419,,0
opening_018_offset_08,opening_018,early,16,r1bq1b1r/pppk1ppp/2npp3/3P1n2/8/2P3PP/PP1BPP1R/RN1QKBN1 w Q - 7 9,white,recurrent_edges_attenuated_0.05,4,27,d5c6,d2c1,87.0,714.0,627.0,0,0,10,11,1.4101926353760064e-05,2.0220641774992923e-05,0.2410264946059363,0.15186495786085025,108,4.201909100054763,69.59314509993419,,0
opening_018_offset_08,opening_018,early,16,r1bq1b1r/pppk1ppp/2npp3/3P1n2/8/2P3PP/PP1BPP1R/RN1QKBN1 w Q - 7 9,white,recurrent_edges_attenuated_0.05,8,27,d5c6,d2c1,87.0,714.0,627.0,0,0,10,11,1.4275501598604023e-05,2.055503564427063e-05,0.24591423087170944,0.1575957109876748,216,8.946467200061306,69.59314509993419,,0
opening_018_offset_08,opening_018,early,16,r1bq1b1r/pppk1ppp/2npp3/3P1n2/8/2P3PP/PP1BPP1R/RN1QKBN1 w Q - 7 9,white,recurrent_edges_attenuated_0.05,16,27,d5c6,d2c1,87.0,714.0,627.0,0,0,10,11,1.4275632565841079e-05,2.0555533187259564e-05,0.24591423087170944,0.1575957109876748,432,18.004080899991095,69.59314509993419,,0
opening_018_offset_08,opening_018,early,16,r1bq1b1r/pppk1ppp/2npp3/3P1n2/8/2P3PP/PP1BPP1R/RN1QKBN1 w Q - 7 9,white,recurrent_edges_attenuated_0.05,32,27,d5c6,d2c1,87.0,714.0,627.0,0,0,10,11,1.4275632565841079e-05,2.0555533187259564e-05,0.24591423087170944,0.1575957109876748,864,36.33219830004964,69.59314509993419,,0
opening_018_offset_08,opening_018,early,16,r1bq1b1r/pppk1ppp/2npp3/3P1n2/8/2P3PP/PP1BPP1R/RN1QKBN1 w Q - 7 9,white,recurrent_edges_attenuated_0.05,64,27,d5c6,d2c1,87.0,714.0,627.0,0,0,10,11,1.4275632565841079e-05,2.0555533187259564e-05,0.24591423087170944,0.1575957109876748,1728,69.44606860005297,69.59314509993419,,0
opening_018_offset_12,opening_018,middle,20,r1bq1b1r/pppk1p1p/3pp1p1/3P1n2/3n1B2/2P3PP/PP2PPBR/RN1QK1N1 w Q - 0 11,white,recurrent_edges_attenuated_0.05,1,36,c3d4,h3h4,383.0,823.0,440.0,0,0,16,29,0.0,0.0,,,36,1.3575950000667945,92.44327190006152,,0
opening_018_offset_12,opening_018,middle,20,r1bq1b1r/pppk1p1p/3pp1p1/3P1n2/3n1B2/2P3PP/PP2PPBR/RN1QK1N1 w Q - 0 11,white,recurrent_edges_attenuated_0.05,2,36,c3d4,g2e4,79.0,823.0,744.0,0,0,23,6,8.97058635018766e-06,1.827522097134384e-05,0.09759919089767316,0.07768220940807638,72,2.8604532000608742,92.44327190006152,,0
opening_018_offset_12,opening_018,middle,20,r1bq1b1r/pppk1p1p/3pp1p1/3P1n2/3n1B2/2P3PP/PP2PPBR/RN1QK1N1 w Q - 0 11,white,recurrent_edges_attenuated_0.05,4,36,c3d4,g2e4,79.0,823.0,744.0,0,0,23,6,1.2336357031017542e-05,2.582082792898665e-05,0.09382843188230434,0.07783957975636324,144,5.327568900072947,92.44327190006152,,0
opening_018_offset_12,opening_018,middle,20,r1bq1b1r/pppk1p1p/3pp1p1/3P1n2/3n1B2/2P3PP/PP2PPBR/RN1QK1N1 w Q - 0 11,white,recurrent_edges_attenuated_0.05,8,36,c3d4,g2e4,79.0,823.0,744.0,0,0,23,6,1.2492499081417918e-05,2.62382037645823e-05,0.09022459636419114,0.07466245405202189,288,10.67557379999198,92.44327190006152,,0
opening_018_offset_12,opening_018,middle,20,r1bq1b1r/pppk1p1p/3pp1p1/3P1n2/3n1B2/2P3PP/PP2PPBR/RN1QK1N1 w Q - 0 11,white,recurrent_edges_attenuated_0.05,16,36,c3d4,g2e4,79.0,823.0,744.0,0,0,23,6,1.2492731912061572e-05,2.6238837548354762e-05,0.09022459636419114,0.07466245405202189,576,21.098019500030205,92.44327190006152,,0
opening_018_offset_12,opening_018,middle,20,r1bq1b1r/pppk1p1p/3pp1p1/3P1n2/3n1B2/2P3PP/PP2PPBR/RN1QK1N1 w Q - 0 11,white,recurrent_edges_attenuated_0.05,32,36,c3d4,g2e4,79.0,823.0,744.0,0,0,23,6,1.2492731912061572e-05,2.6238837548354762e-05,0.09022459636419114,0.07466245405202189,1152,42.087089300039224,92.44327190006152,,0
opening_018_offset_12,opening_018,middle,20,r1bq1b1r/pppk1p1p/3pp1p1/3P1n2/3n1B2/2P3PP/PP2PPBR/RN1QK1N1 w Q - 0 11,white,recurrent_edges_attenuated_0.05,64,36,c3d4,g2e4,79.0,823.0,744.0,0,0,23,6,1.2492731912061572e-05,2.6238837548354762e-05,0.09022459636419114,0.07466245405202189,2304,92.23117410007399,92.44327190006152,,0
opening_018_offset_16,opening_018,middle,24,r1b1qbr1/pppk1p1p/3pp1p1/3P1nB1/3n4/P1P3PP/1P2PPBR/RN1QK1N1 w Q - 3 13,white,recurrent_edges_attenuated_0.05,1,38,c3d4,h3h4,323.0,804.0,481.0,0,0,19,32,0.0,0.0,,,38,1.9080809999722987,114.92262029997073,,0
opening_018_offset_16,opening_018,middle,24,r1b1qbr1/pppk1p1p/3pp1p1/3P1nB1/3n4/P1P3PP/1P2PPBR/RN1QK1N1 w Q - 3 13,white,recurrent_edges_attenuated_0.05,2,38,c3d4,g5e7,-118.0,804.0,922.0,0,0,28,7,0.0001808631350286305,3.966139554180347e-05,0.22949087149536218,0.18525926461925224,76,4.023755899979733,114.92262029997073,,0
opening_018_offset_16,opening_018,middle,24,r1b1qbr1/pppk1p1p/3pp1p1/3P1nB1/3n4/P1P3PP/1P2PPBR/RN1QK1N1 w Q - 3 13,white,recurrent_edges_attenuated_0.05,4,38,c3d4,g5e7,-118.0,804.0,922.0,0,0,28,7,0.000247953983489424,5.483234792374259e-05,0.23055038844512526,0.1721194879089616,152,8.372842999990098,114.92262029997073,,0
opening_018_offset_16,opening_018,middle,24,r1b1qbr1/pppk1p1p/3pp1p1/3P1nB1/3n4/P1P3PP/1P2PPBR/RN1QK1N1 w Q - 3 13,white,recurrent_edges_attenuated_0.05,8,38,c3d4,g5e7,-118.0,804.0,922.0,0,0,28,7,0.00025095243472605944,5.5559857849203295e-05,0.2292373345004924,0.16927453769559037,304,15.305974500020966,114.92262029997073,,0
opening_018_offset_16,opening_018,middle,24,r1b1qbr1/pppk1p1p/3pp1p1/3P1nB1/3n4/P1P3PP/1P2PPBR/RN1QK1N1 w Q - 3 13,white,recurrent_edges_attenuated_0.05,16,38,c3d4,g5e7,-118.0,804.0,922.0,0,0,28,7,0.000250954763032496,5.556062066923807e-05,0.2292373345004924,0.16927453769559037,608,29.774444799986668,114.92262029997073,,0
opening_018_offset_16,opening_018,middle,24,r1b1qbr1/pppk1p1p/3pp1p1/3P1nB1/3n4/P1P3PP/1P2PPBR/RN1QK1N1 w Q - 3 13,white,recurrent_edges_attenuated_0.05,32,38,c3d4,g5e7,-118.0,804.0,922.0,0,0,28,7,0.000250954763032496,5.556062066923807e-05,0.2292373345004924,0.16927453769559037,1216,58.06654969998635,114.92262029997073,,0
opening_018_offset_16,opening_018,middle,24,r1b1qbr1/pppk1p1p/3pp1p1/3P1nB1/3n4/P1P3PP/1P2PPBR/RN1QK1N1 w Q - 3 13,white,recurrent_edges_attenuated_0.05,64,38,c3d4,g5e7,-118.0,804.0,922.0,0,0,28,7,0.000250954763032496,5.556062066923807e-05,0.2292373345004924,0.16927453769559037,2432,114.69003229995724,114.92262029997073,,0
opening_018_offset_20,opening_018,late,28,r1b2br1/p1pkqp1p/1p1pp1p1/3P1nB1/P2n4/2P3PP/1P2PPBR/RNQ1K1N1 w Q - 0 15,white,recurrent_edges_attenuated_0.05,1,37,c3d4,h3h4,493.0,720.0,227.0,0,0,4,24,0.0,0.0,,,37,1.2042894000187516,86.13176630006637,,0
opening_018_offset_20,opening_018,late,28,r1b2br1/p1pkqp1p/1p1pp1p1/3P1nB1/P2n4/2P3PP/1P2PPBR/RNQ1K1N1 w Q - 0 15,white,recurrent_edges_attenuated_0.05,2,37,c3d4,g5e7,574.0,720.0,146.0,0,0,3,6,0.00020208329078741372,4.3476297278385314e-05,0.2715510240489099,0.2144626221746013,74,2.628065599943511,86.13176630006637,,0
opening_018_offset_20,opening_018,late,28,r1b2br1/p1pkqp1p/1p1pp1p1/3P1nB1/P2n4/2P3PP/1P2PPBR/RNQ1K1N1 w Q - 0 15,white,recurrent_edges_attenuated_0.05,4,37,c3d4,g5e7,574.0,720.0,146.0,0,0,3,6,0.00027827153098769486,6.021387176771862e-05,0.23021753344928444,0.18482349318581728,148,5.693501199944876,86.13176630006637,,0
opening_018_offset_20,opening_018,late,28,r1b2br1/p1pkqp1p/1p1pp1p1/3P1nB1/P2n4/2P3PP/1P2PPBR/RNQ1K1N1 w Q - 0 15,white,recurrent_edges_attenuated_0.05,8,37,c3d4,g5e7,574.0,720.0,146.0,0,0,3,6,0.0002817898348439485,6.1025203924273456e-05,0.2254756687026462,0.18181823313401538,296,11.172884200001135,86.13176630006637,,0
opening_018_offset_20,opening_018,late,28,r1b2br1/p1pkqp1p/1p1pp1p1/3P1nB1/P2n4/2P3PP/1P2PPBR/RNQ1K1N1 w Q - 0 15,white,recurrent_edges_attenuated_0.05,16,37,c3d4,g5e7,574.0,720.0,146.0,0,0,3,6,0.00028179309447295964,6.102610306574126e-05,0.2254756687026462,0.18181823313401538,592,22.750129299936816,86.13176630006637,,0
opening_018_offset_20,opening_018,late,28,r1b2br1/p1pkqp1p/1p1pp1p1/3P1nB1/P2n4/2P3PP/1P2PPBR/RNQ1K1N1 w Q - 0 15,white,recurrent_edges_attenuated_0.05,32,37,c3d4,g5e7,574.0,720.0,146.0,0,0,3,6,0.00028179309447295964,6.102610306574126e-05,0.2254756687026462,0.18181823313401538,1184,43.20774280000478,86.13176630006637,,0
opening_018_offset_20,opening_018,late,28,r1b2br1/p1pkqp1p/1p1pp1p1/3P1nB1/P2n4/2P3PP/1P2PPBR/RNQ1K1N1 w Q - 0 15,white,recurrent_edges_attenuated_0.05,64,37,c3d4,g5e7,574.0,720.0,146.0,0,0,3,6,0.00028179309447295964,6.102610306574126e-05,0.2254756687026462,0.18181823313401538,2368,85.93316939997021,86.13176630006637,,0
opening_018_offset_24,opening_018,late,32,r1b2br1/p2kqp1p/1pppp1pn/3P2B1/P2n4/2P1PNPP/1P3PBR/RNQ1K3 w Q - 1 17,white,recurrent_edges_attenuated_0.05,1,34,f3d4,h3h4,250.0,815.0,565.0,0,0,12,14,0.0,0.0,,,34,1.2832475999603048,85.41380380000919,,0
opening_018_offset_24,opening_018,late,32,r1b2br1/p2kqp1p/1pppp1pn/3P2B1/P2n4/2P1PNPP/1P3PBR/RNQ1K3 w Q - 1 17,white,recurrent_edges_attenuated_0.05,2,34,f3d4,g5e7,467.0,815.0,348.0,0,0,7,30,0.00021105395717313513,8.68422262059661e-05,0.019579359582092098,0.02880382540203695,68,2.607488799956627,85.41380380000919,,0
opening_018_offset_24,opening_018,late,32,r1b2br1/p2kqp1p/1pppp1pn/3P2B1/P2n4/2P1PNPP/1P3PBR/RNQ1K3 w Q - 1 17,white,recurrent_edges_attenuated_0.05,4,34,f3d4,g5e7,467.0,815.0,348.0,0,0,7,30,0.000290780961222481,0.00012099553352320451,-0.007792803139864404,0.010704732180763763,136,5.259212499950081,85.41380380000919,,0
opening_018_offset_24,opening_018,late,32,r1b2br1/p2kqp1p/1pppp1pn/3P2B1/P2n4/2P1PNPP/1P3PBR/RNQ1K3 w Q - 1 17,white,recurrent_edges_attenuated_0.05,8,34,f3d4,g5e7,467.0,815.0,348.0,0,0,7,30,0.000294477358693257,0.0001227337806426292,-0.006723202708902624,0.014272976241018349,272,10.662635099957697,85.41380380000919,,0
opening_018_offset_24,opening_018,late,32,r1b2br1/p2kqp1p/1pppp1pn/3P2B1/P2n4/2P1PNPP/1P3PBR/RNQ1K3 w Q - 1 17,white,recurrent_edges_attenuated_0.05,16,34,f3d4,g5e7,467.0,815.0,348.0,0,0,7,30,0.0002944808729807846,0.00012273599704224419,-0.006723202708902624,0.014272976241018349,544,21.51417749992106,85.41380380000919,,0
opening_018_offset_24,opening_018,late,32,r1b2br1/p2kqp1p/1pppp1pn/3P2B1/P2n4/2P1PNPP/1P3PBR/RNQ1K3 w Q - 1 17,white,recurrent_edges_attenuated_0.05,32,34,f3d4,g5e7,467.0,815.0,348.0,0,0,7,30,0.0002944808729807846,0.00012273599704224419,-0.006723202708902624,0.014272976241018349,1088,44.267775999964215,85.41380380000919,,0
opening_018_offset_24,opening_018,late,32,r1b2br1/p2kqp1p/1pppp1pn/3P2B1/P2n4/2P1PNPP/1P3PBR/RNQ1K3 w Q - 1 17,white,recurrent_edges_attenuated_0.05,64,34,f3d4,g5e7,467.0,815.0,348.0,0,0,7,30,0.0002944808729807846,0.00012273599704224419,-0.006723202708902624,0.014272976241018349,2176,85.18956959992647,85.41380380000919,,0
opening_019_offset_00,opening_019,early,8,rnb1kbnr/1pqppp1p/2p5/p5p1/3P4/1QP4P/PP2PPP1/RNB1KBNR w KQkq - 0 5,white,recurrent_edges_attenuated_0.05,1,33,c1g5,h3h4,90.0,190.0,100.0,0,0,5,14,0.0,0.0,,,33,1.1488661000039428,77.14184759999625,,0
opening_019_offset_00,opening_019,early,8,rnb1kbnr/1pqppp1p/2p5/p5p1/3P4/1QP4P/PP2PPP1/RNB1KBNR w KQkq - 0 5,white,recurrent_edges_attenuated_0.05,2,33,c1g5,g2g3,66.0,190.0,124.0,0,1,11,3,2.626341301947832e-05,1.9324965531270747e-05,-0.06767288581685078,-0.06832393781113345,66,2.5212952999863774,77.14184759999625,,0
opening_019_offset_00,opening_019,early,8,rnb1kbnr/1pqppp1p/2p5/p5p1/3P4/1QP4P/PP2PPP1/RNB1KBNR w KQkq - 0 5,white,recurrent_edges_attenuated_0.05,4,33,c1g5,g2g3,66.0,190.0,124.0,0,1,11,3,3.695397754199803e-05,2.7409561230834245e-05,-0.07921122994652408,-0.07196969696969698,132,4.88554600009229,77.14184759999625,,0
opening_019_offset_00,opening_019,early,8,rnb1kbnr/1pqppp1p/2p5/p5p1/3P4/1QP4P/PP2PPP1/RNB1KBNR w KQkq - 0 5,white,recurrent_edges_attenuated_0.05,8,33,c1g5,g2g3,66.0,190.0,124.0,0,1,11,3,3.751815529540181e-05,2.7864371891167956e-05,-0.07453208556149733,-0.06818181818181819,264,9.55642350006383,77.14184759999625,,0
opening_019_offset_00,opening_019,early,8,rnb1kbnr/1pqppp1p/2p5/p5p1/3P4/1QP4P/PP2PPP1/RNB1KBNR w KQkq - 0 5,white,recurrent_edges_attenuated_0.05,16,33,c1g5,g2g3,66.0,190.0,124.0,0,1,11,3,3.7519101169891655e-05,2.7865050866487636e-05,-0.07453208556149733,-0.06818181818181819,528,19.203606000053696,77.14184759999625,,0
opening_019_offset_00,opening_019,early,8,rnb1kbnr/1pqppp1p/2p5/p5p1/3P4/1QP4P/PP2PPP1/RNB1KBNR w KQkq - 0 5,white,recurrent_edges_attenuated_0.05,32,33,c1g5,g2g3,66.0,190.0,124.0,0,1,11,3,3.7519101169891655e-05,2.7865050866487636e-05,-0.07453208556149733,-0.06818181818181819,1056,41.517840999993496,77.14184759999625,,0
opening_019_offset_00,opening_019,early,8,rnb1kbnr/1pqppp1p/2p5/p5p1/3P4/1QP4P/PP2PPP1/RNB1KBNR w KQkq - 0 5,white,recurrent_edges_attenuated_0.05,64,33,c1g5,g2g3,66.0,190.0,124.0,0,1,11,3,3.7519101169891655e-05,2.7865050866487636e-05,-0.07453208556149733,-0.06818181818181819,2112,76.94480410008691,77.14184759999625,,0
opening_019_offset_04,opening_019,early,12,rnb1kbnr/2qpp2p/2p2p2/pp4p1/3P4/PQP4P/1P1KPPP1/RNB2BNR w kq - 0 7,white,recurrent_edges_attenuated_0.05,1,29,d2e1,h3h4,-70.0,24.0,94.0,0,0,8,12,0.0,0.0,,,29,0.9780831999378279,69.77271609997842,,0
opening_019_offset_04,opening_019,early,12,rnb1kbnr/2qpp2p/2p2p2/pp4p1/3P4/PQP4P/1P1KPPP1/RNB2BNR w kq - 0 7,white,recurrent_edges_attenuated_0.05,2,29,d2e1,g2g3,-85.0,24.0,109.0,0,0,10,7,2.626341301947832e-05,1.878881712284588e-05,0.08271533353243049,0.05571405960248966,58,2.143912100000307,69.77271609997842,,0
opening_019_offset_04,opening_019,early,12,rnb1kbnr/2qpp2p/2p2p2/pp4p1/3P4/PQP4P/1P1KPPP1/RNB2BNR w kq - 0 7,white,recurrent_edges_attenuated_0.05,4,29,d2e1,g2g3,-85.0,24.0,109.0,0,0,10,9,3.6951882066205144e-05,2.670697047898217e-05,0.0992733102738812,0.056720141762360725,116,4.151250199996866,69.77271609997842,,0
opening_019_offset_04,opening_019,early,12,rnb1kbnr/2qpp2p/2p2p2/pp4p1/3P4/PQP4P/1P1KPPP1/RNB2BNR w kq - 0 7,white,recurrent_edges_attenuated_0.05,8,29,d2e1,g2g3,-85.0,24.0,109.0,0,0,10,9,3.7515448639169335e-05,2.7158557714274827e-05,0.09779529572886063,0.051787955522155434,232,8.32321599998977,69.77271609997842,,0
opening_019_offset_04,opening_019,early,12,rnb1kbnr/2qpp2p/2p2p2/pp4p1/3P4/PQP4P/1P1KPPP1/RNB2BNR w kq - 0 7,white,recurrent_edges_attenuated_0.05,16,29,d2e1,g2g3,-85.0,24.0,109.0,0,0,10,9,3.7516263546422124e-05,2.715927643679589e-05,0.09779529572886063,0.051787955522155434,464,18.77564380003605,69.77271609997842,,0
opening_019_offset_04,opening_019,early,12,rnb1kbnr/2qpp2p/2p2p2/pp4p1/3P4/PQP4P/1P1KPPP1/RNB2BNR w kq - 0 7,white,recurrent_edges_attenuated_0.05,32,29,d2e1,g2g3,-85.0,24.0,109.0,0,0,10,9,3.7516263546422124e-05,2.715927643679589e-05,0.09779529572886063,0.051787955522155434,928,35.24694390001241,69.77271609997842,,0
opening_019_offset_04,opening_019,early,12,rnb1kbnr/2qpp2p/2p2p2/pp4p1/3P4/PQP4P/1P1KPPP1/RNB2BNR w kq - 0 7,white,recurrent_edges_attenuated_0.05,64,29,d2e1,g2g3,-85.0,24.0,109.0,0,0,10,9,3.7516263546422124e-05,2.715927643679589e-05,0.09779529572886063,0.051787955522155434,1856,69.61928739992436,69.77271609997842,,0
opening_019_offset_08,opening_019,early,16,rnb1kbnr/3pp2p/q1p2p2/pp1Q2p1/3P4/P1PK3P/1P2PPP1/RNB2BNR w kq - 4 9,white,recurrent_edges_attenuated_0.05,1,39,d5f3,h3h4,-896.0,-92.0,804.0,0,0,14,14,0.0,0.0,,,39,1.7663898000027984,114.7759077999508,,0
opening_019_offset_08,opening_019,early,16,rnb1kbnr/3pp2p/q1p2p2/pp1Q2p1/3P4/P1PK3P/1P2PPP1/RNB2BNR w kq - 4 9,white,recurrent_edges_attenuated_0.05,2,39,d5f3,g2g3,-1012.0,-92.0,920.0,0,0,25,36,2.626341301947832e-05,1.6868853368516356e-05,-0.5900851203253064,-0.4225578581312393,78,3.395575699978508,114.7759077999508,,0
opening_019_offset_08,opening_019,early,16,rnb1kbnr/3pp2p/q1p2p2/pp1Q2p1/3P4/P1PK3P/1P2PPP1/RNB2BNR w kq - 4 9,white,recurrent_edges_attenuated_0.05,4,39,d5f3,g2g3,-1012.0,-92.0,920.0,0,0,25,36,3.695194027386606e-05,2.3849367018839594e-05,-0.596315419595198,-0.4256760643501266,156,7.089220099966042,114.7759077999508,,0
opening_019_offset_08,opening_019,early,16,rnb1kbnr/3pp2p/q1p2p2/pp1Q2p1/3P4/P1PK3P/1P2PPP1/RNB2BNR w kq - 4 9,white,recurrent_edges_attenuated_0.05,8,39,d5f3,g2g3,-1012.0,-92.0,920.0,0,0,25,36,3.751556505449116e-05,2.423634605119478e-05,-0.6005668620706688,-0.42837876952060366,312,15.749927000026219,114.7759077999508,,0
opening_019_offset_08,opening_019,early,16,rnb1kbnr/3pp2p/q1p2p2/pp1Q2p1/3P4/P1PK3P/1P2PPP1/RNB2BNR w kq - 4 9,white,recurrent_edges_attenuated_0.05,16,39,d5f3,g2g3,-1012.0,-92.0,920.0,0,0,25,36,3.7516176234930754e-05,2.423691040034314e-05,-0.6005668620706688,-0.42837876952060366,624,31.08021689997986,114.7759077999508,,0
opening_019_offset_08,opening_019,early,16,rnb1kbnr/3pp2p/q1p2p2/pp1Q2p1/3P4/P1PK3P/1P2PPP1/RNB2BNR w kq - 4 9,white,recurrent_edges_attenuated_0.05,32,39,d5f3,g2g3,-1012.0,-92.0,920.0,0,0,25,36,3.7516176234930754e-05,2.423691040034314e-05,-0.6005668620706688,-0.42837876952060366,1248,59.427088500000536,114.7759077999508,,0
opening_019_offset_08,opening_019,early,16,rnb1kbnr/3pp2p/q1p2p2/pp1Q2p1/3P4/P1PK3P/1P2PPP1/RNB2BNR w kq - 4 9,white,recurrent_edges_attenuated_0.05,64,39,d5f3,g2g3,-1012.0,-92.0,920.0,0,0,25,36,3.7516176234930754e-05,2.423691040034314e-05,-0.6005668620706688,-0.42837876952060366,2496,114.56785360001959,114.7759077999508,,0
opening_019_offset_12,opening_019,middle,20,rnb1kbn1/3pp3/q1p2p1r/pp1Q2pp/3P4/P1PKB2P/1P1NPPP1/R4BNR w q - 2 11,white,recurrent_edges_attenuated_0.05,1,41,d5g8,h3h4,-1164.0,129.0,1293.0,0,0,31,10,0.0,0.0,,,41,1.8026039999676868,93.40373290004209,,0
opening_019_offset_12,opening_019,middle,20,rnb1kbn1/3pp3/q1p2p1r/pp1Q2pp/3P4/P1PKB2P/1P1NPPP1/R4BNR w q - 2 11,white,recurrent_edges_attenuated_0.05,2,41,d5g8,g2g3,-1150.0,129.0,1279.0,0,0,24,19,2.626341301947832e-05,1.6761534866458782e-05,-0.30169370280657853,-0.19332057281725568,82,3.4246686999686062,93.40373290004209,,0
opening_019_offset_12,opening_019,middle,20,rnb1kbn1/3pp3/q1p2p1r/pp1Q2pp/3P4/P1PKB2P/1P1NPPP1/R4BNR w q - 2 11,white,recurrent_edges_attenuated_0.05,4,41,d5g8,g2g3,-1150.0,129.0,1279.0,0,0,24,19,3.6951882066205144e-05,2.3677903032092293e-05,-0.2988325537611511,-0.1931546115664667,164,6.640055499970913,93.40373290004209,,0
opening_019_offset_12,opening_019,middle,20,rnb1kbn1/3pp3/q1p2p1r/pp1Q2pp/3P4/P1PKB2P/1P1NPPP1/R4BNR w q - 2 11,white,recurrent_edges_attenuated_0.05,8,41,d5g8,g2g3,-1150.0,129.0,1279.0,0,0,24,20,3.7515535950660706e-05,2.4059515726724518e-05,-0.3051054236943298,-0.1955996066495865,328,12.786839599953964,93.40373290004209,,0
opening_019_offset_12,opening_019,middle,20,rnb1kbn1/3pp3/q1p2p1r/pp1Q2pp/3P4/P1PKB2P/1P1NPPP1/R4BNR w q - 2 11,white,recurrent_edges_attenuated_0.05,16,41,d5g8,g2g3,-1150.0,129.0,1279.0,0,0,24,20,3.7516263546422124e-05,2.4060068251396014e-05,-0.3051054236943298,-0.1955996066495865,656,24.209017400047742,93.40373290004209,,0
opening_019_offset_12,opening_019,middle,20,rnb1kbn1/3pp3/q1p2p1r/pp1Q2pp/3P4/P1PKB2P/1P1NPPP1/R4BNR w q - 2 11,white,recurrent_edges_attenuated_0.05,32,41,d5g8,g2g3,-1150.0,129.0,1279.0,0,0,24,20,3.7516263546422124e-05,2.4060068251396014e-05,-0.3051054236943298,-0.1955996066495865,1312,47.8961659000488,93.40373290004209,,0
opening_019_offset_12,opening_019,middle,20,rnb1kbn1/3pp3/q1p2p1r/pp1Q2pp/3P4/P1PKB2P/1P1NPPP1/R4BNR w q - 2 11,white,recurrent_edges_attenuated_0.05,64,41,d5g8,g2g3,-1150.0,129.0,1279.0,0,0,24,20,3.7516263546422124e-05,2.4060068251396014e-05,-0.3051054236943298,-0.1955996066495865,2624,93.1510592000559,93.40373290004209,,0
opening_019_offset_16,opening_019,middle,24,rnb1kbn1/3pp3/1qp2p1r/pp1Q2pp/3P1B2/P1PK3P/1P1NPPP1/1R3BNR w q - 6 13,white,recurrent_edges_attenuated_0.05,1,47,d5g8,h3h4,-1175.0,-225.0,950.0,0,0,41,17,0.0,0.0,,,47,1.8119459000881761,107.98514450003859,,0
opening_019_offset_16,opening_019,middle,24,rnb1kbn1/3pp3/1qp2p1r/pp1Q2pp/3P1B2/P1PK3P/1P1NPPP1/1R3BNR w q - 6 13,white,recurrent_edges_attenuated_0.05,2,47,d5g8,g2g3,-1146.0,-225.0,921.0,0,0,32,19,2.6263442123308778e-05,2.1388254963418744e-05,-0.2731988975981021,-0.18892179002616108,94,3.7067113000666723,107.98514450003859,,0
opening_019_offset_16,opening_019,middle,24,rnb1kbn1/3pp3/1qp2p1r/pp1Q2pp/3P1B2/P1PK3P/1P1NPPP1/1R3BNR w q - 6 13,white,recurrent_edges_attenuated_0.05,4,47,d5g8,g2g3,-1146.0,-225.0,921.0,0,0,32,19,3.695162013173103e-05,2.977711699424641e-05,-0.25951947534600506,-0.18358881034507696,188,7.023493400076404,107.98514450003859,,0
opening_019_offset_16,opening_019,middle,24,rnb1kbn1/3pp3/1qp2p1r/pp1Q2pp/3P1B2/P1PK3P/1P1NPPP1/1R3BNR w q - 6 13,white,recurrent_edges_attenuated_0.05,8,47,d5g8,g2g3,-1146.0,-225.0,921.0,0,0,32,20,3.7515448639169335e-05,3.020404501655197e-05,-0.26223725951295296,-0.18544324277280502,376,13.830203099991195,107.98514450003859,,0
opening_019_offset_16,opening_019,middle,24,rnb1kbn1/3pp3/1qp2p1r/pp1Q2pp/3P1B2/P1PK3P/1P1NPPP1/1R3BNR w q - 6 13,white,recurrent_edges_attenuated_0.05,16,47,d5g8,g2g3,-1146.0,-225.0,921.0,0,0,32,20,3.751640906557441e-05,3.0204589337760312e-05,-0.26223725951295296,-0.18544324277280502,752,27.479501500027254,107.98514450003859,,0
opening_019_offset_16,opening_019,middle,24,rnb1kbn1/3pp3/1qp2p1r/pp1Q2pp/3P1B2/P1PK3P/1P1NPPP1/1R3BNR w q - 6 13,white,recurrent_edges_attenuated_0.05,32,47,d5g8,g2g3,-1146.0,-225.0,921.0,0,0,32,20,3.751640906557441e-05,3.0204589337760312e-05,-0.26223725951295296,-0.18544324277280502,1504,54.48272269999143,107.98514450003859,,0
opening_019_offset_16,opening_019,middle,24,rnb1kbn1/3pp3/1qp2p1r/pp1Q2pp/3P1B2/P1PK3P/1P1NPPP1/1R3BNR w q - 6 13,white,recurrent_edges_attenuated_0.05,64,47,d5g8,g2g3,-1146.0,-225.0,921.0,0,0,32,20,3.751640906557441e-05,3.0204589337760312e-05,-0.26223725951295296,-0.18544324277280502,3008,107.72262010001577,107.98514450003859,,0
opening_019_offset_20,opening_019,late,28,rnb1kbn1/3pp3/2p2p1r/ppqQ2p1/3P1B1p/P1P1K1PP/1P1NPP2/1R3BNR w q - 0 15,white,recurrent_edges_attenuated_0.05,1,43,d5c5,h1h2,-1169.0,331.0,1500.0,0,0,36,27,0.0,0.0,,,43,1.9256552000297233,101.20315289997961,,0
opening_019_offset_20,opening_019,late,28,rnb1kbn1/3pp3/2p2p1r/ppqQ2p1/3P1B1p/P1P1K1PP/1P1NPP2/1R3BNR w q - 0 15,white,recurrent_edges_attenuated_0.05,2,43,d5c5,f4g5,-1160.0,331.0,1491.0,0,0,34,16,3.3200194593518972e-06,1.8722949999108315e-05,-0.43355668503452127,-0.3015816359750134,86,3.437094699940644,101.20315289997961,,0
opening_019_offset_20,opening_019,late,28,rnb1kbn1/3pp3/2p2p1r/ppqQ2p1/3P1B1p/P1P1K1PP/1P1NPP2/1R3BNR w q - 0 15,white,recurrent_edges_attenuated_0.05,4,43,d5c5,f4g5,-1160.0,331.0,1491.0,0,0,34,14,4.451314453035593e-06,2.5972548016863715e-05,-0.41699075215593184,-0.29506419103361,172,6.719358499976806,101.20315289997961,,0
opening_019_offset_20,opening_019,late,28,rnb1kbn1/3pp3/2p2p1r/ppqQ2p1/3P1B1p/P1P1K1PP/1P1NPP2/1R3BNR w q - 0 15,white,recurrent_edges_attenuated_0.05,8,43,d5c5,f4g5,-1160.0,331.0,1491.0,0,0,34,14,4.417350282892585e-06,2.6333269992140258e-05,-0.4185010410083618,-0.2972827187857424,344,12.72689629998058,101.20315289997961,,0
opening_019_offset_20,opening_019,late,28,rnb1kbn1/3pp3/2p2p1r/ppqQ2p1/3P1B1p/P1P1K1PP/1P1NPP2/1R3BNR w q - 0 15,white,recurrent_edges_attenuated_0.05,16,43,d5c5,f4g5,-1160.0,331.0,1491.0,0,0,34,14,4.417321179062128e-06,2.6333706071441813e-05,-0.4185010410083618,-0.2972827187857424,688,24.44270539993886,101.20315289997961,,0
opening_019_offset_20,opening_019,late,28,rnb1kbn1/3pp3/2p2p1r/ppqQ2p1/3P1B1p/P1P1K1PP/1P1NPP2/1R3BNR w q - 0 15,white,recurrent_edges_attenuated_0.05,32,43,d5c5,f4g5,-1160.0,331.0,1491.0,0,0,34,14,4.417321179062128e-06,2.6333706071441813e-05,-0.4185010410083618,-0.2972827187857424,1376,51.53553779993672,101.20315289997961,,0
opening_019_offset_20,opening_019,late,28,rnb1kbn1/3pp3/2p2p1r/ppqQ2p1/3P1B1p/P1P1K1PP/1P1NPP2/1R3BNR w q - 0 15,white,recurrent_edges_attenuated_0.05,64,43,d5c5,f4g5,-1160.0,331.0,1491.0,0,0,34,14,4.417321179062128e-06,2.6333706071441813e-05,-0.4185010410083618,-0.2972827187857424,2752,100.938226499944,101.20315289997961,,0
opening_019_offset_24,opening_019,late,32,rnb1k1n1/3pp1b1/2p2p2/ppqQ2pr/3PNB1p/P1P1K1PP/1P2PP2/R4BNR w q - 4 17,white,recurrent_edges_attenuated_0.05,1,42,e4d6,h1h2,-1016.0,696.0,1712.0,0,0,31,14,0.0,0.0,,,42,1.544929499970749,93.76933039992582,,0
opening_019_offset_24,opening_019,late,32,rnb1k1n1/3pp1b1/2p2p2/ppqQ2pr/3PNB1p/P1P1K1PP/1P2PP2/R4BNR w q - 4 17,white,recurrent_edges_attenuated_0.05,2,42,e4d6,e4g5,-966.0,696.0,1662.0,0,0,23,31,3.029563231393695e-07,1.9236004074363046e-05,-0.1745427153342632,-0.11398638193039437,84,3.08576509996783,93.76933039992582,,0
opening_019_offset_24,opening_019,late,32,rnb1k1n1/3pp1b1/2p2p2/ppqQ2pr/3PNB1p/P1P1K1PP/1P2PP2/R4BNR w q - 4 17,white,recurrent_edges_attenuated_0.05,4,42,e4d6,e4g5,-966.0,696.0,1662.0,0,0,23,31,4.293397068977356e-07,2.674089727955158e-05,-0.16233082310655875,-0.10593742334486703,168,6.084715100005269,93.76933039992582,,0
opening_019_offset_24,opening_019,late,32,rnb1k1n1/3pp1b1/2p2p2/ppqQ2pr/3PNB1p/P1P1K1PP/1P2PP2/R4BNR w q - 4 17,white,recurrent_edges_attenuated_0.05,8,42,e4d6,e4g5,-966.0,696.0,1662.0,0,0,23,31,4.371104296296835e-07,2.7118203476379277e-05,-0.16411378771382,-0.10826571836343553,336,12.290029299911112,93.76933039992582,,0
opening_019_offset_24,opening_019,late,32,rnb1k1n1/3pp1b1/2p2p2/ppqQ2pr/3PNB1p/P1P1K1PP/1P2PP2/R4BNR w q - 4 17,white,recurrent_edges_attenuated_0.05,16,42,e4d6,e4g5,-966.0,696.0,1662.0,0,0,23,31,4.371977411210537e-07,2.711867408739477e-05,-0.16411378771382,-0.10826571836343553,672,24.410707299946807,93.76933039992582,,0
opening_019_offset_24,opening_019,late,32,rnb1k1n1/3pp1b1/2p2p2/ppqQ2pr/3PNB1p/P1P1K1PP/1P2PP2/R4BNR w q - 4 17,white,recurrent_edges_attenuated_0.05,32,42,e4d6,e4g5,-966.0,696.0,1662.0,0,0,23,31,4.371977411210537e-07,2.711867408739477e-05,-0.16411378771382,-0.10826571836343553,1344,48.572855899925344,93.76933039992582,,0
opening_019_offset_24,opening_019,late,32,rnb1k1n1/3pp1b1/2p2p2/ppqQ2pr/3PNB1p/P1P1K1PP/1P2PP2/R4BNR w q - 4 17,white,recurrent_edges_attenuated_0.05,64,42,e4d6,e4g5,-966.0,696.0,1662.0,0,0,23,31,4.371977411210537e-07,2.711867408739477e-05,-0.16411378771382,-0.10826571836343553,2688,93.56428429996595,93.76933039992582,,0
