position_id,lesson_id,stage,split,source_game_id,fen,side_to_move,move_uci,teacher_cp,teacher_target,is_best,is_positive,legal_move_count,candidate_type,motif,mate_distance
endgames_0000,endgames_0000,endgames,train,synthetic_endgame_0000,1K6/8/1k6/8/8/7Q/8/8 w - - 0 1,white,b8a8,476.0,0.8305788685385285,0.0,,23,teacher_candidate,endgame,
endgames_0000,endgames_0000,endgames,train,synthetic_endgame_0000,1K6/8/1k6/8/8/7Q/8/8 w - - 0 1,white,b8c8,527.0,0.8661608659438628,1.0,,23,teacher_candidate,endgame,
endgames_0000,endgames_0000,endgames,train,synthetic_endgame_0000,1K6/8/1k6/8/8/7Q/8/8 w - - 0 1,white,h3a3,516.0,0.8591265382143658,0.0,,23,teacher_candidate,endgame,
endgames_0000,endgames_0000,endgames,train,synthetic_endgame_0000,1K6/8/1k6/8/8/7Q/8/8 w - - 0 1,white,h3b3,484.0,0.8366794890768107,0.0,,23,teacher_candidate,endgame,
endgames_0000,endgames_0000,endgames,train,synthetic_endgame_0000,1K6/8/1k6/8/8/7Q/8/8 w - - 0 1,white,h3c3,526.0,0.8655350988242999,0.0,,23,teacher_candidate,endgame,
endgames_0001,endgames_0001,endgames,train,synthetic_endgame_0001,8/8/6r1/8/8/8/4k3/K7 b - - 0 1,black,e2d1,476.0,0.8305788685385285,0.0,,22,teacher_candidate,endgame,
endgames_0001,endgames_0001,endgames,train,synthetic_endgame_0001,8/8/6r1/8/8/8/4k3/K7 b - - 0 1,black,e2d2,505.0,0.8517518696186737,0.0,,22,teacher_candidate,endgame,
endgames_0001,endgames_0001,endgames,train,synthetic_endgame_0001,8/8/6r1/8/8/8/4k3/K7 b - - 0 1,black,e2d3,495.0,0.8447410748870232,0.0,,22,teacher_candidate,endgame,
endgames_0001,endgames_0001,endgames,train,synthetic_endgame_0001,8/8/6r1/8/8/8/4k3/K7 b - - 0 1,black,e2e1,483.0,0.8359280001726355,0.0,,22,teacher_candidate,endgame,
endgames_0001,endgames_0001,endgames,train,synthetic_endgame_0001,8/8/6r1/8/8/8/4k3/K7 b - - 0 1,black,e2e3,522.0,0.8630047925513478,1.0,,22,teacher_candidate,endgame,
endgames_0002,endgames_0002,endgames,train,synthetic_endgame_0002,3q4/8/8/8/2k5/7K/8/8 b - - 0 1,black,c4b3,471.0,0.8266616689782654,0.0,,29,teacher_candidate,endgame,
endgames_0002,endgames_0002,endgames,train,synthetic_endgame_0002,3q4/8/8/8/2k5/7K/8/8 b - - 0 1,black,c4b4,469.0,0.825071959039259,0.0,,29,teacher_candidate,endgame,
endgames_0002,endgames_0002,endgames,train,synthetic_endgame_0002,3q4/8/8/8/2k5/7K/8/8 b - - 0 1,black,c4b5,469.0,0.825071959039259,0.0,,29,teacher_candidate,endgame,
endgames_0002,endgames_0002,endgames,train,synthetic_endgame_0002,3q4/8/8/8/2k5/7K/8/8 b - - 0 1,black,c4c3,469.0,0.825071959039259,0.0,,29,teacher_candidate,endgame,
endgames_0002,endgames_0002,endgames,train,synthetic_endgame_0002,3q4/8/8/8/2k5/7K/8/8 b - - 0 1,black,c4c5,486.0,0.8381730655690693,1.0,,29,teacher_candidate,endgame,
endgames_0003,endgames_0003,endgames,train,synthetic_endgame_0003,2R1K2k/8/8/8/8/8/8/8 w - - 0 1,white,c8a8,435.0,0.7959638616217392,1.0,,15,teacher_candidate,endgame,
endgames_0003,endgames_0003,endgames,train,synthetic_endgame_0003,2R1K2k/8/8/8/8/8/8/8 w - - 0 1,white,c8b8,422.0,0.7837426664759929,0.0,,15,teacher_candidate,endgame,
endgames_0003,endgames_0003,endgames,train,synthetic_endgame_0003,2R1K2k/8/8/8/8/8/8/8 w - - 0 1,white,c8c1,423.0,0.7847051472096467,0.0,,15,teacher_candidate,endgame,
endgames_0003,endgames_0003,endgames,train,synthetic_endgame_0003,2R1K2k/8/8/8/8/8/8/8 w - - 0 1,white,c8c2,423.0,0.7847051472096467,0.0,,15,teacher_candidate,endgame,
endgames_0003,endgames_0003,endgames,train,synthetic_endgame_0003,2R1K2k/8/8/8/8/8/8/8 w - - 0 1,white,c8c3,432.0,0.7931990970835009,0.0,,15,teacher_candidate,endgame,
endgames_0004,endgames_0004,endgames,train,synthetic_endgame_0004,6K1/8/8/8/2k5/2p5/8/8 b - - 0 1,black,c3c2,573.0,0.8921777851440168,1.0,,8,teacher_candidate,endgame,
endgames_0004,endgames_0004,endgames,train,synthetic_endgame_0004,6K1/8/8/8/2k5/2p5/8/8 b - - 0 1,black,c4b3,569.0,0.8901193004193375,0.0,,8,teacher_candidate,endgame,
endgames_0004,endgames_0004,endgames,train,synthetic_endgame_0004,6K1/8/8/8/2k5/2p5/8/8 b - - 0 1,black,c4b4,511.0,0.855817403604612,0.0,,8,teacher_candidate,endgame,
endgames_0004,endgames_0004,endgames,train,synthetic_endgame_0004,6K1/8/8/8/2k5/2p5/8/8 b - - 0 1,black,c4b5,546.0,0.877547674360184,0.0,,8,teacher_candidate,endgame,
endgames_0004,endgames_0004,endgames,train,synthetic_endgame_0004,6K1/8/8/8/2k5/2p5/8/8 b - - 0 1,black,c4c5,550.0,0.8798266996519848,0.0,,8,teacher_candidate,endgame,
endgames_0005,endgames_0005,endgames,train,synthetic_endgame_0005,3K4/8/1r6/8/8/8/4k3/8 b - - 0 1,black,b6a6,489.0,0.8403900815184251,1.0,,22,teacher_candidate,endgame,
endgames_0005,endgames_0005,endgames,train,synthetic_endgame_0005,3K4/8/1r6/8/8/8/4k3/8 b - - 0 1,black,b6b1,464.0,0.8210398813328771,0.0,,22,teacher_candidate,endgame,
endgames_0005,endgames_0005,endgames,train,synthetic_endgame_0005,3K4/8/1r6/8/8/8/4k3/8 b - - 0 1,black,b6b2,456.0,0.814414093765686,0.0,,22,teacher_candidate,endgame,
endgames_0005,endgames_0005,endgames,train,synthetic_endgame_0005,3K4/8/1r6/8/8/8/4k3/8 b - - 0 1,black,b6b3,474.0,0.829021721130387,0.0,,22,teacher_candidate,endgame,
endgames_0005,endgames_0005,endgames,train,synthetic_endgame_0005,3K4/8/1r6/8/8/8/4k3/8 b - - 0 1,black,b6b4,439.0,0.7995992196179786,0.0,,22,teacher_candidate,endgame,
endgames_0006,endgames_0006,endgames,train,synthetic_endgame_0006,3K4/8/P7/8/8/8/3k4/8 w - - 0 1,white,a6a7,514.0,0.8578113918314256,0.0,,6,teacher_candidate,endgame,
endgames_0006,endgames_0006,endgames,train,synthetic_endgame_0006,3K4/8/P7/8/8/8/3k4/8 w - - 0 1,white,d8c7,515.0,0.8584703762877184,0.0,,6,teacher_candidate,endgame,
endgames_0006,endgames_0006,endgames,train,synthetic_endgame_0006,3K4/8/P7/8/8/8/3k4/8 w - - 0 1,white,d8c8,502.0,0.8496797810357468,0.0,,6,teacher_candidate,endgame,
endgames_0006,endgames_0006,endgames,train,synthetic_endgame_0006,3K4/8/P7/8/8/8/3k4/8 w - - 0 1,white,d8d7,503.0,0.8503734168441159,0.0,,6,teacher_candidate,endgame,
endgames_0006,endgames_0006,endgames,train,synthetic_endgame_0006,3K4/8/P7/8/8/8/3k4/8 w - - 0 1,white,d8e7,520.0,0.8617231593133063,1.0,,6,teacher_candidate,endgame,
endgames_0007,endgames_0007,endgames,train,synthetic_endgame_0007,8/6k1/2R5/7K/8/8/8/8 w - - 0 1,white,c6a6,451.0,0.8101619061641351,1.0,,17,teacher_candidate,endgame,
endgames_0007,endgames_0007,endgames,train,synthetic_endgame_0007,8/6k1/2R5/7K/8/8/8/8 w - - 0 1,white,c6b6,447.0,0.806697578116818,0.0,,17,teacher_candidate,endgame,
endgames_0007,endgames_0007,endgames,train,synthetic_endgame_0007,8/6k1/2R5/7K/8/8/8/8 w - - 0 1,white,c6c1,446.0,0.8058227180270021,0.0,,17,teacher_candidate,endgame,
endgames_0007,endgames_0007,endgames,train,synthetic_endgame_0007,8/6k1/2R5/7K/8/8/8/8 w - - 0 1,white,c6c2,433.0,0.7941243483656557,0.0,,17,teacher_candidate,endgame,
endgames_0007,endgames_0007,endgames,train,synthetic_endgame_0007,8/6k1/2R5/7K/8/8/8/8 w - - 0 1,white,c6c3,451.0,0.8101619061641351,0.0,,17,teacher_candidate,endgame,
endgames_0008,endgames_0008,endgames,train,synthetic_endgame_0008,k7/8/8/2K5/8/8/3p4/8 b - - 0 1,black,a8a7,458.0,0.8160909001379913,1.0,,7,teacher_candidate,endgame,
endgames_0008,endgames_0008,endgames,train,synthetic_endgame_0008,k7/8/8/2K5/8/8/3p4/8 b - - 0 1,black,a8b7,457.0,0.8152542057275878,0.0,,7,teacher_candidate,endgame,
endgames_0008,endgames_0008,endgames,train,synthetic_endgame_0008,k7/8/8/2K5/8/8/3p4/8 b - - 0 1,black,a8b8,451.0,0.8101619061641351,0.0,,7,teacher_candidate,endgame,
endgames_0008,endgames_0008,endgames,train,synthetic_endgame_0008,k7/8/8/2K5/8/8/3p4/8 b - - 0 1,black,d2d1b,-30.0,-0.07485969068749909,0.0,,7,teacher_candidate,endgame,
endgames_0008,endgames_0008,endgames,train,synthetic_endgame_0008,k7/8/8/2K5/8/8/3p4/8 b - - 0 1,black,d2d1n,-30.0,-0.07485969068749909,0.0,,7,teacher_candidate,endgame,
endgames_0009,endgames_0009,endgames,train,synthetic_endgame_0009,8/4K3/8/8/1r3k2/8/8/8 b - - 0 1,black,b4a4,483.0,0.8359280001726355,0.0,,19,teacher_candidate,endgame,
endgames_0009,endgames_0009,endgames,train,synthetic_endgame_0009,8/4K3/8/8/1r3k2/8/8/8 b - - 0 1,black,b4b1,498.0,0.8468756052963757,0.0,,19,teacher_candidate,endgame,
endgames_0009,endgames_0009,endgames,train,synthetic_endgame_0009,8/4K3/8/8/1r3k2/8/8/8 b - - 0 1,black,b4b2,512.0,0.8564849154724974,0.0,,19,teacher_candidate,endgame,
endgames_0009,endgames_0009,endgames,train,synthetic_endgame_0009,8/4K3/8/8/1r3k2/8/8/8 b - - 0 1,black,b4b3,484.0,0.8366794890768107,0.0,,19,teacher_candidate,endgame,
endgames_0009,endgames_0009,endgames,train,synthetic_endgame_0009,8/4K3/8/8/1r3k2/8/8/8 b - - 0 1,black,b4b5,631.0,0.9182105685881917,1.0,,19,teacher_candidate,endgame,
endgames_0010,endgames_0010,endgames,train,synthetic_endgame_0010,4k3/8/5K2/5P2/8/8/8/8 w - - 0 1,white,f6e5,-17.0,-0.04247442993254818,0.0,,5,teacher_candidate,endgame,
endgames_0010,endgames_0010,endgames,train,synthetic_endgame_0010,4k3/8/5K2/5P2/8/8/8/8 w - - 0 1,white,f6e6,411.0,0.7729037335620444,0.0,,5,teacher_candidate,endgame,
endgames_0010,endgames_0010,endgames,train,synthetic_endgame_0010,4k3/8/5K2/5P2/8/8/8/8 w - - 0 1,white,f6g5,-44.0,-0.10955847021442953,0.0,,5,teacher_candidate,endgame,
endgames_0010,endgames_0010,endgames,train,synthetic_endgame_0010,4k3/8/5K2/5P2/8/8/8/8 w - - 0 1,white,f6g6,411.0,0.7729037335620444,0.0,,5,teacher_candidate,endgame,
endgames_0010,endgames_0010,endgames,train,synthetic_endgame_0010,4k3/8/5K2/5P2/8/8/8/8 w - - 0 1,white,f6g7,476.0,0.8305788685385285,1.0,,5,teacher_candidate,endgame,
endgames_0011,endgames_0011,endgames,train,synthetic_endgame_0011,8/8/Q5K1/8/8/8/8/3k4 w - - 0 1,white,a6a1,455.0,0.8135705538363528,0.0,,27,teacher_candidate,endgame,
endgames_0011,endgames_0011,endgames,train,synthetic_endgame_0011,8/8/Q5K1/8/8/8/8/3k4 w - - 0 1,white,a6a2,652.0,0.926061581406646,1.0,,27,teacher_candidate,endgame,
endgames_0011,endgames_0011,endgames,train,synthetic_endgame_0011,8/8/Q5K1/8/8/8/8/3k4 w - - 0 1,white,a6a3,620.0,0.9137854901178277,0.0,,27,teacher_candidate,endgame,
endgames_0011,endgames_0011,endgames,train,synthetic_endgame_0011,8/8/Q5K1/8/8/8/8/3k4 w - - 0 1,white,a6a4,551.0,0.8803902214206855,0.0,,27,teacher_candidate,endgame,
endgames_0011,endgames_0011,endgames,train,synthetic_endgame_0011,8/8/Q5K1/8/8/8/8/3k4 w - - 0 1,white,a6a5,555.0,0.8826196500158177,0.0,,27,teacher_candidate,endgame,
endgames_0012,endgames_0012,endgames,train,synthetic_endgame_0012,8/8/8/4k3/8/1P6/8/1K6 w - - 0 1,white,b1a1,2.0,0.004999958333749996,0.0,,6,teacher_candidate,endgame,
endgames_0012,endgames_0012,endgames,train,synthetic_endgame_0012,8/8/8/4k3/8/1P6/8/1K6 w - - 0 1,white,b1a2,198.0,0.458175844698613,0.0,,6,teacher_candidate,endgame,
endgames_0012,endgames_0012,endgames,train,synthetic_endgame_0012,8/8/8/4k3/8/1P6/8/1K6 w - - 0 1,white,b1b2,214.0,0.48919383165495195,1.0,,6,teacher_candidate,endgame,
endgames_0012,endgames_0012,endgames,train,synthetic_endgame_0012,8/8/8/4k3/8/1P6/8/1K6 w - - 0 1,white,b1c1,-35.0,-0.08727737447415772,0.0,,6,teacher_candidate,endgame,
endgames_0012,endgames_0012,endgames,train,synthetic_endgame_0012,8/8/8/4k3/8/1P6/8/1K6 w - - 0 1,white,b1c2,-15.0,-0.03748243175707047,0.0,,6,teacher_candidate,endgame,
endgames_0013,endgames_0013,endgames,train,synthetic_endgame_0013,8/8/5K2/8/8/5k2/8/7q b - - 0 1,black,f3e2,561.0,0.8858908348021591,0.0,,23,teacher_candidate,endgame,
endgames_0013,endgames_0013,endgames,train,synthetic_endgame_0013,8/8/5K2/8/8/5k2/8/7q b - - 0 1,black,f3e3,582.0,0.8966771290678304,0.0,,23,teacher_candidate,endgame,
endgames_0013,endgames_0013,endgames,train,synthetic_endgame_0013,8/8/5K2/8/8/5k2/8/7q b - - 0 1,black,f3e4,623.0,0.9150145146730381,0.0,,23,teacher_candidate,endgame,
endgames_0013,endgames_0013,endgames,train,synthetic_endgame_0013,8/8/5K2/8/8/5k2/8/7q b - - 0 1,black,f3f2,701.0,0.9416594000937984,1.0,,23,teacher_candidate,endgame,
endgames_0013,endgames_0013,endgames,train,synthetic_endgame_0013,8/8/5K2/8/8/5k2/8/7q b - - 0 1,black,f3f4,605.0,0.9073817003029993,0.0,,23,teacher_candidate,endgame,
endgames_0014,endgames_0014,endgames,train,synthetic_endgame_0014,8/8/2K5/7R/6k1/8/8/8 w - - 0 1,white,c6b5,21.0,0.05245181874413747,0.0,,22,teacher_candidate,endgame,
endgames_0014,endgames_0014,endgames,train,synthetic_endgame_0014,8/8/2K5/7R/6k1/8/8/8 w - - 0 1,white,c6b6,-25.0,-0.062418746747512514,0.0,,22,teacher_candidate,endgame,
endgames_0014,endgames_0014,endgames,train,synthetic_endgame_0014,8/8/2K5/7R/6k1/8/8/8 w - - 0 1,white,c6b7,-63.0,-0.15621046576861825,0.0,,22,teacher_candidate,endgame,
endgames_0014,endgames_0014,endgames,train,synthetic_endgame_0014,8/8/2K5/7R/6k1/8/8/8 w - - 0 1,white,c6c5,26.0,0.06490861277463751,1.0,,22,teacher_candidate,endgame,
endgames_0014,endgames_0014,endgames,train,synthetic_endgame_0014,8/8/2K5/7R/6k1/8/8/8 w - - 0 1,white,c6c7,6.0,0.01499887510124078,0.0,,22,teacher_candidate,endgame,
endgames_0015,endgames_0015,endgames,train,synthetic_endgame_0015,8/7p/8/8/7k/8/5K2/8 b - - 0 1,black,h4g4,-26.0,-0.06490861277463751,0.0,,6,teacher_candidate,endgame,
endgames_0015,endgames_0015,endgames,train,synthetic_endgame_0015,8/7p/8/8/7k/8/5K2/8 b - - 0 1,black,h4g5,-1.0,-0.0024999947916796877,1.0,,6,teacher_candidate,endgame,
endgames_0015,endgames_0015,endgames,train,synthetic_endgame_0015,8/7p/8/8/7k/8/5K2/8 b - - 0 1,black,h4h3,-5.0,-0.012499348999020865,0.0,,6,teacher_candidate,endgame,
endgames_0015,endgames_0015,endgames,train,synthetic_endgame_0015,8/7p/8/8/7k/8/5K2/8 b - - 0 1,black,h4h5,-1.0,-0.0024999947916796877,0.0,,6,teacher_candidate,endgame,
endgames_0015,endgames_0015,endgames,train,synthetic_endgame_0015,8/7p/8/8/7k/8/5K2/8 b - - 0 1,black,h7h5,-4.0,-0.00999966667999946,0.0,,6,teacher_candidate,endgame,
endgames_0016,endgames_0016,endgames,train,synthetic_endgame_0016,1Q6/4k3/8/8/8/K7/8/8 w - - 0 1,white,a3a2,540.0,0.874053287886007,1.0,,26,teacher_candidate,endgame,
endgames_0016,endgames_0016,endgames,train,synthetic_endgame_0016,1Q6/4k3/8/8/8/K7/8/8 w - - 0 1,white,a3a4,520.0,0.8617231593133063,0.0,,26,teacher_candidate,endgame,
endgames_0016,endgames_0016,endgames,train,synthetic_endgame_0016,1Q6/4k3/8/8/8/K7/8/8 w - - 0 1,white,a3b2,528.0,0.8667839288498187,0.0,,26,teacher_candidate,endgame,
endgames_0016,endgames_0016,endgames,train,synthetic_endgame_0016,1Q6/4k3/8/8/8/K7/8/8 w - - 0 1,white,a3b3,499.0,0.8475811144033204,0.0,,26,teacher_candidate,endgame,
endgames_0016,endgames_0016,endgames,train,synthetic_endgame_0016,1Q6/4k3/8/8/8/K7/8/8 w - - 0 1,white,a3b4,523.0,0.8636414743963026,0.0,,26,teacher_candidate,endgame,
endgames_0017,endgames_0017,endgames,train,synthetic_endgame_0017,3k4/4r3/8/8/K7/8/8/8 b - - 0 1,black,d8c7,477.0,0.831352607157051,0.0,,18,teacher_candidate,endgame,
endgames_0017,endgames_0017,endgames,train,synthetic_endgame_0017,3k4/4r3/8/8/K7/8/8/8 b - - 0 1,black,d8c8,476.0,0.8305788685385285,0.0,,18,teacher_candidate,endgame,
endgames_0017,endgames_0017,endgames,train,synthetic_endgame_0017,3k4/4r3/8/8/K7/8/8/8 b - - 0 1,black,d8d7,484.0,0.8366794890768107,0.0,,18,teacher_candidate,endgame,
endgames_0017,endgames_0017,endgames,train,synthetic_endgame_0017,3k4/4r3/8/8/K7/8/8/8 b - - 0 1,black,d8e8,494.0,0.8440235297412673,1.0,,18,teacher_candidate,endgame,
endgames_0017,endgames_0017,endgames,train,synthetic_endgame_0017,3k4/4r3/8/8/K7/8/8/8 b - - 0 1,black,e7a7,492.0,0.8425793256589296,0.0,,18,teacher_candidate,endgame,
endgames_0018,endgames_0018,endgames,train,synthetic_endgame_0018,7K/1P6/8/8/8/1k6/8/8 w - - 0 1,white,b7b8b,-34.0,-0.08479588154870199,0.0,,7,teacher_candidate,endgame,
endgames_0018,endgames_0018,endgames,train,synthetic_endgame_0018,7K/1P6/8/8/8/1k6/8/8 w - - 0 1,white,b7b8n,-37.0,-0.09223708209155926,0.0,,7,teacher_candidate,endgame,
endgames_0018,endgames_0018,endgames,train,synthetic_endgame_0018,7K/1P6/8/8/8/1k6/8/8 w - - 0 1,white,b7b8q,443.0,0.8031769041052467,0.0,,7,teacher_candidate,endgame,
endgames_0018,endgames_0018,endgames,train,synthetic_endgame_0018,7K/1P6/8/8/8/1k6/8/8 w - - 0 1,white,b7b8r,532.0,0.8692493331488548,1.0,,7,teacher_candidate,endgame,
endgames_0018,endgames_0018,endgames,train,synthetic_endgame_0018,7K/1P6/8/8/8/1k6/8/8 w - - 0 1,white,h8g7,437.0,0.797788791179091,0.0,,7,teacher_candidate,endgame,
endgames_0019,endgames_0019,endgames,train,synthetic_endgame_0019,8/8/8/5q2/2K5/6k1/8/8 b - - 0 1,black,f5a5,481.0,0.8344155694676939,1.0,,33,teacher_candidate,endgame,
endgames_0019,endgames_0019,endgames,train,synthetic_endgame_0019,8/8/8/5q2/2K5/6k1/8/8 b - - 0 1,black,f5b1,469.0,0.825071959039259,0.0,,33,teacher_candidate,endgame,
endgames_0019,endgames_0019,endgames,train,synthetic_endgame_0019,8/8/8/5q2/2K5/6k1/8/8 b - - 0 1,black,f5b5,-73.0,-0.1805005038603668,0.0,,33,teacher_candidate,endgame,
endgames_0019,endgames_0019,endgames,train,synthetic_endgame_0019,8/8/8/5q2/2K5/6k1/8/8 b - - 0 1,black,f5c2,419.0,0.7808325091874,0.0,,33,teacher_candidate,endgame,
endgames_0019,endgames_0019,endgames,train,synthetic_endgame_0019,8/8/8/5q2/2K5/6k1/8/8 b - - 0 1,black,f5c5,-34.0,-0.08479588154870199,0.0,,33,teacher_candidate,endgame,
endgames_0020,endgames_0020,endgames,train,synthetic_endgame_0020,7k/3K4/8/8/8/8/R7/8 w - - 0 1,white,a2a1,490.0,0.8411229016320433,0.0,,22,teacher_candidate,endgame,
endgames_0020,endgames_0020,endgames,train,synthetic_endgame_0020,7k/3K4/8/8/8/8/R7/8 w - - 0 1,white,a2a3,514.0,0.8578113918314256,1.0,,22,teacher_candidate,endgame,
endgames_0020,endgames_0020,endgames,train,synthetic_endgame_0020,7k/3K4/8/8/8/8/R7/8 w - - 0 1,white,a2a4,507.0,0.853118631283003,0.0,,22,teacher_candidate,endgame,
endgames_0020,endgames_0020,endgames,train,synthetic_endgame_0020,7k/3K4/8/8/8/8/R7/8 w - - 0 1,white,a2a5,511.0,0.855817403604612,0.0,,22,teacher_candidate,endgame,
endgames_0020,endgames_0020,endgames,train,synthetic_endgame_0020,7k/3K4/8/8/8/8/R7/8 w - - 0 1,white,a2a6,511.0,0.855817403604612,0.0,,22,teacher_candidate,endgame,
endgames_0021,endgames_0021,endgames,train,synthetic_endgame_0021,8/7k/5p2/8/8/8/8/7K b - - 0 1,black,f6f5,-18.0,-0.044969649583600245,0.0,,6,teacher_candidate,endgame,
endgames_0021,endgames_0021,endgames,train,synthetic_endgame_0021,8/7k/5p2/8/8/8/8/7K b - - 0 1,black,h7g6,16.0,0.03997868031116357,1.0,,6,teacher_candidate,endgame,
endgames_0021,endgames_0021,endgames,train,synthetic_endgame_0021,8/7k/5p2/8/8/8/8/7K b - - 0 1,black,h7g7,-1.0,-0.0024999947916796877,0.0,,6,teacher_candidate,endgame,
endgames_0021,endgames_0021,endgames,train,synthetic_endgame_0021,8/7k/5p2/8/8/8/8/7K b - - 0 1,black,h7g8,-22.0,-0.05494460868918742,0.0,,6,teacher_candidate,endgame,
endgames_0021,endgames_0021,endgames,train,synthetic_endgame_0021,8/7k/5p2/8/8/8/8/7K b - - 0 1,black,h7h6,6.0,0.01499887510124078,0.0,,6,teacher_candidate,endgame,
endgames_0022,endgames_0022,endgames,train,synthetic_endgame_0022,8/8/8/5Q2/8/4k3/8/3K4 w - - 0 1,white,d1c1,453.0,0.8118731484163844,0.0,,28,teacher_candidate,endgame,
endgames_0022,endgames_0022,endgames,train,synthetic_endgame_0022,8/8/8/5Q2/8/4k3/8/3K4 w - - 0 1,white,d1c2,536.0,0.8716722471896521,0.0,,28,teacher_candidate,endgame,
endgames_0022,endgames_0022,endgames,train,synthetic_endgame_0022,8/8/8/5Q2/8/4k3/8/3K4 w - - 0 1,white,d1e1,518.0,0.8604304342468398,0.0,,28,teacher_candidate,endgame,
endgames_0022,endgames_0022,endgames,train,synthetic_endgame_0022,8/8/8/5Q2/8/4k3/8/3K4 w - - 0 1,white,f5a5,592.0,0.9014679878319467,1.0,,28,teacher_candidate,endgame,
endgames_0022,endgames_0022,endgames,train,synthetic_endgame_0022,8/8/8/5Q2/8/4k3/8/3K4 w - - 0 1,white,f5b1,481.0,0.8344155694676939,0.0,,28,teacher_candidate,endgame,
endgames_0023,endgames_0023,endgames,train,synthetic_endgame_0023,8/8/8/8/2r5/8/2k4K/8 b - - 0 1,black,c2b1,481.0,0.8344155694676939,0.0,,20,teacher_candidate,endgame,
endgames_0023,endgames_0023,endgames,train,synthetic_endgame_0023,8/8/8/8/2r5/8/2k4K/8 b - - 0 1,black,c2b2,459.0,0.8169241874133502,0.0,,20,teacher_candidate,endgame,
endgames_0023,endgames_0023,endgames,train,synthetic_endgame_0023,8/8/8/8/2r5/8/2k4K/8 b - - 0 1,black,c2b3,490.0,0.8411229016320433,1.0,,20,teacher_candidate,endgame,
endgames_0023,endgames_0023,endgames,train,synthetic_endgame_0023,8/8/8/8/2r5/8/2k4K/8 b - - 0 1,black,c2c1,431.0,0.7922701689754607,0.0,,20,teacher_candidate,endgame,
endgames_0023,endgames_0023,endgames,train,synthetic_endgame_0023,8/8/8/8/2r5/8/2k4K/8 b - - 0 1,black,c2c3,480.0,0.8336546070121552,0.0,,20,teacher_candidate,endgame,
endgames_0024,endgames_0024,endgames,train,synthetic_endgame_0024,8/P7/4K3/8/7k/8/8/8 w - - 0 1,white,a7a8b,41.0,0.1021425386146839,0.0,,12,teacher_candidate,endgame,
endgames_0024,endgames_0024,endgames,train,synthetic_endgame_0024,8/P7/4K3/8/7k/8/8/8 w - - 0 1,white,a7a8n,38.0,0.09471523628617855,0.0,,12,teacher_candidate,endgame,
endgames_0024,endgames_0024,endgames,train,synthetic_endgame_0024,8/P7/4K3/8/7k/8/8/8 w - - 0 1,white,a7a8q,521.0,0.8623653574745808,0.0,,12,teacher_candidate,endgame,
endgames_0024,endgames_0024,endgames,train,synthetic_endgame_0024,8/P7/4K3/8/7k/8/8/8 w - - 0 1,white,a7a8r,486.0,0.8381730655690693,0.0,,12,teacher_candidate,endgame,
endgames_0024,endgames_0024,endgames,train,synthetic_endgame_0024,8/P7/4K3/8/7k/8/8/8 w - - 0 1,white,e6d5,523.0,0.8636414743963026,1.0,,12,teacher_candidate,endgame,
endgames_0025,endgames_0025,endgames,train,synthetic_endgame_0025,8/8/8/5k2/8/4R3/5K2/8 w - - 0 1,white,e3a3,471.0,0.8266616689782654,1.0,,21,teacher_candidate,endgame,
endgames_0025,endgames_0025,endgames,train,synthetic_endgame_0025,8/8/8/5k2/8/4R3/5K2/8 w - - 0 1,white,e3b3,460.0,0.8177540779702877,0.0,,21,teacher_candidate,endgame,
endgames_0025,endgames_0025,endgames,train,synthetic_endgame_0025,8/8/8/5k2/8/4R3/5K2/8 w - - 0 1,white,e3c3,471.0,0.8266616689782654,0.0,,21,teacher_candidate,endgame,
endgames_0025,endgames_0025,endgames,train,synthetic_endgame_0025,8/8/8/5k2/8/4R3/5K2/8 w - - 0 1,white,e3d3,471.0,0.8266616689782654,0.0,,21,teacher_candidate,endgame,
endgames_0025,endgames_0025,endgames,train,synthetic_endgame_0025,8/8/8/5k2/8/4R3/5K2/8 w - - 0 1,white,e3e1,387.0,0.7476036243586326,0.0,,21,teacher_candidate,endgame,
endgames_0026,endgames_0026,endgames,train,synthetic_endgame_0026,8/8/K7/8/1p5k/8/8/8 b - - 0 1,black,b4b3,477.0,0.831352607157051,1.0,,6,teacher_candidate,endgame,
endgames_0026,endgames_0026,endgames,train,synthetic_endgame_0026,8/8/K7/8/1p5k/8/8/8 b - - 0 1,black,h4g3,378.0,0.7375110611229533,0.0,,6,teacher_candidate,endgame,
endgames_0026,endgames_0026,endgames,train,synthetic_endgame_0026,8/8/K7/8/1p5k/8/8/8 b - - 0 1,black,h4g4,427.0,0.7885174828580042,0.0,,6,teacher_candidate,endgame,
endgames_0026,endgames_0026,endgames,train,synthetic_endgame_0026,8/8/K7/8/1p5k/8/8/8 b - - 0 1,black,h4g5,385.0,0.7453899238492566,0.0,,6,teacher_candidate,endgame,
endgames_0026,endgames_0026,endgames,train,synthetic_endgame_0026,8/8/K7/8/1p5k/8/8/8 b - - 0 1,black,h4h3,395.0,0.7562942984607639,0.0,,6,teacher_candidate,endgame,
endgames_0027,endgames_0027,endgames,train,synthetic_endgame_0027,1K6/8/8/2k5/8/5r2/8/8 b - - 0 1,black,c5b4,497.0,0.8461671024651277,0.0,,22,teacher_candidate,endgame,
endgames_0027,endgames_0027,endgames,train,synthetic_endgame_0027,1K6/8/8/2k5/8/5r2/8/8 b - - 0 1,black,c5b5,514.0,0.8578113918314256,0.0,,22,teacher_candidate,endgame,
endgames_0027,endgames_0027,endgames,train,synthetic_endgame_0027,1K6/8/8/2k5/8/5r2/8/8 b - - 0 1,black,c5b6,515.0,0.8584703762877184,0.0,,22,teacher_candidate,endgame,
endgames_0027,endgames_0027,endgames,train,synthetic_endgame_0027,1K6/8/8/2k5/8/5r2/8/8 b - - 0 1,black,c5c4,495.0,0.8447410748870232,0.0,,22,teacher_candidate,endgame,
endgames_0027,endgames_0027,endgames,train,synthetic_endgame_0027,1K6/8/8/2k5/8/5r2/8/8 b - - 0 1,black,c5c6,545.0,0.8769716366107312,1.0,,22,teacher_candidate,endgame,
endgames_0028,endgames_0028,endgames,train,synthetic_endgame_0028,8/2k5/6q1/8/8/8/5K2/8 b - - 0 1,black,c7b6,470.0,0.8258684551194575,0.0,,31,teacher_candidate,endgame,
endgames_0028,endgames_0028,endgames,train,synthetic_endgame_0028,8/2k5/6q1/8/8/8/5K2/8 b - - 0 1,black,c7b7,471.0,0.8266616689782654,0.0,,31,teacher_candidate,endgame,
endgames_0028,endgames_0028,endgames,train,synthetic_endgame_0028,8/2k5/6q1/8/8/8/5K2/8 b - - 0 1,black,c7b8,447.0,0.806697578116818,0.0,,31,teacher_candidate,endgame,
endgames_0028,endgames_0028,endgames,train,synthetic_endgame_0028,8/2k5/6q1/8/8/8/5K2/8 b - - 0 1,black,c7c6,478.0,0.8321231362048838,1.0,,31,teacher_candidate,endgame,
endgames_0028,endgames_0028,endgames,train,synthetic_endgame_0028,8/2k5/6q1/8/8/8/5K2/8 b - - 0 1,black,c7c8,470.0,0.8258684551194575,0.0,,31,teacher_candidate,endgame,
endgames_0029,endgames_0029,endgames,train,synthetic_endgame_0029,8/4K3/8/k7/8/P7/8/8 w - - 0 1,white,a3a4,-12.0,-0.029991003238820143,0.0,,9,teacher_candidate,endgame,
endgames_0029,endgames_0029,endgames,train,synthetic_endgame_0029,8/4K3/8/k7/8/P7/8/8 w - - 0 1,white,e7d6,14.0,0.03498571533277944,1.0,,9,teacher_candidate,endgame,
endgames_0029,endgames_0029,endgames,train,synthetic_endgame_0029,8/4K3/8/k7/8/P7/8/8 w - - 0 1,white,e7d7,7.0,0.01749821376048069,0.0,,9,teacher_candidate,endgame,
endgames_0029,endgames_0029,endgames,train,synthetic_endgame_0029,8/4K3/8/k7/8/P7/8/8 w - - 0 1,white,e7d8,-8.0,-0.019997333759930933,0.0,,9,teacher_candidate,endgame,
endgames_0029,endgames_0029,endgames,train,synthetic_endgame_0029,8/4K3/8/k7/8/P7/8/8 w - - 0 1,white,e7e6,5.0,0.012499348999020865,0.0,,9,teacher_candidate,endgame,
endgames_0030,endgames_0030,endgames,train,synthetic_endgame_0030,8/8/R3K3/8/3k4/8/8/8 w - - 0 1,white,a6a1,491.0,0.8418526462603199,1.0,,16,teacher_candidate,endgame,
endgames_0030,endgames_0030,endgames,train,synthetic_endgame_0030,8/8/R3K3/8/3k4/8/8/8 w - - 0 1,white,a6a2,471.0,0.8266616689782654,0.0,,16,teacher_candidate,endgame,
endgames_0030,endgames_0030,endgames,train,synthetic_endgame_0030,8/8/R3K3/8/3k4/8/8/8 w - - 0 1,white,a6a3,490.0,0.8411229016320433,0.0,,16,teacher_candidate,endgame,
endgames_0030,endgames_0030,endgames,train,synthetic_endgame_0030,8/8/R3K3/8/3k4/8/8/8 w - - 0 1,white,a6a4,474.0,0.829021721130387,0.0,,16,teacher_candidate,endgame,
endgames_0030,endgames_0030,endgames,train,synthetic_endgame_0030,8/8/R3K3/8/3k4/8/8/8 w - - 0 1,white,a6a5,476.0,0.8305788685385285,0.0,,16,teacher_candidate,endgame,
endgames_0031,endgames_0031,endgames,train,synthetic_endgame_0031,8/8/8/8/p7/6k1/8/3K4 b - - 0 1,black,a4a3,12.0,0.029991003238820143,0.0,,9,teacher_candidate,endgame,
endgames_0031,endgames_0031,endgames,train,synthetic_endgame_0031,8/8/8/8/p7/6k1/8/3K4 b - - 0 1,black,g3f2,15.0,0.03748243175707047,1.0,,9,teacher_candidate,endgame,
endgames_0031,endgames_0031,endgames,train,synthetic_endgame_0031,8/8/8/8/p7/6k1/8/3K4 b - - 0 1,black,g3f3,4.0,0.00999966667999946,0.0,,9,teacher_candidate,endgame,
endgames_0031,endgames_0031,endgames,train,synthetic_endgame_0031,8/8/8/8/p7/6k1/8/3K4 b - - 0 1,black,g3f4,1.0,0.0024999947916796877,0.0,,9,teacher_candidate,endgame,
endgames_0031,endgames_0031,endgames,train,synthetic_endgame_0031,8/8/8/8/p7/6k1/8/3K4 b - - 0 1,black,g3g2,-3.0,-0.00749985937816399,0.0,,9,teacher_candidate,endgame,
endgames_0032,endgames_0032,endgames,train,synthetic_endgame_0032,8/8/2K5/4k3/8/8/8/6r1 b - - 0 1,black,e5d4,453.0,0.8118731484163844,0.0,,20,teacher_candidate,endgame,
endgames_0032,endgames_0032,endgames,train,synthetic_endgame_0032,8/8/2K5/4k3/8/8/8/6r1 b - - 0 1,black,e5e4,487.0,0.8389151737656423,0.0,,20,teacher_candidate,endgame,
endgames_0032,endgames_0032,endgames,train,synthetic_endgame_0032,8/8/2K5/4k3/8/8/8/6r1 b - - 0 1,black,e5e6,471.0,0.8266616689782654,0.0,,20,teacher_candidate,endgame,
endgames_0032,endgames_0032,endgames,train,synthetic_endgame_0032,8/8/2K5/4k3/8/8/8/6r1 b - - 0 1,black,e5f4,468.0,0.8242721703413975,0.0,,20,teacher_candidate,endgame,
endgames_0032,endgames_0032,endgames,train,synthetic_endgame_0032,8/8/2K5/4k3/8/8/8/6r1 b - - 0 1,black,e5f5,493.0,0.8433029500738807,1.0,,20,teacher_candidate,endgame,
endgames_0033,endgames_0033,endgames,train,synthetic_endgame_0033,7k/8/8/8/8/8/5P2/2K5 w - - 0 1,white,c1b1,20.0,0.04995837495787998,0.0,,7,teacher_candidate,endgame,
endgames_0033,endgames_0033,endgames,train,synthetic_endgame_0033,7k/8/8/8/8/8/5P2/2K5 w - - 0 1,white,c1b2,28.0,0.06988589031642899,0.0,,7,teacher_candidate,endgame,
endgames_0033,endgames_0033,endgames,train,synthetic_endgame_0033,7k/8/8/8/8/8/5P2/2K5 w - - 0 1,white,c1c2,65.0,0.1610846096413192,0.0,,7,teacher_candidate,endgame,
endgames_0033,endgames_0033,endgames,train,synthetic_endgame_0033,7k/8/8/8/8/8/5P2/2K5 w - - 0 1,white,c1d1,130.0,0.3140209253469976,0.0,,7,teacher_candidate,endgame,
endgames_0033,endgames_0033,endgames,train,synthetic_endgame_0033,7k/8/8/8/8/8/5P2/2K5 w - - 0 1,white,c1d2,317.0,0.6598229495293471,1.0,,7,teacher_candidate,endgame,
endgames_0034,endgames_0034,endgames,train,synthetic_endgame_0034,1q6/8/8/8/8/8/3K4/1k6 b - - 0 1,black,b1a1,499.0,0.8475811144033204,0.0,,23,teacher_candidate,endgame,
endgames_0034,endgames_0034,endgames,train,synthetic_endgame_0034,1q6/8/8/8/8/8/3K4/1k6 b - - 0 1,black,b1a2,517.0,0.8597798875571636,0.0,,23,teacher_candidate,endgame,
endgames_0034,endgames_0034,endgames,train,synthetic_endgame_0034,1q6/8/8/8/8/8/3K4/1k6 b - - 0 1,black,b1b2,480.0,0.8336546070121552,0.0,,23,teacher_candidate,endgame,
endgames_0034,endgames_0034,endgames,train,synthetic_endgame_0034,1q6/8/8/8/8/8/3K4/1k6 b - - 0 1,black,b8a7,506.0,0.8524367067950694,0.0,,23,teacher_candidate,endgame,
endgames_0034,endgames_0034,endgames,train,synthetic_endgame_0034,1q6/8/8/8/8/8/3K4/1k6 b - - 0 1,black,b8a8,518.0,0.8604304342468398,1.0,,23,teacher_candidate,endgame,
endgames_0035,endgames_0035,endgames,train,synthetic_endgame_0035,8/8/1R6/8/8/8/3K1k2/8 w - - 0 1,white,b6a6,439.0,0.7995992196179786,1.0,,19,teacher_candidate,endgame,
endgames_0035,endgames_0035,endgames,train,synthetic_endgame_0035,8/8/1R6/8/8/8/3K1k2/8 w - - 0 1,white,b6b1,418.0,0.779854851274994,0.0,,19,teacher_candidate,endgame,
endgames_0035,endgames_0035,endgames,train,synthetic_endgame_0035,8/8/1R6/8/8/8/3K1k2/8 w - - 0 1,white,b6b2,416.0,0.7778880665771849,0.0,,19,teacher_candidate,endgame,
endgames_0035,endgames_0035,endgames,train,synthetic_endgame_0035,8/8/1R6/8/8/8/3K1k2/8 w - - 0 1,white,b6b3,403.0,0.7647260157498459,0.0,,19,teacher_candidate,endgame,
endgames_0035,endgames_0035,endgames,train,synthetic_endgame_0035,8/8/1R6/8/8/8/3K1k2/8 w - - 0 1,white,b6b4,427.0,0.7885174828580042,0.0,,19,teacher_candidate,endgame,
endgames_0036,endgames_0036,endgames,train,synthetic_endgame_0036,8/8/8/8/4k3/8/3Q2K1/8 w - - 0 1,white,d2a2,424.0,0.7856638590269437,0.0,,28,teacher_candidate,endgame,
endgames_0036,endgames_0036,endgames,train,synthetic_endgame_0036,8/8/8/8/4k3/8/3Q2K1/8 w - - 0 1,white,d2a5,486.0,0.8381730655690693,1.0,,28,teacher_candidate,endgame,
endgames_0036,endgames_0036,endgames,train,synthetic_endgame_0036,8/8/8/8/4k3/8/3Q2K1/8 w - - 0 1,white,d2b2,445.0,0.8049443259184149,0.0,,28,teacher_candidate,endgame,
endgames_0036,endgames_0036,endgames,train,synthetic_endgame_0036,8/8/8/8/4k3/8/3Q2K1/8 w - - 0 1,white,d2b4,437.0,0.797788791179091,0.0,,28,teacher_candidate,endgame,
endgames_0036,endgames_0036,endgames,train,synthetic_endgame_0036,8/8/8/8/4k3/8/3Q2K1/8 w - - 0 1,white,d2c1,463.0,0.820223473492082,0.0,,28,teacher_candidate,endgame,
endgames_0037,endgames_0037,endgames,train,synthetic_endgame_0037,6k1/8/8/8/3r4/6K1/8/8 b - - 0 1,black,d4a4,447.0,0.806697578116818,0.0,,19,teacher_candidate,endgame,
endgames_0037,endgames_0037,endgames,train,synthetic_endgame_0037,6k1/8/8/8/3r4/6K1/8/8 b - - 0 1,black,d4b4,451.0,0.8101619061641351,1.0,,19,teacher_candidate,endgame,
endgames_0037,endgames_0037,endgames,train,synthetic_endgame_0037,6k1/8/8/8/3r4/6K1/8/8 b - - 0 1,black,d4c4,446.0,0.8058227180270021,0.0,,19,teacher_candidate,endgame,
endgames_0037,endgames_0037,endgames,train,synthetic_endgame_0037,6k1/8/8/8/3r4/6K1/8/8 b - - 0 1,black,d4d1,443.0,0.8031769041052467,0.0,,19,teacher_candidate,endgame,
endgames_0037,endgames_0037,endgames,train,synthetic_endgame_0037,6k1/8/8/8/3r4/6K1/8/8 b - - 0 1,black,d4d2,442.0,0.8022878536436613,0.0,,19,teacher_candidate,endgame,
endgames_0038,endgames_0038,endgames,train,synthetic_endgame_0038,8/8/6k1/8/2P5/8/3K4/8 w - - 0 1,white,c4c5,-26.0,-0.06490861277463751,0.0,,9,teacher_candidate,endgame,
endgames_0038,endgames_0038,endgames,train,synthetic_endgame_0038,8/8/6k1/8/2P5/8/3K4/8 w - - 0 1,white,d2c1,20.0,0.04995837495787998,0.0,,9,teacher_candidate,endgame,
endgames_0038,endgames_0038,endgames,train,synthetic_endgame_0038,8/8/6k1/8/2P5/8/3K4/8 w - - 0 1,white,d2c2,311.0,0.6512694287651738,0.0,,9,teacher_candidate,endgame,
endgames_0038,endgames_0038,endgames,train,synthetic_endgame_0038,8/8/6k1/8/2P5/8/3K4/8 w - - 0 1,white,d2c3,368.0,0.7258974148490807,1.0,,9,teacher_candidate,endgame,
endgames_0038,endgames_0038,endgames,train,synthetic_endgame_0038,8/8/6k1/8/2P5/8/3K4/8 w - - 0 1,white,d2d1,-41.0,-0.1021425386146839,0.0,,9,teacher_candidate,endgame,
endgames_0039,endgames_0039,endgames,train,synthetic_endgame_0039,8/1K6/8/8/1k6/q7/8/8 b - - 0 1,black,a3a1,570.0,0.8906373655681185,0.0,,23,teacher_candidate,endgame,
endgames_0039,endgames_0039,endgames,train,synthetic_endgame_0039,8/1K6/8/8/1k6/q7/8/8 b - - 0 1,black,a3a2,522.0,0.8630047925513478,0.0,,23,teacher_candidate,endgame,
endgames_0039,endgames_0039,endgames,train,synthetic_endgame_0039,8/1K6/8/8/1k6/q7/8/8 b - - 0 1,black,a3a4,630.0,0.91781744359907,0.0,,23,teacher_candidate,endgame,
endgames_0039,endgames_0039,endgames,train,synthetic_endgame_0039,8/1K6/8/8/1k6/q7/8/8 b - - 0 1,black,a3a5,646.0,0.9238955058580158,1.0,,23,teacher_candidate,endgame,
endgames_0039,endgames_0039,endgames,train,synthetic_endgame_0039,8/1K6/8/8/1k6/q7/8/8 b - - 0 1,black,a3a6,-5.0,-0.012499348999020865,0.0,,23,teacher_candidate,endgame,
endgames_0040,endgames_0040,endgames,train,synthetic_endgame_0040,8/8/8/k7/2R2K2/8/8/8 w - - 0 1,white,c4a4,155.0,0.3692030006468615,0.0,,19,teacher_candidate,endgame,
endgames_0040,endgames_0040,endgames,train,synthetic_endgame_0040,8/8/8/k7/2R2K2/8/8/8 w - - 0 1,white,c4b4,-22.0,-0.05494460868918742,0.0,,19,teacher_candidate,endgame,
endgames_0040,endgames_0040,endgames,train,synthetic_endgame_0040,8/8/8/k7/2R2K2/8/8/8 w - - 0 1,white,c4c1,410.0,0.7718952374404182,0.0,,19,teacher_candidate,endgame,
endgames_0040,endgames_0040,endgames,train,synthetic_endgame_0040,8/8/8/k7/2R2K2/8/8/8 w - - 0 1,white,c4c2,378.0,0.7375110611229533,0.0,,19,teacher_candidate,endgame,
endgames_0040,endgames_0040,endgames,train,synthetic_endgame_0040,8/8/8/k7/2R2K2/8/8/8 w - - 0 1,white,c4c3,412.0,0.7739083398558421,1.0,,19,teacher_candidate,endgame,
endgames_0041,endgames_0041,endgames,train,synthetic_endgame_0041,1k4K1/8/8/7Q/8/8/8/8 w - - 0 1,white,g8f7,495.0,0.8447410748870232,0.0,,26,teacher_candidate,endgame,
endgames_0041,endgames_0041,endgames,train,synthetic_endgame_0041,1k4K1/8/8/7Q/8/8/8/8 w - - 0 1,white,g8f8,501.0,0.8489831921189297,0.0,,26,teacher_candidate,endgame,
endgames_0041,endgames_0041,endgames,train,synthetic_endgame_0041,1k4K1/8/8/7Q/8/8/8/8 w - - 0 1,white,g8g7,597.0,0.9037837161222545,0.0,,26,teacher_candidate,endgame,
endgames_0041,endgames_0041,endgames,train,synthetic_endgame_0041,1k4K1/8/8/7Q/8/8/8/8 w - - 0 1,white,g8h7,620.0,0.9137854901178277,1.0,,26,teacher_candidate,endgame,
endgames_0041,endgames_0041,endgames,train,synthetic_endgame_0041,1k4K1/8/8/7Q/8/8/8/8 w - - 0 1,white,g8h8,494.0,0.8440235297412673,0.0,,26,teacher_candidate,endgame,
endgames_0042,endgames_0042,endgames,train,synthetic_endgame_0042,8/2P5/8/8/4k3/8/7K/8 w - - 0 1,white,c7c8b,-51.0,-0.1268135725243873,0.0,,9,teacher_candidate,endgame,
endgames_0042,endgames_0042,endgames,train,synthetic_endgame_0042,8/2P5/8/8/4k3/8/7K/8 w - - 0 1,white,c7c8n,-59.0,-0.14643954535966971,0.0,,9,teacher_candidate,endgame,
endgames_0042,endgames_0042,endgames,train,synthetic_endgame_0042,8/2P5/8/8/4k3/8/7K/8 w - - 0 1,white,c7c8q,447.0,0.806697578116818,0.0,,9,teacher_candidate,endgame,
endgames_0042,endgames_0042,endgames,train,synthetic_endgame_0042,8/2P5/8/8/4k3/8/7K/8 w - - 0 1,white,c7c8r,429.0,0.7904012411743512,0.0,,9,teacher_candidate,endgame,
endgames_0042,endgames_0042,endgames,train,synthetic_endgame_0042,8/2P5/8/8/4k3/8/7K/8 w - - 0 1,white,h2g1,476.0,0.8305788685385285,1.0,,9,teacher_candidate,endgame,
endgames_0043,endgames_0043,endgames,train,synthetic_endgame_0043,8/8/8/8/8/2K5/6k1/6q1 b - - 0 1,black,g1a1,463.0,0.820223473492082,0.0,,21,teacher_candidate,endgame,
endgames_0043,endgames_0043,endgames,train,synthetic_endgame_0043,8/8/8/8/8/2K5/6k1/6q1 b - - 0 1,black,g1a7,414.0,0.7759059228860193,0.0,,21,teacher_candidate,endgame,
endgames_0043,endgames_0043,endgames,train,synthetic_endgame_0043,8/8/8/8/8/2K5/6k1/6q1 b - - 0 1,black,g1b1,488.0,0.8396541756543754,0.0,,21,teacher_candidate,endgame,
endgames_0043,endgames_0043,endgames,train,synthetic_endgame_0043,8/8/8/8/8/2K5/6k1/6q1 b - - 0 1,black,g1b6,514.0,0.8578113918314256,1.0,,21,teacher_candidate,endgame,
endgames_0043,endgames_0043,endgames,train,synthetic_endgame_0043,8/8/8/8/8/2K5/6k1/6q1 b - - 0 1,black,g1c1,514.0,0.8578113918314256,0.0,,21,teacher_candidate,endgame,
endgames_0044,endgames_0044,endgames,train,synthetic_endgame_0044,8/2k5/8/1p6/3K4/8/8/8 b - - 0 1,black,b5b4,20.0,0.04995837495787998,0.0,,9,teacher_candidate,endgame,
endgames_0044,endgames_0044,endgames,train,synthetic_endgame_0044,8/2k5/8/1p6/3K4/8/8/8 b - - 0 1,black,c7b6,19.0,0.04746430825312217,0.0,,9,teacher_candidate,endgame,
endgames_0044,endgames_0044,endgames,train,synthetic_endgame_0044,8/2k5/8/1p6/3K4/8/8/8 b - - 0 1,black,c7b7,27.0,0.06739767086580163,0.0,,9,teacher_candidate,endgame,
endgames_0044,endgames_0044,endgames,train,synthetic_endgame_0044,8/2k5/8/1p6/3K4/8/8/8 b - - 0 1,black,c7b8,23.0,0.05743671390287926,0.0,,9,teacher_candidate,endgame,
endgames_0044,endgames_0044,endgames,train,synthetic_endgame_0044,8/2k5/8/1p6/3K4/8/8/8 b - - 0 1,black,c7c6,29.0,0.07237324046358946,1.0,,9,teacher_candidate,endgame,
endgames_0045,endgames_0045,endgames,train,synthetic_endgame_0045,8/8/4r3/1K6/6k1/8/8/8 b - - 0 1,black,e6a6,-49.0,-0.12189090064943241,0.0,,22,teacher_candidate,endgame,
endgames_0045,endgames_0045,endgames,train,synthetic_endgame_0045,8/8/4r3/1K6/6k1/8/8/8 b - - 0 1,black,e6b6,-94.0,-0.23076751278236432,0.0,,22,teacher_candidate,endgame,
endgames_0045,endgames_0045,endgames,train,synthetic_endgame_0045,8/8/4r3/1K6/6k1/8/8/8 b - - 0 1,black,e6c6,-81.0,-0.1997767377279966,0.0,,22,teacher_candidate,endgame,
endgames_0045,endgames_0045,endgames,train,synthetic_endgame_0045,8/8/4r3/1K6/6k1/8/8/8 b - - 0 1,black,e6d6,392.0,0.753065904869552,0.0,,22,teacher_candidate,endgame,
endgames_0045,endgames_0045,endgames,train,synthetic_endgame_0045,8/8/4r3/1K6/6k1/8/8/8 b - - 0 1,black,e6e1,424.0,0.7856638590269437,1.0,,22,teacher_candidate,endgame,
endgames_0046,endgames_0046,endgames,train,synthetic_endgame_0046,8/8/8/8/8/3K2P1/6k1/8 w - - 0 1,white,d3c2,-59.0,-0.14643954535966971,1.0,,9,teacher_candidate,endgame,
endgames_0046,endgames_0046,endgames,train,synthetic_endgame_0046,8/8/8/8/8/3K2P1/6k1/8 w - - 0 1,white,d3c3,-72.0,-0.1780808681173302,0.0,,9,teacher_candidate,endgame,
endgames_0046,endgames_0046,endgames,train,synthetic_endgame_0046,8/8/8/8/8/3K2P1/6k1/8 w - - 0 1,white,d3c4,-60.0,-0.14888503362331798,0.0,,9,teacher_candidate,endgame,
endgames_0046,endgames_0046,endgames,train,synthetic_endgame_0046,8/8/8/8/8/3K2P1/6k1/8 w - - 0 1,white,d3d2,-102.0,-0.2496129489368586,0.0,,9,teacher_candidate,endgame,
endgames_0046,endgames_0046,endgames,train,synthetic_endgame_0046,8/8/8/8/8/3K2P1/6k1/8 w - - 0 1,white,d3d4,-64.0,-0.1586485042974989,0.0,,9,teacher_candidate,endgame,
endgames_0047,endgames_0047,endgames,train,synthetic_endgame_0047,8/8/6K1/8/8/8/1q4k1/8 b - - 0 1,black,b2a1,581.0,0.8961861040480193,0.0,,29,teacher_candidate,endgame,
endgames_0047,endgames_0047,endgames,train,synthetic_endgame_0047,8/8/6K1/8/8/8/1q4k1/8 b - - 0 1,black,b2a2,581.0,0.8961861040480193,0.0,,29,teacher_candidate,endgame,
endgames_0047,endgames_0047,endgames,train,synthetic_endgame_0047,8/8/6K1/8/8/8/1q4k1/8 b - - 0 1,black,b2a3,581.0,0.8961861040480193,0.0,,29,teacher_candidate,endgame,
endgames_0047,endgames_0047,endgames,train,synthetic_endgame_0047,8/8/6K1/8/8/8/1q4k1/8 b - - 0 1,black,b2b1,582.0,0.8966771290678304,1.0,,29,teacher_candidate,endgame,
endgames_0047,endgames_0047,endgames,train,synthetic_endgame_0047,8/8/6K1/8/8/8/1q4k1/8 b - - 0 1,black,b2b3,579.0,0.8951974297716623,0.0,,29,teacher_candidate,endgame,
endgames_0048,endgames_0048,endgames,train,synthetic_endgame_0048,6K1/8/8/8/R7/3k4/8/8 w - - 0 1,white,a4a1,468.0,0.8242721703413975,1.0,,19,teacher_candidate,endgame,
endgames_0048,endgames_0048,endgames,train,synthetic_endgame_0048,6K1/8/8/8/R7/3k4/8/8 w - - 0 1,white,a4a2,452.0,0.8110192620996813,0.0,,19,teacher_candidate,endgame,
endgames_0048,endgames_0048,endgames,train,synthetic_endgame_0048,6K1/8/8/8/R7/3k4/8/8 w - - 0 1,white,a4a3,448.0,0.8075689165786144,0.0,,19,teacher_candidate,endgame,
endgames_0048,endgames_0048,endgames,train,synthetic_endgame_0048,6K1/8/8/8/R7/3k4/8/8 w - - 0 1,white,a4a5,446.0,0.8058227180270021,0.0,,19,teacher_candidate,endgame,
endgames_0048,endgames_0048,endgames,train,synthetic_endgame_0048,6K1/8/8/8/R7/3k4/8/8 w - - 0 1,white,a4a6,458.0,0.8160909001379913,0.0,,19,teacher_candidate,endgame,
endgames_0049,endgames_0049,endgames,train,synthetic_endgame_0049,8/8/8/2K5/8/p4k2/8/8 b - - 0 1,black,a3a2,520.0,0.8617231593133063,1.0,,9,teacher_candidate,endgame,
endgames_0049,endgames_0049,endgames,train,synthetic_endgame_0049,8/8/8/2K5/8/p4k2/8/8 b - - 0 1,black,f3e2,423.0,0.7847051472096467,0.0,,9,teacher_candidate,endgame,
endgames_0049,endgames_0049,endgames,train,synthetic_endgame_0049,8/8/8/2K5/8/p4k2/8/8 b - - 0 1,black,f3e3,467.0,0.8234690786261251,0.0,,9,teacher_candidate,endgame,
endgames_0049,endgames_0049,endgames,train,synthetic_endgame_0049,8/8/8/2K5/8/p4k2/8/8 b - - 0 1,black,f3e4,483.0,0.8359280001726355,0.0,,9,teacher_candidate,endgame,
endgames_0049,endgames_0049,endgames,train,synthetic_endgame_0049,8/8/8/2K5/8/p4k2/8/8 b - - 0 1,black,f3f2,465.0,0.8218529445288736,0.0,,9,teacher_candidate,endgame,
endgames_0050,endgames_0050,endgames,train,synthetic_endgame_0050,6q1/8/8/8/3k4/8/8/3K4 b - - 0 1,black,d4c3,531.0,0.8686369897347581,0.0,,29,teacher_candidate,endgame,
endgames_0050,endgames_0050,endgames,train,synthetic_endgame_0050,6q1/8/8/8/3k4/8/8/3K4 b - - 0 1,black,d4c4,560.0,0.8853516482022625,0.0,,29,teacher_candidate,endgame,
endgames_0050,endgames_0050,endgames,train,synthetic_endgame_0050,6q1/8/8/8/3k4/8/8/3K4 b - - 0 1,black,d4c5,518.0,0.8604304342468398,0.0,,29,teacher_candidate,endgame,
endgames_0050,endgames_0050,endgames,train,synthetic_endgame_0050,6q1/8/8/8/3k4/8/8/3K4 b - - 0 1,black,d4d3,703.0,0.9422231290637216,1.0,,29,teacher_candidate,endgame,
endgames_0050,endgames_0050,endgames,train,synthetic_endgame_0050,6q1/8/8/8/3k4/8/8/3K4 b - - 0 1,black,d4d5,559.0,0.8848100694639156,0.0,,29,teacher_candidate,endgame,
endgames_0051,endgames_0051,endgames,train,synthetic_endgame_0051,8/8/8/8/6K1/1k6/6Q1/8 w - - 0 1,white,g2a2,-1.0,-0.0024999947916796877,0.0,,26,teacher_candidate,endgame,
endgames_0051,endgames_0051,endgames,train,synthetic_endgame_0051,8/8/8/8/6K1/1k6/6Q1/8 w - - 0 1,white,g2a8,457.0,0.8152542057275878,0.0,,26,teacher_candidate,endgame,
endgames_0051,endgames_0051,endgames,train,synthetic_endgame_0051,8/8/8/8/6K1/1k6/6Q1/8 w - - 0 1,white,g2b2,37.0,0.09223708209155926,0.0,,26,teacher_candidate,endgame,
endgames_0051,endgames_0051,endgames,train,synthetic_endgame_0051,8/8/8/8/6K1/1k6/6Q1/8 w - - 0 1,white,g2b7,494.0,0.8440235297412673,1.0,,26,teacher_candidate,endgame,
endgames_0051,endgames_0051,endgames,train,synthetic_endgame_0051,8/8/8/8/6K1/1k6/6Q1/8 w - - 0 1,white,g2c2,-52.0,-0.12927258360605834,0.0,,26,teacher_candidate,endgame,
endgames_0052,endgames_0052,endgames,train,synthetic_endgame_0052,8/4K3/8/8/6P1/8/3k4/8 w - - 0 1,white,e7d6,449.0,0.8084367438073445,1.0,,9,teacher_candidate,endgame,
endgames_0052,endgames_0052,endgames,train,synthetic_endgame_0052,8/4K3/8/8/6P1/8/3k4/8 w - - 0 1,white,e7d7,428.0,0.7894612209549805,0.0,,9,teacher_candidate,endgame,
endgames_0052,endgames_0052,endgames,train,synthetic_endgame_0052,8/4K3/8/8/6P1/8/3k4/8 w - - 0 1,white,e7d8,389.0,0.7498008369323694,0.0,,9,teacher_candidate,endgame,
endgames_0052,endgames_0052,endgames,train,synthetic_endgame_0052,8/4K3/8/8/6P1/8/3k4/8 w - - 0 1,white,e7e6,440.0,0.8004990217606297,0.0,,9,teacher_candidate,endgame,
endgames_0052,endgames_0052,endgames,train,synthetic_endgame_0052,8/4K3/8/8/6P1/8/3k4/8 w - - 0 1,white,e7e8,396.0,0.7573623242165263,0.0,,9,teacher_candidate,endgame,
endgames_0053,endgames_0053,endgames,train,synthetic_endgame_0053,8/8/5k2/3q4/8/K7/8/8 b - - 0 1,black,d5a2,4.0,0.00999966667999946,0.0,,35,teacher_candidate,endgame,
endgames_0053,endgames_0053,endgames,train,synthetic_endgame_0053,8/8/5k2/3q4/8/K7/8/8 b - - 0 1,black,d5a5,394.0,0.7552222263539022,0.0,,35,teacher_candidate,endgame,
endgames_0053,endgames_0053,endgames,train,synthetic_endgame_0053,8/8/5k2/3q4/8/K7/8/8 b - - 0 1,black,d5a8,477.0,0.831352607157051,1.0,,35,teacher_candidate,endgame,
endgames_0053,endgames_0053,endgames,train,synthetic_endgame_0053,8/8/5k2/3q4/8/K7/8/8 b - - 0 1,black,d5b3,-24.0,-0.059928103529143496,0.0,,35,teacher_candidate,endgame,
endgames_0053,endgames_0053,endgames,train,synthetic_endgame_0053,8/8/5k2/3q4/8/K7/8/8 b - - 0 1,black,d5b5,470.0,0.8258684551194575,0.0,,35,teacher_candidate,endgame,
endgames_0054,endgames_0054,endgames,train,synthetic_endgame_0054,8/8/5R2/6K1/8/8/7k/8 w - - 0 1,white,f6a6,438.0,0.7986958128717863,0.0,,21,teacher_candidate,endgame,
endgames_0054,endgames_0054,endgames,train,synthetic_endgame_0054,8/8/5R2/6K1/8/8/7k/8 w - - 0 1,white,f6b6,426.0,0.7875700166496489,0.0,,21,teacher_candidate,endgame,
endgames_0054,endgames_0054,endgames,train,synthetic_endgame_0054,8/8/5R2/6K1/8/8/7k/8 w - - 0 1,white,f6c6,552.0,0.880951268046997,1.0,,21,teacher_candidate,endgame,
endgames_0054,endgames_0054,endgames,train,synthetic_endgame_0054,8/8/5R2/6K1/8/8/7k/8 w - - 0 1,white,f6d6,469.0,0.825071959039259,0.0,,21,teacher_candidate,endgame,
endgames_0054,endgames_0054,endgames,train,synthetic_endgame_0054,8/8/5R2/6K1/8/8/7k/8 w - - 0 1,white,f6e6,433.0,0.7941243483656557,0.0,,21,teacher_candidate,endgame,
endgames_0055,endgames_0055,endgames,train,synthetic_endgame_0055,8/8/7K/3k4/2p5/8/8/8 b - - 0 1,black,c4c3,540.0,0.874053287886007,1.0,,8,teacher_candidate,endgame,
endgames_0055,endgames_0055,endgames,train,synthetic_endgame_0055,8/8/7K/3k4/2p5/8/8/8 b - - 0 1,black,d5c5,506.0,0.8524367067950694,0.0,,8,teacher_candidate,endgame,
endgames_0055,endgames_0055,endgames,train,synthetic_endgame_0055,8/8/7K/3k4/2p5/8/8/8 b - - 0 1,black,d5c6,492.0,0.8425793256589296,0.0,,8,teacher_candidate,endgame,
endgames_0055,endgames_0055,endgames,train,synthetic_endgame_0055,8/8/7K/3k4/2p5/8/8/8 b - - 0 1,black,d5d4,506.0,0.8524367067950694,0.0,,8,teacher_candidate,endgame,
endgames_0055,endgames_0055,endgames,train,synthetic_endgame_0055,8/8/7K/3k4/2p5/8/8/8 b - - 0 1,black,d5d6,506.0,0.8524367067950694,0.0,,8,teacher_candidate,endgame,
endgames_0056,endgames_0056,endgames,train,synthetic_endgame_0056,8/8/K2P4/6k1/8/8/8/8 w - - 0 1,white,a6a5,503.0,0.8503734168441159,0.0,,6,teacher_candidate,endgame,
endgames_0056,endgames_0056,endgames,train,synthetic_endgame_0056,8/8/K2P4/6k1/8/8/8/8 w - - 0 1,white,a6a7,504.0,0.8510641096679439,0.0,,6,teacher_candidate,endgame,
endgames_0056,endgames_0056,endgames,train,synthetic_endgame_0056,8/8/K2P4/6k1/8/8/8/8 w - - 0 1,white,a6b5,505.0,0.8517518696186737,0.0,,6,teacher_candidate,endgame,
endgames_0056,endgames_0056,endgames,train,synthetic_endgame_0056,8/8/K2P4/6k1/8/8/8/8 w - - 0 1,white,a6b6,533.0,0.8698590209439497,1.0,,6,teacher_candidate,endgame,
endgames_0056,endgames_0056,endgames,train,synthetic_endgame_0056,8/8/K2P4/6k1/8/8/8/8 w - - 0 1,white,a6b7,515.0,0.8584703762877184,0.0,,6,teacher_candidate,endgame,
endgames_0057,endgames_0057,endgames,train,synthetic_endgame_0057,8/8/8/3R4/8/8/3K4/1k6 w - - 0 1,white,d2c3,478.0,0.8321231362048838,0.0,,18,teacher_candidate,endgame,
endgames_0057,endgames_0057,endgames,train,synthetic_endgame_0057,8/8/8/3R4/8/8/3K4/1k6 w - - 0 1,white,d2d1,469.0,0.825071959039259,0.0,,18,teacher_candidate,endgame,
endgames_0057,endgames_0057,endgames,train,synthetic_endgame_0057,8/8/8/3R4/8/8/3K4/1k6 w - - 0 1,white,d2d3,508.0,0.8537976531552436,1.0,,18,teacher_candidate,endgame,
endgames_0057,endgames_0057,endgames,train,synthetic_endgame_0057,8/8/8/3R4/8/8/3K4/1k6 w - - 0 1,white,d2e1,433.0,0.7941243483656557,0.0,,18,teacher_candidate,endgame,
endgames_0057,endgames_0057,endgames,train,synthetic_endgame_0057,8/8/8/3R4/8/8/3K4/1k6 w - - 0 1,white,d2e2,456.0,0.814414093765686,0.0,,18,teacher_candidate,endgame,
endgames_0058,endgames_0058,endgames,train,synthetic_endgame_0058,4K1Q1/8/8/8/8/8/8/4k3 w - - 0 1,white,e8d7,588.0,0.899577453619467,0.0,,21,teacher_candidate,endgame,
endgames_0058,endgames_0058,endgames,train,synthetic_endgame_0058,4K1Q1/8/8/8/8/8/8/4k3 w - - 0 1,white,e8d8,573.0,0.8921777851440168,0.0,,21,teacher_candidate,endgame,
endgames_0058,endgames_0058,endgames,train,synthetic_endgame_0058,4K1Q1/8/8/8/8/8/8/4k3 w - - 0 1,white,e8e7,641.0,0.9220440062085269,1.0,,21,teacher_candidate,endgame,
endgames_0058,endgames_0058,endgames,train,synthetic_endgame_0058,4K1Q1/8/8/8/8/8/8/4k3 w - - 0 1,white,e8f7,564.0,0.8874941328536653,0.0,,21,teacher_candidate,endgame,
endgames_0058,endgames_0058,endgames,train,synthetic_endgame_0058,4K1Q1/8/8/8/8/8/8/4k3 w - - 0 1,white,e8f8,586.0,0.8986193501374987,0.0,,21,teacher_candidate,endgame,
endgames_0059,endgames_0059,endgames,train,synthetic_endgame_0059,8/6K1/8/4k2r/8/8/8/8 b - - 0 1,black,e5d4,445.0,0.8049443259184149,0.0,,16,teacher_candidate,endgame,
endgames_0059,endgames_0059,endgames,train,synthetic_endgame_0059,8/6K1/8/4k2r/8/8/8/8 b - - 0 1,black,e5d5,424.0,0.7856638590269437,0.0,,16,teacher_candidate,endgame,
endgames_0059,endgames_0059,endgames,train,synthetic_endgame_0059,8/6K1/8/4k2r/8/8/8/8 b - - 0 1,black,e5d6,465.0,0.8218529445288736,1.0,,16,teacher_candidate,endgame,
endgames_0059,endgames_0059,endgames,train,synthetic_endgame_0059,8/6K1/8/4k2r/8/8/8/8 b - - 0 1,black,e5e4,459.0,0.8169241874133502,0.0,,16,teacher_candidate,endgame,
endgames_0059,endgames_0059,endgames,train,synthetic_endgame_0059,8/6K1/8/4k2r/8/8/8/8 b - - 0 1,black,e5e6,464.0,0.8210398813328771,0.0,,16,teacher_candidate,endgame,
endgames_0060,endgames_0060,endgames,train,synthetic_endgame_0060,8/5K1k/8/3P4/8/8/8/8 w - - 0 1,white,d5d6,513.0,0.8571495748848095,1.0,,6,teacher_candidate,endgame,
endgames_0060,endgames_0060,endgames,train,synthetic_endgame_0060,8/5K1k/8/3P4/8/8/8/8 w - - 0 1,white,f7e6,488.0,0.8396541756543754,0.0,,6,teacher_candidate,endgame,
endgames_0060,endgames_0060,endgames,train,synthetic_endgame_0060,8/5K1k/8/3P4/8/8/8/8 w - - 0 1,white,f7e7,492.0,0.8425793256589296,0.0,,6,teacher_candidate,endgame,
endgames_0060,endgames_0060,endgames,train,synthetic_endgame_0060,8/5K1k/8/3P4/8/8/8/8 w - - 0 1,white,f7e8,488.0,0.8396541756543754,0.0,,6,teacher_candidate,endgame,
endgames_0060,endgames_0060,endgames,train,synthetic_endgame_0060,8/5K1k/8/3P4/8/8/8/8 w - - 0 1,white,f7f6,492.0,0.8425793256589296,0.0,,6,teacher_candidate,endgame,
endgames_0061,endgames_0061,endgames,train,synthetic_endgame_0061,8/8/5q2/8/k7/8/K7/8 b - - 0 1,black,a4a5,424.0,0.7856638590269437,0.0,,28,teacher_candidate,endgame,
endgames_0061,endgames_0061,endgames,train,synthetic_endgame_0061,8/8/5q2/8/k7/8/K7/8 b - - 0 1,black,a4b4,693.0,0.939350675792384,1.0,,28,teacher_candidate,endgame,
endgames_0061,endgames_0061,endgames,train,synthetic_endgame_0061,8/8/5q2/8/k7/8/K7/8 b - - 0 1,black,a4b5,422.0,0.7837426664759929,0.0,,28,teacher_candidate,endgame,
endgames_0061,endgames_0061,endgames,train,synthetic_endgame_0061,8/8/5q2/8/k7/8/K7/8 b - - 0 1,black,f6a1,-15.0,-0.03748243175707047,0.0,,28,teacher_candidate,endgame,
endgames_0061,endgames_0061,endgames,train,synthetic_endgame_0061,8/8/5q2/8/k7/8/K7/8 b - - 0 1,black,f6a6,503.0,0.8503734168441159,0.0,,28,teacher_candidate,endgame,
endgames_0062,endgames_0062,endgames,train,synthetic_endgame_0062,6k1/8/8/8/8/2R5/5K2/8 w - - 0 1,white,c3a3,508.0,0.8537976531552436,1.0,,22,teacher_candidate,endgame,
endgames_0062,endgames_0062,endgames,train,synthetic_endgame_0062,6k1/8/8/8/8/2R5/5K2/8 w - - 0 1,white,c3b3,487.0,0.8389151737656423,0.0,,22,teacher_candidate,endgame,
endgames_0062,endgames_0062,endgames,train,synthetic_endgame_0062,6k1/8/8/8/8/2R5/5K2/8 w - - 0 1,white,c3c1,487.0,0.8389151737656423,0.0,,22,teacher_candidate,endgame,
endgames_0062,endgames_0062,endgames,train,synthetic_endgame_0062,6k1/8/8/8/8/2R5/5K2/8 w - - 0 1,white,c3c2,490.0,0.8411229016320433,0.0,,22,teacher_candidate,endgame,
endgames_0062,endgames_0062,endgames,train,synthetic_endgame_0062,6k1/8/8/8/8/2R5/5K2/8 w - - 0 1,white,c3c4,487.0,0.8389151737656423,0.0,,22,teacher_candidate,endgame,
endgames_0063,endgames_0063,endgames,train,synthetic_endgame_0063,8/8/2r5/5k2/8/8/3K4/8 b - - 0 1,black,c6a6,424.0,0.7856638590269437,0.0,,22,teacher_candidate,endgame,
endgames_0063,endgames_0063,endgames,train,synthetic_endgame_0063,8/8/2r5/5k2/8/8/3K4/8 b - - 0 1,black,c6b6,452.0,0.8110192620996813,1.0,,22,teacher_candidate,endgame,
endgames_0063,endgames_0063,endgames,train,synthetic_endgame_0063,8/8/2r5/5k2/8/8/3K4/8 b - - 0 1,black,c6c1,-72.0,-0.1780808681173302,0.0,,22,teacher_candidate,endgame,
endgames_0063,endgames_0063,endgames,train,synthetic_endgame_0063,8/8/2r5/5k2/8/8/3K4/8 b - - 0 1,black,c6c2,-56.0,-0.13909244787845804,0.0,,22,teacher_candidate,endgame,
endgames_0063,endgames_0063,endgames,train,synthetic_endgame_0063,8/8/2r5/5k2/8/8/3K4/8 b - - 0 1,black,c6c3,51.0,0.1268135725243873,0.0,,22,teacher_candidate,endgame,
endgames_0064,endgames_0064,endgames,train,synthetic_endgame_0064,8/4P3/8/6k1/8/8/6K1/8 w - - 0 1,white,e7e8b,-20.0,-0.04995837495787998,0.0,,12,teacher_candidate,endgame,
endgames_0064,endgames_0064,endgames,train,synthetic_endgame_0064,8/4P3/8/6k1/8/8/6K1/8 w - - 0 1,white,e7e8n,-20.0,-0.04995837495787998,0.0,,12,teacher_candidate,endgame,
endgames_0064,endgames_0064,endgames,train,synthetic_endgame_0064,8/4P3/8/6k1/8/8/6K1/8 w - - 0 1,white,e7e8q,446.0,0.8058227180270021,1.0,,12,teacher_candidate,endgame,
endgames_0064,endgames_0064,endgames,train,synthetic_endgame_0064,8/4P3/8/6k1/8/8/6K1/8 w - - 0 1,white,e7e8r,407.0,0.7688463106489329,0.0,,12,teacher_candidate,endgame,
endgames_0064,endgames_0064,endgames,train,synthetic_endgame_0064,8/4P3/8/6k1/8/8/6K1/8 w - - 0 1,white,g2f1,445.0,0.8049443259184149,0.0,,12,teacher_candidate,endgame,
endgames_0065,endgames_0065,endgames,train,synthetic_endgame_0065,8/8/6K1/8/2q5/8/8/3k4 b - - 0 1,black,c4a2,561.0,0.8858908348021591,1.0,,30,teacher_candidate,endgame,
endgames_0065,endgames_0065,endgames,train,synthetic_endgame_0065,8/8/6K1/8/2q5/8/8/3k4 b - - 0 1,black,c4a4,479.0,0.8328904660394908,0.0,,30,teacher_candidate,endgame,
endgames_0065,endgames_0065,endgames,train,synthetic_endgame_0065,8/8/6K1/8/2q5/8/8/3k4 b - - 0 1,black,c4a6,508.0,0.8537976531552436,0.0,,30,teacher_candidate,endgame,
endgames_0065,endgames_0065,endgames,train,synthetic_endgame_0065,8/8/6K1/8/2q5/8/8/3k4 b - - 0 1,black,c4b3,555.0,0.8826196500158177,0.0,,30,teacher_candidate,endgame,
endgames_0065,endgames_0065,endgames,train,synthetic_endgame_0065,8/8/6K1/8/2q5/8/8/3k4 b - - 0 1,black,c4b4,523.0,0.8636414743963026,0.0,,30,teacher_candidate,endgame,
endgames_0066,endgames_0066,endgames,train,synthetic_endgame_0066,8/8/8/2k5/8/6p1/8/7K b - - 0 1,black,c5b4,23.0,0.05743671390287926,0.0,,9,teacher_candidate,endgame,
endgames_0066,endgames_0066,endgames,train,synthetic_endgame_0066,8/8/8/2k5/8/6p1/8/7K b - - 0 1,black,c5b5,24.0,0.059928103529143496,1.0,,9,teacher_candidate,endgame,
endgames_0066,endgames_0066,endgames,train,synthetic_endgame_0066,8/8/8/2k5/8/6p1/8/7K b - - 0 1,black,c5b6,17.0,0.04247442993254818,0.0,,9,teacher_candidate,endgame,
endgames_0066,endgames_0066,endgames,train,synthetic_endgame_0066,8/8/8/2k5/8/6p1/8/7K b - - 0 1,black,c5c4,6.0,0.01499887510124078,0.0,,9,teacher_candidate,endgame,
endgames_0066,endgames_0066,endgames,train,synthetic_endgame_0066,8/8/8/2k5/8/6p1/8/7K b - - 0 1,black,c5c6,13.0,0.03248856212414491,0.0,,9,teacher_candidate,endgame,
endgames_0067,endgames_0067,endgames,train,synthetic_endgame_0067,8/8/Q7/8/8/4K3/8/7k w - - 0 1,white,a6a1,751.0,0.9542692196485135,0.0,,29,teacher_candidate,endgame,
endgames_0067,endgames_0067,endgames,train,synthetic_endgame_0067,8/8/Q7/8/8/4K3/8/7k w - - 0 1,white,a6a2,833.0,0.9694155381723456,1.0,,29,teacher_candidate,endgame,
endgames_0067,endgames_0067,endgames,train,synthetic_endgame_0067,8/8/Q7/8/8/4K3/8/7k w - - 0 1,white,a6a3,693.0,0.939350675792384,0.0,,29,teacher_candidate,endgame,
endgames_0067,endgames_0067,endgames,train,synthetic_endgame_0067,8/8/Q7/8/8/4K3/8/7k w - - 0 1,white,a6a4,669.0,0.9318814446042517,0.0,,29,teacher_candidate,endgame,
endgames_0067,endgames_0067,endgames,train,synthetic_endgame_0067,8/8/Q7/8/8/4K3/8/7k w - - 0 1,white,a6a5,693.0,0.939350675792384,0.0,,29,teacher_candidate,endgame,
endgames_0068,endgames_0068,endgames,train,synthetic_endgame_0068,8/8/8/3k4/8/8/4K3/1r6 b - - 0 1,black,b1a1,469.0,0.825071959039259,1.0,,22,teacher_candidate,endgame,
endgames_0068,endgames_0068,endgames,train,synthetic_endgame_0068,8/8/8/3k4/8/8/4K3/1r6 b - - 0 1,black,b1b2,465.0,0.8218529445288736,0.0,,22,teacher_candidate,endgame,
endgames_0068,endgames_0068,endgames,train,synthetic_endgame_0068,8/8/8/3k4/8/8/4K3/1r6 b - - 0 1,black,b1b3,468.0,0.8242721703413975,0.0,,22,teacher_candidate,endgame,
endgames_0068,endgames_0068,endgames,train,synthetic_endgame_0068,8/8/8/3k4/8/8/4K3/1r6 b - - 0 1,black,b1b4,469.0,0.825071959039259,0.0,,22,teacher_candidate,endgame,
endgames_0068,endgames_0068,endgames,train,synthetic_endgame_0068,8/8/8/3k4/8/8/4K3/1r6 b - - 0 1,black,b1b5,469.0,0.825071959039259,0.0,,22,teacher_candidate,endgame,
endgames_0069,endgames_0069,endgames,train,synthetic_endgame_0069,7Q/8/8/8/1K6/8/8/4k3 w - - 0 1,white,b4a3,435.0,0.7959638616217392,0.0,,29,teacher_candidate,endgame,
endgames_0069,endgames_0069,endgames,train,synthetic_endgame_0069,7Q/8/8/8/1K6/8/8/4k3 w - - 0 1,white,b4a4,469.0,0.825071959039259,0.0,,29,teacher_candidate,endgame,
endgames_0069,endgames_0069,endgames,train,synthetic_endgame_0069,7Q/8/8/8/1K6/8/8/4k3 w - - 0 1,white,b4a5,534.0,0.8704660627864289,0.0,,29,teacher_candidate,endgame,
endgames_0069,endgames_0069,endgames,train,synthetic_endgame_0069,7Q/8/8/8/1K6/8/8/4k3 w - - 0 1,white,b4b3,576.0,0.8936977272038725,0.0,,29,teacher_candidate,endgame,
endgames_0069,endgames_0069,endgames,train,synthetic_endgame_0069,7Q/8/8/8/1K6/8/8/4k3 w - - 0 1,white,b4b5,602.0,0.9060477086434329,1.0,,29,teacher_candidate,endgame,
endgames_0070,endgames_0070,endgames,train,synthetic_endgame_0070,8/8/1k6/8/8/K7/4r3/8 b - - 0 1,black,b6a5,494.0,0.8440235297412673,0.0,,22,teacher_candidate,endgame,
endgames_0070,endgames_0070,endgames,train,synthetic_endgame_0070,8/8/1k6/8/8/K7/4r3/8 b - - 0 1,black,b6a6,495.0,0.8447410748870232,0.0,,22,teacher_candidate,endgame,
endgames_0070,endgames_0070,endgames,train,synthetic_endgame_0070,8/8/1k6/8/8/K7/4r3/8 b - - 0 1,black,b6a7,500.0,0.8482836399575129,0.0,,22,teacher_candidate,endgame,
endgames_0070,endgames_0070,endgames,train,synthetic_endgame_0070,8/8/1k6/8/8/K7/4r3/8 b - - 0 1,black,b6b5,497.0,0.8461671024651277,0.0,,22,teacher_candidate,endgame,
endgames_0070,endgames_0070,endgames,train,synthetic_endgame_0070,8/8/1k6/8/8/K7/4r3/8 b - - 0 1,black,b6b7,501.0,0.8489831921189297,1.0,,22,teacher_candidate,endgame,
endgames_0071,endgames_0071,endgames,train,synthetic_endgame_0071,8/4k3/8/8/6K1/3q4/8/8 b - - 0 1,black,d3a3,547.0,0.8781211901448149,1.0,,33,teacher_candidate,endgame,
endgames_0071,endgames_0071,endgames,train,synthetic_endgame_0071,8/4k3/8/8/6K1/3q4/8/8 b - - 0 1,black,d3a6,542.0,0.8752282972400112,0.0,,33,teacher_candidate,endgame,
endgames_0071,endgames_0071,endgames,train,synthetic_endgame_0071,8/4k3/8/8/6K1/3q4/8/8 b - - 0 1,black,d3b1,533.0,0.8698590209439497,0.0,,33,teacher_candidate,endgame,
endgames_0071,endgames_0071,endgames,train,synthetic_endgame_0071,8/4k3/8/8/6K1/3q4/8/8 b - - 0 1,black,d3b3,543.0,0.8758119575033825,0.0,,33,teacher_candidate,endgame,
endgames_0071,endgames_0071,endgames,train,synthetic_endgame_0071,8/4k3/8/8/6K1/3q4/8/8 b - - 0 1,black,d3b5,531.0,0.8686369897347581,0.0,,33,teacher_candidate,endgame,
endgames_0072,endgames_0072,endgames,train,synthetic_endgame_0072,1k6/8/8/8/6R1/8/8/1K6 w - - 0 1,white,b1a1,550.0,0.8798266996519848,1.0,,19,teacher_candidate,endgame,
endgames_0072,endgames_0072,endgames,train,synthetic_endgame_0072,1k6/8/8/8/6R1/8/8/1K6 w - - 0 1,white,b1a2,535.0,0.8710704683248206,0.0,,19,teacher_candidate,endgame,
endgames_0072,endgames_0072,endgames,train,synthetic_endgame_0072,1k6/8/8/8/6R1/8/8/1K6 w - - 0 1,white,b1b2,481.0,0.8344155694676939,0.0,,19,teacher_candidate,endgame,
endgames_0072,endgames_0072,endgames,train,synthetic_endgame_0072,1k6/8/8/8/6R1/8/8/1K6 w - - 0 1,white,b1c1,474.0,0.829021721130387,0.0,,19,teacher_candidate,endgame,
endgames_0072,endgames_0072,endgames,train,synthetic_endgame_0072,1k6/8/8/8/6R1/8/8/1K6 w - - 0 1,white,b1c2,511.0,0.855817403604612,0.0,,19,teacher_candidate,endgame,
endgames_0073,endgames_0073,endgames,train,synthetic_endgame_0073,8/4k3/8/8/8/2p5/2K5/8 b - - 0 1,black,e7d6,29.0,0.07237324046358946,0.0,,8,teacher_candidate,endgame,
endgames_0073,endgames_0073,endgames,train,synthetic_endgame_0073,8/4k3/8/8/8/2p5/2K5/8 b - - 0 1,black,e7d7,28.0,0.06988589031642899,0.0,,8,teacher_candidate,endgame,
endgames_0073,endgames_0073,endgames,train,synthetic_endgame_0073,8/4k3/8/8/8/2p5/2K5/8 b - - 0 1,black,e7d8,13.0,0.03248856212414491,0.0,,8,teacher_candidate,endgame,
endgames_0073,endgames_0073,endgames,train,synthetic_endgame_0073,8/4k3/8/8/8/2p5/2K5/8 b - - 0 1,black,e7e6,39.0,0.09719221716626866,1.0,,8,teacher_candidate,endgame,
endgames_0073,endgames_0073,endgames,train,synthetic_endgame_0073,8/4k3/8/8/8/2p5/2K5/8 b - - 0 1,black,e7e8,8.0,0.019997333759930933,0.0,,8,teacher_candidate,endgame,
endgames_0074,endgames_0074,endgames,train,synthetic_endgame_0074,3k4/8/8/8/8/8/K7/Q7 w - - 0 1,white,a1b1,495.0,0.8447410748870232,0.0,,18,teacher_candidate,endgame,
endgames_0074,endgames_0074,endgames,train,synthetic_endgame_0074,3k4/8/8/8/8/8/K7/Q7 w - - 0 1,white,a1b2,493.0,0.8433029500738807,0.0,,18,teacher_candidate,endgame,
endgames_0074,endgames_0074,endgames,train,synthetic_endgame_0074,3k4/8/8/8/8/8/K7/Q7 w - - 0 1,white,a1c1,522.0,0.8630047925513478,1.0,,18,teacher_candidate,endgame,
endgames_0074,endgames_0074,endgames,train,synthetic_endgame_0074,3k4/8/8/8/8/8/K7/Q7 w - - 0 1,white,a1c3,491.0,0.8418526462603199,0.0,,18,teacher_candidate,endgame,
endgames_0074,endgames_0074,endgames,train,synthetic_endgame_0074,3k4/8/8/8/8/8/K7/Q7 w - - 0 1,white,a1d1,493.0,0.8433029500738807,0.0,,18,teacher_candidate,endgame,
endgames_0075,endgames_0075,endgames,train,synthetic_endgame_0075,8/8/8/8/2r5/8/5K2/1k6 b - - 0 1,black,b1a1,481.0,0.8344155694676939,1.0,,19,teacher_candidate,endgame,
endgames_0075,endgames_0075,endgames,train,synthetic_endgame_0075,8/8/8/8/2r5/8/5K2/1k6 b - - 0 1,black,b1a2,469.0,0.825071959039259,0.0,,19,teacher_candidate,endgame,
endgames_0075,endgames_0075,endgames,train,synthetic_endgame_0075,8/8/8/8/2r5/8/5K2/1k6 b - - 0 1,black,b1b2,469.0,0.825071959039259,0.0,,19,teacher_candidate,endgame,
endgames_0075,endgames_0075,endgames,train,synthetic_endgame_0075,8/8/8/8/2r5/8/5K2/1k6 b - - 0 1,black,b1c1,459.0,0.8169241874133502,0.0,,19,teacher_candidate,endgame,
endgames_0075,endgames_0075,endgames,train,synthetic_endgame_0075,8/8/8/8/2r5/8/5K2/1k6 b - - 0 1,black,b1c2,479.0,0.8328904660394908,0.0,,19,teacher_candidate,endgame,
endgames_0076,endgames_0076,endgames,train,synthetic_endgame_0076,8/7k/8/8/8/6K1/5p2/8 b - - 0 1,black,f2f1b,-18.0,-0.044969649583600245,0.0,,9,teacher_candidate,endgame,
endgames_0076,endgames_0076,endgames,train,synthetic_endgame_0076,8/7k/8/8/8/6K1/5p2/8 b - - 0 1,black,f2f1n,-19.0,-0.04746430825312217,0.0,,9,teacher_candidate,endgame,
endgames_0076,endgames_0076,endgames,train,synthetic_endgame_0076,8/7k/8/8/8/6K1/5p2/8 b - - 0 1,black,f2f1q,457.0,0.8152542057275878,1.0,,9,teacher_candidate,endgame,
endgames_0076,endgames_0076,endgames,train,synthetic_endgame_0076,8/7k/8/8/8/6K1/5p2/8 b - - 0 1,black,f2f1r,415.0,0.7768989196342072,0.0,,9,teacher_candidate,endgame,
endgames_0076,endgames_0076,endgames,train,synthetic_endgame_0076,8/7k/8/8/8/6K1/5p2/8 b - - 0 1,black,h7g6,-8.0,-0.019997333759930933,0.0,,9,teacher_candidate,endgame,
endgames_0077,endgames_0077,endgames,train,synthetic_endgame_0077,4Q3/8/8/8/6k1/8/5K2/8 w - - 0 1,white,e8a4,462.0,0.8194037105941603,0.0,,27,teacher_candidate,endgame,
endgames_0077,endgames_0077,endgames,train,synthetic_endgame_0077,4Q3/8/8/8/6k1/8/5K2/8 w - - 0 1,white,e8a8,527.0,0.8661608659438628,0.0,,27,teacher_candidate,endgame,
endgames_0077,endgames_0077,endgames,train,synthetic_endgame_0077,4Q3/8/8/8/6k1/8/5K2/8 w - - 0 1,white,e8b5,532.0,0.8692493331488548,0.0,,27,teacher_candidate,endgame,
endgames_0077,endgames_0077,endgames,train,synthetic_endgame_0077,4Q3/8/8/8/6k1/8/5K2/8 w - - 0 1,white,e8b8,538.0,0.8728679633298895,1.0,,27,teacher_candidate,endgame,
endgames_0077,endgames_0077,endgames,train,synthetic_endgame_0077,4Q3/8/8/8/6k1/8/5K2/8 w - - 0 1,white,e8c6,504.0,0.8510641096679439,0.0,,27,teacher_candidate,endgame,
endgames_0078,endgames_0078,endgames,train,synthetic_endgame_0078,8/8/k7/8/8/8/r7/5K2 b - - 0 1,black,a2a1,464.0,0.8210398813328771,0.0,,16,teacher_candidate,endgame,
endgames_0078,endgames_0078,endgames,train,synthetic_endgame_0078,8/8/k7/8/8/8/r7/5K2 b - - 0 1,black,a2a3,476.0,0.8305788685385285,0.0,,16,teacher_candidate,endgame,
endgames_0078,endgames_0078,endgames,train,synthetic_endgame_0078,8/8/k7/8/8/8/r7/5K2 b - - 0 1,black,a2a4,487.0,0.8389151737656423,0.0,,16,teacher_candidate,endgame,
endgames_0078,endgames_0078,endgames,train,synthetic_endgame_0078,8/8/k7/8/8/8/r7/5K2 b - - 0 1,black,a2a5,537.0,0.8722714089933077,0.0,,16,teacher_candidate,endgame,
endgames_0078,endgames_0078,endgames,train,synthetic_endgame_0078,8/8/k7/8/8/8/r7/5K2 b - - 0 1,black,a2b2,538.0,0.8728679633298895,1.0,,16,teacher_candidate,endgame,
endgames_0079,endgames_0079,endgames,train,synthetic_endgame_0079,8/4k3/8/8/K7/8/4P3/8 w - - 0 1,white,a4a3,5.0,0.012499348999020865,0.0,,7,teacher_candidate,endgame,
endgames_0079,endgames_0079,endgames,train,synthetic_endgame_0079,8/4k3/8/8/K7/8/4P3/8 w - - 0 1,white,a4a5,40.0,0.09966799462495582,1.0,,7,teacher_candidate,endgame,
endgames_0079,endgames_0079,endgames,train,synthetic_endgame_0079,8/4k3/8/8/K7/8/4P3/8 w - - 0 1,white,a4b3,13.0,0.03248856212414491,0.0,,7,teacher_candidate,endgame,
endgames_0079,endgames_0079,endgames,train,synthetic_endgame_0079,8/4k3/8/8/K7/8/4P3/8 w - - 0 1,white,a4b4,22.0,0.05494460868918742,0.0,,7,teacher_candidate,endgame,
endgames_0079,endgames_0079,endgames,train,synthetic_endgame_0079,8/4k3/8/8/K7/8/4P3/8 w - - 0 1,white,a4b5,14.0,0.03498571533277944,0.0,,7,teacher_candidate,endgame,
endgames_0080,endgames_0080,endgames,train,synthetic_endgame_0080,8/8/8/8/3q4/3k4/8/4K3 b - - 0 1,black,d3c2,558.0,0.884266089447278,0.0,,29,teacher_candidate,endgame,
endgames_0080,endgames_0080,endgames,train,synthetic_endgame_0080,8/8/8/8/3q4/3k4/8/4K3 b - - 0 1,black,d3c3,500.0,0.8482836399575129,0.0,,29,teacher_candidate,endgame,
endgames_0080,endgames_0080,endgames,train,synthetic_endgame_0080,8/8/8/8/3q4/3k4/8/4K3 b - - 0 1,black,d3c4,611.0,0.9099958011881137,0.0,,29,teacher_candidate,endgame,
endgames_0080,endgames_0080,endgames,train,synthetic_endgame_0080,8/8/8/8/3q4/3k4/8/4K3 b - - 0 1,black,d3e3,703.0,0.9422231290637216,1.0,,29,teacher_candidate,endgame,
endgames_0080,endgames_0080,endgames,train,synthetic_endgame_0080,8/8/8/8/3q4/3k4/8/4K3 b - - 0 1,black,d3e4,551.0,0.8803902214206855,0.0,,29,teacher_candidate,endgame,
endgames_0081,endgames_0081,endgames,train,synthetic_endgame_0081,8/8/5k2/8/2K5/7R/8/8 w - - 0 1,white,c4b3,506.0,0.8524367067950694,0.0,,22,teacher_candidate,endgame,
endgames_0081,endgames_0081,endgames,train,synthetic_endgame_0081,8/8/5k2/8/2K5/7R/8/8 w - - 0 1,white,c4b4,506.0,0.8524367067950694,0.0,,22,teacher_candidate,endgame,
endgames_0081,endgames_0081,endgames,train,synthetic_endgame_0081,8/8/5k2/8/2K5/7R/8/8 w - - 0 1,white,c4b5,531.0,0.8686369897347581,1.0,,22,teacher_candidate,endgame,
endgames_0081,endgames_0081,endgames,train,synthetic_endgame_0081,8/8/5k2/8/2K5/7R/8/8 w - - 0 1,white,c4c3,527.0,0.8661608659438628,0.0,,22,teacher_candidate,endgame,
endgames_0081,endgames_0081,endgames,train,synthetic_endgame_0081,8/8/5k2/8/2K5/7R/8/8 w - - 0 1,white,c4c5,510.0,0.8551470292769645,0.0,,22,teacher_candidate,endgame,
endgames_0082,endgames_0082,endgames,train,synthetic_endgame_0082,8/8/8/8/5k2/3p4/8/5K2 b - - 0 1,black,d3d2,133.0,0.32076534615843216,0.0,,9,teacher_candidate,endgame,
endgames_0082,endgames_0082,endgames,train,synthetic_endgame_0082,8/8/8/8/5k2/3p4/8/5K2 b - - 0 1,black,f4e3,21.0,0.05245181874413747,0.0,,9,teacher_candidate,endgame,
endgames_0082,endgames_0082,endgames,train,synthetic_endgame_0082,8/8/8/8/5k2/3p4/8/5K2 b - - 0 1,black,f4e4,232.0,0.5226654296858209,0.0,,9,teacher_candidate,endgame,
endgames_0082,endgames_0082,endgames,train,synthetic_endgame_0082,8/8/8/8/5k2/3p4/8/5K2 b - - 0 1,black,f4e5,-15.0,-0.03748243175707047,0.0,,9,teacher_candidate,endgame,
endgames_0082,endgames_0082,endgames,train,synthetic_endgame_0082,8/8/8/8/5k2/3p4/8/5K2 b - - 0 1,black,f4f3,326.0,0.6723392775532822,1.0,,9,teacher_candidate,endgame,
endgames_0083,endgames_0083,endgames,train,synthetic_endgame_0083,8/8/8/1k5K/8/8/8/r7 b - - 0 1,black,a1a2,498.0,0.8468756052963757,0.0,,22,teacher_candidate,endgame,
endgames_0083,endgames_0083,endgames,train,synthetic_endgame_0083,8/8/8/1k5K/8/8/8/r7 b - - 0 1,black,a1a3,480.0,0.8336546070121552,0.0,,22,teacher_candidate,endgame,
endgames_0083,endgames_0083,endgames,train,synthetic_endgame_0083,8/8/8/1k5K/8/8/8/r7 b - - 0 1,black,a1a4,555.0,0.8826196500158177,1.0,,22,teacher_candidate,endgame,
endgames_0083,endgames_0083,endgames,train,synthetic_endgame_0083,8/8/8/1k5K/8/8/8/r7 b - - 0 1,black,a1a5,520.0,0.8617231593133063,0.0,,22,teacher_candidate,endgame,
endgames_0083,endgames_0083,endgames,train,synthetic_endgame_0083,8/8/8/1k5K/8/8/8/r7 b - - 0 1,black,a1a6,459.0,0.8169241874133502,0.0,,22,teacher_candidate,endgame,
endgames_0084,endgames_0084,endgames,train,synthetic_endgame_0084,8/8/1P3K2/8/8/8/4k3/8 w - - 0 1,white,b6b7,499.0,0.8475811144033204,0.0,,9,teacher_candidate,endgame,
endgames_0084,endgames_0084,endgames,train,synthetic_endgame_0084,8/8/1P3K2/8/8/8/4k3/8 w - - 0 1,white,f6e5,539.0,0.8734619197750799,1.0,,9,teacher_candidate,endgame,
endgames_0084,endgames_0084,endgames,train,synthetic_endgame_0084,8/8/1P3K2/8/8/8/4k3/8 w - - 0 1,white,f6e6,495.0,0.8447410748870232,0.0,,9,teacher_candidate,endgame,
endgames_0084,endgames_0084,endgames,train,synthetic_endgame_0084,8/8/1P3K2/8/8/8/4k3/8 w - - 0 1,white,f6e7,513.0,0.8571495748848095,0.0,,9,teacher_candidate,endgame,
endgames_0084,endgames_0084,endgames,train,synthetic_endgame_0084,8/8/1P3K2/8/8/8/4k3/8 w - - 0 1,white,f6f5,501.0,0.8489831921189297,0.0,,9,teacher_candidate,endgame,
endgames_0085,endgames_0085,endgames,train,synthetic_endgame_0085,3k4/8/K7/8/8/R7/8/8 w - - 0 1,white,a3a1,514.0,0.8578113918314256,0.0,,16,teacher_candidate,endgame,
endgames_0085,endgames_0085,endgames,train,synthetic_endgame_0085,3k4/8/K7/8/8/R7/8/8 w - - 0 1,white,a3a2,511.0,0.855817403604612,0.0,,16,teacher_candidate,endgame,
endgames_0085,endgames_0085,endgames,train,synthetic_endgame_0085,3k4/8/K7/8/8/R7/8/8 w - - 0 1,white,a3a4,505.0,0.8517518696186737,0.0,,16,teacher_candidate,endgame,
endgames_0085,endgames_0085,endgames,train,synthetic_endgame_0085,3k4/8/K7/8/8/R7/8/8 w - - 0 1,white,a3a5,481.0,0.8344155694676939,0.0,,16,teacher_candidate,endgame,
endgames_0085,endgames_0085,endgames,train,synthetic_endgame_0085,3k4/8/K7/8/8/R7/8/8 w - - 0 1,white,a3b3,517.0,0.8597798875571636,1.0,,16,teacher_candidate,endgame,
endgames_0086,endgames_0086,endgames,train,synthetic_endgame_0086,8/8/8/8/8/8/5p2/K3k3 b - - 0 1,black,e1d1,490.0,0.8411229016320433,0.0,,8,teacher_candidate,endgame,
endgames_0086,endgames_0086,endgames,train,synthetic_endgame_0086,8/8/8/8/8/8/5p2/K3k3 b - - 0 1,black,e1d2,563.0,0.886962068040758,0.0,,8,teacher_candidate,endgame,
endgames_0086,endgames_0086,endgames,train,synthetic_endgame_0086,8/8/8/8/8/8/5p2/K3k3 b - - 0 1,black,e1e2,623.0,0.9150145146730381,1.0,,8,teacher_candidate,endgame,
endgames_0086,endgames_0086,endgames,train,synthetic_endgame_0086,8/8/8/8/8/8/5p2/K3k3 b - - 0 1,black,e1f1,497.0,0.8461671024651277,0.0,,8,teacher_candidate,endgame,
endgames_0086,endgames_0086,endgames,train,synthetic_endgame_0086,8/8/8/8/8/8/5p2/K3k3 b - - 0 1,black,f2f1b,-36.0,-0.0897577847471601,0.0,,8,teacher_candidate,endgame,
endgames_0087,endgames_0087,endgames,train,synthetic_endgame_0087,8/8/8/8/6k1/4K3/8/Q7 w - - 0 1,white,a1a2,488.0,0.8396541756543754,0.0,,27,teacher_candidate,endgame,
endgames_0087,endgames_0087,endgames,train,synthetic_endgame_0087,8/8/8/8/6k1/4K3/8/Q7 w - - 0 1,white,a1a3,522.0,0.8630047925513478,1.0,,27,teacher_candidate,endgame,
endgames_0087,endgames_0087,endgames,train,synthetic_endgame_0087,8/8/8/8/6k1/4K3/8/Q7 w - - 0 1,white,a1a4,503.0,0.8503734168441159,0.0,,27,teacher_candidate,endgame,
endgames_0087,endgames_0087,endgames,train,synthetic_endgame_0087,8/8/8/8/6k1/4K3/8/Q7 w - - 0 1,white,a1a5,487.0,0.8389151737656423,0.0,,27,teacher_candidate,endgame,
endgames_0087,endgames_0087,endgames,train,synthetic_endgame_0087,8/8/8/8/6k1/4K3/8/Q7 w - - 0 1,white,a1a6,520.0,0.8617231593133063,0.0,,27,teacher_candidate,endgame,
endgames_0088,endgames_0088,endgames,train,synthetic_endgame_0088,8/5K2/8/1r6/2k5/8/8/8 b - - 0 1,black,b5a5,455.0,0.8135705538363528,0.0,,21,teacher_candidate,endgame,
endgames_0088,endgames_0088,endgames,train,synthetic_endgame_0088,8/5K2/8/1r6/2k5/8/8/8 b - - 0 1,black,b5b1,496.0,0.8454555957266803,1.0,,21,teacher_candidate,endgame,
endgames_0088,endgames_0088,endgames,train,synthetic_endgame_0088,8/5K2/8/1r6/2k5/8/8/8 b - - 0 1,black,b5b2,483.0,0.8359280001726355,0.0,,21,teacher_candidate,endgame,
endgames_0088,endgames_0088,endgames,train,synthetic_endgame_0088,8/5K2/8/1r6/2k5/8/8/8 b - - 0 1,black,b5b3,473.0,0.8282382915975468,0.0,,21,teacher_candidate,endgame,
endgames_0088,endgames_0088,endgames,train,synthetic_endgame_0088,8/5K2/8/1r6/2k5/8/8/8 b - - 0 1,black,b5b4,483.0,0.8359280001726355,0.0,,21,teacher_candidate,endgame,
endgames_0089,endgames_0089,endgames,train,synthetic_endgame_0089,8/8/K3P3/8/8/8/k7/8 w - - 0 1,white,a6a5,522.0,0.8630047925513478,0.0,,6,teacher_candidate,endgame,
endgames_0089,endgames_0089,endgames,train,synthetic_endgame_0089,8/8/K3P3/8/8/8/k7/8 w - - 0 1,white,a6a7,456.0,0.814414093765686,0.0,,6,teacher_candidate,endgame,
endgames_0089,endgames_0089,endgames,train,synthetic_endgame_0089,8/8/K3P3/8/8/8/k7/8 w - - 0 1,white,a6b5,534.0,0.8704660627864289,1.0,,6,teacher_candidate,endgame,
endgames_0089,endgames_0089,endgames,train,synthetic_endgame_0089,8/8/K3P3/8/8/8/k7/8 w - - 0 1,white,a6b6,530.0,0.8680219810175624,0.0,,6,teacher_candidate,endgame,
endgames_0089,endgames_0089,endgames,train,synthetic_endgame_0089,8/8/K3P3/8/8/8/k7/8 w - - 0 1,white,a6b7,496.0,0.8454555957266803,0.0,,6,teacher_candidate,endgame,
endgames_0090,endgames_0090,endgames,train,synthetic_endgame_0090,3K4/8/8/8/5q2/3k4/8/8 b - - 0 1,black,d3c2,648.0,0.9246242189827881,0.0,,33,teacher_candidate,endgame,
endgames_0090,endgames_0090,endgames,train,synthetic_endgame_0090,3K4/8/8/8/5q2/3k4/8/8 b - - 0 1,black,d3c3,565.0,0.8880238418763566,0.0,,33,teacher_candidate,endgame,
endgames_0090,endgames_0090,endgames,train,synthetic_endgame_0090,3K4/8/8/8/5q2/3k4/8/8 b - - 0 1,black,d3c4,588.0,0.899577453619467,0.0,,33,teacher_candidate,endgame,
endgames_0090,endgames_0090,endgames,train,synthetic_endgame_0090,3K4/8/8/8/5q2/3k4/8/8 b - - 0 1,black,d3d2,653.0,0.9264167831884397,0.0,,33,teacher_candidate,endgame,
endgames_0090,endgames_0090,endgames,train,synthetic_endgame_0090,3K4/8/8/8/5q2/3k4/8/8 b - - 0 1,black,d3d4,732.0,0.9498260756930403,1.0,,33,teacher_candidate,endgame,
endgames_0091,endgames_0091,endgames,train,synthetic_endgame_0091,6k1/8/2R5/8/4K3/8/8/8 w - - 0 1,white,c6a6,483.0,0.8359280001726355,0.0,,22,teacher_candidate,endgame,
endgames_0091,endgames_0091,endgames,train,synthetic_endgame_0091,6k1/8/2R5/8/4K3/8/8/8 w - - 0 1,white,c6b6,453.0,0.8118731484163844,0.0,,22,teacher_candidate,endgame,
endgames_0091,endgames_0091,endgames,train,synthetic_endgame_0091,6k1/8/2R5/8/4K3/8/8/8 w - - 0 1,white,c6c1,482.0,0.8351733637441744,0.0,,22,teacher_candidate,endgame,
endgames_0091,endgames_0091,endgames,train,synthetic_endgame_0091,6k1/8/2R5/8/4K3/8/8/8 w - - 0 1,white,c6c2,486.0,0.8381730655690693,1.0,,22,teacher_candidate,endgame,
endgames_0091,endgames_0091,endgames,train,synthetic_endgame_0091,6k1/8/2R5/8/4K3/8/8/8 w - - 0 1,white,c6c3,484.0,0.8366794890768107,0.0,,22,teacher_candidate,endgame,
endgames_0092,endgames_0092,endgames,train,synthetic_endgame_0092,8/8/2K3p1/8/8/5k2/8/8 b - - 0 1,black,f3e2,310.0,0.6498274636719203,0.0,,9,teacher_candidate,endgame,
endgames_0092,endgames_0092,endgames,train,synthetic_endgame_0092,8/8/2K3p1/8/8/5k2/8/8 b - - 0 1,black,f3e3,432.0,0.7931990970835009,1.0,,9,teacher_candidate,endgame,
endgames_0092,endgames_0092,endgames,train,synthetic_endgame_0092,8/8/2K3p1/8/8/5k2/8/8 b - - 0 1,black,f3e4,342.0,0.6936725684698276,0.0,,9,teacher_candidate,endgame,
endgames_0092,endgames_0092,endgames,train,synthetic_endgame_0092,8/8/2K3p1/8/8/5k2/8/8 b - - 0 1,black,f3f2,370.0,0.7282542059818115,0.0,,9,teacher_candidate,endgame,
endgames_0092,endgames_0092,endgames,train,synthetic_endgame_0092,8/8/2K3p1/8/8/5k2/8/8 b - - 0 1,black,f3f4,399.0,0.760542219421471,0.0,,9,teacher_candidate,endgame,
endgames_0093,endgames_0093,endgames,train,synthetic_endgame_0093,8/8/6Q1/4k3/8/2K5/8/8 w - - 0 1,white,c3b2,485.0,0.8374278407728539,0.0,,30,teacher_candidate,endgame,
endgames_0093,endgames_0093,endgames,train,synthetic_endgame_0093,8/8/6Q1/4k3/8/2K5/8/8 w - - 0 1,white,c3b3,475.0,0.8298019099859595,0.0,,30,teacher_candidate,endgame,
endgames_0093,endgames_0093,endgames,train,synthetic_endgame_0093,8/8/6Q1/4k3/8/2K5/8/8 w - - 0 1,white,c3b4,529.0,0.8674042972956072,0.0,,30,teacher_candidate,endgame,
endgames_0093,endgames_0093,endgames,train,synthetic_endgame_0093,8/8/6Q1/4k3/8/2K5/8/8 w - - 0 1,white,c3c2,452.0,0.8110192620996813,0.0,,30,teacher_candidate,endgame,
endgames_0093,endgames_0093,endgames,train,synthetic_endgame_0093,8/8/6Q1/4k3/8/2K5/8/8 w - - 0 1,white,c3c4,615.0,0.9116993188832707,1.0,,30,teacher_candidate,endgame,
endgames_0094,endgames_0094,endgames,train,synthetic_endgame_0094,8/k7/8/3r4/8/8/6K1/8 b - - 0 1,black,a7a6,436.0,0.7968781442047267,0.0,,19,teacher_candidate,endgame,
endgames_0094,endgames_0094,endgames,train,synthetic_endgame_0094,8/k7/8/3r4/8/8/6K1/8 b - - 0 1,black,a7a8,465.0,0.8218529445288736,0.0,,19,teacher_candidate,endgame,
endgames_0094,endgames_0094,endgames,train,synthetic_endgame_0094,8/k7/8/3r4/8/8/6K1/8 b - - 0 1,black,a7b6,469.0,0.825071959039259,0.0,,19,teacher_candidate,endgame,
endgames_0094,endgames_0094,endgames,train,synthetic_endgame_0094,8/k7/8/3r4/8/8/6K1/8 b - - 0 1,black,a7b7,444.0,0.8040623914048921,0.0,,19,teacher_candidate,endgame,
endgames_0094,endgames_0094,endgames,train,synthetic_endgame_0094,8/k7/8/3r4/8/8/6K1/8 b - - 0 1,black,a7b8,473.0,0.8282382915975468,1.0,,19,teacher_candidate,endgame,
endgames_0095,endgames_0095,endgames,train,synthetic_endgame_0095,8/8/3K4/R7/8/8/8/7k w - - 0 1,white,a5a1,488.0,0.8396541756543754,0.0,,22,teacher_candidate,endgame,
endgames_0095,endgames_0095,endgames,train,synthetic_endgame_0095,8/8/3K4/R7/8/8/8/7k w - - 0 1,white,a5a2,483.0,0.8359280001726355,0.0,,22,teacher_candidate,endgame,
endgames_0095,endgames_0095,endgames,train,synthetic_endgame_0095,8/8/3K4/R7/8/8/8/7k w - - 0 1,white,a5a3,493.0,0.8433029500738807,0.0,,22,teacher_candidate,endgame,
endgames_0095,endgames_0095,endgames,train,synthetic_endgame_0095,8/8/3K4/R7/8/8/8/7k w - - 0 1,white,a5a4,503.0,0.8503734168441159,1.0,,22,teacher_candidate,endgame,
endgames_0095,endgames_0095,endgames,train,synthetic_endgame_0095,8/8/3K4/R7/8/8/8/7k w - - 0 1,white,a5a6,488.0,0.8396541756543754,0.0,,22,teacher_candidate,endgame,
endgames_0096,endgames_0096,endgames,train,synthetic_endgame_0096,8/3k4/8/6p1/8/7K/8/8 b - - 0 1,black,d7c6,13.0,0.03248856212414491,1.0,,9,teacher_candidate,endgame,
endgames_0096,endgames_0096,endgames,train,synthetic_endgame_0096,8/3k4/8/6p1/8/7K/8/8 b - - 0 1,black,d7c7,10.0,0.02499479296842069,0.0,,9,teacher_candidate,endgame,
endgames_0096,endgames_0096,endgames,train,synthetic_endgame_0096,8/3k4/8/6p1/8/7K/8/8 b - - 0 1,black,d7c8,11.0,0.02749306980470986,0.0,,9,teacher_candidate,endgame,
endgames_0096,endgames_0096,endgames,train,synthetic_endgame_0096,8/3k4/8/6p1/8/7K/8/8 b - - 0 1,black,d7d6,9.0,0.02249620389370967,0.0,,9,teacher_candidate,endgame,
endgames_0096,endgames_0096,endgames,train,synthetic_endgame_0096,8/3k4/8/6p1/8/7K/8/8 b - - 0 1,black,d7d8,-12.0,-0.029991003238820143,0.0,,9,teacher_candidate,endgame,
endgames_0097,endgames_0097,endgames,train,synthetic_endgame_0097,2r2k2/8/8/4K3/8/8/8/8 b - - 0 1,black,c8a8,468.0,0.8242721703413975,0.0,,16,teacher_candidate,endgame,
endgames_0097,endgames_0097,endgames,train,synthetic_endgame_0097,2r2k2/8/8/4K3/8/8/8/8 b - - 0 1,black,c8b8,463.0,0.820223473492082,0.0,,16,teacher_candidate,endgame,
endgames_0097,endgames_0097,endgames,train,synthetic_endgame_0097,2r2k2/8/8/4K3/8/8/8/8 b - - 0 1,black,c8c1,473.0,0.8282382915975468,1.0,,16,teacher_candidate,endgame,
endgames_0097,endgames_0097,endgames,train,synthetic_endgame_0097,2r2k2/8/8/4K3/8/8/8/8 b - - 0 1,black,c8c2,468.0,0.8242721703413975,0.0,,16,teacher_candidate,endgame,
endgames_0097,endgames_0097,endgames,train,synthetic_endgame_0097,2r2k2/8/8/4K3/8/8/8/8 b - - 0 1,black,c8c3,451.0,0.8101619061641351,0.0,,16,teacher_candidate,endgame,
endgames_0098,endgames_0098,endgames,train,synthetic_endgame_0098,8/1Pk5/8/8/8/8/8/2K5 w - - 0 1,white,b7b8b,-19.0,-0.04746430825312217,0.0,,9,teacher_candidate,endgame,
endgames_0098,endgames_0098,endgames,train,synthetic_endgame_0098,8/1Pk5/8/8/8/8/8/2K5 w - - 0 1,white,b7b8n,-47.0,-0.11696222487632274,0.0,,9,teacher_candidate,endgame,
endgames_0098,endgames_0098,endgames,train,synthetic_endgame_0098,8/1Pk5/8/8/8/8/8/2K5 w - - 0 1,white,b7b8q,4.0,0.00999966667999946,1.0,,9,teacher_candidate,endgame,
endgames_0098,endgames_0098,endgames,train,synthetic_endgame_0098,8/1Pk5/8/8/8/8/8/2K5 w - - 0 1,white,b7b8r,4.0,0.00999966667999946,0.0,,9,teacher_candidate,endgame,
endgames_0098,endgames_0098,endgames,train,synthetic_endgame_0098,8/1Pk5/8/8/8/8/8/2K5 w - - 0 1,white,c1b1,-26.0,-0.06490861277463751,0.0,,9,teacher_candidate,endgame,
endgames_0099,endgames_0099,endgames,train,synthetic_endgame_0099,8/8/8/1K2R3/8/8/3k4/8 w - - 0 1,white,b5a4,456.0,0.814414093765686,0.0,,20,teacher_candidate,endgame,
endgames_0099,endgames_0099,endgames,train,synthetic_endgame_0099,8/8/8/1K2R3/8/8/3k4/8 w - - 0 1,white,b5a5,458.0,0.8160909001379913,0.0,,20,teacher_candidate,endgame,
endgames_0099,endgames_0099,endgames,train,synthetic_endgame_0099,8/8/8/1K2R3/8/8/3k4/8 w - - 0 1,white,b5a6,444.0,0.8040623914048921,0.0,,20,teacher_candidate,endgame,
endgames_0099,endgames_0099,endgames,train,synthetic_endgame_0099,8/8/8/1K2R3/8/8/3k4/8 w - - 0 1,white,b5b4,464.0,0.8210398813328771,1.0,,20,teacher_candidate,endgame,
endgames_0099,endgames_0099,endgames,train,synthetic_endgame_0099,8/8/8/1K2R3/8/8/3k4/8 w - - 0 1,white,b5b6,447.0,0.806697578116818,0.0,,20,teacher_candidate,endgame,
endgames_0100,endgames_0100,endgames,train,synthetic_endgame_0100,8/8/8/k7/3K4/p7/8/8 b - - 0 1,black,a3a2,509.0,0.8544737824712498,1.0,,6,teacher_candidate,endgame,
endgames_0100,endgames_0100,endgames,train,synthetic_endgame_0100,8/8/8/k7/3K4/p7/8/8 b - - 0 1,black,a5a4,-33.0,-0.08231333630045613,0.0,,6,teacher_candidate,endgame,
endgames_0100,endgames_0100,endgames,train,synthetic_endgame_0100,8/8/8/k7/3K4/p7/8/8 b - - 0 1,black,a5a6,32.0,0.07982976911113136,0.0,,6,teacher_candidate,endgame,
endgames_0100,endgames_0100,endgames,train,synthetic_endgame_0100,8/8/8/k7/3K4/p7/8/8 b - - 0 1,black,a5b4,475.0,0.8298019099859595,0.0,,6,teacher_candidate,endgame,
endgames_0100,endgames_0100,endgames,train,synthetic_endgame_0100,8/8/8/k7/3K4/p7/8/8 b - - 0 1,black,a5b5,41.0,0.1021425386146839,0.0,,6,teacher_candidate,endgame,
endgames_0101,endgames_0101,endgames,train,synthetic_endgame_0101,8/1k6/8/8/2Q5/8/7K/8 w - - 0 1,white,c4a2,447.0,0.806697578116818,0.0,,30,teacher_candidate,endgame,
endgames_0101,endgames_0101,endgames,train,synthetic_endgame_0101,8/1k6/8/8/2Q5/8/7K/8 w - - 0 1,white,c4a4,452.0,0.8110192620996813,0.0,,30,teacher_candidate,endgame,
endgames_0101,endgames_0101,endgames,train,synthetic_endgame_0101,8/1k6/8/8/2Q5/8/7K/8 w - - 0 1,white,c4a6,134.0,0.3230063184059049,0.0,,30,teacher_candidate,endgame,
endgames_0101,endgames_0101,endgames,train,synthetic_endgame_0101,8/1k6/8/8/2Q5/8/7K/8 w - - 0 1,white,c4b3,455.0,0.8135705538363528,1.0,,30,teacher_candidate,endgame,
endgames_0101,endgames_0101,endgames,train,synthetic_endgame_0101,8/1k6/8/8/2Q5/8/7K/8 w - - 0 1,white,c4b4,434.0,0.7950459331118053,0.0,,30,teacher_candidate,endgame,
endgames_0102,endgames_0102,endgames,train,synthetic_endgame_0102,3r4/8/8/7k/8/8/K7/8 b - - 0 1,black,d8a8,442.0,0.8022878536436613,0.0,,19,teacher_candidate,endgame,
endgames_0102,endgames_0102,endgames,train,synthetic_endgame_0102,3r4/8/8/7k/8/8/K7/8 b - - 0 1,black,d8b8,488.0,0.8396541756543754,1.0,,19,teacher_candidate,endgame,
endgames_0102,endgames_0102,endgames,train,synthetic_endgame_0102,3r4/8/8/7k/8/8/K7/8 b - - 0 1,black,d8c8,432.0,0.7931990970835009,0.0,,19,teacher_candidate,endgame,
endgames_0102,endgames_0102,endgames,train,synthetic_endgame_0102,3r4/8/8/7k/8/8/K7/8 b - - 0 1,black,d8d1,442.0,0.8022878536436613,0.0,,19,teacher_candidate,endgame,
endgames_0102,endgames_0102,endgames,train,synthetic_endgame_0102,3r4/8/8/7k/8/8/K7/8 b - - 0 1,black,d8d2,442.0,0.8022878536436613,0.0,,19,teacher_candidate,endgame,
endgames_0103,endgames_0103,endgames,train,synthetic_endgame_0103,8/8/8/K7/8/7k/4P3/8 w - - 0 1,white,a5a4,190.0,0.44223035604572614,0.0,,7,teacher_candidate,endgame,
endgames_0103,endgames_0103,endgames,train,synthetic_endgame_0103,8/8/8/K7/8/7k/4P3/8 w - - 0 1,white,a5a6,27.0,0.06739767086580163,0.0,,7,teacher_candidate,endgame,
endgames_0103,endgames_0103,endgames,train,synthetic_endgame_0103,8/8/8/K7/8/7k/4P3/8 w - - 0 1,white,a5b4,344.0,0.6962576726866815,1.0,,7,teacher_candidate,endgame,
endgames_0103,endgames_0103,endgames,train,synthetic_endgame_0103,8/8/8/K7/8/7k/4P3/8 w - - 0 1,white,a5b5,152.0,0.3627074675780511,0.0,,7,teacher_candidate,endgame,
endgames_0103,endgames_0103,endgames,train,synthetic_endgame_0103,8/8/8/K7/8/7k/4P3/8 w - - 0 1,white,a5b6,321.0,0.6654320889230336,0.0,,7,teacher_candidate,endgame,
endgames_0104,endgames_0104,endgames,train,synthetic_endgame_0104,2R5/8/8/k7/6K1/8/8/8 w - - 0 1,white,c8a8,414.0,0.7759059228860193,0.0,,22,teacher_candidate,endgame,
endgames_0104,endgames_0104,endgames,train,synthetic_endgame_0104,2R5/8/8/k7/6K1/8/8/8 w - - 0 1,white,c8b8,429.0,0.7904012411743512,0.0,,22,teacher_candidate,endgame,
endgames_0104,endgames_0104,endgames,train,synthetic_endgame_0104,2R5/8/8/k7/6K1/8/8/8 w - - 0 1,white,c8c1,431.0,0.7922701689754607,0.0,,22,teacher_candidate,endgame,
endgames_0104,endgames_0104,endgames,train,synthetic_endgame_0104,2R5/8/8/k7/6K1/8/8/8 w - - 0 1,white,c8c2,420.0,0.7818063576087741,0.0,,22,teacher_candidate,endgame,
endgames_0104,endgames_0104,endgames,train,synthetic_endgame_0104,2R5/8/8/k7/6K1/8/8/8 w - - 0 1,white,c8c3,435.0,0.7959638616217392,1.0,,22,teacher_candidate,endgame,
endgames_0105,endgames_0105,endgames,train,synthetic_endgame_0105,4k3/8/3Q4/8/8/8/7K/8 w - - 0 1,white,d6a3,478.0,0.8321231362048838,0.0,,29,teacher_candidate,endgame,
endgames_0105,endgames_0105,endgames,train,synthetic_endgame_0105,4k3/8/3Q4/8/8/8/7K/8 w - - 0 1,white,d6a6,481.0,0.8344155694676939,1.0,,29,teacher_candidate,endgame,
endgames_0105,endgames_0105,endgames,train,synthetic_endgame_0105,4k3/8/3Q4/8/8/8/7K/8 w - - 0 1,white,d6b4,462.0,0.8194037105941603,0.0,,29,teacher_candidate,endgame,
endgames_0105,endgames_0105,endgames,train,synthetic_endgame_0105,4k3/8/3Q4/8/8/8/7K/8 w - - 0 1,white,d6b6,473.0,0.8282382915975468,0.0,,29,teacher_candidate,endgame,
endgames_0105,endgames_0105,endgames,train,synthetic_endgame_0105,4k3/8/3Q4/8/8/8/7K/8 w - - 0 1,white,d6b8,432.0,0.7931990970835009,0.0,,29,teacher_candidate,endgame,
endgames_0106,endgames_0106,endgames,train,synthetic_endgame_0106,8/8/8/8/8/8/2K5/5rk1 b - - 0 1,black,f1a1,450.0,0.809301070201781,1.0,,16,teacher_candidate,endgame,
endgames_0106,endgames_0106,endgames,train,synthetic_endgame_0106,8/8/8/8/8/8/2K5/5rk1 b - - 0 1,black,f1b1,-63.0,-0.15621046576861825,0.0,,16,teacher_candidate,endgame,
endgames_0106,endgames_0106,endgames,train,synthetic_endgame_0106,8/8/8/8/8/8/2K5/5rk1 b - - 0 1,black,f1c1,-33.0,-0.08231333630045613,0.0,,16,teacher_candidate,endgame,
endgames_0106,endgames_0106,endgames,train,synthetic_endgame_0106,8/8/8/8/8/8/2K5/5rk1 b - - 0 1,black,f1d1,-46.0,-0.11449570919711116,0.0,,16,teacher_candidate,endgame,
endgames_0106,endgames_0106,endgames,train,synthetic_endgame_0106,8/8/8/8/8/8/2K5/5rk1 b - - 0 1,black,f1e1,423.0,0.7847051472096467,0.0,,16,teacher_candidate,endgame,
endgames_0107,endgames_0107,endgames,train,synthetic_endgame_0107,8/8/8/8/8/3k1K2/1P6/8 w - - 0 1,white,b2b3,-3.0,-0.00749985937816399,0.0,,7,teacher_candidate,endgame,
endgames_0107,endgames_0107,endgames,train,synthetic_endgame_0107,8/8/8/8/8/3k1K2/1P6/8 w - - 0 1,white,b2b4,9.0,0.02249620389370967,1.0,,7,teacher_candidate,endgame,
endgames_0107,endgames_0107,endgames,train,synthetic_endgame_0107,8/8/8/8/8/3k1K2/1P6/8 w - - 0 1,white,f3f2,-10.0,-0.02499479296842069,0.0,,7,teacher_candidate,endgame,
endgames_0107,endgames_0107,endgames,train,synthetic_endgame_0107,8/8/8/8/8/3k1K2/1P6/8 w - - 0 1,white,f3f4,-13.0,-0.03248856212414491,0.0,,7,teacher_candidate,endgame,
endgames_0107,endgames_0107,endgames,train,synthetic_endgame_0107,8/8/8/8/8/3k1K2/1P6/8 w - - 0 1,white,f3g2,-15.0,-0.03748243175707047,0.0,,7,teacher_candidate,endgame,
endgames_0108,endgames_0108,endgames,train,synthetic_endgame_0108,8/8/8/K7/8/3k4/8/5R2 w - - 0 1,white,a5a4,445.0,0.8049443259184149,0.0,,19,teacher_candidate,endgame,
endgames_0108,endgames_0108,endgames,train,synthetic_endgame_0108,8/8/8/K7/8/3k4/8/5R2 w - - 0 1,white,a5a6,460.0,0.8177540779702877,1.0,,19,teacher_candidate,endgame,
endgames_0108,endgames_0108,endgames,train,synthetic_endgame_0108,8/8/8/K7/8/3k4/8/5R2 w - - 0 1,white,a5b4,447.0,0.806697578116818,0.0,,19,teacher_candidate,endgame,
endgames_0108,endgames_0108,endgames,train,synthetic_endgame_0108,8/8/8/K7/8/3k4/8/5R2 w - - 0 1,white,a5b5,452.0,0.8110192620996813,0.0,,19,teacher_candidate,endgame,
endgames_0108,endgames_0108,endgames,train,synthetic_endgame_0108,8/8/8/K7/8/3k4/8/5R2 w - - 0 1,white,a5b6,445.0,0.8049443259184149,0.0,,19,teacher_candidate,endgame,
endgames_0109,endgames_0109,endgames,train,synthetic_endgame_0109,8/1p6/8/8/8/8/8/2k2K2 b - - 0 1,black,b7b5,461.0,0.8185805822252497,0.0,,7,teacher_candidate,endgame,
endgames_0109,endgames_0109,endgames,train,synthetic_endgame_0109,8/1p6/8/8/8/8/8/2k2K2 b - - 0 1,black,b7b6,424.0,0.7856638590269437,0.0,,7,teacher_candidate,endgame,
endgames_0109,endgames_0109,endgames,train,synthetic_endgame_0109,8/1p6/8/8/8/8/8/2k2K2 b - - 0 1,black,c1b1,438.0,0.7986958128717863,0.0,,7,teacher_candidate,endgame,
endgames_0109,endgames_0109,endgames,train,synthetic_endgame_0109,8/1p6/8/8/8/8/8/2k2K2 b - - 0 1,black,c1b2,472.0,0.8274516110081667,1.0,,7,teacher_candidate,endgame,
endgames_0109,endgames_0109,endgames,train,synthetic_endgame_0109,8/1p6/8/8/8/8/8/2k2K2 b - - 0 1,black,c1c2,464.0,0.8210398813328771,0.0,,7,teacher_candidate,endgame,
endgames_0110,endgames_0110,endgames,train,synthetic_endgame_0110,8/4P3/8/8/4k3/8/8/1K6 w - - 0 1,white,b1a1,488.0,0.8396541756543754,0.0,,9,teacher_candidate,endgame,
endgames_0110,endgames_0110,endgames,train,synthetic_endgame_0110,8/4P3/8/8/4k3/8/8/1K6 w - - 0 1,white,b1a2,486.0,0.8381730655690693,0.0,,9,teacher_candidate,endgame,
endgames_0110,endgames_0110,endgames,train,synthetic_endgame_0110,8/4P3/8/8/4k3/8/8/1K6 w - - 0 1,white,b1b2,492.0,0.8425793256589296,1.0,,9,teacher_candidate,endgame,
endgames_0110,endgames_0110,endgames,train,synthetic_endgame_0110,8/4P3/8/8/4k3/8/8/1K6 w - - 0 1,white,b1c1,478.0,0.8321231362048838,0.0,,9,teacher_candidate,endgame,
endgames_0110,endgames_0110,endgames,train,synthetic_endgame_0110,8/4P3/8/8/4k3/8/8/1K6 w - - 0 1,white,b1c2,480.0,0.8336546070121552,0.0,,9,teacher_candidate,endgame,
endgames_0111,endgames_0111,endgames,train,synthetic_endgame_0111,2q5/7K/8/8/8/8/8/7k b - - 0 1,black,c8a6,495.0,0.8447410748870232,0.0,,24,teacher_candidate,endgame,
endgames_0111,endgames_0111,endgames,train,synthetic_endgame_0111,2q5/7K/8/8/8/8/8/7k b - - 0 1,black,c8a8,553.0,0.8815098488354687,0.0,,24,teacher_candidate,endgame,
endgames_0111,endgames_0111,endgames,train,synthetic_endgame_0111,2q5/7K/8/8/8/8/8/7k b - - 0 1,black,c8b7,496.0,0.8454555957266803,0.0,,24,teacher_candidate,endgame,
endgames_0111,endgames_0111,endgames,train,synthetic_endgame_0111,2q5/7K/8/8/8/8/8/7k b - - 0 1,black,c8b8,431.0,0.7922701689754607,0.0,,24,teacher_candidate,endgame,
endgames_0111,endgames_0111,endgames,train,synthetic_endgame_0111,2q5/7K/8/8/8/8/8/7k b - - 0 1,black,c8c1,663.0,0.9298796587312388,1.0,,24,teacher_candidate,endgame,
endgames_0112,endgames_0112,endgames,train,synthetic_endgame_0112,8/8/8/8/k7/8/7K/5R2 w - - 0 1,white,f1a1,499.0,0.8475811144033204,0.0,,19,teacher_candidate,endgame,
endgames_0112,endgames_0112,endgames,train,synthetic_endgame_0112,8/8/8/8/k7/8/7K/5R2 w - - 0 1,white,f1b1,500.0,0.8482836399575129,0.0,,19,teacher_candidate,endgame,
endgames_0112,endgames_0112,endgames,train,synthetic_endgame_0112,8/8/8/8/k7/8/7K/5R2 w - - 0 1,white,f1c1,421.0,0.7827764066595579,0.0,,19,teacher_candidate,endgame,
endgames_0112,endgames_0112,endgames,train,synthetic_endgame_0112,8/8/8/8/k7/8/7K/5R2 w - - 0 1,white,f1d1,435.0,0.7959638616217392,0.0,,19,teacher_candidate,endgame,
endgames_0112,endgames_0112,endgames,train,synthetic_endgame_0112,8/8/8/8/k7/8/7K/5R2 w - - 0 1,white,f1e1,533.0,0.8698590209439497,1.0,,19,teacher_candidate,endgame,
endgames_0113,endgames_0113,endgames,train,synthetic_endgame_0113,8/8/5k2/8/6K1/6p1/8/8 b - - 0 1,black,f6e5,-35.0,-0.08727737447415772,0.0,,7,teacher_candidate,endgame,
endgames_0113,endgames_0113,endgames,train,synthetic_endgame_0113,8/8/5k2/8/6K1/6p1/8/8 b - - 0 1,black,f6e6,-33.0,-0.08231333630045613,1.0,,7,teacher_candidate,endgame,
endgames_0113,endgames_0113,endgames,train,synthetic_endgame_0113,8/8/5k2/8/6K1/6p1/8/8 b - - 0 1,black,f6e7,-65.0,-0.1610846096413192,0.0,,7,teacher_candidate,endgame,
endgames_0113,endgames_0113,endgames,train,synthetic_endgame_0113,8/8/5k2/8/6K1/6p1/8/8 b - - 0 1,black,f6f7,-63.0,-0.15621046576861825,0.0,,7,teacher_candidate,endgame,
endgames_0113,endgames_0113,endgames,train,synthetic_endgame_0113,8/8/5k2/8/6K1/6p1/8/8 b - - 0 1,black,f6g6,-49.0,-0.12189090064943241,0.0,,7,teacher_candidate,endgame,
endgames_0114,endgames_0114,endgames,train,synthetic_endgame_0114,8/4k3/8/8/8/8/8/3K1Q2 w - - 0 1,white,d1c1,509.0,0.8544737824712498,1.0,,22,teacher_candidate,endgame,
endgames_0114,endgames_0114,endgames,train,synthetic_endgame_0114,8/4k3/8/8/8/8/8/3K1Q2 w - - 0 1,white,d1c2,494.0,0.8440235297412673,0.0,,22,teacher_candidate,endgame,
endgames_0114,endgames_0114,endgames,train,synthetic_endgame_0114,8/4k3/8/8/8/8/8/3K1Q2 w - - 0 1,white,d1d2,468.0,0.8242721703413975,0.0,,22,teacher_candidate,endgame,
endgames_0114,endgames_0114,endgames,train,synthetic_endgame_0114,8/4k3/8/8/8/8/8/3K1Q2 w - - 0 1,white,d1e1,461.0,0.8185805822252497,0.0,,22,teacher_candidate,endgame,
endgames_0114,endgames_0114,endgames,train,synthetic_endgame_0114,8/4k3/8/8/8/8/8/3K1Q2 w - - 0 1,white,d1e2,509.0,0.8544737824712498,0.0,,22,teacher_candidate,endgame,
endgames_0115,endgames_0115,endgames,train,synthetic_endgame_0115,4k3/8/5R2/6K1/8/8/8/8 w - - 0 1,white,f6a6,460.0,0.8177540779702877,0.0,,21,teacher_candidate,endgame,
endgames_0115,endgames_0115,endgames,train,synthetic_endgame_0115,4k3/8/5R2/6K1/8/8/8/8 w - - 0 1,white,f6b6,472.0,0.8274516110081667,0.0,,21,teacher_candidate,endgame,
endgames_0115,endgames_0115,endgames,train,synthetic_endgame_0115,4k3/8/5R2/6K1/8/8/8/8 w - - 0 1,white,f6c6,495.0,0.8447410748870232,1.0,,21,teacher_candidate,endgame,
endgames_0115,endgames_0115,endgames,train,synthetic_endgame_0115,4k3/8/5R2/6K1/8/8/8/8 w - - 0 1,white,f6d6,475.0,0.8298019099859595,0.0,,21,teacher_candidate,endgame,
endgames_0115,endgames_0115,endgames,train,synthetic_endgame_0115,4k3/8/5R2/6K1/8/8/8/8 w - - 0 1,white,f6e6,439.0,0.7995992196179786,0.0,,21,teacher_candidate,endgame,
endgames_0116,endgames_0116,endgames,train,synthetic_endgame_0116,8/8/8/8/6p1/8/8/4K1k1 b - - 0 1,black,g1g2,479.0,0.8328904660394908,1.0,,4,teacher_candidate,endgame,
endgames_0116,endgames_0116,endgames,train,synthetic_endgame_0116,8/8/8/8/6p1/8/8/4K1k1 b - - 0 1,black,g1h1,462.0,0.8194037105941603,0.0,,4,teacher_candidate,endgame,
endgames_0116,endgames_0116,endgames,train,synthetic_endgame_0116,8/8/8/8/6p1/8/8/4K1k1 b - - 0 1,black,g1h2,472.0,0.8274516110081667,0.0,,4,teacher_candidate,endgame,
endgames_0116,endgames_0116,endgames,train,synthetic_endgame_0116,8/8/8/8/6p1/8/8/4K1k1 b - - 0 1,black,g4g3,463.0,0.820223473492082,0.0,,4,teacher_candidate,endgame,
endgames_0117,endgames_0117,endgames,train,synthetic_endgame_0117,3K4/8/8/4r3/2k5/8/8/8 b - - 0 1,black,c4b3,491.0,0.8418526462603199,0.0,,22,teacher_candidate,endgame,
endgames_0117,endgames_0117,endgames,train,synthetic_endgame_0117,3K4/8/8/4r3/2k5/8/8/8 b - - 0 1,black,c4b4,457.0,0.8152542057275878,0.0,,22,teacher_candidate,endgame,
endgames_0117,endgames_0117,endgames,train,synthetic_endgame_0117,3K4/8/8/4r3/2k5/8/8/8 b - - 0 1,black,c4b5,511.0,0.855817403604612,1.0,,22,teacher_candidate,endgame,
endgames_0117,endgames_0117,endgames,train,synthetic_endgame_0117,3K4/8/8/4r3/2k5/8/8/8 b - - 0 1,black,c4c3,479.0,0.8328904660394908,0.0,,22,teacher_candidate,endgame,
endgames_0117,endgames_0117,endgames,train,synthetic_endgame_0117,3K4/8/8/4r3/2k5/8/8/8 b - - 0 1,black,c4c5,494.0,0.8440235297412673,0.0,,22,teacher_candidate,endgame,
endgames_0118,endgames_0118,endgames,train,synthetic_endgame_0118,8/8/4P3/8/6K1/8/2k5/8 w - - 0 1,white,e6e7,528.0,0.8667839288498187,1.0,,9,teacher_candidate,endgame,
endgames_0118,endgames_0118,endgames,train,synthetic_endgame_0118,8/8/4P3/8/6K1/8/2k5/8 w - - 0 1,white,g4f3,527.0,0.8661608659438628,0.0,,9,teacher_candidate,endgame,
endgames_0118,endgames_0118,endgames,train,synthetic_endgame_0118,8/8/4P3/8/6K1/8/2k5/8 w - - 0 1,white,g4f4,522.0,0.8630047925513478,0.0,,9,teacher_candidate,endgame,
endgames_0118,endgames_0118,endgames,train,synthetic_endgame_0118,8/8/4P3/8/6K1/8/2k5/8 w - - 0 1,white,g4f5,510.0,0.8551470292769645,0.0,,9,teacher_candidate,endgame,
endgames_0118,endgames_0118,endgames,train,synthetic_endgame_0118,8/8/4P3/8/6K1/8/2k5/8 w - - 0 1,white,g4g3,508.0,0.8537976531552436,0.0,,9,teacher_candidate,endgame,
endgames_0119,endgames_0119,endgames,train,synthetic_endgame_0119,3k1K2/8/8/8/8/8/4q3/8 b - - 0 1,black,d8c7,473.0,0.8282382915975468,0.0,,26,teacher_candidate,endgame,
endgames_0119,endgames_0119,endgames,train,synthetic_endgame_0119,3k1K2/8/8/8/8/8/4q3/8 b - - 0 1,black,d8c8,447.0,0.806697578116818,0.0,,26,teacher_candidate,endgame,
endgames_0119,endgames_0119,endgames,train,synthetic_endgame_0119,3k1K2/8/8/8/8/8/4q3/8 b - - 0 1,black,d8d7,470.0,0.8258684551194575,0.0,,26,teacher_candidate,endgame,
endgames_0119,endgames_0119,endgames,train,synthetic_endgame_0119,3k1K2/8/8/8/8/8/4q3/8 b - - 0 1,black,e2a2,608.0,0.9086976584311126,1.0,,26,teacher_candidate,endgame,
endgames_0119,endgames_0119,endgames,train,synthetic_endgame_0119,3k1K2/8/8/8/8/8/4q3/8 b - - 0 1,black,e2a6,461.0,0.8185805822252497,0.0,,26,teacher_candidate,endgame,
endgames_0120,endgames_0120,endgames,train,synthetic_endgame_0120,8/8/8/8/8/8/1K3k1p/8 b - - 0 1,black,f2e1,536.0,0.8716722471896521,0.0,,12,teacher_candidate,endgame,
endgames_0120,endgames_0120,endgames,train,synthetic_endgame_0120,8/8/8/8/8/8/1K3k1p/8 b - - 0 1,black,f2e2,560.0,0.8853516482022625,0.0,,12,teacher_candidate,endgame,
endgames_0120,endgames_0120,endgames,train,synthetic_endgame_0120,8/8/8/8/8/8/1K3k1p/8 b - - 0 1,black,f2e3,585.0,0.8981370594941129,1.0,,12,teacher_candidate,endgame,
endgames_0120,endgames_0120,endgames,train,synthetic_endgame_0120,8/8/8/8/8/8/1K3k1p/8 b - - 0 1,black,f2f1,556.0,0.8831708889152075,0.0,,12,teacher_candidate,endgame,
endgames_0120,endgames_0120,endgames,train,synthetic_endgame_0120,8/8/8/8/8/8/1K3k1p/8 b - - 0 1,black,f2f3,584.0,0.8976525981658167,0.0,,12,teacher_candidate,endgame,
endgames_0121,endgames_0121,endgames,train,synthetic_endgame_0121,6k1/8/8/7Q/8/1K6/8/8 w - - 0 1,white,b3a2,487.0,0.8389151737656423,0.0,,29,teacher_candidate,endgame,
endgames_0121,endgames_0121,endgames,train,synthetic_endgame_0121,6k1/8/8/7Q/8/1K6/8/8 w - - 0 1,white,b3a3,488.0,0.8396541756543754,0.0,,29,teacher_candidate,endgame,
endgames_0121,endgames_0121,endgames,train,synthetic_endgame_0121,6k1/8/8/7Q/8/1K6/8/8 w - - 0 1,white,b3a4,490.0,0.8411229016320433,0.0,,29,teacher_candidate,endgame,
endgames_0121,endgames_0121,endgames,train,synthetic_endgame_0121,6k1/8/8/7Q/8/1K6/8/8 w - - 0 1,white,b3b2,534.0,0.8704660627864289,1.0,,29,teacher_candidate,endgame,
endgames_0121,endgames_0121,endgames,train,synthetic_endgame_0121,6k1/8/8/7Q/8/1K6/8/8 w - - 0 1,white,b3b4,534.0,0.8704660627864289,0.0,,29,teacher_candidate,endgame,
endgames_0122,endgames_0122,endgames,train,synthetic_endgame_0122,8/8/1k6/5r2/8/8/8/K7 b - - 0 1,black,b6a5,452.0,0.8110192620996813,0.0,,22,teacher_candidate,endgame,
endgames_0122,endgames_0122,endgames,train,synthetic_endgame_0122,8/8/1k6/5r2/8/8/8/K7 b - - 0 1,black,b6a6,489.0,0.8403900815184251,0.0,,22,teacher_candidate,endgame,
endgames_0122,endgames_0122,endgames,train,synthetic_endgame_0122,8/8/1k6/5r2/8/8/8/K7 b - - 0 1,black,b6a7,519.0,0.8610781881988719,1.0,,22,teacher_candidate,endgame,
endgames_0122,endgames_0122,endgames,train,synthetic_endgame_0122,8/8/1k6/5r2/8/8/8/K7 b - - 0 1,black,b6b5,442.0,0.8022878536436613,0.0,,22,teacher_candidate,endgame,
endgames_0122,endgames_0122,endgames,train,synthetic_endgame_0122,8/8/1k6/5r2/8/8/8/K7 b - - 0 1,black,b6b7,492.0,0.8425793256589296,0.0,,22,teacher_candidate,endgame,
endgames_0123,endgames_0123,endgames,train,synthetic_endgame_0123,1q6/8/7k/8/8/3K4/8/8 b - - 0 1,black,b8a7,361.0,0.7175129851098503,0.0,,26,teacher_candidate,endgame,
endgames_0123,endgames_0123,endgames,train,synthetic_endgame_0123,1q6/8/7k/8/8/3K4/8/8 b - - 0 1,black,b8a8,466.0,0.8226626734905335,0.0,,26,teacher_candidate,endgame,
endgames_0123,endgames_0123,endgames,train,synthetic_endgame_0123,1q6/8/7k/8/8/3K4/8/8 b - - 0 1,black,b8b1,440.0,0.8004990217606297,0.0,,26,teacher_candidate,endgame,
endgames_0123,endgames_0123,endgames,train,synthetic_endgame_0123,1q6/8/7k/8/8/3K4/8/8 b - - 0 1,black,b8b2,483.0,0.8359280001726355,1.0,,26,teacher_candidate,endgame,
endgames_0123,endgames_0123,endgames,train,synthetic_endgame_0123,1q6/8/7k/8/8/3K4/8/8 b - - 0 1,black,b8b3,449.0,0.8084367438073445,0.0,,26,teacher_candidate,endgame,
endgames_0124,endgames_0124,endgames,train,synthetic_endgame_0124,7k/8/r7/8/4K3/8/8/8 b - - 0 1,black,a6a1,494.0,0.8440235297412673,0.0,,17,teacher_candidate,endgame,
endgames_0124,endgames_0124,endgames,train,synthetic_endgame_0124,7k/8/r7/8/4K3/8/8/8 b - - 0 1,black,a6a2,496.0,0.8454555957266803,1.0,,17,teacher_candidate,endgame,
endgames_0124,endgames_0124,endgames,train,synthetic_endgame_0124,7k/8/r7/8/4K3/8/8/8 b - - 0 1,black,a6a3,481.0,0.8344155694676939,0.0,,17,teacher_candidate,endgame,
endgames_0124,endgames_0124,endgames,train,synthetic_endgame_0124,7k/8/r7/8/4K3/8/8/8 b - - 0 1,black,a6a4,485.0,0.8374278407728539,0.0,,17,teacher_candidate,endgame,
endgames_0124,endgames_0124,endgames,train,synthetic_endgame_0124,7k/8/r7/8/4K3/8/8/8 b - - 0 1,black,a6a5,476.0,0.8305788685385285,0.0,,17,teacher_candidate,endgame,
endgames_0125,endgames_0125,endgames,train,synthetic_endgame_0125,8/8/1P6/8/7K/1k6/8/8 w - - 0 1,white,b6b7,506.0,0.8524367067950694,1.0,,6,teacher_candidate,endgame,
endgames_0125,endgames_0125,endgames,train,synthetic_endgame_0125,8/8/1P6/8/7K/1k6/8/8 w - - 0 1,white,h4g3,495.0,0.8447410748870232,0.0,,6,teacher_candidate,endgame,
endgames_0125,endgames_0125,endgames,train,synthetic_endgame_0125,8/8/1P6/8/7K/1k6/8/8 w - - 0 1,white,h4g4,506.0,0.8524367067950694,0.0,,6,teacher_candidate,endgame,
endgames_0125,endgames_0125,endgames,train,synthetic_endgame_0125,8/8/1P6/8/7K/1k6/8/8 w - - 0 1,white,h4g5,490.0,0.8411229016320433,0.0,,6,teacher_candidate,endgame,
endgames_0125,endgames_0125,endgames,train,synthetic_endgame_0125,8/8/1P6/8/7K/1k6/8/8 w - - 0 1,white,h4h3,492.0,0.8425793256589296,0.0,,6,teacher_candidate,endgame,
endgames_0126,endgames_0126,endgames,train,synthetic_endgame_0126,7K/8/4k3/8/8/1q6/8/8 b - - 0 1,black,b3a2,827.0,0.9684987733220671,1.0,,28,teacher_candidate,endgame,
endgames_0126,endgames_0126,endgames,train,synthetic_endgame_0126,7K/8/4k3/8/8/1q6/8/8 b - - 0 1,black,b3a3,683.0,0.9363400955076433,0.0,,28,teacher_candidate,endgame,
endgames_0126,endgames_0126,endgames,train,synthetic_endgame_0126,7K/8/4k3/8/8/1q6/8/8 b - - 0 1,black,b3a4,692.0,0.9390559334707117,0.0,,28,teacher_candidate,endgame,
endgames_0126,endgames_0126,endgames,train,synthetic_endgame_0126,7K/8/4k3/8/8/1q6/8/8 b - - 0 1,black,b3b1,809.0,0.9655832183699565,0.0,,28,teacher_candidate,endgame,
endgames_0126,endgames_0126,endgames,train,synthetic_endgame_0126,7K/8/4k3/8/8/1q6/8/8 b - - 0 1,black,b3b2,776.0,0.9595340058084292,0.0,,28,teacher_candidate,endgame,
endgames_0127,endgames_0127,endgames,train,synthetic_endgame_0127,8/8/8/4R3/8/7k/K7/8 w - - 0 1,white,a2a1,449.0,0.8084367438073445,0.0,,19,teacher_candidate,endgame,
endgames_0127,endgames_0127,endgames,train,synthetic_endgame_0127,8/8/8/4R3/8/7k/K7/8 w - - 0 1,white,a2a3,454.0,0.8127235755245286,0.0,,19,teacher_candidate,endgame,
endgames_0127,endgames_0127,endgames,train,synthetic_endgame_0127,8/8/8/4R3/8/7k/K7/8 w - - 0 1,white,a2b1,448.0,0.8075689165786144,0.0,,19,teacher_candidate,endgame,
endgames_0127,endgames_0127,endgames,train,synthetic_endgame_0127,8/8/8/4R3/8/7k/K7/8 w - - 0 1,white,a2b2,457.0,0.8152542057275878,1.0,,19,teacher_candidate,endgame,
endgames_0127,endgames_0127,endgames,train,synthetic_endgame_0127,8/8/8/4R3/8/7k/K7/8 w - - 0 1,white,a2b3,454.0,0.8127235755245286,0.0,,19,teacher_candidate,endgame,
endgames_0128,endgames_0128,endgames,train,synthetic_endgame_0128,8/4k3/8/8/8/6pK/8/8 b - - 0 1,black,e7d6,28.0,0.06988589031642899,0.0,,9,teacher_candidate,endgame,
endgames_0128,endgames_0128,endgames,train,synthetic_endgame_0128,8/4k3/8/8/8/6pK/8/8 b - - 0 1,black,e7d7,37.0,0.09223708209155926,0.0,,9,teacher_candidate,endgame,
endgames_0128,endgames_0128,endgames,train,synthetic_endgame_0128,8/4k3/8/8/8/6pK/8/8 b - - 0 1,black,e7d8,8.0,0.019997333759930933,0.0,,9,teacher_candidate,endgame,
endgames_0128,endgames_0128,endgames,train,synthetic_endgame_0128,8/4k3/8/8/8/6pK/8/8 b - - 0 1,black,e7e6,40.0,0.09966799462495582,1.0,,9,teacher_candidate,endgame,
endgames_0128,endgames_0128,endgames,train,synthetic_endgame_0128,8/4k3/8/8/8/6pK/8/8 b - - 0 1,black,e7e8,29.0,0.07237324046358946,0.0,,9,teacher_candidate,endgame,
endgames_0129,endgames_0129,endgames,train,synthetic_endgame_0129,8/2K5/2P5/8/8/k7/8/8 w - - 0 1,white,c7b6,555.0,0.8826196500158177,1.0,,7,teacher_candidate,endgame,
endgames_0129,endgames_0129,endgames,train,synthetic_endgame_0129,8/2K5/2P5/8/8/k7/8/8 w - - 0 1,white,c7b7,529.0,0.8674042972956072,0.0,,7,teacher_candidate,endgame,
endgames_0129,endgames_0129,endgames,train,synthetic_endgame_0129,8/2K5/2P5/8/8/k7/8/8 w - - 0 1,white,c7b8,516.0,0.8591265382143658,0.0,,7,teacher_candidate,endgame,
endgames_0129,endgames_0129,endgames,train,synthetic_endgame_0129,8/2K5/2P5/8/8/k7/8/8 w - - 0 1,white,c7c8,514.0,0.8578113918314256,0.0,,7,teacher_candidate,endgame,
endgames_0129,endgames_0129,endgames,train,synthetic_endgame_0129,8/2K5/2P5/8/8/k7/8/8 w - - 0 1,white,c7d6,527.0,0.8661608659438628,0.0,,7,teacher_candidate,endgame,
endgames_0130,endgames_0130,endgames,train,synthetic_endgame_0130,8/8/8/8/8/7p/k7/6K1 b - - 0 1,black,a2a1,12.0,0.029991003238820143,0.0,,6,teacher_candidate,endgame,
endgames_0130,endgames_0130,endgames,train,synthetic_endgame_0130,8/8/8/8/8/7p/k7/6K1 b - - 0 1,black,a2a3,3.0,0.00749985937816399,0.0,,6,teacher_candidate,endgame,
endgames_0130,endgames_0130,endgames,train,synthetic_endgame_0130,8/8/8/8/8/7p/k7/6K1 b - - 0 1,black,a2b1,22.0,0.05494460868918742,1.0,,6,teacher_candidate,endgame,
endgames_0130,endgames_0130,endgames,train,synthetic_endgame_0130,8/8/8/8/8/7p/k7/6K1 b - - 0 1,black,a2b2,17.0,0.04247442993254818,0.0,,6,teacher_candidate,endgame,
endgames_0130,endgames_0130,endgames,train,synthetic_endgame_0130,8/8/8/8/8/7p/k7/6K1 b - - 0 1,black,a2b3,2.0,0.004999958333749996,0.0,,6,teacher_candidate,endgame,
endgames_0131,endgames_0131,endgames,train,synthetic_endgame_0131,8/6k1/8/8/8/8/6r1/7K b - - 0 1,black,g2a2,536.0,0.8716722471896521,1.0,,20,teacher_candidate,endgame,
endgames_0131,endgames_0131,endgames,train,synthetic_endgame_0131,8/6k1/8/8/8/8/6r1/7K b - - 0 1,black,g2b2,514.0,0.8578113918314256,0.0,,20,teacher_candidate,endgame,
endgames_0131,endgames_0131,endgames,train,synthetic_endgame_0131,8/6k1/8/8/8/8/6r1/7K b - - 0 1,black,g2c2,492.0,0.8425793256589296,0.0,,20,teacher_candidate,endgame,
endgames_0131,endgames_0131,endgames,train,synthetic_endgame_0131,8/6k1/8/8/8/8/6r1/7K b - - 0 1,black,g2d2,518.0,0.8604304342468398,0.0,,20,teacher_candidate,endgame,
endgames_0131,endgames_0131,endgames,train,synthetic_endgame_0131,8/6k1/8/8/8/8/6r1/7K b - - 0 1,black,g2e2,502.0,0.8496797810357468,0.0,,20,teacher_candidate,endgame,
endgames_0132,endgames_0132,endgames,train,synthetic_endgame_0132,8/8/8/3q4/5K2/8/1k6/8 b - - 0 1,black,b2a1,471.0,0.8266616689782654,0.0,,35,teacher_candidate,endgame,
endgames_0132,endgames_0132,endgames,train,synthetic_endgame_0132,8/8/8/3q4/5K2/8/1k6/8 b - - 0 1,black,b2a2,471.0,0.8266616689782654,0.0,,35,teacher_candidate,endgame,
endgames_0132,endgames_0132,endgames,train,synthetic_endgame_0132,8/8/8/3q4/5K2/8/1k6/8 b - - 0 1,black,b2a3,584.0,0.8976525981658167,1.0,,35,teacher_candidate,endgame,
endgames_0132,endgames_0132,endgames,train,synthetic_endgame_0132,8/8/8/3q4/5K2/8/1k6/8 b - - 0 1,black,b2b1,572.0,0.8916665990375279,0.0,,35,teacher_candidate,endgame,
endgames_0132,endgames_0132,endgames,train,synthetic_endgame_0132,8/8/8/3q4/5K2/8/1k6/8 b - - 0 1,black,b2b3,504.0,0.8510641096679439,0.0,,35,teacher_candidate,endgame,
endgames_0133,endgames_0133,endgames,train,synthetic_endgame_0133,8/8/4K2k/8/8/8/8/2R5 w - - 0 1,white,c1a1,500.0,0.8482836399575129,0.0,,22,teacher_candidate,endgame,
endgames_0133,endgames_0133,endgames,train,synthetic_endgame_0133,8/8/4K2k/8/8/8/8/2R5 w - - 0 1,white,c1b1,502.0,0.8496797810357468,0.0,,22,teacher_candidate,endgame,
endgames_0133,endgames_0133,endgames,train,synthetic_endgame_0133,8/8/4K2k/8/8/8/8/2R5 w - - 0 1,white,c1c2,499.0,0.8475811144033204,0.0,,22,teacher_candidate,endgame,
endgames_0133,endgames_0133,endgames,train,synthetic_endgame_0133,8/8/4K2k/8/8/8/8/2R5 w - - 0 1,white,c1c3,499.0,0.8475811144033204,0.0,,22,teacher_candidate,endgame,
endgames_0133,endgames_0133,endgames,train,synthetic_endgame_0133,8/8/4K2k/8/8/8/8/2R5 w - - 0 1,white,c1c4,507.0,0.853118631283003,1.0,,22,teacher_candidate,endgame,
endgames_0134,endgames_0134,endgames,train,synthetic_endgame_0134,4k3/8/8/8/8/2p5/K7/8 b - - 0 1,black,c3c2,13.0,0.03248856212414491,1.0,,6,teacher_candidate,endgame,
endgames_0134,endgames_0134,endgames,train,synthetic_endgame_0134,4k3/8/8/8/8/2p5/K7/8 b - - 0 1,black,e8d7,11.0,0.02749306980470986,0.0,,6,teacher_candidate,endgame,
endgames_0134,endgames_0134,endgames,train,synthetic_endgame_0134,4k3/8/8/8/8/2p5/K7/8 b - - 0 1,black,e8d8,-4.0,-0.00999966667999946,0.0,,6,teacher_candidate,endgame,
endgames_0134,endgames_0134,endgames,train,synthetic_endgame_0134,4k3/8/8/8/8/2p5/K7/8 b - - 0 1,black,e8e7,6.0,0.01499887510124078,0.0,,6,teacher_candidate,endgame,
endgames_0134,endgames_0134,endgames,train,synthetic_endgame_0134,4k3/8/8/8/8/2p5/K7/8 b - - 0 1,black,e8f7,9.0,0.02249620389370967,0.0,,6,teacher_candidate,endgame,
endgames_0135,endgames_0135,endgames,train,synthetic_endgame_0135,8/8/8/8/1Q6/5k2/2K5/8 w - - 0 1,white,b4a3,491.0,0.8418526462603199,0.0,,31,teacher_candidate,endgame,
endgames_0135,endgames_0135,endgames,train,synthetic_endgame_0135,8/8/8/8/1Q6/5k2/2K5/8 w - - 0 1,white,b4a4,473.0,0.8282382915975468,0.0,,31,teacher_candidate,endgame,
endgames_0135,endgames_0135,endgames,train,synthetic_endgame_0135,8/8/8/8/1Q6/5k2/2K5/8 w - - 0 1,white,b4a5,568.0,0.8895989244341314,1.0,,31,teacher_candidate,endgame,
endgames_0135,endgames_0135,endgames,train,synthetic_endgame_0135,8/8/8/8/1Q6/5k2/2K5/8 w - - 0 1,white,b4b1,453.0,0.8118731484163844,0.0,,31,teacher_candidate,endgame,
endgames_0135,endgames_0135,endgames,train,synthetic_endgame_0135,8/8/8/8/1Q6/5k2/2K5/8 w - - 0 1,white,b4b2,483.0,0.8359280001726355,0.0,,31,teacher_candidate,endgame,
endgames_0136,endgames_0136,endgames,train,synthetic_endgame_0136,8/8/3K4/8/8/1r6/8/1k6 b - - 0 1,black,b1a1,463.0,0.820223473492082,1.0,,18,teacher_candidate,endgame,
endgames_0136,endgames_0136,endgames,train,synthetic_endgame_0136,8/8/3K4/8/8/1r6/8/1k6 b - - 0 1,black,b1a2,435.0,0.7959638616217392,0.0,,18,teacher_candidate,endgame,
endgames_0136,endgames_0136,endgames,train,synthetic_endgame_0136,8/8/3K4/8/8/1r6/8/1k6 b - - 0 1,black,b1b2,422.0,0.7837426664759929,0.0,,18,teacher_candidate,endgame,
endgames_0136,endgames_0136,endgames,train,synthetic_endgame_0136,8/8/3K4/8/8/1r6/8/1k6 b - - 0 1,black,b1c1,431.0,0.7922701689754607,0.0,,18,teacher_candidate,endgame,
endgames_0136,endgames_0136,endgames,train,synthetic_endgame_0136,8/8/3K4/8/8/1r6/8/1k6 b - - 0 1,black,b1c2,430.0,0.7913375537619973,0.0,,18,teacher_candidate,endgame,
endgames_0137,endgames_0137,endgames,train,synthetic_endgame_0137,K7/8/4k3/8/7P/8/8/8 w - - 0 1,white,a8a7,26.0,0.06490861277463751,0.0,,4,teacher_candidate,endgame,
endgames_0137,endgames_0137,endgames,train,synthetic_endgame_0137,K7/8/4k3/8/7P/8/8/8 w - - 0 1,white,a8b7,16.0,0.03997868031116357,0.0,,4,teacher_candidate,endgame,
endgames_0137,endgames_0137,endgames,train,synthetic_endgame_0137,K7/8/4k3/8/7P/8/8/8 w - - 0 1,white,a8b8,27.0,0.06739767086580163,1.0,,4,teacher_candidate,endgame,
endgames_0137,endgames_0137,endgames,train,synthetic_endgame_0137,K7/8/4k3/8/7P/8/8/8 w - - 0 1,white,h4h5,15.0,0.03748243175707047,0.0,,4,teacher_candidate,endgame,
endgames_0138,endgames_0138,endgames,train,synthetic_endgame_0138,5q2/7k/8/8/8/8/8/3K4 b - - 0 1,black,f8a3,446.0,0.8058227180270021,0.0,,26,teacher_candidate,endgame,
endgames_0138,endgames_0138,endgames,train,synthetic_endgame_0138,5q2/7k/8/8/8/8/8/3K4 b - - 0 1,black,f8a8,446.0,0.8058227180270021,0.0,,26,teacher_candidate,endgame,
endgames_0138,endgames_0138,endgames,train,synthetic_endgame_0138,5q2/7k/8/8/8/8/8/3K4 b - - 0 1,black,f8b4,450.0,0.809301070201781,0.0,,26,teacher_candidate,endgame,
endgames_0138,endgames_0138,endgames,train,synthetic_endgame_0138,5q2/7k/8/8/8/8/8/3K4 b - - 0 1,black,f8b8,429.0,0.7904012411743512,0.0,,26,teacher_candidate,endgame,
endgames_0138,endgames_0138,endgames,train,synthetic_endgame_0138,5q2/7k/8/8/8/8/8/3K4 b - - 0 1,black,f8c5,474.0,0.829021721130387,1.0,,26,teacher_candidate,endgame,
endgames_0139,endgames_0139,endgames,train,synthetic_endgame_0139,8/1k6/3K4/8/8/8/5R2/8 w - - 0 1,white,d6c5,463.0,0.820223473492082,0.0,,20,teacher_candidate,endgame,
endgames_0139,endgames_0139,endgames,train,synthetic_endgame_0139,8/1k6/3K4/8/8/8/5R2/8 w - - 0 1,white,d6d5,451.0,0.8101619061641351,0.0,,20,teacher_candidate,endgame,
endgames_0139,endgames_0139,endgames,train,synthetic_endgame_0139,8/1k6/3K4/8/8/8/5R2/8 w - - 0 1,white,d6d7,466.0,0.8226626734905335,1.0,,20,teacher_candidate,endgame,
endgames_0139,endgames_0139,endgames,train,synthetic_endgame_0139,8/1k6/3K4/8/8/8/5R2/8 w - - 0 1,white,d6e5,461.0,0.8185805822252497,0.0,,20,teacher_candidate,endgame,
endgames_0139,endgames_0139,endgames,train,synthetic_endgame_0139,8/1k6/3K4/8/8/8/5R2/8 w - - 0 1,white,d6e6,457.0,0.8152542057275878,0.0,,20,teacher_candidate,endgame,
endgames_0140,endgames_0140,endgames,train,synthetic_endgame_0140,8/7Q/8/5K2/8/8/6k1/8 w - - 0 1,white,f5e4,555.0,0.8826196500158177,0.0,,24,teacher_candidate,endgame,
endgames_0140,endgames_0140,endgames,train,synthetic_endgame_0140,8/7Q/8/5K2/8/8/6k1/8 w - - 0 1,white,f5e5,589.0,0.900053283525865,0.0,,24,teacher_candidate,endgame,
endgames_0140,endgames_0140,endgames,train,synthetic_endgame_0140,8/7Q/8/5K2/8/8/6k1/8 w - - 0 1,white,f5e6,593.0,0.9019353223079448,0.0,,24,teacher_candidate,endgame,
endgames_0140,endgames_0140,endgames,train,synthetic_endgame_0140,8/7Q/8/5K2/8/8/6k1/8 w - - 0 1,white,f5f4,544.0,0.8763930674728229,0.0,,24,teacher_candidate,endgame,
endgames_0140,endgames_0140,endgames,train,synthetic_endgame_0140,8/7Q/8/5K2/8/8/6k1/8 w - - 0 1,white,f5f6,667.0,0.931220385101639,1.0,,24,teacher_candidate,endgame,
endgames_0141,endgames_0141,endgames,train,synthetic_endgame_0141,6K1/8/8/7r/8/8/8/1k6 b - - 0 1,black,b1a1,468.0,0.8242721703413975,0.0,,19,teacher_candidate,endgame,
endgames_0141,endgames_0141,endgames,train,synthetic_endgame_0141,6K1/8/8/7r/8/8/8/1k6 b - - 0 1,black,b1a2,498.0,0.8468756052963757,1.0,,19,teacher_candidate,endgame,
endgames_0141,endgames_0141,endgames,train,synthetic_endgame_0141,6K1/8/8/7r/8/8/8/1k6 b - - 0 1,black,b1b2,460.0,0.8177540779702877,0.0,,19,teacher_candidate,endgame,
endgames_0141,endgames_0141,endgames,train,synthetic_endgame_0141,6K1/8/8/7r/8/8/8/1k6 b - - 0 1,black,b1c1,439.0,0.7995992196179786,0.0,,19,teacher_candidate,endgame,
endgames_0141,endgames_0141,endgames,train,synthetic_endgame_0141,6K1/8/8/7r/8/8/8/1k6 b - - 0 1,black,b1c2,458.0,0.8160909001379913,0.0,,19,teacher_candidate,endgame,
endgames_0142,endgames_0142,endgames,train,synthetic_endgame_0142,8/3P4/k7/8/8/8/8/7K w - - 0 1,white,d7d8b,28.0,0.06988589031642899,0.0,,7,teacher_candidate,endgame,
endgames_0142,endgames_0142,endgames,train,synthetic_endgame_0142,8/3P4/k7/8/8/8/8/7K w - - 0 1,white,d7d8n,19.0,0.04746430825312217,0.0,,7,teacher_candidate,endgame,
endgames_0142,endgames_0142,endgames,train,synthetic_endgame_0142,8/3P4/k7/8/8/8/8/7K w - - 0 1,white,d7d8q,421.0,0.7827764066595579,0.0,,7,teacher_candidate,endgame,
endgames_0142,endgames_0142,endgames,train,synthetic_endgame_0142,8/3P4/k7/8/8/8/8/7K w - - 0 1,white,d7d8r,466.0,0.8226626734905335,1.0,,7,teacher_candidate,endgame,
endgames_0142,endgames_0142,endgames,train,synthetic_endgame_0142,8/3P4/k7/8/8/8/8/7K w - - 0 1,white,h1g1,396.0,0.7573623242165263,0.0,,7,teacher_candidate,endgame,
endgames_0143,endgames_0143,endgames,train,synthetic_endgame_0143,8/8/8/7K/8/8/q5k1/8 b - - 0 1,black,a2a1,531.0,0.8686369897347581,0.0,,27,teacher_candidate,endgame,
endgames_0143,endgames_0143,endgames,train,synthetic_endgame_0143,8/8/8/7K/8/8/q5k1/8 b - - 0 1,black,a2a3,499.0,0.8475811144033204,0.0,,27,teacher_candidate,endgame,
endgames_0143,endgames_0143,endgames,train,synthetic_endgame_0143,8/8/8/7K/8/8/q5k1/8 b - - 0 1,black,a2a4,543.0,0.8758119575033825,0.0,,27,teacher_candidate,endgame,
endgames_0143,endgames_0143,endgames,train,synthetic_endgame_0143,8/8/8/7K/8/8/q5k1/8 b - - 0 1,black,a2a5,519.0,0.8610781881988719,0.0,,27,teacher_candidate,endgame,
endgames_0143,endgames_0143,endgames,train,synthetic_endgame_0143,8/8/8/7K/8/8/q5k1/8 b - - 0 1,black,a2a6,569.0,0.8901193004193375,1.0,,27,teacher_candidate,endgame,
endgames_0144,endgames_0144,endgames,train,synthetic_endgame_0144,K7/8/8/7k/8/6R1/8/8 w - - 0 1,white,a8a7,422.0,0.7837426664759929,0.0,,17,teacher_candidate,endgame,
endgames_0144,endgames_0144,endgames,train,synthetic_endgame_0144,K7/8/8/7k/8/6R1/8/8 w - - 0 1,white,a8b7,244.0,0.5441270988535675,0.0,,17,teacher_candidate,endgame,
endgames_0144,endgames_0144,endgames,train,synthetic_endgame_0144,K7/8/8/7k/8/6R1/8/8 w - - 0 1,white,a8b8,461.0,0.8185805822252497,0.0,,17,teacher_candidate,endgame,
endgames_0144,endgames_0144,endgames,train,synthetic_endgame_0144,K7/8/8/7k/8/6R1/8/8 w - - 0 1,white,g3a3,489.0,0.8403900815184251,1.0,,17,teacher_candidate,endgame,
endgames_0144,endgames_0144,endgames,train,synthetic_endgame_0144,K7/8/8/7k/8/6R1/8/8 w - - 0 1,white,g3b3,469.0,0.825071959039259,0.0,,17,teacher_candidate,endgame,
endgames_0145,endgames_0145,endgames,train,synthetic_endgame_0145,8/5r2/8/8/8/8/1k6/7K b - - 0 1,black,b2a1,547.0,0.8781211901448149,1.0,,22,teacher_candidate,endgame,
endgames_0145,endgames_0145,endgames,train,synthetic_endgame_0145,8/5r2/8/8/8/8/1k6/7K b - - 0 1,black,b2a2,517.0,0.8597798875571636,0.0,,22,teacher_candidate,endgame,
endgames_0145,endgames_0145,endgames,train,synthetic_endgame_0145,8/5r2/8/8/8/8/1k6/7K b - - 0 1,black,b2a3,481.0,0.8344155694676939,0.0,,22,teacher_candidate,endgame,
endgames_0145,endgames_0145,endgames,train,synthetic_endgame_0145,8/5r2/8/8/8/8/1k6/7K b - - 0 1,black,b2b1,480.0,0.8336546070121552,0.0,,22,teacher_candidate,endgame,
endgames_0145,endgames_0145,endgames,train,synthetic_endgame_0145,8/5r2/8/8/8/8/1k6/7K b - - 0 1,black,b2b3,496.0,0.8454555957266803,0.0,,22,teacher_candidate,endgame,
endgames_0146,endgames_0146,endgames,train,synthetic_endgame_0146,8/8/3q3k/K7/8/8/8/8 b - - 0 1,black,d6a3,383.0,0.7431596610505404,1.0,,29,teacher_candidate,endgame,
endgames_0146,endgames_0146,endgames,train,synthetic_endgame_0146,8/8/3q3k/K7/8/8/8/8 b - - 0 1,black,d6a6,-22.0,-0.05494460868918742,0.0,,29,teacher_candidate,endgame,
endgames_0146,endgames_0146,endgames,train,synthetic_endgame_0146,8/8/3q3k/K7/8/8/8/8 b - - 0 1,black,d6b4,106.0,0.25896622393478974,0.0,,29,teacher_candidate,endgame,
endgames_0146,endgames_0146,endgames,train,synthetic_endgame_0146,8/8/3q3k/K7/8/8/8/8 b - - 0 1,black,d6b6,-71.0,-0.17565907696502286,0.0,,29,teacher_candidate,endgame,
endgames_0146,endgames_0146,endgames,train,synthetic_endgame_0146,8/8/3q3k/K7/8/8/8/8 b - - 0 1,black,d6b8,382.0,0.7420382957075286,0.0,,29,teacher_candidate,endgame,
endgames_0147,endgames_0147,endgames,train,synthetic_endgame_0147,8/7R/8/8/3K4/6k1/8/8 w - - 0 1,white,d4c3,491.0,0.8418526462603199,0.0,,22,teacher_candidate,endgame,
endgames_0147,endgames_0147,endgames,train,synthetic_endgame_0147,8/7R/8/8/3K4/6k1/8/8 w - - 0 1,white,d4c4,511.0,0.855817403604612,0.0,,22,teacher_candidate,endgame,
endgames_0147,endgames_0147,endgames,train,synthetic_endgame_0147,8/7R/8/8/3K4/6k1/8/8 w - - 0 1,white,d4c5,519.0,0.8610781881988719,1.0,,22,teacher_candidate,endgame,
endgames_0147,endgames_0147,endgames,train,synthetic_endgame_0147,8/7R/8/8/3K4/6k1/8/8 w - - 0 1,white,d4d3,510.0,0.8551470292769645,0.0,,22,teacher_candidate,endgame,
endgames_0147,endgames_0147,endgames,train,synthetic_endgame_0147,8/7R/8/8/3K4/6k1/8/8 w - - 0 1,white,d4d5,465.0,0.8218529445288736,0.0,,22,teacher_candidate,endgame,
endgames_0148,endgames_0148,endgames,train,synthetic_endgame_0148,8/2K5/5k2/8/8/8/8/3r4 b - - 0 1,black,d1a1,442.0,0.8022878536436613,0.0,,22,teacher_candidate,endgame,
endgames_0148,endgames_0148,endgames,train,synthetic_endgame_0148,8/2K5/5k2/8/8/8/8/3r4 b - - 0 1,black,d1b1,458.0,0.8160909001379913,0.0,,22,teacher_candidate,endgame,
endgames_0148,endgames_0148,endgames,train,synthetic_endgame_0148,8/2K5/5k2/8/8/8/8/3r4 b - - 0 1,black,d1c1,440.0,0.8004990217606297,0.0,,22,teacher_candidate,endgame,
endgames_0148,endgames_0148,endgames,train,synthetic_endgame_0148,8/2K5/5k2/8/8/8/8/3r4 b - - 0 1,black,d1d2,470.0,0.8258684551194575,1.0,,22,teacher_candidate,endgame,
endgames_0148,endgames_0148,endgames,train,synthetic_endgame_0148,8/2K5/5k2/8/8/8/8/3r4 b - - 0 1,black,d1d3,463.0,0.820223473492082,0.0,,22,teacher_candidate,endgame,
endgames_0149,endgames_0149,endgames,train,synthetic_endgame_0149,8/4k3/K7/8/8/7q/8/8 b - - 0 1,black,e7d6,573.0,0.8921777851440168,1.0,,29,teacher_candidate,endgame,
endgames_0149,endgames_0149,endgames,train,synthetic_endgame_0149,8/4k3/K7/8/8/7q/8/8 b - - 0 1,black,e7d7,504.0,0.8510641096679439,0.0,,29,teacher_candidate,endgame,
endgames_0149,endgames_0149,endgames,train,synthetic_endgame_0149,8/4k3/K7/8/8/7q/8/8 b - - 0 1,black,e7d8,463.0,0.820223473492082,0.0,,29,teacher_candidate,endgame,
endgames_0149,endgames_0149,endgames,train,synthetic_endgame_0149,8/4k3/K7/8/8/7q/8/8 b - - 0 1,black,e7e6,496.0,0.8454555957266803,0.0,,29,teacher_candidate,endgame,
endgames_0149,endgames_0149,endgames,train,synthetic_endgame_0149,8/4k3/K7/8/8/7q/8/8 b - - 0 1,black,e7e8,461.0,0.8185805822252497,0.0,,29,teacher_candidate,endgame,
endgames_0150,endgames_0150,endgames,train,synthetic_endgame_0150,8/5K2/8/8/8/8/4p3/1k6 b - - 0 1,black,b1a1,515.0,0.8584703762877184,0.0,,9,teacher_candidate,endgame,
endgames_0150,endgames_0150,endgames,train,synthetic_endgame_0150,8/5K2/8/8/8/8/4p3/1k6 b - - 0 1,black,b1a2,490.0,0.8411229016320433,0.0,,9,teacher_candidate,endgame,
endgames_0150,endgames_0150,endgames,train,synthetic_endgame_0150,8/5K2/8/8/8/8/4p3/1k6 b - - 0 1,black,b1b2,499.0,0.8475811144033204,0.0,,9,teacher_candidate,endgame,
endgames_0150,endgames_0150,endgames,train,synthetic_endgame_0150,8/5K2/8/8/8/8/4p3/1k6 b - - 0 1,black,b1c1,498.0,0.8468756052963757,0.0,,9,teacher_candidate,endgame,
endgames_0150,endgames_0150,endgames,train,synthetic_endgame_0150,8/5K2/8/8/8/8/4p3/1k6 b - - 0 1,black,b1c2,530.0,0.8680219810175624,1.0,,9,teacher_candidate,endgame,
endgames_0151,endgames_0151,endgames,train,synthetic_endgame_0151,8/1k3K2/8/8/2r5/8/8/8 b - - 0 1,black,b7a6,496.0,0.8454555957266803,0.0,,22,teacher_candidate,endgame,
endgames_0151,endgames_0151,endgames,train,synthetic_endgame_0151,8/1k3K2/8/8/2r5/8/8/8 b - - 0 1,black,b7a7,505.0,0.8517518696186737,0.0,,22,teacher_candidate,endgame,
endgames_0151,endgames_0151,endgames,train,synthetic_endgame_0151,8/1k3K2/8/8/2r5/8/8/8 b - - 0 1,black,b7a8,513.0,0.8571495748848095,1.0,,22,teacher_candidate,endgame,
endgames_0151,endgames_0151,endgames,train,synthetic_endgame_0151,8/1k3K2/8/8/2r5/8/8/8 b - - 0 1,black,b7b6,474.0,0.829021721130387,0.0,,22,teacher_candidate,endgame,
endgames_0151,endgames_0151,endgames,train,synthetic_endgame_0151,8/1k3K2/8/8/2r5/8/8/8 b - - 0 1,black,b7b8,444.0,0.8040623914048921,0.0,,22,teacher_candidate,endgame,
endgames_0152,endgames_0152,endgames,train,synthetic_endgame_0152,8/4P3/8/8/8/7K/k7/8 w - - 0 1,white,e7e8b,-29.0,-0.07237324046358946,0.0,,9,teacher_candidate,endgame,
endgames_0152,endgames_0152,endgames,train,synthetic_endgame_0152,8/4P3/8/8/8/7K/k7/8 w - - 0 1,white,e7e8n,-38.0,-0.09471523628617855,0.0,,9,teacher_candidate,endgame,
endgames_0152,endgames_0152,endgames,train,synthetic_endgame_0152,8/4P3/8/8/8/7K/k7/8 w - - 0 1,white,e7e8q,356.0,0.7113937318189625,0.0,,9,teacher_candidate,endgame,
endgames_0152,endgames_0152,endgames,train,synthetic_endgame_0152,8/4P3/8/8/8/7K/k7/8 w - - 0 1,white,e7e8r,429.0,0.7904012411743512,0.0,,9,teacher_candidate,endgame,
endgames_0152,endgames_0152,endgames,train,synthetic_endgame_0152,8/4P3/8/8/8/7K/k7/8 w - - 0 1,white,h3g2,460.0,0.8177540779702877,1.0,,9,teacher_candidate,endgame,
endgames_0153,endgames_0153,endgames,train,synthetic_endgame_0153,8/8/3K4/8/8/8/5k2/R7 w - - 0 1,white,a1a2,401.0,0.762642094367171,0.0,,22,teacher_candidate,endgame,
endgames_0153,endgames_0153,endgames,train,synthetic_endgame_0153,8/8/3K4/8/8/8/5k2/R7 w - - 0 1,white,a1a3,456.0,0.814414093765686,0.0,,22,teacher_candidate,endgame,
endgames_0153,endgames_0153,endgames,train,synthetic_endgame_0153,8/8/3K4/8/8/8/5k2/R7 w - - 0 1,white,a1a4,465.0,0.8218529445288736,0.0,,22,teacher_candidate,endgame,
endgames_0153,endgames_0153,endgames,train,synthetic_endgame_0153,8/8/3K4/8/8/8/5k2/R7 w - - 0 1,white,a1a5,473.0,0.8282382915975468,0.0,,22,teacher_candidate,endgame,
endgames_0153,endgames_0153,endgames,train,synthetic_endgame_0153,8/8/3K4/8/8/8/5k2/R7 w - - 0 1,white,a1a6,489.0,0.8403900815184251,1.0,,22,teacher_candidate,endgame,
endgames_0154,endgames_0154,endgames,train,synthetic_endgame_0154,8/8/p7/8/3k4/5K2/8/8 b - - 0 1,black,a6a5,439.0,0.7995992196179786,0.0,,7,teacher_candidate,endgame,
endgames_0154,endgames_0154,endgames,train,synthetic_endgame_0154,8/8/p7/8/3k4/5K2/8/8 b - - 0 1,black,d4c3,440.0,0.8004990217606297,0.0,,7,teacher_candidate,endgame,
endgames_0154,endgames_0154,endgames,train,synthetic_endgame_0154,8/8/p7/8/3k4/5K2/8/8 b - - 0 1,black,d4c4,317.0,0.6598229495293471,0.0,,7,teacher_candidate,endgame,
endgames_0154,endgames_0154,endgames,train,synthetic_endgame_0154,8/8/p7/8/3k4/5K2/8/8 b - - 0 1,black,d4c5,-29.0,-0.07237324046358946,0.0,,7,teacher_candidate,endgame,
endgames_0154,endgames_0154,endgames,train,synthetic_endgame_0154,8/8/p7/8/3k4/5K2/8/8 b - - 0 1,black,d4d3,446.0,0.8058227180270021,1.0,,7,teacher_candidate,endgame,
endgames_0155,endgames_0155,endgames,train,synthetic_endgame_0155,6kr/8/8/8/5K2/8/8/8 b - - 0 1,black,g8f7,449.0,0.8084367438073445,0.0,,11,teacher_candidate,endgame,
endgames_0155,endgames_0155,endgames,train,synthetic_endgame_0155,6kr/8/8/8/5K2/8/8/8 b - - 0 1,black,g8f8,444.0,0.8040623914048921,0.0,,11,teacher_candidate,endgame,
endgames_0155,endgames_0155,endgames,train,synthetic_endgame_0155,6kr/8/8/8/5K2/8/8/8 b - - 0 1,black,g8g7,439.0,0.7995992196179786,0.0,,11,teacher_candidate,endgame,
endgames_0155,endgames_0155,endgames,train,synthetic_endgame_0155,6kr/8/8/8/5K2/8/8/8 b - - 0 1,black,g8h7,475.0,0.8298019099859595,1.0,,11,teacher_candidate,endgame,
endgames_0155,endgames_0155,endgames,train,synthetic_endgame_0155,6kr/8/8/8/5K2/8/8/8 b - - 0 1,black,h8h1,460.0,0.8177540779702877,0.0,,11,teacher_candidate,endgame,
endgames_0156,endgames_0156,endgames,train,synthetic_endgame_0156,2R5/8/3K4/5k2/8/8/8/8 w - - 0 1,white,c8a8,479.0,0.8328904660394908,1.0,,20,teacher_candidate,endgame,
endgames_0156,endgames_0156,endgames,train,synthetic_endgame_0156,2R5/8/3K4/5k2/8/8/8/8 w - - 0 1,white,c8b8,463.0,0.820223473492082,0.0,,20,teacher_candidate,endgame,
endgames_0156,endgames_0156,endgames,train,synthetic_endgame_0156,2R5/8/3K4/5k2/8/8/8/8 w - - 0 1,white,c8c1,438.0,0.7986958128717863,0.0,,20,teacher_candidate,endgame,
endgames_0156,endgames_0156,endgames,train,synthetic_endgame_0156,2R5/8/3K4/5k2/8/8/8/8 w - - 0 1,white,c8c2,453.0,0.8118731484163844,0.0,,20,teacher_candidate,endgame,
endgames_0156,endgames_0156,endgames,train,synthetic_endgame_0156,2R5/8/3K4/5k2/8/8/8/8 w - - 0 1,white,c8c3,456.0,0.814414093765686,0.0,,20,teacher_candidate,endgame,
endgames_0157,endgames_0157,endgames,train,synthetic_endgame_0157,8/k5K1/8/6p1/8/8/8/8 b - - 0 1,black,a7a6,362.0,0.7187237485317317,0.0,,6,teacher_candidate,endgame,
endgames_0157,endgames_0157,endgames,train,synthetic_endgame_0157,8/k5K1/8/6p1/8/8/8/8 b - - 0 1,black,a7a8,232.0,0.5226654296858209,0.0,,6,teacher_candidate,endgame,
endgames_0157,endgames_0157,endgames,train,synthetic_endgame_0157,8/k5K1/8/6p1/8/8/8/8 b - - 0 1,black,a7b6,401.0,0.762642094367171,1.0,,6,teacher_candidate,endgame,
endgames_0157,endgames_0157,endgames,train,synthetic_endgame_0157,8/k5K1/8/6p1/8/8/8/8 b - - 0 1,black,a7b7,375.0,0.7340715196043415,0.0,,6,teacher_candidate,endgame,
endgames_0157,endgames_0157,endgames,train,synthetic_endgame_0157,8/k5K1/8/6p1/8/8/8/8 b - - 0 1,black,a7b8,335.0,0.6844826259620602,0.0,,6,teacher_candidate,endgame,
endgames_0158,endgames_0158,endgames,train,synthetic_endgame_0158,2Q5/5K2/1k6/8/8/8/8/8 w - - 0 1,white,c8a6,-11.0,-0.02749306980470986,0.0,,29,teacher_candidate,endgame,
endgames_0158,endgames_0158,endgames,train,synthetic_endgame_0158,2Q5/5K2/1k6/8/8/8/8/8 w - - 0 1,white,c8a8,444.0,0.8040623914048921,0.0,,29,teacher_candidate,endgame,
endgames_0158,endgames_0158,endgames,train,synthetic_endgame_0158,2Q5/5K2/1k6/8/8/8/8/8 w - - 0 1,white,c8b7,3.0,0.00749985937816399,0.0,,29,teacher_candidate,endgame,
endgames_0158,endgames_0158,endgames,train,synthetic_endgame_0158,2Q5/5K2/1k6/8/8/8/8/8 w - - 0 1,white,c8b8,474.0,0.829021721130387,1.0,,29,teacher_candidate,endgame,
endgames_0158,endgames_0158,endgames,train,synthetic_endgame_0158,2Q5/5K2/1k6/8/8/8/8/8 w - - 0 1,white,c8c1,433.0,0.7941243483656557,0.0,,29,teacher_candidate,endgame,
endgames_0159,endgames_0159,endgames,train,synthetic_endgame_0159,4K3/8/8/8/8/8/k6r/8 b - - 0 1,black,a2a1,505.0,0.8517518696186737,0.0,,18,teacher_candidate,endgame,
endgames_0159,endgames_0159,endgames,train,synthetic_endgame_0159,4K3/8/8/8/8/8/k6r/8 b - - 0 1,black,a2a3,471.0,0.8266616689782654,0.0,,18,teacher_candidate,endgame,
endgames_0159,endgames_0159,endgames,train,synthetic_endgame_0159,4K3/8/8/8/8/8/k6r/8 b - - 0 1,black,a2b1,471.0,0.8266616689782654,0.0,,18,teacher_candidate,endgame,
endgames_0159,endgames_0159,endgames,train,synthetic_endgame_0159,4K3/8/8/8/8/8/k6r/8 b - - 0 1,black,a2b2,454.0,0.8127235755245286,0.0,,18,teacher_candidate,endgame,
endgames_0159,endgames_0159,endgames,train,synthetic_endgame_0159,4K3/8/8/8/8/8/k6r/8 b - - 0 1,black,a2b3,515.0,0.8584703762877184,1.0,,18,teacher_candidate,endgame,
endgames_0160,endgames_0160,endgames,train,synthetic_endgame_0160,8/8/4q3/7K/8/3k4/8/8 b - - 0 1,black,d3c2,551.0,0.8803902214206855,1.0,,33,teacher_candidate,endgame,
endgames_0160,endgames_0160,endgames,train,synthetic_endgame_0160,8/8/4q3/7K/8/3k4/8/8 b - - 0 1,black,d3c3,513.0,0.8571495748848095,0.0,,33,teacher_candidate,endgame,
endgames_0160,endgames_0160,endgames,train,synthetic_endgame_0160,8/8/4q3/7K/8/3k4/8/8 b - - 0 1,black,d3c4,540.0,0.874053287886007,0.0,,33,teacher_candidate,endgame,
endgames_0160,endgames_0160,endgames,train,synthetic_endgame_0160,8/8/4q3/7K/8/3k4/8/8 b - - 0 1,black,d3d2,545.0,0.8769716366107312,0.0,,33,teacher_candidate,endgame,
endgames_0160,endgames_0160,endgames,train,synthetic_endgame_0160,8/8/4q3/7K/8/3k4/8/8 b - - 0 1,black,d3d4,541.0,0.8746420772011104,0.0,,33,teacher_candidate,endgame,
endgames_0161,endgames_0161,endgames,train,synthetic_endgame_0161,8/8/8/3R4/6K1/8/8/1k6 w - - 0 1,white,d5a5,479.0,0.8328904660394908,1.0,,22,teacher_candidate,endgame,
endgames_0161,endgames_0161,endgames,train,synthetic_endgame_0161,8/8/8/3R4/6K1/8/8/1k6 w - - 0 1,white,d5b5,464.0,0.8210398813328771,0.0,,22,teacher_candidate,endgame,
endgames_0161,endgames_0161,endgames,train,synthetic_endgame_0161,8/8/8/3R4/6K1/8/8/1k6 w - - 0 1,white,d5c5,468.0,0.8242721703413975,0.0,,22,teacher_candidate,endgame,
endgames_0161,endgames_0161,endgames,train,synthetic_endgame_0161,8/8/8/3R4/6K1/8/8/1k6 w - - 0 1,white,d5d1,436.0,0.7968781442047267,0.0,,22,teacher_candidate,endgame,
endgames_0161,endgames_0161,endgames,train,synthetic_endgame_0161,8/8/8/3R4/6K1/8/8/1k6 w - - 0 1,white,d5d2,446.0,0.8058227180270021,0.0,,22,teacher_candidate,endgame,
endgames_0162,endgames_0162,endgames,train,synthetic_endgame_0162,k7/1p6/8/3K4/8/8/8/8 b - - 0 1,black,a8a7,134.0,0.3230063184059049,1.0,,4,teacher_candidate,endgame,
endgames_0162,endgames_0162,endgames,train,synthetic_endgame_0162,k7/1p6/8/3K4/8/8/8/8 b - - 0 1,black,a8b8,-56.0,-0.13909244787845804,0.0,,4,teacher_candidate,endgame,
endgames_0162,endgames_0162,endgames,train,synthetic_endgame_0162,k7/1p6/8/3K4/8/8/8/8 b - - 0 1,black,b7b5,-15.0,-0.03748243175707047,0.0,,4,teacher_candidate,endgame,
endgames_0162,endgames_0162,endgames,train,synthetic_endgame_0162,k7/1p6/8/3K4/8/8/8/8 b - - 0 1,black,b7b6,-29.0,-0.07237324046358946,0.0,,4,teacher_candidate,endgame,
endgames_0163,endgames_0163,endgames,train,synthetic_endgame_0163,8/8/8/7k/8/8/5Q2/K7 w - - 0 1,white,a1a2,461.0,0.8185805822252497,0.0,,26,teacher_candidate,endgame,
endgames_0163,endgames_0163,endgames,train,synthetic_endgame_0163,8/8/8/7k/8/8/5Q2/K7 w - - 0 1,white,a1b1,397.0,0.7584263132115812,0.0,,26,teacher_candidate,endgame,
endgames_0163,endgames_0163,endgames,train,synthetic_endgame_0163,8/8/8/7k/8/8/5Q2/K7 w - - 0 1,white,a1b2,462.0,0.8194037105941603,1.0,,26,teacher_candidate,endgame,
endgames_0163,endgames_0163,endgames,train,synthetic_endgame_0163,8/8/8/7k/8/8/5Q2/K7 w - - 0 1,white,f2a2,393.0,0.754146098334285,0.0,,26,teacher_candidate,endgame,
endgames_0163,endgames_0163,endgames,train,synthetic_endgame_0163,8/8/8/7k/8/8/5Q2/K7 w - - 0 1,white,f2a7,386.0,0.7464988397557184,0.0,,26,teacher_candidate,endgame,
endgames_0164,endgames_0164,endgames,train,synthetic_endgame_0164,r7/8/8/8/8/6K1/8/7k b - - 0 1,black,a8a1,596.0,0.9033247425601896,1.0,,15,teacher_candidate,endgame,
endgames_0164,endgames_0164,endgames,train,synthetic_endgame_0164,r7/8/8/8/8/6K1/8/7k b - - 0 1,black,a8a2,488.0,0.8396541756543754,0.0,,15,teacher_candidate,endgame,
endgames_0164,endgames_0164,endgames,train,synthetic_endgame_0164,r7/8/8/8/8/6K1/8/7k b - - 0 1,black,a8a3,541.0,0.8746420772011104,0.0,,15,teacher_candidate,endgame,
endgames_0164,endgames_0164,endgames,train,synthetic_endgame_0164,r7/8/8/8/8/6K1/8/7k b - - 0 1,black,a8a4,530.0,0.8680219810175624,0.0,,15,teacher_candidate,endgame,
endgames_0164,endgames_0164,endgames,train,synthetic_endgame_0164,r7/8/8/8/8/6K1/8/7k b - - 0 1,black,a8a5,504.0,0.8510641096679439,0.0,,15,teacher_candidate,endgame,
endgames_0165,endgames_0165,endgames,train,synthetic_endgame_0165,7q/8/1k6/8/8/8/6K1/8 b - - 0 1,black,b6a5,461.0,0.8185805822252497,0.0,,29,teacher_candidate,endgame,
endgames_0165,endgames_0165,endgames,train,synthetic_endgame_0165,7q/8/1k6/8/8/8/6K1/8 b - - 0 1,black,b6a6,473.0,0.8282382915975468,0.0,,29,teacher_candidate,endgame,
endgames_0165,endgames_0165,endgames,train,synthetic_endgame_0165,7q/8/1k6/8/8/8/6K1/8 b - - 0 1,black,b6a7,460.0,0.8177540779702877,0.0,,29,teacher_candidate,endgame,
endgames_0165,endgames_0165,endgames,train,synthetic_endgame_0165,7q/8/1k6/8/8/8/6K1/8 b - - 0 1,black,b6b5,502.0,0.8496797810357468,1.0,,29,teacher_candidate,endgame,
endgames_0165,endgames_0165,endgames,train,synthetic_endgame_0165,7q/8/1k6/8/8/8/6K1/8 b - - 0 1,black,b6b7,470.0,0.8258684551194575,0.0,,29,teacher_candidate,endgame,
endgames_0166,endgames_0166,endgames,train,synthetic_endgame_0166,8/2k5/8/8/8/4K2R/8/8 w - - 0 1,white,e3d2,481.0,0.8344155694676939,0.0,,17,teacher_candidate,endgame,
endgames_0166,endgames_0166,endgames,train,synthetic_endgame_0166,8/2k5/8/8/8/4K2R/8/8 w - - 0 1,white,e3d3,470.0,0.8258684551194575,0.0,,17,teacher_candidate,endgame,
endgames_0166,endgames_0166,endgames,train,synthetic_endgame_0166,8/2k5/8/8/8/4K2R/8/8 w - - 0 1,white,e3d4,470.0,0.8258684551194575,0.0,,17,teacher_candidate,endgame,
endgames_0166,endgames_0166,endgames,train,synthetic_endgame_0166,8/2k5/8/8/8/4K2R/8/8 w - - 0 1,white,e3e2,484.0,0.8366794890768107,0.0,,17,teacher_candidate,endgame,
endgames_0166,endgames_0166,endgames,train,synthetic_endgame_0166,8/2k5/8/8/8/4K2R/8/8 w - - 0 1,white,e3e4,494.0,0.8440235297412673,1.0,,17,teacher_candidate,endgame,
endgames_0167,endgames_0167,endgames,train,synthetic_endgame_0167,8/8/K7/8/1k6/6p1/8/8 b - - 0 1,black,b4a3,482.0,0.8351733637441744,0.0,,7,teacher_candidate,endgame,
endgames_0167,endgames_0167,endgames,train,synthetic_endgame_0167,8/8/K7/8/1k6/6p1/8/8 b - - 0 1,black,b4a4,501.0,0.8489831921189297,1.0,,7,teacher_candidate,endgame,
endgames_0167,endgames_0167,endgames,train,synthetic_endgame_0167,8/8/K7/8/1k6/6p1/8/8 b - - 0 1,black,b4b3,494.0,0.8440235297412673,0.0,,7,teacher_candidate,endgame,
endgames_0167,endgames_0167,endgames,train,synthetic_endgame_0167,8/8/K7/8/1k6/6p1/8/8 b - - 0 1,black,b4c3,480.0,0.8336546070121552,0.0,,7,teacher_candidate,endgame,
endgames_0167,endgames_0167,endgames,train,synthetic_endgame_0167,8/8/K7/8/1k6/6p1/8/8 b - - 0 1,black,b4c4,497.0,0.8461671024651277,0.0,,7,teacher_candidate,endgame,
endgames_0168,endgames_0168,endgames,train,synthetic_endgame_0168,8/8/8/8/5r2/3K4/8/4k3 b - - 0 1,black,e1d1,405.0,0.7667940616777212,0.0,,17,teacher_candidate,endgame,
endgames_0168,endgames_0168,endgames,train,synthetic_endgame_0168,8/8/8/8/5r2/3K4/8/4k3 b - - 0 1,black,e1f1,406.0,0.7678221558620103,0.0,,17,teacher_candidate,endgame,
endgames_0168,endgames_0168,endgames,train,synthetic_endgame_0168,8/8/8/8/5r2/3K4/8/4k3 b - - 0 1,black,e1f2,418.0,0.779854851274994,1.0,,17,teacher_candidate,endgame,
endgames_0168,endgames_0168,endgames,train,synthetic_endgame_0168,8/8/8/8/5r2/3K4/8/4k3 b - - 0 1,black,f4a4,381.0,0.7409127621606433,0.0,,17,teacher_candidate,endgame,
endgames_0168,endgames_0168,endgames,train,synthetic_endgame_0168,8/8/8/8/5r2/3K4/8/4k3 b - - 0 1,black,f4b4,400.0,0.7615941559557649,0.0,,17,teacher_candidate,endgame,
endgames_0169,endgames_0169,endgames,train,synthetic_endgame_0169,6k1/8/8/4P3/8/8/8/1K6 w - - 0 1,white,b1a1,10.0,0.02499479296842069,0.0,,6,teacher_candidate,endgame,
endgames_0169,endgames_0169,endgames,train,synthetic_endgame_0169,6k1/8/8/4P3/8/8/8/1K6 w - - 0 1,white,b1a2,21.0,0.05245181874413747,0.0,,6,teacher_candidate,endgame,
endgames_0169,endgames_0169,endgames,train,synthetic_endgame_0169,6k1/8/8/4P3/8/8/8/1K6 w - - 0 1,white,b1b2,19.0,0.04746430825312217,0.0,,6,teacher_candidate,endgame,
endgames_0169,endgames_0169,endgames,train,synthetic_endgame_0169,6k1/8/8/4P3/8/8/8/1K6 w - - 0 1,white,b1c1,17.0,0.04247442993254818,0.0,,6,teacher_candidate,endgame,
endgames_0169,endgames_0169,endgames,train,synthetic_endgame_0169,6k1/8/8/4P3/8/8/8/1K6 w - - 0 1,white,b1c2,23.0,0.05743671390287926,1.0,,6,teacher_candidate,endgame,
endgames_0170,endgames_0170,endgames,train,synthetic_endgame_0170,5q2/8/4k3/8/8/7K/8/8 b - - 0 1,black,e6d5,534.0,0.8704660627864289,1.0,,29,teacher_candidate,endgame,
endgames_0170,endgames_0170,endgames,train,synthetic_endgame_0170,5q2/8/4k3/8/8/7K/8/8 b - - 0 1,black,e6d6,528.0,0.8667839288498187,0.0,,29,teacher_candidate,endgame,
endgames_0170,endgames_0170,endgames,train,synthetic_endgame_0170,5q2/8/4k3/8/8/7K/8/8 b - - 0 1,black,e6d7,510.0,0.8551470292769645,0.0,,29,teacher_candidate,endgame,
endgames_0170,endgames_0170,endgames,train,synthetic_endgame_0170,5q2/8/4k3/8/8/7K/8/8 b - - 0 1,black,e6e5,530.0,0.8680219810175624,0.0,,29,teacher_candidate,endgame,
endgames_0170,endgames_0170,endgames,train,synthetic_endgame_0170,5q2/8/4k3/8/8/7K/8/8 b - - 0 1,black,e6e7,494.0,0.8440235297412673,0.0,,29,teacher_candidate,endgame,
endgames_0171,endgames_0171,endgames,train,synthetic_endgame_0171,8/2K3k1/8/8/4R3/8/8/8 w - - 0 1,white,c7b6,460.0,0.8177540779702877,0.0,,22,teacher_candidate,endgame,
endgames_0171,endgames_0171,endgames,train,synthetic_endgame_0171,8/2K3k1/8/8/4R3/8/8/8 w - - 0 1,white,c7b7,432.0,0.7931990970835009,0.0,,22,teacher_candidate,endgame,
endgames_0171,endgames_0171,endgames,train,synthetic_endgame_0171,8/2K3k1/8/8/4R3/8/8/8 w - - 0 1,white,c7b8,459.0,0.8169241874133502,0.0,,22,teacher_candidate,endgame,
endgames_0171,endgames_0171,endgames,train,synthetic_endgame_0171,8/2K3k1/8/8/4R3/8/8/8 w - - 0 1,white,c7c6,463.0,0.820223473492082,1.0,,22,teacher_candidate,endgame,
endgames_0171,endgames_0171,endgames,train,synthetic_endgame_0171,8/2K3k1/8/8/4R3/8/8/8 w - - 0 1,white,c7c8,426.0,0.7875700166496489,0.0,,22,teacher_candidate,endgame,
endgames_0172,endgames_0172,endgames,train,synthetic_endgame_0172,8/3K4/8/6Q1/8/8/k7/8 w - - 0 1,white,d7c6,613.0,0.9108514391322271,0.0,,31,teacher_candidate,endgame,
endgames_0172,endgames_0172,endgames,train,synthetic_endgame_0172,8/3K4/8/6Q1/8/8/k7/8 w - - 0 1,white,d7c7,597.0,0.9037837161222545,0.0,,31,teacher_candidate,endgame,
endgames_0172,endgames_0172,endgames,train,synthetic_endgame_0172,8/3K4/8/6Q1/8/8/k7/8 w - - 0 1,white,d7c8,485.0,0.8374278407728539,0.0,,31,teacher_candidate,endgame,
endgames_0172,endgames_0172,endgames,train,synthetic_endgame_0172,8/3K4/8/6Q1/8/8/k7/8 w - - 0 1,white,d7d6,654.0,0.9267703434510203,1.0,,31,teacher_candidate,endgame,
endgames_0172,endgames_0172,endgames,train,synthetic_endgame_0172,8/3K4/8/6Q1/8/8/k7/8 w - - 0 1,white,d7d8,590.0,0.9005269768828865,0.0,,31,teacher_candidate,endgame,
endgames_0173,endgames_0173,endgames,train,synthetic_endgame_0173,8/8/8/4K1P1/8/8/7k/8 w - - 0 1,white,e5d4,537.0,0.8722714089933077,0.0,,9,teacher_candidate,endgame,
endgames_0173,endgames_0173,endgames,train,synthetic_endgame_0173,8/8/8/4K1P1/8/8/7k/8 w - - 0 1,white,e5d5,524.0,0.8642754128460111,0.0,,9,teacher_candidate,endgame,
endgames_0173,endgames_0173,endgames,train,synthetic_endgame_0173,8/8/8/4K1P1/8/8/7k/8 w - - 0 1,white,e5d6,535.0,0.8710704683248206,0.0,,9,teacher_candidate,endgame,
endgames_0173,endgames_0173,endgames,train,synthetic_endgame_0173,8/8/8/4K1P1/8/8/7k/8 w - - 0 1,white,e5e4,545.0,0.8769716366107312,1.0,,9,teacher_candidate,endgame,
endgames_0173,endgames_0173,endgames,train,synthetic_endgame_0173,8/8/8/4K1P1/8/8/7k/8 w - - 0 1,white,e5e6,527.0,0.8661608659438628,0.0,,9,teacher_candidate,endgame,
endgames_0174,endgames_0174,endgames,train,synthetic_endgame_0174,3K2R1/8/8/1k6/8/8/8/8 w - - 0 1,white,d8c7,465.0,0.8218529445288736,0.0,,15,teacher_candidate,endgame,
endgames_0174,endgames_0174,endgames,train,synthetic_endgame_0174,3K2R1/8/8/1k6/8/8/8/8 w - - 0 1,white,d8c8,450.0,0.809301070201781,0.0,,15,teacher_candidate,endgame,
endgames_0174,endgames_0174,endgames,train,synthetic_endgame_0174,3K2R1/8/8/1k6/8/8/8/8 w - - 0 1,white,d8d7,488.0,0.8396541756543754,1.0,,15,teacher_candidate,endgame,
endgames_0174,endgames_0174,endgames,train,synthetic_endgame_0174,3K2R1/8/8/1k6/8/8/8/8 w - - 0 1,white,d8e7,456.0,0.814414093765686,0.0,,15,teacher_candidate,endgame,
endgames_0174,endgames_0174,endgames,train,synthetic_endgame_0174,3K2R1/8/8/1k6/8/8/8/8 w - - 0 1,white,d8e8,479.0,0.8328904660394908,0.0,,15,teacher_candidate,endgame,
endgames_0175,endgames_0175,endgames,train,synthetic_endgame_0175,8/3K4/7k/8/8/1p6/8/8 b - - 0 1,black,b3b2,547.0,0.8781211901448149,1.0,,6,teacher_candidate,endgame,
endgames_0175,endgames_0175,endgames,train,synthetic_endgame_0175,8/3K4/7k/8/8/1p6/8/8 b - - 0 1,black,h6g5,501.0,0.8489831921189297,0.0,,6,teacher_candidate,endgame,
endgames_0175,endgames_0175,endgames,train,synthetic_endgame_0175,8/3K4/7k/8/8/1p6/8/8 b - - 0 1,black,h6g6,493.0,0.8433029500738807,0.0,,6,teacher_candidate,endgame,
endgames_0175,endgames_0175,endgames,train,synthetic_endgame_0175,8/3K4/7k/8/8/1p6/8/8 b - - 0 1,black,h6g7,515.0,0.8584703762877184,0.0,,6,teacher_candidate,endgame,
endgames_0175,endgames_0175,endgames,train,synthetic_endgame_0175,8/3K4/7k/8/8/1p6/8/8 b - - 0 1,black,h6h5,497.0,0.8461671024651277,0.0,,6,teacher_candidate,endgame,
endgames_0176,endgames_0176,endgames,train,synthetic_endgame_0176,8/8/k7/8/8/2K5/3P4/8 w - - 0 1,white,c3b2,105.0,0.25663237659073246,0.0,,9,teacher_candidate,endgame,
endgames_0176,endgames_0176,endgames,train,synthetic_endgame_0176,8/8/k7/8/8/2K5/3P4/8 w - - 0 1,white,c3b3,-40.0,-0.09966799462495582,0.0,,9,teacher_candidate,endgame,
endgames_0176,endgames_0176,endgames,train,synthetic_endgame_0176,8/8/k7/8/8/2K5/3P4/8 w - - 0 1,white,c3b4,394.0,0.7552222263539022,0.0,,9,teacher_candidate,endgame,
endgames_0176,endgames_0176,endgames,train,synthetic_endgame_0176,8/8/k7/8/8/2K5/3P4/8 w - - 0 1,white,c3c2,291.0,0.6215334927210111,0.0,,9,teacher_candidate,endgame,
endgames_0176,endgames_0176,endgames,train,synthetic_endgame_0176,8/8/k7/8/8/2K5/3P4/8 w - - 0 1,white,c3c4,442.0,0.8022878536436613,1.0,,9,teacher_candidate,endgame,
endgames_0177,endgames_0177,endgames,train,synthetic_endgame_0177,8/8/2p5/5k2/8/8/5K2/8 b - - 0 1,black,c6c5,-50.0,-0.12435300177159621,0.0,,9,teacher_candidate,endgame,
endgames_0177,endgames_0177,endgames,train,synthetic_endgame_0177,8/8/2p5/5k2/8/8/5K2/8 b - - 0 1,black,f5e4,263.0,0.576697268016198,0.0,,9,teacher_candidate,endgame,
endgames_0177,endgames_0177,endgames,train,synthetic_endgame_0177,8/8/2p5/5k2/8/8/5K2/8 b - - 0 1,black,f5e5,24.0,0.059928103529143496,0.0,,9,teacher_candidate,endgame,
endgames_0177,endgames_0177,endgames,train,synthetic_endgame_0177,8/8/2p5/5k2/8/8/5K2/8 b - - 0 1,black,f5e6,-8.0,-0.019997333759930933,0.0,,9,teacher_candidate,endgame,
endgames_0177,endgames_0177,endgames,train,synthetic_endgame_0177,8/8/2p5/5k2/8/8/5K2/8 b - - 0 1,black,f5f4,351.0,0.7051646778923848,1.0,,9,teacher_candidate,endgame,
endgames_0178,endgames_0178,endgames,train,synthetic_endgame_0178,8/8/8/K7/8/k4r2/8/8 b - - 0 1,black,a3a2,410.0,0.7718952374404182,0.0,,16,teacher_candidate,endgame,
endgames_0178,endgames_0178,endgames,train,synthetic_endgame_0178,8/8/8/K7/8/k4r2/8/8 b - - 0 1,black,a3b2,510.0,0.8551470292769645,0.0,,16,teacher_candidate,endgame,
endgames_0178,endgames_0178,endgames,train,synthetic_endgame_0178,8/8/8/K7/8/k4r2/8/8 b - - 0 1,black,a3b3,456.0,0.814414093765686,0.0,,16,teacher_candidate,endgame,
endgames_0178,endgames_0178,endgames,train,synthetic_endgame_0178,8/8/8/K7/8/k4r2/8/8 b - - 0 1,black,f3b3,515.0,0.8584703762877184,1.0,,16,teacher_candidate,endgame,
endgames_0178,endgames_0178,endgames,train,synthetic_endgame_0178,8/8/8/K7/8/k4r2/8/8 b - - 0 1,black,f3c3,509.0,0.8544737824712498,0.0,,16,teacher_candidate,endgame,
endgames_0179,endgames_0179,endgames,train,synthetic_endgame_0179,8/8/8/4P3/4k3/7K/8/8 w - - 0 1,white,e5e6,337.0,0.6871309578805149,1.0,,6,teacher_candidate,endgame,
endgames_0179,endgames_0179,endgames,train,synthetic_endgame_0179,8/8/8/4P3/4k3/7K/8/8 w - - 0 1,white,h3g2,-34.0,-0.08479588154870199,0.0,,6,teacher_candidate,endgame,
endgames_0179,endgames_0179,endgames,train,synthetic_endgame_0179,8/8/8/4P3/4k3/7K/8/8 w - - 0 1,white,h3g3,-68.0,-0.16838104587081473,0.0,,6,teacher_candidate,endgame,
endgames_0179,endgames_0179,endgames,train,synthetic_endgame_0179,8/8/8/4P3/4k3/7K/8/8 w - - 0 1,white,h3g4,27.0,0.06739767086580163,0.0,,6,teacher_candidate,endgame,
endgames_0179,endgames_0179,endgames,train,synthetic_endgame_0179,8/8/8/4P3/4k3/7K/8/8 w - - 0 1,white,h3h2,-46.0,-0.11449570919711116,0.0,,6,teacher_candidate,endgame,
endgames_0180,endgames_0180,endgames,train,synthetic_endgame_0180,8/4R3/1k6/8/8/8/7K/8 w - - 0 1,white,e7a7,-75.0,-0.1853331999081395,0.0,,19,teacher_candidate,endgame,
endgames_0180,endgames_0180,endgames,train,synthetic_endgame_0180,8/4R3/1k6/8/8/8/7K/8 w - - 0 1,white,e7b7,-85.0,-0.20935816942801874,0.0,,19,teacher_candidate,endgame,
endgames_0180,endgames_0180,endgames,train,synthetic_endgame_0180,8/4R3/1k6/8/8/8/7K/8 w - - 0 1,white,e7c7,-65.0,-0.1610846096413192,0.0,,19,teacher_candidate,endgame,
endgames_0180,endgames_0180,endgames,train,synthetic_endgame_0180,8/4R3/1k6/8/8/8/7K/8 w - - 0 1,white,e7d7,379.0,0.7386491539486121,0.0,,19,teacher_candidate,endgame,
endgames_0180,endgames_0180,endgames,train,synthetic_endgame_0180,8/4R3/1k6/8/8/8/7K/8 w - - 0 1,white,e7e1,409.0,0.7708828415345883,1.0,,19,teacher_candidate,endgame,
endgames_0181,endgames_0181,endgames,train,synthetic_endgame_0181,8/7k/4K3/8/8/8/7r/8 b - - 0 1,black,h2a2,442.0,0.8022878536436613,0.0,,17,teacher_candidate,endgame,
endgames_0181,endgames_0181,endgames,train,synthetic_endgame_0181,8/7k/4K3/8/8/8/7r/8 b - - 0 1,black,h2b2,454.0,0.8127235755245286,1.0,,17,teacher_candidate,endgame,
endgames_0181,endgames_0181,endgames,train,synthetic_endgame_0181,8/7k/4K3/8/8/8/7r/8 b - - 0 1,black,h2c2,436.0,0.7968781442047267,0.0,,17,teacher_candidate,endgame,
endgames_0181,endgames_0181,endgames,train,synthetic_endgame_0181,8/7k/4K3/8/8/8/7r/8 b - - 0 1,black,h2d2,451.0,0.8101619061641351,0.0,,17,teacher_candidate,endgame,
endgames_0181,endgames_0181,endgames,train,synthetic_endgame_0181,8/7k/4K3/8/8/8/7r/8 b - - 0 1,black,h2e2,444.0,0.8040623914048921,0.0,,17,teacher_candidate,endgame,
endgames_0182,endgames_0182,endgames,train,synthetic_endgame_0182,8/1r3k2/8/8/8/5K2/8/8 b - - 0 1,black,b7a7,488.0,0.8396541756543754,0.0,,19,teacher_candidate,endgame,
endgames_0182,endgames_0182,endgames,train,synthetic_endgame_0182,8/1r3k2/8/8/8/5K2/8/8 b - - 0 1,black,b7b1,499.0,0.8475811144033204,1.0,,19,teacher_candidate,endgame,
endgames_0182,endgames_0182,endgames,train,synthetic_endgame_0182,8/1r3k2/8/8/8/5K2/8/8 b - - 0 1,black,b7b2,470.0,0.8258684551194575,0.0,,19,teacher_candidate,endgame,
endgames_0182,endgames_0182,endgames,train,synthetic_endgame_0182,8/1r3k2/8/8/8/5K2/8/8 b - - 0 1,black,b7b3,464.0,0.8210398813328771,0.0,,19,teacher_candidate,endgame,
endgames_0182,endgames_0182,endgames,train,synthetic_endgame_0182,8/1r3k2/8/8/8/5K2/8/8 b - - 0 1,black,b7b4,472.0,0.8274516110081667,0.0,,19,teacher_candidate,endgame,
endgames_0183,endgames_0183,endgames,train,synthetic_endgame_0183,8/6P1/8/8/8/5k2/8/K7 w - - 0 1,white,a1a2,496.0,0.8454555957266803,0.0,,7,teacher_candidate,endgame,
endgames_0183,endgames_0183,endgames,train,synthetic_endgame_0183,8/6P1/8/8/8/5k2/8/K7 w - - 0 1,white,a1b1,498.0,0.8468756052963757,1.0,,7,teacher_candidate,endgame,
endgames_0183,endgames_0183,endgames,train,synthetic_endgame_0183,8/6P1/8/8/8/5k2/8/K7 w - - 0 1,white,a1b2,484.0,0.8366794890768107,0.0,,7,teacher_candidate,endgame,
endgames_0183,endgames_0183,endgames,train,synthetic_endgame_0183,8/6P1/8/8/8/5k2/8/K7 w - - 0 1,white,g7g8b,-38.0,-0.09471523628617855,0.0,,7,teacher_candidate,endgame,
endgames_0183,endgames_0183,endgames,train,synthetic_endgame_0183,8/6P1/8/8/8/5k2/8/K7 w - - 0 1,white,g7g8n,193.0,0.44824354154163726,0.0,,7,teacher_candidate,endgame,
endgames_0184,endgames_0184,endgames,train,synthetic_endgame_0184,8/8/k7/7q/8/8/5K2/8 b - - 0 1,black,a6a5,440.0,0.8004990217606297,0.0,,26,teacher_candidate,endgame,
endgames_0184,endgames_0184,endgames,train,synthetic_endgame_0184,8/8/k7/7q/8/8/5K2/8 b - - 0 1,black,a6a7,447.0,0.806697578116818,0.0,,26,teacher_candidate,endgame,
endgames_0184,endgames_0184,endgames,train,synthetic_endgame_0184,8/8/k7/7q/8/8/5K2/8 b - - 0 1,black,a6b5,446.0,0.8058227180270021,0.0,,26,teacher_candidate,endgame,
endgames_0184,endgames_0184,endgames,train,synthetic_endgame_0184,8/8/k7/7q/8/8/5K2/8 b - - 0 1,black,a6b6,471.0,0.8266616689782654,1.0,,26,teacher_candidate,endgame,
endgames_0184,endgames_0184,endgames,train,synthetic_endgame_0184,8/8/k7/7q/8/8/5K2/8 b - - 0 1,black,a6b7,451.0,0.8101619061641351,0.0,,26,teacher_candidate,endgame,
endgames_0185,endgames_0185,endgames,train,synthetic_endgame_0185,k7/8/8/8/8/8/7K/7R w - - 0 1,white,h1a1,538.0,0.8728679633298895,0.0,,11,teacher_candidate,endgame,
endgames_0185,endgames_0185,endgames,train,synthetic_endgame_0185,k7/8/8/8/8/8/7K/7R w - - 0 1,white,h1b1,550.0,0.8798266996519848,1.0,,11,teacher_candidate,endgame,
endgames_0185,endgames_0185,endgames,train,synthetic_endgame_0185,k7/8/8/8/8/8/7K/7R w - - 0 1,white,h1c1,488.0,0.8396541756543754,0.0,,11,teacher_candidate,endgame,
endgames_0185,endgames_0185,endgames,train,synthetic_endgame_0185,k7/8/8/8/8/8/7K/7R w - - 0 1,white,h1d1,491.0,0.8418526462603199,0.0,,11,teacher_candidate,endgame,
endgames_0185,endgames_0185,endgames,train,synthetic_endgame_0185,k7/8/8/8/8/8/7K/7R w - - 0 1,white,h1e1,501.0,0.8489831921189297,0.0,,11,teacher_candidate,endgame,
endgames_0186,endgames_0186,endgames,train,synthetic_endgame_0186,8/8/8/1p6/8/5K2/1k6/8 b - - 0 1,black,b2a1,388.0,0.7487042869693087,0.0,,9,teacher_candidate,endgame,
endgames_0186,endgames_0186,endgames,train,synthetic_endgame_0186,8/8/8/1p6/8/5K2/1k6/8 b - - 0 1,black,b2a2,462.0,0.8194037105941603,0.0,,9,teacher_candidate,endgame,
endgames_0186,endgames_0186,endgames,train,synthetic_endgame_0186,8/8/8/1p6/8/5K2/1k6/8 b - - 0 1,black,b2a3,480.0,0.8336546070121552,0.0,,9,teacher_candidate,endgame,
endgames_0186,endgames_0186,endgames,train,synthetic_endgame_0186,8/8/8/1p6/8/5K2/1k6/8 b - - 0 1,black,b2b1,401.0,0.762642094367171,0.0,,9,teacher_candidate,endgame,
endgames_0186,endgames_0186,endgames,train,synthetic_endgame_0186,8/8/8/1p6/8/5K2/1k6/8 b - - 0 1,black,b2b3,482.0,0.8351733637441744,1.0,,9,teacher_candidate,endgame,
endgames_0187,endgames_0187,endgames,train,synthetic_endgame_0187,8/8/8/8/5Q2/5K2/8/7k w - - 0 1,white,f3e2,739.0,0.9515099470195437,0.0,,28,teacher_candidate,endgame,
endgames_0187,endgames_0187,endgames,train,synthetic_endgame_0187,8/8/8/8/5Q2/5K2/8/7k w - - 0 1,white,f3e3,729.0,0.9490870970957774,0.0,,28,teacher_candidate,endgame,
endgames_0187,endgames_0187,endgames,train,synthetic_endgame_0187,8/8/8/8/5Q2/5K2/8/7k w - - 0 1,white,f3e4,552.0,0.880951268046997,0.0,,28,teacher_candidate,endgame,
endgames_0187,endgames_0187,endgames,train,synthetic_endgame_0187,8/8/8/8/5Q2/5K2/8/7k w - - 0 1,white,f3f2,0.0,0.0,0.0,,28,teacher_candidate,endgame,
endgames_0187,endgames_0187,endgames,train,synthetic_endgame_0187,8/8/8/8/5Q2/5K2/8/7k w - - 0 1,white,f3g3,99998.0,1.0,1.0,,28,teacher_candidate,endgame,2.0
endgames_0188,endgames_0188,endgames,train,synthetic_endgame_0188,2r5/8/6k1/3K4/8/8/8/8 b - - 0 1,black,c8a8,519.0,0.8610781881988719,1.0,,22,teacher_candidate,endgame,
endgames_0188,endgames_0188,endgames,train,synthetic_endgame_0188,2r5/8/6k1/3K4/8/8/8/8 b - - 0 1,black,c8b8,465.0,0.8218529445288736,0.0,,22,teacher_candidate,endgame,
endgames_0188,endgames_0188,endgames,train,synthetic_endgame_0188,2r5/8/6k1/3K4/8/8/8/8 b - - 0 1,black,c8c1,478.0,0.8321231362048838,0.0,,22,teacher_candidate,endgame,
endgames_0188,endgames_0188,endgames,train,synthetic_endgame_0188,2r5/8/6k1/3K4/8/8/8/8 b - - 0 1,black,c8c2,477.0,0.831352607157051,0.0,,22,teacher_candidate,endgame,
endgames_0188,endgames_0188,endgames,train,synthetic_endgame_0188,2r5/8/6k1/3K4/8/8/8/8 b - - 0 1,black,c8c3,477.0,0.831352607157051,0.0,,22,teacher_candidate,endgame,
endgames_0189,endgames_0189,endgames,train,synthetic_endgame_0189,8/2k5/8/8/3P4/7K/8/8 w - - 0 1,white,d4d5,-35.0,-0.08727737447415772,0.0,,6,teacher_candidate,endgame,
endgames_0189,endgames_0189,endgames,train,synthetic_endgame_0189,8/2k5/8/8/3P4/7K/8/8 w - - 0 1,white,h3g2,-25.0,-0.062418746747512514,0.0,,6,teacher_candidate,endgame,
endgames_0189,endgames_0189,endgames,train,synthetic_endgame_0189,8/2k5/8/8/3P4/7K/8/8 w - - 0 1,white,h3g3,-14.0,-0.03498571533277944,1.0,,6,teacher_candidate,endgame,
endgames_0189,endgames_0189,endgames,train,synthetic_endgame_0189,8/2k5/8/8/3P4/7K/8/8 w - - 0 1,white,h3g4,-16.0,-0.03997868031116357,0.0,,6,teacher_candidate,endgame,
endgames_0189,endgames_0189,endgames,train,synthetic_endgame_0189,8/2k5/8/8/3P4/7K/8/8 w - - 0 1,white,h3h2,-15.0,-0.03748243175707047,0.0,,6,teacher_candidate,endgame,
endgames_0190,endgames_0190,endgames,train,synthetic_endgame_0190,8/8/8/1k6/8/K7/8/5R2 w - - 0 1,white,a3a2,472.0,0.8274516110081667,1.0,,17,teacher_candidate,endgame,
endgames_0190,endgames_0190,endgames,train,synthetic_endgame_0190,8/8/8/1k6/8/K7/8/5R2 w - - 0 1,white,a3b2,456.0,0.814414093765686,0.0,,17,teacher_candidate,endgame,
endgames_0190,endgames_0190,endgames,train,synthetic_endgame_0190,8/8/8/1k6/8/K7/8/5R2 w - - 0 1,white,a3b3,438.0,0.7986958128717863,0.0,,17,teacher_candidate,endgame,
endgames_0190,endgames_0190,endgames,train,synthetic_endgame_0190,8/8/8/1k6/8/K7/8/5R2 w - - 0 1,white,f1a1,463.0,0.820223473492082,0.0,,17,teacher_candidate,endgame,
endgames_0190,endgames_0190,endgames,train,synthetic_endgame_0190,8/8/8/1k6/8/K7/8/5R2 w - - 0 1,white,f1b1,465.0,0.8218529445288736,0.0,,17,teacher_candidate,endgame,
endgames_0191,endgames_0191,endgames,train,synthetic_endgame_0191,8/8/8/1k5K/4Q3/8/8/8 w - - 0 1,white,e4a4,-32.0,-0.07982976911113136,0.0,,32,teacher_candidate,endgame,
endgames_0191,endgames_0191,endgames,train,synthetic_endgame_0191,8/8/8/1k5K/4Q3/8/8/8 w - - 0 1,white,e4a8,404.0,0.7657620182484389,0.0,,32,teacher_candidate,endgame,
endgames_0191,endgames_0191,endgames,train,synthetic_endgame_0191,8/8/8/1k5K/4Q3/8/8/8 w - - 0 1,white,e4b1,410.0,0.7718952374404182,0.0,,32,teacher_candidate,endgame,
endgames_0191,endgames_0191,endgames,train,synthetic_endgame_0191,8/8/8/1k5K/4Q3/8/8/8 w - - 0 1,white,e4b4,-49.0,-0.12189090064943241,0.0,,32,teacher_candidate,endgame,
endgames_0191,endgames_0191,endgames,train,synthetic_endgame_0191,8/8/8/1k5K/4Q3/8/8/8 w - - 0 1,white,e4b7,466.0,0.8226626734905335,1.0,,32,teacher_candidate,endgame,
endgames_0192,endgames_0192,endgames,train,synthetic_endgame_0192,8/8/2k5/8/8/1r6/3K4/8 b - - 0 1,black,b3a3,511.0,0.855817403604612,0.0,,22,teacher_candidate,endgame,
endgames_0192,endgames_0192,endgames,train,synthetic_endgame_0192,8/8/2k5/8/8/1r6/3K4/8 b - - 0 1,black,b3b1,529.0,0.8674042972956072,1.0,,22,teacher_candidate,endgame,
endgames_0192,endgames_0192,endgames,train,synthetic_endgame_0192,8/8/2k5/8/8/1r6/3K4/8 b - - 0 1,black,b3b2,457.0,0.8152542057275878,0.0,,22,teacher_candidate,endgame,
endgames_0192,endgames_0192,endgames,train,synthetic_endgame_0192,8/8/2k5/8/8/1r6/3K4/8 b - - 0 1,black,b3b4,501.0,0.8489831921189297,0.0,,22,teacher_candidate,endgame,
endgames_0192,endgames_0192,endgames,train,synthetic_endgame_0192,8/8/2k5/8/8/1r6/3K4/8 b - - 0 1,black,b3b5,511.0,0.855817403604612,0.0,,22,teacher_candidate,endgame,
endgames_0193,endgames_0193,endgames,train,synthetic_endgame_0193,2K5/8/8/5P2/8/8/6k1/8 w - - 0 1,white,c8b7,504.0,0.8510641096679439,0.0,,6,teacher_candidate,endgame,
endgames_0193,endgames_0193,endgames,train,synthetic_endgame_0193,2K5/8/8/5P2/8/8/6k1/8 w - - 0 1,white,c8b8,483.0,0.8359280001726355,0.0,,6,teacher_candidate,endgame,
endgames_0193,endgames_0193,endgames,train,synthetic_endgame_0193,2K5/8/8/5P2/8/8/6k1/8 w - - 0 1,white,c8c7,502.0,0.8496797810357468,0.0,,6,teacher_candidate,endgame,
endgames_0193,endgames_0193,endgames,train,synthetic_endgame_0193,2K5/8/8/5P2/8/8/6k1/8 w - - 0 1,white,c8d7,505.0,0.8517518696186737,0.0,,6,teacher_candidate,endgame,
endgames_0193,endgames_0193,endgames,train,synthetic_endgame_0193,2K5/8/8/5P2/8/8/6k1/8 w - - 0 1,white,c8d8,509.0,0.8544737824712498,1.0,,6,teacher_candidate,endgame,
endgames_0194,endgames_0194,endgames,train,synthetic_endgame_0194,k7/8/7K/8/8/1q6/8/8 b - - 0 1,black,a8a7,460.0,0.8177540779702877,0.0,,26,teacher_candidate,endgame,
endgames_0194,endgames_0194,endgames,train,synthetic_endgame_0194,k7/8/7K/8/8/1q6/8/8 b - - 0 1,black,a8b7,462.0,0.8194037105941603,1.0,,26,teacher_candidate,endgame,
endgames_0194,endgames_0194,endgames,train,synthetic_endgame_0194,k7/8/7K/8/8/1q6/8/8 b - - 0 1,black,a8b8,382.0,0.7420382957075286,0.0,,26,teacher_candidate,endgame,
endgames_0194,endgames_0194,endgames,train,synthetic_endgame_0194,k7/8/7K/8/8/1q6/8/8 b - - 0 1,black,b3a2,393.0,0.754146098334285,0.0,,26,teacher_candidate,endgame,
endgames_0194,endgames_0194,endgames,train,synthetic_endgame_0194,k7/8/7K/8/8/1q6/8/8 b - - 0 1,black,b3a3,362.0,0.7187237485317317,0.0,,26,teacher_candidate,endgame,
endgames_0195,endgames_0195,endgames,train,synthetic_endgame_0195,8/4K3/1P6/8/8/8/3k4/8 w - - 0 1,white,b6b7,529.0,0.8674042972956072,1.0,,9,teacher_candidate,endgame,
endgames_0195,endgames_0195,endgames,train,synthetic_endgame_0195,8/4K3/1P6/8/8/8/3k4/8 w - - 0 1,white,e7d6,517.0,0.8597798875571636,0.0,,9,teacher_candidate,endgame,
endgames_0195,endgames_0195,endgames,train,synthetic_endgame_0195,8/4K3/1P6/8/8/8/3k4/8 w - - 0 1,white,e7d7,527.0,0.8661608659438628,0.0,,9,teacher_candidate,endgame,
endgames_0195,endgames_0195,endgames,train,synthetic_endgame_0195,8/4K3/1P6/8/8/8/3k4/8 w - - 0 1,white,e7d8,498.0,0.8468756052963757,0.0,,9,teacher_candidate,endgame,
endgames_0195,endgames_0195,endgames,train,synthetic_endgame_0195,8/4K3/1P6/8/8/8/3k4/8 w - - 0 1,white,e7e6,499.0,0.8475811144033204,0.0,,9,teacher_candidate,endgame,
endgames_0196,endgames_0196,endgames,train,synthetic_endgame_0196,8/8/4k3/8/8/7K/1q6/8 b - - 0 1,black,b2a1,521.0,0.8623653574745808,0.0,,31,teacher_candidate,endgame,
endgames_0196,endgames_0196,endgames,train,synthetic_endgame_0196,8/8/4k3/8/8/7K/1q6/8 b - - 0 1,black,b2a2,537.0,0.8722714089933077,1.0,,31,teacher_candidate,endgame,
endgames_0196,endgames_0196,endgames,train,synthetic_endgame_0196,8/8/4k3/8/8/7K/1q6/8 b - - 0 1,black,b2a3,530.0,0.8680219810175624,0.0,,31,teacher_candidate,endgame,
endgames_0196,endgames_0196,endgames,train,synthetic_endgame_0196,8/8/4k3/8/8/7K/1q6/8 b - - 0 1,black,b2b1,523.0,0.8636414743963026,0.0,,31,teacher_candidate,endgame,
endgames_0196,endgames_0196,endgames,train,synthetic_endgame_0196,8/8/4k3/8/8/7K/1q6/8 b - - 0 1,black,b2b3,504.0,0.8510641096679439,0.0,,31,teacher_candidate,endgame,
endgames_0197,endgames_0197,endgames,train,synthetic_endgame_0197,8/8/8/1R2K2k/8/8/8/8 w - - 0 1,white,b5a5,467.0,0.8234690786261251,0.0,,18,teacher_candidate,endgame,
endgames_0197,endgames_0197,endgames,train,synthetic_endgame_0197,8/8/8/1R2K2k/8/8/8/8 w - - 0 1,white,b5b1,587.0,0.899099478664166,1.0,,18,teacher_candidate,endgame,
endgames_0197,endgames_0197,endgames,train,synthetic_endgame_0197,8/8/8/1R2K2k/8/8/8/8 w - - 0 1,white,b5b2,504.0,0.8510641096679439,0.0,,18,teacher_candidate,endgame,
endgames_0197,endgames_0197,endgames,train,synthetic_endgame_0197,8/8/8/1R2K2k/8/8/8/8 w - - 0 1,white,b5b3,488.0,0.8396541756543754,0.0,,18,teacher_candidate,endgame,
endgames_0197,endgames_0197,endgames,train,synthetic_endgame_0197,8/8/8/1R2K2k/8/8/8/8 w - - 0 1,white,b5b4,516.0,0.8591265382143658,0.0,,18,teacher_candidate,endgame,
endgames_0198,endgames_0198,endgames,train,synthetic_endgame_0198,8/8/7p/8/8/8/8/1k1K4 b - - 0 1,black,b1a1,12.0,0.029991003238820143,0.0,,4,teacher_candidate,endgame,
endgames_0198,endgames_0198,endgames,train,synthetic_endgame_0198,8/8/7p/8/8/8/8/1k1K4 b - - 0 1,black,b1a2,22.0,0.05494460868918742,0.0,,4,teacher_candidate,endgame,
endgames_0198,endgames_0198,endgames,train,synthetic_endgame_0198,8/8/7p/8/8/8/8/1k1K4 b - - 0 1,black,b1b2,24.0,0.059928103529143496,1.0,,4,teacher_candidate,endgame,
endgames_0198,endgames_0198,endgames,train,synthetic_endgame_0198,8/8/7p/8/8/8/8/1k1K4 b - - 0 1,black,h6h5,-10.0,-0.02499479296842069,0.0,,4,teacher_candidate,endgame,
endgames_0199,endgames_0199,endgames,train,synthetic_endgame_0199,8/8/8/8/8/k1r5/8/1K6 b - - 0 1,black,a3a4,461.0,0.8185805822252497,0.0,,16,teacher_candidate,endgame,
endgames_0199,endgames_0199,endgames,train,synthetic_endgame_0199,8/8/8/8/8/k1r5/8/1K6 b - - 0 1,black,a3b3,665.0,0.9305531409332849,1.0,,16,teacher_candidate,endgame,
endgames_0199,endgames_0199,endgames,train,synthetic_endgame_0199,8/8/8/8/8/k1r5/8/1K6 b - - 0 1,black,a3b4,394.0,0.7552222263539022,0.0,,16,teacher_candidate,endgame,
endgames_0199,endgames_0199,endgames,train,synthetic_endgame_0199,8/8/8/8/8/k1r5/8/1K6 b - - 0 1,black,c3b3,449.0,0.8084367438073445,0.0,,16,teacher_candidate,endgame,
endgames_0199,endgames_0199,endgames,train,synthetic_endgame_0199,8/8/8/8/8/k1r5/8/1K6 b - - 0 1,black,c3c1,-31.0,-0.07734521041301597,0.0,,16,teacher_candidate,endgame,
endgames_0200,endgames_0200,endgames,train,synthetic_endgame_0200,1k6/8/6P1/8/8/8/4K3/8 w - - 0 1,white,e2d1,523.0,0.8636414743963026,0.0,,9,teacher_candidate,endgame,
endgames_0200,endgames_0200,endgames,train,synthetic_endgame_0200,1k6/8/6P1/8/8/8/4K3/8 w - - 0 1,white,e2d2,530.0,0.8680219810175624,1.0,,9,teacher_candidate,endgame,
endgames_0200,endgames_0200,endgames,train,synthetic_endgame_0200,1k6/8/6P1/8/8/8/4K3/8 w - - 0 1,white,e2d3,522.0,0.8630047925513478,0.0,,9,teacher_candidate,endgame,
endgames_0200,endgames_0200,endgames,train,synthetic_endgame_0200,1k6/8/6P1/8/8/8/4K3/8 w - - 0 1,white,e2e1,523.0,0.8636414743963026,0.0,,9,teacher_candidate,endgame,
endgames_0200,endgames_0200,endgames,train,synthetic_endgame_0200,1k6/8/6P1/8/8/8/4K3/8 w - - 0 1,white,e2e3,524.0,0.8642754128460111,0.0,,9,teacher_candidate,endgame,
endgames_0201,endgames_0201,endgames,train,synthetic_endgame_0201,2k5/5R2/8/8/8/7K/8/8 w - - 0 1,white,f7a7,381.0,0.7409127621606433,1.0,,19,teacher_candidate,endgame,
endgames_0201,endgames_0201,endgames,train,synthetic_endgame_0201,2k5/5R2/8/8/8/7K/8/8 w - - 0 1,white,f7b7,-51.0,-0.1268135725243873,0.0,,19,teacher_candidate,endgame,
endgames_0201,endgames_0201,endgames,train,synthetic_endgame_0201,2k5/5R2/8/8/8/7K/8/8 w - - 0 1,white,f7c7,-54.0,-0.13418580993090867,0.0,,19,teacher_candidate,endgame,
endgames_0201,endgames_0201,endgames,train,synthetic_endgame_0201,2k5/5R2/8/8/8/7K/8/8 w - - 0 1,white,f7d7,-38.0,-0.09471523628617855,0.0,,19,teacher_candidate,endgame,
endgames_0201,endgames_0201,endgames,train,synthetic_endgame_0201,2k5/5R2/8/8/8/7K/8/8 w - - 0 1,white,f7e7,376.0,0.7352222529158692,0.0,,19,teacher_candidate,endgame,
endgames_0202,endgames_0202,endgames,train,synthetic_endgame_0202,8/8/7K/7p/8/3k4/8/8 b - - 0 1,black,d3c2,20.0,0.04995837495787998,0.0,,9,teacher_candidate,endgame,
endgames_0202,endgames_0202,endgames,train,synthetic_endgame_0202,8/8/7K/7p/8/3k4/8/8 b - - 0 1,black,d3c3,5.0,0.012499348999020865,0.0,,9,teacher_candidate,endgame,
endgames_0202,endgames_0202,endgames,train,synthetic_endgame_0202,8/8/7K/7p/8/3k4/8/8 b - - 0 1,black,d3c4,22.0,0.05494460868918742,1.0,,9,teacher_candidate,endgame,
endgames_0202,endgames_0202,endgames,train,synthetic_endgame_0202,8/8/7K/7p/8/3k4/8/8 b - - 0 1,black,d3d2,16.0,0.03997868031116357,0.0,,9,teacher_candidate,endgame,
endgames_0202,endgames_0202,endgames,train,synthetic_endgame_0202,8/8/7K/7p/8/3k4/8/8 b - - 0 1,black,d3d4,13.0,0.03248856212414491,0.0,,9,teacher_candidate,endgame,
endgames_0203,endgames_0203,endgames,train,synthetic_endgame_0203,K7/8/8/6Q1/8/3k4/8/8 w - - 0 1,white,a8a7,482.0,0.8351733637441744,0.0,,26,teacher_candidate,endgame,
endgames_0203,endgames_0203,endgames,train,synthetic_endgame_0203,K7/8/8/6Q1/8/3k4/8/8 w - - 0 1,white,a8b7,539.0,0.8734619197750799,1.0,,26,teacher_candidate,endgame,
endgames_0203,endgames_0203,endgames,train,synthetic_endgame_0203,K7/8/8/6Q1/8/3k4/8/8 w - - 0 1,white,a8b8,535.0,0.8710704683248206,0.0,,26,teacher_candidate,endgame,
endgames_0203,endgames_0203,endgames,train,synthetic_endgame_0203,K7/8/8/6Q1/8/3k4/8/8 w - - 0 1,white,g5a5,495.0,0.8447410748870232,0.0,,26,teacher_candidate,endgame,
endgames_0203,endgames_0203,endgames,train,synthetic_endgame_0203,K7/8/8/6Q1/8/3k4/8/8 w - - 0 1,white,g5b5,534.0,0.8704660627864289,0.0,,26,teacher_candidate,endgame,
endgames_0204,endgames_0204,endgames,train,synthetic_endgame_0204,7r/8/8/8/8/8/8/3K2k1 b - - 0 1,black,g1f1,484.0,0.8366794890768107,0.0,,19,teacher_candidate,endgame,
endgames_0204,endgames_0204,endgames,train,synthetic_endgame_0204,7r/8/8/8/8/8/8/3K2k1 b - - 0 1,black,g1f2,492.0,0.8425793256589296,0.0,,19,teacher_candidate,endgame,
endgames_0204,endgames_0204,endgames,train,synthetic_endgame_0204,7r/8/8/8/8/8/8/3K2k1 b - - 0 1,black,g1g2,485.0,0.8374278407728539,0.0,,19,teacher_candidate,endgame,
endgames_0204,endgames_0204,endgames,train,synthetic_endgame_0204,7r/8/8/8/8/8/8/3K2k1 b - - 0 1,black,g1h1,520.0,0.8617231593133063,1.0,,19,teacher_candidate,endgame,
endgames_0204,endgames_0204,endgames,train,synthetic_endgame_0204,7r/8/8/8/8/8/8/3K2k1 b - - 0 1,black,g1h2,492.0,0.8425793256589296,0.0,,19,teacher_candidate,endgame,
endgames_0205,endgames_0205,endgames,train,synthetic_endgame_0205,8/8/1K6/8/8/6p1/8/k7 b - - 0 1,black,a1a2,528.0,0.8667839288498187,1.0,,4,teacher_candidate,endgame,
endgames_0205,endgames_0205,endgames,train,synthetic_endgame_0205,8/8/1K6/8/8/6p1/8/k7 b - - 0 1,black,a1b1,513.0,0.8571495748848095,0.0,,4,teacher_candidate,endgame,
endgames_0205,endgames_0205,endgames,train,synthetic_endgame_0205,8/8/1K6/8/8/6p1/8/k7 b - - 0 1,black,a1b2,524.0,0.8642754128460111,0.0,,4,teacher_candidate,endgame,
endgames_0205,endgames_0205,endgames,train,synthetic_endgame_0205,8/8/1K6/8/8/6p1/8/k7 b - - 0 1,black,g3g2,524.0,0.8642754128460111,0.0,,4,teacher_candidate,endgame,
endgames_0206,endgames_0206,endgames,train,synthetic_endgame_0206,8/8/8/4k3/2r5/8/8/5K2 b - - 0 1,black,c4a4,455.0,0.8135705538363528,0.0,,22,teacher_candidate,endgame,
endgames_0206,endgames_0206,endgames,train,synthetic_endgame_0206,8/8/8/4k3/2r5/8/8/5K2 b - - 0 1,black,c4b4,461.0,0.8185805822252497,0.0,,22,teacher_candidate,endgame,
endgames_0206,endgames_0206,endgames,train,synthetic_endgame_0206,8/8/8/4k3/2r5/8/8/5K2 b - - 0 1,black,c4c1,463.0,0.820223473492082,0.0,,22,teacher_candidate,endgame,
endgames_0206,endgames_0206,endgames,train,synthetic_endgame_0206,8/8/8/4k3/2r5/8/8/5K2 b - - 0 1,black,c4c2,507.0,0.853118631283003,1.0,,22,teacher_candidate,endgame,
endgames_0206,endgames_0206,endgames,train,synthetic_endgame_0206,8/8/8/4k3/2r5/8/8/5K2 b - - 0 1,black,c4c3,454.0,0.8127235755245286,0.0,,22,teacher_candidate,endgame,
endgames_0207,endgames_0207,endgames,train,synthetic_endgame_0207,6R1/8/5k2/8/8/6K1/8/8 w - - 0 1,white,g3f2,444.0,0.8040623914048921,0.0,,19,teacher_candidate,endgame,
endgames_0207,endgames_0207,endgames,train,synthetic_endgame_0207,6R1/8/5k2/8/8/6K1/8/8 w - - 0 1,white,g3f3,467.0,0.8234690786261251,1.0,,19,teacher_candidate,endgame,
endgames_0207,endgames_0207,endgames,train,synthetic_endgame_0207,6R1/8/5k2/8/8/6K1/8/8 w - - 0 1,white,g3f4,454.0,0.8127235755245286,0.0,,19,teacher_candidate,endgame,
endgames_0207,endgames_0207,endgames,train,synthetic_endgame_0207,6R1/8/5k2/8/8/6K1/8/8 w - - 0 1,white,g3g2,453.0,0.8118731484163844,0.0,,19,teacher_candidate,endgame,
endgames_0207,endgames_0207,endgames,train,synthetic_endgame_0207,6R1/8/5k2/8/8/6K1/8/8 w - - 0 1,white,g3g4,467.0,0.8234690786261251,0.0,,19,teacher_candidate,endgame,
endgames_0208,endgames_0208,endgames,train,synthetic_endgame_0208,8/6k1/8/7K/8/8/2p5/8 b - - 0 1,black,c2c1b,28.0,0.06988589031642899,0.0,,10,teacher_candidate,endgame,
endgames_0208,endgames_0208,endgames,train,synthetic_endgame_0208,8/6k1/8/7K/8/8/2p5/8 b - - 0 1,black,c2c1n,26.0,0.06490861277463751,0.0,,10,teacher_candidate,endgame,
endgames_0208,endgames_0208,endgames,train,synthetic_endgame_0208,8/6k1/8/7K/8/8/2p5/8 b - - 0 1,black,c2c1q,546.0,0.877547674360184,0.0,,10,teacher_candidate,endgame,
endgames_0208,endgames_0208,endgames,train,synthetic_endgame_0208,8/6k1/8/7K/8/8/2p5/8 b - - 0 1,black,c2c1r,493.0,0.8433029500738807,0.0,,10,teacher_candidate,endgame,
endgames_0208,endgames_0208,endgames,train,synthetic_endgame_0208,8/6k1/8/7K/8/8/2p5/8 b - - 0 1,black,g7f6,601.0,0.9055989993239618,1.0,,10,teacher_candidate,endgame,
endgames_0209,endgames_0209,endgames,train,synthetic_endgame_0209,5K2/8/8/2k5/8/8/8/1Q6 w - - 0 1,white,b1a1,474.0,0.829021721130387,1.0,,26,teacher_candidate,endgame,
endgames_0209,endgames_0209,endgames,train,synthetic_endgame_0209,5K2/8/8/2k5/8/8/8/1Q6 w - - 0 1,white,b1a2,429.0,0.7904012411743512,0.0,,26,teacher_candidate,endgame,
endgames_0209,endgames_0209,endgames,train,synthetic_endgame_0209,5K2/8/8/2k5/8/8/8/1Q6 w - - 0 1,white,b1b2,403.0,0.7647260157498459,0.0,,26,teacher_candidate,endgame,
endgames_0209,endgames_0209,endgames,train,synthetic_endgame_0209,5K2/8/8/2k5/8/8/8/1Q6 w - - 0 1,white,b1b3,420.0,0.7818063576087741,0.0,,26,teacher_candidate,endgame,
endgames_0209,endgames_0209,endgames,train,synthetic_endgame_0209,5K2/8/8/2k5/8/8/8/1Q6 w - - 0 1,white,b1b4,-67.0,-0.165950908402399,0.0,,26,teacher_candidate,endgame,
endgames_0210,endgames_0210,endgames,train,synthetic_endgame_0210,8/8/k2K4/8/8/8/2r5/8 b - - 0 1,black,a6a5,420.0,0.7818063576087741,0.0,,19,teacher_candidate,endgame,
endgames_0210,endgames_0210,endgames,train,synthetic_endgame_0210,8/8/k2K4/8/8/8/2r5/8 b - - 0 1,black,a6a7,476.0,0.8305788685385285,1.0,,19,teacher_candidate,endgame,
endgames_0210,endgames_0210,endgames,train,synthetic_endgame_0210,8/8/k2K4/8/8/8/2r5/8 b - - 0 1,black,a6b5,451.0,0.8101619061641351,0.0,,19,teacher_candidate,endgame,
endgames_0210,endgames_0210,endgames,train,synthetic_endgame_0210,8/8/k2K4/8/8/8/2r5/8 b - - 0 1,black,a6b6,449.0,0.8084367438073445,0.0,,19,teacher_candidate,endgame,
endgames_0210,endgames_0210,endgames,train,synthetic_endgame_0210,8/8/k2K4/8/8/8/2r5/8 b - - 0 1,black,a6b7,448.0,0.8075689165786144,0.0,,19,teacher_candidate,endgame,
endgames_0211,endgames_0211,endgames,train,synthetic_endgame_0211,8/8/8/8/1K6/8/6q1/5k2 b - - 0 1,black,f1e1,449.0,0.8084367438073445,0.0,,26,teacher_candidate,endgame,
endgames_0211,endgames_0211,endgames,train,synthetic_endgame_0211,8/8/8/8/1K6/8/6q1/5k2 b - - 0 1,black,f1e2,461.0,0.8185805822252497,0.0,,26,teacher_candidate,endgame,
endgames_0211,endgames_0211,endgames,train,synthetic_endgame_0211,8/8/8/8/1K6/8/6q1/5k2 b - - 0 1,black,f1f2,470.0,0.8258684551194575,1.0,,26,teacher_candidate,endgame,
endgames_0211,endgames_0211,endgames,train,synthetic_endgame_0211,8/8/8/8/1K6/8/6q1/5k2 b - - 0 1,black,f1g1,388.0,0.7487042869693087,0.0,,26,teacher_candidate,endgame,
endgames_0211,endgames_0211,endgames,train,synthetic_endgame_0211,8/8/8/8/1K6/8/6q1/5k2 b - - 0 1,black,g2a2,358.0,0.7138545530398384,0.0,,26,teacher_candidate,endgame,
endgames_0212,endgames_0212,endgames,train,synthetic_endgame_0212,8/5K2/8/8/8/3R4/6k1/8 w - - 0 1,white,d3a3,462.0,0.8194037105941603,0.0,,22,teacher_candidate,endgame,
endgames_0212,endgames_0212,endgames,train,synthetic_endgame_0212,8/5K2/8/8/8/3R4/6k1/8 w - - 0 1,white,d3b3,452.0,0.8110192620996813,0.0,,22,teacher_candidate,endgame,
endgames_0212,endgames_0212,endgames,train,synthetic_endgame_0212,8/5K2/8/8/8/3R4/6k1/8 w - - 0 1,white,d3c3,460.0,0.8177540779702877,0.0,,22,teacher_candidate,endgame,
endgames_0212,endgames_0212,endgames,train,synthetic_endgame_0212,8/5K2/8/8/8/3R4/6k1/8 w - - 0 1,white,d3d1,470.0,0.8258684551194575,1.0,,22,teacher_candidate,endgame,
endgames_0212,endgames_0212,endgames,train,synthetic_endgame_0212,8/5K2/8/8/8/3R4/6k1/8 w - - 0 1,white,d3d2,456.0,0.814414093765686,0.0,,22,teacher_candidate,endgame,
endgames_0213,endgames_0213,endgames,train,synthetic_endgame_0213,8/7K/8/8/7p/3k4/8/8 b - - 0 1,black,d3c2,474.0,0.829021721130387,0.0,,9,teacher_candidate,endgame,
endgames_0213,endgames_0213,endgames,train,synthetic_endgame_0213,8/7K/8/8/7p/3k4/8/8 b - - 0 1,black,d3c3,501.0,0.8489831921189297,1.0,,9,teacher_candidate,endgame,
endgames_0213,endgames_0213,endgames,train,synthetic_endgame_0213,8/7K/8/8/7p/3k4/8/8 b - - 0 1,black,d3c4,491.0,0.8418526462603199,0.0,,9,teacher_candidate,endgame,
endgames_0213,endgames_0213,endgames,train,synthetic_endgame_0213,8/7K/8/8/7p/3k4/8/8 b - - 0 1,black,d3d2,492.0,0.8425793256589296,0.0,,9,teacher_candidate,endgame,
endgames_0213,endgames_0213,endgames,train,synthetic_endgame_0213,8/7K/8/8/7p/3k4/8/8 b - - 0 1,black,d3d4,483.0,0.8359280001726355,0.0,,9,teacher_candidate,endgame,
endgames_0214,endgames_0214,endgames,train,synthetic_endgame_0214,2k5/7Q/8/8/8/5K2/8/8 w - - 0 1,white,f3e2,465.0,0.8218529445288736,0.0,,29,teacher_candidate,endgame,
endgames_0214,endgames_0214,endgames,train,synthetic_endgame_0214,2k5/7Q/8/8/8/5K2/8/8 w - - 0 1,white,f3e3,462.0,0.8194037105941603,0.0,,29,teacher_candidate,endgame,
endgames_0214,endgames_0214,endgames,train,synthetic_endgame_0214,2k5/7Q/8/8/8/5K2/8/8 w - - 0 1,white,f3e4,532.0,0.8692493331488548,1.0,,29,teacher_candidate,endgame,
endgames_0214,endgames_0214,endgames,train,synthetic_endgame_0214,2k5/7Q/8/8/8/5K2/8/8 w - - 0 1,white,f3f2,467.0,0.8234690786261251,0.0,,29,teacher_candidate,endgame,
endgames_0214,endgames_0214,endgames,train,synthetic_endgame_0214,2k5/7Q/8/8/8/5K2/8/8 w - - 0 1,white,f3f4,462.0,0.8194037105941603,0.0,,29,teacher_candidate,endgame,
endgames_0215,endgames_0215,endgames,train,synthetic_endgame_0215,8/8/2K5/r7/8/8/8/3k4 b - - 0 1,black,a5a1,512.0,0.8564849154724974,0.0,,19,teacher_candidate,endgame,
endgames_0215,endgames_0215,endgames,train,synthetic_endgame_0215,8/8/2K5/r7/8/8/8/3k4 b - - 0 1,black,a5a2,514.0,0.8578113918314256,1.0,,19,teacher_candidate,endgame,
endgames_0215,endgames_0215,endgames,train,synthetic_endgame_0215,8/8/2K5/r7/8/8/8/3k4 b - - 0 1,black,a5a3,481.0,0.8344155694676939,0.0,,19,teacher_candidate,endgame,
endgames_0215,endgames_0215,endgames,train,synthetic_endgame_0215,8/8/2K5/r7/8/8/8/3k4 b - - 0 1,black,a5a4,494.0,0.8440235297412673,0.0,,19,teacher_candidate,endgame,
endgames_0215,endgames_0215,endgames,train,synthetic_endgame_0215,8/8/2K5/r7/8/8/8/3k4 b - - 0 1,black,a5a6,495.0,0.8447410748870232,0.0,,19,teacher_candidate,endgame,
endgames_0216,endgames_0216,endgames,train,synthetic_endgame_0216,8/6P1/8/6K1/8/7k/8/8 w - - 0 1,white,g5f4,656.0,0.9274725672507033,1.0,,10,teacher_candidate,endgame,
endgames_0216,endgames_0216,endgames,train,synthetic_endgame_0216,8/6P1/8/6K1/8/7k/8/8 w - - 0 1,white,g5f5,546.0,0.877547674360184,0.0,,10,teacher_candidate,endgame,
endgames_0216,endgames_0216,endgames,train,synthetic_endgame_0216,8/6P1/8/6K1/8/7k/8/8 w - - 0 1,white,g5f6,549.0,0.8792606934162193,0.0,,10,teacher_candidate,endgame,
endgames_0216,endgames_0216,endgames,train,synthetic_endgame_0216,8/6P1/8/6K1/8/7k/8/8 w - - 0 1,white,g5g6,538.0,0.8728679633298895,0.0,,10,teacher_candidate,endgame,
endgames_0216,endgames_0216,endgames,train,synthetic_endgame_0216,8/6P1/8/6K1/8/7k/8/8 w - - 0 1,white,g5h5,563.0,0.886962068040758,0.0,,10,teacher_candidate,endgame,
endgames_0217,endgames_0217,endgames,train,synthetic_endgame_0217,8/8/8/4k3/7K/8/8/1q6 b - - 0 1,black,b1a1,545.0,0.8769716366107312,1.0,,29,teacher_candidate,endgame,
endgames_0217,endgames_0217,endgames,train,synthetic_endgame_0217,8/8/8/4k3/7K/8/8/1q6 b - - 0 1,black,b1a2,531.0,0.8686369897347581,0.0,,29,teacher_candidate,endgame,
endgames_0217,endgames_0217,endgames,train,synthetic_endgame_0217,8/8/8/4k3/7K/8/8/1q6 b - - 0 1,black,b1b2,528.0,0.8667839288498187,0.0,,29,teacher_candidate,endgame,
endgames_0217,endgames_0217,endgames,train,synthetic_endgame_0217,8/8/8/4k3/7K/8/8/1q6 b - - 0 1,black,b1b3,534.0,0.8704660627864289,0.0,,29,teacher_candidate,endgame,
endgames_0217,endgames_0217,endgames,train,synthetic_endgame_0217,8/8/8/4k3/7K/8/8/1q6 b - - 0 1,black,b1b4,520.0,0.8617231593133063,0.0,,29,teacher_candidate,endgame,
endgames_0218,endgames_0218,endgames,train,synthetic_endgame_0218,8/pk6/8/8/8/8/8/K7 b - - 0 1,black,a7a5,-13.0,-0.03248856212414491,0.0,,9,teacher_candidate,endgame,
endgames_0218,endgames_0218,endgames,train,synthetic_endgame_0218,8/pk6/8/8/8/8/8/K7 b - - 0 1,black,a7a6,-13.0,-0.03248856212414491,0.0,,9,teacher_candidate,endgame,
endgames_0218,endgames_0218,endgames,train,synthetic_endgame_0218,8/pk6/8/8/8/8/8/K7 b - - 0 1,black,b7a6,-3.0,-0.00749985937816399,1.0,,9,teacher_candidate,endgame,
endgames_0218,endgames_0218,endgames,train,synthetic_endgame_0218,8/pk6/8/8/8/8/8/K7 b - - 0 1,black,b7a8,-21.0,-0.05245181874413747,0.0,,9,teacher_candidate,endgame,
endgames_0218,endgames_0218,endgames,train,synthetic_endgame_0218,8/pk6/8/8/8/8/8/K7 b - - 0 1,black,b7b6,-17.0,-0.04247442993254818,0.0,,9,teacher_candidate,endgame,
endgames_0219,endgames_0219,endgames,train,synthetic_endgame_0219,7K/8/3k1r2/8/8/8/8/8 b - - 0 1,black,d6c5,461.0,0.8185805822252497,0.0,,18,teacher_candidate,endgame,
endgames_0219,endgames_0219,endgames,train,synthetic_endgame_0219,7K/8/3k1r2/8/8/8/8/8 b - - 0 1,black,d6c6,481.0,0.8344155694676939,1.0,,18,teacher_candidate,endgame,
endgames_0219,endgames_0219,endgames,train,synthetic_endgame_0219,7K/8/3k1r2/8/8/8/8/8 b - - 0 1,black,d6c7,459.0,0.8169241874133502,0.0,,18,teacher_candidate,endgame,
endgames_0219,endgames_0219,endgames,train,synthetic_endgame_0219,7K/8/3k1r2/8/8/8/8/8 b - - 0 1,black,d6d5,471.0,0.8266616689782654,0.0,,18,teacher_candidate,endgame,
endgames_0219,endgames_0219,endgames,train,synthetic_endgame_0219,7K/8/3k1r2/8/8/8/8/8 b - - 0 1,black,d6d7,461.0,0.8185805822252497,0.0,,18,teacher_candidate,endgame,
endgames_0220,endgames_0220,endgames,train,synthetic_endgame_0220,3K4/2P5/8/8/8/8/7k/8 w - - 0 1,white,c7c8b,-29.0,-0.07237324046358946,0.0,,8,teacher_candidate,endgame,
endgames_0220,endgames_0220,endgames,train,synthetic_endgame_0220,3K4/2P5/8/8/8/8/7k/8 w - - 0 1,white,c7c8n,-19.0,-0.04746430825312217,0.0,,8,teacher_candidate,endgame,
endgames_0220,endgames_0220,endgames,train,synthetic_endgame_0220,3K4/2P5/8/8/8/8/7k/8 w - - 0 1,white,c7c8q,600.0,0.9051482536448664,1.0,,8,teacher_candidate,endgame,
endgames_0220,endgames_0220,endgames,train,synthetic_endgame_0220,3K4/2P5/8/8/8/8/7k/8 w - - 0 1,white,c7c8r,454.0,0.8127235755245286,0.0,,8,teacher_candidate,endgame,
endgames_0220,endgames_0220,endgames,train,synthetic_endgame_0220,3K4/2P5/8/8/8/8/7k/8 w - - 0 1,white,d8c8,478.0,0.8321231362048838,0.0,,8,teacher_candidate,endgame,
endgames_0221,endgames_0221,endgames,train,synthetic_endgame_0221,8/K7/8/8/8/8/4q2k/8 b - - 0 1,black,e2a2,393.0,0.754146098334285,0.0,,27,teacher_candidate,endgame,
endgames_0221,endgames_0221,endgames,train,synthetic_endgame_0221,8/K7/8/8/8/8/4q2k/8 b - - 0 1,black,e2a6,-27.0,-0.06739767086580163,0.0,,27,teacher_candidate,endgame,
endgames_0221,endgames_0221,endgames,train,synthetic_endgame_0221,8/K7/8/8/8/8/4q2k/8 b - - 0 1,black,e2b2,404.0,0.7657620182484389,0.0,,27,teacher_candidate,endgame,
endgames_0221,endgames_0221,endgames,train,synthetic_endgame_0221,8/K7/8/8/8/8/4q2k/8 b - - 0 1,black,e2b5,407.0,0.7688463106489329,1.0,,27,teacher_candidate,endgame,
endgames_0221,endgames_0221,endgames,train,synthetic_endgame_0221,8/K7/8/8/8/8/4q2k/8 b - - 0 1,black,e2c2,371.0,0.7294261843234738,0.0,,27,teacher_candidate,endgame,
endgames_0222,endgames_0222,endgames,train,synthetic_endgame_0222,7K/8/1k6/8/8/8/2R5/8 w - - 0 1,white,c2a2,558.0,0.884266089447278,1.0,,17,teacher_candidate,endgame,
endgames_0222,endgames_0222,endgames,train,synthetic_endgame_0222,7K/8/1k6/8/8/8/2R5/8 w - - 0 1,white,c2b2,517.0,0.8597798875571636,0.0,,17,teacher_candidate,endgame,
endgames_0222,endgames_0222,endgames,train,synthetic_endgame_0222,7K/8/1k6/8/8/8/2R5/8 w - - 0 1,white,c2c1,502.0,0.8496797810357468,0.0,,17,teacher_candidate,endgame,
endgames_0222,endgames_0222,endgames,train,synthetic_endgame_0222,7K/8/1k6/8/8/8/2R5/8 w - - 0 1,white,c2c3,515.0,0.8584703762877184,0.0,,17,teacher_candidate,endgame,
endgames_0222,endgames_0222,endgames,train,synthetic_endgame_0222,7K/8/1k6/8/8/8/2R5/8 w - - 0 1,white,c2c4,510.0,0.8551470292769645,0.0,,17,teacher_candidate,endgame,
endgames_0223,endgames_0223,endgames,train,synthetic_endgame_0223,7k/8/8/8/4P3/8/4K3/8 w - - 0 1,white,e2d1,23.0,0.05743671390287926,0.0,,9,teacher_candidate,endgame,
endgames_0223,endgames_0223,endgames,train,synthetic_endgame_0223,7k/8/8/8/4P3/8/4K3/8 w - - 0 1,white,e2d2,43.0,0.10708780630223659,0.0,,9,teacher_candidate,endgame,
endgames_0223,endgames_0223,endgames,train,synthetic_endgame_0223,7k/8/8/8/4P3/8/4K3/8 w - - 0 1,white,e2d3,363.0,0.7199301687444545,0.0,,9,teacher_candidate,endgame,
endgames_0223,endgames_0223,endgames,train,synthetic_endgame_0223,7k/8/8/8/4P3/8/4K3/8 w - - 0 1,white,e2e1,-4.0,-0.00999966667999946,0.0,,9,teacher_candidate,endgame,
endgames_0223,endgames_0223,endgames,train,synthetic_endgame_0223,7k/8/8/8/4P3/8/4K3/8 w - - 0 1,white,e2e3,373.0,0.7317573500386785,1.0,,9,teacher_candidate,endgame,
endgames_0224,endgames_0224,endgames,train,synthetic_endgame_0224,5q2/8/8/7k/3K4/8/8/8 b - - 0 1,black,f8a3,471.0,0.8266616689782654,0.0,,26,teacher_candidate,endgame,
endgames_0224,endgames_0224,endgames,train,synthetic_endgame_0224,5q2/8/8/7k/3K4/8/8/8 b - - 0 1,black,f8a8,441.0,0.8013952296500844,0.0,,26,teacher_candidate,endgame,
endgames_0224,endgames_0224,endgames,train,synthetic_endgame_0224,5q2/8/8/7k/3K4/8/8/8 b - - 0 1,black,f8b4,416.0,0.7778880665771849,0.0,,26,teacher_candidate,endgame,
endgames_0224,endgames_0224,endgames,train,synthetic_endgame_0224,5q2/8/8/7k/3K4/8/8/8 b - - 0 1,black,f8b8,475.0,0.8298019099859595,1.0,,26,teacher_candidate,endgame,
endgames_0224,endgames_0224,endgames,train,synthetic_endgame_0224,5q2/8/8/7k/3K4/8/8/8 b - - 0 1,black,f8c5,-67.0,-0.165950908402399,0.0,,26,teacher_candidate,endgame,
endgames_0225,endgames_0225,endgames,train,synthetic_endgame_0225,8/8/6K1/2k5/8/8/5R2/8 w - - 0 1,white,f2a2,461.0,0.8185805822252497,0.0,,22,teacher_candidate,endgame,
endgames_0225,endgames_0225,endgames,train,synthetic_endgame_0225,8/8/6K1/2k5/8/8/5R2/8 w - - 0 1,white,f2b2,484.0,0.8366794890768107,1.0,,22,teacher_candidate,endgame,
endgames_0225,endgames_0225,endgames,train,synthetic_endgame_0225,8/8/6K1/2k5/8/8/5R2/8 w - - 0 1,white,f2c2,472.0,0.8274516110081667,0.0,,22,teacher_candidate,endgame,
endgames_0225,endgames_0225,endgames,train,synthetic_endgame_0225,8/8/6K1/2k5/8/8/5R2/8 w - - 0 1,white,f2d2,448.0,0.8075689165786144,0.0,,22,teacher_candidate,endgame,
endgames_0225,endgames_0225,endgames,train,synthetic_endgame_0225,8/8/6K1/2k5/8/8/5R2/8 w - - 0 1,white,f2e2,447.0,0.806697578116818,0.0,,22,teacher_candidate,endgame,
endgames_0226,endgames_0226,endgames,train,synthetic_endgame_0226,4k3/8/8/8/8/3K4/5Q2/8 w - - 0 1,white,d3c2,498.0,0.8468756052963757,0.0,,31,teacher_candidate,endgame,
endgames_0226,endgames_0226,endgames,train,synthetic_endgame_0226,4k3/8/8/8/8/3K4/5Q2/8 w - - 0 1,white,d3c3,516.0,0.8591265382143658,0.0,,31,teacher_candidate,endgame,
endgames_0226,endgames_0226,endgames,train,synthetic_endgame_0226,4k3/8/8/8/8/3K4/5Q2/8 w - - 0 1,white,d3c4,517.0,0.8597798875571636,0.0,,31,teacher_candidate,endgame,
endgames_0226,endgames_0226,endgames,train,synthetic_endgame_0226,4k3/8/8/8/8/3K4/5Q2/8 w - - 0 1,white,d3d2,528.0,0.8667839288498187,0.0,,31,teacher_candidate,endgame,
endgames_0226,endgames_0226,endgames,train,synthetic_endgame_0226,4k3/8/8/8/8/3K4/5Q2/8 w - - 0 1,white,d3d4,567.0,0.8890762286649813,1.0,,31,teacher_candidate,endgame,
endgames_0227,endgames_0227,endgames,train,synthetic_endgame_0227,3k4/8/3q4/K7/8/8/8/8 b - - 0 1,black,d6a3,446.0,0.8058227180270021,1.0,,29,teacher_candidate,endgame,
endgames_0227,endgames_0227,endgames,train,synthetic_endgame_0227,3k4/8/3q4/K7/8/8/8/8 b - - 0 1,black,d6a6,109.0,0.26594955336092135,0.0,,29,teacher_candidate,endgame,
endgames_0227,endgames_0227,endgames,train,synthetic_endgame_0227,3k4/8/3q4/K7/8/8/8/8 b - - 0 1,black,d6b4,-51.0,-0.1268135725243873,0.0,,29,teacher_candidate,endgame,
endgames_0227,endgames_0227,endgames,train,synthetic_endgame_0227,3k4/8/3q4/K7/8/8/8/8 b - - 0 1,black,d6b6,-93.0,-0.22839928555379033,0.0,,29,teacher_candidate,endgame,
endgames_0227,endgames_0227,endgames,train,synthetic_endgame_0227,3k4/8/3q4/K7/8/8/8/8 b - - 0 1,black,d6b8,388.0,0.7487042869693087,0.0,,29,teacher_candidate,endgame,
endgames_0228,endgames_0228,endgames,train,synthetic_endgame_0228,8/5k2/2K5/8/2R5/8/8/8 w - - 0 1,white,c4a4,469.0,0.825071959039259,0.0,,19,teacher_candidate,endgame,
endgames_0228,endgames_0228,endgames,train,synthetic_endgame_0228,8/5k2/2K5/8/2R5/8/8/8 w - - 0 1,white,c4b4,464.0,0.8210398813328771,0.0,,19,teacher_candidate,endgame,
endgames_0228,endgames_0228,endgames,train,synthetic_endgame_0228,8/5k2/2K5/8/2R5/8/8/8 w - - 0 1,white,c4c1,495.0,0.8447410748870232,0.0,,19,teacher_candidate,endgame,
endgames_0228,endgames_0228,endgames,train,synthetic_endgame_0228,8/5k2/2K5/8/2R5/8/8/8 w - - 0 1,white,c4c2,480.0,0.8336546070121552,0.0,,19,teacher_candidate,endgame,
endgames_0228,endgames_0228,endgames,train,synthetic_endgame_0228,8/5k2/2K5/8/2R5/8/8/8 w - - 0 1,white,c4c3,501.0,0.8489831921189297,1.0,,19,teacher_candidate,endgame,
endgames_0229,endgames_0229,endgames,train,synthetic_endgame_0229,8/2k5/K7/8/8/8/8/6Q1 w - - 0 1,white,a6a5,495.0,0.8447410748870232,1.0,,24,teacher_candidate,endgame,
endgames_0229,endgames_0229,endgames,train,synthetic_endgame_0229,8/2k5/K7/8/8/8/8/6Q1 w - - 0 1,white,a6a7,495.0,0.8447410748870232,0.0,,24,teacher_candidate,endgame,
endgames_0229,endgames_0229,endgames,train,synthetic_endgame_0229,8/2k5/K7/8/8/8/8/6Q1 w - - 0 1,white,a6b5,495.0,0.8447410748870232,0.0,,24,teacher_candidate,endgame,
endgames_0229,endgames_0229,endgames,train,synthetic_endgame_0229,8/2k5/K7/8/8/8/8/6Q1 w - - 0 1,white,g1a1,474.0,0.829021721130387,0.0,,24,teacher_candidate,endgame,
endgames_0229,endgames_0229,endgames,train,synthetic_endgame_0229,8/2k5/K7/8/8/8/8/6Q1 w - - 0 1,white,g1a7,471.0,0.8266616689782654,0.0,,24,teacher_candidate,endgame,
endgames_0230,endgames_0230,endgames,train,synthetic_endgame_0230,2r5/8/k7/8/8/8/8/4K3 b - - 0 1,black,a6a5,456.0,0.814414093765686,0.0,,19,teacher_candidate,endgame,
endgames_0230,endgames_0230,endgames,train,synthetic_endgame_0230,2r5/8/k7/8/8/8/8/4K3 b - - 0 1,black,a6a7,509.0,0.8544737824712498,0.0,,19,teacher_candidate,endgame,
endgames_0230,endgames_0230,endgames,train,synthetic_endgame_0230,2r5/8/k7/8/8/8/8/4K3 b - - 0 1,black,a6b5,480.0,0.8336546070121552,0.0,,19,teacher_candidate,endgame,
endgames_0230,endgames_0230,endgames,train,synthetic_endgame_0230,2r5/8/k7/8/8/8/8/4K3 b - - 0 1,black,a6b6,512.0,0.8564849154724974,0.0,,19,teacher_candidate,endgame,
endgames_0230,endgames_0230,endgames,train,synthetic_endgame_0230,2r5/8/k7/8/8/8/8/4K3 b - - 0 1,black,a6b7,514.0,0.8578113918314256,1.0,,19,teacher_candidate,endgame,
endgames_0231,endgames_0231,endgames,train,synthetic_endgame_0231,7k/8/8/8/8/4q3/6K1/8 b - - 0 1,black,e3a3,419.0,0.7808325091874,0.0,,28,teacher_candidate,endgame,
endgames_0231,endgames_0231,endgames,train,synthetic_endgame_0231,7k/8/8/8/8/4q3/6K1/8 b - - 0 1,black,e3a7,406.0,0.7678221558620103,0.0,,28,teacher_candidate,endgame,
endgames_0231,endgames_0231,endgames,train,synthetic_endgame_0231,7k/8/8/8/8/4q3/6K1/8 b - - 0 1,black,e3b3,412.0,0.7739083398558421,0.0,,28,teacher_candidate,endgame,
endgames_0231,endgames_0231,endgames,train,synthetic_endgame_0231,7k/8/8/8/8/4q3/6K1/8 b - - 0 1,black,e3b6,428.0,0.7894612209549805,0.0,,28,teacher_candidate,endgame,
endgames_0231,endgames_0231,endgames,train,synthetic_endgame_0231,7k/8/8/8/8/4q3/6K1/8 b - - 0 1,black,e3c1,446.0,0.8058227180270021,1.0,,28,teacher_candidate,endgame,
endgames_0232,endgames_0232,endgames,train,synthetic_endgame_0232,8/8/1K6/8/8/1R6/2k5/8 w - - 0 1,white,b3a3,418.0,0.779854851274994,0.0,,19,teacher_candidate,endgame,
endgames_0232,endgames_0232,endgames,train,synthetic_endgame_0232,8/8/1K6/8/8/1R6/2k5/8 w - - 0 1,white,b3b1,11.0,0.02749306980470986,0.0,,19,teacher_candidate,endgame,
endgames_0232,endgames_0232,endgames,train,synthetic_endgame_0232,8/8/1K6/8/8/1R6/2k5/8 w - - 0 1,white,b3b2,-2.0,-0.004999958333749996,0.0,,19,teacher_candidate,endgame,
endgames_0232,endgames_0232,endgames,train,synthetic_endgame_0232,8/8/1K6/8/8/1R6/2k5/8 w - - 0 1,white,b3b4,402.0,0.7636860443814609,0.0,,19,teacher_candidate,endgame,
endgames_0232,endgames_0232,endgames,train,synthetic_endgame_0232,8/8/1K6/8/8/1R6/2k5/8 w - - 0 1,white,b3b5,448.0,0.8075689165786144,1.0,,19,teacher_candidate,endgame,
endgames_0233,endgames_0233,endgames,train,synthetic_endgame_0233,2rk4/8/8/8/8/8/4K3/8 b - - 0 1,black,c8a8,476.0,0.8305788685385285,0.0,,13,teacher_candidate,endgame,
endgames_0233,endgames_0233,endgames,train,synthetic_endgame_0233,2rk4/8/8/8/8/8/4K3/8 b - - 0 1,black,c8b8,454.0,0.8127235755245286,0.0,,13,teacher_candidate,endgame,
endgames_0233,endgames_0233,endgames,train,synthetic_endgame_0233,2rk4/8/8/8/8/8/4K3/8 b - - 0 1,black,c8c1,491.0,0.8418526462603199,1.0,,13,teacher_candidate,endgame,
endgames_0233,endgames_0233,endgames,train,synthetic_endgame_0233,2rk4/8/8/8/8/8/4K3/8 b - - 0 1,black,c8c2,488.0,0.8396541756543754,0.0,,13,teacher_candidate,endgame,
endgames_0233,endgames_0233,endgames,train,synthetic_endgame_0233,2rk4/8/8/8/8/8/4K3/8 b - - 0 1,black,c8c3,360.0,0.7162978701990244,0.0,,13,teacher_candidate,endgame,
endgames_0234,endgames_0234,endgames,train,synthetic_endgame_0234,8/8/1K5k/8/8/8/6P1/8 w - - 0 1,white,b6a5,-2.0,-0.004999958333749996,0.0,,10,teacher_candidate,endgame,
endgames_0234,endgames_0234,endgames,train,synthetic_endgame_0234,8/8/1K5k/8/8/8/6P1/8 w - - 0 1,white,b6a6,6.0,0.01499887510124078,0.0,,10,teacher_candidate,endgame,
endgames_0234,endgames_0234,endgames,train,synthetic_endgame_0234,8/8/1K5k/8/8/8/6P1/8 w - - 0 1,white,b6a7,0.0,0.0,0.0,,10,teacher_candidate,endgame,
endgames_0234,endgames_0234,endgames,train,synthetic_endgame_0234,8/8/1K5k/8/8/8/6P1/8 w - - 0 1,white,b6b5,4.0,0.00999966667999946,0.0,,10,teacher_candidate,endgame,
endgames_0234,endgames_0234,endgames,train,synthetic_endgame_0234,8/8/1K5k/8/8/8/6P1/8 w - - 0 1,white,b6b7,8.0,0.019997333759930933,1.0,,10,teacher_candidate,endgame,
endgames_0235,endgames_0235,endgames,train,synthetic_endgame_0235,8/7q/8/8/5K2/1k6/8/8 b - - 0 1,black,b3a2,399.0,0.760542219421471,0.0,,29,teacher_candidate,endgame,
endgames_0235,endgames_0235,endgames,train,synthetic_endgame_0235,8/7q/8/8/5K2/1k6/8/8 b - - 0 1,black,b3a3,423.0,0.7847051472096467,0.0,,29,teacher_candidate,endgame,
endgames_0235,endgames_0235,endgames,train,synthetic_endgame_0235,8/7q/8/8/5K2/1k6/8/8 b - - 0 1,black,b3a4,439.0,0.7995992196179786,0.0,,29,teacher_candidate,endgame,
endgames_0235,endgames_0235,endgames,train,synthetic_endgame_0235,8/7q/8/8/5K2/1k6/8/8 b - - 0 1,black,b3b2,473.0,0.8282382915975468,1.0,,29,teacher_candidate,endgame,
endgames_0235,endgames_0235,endgames,train,synthetic_endgame_0235,8/7q/8/8/5K2/1k6/8/8 b - - 0 1,black,b3b4,392.0,0.753065904869552,0.0,,29,teacher_candidate,endgame,
endgames_0236,endgames_0236,endgames,train,synthetic_endgame_0236,8/1K6/8/5R2/8/8/k7/8 w - - 0 1,white,b7a6,457.0,0.8152542057275878,0.0,,22,teacher_candidate,endgame,
endgames_0236,endgames_0236,endgames,train,synthetic_endgame_0236,8/1K6/8/5R2/8/8/k7/8 w - - 0 1,white,b7a7,474.0,0.829021721130387,0.0,,22,teacher_candidate,endgame,
endgames_0236,endgames_0236,endgames,train,synthetic_endgame_0236,8/1K6/8/5R2/8/8/k7/8 w - - 0 1,white,b7a8,566.0,0.8885512041426692,1.0,,22,teacher_candidate,endgame,
endgames_0236,endgames_0236,endgames,train,synthetic_endgame_0236,8/1K6/8/5R2/8/8/k7/8 w - - 0 1,white,b7b6,450.0,0.809301070201781,0.0,,22,teacher_candidate,endgame,
endgames_0236,endgames_0236,endgames,train,synthetic_endgame_0236,8/1K6/8/5R2/8/8/k7/8 w - - 0 1,white,b7b8,458.0,0.8160909001379913,0.0,,22,teacher_candidate,endgame,
endgames_0237,endgames_0237,endgames,train,synthetic_endgame_0237,8/8/5k2/8/8/8/3p4/5K2 b - - 0 1,black,d2d1b,-16.0,-0.03997868031116357,0.0,,12,teacher_candidate,endgame,
endgames_0237,endgames_0237,endgames,train,synthetic_endgame_0237,8/8/5k2/8/8/8/3p4/5K2 b - - 0 1,black,d2d1n,-17.0,-0.04247442993254818,0.0,,12,teacher_candidate,endgame,
endgames_0237,endgames_0237,endgames,train,synthetic_endgame_0237,8/8/5k2/8/8/8/3p4/5K2 b - - 0 1,black,d2d1q,399.0,0.760542219421471,0.0,,12,teacher_candidate,endgame,
endgames_0237,endgames_0237,endgames,train,synthetic_endgame_0237,8/8/5k2/8/8/8/3p4/5K2 b - - 0 1,black,d2d1r,417.0,0.7788733737673915,1.0,,12,teacher_candidate,endgame,
endgames_0237,endgames_0237,endgames,train,synthetic_endgame_0237,8/8/5k2/8/8/8/3p4/5K2 b - - 0 1,black,f6e5,-29.0,-0.07237324046358946,0.0,,12,teacher_candidate,endgame,
endgames_0238,endgames_0238,endgames,train,synthetic_endgame_0238,2K5/8/8/2Q5/4k3/8/8/8 w - - 0 1,white,c5a3,580.0,0.8956928738431645,0.0,,29,teacher_candidate,endgame,
endgames_0238,endgames_0238,endgames,train,synthetic_endgame_0238,2K5/8/8/2Q5/4k3/8/8/8 w - - 0 1,white,c5a5,525.0,0.8649066177207418,0.0,,29,teacher_candidate,endgame,
endgames_0238,endgames_0238,endgames,train,synthetic_endgame_0238,2K5/8/8/2Q5/4k3/8/8/8 w - - 0 1,white,c5a7,575.0,0.8931933404003516,0.0,,29,teacher_candidate,endgame,
endgames_0238,endgames_0238,endgames,train,synthetic_endgame_0238,2K5/8/8/2Q5/4k3/8/8/8 w - - 0 1,white,c5b4,469.0,0.825071959039259,0.0,,29,teacher_candidate,endgame,
endgames_0238,endgames_0238,endgames,train,synthetic_endgame_0238,2K5/8/8/2Q5/4k3/8/8/8 w - - 0 1,white,c5b5,625.0,0.9158245441687624,1.0,,29,teacher_candidate,endgame,
endgames_0239,endgames_0239,endgames,train,synthetic_endgame_0239,8/8/8/P1K5/8/8/8/1k6 w - - 0 1,white,a5a6,526.0,0.8655350988242999,0.0,,9,teacher_candidate,endgame,
endgames_0239,endgames_0239,endgames,train,synthetic_endgame_0239,8/8/8/P1K5/8/8/8/1k6 w - - 0 1,white,c5b4,542.0,0.8752282972400112,0.0,,9,teacher_candidate,endgame,
endgames_0239,endgames_0239,endgames,train,synthetic_endgame_0239,8/8/8/P1K5/8/8/8/1k6 w - - 0 1,white,c5b5,534.0,0.8704660627864289,0.0,,9,teacher_candidate,endgame,
endgames_0239,endgames_0239,endgames,train,synthetic_endgame_0239,8/8/8/P1K5/8/8/8/1k6 w - - 0 1,white,c5b6,511.0,0.855817403604612,0.0,,9,teacher_candidate,endgame,
endgames_0239,endgames_0239,endgames,train,synthetic_endgame_0239,8/8/8/P1K5/8/8/8/1k6 w - - 0 1,white,c5c4,556.0,0.8831708889152075,1.0,,9,teacher_candidate,endgame,
endgames_0240,endgames_0240,endgames,train,synthetic_endgame_0240,8/8/8/8/8/6R1/3K1k2/8 w - - 0 1,white,d2c1,-51.0,-0.1268135725243873,0.0,,19,teacher_candidate,endgame,
endgames_0240,endgames_0240,endgames,train,synthetic_endgame_0240,8/8/8/8/8/6R1/3K1k2/8 w - - 0 1,white,d2c2,-33.0,-0.08231333630045613,0.0,,19,teacher_candidate,endgame,
endgames_0240,endgames_0240,endgames,train,synthetic_endgame_0240,8/8/8/8/8/6R1/3K1k2/8 w - - 0 1,white,d2c3,-26.0,-0.06490861277463751,1.0,,19,teacher_candidate,endgame,
endgames_0240,endgames_0240,endgames,train,synthetic_endgame_0240,8/8/8/8/8/6R1/3K1k2/8 w - - 0 1,white,d2d1,-47.0,-0.11696222487632274,0.0,,19,teacher_candidate,endgame,
endgames_0240,endgames_0240,endgames,train,synthetic_endgame_0240,8/8/8/8/8/6R1/3K1k2/8 w - - 0 1,white,d2d3,-77.0,-0.19015694773226804,0.0,,19,teacher_candidate,endgame,
endgames_0241,endgames_0241,endgames,train,synthetic_endgame_0241,6k1/1Q2K3/8/8/8/8/8/8 w - - 0 1,white,b7a6,524.0,0.8642754128460111,0.0,,25,teacher_candidate,endgame,
endgames_0241,endgames_0241,endgames,train,synthetic_endgame_0241,6k1/1Q2K3/8/8/8/8/8/8 w - - 0 1,white,b7a7,534.0,0.8704660627864289,0.0,,25,teacher_candidate,endgame,
endgames_0241,endgames_0241,endgames,train,synthetic_endgame_0241,6k1/1Q2K3/8/8/8/8/8/8 w - - 0 1,white,b7a8,526.0,0.8655350988242999,0.0,,25,teacher_candidate,endgame,
endgames_0241,endgames_0241,endgames,train,synthetic_endgame_0241,6k1/1Q2K3/8/8/8/8/8/8 w - - 0 1,white,b7b1,462.0,0.8194037105941603,0.0,,25,teacher_candidate,endgame,
endgames_0241,endgames_0241,endgames,train,synthetic_endgame_0241,6k1/1Q2K3/8/8/8/8/8/8 w - - 0 1,white,b7b2,535.0,0.8710704683248206,1.0,,25,teacher_candidate,endgame,
endgames_0242,endgames_0242,endgames,train,synthetic_endgame_0242,4k3/6K1/8/8/2r5/8/8/8 b - - 0 1,black,c4a4,462.0,0.8194037105941603,0.0,,17,teacher_candidate,endgame,
endgames_0242,endgames_0242,endgames,train,synthetic_endgame_0242,4k3/6K1/8/8/2r5/8/8/8 b - - 0 1,black,c4b4,470.0,0.8258684551194575,0.0,,17,teacher_candidate,endgame,
endgames_0242,endgames_0242,endgames,train,synthetic_endgame_0242,4k3/6K1/8/8/2r5/8/8/8 b - - 0 1,black,c4c1,481.0,0.8344155694676939,1.0,,17,teacher_candidate,endgame,
endgames_0242,endgames_0242,endgames,train,synthetic_endgame_0242,4k3/6K1/8/8/2r5/8/8/8 b - - 0 1,black,c4c2,480.0,0.8336546070121552,0.0,,17,teacher_candidate,endgame,
endgames_0242,endgames_0242,endgames,train,synthetic_endgame_0242,4k3/6K1/8/8/2r5/8/8/8 b - - 0 1,black,c4c3,463.0,0.820223473492082,0.0,,17,teacher_candidate,endgame,
endgames_0243,endgames_0243,endgames,train,synthetic_endgame_0243,5k2/8/8/2K5/8/8/8/7q b - - 0 1,black,f8e7,518.0,0.8604304342468398,1.0,,26,teacher_candidate,endgame,
endgames_0243,endgames_0243,endgames,train,synthetic_endgame_0243,5k2/8/8/2K5/8/8/8/7q b - - 0 1,black,f8e8,484.0,0.8366794890768107,0.0,,26,teacher_candidate,endgame,
endgames_0243,endgames_0243,endgames,train,synthetic_endgame_0243,5k2/8/8/2K5/8/8/8/7q b - - 0 1,black,f8f7,492.0,0.8425793256589296,0.0,,26,teacher_candidate,endgame,
endgames_0243,endgames_0243,endgames,train,synthetic_endgame_0243,5k2/8/8/2K5/8/8/8/7q b - - 0 1,black,f8g7,499.0,0.8475811144033204,0.0,,26,teacher_candidate,endgame,
endgames_0243,endgames_0243,endgames,train,synthetic_endgame_0243,5k2/8/8/2K5/8/8/8/7q b - - 0 1,black,f8g8,497.0,0.8461671024651277,0.0,,26,teacher_candidate,endgame,
endgames_0244,endgames_0244,endgames,train,synthetic_endgame_0244,7k/8/8/4K3/2p5/8/8/8 b - - 0 1,black,c4c3,376.0,0.7352222529158692,1.0,,4,teacher_candidate,endgame,
endgames_0244,endgames_0244,endgames,train,synthetic_endgame_0244,7k/8/8/4K3/2p5/8/8/8 b - - 0 1,black,h8g7,-72.0,-0.1780808681173302,0.0,,4,teacher_candidate,endgame,
endgames_0244,endgames_0244,endgames,train,synthetic_endgame_0244,7k/8/8/4K3/2p5/8/8/8 b - - 0 1,black,h8g8,-36.0,-0.0897577847471601,0.0,,4,teacher_candidate,endgame,
endgames_0244,endgames_0244,endgames,train,synthetic_endgame_0244,7k/8/8/4K3/2p5/8/8/8 b - - 0 1,black,h8h7,-56.0,-0.13909244787845804,0.0,,4,teacher_candidate,endgame,
endgames_0245,endgames_0245,endgames,train,synthetic_endgame_0245,8/8/8/8/K7/7Q/2k5/8 w - - 0 1,white,a4a3,468.0,0.8242721703413975,0.0,,25,teacher_candidate,endgame,
endgames_0245,endgames_0245,endgames,train,synthetic_endgame_0245,8/8/8/8/K7/7Q/2k5/8 w - - 0 1,white,a4a5,587.0,0.899099478664166,0.0,,25,teacher_candidate,endgame,
endgames_0245,endgames_0245,endgames,train,synthetic_endgame_0245,8/8/8/8/K7/7Q/2k5/8 w - - 0 1,white,a4b4,485.0,0.8374278407728539,0.0,,25,teacher_candidate,endgame,
endgames_0245,endgames_0245,endgames,train,synthetic_endgame_0245,8/8/8/8/K7/7Q/2k5/8 w - - 0 1,white,a4b5,526.0,0.8655350988242999,0.0,,25,teacher_candidate,endgame,
endgames_0245,endgames_0245,endgames,train,synthetic_endgame_0245,8/8/8/8/K7/7Q/2k5/8 w - - 0 1,white,h3a3,670.0,0.9322096716816437,1.0,,25,teacher_candidate,endgame,
endgames_0246,endgames_0246,endgames,train,synthetic_endgame_0246,8/2K3k1/8/8/8/8/6P1/8 w - - 0 1,white,c7b6,16.0,0.03997868031116357,1.0,,10,teacher_candidate,endgame,
endgames_0246,endgames_0246,endgames,train,synthetic_endgame_0246,8/2K3k1/8/8/8/8/6P1/8 w - - 0 1,white,c7b7,-11.0,-0.02749306980470986,0.0,,10,teacher_candidate,endgame,
endgames_0246,endgames_0246,endgames,train,synthetic_endgame_0246,8/2K3k1/8/8/8/8/6P1/8 w - - 0 1,white,c7b8,-7.0,-0.01749821376048069,0.0,,10,teacher_candidate,endgame,
endgames_0246,endgames_0246,endgames,train,synthetic_endgame_0246,8/2K3k1/8/8/8/8/6P1/8 w - - 0 1,white,c7c6,1.0,0.0024999947916796877,0.0,,10,teacher_candidate,endgame,
endgames_0246,endgames_0246,endgames,train,synthetic_endgame_0246,8/2K3k1/8/8/8/8/6P1/8 w - - 0 1,white,c7c8,-3.0,-0.00749985937816399,0.0,,10,teacher_candidate,endgame,
endgames_0247,endgames_0247,endgames,train,synthetic_endgame_0247,2K5/6q1/8/8/8/8/7k/8 b - - 0 1,black,g7a1,470.0,0.8258684551194575,0.0,,28,teacher_candidate,endgame,
endgames_0247,endgames_0247,endgames,train,synthetic_endgame_0247,2K5/6q1/8/8/8/8/7k/8 b - - 0 1,black,g7a7,476.0,0.8305788685385285,0.0,,28,teacher_candidate,endgame,
endgames_0247,endgames_0247,endgames,train,synthetic_endgame_0247,2K5/6q1/8/8/8/8/7k/8 b - - 0 1,black,g7b2,495.0,0.8447410748870232,1.0,,28,teacher_candidate,endgame,
endgames_0247,endgames_0247,endgames,train,synthetic_endgame_0247,2K5/6q1/8/8/8/8/7k/8 b - - 0 1,black,g7b7,189.0,0.4402170536009829,0.0,,28,teacher_candidate,endgame,
endgames_0247,endgames_0247,endgames,train,synthetic_endgame_0247,2K5/6q1/8/8/8/8/7k/8 b - - 0 1,black,g7c3,483.0,0.8359280001726355,0.0,,28,teacher_candidate,endgame,
endgames_0248,endgames_0248,endgames,train,synthetic_endgame_0248,8/8/8/3k4/8/8/R7/5K2 w - - 0 1,white,a2a1,445.0,0.8049443259184149,0.0,,19,teacher_candidate,endgame,
endgames_0248,endgames_0248,endgames,train,synthetic_endgame_0248,8/8/8/3k4/8/8/R7/5K2 w - - 0 1,white,a2a3,456.0,0.814414093765686,1.0,,19,teacher_candidate,endgame,
endgames_0248,endgames_0248,endgames,train,synthetic_endgame_0248,8/8/8/3k4/8/8/R7/5K2 w - - 0 1,white,a2a4,437.0,0.797788791179091,0.0,,19,teacher_candidate,endgame,
endgames_0248,endgames_0248,endgames,train,synthetic_endgame_0248,8/8/8/3k4/8/8/R7/5K2 w - - 0 1,white,a2a5,445.0,0.8049443259184149,0.0,,19,teacher_candidate,endgame,
endgames_0248,endgames_0248,endgames,train,synthetic_endgame_0248,8/8/8/3k4/8/8/R7/5K2 w - - 0 1,white,a2a6,412.0,0.7739083398558421,0.0,,19,teacher_candidate,endgame,
endgames_0249,endgames_0249,endgames,train,synthetic_endgame_0249,1K4k1/8/8/8/8/4Q3/8/8 w - - 0 1,white,b8a7,426.0,0.7875700166496489,0.0,,30,teacher_candidate,endgame,
endgames_0249,endgames_0249,endgames,train,synthetic_endgame_0249,1K4k1/8/8/8/8/4Q3/8/8 w - - 0 1,white,b8a8,390.0,0.7508932836251672,0.0,,30,teacher_candidate,endgame,
endgames_0249,endgames_0249,endgames,train,synthetic_endgame_0249,1K4k1/8/8/8/8/4Q3/8/8 w - - 0 1,white,b8b7,416.0,0.7778880665771849,0.0,,30,teacher_candidate,endgame,
endgames_0249,endgames_0249,endgames,train,synthetic_endgame_0249,1K4k1/8/8/8/8/4Q3/8/8 w - - 0 1,white,b8c7,433.0,0.7941243483656557,0.0,,30,teacher_candidate,endgame,
endgames_0249,endgames_0249,endgames,train,synthetic_endgame_0249,1K4k1/8/8/8/8/4Q3/8/8 w - - 0 1,white,b8c8,456.0,0.814414093765686,1.0,,30,teacher_candidate,endgame,
endgames_0250,endgames_0250,endgames,train,synthetic_endgame_0250,8/8/8/2k5/8/7K/8/3r4 b - - 0 1,black,c5b4,489.0,0.8403900815184251,1.0,,22,teacher_candidate,endgame,
endgames_0250,endgames_0250,endgames,train,synthetic_endgame_0250,8/8/8/2k5/8/7K/8/3r4 b - - 0 1,black,c5b5,453.0,0.8118731484163844,0.0,,22,teacher_candidate,endgame,
endgames_0250,endgames_0250,endgames,train,synthetic_endgame_0250,8/8/8/2k5/8/7K/8/3r4 b - - 0 1,black,c5b6,476.0,0.8305788685385285,0.0,,22,teacher_candidate,endgame,
endgames_0250,endgames_0250,endgames,train,synthetic_endgame_0250,8/8/8/2k5/8/7K/8/3r4 b - - 0 1,black,c5c4,481.0,0.8344155694676939,0.0,,22,teacher_candidate,endgame,
endgames_0250,endgames_0250,endgames,train,synthetic_endgame_0250,8/8/8/2k5/8/7K/8/3r4 b - - 0 1,black,c5c6,470.0,0.8258684551194575,0.0,,22,teacher_candidate,endgame,
endgames_0251,endgames_0251,endgames,train,synthetic_endgame_0251,8/8/8/8/7P/6K1/8/7k w - - 0 1,white,g3f2,514.0,0.8578113918314256,0.0,,6,teacher_candidate,endgame,
endgames_0251,endgames_0251,endgames,train,synthetic_endgame_0251,8/8/8/8/7P/6K1/8/7k w - - 0 1,white,g3f3,525.0,0.8649066177207418,0.0,,6,teacher_candidate,endgame,
endgames_0251,endgames_0251,endgames,train,synthetic_endgame_0251,8/8/8/8/7P/6K1/8/7k w - - 0 1,white,g3f4,516.0,0.8591265382143658,0.0,,6,teacher_candidate,endgame,
endgames_0251,endgames_0251,endgames,train,synthetic_endgame_0251,8/8/8/8/7P/6K1/8/7k w - - 0 1,white,g3g4,530.0,0.8680219810175624,1.0,,6,teacher_candidate,endgame,
endgames_0251,endgames_0251,endgames,train,synthetic_endgame_0251,8/8/8/8/7P/6K1/8/7k w - - 0 1,white,g3h3,522.0,0.8630047925513478,0.0,,6,teacher_candidate,endgame,
endgames_0252,endgames_0252,endgames,train,synthetic_endgame_0252,7k/1q6/8/8/8/8/8/K7 b - - 0 1,black,b7a6,344.0,0.6962576726866815,0.0,,26,teacher_candidate,endgame,
endgames_0252,endgames_0252,endgames,train,synthetic_endgame_0252,7k/1q6/8/8/8/8/8/K7 b - - 0 1,black,b7a7,394.0,0.7552222263539022,1.0,,26,teacher_candidate,endgame,
endgames_0252,endgames_0252,endgames,train,synthetic_endgame_0252,7k/1q6/8/8/8/8/8/K7 b - - 0 1,black,b7a8,385.0,0.7453899238492566,0.0,,26,teacher_candidate,endgame,
endgames_0252,endgames_0252,endgames,train,synthetic_endgame_0252,7k/1q6/8/8/8/8/8/K7 b - - 0 1,black,b7b1,-18.0,-0.044969649583600245,0.0,,26,teacher_candidate,endgame,
endgames_0252,endgames_0252,endgames,train,synthetic_endgame_0252,7k/1q6/8/8/8/8/8/K7 b - - 0 1,black,b7b2,-40.0,-0.09966799462495582,0.0,,26,teacher_candidate,endgame,
endgames_0253,endgames_0253,endgames,train,synthetic_endgame_0253,3K4/8/8/3k4/8/4Q3/8/8 w - - 0 1,white,d8c7,611.0,0.9099958011881137,0.0,,30,teacher_candidate,endgame,
endgames_0253,endgames_0253,endgames,train,synthetic_endgame_0253,3K4/8/8/3k4/8/4Q3/8/8 w - - 0 1,white,d8c8,483.0,0.8359280001726355,0.0,,30,teacher_candidate,endgame,
endgames_0253,endgames_0253,endgames,train,synthetic_endgame_0253,3K4/8/8/3k4/8/4Q3/8/8 w - - 0 1,white,d8d7,633.0,0.9189914238917783,1.0,,30,teacher_candidate,endgame,
endgames_0253,endgames_0253,endgames,train,synthetic_endgame_0253,3K4/8/8/3k4/8/4Q3/8/8 w - - 0 1,white,d8e7,444.0,0.8040623914048921,0.0,,30,teacher_candidate,endgame,
endgames_0253,endgames_0253,endgames,train,synthetic_endgame_0253,3K4/8/8/3k4/8/4Q3/8/8 w - - 0 1,white,d8e8,450.0,0.809301070201781,0.0,,30,teacher_candidate,endgame,
endgames_0254,endgames_0254,endgames,train,synthetic_endgame_0254,8/3K4/8/k7/2q5/8/8/8 b - - 0 1,black,a5a4,548.0,0.8786921933686958,0.0,,30,teacher_candidate,endgame,
endgames_0254,endgames_0254,endgames,train,synthetic_endgame_0254,8/3K4/8/k7/2q5/8/8/8 b - - 0 1,black,a5a6,518.0,0.8604304342468398,0.0,,30,teacher_candidate,endgame,
endgames_0254,endgames_0254,endgames,train,synthetic_endgame_0254,8/3K4/8/k7/2q5/8/8/8 b - - 0 1,black,a5b4,583.0,0.8971659575616286,1.0,,30,teacher_candidate,endgame,
endgames_0254,endgames_0254,endgames,train,synthetic_endgame_0254,8/3K4/8/k7/2q5/8/8/8 b - - 0 1,black,a5b5,529.0,0.8674042972956072,0.0,,30,teacher_candidate,endgame,
endgames_0254,endgames_0254,endgames,train,synthetic_endgame_0254,8/3K4/8/k7/2q5/8/8/8 b - - 0 1,black,a5b6,531.0,0.8686369897347581,0.0,,30,teacher_candidate,endgame,
endgames_0255,endgames_0255,endgames,train,synthetic_endgame_0255,6k1/8/8/8/8/2R2K2/8/8 w - - 0 1,white,c3a3,504.0,0.8510641096679439,0.0,,19,teacher_candidate,endgame,
endgames_0255,endgames_0255,endgames,train,synthetic_endgame_0255,6k1/8/8/8/8/2R2K2/8/8 w - - 0 1,white,c3b3,502.0,0.8496797810357468,0.0,,19,teacher_candidate,endgame,
endgames_0255,endgames_0255,endgames,train,synthetic_endgame_0255,6k1/8/8/8/8/2R2K2/8/8 w - - 0 1,white,c3c1,510.0,0.8551470292769645,1.0,,19,teacher_candidate,endgame,
endgames_0255,endgames_0255,endgames,train,synthetic_endgame_0255,6k1/8/8/8/8/2R2K2/8/8 w - - 0 1,white,c3c2,487.0,0.8389151737656423,0.0,,19,teacher_candidate,endgame,
endgames_0255,endgames_0255,endgames,train,synthetic_endgame_0255,6k1/8/8/8/8/2R2K2/8/8 w - - 0 1,white,c3c4,485.0,0.8374278407728539,0.0,,19,teacher_candidate,endgame,
endgames_0256,endgames_0256,endgames,train,synthetic_endgame_0256,8/8/4p3/8/5k2/7K/8/8 b - - 0 1,black,e6e5,502.0,0.8496797810357468,0.0,,7,teacher_candidate,endgame,
endgames_0256,endgames_0256,endgames,train,synthetic_endgame_0256,8/8/4p3/8/5k2/7K/8/8 b - - 0 1,black,f4e3,435.0,0.7959638616217392,0.0,,7,teacher_candidate,endgame,
endgames_0256,endgames_0256,endgames,train,synthetic_endgame_0256,8/8/4p3/8/5k2/7K/8/8 b - - 0 1,black,f4e4,478.0,0.8321231362048838,0.0,,7,teacher_candidate,endgame,
endgames_0256,endgames_0256,endgames,train,synthetic_endgame_0256,8/8/4p3/8/5k2/7K/8/8 b - - 0 1,black,f4e5,404.0,0.7657620182484389,0.0,,7,teacher_candidate,endgame,
endgames_0256,endgames_0256,endgames,train,synthetic_endgame_0256,8/8/4p3/8/5k2/7K/8/8 b - - 0 1,black,f4f3,506.0,0.8524367067950694,1.0,,7,teacher_candidate,endgame,
endgames_0257,endgames_0257,endgames,train,synthetic_endgame_0257,8/8/8/7r/4K3/8/8/7k b - - 0 1,black,h1g1,455.0,0.8135705538363528,0.0,,16,teacher_candidate,endgame,
endgames_0257,endgames_0257,endgames,train,synthetic_endgame_0257,8/8/8/7r/4K3/8/8/7k b - - 0 1,black,h1g2,428.0,0.7894612209549805,0.0,,16,teacher_candidate,endgame,
endgames_0257,endgames_0257,endgames,train,synthetic_endgame_0257,8/8/8/7r/4K3/8/8/7k b - - 0 1,black,h1h2,456.0,0.814414093765686,0.0,,16,teacher_candidate,endgame,
endgames_0257,endgames_0257,endgames,train,synthetic_endgame_0257,8/8/8/7r/4K3/8/8/7k b - - 0 1,black,h5a5,478.0,0.8321231362048838,1.0,,16,teacher_candidate,endgame,
endgames_0257,endgames_0257,endgames,train,synthetic_endgame_0257,8/8/8/7r/4K3/8/8/7k b - - 0 1,black,h5b5,470.0,0.8258684551194575,0.0,,16,teacher_candidate,endgame,
endgames_0258,endgames_0258,endgames,train,synthetic_endgame_0258,8/1P6/8/8/8/7k/8/6K1 w - - 0 1,white,b7b8b,-13.0,-0.03248856212414491,0.0,,7,teacher_candidate,endgame,
endgames_0258,endgames_0258,endgames,train,synthetic_endgame_0258,8/1P6/8/8/8/7k/8/6K1 w - - 0 1,white,b7b8n,-18.0,-0.044969649583600245,0.0,,7,teacher_candidate,endgame,
endgames_0258,endgames_0258,endgames,train,synthetic_endgame_0258,8/1P6/8/8/8/7k/8/6K1 w - - 0 1,white,b7b8q,472.0,0.8274516110081667,0.0,,7,teacher_candidate,endgame,
endgames_0258,endgames_0258,endgames,train,synthetic_endgame_0258,8/1P6/8/8/8/7k/8/6K1 w - - 0 1,white,b7b8r,451.0,0.8101619061641351,0.0,,7,teacher_candidate,endgame,
endgames_0258,endgames_0258,endgames,train,synthetic_endgame_0258,8/1P6/8/8/8/7k/8/6K1 w - - 0 1,white,g1f1,506.0,0.8524367067950694,1.0,,7,teacher_candidate,endgame,
endgames_0259,endgames_0259,endgames,train,synthetic_endgame_0259,8/8/8/8/8/4q3/8/1K1k4 b - - 0 1,black,d1d2,467.0,0.8234690786261251,0.0,,28,teacher_candidate,endgame,
endgames_0259,endgames_0259,endgames,train,synthetic_endgame_0259,8/8/8/8/8/4q3/8/1K1k4 b - - 0 1,black,d1e1,489.0,0.8403900815184251,0.0,,28,teacher_candidate,endgame,
endgames_0259,endgames_0259,endgames,train,synthetic_endgame_0259,8/8/8/8/8/4q3/8/1K1k4 b - - 0 1,black,d1e2,458.0,0.8160909001379913,0.0,,28,teacher_candidate,endgame,
endgames_0259,endgames_0259,endgames,train,synthetic_endgame_0259,8/8/8/8/8/4q3/8/1K1k4 b - - 0 1,black,e3a3,0.0,0.0,0.0,,28,teacher_candidate,endgame,
endgames_0259,endgames_0259,endgames,train,synthetic_endgame_0259,8/8/8/8/8/4q3/8/1K1k4 b - - 0 1,black,e3a7,501.0,0.8489831921189297,1.0,,28,teacher_candidate,endgame,
endgames_0260,endgames_0260,endgames,train,synthetic_endgame_0260,6K1/8/7k/8/8/7p/8/8 b - - 0 1,black,h3h2,565.0,0.8880238418763566,0.0,,4,teacher_candidate,endgame,
endgames_0260,endgames_0260,endgames,train,synthetic_endgame_0260,6K1/8/7k/8/8/7p/8/8 b - - 0 1,black,h6g5,508.0,0.8537976531552436,0.0,,4,teacher_candidate,endgame,
endgames_0260,endgames_0260,endgames,train,synthetic_endgame_0260,6K1/8/7k/8/8/7p/8/8 b - - 0 1,black,h6g6,567.0,0.8890762286649813,1.0,,4,teacher_candidate,endgame,
endgames_0260,endgames_0260,endgames,train,synthetic_endgame_0260,6K1/8/7k/8/8/7p/8/8 b - - 0 1,black,h6h5,500.0,0.8482836399575129,0.0,,4,teacher_candidate,endgame,
endgames_0261,endgames_0261,endgames,train,synthetic_endgame_0261,8/K2Q4/8/6k1/8/8/8/8 w - - 0 1,white,a7a6,441.0,0.8013952296500844,0.0,,27,teacher_candidate,endgame,
endgames_0261,endgames_0261,endgames,train,synthetic_endgame_0261,8/K2Q4/8/6k1/8/8/8/8 w - - 0 1,white,a7a8,491.0,0.8418526462603199,1.0,,27,teacher_candidate,endgame,
endgames_0261,endgames_0261,endgames,train,synthetic_endgame_0261,8/K2Q4/8/6k1/8/8/8/8 w - - 0 1,white,a7b6,490.0,0.8411229016320433,0.0,,27,teacher_candidate,endgame,
endgames_0261,endgames_0261,endgames,train,synthetic_endgame_0261,8/K2Q4/8/6k1/8/8/8/8 w - - 0 1,white,a7b7,491.0,0.8418526462603199,0.0,,27,teacher_candidate,endgame,
endgames_0261,endgames_0261,endgames,train,synthetic_endgame_0261,8/K2Q4/8/6k1/8/8/8/8 w - - 0 1,white,a7b8,471.0,0.8266616689782654,0.0,,27,teacher_candidate,endgame,
endgames_0262,endgames_0262,endgames,train,synthetic_endgame_0262,8/P5k1/8/8/4K3/8/8/8 w - - 0 1,white,a7a8b,54.0,0.13418580993090867,0.0,,12,teacher_candidate,endgame,
endgames_0262,endgames_0262,endgames,train,synthetic_endgame_0262,8/P5k1/8/8/4K3/8/8/8 w - - 0 1,white,a7a8n,54.0,0.13418580993090867,0.0,,12,teacher_candidate,endgame,
endgames_0262,endgames_0262,endgames,train,synthetic_endgame_0262,8/P5k1/8/8/4K3/8/8/8 w - - 0 1,white,a7a8q,540.0,0.874053287886007,1.0,,12,teacher_candidate,endgame,
endgames_0262,endgames_0262,endgames,train,synthetic_endgame_0262,8/P5k1/8/8/4K3/8/8/8 w - - 0 1,white,a7a8r,520.0,0.8617231593133063,0.0,,12,teacher_candidate,endgame,
endgames_0262,endgames_0262,endgames,train,synthetic_endgame_0262,8/P5k1/8/8/4K3/8/8/8 w - - 0 1,white,e4d3,512.0,0.8564849154724974,0.0,,12,teacher_candidate,endgame,
endgames_0263,endgames_0263,endgames,train,synthetic_endgame_0263,q7/8/8/2K5/8/8/5k2/8 b - - 0 1,black,a8a1,496.0,0.8454555957266803,0.0,,29,teacher_candidate,endgame,
endgames_0263,endgames_0263,endgames,train,synthetic_endgame_0263,q7/8/8/2K5/8/8/5k2/8 b - - 0 1,black,a8a2,461.0,0.8185805822252497,0.0,,29,teacher_candidate,endgame,
endgames_0263,endgames_0263,endgames,train,synthetic_endgame_0263,q7/8/8/2K5/8/8/5k2/8 b - - 0 1,black,a8a3,485.0,0.8374278407728539,0.0,,29,teacher_candidate,endgame,
endgames_0263,endgames_0263,endgames,train,synthetic_endgame_0263,q7/8/8/2K5/8/8/5k2/8 b - - 0 1,black,a8a4,529.0,0.8674042972956072,1.0,,29,teacher_candidate,endgame,
endgames_0263,endgames_0263,endgames,train,synthetic_endgame_0263,q7/8/8/2K5/8/8/5k2/8 b - - 0 1,black,a8a5,458.0,0.8160909001379913,0.0,,29,teacher_candidate,endgame,
endgames_0264,endgames_0264,endgames,train,synthetic_endgame_0264,k7/7P/8/8/8/6K1/8/8 w - - 0 1,white,g3f2,547.0,0.8781211901448149,0.0,,12,teacher_candidate,endgame,
endgames_0264,endgames_0264,endgames,train,synthetic_endgame_0264,k7/7P/8/8/8/6K1/8/8 w - - 0 1,white,g3f3,562.0,0.886427638382423,0.0,,12,teacher_candidate,endgame,
endgames_0264,endgames_0264,endgames,train,synthetic_endgame_0264,k7/7P/8/8/8/6K1/8/8 w - - 0 1,white,g3f4,585.0,0.8981370594941129,1.0,,12,teacher_candidate,endgame,
endgames_0264,endgames_0264,endgames,train,synthetic_endgame_0264,k7/7P/8/8/8/6K1/8/8 w - - 0 1,white,g3g2,548.0,0.8786921933686958,0.0,,12,teacher_candidate,endgame,
endgames_0264,endgames_0264,endgames,train,synthetic_endgame_0264,k7/7P/8/8/8/6K1/8/8 w - - 0 1,white,g3g4,569.0,0.8901193004193375,0.0,,12,teacher_candidate,endgame,
endgames_0265,endgames_0265,endgames,train,synthetic_endgame_0265,8/8/5K2/8/8/2k5/6q1/8 b - - 0 1,black,c3b2,545.0,0.8769716366107312,0.0,,31,teacher_candidate,endgame,
endgames_0265,endgames_0265,endgames,train,synthetic_endgame_0265,8/8/5K2/8/8/2k5/6q1/8 b - - 0 1,black,c3b3,573.0,0.8921777851440168,1.0,,31,teacher_candidate,endgame,
endgames_0265,endgames_0265,endgames,train,synthetic_endgame_0265,8/8/5K2/8/8/2k5/6q1/8 b - - 0 1,black,c3b4,561.0,0.8858908348021591,0.0,,31,teacher_candidate,endgame,
endgames_0265,endgames_0265,endgames,train,synthetic_endgame_0265,8/8/5K2/8/8/2k5/6q1/8 b - - 0 1,black,c3c2,501.0,0.8489831921189297,0.0,,31,teacher_candidate,endgame,
endgames_0265,endgames_0265,endgames,train,synthetic_endgame_0265,8/8/5K2/8/8/2k5/6q1/8 b - - 0 1,black,c3c4,538.0,0.8728679633298895,0.0,,31,teacher_candidate,endgame,
endgames_0266,endgames_0266,endgames,train,synthetic_endgame_0266,8/k7/8/3R4/3K4/8/8/8 w - - 0 1,white,d4c3,473.0,0.8282382915975468,0.0,,17,teacher_candidate,endgame,
endgames_0266,endgames_0266,endgames,train,synthetic_endgame_0266,8/k7/8/3R4/3K4/8/8/8 w - - 0 1,white,d4c4,455.0,0.8135705538363528,0.0,,17,teacher_candidate,endgame,
endgames_0266,endgames_0266,endgames,train,synthetic_endgame_0266,8/k7/8/3R4/3K4/8/8/8 w - - 0 1,white,d4c5,484.0,0.8366794890768107,0.0,,17,teacher_candidate,endgame,
endgames_0266,endgames_0266,endgames,train,synthetic_endgame_0266,8/k7/8/3R4/3K4/8/8/8 w - - 0 1,white,d4d3,514.0,0.8578113918314256,1.0,,17,teacher_candidate,endgame,
endgames_0266,endgames_0266,endgames,train,synthetic_endgame_0266,8/k7/8/3R4/3K4/8/8/8 w - - 0 1,white,d4e3,465.0,0.8218529445288736,0.0,,17,teacher_candidate,endgame,
endgames_0267,endgames_0267,endgames,train,synthetic_endgame_0267,5k2/8/8/8/8/8/2K2p2/8 b - - 0 1,black,f2f1b,23.0,0.05743671390287926,0.0,,9,teacher_candidate,endgame,
endgames_0267,endgames_0267,endgames,train,synthetic_endgame_0267,5k2/8/8/8/8/8/2K2p2/8 b - - 0 1,black,f2f1n,22.0,0.05494460868918742,0.0,,9,teacher_candidate,endgame,
endgames_0267,endgames_0267,endgames,train,synthetic_endgame_0267,5k2/8/8/8/8/8/2K2p2/8 b - - 0 1,black,f2f1q,480.0,0.8336546070121552,1.0,,9,teacher_candidate,endgame,
endgames_0267,endgames_0267,endgames,train,synthetic_endgame_0267,5k2/8/8/8/8/8/2K2p2/8 b - - 0 1,black,f2f1r,456.0,0.814414093765686,0.0,,9,teacher_candidate,endgame,
endgames_0267,endgames_0267,endgames,train,synthetic_endgame_0267,5k2/8/8/8/8/8/2K2p2/8 b - - 0 1,black,f8e7,478.0,0.8321231362048838,0.0,,9,teacher_candidate,endgame,
endgames_0268,endgames_0268,endgames,train,synthetic_endgame_0268,8/Q7/8/8/7k/8/4K3/8 w - - 0 1,white,a7a1,551.0,0.8803902214206855,0.0,,29,teacher_candidate,endgame,
endgames_0268,endgames_0268,endgames,train,synthetic_endgame_0268,8/Q7/8/8/7k/8/4K3/8 w - - 0 1,white,a7a2,520.0,0.8617231593133063,0.0,,29,teacher_candidate,endgame,
endgames_0268,endgames_0268,endgames,train,synthetic_endgame_0268,8/Q7/8/8/7k/8/4K3/8 w - - 0 1,white,a7a3,537.0,0.8722714089933077,0.0,,29,teacher_candidate,endgame,
endgames_0268,endgames_0268,endgames,train,synthetic_endgame_0268,8/Q7/8/8/7k/8/4K3/8 w - - 0 1,white,a7a4,561.0,0.8858908348021591,1.0,,29,teacher_candidate,endgame,
endgames_0268,endgames_0268,endgames,train,synthetic_endgame_0268,8/Q7/8/8/7k/8/4K3/8 w - - 0 1,white,a7a5,526.0,0.8655350988242999,0.0,,29,teacher_candidate,endgame,
endgames_0269,endgames_0269,endgames,train,synthetic_endgame_0269,5r2/8/8/6K1/8/8/8/5k2 b - - 0 1,black,f1e1,435.0,0.7959638616217392,0.0,,18,teacher_candidate,endgame,
endgames_0269,endgames_0269,endgames,train,synthetic_endgame_0269,5r2/8/8/6K1/8/8/8/5k2 b - - 0 1,black,f1e2,438.0,0.7986958128717863,1.0,,18,teacher_candidate,endgame,
endgames_0269,endgames_0269,endgames,train,synthetic_endgame_0269,5r2/8/8/6K1/8/8/8/5k2 b - - 0 1,black,f1f2,434.0,0.7950459331118053,0.0,,18,teacher_candidate,endgame,
endgames_0269,endgames_0269,endgames,train,synthetic_endgame_0269,5r2/8/8/6K1/8/8/8/5k2 b - - 0 1,black,f1g1,436.0,0.7968781442047267,0.0,,18,teacher_candidate,endgame,
endgames_0269,endgames_0269,endgames,train,synthetic_endgame_0269,5r2/8/8/6K1/8/8/8/5k2 b - - 0 1,black,f1g2,406.0,0.7678221558620103,0.0,,18,teacher_candidate,endgame,
endgames_0270,endgames_0270,endgames,train,synthetic_endgame_0270,8/8/8/8/6P1/K7/7k/8 w - - 0 1,white,a3a2,395.0,0.7562942984607639,0.0,,6,teacher_candidate,endgame,
endgames_0270,endgames_0270,endgames,train,synthetic_endgame_0270,8/8/8/8/6P1/K7/7k/8 w - - 0 1,white,a3a4,468.0,0.8242721703413975,1.0,,6,teacher_candidate,endgame,
endgames_0270,endgames_0270,endgames,train,synthetic_endgame_0270,8/8/8/8/6P1/K7/7k/8 w - - 0 1,white,a3b2,361.0,0.7175129851098503,0.0,,6,teacher_candidate,endgame,
endgames_0270,endgames_0270,endgames,train,synthetic_endgame_0270,8/8/8/8/6P1/K7/7k/8 w - - 0 1,white,a3b3,364.0,0.7211322540766999,0.0,,6,teacher_candidate,endgame,
endgames_0270,endgames_0270,endgames,train,synthetic_endgame_0270,8/8/8/8/6P1/K7/7k/8 w - - 0 1,white,a3b4,360.0,0.7162978701990244,0.0,,6,teacher_candidate,endgame,
endgames_0271,endgames_0271,endgames,train,synthetic_endgame_0271,8/8/8/5k2/8/8/q7/4K3 b - - 0 1,black,a2a1,544.0,0.8763930674728229,0.0,,29,teacher_candidate,endgame,
endgames_0271,endgames_0271,endgames,train,synthetic_endgame_0271,8/8/8/5k2/8/8/q7/4K3 b - - 0 1,black,a2a3,542.0,0.8752282972400112,0.0,,29,teacher_candidate,endgame,
endgames_0271,endgames_0271,endgames,train,synthetic_endgame_0271,8/8/8/5k2/8/8/q7/4K3 b - - 0 1,black,a2a4,551.0,0.8803902214206855,0.0,,29,teacher_candidate,endgame,
endgames_0271,endgames_0271,endgames,train,synthetic_endgame_0271,8/8/8/5k2/8/8/q7/4K3 b - - 0 1,black,a2a5,487.0,0.8389151737656423,0.0,,29,teacher_candidate,endgame,
endgames_0271,endgames_0271,endgames,train,synthetic_endgame_0271,8/8/8/5k2/8/8/q7/4K3 b - - 0 1,black,a2a6,558.0,0.884266089447278,1.0,,29,teacher_candidate,endgame,
endgames_0272,endgames_0272,endgames,train,synthetic_endgame_0272,7R/8/8/8/8/8/8/1k5K w - - 0 1,white,h1g1,493.0,0.8433029500738807,0.0,,16,teacher_candidate,endgame,
endgames_0272,endgames_0272,endgames,train,synthetic_endgame_0272,7R/8/8/8/8/8/8/1k5K w - - 0 1,white,h1g2,516.0,0.8591265382143658,1.0,,16,teacher_candidate,endgame,
endgames_0272,endgames_0272,endgames,train,synthetic_endgame_0272,7R/8/8/8/8/8/8/1k5K w - - 0 1,white,h1h2,507.0,0.853118631283003,0.0,,16,teacher_candidate,endgame,
endgames_0272,endgames_0272,endgames,train,synthetic_endgame_0272,7R/8/8/8/8/8/8/1k5K w - - 0 1,white,h8a8,479.0,0.8328904660394908,0.0,,16,teacher_candidate,endgame,
endgames_0272,endgames_0272,endgames,train,synthetic_endgame_0272,7R/8/8/8/8/8/8/1k5K w - - 0 1,white,h8b8,483.0,0.8359280001726355,0.0,,16,teacher_candidate,endgame,
endgames_0273,endgames_0273,endgames,train,synthetic_endgame_0273,8/8/5k2/p7/8/5K2/8/8 b - - 0 1,black,a5a4,307.0,0.6454733928434861,1.0,,9,teacher_candidate,endgame,
endgames_0273,endgames_0273,endgames,train,synthetic_endgame_0273,8/8/5k2/p7/8/5K2/8/8 b - - 0 1,black,f6e5,-38.0,-0.09471523628617855,0.0,,9,teacher_candidate,endgame,
endgames_0273,endgames_0273,endgames,train,synthetic_endgame_0273,8/8/5k2/p7/8/5K2/8/8 b - - 0 1,black,f6e6,-19.0,-0.04746430825312217,0.0,,9,teacher_candidate,endgame,
endgames_0273,endgames_0273,endgames,train,synthetic_endgame_0273,8/8/5k2/p7/8/5K2/8/8 b - - 0 1,black,f6e7,-27.0,-0.06739767086580163,0.0,,9,teacher_candidate,endgame,
endgames_0273,endgames_0273,endgames,train,synthetic_endgame_0273,8/8/5k2/p7/8/5K2/8/8 b - - 0 1,black,f6f5,-87.0,-0.21413397614340715,0.0,,9,teacher_candidate,endgame,
endgames_0274,endgames_0274,endgames,train,synthetic_endgame_0274,1k6/8/8/8/8/2Q5/8/2K5 w - - 0 1,white,c1b1,470.0,0.8258684551194575,0.0,,29,teacher_candidate,endgame,
endgames_0274,endgames_0274,endgames,train,synthetic_endgame_0274,1k6/8/8/8/8/2Q5/8/2K5 w - - 0 1,white,c1b2,482.0,0.8351733637441744,0.0,,29,teacher_candidate,endgame,
endgames_0274,endgames_0274,endgames,train,synthetic_endgame_0274,1k6/8/8/8/8/2Q5/8/2K5 w - - 0 1,white,c1c2,517.0,0.8597798875571636,1.0,,29,teacher_candidate,endgame,
endgames_0274,endgames_0274,endgames,train,synthetic_endgame_0274,1k6/8/8/8/8/2Q5/8/2K5 w - - 0 1,white,c1d1,465.0,0.8218529445288736,0.0,,29,teacher_candidate,endgame,
endgames_0274,endgames_0274,endgames,train,synthetic_endgame_0274,1k6/8/8/8/8/2Q5/8/2K5 w - - 0 1,white,c1d2,506.0,0.8524367067950694,0.0,,29,teacher_candidate,endgame,
endgames_0275,endgames_0275,endgames,train,synthetic_endgame_0275,8/8/8/6K1/4k3/8/8/4r3 b - - 0 1,black,e1a1,435.0,0.7959638616217392,0.0,,15,teacher_candidate,endgame,
endgames_0275,endgames_0275,endgames,train,synthetic_endgame_0275,8/8/8/6K1/4k3/8/8/4r3 b - - 0 1,black,e1b1,437.0,0.797788791179091,0.0,,15,teacher_candidate,endgame,
endgames_0275,endgames_0275,endgames,train,synthetic_endgame_0275,8/8/8/6K1/4k3/8/8/4r3 b - - 0 1,black,e1c1,493.0,0.8433029500738807,1.0,,15,teacher_candidate,endgame,
endgames_0275,endgames_0275,endgames,train,synthetic_endgame_0275,8/8/8/6K1/4k3/8/8/4r3 b - - 0 1,black,e1d1,410.0,0.7718952374404182,0.0,,15,teacher_candidate,endgame,
endgames_0275,endgames_0275,endgames,train,synthetic_endgame_0275,8/8/8/6K1/4k3/8/8/4r3 b - - 0 1,black,e1e2,430.0,0.7913375537619973,0.0,,15,teacher_candidate,endgame,
endgames_0276,endgames_0276,endgames,train,synthetic_endgame_0276,8/8/8/8/7K/k5P1/8/8 w - - 0 1,white,g3g4,480.0,0.8336546070121552,1.0,,5,teacher_candidate,endgame,
endgames_0276,endgames_0276,endgames,train,synthetic_endgame_0276,8/8/8/8/7K/k5P1/8/8 w - - 0 1,white,h4g4,473.0,0.8282382915975468,0.0,,5,teacher_candidate,endgame,
endgames_0276,endgames_0276,endgames,train,synthetic_endgame_0276,8/8/8/8/7K/k5P1/8/8 w - - 0 1,white,h4g5,448.0,0.8075689165786144,0.0,,5,teacher_candidate,endgame,
endgames_0276,endgames_0276,endgames,train,synthetic_endgame_0276,8/8/8/8/7K/k5P1/8/8 w - - 0 1,white,h4h3,469.0,0.825071959039259,0.0,,5,teacher_candidate,endgame,
endgames_0276,endgames_0276,endgames,train,synthetic_endgame_0276,8/8/8/8/7K/k5P1/8/8 w - - 0 1,white,h4h5,467.0,0.8234690786261251,0.0,,5,teacher_candidate,endgame,
endgames_0277,endgames_0277,endgames,train,synthetic_endgame_0277,8/8/8/8/1R6/5K2/7k/8 w - - 0 1,white,b4a4,544.0,0.8763930674728229,0.0,,20,teacher_candidate,endgame,
endgames_0277,endgames_0277,endgames,train,synthetic_endgame_0277,8/8/8/8/1R6/5K2/7k/8 w - - 0 1,white,b4b1,546.0,0.877547674360184,0.0,,20,teacher_candidate,endgame,
endgames_0277,endgames_0277,endgames,train,synthetic_endgame_0277,8/8/8/8/1R6/5K2/7k/8 w - - 0 1,white,b4b2,596.0,0.9033247425601896,1.0,,20,teacher_candidate,endgame,
endgames_0277,endgames_0277,endgames,train,synthetic_endgame_0277,8/8/8/8/1R6/5K2/7k/8 w - - 0 1,white,b4b3,548.0,0.8786921933686958,0.0,,20,teacher_candidate,endgame,
endgames_0277,endgames_0277,endgames,train,synthetic_endgame_0277,8/8/8/8/1R6/5K2/7k/8 w - - 0 1,white,b4b5,505.0,0.8517518696186737,0.0,,20,teacher_candidate,endgame,
endgames_0278,endgames_0278,endgames,train,synthetic_endgame_0278,8/8/1k6/8/8/4p3/8/6K1 b - - 0 1,black,b6a5,19.0,0.04746430825312217,0.0,,9,teacher_candidate,endgame,
endgames_0278,endgames_0278,endgames,train,synthetic_endgame_0278,8/8/1k6/8/8/4p3/8/6K1 b - - 0 1,black,b6a6,10.0,0.02499479296842069,0.0,,9,teacher_candidate,endgame,
endgames_0278,endgames_0278,endgames,train,synthetic_endgame_0278,8/8/1k6/8/8/4p3/8/6K1 b - - 0 1,black,b6a7,21.0,0.05245181874413747,0.0,,9,teacher_candidate,endgame,
endgames_0278,endgames_0278,endgames,train,synthetic_endgame_0278,8/8/1k6/8/8/4p3/8/6K1 b - - 0 1,black,b6b5,10.0,0.02499479296842069,0.0,,9,teacher_candidate,endgame,
endgames_0278,endgames_0278,endgames,train,synthetic_endgame_0278,8/8/1k6/8/8/4p3/8/6K1 b - - 0 1,black,b6b7,23.0,0.05743671390287926,1.0,,9,teacher_candidate,endgame,
endgames_0279,endgames_0279,endgames,train,synthetic_endgame_0279,8/8/8/8/2Q5/K7/8/6k1 w - - 0 1,white,a3a2,572.0,0.8916665990375279,0.0,,30,teacher_candidate,endgame,
endgames_0279,endgames_0279,endgames,train,synthetic_endgame_0279,8/8/8/8/2Q5/K7/8/6k1 w - - 0 1,white,a3a4,523.0,0.8636414743963026,0.0,,30,teacher_candidate,endgame,
endgames_0279,endgames_0279,endgames,train,synthetic_endgame_0279,8/8/8/8/2Q5/K7/8/6k1 w - - 0 1,white,a3b2,538.0,0.8728679633298895,0.0,,30,teacher_candidate,endgame,
endgames_0279,endgames_0279,endgames,train,synthetic_endgame_0279,8/8/8/8/2Q5/K7/8/6k1 w - - 0 1,white,a3b3,510.0,0.8551470292769645,0.0,,30,teacher_candidate,endgame,
endgames_0279,endgames_0279,endgames,train,synthetic_endgame_0279,8/8/8/8/2Q5/K7/8/6k1 w - - 0 1,white,a3b4,617.0,0.9125395036620289,1.0,,30,teacher_candidate,endgame,
endgames_0280,endgames_0280,endgames,train,synthetic_endgame_0280,8/8/8/8/5k2/8/1P3K2/8 w - - 0 1,white,b2b3,33.0,0.08231333630045613,0.0,,7,teacher_candidate,endgame,
endgames_0280,endgames_0280,endgames,train,synthetic_endgame_0280,8/8/8/8/5k2/8/1P3K2/8 w - - 0 1,white,b2b4,31.0,0.07734521041301597,0.0,,7,teacher_candidate,endgame,
endgames_0280,endgames_0280,endgames,train,synthetic_endgame_0280,8/8/8/8/5k2/8/1P3K2/8 w - - 0 1,white,f2e1,-10.0,-0.02499479296842069,0.0,,7,teacher_candidate,endgame,
endgames_0280,endgames_0280,endgames,train,synthetic_endgame_0280,8/8/8/8/5k2/8/1P3K2/8 w - - 0 1,white,f2e2,38.0,0.09471523628617855,0.0,,7,teacher_candidate,endgame,
endgames_0280,endgames_0280,endgames,train,synthetic_endgame_0280,8/8/8/8/5k2/8/1P3K2/8 w - - 0 1,white,f2f1,54.0,0.13418580993090867,1.0,,7,teacher_candidate,endgame,
endgames_0281,endgames_0281,endgames,train,synthetic_endgame_0281,3K4/8/8/2q5/5k2/8/8/8 b - - 0 1,black,c5a3,595.0,0.9028636912994878,0.0,,33,teacher_candidate,endgame,
endgames_0281,endgames_0281,endgames,train,synthetic_endgame_0281,3K4/8/8/2q5/5k2/8/8/8 b - - 0 1,black,c5a5,643.0,0.922789736267539,0.0,,33,teacher_candidate,endgame,
endgames_0281,endgames_0281,endgames,train,synthetic_endgame_0281,3K4/8/8/2q5/5k2/8/8/8 b - - 0 1,black,c5a7,531.0,0.8686369897347581,0.0,,33,teacher_candidate,endgame,
endgames_0281,endgames_0281,endgames,train,synthetic_endgame_0281,3K4/8/8/2q5/5k2/8/8/8 b - - 0 1,black,c5b4,638.0,0.9209124408980941,0.0,,33,teacher_candidate,endgame,
endgames_0281,endgames_0281,endgames,train,synthetic_endgame_0281,3K4/8/8/2q5/5k2/8/8/8 b - - 0 1,black,c5b5,689.0,0.9381633592242486,1.0,,33,teacher_candidate,endgame,
endgames_0282,endgames_0282,endgames,train,synthetic_endgame_0282,8/8/8/k7/7Q/4K3/8/8 w - - 0 1,white,e3d2,504.0,0.8510641096679439,0.0,,29,teacher_candidate,endgame,
endgames_0282,endgames_0282,endgames,train,synthetic_endgame_0282,8/8/8/k7/7Q/4K3/8/8 w - - 0 1,white,e3d3,492.0,0.8425793256589296,0.0,,29,teacher_candidate,endgame,
endgames_0282,endgames_0282,endgames,train,synthetic_endgame_0282,8/8/8/k7/7Q/4K3/8/8 w - - 0 1,white,e3d4,548.0,0.8786921933686958,1.0,,29,teacher_candidate,endgame,
endgames_0282,endgames_0282,endgames,train,synthetic_endgame_0282,8/8/8/k7/7Q/4K3/8/8 w - - 0 1,white,e3e2,512.0,0.8564849154724974,0.0,,29,teacher_candidate,endgame,
endgames_0282,endgames_0282,endgames,train,synthetic_endgame_0282,8/8/8/k7/7Q/4K3/8/8 w - - 0 1,white,e3e4,492.0,0.8425793256589296,0.0,,29,teacher_candidate,endgame,
endgames_0283,endgames_0283,endgames,train,synthetic_endgame_0283,K7/8/4r3/8/8/6k1/8/8 b - - 0 1,black,e6a6,504.0,0.8510641096679439,1.0,,22,teacher_candidate,endgame,
endgames_0283,endgames_0283,endgames,train,synthetic_endgame_0283,K7/8/4r3/8/8/6k1/8/8 b - - 0 1,black,e6b6,492.0,0.8425793256589296,0.0,,22,teacher_candidate,endgame,
endgames_0283,endgames_0283,endgames,train,synthetic_endgame_0283,K7/8/4r3/8/8/6k1/8/8 b - - 0 1,black,e6c6,372.0,0.7305938960959438,0.0,,22,teacher_candidate,endgame,
endgames_0283,endgames_0283,endgames,train,synthetic_endgame_0283,K7/8/4r3/8/8/6k1/8/8 b - - 0 1,black,e6d6,425.0,0.7866188121086977,0.0,,22,teacher_candidate,endgame,
endgames_0283,endgames_0283,endgames,train,synthetic_endgame_0283,K7/8/4r3/8/8/6k1/8/8 b - - 0 1,black,e6e1,447.0,0.806697578116818,0.0,,22,teacher_candidate,endgame,
endgames_0284,endgames_0284,endgames,train,synthetic_endgame_0284,8/8/3K4/8/8/7P/8/1k6 w - - 0 1,white,d6c5,442.0,0.8022878536436613,0.0,,9,teacher_candidate,endgame,
endgames_0284,endgames_0284,endgames,train,synthetic_endgame_0284,8/8/3K4/8/8/7P/8/1k6 w - - 0 1,white,d6c6,400.0,0.7615941559557649,0.0,,9,teacher_candidate,endgame,
endgames_0284,endgames_0284,endgames,train,synthetic_endgame_0284,8/8/3K4/8/8/7P/8/1k6 w - - 0 1,white,d6c7,407.0,0.7688463106489329,0.0,,9,teacher_candidate,endgame,
endgames_0284,endgames_0284,endgames,train,synthetic_endgame_0284,8/8/3K4/8/8/7P/8/1k6 w - - 0 1,white,d6d5,454.0,0.8127235755245286,0.0,,9,teacher_candidate,endgame,
endgames_0284,endgames_0284,endgames,train,synthetic_endgame_0284,8/8/3K4/8/8/7P/8/1k6 w - - 0 1,white,d6d7,459.0,0.8169241874133502,1.0,,9,teacher_candidate,endgame,
endgames_0285,endgames_0285,endgames,train,synthetic_endgame_0285,8/2q5/8/8/8/8/3k1K2/8 b - - 0 1,black,c7a5,473.0,0.8282382915975468,0.0,,28,teacher_candidate,endgame,
endgames_0285,endgames_0285,endgames,train,synthetic_endgame_0285,8/2q5/8/8/8/8/3k1K2/8 b - - 0 1,black,c7a7,477.0,0.831352607157051,0.0,,28,teacher_candidate,endgame,
endgames_0285,endgames_0285,endgames,train,synthetic_endgame_0285,8/2q5/8/8/8/8/3k1K2/8 b - - 0 1,black,c7b6,463.0,0.820223473492082,0.0,,28,teacher_candidate,endgame,
endgames_0285,endgames_0285,endgames,train,synthetic_endgame_0285,8/2q5/8/8/8/8/3k1K2/8 b - - 0 1,black,c7b7,477.0,0.831352607157051,0.0,,28,teacher_candidate,endgame,
endgames_0285,endgames_0285,endgames,train,synthetic_endgame_0285,8/2q5/8/8/8/8/3k1K2/8 b - - 0 1,black,c7b8,494.0,0.8440235297412673,1.0,,28,teacher_candidate,endgame,
endgames_0286,endgames_0286,endgames,train,synthetic_endgame_0286,8/8/8/3Q4/7k/8/8/2K5 w - - 0 1,white,c1b1,481.0,0.8344155694676939,0.0,,32,teacher_candidate,endgame,
endgames_0286,endgames_0286,endgames,train,synthetic_endgame_0286,8/8/8/3Q4/7k/8/8/2K5 w - - 0 1,white,c1b2,463.0,0.820223473492082,0.0,,32,teacher_candidate,endgame,
endgames_0286,endgames_0286,endgames,train,synthetic_endgame_0286,8/8/8/3Q4/7k/8/8/2K5 w - - 0 1,white,c1c2,505.0,0.8517518696186737,0.0,,32,teacher_candidate,endgame,
endgames_0286,endgames_0286,endgames,train,synthetic_endgame_0286,8/8/8/3Q4/7k/8/8/2K5 w - - 0 1,white,c1d1,466.0,0.8226626734905335,0.0,,32,teacher_candidate,endgame,
endgames_0286,endgames_0286,endgames,train,synthetic_endgame_0286,8/8/8/3Q4/7k/8/8/2K5 w - - 0 1,white,c1d2,543.0,0.8758119575033825,1.0,,32,teacher_candidate,endgame,
endgames_0287,endgames_0287,endgames,train,synthetic_endgame_0287,4K3/8/R7/8/5k2/8/8/8 w - - 0 1,white,a6a1,460.0,0.8177540779702877,1.0,,19,teacher_candidate,endgame,
endgames_0287,endgames_0287,endgames,train,synthetic_endgame_0287,4K3/8/R7/8/5k2/8/8/8 w - - 0 1,white,a6a2,439.0,0.7995992196179786,0.0,,19,teacher_candidate,endgame,
endgames_0287,endgames_0287,endgames,train,synthetic_endgame_0287,4K3/8/R7/8/5k2/8/8/8 w - - 0 1,white,a6a3,409.0,0.7708828415345883,0.0,,19,teacher_candidate,endgame,
endgames_0287,endgames_0287,endgames,train,synthetic_endgame_0287,4K3/8/R7/8/5k2/8/8/8 w - - 0 1,white,a6a4,425.0,0.7866188121086977,0.0,,19,teacher_candidate,endgame,
endgames_0287,endgames_0287,endgames,train,synthetic_endgame_0287,4K3/8/R7/8/5k2/8/8/8 w - - 0 1,white,a6a5,414.0,0.7759059228860193,0.0,,19,teacher_candidate,endgame,
endgames_0288,endgames_0288,endgames,train,synthetic_endgame_0288,1K6/8/8/Q7/5k2/8/8/8 w - - 0 1,white,a5a1,467.0,0.8234690786261251,0.0,,26,teacher_candidate,endgame,
endgames_0288,endgames_0288,endgames,train,synthetic_endgame_0288,1K6/8/8/Q7/5k2/8/8/8 w - - 0 1,white,a5a2,421.0,0.7827764066595579,0.0,,26,teacher_candidate,endgame,
endgames_0288,endgames_0288,endgames,train,synthetic_endgame_0288,1K6/8/8/Q7/5k2/8/8/8 w - - 0 1,white,a5a3,515.0,0.8584703762877184,0.0,,26,teacher_candidate,endgame,
endgames_0288,endgames_0288,endgames,train,synthetic_endgame_0288,1K6/8/8/Q7/5k2/8/8/8 w - - 0 1,white,a5a4,517.0,0.8597798875571636,1.0,,26,teacher_candidate,endgame,
endgames_0288,endgames_0288,endgames,train,synthetic_endgame_0288,1K6/8/8/Q7/5k2/8/8/8 w - - 0 1,white,a5a6,517.0,0.8597798875571636,0.0,,26,teacher_candidate,endgame,
endgames_0289,endgames_0289,endgames,train,synthetic_endgame_0289,6r1/8/8/8/8/k4K2/8/8 b - - 0 1,black,a3a2,516.0,0.8591265382143658,1.0,,19,teacher_candidate,endgame,
endgames_0289,endgames_0289,endgames,train,synthetic_endgame_0289,6r1/8/8/8/8/k4K2/8/8 b - - 0 1,black,a3a4,481.0,0.8344155694676939,0.0,,19,teacher_candidate,endgame,
endgames_0289,endgames_0289,endgames,train,synthetic_endgame_0289,6r1/8/8/8/8/k4K2/8/8 b - - 0 1,black,a3b2,499.0,0.8475811144033204,0.0,,19,teacher_candidate,endgame,
endgames_0289,endgames_0289,endgames,train,synthetic_endgame_0289,6r1/8/8/8/8/k4K2/8/8 b - - 0 1,black,a3b3,515.0,0.8584703762877184,0.0,,19,teacher_candidate,endgame,
endgames_0289,endgames_0289,endgames,train,synthetic_endgame_0289,6r1/8/8/8/8/k4K2/8/8 b - - 0 1,black,a3b4,481.0,0.8344155694676939,0.0,,19,teacher_candidate,endgame,
endgames_0290,endgames_0290,endgames,train,synthetic_endgame_0290,8/8/6k1/8/5P2/8/8/6K1 w - - 0 1,white,f4f5,-25.0,-0.062418746747512514,0.0,,6,teacher_candidate,endgame,
endgames_0290,endgames_0290,endgames,train,synthetic_endgame_0290,8/8/6k1/8/5P2/8/8/6K1 w - - 0 1,white,g1f1,19.0,0.04746430825312217,0.0,,6,teacher_candidate,endgame,
endgames_0290,endgames_0290,endgames,train,synthetic_endgame_0290,8/8/6k1/8/5P2/8/8/6K1 w - - 0 1,white,g1f2,11.0,0.02749306980470986,0.0,,6,teacher_candidate,endgame,
endgames_0290,endgames_0290,endgames,train,synthetic_endgame_0290,8/8/6k1/8/5P2/8/8/6K1 w - - 0 1,white,g1g2,25.0,0.062418746747512514,1.0,,6,teacher_candidate,endgame,
endgames_0290,endgames_0290,endgames,train,synthetic_endgame_0290,8/8/6k1/8/5P2/8/8/6K1 w - - 0 1,white,g1h1,-11.0,-0.02749306980470986,0.0,,6,teacher_candidate,endgame,
endgames_0291,endgames_0291,endgames,train,synthetic_endgame_0291,8/6K1/8/8/8/1k6/8/2R5 w - - 0 1,white,c1a1,415.0,0.7768989196342072,1.0,,22,teacher_candidate,endgame,
endgames_0291,endgames_0291,endgames,train,synthetic_endgame_0291,8/6K1/8/8/8/1k6/8/2R5 w - - 0 1,white,c1b1,361.0,0.7175129851098503,0.0,,22,teacher_candidate,endgame,
endgames_0291,endgames_0291,endgames,train,synthetic_endgame_0291,8/6K1/8/8/8/1k6/8/2R5 w - - 0 1,white,c1c2,-102.0,-0.2496129489368586,0.0,,22,teacher_candidate,endgame,
endgames_0291,endgames_0291,endgames,train,synthetic_endgame_0291,8/6K1/8/8/8/1k6/8/2R5 w - - 0 1,white,c1c3,90.0,0.221278467898444,0.0,,22,teacher_candidate,endgame,
endgames_0291,endgames_0291,endgames,train,synthetic_endgame_0291,8/6K1/8/8/8/1k6/8/2R5 w - - 0 1,white,c1c4,-90.0,-0.221278467898444,0.0,,22,teacher_candidate,endgame,
endgames_0292,endgames_0292,endgames,train,synthetic_endgame_0292,8/8/1Q6/5k2/3K4/8/8/8 w - - 0 1,white,b6a5,483.0,0.8359280001726355,0.0,,25,teacher_candidate,endgame,
endgames_0292,endgames_0292,endgames,train,synthetic_endgame_0292,8/8/1Q6/5k2/3K4/8/8/8 w - - 0 1,white,b6a6,474.0,0.829021721130387,0.0,,25,teacher_candidate,endgame,
endgames_0292,endgames_0292,endgames,train,synthetic_endgame_0292,8/8/1Q6/5k2/3K4/8/8/8 w - - 0 1,white,b6a7,488.0,0.8396541756543754,0.0,,25,teacher_candidate,endgame,
endgames_0292,endgames_0292,endgames,train,synthetic_endgame_0292,8/8/1Q6/5k2/3K4/8/8/8 w - - 0 1,white,b6b1,522.0,0.8630047925513478,1.0,,25,teacher_candidate,endgame,
endgames_0292,endgames_0292,endgames,train,synthetic_endgame_0292,8/8/1Q6/5k2/3K4/8/8/8 w - - 0 1,white,b6b2,487.0,0.8389151737656423,0.0,,25,teacher_candidate,endgame,
endgames_0293,endgames_0293,endgames,train,synthetic_endgame_0293,2k5/8/8/8/5K2/8/8/4r3 b - - 0 1,black,c8b7,445.0,0.8049443259184149,0.0,,19,teacher_candidate,endgame,
endgames_0293,endgames_0293,endgames,train,synthetic_endgame_0293,2k5/8/8/8/5K2/8/8/4r3 b - - 0 1,black,c8b8,447.0,0.806697578116818,1.0,,19,teacher_candidate,endgame,
endgames_0293,endgames_0293,endgames,train,synthetic_endgame_0293,2k5/8/8/8/5K2/8/8/4r3 b - - 0 1,black,c8c7,445.0,0.8049443259184149,0.0,,19,teacher_candidate,endgame,
endgames_0293,endgames_0293,endgames,train,synthetic_endgame_0293,2k5/8/8/8/5K2/8/8/4r3 b - - 0 1,black,c8d7,444.0,0.8040623914048921,0.0,,19,teacher_candidate,endgame,
endgames_0293,endgames_0293,endgames,train,synthetic_endgame_0293,2k5/8/8/8/5K2/8/8/4r3 b - - 0 1,black,c8d8,442.0,0.8022878536436613,0.0,,19,teacher_candidate,endgame,
endgames_0294,endgames_0294,endgames,train,synthetic_endgame_0294,8/8/8/K3P3/8/8/2k5/8 w - - 0 1,white,a5a4,462.0,0.8194037105941603,0.0,,6,teacher_candidate,endgame,
endgames_0294,endgames_0294,endgames,train,synthetic_endgame_0294,8/8/8/K3P3/8/8/2k5/8 w - - 0 1,white,a5a6,384.0,0.7442768673618373,0.0,,6,teacher_candidate,endgame,
endgames_0294,endgames_0294,endgames,train,synthetic_endgame_0294,8/8/8/K3P3/8/8/2k5/8 w - - 0 1,white,a5b4,429.0,0.7904012411743512,0.0,,6,teacher_candidate,endgame,
endgames_0294,endgames_0294,endgames,train,synthetic_endgame_0294,8/8/8/K3P3/8/8/2k5/8 w - - 0 1,white,a5b5,464.0,0.8210398813328771,1.0,,6,teacher_candidate,endgame,
endgames_0294,endgames_0294,endgames,train,synthetic_endgame_0294,8/8/8/K3P3/8/8/2k5/8 w - - 0 1,white,a5b6,447.0,0.806697578116818,0.0,,6,teacher_candidate,endgame,
endgames_0295,endgames_0295,endgames,train,synthetic_endgame_0295,8/k7/3K4/1R6/8/8/8/8 w - - 0 1,white,b5a5,499.0,0.8475811144033204,0.0,,22,teacher_candidate,endgame,
endgames_0295,endgames_0295,endgames,train,synthetic_endgame_0295,8/k7/3K4/1R6/8/8/8/8 w - - 0 1,white,b5b1,514.0,0.8578113918314256,0.0,,22,teacher_candidate,endgame,
endgames_0295,endgames_0295,endgames,train,synthetic_endgame_0295,8/k7/3K4/1R6/8/8/8/8 w - - 0 1,white,b5b2,493.0,0.8433029500738807,0.0,,22,teacher_candidate,endgame,
endgames_0295,endgames_0295,endgames,train,synthetic_endgame_0295,8/k7/3K4/1R6/8/8/8/8 w - - 0 1,white,b5b3,540.0,0.874053287886007,1.0,,22,teacher_candidate,endgame,
endgames_0295,endgames_0295,endgames,train,synthetic_endgame_0295,8/k7/3K4/1R6/8/8/8/8 w - - 0 1,white,b5b4,508.0,0.8537976531552436,0.0,,22,teacher_candidate,endgame,
endgames_0296,endgames_0296,endgames,train,synthetic_endgame_0296,4Q3/6K1/8/8/8/8/8/6k1 w - - 0 1,white,e8a4,537.0,0.8722714089933077,0.0,,29,teacher_candidate,endgame,
endgames_0296,endgames_0296,endgames,train,synthetic_endgame_0296,4Q3/6K1/8/8/8/8/8/6k1 w - - 0 1,white,e8a8,566.0,0.8885512041426692,0.0,,29,teacher_candidate,endgame,
endgames_0296,endgames_0296,endgames,train,synthetic_endgame_0296,4Q3/6K1/8/8/8/8/8/6k1 w - - 0 1,white,e8b5,556.0,0.8831708889152075,0.0,,29,teacher_candidate,endgame,
endgames_0296,endgames_0296,endgames,train,synthetic_endgame_0296,4Q3/6K1/8/8/8/8/8/6k1 w - - 0 1,white,e8b8,571.0,0.8911531288062178,1.0,,29,teacher_candidate,endgame,
endgames_0296,endgames_0296,endgames,train,synthetic_endgame_0296,4Q3/6K1/8/8/8/8/8/6k1 w - - 0 1,white,e8c6,468.0,0.8242721703413975,0.0,,29,teacher_candidate,endgame,
endgames_0297,endgames_0297,endgames,train,synthetic_endgame_0297,8/8/5rk1/8/8/3K4/8/8 b - - 0 1,black,f6a6,484.0,0.8366794890768107,1.0,,19,teacher_candidate,endgame,
endgames_0297,endgames_0297,endgames,train,synthetic_endgame_0297,8/8/5rk1/8/8/3K4/8/8 b - - 0 1,black,f6b6,456.0,0.814414093765686,0.0,,19,teacher_candidate,endgame,
endgames_0297,endgames_0297,endgames,train,synthetic_endgame_0297,8/8/5rk1/8/8/3K4/8/8 b - - 0 1,black,f6c6,475.0,0.8298019099859595,0.0,,19,teacher_candidate,endgame,
endgames_0297,endgames_0297,endgames,train,synthetic_endgame_0297,8/8/5rk1/8/8/3K4/8/8 b - - 0 1,black,f6d6,467.0,0.8234690786261251,0.0,,19,teacher_candidate,endgame,
endgames_0297,endgames_0297,endgames,train,synthetic_endgame_0297,8/8/5rk1/8/8/3K4/8/8 b - - 0 1,black,f6e6,474.0,0.829021721130387,0.0,,19,teacher_candidate,endgame,
endgames_0298,endgames_0298,endgames,train,synthetic_endgame_0298,8/8/8/5P1K/8/8/1k6/8 w - - 0 1,white,f5f6,513.0,0.8571495748848095,1.0,,6,teacher_candidate,endgame,
endgames_0298,endgames_0298,endgames,train,synthetic_endgame_0298,8/8/8/5P1K/8/8/1k6/8 w - - 0 1,white,h5g4,509.0,0.8544737824712498,0.0,,6,teacher_candidate,endgame,
endgames_0298,endgames_0298,endgames,train,synthetic_endgame_0298,8/8/8/5P1K/8/8/1k6/8 w - - 0 1,white,h5g5,456.0,0.814414093765686,0.0,,6,teacher_candidate,endgame,
endgames_0298,endgames_0298,endgames,train,synthetic_endgame_0298,8/8/8/5P1K/8/8/1k6/8 w - - 0 1,white,h5g6,490.0,0.8411229016320433,0.0,,6,teacher_candidate,endgame,
endgames_0298,endgames_0298,endgames,train,synthetic_endgame_0298,8/8/8/5P1K/8/8/1k6/8 w - - 0 1,white,h5h4,490.0,0.8411229016320433,0.0,,6,teacher_candidate,endgame,
endgames_0299,endgames_0299,endgames,train,synthetic_endgame_0299,8/1k6/8/8/1K6/r7/8/8 b - - 0 1,black,a3a1,412.0,0.7739083398558421,0.0,,22,teacher_candidate,endgame,
endgames_0299,endgames_0299,endgames,train,synthetic_endgame_0299,8/1k6/8/8/1K6/r7/8/8 b - - 0 1,black,a3a2,453.0,0.8118731484163844,1.0,,22,teacher_candidate,endgame,
endgames_0299,endgames_0299,endgames,train,synthetic_endgame_0299,8/1k6/8/8/1K6/r7/8/8 b - - 0 1,black,a3a4,-49.0,-0.12189090064943241,0.0,,22,teacher_candidate,endgame,
endgames_0299,endgames_0299,endgames,train,synthetic_endgame_0299,8/1k6/8/8/1K6/r7/8/8 b - - 0 1,black,a3a5,-79.0,-0.19497153165403217,0.0,,22,teacher_candidate,endgame,
endgames_0299,endgames_0299,endgames,train,synthetic_endgame_0299,8/1k6/8/8/1K6/r7/8/8 b - - 0 1,black,a3a6,431.0,0.7922701689754607,0.0,,22,teacher_candidate,endgame,
endgames_0300,endgames_0300,endgames,train,synthetic_endgame_0300,8/8/8/8/5K2/8/8/4qk2 b - - 0 1,black,e1a1,523.0,0.8636414743963026,0.0,,22,teacher_candidate,endgame,
endgames_0300,endgames_0300,endgames,train,synthetic_endgame_0300,8/8/8/8/5K2/8/8/4qk2 b - - 0 1,black,e1a5,484.0,0.8366794890768107,0.0,,22,teacher_candidate,endgame,
endgames_0300,endgames_0300,endgames,train,synthetic_endgame_0300,8/8/8/8/5K2/8/8/4qk2 b - - 0 1,black,e1b1,518.0,0.8604304342468398,0.0,,22,teacher_candidate,endgame,
endgames_0300,endgames_0300,endgames,train,synthetic_endgame_0300,8/8/8/8/5K2/8/8/4qk2 b - - 0 1,black,e1b4,497.0,0.8461671024651277,0.0,,22,teacher_candidate,endgame,
endgames_0300,endgames_0300,endgames,train,synthetic_endgame_0300,8/8/8/8/5K2/8/8/4qk2 b - - 0 1,black,e1c1,584.0,0.8976525981658167,1.0,,22,teacher_candidate,endgame,
endgames_0301,endgames_0301,endgames,train,synthetic_endgame_0301,8/8/8/8/8/8/8/RK4k1 w - - 0 1,white,a1a2,484.0,0.8366794890768107,0.0,,11,teacher_candidate,endgame,
endgames_0301,endgames_0301,endgames,train,synthetic_endgame_0301,8/8/8/8/8/8/8/RK4k1 w - - 0 1,white,a1a3,454.0,0.8127235755245286,0.0,,11,teacher_candidate,endgame,
endgames_0301,endgames_0301,endgames,train,synthetic_endgame_0301,8/8/8/8/8/8/8/RK4k1 w - - 0 1,white,a1a4,487.0,0.8389151737656423,0.0,,11,teacher_candidate,endgame,
endgames_0301,endgames_0301,endgames,train,synthetic_endgame_0301,8/8/8/8/8/8/8/RK4k1 w - - 0 1,white,a1a5,560.0,0.8853516482022625,1.0,,11,teacher_candidate,endgame,
endgames_0301,endgames_0301,endgames,train,synthetic_endgame_0301,8/8/8/8/8/8/8/RK4k1 w - - 0 1,white,a1a6,477.0,0.831352607157051,0.0,,11,teacher_candidate,endgame,
endgames_0302,endgames_0302,endgames,train,synthetic_endgame_0302,2K5/8/8/8/7p/8/8/3k4 b - - 0 1,black,d1c1,476.0,0.8305788685385285,0.0,,6,teacher_candidate,endgame,
endgames_0302,endgames_0302,endgames,train,synthetic_endgame_0302,2K5/8/8/8/7p/8/8/3k4 b - - 0 1,black,d1c2,480.0,0.8336546070121552,0.0,,6,teacher_candidate,endgame,
endgames_0302,endgames_0302,endgames,train,synthetic_endgame_0302,2K5/8/8/8/7p/8/8/3k4 b - - 0 1,black,d1d2,502.0,0.8496797810357468,0.0,,6,teacher_candidate,endgame,
endgames_0302,endgames_0302,endgames,train,synthetic_endgame_0302,2K5/8/8/8/7p/8/8/3k4 b - - 0 1,black,d1e1,475.0,0.8298019099859595,0.0,,6,teacher_candidate,endgame,
endgames_0302,endgames_0302,endgames,train,synthetic_endgame_0302,2K5/8/8/8/7p/8/8/3k4 b - - 0 1,black,d1e2,510.0,0.8551470292769645,1.0,,6,teacher_candidate,endgame,
endgames_0303,endgames_0303,endgames,train,synthetic_endgame_0303,3K4/8/8/8/6k1/Q7/8/8 w - - 0 1,white,a3a1,452.0,0.8110192620996813,0.0,,26,teacher_candidate,endgame,
endgames_0303,endgames_0303,endgames,train,synthetic_endgame_0303,3K4/8/8/8/6k1/Q7/8/8 w - - 0 1,white,a3a2,469.0,0.825071959039259,1.0,,26,teacher_candidate,endgame,
endgames_0303,endgames_0303,endgames,train,synthetic_endgame_0303,3K4/8/8/8/6k1/Q7/8/8 w - - 0 1,white,a3a4,447.0,0.806697578116818,0.0,,26,teacher_candidate,endgame,
endgames_0303,endgames_0303,endgames,train,synthetic_endgame_0303,3K4/8/8/8/6k1/Q7/8/8 w - - 0 1,white,a3a5,445.0,0.8049443259184149,0.0,,26,teacher_candidate,endgame,
endgames_0303,endgames_0303,endgames,train,synthetic_endgame_0303,3K4/8/8/8/6k1/Q7/8/8 w - - 0 1,white,a3a6,432.0,0.7931990970835009,0.0,,26,teacher_candidate,endgame,
endgames_0304,endgames_0304,endgames,train,synthetic_endgame_0304,2k5/8/1r6/4K3/8/8/8/8 b - - 0 1,black,b6a6,451.0,0.8101619061641351,1.0,,19,teacher_candidate,endgame,
endgames_0304,endgames_0304,endgames,train,synthetic_endgame_0304,2k5/8/1r6/4K3/8/8/8/8 b - - 0 1,black,b6b1,438.0,0.7986958128717863,0.0,,19,teacher_candidate,endgame,
endgames_0304,endgames_0304,endgames,train,synthetic_endgame_0304,2k5/8/1r6/4K3/8/8/8/8 b - - 0 1,black,b6b2,423.0,0.7847051472096467,0.0,,19,teacher_candidate,endgame,
endgames_0304,endgames_0304,endgames,train,synthetic_endgame_0304,2k5/8/1r6/4K3/8/8/8/8 b - - 0 1,black,b6b3,440.0,0.8004990217606297,0.0,,19,teacher_candidate,endgame,
endgames_0304,endgames_0304,endgames,train,synthetic_endgame_0304,2k5/8/1r6/4K3/8/8/8/8 b - - 0 1,black,b6b4,435.0,0.7959638616217392,0.0,,19,teacher_candidate,endgame,
endgames_0305,endgames_0305,endgames,train,synthetic_endgame_0305,8/8/4P3/8/2K5/8/8/4k3 w - - 0 1,white,c4b3,501.0,0.8489831921189297,0.0,,9,teacher_candidate,endgame,
endgames_0305,endgames_0305,endgames,train,synthetic_endgame_0305,8/8/4P3/8/2K5/8/8/4k3 w - - 0 1,white,c4b4,528.0,0.8667839288498187,0.0,,9,teacher_candidate,endgame,
endgames_0305,endgames_0305,endgames,train,synthetic_endgame_0305,8/8/4P3/8/2K5/8/8/4k3 w - - 0 1,white,c4b5,493.0,0.8433029500738807,0.0,,9,teacher_candidate,endgame,
endgames_0305,endgames_0305,endgames,train,synthetic_endgame_0305,8/8/4P3/8/2K5/8/8/4k3 w - - 0 1,white,c4c3,537.0,0.8722714089933077,1.0,,9,teacher_candidate,endgame,
endgames_0305,endgames_0305,endgames,train,synthetic_endgame_0305,8/8/4P3/8/2K5/8/8/4k3 w - - 0 1,white,c4c5,536.0,0.8716722471896521,0.0,,9,teacher_candidate,endgame,
endgames_0306,endgames_0306,endgames,train,synthetic_endgame_0306,8/8/1q6/8/8/8/7K/3k4 b - - 0 1,black,b6a5,499.0,0.8475811144033204,0.0,,28,teacher_candidate,endgame,
endgames_0306,endgames_0306,endgames,train,synthetic_endgame_0306,8/8/1q6/8/8/8/7K/3k4 b - - 0 1,black,b6a6,513.0,0.8571495748848095,1.0,,28,teacher_candidate,endgame,
endgames_0306,endgames_0306,endgames,train,synthetic_endgame_0306,8/8/1q6/8/8/8/7K/3k4 b - - 0 1,black,b6a7,494.0,0.8440235297412673,0.0,,28,teacher_candidate,endgame,
endgames_0306,endgames_0306,endgames,train,synthetic_endgame_0306,8/8/1q6/8/8/8/7K/3k4 b - - 0 1,black,b6b1,484.0,0.8366794890768107,0.0,,28,teacher_candidate,endgame,
endgames_0306,endgames_0306,endgames,train,synthetic_endgame_0306,8/8/1q6/8/8/8/7K/3k4 b - - 0 1,black,b6b2,416.0,0.7778880665771849,0.0,,28,teacher_candidate,endgame,
endgames_0307,endgames_0307,endgames,train,synthetic_endgame_0307,8/4R3/8/7k/5K2/8/8/8 w - - 0 1,white,e7a7,418.0,0.779854851274994,0.0,,20,teacher_candidate,endgame,
endgames_0307,endgames_0307,endgames,train,synthetic_endgame_0307,8/4R3/8/7k/5K2/8/8/8 w - - 0 1,white,e7b7,420.0,0.7818063576087741,0.0,,20,teacher_candidate,endgame,
endgames_0307,endgames_0307,endgames,train,synthetic_endgame_0307,8/4R3/8/7k/5K2/8/8/8 w - - 0 1,white,e7c7,422.0,0.7837426664759929,0.0,,20,teacher_candidate,endgame,
endgames_0307,endgames_0307,endgames,train,synthetic_endgame_0307,8/4R3/8/7k/5K2/8/8/8 w - - 0 1,white,e7d7,454.0,0.8127235755245286,0.0,,20,teacher_candidate,endgame,
endgames_0307,endgames_0307,endgames,train,synthetic_endgame_0307,8/4R3/8/7k/5K2/8/8/8 w - - 0 1,white,e7e1,471.0,0.8266616689782654,1.0,,20,teacher_candidate,endgame,
endgames_0308,endgames_0308,endgames,train,synthetic_endgame_0308,8/1p6/8/5k2/8/2K5/8/8 b - - 0 1,black,b7b5,-8.0,-0.019997333759930933,0.0,,10,teacher_candidate,endgame,
endgames_0308,endgames_0308,endgames,train,synthetic_endgame_0308,8/1p6/8/5k2/8/2K5/8/8 b - - 0 1,black,b7b6,-20.0,-0.04995837495787998,0.0,,10,teacher_candidate,endgame,
endgames_0308,endgames_0308,endgames,train,synthetic_endgame_0308,8/1p6/8/5k2/8/2K5/8/8 b - - 0 1,black,f5e4,-1.0,-0.0024999947916796877,1.0,,10,teacher_candidate,endgame,
endgames_0308,endgames_0308,endgames,train,synthetic_endgame_0308,8/1p6/8/5k2/8/2K5/8/8 b - - 0 1,black,f5e5,-13.0,-0.03248856212414491,0.0,,10,teacher_candidate,endgame,
endgames_0308,endgames_0308,endgames,train,synthetic_endgame_0308,8/1p6/8/5k2/8/2K5/8/8 b - - 0 1,black,f5e6,-5.0,-0.012499348999020865,0.0,,10,teacher_candidate,endgame,
endgames_0309,endgames_0309,endgames,train,synthetic_endgame_0309,8/8/3K4/8/5k2/Q7/8/8 w - - 0 1,white,a3a1,514.0,0.8578113918314256,0.0,,25,teacher_candidate,endgame,
endgames_0309,endgames_0309,endgames,train,synthetic_endgame_0309,8/8/3K4/8/5k2/Q7/8/8 w - - 0 1,white,a3a2,584.0,0.8976525981658167,0.0,,25,teacher_candidate,endgame,
endgames_0309,endgames_0309,endgames,train,synthetic_endgame_0309,8/8/3K4/8/5k2/Q7/8/8 w - - 0 1,white,a3a4,470.0,0.8258684551194575,0.0,,25,teacher_candidate,endgame,
endgames_0309,endgames_0309,endgames,train,synthetic_endgame_0309,8/8/3K4/8/5k2/Q7/8/8 w - - 0 1,white,a3a5,624.0,0.9154204563159324,1.0,,25,teacher_candidate,endgame,
endgames_0309,endgames_0309,endgames,train,synthetic_endgame_0309,8/8/3K4/8/5k2/Q7/8/8 w - - 0 1,white,a3a6,534.0,0.8704660627864289,0.0,,25,teacher_candidate,endgame,
endgames_0310,endgames_0310,endgames,train,synthetic_endgame_0310,8/3k4/3r4/8/1K6/8/8/8 b - - 0 1,black,d6a6,458.0,0.8160909001379913,0.0,,19,teacher_candidate,endgame,
endgames_0310,endgames_0310,endgames,train,synthetic_endgame_0310,8/3k4/3r4/8/1K6/8/8/8 b - - 0 1,black,d6b6,484.0,0.8366794890768107,1.0,,19,teacher_candidate,endgame,
endgames_0310,endgames_0310,endgames,train,synthetic_endgame_0310,8/3k4/3r4/8/1K6/8/8/8 b - - 0 1,black,d6c6,466.0,0.8226626734905335,0.0,,19,teacher_candidate,endgame,
endgames_0310,endgames_0310,endgames,train,synthetic_endgame_0310,8/3k4/3r4/8/1K6/8/8/8 b - - 0 1,black,d6d1,474.0,0.829021721130387,0.0,,19,teacher_candidate,endgame,
endgames_0310,endgames_0310,endgames,train,synthetic_endgame_0310,8/3k4/3r4/8/1K6/8/8/8 b - - 0 1,black,d6d2,451.0,0.8101619061641351,0.0,,19,teacher_candidate,endgame,
endgames_0311,endgames_0311,endgames,train,synthetic_endgame_0311,6k1/8/8/P7/8/8/8/7K w - - 0 1,white,a5a6,515.0,0.8584703762877184,0.0,,4,teacher_candidate,endgame,
endgames_0311,endgames_0311,endgames,train,synthetic_endgame_0311,6k1/8/8/P7/8/8/8/7K w - - 0 1,white,h1g1,502.0,0.8496797810357468,0.0,,4,teacher_candidate,endgame,
endgames_0311,endgames_0311,endgames,train,synthetic_endgame_0311,6k1/8/8/P7/8/8/8/7K w - - 0 1,white,h1g2,518.0,0.8604304342468398,1.0,,4,teacher_candidate,endgame,
endgames_0311,endgames_0311,endgames,train,synthetic_endgame_0311,6k1/8/8/P7/8/8/8/7K w - - 0 1,white,h1h2,505.0,0.8517518696186737,0.0,,4,teacher_candidate,endgame,
endgames_0312,endgames_0312,endgames,train,synthetic_endgame_0312,8/8/8/3k4/8/2K2R2/8/8 w - - 0 1,white,c3b2,434.0,0.7950459331118053,0.0,,17,teacher_candidate,endgame,
endgames_0312,endgames_0312,endgames,train,synthetic_endgame_0312,8/8/8/3k4/8/2K2R2/8/8 w - - 0 1,white,c3b3,462.0,0.8194037105941603,0.0,,17,teacher_candidate,endgame,
endgames_0312,endgames_0312,endgames,train,synthetic_endgame_0312,8/8/8/3k4/8/2K2R2/8/8 w - - 0 1,white,c3b4,456.0,0.814414093765686,0.0,,17,teacher_candidate,endgame,
endgames_0312,endgames_0312,endgames,train,synthetic_endgame_0312,8/8/8/3k4/8/2K2R2/8/8 w - - 0 1,white,c3c2,458.0,0.8160909001379913,0.0,,17,teacher_candidate,endgame,
endgames_0312,endgames_0312,endgames,train,synthetic_endgame_0312,8/8/8/3k4/8/2K2R2/8/8 w - - 0 1,white,c3d2,486.0,0.8381730655690693,1.0,,17,teacher_candidate,endgame,
endgames_0313,endgames_0313,endgames,train,synthetic_endgame_0313,5k2/4p3/8/8/2K5/8/8/8 b - - 0 1,black,e7e5,-13.0,-0.03248856212414491,0.0,,6,teacher_candidate,endgame,
endgames_0313,endgames_0313,endgames,train,synthetic_endgame_0313,5k2/4p3/8/8/2K5/8/8/8 b - - 0 1,black,e7e6,-6.0,-0.01499887510124078,0.0,,6,teacher_candidate,endgame,
endgames_0313,endgames_0313,endgames,train,synthetic_endgame_0313,5k2/4p3/8/8/2K5/8/8/8 b - - 0 1,black,f8e8,0.0,0.0,0.0,,6,teacher_candidate,endgame,
endgames_0313,endgames_0313,endgames,train,synthetic_endgame_0313,5k2/4p3/8/8/2K5/8/8/8 b - - 0 1,black,f8f7,114.0,0.2775263502976838,0.0,,6,teacher_candidate,endgame,
endgames_0313,endgames_0313,endgames,train,synthetic_endgame_0313,5k2/4p3/8/8/2K5/8/8/8 b - - 0 1,black,f8g7,173.0,0.4074084759995413,1.0,,6,teacher_candidate,endgame,
endgames_0314,endgames_0314,endgames,train,synthetic_endgame_0314,3Q4/7k/8/8/8/8/8/4K3 w - - 0 1,white,d8a5,435.0,0.7959638616217392,0.0,,26,teacher_candidate,endgame,
endgames_0314,endgames_0314,endgames,train,synthetic_endgame_0314,3Q4/7k/8/8/8/8/8/4K3 w - - 0 1,white,d8a8,489.0,0.8403900815184251,1.0,,26,teacher_candidate,endgame,
endgames_0314,endgames_0314,endgames,train,synthetic_endgame_0314,3Q4/7k/8/8/8/8/8/4K3 w - - 0 1,white,d8b6,432.0,0.7931990970835009,0.0,,26,teacher_candidate,endgame,
endgames_0314,endgames_0314,endgames,train,synthetic_endgame_0314,3Q4/7k/8/8/8/8/8/4K3 w - - 0 1,white,d8b8,485.0,0.8374278407728539,0.0,,26,teacher_candidate,endgame,
endgames_0314,endgames_0314,endgames,train,synthetic_endgame_0314,3Q4/7k/8/8/8/8/8/4K3 w - - 0 1,white,d8c7,432.0,0.7931990970835009,0.0,,26,teacher_candidate,endgame,
endgames_0315,endgames_0315,endgames,train,synthetic_endgame_0315,8/8/1K6/8/8/8/4r3/4k3 b - - 0 1,black,e1d1,500.0,0.8482836399575129,1.0,,17,teacher_candidate,endgame,
endgames_0315,endgames_0315,endgames,train,synthetic_endgame_0315,8/8/1K6/8/8/8/4r3/4k3 b - - 0 1,black,e1d2,484.0,0.8366794890768107,0.0,,17,teacher_candidate,endgame,
endgames_0315,endgames_0315,endgames,train,synthetic_endgame_0315,8/8/1K6/8/8/8/4r3/4k3 b - - 0 1,black,e1f1,441.0,0.8013952296500844,0.0,,17,teacher_candidate,endgame,
endgames_0315,endgames_0315,endgames,train,synthetic_endgame_0315,8/8/1K6/8/8/8/4r3/4k3 b - - 0 1,black,e1f2,449.0,0.8084367438073445,0.0,,17,teacher_candidate,endgame,
endgames_0315,endgames_0315,endgames,train,synthetic_endgame_0315,8/8/1K6/8/8/8/4r3/4k3 b - - 0 1,black,e2a2,459.0,0.8169241874133502,0.0,,17,teacher_candidate,endgame,
endgames_0316,endgames_0316,endgames,train,synthetic_endgame_0316,8/K7/8/3k4/8/8/1P6/8 w - - 0 1,white,a7a6,5.0,0.012499348999020865,0.0,,7,teacher_candidate,endgame,
endgames_0316,endgames_0316,endgames,train,synthetic_endgame_0316,8/K7/8/3k4/8/8/1P6/8 w - - 0 1,white,a7a8,-9.0,-0.02249620389370967,0.0,,7,teacher_candidate,endgame,
endgames_0316,endgames_0316,endgames,train,synthetic_endgame_0316,8/K7/8/3k4/8/8/1P6/8 w - - 0 1,white,a7b6,19.0,0.04746430825312217,1.0,,7,teacher_candidate,endgame,
endgames_0316,endgames_0316,endgames,train,synthetic_endgame_0316,8/K7/8/3k4/8/8/1P6/8 w - - 0 1,white,a7b7,9.0,0.02249620389370967,0.0,,7,teacher_candidate,endgame,
endgames_0316,endgames_0316,endgames,train,synthetic_endgame_0316,8/K7/8/3k4/8/8/1P6/8 w - - 0 1,white,a7b8,-3.0,-0.00749985937816399,0.0,,7,teacher_candidate,endgame,
endgames_0317,endgames_0317,endgames,train,synthetic_endgame_0317,8/1R2K3/8/8/8/8/5k2/8 w - - 0 1,white,b7a7,440.0,0.8004990217606297,0.0,,18,teacher_candidate,endgame,
endgames_0317,endgames_0317,endgames,train,synthetic_endgame_0317,8/1R2K3/8/8/8/8/5k2/8 w - - 0 1,white,b7b1,445.0,0.8049443259184149,1.0,,18,teacher_candidate,endgame,
endgames_0317,endgames_0317,endgames,train,synthetic_endgame_0317,8/1R2K3/8/8/8/8/5k2/8 w - - 0 1,white,b7b2,398.0,0.7594862750644984,0.0,,18,teacher_candidate,endgame,
endgames_0317,endgames_0317,endgames,train,synthetic_endgame_0317,8/1R2K3/8/8/8/8/5k2/8 w - - 0 1,white,b7b3,417.0,0.7788733737673915,0.0,,18,teacher_candidate,endgame,
endgames_0317,endgames_0317,endgames,train,synthetic_endgame_0317,8/1R2K3/8/8/8/8/5k2/8 w - - 0 1,white,b7b4,426.0,0.7875700166496489,0.0,,18,teacher_candidate,endgame,
endgames_0318,endgames_0318,endgames,train,synthetic_endgame_0318,6k1/8/r7/8/5K2/8/8/8 b - - 0 1,black,a6a1,448.0,0.8075689165786144,0.0,,19,teacher_candidate,endgame,
endgames_0318,endgames_0318,endgames,train,synthetic_endgame_0318,6k1/8/r7/8/5K2/8/8/8 b - - 0 1,black,a6a2,464.0,0.8210398813328771,1.0,,19,teacher_candidate,endgame,
endgames_0318,endgames_0318,endgames,train,synthetic_endgame_0318,6k1/8/r7/8/5K2/8/8/8 b - - 0 1,black,a6a3,453.0,0.8118731484163844,0.0,,19,teacher_candidate,endgame,
endgames_0318,endgames_0318,endgames,train,synthetic_endgame_0318,6k1/8/r7/8/5K2/8/8/8 b - - 0 1,black,a6a4,448.0,0.8075689165786144,0.0,,19,teacher_candidate,endgame,
endgames_0318,endgames_0318,endgames,train,synthetic_endgame_0318,6k1/8/r7/8/5K2/8/8/8 b - - 0 1,black,a6a5,444.0,0.8040623914048921,0.0,,19,teacher_candidate,endgame,
endgames_0319,endgames_0319,endgames,train,synthetic_endgame_0319,8/1K6/8/8/8/8/6P1/6k1 w - - 0 1,white,b7a6,12.0,0.029991003238820143,0.0,,10,teacher_candidate,endgame,
endgames_0319,endgames_0319,endgames,train,synthetic_endgame_0319,8/1K6/8/8/8/8/6P1/6k1 w - - 0 1,white,b7a7,-9.0,-0.02249620389370967,0.0,,10,teacher_candidate,endgame,
endgames_0319,endgames_0319,endgames,train,synthetic_endgame_0319,8/1K6/8/8/8/8/6P1/6k1 w - - 0 1,white,b7a8,-3.0,-0.00749985937816399,0.0,,10,teacher_candidate,endgame,
endgames_0319,endgames_0319,endgames,train,synthetic_endgame_0319,8/1K6/8/8/8/8/6P1/6k1 w - - 0 1,white,b7b6,29.0,0.07237324046358946,1.0,,10,teacher_candidate,endgame,
endgames_0319,endgames_0319,endgames,train,synthetic_endgame_0319,8/1K6/8/8/8/8/6P1/6k1 w - - 0 1,white,b7b8,-11.0,-0.02749306980470986,0.0,,10,teacher_candidate,endgame,
endgames_0320,endgames_0320,endgames,validation,synthetic_endgame_0320,8/5K2/1q6/8/8/7k/8/8 b - - 0 1,black,b6a5,562.0,0.886427638382423,0.0,,28,teacher_candidate,endgame,
endgames_0320,endgames_0320,endgames,validation,synthetic_endgame_0320,8/5K2/1q6/8/8/7k/8/8 b - - 0 1,black,b6a6,508.0,0.8537976531552436,0.0,,28,teacher_candidate,endgame,
endgames_0320,endgames_0320,endgames,validation,synthetic_endgame_0320,8/5K2/1q6/8/8/7k/8/8 b - - 0 1,black,b6a7,501.0,0.8489831921189297,0.0,,28,teacher_candidate,endgame,
endgames_0320,endgames_0320,endgames,validation,synthetic_endgame_0320,8/5K2/1q6/8/8/7k/8/8 b - - 0 1,black,b6b1,574.0,0.8926866959856562,0.0,,28,teacher_candidate,endgame,
endgames_0320,endgames_0320,endgames,validation,synthetic_endgame_0320,8/5K2/1q6/8/8/7k/8/8 b - - 0 1,black,b6b2,694.0,0.9396440370282482,1.0,,28,teacher_candidate,endgame,
endgames_0321,endgames_0321,endgames,validation,synthetic_endgame_0321,k7/8/8/8/2K5/8/p7/8 b - - 0 1,black,a2a1b,-28.0,-0.06988589031642899,0.0,,7,teacher_candidate,endgame,
endgames_0321,endgames_0321,endgames,validation,synthetic_endgame_0321,k7/8/8/8/2K5/8/p7/8 b - - 0 1,black,a2a1n,-24.0,-0.059928103529143496,0.0,,7,teacher_candidate,endgame,
endgames_0321,endgames_0321,endgames,validation,synthetic_endgame_0321,k7/8/8/8/2K5/8/p7/8 b - - 0 1,black,a2a1q,427.0,0.7885174828580042,0.0,,7,teacher_candidate,endgame,
endgames_0321,endgames_0321,endgames,validation,synthetic_endgame_0321,k7/8/8/8/2K5/8/p7/8 b - - 0 1,black,a2a1r,462.0,0.8194037105941603,0.0,,7,teacher_candidate,endgame,
endgames_0321,endgames_0321,endgames,validation,synthetic_endgame_0321,k7/8/8/8/2K5/8/p7/8 b - - 0 1,black,a8a7,465.0,0.8218529445288736,1.0,,7,teacher_candidate,endgame,
endgames_0322,endgames_0322,endgames,validation,synthetic_endgame_0322,8/7Q/8/3k4/8/8/K7/8 w - - 0 1,white,a2a1,449.0,0.8084367438073445,0.0,,26,teacher_candidate,endgame,
endgames_0322,endgames_0322,endgames,validation,synthetic_endgame_0322,8/7Q/8/3k4/8/8/K7/8 w - - 0 1,white,a2a3,495.0,0.8447410748870232,0.0,,26,teacher_candidate,endgame,
endgames_0322,endgames_0322,endgames,validation,synthetic_endgame_0322,8/7Q/8/3k4/8/8/K7/8 w - - 0 1,white,a2b1,496.0,0.8454555957266803,0.0,,26,teacher_candidate,endgame,
endgames_0322,endgames_0322,endgames,validation,synthetic_endgame_0322,8/7Q/8/3k4/8/8/K7/8 w - - 0 1,white,a2b2,588.0,0.899577453619467,1.0,,26,teacher_candidate,endgame,
endgames_0322,endgames_0322,endgames,validation,synthetic_endgame_0322,8/7Q/8/3k4/8/8/K7/8 w - - 0 1,white,a2b3,579.0,0.8951974297716623,0.0,,26,teacher_candidate,endgame,
endgames_0323,endgames_0323,endgames,validation,synthetic_endgame_0323,8/8/4k1r1/8/1K6/8/8/8 b - - 0 1,black,e6d5,444.0,0.8040623914048921,0.0,,17,teacher_candidate,endgame,
endgames_0323,endgames_0323,endgames,validation,synthetic_endgame_0323,8/8/4k1r1/8/1K6/8/8/8 b - - 0 1,black,e6d6,444.0,0.8040623914048921,0.0,,17,teacher_candidate,endgame,
endgames_0323,endgames_0323,endgames,validation,synthetic_endgame_0323,8/8/4k1r1/8/1K6/8/8/8 b - - 0 1,black,e6d7,459.0,0.8169241874133502,0.0,,17,teacher_candidate,endgame,
endgames_0323,endgames_0323,endgames,validation,synthetic_endgame_0323,8/8/4k1r1/8/1K6/8/8/8 b - - 0 1,black,e6e5,434.0,0.7950459331118053,0.0,,17,teacher_candidate,endgame,
endgames_0323,endgames_0323,endgames,validation,synthetic_endgame_0323,8/8/4k1r1/8/1K6/8/8/8 b - - 0 1,black,e6e7,468.0,0.8242721703413975,1.0,,17,teacher_candidate,endgame,
endgames_0324,endgames_0324,endgames,validation,synthetic_endgame_0324,8/3k4/8/8/8/6P1/1K6/8 w - - 0 1,white,b2a1,-8.0,-0.019997333759930933,0.0,,9,teacher_candidate,endgame,
endgames_0324,endgames_0324,endgames,validation,synthetic_endgame_0324,8/3k4/8/8/8/6P1/1K6/8 w - - 0 1,white,b2a2,-7.0,-0.01749821376048069,0.0,,9,teacher_candidate,endgame,
endgames_0324,endgames_0324,endgames,validation,synthetic_endgame_0324,8/3k4/8/8/8/6P1/1K6/8 w - - 0 1,white,b2a3,0.0,0.0,1.0,,9,teacher_candidate,endgame,
endgames_0324,endgames_0324,endgames,validation,synthetic_endgame_0324,8/3k4/8/8/8/6P1/1K6/8 w - - 0 1,white,b2b1,-2.0,-0.004999958333749996,0.0,,9,teacher_candidate,endgame,
endgames_0324,endgames_0324,endgames,validation,synthetic_endgame_0324,8/3k4/8/8/8/6P1/1K6/8 w - - 0 1,white,b2b3,-5.0,-0.012499348999020865,0.0,,9,teacher_candidate,endgame,
endgames_0325,endgames_0325,endgames,validation,synthetic_endgame_0325,8/6k1/3K4/5p2/8/8/8/8 b - - 0 1,black,f5f4,335.0,0.6844826259620602,0.0,,9,teacher_candidate,endgame,
endgames_0325,endgames_0325,endgames,validation,synthetic_endgame_0325,8/6k1/3K4/5p2/8/8/8/8 b - - 0 1,black,g7f6,406.0,0.7678221558620103,1.0,,9,teacher_candidate,endgame,
endgames_0325,endgames_0325,endgames,validation,synthetic_endgame_0325,8/6k1/3K4/5p2/8/8/8/8 b - - 0 1,black,g7f7,-72.0,-0.1780808681173302,0.0,,9,teacher_candidate,endgame,
endgames_0325,endgames_0325,endgames,validation,synthetic_endgame_0325,8/6k1/3K4/5p2/8/8/8/8 b - - 0 1,black,g7f8,-35.0,-0.08727737447415772,0.0,,9,teacher_candidate,endgame,
endgames_0325,endgames_0325,endgames,validation,synthetic_endgame_0325,8/6k1/3K4/5p2/8/8/8/8 b - - 0 1,black,g7g6,397.0,0.7584263132115812,0.0,,9,teacher_candidate,endgame,
endgames_0326,endgames_0326,endgames,validation,synthetic_endgame_0326,8/8/8/8/1K2Q3/7k/8/8 w - - 0 1,white,b4a3,431.0,0.7922701689754607,0.0,,33,teacher_candidate,endgame,
endgames_0326,endgames_0326,endgames,validation,synthetic_endgame_0326,8/8/8/8/1K2Q3/7k/8/8 w - - 0 1,white,b4a4,446.0,0.8058227180270021,0.0,,33,teacher_candidate,endgame,
endgames_0326,endgames_0326,endgames,validation,synthetic_endgame_0326,8/8/8/8/1K2Q3/7k/8/8 w - - 0 1,white,b4a5,461.0,0.8185805822252497,0.0,,33,teacher_candidate,endgame,
endgames_0326,endgames_0326,endgames,validation,synthetic_endgame_0326,8/8/8/8/1K2Q3/7k/8/8 w - - 0 1,white,b4b3,481.0,0.8344155694676939,1.0,,33,teacher_candidate,endgame,
endgames_0326,endgames_0326,endgames,validation,synthetic_endgame_0326,8/8/8/8/1K2Q3/7k/8/8 w - - 0 1,white,b4b5,469.0,0.825071959039259,0.0,,33,teacher_candidate,endgame,
endgames_0327,endgames_0327,endgames,validation,synthetic_endgame_0327,7r/8/8/8/8/8/1K6/3k4 b - - 0 1,black,d1d2,488.0,0.8396541756543754,0.0,,17,teacher_candidate,endgame,
endgames_0327,endgames_0327,endgames,validation,synthetic_endgame_0327,7r/8/8/8/8/8/1K6/3k4 b - - 0 1,black,d1e1,471.0,0.8266616689782654,0.0,,17,teacher_candidate,endgame,
endgames_0327,endgames_0327,endgames,validation,synthetic_endgame_0327,7r/8/8/8/8/8/1K6/3k4 b - - 0 1,black,d1e2,466.0,0.8226626734905335,0.0,,17,teacher_candidate,endgame,
endgames_0327,endgames_0327,endgames,validation,synthetic_endgame_0327,7r/8/8/8/8/8/1K6/3k4 b - - 0 1,black,h8a8,492.0,0.8425793256589296,0.0,,17,teacher_candidate,endgame,
endgames_0327,endgames_0327,endgames,validation,synthetic_endgame_0327,7r/8/8/8/8/8/1K6/3k4 b - - 0 1,black,h8b8,532.0,0.8692493331488548,1.0,,17,teacher_candidate,endgame,
endgames_0328,endgames_0328,endgames,validation,synthetic_endgame_0328,8/5k2/8/6q1/8/K7/8/8 b - - 0 1,black,f7e6,463.0,0.820223473492082,0.0,,31,teacher_candidate,endgame,
endgames_0328,endgames_0328,endgames,validation,synthetic_endgame_0328,8/5k2/8/6q1/8/K7/8/8 b - - 0 1,black,f7e7,501.0,0.8489831921189297,1.0,,31,teacher_candidate,endgame,
endgames_0328,endgames_0328,endgames,validation,synthetic_endgame_0328,8/5k2/8/6q1/8/K7/8/8 b - - 0 1,black,f7e8,437.0,0.797788791179091,0.0,,31,teacher_candidate,endgame,
endgames_0328,endgames_0328,endgames,validation,synthetic_endgame_0328,8/5k2/8/6q1/8/K7/8/8 b - - 0 1,black,f7f6,464.0,0.8210398813328771,0.0,,31,teacher_candidate,endgame,
endgames_0328,endgames_0328,endgames,validation,synthetic_endgame_0328,8/5k2/8/6q1/8/K7/8/8 b - - 0 1,black,f7f8,434.0,0.7950459331118053,0.0,,31,teacher_candidate,endgame,
endgames_0329,endgames_0329,endgames,validation,synthetic_endgame_0329,8/8/8/8/5k2/1K6/8/3R4 w - - 0 1,white,b3a2,504.0,0.8510641096679439,0.0,,22,teacher_candidate,endgame,
endgames_0329,endgames_0329,endgames,validation,synthetic_endgame_0329,8/8/8/8/5k2/1K6/8/3R4 w - - 0 1,white,b3a3,508.0,0.8537976531552436,1.0,,22,teacher_candidate,endgame,
endgames_0329,endgames_0329,endgames,validation,synthetic_endgame_0329,8/8/8/8/5k2/1K6/8/3R4 w - - 0 1,white,b3a4,508.0,0.8537976531552436,0.0,,22,teacher_candidate,endgame,
endgames_0329,endgames_0329,endgames,validation,synthetic_endgame_0329,8/8/8/8/5k2/1K6/8/3R4 w - - 0 1,white,b3b2,489.0,0.8403900815184251,0.0,,22,teacher_candidate,endgame,
endgames_0329,endgames_0329,endgames,validation,synthetic_endgame_0329,8/8/8/8/5k2/1K6/8/3R4 w - - 0 1,white,b3b4,494.0,0.8440235297412673,0.0,,22,teacher_candidate,endgame,
endgames_0330,endgames_0330,endgames,validation,synthetic_endgame_0330,8/5K2/8/8/6k1/8/5p2/8 b - - 0 1,black,f2f1b,3.0,0.00749985937816399,0.0,,12,teacher_candidate,endgame,
endgames_0330,endgames_0330,endgames,validation,synthetic_endgame_0330,8/5K2/8/8/6k1/8/5p2/8 b - - 0 1,black,f2f1n,8.0,0.019997333759930933,0.0,,12,teacher_candidate,endgame,
endgames_0330,endgames_0330,endgames,validation,synthetic_endgame_0330,8/5K2/8/8/6k1/8/5p2/8 b - - 0 1,black,f2f1q,530.0,0.8680219810175624,0.0,,12,teacher_candidate,endgame,
endgames_0330,endgames_0330,endgames,validation,synthetic_endgame_0330,8/5K2/8/8/6k1/8/5p2/8 b - - 0 1,black,f2f1r,468.0,0.8242721703413975,0.0,,12,teacher_candidate,endgame,
endgames_0330,endgames_0330,endgames,validation,synthetic_endgame_0330,8/5K2/8/8/6k1/8/5p2/8 b - - 0 1,black,g4f3,532.0,0.8692493331488548,1.0,,12,teacher_candidate,endgame,
endgames_0331,endgames_0331,endgames,validation,synthetic_endgame_0331,8/8/1K6/8/4k3/8/8/4r3 b - - 0 1,black,e1a1,480.0,0.8336546070121552,1.0,,17,teacher_candidate,endgame,
endgames_0331,endgames_0331,endgames,validation,synthetic_endgame_0331,8/8/1K6/8/4k3/8/8/4r3 b - - 0 1,black,e1b1,435.0,0.7959638616217392,0.0,,17,teacher_candidate,endgame,
endgames_0331,endgames_0331,endgames,validation,synthetic_endgame_0331,8/8/1K6/8/4k3/8/8/4r3 b - - 0 1,black,e1c1,460.0,0.8177540779702877,0.0,,17,teacher_candidate,endgame,
endgames_0331,endgames_0331,endgames,validation,synthetic_endgame_0331,8/8/1K6/8/4k3/8/8/4r3 b - - 0 1,black,e1d1,459.0,0.8169241874133502,0.0,,17,teacher_candidate,endgame,
endgames_0331,endgames_0331,endgames,validation,synthetic_endgame_0331,8/8/1K6/8/4k3/8/8/4r3 b - - 0 1,black,e1e2,449.0,0.8084367438073445,0.0,,17,teacher_candidate,endgame,
endgames_0332,endgames_0332,endgames,validation,synthetic_endgame_0332,1q6/8/8/8/8/4K3/8/1k6 b - - 0 1,black,b1a1,478.0,0.8321231362048838,0.0,,25,teacher_candidate,endgame,
endgames_0332,endgames_0332,endgames,validation,synthetic_endgame_0332,1q6/8/8/8/8/4K3/8/1k6 b - - 0 1,black,b1a2,489.0,0.8403900815184251,0.0,,25,teacher_candidate,endgame,
endgames_0332,endgames_0332,endgames,validation,synthetic_endgame_0332,1q6/8/8/8/8/4K3/8/1k6 b - - 0 1,black,b1b2,533.0,0.8698590209439497,0.0,,25,teacher_candidate,endgame,
endgames_0332,endgames_0332,endgames,validation,synthetic_endgame_0332,1q6/8/8/8/8/4K3/8/1k6 b - - 0 1,black,b1c1,466.0,0.8226626734905335,0.0,,25,teacher_candidate,endgame,
endgames_0332,endgames_0332,endgames,validation,synthetic_endgame_0332,1q6/8/8/8/8/4K3/8/1k6 b - - 0 1,black,b1c2,569.0,0.8901193004193375,1.0,,25,teacher_candidate,endgame,
endgames_0333,endgames_0333,endgames,validation,synthetic_endgame_0333,8/2K1k3/8/8/8/8/2R5/8 w - - 0 1,white,c2a2,471.0,0.8266616689782654,0.0,,17,teacher_candidate,endgame,
endgames_0333,endgames_0333,endgames,validation,synthetic_endgame_0333,8/2K1k3/8/8/8/8/2R5/8 w - - 0 1,white,c2b2,491.0,0.8418526462603199,0.0,,17,teacher_candidate,endgame,
endgames_0333,endgames_0333,endgames,validation,synthetic_endgame_0333,8/2K1k3/8/8/8/8/2R5/8 w - - 0 1,white,c2c1,496.0,0.8454555957266803,1.0,,17,teacher_candidate,endgame,
endgames_0333,endgames_0333,endgames,validation,synthetic_endgame_0333,8/2K1k3/8/8/8/8/2R5/8 w - - 0 1,white,c2c3,486.0,0.8381730655690693,0.0,,17,teacher_candidate,endgame,
endgames_0333,endgames_0333,endgames,validation,synthetic_endgame_0333,8/2K1k3/8/8/8/8/2R5/8 w - - 0 1,white,c2c4,486.0,0.8381730655690693,0.0,,17,teacher_candidate,endgame,
endgames_0334,endgames_0334,endgames,validation,synthetic_endgame_0334,8/4k1K1/8/8/8/8/7p/8 b - - 0 1,black,e7d6,634.0,0.9193791691545815,0.0,,9,teacher_candidate,endgame,
endgames_0334,endgames_0334,endgames,validation,synthetic_endgame_0334,8/4k1K1/8/8/8/8/7p/8 b - - 0 1,black,e7d7,593.0,0.9019353223079448,0.0,,9,teacher_candidate,endgame,
endgames_0334,endgames_0334,endgames,validation,synthetic_endgame_0334,8/4k1K1/8/8/8/8/7p/8 b - - 0 1,black,e7d8,575.0,0.8931933404003516,0.0,,9,teacher_candidate,endgame,
endgames_0334,endgames_0334,endgames,validation,synthetic_endgame_0334,8/4k1K1/8/8/8/8/7p/8 b - - 0 1,black,e7e6,748.0,0.9535941237087119,1.0,,9,teacher_candidate,endgame,
endgames_0334,endgames_0334,endgames,validation,synthetic_endgame_0334,8/4k1K1/8/8/8/8/7p/8 b - - 0 1,black,e7e8,589.0,0.900053283525865,0.0,,9,teacher_candidate,endgame,
endgames_0335,endgames_0335,endgames,validation,synthetic_endgame_0335,K5k1/4r3/8/8/8/8/8/8 b - - 0 1,black,e7a7,-107.0,-0.2612970513021489,0.0,,19,teacher_candidate,endgame,
endgames_0335,endgames_0335,endgames,validation,synthetic_endgame_0335,K5k1/4r3/8/8/8/8/8/8 b - - 0 1,black,e7b7,-88.0,-0.21651806149302882,0.0,,19,teacher_candidate,endgame,
endgames_0335,endgames_0335,endgames,validation,synthetic_endgame_0335,K5k1/4r3/8/8/8/8/8/8 b - - 0 1,black,e7c7,442.0,0.8022878536436613,0.0,,19,teacher_candidate,endgame,
endgames_0335,endgames_0335,endgames,validation,synthetic_endgame_0335,K5k1/4r3/8/8/8/8/8/8 b - - 0 1,black,e7d7,448.0,0.8075689165786144,1.0,,19,teacher_candidate,endgame,
endgames_0335,endgames_0335,endgames,validation,synthetic_endgame_0335,K5k1/4r3/8/8/8/8/8/8 b - - 0 1,black,e7e1,421.0,0.7827764066595579,0.0,,19,teacher_candidate,endgame,
endgames_0336,endgames_0336,endgames,validation,synthetic_endgame_0336,8/5k1K/q7/8/8/8/8/8 b - - 0 1,black,a6a1,690.0,0.938462281285704,0.0,,26,teacher_candidate,endgame,
endgames_0336,endgames_0336,endgames,validation,synthetic_endgame_0336,8/5k1K/q7/8/8/8/8/8 b - - 0 1,black,a6a2,666.0,0.930887539427447,0.0,,26,teacher_candidate,endgame,
endgames_0336,endgames_0336,endgames,validation,synthetic_endgame_0336,8/5k1K/q7/8/8/8/8/8 b - - 0 1,black,a6a3,723.0,0.9475772098867019,1.0,,26,teacher_candidate,endgame,
endgames_0336,endgames_0336,endgames,validation,synthetic_endgame_0336,8/5k1K/q7/8/8/8/8/8 b - - 0 1,black,a6a4,617.0,0.9125395036620289,0.0,,26,teacher_candidate,endgame,
endgames_0336,endgames_0336,endgames,validation,synthetic_endgame_0336,8/5k1K/q7/8/8/8/8/8 b - - 0 1,black,a6a5,723.0,0.9475772098867019,0.0,,26,teacher_candidate,endgame,
endgames_0337,endgames_0337,endgames,validation,synthetic_endgame_0337,8/8/8/2k3K1/8/8/6R1/8 w - - 0 1,white,g2a2,481.0,0.8344155694676939,1.0,,18,teacher_candidate,endgame,
endgames_0337,endgames_0337,endgames,validation,synthetic_endgame_0337,8/8/8/2k3K1/8/8/6R1/8 w - - 0 1,white,g2b2,460.0,0.8177540779702877,0.0,,18,teacher_candidate,endgame,
endgames_0337,endgames_0337,endgames,validation,synthetic_endgame_0337,8/8/8/2k3K1/8/8/6R1/8 w - - 0 1,white,g2c2,459.0,0.8169241874133502,0.0,,18,teacher_candidate,endgame,
endgames_0337,endgames_0337,endgames,validation,synthetic_endgame_0337,8/8/8/2k3K1/8/8/6R1/8 w - - 0 1,white,g2d2,461.0,0.8185805822252497,0.0,,18,teacher_candidate,endgame,
endgames_0337,endgames_0337,endgames,validation,synthetic_endgame_0337,8/8/8/2k3K1/8/8/6R1/8 w - - 0 1,white,g2e2,468.0,0.8242721703413975,0.0,,18,teacher_candidate,endgame,
endgames_0338,endgames_0338,endgames,validation,synthetic_endgame_0338,8/6k1/8/p7/6K1/8/8/8 b - - 0 1,black,a5a4,456.0,0.814414093765686,1.0,,9,teacher_candidate,endgame,
endgames_0338,endgames_0338,endgames,validation,synthetic_endgame_0338,8/6k1/8/p7/6K1/8/8/8 b - - 0 1,black,g7f6,303.0,0.6396020496038974,0.0,,9,teacher_candidate,endgame,
endgames_0338,endgames_0338,endgames,validation,synthetic_endgame_0338,8/6k1/8/p7/6K1/8/8/8 b - - 0 1,black,g7f7,145.0,0.3474141989090428,0.0,,9,teacher_candidate,endgame,
endgames_0338,endgames_0338,endgames,validation,synthetic_endgame_0338,8/6k1/8/p7/6K1/8/8/8 b - - 0 1,black,g7f8,210.0,0.481549798364308,0.0,,9,teacher_candidate,endgame,
endgames_0338,endgames_0338,endgames,validation,synthetic_endgame_0338,8/6k1/8/p7/6K1/8/8/8 b - - 0 1,black,g7g6,73.0,0.1805005038603668,0.0,,9,teacher_candidate,endgame,
endgames_0339,endgames_0339,endgames,validation,synthetic_endgame_0339,k7/8/8/8/8/8/5r2/6K1 b - - 0 1,black,a8a7,-51.0,-0.1268135725243873,0.0,,17,teacher_candidate,endgame,
endgames_0339,endgames_0339,endgames,validation,synthetic_endgame_0339,k7/8/8/8/8/8/5r2/6K1 b - - 0 1,black,a8b7,-44.0,-0.10955847021442953,0.0,,17,teacher_candidate,endgame,
endgames_0339,endgames_0339,endgames,validation,synthetic_endgame_0339,k7/8/8/8/8/8/5r2/6K1 b - - 0 1,black,a8b8,261.0,0.5733505443682791,0.0,,17,teacher_candidate,endgame,
endgames_0339,endgames_0339,endgames,validation,synthetic_endgame_0339,k7/8/8/8/8/8/5r2/6K1 b - - 0 1,black,f2a2,480.0,0.8336546070121552,1.0,,17,teacher_candidate,endgame,
endgames_0339,endgames_0339,endgames,validation,synthetic_endgame_0339,k7/8/8/8/8/8/5r2/6K1 b - - 0 1,black,f2b2,477.0,0.831352607157051,0.0,,17,teacher_candidate,endgame,
endgames_0340,endgames_0340,endgames,validation,synthetic_endgame_0340,1k6/7P/8/K7/8/8/8/8 w - - 0 1,white,a5a4,525.0,0.8649066177207418,0.0,,9,teacher_candidate,endgame,
endgames_0340,endgames_0340,endgames,validation,synthetic_endgame_0340,1k6/7P/8/K7/8/8/8/8 w - - 0 1,white,a5a6,556.0,0.8831708889152075,0.0,,9,teacher_candidate,endgame,
endgames_0340,endgames_0340,endgames,validation,synthetic_endgame_0340,1k6/7P/8/K7/8/8/8/8 w - - 0 1,white,a5b4,562.0,0.886427638382423,0.0,,9,teacher_candidate,endgame,
endgames_0340,endgames_0340,endgames,validation,synthetic_endgame_0340,1k6/7P/8/K7/8/8/8/8 w - - 0 1,white,a5b5,515.0,0.8584703762877184,0.0,,9,teacher_candidate,endgame,
endgames_0340,endgames_0340,endgames,validation,synthetic_endgame_0340,1k6/7P/8/K7/8/8/8/8 w - - 0 1,white,a5b6,647.0,0.9242607043197805,1.0,,9,teacher_candidate,endgame,
endgames_0341,endgames_0341,endgames,validation,synthetic_endgame_0341,5q2/8/8/8/4K3/8/8/3k4 b - - 0 1,black,d1c1,413.0,0.7749090662984006,0.0,,26,teacher_candidate,endgame,
endgames_0341,endgames_0341,endgames,validation,synthetic_endgame_0341,5q2/8/8/8/4K3/8/8/3k4 b - - 0 1,black,d1c2,579.0,0.8951974297716623,1.0,,26,teacher_candidate,endgame,
endgames_0341,endgames_0341,endgames,validation,synthetic_endgame_0341,5q2/8/8/8/4K3/8/8/3k4 b - - 0 1,black,d1d2,566.0,0.8885512041426692,0.0,,26,teacher_candidate,endgame,
endgames_0341,endgames_0341,endgames,validation,synthetic_endgame_0341,5q2/8/8/8/4K3/8/8/3k4 b - - 0 1,black,d1e1,468.0,0.8242721703413975,0.0,,26,teacher_candidate,endgame,
endgames_0341,endgames_0341,endgames,validation,synthetic_endgame_0341,5q2/8/8/8/4K3/8/8/3k4 b - - 0 1,black,d1e2,533.0,0.8698590209439497,0.0,,26,teacher_candidate,endgame,
endgames_0342,endgames_0342,endgames,validation,synthetic_endgame_0342,8/8/8/8/8/8/1k5K/7R w - - 0 1,white,h1a1,-58.0,-0.14399226586303726,0.0,,11,teacher_candidate,endgame,
endgames_0342,endgames_0342,endgames,validation,synthetic_endgame_0342,8/8/8/8/8/8/1k5K/7R w - - 0 1,white,h1b1,-58.0,-0.14399226586303726,0.0,,11,teacher_candidate,endgame,
endgames_0342,endgames_0342,endgames,validation,synthetic_endgame_0342,8/8/8/8/8/8/1k5K/7R w - - 0 1,white,h1c1,-52.0,-0.12927258360605834,0.0,,11,teacher_candidate,endgame,
endgames_0342,endgames_0342,endgames,validation,synthetic_endgame_0342,8/8/8/8/8/8/1k5K/7R w - - 0 1,white,h1d1,374.0,0.732916554933575,0.0,,11,teacher_candidate,endgame,
endgames_0342,endgames_0342,endgames,validation,synthetic_endgame_0342,8/8/8/8/8/8/1k5K/7R w - - 0 1,white,h1e1,435.0,0.7959638616217392,1.0,,11,teacher_candidate,endgame,
endgames_0343,endgames_0343,endgames,validation,synthetic_endgame_0343,8/7K/7Q/8/8/1k6/8/8 w - - 0 1,white,h6a6,434.0,0.7950459331118053,1.0,,23,teacher_candidate,endgame,
endgames_0343,endgames_0343,endgames,validation,synthetic_endgame_0343,8/7K/7Q/8/8/1k6/8/8 w - - 0 1,white,h6b6,332.0,0.6804760061126619,0.0,,23,teacher_candidate,endgame,
endgames_0343,endgames_0343,endgames,validation,synthetic_endgame_0343,8/7K/7Q/8/8/1k6/8/8 w - - 0 1,white,h6c1,373.0,0.7317573500386785,0.0,,23,teacher_candidate,endgame,
endgames_0343,endgames_0343,endgames,validation,synthetic_endgame_0343,8/7K/7Q/8/8/1k6/8/8 w - - 0 1,white,h6c6,419.0,0.7808325091874,0.0,,23,teacher_candidate,endgame,
endgames_0343,endgames_0343,endgames,validation,synthetic_endgame_0343,8/7K/7Q/8/8/1k6/8/8 w - - 0 1,white,h6d2,428.0,0.7894612209549805,0.0,,23,teacher_candidate,endgame,
endgames_0344,endgames_0344,endgames,validation,synthetic_endgame_0344,8/8/6P1/2k3K1/8/8/8/8 w - - 0 1,white,g5f4,512.0,0.8564849154724974,0.0,,8,teacher_candidate,endgame,
endgames_0344,endgames_0344,endgames,validation,synthetic_endgame_0344,8/8/6P1/2k3K1/8/8/8/8 w - - 0 1,white,g5f5,526.0,0.8655350988242999,0.0,,8,teacher_candidate,endgame,
endgames_0344,endgames_0344,endgames,validation,synthetic_endgame_0344,8/8/6P1/2k3K1/8/8/8/8 w - - 0 1,white,g5f6,507.0,0.853118631283003,0.0,,8,teacher_candidate,endgame,
endgames_0344,endgames_0344,endgames,validation,synthetic_endgame_0344,8/8/6P1/2k3K1/8/8/8/8 w - - 0 1,white,g5g4,508.0,0.8537976531552436,0.0,,8,teacher_candidate,endgame,
endgames_0344,endgames_0344,endgames,validation,synthetic_endgame_0344,8/8/6P1/2k3K1/8/8/8/8 w - - 0 1,white,g5h4,527.0,0.8661608659438628,1.0,,8,teacher_candidate,endgame,
endgames_0345,endgames_0345,endgames,validation,synthetic_endgame_0345,4k3/8/8/8/8/5q2/8/4K3 b - - 0 1,black,e8d7,579.0,0.8951974297716623,0.0,,30,teacher_candidate,endgame,
endgames_0345,endgames_0345,endgames,validation,synthetic_endgame_0345,4k3/8/8/8/8/5q2/8/4K3 b - - 0 1,black,e8d8,481.0,0.8344155694676939,0.0,,30,teacher_candidate,endgame,
endgames_0345,endgames_0345,endgames,validation,synthetic_endgame_0345,4k3/8/8/8/8/5q2/8/4K3 b - - 0 1,black,e8e7,640.0,0.9216685544064713,1.0,,30,teacher_candidate,endgame,
endgames_0345,endgames_0345,endgames,validation,synthetic_endgame_0345,4k3/8/8/8/8/5q2/8/4K3 b - - 0 1,black,e8f7,515.0,0.8584703762877184,0.0,,30,teacher_candidate,endgame,
endgames_0345,endgames_0345,endgames,validation,synthetic_endgame_0345,4k3/8/8/8/8/5q2/8/4K3 b - - 0 1,black,e8f8,450.0,0.809301070201781,0.0,,30,teacher_candidate,endgame,
endgames_0346,endgames_0346,endgames,validation,synthetic_endgame_0346,8/8/8/6R1/8/8/8/2K1k3 w - - 0 1,white,c1b1,487.0,0.8389151737656423,0.0,,17,teacher_candidate,endgame,
endgames_0346,endgames_0346,endgames,validation,synthetic_endgame_0346,8/8/8/6R1/8/8/8/2K1k3 w - - 0 1,white,c1b2,485.0,0.8374278407728539,0.0,,17,teacher_candidate,endgame,
endgames_0346,endgames_0346,endgames,validation,synthetic_endgame_0346,8/8/8/6R1/8/8/8/2K1k3 w - - 0 1,white,c1c2,491.0,0.8418526462603199,0.0,,17,teacher_candidate,endgame,
endgames_0346,endgames_0346,endgames,validation,synthetic_endgame_0346,8/8/8/6R1/8/8/8/2K1k3 w - - 0 1,white,g5a5,490.0,0.8411229016320433,0.0,,17,teacher_candidate,endgame,
endgames_0346,endgames_0346,endgames,validation,synthetic_endgame_0346,8/8/8/6R1/8/8/8/2K1k3 w - - 0 1,white,g5b5,512.0,0.8564849154724974,1.0,,17,teacher_candidate,endgame,
endgames_0347,endgames_0347,endgames,validation,synthetic_endgame_0347,6k1/8/8/8/8/8/2K3p1/8 b - - 0 1,black,g2g1b,6.0,0.01499887510124078,0.0,,9,teacher_candidate,endgame,
endgames_0347,endgames_0347,endgames,validation,synthetic_endgame_0347,6k1/8/8/8/8/8/2K3p1/8 b - - 0 1,black,g2g1n,9.0,0.02249620389370967,0.0,,9,teacher_candidate,endgame,
endgames_0347,endgames_0347,endgames,validation,synthetic_endgame_0347,6k1/8/8/8/8/8/2K3p1/8 b - - 0 1,black,g2g1q,468.0,0.8242721703413975,0.0,,9,teacher_candidate,endgame,
endgames_0347,endgames_0347,endgames,validation,synthetic_endgame_0347,6k1/8/8/8/8/8/2K3p1/8 b - - 0 1,black,g2g1r,458.0,0.8160909001379913,0.0,,9,teacher_candidate,endgame,
endgames_0347,endgames_0347,endgames,validation,synthetic_endgame_0347,6k1/8/8/8/8/8/2K3p1/8 b - - 0 1,black,g8f7,473.0,0.8282382915975468,1.0,,9,teacher_candidate,endgame,
endgames_0348,endgames_0348,endgames,validation,synthetic_endgame_0348,8/8/4Q3/8/5K2/8/3k4/8 w - - 0 1,white,e6a2,520.0,0.8617231593133063,0.0,,32,teacher_candidate,endgame,
endgames_0348,endgames_0348,endgames,validation,synthetic_endgame_0348,8/8/4Q3/8/5K2/8/3k4/8 w - - 0 1,white,e6a6,519.0,0.8610781881988719,0.0,,32,teacher_candidate,endgame,
endgames_0348,endgames_0348,endgames,validation,synthetic_endgame_0348,8/8/4Q3/8/5K2/8/3k4/8 w - - 0 1,white,e6b3,563.0,0.886962068040758,0.0,,32,teacher_candidate,endgame,
endgames_0348,endgames_0348,endgames,validation,synthetic_endgame_0348,8/8/4Q3/8/5K2/8/3k4/8 w - - 0 1,white,e6b6,558.0,0.884266089447278,0.0,,32,teacher_candidate,endgame,
endgames_0348,endgames_0348,endgames,validation,synthetic_endgame_0348,8/8/4Q3/8/5K2/8/3k4/8 w - - 0 1,white,e6c4,677.0,0.9344648903156232,1.0,,32,teacher_candidate,endgame,
endgames_0349,endgames_0349,endgames,validation,synthetic_endgame_0349,8/k7/8/1r6/8/6K1/8/8 b - - 0 1,black,a7a6,476.0,0.8305788685385285,0.0,,19,teacher_candidate,endgame,
endgames_0349,endgames_0349,endgames,validation,synthetic_endgame_0349,8/k7/8/1r6/8/6K1/8/8 b - - 0 1,black,a7a8,477.0,0.831352607157051,0.0,,19,teacher_candidate,endgame,
endgames_0349,endgames_0349,endgames,validation,synthetic_endgame_0349,8/k7/8/1r6/8/6K1/8/8 b - - 0 1,black,a7b6,542.0,0.8752282972400112,1.0,,19,teacher_candidate,endgame,
endgames_0349,endgames_0349,endgames,validation,synthetic_endgame_0349,8/k7/8/1r6/8/6K1/8/8 b - - 0 1,black,a7b7,450.0,0.809301070201781,0.0,,19,teacher_candidate,endgame,
endgames_0349,endgames_0349,endgames,validation,synthetic_endgame_0349,8/k7/8/1r6/8/6K1/8/8 b - - 0 1,black,a7b8,423.0,0.7847051472096467,0.0,,19,teacher_candidate,endgame,
endgames_0350,endgames_0350,endgames,validation,synthetic_endgame_0350,8/8/6P1/8/8/1K6/8/1k6 w - - 0 1,white,b3a3,528.0,0.8667839288498187,0.0,,6,teacher_candidate,endgame,
endgames_0350,endgames_0350,endgames,validation,synthetic_endgame_0350,8/8/6P1/8/8/1K6/8/1k6 w - - 0 1,white,b3a4,522.0,0.8630047925513478,0.0,,6,teacher_candidate,endgame,
endgames_0350,endgames_0350,endgames,validation,synthetic_endgame_0350,8/8/6P1/8/8/1K6/8/1k6 w - - 0 1,white,b3b4,526.0,0.8655350988242999,0.0,,6,teacher_candidate,endgame,
endgames_0350,endgames_0350,endgames,validation,synthetic_endgame_0350,8/8/6P1/8/8/1K6/8/1k6 w - - 0 1,white,b3c3,550.0,0.8798266996519848,1.0,,6,teacher_candidate,endgame,
endgames_0350,endgames_0350,endgames,validation,synthetic_endgame_0350,8/8/6P1/8/8/1K6/8/1k6 w - - 0 1,white,b3c4,542.0,0.8752282972400112,0.0,,6,teacher_candidate,endgame,
endgames_0351,endgames_0351,endgames,validation,synthetic_endgame_0351,8/8/8/8/7K/4q3/6k1/8 b - - 0 1,black,e3a3,552.0,0.880951268046997,0.0,,31,teacher_candidate,endgame,
endgames_0351,endgames_0351,endgames,validation,synthetic_endgame_0351,8/8/8/8/7K/4q3/6k1/8 b - - 0 1,black,e3a7,533.0,0.8698590209439497,0.0,,31,teacher_candidate,endgame,
endgames_0351,endgames_0351,endgames,validation,synthetic_endgame_0351,8/8/8/8/7K/4q3/6k1/8 b - - 0 1,black,e3b3,554.0,0.8820659730704165,0.0,,31,teacher_candidate,endgame,
endgames_0351,endgames_0351,endgames,validation,synthetic_endgame_0351,8/8/8/8/7K/4q3/6k1/8 b - - 0 1,black,e3b6,511.0,0.855817403604612,0.0,,31,teacher_candidate,endgame,
endgames_0351,endgames_0351,endgames,validation,synthetic_endgame_0351,8/8/8/8/7K/4q3/6k1/8 b - - 0 1,black,e3c1,699.0,0.941090337649905,1.0,,31,teacher_candidate,endgame,
endgames_0352,endgames_0352,endgames,validation,synthetic_endgame_0352,8/8/8/8/8/2k4K/8/3R4 w - - 0 1,white,d1a1,415.0,0.7768989196342072,1.0,,19,teacher_candidate,endgame,
endgames_0352,endgames_0352,endgames,validation,synthetic_endgame_0352,8/8/8/8/8/2k4K/8/3R4 w - - 0 1,white,d1b1,415.0,0.7768989196342072,0.0,,19,teacher_candidate,endgame,
endgames_0352,endgames_0352,endgames,validation,synthetic_endgame_0352,8/8/8/8/8/2k4K/8/3R4 w - - 0 1,white,d1c1,401.0,0.762642094367171,0.0,,19,teacher_candidate,endgame,
endgames_0352,endgames_0352,endgames,validation,synthetic_endgame_0352,8/8/8/8/8/2k4K/8/3R4 w - - 0 1,white,d1d2,-84.0,-0.20696649972945258,0.0,,19,teacher_candidate,endgame,
endgames_0352,endgames_0352,endgames,validation,synthetic_endgame_0352,8/8/8/8/8/2k4K/8/3R4 w - - 0 1,white,d1d3,-106.0,-0.25896622393478974,0.0,,19,teacher_candidate,endgame,
endgames_0353,endgames_0353,endgames,validation,synthetic_endgame_0353,8/2k5/7K/8/8/2p5/8/8 b - - 0 1,black,c3c2,542.0,0.8752282972400112,1.0,,9,teacher_candidate,endgame,
endgames_0353,endgames_0353,endgames,validation,synthetic_endgame_0353,8/2k5/7K/8/8/2p5/8/8 b - - 0 1,black,c7b6,535.0,0.8710704683248206,0.0,,9,teacher_candidate,endgame,
endgames_0353,endgames_0353,endgames,validation,synthetic_endgame_0353,8/2k5/7K/8/8/2p5/8/8 b - - 0 1,black,c7b7,534.0,0.8704660627864289,0.0,,9,teacher_candidate,endgame,
endgames_0353,endgames_0353,endgames,validation,synthetic_endgame_0353,8/2k5/7K/8/8/2p5/8/8 b - - 0 1,black,c7b8,445.0,0.8049443259184149,0.0,,9,teacher_candidate,endgame,
endgames_0353,endgames_0353,endgames,validation,synthetic_endgame_0353,8/2k5/7K/8/8/2p5/8/8 b - - 0 1,black,c7c6,536.0,0.8716722471896521,0.0,,9,teacher_candidate,endgame,
endgames_0354,endgames_0354,endgames,validation,synthetic_endgame_0354,k7/8/2K5/8/1Q6/8/8/8 w - - 0 1,white,b4a3,862.0,0.9734890371458025,0.0,,30,teacher_candidate,endgame,
endgames_0354,endgames_0354,endgames,validation,synthetic_endgame_0354,k7/8/2K5/8/1Q6/8/8/8 w - - 0 1,white,b4a4,642.0,0.922417731079528,0.0,,30,teacher_candidate,endgame,
endgames_0354,endgames_0354,endgames,validation,synthetic_endgame_0354,k7/8/2K5/8/1Q6/8/8/8 w - - 0 1,white,b4a5,862.0,0.9734890371458025,0.0,,30,teacher_candidate,endgame,
endgames_0354,endgames_0354,endgames,validation,synthetic_endgame_0354,k7/8/2K5/8/1Q6/8/8/8 w - - 0 1,white,b4b1,99998.0,1.0,1.0,,30,teacher_candidate,endgame,2.0
endgames_0354,endgames_0354,endgames,validation,synthetic_endgame_0354,k7/8/2K5/8/1Q6/8/8/8 w - - 0 1,white,b4b2,99998.0,1.0,0.0,,30,teacher_candidate,endgame,2.0
endgames_0355,endgames_0355,endgames,validation,synthetic_endgame_0355,8/8/8/1k6/8/8/1P2K3/8 w - - 0 1,white,b2b3,8.0,0.019997333759930933,1.0,,10,teacher_candidate,endgame,
endgames_0355,endgames_0355,endgames,validation,synthetic_endgame_0355,8/8/8/1k6/8/8/1P2K3/8 w - - 0 1,white,b2b4,-32.0,-0.07982976911113136,0.0,,10,teacher_candidate,endgame,
endgames_0355,endgames_0355,endgames,validation,synthetic_endgame_0355,8/8/8/1k6/8/8/1P2K3/8 w - - 0 1,white,e2d1,-20.0,-0.04995837495787998,0.0,,10,teacher_candidate,endgame,
endgames_0355,endgames_0355,endgames,validation,synthetic_endgame_0355,8/8/8/1k6/8/8/1P2K3/8 w - - 0 1,white,e2d2,-5.0,-0.012499348999020865,0.0,,10,teacher_candidate,endgame,
endgames_0355,endgames_0355,endgames,validation,synthetic_endgame_0355,8/8/8/1k6/8/8/1P2K3/8 w - - 0 1,white,e2d3,-13.0,-0.03248856212414491,0.0,,10,teacher_candidate,endgame,
endgames_0356,endgames_0356,endgames,validation,synthetic_endgame_0356,8/8/7K/8/8/8/8/q2k4 b - - 0 1,black,a1a2,507.0,0.853118631283003,0.0,,21,teacher_candidate,endgame,
endgames_0356,endgames_0356,endgames,validation,synthetic_endgame_0356,8/8/7K/8/8/8/8/q2k4 b - - 0 1,black,a1a3,543.0,0.8758119575033825,0.0,,21,teacher_candidate,endgame,
endgames_0356,endgames_0356,endgames,validation,synthetic_endgame_0356,8/8/7K/8/8/8/8/q2k4 b - - 0 1,black,a1a4,530.0,0.8680219810175624,0.0,,21,teacher_candidate,endgame,
endgames_0356,endgames_0356,endgames,validation,synthetic_endgame_0356,8/8/7K/8/8/8/8/q2k4 b - - 0 1,black,a1a5,645.0,0.9235286164680837,1.0,,21,teacher_candidate,endgame,
endgames_0356,endgames_0356,endgames,validation,synthetic_endgame_0356,8/8/7K/8/8/8/8/q2k4 b - - 0 1,black,a1a6,560.0,0.8853516482022625,0.0,,21,teacher_candidate,endgame,
endgames_0357,endgames_0357,endgames,validation,synthetic_endgame_0357,5K2/8/8/k7/8/8/4R3/8 w - - 0 1,white,e2a2,407.0,0.7688463106489329,0.0,,19,teacher_candidate,endgame,
endgames_0357,endgames_0357,endgames,validation,synthetic_endgame_0357,5K2/8/8/k7/8/8/4R3/8 w - - 0 1,white,e2b2,434.0,0.7950459331118053,0.0,,19,teacher_candidate,endgame,
endgames_0357,endgames_0357,endgames,validation,synthetic_endgame_0357,5K2/8/8/k7/8/8/4R3/8 w - - 0 1,white,e2c2,434.0,0.7950459331118053,0.0,,19,teacher_candidate,endgame,
endgames_0357,endgames_0357,endgames,validation,synthetic_endgame_0357,5K2/8/8/k7/8/8/4R3/8 w - - 0 1,white,e2d2,434.0,0.7950459331118053,0.0,,19,teacher_candidate,endgame,
endgames_0357,endgames_0357,endgames,validation,synthetic_endgame_0357,5K2/8/8/k7/8/8/4R3/8 w - - 0 1,white,e2e1,463.0,0.820223473492082,1.0,,19,teacher_candidate,endgame,
endgames_0358,endgames_0358,endgames,validation,synthetic_endgame_0358,8/1p6/8/8/8/8/8/k2K4 b - - 0 1,black,a1a2,434.0,0.7950459331118053,0.0,,5,teacher_candidate,endgame,
endgames_0358,endgames_0358,endgames,validation,synthetic_endgame_0358,8/1p6/8/8/8/8/8/k2K4 b - - 0 1,black,a1b1,329.0,0.6764282811209119,0.0,,5,teacher_candidate,endgame,
endgames_0358,endgames_0358,endgames,validation,synthetic_endgame_0358,8/1p6/8/8/8/8/8/k2K4 b - - 0 1,black,a1b2,460.0,0.8177540779702877,1.0,,5,teacher_candidate,endgame,
endgames_0358,endgames_0358,endgames,validation,synthetic_endgame_0358,8/1p6/8/8/8/8/8/k2K4 b - - 0 1,black,b7b5,431.0,0.7922701689754607,0.0,,5,teacher_candidate,endgame,
endgames_0358,endgames_0358,endgames,validation,synthetic_endgame_0358,8/1p6/8/8/8/8/8/k2K4 b - - 0 1,black,b7b6,9.0,0.02249620389370967,0.0,,5,teacher_candidate,endgame,
endgames_0359,endgames_0359,endgames,validation,synthetic_endgame_0359,8/1k6/8/8/K7/8/8/6Q1 w - - 0 1,white,a4a3,533.0,0.8698590209439497,0.0,,26,teacher_candidate,endgame,
endgames_0359,endgames_0359,endgames,validation,synthetic_endgame_0359,8/1k6/8/8/K7/8/8/6Q1 w - - 0 1,white,a4a5,536.0,0.8716722471896521,1.0,,26,teacher_candidate,endgame,
endgames_0359,endgames_0359,endgames,validation,synthetic_endgame_0359,8/1k6/8/8/K7/8/8/6Q1 w - - 0 1,white,a4b3,533.0,0.8698590209439497,0.0,,26,teacher_candidate,endgame,
endgames_0359,endgames_0359,endgames,validation,synthetic_endgame_0359,8/1k6/8/8/K7/8/8/6Q1 w - - 0 1,white,a4b4,492.0,0.8425793256589296,0.0,,26,teacher_candidate,endgame,
endgames_0359,endgames_0359,endgames,validation,synthetic_endgame_0359,8/1k6/8/8/K7/8/8/6Q1 w - - 0 1,white,a4b5,499.0,0.8475811144033204,0.0,,26,teacher_candidate,endgame,
endgames_0360,endgames_0360,endgames,validation,synthetic_endgame_0360,8/1K6/8/4k3/8/2P5/8/8 w - - 0 1,white,b7a6,188.0,0.43819931483276775,0.0,,9,teacher_candidate,endgame,
endgames_0360,endgames_0360,endgames,validation,synthetic_endgame_0360,8/1K6/8/4k3/8/2P5/8/8 w - - 0 1,white,b7a7,-31.0,-0.07734521041301597,0.0,,9,teacher_candidate,endgame,
endgames_0360,endgames_0360,endgames,validation,synthetic_endgame_0360,8/1K6/8/4k3/8/2P5/8/8 w - - 0 1,white,b7a8,-33.0,-0.08231333630045613,0.0,,9,teacher_candidate,endgame,
endgames_0360,endgames_0360,endgames,validation,synthetic_endgame_0360,8/1K6/8/4k3/8/2P5/8/8 w - - 0 1,white,b7b6,390.0,0.7508932836251672,1.0,,9,teacher_candidate,endgame,
endgames_0360,endgames_0360,endgames,validation,synthetic_endgame_0360,8/1K6/8/4k3/8/2P5/8/8 w - - 0 1,white,b7b8,246.0,0.5476371485389077,0.0,,9,teacher_candidate,endgame,
endgames_0361,endgames_0361,endgames,validation,synthetic_endgame_0361,8/5k2/8/4R2K/8/8/8/8 w - - 0 1,white,e5a5,479.0,0.8328904660394908,0.0,,17,teacher_candidate,endgame,
endgames_0361,endgames_0361,endgames,validation,synthetic_endgame_0361,8/5k2/8/4R2K/8/8/8/8 w - - 0 1,white,e5b5,482.0,0.8351733637441744,0.0,,17,teacher_candidate,endgame,
endgames_0361,endgames_0361,endgames,validation,synthetic_endgame_0361,8/5k2/8/4R2K/8/8/8/8 w - - 0 1,white,e5c5,468.0,0.8242721703413975,0.0,,17,teacher_candidate,endgame,
endgames_0361,endgames_0361,endgames,validation,synthetic_endgame_0361,8/5k2/8/4R2K/8/8/8/8 w - - 0 1,white,e5d5,487.0,0.8389151737656423,1.0,,17,teacher_candidate,endgame,
endgames_0361,endgames_0361,endgames,validation,synthetic_endgame_0361,8/5k2/8/4R2K/8/8/8/8 w - - 0 1,white,e5e1,467.0,0.8234690786261251,0.0,,17,teacher_candidate,endgame,
endgames_0362,endgames_0362,endgames,validation,synthetic_endgame_0362,8/8/8/K7/p7/8/8/7k b - - 0 1,black,a4a3,432.0,0.7931990970835009,1.0,,4,teacher_candidate,endgame,
endgames_0362,endgames_0362,endgames,validation,synthetic_endgame_0362,8/8/8/K7/p7/8/8/7k b - - 0 1,black,h1g1,-30.0,-0.07485969068749909,0.0,,4,teacher_candidate,endgame,
endgames_0362,endgames_0362,endgames,validation,synthetic_endgame_0362,8/8/8/K7/p7/8/8/7k b - - 0 1,black,h1g2,-51.0,-0.1268135725243873,0.0,,4,teacher_candidate,endgame,
endgames_0362,endgames_0362,endgames,validation,synthetic_endgame_0362,8/8/8/K7/p7/8/8/7k b - - 0 1,black,h1h2,-35.0,-0.08727737447415772,0.0,,4,teacher_candidate,endgame,
endgames_0363,endgames_0363,endgames,validation,synthetic_endgame_0363,8/3Q4/8/8/8/8/5k2/7K w - - 0 1,white,d7a4,501.0,0.8489831921189297,1.0,,24,teacher_candidate,endgame,
endgames_0363,endgames_0363,endgames,validation,synthetic_endgame_0363,8/3Q4/8/8/8/8/5k2/7K w - - 0 1,white,d7a7,415.0,0.7768989196342072,0.0,,24,teacher_candidate,endgame,
endgames_0363,endgames_0363,endgames,validation,synthetic_endgame_0363,8/3Q4/8/8/8/8/5k2/7K w - - 0 1,white,d7b5,448.0,0.8075689165786144,0.0,,24,teacher_candidate,endgame,
endgames_0363,endgames_0363,endgames,validation,synthetic_endgame_0363,8/3Q4/8/8/8/8/5k2/7K w - - 0 1,white,d7b7,429.0,0.7904012411743512,0.0,,24,teacher_candidate,endgame,
endgames_0363,endgames_0363,endgames,validation,synthetic_endgame_0363,8/3Q4/8/8/8/8/5k2/7K w - - 0 1,white,d7c6,458.0,0.8160909001379913,0.0,,24,teacher_candidate,endgame,
endgames_0364,endgames_0364,endgames,validation,synthetic_endgame_0364,8/8/6K1/1r6/8/8/8/k7 b - - 0 1,black,a1a2,453.0,0.8118731484163844,0.0,,17,teacher_candidate,endgame,
endgames_0364,endgames_0364,endgames,validation,synthetic_endgame_0364,8/8/6K1/1r6/8/8/8/k7 b - - 0 1,black,a1b1,440.0,0.8004990217606297,0.0,,17,teacher_candidate,endgame,
endgames_0364,endgames_0364,endgames,validation,synthetic_endgame_0364,8/8/6K1/1r6/8/8/8/k7 b - - 0 1,black,a1b2,471.0,0.8266616689782654,0.0,,17,teacher_candidate,endgame,
endgames_0364,endgames_0364,endgames,validation,synthetic_endgame_0364,8/8/6K1/1r6/8/8/8/k7 b - - 0 1,black,b5a5,450.0,0.809301070201781,0.0,,17,teacher_candidate,endgame,
endgames_0364,endgames_0364,endgames,validation,synthetic_endgame_0364,8/8/6K1/1r6/8/8/8/k7 b - - 0 1,black,b5b1,550.0,0.8798266996519848,1.0,,17,teacher_candidate,endgame,
endgames_0365,endgames_0365,endgames,validation,synthetic_endgame_0365,8/2K5/8/8/1P6/8/7k/8 w - - 0 1,white,b4b5,483.0,0.8359280001726355,0.0,,9,teacher_candidate,endgame,
endgames_0365,endgames_0365,endgames,validation,synthetic_endgame_0365,8/2K5/8/8/1P6/8/7k/8 w - - 0 1,white,c7b6,488.0,0.8396541756543754,0.0,,9,teacher_candidate,endgame,
endgames_0365,endgames_0365,endgames,validation,synthetic_endgame_0365,8/2K5/8/8/1P6/8/7k/8 w - - 0 1,white,c7b7,501.0,0.8489831921189297,0.0,,9,teacher_candidate,endgame,
endgames_0365,endgames_0365,endgames,validation,synthetic_endgame_0365,8/2K5/8/8/1P6/8/7k/8 w - - 0 1,white,c7b8,417.0,0.7788733737673915,0.0,,9,teacher_candidate,endgame,
endgames_0365,endgames_0365,endgames,validation,synthetic_endgame_0365,8/2K5/8/8/1P6/8/7k/8 w - - 0 1,white,c7c6,509.0,0.8544737824712498,1.0,,9,teacher_candidate,endgame,
endgames_0366,endgames_0366,endgames,validation,synthetic_endgame_0366,6q1/8/5K2/8/3k4/8/8/8 b - - 0 1,black,d4c3,551.0,0.8803902214206855,0.0,,28,teacher_candidate,endgame,
endgames_0366,endgames_0366,endgames,validation,synthetic_endgame_0366,6q1/8/5K2/8/3k4/8/8/8 b - - 0 1,black,d4c4,526.0,0.8655350988242999,0.0,,28,teacher_candidate,endgame,
endgames_0366,endgames_0366,endgames,validation,synthetic_endgame_0366,6q1/8/5K2/8/3k4/8/8/8 b - - 0 1,black,d4c5,527.0,0.8661608659438628,0.0,,28,teacher_candidate,endgame,
endgames_0366,endgames_0366,endgames,validation,synthetic_endgame_0366,6q1/8/5K2/8/3k4/8/8/8 b - - 0 1,black,d4d3,718.0,0.9462857624303807,1.0,,28,teacher_candidate,endgame,
endgames_0366,endgames_0366,endgames,validation,synthetic_endgame_0366,6q1/8/5K2/8/3k4/8/8/8 b - - 0 1,black,d4d5,528.0,0.8667839288498187,0.0,,28,teacher_candidate,endgame,
endgames_0367,endgames_0367,endgames,validation,synthetic_endgame_0367,8/2R5/8/K2k4/8/8/8/8 w - - 0 1,white,a5a4,461.0,0.8185805822252497,0.0,,19,teacher_candidate,endgame,
endgames_0367,endgames_0367,endgames,validation,synthetic_endgame_0367,8/2R5/8/K2k4/8/8/8/8 w - - 0 1,white,a5a6,430.0,0.7913375537619973,0.0,,19,teacher_candidate,endgame,
endgames_0367,endgames_0367,endgames,validation,synthetic_endgame_0367,8/2R5/8/K2k4/8/8/8/8 w - - 0 1,white,a5b4,432.0,0.7931990970835009,0.0,,19,teacher_candidate,endgame,
endgames_0367,endgames_0367,endgames,validation,synthetic_endgame_0367,8/2R5/8/K2k4/8/8/8/8 w - - 0 1,white,a5b5,442.0,0.8022878536436613,0.0,,19,teacher_candidate,endgame,
endgames_0367,endgames_0367,endgames,validation,synthetic_endgame_0367,8/2R5/8/K2k4/8/8/8/8 w - - 0 1,white,a5b6,467.0,0.8234690786261251,1.0,,19,teacher_candidate,endgame,
endgames_0368,endgames_0368,endgames,validation,synthetic_endgame_0368,8/3k2K1/8/8/4p3/8/8/8 b - - 0 1,black,d7c6,525.0,0.8649066177207418,1.0,,9,teacher_candidate,endgame,
endgames_0368,endgames_0368,endgames,validation,synthetic_endgame_0368,8/3k2K1/8/8/4p3/8/8/8 b - - 0 1,black,d7c7,509.0,0.8544737824712498,0.0,,9,teacher_candidate,endgame,
endgames_0368,endgames_0368,endgames,validation,synthetic_endgame_0368,8/3k2K1/8/8/4p3/8/8/8 b - - 0 1,black,d7c8,451.0,0.8101619061641351,0.0,,9,teacher_candidate,endgame,
endgames_0368,endgames_0368,endgames,validation,synthetic_endgame_0368,8/3k2K1/8/8/4p3/8/8/8 b - - 0 1,black,d7d6,500.0,0.8482836399575129,0.0,,9,teacher_candidate,endgame,
endgames_0368,endgames_0368,endgames,validation,synthetic_endgame_0368,8/3k2K1/8/8/4p3/8/8/8 b - - 0 1,black,d7d8,490.0,0.8411229016320433,0.0,,9,teacher_candidate,endgame,
endgames_0369,endgames_0369,endgames,validation,synthetic_endgame_0369,5K2/8/8/8/6k1/8/8/7q b - - 0 1,black,g4f3,712.0,0.9446951553543538,1.0,,29,teacher_candidate,endgame,
endgames_0369,endgames_0369,endgames,validation,synthetic_endgame_0369,5K2/8/8/8/6k1/8/8/7q b - - 0 1,black,g4f4,617.0,0.9125395036620289,0.0,,29,teacher_candidate,endgame,
endgames_0369,endgames_0369,endgames,validation,synthetic_endgame_0369,5K2/8/8/8/6k1/8/8/7q b - - 0 1,black,g4f5,646.0,0.9238955058580158,0.0,,29,teacher_candidate,endgame,
endgames_0369,endgames_0369,endgames,validation,synthetic_endgame_0369,5K2/8/8/8/6k1/8/8/7q b - - 0 1,black,g4g3,644.0,0.9231600289968692,0.0,,29,teacher_candidate,endgame,
endgames_0369,endgames_0369,endgames,validation,synthetic_endgame_0369,5K2/8/8/8/6k1/8/8/7q b - - 0 1,black,g4g5,581.0,0.8961861040480193,0.0,,29,teacher_candidate,endgame,
endgames_0370,endgames_0370,endgames,validation,synthetic_endgame_0370,K7/R7/8/8/8/7k/8/8 w - - 0 1,white,a7a1,559.0,0.8848100694639156,1.0,,15,teacher_candidate,endgame,
endgames_0370,endgames_0370,endgames,validation,synthetic_endgame_0370,K7/R7/8/8/8/7k/8/8 w - - 0 1,white,a7a2,498.0,0.8468756052963757,0.0,,15,teacher_candidate,endgame,
endgames_0370,endgames_0370,endgames,validation,synthetic_endgame_0370,K7/R7/8/8/8/7k/8/8 w - - 0 1,white,a7a3,514.0,0.8578113918314256,0.0,,15,teacher_candidate,endgame,
endgames_0370,endgames_0370,endgames,validation,synthetic_endgame_0370,K7/R7/8/8/8/7k/8/8 w - - 0 1,white,a7a4,516.0,0.8591265382143658,0.0,,15,teacher_candidate,endgame,
endgames_0370,endgames_0370,endgames,validation,synthetic_endgame_0370,K7/R7/8/8/8/7k/8/8 w - - 0 1,white,a7a5,472.0,0.8274516110081667,0.0,,15,teacher_candidate,endgame,
endgames_0371,endgames_0371,endgames,validation,synthetic_endgame_0371,8/8/8/7K/8/2p5/8/7k b - - 0 1,black,c3c2,534.0,0.8704660627864289,1.0,,4,teacher_candidate,endgame,
endgames_0371,endgames_0371,endgames,validation,synthetic_endgame_0371,8/8/8/7K/8/2p5/8/7k b - - 0 1,black,h1g1,459.0,0.8169241874133502,0.0,,4,teacher_candidate,endgame,
endgames_0371,endgames_0371,endgames,validation,synthetic_endgame_0371,8/8/8/7K/8/2p5/8/7k b - - 0 1,black,h1g2,505.0,0.8517518696186737,0.0,,4,teacher_candidate,endgame,
endgames_0371,endgames_0371,endgames,validation,synthetic_endgame_0371,8/8/8/7K/8/2p5/8/7k b - - 0 1,black,h1h2,442.0,0.8022878536436613,0.0,,4,teacher_candidate,endgame,
endgames_0372,endgames_0372,endgames,validation,synthetic_endgame_0372,1K6/3k4/7Q/8/8/8/8/8 w - - 0 1,white,b8a7,467.0,0.8234690786261251,0.0,,24,teacher_candidate,endgame,
endgames_0372,endgames_0372,endgames,validation,synthetic_endgame_0372,1K6/3k4/7Q/8/8/8/8/8 w - - 0 1,white,b8a8,460.0,0.8177540779702877,0.0,,24,teacher_candidate,endgame,
endgames_0372,endgames_0372,endgames,validation,synthetic_endgame_0372,1K6/3k4/7Q/8/8/8/8/8 w - - 0 1,white,b8b7,465.0,0.8218529445288736,0.0,,24,teacher_candidate,endgame,
endgames_0372,endgames_0372,endgames,validation,synthetic_endgame_0372,1K6/3k4/7Q/8/8/8/8/8 w - - 0 1,white,h6a6,434.0,0.7950459331118053,0.0,,24,teacher_candidate,endgame,
endgames_0372,endgames_0372,endgames,validation,synthetic_endgame_0372,1K6/3k4/7Q/8/8/8/8/8 w - - 0 1,white,h6b6,507.0,0.853118631283003,1.0,,24,teacher_candidate,endgame,
endgames_0373,endgames_0373,endgames,validation,synthetic_endgame_0373,8/8/4k3/8/8/7q/8/6K1 b - - 0 1,black,e6d5,568.0,0.8895989244341314,1.0,,26,teacher_candidate,endgame,
endgames_0373,endgames_0373,endgames,validation,synthetic_endgame_0373,8/8/4k3/8/8/7q/8/6K1 b - - 0 1,black,e6d6,536.0,0.8716722471896521,0.0,,26,teacher_candidate,endgame,
endgames_0373,endgames_0373,endgames,validation,synthetic_endgame_0373,8/8/4k3/8/8/7q/8/6K1 b - - 0 1,black,e6d7,563.0,0.886962068040758,0.0,,26,teacher_candidate,endgame,
endgames_0373,endgames_0373,endgames,validation,synthetic_endgame_0373,8/8/4k3/8/8/7q/8/6K1 b - - 0 1,black,e6e5,516.0,0.8591265382143658,0.0,,26,teacher_candidate,endgame,
endgames_0373,endgames_0373,endgames,validation,synthetic_endgame_0373,8/8/4k3/8/8/7q/8/6K1 b - - 0 1,black,e6e7,499.0,0.8475811144033204,0.0,,26,teacher_candidate,endgame,
endgames_0374,endgames_0374,endgames,validation,synthetic_endgame_0374,8/4K3/1R6/8/8/2k5/8/8 w - - 0 1,white,b6a6,378.0,0.7375110611229533,0.0,,22,teacher_candidate,endgame,
endgames_0374,endgames_0374,endgames,validation,synthetic_endgame_0374,8/4K3/1R6/8/8/2k5/8/8 w - - 0 1,white,b6b1,397.0,0.7584263132115812,1.0,,22,teacher_candidate,endgame,
endgames_0374,endgames_0374,endgames,validation,synthetic_endgame_0374,8/4K3/1R6/8/8/2k5/8/8 w - - 0 1,white,b6b2,8.0,0.019997333759930933,0.0,,22,teacher_candidate,endgame,
endgames_0374,endgames_0374,endgames,validation,synthetic_endgame_0374,8/4K3/1R6/8/8/2k5/8/8 w - - 0 1,white,b6b3,-63.0,-0.15621046576861825,0.0,,22,teacher_candidate,endgame,
endgames_0374,endgames_0374,endgames,validation,synthetic_endgame_0374,8/4K3/1R6/8/8/2k5/8/8 w - - 0 1,white,b6b4,-32.0,-0.07982976911113136,0.0,,22,teacher_candidate,endgame,
endgames_0375,endgames_0375,endgames,validation,synthetic_endgame_0375,8/1K6/8/8/8/8/4p1k1/8 b - - 0 1,black,e2e1b,-16.0,-0.03997868031116357,0.0,,12,teacher_candidate,endgame,
endgames_0375,endgames_0375,endgames,validation,synthetic_endgame_0375,8/1K6/8/8/8/8/4p1k1/8 b - - 0 1,black,e2e1n,-8.0,-0.019997333759930933,0.0,,12,teacher_candidate,endgame,
endgames_0375,endgames_0375,endgames,validation,synthetic_endgame_0375,8/1K6/8/8/8/8/4p1k1/8 b - - 0 1,black,e2e1q,467.0,0.8234690786261251,0.0,,12,teacher_candidate,endgame,
endgames_0375,endgames_0375,endgames,validation,synthetic_endgame_0375,8/1K6/8/8/8/8/4p1k1/8 b - - 0 1,black,e2e1r,466.0,0.8226626734905335,0.0,,12,teacher_candidate,endgame,
endgames_0375,endgames_0375,endgames,validation,synthetic_endgame_0375,8/1K6/8/8/8/8/4p1k1/8 b - - 0 1,black,g2f1,490.0,0.8411229016320433,1.0,,12,teacher_candidate,endgame,
endgames_0376,endgames_0376,endgames,validation,synthetic_endgame_0376,8/8/8/6Q1/8/K7/2k5/8 w - - 0 1,white,a3a2,577.0,0.8941998651897869,0.0,,26,teacher_candidate,endgame,
endgames_0376,endgames_0376,endgames,validation,synthetic_endgame_0376,8/8/8/6Q1/8/K7/2k5/8 w - - 0 1,white,a3a4,557.0,0.883719698991578,0.0,,26,teacher_candidate,endgame,
endgames_0376,endgames_0376,endgames,validation,synthetic_endgame_0376,8/8/8/6Q1/8/K7/2k5/8 w - - 0 1,white,a3b4,608.0,0.9086976584311126,1.0,,26,teacher_candidate,endgame,
endgames_0376,endgames_0376,endgames,validation,synthetic_endgame_0376,8/8/8/6Q1/8/K7/2k5/8 w - - 0 1,white,g5a5,586.0,0.8986193501374987,0.0,,26,teacher_candidate,endgame,
endgames_0376,endgames_0376,endgames,validation,synthetic_endgame_0376,8/8/8/6Q1/8/K7/2k5/8 w - - 0 1,white,g5b5,497.0,0.8461671024651277,0.0,,26,teacher_candidate,endgame,
endgames_0377,endgames_0377,endgames,validation,synthetic_endgame_0377,8/8/8/8/7k/8/2R2K2/8 w - - 0 1,white,c2a2,463.0,0.820223473492082,0.0,,18,teacher_candidate,endgame,
endgames_0377,endgames_0377,endgames,validation,synthetic_endgame_0377,8/8/8/8/7k/8/2R2K2/8 w - - 0 1,white,c2b2,463.0,0.820223473492082,0.0,,18,teacher_candidate,endgame,
endgames_0377,endgames_0377,endgames,validation,synthetic_endgame_0377,8/8/8/8/7k/8/2R2K2/8 w - - 0 1,white,c2c1,444.0,0.8040623914048921,0.0,,18,teacher_candidate,endgame,
endgames_0377,endgames_0377,endgames,validation,synthetic_endgame_0377,8/8/8/8/7k/8/2R2K2/8 w - - 0 1,white,c2c3,501.0,0.8489831921189297,1.0,,18,teacher_candidate,endgame,
endgames_0377,endgames_0377,endgames,validation,synthetic_endgame_0377,8/8/8/8/7k/8/2R2K2/8 w - - 0 1,white,c2c4,446.0,0.8058227180270021,0.0,,18,teacher_candidate,endgame,
endgames_0378,endgames_0378,endgames,validation,synthetic_endgame_0378,8/8/8/8/8/1Pk5/8/7K w - - 0 1,white,b3b4,-36.0,-0.0897577847471601,0.0,,4,teacher_candidate,endgame,
endgames_0378,endgames_0378,endgames,validation,synthetic_endgame_0378,8/8/8/8/8/1Pk5/8/7K w - - 0 1,white,h1g1,-38.0,-0.09471523628617855,0.0,,4,teacher_candidate,endgame,
endgames_0378,endgames_0378,endgames,validation,synthetic_endgame_0378,8/8/8/8/8/1Pk5/8/7K w - - 0 1,white,h1g2,-28.0,-0.06988589031642899,1.0,,4,teacher_candidate,endgame,
endgames_0378,endgames_0378,endgames,validation,synthetic_endgame_0378,8/8/8/8/8/1Pk5/8/7K w - - 0 1,white,h1h2,-31.0,-0.07734521041301597,0.0,,4,teacher_candidate,endgame,
endgames_0379,endgames_0379,endgames,validation,synthetic_endgame_0379,5K1k/8/8/3q4/8/8/8/8 b - - 0 1,black,d5a2,527.0,0.8661608659438628,0.0,,28,teacher_candidate,endgame,
endgames_0379,endgames_0379,endgames,validation,synthetic_endgame_0379,5K1k/8/8/3q4/8/8/8/8 b - - 0 1,black,d5a5,548.0,0.8786921933686958,1.0,,28,teacher_candidate,endgame,
endgames_0379,endgames_0379,endgames,validation,synthetic_endgame_0379,5K1k/8/8/3q4/8/8/8/8 b - - 0 1,black,d5a8,548.0,0.8786921933686958,0.0,,28,teacher_candidate,endgame,
endgames_0379,endgames_0379,endgames,validation,synthetic_endgame_0379,5K1k/8/8/3q4/8/8/8/8 b - - 0 1,black,d5b3,534.0,0.8704660627864289,0.0,,28,teacher_candidate,endgame,
endgames_0379,endgames_0379,endgames,validation,synthetic_endgame_0379,5K1k/8/8/3q4/8/8/8/8 b - - 0 1,black,d5b5,469.0,0.825071959039259,0.0,,28,teacher_candidate,endgame,
endgames_0380,endgames_0380,endgames,validation,synthetic_endgame_0380,6K1/8/8/8/7R/8/8/3k4 w - - 0 1,white,g8f7,430.0,0.7913375537619973,0.0,,19,teacher_candidate,endgame,
endgames_0380,endgames_0380,endgames,validation,synthetic_endgame_0380,6K1/8/8/8/7R/8/8/3k4 w - - 0 1,white,g8f8,433.0,0.7941243483656557,0.0,,19,teacher_candidate,endgame,
endgames_0380,endgames_0380,endgames,validation,synthetic_endgame_0380,6K1/8/8/8/7R/8/8/3k4 w - - 0 1,white,g8g7,408.0,0.7698665359089004,0.0,,19,teacher_candidate,endgame,
endgames_0380,endgames_0380,endgames,validation,synthetic_endgame_0380,6K1/8/8/8/7R/8/8/3k4 w - - 0 1,white,g8h7,440.0,0.8004990217606297,0.0,,19,teacher_candidate,endgame,
endgames_0380,endgames_0380,endgames,validation,synthetic_endgame_0380,6K1/8/8/8/7R/8/8/3k4 w - - 0 1,white,g8h8,446.0,0.8058227180270021,1.0,,19,teacher_candidate,endgame,
endgames_0381,endgames_0381,endgames,validation,synthetic_endgame_0381,8/8/5p2/8/8/8/8/5K1k b - - 0 1,black,f6f5,-18.0,-0.044969649583600245,0.0,,2,teacher_candidate,endgame,
endgames_0381,endgames_0381,endgames,validation,synthetic_endgame_0381,8/8/5p2/8/8/8/8/5K1k b - - 0 1,black,h1h2,-12.0,-0.029991003238820143,1.0,,2,teacher_candidate,endgame,
endgames_0382,endgames_0382,endgames,validation,synthetic_endgame_0382,8/8/1K6/8/4Q3/8/8/2k5 w - - 0 1,white,b6a5,542.0,0.8752282972400112,0.0,,35,teacher_candidate,endgame,
endgames_0382,endgames_0382,endgames,validation,synthetic_endgame_0382,8/8/1K6/8/4Q3/8/8/2k5 w - - 0 1,white,b6a6,533.0,0.8698590209439497,0.0,,35,teacher_candidate,endgame,
endgames_0382,endgames_0382,endgames,validation,synthetic_endgame_0382,8/8/1K6/8/4Q3/8/8/2k5 w - - 0 1,white,b6a7,475.0,0.8298019099859595,0.0,,35,teacher_candidate,endgame,
endgames_0382,endgames_0382,endgames,validation,synthetic_endgame_0382,8/8/1K6/8/4Q3/8/8/2k5 w - - 0 1,white,b6b5,663.0,0.9298796587312388,1.0,,35,teacher_candidate,endgame,
endgames_0382,endgames_0382,endgames,validation,synthetic_endgame_0382,8/8/1K6/8/4Q3/8/8/2k5 w - - 0 1,white,b6b7,539.0,0.8734619197750799,0.0,,35,teacher_candidate,endgame,
endgames_0383,endgames_0383,endgames,validation,synthetic_endgame_0383,8/8/8/1K6/8/r7/8/k7 b - - 0 1,black,a1a2,428.0,0.7894612209549805,0.0,,16,teacher_candidate,endgame,
endgames_0383,endgames_0383,endgames,validation,synthetic_endgame_0383,8/8/8/1K6/8/r7/8/k7 b - - 0 1,black,a1b1,451.0,0.8101619061641351,1.0,,16,teacher_candidate,endgame,
endgames_0383,endgames_0383,endgames,validation,synthetic_endgame_0383,8/8/8/1K6/8/r7/8/k7 b - - 0 1,black,a1b2,449.0,0.8084367438073445,0.0,,16,teacher_candidate,endgame,
endgames_0383,endgames_0383,endgames,validation,synthetic_endgame_0383,8/8/8/1K6/8/r7/8/k7 b - - 0 1,black,a3a2,433.0,0.7941243483656557,0.0,,16,teacher_candidate,endgame,
endgames_0383,endgames_0383,endgames,validation,synthetic_endgame_0383,8/8/8/1K6/8/r7/8/k7 b - - 0 1,black,a3a4,-76.0,-0.18774620586828542,0.0,,16,teacher_candidate,endgame,
endgames_0384,endgames_0384,endgames,validation,synthetic_endgame_0384,4k3/8/2q5/8/6K1/8/8/8 b - - 0 1,black,c6a4,457.0,0.8152542057275878,0.0,,29,teacher_candidate,endgame,
endgames_0384,endgames_0384,endgames,validation,synthetic_endgame_0384,4k3/8/2q5/8/6K1/8/8/8 b - - 0 1,black,c6a6,484.0,0.8366794890768107,0.0,,29,teacher_candidate,endgame,
endgames_0384,endgames_0384,endgames,validation,synthetic_endgame_0384,4k3/8/2q5/8/6K1/8/8/8 b - - 0 1,black,c6a8,489.0,0.8403900815184251,1.0,,29,teacher_candidate,endgame,
endgames_0384,endgames_0384,endgames,validation,synthetic_endgame_0384,4k3/8/2q5/8/6K1/8/8/8 b - - 0 1,black,c6b5,463.0,0.820223473492082,0.0,,29,teacher_candidate,endgame,
endgames_0384,endgames_0384,endgames,validation,synthetic_endgame_0384,4k3/8/2q5/8/6K1/8/8/8 b - - 0 1,black,c6b6,482.0,0.8351733637441744,0.0,,29,teacher_candidate,endgame,
endgames_0385,endgames_0385,endgames,validation,synthetic_endgame_0385,8/8/1R5K/8/4k3/8/8/8 w - - 0 1,white,b6a6,451.0,0.8101619061641351,1.0,,18,teacher_candidate,endgame,
endgames_0385,endgames_0385,endgames,validation,synthetic_endgame_0385,8/8/1R5K/8/4k3/8/8/8 w - - 0 1,white,b6b1,439.0,0.7995992196179786,0.0,,18,teacher_candidate,endgame,
endgames_0385,endgames_0385,endgames,validation,synthetic_endgame_0385,8/8/1R5K/8/4k3/8/8/8 w - - 0 1,white,b6b2,439.0,0.7995992196179786,0.0,,18,teacher_candidate,endgame,
endgames_0385,endgames_0385,endgames,validation,synthetic_endgame_0385,8/8/1R5K/8/4k3/8/8/8 w - - 0 1,white,b6b3,441.0,0.8013952296500844,0.0,,18,teacher_candidate,endgame,
endgames_0385,endgames_0385,endgames,validation,synthetic_endgame_0385,8/8/1R5K/8/4k3/8/8/8 w - - 0 1,white,b6b4,431.0,0.7922701689754607,0.0,,18,teacher_candidate,endgame,
endgames_0386,endgames_0386,endgames,validation,synthetic_endgame_0386,7k/1K6/8/8/1p6/8/8/8 b - - 0 1,black,b4b3,488.0,0.8396541756543754,1.0,,4,teacher_candidate,endgame,
endgames_0386,endgames_0386,endgames,validation,synthetic_endgame_0386,7k/1K6/8/8/1p6/8/8/8 b - - 0 1,black,h8g7,473.0,0.8282382915975468,0.0,,4,teacher_candidate,endgame,
endgames_0386,endgames_0386,endgames,validation,synthetic_endgame_0386,7k/1K6/8/8/1p6/8/8/8 b - - 0 1,black,h8g8,448.0,0.8075689165786144,0.0,,4,teacher_candidate,endgame,
endgames_0386,endgames_0386,endgames,validation,synthetic_endgame_0386,7k/1K6/8/8/1p6/8/8/8 b - - 0 1,black,h8h7,456.0,0.814414093765686,0.0,,4,teacher_candidate,endgame,
endgames_0387,endgames_0387,endgames,validation,synthetic_endgame_0387,6r1/8/8/8/8/4K3/8/2k5 b - - 0 1,black,c1b1,516.0,0.8591265382143658,0.0,,18,teacher_candidate,endgame,
endgames_0387,endgames_0387,endgames,validation,synthetic_endgame_0387,6r1/8/8/8/8/4K3/8/2k5 b - - 0 1,black,c1b2,448.0,0.8075689165786144,0.0,,18,teacher_candidate,endgame,
endgames_0387,endgames_0387,endgames,validation,synthetic_endgame_0387,6r1/8/8/8/8/4K3/8/2k5 b - - 0 1,black,c1c2,517.0,0.8597798875571636,1.0,,18,teacher_candidate,endgame,
endgames_0387,endgames_0387,endgames,validation,synthetic_endgame_0387,6r1/8/8/8/8/4K3/8/2k5 b - - 0 1,black,c1d1,450.0,0.809301070201781,0.0,,18,teacher_candidate,endgame,
endgames_0387,endgames_0387,endgames,validation,synthetic_endgame_0387,6r1/8/8/8/8/4K3/8/2k5 b - - 0 1,black,g8a8,488.0,0.8396541756543754,0.0,,18,teacher_candidate,endgame,
endgames_0388,endgames_0388,endgames,validation,synthetic_endgame_0388,8/8/8/5P2/8/1k6/8/K7 w - - 0 1,white,a1b1,372.0,0.7305938960959438,0.0,,2,teacher_candidate,endgame,
endgames_0388,endgames_0388,endgames,validation,synthetic_endgame_0388,8/8/8/5P2/8/1k6/8/K7 w - - 0 1,white,f5f6,487.0,0.8389151737656423,1.0,,2,teacher_candidate,endgame,
endgames_0389,endgames_0389,endgames,validation,synthetic_endgame_0389,8/7p/8/8/1k5K/8/8/8 b - - 0 1,black,b4a3,-13.0,-0.03248856212414491,0.0,,10,teacher_candidate,endgame,
endgames_0389,endgames_0389,endgames,validation,synthetic_endgame_0389,8/7p/8/8/1k5K/8/8/8 b - - 0 1,black,b4a4,-1.0,-0.0024999947916796877,1.0,,10,teacher_candidate,endgame,
endgames_0389,endgames_0389,endgames,validation,synthetic_endgame_0389,8/7p/8/8/1k5K/8/8/8 b - - 0 1,black,b4a5,-6.0,-0.01499887510124078,0.0,,10,teacher_candidate,endgame,
endgames_0389,endgames_0389,endgames,validation,synthetic_endgame_0389,8/7p/8/8/1k5K/8/8/8 b - - 0 1,black,b4b3,-4.0,-0.00999966667999946,0.0,,10,teacher_candidate,endgame,
endgames_0389,endgames_0389,endgames,validation,synthetic_endgame_0389,8/7p/8/8/1k5K/8/8/8 b - - 0 1,black,b4b5,-16.0,-0.03997868031116357,0.0,,10,teacher_candidate,endgame,
endgames_0390,endgames_0390,endgames,validation,synthetic_endgame_0390,8/6k1/2r5/8/8/8/6K1/8 b - - 0 1,black,c6a6,496.0,0.8454555957266803,0.0,,22,teacher_candidate,endgame,
endgames_0390,endgames_0390,endgames,validation,synthetic_endgame_0390,8/6k1/2r5/8/8/8/6K1/8 b - - 0 1,black,c6b6,517.0,0.8597798875571636,1.0,,22,teacher_candidate,endgame,
endgames_0390,endgames_0390,endgames,validation,synthetic_endgame_0390,8/6k1/2r5/8/8/8/6K1/8 b - - 0 1,black,c6c1,482.0,0.8351733637441744,0.0,,22,teacher_candidate,endgame,
endgames_0390,endgames_0390,endgames,validation,synthetic_endgame_0390,8/6k1/2r5/8/8/8/6K1/8 b - - 0 1,black,c6c2,497.0,0.8461671024651277,0.0,,22,teacher_candidate,endgame,
endgames_0390,endgames_0390,endgames,validation,synthetic_endgame_0390,8/6k1/2r5/8/8/8/6K1/8 b - - 0 1,black,c6c3,509.0,0.8544737824712498,0.0,,22,teacher_candidate,endgame,
endgames_0391,endgames_0391,endgames,validation,synthetic_endgame_0391,8/8/8/3k4/8/4P3/4K3/8 w - - 0 1,white,e2d1,-23.0,-0.05743671390287926,0.0,,8,teacher_candidate,endgame,
endgames_0391,endgames_0391,endgames,validation,synthetic_endgame_0391,8/8/8/3k4/8/4P3/4K3/8 w - - 0 1,white,e2d2,-49.0,-0.12189090064943241,0.0,,8,teacher_candidate,endgame,
endgames_0391,endgames_0391,endgames,validation,synthetic_endgame_0391,8/8/8/3k4/8/4P3/4K3/8 w - - 0 1,white,e2d3,2.0,0.004999958333749996,1.0,,8,teacher_candidate,endgame,
endgames_0391,endgames_0391,endgames,validation,synthetic_endgame_0391,8/8/8/3k4/8/4P3/4K3/8 w - - 0 1,white,e2e1,-28.0,-0.06988589031642899,0.0,,8,teacher_candidate,endgame,
endgames_0391,endgames_0391,endgames,validation,synthetic_endgame_0391,8/8/8/3k4/8/4P3/4K3/8 w - - 0 1,white,e2f1,-6.0,-0.01499887510124078,0.0,,8,teacher_candidate,endgame,
endgames_0392,endgames_0392,endgames,validation,synthetic_endgame_0392,8/6K1/8/8/8/8/7k/4q3 b - - 0 1,black,e1a1,604.0,0.9069390509705371,1.0,,26,teacher_candidate,endgame,
endgames_0392,endgames_0392,endgames,validation,synthetic_endgame_0392,8/6K1/8/8/8/8/7k/4q3 b - - 0 1,black,e1a5,524.0,0.8642754128460111,0.0,,26,teacher_candidate,endgame,
endgames_0392,endgames_0392,endgames,validation,synthetic_endgame_0392,8/6K1/8/8/8/8/7k/4q3 b - - 0 1,black,e1b1,538.0,0.8728679633298895,0.0,,26,teacher_candidate,endgame,
endgames_0392,endgames_0392,endgames,validation,synthetic_endgame_0392,8/6K1/8/8/8/8/7k/4q3 b - - 0 1,black,e1b4,521.0,0.8623653574745808,0.0,,26,teacher_candidate,endgame,
endgames_0392,endgames_0392,endgames,validation,synthetic_endgame_0392,8/6K1/8/8/8/8/7k/4q3 b - - 0 1,black,e1c1,559.0,0.8848100694639156,0.0,,26,teacher_candidate,endgame,
endgames_0393,endgames_0393,endgames,validation,synthetic_endgame_0393,8/8/8/8/8/2p5/8/5K1k b - - 0 1,black,c3c2,500.0,0.8482836399575129,1.0,,2,teacher_candidate,endgame,
endgames_0393,endgames_0393,endgames,validation,synthetic_endgame_0393,8/8/8/8/8/2p5/8/5K1k b - - 0 1,black,h1h2,31.0,0.07734521041301597,0.0,,2,teacher_candidate,endgame,
endgames_0394,endgames_0394,endgames,validation,synthetic_endgame_0394,8/8/3r4/8/4K3/8/4k3/8 b - - 0 1,black,d6a6,432.0,0.7931990970835009,0.0,,19,teacher_candidate,endgame,
endgames_0394,endgames_0394,endgames,validation,synthetic_endgame_0394,8/8/3r4/8/4K3/8/4k3/8 b - - 0 1,black,d6b6,427.0,0.7885174828580042,0.0,,19,teacher_candidate,endgame,
endgames_0394,endgames_0394,endgames,validation,synthetic_endgame_0394,8/8/3r4/8/4K3/8/4k3/8 b - - 0 1,black,d6c6,442.0,0.8022878536436613,1.0,,19,teacher_candidate,endgame,
endgames_0394,endgames_0394,endgames,validation,synthetic_endgame_0394,8/8/3r4/8/4K3/8/4k3/8 b - - 0 1,black,d6d1,429.0,0.7904012411743512,0.0,,19,teacher_candidate,endgame,
endgames_0394,endgames_0394,endgames,validation,synthetic_endgame_0394,8/8/3r4/8/4K3/8/4k3/8 b - - 0 1,black,d6d2,432.0,0.7931990970835009,0.0,,19,teacher_candidate,endgame,
endgames_0395,endgames_0395,endgames,validation,synthetic_endgame_0395,8/8/6k1/3P4/8/K7/8/8 w - - 0 1,white,a3a2,-20.0,-0.04995837495787998,0.0,,6,teacher_candidate,endgame,
endgames_0395,endgames_0395,endgames,validation,synthetic_endgame_0395,8/8/6k1/3P4/8/K7/8/8 w - - 0 1,white,a3a4,353.0,0.7076695392052358,1.0,,6,teacher_candidate,endgame,
endgames_0395,endgames_0395,endgames,validation,synthetic_endgame_0395,8/8/6k1/3P4/8/K7/8/8 w - - 0 1,white,a3b2,-19.0,-0.04746430825312217,0.0,,6,teacher_candidate,endgame,
endgames_0395,endgames_0395,endgames,validation,synthetic_endgame_0395,8/8/6k1/3P4/8/K7/8/8 w - - 0 1,white,a3b3,-29.0,-0.07237324046358946,0.0,,6,teacher_candidate,endgame,
endgames_0395,endgames_0395,endgames,validation,synthetic_endgame_0395,8/8/6k1/3P4/8/K7/8/8 w - - 0 1,white,a3b4,330.0,0.6777821008468294,0.0,,6,teacher_candidate,endgame,
endgames_0396,endgames_0396,endgames,validation,synthetic_endgame_0396,8/4k3/8/8/K7/8/8/3R4 w - - 0 1,white,a4a3,475.0,0.8298019099859595,0.0,,19,teacher_candidate,endgame,
endgames_0396,endgames_0396,endgames,validation,synthetic_endgame_0396,8/4k3/8/8/K7/8/8/3R4 w - - 0 1,white,a4a5,491.0,0.8418526462603199,0.0,,19,teacher_candidate,endgame,
endgames_0396,endgames_0396,endgames,validation,synthetic_endgame_0396,8/4k3/8/8/K7/8/8/3R4 w - - 0 1,white,a4b3,497.0,0.8461671024651277,0.0,,19,teacher_candidate,endgame,
endgames_0396,endgames_0396,endgames,validation,synthetic_endgame_0396,8/4k3/8/8/K7/8/8/3R4 w - - 0 1,white,a4b4,467.0,0.8234690786261251,0.0,,19,teacher_candidate,endgame,
endgames_0396,endgames_0396,endgames,validation,synthetic_endgame_0396,8/4k3/8/8/K7/8/8/3R4 w - - 0 1,white,a4b5,505.0,0.8517518696186737,1.0,,19,teacher_candidate,endgame,
endgames_0397,endgames_0397,endgames,validation,synthetic_endgame_0397,2k5/5K2/2p5/8/8/8/8/8 b - - 0 1,black,c6c5,235.0,0.528095199594932,0.0,,6,teacher_candidate,endgame,
endgames_0397,endgames_0397,endgames,validation,synthetic_endgame_0397,2k5/5K2/2p5/8/8/8/8/8 b - - 0 1,black,c8b7,410.0,0.7718952374404182,0.0,,6,teacher_candidate,endgame,
endgames_0397,endgames_0397,endgames,validation,synthetic_endgame_0397,2k5/5K2/2p5/8/8/8/8/8 b - - 0 1,black,c8b8,106.0,0.25896622393478974,0.0,,6,teacher_candidate,endgame,
endgames_0397,endgames_0397,endgames,validation,synthetic_endgame_0397,2k5/5K2/2p5/8/8/8/8/8 b - - 0 1,black,c8c7,379.0,0.7386491539486121,0.0,,6,teacher_candidate,endgame,
endgames_0397,endgames_0397,endgames,validation,synthetic_endgame_0397,2k5/5K2/2p5/8/8/8/8/8 b - - 0 1,black,c8d7,434.0,0.7950459331118053,1.0,,6,teacher_candidate,endgame,
endgames_0398,endgames_0398,endgames,validation,synthetic_endgame_0398,4r3/8/8/8/1k6/8/K7/8 b - - 0 1,black,b4a4,499.0,0.8475811144033204,0.0,,20,teacher_candidate,endgame,
endgames_0398,endgames_0398,endgames,validation,synthetic_endgame_0398,4r3/8/8/8/1k6/8/K7/8 b - - 0 1,black,b4a5,496.0,0.8454555957266803,0.0,,20,teacher_candidate,endgame,
endgames_0398,endgames_0398,endgames,validation,synthetic_endgame_0398,4r3/8/8/8/1k6/8/K7/8 b - - 0 1,black,b4b5,476.0,0.8305788685385285,0.0,,20,teacher_candidate,endgame,
endgames_0398,endgames_0398,endgames,validation,synthetic_endgame_0398,4r3/8/8/8/1k6/8/K7/8 b - - 0 1,black,b4c3,667.0,0.931220385101639,1.0,,20,teacher_candidate,endgame,
endgames_0398,endgames_0398,endgames,validation,synthetic_endgame_0398,4r3/8/8/8/1k6/8/K7/8 b - - 0 1,black,b4c4,513.0,0.8571495748848095,0.0,,20,teacher_candidate,endgame,
endgames_0399,endgames_0399,endgames,validation,synthetic_endgame_0399,8/1k6/1q6/8/8/5K2/8/8 b - - 0 1,black,b6a5,475.0,0.8298019099859595,0.0,,28,teacher_candidate,endgame,
endgames_0399,endgames_0399,endgames,validation,synthetic_endgame_0399,8/1k6/1q6/8/8/5K2/8/8 b - - 0 1,black,b6a6,508.0,0.8537976531552436,1.0,,28,teacher_candidate,endgame,
endgames_0399,endgames_0399,endgames,validation,synthetic_endgame_0399,8/1k6/1q6/8/8/5K2/8/8 b - - 0 1,black,b6a7,483.0,0.8359280001726355,0.0,,28,teacher_candidate,endgame,
endgames_0399,endgames_0399,endgames,validation,synthetic_endgame_0399,8/1k6/1q6/8/8/5K2/8/8 b - - 0 1,black,b6b1,503.0,0.8503734168441159,0.0,,28,teacher_candidate,endgame,
endgames_0399,endgames_0399,endgames,validation,synthetic_endgame_0399,8/1k6/1q6/8/8/5K2/8/8 b - - 0 1,black,b6b2,472.0,0.8274516110081667,0.0,,28,teacher_candidate,endgame,
endgames_0400,endgames_0400,endgames,validation,synthetic_endgame_0400,8/4k3/8/8/5R2/8/1K6/8 w - - 0 1,white,b2a1,471.0,0.8266616689782654,1.0,,22,teacher_candidate,endgame,
endgames_0400,endgames_0400,endgames,validation,synthetic_endgame_0400,8/4k3/8/8/5R2/8/1K6/8 w - - 0 1,white,b2a2,425.0,0.7866188121086977,0.0,,22,teacher_candidate,endgame,
endgames_0400,endgames_0400,endgames,validation,synthetic_endgame_0400,8/4k3/8/8/5R2/8/1K6/8 w - - 0 1,white,b2a3,415.0,0.7768989196342072,0.0,,22,teacher_candidate,endgame,
endgames_0400,endgames_0400,endgames,validation,synthetic_endgame_0400,8/4k3/8/8/5R2/8/1K6/8 w - - 0 1,white,b2b1,403.0,0.7647260157498459,0.0,,22,teacher_candidate,endgame,
endgames_0400,endgames_0400,endgames,validation,synthetic_endgame_0400,8/4k3/8/8/5R2/8/1K6/8 w - - 0 1,white,b2b3,421.0,0.7827764066595579,0.0,,22,teacher_candidate,endgame,
endgames_0401,endgames_0401,endgames,validation,synthetic_endgame_0401,8/1p1K4/8/8/8/2k5/8/8 b - - 0 1,black,b7b5,398.0,0.7594862750644984,0.0,,10,teacher_candidate,endgame,
endgames_0401,endgames_0401,endgames,validation,synthetic_endgame_0401,8/1p1K4/8/8/8/2k5/8/8 b - - 0 1,black,b7b6,-44.0,-0.10955847021442953,0.0,,10,teacher_candidate,endgame,
endgames_0401,endgames_0401,endgames,validation,synthetic_endgame_0401,8/1p1K4/8/8/8/2k5/8/8 b - - 0 1,black,c3b2,4.0,0.00999966667999946,0.0,,10,teacher_candidate,endgame,
endgames_0401,endgames_0401,endgames,validation,synthetic_endgame_0401,8/1p1K4/8/8/8/2k5/8/8 b - - 0 1,black,c3b3,23.0,0.05743671390287926,0.0,,10,teacher_candidate,endgame,
endgames_0401,endgames_0401,endgames,validation,synthetic_endgame_0401,8/1p1K4/8/8/8/2k5/8/8 b - - 0 1,black,c3b4,450.0,0.809301070201781,1.0,,10,teacher_candidate,endgame,
endgames_0402,endgames_0402,endgames,validation,synthetic_endgame_0402,3Q4/8/8/7k/8/8/3K4/8 w - - 0 1,white,d2c1,450.0,0.809301070201781,0.0,,27,teacher_candidate,endgame,
endgames_0402,endgames_0402,endgames,validation,synthetic_endgame_0402,3Q4/8/8/7k/8/8/3K4/8 w - - 0 1,white,d2c2,474.0,0.829021721130387,0.0,,27,teacher_candidate,endgame,
endgames_0402,endgames_0402,endgames,validation,synthetic_endgame_0402,3Q4/8/8/7k/8/8/3K4/8 w - - 0 1,white,d2c3,533.0,0.8698590209439497,1.0,,27,teacher_candidate,endgame,
endgames_0402,endgames_0402,endgames,validation,synthetic_endgame_0402,3Q4/8/8/7k/8/8/3K4/8 w - - 0 1,white,d2d1,466.0,0.8226626734905335,0.0,,27,teacher_candidate,endgame,
endgames_0402,endgames_0402,endgames,validation,synthetic_endgame_0402,3Q4/8/8/7k/8/8/3K4/8 w - - 0 1,white,d2d3,516.0,0.8591265382143658,0.0,,27,teacher_candidate,endgame,
endgames_0403,endgames_0403,endgames,validation,synthetic_endgame_0403,8/6r1/8/8/8/3k4/8/K7 b - - 0 1,black,d3c2,99998.0,1.0,1.0,,22,teacher_candidate,endgame,2.0
endgames_0403,endgames_0403,endgames,validation,synthetic_endgame_0403,8/6r1/8/8/8/3k4/8/K7 b - - 0 1,black,d3c3,599.0,0.9046954633850877,0.0,,22,teacher_candidate,endgame,
endgames_0403,endgames_0403,endgames,validation,synthetic_endgame_0403,8/6r1/8/8/8/3k4/8/K7 b - - 0 1,black,d3c4,536.0,0.8716722471896521,0.0,,22,teacher_candidate,endgame,
endgames_0403,endgames_0403,endgames,validation,synthetic_endgame_0403,8/6r1/8/8/8/3k4/8/K7 b - - 0 1,black,d3d2,504.0,0.8510641096679439,0.0,,22,teacher_candidate,endgame,
endgames_0403,endgames_0403,endgames,validation,synthetic_endgame_0403,8/6r1/8/8/8/3k4/8/K7 b - - 0 1,black,d3d4,507.0,0.853118631283003,0.0,,22,teacher_candidate,endgame,
endgames_0404,endgames_0404,endgames,validation,synthetic_endgame_0404,8/8/7q/8/8/K7/8/4k3 b - - 0 1,black,e1d1,617.0,0.9125395036620289,1.0,,26,teacher_candidate,endgame,
endgames_0404,endgames_0404,endgames,validation,synthetic_endgame_0404,8/8/7q/8/8/K7/8/4k3 b - - 0 1,black,e1d2,545.0,0.8769716366107312,0.0,,26,teacher_candidate,endgame,
endgames_0404,endgames_0404,endgames,validation,synthetic_endgame_0404,8/8/7q/8/8/K7/8/4k3 b - - 0 1,black,e1e2,498.0,0.8468756052963757,0.0,,26,teacher_candidate,endgame,
endgames_0404,endgames_0404,endgames,validation,synthetic_endgame_0404,8/8/7q/8/8/K7/8/4k3 b - - 0 1,black,e1f1,490.0,0.8411229016320433,0.0,,26,teacher_candidate,endgame,
endgames_0404,endgames_0404,endgames,validation,synthetic_endgame_0404,8/8/7q/8/8/K7/8/4k3 b - - 0 1,black,e1f2,515.0,0.8584703762877184,0.0,,26,teacher_candidate,endgame,
endgames_0405,endgames_0405,endgames,validation,synthetic_endgame_0405,8/8/7K/2k5/3R4/8/8/8 w - - 0 1,white,d4a4,395.0,0.7562942984607639,0.0,,19,teacher_candidate,endgame,
endgames_0405,endgames_0405,endgames,validation,synthetic_endgame_0405,8/8/7K/2k5/3R4/8/8/8 w - - 0 1,white,d4b4,-54.0,-0.13418580993090867,0.0,,19,teacher_candidate,endgame,
endgames_0405,endgames_0405,endgames,validation,synthetic_endgame_0405,8/8/7K/2k5/3R4/8/8/8 w - - 0 1,white,d4c4,-72.0,-0.1780808681173302,0.0,,19,teacher_candidate,endgame,
endgames_0405,endgames_0405,endgames,validation,synthetic_endgame_0405,8/8/7K/2k5/3R4/8/8/8 w - - 0 1,white,d4d1,433.0,0.7941243483656557,1.0,,19,teacher_candidate,endgame,
endgames_0405,endgames_0405,endgames,validation,synthetic_endgame_0405,8/8/7K/2k5/3R4/8/8/8 w - - 0 1,white,d4d2,432.0,0.7931990970835009,0.0,,19,teacher_candidate,endgame,
endgames_0406,endgames_0406,endgames,validation,synthetic_endgame_0406,5k2/8/8/8/8/8/1KQ5/8 w - - 0 1,white,b2a1,400.0,0.7615941559557649,0.0,,28,teacher_candidate,endgame,
endgames_0406,endgames_0406,endgames,validation,synthetic_endgame_0406,5k2/8/8/8/8/8/1KQ5/8 w - - 0 1,white,b2a2,433.0,0.7941243483656557,0.0,,28,teacher_candidate,endgame,
endgames_0406,endgames_0406,endgames,validation,synthetic_endgame_0406,5k2/8/8/8/8/8/1KQ5/8 w - - 0 1,white,b2a3,430.0,0.7913375537619973,0.0,,28,teacher_candidate,endgame,
endgames_0406,endgames_0406,endgames,validation,synthetic_endgame_0406,5k2/8/8/8/8/8/1KQ5/8 w - - 0 1,white,b2b1,427.0,0.7885174828580042,0.0,,28,teacher_candidate,endgame,
endgames_0406,endgames_0406,endgames,validation,synthetic_endgame_0406,5k2/8/8/8/8/8/1KQ5/8 w - - 0 1,white,b2b3,510.0,0.8551470292769645,1.0,,28,teacher_candidate,endgame,
endgames_0407,endgames_0407,endgames,validation,synthetic_endgame_0407,8/r4k2/8/8/8/8/4K3/8 b - - 0 1,black,a7a1,489.0,0.8403900815184251,1.0,,19,teacher_candidate,endgame,
endgames_0407,endgames_0407,endgames,validation,synthetic_endgame_0407,8/r4k2/8/8/8/8/4K3/8 b - - 0 1,black,a7a2,471.0,0.8266616689782654,0.0,,19,teacher_candidate,endgame,
endgames_0407,endgames_0407,endgames,validation,synthetic_endgame_0407,8/r4k2/8/8/8/8/4K3/8 b - - 0 1,black,a7a3,486.0,0.8381730655690693,0.0,,19,teacher_candidate,endgame,
endgames_0407,endgames_0407,endgames,validation,synthetic_endgame_0407,8/r4k2/8/8/8/8/4K3/8 b - - 0 1,black,a7a4,463.0,0.820223473492082,0.0,,19,teacher_candidate,endgame,
endgames_0407,endgames_0407,endgames,validation,synthetic_endgame_0407,8/r4k2/8/8/8/8/4K3/8 b - - 0 1,black,a7a5,480.0,0.8336546070121552,0.0,,19,teacher_candidate,endgame,
endgames_0408,endgames_0408,endgames,validation,synthetic_endgame_0408,8/8/8/8/5P2/8/8/2K3k1 w - - 0 1,white,c1b1,492.0,0.8425793256589296,0.0,,6,teacher_candidate,endgame,
endgames_0408,endgames_0408,endgames,validation,synthetic_endgame_0408,8/8/8/8/5P2/8/8/2K3k1 w - - 0 1,white,c1b2,485.0,0.8374278407728539,0.0,,6,teacher_candidate,endgame,
endgames_0408,endgames_0408,endgames,validation,synthetic_endgame_0408,8/8/8/8/5P2/8/8/2K3k1 w - - 0 1,white,c1c2,509.0,0.8544737824712498,0.0,,6,teacher_candidate,endgame,
endgames_0408,endgames_0408,endgames,validation,synthetic_endgame_0408,8/8/8/8/5P2/8/8/2K3k1 w - - 0 1,white,c1d1,470.0,0.8258684551194575,0.0,,6,teacher_candidate,endgame,
endgames_0408,endgames_0408,endgames,validation,synthetic_endgame_0408,8/8/8/8/5P2/8/8/2K3k1 w - - 0 1,white,c1d2,513.0,0.8571495748848095,1.0,,6,teacher_candidate,endgame,
endgames_0409,endgames_0409,endgames,validation,synthetic_endgame_0409,4K3/8/8/8/7k/8/7q/8 b - - 0 1,black,h2a2,437.0,0.797788791179091,0.0,,21,teacher_candidate,endgame,
endgames_0409,endgames_0409,endgames,validation,synthetic_endgame_0409,4K3/8/8/8/7k/8/7q/8 b - - 0 1,black,h2b2,499.0,0.8475811144033204,0.0,,21,teacher_candidate,endgame,
endgames_0409,endgames_0409,endgames,validation,synthetic_endgame_0409,4K3/8/8/8/7k/8/7q/8 b - - 0 1,black,h2b8,442.0,0.8022878536436613,0.0,,21,teacher_candidate,endgame,
endgames_0409,endgames_0409,endgames,validation,synthetic_endgame_0409,4K3/8/8/8/7k/8/7q/8 b - - 0 1,black,h2c2,511.0,0.855817403604612,0.0,,21,teacher_candidate,endgame,
endgames_0409,endgames_0409,endgames,validation,synthetic_endgame_0409,4K3/8/8/8/7k/8/7q/8 b - - 0 1,black,h2c7,655.0,0.9271222691583196,1.0,,21,teacher_candidate,endgame,
endgames_0410,endgames_0410,endgames,validation,synthetic_endgame_0410,2K5/4R3/8/8/8/8/8/k7 w - - 0 1,white,c8b7,419.0,0.7808325091874,0.0,,19,teacher_candidate,endgame,
endgames_0410,endgames_0410,endgames,validation,synthetic_endgame_0410,2K5/4R3/8/8/8/8/8/k7 w - - 0 1,white,c8b8,490.0,0.8411229016320433,0.0,,19,teacher_candidate,endgame,
endgames_0410,endgames_0410,endgames,validation,synthetic_endgame_0410,2K5/4R3/8/8/8/8/8/k7 w - - 0 1,white,c8c7,503.0,0.8503734168441159,1.0,,19,teacher_candidate,endgame,
endgames_0410,endgames_0410,endgames,validation,synthetic_endgame_0410,2K5/4R3/8/8/8/8/8/k7 w - - 0 1,white,c8d7,487.0,0.8389151737656423,0.0,,19,teacher_candidate,endgame,
endgames_0410,endgames_0410,endgames,validation,synthetic_endgame_0410,2K5/4R3/8/8/8/8/8/k7 w - - 0 1,white,c8d8,473.0,0.8282382915975468,0.0,,19,teacher_candidate,endgame,
endgames_0411,endgames_0411,endgames,validation,synthetic_endgame_0411,8/8/3r4/8/8/K7/3k4/8 b - - 0 1,black,d2c1,491.0,0.8418526462603199,0.0,,20,teacher_candidate,endgame,
endgames_0411,endgames_0411,endgames,validation,synthetic_endgame_0411,8/8/3r4/8/8/K7/3k4/8 b - - 0 1,black,d2c2,491.0,0.8418526462603199,0.0,,20,teacher_candidate,endgame,
endgames_0411,endgames_0411,endgames,validation,synthetic_endgame_0411,8/8/3r4/8/8/K7/3k4/8 b - - 0 1,black,d2c3,551.0,0.8803902214206855,1.0,,20,teacher_candidate,endgame,
endgames_0411,endgames_0411,endgames,validation,synthetic_endgame_0411,8/8/3r4/8/8/K7/3k4/8 b - - 0 1,black,d2d1,438.0,0.7986958128717863,0.0,,20,teacher_candidate,endgame,
endgames_0411,endgames_0411,endgames,validation,synthetic_endgame_0411,8/8/3r4/8/8/K7/3k4/8 b - - 0 1,black,d2d3,470.0,0.8258684551194575,0.0,,20,teacher_candidate,endgame,
endgames_0412,endgames_0412,endgames,validation,synthetic_endgame_0412,8/k6P/8/8/2K5/8/8/8 w - - 0 1,white,c4b3,575.0,0.8931933404003516,0.0,,12,teacher_candidate,endgame,
endgames_0412,endgames_0412,endgames,validation,synthetic_endgame_0412,8/k6P/8/8/2K5/8/8/8 w - - 0 1,white,c4b4,575.0,0.8931933404003516,0.0,,12,teacher_candidate,endgame,
endgames_0412,endgames_0412,endgames,validation,synthetic_endgame_0412,8/k6P/8/8/2K5/8/8/8 w - - 0 1,white,c4b5,577.0,0.8941998651897869,0.0,,12,teacher_candidate,endgame,
endgames_0412,endgames_0412,endgames,validation,synthetic_endgame_0412,8/k6P/8/8/2K5/8/8/8 w - - 0 1,white,c4c3,559.0,0.8848100694639156,0.0,,12,teacher_candidate,endgame,
endgames_0412,endgames_0412,endgames,validation,synthetic_endgame_0412,8/k6P/8/8/2K5/8/8/8 w - - 0 1,white,c4c5,653.0,0.9264167831884397,1.0,,12,teacher_candidate,endgame,
endgames_0413,endgames_0413,endgames,validation,synthetic_endgame_0413,8/6q1/8/K7/7k/8/8/8 b - - 0 1,black,g7a1,473.0,0.8282382915975468,0.0,,28,teacher_candidate,endgame,
endgames_0413,endgames_0413,endgames,validation,synthetic_endgame_0413,8/6q1/8/K7/7k/8/8/8 b - - 0 1,black,g7a7,466.0,0.8226626734905335,0.0,,28,teacher_candidate,endgame,
endgames_0413,endgames_0413,endgames,validation,synthetic_endgame_0413,8/6q1/8/K7/7k/8/8/8 b - - 0 1,black,g7b2,464.0,0.8210398813328771,0.0,,28,teacher_candidate,endgame,
endgames_0413,endgames_0413,endgames,validation,synthetic_endgame_0413,8/6q1/8/K7/7k/8/8/8 b - - 0 1,black,g7b7,484.0,0.8366794890768107,1.0,,28,teacher_candidate,endgame,
endgames_0413,endgames_0413,endgames,validation,synthetic_endgame_0413,8/6q1/8/K7/7k/8/8/8 b - - 0 1,black,g7c3,462.0,0.8194037105941603,0.0,,28,teacher_candidate,endgame,
endgames_0414,endgames_0414,endgames,validation,synthetic_endgame_0414,8/K7/8/8/1k6/8/8/2Q5 w - - 0 1,white,a7a6,555.0,0.8826196500158177,0.0,,26,teacher_candidate,endgame,
endgames_0414,endgames_0414,endgames,validation,synthetic_endgame_0414,8/K7/8/8/1k6/8/8/2Q5 w - - 0 1,white,a7a8,510.0,0.8551470292769645,0.0,,26,teacher_candidate,endgame,
endgames_0414,endgames_0414,endgames,validation,synthetic_endgame_0414,8/K7/8/8/1k6/8/8/2Q5 w - - 0 1,white,a7b6,802.0,0.9643791367189491,1.0,,26,teacher_candidate,endgame,
endgames_0414,endgames_0414,endgames,validation,synthetic_endgame_0414,8/K7/8/8/1k6/8/8/2Q5 w - - 0 1,white,a7b7,517.0,0.8597798875571636,0.0,,26,teacher_candidate,endgame,
endgames_0414,endgames_0414,endgames,validation,synthetic_endgame_0414,8/K7/8/8/1k6/8/8/2Q5 w - - 0 1,white,a7b8,530.0,0.8680219810175624,0.0,,26,teacher_candidate,endgame,
endgames_0415,endgames_0415,endgames,validation,synthetic_endgame_0415,8/8/8/8/8/r5k1/8/1K6 b - - 0 1,black,a3a1,-17.0,-0.04247442993254818,0.0,,20,teacher_candidate,endgame,
endgames_0415,endgames_0415,endgames,validation,synthetic_endgame_0415,8/8/8/8/8/r5k1/8/1K6 b - - 0 1,black,a3a2,6.0,0.01499887510124078,0.0,,20,teacher_candidate,endgame,
endgames_0415,endgames_0415,endgames,validation,synthetic_endgame_0415,8/8/8/8/8/r5k1/8/1K6 b - - 0 1,black,a3a4,459.0,0.8169241874133502,0.0,,20,teacher_candidate,endgame,
endgames_0415,endgames_0415,endgames,validation,synthetic_endgame_0415,8/8/8/8/8/r5k1/8/1K6 b - - 0 1,black,a3a5,462.0,0.8194037105941603,1.0,,20,teacher_candidate,endgame,
endgames_0415,endgames_0415,endgames,validation,synthetic_endgame_0415,8/8/8/8/8/r5k1/8/1K6 b - - 0 1,black,a3a6,435.0,0.7959638616217392,0.0,,20,teacher_candidate,endgame,
endgames_0416,endgames_0416,endgames,validation,synthetic_endgame_0416,6k1/5q2/8/4K3/8/8/8/8 b - - 0 1,black,f7a2,415.0,0.7768989196342072,0.0,,26,teacher_candidate,endgame,
endgames_0416,endgames_0416,endgames,validation,synthetic_endgame_0416,6k1/5q2/8/4K3/8/8/8/8 b - - 0 1,black,f7a7,451.0,0.8101619061641351,1.0,,26,teacher_candidate,endgame,
endgames_0416,endgames_0416,endgames,validation,synthetic_endgame_0416,6k1/5q2/8/4K3/8/8/8/8 b - - 0 1,black,f7b3,446.0,0.8058227180270021,0.0,,26,teacher_candidate,endgame,
endgames_0416,endgames_0416,endgames,validation,synthetic_endgame_0416,6k1/5q2/8/4K3/8/8/8/8 b - - 0 1,black,f7b7,438.0,0.7986958128717863,0.0,,26,teacher_candidate,endgame,
endgames_0416,endgames_0416,endgames,validation,synthetic_endgame_0416,6k1/5q2/8/4K3/8/8/8/8 b - - 0 1,black,f7c4,438.0,0.7986958128717863,0.0,,26,teacher_candidate,endgame,
endgames_0417,endgames_0417,endgames,validation,synthetic_endgame_0417,8/7K/8/p7/8/8/8/3k4 b - - 0 1,black,a5a4,518.0,0.8604304342468398,1.0,,6,teacher_candidate,endgame,
endgames_0417,endgames_0417,endgames,validation,synthetic_endgame_0417,8/7K/8/p7/8/8/8/3k4 b - - 0 1,black,d1c1,502.0,0.8496797810357468,0.0,,6,teacher_candidate,endgame,
endgames_0417,endgames_0417,endgames,validation,synthetic_endgame_0417,8/7K/8/p7/8/8/8/3k4 b - - 0 1,black,d1c2,501.0,0.8489831921189297,0.0,,6,teacher_candidate,endgame,
endgames_0417,endgames_0417,endgames,validation,synthetic_endgame_0417,8/7K/8/p7/8/8/8/3k4 b - - 0 1,black,d1d2,501.0,0.8489831921189297,0.0,,6,teacher_candidate,endgame,
endgames_0417,endgames_0417,endgames,validation,synthetic_endgame_0417,8/7K/8/p7/8/8/8/3k4 b - - 0 1,black,d1e1,452.0,0.8110192620996813,0.0,,6,teacher_candidate,endgame,
endgames_0418,endgames_0418,endgames,validation,synthetic_endgame_0418,8/8/8/8/2K5/8/7r/7k b - - 0 1,black,h1g1,476.0,0.8305788685385285,0.0,,15,teacher_candidate,endgame,
endgames_0418,endgames_0418,endgames,validation,synthetic_endgame_0418,8/8/8/8/2K5/8/7r/7k b - - 0 1,black,h1g2,451.0,0.8101619061641351,0.0,,15,teacher_candidate,endgame,
endgames_0418,endgames_0418,endgames,validation,synthetic_endgame_0418,8/8/8/8/2K5/8/7r/7k b - - 0 1,black,h2a2,476.0,0.8305788685385285,0.0,,15,teacher_candidate,endgame,
endgames_0418,endgames_0418,endgames,validation,synthetic_endgame_0418,8/8/8/8/2K5/8/7r/7k b - - 0 1,black,h2b2,462.0,0.8194037105941603,0.0,,15,teacher_candidate,endgame,
endgames_0418,endgames_0418,endgames,validation,synthetic_endgame_0418,8/8/8/8/2K5/8/7r/7k b - - 0 1,black,h2c2,492.0,0.8425793256589296,1.0,,15,teacher_candidate,endgame,
endgames_0419,endgames_0419,endgames,validation,synthetic_endgame_0419,q7/8/5K1k/8/8/8/8/8 b - - 0 1,black,a8a1,514.0,0.8578113918314256,0.0,,23,teacher_candidate,endgame,
endgames_0419,endgames_0419,endgames,validation,synthetic_endgame_0419,q7/8/5K1k/8/8/8/8/8 b - - 0 1,black,a8a2,481.0,0.8344155694676939,0.0,,23,teacher_candidate,endgame,
endgames_0419,endgames_0419,endgames,validation,synthetic_endgame_0419,q7/8/5K1k/8/8/8/8/8 b - - 0 1,black,a8a3,457.0,0.8152542057275878,0.0,,23,teacher_candidate,endgame,
endgames_0419,endgames_0419,endgames,validation,synthetic_endgame_0419,q7/8/5K1k/8/8/8/8/8 b - - 0 1,black,a8a4,444.0,0.8040623914048921,0.0,,23,teacher_candidate,endgame,
endgames_0419,endgames_0419,endgames,validation,synthetic_endgame_0419,q7/8/5K1k/8/8/8/8/8 b - - 0 1,black,a8a5,569.0,0.8901193004193375,1.0,,23,teacher_candidate,endgame,
