position_id,lesson_id,stage,split,source_game_id,fen,side_to_move,move_uci,teacher_cp,teacher_target,is_best,is_positive,legal_move_count,candidate_type,motif,mate_distance,movement_piece,blocker_present
1944,mates_0000,mates,train,generated_0038,rn1qk1nr/p2bb1p1/1p2pp1p/3p1NN1/1p3P2/B3P3/P1PP2PP/R2QKB1R b KQkq - 1 10,black,e6f5,614.0,0.9112763448216872,1,,25,teacher_candidate,mates,-3.0,,
1944,mates_0000,mates,train,generated_0038,rn1qk1nr/p2bb1p1/1p2pp1p/3p1NN1/1p3P2/B3P3/P1PP2PP/R2QKB1R b KQkq - 1 10,black,h6g5,533.0,0.8698590209439497,0,,25,teacher_candidate,mates,,,
1944,mates_0000,mates,train,generated_0038,rn1qk1nr/p2bb1p1/1p2pp1p/3p1NN1/1p3P2/B3P3/P1PP2PP/R2QKB1R b KQkq - 1 10,black,f6g5,327.0,0.6737068757188618,0,,25,teacher_candidate,mates,,,
1944,mates_0000,mates,train,generated_0038,rn1qk1nr/p2bb1p1/1p2pp1p/3p1NN1/1p3P2/B3P3/P1PP2PP/R2QKB1R b KQkq - 1 10,black,d8c7,-879.0,-0.975623023939446,0,,25,teacher_candidate,mates,,,
1944,mates_0000,mates,train,generated_0038,rn1qk1nr/p2bb1p1/1p2pp1p/3p1NN1/1p3P2/B3P3/P1PP2PP/R2QKB1R b KQkq - 1 10,black,e7d6,-99997.0,-1.0,0,,25,teacher_candidate,mates,-3.0,,
4147,mates_0001,mates,train,generated_0082,rnNqkb1r/p1pppp2/6p1/1p5p/4B1P1/4P3/PPPP1n1P/R1BQ1KNR b kq - 0 9,black,f2d1,638.0,0.920912440898094,1,,28,teacher_candidate,mates,,,
4147,mates_0001,mates,train,generated_0082,rnNqkb1r/p1pppp2/6p1/1p5p/4B1P1/4P3/PPPP1n1P/R1BQ1KNR b kq - 0 9,black,f2e4,621.0,0.9141970392864124,0,,28,teacher_candidate,mates,,,
4147,mates_0001,mates,train,generated_0082,rnNqkb1r/p1pppp2/6p1/1p5p/4B1P1/4P3/PPPP1n1P/R1BQ1KNR b kq - 0 9,black,d7d5,130.0,0.3140209253469976,0,,28,teacher_candidate,mates,,,
4147,mates_0001,mates,train,generated_0082,rnNqkb1r/p1pppp2/6p1/1p5p/4B1P1/4P3/PPPP1n1P/R1BQ1KNR b kq - 0 9,black,a7a5,-411.0,-0.7729037335620444,0,,28,teacher_candidate,mates,,,
4147,mates_0001,mates,train,generated_0082,rnNqkb1r/p1pppp2/6p1/1p5p/4B1P1/4P3/PPPP1n1P/R1BQ1KNR b kq - 0 9,black,f7f6,-99999.0,-1.0,0,,28,teacher_candidate,mates,-1.0,,
2481,mates_0002,mates,train,generated_0049,r3kbnr/ppp1p1pp/B3Pp2/3p4/1q6/2P2N2/P2PKPbP/RNBQ3R w kq - 0 9,white,c3b4,728.0,0.9488384233759848,1,,33,teacher_candidate,mates,,,
2481,mates_0002,mates,train,generated_0049,r3kbnr/ppp1p1pp/B3Pp2/3p4/1q6/2P2N2/P2PKPbP/RNBQ3R w kq - 0 9,white,h1g1,380.0,0.7397830512740042,0,,33,teacher_candidate,mates,-1.0,,
2481,mates_0002,mates,train,generated_0049,r3kbnr/ppp1p1pp/B3Pp2/3p4/1q6/2P2N2/P2PKPbP/RNBQ3R w kq - 0 9,white,d2d3,347.0,0.7001017166719224,0,,33,teacher_candidate,mates,,,
2481,mates_0002,mates,train,generated_0049,r3kbnr/ppp1p1pp/B3Pp2/3p4/1q6/2P2N2/P2PKPbP/RNBQ3R w kq - 0 9,white,d1a4,-891.0,-0.9770263217408068,0,,33,teacher_candidate,mates,,,
2481,mates_0002,mates,train,generated_0049,r3kbnr/ppp1p1pp/B3Pp2/3p4/1q6/2P2N2/P2PKPbP/RNBQ3R w kq - 0 9,white,h2h4,-99999.0,-1.0,0,,33,teacher_candidate,mates,-1.0,,
2157,mates_0003,mates,train,generated_0043,rnbk1bn1/ppNpppp1/7r/2p4p/8/5PP1/PqPPPK1P/1RBQ1BNR w - - 0 8,white,c7e6,847.0,0.9714537242590624,1,,28,teacher_candidate,mates,,,
2157,mates_0003,mates,train,generated_0043,rnbk1bn1/ppNpppp1/7r/2p4p/8/5PP1/PqPPPK1P/1RBQ1BNR w - - 0 8,white,b1b2,521.0,0.8623653574745808,0,,28,teacher_candidate,mates,,,
2157,mates_0003,mates,train,generated_0043,rnbk1bn1/ppNpppp1/7r/2p4p/8/5PP1/PqPPPK1P/1RBQ1BNR w - - 0 8,white,c1b2,497.0,0.8461671024651277,0,,28,teacher_candidate,mates,,,
2157,mates_0003,mates,train,generated_0043,rnbk1bn1/ppNpppp1/7r/2p4p/8/5PP1/PqPPPK1P/1RBQ1BNR w - - 0 8,white,f2g2,265.0,0.5800247468527949,0,,28,teacher_candidate,mates,,,
2157,mates_0003,mates,train,generated_0043,rnbk1bn1/ppNpppp1/7r/2p4p/8/5PP1/PqPPPK1P/1RBQ1BNR w - - 0 8,white,f2e3,-99999.0,-1.0,0,,28,teacher_candidate,mates,-1.0,,
385,mates_0004,mates,train,generated_0007,r1b1kb1r/1p1n1ppp/pqp5/PN1pp3/1P4nP/3P4/2P1PPPR/R1BQKBN1 w Qkq - 1 9,white,a5b6,448.0,0.8075689165786144,1,,33,teacher_candidate,mates,,,
385,mates_0004,mates,train,generated_0007,r1b1kb1r/1p1n1ppp/pqp5/PN1pp3/1P4nP/3P4/2P1PPPR/R1BQKBN1 w Qkq - 1 9,white,b5d6,-29.0,-0.0723732404635894,0,,33,teacher_candidate,mates,,,
385,mates_0004,mates,train,generated_0007,r1b1kb1r/1p1n1ppp/pqp5/PN1pp3/1P4nP/3P4/2P1PPPR/R1BQKBN1 w Qkq - 1 9,white,e2e3,-428.0,-0.7894612209549805,0,,33,teacher_candidate,mates,,,
385,mates_0004,mates,train,generated_0007,r1b1kb1r/1p1n1ppp/pqp5/PN1pp3/1P4nP/3P4/2P1PPPR/R1BQKBN1 w Qkq - 1 9,white,c2c3,-1063.0,-0.9902135651176432,0,,33,teacher_candidate,mates,,,
385,mates_0004,mates,train,generated_0007,r1b1kb1r/1p1n1ppp/pqp5/PN1pp3/1P4nP/3P4/2P1PPPR/R1BQKBN1 w Qkq - 1 9,white,e2e4,-99999.0,-1.0,0,,33,teacher_candidate,mates,-1.0,,
1750,mates_0005,mates,train,generated_0035,rnb1kb2/1pppqppr/p3p3/7p/2PP1Pn1/N4N2/PP1BP2P/R2QKB1R w KQq - 0 10,white,f3g5,103.0,0.2519557155332075,1,,31,teacher_candidate,mates,,,
1750,mates_0005,mates,train,generated_0035,rnb1kb2/1pppqppr/p3p3/7p/2PP1Pn1/N4N2/PP1BP2P/R2QKB1R w KQq - 0 10,white,e2e3,82.0,0.2021757576967395,0,,31,teacher_candidate,mates,,,
1750,mates_0005,mates,train,generated_0035,rnb1kb2/1pppqppr/p3p3/7p/2PP1Pn1/N4N2/PP1BP2P/R2QKB1R w KQq - 0 10,white,e2e4,81.0,0.1997767377279966,0,,31,teacher_candidate,mates,,,
1750,mates_0005,mates,train,generated_0035,rnb1kb2/1pppqppr/p3p3/7p/2PP1Pn1/N4N2/PP1BP2P/R2QKB1R w KQq - 0 10,white,d4d5,-41.0,-0.1021425386146839,0,,31,teacher_candidate,mates,,,
1750,mates_0005,mates,train,generated_0035,rnb1kb2/1pppqppr/p3p3/7p/2PP1Pn1/N4N2/PP1BP2P/R2QKB1R w KQq - 0 10,white,f3h4,-99999.0,-1.0,0,,31,teacher_candidate,mates,-1.0,,
896,mates_0006,mates,train,generated_0017,1nbqkbnr/rpppp3/B5pp/pP6/4PpQ1/N7/P1PP1PPP/1RB1K1NR b Kk - 0 7,black,g6g5,-154.0,-0.3670417874726313,1,,20,teacher_candidate,mates,-1.0,,
896,mates_0006,mates,train,generated_0017,1nbqkbnr/rpppp3/B5pp/pP6/4PpQ1/N7/P1PP1PPP/1RB1K1NR b Kk - 0 7,black,e8f7,-175.0,-0.4115700556740224,0,,20,teacher_candidate,mates,,,
896,mates_0006,mates,train,generated_0017,1nbqkbnr/rpppp3/B5pp/pP6/4PpQ1/N7/P1PP1PPP/1RB1K1NR b Kk - 0 7,black,f8g7,-175.0,-0.4115700556740224,0,,20,teacher_candidate,mates,,,
896,mates_0006,mates,train,generated_0017,1nbqkbnr/rpppp3/B5pp/pP6/4PpQ1/N7/P1PP1PPP/1RB1K1NR b Kk - 0 7,black,a7a8,-99999.0,-1.0,0,,20,teacher_candidate,mates,-1.0,,
896,mates_0006,mates,train,generated_0017,1nbqkbnr/rpppp3/B5pp/pP6/4PpQ1/N7/P1PP1PPP/1RB1K1NR b Kk - 0 7,black,h6h5,-99999.0,-1.0,0,,20,teacher_candidate,mates,-1.0,,
157,mates_0007,mates,train,generated_0003,r1b3nr/ppp1kp1p/n2p2pb/1P2P3/1B5q/6PP/P1PPP3/RN1QKBNR b KQ - 0 8,black,h4g3,99999.0,1.0,1,,38,teacher_candidate,mates,1.0,,
157,mates_0007,mates,train,generated_0003,r1b3nr/ppp1kp1p/n2p2pb/1P2P3/1B5q/6PP/P1PPP3/RN1QKBNR b KQ - 0 8,black,h4b4,90.0,0.221278467898444,0,,38,teacher_candidate,mates,,,
157,mates_0007,mates,train,generated_0003,r1b3nr/ppp1kp1p/n2p2pb/1P2P3/1B5q/6PP/P1PPP3/RN1QKBNR b KQ - 0 8,black,h4c4,28.0,0.0698858903164289,0,,38,teacher_candidate,mates,,,
157,mates_0007,mates,train,generated_0003,r1b3nr/ppp1kp1p/n2p2pb/1P2P3/1B5q/6PP/P1PPP3/RN1QKBNR b KQ - 0 8,black,b7b6,-909.0,-0.97898286022194,0,,38,teacher_candidate,mates,,,
157,mates_0007,mates,train,generated_0003,r1b3nr/ppp1kp1p/n2p2pb/1P2P3/1B5q/6PP/P1PPP3/RN1QKBNR b KQ - 0 8,black,h4h3,-1039.0,-0.9889727050784304,0,,38,teacher_candidate,mates,,,
4350,mates_0008,mates,train,generated_0087,r1bqkb2/pp1ppppr/6np/2p5/P1PP3N/N3PP2/1PQ3Pn/R1B1KB1R b KQq - 1 10,black,h2f1,-209.0,-0.4796272133393758,1,,24,teacher_candidate,mates,,,
4350,mates_0008,mates,train,generated_0087,r1bqkb2/pp1ppppr/6np/2p5/P1PP3N/N3PP2/1PQ3Pn/R1B1KB1R b KQq - 1 10,black,g6h4,-285.0,-0.6122421243522802,0,,24,teacher_candidate,mates,,,
4350,mates_0008,mates,train,generated_0087,r1bqkb2/pp1ppppr/6np/2p5/P1PP3N/N3PP2/1PQ3Pn/R1B1KB1R b KQq - 1 10,black,e7e5,-345.0,-0.6975434949818516,0,,24,teacher_candidate,mates,,,
4350,mates_0008,mates,train,generated_0087,r1bqkb2/pp1ppppr/6np/2p5/P1PP3N/N3PP2/1PQ3Pn/R1B1KB1R b KQq - 1 10,black,a7a6,-729.0,-0.9490870970957774,0,,24,teacher_candidate,mates,,,
4350,mates_0008,mates,train,generated_0087,r1bqkb2/pp1ppppr/6np/2p5/P1PP3N/N3PP2/1PQ3Pn/R1B1KB1R b KQq - 1 10,black,f7f6,-99999.0,-1.0,0,,24,teacher_candidate,mates,-1.0,,
2281,mates_0009,mates,train,generated_0045,rnb1kb1r/pp1p1pp1/6Q1/2p1pn1p/1P2P3/6Pq/P1PP1P2/RNB1KBNR w KQkq - 1 9,white,h1h3,220.0,0.5005202111902353,1,,44,teacher_candidate,mates,,,
2281,mates_0009,mates,train,generated_0045,rnb1kb1r/pp1p1pp1/6Q1/2p1pn1p/1P2P3/6Pq/P1PP1P2/RNB1KBNR w KQkq - 1 9,white,g6f7,144.0,0.3452140341355209,0,,44,teacher_candidate,mates,,,
2281,mates_0009,mates,train,generated_0045,rnb1kb1r/pp1p1pp1/6Q1/2p1pn1p/1P2P3/6Pq/P1PP1P2/RNB1KBNR w KQkq - 1 9,white,g1h3,96.0,0.2354957495384979,0,,44,teacher_candidate,mates,,,
2281,mates_0009,mates,train,generated_0045,rnb1kb1r/pp1p1pp1/6Q1/2p1pn1p/1P2P3/6Pq/P1PP1P2/RNB1KBNR w KQkq - 1 9,white,g6f6,-618.0,-0.9129567300894555,0,,44,teacher_candidate,mates,,,
2281,mates_0009,mates,train,generated_0045,rnb1kb1r/pp1p1pp1/6Q1/2p1pn1p/1P2P3/6Pq/P1PP1P2/RNB1KBNR w KQkq - 1 9,white,e1d1,-99999.0,-1.0,0,,44,teacher_candidate,mates,-1.0,,
3154,mates_0010,mates,train,generated_0063,rnb1kbnr/pp1ppp1p/8/2q5/5P2/2P3p1/PP1PP1PP/R1BQKBNR w KQkq - 1 7,white,g1h3,-258.0,-0.5682943783549709,1,,19,teacher_candidate,mates,,,
3154,mates_0010,mates,train,generated_0063,rnb1kbnr/pp1ppp1p/8/2q5/5P2/2P3p1/PP1PP1PP/R1BQKBNR w KQkq - 1 7,white,e2e3,-259.0,-0.5699845772562152,0,,19,teacher_candidate,mates,,,
3154,mates_0010,mates,train,generated_0063,rnb1kbnr/pp1ppp1p/8/2q5/5P2/2P3p1/PP1PP1PP/R1BQKBNR w KQkq - 1 7,white,h2g3,-268.0,-0.5849798828807288,0,,19,teacher_candidate,mates,,,
3154,mates_0010,mates,train,generated_0063,rnb1kbnr/pp1ppp1p/8/2q5/5P2/2P3p1/PP1PP1PP/R1BQKBNR w KQkq - 1 7,white,a2a3,-99999.0,-1.0,0,,19,teacher_candidate,mates,-1.0,,
3154,mates_0010,mates,train,generated_0063,rnb1kbnr/pp1ppp1p/8/2q5/5P2/2P3p1/PP1PP1PP/R1BQKBNR w KQkq - 1 7,white,h2h4,-99999.0,-1.0,0,,19,teacher_candidate,mates,-1.0,,
2618,mates_0011,mates,train,generated_0052,2rqk1nr/2ppp2Q/bpn2p1b/P5pP/P1P4R/8/3PPPP1/RNB1KBN1 b Qk - 0 10,black,h8h7,601.0,0.9055989993239618,1,,24,teacher_candidate,mates,,,
2618,mates_0011,mates,train,generated_0052,2rqk1nr/2ppp2Q/bpn2p1b/P5pP/P1P4R/8/3PPPP1/RNB1KBN1 b Qk - 0 10,black,e8f8,-162.0,-0.3842190086035763,0,,24,teacher_candidate,mates,,,
2618,mates_0011,mates,train,generated_0052,2rqk1nr/2ppp2Q/bpn2p1b/P5pP/P1P4R/8/3PPPP1/RNB1KBN1 b Qk - 0 10,black,a6c4,-188.0,-0.4381993148327677,0,,24,teacher_candidate,mates,,,
2618,mates_0011,mates,train,generated_0052,2rqk1nr/2ppp2Q/bpn2p1b/P5pP/P1P4R/8/3PPPP1/RNB1KBN1 b Qk - 0 10,black,c8a8,-575.0,-0.8931933404003516,0,,24,teacher_candidate,mates,,,
2618,mates_0011,mates,train,generated_0052,2rqk1nr/2ppp2Q/bpn2p1b/P5pP/P1P4R/8/3PPPP1/RNB1KBN1 b Qk - 0 10,black,h6f8,-99999.0,-1.0,0,,24,teacher_candidate,mates,-1.0,,
200,mates_0012,mates,train,generated_0004,rnbqkbnr/1ppp4/B3pP1p/4N1p1/8/N1P5/PP1P1PPP/R1BQK2R b KQkq - 0 8,black,g8f6,-132.0,-0.3185207769027708,1,,24,teacher_candidate,mates,,,
200,mates_0012,mates,train,generated_0004,rnbqkbnr/1ppp4/B3pP1p/4N1p1/8/N1P5/PP1P1PPP/R1BQK2R b KQkq - 0 8,black,b8a6,-268.0,-0.5849798828807288,0,,24,teacher_candidate,mates,-1.0,,
200,mates_0012,mates,train,generated_0004,rnbqkbnr/1ppp4/B3pP1p/4N1p1/8/N1P5/PP1P1PPP/R1BQK2R b KQkq - 0 8,black,f8a3,-298.0,-0.6321565451609915,0,,24,teacher_candidate,mates,-2.0,,
200,mates_0012,mates,train,generated_0004,rnbqkbnr/1ppp4/B3pP1p/4N1p1/8/N1P5/PP1P1PPP/R1BQK2R b KQkq - 0 8,black,b7b6,-595.0,-0.9028636912994878,0,,24,teacher_candidate,mates,-1.0,,
200,mates_0012,mates,train,generated_0004,rnbqkbnr/1ppp4/B3pP1p/4N1p1/8/N1P5/PP1P1PPP/R1BQK2R b KQkq - 0 8,black,a8a6,-99999.0,-1.0,0,,24,teacher_candidate,mates,-1.0,,
4122,mates_0013,mates,train,generated_0082,r1bqkb1r/p1ppp1pn/4n2p/5p2/1p2PP2/BP3QPN/P1PP3P/RN3K1R b kq - 1 10,black,e6d4,802.0,0.9643791367189491,1,,22,teacher_candidate,mates,-2.0,,
4122,mates_0013,mates,train,generated_0082,r1bqkb1r/p1ppp1pn/4n2p/5p2/1p2PP2/BP3QPN/P1PP3P/RN3K1R b kq - 1 10,black,c8a6,746.0,0.9531386646526594,0,,22,teacher_candidate,mates,,,
4122,mates_0013,mates,train,generated_0082,r1bqkb1r/p1ppp1pn/4n2p/5p2/1p2PP2/BP3QPN/P1PP3P/RN3K1R b kq - 1 10,black,a8b8,630.0,0.91781744359907,0,,22,teacher_candidate,mates,-2.0,,
4122,mates_0013,mates,train,generated_0082,r1bqkb1r/p1ppp1pn/4n2p/5p2/1p2PP2/BP3QPN/P1PP3P/RN3K1R b kq - 1 10,black,a7a6,492.0,0.8425793256589296,0,,22,teacher_candidate,mates,-2.0,,
4122,mates_0013,mates,train,generated_0082,r1bqkb1r/p1ppp1pn/4n2p/5p2/1p2PP2/BP3QPN/P1PP3P/RN3K1R b kq - 1 10,black,h6h5,-99998.0,-1.0,0,,22,teacher_candidate,mates,-2.0,,
4453,mates_0014,mates,train,generated_0089,r1bqkb1r/1ppn1pp1/pn6/3pp1Q1/3P3N/4P3/PPPN1PPP/R1B1KB1R b KQkq - 4 9,black,d8g5,539.0,0.8734619197750799,1,,28,teacher_candidate,mates,,,
4453,mates_0014,mates,train,generated_0089,r1bqkb1r/1ppn1pp1/pn6/3pp1Q1/3P3N/4P3/PPPN1PPP/R1B1KB1R b KQkq - 4 9,black,h8h4,468.0,0.8242721703413975,0,,28,teacher_candidate,mates,,,
4453,mates_0014,mates,train,generated_0089,r1bqkb1r/1ppn1pp1/pn6/3pp1Q1/3P3N/4P3/PPPN1PPP/R1B1KB1R b KQkq - 4 9,black,f8e7,340.0,0.6910694698329306,0,,28,teacher_candidate,mates,,,
4453,mates_0014,mates,train,generated_0089,r1bqkb1r/1ppn1pp1/pn6/3pp1Q1/3P3N/4P3/PPPN1PPP/R1B1KB1R b KQkq - 4 9,black,b6a4,-58.0,-0.1439922658630372,0,,28,teacher_candidate,mates,,,
4453,mates_0014,mates,train,generated_0089,r1bqkb1r/1ppn1pp1/pn6/3pp1Q1/3P3N/4P3/PPPN1PPP/R1B1KB1R b KQkq - 4 9,black,f7f5,-99998.0,-1.0,0,,28,teacher_candidate,mates,-2.0,,
1577,mates_0015,mates,train,generated_0031,r4knr/pppQ1pp1/n6p/4p1q1/1bBpP3/6PP/P1PP1P2/RNB1K1NR w KQ - 0 10,white,d7f7,99999.0,1.0,1,,41,teacher_candidate,mates,1.0,,
1577,mates_0015,mates,train,generated_0031,r4knr/pppQ1pp1/n6p/4p1q1/1bBpP3/6PP/P1PP1P2/RNB1K1NR w KQ - 0 10,white,e1e2,851.0,0.972011067961144,0,,41,teacher_candidate,mates,,,
1577,mates_0015,mates,train,generated_0031,r4knr/pppQ1pp1/n6p/4p1q1/1bBpP3/6PP/P1PP1P2/RNB1K1NR w KQ - 0 10,white,e1d1,836.0,0.9698640203788144,0,,41,teacher_candidate,mates,,,
1577,mates_0015,mates,train,generated_0031,r4knr/pppQ1pp1/n6p/4p1q1/1bBpP3/6PP/P1PP1P2/RNB1K1NR w KQ - 0 10,white,d7a4,557.0,0.883719698991578,0,,41,teacher_candidate,mates,,,
1577,mates_0015,mates,train,generated_0031,r4knr/pppQ1pp1/n6p/4p1q1/1bBpP3/6PP/P1PP1P2/RNB1K1NR w KQ - 0 10,white,d7d4,-966.0,-0.98415351575153,0,,41,teacher_candidate,mates,,,
1269,mates_0016,mates,train,generated_0025,r2qkbnr/pppbp1pp/Q7/3p1p2/8/1PP5/P2PPPPP/RNBK1BNR b kq - 0 9,black,b7a6,796.0,0.9633142186045134,1,,25,teacher_candidate,mates,,,
1269,mates_0016,mates,train,generated_0025,r2qkbnr/pppbp1pp/Q7/3p1p2/8/1PP5/P2PPPPP/RNBK1BNR b kq - 0 9,black,b7b5,118.0,0.2867302913888035,0,,25,teacher_candidate,mates,,,
1269,mates_0016,mates,train,generated_0025,r2qkbnr/pppbp1pp/Q7/3p1p2/8/1PP5/P2PPPPP/RNBK1BNR b kq - 0 9,black,d8c8,-120.0,-0.2913126124515909,0,,25,teacher_candidate,mates,,,
1269,mates_0016,mates,train,generated_0025,r2qkbnr/pppbp1pp/Q7/3p1p2/8/1PP5/P2PPPPP/RNBK1BNR b kq - 0 9,black,c7c5,-398.0,-0.7594862750644984,0,,25,teacher_candidate,mates,,,
1269,mates_0016,mates,train,generated_0025,r2qkbnr/pppbp1pp/Q7/3p1p2/8/1PP5/P2PPPPP/RNBK1BNR b kq - 0 9,black,h7h6,-99999.0,-1.0,0,,25,teacher_candidate,mates,-1.0,,
1574,mates_0017,mates,train,generated_0031,rn1qkbnr/pppbp3/6p1/1B1pPpQp/3P4/7N/PPPB1PPP/RN2K2R w KQ - 0 10,white,g5g6,99999.0,1.0,1,,46,teacher_candidate,mates,1.0,,
1574,mates_0017,mates,train,generated_0031,rn1qkbnr/pppbp3/6p1/1B1pPpQp/3P4/7N/PPPB1PPP/RN2K2R w KQ - 0 10,white,e5e6,828.0,0.9686534238679028,0,,46,teacher_candidate,mates,,,
1574,mates_0017,mates,train,generated_0031,rn1qkbnr/pppbp3/6p1/1B1pPpQp/3P4/7N/PPPB1PPP/RN2K2R w KQ - 0 10,white,a2a4,792.0,0.9625869800912908,0,,46,teacher_candidate,mates,,,
1574,mates_0017,mates,train,generated_0031,rn1qkbnr/pppbp3/6p1/1B1pPpQp/3P4/7N/PPPB1PPP/RN2K2R w KQ - 0 10,white,e1g1,282.0,0.6075318872684418,0,,46,teacher_candidate,mates,,,
1574,mates_0017,mates,train,generated_0031,rn1qkbnr/pppbp3/6p1/1B1pPpQp/3P4/7N/PPPB1PPP/RN2K2R w KQ - 0 10,white,g5f6,-893.0,-0.9772523136902562,0,,46,teacher_candidate,mates,,,
2517,mates_0018,mates,train,generated_0050,r2qkb1r/p1pppppp/b7/1p4N1/Pn2n2P/5QP1/1PPP1P2/RNB1KB1R w KQkq - 3 9,white,f3f7,99999.0,1.0,1,,44,teacher_candidate,mates,1.0,,
2517,mates_0018,mates,train,generated_0050,r2qkb1r/p1pppppp/b7/1p4N1/Pn2n2P/5QP1/1PPP1P2/RNB1KB1R w KQkq - 3 9,white,f3e4,477.0,0.831352607157051,0,,44,teacher_candidate,mates,,,
2517,mates_0018,mates,train,generated_0050,r2qkb1r/p1pppppp/b7/1p4N1/Pn2n2P/5QP1/1PPP1P2/RNB1KB1R w KQkq - 3 9,white,g5f7,260.0,0.5716699660851172,0,,44,teacher_candidate,mates,,,
2517,mates_0018,mates,train,generated_0050,r2qkb1r/p1pppppp/b7/1p4N1/Pn2n2P/5QP1/1PPP1P2/RNB1KB1R w KQkq - 3 9,white,f1g2,-347.0,-0.7001017166719224,0,,44,teacher_candidate,mates,,,
2517,mates_0018,mates,train,generated_0050,r2qkb1r/p1pppppp/b7/1p4N1/Pn2n2P/5QP1/1PPP1P2/RNB1KB1R w KQkq - 3 9,white,f3f6,-974.0,-0.9847701337512216,0,,44,teacher_candidate,mates,,,
2462,mates_0019,mates,train,generated_0049,1n1qkbnr/1p2pp1p/1rp5/3B2p1/pP1P1Qb1/2N1P3/P1PK1P1P/R1B3NR b k - 0 10,black,g5f4,978.0,0.9850694539943046,1,,34,teacher_candidate,mates,,,
2462,mates_0019,mates,train,generated_0049,1n1qkbnr/1p2pp1p/1rp5/3B2p1/pP1P1Qb1/2N1P3/P1PK1P1P/R1B3NR b k - 0 10,black,g8f6,503.0,0.8503734168441159,0,,34,teacher_candidate,mates,,,
2462,mates_0019,mates,train,generated_0049,1n1qkbnr/1p2pp1p/1rp5/3B2p1/pP1P1Qb1/2N1P3/P1PK1P1P/R1B3NR b k - 0 10,black,g4e6,408.0,0.7698665359089004,0,,34,teacher_candidate,mates,,,
2462,mates_0019,mates,train,generated_0049,1n1qkbnr/1p2pp1p/1rp5/3B2p1/pP1P1Qb1/2N1P3/P1PK1P1P/R1B3NR b k - 0 10,black,e8d7,-530.0,-0.8680219810175624,0,,34,teacher_candidate,mates,,,
2462,mates_0019,mates,train,generated_0049,1n1qkbnr/1p2pp1p/1rp5/3B2p1/pP1P1Qb1/2N1P3/P1PK1P1P/R1B3NR b k - 0 10,black,g4d7,-99999.0,-1.0,0,,34,teacher_candidate,mates,-1.0,,
1123,mates_0020,mates,train,generated_0022,r1b1kb1r/ppp1pp2/P2B4/3pnqpp/P1P1P3/6P1/3P1P1P/RN1QKBNR w KQkq - 1 10,white,e4f5,748.0,0.953594123708712,1,,38,teacher_candidate,mates,,,
1123,mates_0020,mates,train,generated_0022,r1b1kb1r/ppp1pp2/P2B4/3pnqpp/P1P1P3/6P1/3P1P1P/RN1QKBNR w KQkq - 1 10,white,b1c3,517.0,0.8597798875571636,0,,38,teacher_candidate,mates,,,
1123,mates_0020,mates,train,generated_0022,r1b1kb1r/ppp1pp2/P2B4/3pnqpp/P1P1P3/6P1/3P1P1P/RN1QKBNR w KQkq - 1 10,white,d6e5,413.0,0.7749090662984006,0,,38,teacher_candidate,mates,,,
1123,mates_0020,mates,train,generated_0022,r1b1kb1r/ppp1pp2/P2B4/3pnqpp/P1P1P3/6P1/3P1P1P/RN1QKBNR w KQkq - 1 10,white,a4a5,-354.0,-0.7089153421260694,0,,38,teacher_candidate,mates,,,
1123,mates_0020,mates,train,generated_0022,r1b1kb1r/ppp1pp2/P2B4/3pnqpp/P1P1P3/6P1/3P1P1P/RN1QKBNR w KQkq - 1 10,white,g1e2,-99999.0,-1.0,0,,38,teacher_candidate,mates,-1.0,,
3362,mates_0021,mates,train,generated_0067,rnb2bnr/pp1ppkp1/5P1p/8/2pq2QP/P2B4/1PPK1PP1/RNB3NR b - - 1 9,black,d4g4,668.0,0.9315516846152082,1,,35,teacher_candidate,mates,,,
3362,mates_0021,mates,train,generated_0067,rnb2bnr/pp1ppkp1/5P1p/8/2pq2QP/P2B4/1PPK1PP1/RNB3NR b - - 1 9,black,c4c3,282.0,0.6075318872684418,0,,35,teacher_candidate,mates,,,
3362,mates_0021,mates,train,generated_0067,rnb2bnr/pp1ppkp1/5P1p/8/2pq2QP/P2B4/1PPK1PP1/RNB3NR b - - 1 9,black,d4f2,91.0,0.2236547380034742,0,,35,teacher_candidate,mates,,,
3362,mates_0021,mates,train,generated_0067,rnb2bnr/pp1ppkp1/5P1p/8/2pq2QP/P2B4/1PPK1PP1/RNB3NR b - - 1 9,black,b8a6,-999.0,-0.9865476533417604,0,,35,teacher_candidate,mates,,,
3362,mates_0021,mates,train,generated_0067,rnb2bnr/pp1ppkp1/5P1p/8/2pq2QP/P2B4/1PPK1PP1/RNB3NR b - - 1 9,black,f7f6,-99999.0,-1.0,0,,35,teacher_candidate,mates,-1.0,,
1792,mates_0022,mates,train,generated_0035,rnb3nr/pp1pp3/2p3kb/q1N2p1p/2P3p1/3P3P/PP1BPPP1/1R1QKBNR w K - 2 10,white,d2a5,637.0,0.920531764576771,1,,30,teacher_candidate,mates,,,
1792,mates_0022,mates,train,generated_0035,rnb3nr/pp1pp3/2p3kb/q1N2p1p/2P3p1/3P3P/PP1BPPP1/1R1QKBNR w K - 2 10,white,d2c3,182.0,0.4260003255045633,0,,30,teacher_candidate,mates,,,
1792,mates_0022,mates,train,generated_0035,rnb3nr/pp1pp3/2p3kb/q1N2p1p/2P3p1/3P3P/PP1BPPP1/1R1QKBNR w K - 2 10,white,b2b4,138.0,0.3319338535036404,0,,30,teacher_candidate,mates,,,
1792,mates_0022,mates,train,generated_0035,rnb3nr/pp1pp3/2p3kb/q1N2p1p/2P3p1/3P3P/PP1BPPP1/1R1QKBNR w K - 2 10,white,c5b7,-290.0,-0.619996867969374,0,,30,teacher_candidate,mates,,,
1792,mates_0022,mates,train,generated_0035,rnb3nr/pp1pp3/2p3kb/q1N2p1p/2P3p1/3P3P/PP1BPPP1/1R1QKBNR w K - 2 10,white,d1b3,-99999.0,-1.0,0,,30,teacher_candidate,mates,-1.0,,
3856,mates_0023,mates,train,generated_0077,r1b1k1nr/ppp2ppp/3b1n2/3pp3/3P1qP1/1P3P1P/P1P1PK2/R1BQ1BNR w k - 0 10,white,c1f4,261.0,0.5733505443682791,1,,23,teacher_candidate,mates,,,
3856,mates_0023,mates,train,generated_0077,r1b1k1nr/ppp2ppp/3b1n2/3pp3/3P1qP1/1P3P1P/P1P1PK2/R1BQ1BNR w k - 0 10,white,f2g2,-318.0,-0.6612322061319627,0,,23,teacher_candidate,mates,,,
3856,mates_0023,mates,train,generated_0077,r1b1k1nr/ppp2ppp/3b1n2/3pp3/3P1qP1/1P3P1P/P1P1PK2/R1BQ1BNR w k - 0 10,white,c2c3,-345.0,-0.6975434949818516,0,,23,teacher_candidate,mates,-2.0,,
3856,mates_0023,mates,train,generated_0077,r1b1k1nr/ppp2ppp/3b1n2/3pp3/3P1qP1/1P3P1P/P1P1PK2/R1BQ1BNR w k - 0 10,white,c1a3,-843.0,-0.9708854460252452,0,,23,teacher_candidate,mates,-2.0,,
3856,mates_0023,mates,train,generated_0077,r1b1k1nr/ppp2ppp/3b1n2/3pp3/3P1qP1/1P3P1P/P1P1PK2/R1BQ1BNR w k - 0 10,white,d4e5,-99998.0,-1.0,0,,23,teacher_candidate,mates,-2.0,,
1976,mates_0024,mates,train,generated_0039,rn2k1nr/ppq1p2p/2p4b/3p1pp1/PP1P4/N4PPb/2P1P3/R1BQKBNR w KQkq - 1 8,white,h1h3,473.0,0.8282382915975468,1,,27,teacher_candidate,mates,,,
1976,mates_0024,mates,train,generated_0039,rn2k1nr/ppq1p2p/2p4b/3p1pp1/PP1P4/N4PPb/2P1P3/R1BQKBNR w KQkq - 1 8,white,f1h3,371.0,0.7294261843234738,0,,27,teacher_candidate,mates,,,
1976,mates_0024,mates,train,generated_0039,rn2k1nr/ppq1p2p/2p4b/3p1pp1/PP1P4/N4PPb/2P1P3/R1BQKBNR w KQkq - 1 8,white,g1h3,270.0,0.5882592563981054,0,,27,teacher_candidate,mates,,,
1976,mates_0024,mates,train,generated_0039,rn2k1nr/ppq1p2p/2p4b/3p1pp1/PP1P4/N4PPb/2P1P3/R1BQKBNR w KQkq - 1 8,white,c2c4,-319.0,-0.6626368112043609,0,,27,teacher_candidate,mates,,,
1976,mates_0024,mates,train,generated_0039,rn2k1nr/ppq1p2p/2p4b/3p1pp1/PP1P4/N4PPb/2P1P3/R1BQKBNR w KQkq - 1 8,white,c1d2,-99999.0,-1.0,0,,27,teacher_candidate,mates,-1.0,,
4891,mates_0025,mates,train,generated_0097,r3k2r/p1pp1p1p/bp2p1pn/2b5/1n1P3q/N1P2PP1/PP2P3/R1BQKBNR w KQkq - 2 10,white,g3h4,738.0,0.9512728113694444,1,,32,teacher_candidate,mates,,,
4891,mates_0025,mates,train,generated_0097,r3k2r/p1pp1p1p/bp2p1pn/2b5/1n1P3q/N1P2PP1/PP2P3/R1BQKBNR w KQkq - 2 10,white,h1h4,665.0,0.9305531409332848,0,,32,teacher_candidate,mates,,,
4891,mates_0025,mates,train,generated_0097,r3k2r/p1pp1p1p/bp2p1pn/2b5/1n1P3q/N1P2PP1/PP2P3/R1BQKBNR w KQkq - 2 10,white,a1b1,454.0,0.8127235755245286,0,,32,teacher_candidate,mates,,,
4891,mates_0025,mates,train,generated_0097,r3k2r/p1pp1p1p/bp2p1pn/2b5/1n1P3q/N1P2PP1/PP2P3/R1BQKBNR w KQkq - 2 10,white,a3c4,-493.0,-0.8433029500738807,0,,32,teacher_candidate,mates,,,
4891,mates_0025,mates,train,generated_0097,r3k2r/p1pp1p1p/bp2p1pn/2b5/1n1P3q/N1P2PP1/PP2P3/R1BQKBNR w KQkq - 2 10,white,c1d2,-99999.0,-1.0,0,,32,teacher_candidate,mates,-1.0,,
2863,mates_0026,mates,train,generated_0057,rnb1kBnr/p1pp2pp/1p2pp2/4q3/7P/1PN5/P1PPPPP1/2RQKBNR w Kkq - 0 7,white,f8g7,836.0,0.9698640203788144,1,,29,teacher_candidate,mates,,,
2863,mates_0026,mates,train,generated_0057,rnb1kBnr/p1pp2pp/1p2pp2/4q3/7P/1PN5/P1PPPPP1/2RQKBNR w Kkq - 0 7,white,f8a3,774.0,0.959135625371894,0,,29,teacher_candidate,mates,,,
2863,mates_0026,mates,train,generated_0057,rnb1kBnr/p1pp2pp/1p2pp2/4q3/7P/1PN5/P1PPPPP1/2RQKBNR w Kkq - 0 7,white,f8b4,693.0,0.939350675792384,0,,29,teacher_candidate,mates,,,
2863,mates_0026,mates,train,generated_0057,rnb1kBnr/p1pp2pp/1p2pp2/4q3/7P/1PN5/P1PPPPP1/2RQKBNR w Kkq - 0 7,white,c1a1,255.0,0.563194927804731,0,,29,teacher_candidate,mates,,,
2863,mates_0026,mates,train,generated_0057,rnb1kBnr/p1pp2pp/1p2pp2/4q3/7P/1PN5/P1PPPPP1/2RQKBNR w Kkq - 0 7,white,f2f3,-99999.0,-1.0,0,,29,teacher_candidate,mates,-1.0,,
2937,mates_0027,mates,train,generated_0058,rnbqkb1r/3p1npp/1pp1pp2/p5NQ/PPP5/4P3/3P1PPP/RNB1KBR1 b Qkq - 3 8,black,f6g5,868.0,0.974262471607895,1,,23,teacher_candidate,mates,,,
2937,mates_0027,mates,train,generated_0058,rnbqkb1r/3p1npp/1pp1pp2/p5NQ/PPP5/4P3/3P1PPP/RNB1KBR1 b Qkq - 3 8,black,e8e7,298.0,0.6321565451609915,0,,23,teacher_candidate,mates,,,
2937,mates_0027,mates,train,generated_0058,rnbqkb1r/3p1npp/1pp1pp2/p5NQ/PPP5/4P3/3P1PPP/RNB1KBR1 b Qkq - 3 8,black,g7g6,171.0,0.4032299072308013,0,,23,teacher_candidate,mates,,,
2937,mates_0027,mates,train,generated_0058,rnbqkb1r/3p1npp/1pp1pp2/p5NQ/PPP5/4P3/3P1PPP/RNB1KBR1 b Qkq - 3 8,black,c8a6,-99999.0,-1.0,0,,23,teacher_candidate,mates,-1.0,,
2937,mates_0027,mates,train,generated_0058,rnbqkb1r/3p1npp/1pp1pp2/p5NQ/PPP5/4P3/3P1PPP/RNB1KBR1 b Qkq - 3 8,black,h8g8,-99999.0,-1.0,0,,23,teacher_candidate,mates,-1.0,,
1848,mates_0028,mates,train,generated_0036,rnb1kb1r/pp1p1pp1/Bqp5/P3p2p/6nP/4PN1R/1PPP1PP1/RNBQK3 w Qkq - 4 8,white,a5b6,502.0,0.8496797810357468,1,,31,teacher_candidate,mates,,,
1848,mates_0028,mates,train,generated_0036,rnb1kb1r/pp1p1pp1/Bqp5/P3p2p/6nP/4PN1R/1PPP1PP1/RNBQK3 w Qkq - 4 8,white,a6e2,48.0,0.1194272985343858,0,,31,teacher_candidate,mates,,,
1848,mates_0028,mates,train,generated_0036,rnb1kb1r/pp1p1pp1/Bqp5/P3p2p/6nP/4PN1R/1PPP1PP1/RNBQK3 w Qkq - 4 8,white,a6c4,6.0,0.0149988751012407,0,,31,teacher_candidate,mates,,,
1848,mates_0028,mates,train,generated_0036,rnb1kb1r/pp1p1pp1/Bqp5/P3p2p/6nP/4PN1R/1PPP1PP1/RNBQK3 w Qkq - 4 8,white,a1a4,-721.0,-0.9470642968810792,0,,31,teacher_candidate,mates,,,
1848,mates_0028,mates,train,generated_0036,rnb1kb1r/pp1p1pp1/Bqp5/P3p2p/6nP/4PN1R/1PPP1PP1/RNBQK3 w Qkq - 4 8,white,e3e4,-99999.0,-1.0,0,,31,teacher_candidate,mates,-1.0,,
1561,mates_0029,mates,train,generated_0031,rnb2b1r/pp1pp1pp/1q2k3/2p2p2/PP1P2P1/3Q4/2P1PP1P/RNB1KBNR b KQ - 1 10,black,b6b4,-964.0,-0.9839955303715676,1,,28,teacher_candidate,mates,,,
1561,mates_0029,mates,train,generated_0031,rnb2b1r/pp1pp1pp/1q2k3/2p2p2/PP1P2P1/3Q4/2P1PP1P/RNB1KBNR b KQ - 1 10,black,f5f4,-971.0,-0.9845417428116782,0,,28,teacher_candidate,mates,-3.0,,
1561,mates_0029,mates,train,generated_0031,rnb2b1r/pp1pp1pp/1q2k3/2p2p2/PP1P2P1/3Q4/2P1PP1P/RNB1KBNR b KQ - 1 10,black,c5b4,-993.0,-0.986140807345014,0,,28,teacher_candidate,mates,-5.0,,
1561,mates_0029,mates,train,generated_0031,rnb2b1r/pp1pp1pp/1q2k3/2p2p2/PP1P2P1/3Q4/2P1PP1P/RNB1KBNR b KQ - 1 10,black,d7d5,-1302.0,-0.9970274651117884,0,,28,teacher_candidate,mates,,,
1561,mates_0029,mates,train,generated_0031,rnb2b1r/pp1pp1pp/1q2k3/2p2p2/PP1P2P1/3Q4/2P1PP1P/RNB1KBNR b KQ - 1 10,black,e6f6,-99999.0,-1.0,0,,28,teacher_candidate,mates,-1.0,,
1841,mates_0030,mates,train,generated_0036,rnb2bnr/p1pp1ppp/3B4/1p1kp3/6PP/1P3q2/P1PPP3/RN1QKBNR w KQ - 2 10,white,b1c3,1074.0,0.9907348585642836,1,,28,teacher_candidate,mates,,,
1841,mates_0030,mates,train,generated_0036,rnb2bnr/p1pp1ppp/3B4/1p1kp3/6PP/1P3q2/P1PPP3/RN1QKBNR w KQ - 2 10,white,g1f3,960.0,0.9836748576936802,0,,28,teacher_candidate,mates,,,
1841,mates_0030,mates,train,generated_0036,rnb2bnr/p1pp1ppp/3B4/1p1kp3/6PP/1P3q2/P1PPP3/RN1QKBNR w KQ - 2 10,white,e2f3,932.0,0.9812446222746464,0,,28,teacher_candidate,mates,,,
1841,mates_0030,mates,train,generated_0036,rnb2bnr/p1pp1ppp/3B4/1p1kp3/6PP/1P3q2/P1PPP3/RN1QKBNR w KQ - 2 10,white,e2e4,-326.0,-0.6723392775532822,0,,28,teacher_candidate,mates,,,
1841,mates_0030,mates,train,generated_0036,rnb2bnr/p1pp1ppp/3B4/1p1kp3/6PP/1P3q2/P1PPP3/RN1QKBNR w KQ - 2 10,white,h4h5,-99999.0,-1.0,0,,28,teacher_candidate,mates,-1.0,,
4043,mates_0031,mates,train,generated_0080,rnbqkbnr/1p1pp2p/2p2p2/p7/1P5p/N3P3/P1PP1PPN/R1BQKB1R w KQkq - 0 7,white,d1h5,99999.0,1.0,1,,29,teacher_candidate,mates,1.0,,
4043,mates_0031,mates,train,generated_0080,rnbqkbnr/1p1pp2p/2p2p2/p7/1P5p/N3P3/P1PP1PPN/R1BQKB1R w KQkq - 0 7,white,b4b5,76.0,0.1877462058682854,0,,29,teacher_candidate,mates,,,
4043,mates_0031,mates,train,generated_0080,rnbqkbnr/1p1pp2p/2p2p2/p7/1P5p/N3P3/P1PP1PPN/R1BQKB1R w KQkq - 0 7,white,c1b2,49.0,0.1218909006494324,0,,29,teacher_candidate,mates,,,
4043,mates_0031,mates,train,generated_0080,rnbqkbnr/1p1pp2p/2p2p2/p7/1P5p/N3P3/P1PP1PPN/R1BQKB1R w KQkq - 0 7,white,h2f3,-78.0,-0.1925653985935757,0,,29,teacher_candidate,mates,,,
4043,mates_0031,mates,train,generated_0080,rnbqkbnr/1p1pp2p/2p2p2/p7/1P5p/N3P3/P1PP1PPN/R1BQKB1R w KQkq - 0 7,white,e1e2,-318.0,-0.6612322061319627,0,,29,teacher_candidate,mates,,,
1227,mates_0032,mates,train,generated_0024,r1bqk2r/p2p2bp/n1p1p2n/1p3pB1/2NP2P1/1PP2P2/P3P2P/R2QKBNR b KQkq - 0 9,black,d8g5,613.0,0.9108514391322272,1,,32,teacher_candidate,mates,,,
1227,mates_0032,mates,train,generated_0024,r1bqk2r/p2p2bp/n1p1p2n/1p3pB1/2NP2P1/1PP2P2/P3P2P/R2QKBNR b KQkq - 0 9,black,d8c7,-167.0,-0.3948222287917645,0,,32,teacher_candidate,mates,,,
1227,mates_0032,mates,train,generated_0024,r1bqk2r/p2p2bp/n1p1p2n/1p3pB1/2NP2P1/1PP2P2/P3P2P/R2QKBNR b KQkq - 0 9,black,g7f6,-260.0,-0.5716699660851172,0,,32,teacher_candidate,mates,,,
1227,mates_0032,mates,train,generated_0024,r1bqk2r/p2p2bp/n1p1p2n/1p3pB1/2NP2P1/1PP2P2/P3P2P/R2QKBNR b KQkq - 0 9,black,e8f8,-914.0,-0.979496455453256,0,,32,teacher_candidate,mates,,,
1227,mates_0032,mates,train,generated_0024,r1bqk2r/p2p2bp/n1p1p2n/1p3pB1/2NP2P1/1PP2P2/P3P2P/R2QKBNR b KQkq - 0 9,black,h8f8,-99999.0,-1.0,0,,32,teacher_candidate,mates,-1.0,,
1119,mates_0033,mates,train,generated_0022,r1bqk2r/pppp2pp/n2bPp1n/8/7P/B7/P1PPP1P1/RN1QKBNR w KQkq - 0 7,white,a3d6,-33.0,-0.0823133363004561,1,,23,teacher_candidate,mates,,,
1119,mates_0033,mates,train,generated_0022,r1bqk2r/pppp2pp/n2bPp1n/8/7P/B7/P1PPP1P1/RN1QKBNR w KQkq - 0 7,white,e2e3,-145.0,-0.3474141989090428,0,,23,teacher_candidate,mates,,,
1119,mates_0033,mates,train,generated_0022,r1bqk2r/pppp2pp/n2bPp1n/8/7P/B7/P1PPP1P1/RN1QKBNR w KQkq - 0 7,white,e2e4,-253.0,-0.5597712580014517,0,,23,teacher_candidate,mates,,,
1119,mates_0033,mates,train,generated_0022,r1bqk2r/pppp2pp/n2bPp1n/8/7P/B7/P1PPP1P1/RN1QKBNR w KQkq - 0 7,white,d2d3,-470.0,-0.8258684551194575,0,,23,teacher_candidate,mates,,,
1119,mates_0033,mates,train,generated_0022,r1bqk2r/pppp2pp/n2bPp1n/8/7P/B7/P1PPP1P1/RN1QKBNR w KQkq - 0 7,white,g2g3,-99999.0,-1.0,0,,23,teacher_candidate,mates,-1.0,,
4369,mates_0034,mates,train,generated_0087,r1b1kb1r/1p1qppp1/p4n2/2ppn2p/1P3PPP/2N2N2/P1PPPK2/1RB1QB1R w kq - 1 10,white,f3e5,186.0,0.434150570985945,1,,37,teacher_candidate,mates,,,
4369,mates_0034,mates,train,generated_0087,r1b1kb1r/1p1qppp1/p4n2/2ppn2p/1P3PPP/2N2N2/P1PPPK2/1RB1QB1R w kq - 1 10,white,f4e5,124.0,0.3004370971476541,0,,37,teacher_candidate,mates,,,
4369,mates_0034,mates,train,generated_0087,r1b1kb1r/1p1qppp1/p4n2/2ppn2p/1P3PPP/2N2N2/P1PPPK2/1RB1QB1R w kq - 1 10,white,g4g5,-24.0,-0.0599281035291434,0,,37,teacher_candidate,mates,,,
4369,mates_0034,mates,train,generated_0087,r1b1kb1r/1p1qppp1/p4n2/2ppn2p/1P3PPP/2N2N2/P1PPPK2/1RB1QB1R w kq - 1 10,white,h1h3,-426.0,-0.7875700166496489,0,,37,teacher_candidate,mates,,,
4369,mates_0034,mates,train,generated_0087,r1b1kb1r/1p1qppp1/p4n2/2ppn2p/1P3PPP/2N2N2/P1PPPK2/1RB1QB1R w kq - 1 10,white,f2e3,-99999.0,-1.0,0,,37,teacher_candidate,mates,-1.0,,
1846,mates_0035,mates,train,generated_0036,r1bq1bnr/Pp2kp1p/n2p4/2P3p1/2P1p3/P5PP/4PP2/RNBQKBNR b KQ - 0 10,black,d8a5,179.0,0.4198418366689064,1,,34,teacher_candidate,mates,,,
1846,mates_0035,mates,train,generated_0036,r1bq1bnr/Pp2kp1p/n2p4/2P3p1/2P1p3/P5PP/4PP2/RNBQKBNR b KQ - 0 10,black,a6c5,-168.0,-0.3969304320050775,0,,34,teacher_candidate,mates,,,
1846,mates_0035,mates,train,generated_0036,r1bq1bnr/Pp2kp1p/n2p4/2P3p1/2P1p3/P5PP/4PP2/RNBQKBNR b KQ - 0 10,black,d6c5,-207.0,-0.4757682023832696,0,,34,teacher_candidate,mates,,,
1846,mates_0035,mates,train,generated_0036,r1bq1bnr/Pp2kp1p/n2p4/2P3p1/2P1p3/P5PP/4PP2/RNBQKBNR b KQ - 0 10,black,g8h6,-485.0,-0.8374278407728539,0,,34,teacher_candidate,mates,,,
1846,mates_0035,mates,train,generated_0036,r1bq1bnr/Pp2kp1p/n2p4/2P3p1/2P1p3/P5PP/4PP2/RNBQKBNR b KQ - 0 10,black,d8e8,-99999.0,-1.0,0,,34,teacher_candidate,mates,-1.0,,
597,mates_0036,mates,train,generated_0011,r1bqkbnr/1pp1p3/p1np1p1p/5Pp1/2B5/4P1PN/PPPP3P/RNBQK2R w KQkq - 0 7,white,c4f7,99997.0,1.0,1,,35,teacher_candidate,mates,3.0,,
597,mates_0036,mates,train,generated_0011,r1bqkbnr/1pp1p3/p1np1p1p/5Pp1/2B5/4P1PN/PPPP3P/RNBQK2R w KQkq - 0 7,white,d1h5,258.0,0.5682943783549709,0,,35,teacher_candidate,mates,2.0,,
597,mates_0036,mates,train,generated_0011,r1bqkbnr/1pp1p3/p1np1p1p/5Pp1/2B5/4P1PN/PPPP3P/RNBQK2R w KQkq - 0 7,white,e3e4,155.0,0.3692030006468615,0,,35,teacher_candidate,mates,,,
597,mates_0036,mates,train,generated_0011,r1bqkbnr/1pp1p3/p1np1p1p/5Pp1/2B5/4P1PN/PPPP3P/RNBQK2R w KQkq - 0 7,white,b2b3,-62.0,-0.1537705222640926,0,,35,teacher_candidate,mates,,,
597,mates_0036,mates,train,generated_0011,r1bqkbnr/1pp1p3/p1np1p1p/5Pp1/2B5/4P1PN/PPPP3P/RNBQK2R w KQkq - 0 7,white,c4b5,-787.0,-0.9616580221163844,0,,35,teacher_candidate,mates,,,
4798,mates_0037,mates,train,generated_0095,rn1qkbnr/pbp1p3/1p3pp1/3p2Bp/3PQPP1/N7/PPP1P2P/R3KBNR b KQ - 0 9,black,d5e4,745.0,0.9529093018793192,1,,28,teacher_candidate,mates,,,
4798,mates_0037,mates,train,generated_0095,rn1qkbnr/pbp1p3/1p3pp1/3p2Bp/3PQPP1/N7/PPP1P2P/R3KBNR b KQ - 0 9,black,a7a5,530.0,0.8680219810175624,0,,28,teacher_candidate,mates,,,
4798,mates_0037,mates,train,generated_0095,rn1qkbnr/pbp1p3/1p3pp1/3p2Bp/3PQPP1/N7/PPP1P2P/R3KBNR b KQ - 0 9,black,e8f7,262.0,0.5750263117549217,0,,28,teacher_candidate,mates,,,
4798,mates_0037,mates,train,generated_0095,rn1qkbnr/pbp1p3/1p3pp1/3p2Bp/3PQPP1/N7/PPP1P2P/R3KBNR b KQ - 0 9,black,a7a6,-27.0,-0.0673976708658016,0,,28,teacher_candidate,mates,,,
4798,mates_0037,mates,train,generated_0095,rn1qkbnr/pbp1p3/1p3pp1/3p2Bp/3PQPP1/N7/PPP1P2P/R3KBNR b KQ - 0 9,black,b8d7,-99999.0,-1.0,0,,28,teacher_candidate,mates,-1.0,,
3944,mates_0038,mates,train,generated_0078,1nbqkb1r/rp1pppQ1/p7/2p2n2/P1P2Pp1/6PP/1P1PP2R/RNB1KBN1 b Qk - 2 10,black,f5g7,705.0,0.9427815713989078,1,,28,teacher_candidate,mates,,,
3944,mates_0038,mates,train,generated_0078,1nbqkb1r/rp1pppQ1/p7/2p2n2/P1P2Pp1/6PP/1P1PP2R/RNB1KBN1 b Qk - 2 10,black,f8g7,676.0,0.9341472104037276,0,,28,teacher_candidate,mates,,,
3944,mates_0038,mates,train,generated_0078,1nbqkb1r/rp1pppQ1/p7/2p2n2/P1P2Pp1/6PP/1P1PP2R/RNB1KBN1 b Qk - 2 10,black,h8h5,229.0,0.51719292375787,0,,28,teacher_candidate,mates,,,
3944,mates_0038,mates,train,generated_0078,1nbqkb1r/rp1pppQ1/p7/2p2n2/P1P2Pp1/6PP/1P1PP2R/RNB1KBN1 b Qk - 2 10,black,g4h3,-724.0,-0.947831849707234,0,,28,teacher_candidate,mates,,,
3944,mates_0038,mates,train,generated_0078,1nbqkb1r/rp1pppQ1/p7/2p2n2/P1P2Pp1/6PP/1P1PP2R/RNB1KBN1 b Qk - 2 10,black,f7f6,-99999.0,-1.0,0,,28,teacher_candidate,mates,-1.0,,
486,mates_0039,mates,train,generated_0009,rnb1kb1r/3ppppp/pp1q3n/6K1/P1p1P3/2N5/1PPP1PPP/R1BQ1BNR w kq - 1 9,white,g5h4,-339.0,-0.6897611547473925,1,,33,teacher_candidate,mates,,,
486,mates_0039,mates,train,generated_0009,rnb1kb1r/3ppppp/pp1q3n/6K1/P1p1P3/2N5/1PPP1PPP/R1BQ1BNR w kq - 1 9,white,d1f3,-669.0,-0.9318814446042516,0,,33,teacher_candidate,mates,,,
486,mates_0039,mates,train,generated_0009,rnb1kb1r/3ppppp/pp1q3n/6K1/P1p1P3/2N5/1PPP1PPP/R1BQ1BNR w kq - 1 9,white,d2d4,-685.0,-0.9369535544919974,0,,33,teacher_candidate,mates,-2.0,,
486,mates_0039,mates,train,generated_0009,rnb1kb1r/3ppppp/pp1q3n/6K1/P1p1P3/2N5/1PPP1PPP/R1BQ1BNR w kq - 1 9,white,e4e5,-815.0,-0.9665833928092236,0,,33,teacher_candidate,mates,,,
486,mates_0039,mates,train,generated_0009,rnb1kb1r/3ppppp/pp1q3n/6K1/P1p1P3/2N5/1PPP1PPP/R1BQ1BNR w kq - 1 9,white,f1d3,-99998.0,-1.0,0,,33,teacher_candidate,mates,-2.0,,
3958,mates_0040,mates,train,generated_0079,2bqkbnr/r1ppppQ1/n7/1p5p/pPB1P3/2P2P2/P2P2PP/RNB2KNR w k - 0 10,white,c4f7,99999.0,1.0,1,,37,teacher_candidate,mates,1.0,,
3958,mates_0040,mates,train,generated_0079,2bqkbnr/r1ppppQ1/n7/1p5p/pPB1P3/2P2P2/P2P2PP/RNB2KNR w k - 0 10,white,g7f7,99999.0,1.0,0,,37,teacher_candidate,mates,1.0,,
3958,mates_0040,mates,train,generated_0079,2bqkbnr/r1ppppQ1/n7/1p5p/pPB1P3/2P2P2/P2P2PP/RNB2KNR w k - 0 10,white,g7h8,611.0,0.9099958011881136,0,,37,teacher_candidate,mates,,,
3958,mates_0040,mates,train,generated_0079,2bqkbnr/r1ppppQ1/n7/1p5p/pPB1P3/2P2P2/P2P2PP/RNB2KNR w k - 0 10,white,c1b2,-725.0,-0.9480852856044064,0,,37,teacher_candidate,mates,,,
3958,mates_0040,mates,train,generated_0079,2bqkbnr/r1ppppQ1/n7/1p5p/pPB1P3/2P2P2/P2P2PP/RNB2KNR w k - 0 10,white,g7g4,-1034.0,-0.9886951256975258,0,,37,teacher_candidate,mates,,,
2223,mates_0041,mates,train,generated_0044,4kb1r/rppqpppp/p2p3n/1B3Q2/1n2P3/N7/PPPPNPPP/1RB1K2R w Kk - 7 9,white,f5d7,99999.0,1.0,1,,45,teacher_candidate,mates,1.0,,
2223,mates_0041,mates,train,generated_0044,4kb1r/rppqpppp/p2p3n/1B3Q2/1n2P3/N7/PPPPNPPP/1RB1K2R w Kk - 7 9,white,b5d7,721.0,0.9470642968810792,0,,45,teacher_candidate,mates,,,
2223,mates_0041,mates,train,generated_0044,4kb1r/rppqpppp/p2p3n/1B3Q2/1n2P3/N7/PPPPNPPP/1RB1K2R w Kk - 7 9,white,b5a4,606.0,0.9078223459254406,0,,45,teacher_candidate,mates,,,
2223,mates_0041,mates,train,generated_0044,4kb1r/rppqpppp/p2p3n/1B3Q2/1n2P3/N7/PPPPNPPP/1RB1K2R w Kk - 7 9,white,f5g5,72.0,0.1780808681173302,0,,45,teacher_candidate,mates,,,
2223,mates_0041,mates,train,generated_0044,4kb1r/rppqpppp/p2p3n/1B3Q2/1n2P3/N7/PPPPNPPP/1RB1K2R w Kk - 7 9,white,b5d3,-802.0,-0.9643791367189491,0,,45,teacher_candidate,mates,,,
1771,mates_0042,mates,train,generated_0035,3qkbnr/3npp2/r1pp2p1/pp5p/3P2Q1/2N1P3/PPPB1PBP/1R2K1NR b Kk - 1 10,black,h5g4,705.0,0.9427815713989078,1,,30,teacher_candidate,mates,,,
1771,mates_0042,mates,train,generated_0035,3qkbnr/3npp2/r1pp2p1/pp5p/3P2Q1/2N1P3/PPPB1PBP/1R2K1NR b Kk - 1 10,black,b5b4,-198.0,-0.458175844698613,0,,30,teacher_candidate,mates,,,
1771,mates_0042,mates,train,generated_0035,3qkbnr/3npp2/r1pp2p1/pp5p/3P2Q1/2N1P3/PPPB1PBP/1R2K1NR b Kk - 1 10,black,g8h6,-285.0,-0.6122421243522802,0,,30,teacher_candidate,mates,,,
1771,mates_0042,mates,train,generated_0035,3qkbnr/3npp2/r1pp2p1/pp5p/3P2Q1/2N1P3/PPPB1PBP/1R2K1NR b Kk - 1 10,black,d8b6,-634.0,-0.9193791691545816,0,,30,teacher_candidate,mates,,,
1771,mates_0042,mates,train,generated_0035,3qkbnr/3npp2/r1pp2p1/pp5p/3P2Q1/2N1P3/PPPB1PBP/1R2K1NR b Kk - 1 10,black,f7f6,-99999.0,-1.0,0,,30,teacher_candidate,mates,-1.0,,
4186,mates_0043,mates,train,generated_0083,r1b1kbnr/ppqp1pp1/B1p5/4p3/4PNp1/Q1N5/PPPP1P1P/R1B1K2R b KQkq - 3 8,black,f8a3,703.0,0.9422231290637216,1,,33,teacher_candidate,mates,,,
4186,mates_0043,mates,train,generated_0083,r1b1kbnr/ppqp1pp1/B1p5/4p3/4PNp1/Q1N5/PPPP1P1P/R1B1K2R b KQkq - 3 8,black,e5f4,660.0,0.9288576214547276,0,,33,teacher_candidate,mates,,,
4186,mates_0043,mates,train,generated_0083,r1b1kbnr/ppqp1pp1/B1p5/4p3/4PNp1/Q1N5/PPPP1P1P/R1B1K2R b KQkq - 3 8,black,b7a6,498.0,0.8468756052963757,0,,33,teacher_candidate,mates,,,
4186,mates_0043,mates,train,generated_0083,r1b1kbnr/ppqp1pp1/B1p5/4p3/4PNp1/Q1N5/PPPP1P1P/R1B1K2R b KQkq - 3 8,black,f7f6,250.0,0.5545997223493823,0,,33,teacher_candidate,mates,,,
4186,mates_0043,mates,train,generated_0083,r1b1kbnr/ppqp1pp1/B1p5/4p3/4PNp1/Q1N5/PPPP1P1P/R1B1K2R b KQkq - 3 8,black,e8d8,-99999.0,-1.0,0,,33,teacher_candidate,mates,-1.0,,
1122,mates_0044,mates,train,generated_0022,rnbqkb1r/2pp1ppp/p7/3np2Q/P1pPP3/7P/1P3PP1/RNB1KBNR b KQkq d3 0 7,black,f8b4,347.0,0.7001017166719224,1,,31,teacher_candidate,mates,,,
1122,mates_0044,mates,train,generated_0022,rnbqkb1r/2pp1ppp/p7/3np2Q/P1pPP3/7P/1P3PP1/RNB1KBNR b KQkq d3 0 7,black,e5d4,144.0,0.3452140341355209,0,,31,teacher_candidate,mates,,,
1122,mates_0044,mates,train,generated_0022,rnbqkb1r/2pp1ppp/p7/3np2Q/P1pPP3/7P/1P3PP1/RNB1KBNR b KQkq d3 0 7,black,d5b4,48.0,0.1194272985343858,0,,31,teacher_candidate,mates,,,
1122,mates_0044,mates,train,generated_0022,rnbqkb1r/2pp1ppp/p7/3np2Q/P1pPP3/7P/1P3PP1/RNB1KBNR b KQkq d3 0 7,black,c7c6,-585.0,-0.8981370594941129,0,,31,teacher_candidate,mates,,,
1122,mates_0044,mates,train,generated_0022,rnbqkb1r/2pp1ppp/p7/3np2Q/P1pPP3/7P/1P3PP1/RNB1KBNR b KQkq d3 0 7,black,e8e7,-99999.0,-1.0,0,,31,teacher_candidate,mates,-1.0,,
4387,mates_0045,mates,train,generated_0087,r1bq1b1r/pppkp1pp/7n/2n3P1/1Pp1p3/4P3/P2P1P1P/1RBQKBNR w K - 0 9,white,b4c5,327.0,0.6737068757188618,1,,33,teacher_candidate,mates,,,
4387,mates_0045,mates,train,generated_0087,r1bq1b1r/pppkp1pp/7n/2n3P1/1Pp1p3/4P3/P2P1P1P/1RBQKBNR w K - 0 9,white,g5h6,222.0,0.5042582228791403,0,,33,teacher_candidate,mates,,,
4387,mates_0045,mates,train,generated_0087,r1bq1b1r/pppkp1pp/7n/2n3P1/1Pp1p3/4P3/P2P1P1P/1RBQKBNR w K - 0 9,white,f1h3,72.0,0.1780808681173302,0,,33,teacher_candidate,mates,,,
4387,mates_0045,mates,train,generated_0087,r1bq1b1r/pppkp1pp/7n/2n3P1/1Pp1p3/4P3/P2P1P1P/1RBQKBNR w K - 0 9,white,g1f3,-222.0,-0.5042582228791403,0,,33,teacher_candidate,mates,,,
4387,mates_0045,mates,train,generated_0087,r1bq1b1r/pppkp1pp/7n/2n3P1/1Pp1p3/4P3/P2P1P1P/1RBQKBNR w K - 0 9,white,g1e2,-99999.0,-1.0,0,,33,teacher_candidate,mates,-1.0,,
3631,mates_0046,mates,train,generated_0072,2bq1bnr/2p1kppp/rpnpp3/p5NQ/2PPP3/8/PP1B1PPP/RN2KB1R w KQ - 3 10,white,h5f7,99999.0,1.0,1,,41,teacher_candidate,mates,1.0,,
3631,mates_0046,mates,train,generated_0072,2bq1bnr/2p1kppp/rpnpp3/p5NQ/2PPP3/8/PP1B1PPP/RN2KB1R w KQ - 3 10,white,a2a3,980.0,0.985216917311436,0,,41,teacher_candidate,mates,,,
3631,mates_0046,mates,train,generated_0072,2bq1bnr/2p1kppp/rpnpp3/p5NQ/2PPP3/8/PP1B1PPP/RN2KB1R w KQ - 3 10,white,c4c5,960.0,0.9836748576936802,0,,41,teacher_candidate,mates,,,
3631,mates_0046,mates,train,generated_0072,2bq1bnr/2p1kppp/rpnpp3/p5NQ/2PPP3/8/PP1B1PPP/RN2KB1R w KQ - 3 10,white,d2c3,176.0,0.4136444421871351,0,,41,teacher_candidate,mates,,,
3631,mates_0046,mates,train,generated_0072,2bq1bnr/2p1kppp/rpnpp3/p5NQ/2PPP3/8/PP1B1PPP/RN2KB1R w KQ - 3 10,white,h5h6,-846.0,-0.9713126878730238,0,,41,teacher_candidate,mates,,,
2881,mates_0047,mates,train,generated_0057,r1bqk1nr/ppp1p1bp/6p1/2np1pP1/2P5/2N1PP2/PP1PN2P/R1BQKB1R b KQkq - 2 7,black,c5d3,99999.0,1.0,1,,35,teacher_candidate,mates,1.0,,
2881,mates_0047,mates,train,generated_0057,r1bqk1nr/ppp1p1bp/6p1/2np1pP1/2P5/2N1PP2/PP1PN2P/R1BQKB1R b KQkq - 2 7,black,d5c4,138.0,0.3319338535036404,0,,35,teacher_candidate,mates,,,
2881,mates_0047,mates,train,generated_0057,r1bqk1nr/ppp1p1bp/6p1/2np1pP1/2P5/2N1PP2/PP1PN2P/R1BQKB1R b KQkq - 2 7,black,e7e5,138.0,0.3319338535036404,0,,35,teacher_candidate,mates,,,
2881,mates_0047,mates,train,generated_0057,r1bqk1nr/ppp1p1bp/6p1/2np1pP1/2P5/2N1PP2/PP1PN2P/R1BQKB1R b KQkq - 2 7,black,e8f8,-151.0,-0.3605343933972969,0,,35,teacher_candidate,mates,,,
2881,mates_0047,mates,train,generated_0057,r1bqk1nr/ppp1p1bp/6p1/2np1pP1/2P5/2N1PP2/PP1PN2P/R1BQKB1R b KQkq - 2 7,black,g7e5,-780.0,-0.960319388531845,0,,35,teacher_candidate,mates,,,
786,mates_0048,mates,train,generated_0015,rnb1kbnr/1p1pppp1/p1p5/7p/2P1PqQ1/P6N/1P1PKPPP/RNB2BR1 b kq - 4 9,black,f4g4,747.0,0.9533669369540612,1,,35,teacher_candidate,mates,,,
786,mates_0048,mates,train,generated_0015,rnb1kbnr/1p1pppp1/p1p5/7p/2P1PqQ1/P6N/1P1PKPPP/RNB2BR1 b kq - 4 9,black,f4c7,492.0,0.8425793256589296,0,,35,teacher_candidate,mates,,,
786,mates_0048,mates,train,generated_0015,rnb1kbnr/1p1pppp1/p1p5/7p/2P1PqQ1/P6N/1P1PKPPP/RNB2BR1 b kq - 4 9,black,f4e5,266.0,0.5816812695738734,0,,35,teacher_candidate,mates,,,
786,mates_0048,mates,train,generated_0015,rnb1kbnr/1p1pppp1/p1p5/7p/2P1PqQ1/P6N/1P1PKPPP/RNB2BR1 b kq - 4 9,black,f4f3,-813.0,-0.966253217125292,0,,35,teacher_candidate,mates,,,
786,mates_0048,mates,train,generated_0015,rnb1kbnr/1p1pppp1/p1p5/7p/2P1PqQ1/P6N/1P1PKPPP/RNB2BR1 b kq - 4 9,black,d7d6,-99999.0,-1.0,0,,35,teacher_candidate,mates,-1.0,,
378,mates_0049,mates,train,generated_0007,rnb1kb1r/pp1ppp1p/6pn/2p5/5P1P/P1q2N2/1PPPP1P1/RNBQKB1R w KQkq - 3 7,white,b1c3,521.0,0.8623653574745808,1,,22,teacher_candidate,mates,,,
378,mates_0049,mates,train,generated_0007,rnb1kb1r/pp1ppp1p/6pn/2p5/5P1P/P1q2N2/1PPPP1P1/RNBQKB1R w KQkq - 3 7,white,d2c3,448.0,0.8075689165786144,0,,22,teacher_candidate,mates,,,
378,mates_0049,mates,train,generated_0007,rnb1kb1r/pp1ppp1p/6pn/2p5/5P1P/P1q2N2/1PPPP1P1/RNBQKB1R w KQkq - 3 7,white,b2c3,383.0,0.7431596610505404,0,,22,teacher_candidate,mates,,,
378,mates_0049,mates,train,generated_0007,rnb1kb1r/pp1ppp1p/6pn/2p5/5P1P/P1q2N2/1PPPP1P1/RNBQKB1R w KQkq - 3 7,white,a3a4,-66.0,-0.1635187536836725,0,,22,teacher_candidate,mates,,,
378,mates_0049,mates,train,generated_0007,rnb1kb1r/pp1ppp1p/6pn/2p5/5P1P/P1q2N2/1PPPP1P1/RNBQKB1R w KQkq - 3 7,white,f3g1,-99999.0,-1.0,0,,22,teacher_candidate,mates,-1.0,,
3756,mates_0050,mates,train,generated_0075,rnbk2nr/pp1pb1pp/4p3/1Np2p2/q7/P4PKP/1PPPP1PR/R1BQ1BN1 b - - 0 8,black,a4h4,99999.0,1.0,1,,35,teacher_candidate,mates,1.0,,
3756,mates_0050,mates,train,generated_0075,rnbk2nr/pp1pb1pp/4p3/1Np2p2/q7/P4PKP/1PPPP1PR/R1BQ1BN1 b - - 0 8,black,e7h4,99999.0,1.0,0,,35,teacher_candidate,mates,1.0,,
3756,mates_0050,mates,train,generated_0075,rnbk2nr/pp1pb1pp/4p3/1Np2p2/q7/P4PKP/1PPPP1PR/R1BQ1BN1 b - - 0 8,black,c5c4,908.0,0.9788786239267536,0,,35,teacher_candidate,mates,,,
3756,mates_0050,mates,train,generated_0075,rnbk2nr/pp1pb1pp/4p3/1Np2p2/q7/P4PKP/1PPPP1PR/R1BQ1BN1 b - - 0 8,black,a4c4,282.0,0.6075318872684418,0,,35,teacher_candidate,mates,,,
3756,mates_0050,mates,train,generated_0075,rnbk2nr/pp1pb1pp/4p3/1Np2p2/q7/P4PKP/1PPPP1PR/R1BQ1BN1 b - - 0 8,black,a4g4,-830.0,-0.9689604868431824,0,,35,teacher_candidate,mates,,,
2229,mates_0051,mates,train,generated_0044,rn1qkb1r/pbpp2pp/1p2p3/2P1np2/P3PP2/3R2P1/1P1PN2P/1NBQKB1R b Kkq - 0 10,black,e5d3,99999.0,1.0,1,,37,teacher_candidate,mates,1.0,,
2229,mates_0051,mates,train,generated_0044,rn1qkb1r/pbpp2pp/1p2p3/2P1np2/P3PP2/3R2P1/1P1PN2P/1NBQKB1R b Kkq - 0 10,black,b7e4,652.0,0.926061581406646,0,,37,teacher_candidate,mates,,,
2229,mates_0051,mates,train,generated_0044,rn1qkb1r/pbpp2pp/1p2p3/2P1np2/P3PP2/3R2P1/1P1PN2P/1NBQKB1R b Kkq - 0 10,black,f5e4,464.0,0.8210398813328771,0,,37,teacher_candidate,mates,,,
2229,mates_0051,mates,train,generated_0044,rn1qkb1r/pbpp2pp/1p2p3/2P1np2/P3PP2/3R2P1/1P1PN2P/1NBQKB1R b Kkq - 0 10,black,b7c6,93.0,0.2283992855537903,0,,37,teacher_candidate,mates,,,
2229,mates_0051,mates,train,generated_0044,rn1qkb1r/pbpp2pp/1p2p3/2P1np2/P3PP2/3R2P1/1P1PN2P/1NBQKB1R b Kkq - 0 10,black,c7c6,-448.0,-0.8075689165786144,0,,37,teacher_candidate,mates,,,
2185,mates_0052,mates,train,generated_0043,r1b1k1nr/pppp2p1/n3pq1p/PR6/5Pp1/2P5/1P1PP2P/1NBQKBNR b Kkq - 2 9,black,f6h4,99999.0,1.0,1,,32,teacher_candidate,mates,1.0,,
2185,mates_0052,mates,train,generated_0043,r1b1k1nr/pppp2p1/n3pq1p/PR6/5Pp1/2P5/1P1PP2P/1NBQKBNR b Kkq - 2 9,black,d7d5,-12.0,-0.0299910032388201,0,,32,teacher_candidate,mates,,,
2185,mates_0052,mates,train,generated_0043,r1b1k1nr/pppp2p1/n3pq1p/PR6/5Pp1/2P5/1P1PP2P/1NBQKBNR b Kkq - 2 9,black,f6g6,-44.0,-0.1095584702144295,0,,32,teacher_candidate,mates,,,
2185,mates_0052,mates,train,generated_0043,r1b1k1nr/pppp2p1/n3pq1p/PR6/5Pp1/2P5/1P1PP2P/1NBQKBNR b Kkq - 2 9,black,f6f8,-421.0,-0.7827764066595579,0,,32,teacher_candidate,mates,,,
2185,mates_0052,mates,train,generated_0043,r1b1k1nr/pppp2p1/n3pq1p/PR6/5Pp1/2P5/1P1PP2P/1NBQKBNR b Kkq - 2 9,black,f6c3,-879.0,-0.975623023939446,0,,32,teacher_candidate,mates,,,
777,mates_0053,mates,train,generated_0015,rnb1kbnr/p1qp1pp1/1p2p3/2p4p/P7/1PP3PP/3PPP2/RNBQKBNR w KQkq - 1 8,white,g1f3,-6.0,-0.0149988751012407,1,,20,teacher_candidate,mates,,,
777,mates_0053,mates,train,generated_0015,rnb1kbnr/p1qp1pp1/1p2p3/2p4p/P7/1PP3PP/3PPP2/RNBQKBNR w KQkq - 1 8,white,f1g2,-21.0,-0.0524518187441374,0,,20,teacher_candidate,mates,,,
777,mates_0053,mates,train,generated_0015,rnb1kbnr/p1qp1pp1/1p2p3/2p4p/P7/1PP3PP/3PPP2/RNBQKBNR w KQkq - 1 8,white,b1a3,-37.0,-0.0922370820915592,0,,20,teacher_candidate,mates,,,
777,mates_0053,mates,train,generated_0015,rnb1kbnr/p1qp1pp1/1p2p3/2p4p/P7/1PP3PP/3PPP2/RNBQKBNR w KQkq - 1 8,white,h3h4,-116.0,-0.2821348126696341,0,,20,teacher_candidate,mates,,,
777,mates_0053,mates,train,generated_0015,rnb1kbnr/p1qp1pp1/1p2p3/2p4p/P7/1PP3PP/3PPP2/RNBQKBNR w KQkq - 1 8,white,f2f3,-99999.0,-1.0,0,,20,teacher_candidate,mates,-1.0,,
1675,mates_0054,mates,train,generated_0033,rnbqk1r1/ppppbppp/4N3/4p3/4n3/2PP1P2/PP2P1PP/RNBQKB1R w KQq - 1 7,white,e6d8,683.0,0.9363400955076432,1,,34,teacher_candidate,mates,,,
1675,mates_0054,mates,train,generated_0033,rnbqk1r1/ppppbppp/4N3/4p3/4n3/2PP1P2/PP2P1PP/RNBQKB1R w KQq - 1 7,white,a2a3,357.0,0.7126263344823417,0,,34,teacher_candidate,mates,,,
1675,mates_0054,mates,train,generated_0033,rnbqk1r1/ppppbppp/4N3/4p3/4n3/2PP1P2/PP2P1PP/RNBQKB1R w KQq - 1 7,white,e6c7,124.0,0.3004370971476541,0,,34,teacher_candidate,mates,,,
1675,mates_0054,mates,train,generated_0033,rnbqk1r1/ppppbppp/4N3/4p3/4n3/2PP1P2/PP2P1PP/RNBQKB1R w KQq - 1 7,white,b2b3,-28.0,-0.0698858903164289,0,,34,teacher_candidate,mates,,,
1675,mates_0054,mates,train,generated_0033,rnbqk1r1/ppppbppp/4N3/4p3/4n3/2PP1P2/PP2P1PP/RNBQKB1R w KQq - 1 7,white,g2g4,-99999.0,-1.0,0,,34,teacher_candidate,mates,-1.0,,
2924,mates_0055,mates,train,generated_0058,rn1qkbnr/pb1pp1p1/1p3p1p/2p5/1PP1P3/P5PB/3P1P1P/RNBQK1NR w KQkq - 1 7,white,d1h5,99998.0,1.0,1,,29,teacher_candidate,mates,2.0,,
2924,mates_0055,mates,train,generated_0058,rn1qkbnr/pb1pp1p1/1p3p1p/2p5/1PP1P3/P5PB/3P1P1P/RNBQK1NR w KQkq - 1 7,white,b1c3,113.0,0.2752173052438501,0,,29,teacher_candidate,mates,,,
2924,mates_0055,mates,train,generated_0058,rn1qkbnr/pb1pp1p1/1p3p1p/2p5/1PP1P3/P5PB/3P1P1P/RNBQK1NR w KQkq - 1 7,white,h3g2,112.0,0.2729050805631327,0,,29,teacher_candidate,mates,,,
2924,mates_0055,mates,train,generated_0058,rn1qkbnr/pb1pp1p1/1p3p1p/2p5/1PP1P3/P5PB/3P1P1P/RNBQK1NR w KQkq - 1 7,white,f2f4,-20.0,-0.0499583749578799,0,,29,teacher_candidate,mates,,,
2924,mates_0055,mates,train,generated_0058,rn1qkbnr/pb1pp1p1/1p3p1p/2p5/1PP1P3/P5PB/3P1P1P/RNBQK1NR w KQkq - 1 7,white,h3d7,-696.0,-0.9402266403927276,0,,29,teacher_candidate,mates,,,
1639,mates_0056,mates,train,generated_0032,2bqkbnr/rppnpp2/6pp/p5Q1/2p5/8/PP1PPPPP/RNB1KBNR b k - 5 8,black,h6g5,890.0,0.9769124950321554,1,,22,teacher_candidate,mates,,,
1639,mates_0056,mates,train,generated_0032,2bqkbnr/rppnpp2/6pp/p5Q1/2p5/8/PP1PPPPP/RNB1KBNR b k - 5 8,black,f8g7,404.0,0.7657620182484389,0,,22,teacher_candidate,mates,,,
1639,mates_0056,mates,train,generated_0032,2bqkbnr/rppnpp2/6pp/p5Q1/2p5/8/PP1PPPPP/RNB1KBNR b k - 5 8,black,c7c6,386.0,0.7464988397557184,0,,22,teacher_candidate,mates,,,
1639,mates_0056,mates,train,generated_0032,2bqkbnr/rppnpp2/6pp/p5Q1/2p5/8/PP1PPPPP/RNB1KBNR b k - 5 8,black,h6h5,235.0,0.528095199594932,0,,22,teacher_candidate,mates,,,
1639,mates_0056,mates,train,generated_0032,2bqkbnr/rppnpp2/6pp/p5Q1/2p5/8/PP1PPPPP/RNB1KBNR b k - 5 8,black,f7f6,-99999.0,-1.0,0,,22,teacher_candidate,mates,-1.0,,
4238,mates_0057,mates,train,generated_0084,rnbqkb1r/1p1p1pQ1/p7/2p1p3/1P5n/N3P3/P1PP1PPP/R1B1KBNR b KQkq - 0 9,black,h4f3,788.0,0.9618456053694836,1,,30,teacher_candidate,mates,,,
4238,mates_0057,mates,train,generated_0084,rnbqkb1r/1p1p1pQ1/p7/2p1p3/1P5n/N3P3/P1PP1PPP/R1B1KBNR b KQkq - 0 9,black,f8g7,659.0,0.928513764888952,0,,30,teacher_candidate,mates,,,
4238,mates_0057,mates,train,generated_0084,rnbqkb1r/1p1p1pQ1/p7/2p1p3/1P5n/N3P3/P1PP1PPP/R1B1KBNR b KQkq - 0 9,black,h4g6,258.0,0.5682943783549709,0,,30,teacher_candidate,mates,,,
4238,mates_0057,mates,train,generated_0084,rnbqkb1r/1p1p1pQ1/p7/2p1p3/1P5n/N3P3/P1PP1PPP/R1B1KBNR b KQkq - 0 9,black,d8g5,-776.0,-0.9595340058084292,0,,30,teacher_candidate,mates,,,
4238,mates_0057,mates,train,generated_0084,rnbqkb1r/1p1p1pQ1/p7/2p1p3/1P5n/N3P3/P1PP1PPP/R1B1KBNR b KQkq - 0 9,black,e8e7,-99999.0,-1.0,0,,30,teacher_candidate,mates,-1.0,,
3863,mates_0058,mates,train,generated_0077,r1bqkb1r/3p1npp/n3p3/ppp2p2/1P6/3KPP1P/P1PPB1PR/RNBQ2N1 w kq - 2 9,white,b4c5,-717.0,-0.9460237850730044,1,,20,teacher_candidate,mates,,,
3863,mates_0058,mates,train,generated_0077,r1bqkb1r/3p1npp/n3p3/ppp2p2/1P6/3KPP1P/P1PPB1PR/RNBQ2N1 w kq - 2 9,white,e2f1,-737.0,-0.9510345451294692,0,,20,teacher_candidate,mates,,,
3863,mates_0058,mates,train,generated_0077,r1bqkb1r/3p1npp/n3p3/ppp2p2/1P6/3KPP1P/P1PPB1PR/RNBQ2N1 w kq - 2 9,white,d3c3,-741.0,-0.9519808468695424,0,,20,teacher_candidate,mates,,,
3863,mates_0058,mates,train,generated_0077,r1bqkb1r/3p1npp/n3p3/ppp2p2/1P6/3KPP1P/P1PPB1PR/RNBQ2N1 w kq - 2 9,white,b1a3,-811.0,-0.9659198356468608,0,,20,teacher_candidate,mates,,,
3863,mates_0058,mates,train,generated_0077,r1bqkb1r/3p1npp/n3p3/ppp2p2/1P6/3KPP1P/P1PPB1PR/RNBQ2N1 w kq - 2 9,white,b1c3,-99999.0,-1.0,0,,20,teacher_candidate,mates,-1.0,,
749,mates_0059,mates,train,generated_0014,r1bqkbnr/p2pp2p/1p6/Pn3pp1/R1p4P/1P1BP2N/2PP1PP1/1NBQK2R b Kkq - 0 10,black,c4d3,-27.0,-0.0673976708658016,1,,28,teacher_candidate,mates,-1.0,,
749,mates_0059,mates,train,generated_0014,r1bqkbnr/p2pp2p/1p6/Pn3pp1/R1p4P/1P1BP2N/2PP1PP1/1NBQK2R b Kkq - 0 10,black,g5g4,-181.0,-0.423951838825587,0,,28,teacher_candidate,mates,,,
749,mates_0059,mates,train,generated_0014,r1bqkbnr/p2pp2p/1p6/Pn3pp1/R1p4P/1P1BP2N/2PP1PP1/1NBQK2R b Kkq - 0 10,black,d7d5,-254.0,-0.5614854958242566,0,,28,teacher_candidate,mates,,,
749,mates_0059,mates,train,generated_0014,r1bqkbnr/p2pp2p/1p6/Pn3pp1/R1p4P/1P1BP2N/2PP1PP1/1NBQK2R b Kkq - 0 10,black,d8c7,-510.0,-0.8551470292769645,0,,28,teacher_candidate,mates,,,
749,mates_0059,mates,train,generated_0014,r1bqkbnr/p2pp2p/1p6/Pn3pp1/R1p4P/1P1BP2N/2PP1PP1/1NBQK2R b Kkq - 0 10,black,c8a6,-99999.0,-1.0,0,,28,teacher_candidate,mates,-1.0,,
1510,mates_0060,mates,train,generated_0030,1rb1kbnr/1pp1qppp/p1n5/3p4/4PpPP/2P4R/PP1PKP2/RNBQ1B2 w k - 0 10,white,e2e1,-928.0,-0.9808693626558168,1,,26,teacher_candidate,mates,,,
1510,mates_0060,mates,train,generated_0030,1rb1kbnr/1pp1qppp/p1n5/3p4/4PpPP/2P4R/PP1PKP2/RNBQ1B2 w k - 0 10,white,d2d4,-999.0,-0.9865476533417604,0,,26,teacher_candidate,mates,,,
1510,mates_0060,mates,train,generated_0030,1rb1kbnr/1pp1qppp/p1n5/3p4/4PpPP/2P4R/PP1PKP2/RNBQ1B2 w k - 0 10,white,f1g2,-1009.0,-0.98719953297329,0,,26,teacher_candidate,mates,,,
1510,mates_0060,mates,train,generated_0030,1rb1kbnr/1pp1qppp/p1n5/3p4/4PpPP/2P4R/PP1PKP2/RNBQ1B2 w k - 0 10,white,b2b3,-1059.0,-0.990016852848532,0,,26,teacher_candidate,mates,,,
1510,mates_0060,mates,train,generated_0030,1rb1kbnr/1pp1qppp/p1n5/3p4/4PpPP/2P4R/PP1PKP2/RNBQ1B2 w k - 0 10,white,h3h2,-99999.0,-1.0,0,,26,teacher_candidate,mates,-1.0,,
1590,mates_0061,mates,train,generated_0031,rnbqkbn1/3pppp1/p1r5/1pp4p/2N1PPQ1/8/PPPP2PP/RNB1KB1R b KQq - 2 7,black,h5g4,891.0,0.9770263217408068,1,,27,teacher_candidate,mates,,,
1590,mates_0061,mates,train,generated_0031,rnbqkbn1/3pppp1/p1r5/1pp4p/2N1PPQ1/8/PPPP2PP/RNB1KB1R b KQq - 2 7,black,b5c4,538.0,0.8728679633298895,0,,27,teacher_candidate,mates,,,
1590,mates_0061,mates,train,generated_0031,rnbqkbn1/3pppp1/p1r5/1pp4p/2N1PPQ1/8/PPPP2PP/RNB1KB1R b KQq - 2 7,black,d7d5,536.0,0.8716722471896521,0,,27,teacher_candidate,mates,,,
1590,mates_0061,mates,train,generated_0031,rnbqkbn1/3pppp1/p1r5/1pp4p/2N1PPQ1/8/PPPP2PP/RNB1KB1R b KQq - 2 7,black,e7e6,216.0,0.4929879666753243,0,,27,teacher_candidate,mates,,,
1590,mates_0061,mates,train,generated_0031,rnbqkbn1/3pppp1/p1r5/1pp4p/2N1PPQ1/8/PPPP2PP/RNB1KB1R b KQq - 2 7,black,f7f6,-99999.0,-1.0,0,,27,teacher_candidate,mates,-1.0,,
4139,mates_0062,mates,train,generated_0082,rnb1kb1r/p4ppp/3ppq2/Ppp5/2P3nP/2N1P3/RP1P1PP1/2BQKBNR w Kkq b6 0 8,white,d1g4,739.0,0.9515099470195436,1,,35,teacher_candidate,mates,,,
4139,mates_0062,mates,train,generated_0082,rnb1kb1r/p4ppp/3ppq2/Ppp5/2P3nP/2N1P3/RP1P1PP1/2BQKBNR w Kkq b6 0 8,white,g1f3,228.0,0.5153592780074097,0,,35,teacher_candidate,mates,,,
4139,mates_0062,mates,train,generated_0082,rnb1kb1r/p4ppp/3ppq2/Ppp5/2P3nP/2N1P3/RP1P1PP1/2BQKBNR w Kkq b6 0 8,white,g1h3,228.0,0.5153592780074097,0,,35,teacher_candidate,mates,,,
4139,mates_0062,mates,train,generated_0082,rnb1kb1r/p4ppp/3ppq2/Ppp5/2P3nP/2N1P3/RP1P1PP1/2BQKBNR w Kkq b6 0 8,white,b2b3,-99999.0,-1.0,0,,35,teacher_candidate,mates,-1.0,,
4139,mates_0062,mates,train,generated_0082,rnb1kb1r/p4ppp/3ppq2/Ppp5/2P3nP/2N1P3/RP1P1PP1/2BQKBNR w Kkq b6 0 8,white,h4h5,-99999.0,-1.0,0,,35,teacher_candidate,mates,-1.0,,
1781,mates_0063,mates,train,generated_0035,rn2kb1r/pbpp1ppp/1pn1p3/6q1/2PP4/1P6/P1Q1PPPP/RNB1KBNR w KQkq - 1 7,white,c1g5,481.0,0.8344155694676939,1,,34,teacher_candidate,mates,,,
1781,mates_0063,mates,train,generated_0035,rn2kb1r/pbpp1ppp/1pn1p3/6q1/2PP4/1P6/P1Q1PPPP/RNB1KBNR w KQkq - 1 7,white,c1b2,55.0,0.1366399669564962,0,,34,teacher_candidate,mates,,,
1781,mates_0063,mates,train,generated_0035,rn2kb1r/pbpp1ppp/1pn1p3/6q1/2PP4/1P6/P1Q1PPPP/RNB1KBNR w KQkq - 1 7,white,a2a3,34.0,0.0847958815487019,0,,34,teacher_candidate,mates,,,
1781,mates_0063,mates,train,generated_0035,rn2kb1r/pbpp1ppp/1pn1p3/6q1/2PP4/1P6/P1Q1PPPP/RNB1KBNR w KQkq - 1 7,white,g1h3,-344.0,-0.6962576726866815,0,,34,teacher_candidate,mates,,,
1781,mates_0063,mates,train,generated_0035,rn2kb1r/pbpp1ppp/1pn1p3/6q1/2PP4/1P6/P1Q1PPPP/RNB1KBNR w KQkq - 1 7,white,c2h7,-99999.0,-1.0,0,,34,teacher_candidate,mates,-1.0,,
3731,mates_0064,mates,train,generated_0074,rn2kbnr/1pp1pp1p/3p4/p4bp1/PP2N1q1/5P2/2PPP2P/R1BQKBNR w KQkq - 0 8,white,e4d6,828.0,0.9686534238679028,1,,27,teacher_candidate,mates,,,
3731,mates_0064,mates,train,generated_0074,rn2kbnr/1pp1pp1p/3p4/p4bp1/PP2N1q1/5P2/2PPP2P/R1BQKBNR w KQkq - 0 8,white,e4f6,602.0,0.9060477086434328,0,,27,teacher_candidate,mates,,,
3731,mates_0064,mates,train,generated_0074,rn2kbnr/1pp1pp1p/3p4/p4bp1/PP2N1q1/5P2/2PPP2P/R1BQKBNR w KQkq - 0 8,white,d2d4,512.0,0.8564849154724974,0,,27,teacher_candidate,mates,,,
3731,mates_0064,mates,train,generated_0074,rn2kbnr/1pp1pp1p/3p4/p4bp1/PP2N1q1/5P2/2PPP2P/R1BQKBNR w KQkq - 0 8,white,e2e3,-193.0,-0.4482435415416372,0,,27,teacher_candidate,mates,,,
3731,mates_0064,mates,train,generated_0074,rn2kbnr/1pp1pp1p/3p4/p4bp1/PP2N1q1/5P2/2PPP2P/R1BQKBNR w KQkq - 0 8,white,e4g5,-99999.0,-1.0,0,,27,teacher_candidate,mates,-1.0,,
3497,mates_0065,mates,train,generated_0069,rnbq1bnr/p2pp1p1/1p2k2p/2p2p1Q/P3PP2/1PN5/1BPP2PP/R3KBNR b KQ - 0 8,black,g8f6,-764.0,-0.957085420564793,1,,19,teacher_candidate,mates,,,
3497,mates_0065,mates,train,generated_0069,rnbq1bnr/p2pp1p1/1p2k2p/2p2p1Q/P3PP2/1PN5/1BPP2PP/R3KBNR b KQ - 0 8,black,e6d6,-838.0,-0.9701594044154116,0,,19,teacher_candidate,mates,,,
3497,mates_0065,mates,train,generated_0069,rnbq1bnr/p2pp1p1/1p2k2p/2p2p1Q/P3PP2/1PN5/1BPP2PP/R3KBNR b KQ - 0 8,black,g7g6,-869.0,-0.9743891942820664,0,,19,teacher_candidate,mates,,,
3497,mates_0065,mates,train,generated_0069,rnbq1bnr/p2pp1p1/1p2k2p/2p2p1Q/P3PP2/1PN5/1BPP2PP/R3KBNR b KQ - 0 8,black,d7d5,-949.0,-0.9827597807636624,0,,19,teacher_candidate,mates,-3.0,,
3497,mates_0065,mates,train,generated_0069,rnbq1bnr/p2pp1p1/1p2k2p/2p2p1Q/P3PP2/1PN5/1BPP2PP/R3KBNR b KQ - 0 8,black,e6f6,-99999.0,-1.0,0,,19,teacher_candidate,mates,-1.0,,
2435,mates_0066,mates,train,generated_0048,1rb2bnr/pppk1ppp/3p1q2/4p2P/2P2P2/3P4/nP2PKPN/RNBQ1B1R w - - 0 9,white,a1a2,590.0,0.9005269768828865,1,,29,teacher_candidate,mates,,,
2435,mates_0066,mates,train,generated_0048,1rb2bnr/pppk1ppp/3p1q2/4p2P/2P2P2/3P4/nP2PKPN/RNBQ1B1R w - - 0 9,white,d1a4,451.0,0.8101619061641351,0,,29,teacher_candidate,mates,,,
2435,mates_0066,mates,train,generated_0048,1rb2bnr/pppk1ppp/3p1q2/4p2P/2P2P2/3P4/nP2PKPN/RNBQ1B1R w - - 0 9,white,h2g4,205.0,0.4718907878542969,0,,29,teacher_candidate,mates,,,
2435,mates_0066,mates,train,generated_0048,1rb2bnr/pppk1ppp/3p1q2/4p2P/2P2P2/3P4/nP2PKPN/RNBQ1B1R w - - 0 9,white,f4f5,-148.0,-0.3539917124770459,0,,29,teacher_candidate,mates,,,
2435,mates_0066,mates,train,generated_0048,1rb2bnr/pppk1ppp/3p1q2/4p2P/2P2P2/3P4/nP2PKPN/RNBQ1B1R w - - 0 9,white,f2e3,-99999.0,-1.0,0,,29,teacher_candidate,mates,-1.0,,
4261,mates_0067,mates,train,generated_0085,r1bqkb1r/1pppp3/p4p1p/1Bn3Q1/2P5/P2PP3/1P2NPPn/RNB1K2R w KQkq - 0 10,white,g5g6,99999.0,1.0,1,,41,teacher_candidate,mates,1.0,,
4261,mates_0067,mates,train,generated_0085,r1bqkb1r/1pppp3/p4p1p/1Bn3Q1/2P5/P2PP3/1P2NPPn/RNB1K2R w KQkq - 0 10,white,g5h5,99999.0,1.0,0,,41,teacher_candidate,mates,1.0,,
4261,mates_0067,mates,train,generated_0085,r1bqkb1r/1pppp3/p4p1p/1Bn3Q1/2P5/P2PP3/1P2NPPn/RNB1K2R w KQkq - 0 10,white,g5c5,121.0,0.2935987851159713,0,,41,teacher_candidate,mates,,,
4261,mates_0067,mates,train,generated_0085,r1bqkb1r/1pppp3/p4p1p/1Bn3Q1/2P5/P2PP3/1P2NPPn/RNB1K2R w KQkq - 0 10,white,b5a4,-908.0,-0.9788786239267536,0,,41,teacher_candidate,mates,,,
4261,mates_0067,mates,train,generated_0085,r1bqkb1r/1pppp3/p4p1p/1Bn3Q1/2P5/P2PP3/1P2NPPn/RNB1K2R w KQkq - 0 10,white,h1g1,-1062.0,-0.9901647516412794,0,,41,teacher_candidate,mates,,,
1373,mates_0068,mates,train,generated_0027,rnbq2nr/ppp2k1p/8/4p1p1/8/N1P1P2P/P3KPP1/R1b2BNR w - - 0 9,white,a3c4,-833.0,-0.9694155381723456,1,,17,teacher_candidate,mates,,,
1373,mates_0068,mates,train,generated_0027,rnbq2nr/ppp2k1p/8/4p1p1/8/N1P1P2P/P3KPP1/R1b2BNR w - - 0 9,white,g1f3,-970.0,-0.98446485984397,0,,17,teacher_candidate,mates,,,
1373,mates_0068,mates,train,generated_0027,rnbq2nr/ppp2k1p/8/4p1p1/8/N1P1P2P/P3KPP1/R1b2BNR w - - 0 9,white,g2g4,-1001.0,-0.9866806150070832,0,,17,teacher_candidate,mates,,,
1373,mates_0068,mates,train,generated_0027,rnbq2nr/ppp2k1p/8/4p1p1/8/N1P1P2P/P3KPP1/R1b2BNR w - - 0 9,white,a1b1,-1120.0,-0.992631520201128,0,,17,teacher_candidate,mates,,,
1373,mates_0068,mates,train,generated_0027,rnbq2nr/ppp2k1p/8/4p1p1/8/N1P1P2P/P3KPP1/R1b2BNR w - - 0 9,white,f2f3,-99999.0,-1.0,0,,17,teacher_candidate,mates,-1.0,,
4052,mates_0069,mates,train,generated_0081,rnb1kbnr/pp1ppppp/8/2p3P1/3q4/2P4P/PP1NPP2/R1BQKBNR w KQkq - 0 7,white,c3d4,479.0,0.8328904660394908,1,,24,teacher_candidate,mates,,,
4052,mates_0069,mates,train,generated_0081,rnb1kbnr/pp1ppppp/8/2p3P1/3q4/2P4P/PP1NPP2/R1BQKBNR w KQkq - 0 7,white,a2a3,191.0,0.4442392116987145,0,,24,teacher_candidate,mates,,,
4052,mates_0069,mates,train,generated_0081,rnb1kbnr/pp1ppppp/8/2p3P1/3q4/2P4P/PP1NPP2/R1BQKBNR w KQkq - 0 7,white,e2e4,113.0,0.2752173052438501,0,,24,teacher_candidate,mates,,,
4052,mates_0069,mates,train,generated_0081,rnb1kbnr/pp1ppppp/8/2p3P1/3q4/2P4P/PP1NPP2/R1BQKBNR w KQkq - 0 7,white,a1b1,-54.0,-0.1341858099309086,0,,24,teacher_candidate,mates,,,
4052,mates_0069,mates,train,generated_0081,rnb1kbnr/pp1ppppp/8/2p3P1/3q4/2P4P/PP1NPP2/R1BQKBNR w KQkq - 0 7,white,f2f3,-99999.0,-1.0,0,,24,teacher_candidate,mates,-1.0,,
3410,mates_0070,mates,train,generated_0068,rnbqkbn1/2ppp3/2B5/pp1r1ppp/2P3Q1/P3P1P1/1P1P1P1P/RNB1K1NR w KQq - 2 9,white,g4h5,99999.0,1.0,1,,37,teacher_candidate,mates,1.0,,
3410,mates_0070,mates,train,generated_0068,rnbqkbn1/2ppp3/2B5/pp1r1ppp/2P3Q1/P3P1P1/1P1P1P1P/RNB1K1NR w KQq - 2 9,white,g4g5,596.0,0.9033247425601896,0,,37,teacher_candidate,mates,,,
3410,mates_0070,mates,train,generated_0068,rnbqkbn1/2ppp3/2B5/pp1r1ppp/2P3Q1/P3P1P1/1P1P1P1P/RNB1K1NR w KQq - 2 9,white,g4d1,353.0,0.7076695392052358,0,,37,teacher_candidate,mates,,,
3410,mates_0070,mates,train,generated_0068,rnbqkbn1/2ppp3/2B5/pp1r1ppp/2P3Q1/P3P1P1/1P1P1P1P/RNB1K1NR w KQq - 2 9,white,c6b7,-682.0,-0.9360312050209336,0,,37,teacher_candidate,mates,,,
3410,mates_0070,mates,train,generated_0068,rnbqkbn1/2ppp3/2B5/pp1r1ppp/2P3Q1/P3P1P1/1P1P1P1P/RNB1K1NR w KQq - 2 9,white,c6b5,-898.0,-0.9778077240050848,0,,37,teacher_candidate,mates,,,
446,mates_0071,mates,train,generated_0008,rnb1k1n1/1pqpppbr/2p4p/p5p1/3P1P2/1PN1K2P/PBP1P1P1/R3QBNR b q - 2 10,black,c7f4,99998.0,1.0,1,,30,teacher_candidate,mates,2.0,,
446,mates_0071,mates,train,generated_0008,rnb1k1n1/1pqpppbr/2p4p/p5p1/3P1P2/1PN1K2P/PBP1P1P1/R3QBNR b q - 2 10,black,c6c5,444.0,0.8040623914048921,0,,30,teacher_candidate,mates,,,
446,mates_0071,mates,train,generated_0008,rnb1k1n1/1pqpppbr/2p4p/p5p1/3P1P2/1PN1K2P/PBP1P1P1/R3QBNR b q - 2 10,black,g5f4,380.0,0.7397830512740042,0,,30,teacher_candidate,mates,,,
446,mates_0071,mates,train,generated_0008,rnb1k1n1/1pqpppbr/2p4p/p5p1/3P1P2/1PN1K2P/PBP1P1P1/R3QBNR b q - 2 10,black,e8f8,91.0,0.2236547380034742,0,,30,teacher_candidate,mates,,,
446,mates_0071,mates,train,generated_0008,rnb1k1n1/1pqpppbr/2p4p/p5p1/3P1P2/1PN1K2P/PBP1P1P1/R3QBNR b q - 2 10,black,c7e5,-997.0,-0.9864133734547914,0,,30,teacher_candidate,mates,,,
2918,mates_0072,mates,train,generated_0058,r1b1k1nr/ppppbpp1/7p/4p1q1/PP1n3P/4PP2/R1PP2P1/1NBQKBNR w Kkq - 1 9,white,h4g5,679.0,0.9350958140215132,1,,30,teacher_candidate,mates,,,
2918,mates_0072,mates,train,generated_0058,r1b1k1nr/ppppbpp1/7p/4p1q1/PP1n3P/4PP2/R1PP2P1/1NBQKBNR w Kkq - 1 9,white,e3d4,306.0,0.644012628427507,0,,30,teacher_candidate,mates,,,
2918,mates_0072,mates,train,generated_0058,r1b1k1nr/ppppbpp1/7p/4p1q1/PP1n3P/4PP2/R1PP2P1/1NBQKBNR w Kkq - 1 9,white,e1f2,248.0,0.5511280285381469,0,,30,teacher_candidate,mates,,,
2918,mates_0072,mates,train,generated_0058,r1b1k1nr/ppppbpp1/7p/4p1q1/PP1n3P/4PP2/R1PP2P1/1NBQKBNR w Kkq - 1 9,white,f1c4,-857.0,-0.9728270272003616,0,,30,teacher_candidate,mates,,,
2918,mates_0072,mates,train,generated_0058,r1b1k1nr/ppppbpp1/7p/4p1q1/PP1n3P/4PP2/R1PP2P1/1NBQKBNR w Kkq - 1 9,white,h4h5,-99999.0,-1.0,0,,30,teacher_candidate,mates,-1.0,,
731,mates_0073,mates,train,generated_0014,r1bq1bnr/pppppkpp/n7/8/1PP2Q2/7N/P2PPPPP/RNB1KB1R b KQ - 0 8,black,f7e8,-234.0,-0.5262900314537109,1,,4,teacher_candidate,mates,,,
731,mates_0073,mates,train,generated_0014,r1bq1bnr/pppppkpp/n7/8/1PP2Q2/7N/P2PPPPP/RNB1KB1R b KQ - 0 8,black,g8f6,-234.0,-0.5262900314537109,0,,4,teacher_candidate,mates,,,
731,mates_0073,mates,train,generated_0014,r1bq1bnr/pppppkpp/n7/8/1PP2Q2/7N/P2PPPPP/RNB1KB1R b KQ - 0 8,black,f7g6,-634.0,-0.9193791691545816,0,,4,teacher_candidate,mates,,,
731,mates_0073,mates,train,generated_0014,r1bq1bnr/pppppkpp/n7/8/1PP2Q2/7N/P2PPPPP/RNB1KB1R b KQ - 0 8,black,f7e6,-99999.0,-1.0,0,,4,teacher_candidate,mates,-1.0,,
321,mates_0074,mates,train,generated_0006,r1bqkb1r/p1ppp3/1pn4p/5pp1/8/BPn1P2N/P2PBPPP/RN1Q1K1R b kq - 1 9,black,c3d1,585.0,0.8981370594941129,1,,30,teacher_candidate,mates,-1.0,,
321,mates_0074,mates,train,generated_0006,r1bqkb1r/p1ppp3/1pn4p/5pp1/8/BPn1P2N/P2PBPPP/RN1Q1K1R b kq - 1 9,black,c3e2,400.0,0.7615941559557649,0,,30,teacher_candidate,mates,,,
321,mates_0074,mates,train,generated_0006,r1bqkb1r/p1ppp3/1pn4p/5pp1/8/BPn1P2N/P2PBPPP/RN1Q1K1R b kq - 1 9,black,e7e6,310.0,0.6498274636719203,0,,30,teacher_candidate,mates,-1.0,,
321,mates_0074,mates,train,generated_0006,r1bqkb1r/p1ppp3/1pn4p/5pp1/8/BPn1P2N/P2PBPPP/RN1Q1K1R b kq - 1 9,black,h6h5,-99998.0,-1.0,0,,30,teacher_candidate,mates,-2.0,,
321,mates_0074,mates,train,generated_0006,r1bqkb1r/p1ppp3/1pn4p/5pp1/8/BPn1P2N/P2PBPPP/RN1Q1K1R b kq - 1 9,black,f5f4,-99999.0,-1.0,0,,30,teacher_candidate,mates,-1.0,,
2446,mates_0075,mates,train,generated_0048,r2q1bnr/p1pnpkp1/8/1pPp3p/1P6/B2Q1pPb/P2PPPBP/RN2K1NR b KQ - 4 10,black,h3g2,780.0,0.960319388531845,1,,32,teacher_candidate,mates,,,
2446,mates_0075,mates,train,generated_0048,r2q1bnr/p1pnpkp1/8/1pPp3p/1P6/B2Q1pPb/P2PPPBP/RN2K1NR b KQ - 4 10,black,f3g2,387.0,0.7476036243586326,0,,32,teacher_candidate,mates,,,
2446,mates_0075,mates,train,generated_0048,r2q1bnr/p1pnpkp1/8/1pPp3p/1P6/B2Q1pPb/P2PPPBP/RN2K1NR b KQ - 4 10,black,d7e5,-35.0,-0.0872773744741577,0,,32,teacher_candidate,mates,,,
2446,mates_0075,mates,train,generated_0048,r2q1bnr/p1pnpkp1/8/1pPp3p/1P6/B2Q1pPb/P2PPPBP/RN2K1NR b KQ - 4 10,black,e7e5,-878.0,-0.975502330524807,0,,32,teacher_candidate,mates,,,
2446,mates_0075,mates,train,generated_0048,r2q1bnr/p1pnpkp1/8/1pPp3p/1P6/B2Q1pPb/P2PPPBP/RN2K1NR b KQ - 4 10,black,f7e8,-99999.0,-1.0,0,,32,teacher_candidate,mates,-1.0,,
4890,mates_0076,mates,train,generated_0097,rnbqkb1r/p2pp3/5npp/1p3p2/P1pPPP2/6PP/1PP1B3/RNBQK1NR b KQkq - 0 8,black,f6e4,37.0,0.0922370820915592,1,,29,teacher_candidate,mates,,,
4890,mates_0076,mates,train,generated_0097,rnbqkb1r/p2pp3/5npp/1p3p2/P1pPPP2/6PP/1PP1B3/RNBQK1NR b KQkq - 0 8,black,f5e4,23.0,0.0574367139028792,0,,29,teacher_candidate,mates,,,
4890,mates_0076,mates,train,generated_0097,rnbqkb1r/p2pp3/5npp/1p3p2/P1pPPP2/6PP/1PP1B3/RNBQK1NR b KQkq - 0 8,black,c8b7,-40.0,-0.0996679946249558,0,,29,teacher_candidate,mates,,,
4890,mates_0076,mates,train,generated_0097,rnbqkb1r/p2pp3/5npp/1p3p2/P1pPPP2/6PP/1PP1B3/RNBQK1NR b KQkq - 0 8,black,d7d6,-191.0,-0.4442392116987145,0,,29,teacher_candidate,mates,,,
4890,mates_0076,mates,train,generated_0097,rnbqkb1r/p2pp3/5npp/1p3p2/P1pPPP2/6PP/1PP1B3/RNBQK1NR b KQkq - 0 8,black,g6g5,-99998.0,-1.0,0,,29,teacher_candidate,mates,-2.0,,
2779,mates_0077,mates,train,generated_0055,r1bqkbnr/p4p1p/n5p1/1pPppP2/P5P1/3P4/2PNP2P/R1BQKBNR w KQkq b6 0 9,white,a4b5,83.0,0.2045723537772613,1,,29,teacher_candidate,mates,-1.0,,
2779,mates_0077,mates,train,generated_0055,r1bqkbnr/p4p1p/n5p1/1pPppP2/P5P1/3P4/2PNP2P/R1BQKBNR w KQkq b6 0 9,white,g1f3,82.0,0.2021757576967395,0,,29,teacher_candidate,mates,,,
2779,mates_0077,mates,train,generated_0055,r1bqkbnr/p4p1p/n5p1/1pPppP2/P5P1/3P4/2PNP2P/R1BQKBNR w KQkq b6 0 9,white,f1g2,37.0,0.0922370820915592,0,,29,teacher_candidate,mates,,,
2779,mates_0077,mates,train,generated_0055,r1bqkbnr/p4p1p/n5p1/1pPppP2/P5P1/3P4/2PNP2P/R1BQKBNR w KQkq b6 0 9,white,d2b1,-279.0,-0.6027785302291144,0,,29,teacher_candidate,mates,,,
2779,mates_0077,mates,train,generated_0055,r1bqkbnr/p4p1p/n5p1/1pPppP2/P5P1/3P4/2PNP2P/R1BQKBNR w KQkq b6 0 9,white,h2h3,-99999.0,-1.0,0,,29,teacher_candidate,mates,-1.0,,
4760,mates_0078,mates,train,generated_0095,r1bqkbn1/ppppp2r/5ppp/8/4nPQ1/PP6/1BPP2PP/RN2KBNR b KQq - 1 8,black,h7g7,64.0,0.1586485042974989,1,,26,teacher_candidate,mates,,,
4760,mates_0078,mates,train,generated_0095,r1bqkbn1/ppppp2r/5ppp/8/4nPQ1/PP6/1BPP2PP/RN2KBNR b KQq - 1 8,black,e8f7,-68.0,-0.1683810458708147,0,,26,teacher_candidate,mates,,,
4760,mates_0078,mates,train,generated_0095,r1bqkbn1/ppppp2r/5ppp/8/4nPQ1/PP6/1BPP2PP/RN2KBNR b KQq - 1 8,black,h7f7,-185.0,-0.4321195876314196,0,,26,teacher_candidate,mates,,,
4760,mates_0078,mates,train,generated_0095,r1bqkbn1/ppppp2r/5ppp/8/4nPQ1/PP6/1BPP2PP/RN2KBNR b KQq - 1 8,black,b7b6,-503.0,-0.8503734168441159,0,,26,teacher_candidate,mates,,,
4760,mates_0078,mates,train,generated_0095,r1bqkbn1/ppppp2r/5ppp/8/4nPQ1/PP6/1BPP2PP/RN2KBNR b KQq - 1 8,black,h7h8,-99999.0,-1.0,0,,26,teacher_candidate,mates,-1.0,,
4927,mates_0079,mates,train,generated_0098,rn1qkbnr/pp3p1p/2p3p1/3pp3/3P3P/N4P1b/PPPBPKP1/1R1Q1BNR w - - 4 8,white,g1h3,539.0,0.8734619197750799,1,,33,teacher_candidate,mates,,,
4927,mates_0079,mates,train,generated_0098,rn1qkbnr/pp3p1p/2p3p1/3pp3/3P3P/N4P1b/PPPBPKP1/1R1Q1BNR w - - 4 8,white,h1h3,524.0,0.8642754128460111,0,,33,teacher_candidate,mates,,,
4927,mates_0079,mates,train,generated_0098,rn1qkbnr/pp3p1p/2p3p1/3pp3/3P3P/N4P1b/PPPBPKP1/1R1Q1BNR w - - 4 8,white,a3b5,348.0,0.7013741309383125,0,,33,teacher_candidate,mates,,,
4927,mates_0079,mates,train,generated_0098,rn1qkbnr/pp3p1p/2p3p1/3pp3/3P3P/N4P1b/PPPBPKP1/1R1Q1BNR w - - 4 8,white,g2g4,-85.0,-0.2093581694280187,0,,33,teacher_candidate,mates,,,
4927,mates_0079,mates,train,generated_0098,rn1qkbnr/pp3p1p/2p3p1/3pp3/3P3P/N4P1b/PPPBPKP1/1R1Q1BNR w - - 4 8,white,f2e1,-99998.0,-1.0,0,,33,teacher_candidate,mates,-2.0,,
2054,mates_0080,mates,train,generated_0041,r1bq1bnr/pppppk1p/5p2/2Q3p1/B3P2P/1nN5/PPPP1PP1/R1B1K1NR b KQ - 5 9,black,b3c5,587.0,0.899099478664166,1,,29,teacher_candidate,mates,,,
2054,mates_0080,mates,train,generated_0041,r1bq1bnr/pppppk1p/5p2/2Q3p1/B3P2P/1nN5/PPPP1PP1/R1B1K1NR b KQ - 5 9,black,b3a1,202.0,0.4660402984777151,0,,29,teacher_candidate,mates,,,
2054,mates_0080,mates,train,generated_0041,r1bq1bnr/pppppk1p/5p2/2Q3p1/B3P2P/1nN5/PPPP1PP1/R1B1K1NR b KQ - 5 9,black,e7e6,-151.0,-0.3605343933972969,0,,29,teacher_candidate,mates,,,
2054,mates_0080,mates,train,generated_0041,r1bq1bnr/pppppk1p/5p2/2Q3p1/B3P2P/1nN5/PPPP1PP1/R1B1K1NR b KQ - 5 9,black,g8h6,-871.0,-0.974640794891156,0,,29,teacher_candidate,mates,,,
2054,mates_0080,mates,train,generated_0041,r1bq1bnr/pppppk1p/5p2/2Q3p1/B3P2P/1nN5/PPPP1PP1/R1B1K1NR b KQ - 5 9,black,f7e6,-99999.0,-1.0,0,,29,teacher_candidate,mates,-1.0,,
4530,mates_0081,mates,train,generated_0090,1nbqk1r1/2pp1p1p/rp1bp1p1/p7/2P1n2P/PQ3P2/RP1PP1P1/1NB1KBNR w K - 0 10,white,f3e4,528.0,0.8667839288498187,1,,25,teacher_candidate,mates,,,
4530,mates_0081,mates,train,generated_0090,1nbqk1r1/2pp1p1p/rp1bp1p1/p7/2P1n2P/PQ3P2/RP1PP1P1/1NB1KBNR w K - 0 10,white,d2d3,146.0,0.349610545164627,0,,25,teacher_candidate,mates,,,
4530,mates_0081,mates,train,generated_0090,1nbqk1r1/2pp1p1p/rp1bp1p1/p7/2P1n2P/PQ3P2/RP1PP1P1/1NB1KBNR w K - 0 10,white,b1c3,-20.0,-0.0499583749578799,0,,25,teacher_candidate,mates,,,
4530,mates_0081,mates,train,generated_0090,1nbqk1r1/2pp1p1p/rp1bp1p1/p7/2P1n2P/PQ3P2/RP1PP1P1/1NB1KBNR w K - 0 10,white,a2a1,-956.0,-0.9833478138031324,0,,25,teacher_candidate,mates,,,
4530,mates_0081,mates,train,generated_0090,1nbqk1r1/2pp1p1p/rp1bp1p1/p7/2P1n2P/PQ3P2/RP1PP1P1/1NB1KBNR w K - 0 10,white,b3d1,-99999.0,-1.0,0,,25,teacher_candidate,mates,-1.0,,
803,mates_0082,mates,train,generated_0016,r1b1kb1r/p1qppp2/2p4n/1P4Pp/1n6/1PP3PP/3PP3/RNBQKBNR b Kkq - 0 10,black,c7g3,99999.0,1.0,1,,35,teacher_candidate,mates,1.0,,
803,mates_0082,mates,train,generated_0016,r1b1kb1r/p1qppp2/2p4n/1P4Pp/1n6/1PP3PP/3PP3/RNBQKBNR b Kkq - 0 10,black,h6g4,364.0,0.7211322540766999,0,,35,teacher_candidate,mates,,,
803,mates_0082,mates,train,generated_0016,r1b1kb1r/p1qppp2/2p4n/1P4Pp/1n6/1PP3PP/3PP3/RNBQKBNR b Kkq - 0 10,black,c6b5,190.0,0.4422303560457261,0,,35,teacher_candidate,mates,,,
803,mates_0082,mates,train,generated_0016,r1b1kb1r/p1qppp2/2p4n/1P4Pp/1n6/1PP3PP/3PP3/RNBQKBNR b Kkq - 0 10,black,b4d5,-103.0,-0.2519557155332075,0,,35,teacher_candidate,mates,,,
803,mates_0082,mates,train,generated_0016,r1b1kb1r/p1qppp2/2p4n/1P4Pp/1n6/1PP3PP/3PP3/RNBQKBNR b Kkq - 0 10,black,c7f4,-984.0,-0.9855075208083371,0,,35,teacher_candidate,mates,,,
3891,mates_0083,mates,train,generated_0077,r1b1k2r/1ppp2pp/p1n1p3/1Nb2p2/3PP2q/1P6/P1P2PPP/R1BQKBNR w KQkq - 3 8,white,b5c7,719.0,0.946546503188557,1,,39,teacher_candidate,mates,,,
3891,mates_0083,mates,train,generated_0077,r1b1k2r/1ppp2pp/p1n1p3/1Nb2p2/3PP2q/1P6/P1P2PPP/R1BQKBNR w KQkq - 3 8,white,d4c5,657.0,0.9278212446449908,0,,39,teacher_candidate,mates,,,
3891,mates_0083,mates,train,generated_0077,r1b1k2r/1ppp2pp/p1n1p3/1Nb2p2/3PP2q/1P6/P1P2PPP/R1BQKBNR w KQkq - 3 8,white,g1f3,501.0,0.8489831921189297,0,,39,teacher_candidate,mates,,,
3891,mates_0083,mates,train,generated_0077,r1b1k2r/1ppp2pp/p1n1p3/1Nb2p2/3PP2q/1P6/P1P2PPP/R1BQKBNR w KQkq - 3 8,white,c1g5,123.0,0.2981610484891466,0,,39,teacher_candidate,mates,,,
3891,mates_0083,mates,train,generated_0077,r1b1k2r/1ppp2pp/p1n1p3/1Nb2p2/3PP2q/1P6/P1P2PPP/R1BQKBNR w KQkq - 3 8,white,d4d5,-99999.0,-1.0,0,,39,teacher_candidate,mates,-1.0,,
2177,mates_0084,mates,train,generated_0043,r1bqk1nr/pp1pp3/n5pb/2p3Bp/2PP2P1/NP3p1N/P3PP1P/R2QKB1R w KQkq - 2 9,white,e2f3,106.0,0.2589662239347897,1,,30,teacher_candidate,mates,,,
2177,mates_0084,mates,train,generated_0043,r1bqk1nr/pp1pp3/n5pb/2p3Bp/2PP2P1/NP3p1N/P3PP1P/R2QKB1R w KQkq - 2 9,white,d1d3,65.0,0.1610846096413192,0,,30,teacher_candidate,mates,,,
2177,mates_0084,mates,train,generated_0043,r1bqk1nr/pp1pp3/n5pb/2p3Bp/2PP2P1/NP3p1N/P3PP1P/R2QKB1R w KQkq - 2 9,white,d1d2,37.0,0.0922370820915592,0,,30,teacher_candidate,mates,,,
2177,mates_0084,mates,train,generated_0043,r1bqk1nr/pp1pp3/n5pb/2p3Bp/2PP2P1/NP3p1N/P3PP1P/R2QKB1R w KQkq - 2 9,white,a3b1,-78.0,-0.1925653985935757,0,,30,teacher_candidate,mates,,,
2177,mates_0084,mates,train,generated_0043,r1bqk1nr/pp1pp3/n5pb/2p3Bp/2PP2P1/NP3p1N/P3PP1P/R2QKB1R w KQkq - 2 9,white,g5h4,-99997.0,-1.0,0,,30,teacher_candidate,mates,-3.0,,
8,mates_0085,mates,train,generated_0000,1nbqk1nr/3p1pp1/rQ1bp2p/p1p5/2P1PPP1/P6N/1P1PK2P/RNB2B1R b k - 0 9,black,d8b6,802.0,0.9643791367189491,1,,28,teacher_candidate,mates,,,
8,mates_0085,mates,train,generated_0000,1nbqk1nr/3p1pp1/rQ1bp2p/p1p5/2P1PPP1/P6N/1P1PK2P/RNB2B1R b k - 0 9,black,a6b6,598.0,0.9042406203001624,0,,28,teacher_candidate,mates,,,
8,mates_0085,mates,train,generated_0000,1nbqk1nr/3p1pp1/rQ1bp2p/p1p5/2P1PPP1/P6N/1P1PK2P/RNB2B1R b k - 0 9,black,d8h4,293.0,0.6245924416209736,0,,28,teacher_candidate,mates,,,
8,mates_0085,mates,train,generated_0000,1nbqk1nr/3p1pp1/rQ1bp2p/p1p5/2P1PPP1/P6N/1P1PK2P/RNB2B1R b k - 0 9,black,e6e5,-13.0,-0.0324885621241449,0,,28,teacher_candidate,mates,,,
8,mates_0085,mates,train,generated_0000,1nbqk1nr/3p1pp1/rQ1bp2p/p1p5/2P1PPP1/P6N/1P1PK2P/RNB2B1R b k - 0 9,black,e8f8,-99999.0,-1.0,0,,28,teacher_candidate,mates,-1.0,,
3545,mates_0086,mates,train,generated_0070,rnbqk2r/pppp2pp/8/2b1pp2/P1P3n1/6PP/1PQPPP2/RNB1KBNR w KQkq - 2 7,white,h3g4,581.0,0.8961861040480193,1,,25,teacher_candidate,mates,,,
3545,mates_0086,mates,train,generated_0070,rnbqk2r/pppp2pp/8/2b1pp2/P1P3n1/6PP/1PQPPP2/RNB1KBNR w KQkq - 2 7,white,d2d4,30.0,0.074859690687499,0,,25,teacher_candidate,mates,,,
3545,mates_0086,mates,train,generated_0070,rnbqk2r/pppp2pp/8/2b1pp2/P1P3n1/6PP/1PQPPP2/RNB1KBNR w KQkq - 2 7,white,e2e3,19.0,0.0474643082531221,0,,25,teacher_candidate,mates,,,
3545,mates_0086,mates,train,generated_0070,rnbqk2r/pppp2pp/8/2b1pp2/P1P3n1/6PP/1PQPPP2/RNB1KBNR w KQkq - 2 7,white,a4a5,-388.0,-0.7487042869693087,0,,25,teacher_candidate,mates,,,
3545,mates_0086,mates,train,generated_0070,rnbqk2r/pppp2pp/8/2b1pp2/P1P3n1/6PP/1PQPPP2/RNB1KBNR w KQkq - 2 7,white,c2d1,-99999.0,-1.0,0,,25,teacher_candidate,mates,-1.0,,
4383,mates_0087,mates,train,generated_0087,2r1kb1r/pppn1p1p/3pp1pn/P2P1b2/2P5/1P3N2/Q3PPPP/qNB1KB1R w Kk - 3 10,white,a2a1,590.0,0.9005269768828865,1,,35,teacher_candidate,mates,,,
4383,mates_0087,mates,train,generated_0087,2r1kb1r/pppn1p1p/3pp1pn/P2P1b2/2P5/1P3N2/Q3PPPP/qNB1KB1R w Kk - 3 10,white,c4c5,-200.0,-0.4621171572600097,0,,35,teacher_candidate,mates,,,
4383,mates_0087,mates,train,generated_0087,2r1kb1r/pppn1p1p/3pp1pn/P2P1b2/2P5/1P3N2/Q3PPPP/qNB1KB1R w Kk - 3 10,white,c1h6,-802.0,-0.9643791367189491,0,,35,teacher_candidate,mates,,,
4383,mates_0087,mates,train,generated_0087,2r1kb1r/pppn1p1p/3pp1pn/P2P1b2/2P5/1P3N2/Q3PPPP/qNB1KB1R w Kk - 3 10,white,f3d4,-1142.0,-0.9933965300438252,0,,35,teacher_candidate,mates,,,
4383,mates_0087,mates,train,generated_0087,2r1kb1r/pppn1p1p/3pp1pn/P2P1b2/2P5/1P3N2/Q3PPPP/qNB1KB1R w Kk - 3 10,white,b1d2,-99999.0,-1.0,0,,35,teacher_candidate,mates,-1.0,,
2822,mates_0088,mates,train,generated_0056,r1b1kbr1/pppp1ppp/2n1pn2/1P6/P4P1q/3P2P1/2PBP3/RN1QKBNR w KQ - 1 9,white,g3h4,693.0,0.939350675792384,1,,28,teacher_candidate,mates,,,
2822,mates_0088,mates,train,generated_0056,r1b1kbr1/pppp1ppp/2n1pn2/1P6/P4P1q/3P2P1/2PBP3/RN1QKBNR w KQ - 1 9,white,h1h4,648.0,0.924624218982788,0,,28,teacher_candidate,mates,,,
2822,mates_0088,mates,train,generated_0056,r1b1kbr1/pppp1ppp/2n1pn2/1P6/P4P1q/3P2P1/2PBP3/RN1QKBNR w KQ - 1 9,white,h1h3,236.0,0.5298956075275294,0,,28,teacher_candidate,mates,,,
2822,mates_0088,mates,train,generated_0056,r1b1kbr1/pppp1ppp/2n1pn2/1P6/P4P1q/3P2P1/2PBP3/RN1QKBNR w KQ - 1 9,white,d2b4,-928.0,-0.9808693626558168,0,,28,teacher_candidate,mates,,,
2822,mates_0088,mates,train,generated_0056,r1b1kbr1/pppp1ppp/2n1pn2/1P6/P4P1q/3P2P1/2PBP3/RN1QKBNR w KQ - 1 9,white,g1f3,-99999.0,-1.0,0,,28,teacher_candidate,mates,-1.0,,
4985,mates_0089,mates,train,generated_0099,rnb1q2r/pppp1Npp/4pnk1/2bN1p2/8/1P3P2/P1PPP1PP/R1BQKBR1 b Q - 4 8,black,e8f7,502.0,0.8496797810357468,1,,37,teacher_candidate,mates,,,
4985,mates_0089,mates,train,generated_0099,rnb1q2r/pppp1Npp/4pnk1/2bN1p2/8/1P3P2/P1PPP1PP/R1BQKBR1 b Q - 4 8,black,g6f7,324.0,0.6695902596187708,0,,37,teacher_candidate,mates,,,
4985,mates_0089,mates,train,generated_0099,rnb1q2r/pppp1Npp/4pnk1/2bN1p2/8/1P3P2/P1PPP1PP/R1BQKBR1 b Q - 4 8,black,e6d5,311.0,0.6512694287651738,0,,37,teacher_candidate,mates,,,
4985,mates_0089,mates,train,generated_0099,rnb1q2r/pppp1Npp/4pnk1/2bN1p2/8/1P3P2/P1PPP1PP/R1BQKBR1 b Q - 4 8,black,f5f4,-631.0,-0.9182105685881916,0,,37,teacher_candidate,mates,,,
4985,mates_0089,mates,train,generated_0099,rnb1q2r/pppp1Npp/4pnk1/2bN1p2/8/1P3P2/P1PPP1PP/R1BQKBR1 b Q - 4 8,black,g6h5,-99998.0,-1.0,0,,37,teacher_candidate,mates,-2.0,,
1445,mates_0090,mates,train,generated_0028,r1bq1bnr/p2kpppp/n1pp4/8/1p2P3/BPPP1Q2/P4PPP/RN2KBNR b KQ - 0 7,black,b4a3,281.0,0.6059522288123076,1,,26,teacher_candidate,mates,,,
1445,mates_0090,mates,train,generated_0028,r1bq1bnr/p2kpppp/n1pp4/8/1p2P3/BPPP1Q2/P4PPP/RN2KBNR b KQ - 0 7,black,f7f5,64.0,0.1586485042974989,0,,26,teacher_candidate,mates,,,
1445,mates_0090,mates,train,generated_0028,r1bq1bnr/p2kpppp/n1pp4/8/1p2P3/BPPP1Q2/P4PPP/RN2KBNR b KQ - 0 7,black,g8f6,-37.0,-0.0922370820915592,0,,26,teacher_candidate,mates,,,
1445,mates_0090,mates,train,generated_0028,r1bq1bnr/p2kpppp/n1pp4/8/1p2P3/BPPP1Q2/P4PPP/RN2KBNR b KQ - 0 7,black,d8a5,-114.0,-0.2775263502976838,0,,26,teacher_candidate,mates,,,
1445,mates_0090,mates,train,generated_0028,r1bq1bnr/p2kpppp/n1pp4/8/1p2P3/BPPP1Q2/P4PPP/RN2KBNR b KQ - 0 7,black,d7e6,-99999.0,-1.0,0,,26,teacher_candidate,mates,-1.0,,
4143,mates_0091,mates,train,generated_0082,rnb2bnr/3ppk1p/p1p5/1p4p1/1q3P2/3P1K2/PPPBP2P/RN1Q1BNR w - - 0 10,white,d2b4,586.0,0.8986193501374987,1,,29,teacher_candidate,mates,,,
4143,mates_0091,mates,train,generated_0082,rnb2bnr/3ppk1p/p1p5/1p4p1/1q3P2/3P1K2/PPPBP2P/RN1Q1BNR w - - 0 10,white,f3g2,284.0,0.6106768328168442,0,,29,teacher_candidate,mates,,,
4143,mates_0091,mates,train,generated_0082,rnb2bnr/3ppk1p/p1p5/1p4p1/1q3P2/3P1K2/PPPBP2P/RN1Q1BNR w - - 0 10,white,b1c3,264.0,0.5783634130445058,0,,29,teacher_candidate,mates,,,
4143,mates_0091,mates,train,generated_0082,rnb2bnr/3ppk1p/p1p5/1p4p1/1q3P2/3P1K2/PPPBP2P/RN1Q1BNR w - - 0 10,white,g1h3,94.0,0.2307675127823643,0,,29,teacher_candidate,mates,,,
4143,mates_0091,mates,train,generated_0082,rnb2bnr/3ppk1p/p1p5/1p4p1/1q3P2/3P1K2/PPPBP2P/RN1Q1BNR w - - 0 10,white,f3e3,-99999.0,-1.0,0,,29,teacher_candidate,mates,-1.0,,
1384,mates_0092,mates,train,generated_0027,r1bqkbnr/ppppp3/6p1/n4p2/2P1Q1Pp/2N5/PP1PPP1P/R1B1K1NR b KQkq - 3 7,black,f5e4,1062.0,0.9901647516412794,1,,26,teacher_candidate,mates,,,
1384,mates_0092,mates,train,generated_0027,r1bqkbnr/ppppp3/6p1/n4p2/2P1Q1Pp/2N5/PP1PPP1P/R1B1K1NR b KQkq - 3 7,black,g8f6,797.0,0.9634938499173732,0,,26,teacher_candidate,mates,,,
1384,mates_0092,mates,train,generated_0027,r1bqkbnr/ppppp3/6p1/n4p2/2P1Q1Pp/2N5/PP1PPP1P/R1B1K1NR b KQkq - 3 7,black,a5c6,754.0,0.9549347210871054,0,,26,teacher_candidate,mates,,,
1384,mates_0092,mates,train,generated_0027,r1bqkbnr/ppppp3/6p1/n4p2/2P1Q1Pp/2N5/PP1PPP1P/R1B1K1NR b KQkq - 3 7,black,h4h3,572.0,0.8916665990375279,0,,26,teacher_candidate,mates,,,
1384,mates_0092,mates,train,generated_0027,r1bqkbnr/ppppp3/6p1/n4p2/2P1Q1Pp/2N5/PP1PPP1P/R1B1K1NR b KQkq - 3 7,black,f5g4,-99999.0,-1.0,0,,26,teacher_candidate,mates,-1.0,,
2119,mates_0093,mates,train,generated_0042,1rb1kb1r/p1ppq1pp/n3Q3/1p3p2/5Pn1/2P1P1PN/PP1P2KP/RNB2BR1 b k - 0 10,black,c8b7,99997.0,1.0,1,,25,teacher_candidate,mates,3.0,,
2119,mates_0093,mates,train,generated_0042,1rb1kb1r/p1ppq1pp/n3Q3/1p3p2/5Pn1/2P1P1PN/PP1P2KP/RNB2BR1 b k - 0 10,black,e7e6,1069.0,0.9905014243289432,0,,25,teacher_candidate,mates,,,
2119,mates_0093,mates,train,generated_0042,1rb1kb1r/p1ppq1pp/n3Q3/1p3p2/5Pn1/2P1P1PN/PP1P2KP/RNB2BR1 b k - 0 10,black,d7e6,992.0,0.9860718216444758,0,,25,teacher_candidate,mates,,,
2119,mates_0093,mates,train,generated_0042,1rb1kb1r/p1ppq1pp/n3Q3/1p3p2/5Pn1/2P1P1PN/PP1P2KP/RNB2BR1 b k - 0 10,black,g4h6,-42.0,-0.1046158191486505,0,,25,teacher_candidate,mates,,,
2119,mates_0093,mates,train,generated_0042,1rb1kb1r/p1ppq1pp/n3Q3/1p3p2/5Pn1/2P1P1PN/PP1P2KP/RNB2BR1 b k - 0 10,black,g4e5,-821.0,-0.967554981292966,0,,25,teacher_candidate,mates,,,
3878,mates_0094,mates,train,generated_0077,rnbqkb1r/p1p1p1p1/1p1B3p/3p1p2/P3nP2/1P2P2P/2PPQ1P1/RN2KBNR b KQkq - 4 9,black,d8d6,814.0,0.9664187038263724,1,,34,teacher_candidate,mates,,,
3878,mates_0094,mates,train,generated_0077,rnbqkb1r/p1p1p1p1/1p1B3p/3p1p2/P3nP2/1P2P2P/2PPQ1P1/RN2KBNR b KQkq - 4 9,black,e7d6,708.0,0.9436094240597148,0,,34,teacher_candidate,mates,,,
3878,mates_0094,mates,train,generated_0077,rnbqkb1r/p1p1p1p1/1p1B3p/3p1p2/P3nP2/1P2P2P/2PPQ1P1/RN2KBNR b KQkq - 4 9,black,e4d6,685.0,0.9369535544919974,0,,34,teacher_candidate,mates,,,
3878,mates_0094,mates,train,generated_0077,rnbqkb1r/p1p1p1p1/1p1B3p/3p1p2/P3nP2/1P2P2P/2PPQ1P1/RN2KBNR b KQkq - 4 9,black,a7a5,-35.0,-0.0872773744741577,0,,34,teacher_candidate,mates,,,
3878,mates_0094,mates,train,generated_0077,rnbqkb1r/p1p1p1p1/1p1B3p/3p1p2/P3nP2/1P2P2P/2PPQ1P1/RN2KBNR b KQkq - 4 9,black,c8d7,-99998.0,-1.0,0,,34,teacher_candidate,mates,-2.0,,
501,mates_0095,mates,train,generated_0010,rn2kbnr/1pp2p1p/p2pb1p1/6q1/PP3p2/2NP3P/2PBP1P1/R2QKBNR w KQkq - 0 8,white,g2g4,-84.0,-0.2069664997294525,1,,25,teacher_candidate,mates,-1.0,,
501,mates_0095,mates,train,generated_0010,rn2kbnr/1pp2p1p/p2pb1p1/6q1/PP3p2/2NP3P/2PBP1P1/R2QKBNR w KQkq - 0 8,white,d1c1,-155.0,-0.3692030006468615,0,,25,teacher_candidate,mates,,,
501,mates_0095,mates,train,generated_0010,rn2kbnr/1pp2p1p/p2pb1p1/6q1/PP3p2/2NP3P/2PBP1P1/R2QKBNR w KQkq - 0 8,white,g1f3,-161.0,-0.3820860248314457,0,,25,teacher_candidate,mates,-1.0,,
501,mates_0095,mates,train,generated_0010,rn2kbnr/1pp2p1p/p2pb1p1/6q1/PP3p2/2NP3P/2PBP1P1/R2QKBNR w KQkq - 0 8,white,h1h2,-276.0,-0.5979820004989412,0,,25,teacher_candidate,mates,-1.0,,
501,mates_0095,mates,train,generated_0010,rn2kbnr/1pp2p1p/p2pb1p1/6q1/PP3p2/2NP3P/2PBP1P1/R2QKBNR w KQkq - 0 8,white,g2g3,-99999.0,-1.0,0,,25,teacher_candidate,mates,-1.0,,
45,mates_0096,mates,train,generated_0000,r1bqkbnr/pp1pp1p1/5P2/n6p/1p2Q2P/2N5/P1PP1PP1/1RB1KBNR b Kk - 1 10,black,g7f6,-214.0,-0.4891938316549519,1,,23,teacher_candidate,mates,-1.0,,
45,mates_0096,mates,train,generated_0000,r1bqkbnr/pp1pp1p1/5P2/n6p/1p2Q2P/2N5/P1PP1PP1/1RB1KBNR b Kk - 1 10,black,g8f6,-240.0,-0.5370495669980353,0,,23,teacher_candidate,mates,-1.0,,
45,mates_0096,mates,train,generated_0000,r1bqkbnr/pp1pp1p1/5P2/n6p/1p2Q2P/2N5/P1PP1PP1/1RB1KBNR b Kk - 1 10,black,b4c3,-242.0,-0.5405978980932038,0,,23,teacher_candidate,mates,-1.0,,
45,mates_0096,mates,train,generated_0000,r1bqkbnr/pp1pp1p1/5P2/n6p/1p2Q2P/2N5/P1PP1PP1/1RB1KBNR b Kk - 1 10,black,d8b6,-531.0,-0.8686369897347581,0,,23,teacher_candidate,mates,,,
45,mates_0096,mates,train,generated_0000,r1bqkbnr/pp1pp1p1/5P2/n6p/1p2Q2P/2N5/P1PP1PP1/1RB1KBNR b Kk - 1 10,black,g7g6,-99999.0,-1.0,0,,23,teacher_candidate,mates,-1.0,,
2094,mates_0097,mates,train,generated_0041,r2qkbnr/1pp2ppp/n2p4/4pb2/p1PP1PP1/N6P/PP2P3/R1BQKBNR w KQkq - 1 7,white,g4f5,279.0,0.6027785302291144,1,,27,teacher_candidate,mates,,,
2094,mates_0097,mates,train,generated_0041,r2qkbnr/1pp2ppp/n2p4/4pb2/p1PP1PP1/N6P/PP2P3/R1BQKBNR w KQkq - 1 7,white,d1a4,91.0,0.2236547380034742,0,,27,teacher_candidate,mates,,,
2094,mates_0097,mates,train,generated_0041,r2qkbnr/1pp2ppp/n2p4/4pb2/p1PP1PP1/N6P/PP2P3/R1BQKBNR w KQkq - 1 7,white,f1g2,88.0,0.2165180614930288,0,,27,teacher_candidate,mates,,,
2094,mates_0097,mates,train,generated_0041,r2qkbnr/1pp2ppp/n2p4/4pb2/p1PP1PP1/N6P/PP2P3/R1BQKBNR w KQkq - 1 7,white,a3b5,-163.0,-0.3863478986519003,0,,27,teacher_candidate,mates,,,
2094,mates_0097,mates,train,generated_0041,r2qkbnr/1pp2ppp/n2p4/4pb2/p1PP1PP1/N6P/PP2P3/R1BQKBNR w KQkq - 1 7,white,c1d2,-99999.0,-1.0,0,,27,teacher_candidate,mates,-1.0,,
1298,mates_0098,mates,train,generated_0025,r2qkbnr/1b1pp1p1/1pn2p1p/p1p5/4P3/1PN2Q2/P1PPBPPP/R1B1K1NR w KQkq - 0 10,white,f3h5,99998.0,1.0,1,,36,teacher_candidate,mates,2.0,,
1298,mates_0098,mates,train,generated_0025,r2qkbnr/1b1pp1p1/1pn2p1p/p1p5/4P3/1PN2Q2/P1PPBPPP/R1B1K1NR w KQkq - 0 10,white,d2d4,154.0,0.3670417874726313,0,,36,teacher_candidate,mates,,,
1298,mates_0098,mates,train,generated_0025,r2qkbnr/1b1pp1p1/1pn2p1p/p1p5/4P3/1PN2Q2/P1PPBPPP/R1B1K1NR w KQkq - 0 10,white,f3g3,129.0,0.3117656824156273,0,,36,teacher_candidate,mates,,,
1298,mates_0098,mates,train,generated_0025,r2qkbnr/1b1pp1p1/1pn2p1p/p1p5/4P3/1PN2Q2/P1PPBPPP/R1B1K1NR w KQkq - 0 10,white,b3b4,-18.0,-0.0449696495836002,0,,36,teacher_candidate,mates,,,
1298,mates_0098,mates,train,generated_0025,r2qkbnr/1b1pp1p1/1pn2p1p/p1p5/4P3/1PN2Q2/P1PPBPPP/R1B1K1NR w KQkq - 0 10,white,f3f6,-801.0,-0.9642037821118064,0,,36,teacher_candidate,mates,,,
2556,mates_0099,mates,train,generated_0051,r1bqkbn1/1p1pp1pr/n1p2p2/p7/PP1P2Pp/3Q3N/1BP1PP1P/RN2KB1R w KQq - 0 8,white,d3g6,99999.0,1.0,1,,40,teacher_candidate,mates,1.0,,
2556,mates_0099,mates,train,generated_0051,r1bqkbn1/1p1pp1pr/n1p2p2/p7/PP1P2Pp/3Q3N/1BP1PP1P/RN2KB1R w KQq - 0 8,white,b1d2,819.0,0.9672342455274456,0,,40,teacher_candidate,mates,,,
2556,mates_0099,mates,train,generated_0051,r1bqkbn1/1p1pp1pr/n1p2p2/p7/PP1P2Pp/3Q3N/1BP1PP1P/RN2KB1R w KQq - 0 8,white,b4b5,780.0,0.960319388531845,0,,40,teacher_candidate,mates,,,
2556,mates_0099,mates,train,generated_0051,r1bqkbn1/1p1pp1pr/n1p2p2/p7/PP1P2Pp/3Q3N/1BP1PP1P/RN2KB1R w KQq - 0 8,white,b2a3,122.0,0.2958816041613004,0,,40,teacher_candidate,mates,,,
2556,mates_0099,mates,train,generated_0051,r1bqkbn1/1p1pp1pr/n1p2p2/p7/PP1P2Pp/3Q3N/1BP1PP1P/RN2KB1R w KQq - 0 8,white,d3g3,-964.0,-0.9839955303715676,0,,40,teacher_candidate,mates,,,
524,mates_0100,mates,train,generated_0010,rnbqk2r/pp2bppn/3p4/1Np1p2p/Q1P4P/3BP3/PP1P1PP1/R1B1K1NR b KQkq - 0 8,black,b8c6,98.0,0.2402128646861802,1,,33,teacher_candidate,mates,,,
524,mates_0100,mates,train,generated_0010,rnbqk2r/pp2bppn/3p4/1Np1p2p/Q1P4P/3BP3/PP1P1PP1/R1B1K1NR b KQkq - 0 8,black,a7a6,78.0,0.1925653985935757,0,,33,teacher_candidate,mates,,,
524,mates_0100,mates,train,generated_0010,rnbqk2r/pp2bppn/3p4/1Np1p2p/Q1P4P/3BP3/PP1P1PP1/R1B1K1NR b KQkq - 0 8,black,c8d7,73.0,0.1805005038603668,0,,33,teacher_candidate,mates,,,
524,mates_0100,mates,train,generated_0010,rnbqk2r/pp2bppn/3p4/1Np1p2p/Q1P4P/3BP3/PP1P1PP1/R1B1K1NR b KQkq - 0 8,black,a7a5,-71.0,-0.1756590769650228,0,,33,teacher_candidate,mates,,,
524,mates_0100,mates,train,generated_0010,rnbqk2r/pp2bppn/3p4/1Np1p2p/Q1P4P/3BP3/PP1P1PP1/R1B1K1NR b KQkq - 0 8,black,h8f8,-99999.0,-1.0,0,,33,teacher_candidate,mates,-1.0,,
3433,mates_0101,mates,train,generated_0068,rnbqkbnr/pp1p4/6p1/2ppp2p/2BQ4/4P3/PPP2PPP/RNB1K2R b KQkq - 1 8,black,b8c6,1048.0,0.9894553755461026,1,,31,teacher_candidate,mates,,,
3433,mates_0101,mates,train,generated_0068,rnbqkbnr/pp1p4/6p1/2ppp2p/2BQ4/4P3/PPP2PPP/RNB1K2R b KQkq - 1 8,black,c5d4,955.0,0.9832650428011408,0,,31,teacher_candidate,mates,,,
3433,mates_0101,mates,train,generated_0068,rnbqkbnr/pp1p4/6p1/2ppp2p/2BQ4/4P3/PPP2PPP/RNB1K2R b KQkq - 1 8,black,d8a5,954.0,0.983181863868074,0,,31,teacher_candidate,mates,,,
3433,mates_0101,mates,train,generated_0068,rnbqkbnr/pp1p4/6p1/2ppp2p/2BQ4/4P3/PPP2PPP/RNB1K2R b KQkq - 1 8,black,h8h7,508.0,0.8537976531552436,0,,31,teacher_candidate,mates,,,
3433,mates_0101,mates,train,generated_0068,rnbqkbnr/pp1p4/6p1/2ppp2p/2BQ4/4P3/PPP2PPP/RNB1K2R b KQkq - 1 8,black,e8e7,-99998.0,-1.0,0,,31,teacher_candidate,mates,-2.0,,
1368,mates_0102,mates,train,generated_0027,rn1qkbnr/3bpp2/p6p/1ppp4/2P2P1p/4P1P1/PP1PB1K1/RNBQ2NR b kq - 3 9,black,b5c4,195.0,0.4522299625215583,1,,27,teacher_candidate,mates,,,
1368,mates_0102,mates,train,generated_0027,rn1qkbnr/3bpp2/p6p/1ppp4/2P2P1p/4P1P1/PP1PB1K1/RNBQ2NR b kq - 3 9,black,d5c4,179.0,0.4198418366689064,0,,27,teacher_candidate,mates,,,
1368,mates_0102,mates,train,generated_0027,rn1qkbnr/3bpp2/p6p/1ppp4/2P2P1p/4P1P1/PP1PB1K1/RNBQ2NR b kq - 3 9,black,g8f6,117.0,0.2844341859148753,0,,27,teacher_candidate,mates,,,
1368,mates_0102,mates,train,generated_0027,rn1qkbnr/3bpp2/p6p/1ppp4/2P2P1p/4P1P1/PP1PB1K1/RNBQ2NR b kq - 3 9,black,h6h5,4.0,0.0099996666799994,0,,27,teacher_candidate,mates,,,
1368,mates_0102,mates,train,generated_0027,rn1qkbnr/3bpp2/p6p/1ppp4/2P2P1p/4P1P1/PP1PB1K1/RNBQ2NR b kq - 3 9,black,f7f6,-99999.0,-1.0,0,,27,teacher_candidate,mates,-1.0,,
1997,mates_0103,mates,train,generated_0039,1nbq1bnr/r2kp2p/p1pP1p2/1p3Pp1/6P1/1Q2P2N/PP1P3P/RNB1KB1R b KQ - 0 9,black,d7e8,-86.0,-0.2117473368635211,1,,21,teacher_candidate,mates,,,
1997,mates_0103,mates,train,generated_0039,1nbq1bnr/r2kp2p/p1pP1p2/1p3Pp1/6P1/1Q2P2N/PP1P3P/RNB1KB1R b KQ - 0 9,black,h7h5,-95.0,-0.2331330090426386,0,,21,teacher_candidate,mates,,,
1997,mates_0103,mates,train,generated_0039,1nbq1bnr/r2kp2p/p1pP1p2/1p3Pp1/6P1/1Q2P2N/PP1P3P/RNB1KB1R b KQ - 0 9,black,e7d6,-140.0,-0.3363755443363322,0,,21,teacher_candidate,mates,,,
1997,mates_0103,mates,train,generated_0039,1nbq1bnr/r2kp2p/p1pP1p2/1p3Pp1/6P1/1Q2P2N/PP1P3P/RNB1KB1R b KQ - 0 9,black,d8b6,-322.0,-0.6668227728490808,0,,21,teacher_candidate,mates,,,
1997,mates_0103,mates,train,generated_0039,1nbq1bnr/r2kp2p/p1pP1p2/1p3Pp1/6P1/1Q2P2N/PP1P3P/RNB1KB1R b KQ - 0 9,black,e7e6,-99999.0,-1.0,0,,21,teacher_candidate,mates,-1.0,,
4028,mates_0104,mates,train,generated_0080,rn2kbr1/p1p1p2p/1p1qb3/3p1pp1/1PP1nB2/N2P2P1/P3PP1P/R2QKBNR w KQq - 3 10,white,f4d6,514.0,0.8578113918314256,1,,31,teacher_candidate,mates,,,
4028,mates_0104,mates,train,generated_0080,rn2kbr1/p1p1p2p/1p1qb3/3p1pp1/1PP1nB2/N2P2P1/P3PP1P/R2QKBNR w KQq - 3 10,white,d1a4,416.0,0.7778880665771849,0,,31,teacher_candidate,mates,,,
4028,mates_0104,mates,train,generated_0080,rn2kbr1/p1p1p2p/1p1qb3/3p1pp1/1PP1nB2/N2P2P1/P3PP1P/R2QKBNR w KQq - 3 10,white,a3b5,167.0,0.3948222287917645,0,,31,teacher_candidate,mates,,,
4028,mates_0104,mates,train,generated_0080,rn2kbr1/p1p1p2p/1p1qb3/3p1pp1/1PP1nB2/N2P2P1/P3PP1P/R2QKBNR w KQq - 3 10,white,f1h3,-480.0,-0.8336546070121552,0,,31,teacher_candidate,mates,,,
4028,mates_0104,mates,train,generated_0080,rn2kbr1/p1p1p2p/1p1qb3/3p1pp1/1PP1nB2/N2P2P1/P3PP1P/R2QKBNR w KQq - 3 10,white,f4e5,-99997.0,-1.0,0,,31,teacher_candidate,mates,-3.0,,
890,mates_0105,mates,train,generated_0017,r1b1k1nr/pp1p1ppp/n1p1p3/8/P2PB1P1/b7/1PPqPP1P/RNBQ1KNR w kq - 5 7,white,d1d2,913.0,0.9793947398556088,1,,32,teacher_candidate,mates,,,
890,mates_0105,mates,train,generated_0017,r1b1k1nr/pp1p1ppp/n1p1p3/8/P2PB1P1/b7/1PPqPP1P/RNBQ1KNR w kq - 5 7,white,c1d2,767.0,0.9577108258246346,0,,32,teacher_candidate,mates,,,
890,mates_0105,mates,train,generated_0017,r1b1k1nr/pp1p1ppp/n1p1p3/8/P2PB1P1/b7/1PPqPP1P/RNBQ1KNR w kq - 5 7,white,b1d2,690.0,0.938462281285704,0,,32,teacher_candidate,mates,,,
890,mates_0105,mates,train,generated_0017,r1b1k1nr/pp1p1ppp/n1p1p3/8/P2PB1P1/b7/1PPqPP1P/RNBQ1KNR w kq - 5 7,white,h2h3,-918.0,-0.9798983722330524,0,,32,teacher_candidate,mates,,,
890,mates_0105,mates,train,generated_0017,r1b1k1nr/pp1p1ppp/n1p1p3/8/P2PB1P1/b7/1PPqPP1P/RNBQ1KNR w kq - 5 7,white,e4g2,-99999.0,-1.0,0,,32,teacher_candidate,mates,-1.0,,
3770,mates_0106,mates,train,generated_0075,r1bqkbn1/1p1pp1pr/2n4p/p1p2pN1/8/4P3/PPPPBPPP/RNBQK2R w KQq - 4 7,white,e2h5,99997.0,1.0,1,,35,teacher_candidate,mates,3.0,,
3770,mates_0106,mates,train,generated_0075,r1bqkbn1/1p1pp1pr/2n4p/p1p2pN1/8/4P3/PPPPBPPP/RNBQK2R w KQq - 4 7,white,g5h7,1006.0,0.9870073354313232,0,,35,teacher_candidate,mates,,,
3770,mates_0106,mates,train,generated_0075,r1bqkbn1/1p1pp1pr/2n4p/p1p2pN1/8/4P3/PPPPBPPP/RNBQK2R w KQq - 4 7,white,g5h3,59.0,0.1464395453596697,0,,35,teacher_candidate,mates,,,
3770,mates_0106,mates,train,generated_0075,r1bqkbn1/1p1pp1pr/2n4p/p1p2pN1/8/4P3/PPPPBPPP/RNBQK2R w KQq - 4 7,white,h1f1,-73.0,-0.1805005038603668,0,,35,teacher_candidate,mates,,,
3770,mates_0106,mates,train,generated_0075,r1bqkbn1/1p1pp1pr/2n4p/p1p2pN1/8/4P3/PPPPBPPP/RNBQK2R w KQq - 4 7,white,e2a6,-778.0,-0.9599285819327408,0,,35,teacher_candidate,mates,,,
1389,mates_0107,mates,train,generated_0027,rnbqkb2/1pp1nppr/p3p2p/1N1p4/Q7/2PP1NP1/PP2PP1P/R1B1KB1R b KQq - 2 7,black,c8d7,252.0,0.5580522155596244,1,,24,teacher_candidate,mates,,,
1389,mates_0107,mates,train,generated_0027,rnbqkb2/1pp1nppr/p3p2p/1N1p4/Q7/2PP1NP1/PP2PP1P/R1B1KB1R b KQq - 2 7,black,b8d7,34.0,0.0847958815487019,0,,24,teacher_candidate,mates,,,
1389,mates_0107,mates,train,generated_0027,rnbqkb2/1pp1nppr/p3p2p/1N1p4/Q7/2PP1NP1/PP2PP1P/R1B1KB1R b KQq - 2 7,black,e7g8,15.0,0.0374824317570704,0,,24,teacher_candidate,mates,,,
1389,mates_0107,mates,train,generated_0027,rnbqkb2/1pp1nppr/p3p2p/1N1p4/Q7/2PP1NP1/PP2PP1P/R1B1KB1R b KQq - 2 7,black,e7c6,-37.0,-0.0922370820915592,0,,24,teacher_candidate,mates,,,
1389,mates_0107,mates,train,generated_0027,rnbqkb2/1pp1nppr/p3p2p/1N1p4/Q7/2PP1NP1/PP2PP1P/R1B1KB1R b KQq - 2 7,black,d8d6,-99998.0,-1.0,0,,24,teacher_candidate,mates,-2.0,,
3394,mates_0108,mates,train,generated_0067,1nb1kb1r/rp1pqppp/p1p4n/2PPp3/8/PP3P1P/3NP1P1/R1BQKBNR b KQk - 0 10,black,e7h4,99998.0,1.0,1,,23,teacher_candidate,mates,2.0,,
3394,mates_0108,mates,train,generated_0067,1nb1kb1r/rp1pqppp/p1p4n/2PPp3/8/PP3P1P/3NP1P1/R1BQKBNR b KQk - 0 10,black,c6d5,245.0,0.5458845187934771,0,,23,teacher_candidate,mates,,,
3394,mates_0108,mates,train,generated_0067,1nb1kb1r/rp1pqppp/p1p4n/2PPp3/8/PP3P1P/3NP1P1/R1BQKBNR b KQk - 0 10,black,e7c5,-5.0,-0.0124993489990208,0,,23,teacher_candidate,mates,,,
3394,mates_0108,mates,train,generated_0067,1nb1kb1r/rp1pqppp/p1p4n/2PPp3/8/PP3P1P/3NP1P1/R1BQKBNR b KQk - 0 10,black,f7f5,-143.0,-0.3430100684508116,0,,23,teacher_candidate,mates,,,
3394,mates_0108,mates,train,generated_0067,1nb1kb1r/rp1pqppp/p1p4n/2PPp3/8/PP3P1P/3NP1P1/R1BQKBNR b KQk - 0 10,black,e7d6,-854.0,-0.9724220229877168,0,,23,teacher_candidate,mates,,,
4169,mates_0109,mates,train,generated_0083,rnbq1knr/1pp1bppp/8/p7/3ppP2/NP3NPP/PBPPP3/R2QKB1R w KQ - 2 8,white,f3d4,-3.0,-0.0074998593781639,1,,28,teacher_candidate,mates,,,
4169,mates_0109,mates,train,generated_0083,rnbq1knr/1pp1bppp/8/p7/3ppP2/NP3NPP/PBPPP3/R2QKB1R w KQ - 2 8,white,f3e5,-73.0,-0.1805005038603668,0,,28,teacher_candidate,mates,,,
4169,mates_0109,mates,train,generated_0083,rnbq1knr/1pp1bppp/8/p7/3ppP2/NP3NPP/PBPPP3/R2QKB1R w KQ - 2 8,white,f3h2,-191.0,-0.4442392116987145,0,,28,teacher_candidate,mates,,,
4169,mates_0109,mates,train,generated_0083,rnbq1knr/1pp1bppp/8/p7/3ppP2/NP3NPP/PBPPP3/R2QKB1R w KQ - 2 8,white,b2d4,-656.0,-0.9274725672507032,0,,28,teacher_candidate,mates,,,
4169,mates_0109,mates,train,generated_0083,rnbq1knr/1pp1bppp/8/p7/3ppP2/NP3NPP/PBPPP3/R2QKB1R w KQ - 2 8,white,g3g4,-99998.0,-1.0,0,,28,teacher_candidate,mates,-2.0,,
2950,mates_0110,mates,train,generated_0059,rnb1k1nr/1p3p1p/6p1/p2pp3/Pbp2P1q/2P3PP/RP1PPK2/1NBQ1BNR w kq - 1 9,white,g3h4,616.0,0.9121203692077172,1,,22,teacher_candidate,mates,,,
2950,mates_0110,mates,train,generated_0059,rnb1k1nr/1p3p1p/6p1/p2pp3/Pbp2P1q/2P3PP/RP1PPK2/1NBQ1BNR w kq - 1 9,white,a2a1,319.0,0.6626368112043609,0,,22,teacher_candidate,mates,,,
2950,mates_0110,mates,train,generated_0059,rnb1k1nr/1p3p1p/6p1/p2pp3/Pbp2P1q/2P3PP/RP1PPK2/1NBQ1BNR w kq - 1 9,white,c3b4,218.0,0.4967634432141284,0,,22,teacher_candidate,mates,,,
2950,mates_0110,mates,train,generated_0059,rnb1k1nr/1p3p1p/6p1/p2pp3/Pbp2P1q/2P3PP/RP1PPK2/1NBQ1BNR w kq - 1 9,white,b1a3,-46.0,-0.1144957091971111,0,,22,teacher_candidate,mates,,,
2950,mates_0110,mates,train,generated_0059,rnb1k1nr/1p3p1p/6p1/p2pp3/Pbp2P1q/2P3PP/RP1PPK2/1NBQ1BNR w kq - 1 9,white,f2e1,-99999.0,-1.0,0,,22,teacher_candidate,mates,-1.0,,
2676,mates_0111,mates,train,generated_0053,rn3bnr/p1pkpppp/3p4/1p3bN1/1P3P2/B1P3PP/P2PP1q1/RN1QKB1R w KQ - 3 9,white,f1g2,1038.0,0.9889177368161453,1,,21,teacher_candidate,mates,,,
2676,mates_0111,mates,train,generated_0053,rn3bnr/p1pkpppp/3p4/1p3bN1/1P3P2/B1P3PP/P2PP1q1/RN1QKB1R w KQ - 3 9,white,e2e4,68.0,0.1683810458708147,0,,21,teacher_candidate,mates,,,
2676,mates_0111,mates,train,generated_0053,rn3bnr/p1pkpppp/3p4/1p3bN1/1P3P2/B1P3PP/P2PP1q1/RN1QKB1R w KQ - 3 9,white,g3g4,20.0,0.0499583749578799,0,,21,teacher_candidate,mates,-1.0,,
2676,mates_0111,mates,train,generated_0053,rn3bnr/p1pkpppp/3p4/1p3bN1/1P3P2/B1P3PP/P2PP1q1/RN1QKB1R w KQ - 3 9,white,d1a4,-548.0,-0.8786921933686958,0,,21,teacher_candidate,mates,,,
2676,mates_0111,mates,train,generated_0053,rn3bnr/p1pkpppp/3p4/1p3bN1/1P3P2/B1P3PP/P2PP1q1/RN1QKB1R w KQ - 3 9,white,h3h4,-99999.0,-1.0,0,,21,teacher_candidate,mates,-1.0,,
788,mates_0112,mates,train,generated_0015,r2qkbnr/1p2pppp/p1pp2b1/2n5/1P6/3PPP2/P1PNN1PP/R1BQKB1R w KQkq - 1 9,white,b4c5,558.0,0.884266089447278,1,,27,teacher_candidate,mates,,,
788,mates_0112,mates,train,generated_0015,r2qkbnr/1p2pppp/p1pp2b1/2n5/1P6/3PPP2/P1PNN1PP/R1BQKB1R w KQkq - 1 9,white,a2a3,235.0,0.528095199594932,0,,27,teacher_candidate,mates,,,
788,mates_0112,mates,train,generated_0015,r2qkbnr/1p2pppp/p1pp2b1/2n5/1P6/3PPP2/P1PNN1PP/R1BQKB1R w KQkq - 1 9,white,g2g4,71.0,0.1756590769650228,0,,27,teacher_candidate,mates,,,
788,mates_0112,mates,train,generated_0015,r2qkbnr/1p2pppp/p1pp2b1/2n5/1P6/3PPP2/P1PNN1PP/R1BQKB1R w KQkq - 1 9,white,d2b3,-4.0,-0.0099996666799994,0,,27,teacher_candidate,mates,,,
788,mates_0112,mates,train,generated_0015,r2qkbnr/1p2pppp/p1pp2b1/2n5/1P6/3PPP2/P1PNN1PP/R1BQKB1R w KQkq - 1 9,white,c2c4,-99999.0,-1.0,0,,27,teacher_candidate,mates,-1.0,,
2790,mates_0113,mates,train,generated_0055,rnbqkbnr/p4ppp/1pp1p3/5P2/5N2/P7/1PPPP1PP/R1BQKBNR w KQkq - 0 7,white,f5e6,226.0,0.5116777981895941,1,,26,teacher_candidate,mates,,,
2790,mates_0113,mates,train,generated_0055,rnbqkbnr/p4ppp/1pp1p3/5P2/5N2/P7/1PPPP1PP/R1BQKBNR w KQkq - 0 7,white,e2e4,75.0,0.1853331999081395,0,,26,teacher_candidate,mates,,,
2790,mates_0113,mates,train,generated_0055,rnbqkbnr/p4ppp/1pp1p3/5P2/5N2/P7/1PPPP1PP/R1BQKBNR w KQkq - 0 7,white,a3a4,45.0,0.1120277810892398,0,,26,teacher_candidate,mates,,,
2790,mates_0113,mates,train,generated_0055,rnbqkbnr/p4ppp/1pp1p3/5P2/5N2/P7/1PPPP1PP/R1BQKBNR w KQkq - 0 7,white,c2c4,-40.0,-0.0996679946249558,0,,26,teacher_candidate,mates,,,
2790,mates_0113,mates,train,generated_0055,rnbqkbnr/p4ppp/1pp1p3/5P2/5N2/P7/1PPPP1PP/R1BQKBNR w KQkq - 0 7,white,g2g4,-99999.0,-1.0,0,,26,teacher_candidate,mates,-1.0,,
3458,mates_0114,mates,train,generated_0069,r1b1kb1r/p1pp1ppp/n1n1pq2/1p6/P2P4/2K2PB1/1PP1P1PP/RN1Q1BNR w kq - 5 8,white,a4b5,-49.0,-0.1218909006494324,1,,28,teacher_candidate,mates,,,
3458,mates_0114,mates,train,generated_0069,r1b1kb1r/p1pp1ppp/n1n1pq2/1p6/P2P4/2K2PB1/1PP1P1PP/RN1Q1BNR w kq - 5 8,white,e2e3,-113.0,-0.2752173052438501,0,,28,teacher_candidate,mates,,,
3458,mates_0114,mates,train,generated_0069,r1b1kb1r/p1pp1ppp/n1n1pq2/1p6/P2P4/2K2PB1/1PP1P1PP/RN1Q1BNR w kq - 5 8,white,e2e4,-218.0,-0.4967634432141284,0,,28,teacher_candidate,mates,,,
3458,mates_0114,mates,train,generated_0069,r1b1kb1r/p1pp1ppp/n1n1pq2/1p6/P2P4/2K2PB1/1PP1P1PP/RN1Q1BNR w kq - 5 8,white,a1a2,-499.0,-0.8475811144033204,0,,28,teacher_candidate,mates,-2.0,,
3458,mates_0114,mates,train,generated_0069,r1b1kb1r/p1pp1ppp/n1n1pq2/1p6/P2P4/2K2PB1/1PP1P1PP/RN1Q1BNR w kq - 5 8,white,c3d3,-99999.0,-1.0,0,,28,teacher_candidate,mates,-1.0,,
3926,mates_0115,mates,train,generated_0078,r1b1k1nr/1ppp1ppp/8/p3n3/1bP1p2q/P3P1P1/1P1P1P2/RNBQKBNR w KQkq - 0 8,white,h1h4,702.0,0.9419419283273184,1,,28,teacher_candidate,mates,,,
3926,mates_0115,mates,train,generated_0078,r1b1k1nr/1ppp1ppp/8/p3n3/1bP1p2q/P3P1P1/1P1P1P2/RNBQKBNR w KQkq - 0 8,white,g3h4,665.0,0.9305531409332848,0,,28,teacher_candidate,mates,,,
3926,mates_0115,mates,train,generated_0078,r1b1k1nr/1ppp1ppp/8/p3n3/1bP1p2q/P3P1P1/1P1P1P2/RNBQKBNR w KQkq - 0 8,white,h1h3,144.0,0.3452140341355209,0,,28,teacher_candidate,mates,,,
3926,mates_0115,mates,train,generated_0078,r1b1k1nr/1ppp1ppp/8/p3n3/1bP1p2q/P3P1P1/1P1P1P2/RNBQKBNR w KQkq - 0 8,white,b2b3,-758.0,-0.9558073556932596,0,,28,teacher_candidate,mates,,,
3926,mates_0115,mates,train,generated_0078,r1b1k1nr/1ppp1ppp/8/p3n3/1bP1p2q/P3P1P1/1P1P1P2/RNBQKBNR w KQkq - 0 8,white,g1e2,-99999.0,-1.0,0,,28,teacher_candidate,mates,-1.0,,
2509,mates_0116,mates,train,generated_0050,rnbqk3/1pQp1ppr/p3p3/2b4p/2P1P1n1/5B2/PP1P1PPP/RNB1K1NR b KQq - 6 9,black,c5f2,750.0,0.9540452601799488,1,,38,teacher_candidate,mates,,,
2509,mates_0116,mates,train,generated_0050,rnbqk3/1pQp1ppr/p3p3/2b4p/2P1P1n1/5B2/PP1P1PPP/RNB1K1NR b KQq - 6 9,black,d8c7,673.0,0.9331852212249364,0,,38,teacher_candidate,mates,,,
2509,mates_0116,mates,train,generated_0050,rnbqk3/1pQp1ppr/p3p3/2b4p/2P1P1n1/5B2/PP1P1PPP/RNB1K1NR b KQq - 6 9,black,g4f2,158.0,0.3756626611656808,0,,38,teacher_candidate,mates,,,
2509,mates_0116,mates,train,generated_0050,rnbqk3/1pQp1ppr/p3p3/2b4p/2P1P1n1/5B2/PP1P1PPP/RNB1K1NR b KQq - 6 9,black,g7g5,-734.0,-0.9503129117179926,0,,38,teacher_candidate,mates,,,
2509,mates_0116,mates,train,generated_0050,rnbqk3/1pQp1ppr/p3p3/2b4p/2P1P1n1/5B2/PP1P1PPP/RNB1K1NR b KQq - 6 9,black,e8f8,-99999.0,-1.0,0,,38,teacher_candidate,mates,-1.0,,
429,mates_0117,mates,train,generated_0008,r1bq1b1r/pppppkp1/2n5/7p/2PN1p2/7Q/PPNPPPPn/1RB1KB1R b K - 1 9,black,h2f1,109.0,0.2659495533609213,1,,29,teacher_candidate,mates,,,
429,mates_0117,mates,train,generated_0008,r1bq1b1r/pppppkp1/2n5/7p/2PN1p2/7Q/PPNPPPPn/1RB1KB1R b K - 1 9,black,c6d4,69.0,0.1708091382589301,0,,29,teacher_candidate,mates,,,
429,mates_0117,mates,train,generated_0008,r1bq1b1r/pppppkp1/2n5/7p/2PN1p2/7Q/PPNPPPPn/1RB1KB1R b K - 1 9,black,h2g4,57.0,0.1415432237889834,0,,29,teacher_candidate,mates,,,
429,mates_0117,mates,train,generated_0008,r1bq1b1r/pppppkp1/2n5/7p/2PN1p2/7Q/PPNPPPPn/1RB1KB1R b K - 1 9,black,d8e8,-392.0,-0.753065904869552,0,,29,teacher_candidate,mates,,,
429,mates_0117,mates,train,generated_0008,r1bq1b1r/pppppkp1/2n5/7p/2PN1p2/7Q/PPNPPPPn/1RB1KB1R b K - 1 9,black,f7f6,-99999.0,-1.0,0,,29,teacher_candidate,mates,,,
4455,mates_0118,mates,train,generated_0089,rnb1kb1r/1pqppp1p/8/p1p3p1/4n1P1/3PKN2/PPP1PPBP/RNBQ3R b kq - 5 8,black,c7f4,99999.0,1.0,1,,34,teacher_candidate,mates,1.0,,
4455,mates_0118,mates,train,generated_0089,rnb1kb1r/1pqppp1p/8/p1p3p1/4n1P1/3PKN2/PPP1PPBP/RNBQ3R b kq - 5 8,black,e4c3,820.0,0.967395001257118,0,,34,teacher_candidate,mates,,,
4455,mates_0118,mates,train,generated_0089,rnb1kb1r/1pqppp1p/8/p1p3p1/4n1P1/3PKN2/PPP1PPBP/RNBQ3R b kq - 5 8,black,e4f6,433.0,0.7941243483656557,0,,34,teacher_candidate,mates,,,
4455,mates_0118,mates,train,generated_0089,rnb1kb1r/1pqppp1p/8/p1p3p1/4n1P1/3PKN2/PPP1PPBP/RNBQ3R b kq - 5 8,black,f8g7,-121.0,-0.2935987851159713,0,,34,teacher_candidate,mates,,,
4455,mates_0118,mates,train,generated_0089,rnb1kb1r/1pqppp1p/8/p1p3p1/4n1P1/3PKN2/PPP1PPBP/RNBQ3R b kq - 5 8,black,c7g3,-947.0,-0.982588022141084,0,,34,teacher_candidate,mates,,,
6,mates_0119,mates,train,generated_0000,rq2kbnB/pn1pp2p/bpp2pp1/8/2P3PP/1P3P2/P2PP3/RN1QKBNR b KQq - 0 10,black,b8g3,99999.0,1.0,1,,29,teacher_candidate,mates,1.0,,
6,mates_0119,mates,train,generated_0000,rq2kbnB/pn1pp2p/bpp2pp1/8/2P3PP/1P3P2/P2PP3/RN1QKBNR b KQq - 0 10,black,b7d6,-219.0,-0.4986441688103595,0,,29,teacher_candidate,mates,,,
6,mates_0119,mates,train,generated_0000,rq2kbnB/pn1pp2p/bpp2pp1/8/2P3PP/1P3P2/P2PP3/RN1QKBNR b KQq - 0 10,black,b7c5,-307.0,-0.6454733928434861,0,,29,teacher_candidate,mates,,,
6,mates_0119,mates,train,generated_0000,rq2kbnB/pn1pp2p/bpp2pp1/8/2P3PP/1P3P2/P2PP3/RN1QKBNR b KQq - 0 10,black,b8c7,-571.0,-0.8911531288062178,0,,29,teacher_candidate,mates,,,
6,mates_0119,mates,train,generated_0000,rq2kbnB/pn1pp2p/bpp2pp1/8/2P3PP/1P3P2/P2PP3/RN1QKBNR b KQq - 0 10,black,b8h2,-907.0,-0.978773876207672,0,,29,teacher_candidate,mates,,,
4572,mates_0120,mates,train,generated_0091,rnbq1bnr/1pppp1pk/5p1p/p6P/3P4/7N/PPP1PPP1/RNBQKB1R w KQ - 1 7,white,d1d3,99997.0,1.0,1,,29,teacher_candidate,mates,3.0,,
4572,mates_0120,mates,train,generated_0091,rnbq1bnr/1pppp1pk/5p1p/p6P/3P4/7N/PPP1PPP1/RNBQKB1R w KQ - 1 7,white,e2e3,292.0,0.623065349572361,0,,29,teacher_candidate,mates,,,
4572,mates_0120,mates,train,generated_0091,rnbq1bnr/1pppp1pk/5p1p/p6P/3P4/7N/PPP1PPP1/RNBQKB1R w KQ - 1 7,white,e2e4,291.0,0.6215334927210111,0,,29,teacher_candidate,mates,,,
4572,mates_0120,mates,train,generated_0091,rnbq1bnr/1pppp1pk/5p1p/p6P/3P4/7N/PPP1PPP1/RNBQKB1R w KQ - 1 7,white,c1d2,172.0,0.405321308689463,0,,29,teacher_candidate,mates,,,
4572,mates_0120,mates,train,generated_0091,rnbq1bnr/1pppp1pk/5p1p/p6P/3P4/7N/PPP1PPP1/RNBQKB1R w KQ - 1 7,white,h3g5,-297.0,-0.6306532272061658,0,,29,teacher_candidate,mates,4.0,,
4292,mates_0121,mates,train,generated_0085,r1bq1bnr/pp1ppk1p/6p1/1Pp2p2/2PnP2P/6P1/P3NP1R/RNBQKB2 b Q - 0 10,black,d4f3,99999.0,1.0,1,,32,teacher_candidate,mates,1.0,,
4292,mates_0121,mates,train,generated_0085,r1bq1bnr/pp1ppk1p/6p1/1Pp2p2/2PnP2P/6P1/P3NP1R/RNBQKB2 b Q - 0 10,black,f8g7,312.0,0.65270670596199,0,,32,teacher_candidate,mates,,,
4292,mates_0121,mates,train,generated_0085,r1bq1bnr/pp1ppk1p/6p1/1Pp2p2/2PnP2P/6P1/P3NP1R/RNBQKB2 b Q - 0 10,black,d4e2,210.0,0.481549798364308,0,,32,teacher_candidate,mates,,,
4292,mates_0121,mates,train,generated_0085,r1bq1bnr/pp1ppk1p/6p1/1Pp2p2/2PnP2P/6P1/P3NP1R/RNBQKB2 b Q - 0 10,black,d4e6,-20.0,-0.0499583749578799,0,,32,teacher_candidate,mates,,,
4292,mates_0121,mates,train,generated_0085,r1bq1bnr/pp1ppk1p/6p1/1Pp2p2/2PnP2P/6P1/P3NP1R/RNBQKB2 b Q - 0 10,black,d4c2,-641.0,-0.9220440062085268,0,,32,teacher_candidate,mates,,,
1086,mates_0122,mates,train,generated_0021,2bqkbnr/r1pnp2p/pp3p2/3p2Q1/1P2P1pP/P2P4/2P2PP1/RNB1KBNR w KQk - 0 9,white,g5h5,99999.0,1.0,1,,40,teacher_candidate,mates,1.0,,
1086,mates_0122,mates,train,generated_0021,2bqkbnr/r1pnp2p/pp3p2/3p2Q1/1P2P1pP/P2P4/2P2PP1/RNB1KBNR w KQk - 0 9,white,g5g4,324.0,0.6695902596187708,0,,40,teacher_candidate,mates,,,
1086,mates_0122,mates,train,generated_0021,2bqkbnr/r1pnp2p/pp3p2/3p2Q1/1P2P1pP/P2P4/2P2PP1/RNB1KBNR w KQk - 0 9,white,g5d5,209.0,0.4796272133393758,0,,40,teacher_candidate,mates,,,
1086,mates_0122,mates,train,generated_0021,2bqkbnr/r1pnp2p/pp3p2/3p2Q1/1P2P1pP/P2P4/2P2PP1/RNB1KBNR w KQk - 0 9,white,e4d5,-806.0,-0.9650721590620808,0,,40,teacher_candidate,mates,,,
1086,mates_0122,mates,train,generated_0021,2bqkbnr/r1pnp2p/pp3p2/3p2Q1/1P2P1pP/P2P4/2P2PP1/RNB1KBNR w KQk - 0 9,white,e1d1,-978.0,-0.9850694539943046,0,,40,teacher_candidate,mates,,,
914,mates_0123,mates,train,generated_0018,1rbqkbnr/ppppp2p/8/1B6/1n1Npp2/P1P3PP/1P1P4/RNBQK2R b KQk - 1 9,black,b4d3,160.0,0.3799489622552249,1,,24,teacher_candidate,mates,,,
914,mates_0123,mates,train,generated_0018,1rbqkbnr/ppppp2p/8/1B6/1n1Npp2/P1P3PP/1P1P4/RNBQK2R b KQk - 1 9,black,b4d5,34.0,0.0847958815487019,0,,24,teacher_candidate,mates,-1.0,,
914,mates_0123,mates,train,generated_0018,1rbqkbnr/ppppp2p/8/1B6/1n1Npp2/P1P3PP/1P1P4/RNBQK2R b KQk - 1 9,black,e7e5,-34.0,-0.0847958815487019,0,,24,teacher_candidate,mates,,,
914,mates_0123,mates,train,generated_0018,1rbqkbnr/ppppp2p/8/1B6/1n1Npp2/P1P3PP/1P1P4/RNBQK2R b KQk - 1 9,black,f4f3,-290.0,-0.619996867969374,0,,24,teacher_candidate,mates,,,
914,mates_0123,mates,train,generated_0018,1rbqkbnr/ppppp2p/8/1B6/1n1Npp2/P1P3PP/1P1P4/RNBQK2R b KQk - 1 9,black,h7h6,-99999.0,-1.0,0,,24,teacher_candidate,mates,-1.0,,
2193,mates_0124,mates,train,generated_0043,rnb2bnr/pppk1ppp/3pp3/6q1/2PP4/4QN2/PP2PP1P/RNB1KB1R w KQ - 0 10,white,f3g5,799.0,0.9638505266716332,1,,32,teacher_candidate,mates,,,
2193,mates_0124,mates,train,generated_0043,rnb2bnr/pppk1ppp/3pp3/6q1/2PP4/4QN2/PP2PP1P/RNB1KB1R w KQ - 0 10,white,e3g5,733.0,0.9500700718647336,0,,32,teacher_candidate,mates,,,
2193,mates_0124,mates,train,generated_0043,rnb2bnr/pppk1ppp/3pp3/6q1/2PP4/4QN2/PP2PP1P/RNB1KB1R w KQ - 0 10,white,f3e5,703.0,0.9422231290637216,0,,32,teacher_candidate,mates,,,
2193,mates_0124,mates,train,generated_0043,rnb2bnr/pppk1ppp/3pp3/6q1/2PP4/4QN2/PP2PP1P/RNB1KB1R w KQ - 0 10,white,a2a3,-74.0,-0.1829179568655601,0,,32,teacher_candidate,mates,,,
2193,mates_0124,mates,train,generated_0043,rnb2bnr/pppk1ppp/3pp3/6q1/2PP4/4QN2/PP2PP1P/RNB1KB1R w KQ - 0 10,white,e3e5,-99999.0,-1.0,0,,32,teacher_candidate,mates,-1.0,,
2228,mates_0125,mates,train,generated_0044,r2qk1nr/p2pp1bp/b7/1pp2pp1/Pn2PP2/2P3PP/R2P1K2/1NBQ1BNR b kq - 0 10,black,b4a2,833.0,0.9694155381723456,1,,35,teacher_candidate,mates,,,
2228,mates_0125,mates,train,generated_0044,r2qk1nr/p2pp1bp/b7/1pp2pp1/Pn2PP2/2P3PP/R2P1K2/1NBQ1BNR b kq - 0 10,black,g8f6,374.0,0.732916554933575,0,,35,teacher_candidate,mates,,,
2228,mates_0125,mates,train,generated_0044,r2qk1nr/p2pp1bp/b7/1pp2pp1/Pn2PP2/2P3PP/R2P1K2/1NBQ1BNR b kq - 0 10,black,d8b6,274.0,0.5947603071377392,0,,35,teacher_candidate,mates,,,
2228,mates_0125,mates,train,generated_0044,r2qk1nr/p2pp1bp/b7/1pp2pp1/Pn2PP2/2P3PP/R2P1K2/1NBQ1BNR b kq - 0 10,black,g7c3,-81.0,-0.1997767377279966,0,,35,teacher_candidate,mates,,,
2228,mates_0125,mates,train,generated_0044,r2qk1nr/p2pp1bp/b7/1pp2pp1/Pn2PP2/2P3PP/R2P1K2/1NBQ1BNR b kq - 0 10,black,g7f8,-99999.0,-1.0,0,,35,teacher_candidate,mates,-1.0,,
2338,mates_0126,mates,train,generated_0046,r1bqk2r/pppp1ppp/n7/4pP1n/1b6/NPP3P1/P2PP2P/R1BQKBNR w KQkq - 1 7,white,c3b4,479.0,0.8328904660394908,1,,22,teacher_candidate,mates,,,
2338,mates_0126,mates,train,generated_0046,r1bqk2r/pppp1ppp/n7/4pP1n/1b6/NPP3P1/P2PP2P/R1BQKBNR w KQkq - 1 7,white,f5f6,162.0,0.3842190086035763,0,,22,teacher_candidate,mates,,,
2338,mates_0126,mates,train,generated_0046,r1bqk2r/pppp1ppp/n7/4pP1n/1b6/NPP3P1/P2PP2P/R1BQKBNR w KQkq - 1 7,white,e2e4,86.0,0.2117473368635211,0,,22,teacher_candidate,mates,,,
2338,mates_0126,mates,train,generated_0046,r1bqk2r/pppp1ppp/n7/4pP1n/1b6/NPP3P1/P2PP2P/R1BQKBNR w KQkq - 1 7,white,a1b1,-31.0,-0.0773452104130159,0,,22,teacher_candidate,mates,,,
2338,mates_0126,mates,train,generated_0046,r1bqk2r/pppp1ppp/n7/4pP1n/1b6/NPP3P1/P2PP2P/R1BQKBNR w KQkq - 1 7,white,g3g4,-99999.0,-1.0,0,,22,teacher_candidate,mates,-1.0,,
1093,mates_0127,mates,train,generated_0021,rn1q1bnr/1pp1p1pp/3p1pk1/pQ6/P1P5/6Rb/1P1PPPPP/1NBK1BNR b - - 7 7,black,g6f7,-698.0,-0.9408037916417216,1,,3,teacher_candidate,mates,,,
1093,mates_0127,mates,train,generated_0021,rn1q1bnr/1pp1p1pp/3p1pk1/pQ6/P1P5/6Rb/1P1PPPPP/1NBK1BNR b - - 7 7,black,h3g4,-781.0,-0.9605133890515508,0,,3,teacher_candidate,mates,,,
1093,mates_0127,mates,train,generated_0021,rn1q1bnr/1pp1p1pp/3p1pk1/pQ6/P1P5/6Rb/1P1PPPPP/1NBK1BNR b - - 7 7,black,g6h6,-99998.0,-1.0,0,,3,teacher_candidate,mates,-2.0,,
2891,mates_0128,mates,train,generated_0057,r1bq1bnr/2pppk2/2n5/p4ppP/1p5P/1P1P1P1N/PBP1P3/RN1QKB1R b KQ - 0 10,black,h8h6,-378.0,-0.7375110611229533,1,,27,teacher_candidate,mates,,,
2891,mates_0128,mates,train,generated_0057,r1bq1bnr/2pppk2/2n5/p4ppP/1p5P/1P1P1P1N/PBP1P3/RN1QKB1R b KQ - 0 10,black,g8f6,-470.0,-0.8258684551194575,0,,27,teacher_candidate,mates,,,
2891,mates_0128,mates,train,generated_0057,r1bq1bnr/2pppk2/2n5/p4ppP/1p5P/1P1P1P1N/PBP1P3/RN1QKB1R b KQ - 0 10,black,g5g4,-487.0,-0.8389151737656423,0,,27,teacher_candidate,mates,,,
2891,mates_0128,mates,train,generated_0057,r1bq1bnr/2pppk2/2n5/p4ppP/1p5P/1P1P1P1N/PBP1P3/RN1QKB1R b KQ - 0 10,black,e7e6,-837.0,-0.970012070553968,0,,27,teacher_candidate,mates,,,
2891,mates_0128,mates,train,generated_0057,r1bq1bnr/2pppk2/2n5/p4ppP/1p5P/1P1P1P1N/PBP1P3/RN1QKB1R b KQ - 0 10,black,d8e8,-99999.0,-1.0,0,,27,teacher_candidate,mates,-1.0,,
2541,mates_0129,mates,train,generated_0050,r1b2bnr/1p1npkpp/p1p5/3N1p2/5N2/4Pq2/PPPP1PBP/R1BQK2R w KQ - 1 10,white,g2f3,734.0,0.9503129117179926,1,,33,teacher_candidate,mates,,,
2541,mates_0129,mates,train,generated_0050,r1b2bnr/1p1npkpp/p1p5/3N1p2/5N2/4Pq2/PPPP1PBP/R1BQK2R w KQ - 1 10,white,d1f3,654.0,0.9267703434510204,0,,33,teacher_candidate,mates,,,
2541,mates_0129,mates,train,generated_0050,r1b2bnr/1p1npkpp/p1p5/3N1p2/5N2/4Pq2/PPPP1PBP/R1BQK2R w KQ - 1 10,white,d5c7,170.0,0.4011342849479459,0,,33,teacher_candidate,mates,,,
2541,mates_0129,mates,train,generated_0050,r1b2bnr/1p1npkpp/p1p5/3N1p2/5N2/4Pq2/PPPP1PBP/R1BQK2R w KQ - 1 10,white,h1f1,-213.0,-0.4872897835125242,0,,33,teacher_candidate,mates,,,
2541,mates_0129,mates,train,generated_0050,r1b2bnr/1p1npkpp/p1p5/3N1p2/5N2/4Pq2/PPPP1PBP/R1BQK2R w KQ - 1 10,white,e1f1,-99999.0,-1.0,0,,33,teacher_candidate,mates,-1.0,,
852,mates_0130,mates,train,generated_0017,1rb1qb1r/pp2kp1p/n2ppn2/2p3p1/PP2N1P1/3P1P2/1BPQP2P/1R2KBNR b K - 1 10,black,e6e5,-111.0,-0.2705896986456141,1,,28,teacher_candidate,mates,,,
852,mates_0130,mates,train,generated_0017,1rb1qb1r/pp2kp1p/n2ppn2/2p3p1/PP2N1P1/3P1P2/1BPQP2P/1R2KBNR b K - 1 10,black,f6e4,-171.0,-0.4032299072308013,0,,28,teacher_candidate,mates,,,
852,mates_0130,mates,train,generated_0017,1rb1qb1r/pp2kp1p/n2ppn2/2p3p1/PP2N1P1/3P1P2/1BPQP2P/1R2KBNR b K - 1 10,black,f8g7,-445.0,-0.8049443259184149,0,,28,teacher_candidate,mates,,,
852,mates_0130,mates,train,generated_0017,1rb1qb1r/pp2kp1p/n2ppn2/2p3p1/PP2N1P1/3P1P2/1BPQP2P/1R2KBNR b K - 1 10,black,e8d7,-1060.0,-0.990066396699886,0,,28,teacher_candidate,mates,,,
852,mates_0130,mates,train,generated_0017,1rb1qb1r/pp2kp1p/n2ppn2/2p3p1/PP2N1P1/3P1P2/1BPQP2P/1R2KBNR b K - 1 10,black,c8d7,-99999.0,-1.0,0,,28,teacher_candidate,mates,-1.0,,
1658,mates_0131,mates,train,generated_0033,r1bqkbnr/1ppnp1p1/p2p1p2/7p/8/1PP1PP1P/PBQPB1P1/RN2K1NR w KQq - 4 9,white,c2g6,99999.0,1.0,1,,31,teacher_candidate,mates,1.0,,
1658,mates_0131,mates,train,generated_0033,r1bqkbnr/1ppnp1p1/p2p1p2/7p/8/1PP1PP1P/PBQPB1P1/RN2K1NR w KQq - 4 9,white,c3c4,203.0,0.4679950330431393,0,,31,teacher_candidate,mates,,,
1658,mates_0131,mates,train,generated_0033,r1bqkbnr/1ppnp1p1/p2p1p2/7p/8/1PP1PP1P/PBQPB1P1/RN2K1NR w KQq - 4 9,white,d2d4,166.0,0.3927098596476682,0,,31,teacher_candidate,mates,,,
1658,mates_0131,mates,train,generated_0033,r1bqkbnr/1ppnp1p1/p2p1p2/7p/8/1PP1PP1P/PBQPB1P1/RN2K1NR w KQq - 4 9,white,c2e4,80.0,0.197375320224904,0,,31,teacher_candidate,mates,,,
1658,mates_0131,mates,train,generated_0033,r1bqkbnr/1ppnp1p1/p2p1p2/7p/8/1PP1PP1P/PBQPB1P1/RN2K1NR w KQq - 4 9,white,c2h7,-763.0,-0.9568749486599412,0,,31,teacher_candidate,mates,,,
386,mates_0132,mates,train,generated_0007,rnbqkbnr/2p5/1p1p4/p2Pp1Qp/2P5/6P1/PP2PP1P/RNB1KBR1 b Qkq - 1 10,black,d8e7,400.0,0.7615941559557649,1,,32,teacher_candidate,mates,,,
386,mates_0132,mates,train,generated_0007,rnbqkbnr/2p5/1p1p4/p2Pp1Qp/2P5/6P1/PP2PP1P/RNB1KBR1 b Qkq - 1 10,black,b8a6,396.0,0.7573623242165263,0,,32,teacher_candidate,mates,-4.0,,
386,mates_0132,mates,train,generated_0007,rnbqkbnr/2p5/1p1p4/p2Pp1Qp/2P5/6P1/PP2PP1P/RNB1KBR1 b Qkq - 1 10,black,b8d7,387.0,0.7476036243586326,0,,32,teacher_candidate,mates,-2.0,,
386,mates_0132,mates,train,generated_0007,rnbqkbnr/2p5/1p1p4/p2Pp1Qp/2P5/6P1/PP2PP1P/RNB1KBR1 b Qkq - 1 10,black,c7c5,213.0,0.4872897835125242,0,,32,teacher_candidate,mates,,,
386,mates_0132,mates,train,generated_0007,rnbqkbnr/2p5/1p1p4/p2Pp1Qp/2P5/6P1/PP2PP1P/RNB1KBR1 b Qkq - 1 10,black,c8h3,-99996.0,-1.0,0,,32,teacher_candidate,mates,-4.0,,
841,mates_0133,mates,train,generated_0016,rnb1kbnr/p1pp1pp1/7p/1p2p3/1P1N3q/N1P2PPP/P2PP3/R1BQKB1R w KQkq - 0 9,white,g3h4,453.0,0.8118731484163844,1,,25,teacher_candidate,mates,,,
841,mates_0133,mates,train,generated_0016,rnb1kbnr/p1pp1pp1/7p/1p2p3/1P1N3q/N1P2PPP/P2PP3/R1BQKB1R w KQkq - 0 9,white,d4f5,98.0,0.2402128646861802,0,,25,teacher_candidate,mates,,,
841,mates_0133,mates,train,generated_0016,rnb1kbnr/p1pp1pp1/7p/1p2p3/1P1N3q/N1P2PPP/P2PP3/R1BQKB1R w KQkq - 0 9,white,h1g1,23.0,0.0574367139028792,0,,25,teacher_candidate,mates,,,
841,mates_0133,mates,train,generated_0016,rnb1kbnr/p1pp1pp1/7p/1p2p3/1P1N3q/N1P2PPP/P2PP3/R1BQKB1R w KQkq - 0 9,white,a1b1,-99999.0,-1.0,0,,25,teacher_candidate,mates,-1.0,,
841,mates_0133,mates,train,generated_0016,rnb1kbnr/p1pp1pp1/7p/1p2p3/1P1N3q/N1P2PPP/P2PP3/R1BQKB1R w KQkq - 0 9,white,f3f4,-99999.0,-1.0,0,,25,teacher_candidate,mates,-1.0,,
1400,mates_0134,mates,train,generated_0028,rnb1k1nr/1p1p1ppp/2P2q2/p1b1P3/8/2P1P3/P4PPP/RNBQKBNR w KQkq - 1 8,white,e5f6,771.0,0.95853084482113,1,,43,teacher_candidate,mates,,,
1400,mates_0134,mates,train,generated_0028,rnb1k1nr/1p1p1ppp/2P2q2/p1b1P3/8/2P1P3/P4PPP/RNBQKBNR w KQkq - 1 8,white,c6d7,751.0,0.9542692196485136,0,,43,teacher_candidate,mates,,,
1400,mates_0134,mates,train,generated_0028,rnb1k1nr/1p1p1ppp/2P2q2/p1b1P3/8/2P1P3/P4PPP/RNBQKBNR w KQkq - 1 8,white,c6b7,716.0,0.945760565596474,0,,43,teacher_candidate,mates,,,
1400,mates_0134,mates,train,generated_0028,rnb1k1nr/1p1p1ppp/2P2q2/p1b1P3/8/2P1P3/P4PPP/RNBQKBNR w KQkq - 1 8,white,f1a6,132.0,0.3185207769027708,0,,43,teacher_candidate,mates,,,
1400,mates_0134,mates,train,generated_0028,rnb1k1nr/1p1p1ppp/2P2q2/p1b1P3/8/2P1P3/P4PPP/RNBQKBNR w KQkq - 1 8,white,e3e4,-99999.0,-1.0,0,,43,teacher_candidate,mates,-1.0,,
2820,mates_0135,mates,train,generated_0056,r1b1kb1r/pp1p1pp1/n1p1pq1p/P7/3PnPP1/2N4P/1PP1P3/R1BQKBNR w KQkq - 3 8,white,c3e4,279.0,0.6027785302291144,1,,24,teacher_candidate,mates,,,
2820,mates_0135,mates,train,generated_0056,r1b1kb1r/pp1p1pp1/n1p1pq1p/P7/3PnPP1/2N4P/1PP1P3/R1BQKBNR w KQkq - 3 8,white,g1f3,-8.0,-0.0199973337599309,0,,24,teacher_candidate,mates,,,
2820,mates_0135,mates,train,generated_0056,r1b1kb1r/pp1p1pp1/n1p1pq1p/P7/3PnPP1/2N4P/1PP1P3/R1BQKBNR w KQkq - 3 8,white,e2e3,-28.0,-0.0698858903164289,0,,24,teacher_candidate,mates,,,
2820,mates_0135,mates,train,generated_0056,r1b1kb1r/pp1p1pp1/n1p1pq1p/P7/3PnPP1/2N4P/1PP1P3/R1BQKBNR w KQkq - 3 8,white,a1a2,-271.0,-0.5898917298212704,0,,24,teacher_candidate,mates,-1.0,,
2820,mates_0135,mates,train,generated_0056,r1b1kb1r/pp1p1pp1/n1p1pq1p/P7/3PnPP1/2N4P/1PP1P3/R1BQKBNR w KQkq - 3 8,white,c3d5,-99999.0,-1.0,0,,24,teacher_candidate,mates,-1.0,,
3826,mates_0136,mates,train,generated_0076,1nb2bnr/1pqkpp1p/2p5/r2p2p1/5P1P/P1P3P1/1B1PP3/RN1QKBNR w KQ - 0 9,white,h4g5,333.0,0.6818161045714362,1,,24,teacher_candidate,mates,,,
3826,mates_0136,mates,train,generated_0076,1nb2bnr/1pqkpp1p/2p5/r2p2p1/5P1P/P1P3P1/1B1PP3/RN1QKBNR w KQ - 0 9,white,c3c4,224.0,0.5079774328978962,0,,24,teacher_candidate,mates,,,
3826,mates_0136,mates,train,generated_0076,1nb2bnr/1pqkpp1p/2p5/r2p2p1/5P1P/P1P3P1/1B1PP3/RN1QKBNR w KQ - 0 9,white,f1h3,144.0,0.3452140341355209,0,,24,teacher_candidate,mates,,,
3826,mates_0136,mates,train,generated_0076,1nb2bnr/1pqkpp1p/2p5/r2p2p1/5P1P/P1P3P1/1B1PP3/RN1QKBNR w KQ - 0 9,white,d2d3,-172.0,-0.405321308689463,0,,24,teacher_candidate,mates,,,
3826,mates_0136,mates,train,generated_0076,1nb2bnr/1pqkpp1p/2p5/r2p2p1/5P1P/P1P3P1/1B1PP3/RN1QKBNR w KQ - 0 9,white,f4g5,-99999.0,-1.0,0,,24,teacher_candidate,mates,-1.0,,
2734,mates_0137,mates,train,generated_0054,r1bqkbnr/p2pp2p/np3pp1/7Q/2p1PP2/1PP4P/P2P2PR/RNBK2N1 b kq - 1 9,black,g6h5,1004.0,0.9868776137319676,1,,20,teacher_candidate,mates,,,
2734,mates_0137,mates,train,generated_0054,r1bqkbnr/p2pp2p/np3pp1/7Q/2p1PP2/1PP4P/P2P2PR/RNBK2N1 b kq - 1 9,black,e7e5,880.0,0.9757431300314516,0,,20,teacher_candidate,mates,,,
2734,mates_0137,mates,train,generated_0054,r1bqkbnr/p2pp2p/np3pp1/7Q/2p1PP2/1PP4P/P2P2PR/RNBK2N1 b kq - 1 9,black,a6c5,873.0,0.974889955210435,0,,20,teacher_candidate,mates,,,
2734,mates_0137,mates,train,generated_0054,r1bqkbnr/p2pp2p/np3pp1/7Q/2p1PP2/1PP4P/P2P2PR/RNBK2N1 b kq - 1 9,black,e7e6,828.0,0.9686534238679028,0,,20,teacher_candidate,mates,,,
2734,mates_0137,mates,train,generated_0054,r1bqkbnr/p2pp2p/np3pp1/7Q/2p1PP2/1PP4P/P2P2PR/RNBK2N1 b kq - 1 9,black,h7h6,-99999.0,-1.0,0,,20,teacher_candidate,mates,-1.0,,
2065,mates_0138,mates,train,generated_0041,rnbqkbr1/p3pnpp/1p1p4/2p1p2Q/2B1PB2/2PP2P1/PP3P1P/RN2K2R b KQq - 1 9,black,e7e6,345.0,0.6975434949818516,1,,23,teacher_candidate,mates,,,
2065,mates_0138,mates,train,generated_0041,rnbqkbr1/p3pnpp/1p1p4/2p1p2Q/2B1PB2/2PP2P1/PP3P1P/RN2K2R b KQq - 1 9,black,g7g6,213.0,0.4872897835125242,0,,23,teacher_candidate,mates,,,
2065,mates_0138,mates,train,generated_0041,rnbqkbr1/p3pnpp/1p1p4/2p1p2Q/2B1PB2/2PP2P1/PP3P1P/RN2K2R b KQq - 1 9,black,e8d7,-43.0,-0.1070878063022365,0,,23,teacher_candidate,mates,,,
2065,mates_0138,mates,train,generated_0041,rnbqkbr1/p3pnpp/1p1p4/2p1p2Q/2B1PB2/2PP2P1/PP3P1P/RN2K2R b KQq - 1 9,black,a7a6,-649.0,-0.9249860569527596,0,,23,teacher_candidate,mates,,,
2065,mates_0138,mates,train,generated_0041,rnbqkbr1/p3pnpp/1p1p4/2p1p2Q/2B1PB2/2PP2P1/PP3P1P/RN2K2R b KQq - 1 9,black,c8d7,-99999.0,-1.0,0,,23,teacher_candidate,mates,-1.0,,
1369,mates_0139,mates,train,generated_0027,rn1qkb1r/p3pppp/3p4/2N5/pP1P3n/2P4N/4PPPP/1RBQKB1R b Kkq - 0 9,black,h4f3,-804.0,-0.9647273193205548,1,,26,teacher_candidate,mates,,,
1369,mates_0139,mates,train,generated_0027,rn1qkb1r/p3pppp/3p4/2N5/pP1P3n/2P4N/4PPPP/1RBQKB1R b Kkq - 0 9,black,b8d7,-829.0,-0.9688073272108432,0,,26,teacher_candidate,mates,,,
1369,mates_0139,mates,train,generated_0027,rn1qkb1r/p3pppp/3p4/2N5/pP1P3n/2P4N/4PPPP/1RBQKB1R b Kkq - 0 9,black,a4a3,-842.0,-0.9707416436590314,0,,26,teacher_candidate,mates,,,
1369,mates_0139,mates,train,generated_0027,rn1qkb1r/p3pppp/3p4/2N5/pP1P3n/2P4N/4PPPP/1RBQKB1R b Kkq - 0 9,black,d8c8,-1023.0,-0.988059757164958,0,,26,teacher_candidate,mates,,,
1369,mates_0139,mates,train,generated_0027,rn1qkb1r/p3pppp/3p4/2N5/pP1P3n/2P4N/4PPPP/1RBQKB1R b Kkq - 0 9,black,b8a6,-99998.0,-1.0,0,,26,teacher_candidate,mates,-2.0,,
4422,mates_0140,mates,train,generated_0088,r1bqkbnr/1pp2pp1/p2pp3/7p/Pn3NP1/3P4/1PPBPP1P/RN1QKB1R w KQkq - 0 7,white,d2b4,75.0,0.1853331999081395,1,,30,teacher_candidate,mates,,,
4422,mates_0140,mates,train,generated_0088,r1bqkbnr/1pp2pp1/p2pp3/7p/Pn3NP1/3P4/1PPBPP1P/RN1QKB1R w KQkq - 0 7,white,f4h5,70.0,0.1732351578346601,0,,30,teacher_candidate,mates,,,
4422,mates_0140,mates,train,generated_0088,r1bqkbnr/1pp2pp1/p2pp3/7p/Pn3NP1/3P4/1PPBPP1P/RN1QKB1R w KQkq - 0 7,white,h2h3,19.0,0.0474643082531221,0,,30,teacher_candidate,mates,,,
4422,mates_0140,mates,train,generated_0088,r1bqkbnr/1pp2pp1/p2pp3/7p/Pn3NP1/3P4/1PPBPP1P/RN1QKB1R w KQkq - 0 7,white,b1a3,-66.0,-0.1635187536836725,0,,30,teacher_candidate,mates,,,
4422,mates_0140,mates,train,generated_0088,r1bqkbnr/1pp2pp1/p2pp3/7p/Pn3NP1/3P4/1PPBPP1P/RN1QKB1R w KQkq - 0 7,white,f2f3,-99999.0,-1.0,0,,30,teacher_candidate,mates,-1.0,,
4984,mates_0141,mates,validation,generated_0099,rnb1k1nr/1pppqpp1/p7/2P4p/PN2p3/5P1P/1P1PP1P1/1RBQKBNR b Kkq - 0 9,black,e7h4,99998.0,1.0,1,,30,teacher_candidate,mates,2.0,,
4984,mates_0141,mates,validation,generated_0099,rnb1k1nr/1pppqpp1/p7/2P4p/PN2p3/5P1P/1P1PP1P1/1RBQKBNR b Kkq - 0 9,black,a6a5,219.0,0.4986441688103595,0,,30,teacher_candidate,mates,,,
4984,mates_0141,mates,validation,generated_0099,rnb1k1nr/1pppqpp1/p7/2P4p/PN2p3/5P1P/1P1PP1P1/1RBQKBNR b Kkq - 0 9,black,b8c6,-295.0,-0.6276323441969829,0,,30,teacher_candidate,mates,,,
4984,mates_0141,mates,validation,generated_0099,rnb1k1nr/1pppqpp1/p7/2P4p/PN2p3/5P1P/1P1PP1P1/1RBQKBNR b Kkq - 0 9,black,e7e6,-549.0,-0.8792606934162193,0,,30,teacher_candidate,mates,,,
4984,mates_0141,mates,validation,generated_0099,rnb1k1nr/1pppqpp1/p7/2P4p/PN2p3/5P1P/1P1PP1P1/1RBQKBNR b Kkq - 0 9,black,e7d6,-953.0,-0.9830982750282368,0,,30,teacher_candidate,mates,,,
262,mates_0142,mates,validation,generated_0005,2bqkbnr/r1pp3p/n7/ppP1ppp1/3PP2P/PQ6/1P1KBPP1/RNB3NR b k - 1 10,black,g5g4,91.0,0.2236547380034742,1,,29,teacher_candidate,mates,,,
262,mates_0142,mates,validation,generated_0005,2bqkbnr/r1pp3p/n7/ppP1ppp1/3PP2P/PQ6/1P1KBPP1/RNB3NR b k - 1 10,black,e5d4,-44.0,-0.1095584702144295,0,,29,teacher_candidate,mates,-2.0,,
262,mates_0142,mates,validation,generated_0005,2bqkbnr/r1pp3p/n7/ppP1ppp1/3PP2P/PQ6/1P1KBPP1/RNB3NR b k - 1 10,black,a5a4,-94.0,-0.2307675127823643,0,,29,teacher_candidate,mates,-2.0,,
262,mates_0142,mates,validation,generated_0005,2bqkbnr/r1pp3p/n7/ppP1ppp1/3PP2P/PQ6/1P1KBPP1/RNB3NR b k - 1 10,black,a7b7,-229.0,-0.51719292375787,0,,29,teacher_candidate,mates,-2.0,,
262,mates_0142,mates,validation,generated_0005,2bqkbnr/r1pp3p/n7/ppP1ppp1/3PP2P/PQ6/1P1KBPP1/RNB3NR b k - 1 10,black,f8h6,-99998.0,-1.0,0,,29,teacher_candidate,mates,-2.0,,
2359,mates_0143,mates,validation,generated_0047,rnbqkb1r/3pnp1p/1p2p3/p1pN2p1/2PP1P2/1Q5P/PP2P1PR/R1B1KBN1 b kq - 3 10,black,e6d5,591.0,0.9009985421670752,1,,27,teacher_candidate,mates,,,
2359,mates_0143,mates,validation,generated_0047,rnbqkb1r/3pnp1p/1p2p3/p1pN2p1/2PP1P2/1Q5P/PP2P1PR/R1B1KBN1 b kq - 3 10,black,a8a6,325.0,0.6709670742068736,0,,27,teacher_candidate,mates,-1.0,,
2359,mates_0143,mates,validation,generated_0047,rnbqkb1r/3pnp1p/1p2p3/p1pN2p1/2PP1P2/1Q5P/PP2P1PR/R1B1KBN1 b kq - 3 10,black,e7c6,226.0,0.5116777981895941,0,,27,teacher_candidate,mates,,,
2359,mates_0143,mates,validation,generated_0047,rnbqkb1r/3pnp1p/1p2p3/p1pN2p1/2PP1P2/1Q5P/PP2P1PR/R1B1KBN1 b kq - 3 10,black,d8c7,-1254.0,-0.9962226903668356,0,,27,teacher_candidate,mates,,,
2359,mates_0143,mates,validation,generated_0047,rnbqkb1r/3pnp1p/1p2p3/p1pN2p1/2PP1P2/1Q5P/PP2P1PR/R1B1KBN1 b kq - 3 10,black,h8g8,-99999.0,-1.0,0,,27,teacher_candidate,mates,-1.0,,
1381,mates_0144,mates,validation,generated_0027,rnbqkb1r/2pp1ppp/8/pp2p3/P5n1/1P5P/1BPPPPP1/RN1QKBNR w Qkq - 0 8,white,h3g4,776.0,0.9595340058084292,1,,25,teacher_candidate,mates,,,
1381,mates_0144,mates,validation,generated_0027,rnbqkb1r/2pp1ppp/8/pp2p3/P5n1/1P5P/1BPPPPP1/RN1QKBNR w Qkq - 0 8,white,a4b5,278.0,0.601184486302663,0,,25,teacher_candidate,mates,,,
1381,mates_0144,mates,validation,generated_0027,rnbqkb1r/2pp1ppp/8/pp2p3/P5n1/1P5P/1BPPPPP1/RN1QKBNR w Qkq - 0 8,white,e2e3,235.0,0.528095199594932,0,,25,teacher_candidate,mates,,,
1381,mates_0144,mates,validation,generated_0027,rnbqkb1r/2pp1ppp/8/pp2p3/P5n1/1P5P/1BPPPPP1/RN1QKBNR w Qkq - 0 8,white,b1a3,109.0,0.2659495533609213,0,,25,teacher_candidate,mates,,,
1381,mates_0144,mates,validation,generated_0027,rnbqkb1r/2pp1ppp/8/pp2p3/P5n1/1P5P/1BPPPPP1/RN1QKBNR w Qkq - 0 8,white,f2f4,-99998.0,-1.0,0,,25,teacher_candidate,mates,-2.0,,
4157,mates_0145,mates,validation,generated_0083,1nbqkbnr/1pppp2p/6r1/p4ppQ/4PB2/3P3N/PPP2PPP/RN2KB1R b KQk - 7 8,black,g5f4,285.0,0.6122421243522802,1,,20,teacher_candidate,mates,,,
4157,mates_0145,mates,validation,generated_0083,1nbqkbnr/1pppp2p/6r1/p4ppQ/4PB2/3P3N/PPP2PPP/RN2KB1R b KQk - 7 8,black,g8f6,254.0,0.5614854958242566,0,,20,teacher_candidate,mates,,,
4157,mates_0145,mates,validation,generated_0083,1nbqkbnr/1pppp2p/6r1/p4ppQ/4PB2/3P3N/PPP2PPP/RN2KB1R b KQk - 7 8,black,f8h6,32.0,0.0798297691111313,0,,20,teacher_candidate,mates,,,
4157,mates_0145,mates,validation,generated_0083,1nbqkbnr/1pppp2p/6r1/p4ppQ/4PB2/3P3N/PPP2PPP/RN2KB1R b KQk - 7 8,black,g5g4,-125.0,-0.3027097293321085,0,,20,teacher_candidate,mates,,,
4157,mates_0145,mates,validation,generated_0083,1nbqkbnr/1pppp2p/6r1/p4ppQ/4PB2/3P3N/PPP2PPP/RN2KB1R b KQk - 7 8,black,h7h6,-99999.0,-1.0,0,,20,teacher_candidate,mates,-1.0,,
2671,mates_0146,mates,validation,generated_0053,rn2k1nr/ppp1bppp/3p4/1N6/4p1b1/4PP1N/PPPPB1q1/R1BQK2R b kq - 2 10,black,e7h4,99998.0,1.0,1,,42,teacher_candidate,mates,2.0,,
2671,mates_0146,mates,validation,generated_0053,rn2k1nr/ppp1bppp/3p4/1N6/4p1b1/4PP1N/PPPPB1q1/R1BQK2R b kq - 2 10,black,g2g3,1225.0,0.9956345671093096,0,,42,teacher_candidate,mates,,,
2671,mates_0146,mates,validation,generated_0053,rn2k1nr/ppp1bppp/3p4/1N6/4p1b1/4PP1N/PPPPB1q1/R1BQK2R b kq - 2 10,black,g2h1,975.0,0.9848455174642784,0,,42,teacher_candidate,mates,,,
2671,mates_0146,mates,validation,generated_0053,rn2k1nr/ppp1bppp/3p4/1N6/4p1b1/4PP1N/PPPPB1q1/R1BQK2R b kq - 2 10,black,e7f6,437.0,0.797788791179091,0,,42,teacher_candidate,mates,,,
2671,mates_0146,mates,validation,generated_0053,rn2k1nr/ppp1bppp/3p4/1N6/4p1b1/4PP1N/PPPPB1q1/R1BQK2R b kq - 2 10,black,g2g1,-956.0,-0.9833478138031324,0,,42,teacher_candidate,mates,,,
4062,mates_0147,mates,validation,generated_0081,rn2k1nr/1b1p1ppp/1pp5/p3pq2/1b6/BPNPK2P/P1P1P1P1/R2Q1BNR w kq - 6 10,white,g2g4,-309.0,-0.648380805822142,1,,21,teacher_candidate,mates,-1.0,,
4062,mates_0147,mates,validation,generated_0081,rn2k1nr/1b1p1ppp/1pp5/p3pq2/1b6/BPNPK2P/P1P1P1P1/R2Q1BNR w kq - 6 10,white,a3b4,-651.0,-0.9257047311181208,0,,21,teacher_candidate,mates,-1.0,,
4062,mates_0147,mates,validation,generated_0081,rn2k1nr/1b1p1ppp/1pp5/p3pq2/1b6/BPNPK2P/P1P1P1P1/R2Q1BNR w kq - 6 10,white,c3b1,-707.0,-0.9433347735879052,0,,21,teacher_candidate,mates,-1.0,,
4062,mates_0147,mates,validation,generated_0081,rn2k1nr/1b1p1ppp/1pp5/p3pq2/1b6/BPNPK2P/P1P1P1P1/R2Q1BNR w kq - 6 10,white,h3h4,-995.0,-0.9862777624590344,0,,21,teacher_candidate,mates,-1.0,,
4062,mates_0147,mates,validation,generated_0081,rn2k1nr/1b1p1ppp/1pp5/p3pq2/1b6/BPNPK2P/P1P1P1P1/R2Q1BNR w kq - 6 10,white,h1h2,-99999.0,-1.0,0,,21,teacher_candidate,mates,-1.0,,
3539,mates_0148,mates,validation,generated_0070,r1bqkb1r/ppQ2ppp/8/3pp1N1/1n1P1P2/2N1n3/PPP1P1PP/R1B1KB1R b KQkq - 0 8,black,b4c2,1008.0,0.9871357830661628,1,,40,teacher_candidate,mates,,,
3539,mates_0148,mates,validation,generated_0070,r1bqkb1r/ppQ2ppp/8/3pp1N1/1n1P1P2/2N1n3/PPP1P1PP/R1B1KB1R b KQkq - 0 8,black,e3c2,868.0,0.974262471607895,0,,40,teacher_candidate,mates,,,
3539,mates_0148,mates,validation,generated_0070,r1bqkb1r/ppQ2ppp/8/3pp1N1/1n1P1P2/2N1n3/PPP1P1PP/R1B1KB1R b KQkq - 0 8,black,e3g2,807.0,0.9652433350320648,0,,40,teacher_candidate,mates,,,
3539,mates_0148,mates,validation,generated_0070,r1bqkb1r/ppQ2ppp/8/3pp1N1/1n1P1P2/2N1n3/PPP1P1PP/R1B1KB1R b KQkq - 0 8,black,b7b6,-99999.0,-1.0,0,,40,teacher_candidate,mates,-1.0,,
3539,mates_0148,mates,validation,generated_0070,r1bqkb1r/ppQ2ppp/8/3pp1N1/1n1P1P2/2N1n3/PPP1P1PP/R1B1KB1R b KQkq - 0 8,black,h8g8,-99999.0,-1.0,0,,40,teacher_candidate,mates,-1.0,,
3177,mates_0149,mates,validation,generated_0063,rnb3nr/1ppqbppp/p3pk2/3p4/7P/BPN1P3/P1PP1PP1/1R1QKBNR b K - 2 8,black,e7a3,246.0,0.5476371485389077,1,,29,teacher_candidate,mates,,,
3177,mates_0149,mates,validation,generated_0063,rnb3nr/1ppqbppp/p3pk2/3p4/7P/BPN1P3/P1PP1PP1/1R1QKBNR b K - 2 8,black,h7h5,-191.0,-0.4442392116987145,0,,29,teacher_candidate,mates,,,
3177,mates_0149,mates,validation,generated_0063,rnb3nr/1ppqbppp/p3pk2/3p4/7P/BPN1P3/P1PP1PP1/1R1QKBNR b K - 2 8,black,g7g6,-205.0,-0.4718907878542969,0,,29,teacher_candidate,mates,,,
3177,mates_0149,mates,validation,generated_0063,rnb3nr/1ppqbppp/p3pk2/3p4/7P/BPN1P3/P1PP1PP1/1R1QKBNR b K - 2 8,black,c7c5,-745.0,-0.9529093018793192,0,,29,teacher_candidate,mates,,,
3177,mates_0149,mates,validation,generated_0063,rnb3nr/1ppqbppp/p3pk2/3p4/7P/BPN1P3/P1PP1PP1/1R1QKBNR b K - 2 8,black,e7f8,-99997.0,-1.0,0,,29,teacher_candidate,mates,-3.0,,
3821,mates_0150,mates,validation,generated_0076,rn2kbnr/p2ppp2/b6p/8/2q1Pp2/6PN/PPPP3P/1RBQKB1R w Kkq - 3 9,white,f1c4,664.0,0.9302171829365264,1,,25,teacher_candidate,mates,,,
3821,mates_0150,mates,validation,generated_0076,rn2kbnr/p2ppp2/b6p/8/2q1Pp2/6PN/PPPP3P/1RBQKB1R w Kkq - 3 9,white,d2d4,-217.0,-0.4948780404403998,0,,25,teacher_candidate,mates,,,
3821,mates_0150,mates,validation,generated_0076,rn2kbnr/p2ppp2/b6p/8/2q1Pp2/6PN/PPPP3P/1RBQKB1R w Kkq - 3 9,white,d2d3,-243.0,-0.5423648911116337,0,,25,teacher_candidate,mates,,,
3821,mates_0150,mates,validation,generated_0076,rn2kbnr/p2ppp2/b6p/8/2q1Pp2/6PN/PPPP3P/1RBQKB1R w Kkq - 3 9,white,e1f2,-522.0,-0.8630047925513478,0,,25,teacher_candidate,mates,,,
3821,mates_0150,mates,validation,generated_0076,rn2kbnr/p2ppp2/b6p/8/2q1Pp2/6PN/PPPP3P/1RBQKB1R w Kkq - 3 9,white,h3g1,-99999.0,-1.0,0,,25,teacher_candidate,mates,-1.0,,
772,mates_0151,mates,validation,generated_0015,r1bqkb1r/pp1ppp2/n6p/2p3p1/4n2P/P1P2BP1/1P1PPP2/RNBQK1NR b KQkq - 0 7,black,d7d5,-18.0,-0.0449696495836002,1,,28,teacher_candidate,mates,,,
772,mates_0151,mates,validation,generated_0015,r1bqkb1r/pp1ppp2/n6p/2p3p1/4n2P/P1P2BP1/1P1PPP2/RNBQK1NR b KQkq - 0 7,black,f7f5,-171.0,-0.4032299072308013,0,,28,teacher_candidate,mates,-1.0,,
772,mates_0151,mates,validation,generated_0015,r1bqkb1r/pp1ppp2/n6p/2p3p1/4n2P/P1P2BP1/1P1PPP2/RNBQK1NR b KQkq - 0 7,black,c5c4,-248.0,-0.5511280285381469,0,,28,teacher_candidate,mates,,,
772,mates_0151,mates,validation,generated_0015,r1bqkb1r/pp1ppp2/n6p/2p3p1/4n2P/P1P2BP1/1P1PPP2/RNBQK1NR b KQkq - 0 7,black,e7e6,-436.0,-0.7968781442047267,0,,28,teacher_candidate,mates,,,
772,mates_0151,mates,validation,generated_0015,r1bqkb1r/pp1ppp2/n6p/2p3p1/4n2P/P1P2BP1/1P1PPP2/RNBQK1NR b KQkq - 0 7,black,f7f6,-99999.0,-1.0,0,,28,teacher_candidate,mates,-1.0,,
1023,mates_0152,mates,validation,generated_0020,rnb1k2r/p2p1ppp/Bppb4/4p3/P3P1nq/5P2/1PPP3P/R1BQK1NR w KQkq - 4 9,white,e1e2,-99997.0,-1.0,1,,2,teacher_candidate,mates,-3.0,,
1023,mates_0152,mates,validation,generated_0020,rnb1k2r/p2p1ppp/Bppb4/4p3/P3P1nq/5P2/1PPP3P/R1BQK1NR w KQkq - 4 9,white,e1f1,-99999.0,-1.0,0,,2,teacher_candidate,mates,-1.0,,
4934,mates_0153,mates,validation,generated_0098,rnb1k1nr/pppp1p1p/4p3/6q1/P1PbP1pN/Q7/1P3PPP/RNBK1B1R b kq - 0 9,black,g5h4,746.0,0.9531386646526594,1,,47,teacher_candidate,mates,,,
4934,mates_0153,mates,validation,generated_0098,rnb1k1nr/pppp1p1p/4p3/6q1/P1PbP1pN/Q7/1P3PPP/RNBK1B1R b kq - 0 9,black,g5f6,272.0,0.5915193954318165,0,,47,teacher_candidate,mates,,,
4934,mates_0153,mates,validation,generated_0098,rnb1k1nr/pppp1p1p/4p3/6q1/P1PbP1pN/Q7/1P3PPP/RNBK1B1R b kq - 0 9,black,g5g7,212.0,0.4853810906053715,0,,47,teacher_candidate,mates,,,
4934,mates_0153,mates,validation,generated_0098,rnb1k1nr/pppp1p1p/4p3/6q1/P1PbP1pN/Q7/1P3PPP/RNBK1B1R b kq - 0 9,black,g5g6,-933.0,-0.9813372922299884,0,,47,teacher_candidate,mates,,,
4934,mates_0153,mates,validation,generated_0098,rnb1k1nr/pppp1p1p/4p3/6q1/P1PbP1pN/Q7/1P3PPP/RNBK1B1R b kq - 0 9,black,e8d8,-99999.0,-1.0,0,,47,teacher_candidate,mates,-1.0,,
4796,mates_0154,mates,validation,generated_0095,1rb1kbnr/p1p5/2npp1pp/1p3p2/3P1P1q/1PKQ2PN/PBP1P2P/RN3B1R w k - 0 10,white,g3h4,514.0,0.8578113918314256,1,,26,teacher_candidate,mates,,,
4796,mates_0154,mates,validation,generated_0095,1rb1kbnr/p1p5/2npp1pp/1p3p2/3P1P1q/1PKQ2PN/PBP1P2P/RN3B1R w k - 0 10,white,a2a4,85.0,0.2093581694280187,0,,26,teacher_candidate,mates,,,
4796,mates_0154,mates,validation,generated_0095,1rb1kbnr/p1p5/2npp1pp/1p3p2/3P1P1q/1PKQ2PN/PBP1P2P/RN3B1R w k - 0 10,white,f1g2,-46.0,-0.1144957091971111,0,,26,teacher_candidate,mates,,,
4796,mates_0154,mates,validation,generated_0095,1rb1kbnr/p1p5/2npp1pp/1p3p2/3P1P1q/1PKQ2PN/PBP1P2P/RN3B1R w k - 0 10,white,d3f5,-156.0,-0.3713602278765077,0,,26,teacher_candidate,mates,,,
4796,mates_0154,mates,validation,generated_0095,1rb1kbnr/p1p5/2npp1pp/1p3p2/3P1P1q/1PKQ2PN/PBP1P2P/RN3B1R w k - 0 10,white,b1d2,-99998.0,-1.0,0,,26,teacher_candidate,mates,-2.0,,
1331,mates_0155,mates,validation,generated_0026,rnb1k1nr/1p1p1ppp/p1p5/q3N2Q/1bP1P2P/P7/1P1P1PP1/RNB1KBR1 b Qkq - 4 8,black,g7g6,-88.0,-0.2165180614930288,1,,31,teacher_candidate,mates,,,
1331,mates_0155,mates,validation,generated_0026,rnb1k1nr/1p1p1ppp/p1p5/q3N2Q/1bP1P2P/P7/1P1P1PP1/RNB1KBR1 b Qkq - 4 8,black,g8h6,-233.0,-0.5244801068542184,0,,31,teacher_candidate,mates,,,
1331,mates_0155,mates,validation,generated_0026,rnb1k1nr/1p1p1ppp/p1p5/q3N2Q/1bP1P2P/P7/1P1P1PP1/RNB1KBR1 b Qkq - 4 8,black,g8f6,-357.0,-0.7126263344823417,0,,31,teacher_candidate,mates,,,
1331,mates_0155,mates,validation,generated_0026,rnb1k1nr/1p1p1ppp/p1p5/q3N2Q/1bP1P2P/P7/1P1P1PP1/RNB1KBR1 b Qkq - 4 8,black,e8d8,-848.0,-0.9715940772546178,0,,31,teacher_candidate,mates,,,
1331,mates_0155,mates,validation,generated_0026,rnb1k1nr/1p1p1ppp/p1p5/q3N2Q/1bP1P2P/P7/1P1P1PP1/RNB1KBR1 b Qkq - 4 8,black,e8f8,-99999.0,-1.0,0,,31,teacher_candidate,mates,-1.0,,
4868,mates_0156,mates,validation,generated_0097,rnbqk1n1/3p1ppr/1pp2b1p/p5N1/4p1P1/NQPP4/PP2PPRP/R1B1KB2 w Qq - 0 10,white,b3f7,99999.0,1.0,1,,36,teacher_candidate,mates,1.0,,
4868,mates_0156,mates,validation,generated_0097,rnbqk1n1/3p1ppr/1pp2b1p/p5N1/4p1P1/NQPP4/PP2PPRP/R1B1KB2 w Qq - 0 10,white,g5h7,971.0,0.9845417428116782,0,,36,teacher_candidate,mates,,,
4868,mates_0156,mates,validation,generated_0097,rnbqk1n1/3p1ppr/1pp2b1p/p5N1/4p1P1/NQPP4/PP2PPRP/R1B1KB2 w Qq - 0 10,white,b3c4,493.0,0.8433029500738807,0,,36,teacher_candidate,mates,,,
4868,mates_0156,mates,validation,generated_0097,rnbqk1n1/3p1ppr/1pp2b1p/p5N1/4p1P1/NQPP4/PP2PPRP/R1B1KB2 w Qq - 0 10,white,e2e3,-563.0,-0.886962068040758,0,,36,teacher_candidate,mates,,,
4868,mates_0156,mates,validation,generated_0097,rnbqk1n1/3p1ppr/1pp2b1p/p5N1/4p1P1/NQPP4/PP2PPRP/R1B1KB2 w Qq - 0 10,white,b3b4,-1021.0,-0.9879404793093376,0,,36,teacher_candidate,mates,,,
4851,mates_0157,mates,validation,generated_0097,r2qkbn1/pppb1p1r/2npp1p1/1P5p/3P4/5P2/PBPNP1PP/R2QKBNR w KQq - 3 8,white,b5c6,493.0,0.8433029500738807,1,,27,teacher_candidate,mates,,,
4851,mates_0157,mates,validation,generated_0097,r2qkbn1/pppb1p1r/2npp1p1/1P5p/3P4/5P2/PBPNP1PP/R2QKBNR w KQq - 3 8,white,g1h3,191.0,0.4442392116987145,0,,27,teacher_candidate,mates,,,
4851,mates_0157,mates,validation,generated_0097,r2qkbn1/pppb1p1r/2npp1p1/1P5p/3P4/5P2/PBPNP1PP/R2QKBNR w KQq - 3 8,white,f3f4,77.0,0.190156947732268,0,,27,teacher_candidate,mates,,,
4851,mates_0157,mates,validation,generated_0097,r2qkbn1/pppb1p1r/2npp1p1/1P5p/3P4/5P2/PBPNP1PP/R2QKBNR w KQq - 3 8,white,d1c1,14.0,0.0349857153327794,0,,27,teacher_candidate,mates,,,
4851,mates_0157,mates,validation,generated_0097,r2qkbn1/pppb1p1r/2npp1p1/1P5p/3P4/5P2/PBPNP1PP/R2QKBNR w KQq - 3 8,white,g2g4,-99999.0,-1.0,0,,27,teacher_candidate,mates,-1.0,,
3013,mates_0158,mates,validation,generated_0060,rn1qkbnr/p2pp1p1/1p3p2/2p3Qp/b4P1P/3PP1P1/PPP5/RNB1KBNR w KQkq - 0 8,white,g5g6,99999.0,1.0,1,,35,teacher_candidate,mates,1.0,,
3013,mates_0158,mates,validation,generated_0060,rn1qkbnr/p2pp1p1/1p3p2/2p3Qp/b4P1P/3PP1P1/PPP5/RNB1KBNR w KQkq - 0 8,white,g5d5,-25.0,-0.0624187467475125,0,,35,teacher_candidate,mates,,,
3013,mates_0158,mates,validation,generated_0060,rn1qkbnr/p2pp1p1/1p3p2/2p3Qp/b4P1P/3PP1P1/PPP5/RNB1KBNR w KQkq - 0 8,white,g5f5,-71.0,-0.1756590769650228,0,,35,teacher_candidate,mates,,,
3013,mates_0158,mates,validation,generated_0060,rn1qkbnr/p2pp1p1/1p3p2/2p3Qp/b4P1P/3PP1P1/PPP5/RNB1KBNR w KQkq - 0 8,white,c2c3,-598.0,-0.9042406203001624,0,,35,teacher_candidate,mates,,,
3013,mates_0158,mates,validation,generated_0060,rn1qkbnr/p2pp1p1/1p3p2/2p3Qp/b4P1P/3PP1P1/PPP5/RNB1KBNR w KQkq - 0 8,white,d3d4,-1001.0,-0.9866806150070832,0,,35,teacher_candidate,mates,,,
895,mates_0159,mates,validation,generated_0017,r1bqkbnr/p1p2pBp/n5p1/1p2p2N/2pP4/1P6/P3PPPP/RN1QKB1R b KQ - 5 10,black,f8g7,482.0,0.8351733637441744,1,,41,teacher_candidate,mates,,,
895,mates_0159,mates,validation,generated_0017,r1bqkbnr/p1p2pBp/n5p1/1p2p2N/2pP4/1P6/P3PPPP/RN1QKB1R b KQ - 5 10,black,f8b4,238.0,0.5334821284570855,0,,41,teacher_candidate,mates,,,
895,mates_0159,mates,validation,generated_0017,r1bqkbnr/p1p2pBp/n5p1/1p2p2N/2pP4/1P6/P3PPPP/RN1QKB1R b KQ - 5 10,black,c8g4,182.0,0.4260003255045633,0,,41,teacher_candidate,mates,,,
895,mates_0159,mates,validation,generated_0017,r1bqkbnr/p1p2pBp/n5p1/1p2p2N/2pP4/1P6/P3PPPP/RN1QKB1R b KQ - 5 10,black,e5e4,1.0,0.0024999947916796,0,,41,teacher_candidate,mates,,,
895,mates_0159,mates,validation,generated_0017,r1bqkbnr/p1p2pBp/n5p1/1p2p2N/2pP4/1P6/P3PPPP/RN1QKB1R b KQ - 5 10,black,g8e7,-99999.0,-1.0,0,,41,teacher_candidate,mates,-1.0,,
1275,mates_0160,mates,validation,generated_0025,r1bqkbnr/5p1p/n1pp2p1/1p2p3/p1NP2P1/4BP2/PPP1P2P/R2QKBNR w KQkq - 2 9,white,c4a3,-294.0,-0.6261147720639073,1,,33,teacher_candidate,mates,,,
1275,mates_0160,mates,validation,generated_0025,r1bqkbnr/5p1p/n1pp2p1/1p2p3/p1NP2P1/4BP2/PPP1P2P/R2QKBNR w KQkq - 2 9,white,c4d2,-321.0,-0.6654320889230336,0,,33,teacher_candidate,mates,,,
1275,mates_0160,mates,validation,generated_0025,r1bqkbnr/5p1p/n1pp2p1/1p2p3/p1NP2P1/4BP2/PPP1P2P/R2QKBNR w KQkq - 2 9,white,c4d6,-642.0,-0.922417731079528,0,,33,teacher_candidate,mates,,,
1275,mates_0160,mates,validation,generated_0025,r1bqkbnr/5p1p/n1pp2p1/1p2p3/p1NP2P1/4BP2/PPP1P2P/R2QKBNR w KQkq - 2 9,white,h2h4,-716.0,-0.945760565596474,0,,33,teacher_candidate,mates,,,
1275,mates_0160,mates,validation,generated_0025,r1bqkbnr/5p1p/n1pp2p1/1p2p3/p1NP2P1/4BP2/PPP1P2P/R2QKBNR w KQkq - 2 9,white,e3d2,-99999.0,-1.0,0,,33,teacher_candidate,mates,-1.0,,
3553,mates_0161,mates,validation,generated_0071,nrbqkbnr/pp1p1p1p/2p1p3/3NP1p1/6P1/3P1Q1P/PPP2P2/R1B1KBNR b KQk - 3 9,black,c6d5,342.0,0.6936725684698276,1,,29,teacher_candidate,mates,,,
3553,mates_0161,mates,validation,generated_0071,nrbqkbnr/pp1p1p1p/2p1p3/3NP1p1/6P1/3P1Q1P/PPP2P2/R1B1KBNR b KQk - 3 9,black,e6d5,223.0,0.5061201808426754,0,,29,teacher_candidate,mates,,,
3553,mates_0161,mates,validation,generated_0071,nrbqkbnr/pp1p1p1p/2p1p3/3NP1p1/6P1/3P1Q1P/PPP2P2/R1B1KBNR b KQk - 3 9,black,f8g7,0.0,0.0,0,,29,teacher_candidate,mates,,,
3553,mates_0161,mates,validation,generated_0071,nrbqkbnr/pp1p1p1p/2p1p3/3NP1p1/6P1/3P1Q1P/PPP2P2/R1B1KBNR b KQk - 3 9,black,f8c5,-252.0,-0.5580522155596244,0,,29,teacher_candidate,mates,,,
3553,mates_0161,mates,validation,generated_0071,nrbqkbnr/pp1p1p1p/2p1p3/3NP1p1/6P1/3P1Q1P/PPP2P2/R1B1KBNR b KQk - 3 9,black,g8e7,-99999.0,-1.0,0,,29,teacher_candidate,mates,-1.0,,
1735,mates_0162,mates,validation,generated_0034,rnbqkb1r/ppp4p/3p1n2/4p1p1/P1BPp3/1P4P1/R1PN1P1P/2BQ1KNR b kq - 0 10,black,d6d5,462.0,0.8194037105941603,1,,33,teacher_candidate,mates,,,
1735,mates_0162,mates,validation,generated_0034,rnbqkb1r/ppp4p/3p1n2/4p1p1/P1BPp3/1P4P1/R1PN1P1P/2BQ1KNR b kq - 0 10,black,e5d4,275.0,0.5963735554792423,0,,33,teacher_candidate,mates,,,
1735,mates_0162,mates,validation,generated_0034,rnbqkb1r/ppp4p/3p1n2/4p1p1/P1BPp3/1P4P1/R1PN1P1P/2BQ1KNR b kq - 0 10,black,b8c6,253.0,0.5597712580014517,0,,33,teacher_candidate,mates,,,
1735,mates_0162,mates,validation,generated_0034,rnbqkb1r/ppp4p/3p1n2/4p1p1/P1BPp3/1P4P1/R1PN1P1P/2BQ1KNR b kq - 0 10,black,d8e7,136.0,0.3274773948087053,0,,33,teacher_candidate,mates,,,
1735,mates_0162,mates,validation,generated_0034,rnbqkb1r/ppp4p/3p1n2/4p1p1/P1BPp3/1P4P1/R1PN1P1P/2BQ1KNR b kq - 0 10,black,f6d7,-99998.0,-1.0,0,,33,teacher_candidate,mates,-2.0,,
2782,mates_0163,mates,validation,generated_0055,rnb1kbr1/pppp1pp1/5n1B/1B6/Q3q3/2PP1p2/PP4PP/RN2K1NR w KQq - 0 9,white,a4e4,-141.0,-0.338590805554892,1,,8,teacher_candidate,mates,,,
2782,mates_0163,mates,validation,generated_0055,rnb1kbr1/pppp1pp1/5n1B/1B6/Q3q3/2PP1p2/PP4PP/RN2K1NR w KQq - 0 9,white,d3e4,-396.0,-0.7573623242165263,0,,8,teacher_candidate,mates,,,
2782,mates_0163,mates,validation,generated_0055,rnb1kbr1/pppp1pp1/5n1B/1B6/Q3q3/2PP1p2/PP4PP/RN2K1NR w KQq - 0 9,white,e1d2,-410.0,-0.7718952374404182,0,,8,teacher_candidate,mates,,,
2782,mates_0163,mates,validation,generated_0055,rnb1kbr1/pppp1pp1/5n1B/1B6/Q3q3/2PP1p2/PP4PP/RN2K1NR w KQq - 0 9,white,e1d1,-733.0,-0.9500700718647336,0,,8,teacher_candidate,mates,,,
2782,mates_0163,mates,validation,generated_0055,rnb1kbr1/pppp1pp1/5n1B/1B6/Q3q3/2PP1p2/PP4PP/RN2K1NR w KQq - 0 9,white,g1e2,-99999.0,-1.0,0,,8,teacher_candidate,mates,-1.0,,
3000,mates_0164,mates,validation,generated_0060,r1bqkb1r/pp1ppp2/n6p/2p3p1/1P4n1/N1P2P1N/P1QPP1PP/R1B1KBR1 b Qkq - 0 7,black,g4h2,90.0,0.221278467898444,1,,26,teacher_candidate,mates,,,
3000,mates_0164,mates,validation,generated_0060,r1bqkb1r/pp1ppp2/n6p/2p3p1/1P4n1/N1P2P1N/P1QPP1PP/R1B1KBR1 b Qkq - 0 7,black,c5b4,54.0,0.1341858099309086,0,,26,teacher_candidate,mates,,,
3000,mates_0164,mates,validation,generated_0060,r1bqkb1r/pp1ppp2/n6p/2p3p1/1P4n1/N1P2P1N/P1QPP1PP/R1B1KBR1 b Qkq - 0 7,black,g4f6,-23.0,-0.0574367139028792,0,,26,teacher_candidate,mates,,,
3000,mates_0164,mates,validation,generated_0060,r1bqkb1r/pp1ppp2/n6p/2p3p1/1P4n1/N1P2P1N/P1QPP1PP/R1B1KBR1 b Qkq - 0 7,black,c5c4,-377.0,-0.7363687637736096,0,,26,teacher_candidate,mates,,,
3000,mates_0164,mates,validation,generated_0060,r1bqkb1r/pp1ppp2/n6p/2p3p1/1P4n1/N1P2P1N/P1QPP1PP/R1B1KBR1 b Qkq - 0 7,black,f7f6,-99999.0,-1.0,0,,26,teacher_candidate,mates,-1.0,,
1901,mates_0165,mates,validation,generated_0038,rnbq1bnr/ppp1pk1p/8/3p1pp1/P3P1QN/2N5/1PPP1PPP/R1B1KB1R b KQ - 3 7,black,f5g4,706.0,0.9430588246198056,1,,32,teacher_candidate,mates,,,
1901,mates_0165,mates,validation,generated_0038,rnbq1bnr/ppp1pk1p/8/3p1pp1/P3P1QN/2N5/1PPP1PPP/R1B1KB1R b KQ - 3 7,black,f5e4,149.0,0.356176499103255,0,,32,teacher_candidate,mates,,,
1901,mates_0165,mates,validation,generated_0038,rnbq1bnr/ppp1pk1p/8/3p1pp1/P3P1QN/2N5/1PPP1PPP/R1B1KB1R b KQ - 3 7,black,g8f6,143.0,0.3430100684508116,0,,32,teacher_candidate,mates,,,
1901,mates_0165,mates,validation,generated_0038,rnbq1bnr/ppp1pk1p/8/3p1pp1/P3P1QN/2N5/1PPP1PPP/R1B1KB1R b KQ - 3 7,black,f7e8,-631.0,-0.9182105685881916,0,,32,teacher_candidate,mates,,,
1901,mates_0165,mates,validation,generated_0038,rnbq1bnr/ppp1pk1p/8/3p1pp1/P3P1QN/2N5/1PPP1PPP/R1B1KB1R b KQ - 3 7,black,f7e6,-99998.0,-1.0,0,,32,teacher_candidate,mates,-2.0,,
1842,mates_0166,mates,validation,generated_0036,r1bqkb1r/ppppp2p/5P2/5pp1/8/1P6/P1BP1PPP/RNBQK1NR b KQkq - 0 7,black,g5g4,-1117.0,-0.9925205763452812,1,,20,teacher_candidate,mates,,,
1842,mates_0166,mates,validation,generated_0036,r1bqkb1r/ppppp2p/5P2/5pp1/8/1P6/P1BP1PPP/RNBQK1NR b KQkq - 0 7,black,d7d5,-1127.0,-0.9928840542789424,0,,20,teacher_candidate,mates,,,
1842,mates_0166,mates,validation,generated_0036,r1bqkb1r/ppppp2p/5P2/5pp1/8/1P6/P1BP1PPP/RNBQK1NR b KQkq - 0 7,black,d7d6,-1132.0,-0.9930591378732212,0,,20,teacher_candidate,mates,,,
1842,mates_0166,mates,validation,generated_0036,r1bqkb1r/ppppp2p/5P2/5pp1/8/1P6/P1BP1PPP/RNBQK1NR b KQkq - 0 7,black,a7a6,-99999.0,-1.0,0,,20,teacher_candidate,mates,-1.0,,
1842,mates_0166,mates,validation,generated_0036,r1bqkb1r/ppppp2p/5P2/5pp1/8/1P6/P1BP1PPP/RNBQK1NR b KQkq - 0 7,black,h7h6,-99999.0,-1.0,0,,20,teacher_candidate,mates,-1.0,,
1692,mates_0167,mates,validation,generated_0033,1nb1k1nr/1ppp1ppp/r7/p3pPq1/P5P1/N6P/2PPP3/2BQKBNR b Kk - 0 8,black,g5h4,99999.0,1.0,1,,39,teacher_candidate,mates,1.0,,
1692,mates_0167,mates,validation,generated_0033,1nb1k1nr/1ppp1ppp/r7/p3pPq1/P5P1/N6P/2PPP3/2BQKBNR b Kk - 0 8,black,g5e7,462.0,0.8194037105941603,0,,39,teacher_candidate,mates,,,
1692,mates_0167,mates,validation,generated_0033,1nb1k1nr/1ppp1ppp/r7/p3pPq1/P5P1/N6P/2PPP3/2BQKBNR b Kk - 0 8,black,g5d8,372.0,0.7305938960959438,0,,39,teacher_candidate,mates,,,
1692,mates_0167,mates,validation,generated_0033,1nb1k1nr/1ppp1ppp/r7/p3pPq1/P5P1/N6P/2PPP3/2BQKBNR b Kk - 0 8,black,h7h6,150.0,0.3583573983507859,0,,39,teacher_candidate,mates,,,
1692,mates_0167,mates,validation,generated_0033,1nb1k1nr/1ppp1ppp/r7/p3pPq1/P5P1/N6P/2PPP3/2BQKBNR b Kk - 0 8,black,g5h5,-984.0,-0.9855075208083371,0,,39,teacher_candidate,mates,,,
195,mates_0168,mates,validation,generated_0003,rnb1k1nr/pp1pbp1p/4p3/2p3p1/3P4/PPP1q2P/2Q1PP2/RNB1KBNR w KQkq - 2 9,white,h1h2,919.0,0.9799976268279698,1,,27,teacher_candidate,mates,,,
195,mates_0168,mates,validation,generated_0003,rnb1k1nr/pp1pbp1p/4p3/2p3p1/3P4/PPP1q2P/2Q1PP2/RNB1KBNR w KQkq - 2 9,white,f2f3,831.0,0.9691129062420462,0,,27,teacher_candidate,mates,,,
195,mates_0168,mates,validation,generated_0003,rnb1k1nr/pp1pbp1p/4p3/2p3p1/3P4/PPP1q2P/2Q1PP2/RNB1KBNR w KQkq - 2 9,white,c1d2,787.0,0.9616580221163844,0,,27,teacher_candidate,mates,,,
195,mates_0168,mates,validation,generated_0003,rnb1k1nr/pp1pbp1p/4p3/2p3p1/3P4/PPP1q2P/2Q1PP2/RNB1KBNR w KQkq - 2 9,white,e1d1,93.0,0.2283992855537903,0,,27,teacher_candidate,mates,,,
195,mates_0168,mates,validation,generated_0003,rnb1k1nr/pp1pbp1p/4p3/2p3p1/3P4/PPP1q2P/2Q1PP2/RNB1KBNR w KQkq - 2 9,white,c2h7,-99999.0,-1.0,0,,27,teacher_candidate,mates,-1.0,,
539,mates_0169,mates,validation,generated_0010,rnbqkb1r/2pp4/ppN1p2p/3P1p2/4n1p1/PPN2P2/2P1P1PP/R1BQKB1R w KQkq - 0 10,white,c6d8,392.0,0.753065904869552,1,,36,teacher_candidate,mates,,,
539,mates_0169,mates,validation,generated_0010,rnbqkb1r/2pp4/ppN1p2p/3P1p2/4n1p1/PPN2P2/2P1P1PP/R1BQKB1R w KQkq - 0 10,white,c3e4,152.0,0.3627074675780511,0,,36,teacher_candidate,mates,,,
539,mates_0169,mates,validation,generated_0010,rnbqkb1r/2pp4/ppN1p2p/3P1p2/4n1p1/PPN2P2/2P1P1PP/R1BQKB1R w KQkq - 0 10,white,d1d4,136.0,0.3274773948087053,0,,36,teacher_candidate,mates,,,
539,mates_0169,mates,validation,generated_0010,rnbqkb1r/2pp4/ppN1p2p/3P1p2/4n1p1/PPN2P2/2P1P1PP/R1BQKB1R w KQkq - 0 10,white,c6d4,-358.0,-0.7138545530398384,0,,36,teacher_candidate,mates,,,
539,mates_0169,mates,validation,generated_0010,rnbqkb1r/2pp4/ppN1p2p/3P1p2/4n1p1/PPN2P2/2P1P1PP/R1BQKB1R w KQkq - 0 10,white,h2h3,-99998.0,-1.0,0,,36,teacher_candidate,mates,-2.0,,
2319,mates_0170,mates,validation,generated_0046,r1bqk2r/pp1p1pbp/n6n/1Pp1p3/P1P2p2/N6P/3PP1P1/R1BQKBNR b KQkq - 1 8,black,d8h4,99998.0,1.0,1,,28,teacher_candidate,mates,2.0,,
2319,mates_0170,mates,validation,generated_0046,r1bqk2r/pp1p1pbp/n6n/1Pp1p3/P1P2p2/N6P/3PP1P1/R1BQKBNR b KQkq - 1 8,black,a6b4,690.0,0.938462281285704,0,,28,teacher_candidate,mates,,,
2319,mates_0170,mates,validation,generated_0046,r1bqk2r/pp1p1pbp/n6n/1Pp1p3/P1P2p2/N6P/3PP1P1/R1BQKBNR b KQkq - 1 8,black,a6c7,570.0,0.8906373655681185,0,,28,teacher_candidate,mates,,,
2319,mates_0170,mates,validation,generated_0046,r1bqk2r/pp1p1pbp/n6n/1Pp1p3/P1P2p2/N6P/3PP1P1/R1BQKBNR b KQkq - 1 8,black,h8g8,142.0,0.3408023196177371,0,,28,teacher_candidate,mates,,,
2319,mates_0170,mates,validation,generated_0046,r1bqk2r/pp1p1pbp/n6n/1Pp1p3/P1P2p2/N6P/3PP1P1/R1BQKBNR b KQkq - 1 8,black,f7f6,-125.0,-0.3027097293321085,0,,28,teacher_candidate,mates,,,
3712,mates_0171,mates,validation,generated_0074,rnb1k2r/p1pp1p1p/3b2pn/1p2p3/2P1P2q/P6P/1P1P1PP1/RNBQKBNR w KQkq - 0 7,white,d2d3,211.0,0.4834677598628625,1,,24,teacher_candidate,mates,,,
3712,mates_0171,mates,validation,generated_0074,rnb1k2r/p1pp1p1p/3b2pn/1p2p3/2P1P2q/P6P/1P1P1PP1/RNBQKBNR w KQkq - 0 7,white,d2d4,123.0,0.2981610484891466,0,,24,teacher_candidate,mates,,,
3712,mates_0171,mates,validation,generated_0074,rnb1k2r/p1pp1p1p/3b2pn/1p2p3/2P1P2q/P6P/1P1P1PP1/RNBQKBNR w KQkq - 0 7,white,b1c3,122.0,0.2958816041613004,0,,24,teacher_candidate,mates,,,
3712,mates_0171,mates,validation,generated_0074,rnb1k2r/p1pp1p1p/3b2pn/1p2p3/2P1P2q/P6P/1P1P1PP1/RNBQKBNR w KQkq - 0 7,white,a3a4,-88.0,-0.2165180614930288,0,,24,teacher_candidate,mates,,,
3712,mates_0171,mates,validation,generated_0074,rnb1k2r/p1pp1p1p/3b2pn/1p2p3/2P1P2q/P6P/1P1P1PP1/RNBQKBNR w KQkq - 0 7,white,e1e2,-99999.0,-1.0,0,,24,teacher_candidate,mates,-1.0,,
1502,mates_0172,mates,validation,generated_0030,rnbqkbr1/1p1pp1p1/p4p2/2pP1n1p/8/2N1P2P/PPP2PP1/1RBQKBNR b Kq - 2 8,black,g8h8,-295.0,-0.6276323441969829,1,,23,teacher_candidate,mates,,,
1502,mates_0172,mates,validation,generated_0030,rnbqkbr1/1p1pp1p1/p4p2/2pP1n1p/8/2N1P2P/PPP2PP1/1RBQKBNR b Kq - 2 8,black,g7g6,-402.0,-0.7636860443814609,0,,23,teacher_candidate,mates,,,
1502,mates_0172,mates,validation,generated_0030,rnbqkbr1/1p1pp1p1/p4p2/2pP1n1p/8/2N1P2P/PPP2PP1/1RBQKBNR b Kq - 2 8,black,h5h4,-428.0,-0.7894612209549805,0,,23,teacher_candidate,mates,,,
1502,mates_0172,mates,validation,generated_0030,rnbqkbr1/1p1pp1p1/p4p2/2pP1n1p/8/2N1P2P/PPP2PP1/1RBQKBNR b Kq - 2 8,black,e7e6,-630.0,-0.91781744359907,0,,23,teacher_candidate,mates,,,
1502,mates_0172,mates,validation,generated_0030,rnbqkbr1/1p1pp1p1/p4p2/2pP1n1p/8/2N1P2P/PPP2PP1/1RBQKBNR b Kq - 2 8,black,g7g5,-99998.0,-1.0,0,,23,teacher_candidate,mates,-2.0,,
702,mates_0173,mates,validation,generated_0014,rnbqk2r/1ppp3p/p2bp2n/5pp1/8/P4P1P/1PPPP1PN/RNBQKBR1 w Qkq - 1 7,white,e1f2,-96.0,-0.2354957495384979,1,,18,teacher_candidate,mates,,,
702,mates_0173,mates,validation,generated_0014,rnbqk2r/1ppp3p/p2bp2n/5pp1/8/P4P1P/1PPPP1PN/RNBQKBR1 w Qkq - 1 7,white,g2g3,-137.0,-0.3297074608119472,0,,18,teacher_candidate,mates,,,
702,mates_0173,mates,validation,generated_0014,rnbqk2r/1ppp3p/p2bp2n/5pp1/8/P4P1P/1PPPP1PN/RNBQKBR1 w Qkq - 1 7,white,f3f4,-404.0,-0.7657620182484389,0,,18,teacher_candidate,mates,,,
702,mates_0173,mates,validation,generated_0014,rnbqk2r/1ppp3p/p2bp2n/5pp1/8/P4P1P/1PPPP1PN/RNBQKBR1 w Qkq - 1 7,white,b2b3,-799.0,-0.9638505266716332,0,,18,teacher_candidate,mates,-1.0,,
702,mates_0173,mates,validation,generated_0014,rnbqk2r/1ppp3p/p2bp2n/5pp1/8/P4P1P/1PPPP1PN/RNBQKBR1 w Qkq - 1 7,white,g1h1,-99999.0,-1.0,0,,18,teacher_candidate,mates,-1.0,,
3031,mates_0174,mates,validation,generated_0060,rnbqk1nQ/p2ppp2/2p4b/1p6/4PBpp/3P2PN/PPP2P1P/RN2KB1R b KQq - 0 9,black,b5b4,-809.0,-0.9655832183699564,1,,23,teacher_candidate,mates,,,
3031,mates_0174,mates,validation,generated_0060,rnbqk1nQ/p2ppp2/2p4b/1p6/4PBpp/3P2PN/PPP2P1P/RN2KB1R b KQq - 0 9,black,a7a5,-822.0,-0.9677141892505896,0,,23,teacher_candidate,mates,,,
3031,mates_0174,mates,validation,generated_0060,rnbqk1nQ/p2ppp2/2p4b/1p6/4PBpp/3P2PN/PPP2P1P/RN2KB1R b KQq - 0 9,black,d8b6,-831.0,-0.9691129062420462,0,,23,teacher_candidate,mates,,,
3031,mates_0174,mates,validation,generated_0060,rnbqk1nQ/p2ppp2/2p4b/1p6/4PBpp/3P2PN/PPP2P1P/RN2KB1R b KQq - 0 9,black,e7e5,-959.0,-0.9835936988421032,0,,23,teacher_candidate,mates,,,
3031,mates_0174,mates,validation,generated_0060,rnbqk1nQ/p2ppp2/2p4b/1p6/4PBpp/3P2PN/PPP2P1P/RN2KB1R b KQq - 0 9,black,h6g5,-99999.0,-1.0,0,,23,teacher_candidate,mates,-1.0,,
1912,mates_0175,mates,validation,generated_0038,1nbqkb1r/3pp2p/r4pp1/pNp1P3/3N3P/2R5/PPPP1nP1/R1BQKB2 b Qk - 1 10,black,f2d1,519.0,0.8610781881988719,1,,31,teacher_candidate,mates,,,
1912,mates_0175,mates,validation,generated_0038,1nbqkb1r/3pp2p/r4pp1/pNp1P3/3N3P/2R5/PPPP1nP1/R1BQKB2 b Qk - 1 10,black,a5a4,319.0,0.6626368112043609,0,,31,teacher_candidate,mates,,,
1912,mates_0175,mates,validation,generated_0038,1nbqkb1r/3pp2p/r4pp1/pNp1P3/3N3P/2R5/PPPP1nP1/R1BQKB2 b Qk - 1 10,black,c5d4,126.0,0.3049789243854889,0,,31,teacher_candidate,mates,,,
1912,mates_0175,mates,validation,generated_0038,1nbqkb1r/3pp2p/r4pp1/pNp1P3/3N3P/2R5/PPPP1nP1/R1BQKB2 b Qk - 1 10,black,f2d3,-111.0,-0.2705896986456141,0,,31,teacher_candidate,mates,,,
1912,mates_0175,mates,validation,generated_0038,1nbqkb1r/3pp2p/r4pp1/pNp1P3/3N3P/2R5/PPPP1nP1/R1BQKB2 b Qk - 1 10,black,g6g5,-99999.0,-1.0,0,,31,teacher_candidate,mates,-1.0,,
446_pv1,mates_pv_0000,mates,train,generated_0008_pv,rnb1k1n1/1p1pppbr/2p4p/p5p1/3P1q2/1PNK3P/PBP1P1P1/R3QBNR b q - 1 11,black,f4d4,99999.0,1.0,1,,41,teacher_pv,mate_pv,1.0,,
446_pv1,mates_pv_0001,mates,train,generated_0008_pv,rnb1k1n1/1p1pppbr/2p4p/p5p1/3P1q2/1PNK3P/PBP1P1P1/R3QBNR b q - 1 11,black,b8a6,280.0,0.6043677771171635,0,,41,teacher_pv,mate_pv,,,
446_pv1,mates_pv_0002,mates,train,generated_0008_pv,rnb1k1n1/1p1pppbr/2p4p/p5p1/3P1q2/1PNK3P/PBP1P1P1/R3QBNR b q - 1 11,black,g7d4,262.0,0.5750263117549217,0,,41,teacher_pv,mate_pv,,,
446_pv1,mates_pv_0003,mates,train,generated_0008_pv,rnb1k1n1/1p1pppbr/2p4p/p5p1/3P1q2/1PNK3P/PBP1P1P1/R3QBNR b q - 1 11,black,b7b6,192.0,0.4462436102487796,0,,41,teacher_pv,mate_pv,,,
446_pv1,mates_pv_0004,mates,train,generated_0008_pv,rnb1k1n1/1p1pppbr/2p4p/p5p1/3P1q2/1PNK3P/PBP1P1P1/R3QBNR b q - 1 11,black,g8f6,184.0,0.4300842114019795,0,,41,teacher_pv,mate_pv,,,
597_pv1,mates_pv_0005,mates,train,generated_0011_pv,r1bq1bnr/1ppkp3/p1np1p1p/5PpQ/2B5/4P1PN/PPPP3P/RNB1K2R w KQ - 2 8,white,c4e6,99999.0,1.0,1,,42,teacher_pv,mate_pv,1.0,,
597_pv1,mates_pv_0006,mates,train,generated_0011_pv,r1bq1bnr/1ppkp3/p1np1p1p/5PpQ/2B5/4P1PN/PPPP3P/RNB1K2R w KQ - 2 8,white,h3g5,554.0,0.8820659730704165,0,,42,teacher_pv,mate_pv,,,
597_pv1,mates_pv_0007,mates,train,generated_0011_pv,r1bq1bnr/1ppkp3/p1np1p1p/5PpQ/2B5/4P1PN/PPPP3P/RNB1K2R w KQ - 2 8,white,a2a4,505.0,0.8517518696186737,0,,42,teacher_pv,mate_pv,,,
597_pv1,mates_pv_0008,mates,train,generated_0011_pv,r1bq1bnr/1ppkp3/p1np1p1p/5PpQ/2B5/4P1PN/PPPP3P/RNB1K2R w KQ - 2 8,white,b1c3,466.0,0.8226626734905335,0,,42,teacher_pv,mate_pv,,,
597_pv1,mates_pv_0009,mates,train,generated_0011_pv,r1bq1bnr/1ppkp3/p1np1p1p/5PpQ/2B5/4P1PN/PPPP3P/RNB1K2R w KQ - 2 8,white,d2d4,424.0,0.7856638590269437,0,,42,teacher_pv,mate_pv,,,
1298_pv1,mates_pv_0010,mates,train,generated_0025_pv,r2qkbnr/1b1pp3/1pn2ppp/p1p4Q/4P3/1PN5/P1PPBPPP/R1B1K1NR w KQkq - 0 11,white,h5g6,99999.0,1.0,1,,43,teacher_pv,mate_pv,1.0,,
1298_pv1,mates_pv_0011,mates,train,generated_0025_pv,r2qkbnr/1b1pp3/1pn2ppp/p1p4Q/4P3/1PN5/P1PPBPPP/R1B1K1NR w KQkq - 0 11,white,d2d4,498.0,0.8468756052963757,0,,43,teacher_pv,mate_pv,,,
1298_pv1,mates_pv_0012,mates,train,generated_0025_pv,r2qkbnr/1b1pp3/1pn2ppp/p1p4Q/4P3/1PN5/P1PPBPPP/R1B1K1NR w KQkq - 0 11,white,b3b4,234.0,0.5262900314537109,0,,43,teacher_pv,mate_pv,,,
1298_pv1,mates_pv_0013,mates,train,generated_0025_pv,r2qkbnr/1b1pp3/1pn2ppp/p1p4Q/4P3/1PN5/P1PPBPPP/R1B1K1NR w KQkq - 0 11,white,c1b2,12.0,0.0299910032388201,0,,43,teacher_pv,mate_pv,,,
1298_pv1,mates_pv_0014,mates,train,generated_0025_pv,r2qkbnr/1b1pp3/1pn2ppp/p1p4Q/4P3/1PN5/P1PPBPPP/R1B1K1NR w KQkq - 0 11,white,h5g4,0.0,0.0,0,,43,teacher_pv,mate_pv,,,
2119_pv1,mates_pv_0015,mates,train,generated_0042_pv,1r2kb1r/pbppq1pp/n3Q3/1p3p2/4PPn1/2P3PN/PP1P2KP/RNB2BR1 b k - 0 11,black,b7e4,99998.0,1.0,1,,30,teacher_pv,mate_pv,2.0,,
2119_pv1,mates_pv_0016,mates,train,generated_0042_pv,1r2kb1r/pbppq1pp/n3Q3/1p3p2/4PPn1/2P3PN/PP1P2KP/RNB2BR1 b k - 0 11,black,e7e6,1147.0,0.99355904523051,0,,30,teacher_pv,mate_pv,,,
2119_pv1,mates_pv_0017,mates,train,generated_0042_pv,1r2kb1r/pbppq1pp/n3Q3/1p3p2/4PPn1/2P3PN/PP1P2KP/RNB2BR1 b k - 0 11,black,d7e6,1047.0,0.9894028004543588,0,,30,teacher_pv,mate_pv,,,
2119_pv1,mates_pv_0018,mates,train,generated_0042_pv,1r2kb1r/pbppq1pp/n3Q3/1p3p2/4PPn1/2P3PN/PP1P2KP/RNB2BR1 b k - 0 11,black,g4e3,815.0,0.9665833928092236,0,,30,teacher_pv,mate_pv,,,
2119_pv1,mates_pv_0019,mates,train,generated_0042_pv,1r2kb1r/pbppq1pp/n3Q3/1p3p2/4PPn1/2P3PN/PP1P2KP/RNB2BR1 b k - 0 11,black,a6b4,389.0,0.7498008369323694,0,,30,teacher_pv,mate_pv,,,
2119_pv2,mates_pv_0020,mates,train,generated_0042_pv,1r2kb1r/p1ppq1pp/n7/1p3p2/4QPn1/2P3PN/PP1P2KP/RNB2BR1 b k - 0 12,black,e7e4,99999.0,1.0,1,,29,teacher_pv,mate_pv,1.0,,
2119_pv2,mates_pv_0021,mates,train,generated_0042_pv,1r2kb1r/p1ppq1pp/n7/1p3p2/4QPn1/2P3PN/PP1P2KP/RNB2BR1 b k - 0 12,black,f5e4,782.0,0.9607064601046226,0,,29,teacher_pv,mate_pv,,,
2119_pv2,mates_pv_0022,mates,train,generated_0042_pv,1r2kb1r/p1ppq1pp/n7/1p3p2/4QPn1/2P3PN/PP1P2KP/RNB2BR1 b k - 0 12,black,e8d8,-724.0,-0.947831849707234,0,,29,teacher_pv,mate_pv,,,
2119_pv2,mates_pv_0023,mates,train,generated_0042_pv,1r2kb1r/p1ppq1pp/n7/1p3p2/4QPn1/2P3PN/PP1P2KP/RNB2BR1 b k - 0 12,black,b8b6,-764.0,-0.957085420564793,0,,29,teacher_pv,mate_pv,,,
2119_pv2,mates_pv_0024,mates,train,generated_0042_pv,1r2kb1r/p1ppq1pp/n7/1p3p2/4QPn1/2P3PN/PP1P2KP/RNB2BR1 b k - 0 12,black,h7h5,-766.0,-0.957503354577973,0,,29,teacher_pv,mate_pv,,,
2319_pv1,mates_pv_0025,mates,validation,generated_0046_pv,r1b1k2r/pp1p1pbp/n6n/1Pp1p3/P1P2p1q/N5PP/3PP3/R1BQKBNR b KQkq - 0 9,black,h4g3,99999.0,1.0,1,,31,teacher_pv,mate_pv,1.0,,
2319_pv1,mates_pv_0026,mates,validation,generated_0046_pv,r1b1k2r/pp1p1pbp/n6n/1Pp1p3/P1P2p1q/N5PP/3PP3/R1BQKBNR b KQkq - 0 9,black,f4g3,524.0,0.8642754128460111,0,,31,teacher_pv,mate_pv,,,
2319_pv1,mates_pv_0027,mates,validation,generated_0046_pv,r1b1k2r/pp1p1pbp/n6n/1Pp1p3/P1P2p1q/N5PP/3PP3/R1BQKBNR b KQkq - 0 9,black,h4g5,346.0,0.6988248405083122,0,,31,teacher_pv,mate_pv,,,
2319_pv1,mates_pv_0028,mates,validation,generated_0046_pv,r1b1k2r/pp1p1pbp/n6n/1Pp1p3/P1P2p1q/N5PP/3PP3/R1BQKBNR b KQkq - 0 9,black,h4f6,320.0,0.6640367702678489,0,,31,teacher_pv,mate_pv,,,
2319_pv1,mates_pv_0029,mates,validation,generated_0046_pv,r1b1k2r/pp1p1pbp/n6n/1Pp1p3/P1P2p1q/N5PP/3PP3/R1BQKBNR b KQkq - 0 9,black,h4e7,104.0,0.2542955326263911,0,,31,teacher_pv,mate_pv,,,
2671_pv1,mates_pv_0030,mates,validation,generated_0053_pv,rn2k1nr/ppp2ppp/3p4/1N6/4p1bb/4PP2/PPPPBNq1/R1BQK2R b kq - 4 11,black,g2f2,99999.0,1.0,1,,44,teacher_pv,mate_pv,1.0,,
2671_pv1,mates_pv_0031,mates,validation,generated_0053_pv,rn2k1nr/ppp2ppp/3p4/1N6/4p1bb/4PP2/PPPPBNq1/R1BQK2R b kq - 4 11,black,h4f2,99999.0,1.0,0,,44,teacher_pv,mate_pv,1.0,,
2671_pv1,mates_pv_0032,mates,validation,generated_0053_pv,rn2k1nr/ppp2ppp/3p4/1N6/4p1bb/4PP2/PPPPBNq1/R1BQK2R b kq - 4 11,black,h4g3,1068.0,0.9904540397704736,0,,44,teacher_pv,mate_pv,,,
2671_pv1,mates_pv_0033,mates,validation,generated_0053_pv,rn2k1nr/ppp2ppp/3p4/1N6/4p1bb/4PP2/PPPPBNq1/R1BQK2R b kq - 4 11,black,g2h1,963.0,0.983915952786863,0,,44,teacher_pv,mate_pv,,,
2671_pv1,mates_pv_0034,mates,validation,generated_0053_pv,rn2k1nr/ppp2ppp/3p4/1N6/4p1bb/4PP2/PPPPBNq1/R1BQK2R b kq - 4 11,black,g4h3,559.0,0.8848100694639156,0,,44,teacher_pv,mate_pv,,,
2924_pv1,mates_pv_0035,mates,train,generated_0058_pv,rn1qkbnr/pb1pp3/1p3ppp/2p4Q/1PP1P3/P5PB/3P1P1P/RNB1K1NR w KQkq - 0 8,white,h5g6,99999.0,1.0,1,,35,teacher_pv,mate_pv,1.0,,
2924_pv1,mates_pv_0036,mates,train,generated_0058_pv,rn1qkbnr/pb1pp3/1p3ppp/2p4Q/1PP1P3/P5PB/3P1P1P/RNB1K1NR w KQkq - 0 8,white,h3f5,366.0,0.7235234536550119,0,,35,teacher_pv,mate_pv,,,
2924_pv1,mates_pv_0037,mates,train,generated_0058_pv,rn1qkbnr/pb1pp3/1p3ppp/2p4Q/1PP1P3/P5PB/3P1P1P/RNB1K1NR w KQkq - 0 8,white,h5f3,101.0,0.247267256596452,0,,35,teacher_pv,mate_pv,,,
2924_pv1,mates_pv_0038,mates,train,generated_0058_pv,rn1qkbnr/pb1pp3/1p3ppp/2p4Q/1PP1P3/P5PB/3P1P1P/RNB1K1NR w KQkq - 0 8,white,h5e2,-22.0,-0.0549446086891874,0,,35,teacher_pv,mate_pv,,,
2924_pv1,mates_pv_0039,mates,train,generated_0058_pv,rn1qkbnr/pb1pp3/1p3ppp/2p4Q/1PP1P3/P5PB/3P1P1P/RNB1K1NR w KQkq - 0 8,white,h5g4,-35.0,-0.0872773744741577,0,,35,teacher_pv,mate_pv,,,
3394_pv1,mates_pv_0040,mates,train,generated_0067_pv,1nb1kb1r/rp1p1ppp/p1p4n/2PPp3/7q/PP3PPP/3NP3/R1BQKBNR b KQk - 0 11,black,h4g3,99999.0,1.0,1,,34,teacher_pv,mate_pv,1.0,,
3394_pv1,mates_pv_0041,mates,train,generated_0067_pv,1nb1kb1r/rp1p1ppp/p1p4n/2PPp3/7q/PP3PPP/3NP3/R1BQKBNR b KQk - 0 11,black,h4d4,26.0,0.0649086127746375,0,,34,teacher_pv,mate_pv,,,
3394_pv1,mates_pv_0042,mates,train,generated_0067_pv,1nb1kb1r/rp1p1ppp/p1p4n/2PPp3/7q/PP3PPP/3NP3/R1BQKBNR b KQk - 0 11,black,h4g5,-281.0,-0.6059522288123076,0,,34,teacher_pv,mate_pv,,,
3394_pv1,mates_pv_0043,mates,train,generated_0067_pv,1nb1kb1r/rp1p1ppp/p1p4n/2PPp3/7q/PP3PPP/3NP3/R1BQKBNR b KQk - 0 11,black,f8e7,-313.0,-0.6541393002077227,0,,34,teacher_pv,mate_pv,,,
3394_pv1,mates_pv_0044,mates,train,generated_0067_pv,1nb1kb1r/rp1p1ppp/p1p4n/2PPp3/7q/PP3PPP/3NP3/R1BQKBNR b KQk - 0 11,black,h4f6,-340.0,-0.6910694698329306,0,,34,teacher_pv,mate_pv,,,
3770_pv1,mates_pv_0045,mates,train,generated_0075_pv,r1bqkbn1/1p1pp2r/2n3pp/p1p2pNB/8/4P3/PPPP1PPP/RNBQK2R w KQq - 0 8,white,h5g6,99998.0,1.0,1,,35,teacher_pv,mate_pv,2.0,,
3770_pv1,mates_pv_0046,mates,train,generated_0075_pv,r1bqkbn1/1p1pp2r/2n3pp/p1p2pNB/8/4P3/PPPP1PPP/RNBQK2R w KQq - 0 8,white,g5h7,680.0,0.935409070603099,0,,35,teacher_pv,mate_pv,,,
3770_pv1,mates_pv_0047,mates,train,generated_0075_pv,r1bqkbn1/1p1pp2r/2n3pp/p1p2pNB/8/4P3/PPPP1PPP/RNBQK2R w KQq - 0 8,white,a2a3,485.0,0.8374278407728539,0,,35,teacher_pv,mate_pv,,,
3770_pv1,mates_pv_0048,mates,train,generated_0075_pv,r1bqkbn1/1p1pp2r/2n3pp/p1p2pNB/8/4P3/PPPP1PPP/RNBQK2R w KQq - 0 8,white,g2g3,476.0,0.8305788685385285,0,,35,teacher_pv,mate_pv,,,
3770_pv1,mates_pv_0049,mates,train,generated_0075_pv,r1bqkbn1/1p1pp2r/2n3pp/p1p2pNB/8/4P3/PPPP1PPP/RNBQK2R w KQq - 0 8,white,e1f1,448.0,0.8075689165786144,0,,35,teacher_pv,mate_pv,,,
3770_pv2,mates_pv_0050,mates,train,generated_0075_pv,r1bqkbn1/1p1ppr2/2n3Bp/p1p2pN1/8/4P3/PPPP1PPP/RNBQK2R w KQq - 1 9,white,g6f7,99999.0,1.0,1,,36,teacher_pv,mate_pv,1.0,,
3770_pv2,mates_pv_0051,mates,train,generated_0075_pv,r1bqkbn1/1p1ppr2/2n3Bp/p1p2pN1/8/4P3/PPPP1PPP/RNBQK2R w KQq - 1 9,white,g5f7,1103.0,0.9919804315230544,0,,36,teacher_pv,mate_pv,,,
3770_pv2,mates_pv_0052,mates,train,generated_0075_pv,r1bqkbn1/1p1ppr2/2n3Bp/p1p2pN1/8/4P3/PPPP1PPP/RNBQK2R w KQq - 1 9,white,d1h5,1010.0,0.9872629689863688,0,,36,teacher_pv,mate_pv,,,
3770_pv2,mates_pv_0053,mates,train,generated_0075_pv,r1bqkbn1/1p1ppr2/2n3Bp/p1p2pN1/8/4P3/PPPP1PPP/RNBQK2R w KQq - 1 9,white,g5f3,487.0,0.8389151737656423,0,,36,teacher_pv,mate_pv,,,
3770_pv2,mates_pv_0054,mates,train,generated_0075_pv,r1bqkbn1/1p1ppr2/2n3Bp/p1p2pN1/8/4P3/PPPP1PPP/RNBQK2R w KQq - 1 9,white,g5h3,447.0,0.806697578116818,0,,36,teacher_pv,mate_pv,,,
4572_pv1,mates_pv_0055,mates,train,generated_0091_pv,rnbq1bnr/1pppp1pk/7p/p4p1P/3P4/3Q3N/PPP1PPP1/RNB1KB1R w KQ - 0 8,white,d3f5,99998.0,1.0,1,,41,teacher_pv,mate_pv,2.0,,
4572_pv1,mates_pv_0056,mates,train,generated_0091_pv,rnbq1bnr/1pppp1pk/7p/p4p1P/3P4/3Q3N/PPP1PPP1/RNB1KB1R w KQ - 0 8,white,h3g5,99997.0,1.0,0,,41,teacher_pv,mate_pv,3.0,,
4572_pv1,mates_pv_0057,mates,train,generated_0091_pv,rnbq1bnr/1pppp1pk/7p/p4p1P/3P4/3Q3N/PPP1PPP1/RNB1KB1R w KQ - 0 8,white,e2e4,303.0,0.6396020496038974,0,,41,teacher_pv,mate_pv,,,
4572_pv1,mates_pv_0058,mates,train,generated_0091_pv,rnbq1bnr/1pppp1pk/7p/p4p1P/3P4/3Q3N/PPP1PPP1/RNB1KB1R w KQ - 0 8,white,g2g4,277.0,0.5995856436014414,0,,41,teacher_pv,mate_pv,,,
4572_pv1,mates_pv_0059,mates,train,generated_0091_pv,rnbq1bnr/1pppp1pk/7p/p4p1P/3P4/3Q3N/PPP1PPP1/RNB1KB1R w KQ - 0 8,white,c2c4,266.0,0.5816812695738734,0,,41,teacher_pv,mate_pv,,,
4572_pv2,mates_pv_0060,mates,train,generated_0091_pv,rnbq1bnr/1pppp2k/6pp/p4Q1P/3P4/7N/PPP1PPP1/RNB1KB1R w KQ - 0 9,white,f5g6,99999.0,1.0,1,,46,teacher_pv,mate_pv,1.0,,
4572_pv2,mates_pv_0061,mates,train,generated_0091_pv,rnbq1bnr/1pppp2k/6pp/p4Q1P/3P4/7N/PPP1PPP1/RNB1KB1R w KQ - 0 9,white,f5f7,99998.0,1.0,0,,46,teacher_pv,mate_pv,2.0,,
4572_pv2,mates_pv_0062,mates,train,generated_0091_pv,rnbq1bnr/1pppp2k/6pp/p4Q1P/3P4/7N/PPP1PPP1/RNB1KB1R w KQ - 0 9,white,h3g5,99998.0,1.0,0,,46,teacher_pv,mate_pv,2.0,,
4572_pv2,mates_pv_0063,mates,train,generated_0091_pv,rnbq1bnr/1pppp2k/6pp/p4Q1P/3P4/7N/PPP1PPP1/RNB1KB1R w KQ - 0 9,white,h5g6,99998.0,1.0,0,,46,teacher_pv,mate_pv,2.0,,
4572_pv2,mates_pv_0064,mates,train,generated_0091_pv,rnbq1bnr/1pppp2k/6pp/p4Q1P/3P4/7N/PPP1PPP1/RNB1KB1R w KQ - 0 9,white,f5d3,851.0,0.972011067961144,0,,46,teacher_pv,mate_pv,,,
4984_pv1,mates_pv_0065,mates,validation,generated_0099_pv,rnb1k1nr/1ppp1pp1/p7/2P4p/PN2p2q/5PPP/1P1PP3/1RBQKBNR b Kkq - 0 10,black,h4g3,99999.0,1.0,1,,30,teacher_pv,mate_pv,1.0,,
4984_pv1,mates_pv_0066,mates,validation,generated_0099_pv,rnb1k1nr/1ppp1pp1/p7/2P4p/PN2p2q/5PPP/1P1PP3/1RBQKBNR b Kkq - 0 10,black,h4g5,-345.0,-0.6975434949818516,0,,30,teacher_pv,mate_pv,,,
4984_pv1,mates_pv_0067,mates,validation,generated_0099_pv,rnb1k1nr/1ppp1pp1/p7/2P4p/PN2p2q/5PPP/1P1PP3/1RBQKBNR b Kkq - 0 10,black,h4f6,-613.0,-0.9108514391322272,0,,30,teacher_pv,mate_pv,,,
4984_pv1,mates_pv_0068,mates,validation,generated_0099_pv,rnb1k1nr/1ppp1pp1/p7/2P4p/PN2p2q/5PPP/1P1PP3/1RBQKBNR b Kkq - 0 10,black,h4d8,-653.0,-0.9264167831884396,0,,30,teacher_pv,mate_pv,,,
4984_pv1,mates_pv_0069,mates,validation,generated_0099_pv,rnb1k1nr/1ppp1pp1/p7/2P4p/PN2p2q/5PPP/1P1PP3/1RBQKBNR b Kkq - 0 10,black,a6a5,-671.0,-0.9325363724370656,0,,30,teacher_pv,mate_pv,,,
