position_id,lesson_id,stage,split,source_game_id,fen,side_to_move,move_uci,teacher_cp,teacher_target,is_best,is_positive,legal_move_count,candidate_type,motif,mate_distance
movement_0000,movement_0000,movement,train,synthetic_movement_0000,4k3/8/8/8/8/5P2/8/4K3 w - - 0 1,white,f3f4,100.0,1.0,1,1,6,legal,piece_movement,
movement_0000,movement_0000,movement,train,synthetic_movement_0000,4k3/8/8/8/8/5P2/8/4K3 w - - 0 1,white,f3a1,-100.0,-1.0,0,0,6,illegal,piece_movement,
movement_0000,movement_0000,movement,train,synthetic_movement_0000,4k3/8/8/8/8/5P2/8/4K3 w - - 0 1,white,f3b1,-100.0,-1.0,0,0,6,illegal,piece_movement,
movement_0000,movement_0000,movement,train,synthetic_movement_0000,4k3/8/8/8/8/5P2/8/4K3 w - - 0 1,white,f3c1,-100.0,-1.0,0,0,6,illegal,piece_movement,
movement_0000,movement_0000,movement,train,synthetic_movement_0000,4k3/8/8/8/8/5P2/8/4K3 w - - 0 1,white,f3d1,-100.0,-1.0,0,0,6,illegal,piece_movement,
movement_0000,movement_0000,movement,train,synthetic_movement_0000,4k3/8/8/8/8/5P2/8/4K3 w - - 0 1,white,f3e1,-100.0,-1.0,0,0,6,illegal,piece_movement,
movement_0001,movement_0001,movement,train,synthetic_movement_0001,4k3/7N/8/8/8/8/8/4K3 w - - 0 1,white,h7f6,100.0,1.0,1,1,8,legal,piece_movement,
movement_0001,movement_0001,movement,train,synthetic_movement_0001,4k3/7N/8/8/8/8/8/4K3 w - - 0 1,white,h7f8,100.0,1.0,1,1,8,legal,piece_movement,
movement_0001,movement_0001,movement,train,synthetic_movement_0001,4k3/7N/8/8/8/8/8/4K3 w - - 0 1,white,h7g5,100.0,1.0,1,1,8,legal,piece_movement,
movement_0001,movement_0001,movement,train,synthetic_movement_0001,4k3/7N/8/8/8/8/8/4K3 w - - 0 1,white,h7a1,-100.0,-1.0,0,0,8,illegal,piece_movement,
movement_0001,movement_0001,movement,train,synthetic_movement_0001,4k3/7N/8/8/8/8/8/4K3 w - - 0 1,white,h7b1,-100.0,-1.0,0,0,8,illegal,piece_movement,
movement_0001,movement_0001,movement,train,synthetic_movement_0001,4k3/7N/8/8/8/8/8/4K3 w - - 0 1,white,h7c1,-100.0,-1.0,0,0,8,illegal,piece_movement,
movement_0001,movement_0001,movement,train,synthetic_movement_0001,4k3/7N/8/8/8/8/8/4K3 w - - 0 1,white,h7d1,-100.0,-1.0,0,0,8,illegal,piece_movement,
movement_0001,movement_0001,movement,train,synthetic_movement_0001,4k3/7N/8/8/8/8/8/4K3 w - - 0 1,white,h7e1,-100.0,-1.0,0,0,8,illegal,piece_movement,
movement_0002,movement_0002,movement,train,synthetic_movement_0002,4k3/8/8/8/1B6/8/8/4K3 w - - 0 1,white,b4a3,100.0,1.0,1,1,13,legal,piece_movement,
movement_0002,movement_0002,movement,train,synthetic_movement_0002,4k3/8/8/8/1B6/8/8/4K3 w - - 0 1,white,b4a5,100.0,1.0,1,1,13,legal,piece_movement,
movement_0002,movement_0002,movement,train,synthetic_movement_0002,4k3/8/8/8/1B6/8/8/4K3 w - - 0 1,white,b4c3,100.0,1.0,1,1,13,legal,piece_movement,
movement_0002,movement_0002,movement,train,synthetic_movement_0002,4k3/8/8/8/1B6/8/8/4K3 w - - 0 1,white,b4c5,100.0,1.0,1,1,13,legal,piece_movement,
movement_0002,movement_0002,movement,train,synthetic_movement_0002,4k3/8/8/8/1B6/8/8/4K3 w - - 0 1,white,b4d2,100.0,1.0,1,1,13,legal,piece_movement,
movement_0002,movement_0002,movement,train,synthetic_movement_0002,4k3/8/8/8/1B6/8/8/4K3 w - - 0 1,white,b4a1,-100.0,-1.0,0,0,13,illegal,piece_movement,
movement_0002,movement_0002,movement,train,synthetic_movement_0002,4k3/8/8/8/1B6/8/8/4K3 w - - 0 1,white,b4b1,-100.0,-1.0,0,0,13,illegal,piece_movement,
movement_0002,movement_0002,movement,train,synthetic_movement_0002,4k3/8/8/8/1B6/8/8/4K3 w - - 0 1,white,b4c1,-100.0,-1.0,0,0,13,illegal,piece_movement,
movement_0002,movement_0002,movement,train,synthetic_movement_0002,4k3/8/8/8/1B6/8/8/4K3 w - - 0 1,white,b4d1,-100.0,-1.0,0,0,13,illegal,piece_movement,
movement_0002,movement_0002,movement,train,synthetic_movement_0002,4k3/8/8/8/1B6/8/8/4K3 w - - 0 1,white,b4e1,-100.0,-1.0,0,0,13,illegal,piece_movement,
movement_0003,movement_0003,movement,train,synthetic_movement_0003,4k3/8/8/8/1R6/8/8/4K3 w - - 0 1,white,b4a4,100.0,1.0,1,1,19,legal,piece_movement,
movement_0003,movement_0003,movement,train,synthetic_movement_0003,4k3/8/8/8/1R6/8/8/4K3 w - - 0 1,white,b4b1,100.0,1.0,1,1,19,legal,piece_movement,
movement_0003,movement_0003,movement,train,synthetic_movement_0003,4k3/8/8/8/1R6/8/8/4K3 w - - 0 1,white,b4b2,100.0,1.0,1,1,19,legal,piece_movement,
movement_0003,movement_0003,movement,train,synthetic_movement_0003,4k3/8/8/8/1R6/8/8/4K3 w - - 0 1,white,b4b3,100.0,1.0,1,1,19,legal,piece_movement,
movement_0003,movement_0003,movement,train,synthetic_movement_0003,4k3/8/8/8/1R6/8/8/4K3 w - - 0 1,white,b4b5,100.0,1.0,1,1,19,legal,piece_movement,
movement_0003,movement_0003,movement,train,synthetic_movement_0003,4k3/8/8/8/1R6/8/8/4K3 w - - 0 1,white,b4a1,-100.0,-1.0,0,0,19,illegal,piece_movement,
movement_0003,movement_0003,movement,train,synthetic_movement_0003,4k3/8/8/8/1R6/8/8/4K3 w - - 0 1,white,b4c1,-100.0,-1.0,0,0,19,illegal,piece_movement,
movement_0003,movement_0003,movement,train,synthetic_movement_0003,4k3/8/8/8/1R6/8/8/4K3 w - - 0 1,white,b4d1,-100.0,-1.0,0,0,19,illegal,piece_movement,
movement_0003,movement_0003,movement,train,synthetic_movement_0003,4k3/8/8/8/1R6/8/8/4K3 w - - 0 1,white,b4e1,-100.0,-1.0,0,0,19,illegal,piece_movement,
movement_0003,movement_0003,movement,train,synthetic_movement_0003,4k3/8/8/8/1R6/8/8/4K3 w - - 0 1,white,b4f1,-100.0,-1.0,0,0,19,illegal,piece_movement,
movement_0004,movement_0004,movement,train,synthetic_movement_0004,4k3/6Q1/8/8/8/8/8/4K3 w - - 0 1,white,g7a1,100.0,1.0,1,1,28,legal,piece_movement,
movement_0004,movement_0004,movement,train,synthetic_movement_0004,4k3/6Q1/8/8/8/8/8/4K3 w - - 0 1,white,g7a7,100.0,1.0,1,1,28,legal,piece_movement,
movement_0004,movement_0004,movement,train,synthetic_movement_0004,4k3/6Q1/8/8/8/8/8/4K3 w - - 0 1,white,g7b2,100.0,1.0,1,1,28,legal,piece_movement,
movement_0004,movement_0004,movement,train,synthetic_movement_0004,4k3/6Q1/8/8/8/8/8/4K3 w - - 0 1,white,g7b7,100.0,1.0,1,1,28,legal,piece_movement,
movement_0004,movement_0004,movement,train,synthetic_movement_0004,4k3/6Q1/8/8/8/8/8/4K3 w - - 0 1,white,g7c3,100.0,1.0,1,1,28,legal,piece_movement,
movement_0004,movement_0004,movement,train,synthetic_movement_0004,4k3/6Q1/8/8/8/8/8/4K3 w - - 0 1,white,g7b1,-100.0,-1.0,0,0,28,illegal,piece_movement,
movement_0004,movement_0004,movement,train,synthetic_movement_0004,4k3/6Q1/8/8/8/8/8/4K3 w - - 0 1,white,g7c1,-100.0,-1.0,0,0,28,illegal,piece_movement,
movement_0004,movement_0004,movement,train,synthetic_movement_0004,4k3/6Q1/8/8/8/8/8/4K3 w - - 0 1,white,g7d1,-100.0,-1.0,0,0,28,illegal,piece_movement,
movement_0004,movement_0004,movement,train,synthetic_movement_0004,4k3/6Q1/8/8/8/8/8/4K3 w - - 0 1,white,g7e1,-100.0,-1.0,0,0,28,illegal,piece_movement,
movement_0004,movement_0004,movement,train,synthetic_movement_0004,4k3/6Q1/8/8/8/8/8/4K3 w - - 0 1,white,g7f1,-100.0,-1.0,0,0,28,illegal,piece_movement,
movement_0005,movement_0005,movement,train,synthetic_movement_0005,4k3/8/8/8/8/8/8/1K2K3 w - - 0 1,white,b1a1,100.0,1.0,1,1,10,legal,piece_movement,
movement_0005,movement_0005,movement,train,synthetic_movement_0005,4k3/8/8/8/8/8/8/1K2K3 w - - 0 1,white,b1a2,100.0,1.0,1,1,10,legal,piece_movement,
movement_0005,movement_0005,movement,train,synthetic_movement_0005,4k3/8/8/8/8/8/8/1K2K3 w - - 0 1,white,b1b2,100.0,1.0,1,1,10,legal,piece_movement,
movement_0005,movement_0005,movement,train,synthetic_movement_0005,4k3/8/8/8/8/8/8/1K2K3 w - - 0 1,white,b1c1,100.0,1.0,1,1,10,legal,piece_movement,
movement_0005,movement_0005,movement,train,synthetic_movement_0005,4k3/8/8/8/8/8/8/1K2K3 w - - 0 1,white,b1c2,100.0,1.0,1,1,10,legal,piece_movement,
movement_0005,movement_0005,movement,train,synthetic_movement_0005,4k3/8/8/8/8/8/8/1K2K3 w - - 0 1,white,b1d1,-100.0,-1.0,0,0,10,illegal,piece_movement,
movement_0005,movement_0005,movement,train,synthetic_movement_0005,4k3/8/8/8/8/8/8/1K2K3 w - - 0 1,white,b1e1,-100.0,-1.0,0,0,10,illegal,piece_movement,
movement_0005,movement_0005,movement,train,synthetic_movement_0005,4k3/8/8/8/8/8/8/1K2K3 w - - 0 1,white,b1f1,-100.0,-1.0,0,0,10,illegal,piece_movement,
movement_0005,movement_0005,movement,train,synthetic_movement_0005,4k3/8/8/8/8/8/8/1K2K3 w - - 0 1,white,b1g1,-100.0,-1.0,0,0,10,illegal,piece_movement,
movement_0005,movement_0005,movement,train,synthetic_movement_0005,4k3/8/8/8/8/8/8/1K2K3 w - - 0 1,white,b1h1,-100.0,-1.0,0,0,10,illegal,piece_movement,
movement_0006,movement_0006,movement,train,synthetic_movement_0006,4k3/8/8/8/8/1p6/8/4K3 b - - 0 1,black,b3b2,100.0,1.0,1,1,6,legal,piece_movement,
movement_0006,movement_0006,movement,train,synthetic_movement_0006,4k3/8/8/8/8/1p6/8/4K3 b - - 0 1,black,b3a1,-100.0,-1.0,0,0,6,illegal,piece_movement,
movement_0006,movement_0006,movement,train,synthetic_movement_0006,4k3/8/8/8/8/1p6/8/4K3 b - - 0 1,black,b3b1,-100.0,-1.0,0,0,6,illegal,piece_movement,
movement_0006,movement_0006,movement,train,synthetic_movement_0006,4k3/8/8/8/8/1p6/8/4K3 b - - 0 1,black,b3c1,-100.0,-1.0,0,0,6,illegal,piece_movement,
movement_0006,movement_0006,movement,train,synthetic_movement_0006,4k3/8/8/8/8/1p6/8/4K3 b - - 0 1,black,b3d1,-100.0,-1.0,0,0,6,illegal,piece_movement,
movement_0006,movement_0006,movement,train,synthetic_movement_0006,4k3/8/8/8/8/1p6/8/4K3 b - - 0 1,black,b3e1,-100.0,-1.0,0,0,6,illegal,piece_movement,
movement_0007,movement_0007,movement,train,synthetic_movement_0007,4k3/8/n7/8/8/8/8/4K3 b - - 0 1,black,a6b4,100.0,1.0,1,1,9,legal,piece_movement,
movement_0007,movement_0007,movement,train,synthetic_movement_0007,4k3/8/n7/8/8/8/8/4K3 b - - 0 1,black,a6b8,100.0,1.0,1,1,9,legal,piece_movement,
movement_0007,movement_0007,movement,train,synthetic_movement_0007,4k3/8/n7/8/8/8/8/4K3 b - - 0 1,black,a6c5,100.0,1.0,1,1,9,legal,piece_movement,
movement_0007,movement_0007,movement,train,synthetic_movement_0007,4k3/8/n7/8/8/8/8/4K3 b - - 0 1,black,a6c7,100.0,1.0,1,1,9,legal,piece_movement,
movement_0007,movement_0007,movement,train,synthetic_movement_0007,4k3/8/n7/8/8/8/8/4K3 b - - 0 1,black,a6a1,-100.0,-1.0,0,0,9,illegal,piece_movement,
movement_0007,movement_0007,movement,train,synthetic_movement_0007,4k3/8/n7/8/8/8/8/4K3 b - - 0 1,black,a6b1,-100.0,-1.0,0,0,9,illegal,piece_movement,
movement_0007,movement_0007,movement,train,synthetic_movement_0007,4k3/8/n7/8/8/8/8/4K3 b - - 0 1,black,a6c1,-100.0,-1.0,0,0,9,illegal,piece_movement,
movement_0007,movement_0007,movement,train,synthetic_movement_0007,4k3/8/n7/8/8/8/8/4K3 b - - 0 1,black,a6d1,-100.0,-1.0,0,0,9,illegal,piece_movement,
movement_0007,movement_0007,movement,train,synthetic_movement_0007,4k3/8/n7/8/8/8/8/4K3 b - - 0 1,black,a6e1,-100.0,-1.0,0,0,9,illegal,piece_movement,
movement_0008,movement_0008,movement,train,synthetic_movement_0008,4k3/8/8/b7/8/8/8/4K3 b - - 0 1,black,a5b4,100.0,1.0,1,1,12,legal,piece_movement,
movement_0008,movement_0008,movement,train,synthetic_movement_0008,4k3/8/8/b7/8/8/8/4K3 b - - 0 1,black,a5b6,100.0,1.0,1,1,12,legal,piece_movement,
movement_0008,movement_0008,movement,train,synthetic_movement_0008,4k3/8/8/b7/8/8/8/4K3 b - - 0 1,black,a5c3,100.0,1.0,1,1,12,legal,piece_movement,
movement_0008,movement_0008,movement,train,synthetic_movement_0008,4k3/8/8/b7/8/8/8/4K3 b - - 0 1,black,a5c7,100.0,1.0,1,1,12,legal,piece_movement,
movement_0008,movement_0008,movement,train,synthetic_movement_0008,4k3/8/8/b7/8/8/8/4K3 b - - 0 1,black,a5d2,100.0,1.0,1,1,12,legal,piece_movement,
movement_0008,movement_0008,movement,train,synthetic_movement_0008,4k3/8/8/b7/8/8/8/4K3 b - - 0 1,black,a5a1,-100.0,-1.0,0,0,12,illegal,piece_movement,
movement_0008,movement_0008,movement,train,synthetic_movement_0008,4k3/8/8/b7/8/8/8/4K3 b - - 0 1,black,a5b1,-100.0,-1.0,0,0,12,illegal,piece_movement,
movement_0008,movement_0008,movement,train,synthetic_movement_0008,4k3/8/8/b7/8/8/8/4K3 b - - 0 1,black,a5c1,-100.0,-1.0,0,0,12,illegal,piece_movement,
movement_0008,movement_0008,movement,train,synthetic_movement_0008,4k3/8/8/b7/8/8/8/4K3 b - - 0 1,black,a5d1,-100.0,-1.0,0,0,12,illegal,piece_movement,
movement_0008,movement_0008,movement,train,synthetic_movement_0008,4k3/8/8/b7/8/8/8/4K3 b - - 0 1,black,a5f1,-100.0,-1.0,0,0,12,illegal,piece_movement,
movement_0009,movement_0009,movement,train,synthetic_movement_0009,4k3/8/8/8/8/2r5/8/4K3 b - - 0 1,black,c3a3,100.0,1.0,1,1,19,legal,piece_movement,
movement_0009,movement_0009,movement,train,synthetic_movement_0009,4k3/8/8/8/8/2r5/8/4K3 b - - 0 1,black,c3b3,100.0,1.0,1,1,19,legal,piece_movement,
movement_0009,movement_0009,movement,train,synthetic_movement_0009,4k3/8/8/8/8/2r5/8/4K3 b - - 0 1,black,c3c1,100.0,1.0,1,1,19,legal,piece_movement,
movement_0009,movement_0009,movement,train,synthetic_movement_0009,4k3/8/8/8/8/2r5/8/4K3 b - - 0 1,black,c3c2,100.0,1.0,1,1,19,legal,piece_movement,
movement_0009,movement_0009,movement,train,synthetic_movement_0009,4k3/8/8/8/8/2r5/8/4K3 b - - 0 1,black,c3c4,100.0,1.0,1,1,19,legal,piece_movement,
movement_0009,movement_0009,movement,train,synthetic_movement_0009,4k3/8/8/8/8/2r5/8/4K3 b - - 0 1,black,c3a1,-100.0,-1.0,0,0,19,illegal,piece_movement,
movement_0009,movement_0009,movement,train,synthetic_movement_0009,4k3/8/8/8/8/2r5/8/4K3 b - - 0 1,black,c3b1,-100.0,-1.0,0,0,19,illegal,piece_movement,
movement_0009,movement_0009,movement,train,synthetic_movement_0009,4k3/8/8/8/8/2r5/8/4K3 b - - 0 1,black,c3d1,-100.0,-1.0,0,0,19,illegal,piece_movement,
movement_0009,movement_0009,movement,train,synthetic_movement_0009,4k3/8/8/8/8/2r5/8/4K3 b - - 0 1,black,c3e1,-100.0,-1.0,0,0,19,illegal,piece_movement,
movement_0009,movement_0009,movement,train,synthetic_movement_0009,4k3/8/8/8/8/2r5/8/4K3 b - - 0 1,black,c3f1,-100.0,-1.0,0,0,19,illegal,piece_movement,
movement_0010,movement_0010,movement,train,synthetic_movement_0010,4k2q/8/8/8/8/8/8/4K3 b - - 0 1,black,h8a1,100.0,1.0,1,1,21,legal,piece_movement,
movement_0010,movement_0010,movement,train,synthetic_movement_0010,4k2q/8/8/8/8/8/8/4K3 b - - 0 1,black,h8b2,100.0,1.0,1,1,21,legal,piece_movement,
movement_0010,movement_0010,movement,train,synthetic_movement_0010,4k2q/8/8/8/8/8/8/4K3 b - - 0 1,black,h8c3,100.0,1.0,1,1,21,legal,piece_movement,
movement_0010,movement_0010,movement,train,synthetic_movement_0010,4k2q/8/8/8/8/8/8/4K3 b - - 0 1,black,h8d4,100.0,1.0,1,1,21,legal,piece_movement,
movement_0010,movement_0010,movement,train,synthetic_movement_0010,4k2q/8/8/8/8/8/8/4K3 b - - 0 1,black,h8e5,100.0,1.0,1,1,21,legal,piece_movement,
movement_0010,movement_0010,movement,train,synthetic_movement_0010,4k2q/8/8/8/8/8/8/4K3 b - - 0 1,black,h8b1,-100.0,-1.0,0,0,21,illegal,piece_movement,
movement_0010,movement_0010,movement,train,synthetic_movement_0010,4k2q/8/8/8/8/8/8/4K3 b - - 0 1,black,h8c1,-100.0,-1.0,0,0,21,illegal,piece_movement,
movement_0010,movement_0010,movement,train,synthetic_movement_0010,4k2q/8/8/8/8/8/8/4K3 b - - 0 1,black,h8d1,-100.0,-1.0,0,0,21,illegal,piece_movement,
movement_0010,movement_0010,movement,train,synthetic_movement_0010,4k2q/8/8/8/8/8/8/4K3 b - - 0 1,black,h8e1,-100.0,-1.0,0,0,21,illegal,piece_movement,
movement_0010,movement_0010,movement,train,synthetic_movement_0010,4k2q/8/8/8/8/8/8/4K3 b - - 0 1,black,h8f1,-100.0,-1.0,0,0,21,illegal,piece_movement,
movement_0011,movement_0011,movement,train,synthetic_movement_0011,4k3/8/6k1/8/8/8/8/4K3 b - - 0 1,black,g6f5,100.0,1.0,1,1,13,legal,piece_movement,
movement_0011,movement_0011,movement,train,synthetic_movement_0011,4k3/8/6k1/8/8/8/8/4K3 b - - 0 1,black,g6f6,100.0,1.0,1,1,13,legal,piece_movement,
movement_0011,movement_0011,movement,train,synthetic_movement_0011,4k3/8/6k1/8/8/8/8/4K3 b - - 0 1,black,g6f7,100.0,1.0,1,1,13,legal,piece_movement,
movement_0011,movement_0011,movement,train,synthetic_movement_0011,4k3/8/6k1/8/8/8/8/4K3 b - - 0 1,black,g6g5,100.0,1.0,1,1,13,legal,piece_movement,
movement_0011,movement_0011,movement,train,synthetic_movement_0011,4k3/8/6k1/8/8/8/8/4K3 b - - 0 1,black,g6g7,100.0,1.0,1,1,13,legal,piece_movement,
movement_0011,movement_0011,movement,train,synthetic_movement_0011,4k3/8/6k1/8/8/8/8/4K3 b - - 0 1,black,g6a1,-100.0,-1.0,0,0,13,illegal,piece_movement,
movement_0011,movement_0011,movement,train,synthetic_movement_0011,4k3/8/6k1/8/8/8/8/4K3 b - - 0 1,black,g6b1,-100.0,-1.0,0,0,13,illegal,piece_movement,
movement_0011,movement_0011,movement,train,synthetic_movement_0011,4k3/8/6k1/8/8/8/8/4K3 b - - 0 1,black,g6c1,-100.0,-1.0,0,0,13,illegal,piece_movement,
movement_0011,movement_0011,movement,train,synthetic_movement_0011,4k3/8/6k1/8/8/8/8/4K3 b - - 0 1,black,g6d1,-100.0,-1.0,0,0,13,illegal,piece_movement,
movement_0011,movement_0011,movement,train,synthetic_movement_0011,4k3/8/6k1/8/8/8/8/4K3 b - - 0 1,black,g6e1,-100.0,-1.0,0,0,13,illegal,piece_movement,
movement_0012,movement_0012,movement,train,synthetic_movement_0012,4k3/8/8/8/8/8/1P6/4K3 w - - 0 1,white,b2b3,100.0,1.0,1,1,7,legal,piece_movement,
movement_0012,movement_0012,movement,train,synthetic_movement_0012,4k3/8/8/8/8/8/1P6/4K3 w - - 0 1,white,b2b4,100.0,1.0,1,1,7,legal,piece_movement,
movement_0012,movement_0012,movement,train,synthetic_movement_0012,4k3/8/8/8/8/8/1P6/4K3 w - - 0 1,white,b2a1,-100.0,-1.0,0,0,7,illegal,piece_movement,
movement_0012,movement_0012,movement,train,synthetic_movement_0012,4k3/8/8/8/8/8/1P6/4K3 w - - 0 1,white,b2b1,-100.0,-1.0,0,0,7,illegal,piece_movement,
movement_0012,movement_0012,movement,train,synthetic_movement_0012,4k3/8/8/8/8/8/1P6/4K3 w - - 0 1,white,b2c1,-100.0,-1.0,0,0,7,illegal,piece_movement,
movement_0012,movement_0012,movement,train,synthetic_movement_0012,4k3/8/8/8/8/8/1P6/4K3 w - - 0 1,white,b2d1,-100.0,-1.0,0,0,7,illegal,piece_movement,
movement_0012,movement_0012,movement,train,synthetic_movement_0012,4k3/8/8/8/8/8/1P6/4K3 w - - 0 1,white,b2e1,-100.0,-1.0,0,0,7,illegal,piece_movement,
movement_0013,movement_0013,movement,train,synthetic_movement_0013,4k3/8/8/8/8/8/5N2/4K3 w - - 0 1,white,f2d1,100.0,1.0,1,1,10,legal,piece_movement,
movement_0013,movement_0013,movement,train,synthetic_movement_0013,4k3/8/8/8/8/8/5N2/4K3 w - - 0 1,white,f2d3,100.0,1.0,1,1,10,legal,piece_movement,
movement_0013,movement_0013,movement,train,synthetic_movement_0013,4k3/8/8/8/8/8/5N2/4K3 w - - 0 1,white,f2e4,100.0,1.0,1,1,10,legal,piece_movement,
movement_0013,movement_0013,movement,train,synthetic_movement_0013,4k3/8/8/8/8/8/5N2/4K3 w - - 0 1,white,f2g4,100.0,1.0,1,1,10,legal,piece_movement,
movement_0013,movement_0013,movement,train,synthetic_movement_0013,4k3/8/8/8/8/8/5N2/4K3 w - - 0 1,white,f2h1,100.0,1.0,1,1,10,legal,piece_movement,
movement_0013,movement_0013,movement,train,synthetic_movement_0013,4k3/8/8/8/8/8/5N2/4K3 w - - 0 1,white,f2a1,-100.0,-1.0,0,0,10,illegal,piece_movement,
movement_0013,movement_0013,movement,train,synthetic_movement_0013,4k3/8/8/8/8/8/5N2/4K3 w - - 0 1,white,f2b1,-100.0,-1.0,0,0,10,illegal,piece_movement,
movement_0013,movement_0013,movement,train,synthetic_movement_0013,4k3/8/8/8/8/8/5N2/4K3 w - - 0 1,white,f2c1,-100.0,-1.0,0,0,10,illegal,piece_movement,
movement_0013,movement_0013,movement,train,synthetic_movement_0013,4k3/8/8/8/8/8/5N2/4K3 w - - 0 1,white,f2e1,-100.0,-1.0,0,0,10,illegal,piece_movement,
movement_0013,movement_0013,movement,train,synthetic_movement_0013,4k3/8/8/8/8/8/5N2/4K3 w - - 0 1,white,f2f1,-100.0,-1.0,0,0,10,illegal,piece_movement,
movement_0014,movement_0014,movement,train,synthetic_movement_0014,4k3/8/8/8/7B/8/8/4K3 w - - 0 1,white,h4d8,100.0,1.0,1,1,11,legal,piece_movement,
movement_0014,movement_0014,movement,train,synthetic_movement_0014,4k3/8/8/8/7B/8/8/4K3 w - - 0 1,white,h4e7,100.0,1.0,1,1,11,legal,piece_movement,
movement_0014,movement_0014,movement,train,synthetic_movement_0014,4k3/8/8/8/7B/8/8/4K3 w - - 0 1,white,h4f2,100.0,1.0,1,1,11,legal,piece_movement,
movement_0014,movement_0014,movement,train,synthetic_movement_0014,4k3/8/8/8/7B/8/8/4K3 w - - 0 1,white,h4f6,100.0,1.0,1,1,11,legal,piece_movement,
movement_0014,movement_0014,movement,train,synthetic_movement_0014,4k3/8/8/8/7B/8/8/4K3 w - - 0 1,white,h4g3,100.0,1.0,1,1,11,legal,piece_movement,
movement_0014,movement_0014,movement,train,synthetic_movement_0014,4k3/8/8/8/7B/8/8/4K3 w - - 0 1,white,h4a1,-100.0,-1.0,0,0,11,illegal,piece_movement,
movement_0014,movement_0014,movement,train,synthetic_movement_0014,4k3/8/8/8/7B/8/8/4K3 w - - 0 1,white,h4b1,-100.0,-1.0,0,0,11,illegal,piece_movement,
movement_0014,movement_0014,movement,train,synthetic_movement_0014,4k3/8/8/8/7B/8/8/4K3 w - - 0 1,white,h4c1,-100.0,-1.0,0,0,11,illegal,piece_movement,
movement_0014,movement_0014,movement,train,synthetic_movement_0014,4k3/8/8/8/7B/8/8/4K3 w - - 0 1,white,h4d1,-100.0,-1.0,0,0,11,illegal,piece_movement,
movement_0014,movement_0014,movement,train,synthetic_movement_0014,4k3/8/8/8/7B/8/8/4K3 w - - 0 1,white,h4e1,-100.0,-1.0,0,0,11,illegal,piece_movement,
movement_0015,movement_0015,movement,train,synthetic_movement_0015,4k3/7R/8/8/8/8/8/4K3 w - - 0 1,white,h7a7,100.0,1.0,1,1,19,legal,piece_movement,
movement_0015,movement_0015,movement,train,synthetic_movement_0015,4k3/7R/8/8/8/8/8/4K3 w - - 0 1,white,h7b7,100.0,1.0,1,1,19,legal,piece_movement,
movement_0015,movement_0015,movement,train,synthetic_movement_0015,4k3/7R/8/8/8/8/8/4K3 w - - 0 1,white,h7c7,100.0,1.0,1,1,19,legal,piece_movement,
movement_0015,movement_0015,movement,train,synthetic_movement_0015,4k3/7R/8/8/8/8/8/4K3 w - - 0 1,white,h7d7,100.0,1.0,1,1,19,legal,piece_movement,
movement_0015,movement_0015,movement,train,synthetic_movement_0015,4k3/7R/8/8/8/8/8/4K3 w - - 0 1,white,h7e7,100.0,1.0,1,1,19,legal,piece_movement,
movement_0015,movement_0015,movement,train,synthetic_movement_0015,4k3/7R/8/8/8/8/8/4K3 w - - 0 1,white,h7a1,-100.0,-1.0,0,0,19,illegal,piece_movement,
movement_0015,movement_0015,movement,train,synthetic_movement_0015,4k3/7R/8/8/8/8/8/4K3 w - - 0 1,white,h7b1,-100.0,-1.0,0,0,19,illegal,piece_movement,
movement_0015,movement_0015,movement,train,synthetic_movement_0015,4k3/7R/8/8/8/8/8/4K3 w - - 0 1,white,h7c1,-100.0,-1.0,0,0,19,illegal,piece_movement,
movement_0015,movement_0015,movement,train,synthetic_movement_0015,4k3/7R/8/8/8/8/8/4K3 w - - 0 1,white,h7d1,-100.0,-1.0,0,0,19,illegal,piece_movement,
movement_0015,movement_0015,movement,train,synthetic_movement_0015,4k3/7R/8/8/8/8/8/4K3 w - - 0 1,white,h7e1,-100.0,-1.0,0,0,19,illegal,piece_movement,
movement_0016,movement_0016,movement,train,synthetic_movement_0016,4k3/2Q5/8/8/8/8/8/4K3 w - - 0 1,white,c7a5,100.0,1.0,1,1,28,legal,piece_movement,
movement_0016,movement_0016,movement,train,synthetic_movement_0016,4k3/2Q5/8/8/8/8/8/4K3 w - - 0 1,white,c7a7,100.0,1.0,1,1,28,legal,piece_movement,
movement_0016,movement_0016,movement,train,synthetic_movement_0016,4k3/2Q5/8/8/8/8/8/4K3 w - - 0 1,white,c7b6,100.0,1.0,1,1,28,legal,piece_movement,
movement_0016,movement_0016,movement,train,synthetic_movement_0016,4k3/2Q5/8/8/8/8/8/4K3 w - - 0 1,white,c7b7,100.0,1.0,1,1,28,legal,piece_movement,
movement_0016,movement_0016,movement,train,synthetic_movement_0016,4k3/2Q5/8/8/8/8/8/4K3 w - - 0 1,white,c7b8,100.0,1.0,1,1,28,legal,piece_movement,
movement_0016,movement_0016,movement,train,synthetic_movement_0016,4k3/2Q5/8/8/8/8/8/4K3 w - - 0 1,white,c7a1,-100.0,-1.0,0,0,28,illegal,piece_movement,
movement_0016,movement_0016,movement,train,synthetic_movement_0016,4k3/2Q5/8/8/8/8/8/4K3 w - - 0 1,white,c7b1,-100.0,-1.0,0,0,28,illegal,piece_movement,
movement_0016,movement_0016,movement,train,synthetic_movement_0016,4k3/2Q5/8/8/8/8/8/4K3 w - - 0 1,white,c7d1,-100.0,-1.0,0,0,28,illegal,piece_movement,
movement_0016,movement_0016,movement,train,synthetic_movement_0016,4k3/2Q5/8/8/8/8/8/4K3 w - - 0 1,white,c7e1,-100.0,-1.0,0,0,28,illegal,piece_movement,
movement_0016,movement_0016,movement,train,synthetic_movement_0016,4k3/2Q5/8/8/8/8/8/4K3 w - - 0 1,white,c7f1,-100.0,-1.0,0,0,28,illegal,piece_movement,
movement_0017,movement_0017,movement,train,synthetic_movement_0017,4k3/8/8/1K6/8/8/8/4K3 w - - 0 1,white,b5a4,100.0,1.0,1,1,13,legal,piece_movement,
movement_0017,movement_0017,movement,train,synthetic_movement_0017,4k3/8/8/1K6/8/8/8/4K3 w - - 0 1,white,b5a5,100.0,1.0,1,1,13,legal,piece_movement,
movement_0017,movement_0017,movement,train,synthetic_movement_0017,4k3/8/8/1K6/8/8/8/4K3 w - - 0 1,white,b5a6,100.0,1.0,1,1,13,legal,piece_movement,
movement_0017,movement_0017,movement,train,synthetic_movement_0017,4k3/8/8/1K6/8/8/8/4K3 w - - 0 1,white,b5b4,100.0,1.0,1,1,13,legal,piece_movement,
movement_0017,movement_0017,movement,train,synthetic_movement_0017,4k3/8/8/1K6/8/8/8/4K3 w - - 0 1,white,b5b6,100.0,1.0,1,1,13,legal,piece_movement,
movement_0017,movement_0017,movement,train,synthetic_movement_0017,4k3/8/8/1K6/8/8/8/4K3 w - - 0 1,white,b5a1,-100.0,-1.0,0,0,13,illegal,piece_movement,
movement_0017,movement_0017,movement,train,synthetic_movement_0017,4k3/8/8/1K6/8/8/8/4K3 w - - 0 1,white,b5b1,-100.0,-1.0,0,0,13,illegal,piece_movement,
movement_0017,movement_0017,movement,train,synthetic_movement_0017,4k3/8/8/1K6/8/8/8/4K3 w - - 0 1,white,b5c1,-100.0,-1.0,0,0,13,illegal,piece_movement,
movement_0017,movement_0017,movement,train,synthetic_movement_0017,4k3/8/8/1K6/8/8/8/4K3 w - - 0 1,white,b5d1,-100.0,-1.0,0,0,13,illegal,piece_movement,
movement_0017,movement_0017,movement,train,synthetic_movement_0017,4k3/8/8/1K6/8/8/8/4K3 w - - 0 1,white,b5e1,-100.0,-1.0,0,0,13,illegal,piece_movement,
movement_0018,movement_0018,movement,train,synthetic_movement_0018,4k3/8/8/6p1/8/8/8/4K3 b - - 0 1,black,g5g4,100.0,1.0,1,1,6,legal,piece_movement,
movement_0018,movement_0018,movement,train,synthetic_movement_0018,4k3/8/8/6p1/8/8/8/4K3 b - - 0 1,black,g5a1,-100.0,-1.0,0,0,6,illegal,piece_movement,
movement_0018,movement_0018,movement,train,synthetic_movement_0018,4k3/8/8/6p1/8/8/8/4K3 b - - 0 1,black,g5b1,-100.0,-1.0,0,0,6,illegal,piece_movement,
movement_0018,movement_0018,movement,train,synthetic_movement_0018,4k3/8/8/6p1/8/8/8/4K3 b - - 0 1,black,g5c1,-100.0,-1.0,0,0,6,illegal,piece_movement,
movement_0018,movement_0018,movement,train,synthetic_movement_0018,4k3/8/8/6p1/8/8/8/4K3 b - - 0 1,black,g5d1,-100.0,-1.0,0,0,6,illegal,piece_movement,
movement_0018,movement_0018,movement,train,synthetic_movement_0018,4k3/8/8/6p1/8/8/8/4K3 b - - 0 1,black,g5e1,-100.0,-1.0,0,0,6,illegal,piece_movement,
movement_0019,movement_0019,movement,train,synthetic_movement_0019,4k3/8/8/8/n7/8/8/4K3 b - - 0 1,black,a4b2,100.0,1.0,1,1,9,legal,piece_movement,
movement_0019,movement_0019,movement,train,synthetic_movement_0019,4k3/8/8/8/n7/8/8/4K3 b - - 0 1,black,a4b6,100.0,1.0,1,1,9,legal,piece_movement,
movement_0019,movement_0019,movement,train,synthetic_movement_0019,4k3/8/8/8/n7/8/8/4K3 b - - 0 1,black,a4c3,100.0,1.0,1,1,9,legal,piece_movement,
movement_0019,movement_0019,movement,train,synthetic_movement_0019,4k3/8/8/8/n7/8/8/4K3 b - - 0 1,black,a4c5,100.0,1.0,1,1,9,legal,piece_movement,
movement_0019,movement_0019,movement,train,synthetic_movement_0019,4k3/8/8/8/n7/8/8/4K3 b - - 0 1,black,a4a1,-100.0,-1.0,0,0,9,illegal,piece_movement,
movement_0019,movement_0019,movement,train,synthetic_movement_0019,4k3/8/8/8/n7/8/8/4K3 b - - 0 1,black,a4b1,-100.0,-1.0,0,0,9,illegal,piece_movement,
movement_0019,movement_0019,movement,train,synthetic_movement_0019,4k3/8/8/8/n7/8/8/4K3 b - - 0 1,black,a4c1,-100.0,-1.0,0,0,9,illegal,piece_movement,
movement_0019,movement_0019,movement,train,synthetic_movement_0019,4k3/8/8/8/n7/8/8/4K3 b - - 0 1,black,a4d1,-100.0,-1.0,0,0,9,illegal,piece_movement,
movement_0019,movement_0019,movement,train,synthetic_movement_0019,4k3/8/8/8/n7/8/8/4K3 b - - 0 1,black,a4e1,-100.0,-1.0,0,0,9,illegal,piece_movement,
movement_0020,movement_0020,movement,train,synthetic_movement_0020,4k3/8/8/8/5b2/8/8/4K3 b - - 0 1,black,f4b8,100.0,1.0,1,1,16,legal,piece_movement,
movement_0020,movement_0020,movement,train,synthetic_movement_0020,4k3/8/8/8/5b2/8/8/4K3 b - - 0 1,black,f4c1,100.0,1.0,1,1,16,legal,piece_movement,
movement_0020,movement_0020,movement,train,synthetic_movement_0020,4k3/8/8/8/5b2/8/8/4K3 b - - 0 1,black,f4c7,100.0,1.0,1,1,16,legal,piece_movement,
movement_0020,movement_0020,movement,train,synthetic_movement_0020,4k3/8/8/8/5b2/8/8/4K3 b - - 0 1,black,f4d2,100.0,1.0,1,1,16,legal,piece_movement,
movement_0020,movement_0020,movement,train,synthetic_movement_0020,4k3/8/8/8/5b2/8/8/4K3 b - - 0 1,black,f4d6,100.0,1.0,1,1,16,legal,piece_movement,
movement_0020,movement_0020,movement,train,synthetic_movement_0020,4k3/8/8/8/5b2/8/8/4K3 b - - 0 1,black,f4a1,-100.0,-1.0,0,0,16,illegal,piece_movement,
movement_0020,movement_0020,movement,train,synthetic_movement_0020,4k3/8/8/8/5b2/8/8/4K3 b - - 0 1,black,f4b1,-100.0,-1.0,0,0,16,illegal,piece_movement,
movement_0020,movement_0020,movement,train,synthetic_movement_0020,4k3/8/8/8/5b2/8/8/4K3 b - - 0 1,black,f4d1,-100.0,-1.0,0,0,16,illegal,piece_movement,
movement_0020,movement_0020,movement,train,synthetic_movement_0020,4k3/8/8/8/5b2/8/8/4K3 b - - 0 1,black,f4e1,-100.0,-1.0,0,0,16,illegal,piece_movement,
movement_0020,movement_0020,movement,train,synthetic_movement_0020,4k3/8/8/8/5b2/8/8/4K3 b - - 0 1,black,f4f1,-100.0,-1.0,0,0,16,illegal,piece_movement,
movement_0021,movement_0021,movement,train,synthetic_movement_0021,4k3/8/8/8/8/8/8/4K2r b - - 0 1,black,h1e1,100.0,1.0,1,1,15,legal,piece_movement,
movement_0021,movement_0021,movement,train,synthetic_movement_0021,4k3/8/8/8/8/8/8/4K2r b - - 0 1,black,h1f1,100.0,1.0,1,1,15,legal,piece_movement,
movement_0021,movement_0021,movement,train,synthetic_movement_0021,4k3/8/8/8/8/8/8/4K2r b - - 0 1,black,h1g1,100.0,1.0,1,1,15,legal,piece_movement,
movement_0021,movement_0021,movement,train,synthetic_movement_0021,4k3/8/8/8/8/8/8/4K2r b - - 0 1,black,h1h2,100.0,1.0,1,1,15,legal,piece_movement,
movement_0021,movement_0021,movement,train,synthetic_movement_0021,4k3/8/8/8/8/8/8/4K2r b - - 0 1,black,h1h3,100.0,1.0,1,1,15,legal,piece_movement,
movement_0021,movement_0021,movement,train,synthetic_movement_0021,4k3/8/8/8/8/8/8/4K2r b - - 0 1,black,h1a1,-100.0,-1.0,0,0,15,illegal,piece_movement,
movement_0021,movement_0021,movement,train,synthetic_movement_0021,4k3/8/8/8/8/8/8/4K2r b - - 0 1,black,h1b1,-100.0,-1.0,0,0,15,illegal,piece_movement,
movement_0021,movement_0021,movement,train,synthetic_movement_0021,4k3/8/8/8/8/8/8/4K2r b - - 0 1,black,h1c1,-100.0,-1.0,0,0,15,illegal,piece_movement,
movement_0021,movement_0021,movement,train,synthetic_movement_0021,4k3/8/8/8/8/8/8/4K2r b - - 0 1,black,h1d1,-100.0,-1.0,0,0,15,illegal,piece_movement,
movement_0021,movement_0021,movement,train,synthetic_movement_0021,4k3/8/8/8/8/8/8/4K2r b - - 0 1,black,h1a2,-100.0,-1.0,0,0,15,illegal,piece_movement,
movement_0022,movement_0022,movement,train,synthetic_movement_0022,4k3/8/5q2/8/8/8/8/4K3 b - - 0 1,black,f6a1,100.0,1.0,1,1,30,legal,piece_movement,
movement_0022,movement_0022,movement,train,synthetic_movement_0022,4k3/8/5q2/8/8/8/8/4K3 b - - 0 1,black,f6a6,100.0,1.0,1,1,30,legal,piece_movement,
movement_0022,movement_0022,movement,train,synthetic_movement_0022,4k3/8/5q2/8/8/8/8/4K3 b - - 0 1,black,f6b2,100.0,1.0,1,1,30,legal,piece_movement,
movement_0022,movement_0022,movement,train,synthetic_movement_0022,4k3/8/5q2/8/8/8/8/4K3 b - - 0 1,black,f6b6,100.0,1.0,1,1,30,legal,piece_movement,
movement_0022,movement_0022,movement,train,synthetic_movement_0022,4k3/8/5q2/8/8/8/8/4K3 b - - 0 1,black,f6c3,100.0,1.0,1,1,30,legal,piece_movement,
movement_0022,movement_0022,movement,train,synthetic_movement_0022,4k3/8/5q2/8/8/8/8/4K3 b - - 0 1,black,f6b1,-100.0,-1.0,0,0,30,illegal,piece_movement,
movement_0022,movement_0022,movement,train,synthetic_movement_0022,4k3/8/5q2/8/8/8/8/4K3 b - - 0 1,black,f6c1,-100.0,-1.0,0,0,30,illegal,piece_movement,
movement_0022,movement_0022,movement,train,synthetic_movement_0022,4k3/8/5q2/8/8/8/8/4K3 b - - 0 1,black,f6d1,-100.0,-1.0,0,0,30,illegal,piece_movement,
movement_0022,movement_0022,movement,train,synthetic_movement_0022,4k3/8/5q2/8/8/8/8/4K3 b - - 0 1,black,f6e1,-100.0,-1.0,0,0,30,illegal,piece_movement,
movement_0022,movement_0022,movement,train,synthetic_movement_0022,4k3/8/5q2/8/8/8/8/4K3 b - - 0 1,black,f6g1,-100.0,-1.0,0,0,30,illegal,piece_movement,
movement_0023,movement_0023,movement,train,synthetic_movement_0023,4k3/8/k7/8/8/8/8/4K3 b - - 0 1,black,a6a5,100.0,1.0,1,1,10,legal,piece_movement,
movement_0023,movement_0023,movement,train,synthetic_movement_0023,4k3/8/k7/8/8/8/8/4K3 b - - 0 1,black,a6a7,100.0,1.0,1,1,10,legal,piece_movement,
movement_0023,movement_0023,movement,train,synthetic_movement_0023,4k3/8/k7/8/8/8/8/4K3 b - - 0 1,black,a6b5,100.0,1.0,1,1,10,legal,piece_movement,
movement_0023,movement_0023,movement,train,synthetic_movement_0023,4k3/8/k7/8/8/8/8/4K3 b - - 0 1,black,a6b6,100.0,1.0,1,1,10,legal,piece_movement,
movement_0023,movement_0023,movement,train,synthetic_movement_0023,4k3/8/k7/8/8/8/8/4K3 b - - 0 1,black,a6b7,100.0,1.0,1,1,10,legal,piece_movement,
movement_0023,movement_0023,movement,train,synthetic_movement_0023,4k3/8/k7/8/8/8/8/4K3 b - - 0 1,black,a6a1,-100.0,-1.0,0,0,10,illegal,piece_movement,
movement_0023,movement_0023,movement,train,synthetic_movement_0023,4k3/8/k7/8/8/8/8/4K3 b - - 0 1,black,a6b1,-100.0,-1.0,0,0,10,illegal,piece_movement,
movement_0023,movement_0023,movement,train,synthetic_movement_0023,4k3/8/k7/8/8/8/8/4K3 b - - 0 1,black,a6c1,-100.0,-1.0,0,0,10,illegal,piece_movement,
movement_0023,movement_0023,movement,train,synthetic_movement_0023,4k3/8/k7/8/8/8/8/4K3 b - - 0 1,black,a6d1,-100.0,-1.0,0,0,10,illegal,piece_movement,
movement_0023,movement_0023,movement,train,synthetic_movement_0023,4k3/8/k7/8/8/8/8/4K3 b - - 0 1,black,a6e1,-100.0,-1.0,0,0,10,illegal,piece_movement,
movement_0024,movement_0024,movement,train,synthetic_movement_0024,4k3/8/8/8/8/8/7P/4K3 w - - 0 1,white,h2h3,100.0,1.0,1,1,7,legal,piece_movement,
movement_0024,movement_0024,movement,train,synthetic_movement_0024,4k3/8/8/8/8/8/7P/4K3 w - - 0 1,white,h2h4,100.0,1.0,1,1,7,legal,piece_movement,
movement_0024,movement_0024,movement,train,synthetic_movement_0024,4k3/8/8/8/8/8/7P/4K3 w - - 0 1,white,h2a1,-100.0,-1.0,0,0,7,illegal,piece_movement,
movement_0024,movement_0024,movement,train,synthetic_movement_0024,4k3/8/8/8/8/8/7P/4K3 w - - 0 1,white,h2b1,-100.0,-1.0,0,0,7,illegal,piece_movement,
movement_0024,movement_0024,movement,train,synthetic_movement_0024,4k3/8/8/8/8/8/7P/4K3 w - - 0 1,white,h2c1,-100.0,-1.0,0,0,7,illegal,piece_movement,
movement_0024,movement_0024,movement,train,synthetic_movement_0024,4k3/8/8/8/8/8/7P/4K3 w - - 0 1,white,h2d1,-100.0,-1.0,0,0,7,illegal,piece_movement,
movement_0024,movement_0024,movement,train,synthetic_movement_0024,4k3/8/8/8/8/8/7P/4K3 w - - 0 1,white,h2e1,-100.0,-1.0,0,0,7,illegal,piece_movement,
movement_0025,movement_0025,movement,train,synthetic_movement_0025,2N1k3/8/8/8/8/8/8/4K3 w - - 0 1,white,c8a7,100.0,1.0,1,1,9,legal,piece_movement,
movement_0025,movement_0025,movement,train,synthetic_movement_0025,2N1k3/8/8/8/8/8/8/4K3 w - - 0 1,white,c8b6,100.0,1.0,1,1,9,legal,piece_movement,
movement_0025,movement_0025,movement,train,synthetic_movement_0025,2N1k3/8/8/8/8/8/8/4K3 w - - 0 1,white,c8d6,100.0,1.0,1,1,9,legal,piece_movement,
movement_0025,movement_0025,movement,train,synthetic_movement_0025,2N1k3/8/8/8/8/8/8/4K3 w - - 0 1,white,c8e7,100.0,1.0,1,1,9,legal,piece_movement,
movement_0025,movement_0025,movement,train,synthetic_movement_0025,2N1k3/8/8/8/8/8/8/4K3 w - - 0 1,white,c8a1,-100.0,-1.0,0,0,9,illegal,piece_movement,
movement_0025,movement_0025,movement,train,synthetic_movement_0025,2N1k3/8/8/8/8/8/8/4K3 w - - 0 1,white,c8b1,-100.0,-1.0,0,0,9,illegal,piece_movement,
movement_0025,movement_0025,movement,train,synthetic_movement_0025,2N1k3/8/8/8/8/8/8/4K3 w - - 0 1,white,c8c1,-100.0,-1.0,0,0,9,illegal,piece_movement,
movement_0025,movement_0025,movement,train,synthetic_movement_0025,2N1k3/8/8/8/8/8/8/4K3 w - - 0 1,white,c8d1,-100.0,-1.0,0,0,9,illegal,piece_movement,
movement_0025,movement_0025,movement,train,synthetic_movement_0025,2N1k3/8/8/8/8/8/8/4K3 w - - 0 1,white,c8e1,-100.0,-1.0,0,0,9,illegal,piece_movement,
movement_0026,movement_0026,movement,train,synthetic_movement_0026,4k3/8/8/8/8/8/1B6/4K3 w - - 0 1,white,b2a1,100.0,1.0,1,1,14,legal,piece_movement,
movement_0026,movement_0026,movement,train,synthetic_movement_0026,4k3/8/8/8/8/8/1B6/4K3 w - - 0 1,white,b2a3,100.0,1.0,1,1,14,legal,piece_movement,
movement_0026,movement_0026,movement,train,synthetic_movement_0026,4k3/8/8/8/8/8/1B6/4K3 w - - 0 1,white,b2c1,100.0,1.0,1,1,14,legal,piece_movement,
movement_0026,movement_0026,movement,train,synthetic_movement_0026,4k3/8/8/8/8/8/1B6/4K3 w - - 0 1,white,b2c3,100.0,1.0,1,1,14,legal,piece_movement,
movement_0026,movement_0026,movement,train,synthetic_movement_0026,4k3/8/8/8/8/8/1B6/4K3 w - - 0 1,white,b2d4,100.0,1.0,1,1,14,legal,piece_movement,
movement_0026,movement_0026,movement,train,synthetic_movement_0026,4k3/8/8/8/8/8/1B6/4K3 w - - 0 1,white,b2b1,-100.0,-1.0,0,0,14,illegal,piece_movement,
movement_0026,movement_0026,movement,train,synthetic_movement_0026,4k3/8/8/8/8/8/1B6/4K3 w - - 0 1,white,b2d1,-100.0,-1.0,0,0,14,illegal,piece_movement,
movement_0026,movement_0026,movement,train,synthetic_movement_0026,4k3/8/8/8/8/8/1B6/4K3 w - - 0 1,white,b2e1,-100.0,-1.0,0,0,14,illegal,piece_movement,
movement_0026,movement_0026,movement,train,synthetic_movement_0026,4k3/8/8/8/8/8/1B6/4K3 w - - 0 1,white,b2f1,-100.0,-1.0,0,0,14,illegal,piece_movement,
movement_0026,movement_0026,movement,train,synthetic_movement_0026,4k3/8/8/8/8/8/1B6/4K3 w - - 0 1,white,b2g1,-100.0,-1.0,0,0,14,illegal,piece_movement,
movement_0027,movement_0027,movement,train,synthetic_movement_0027,4k3/8/8/8/8/7R/8/4K3 w - - 0 1,white,h3a3,100.0,1.0,1,1,19,legal,piece_movement,
movement_0027,movement_0027,movement,train,synthetic_movement_0027,4k3/8/8/8/8/7R/8/4K3 w - - 0 1,white,h3b3,100.0,1.0,1,1,19,legal,piece_movement,
movement_0027,movement_0027,movement,train,synthetic_movement_0027,4k3/8/8/8/8/7R/8/4K3 w - - 0 1,white,h3c3,100.0,1.0,1,1,19,legal,piece_movement,
movement_0027,movement_0027,movement,train,synthetic_movement_0027,4k3/8/8/8/8/7R/8/4K3 w - - 0 1,white,h3d3,100.0,1.0,1,1,19,legal,piece_movement,
movement_0027,movement_0027,movement,train,synthetic_movement_0027,4k3/8/8/8/8/7R/8/4K3 w - - 0 1,white,h3e3,100.0,1.0,1,1,19,legal,piece_movement,
movement_0027,movement_0027,movement,train,synthetic_movement_0027,4k3/8/8/8/8/7R/8/4K3 w - - 0 1,white,h3a1,-100.0,-1.0,0,0,19,illegal,piece_movement,
movement_0027,movement_0027,movement,train,synthetic_movement_0027,4k3/8/8/8/8/7R/8/4K3 w - - 0 1,white,h3b1,-100.0,-1.0,0,0,19,illegal,piece_movement,
movement_0027,movement_0027,movement,train,synthetic_movement_0027,4k3/8/8/8/8/7R/8/4K3 w - - 0 1,white,h3c1,-100.0,-1.0,0,0,19,illegal,piece_movement,
movement_0027,movement_0027,movement,train,synthetic_movement_0027,4k3/8/8/8/8/7R/8/4K3 w - - 0 1,white,h3d1,-100.0,-1.0,0,0,19,illegal,piece_movement,
movement_0027,movement_0027,movement,train,synthetic_movement_0027,4k3/8/8/8/8/7R/8/4K3 w - - 0 1,white,h3e1,-100.0,-1.0,0,0,19,illegal,piece_movement,
movement_0028,movement_0028,movement,train,synthetic_movement_0028,4k3/8/8/8/8/2Q5/8/4K3 w - - 0 1,white,c3a1,100.0,1.0,1,1,29,legal,piece_movement,
movement_0028,movement_0028,movement,train,synthetic_movement_0028,4k3/8/8/8/8/2Q5/8/4K3 w - - 0 1,white,c3a3,100.0,1.0,1,1,29,legal,piece_movement,
movement_0028,movement_0028,movement,train,synthetic_movement_0028,4k3/8/8/8/8/2Q5/8/4K3 w - - 0 1,white,c3a5,100.0,1.0,1,1,29,legal,piece_movement,
movement_0028,movement_0028,movement,train,synthetic_movement_0028,4k3/8/8/8/8/2Q5/8/4K3 w - - 0 1,white,c3b2,100.0,1.0,1,1,29,legal,piece_movement,
movement_0028,movement_0028,movement,train,synthetic_movement_0028,4k3/8/8/8/8/2Q5/8/4K3 w - - 0 1,white,c3b3,100.0,1.0,1,1,29,legal,piece_movement,
movement_0028,movement_0028,movement,train,synthetic_movement_0028,4k3/8/8/8/8/2Q5/8/4K3 w - - 0 1,white,c3b1,-100.0,-1.0,0,0,29,illegal,piece_movement,
movement_0028,movement_0028,movement,train,synthetic_movement_0028,4k3/8/8/8/8/2Q5/8/4K3 w - - 0 1,white,c3d1,-100.0,-1.0,0,0,29,illegal,piece_movement,
movement_0028,movement_0028,movement,train,synthetic_movement_0028,4k3/8/8/8/8/2Q5/8/4K3 w - - 0 1,white,c3e1,-100.0,-1.0,0,0,29,illegal,piece_movement,
movement_0028,movement_0028,movement,train,synthetic_movement_0028,4k3/8/8/8/8/2Q5/8/4K3 w - - 0 1,white,c3f1,-100.0,-1.0,0,0,29,illegal,piece_movement,
movement_0028,movement_0028,movement,train,synthetic_movement_0028,4k3/8/8/8/8/2Q5/8/4K3 w - - 0 1,white,c3g1,-100.0,-1.0,0,0,29,illegal,piece_movement,
movement_0029,movement_0029,movement,train,synthetic_movement_0029,4k3/8/8/8/8/8/8/2K1K3 w - - 0 1,white,c1b1,100.0,1.0,1,1,10,legal,piece_movement,
movement_0029,movement_0029,movement,train,synthetic_movement_0029,4k3/8/8/8/8/8/8/2K1K3 w - - 0 1,white,c1b2,100.0,1.0,1,1,10,legal,piece_movement,
movement_0029,movement_0029,movement,train,synthetic_movement_0029,4k3/8/8/8/8/8/8/2K1K3 w - - 0 1,white,c1c2,100.0,1.0,1,1,10,legal,piece_movement,
movement_0029,movement_0029,movement,train,synthetic_movement_0029,4k3/8/8/8/8/8/8/2K1K3 w - - 0 1,white,c1d1,100.0,1.0,1,1,10,legal,piece_movement,
movement_0029,movement_0029,movement,train,synthetic_movement_0029,4k3/8/8/8/8/8/8/2K1K3 w - - 0 1,white,c1d2,100.0,1.0,1,1,10,legal,piece_movement,
movement_0029,movement_0029,movement,train,synthetic_movement_0029,4k3/8/8/8/8/8/8/2K1K3 w - - 0 1,white,c1a1,-100.0,-1.0,0,0,10,illegal,piece_movement,
movement_0029,movement_0029,movement,train,synthetic_movement_0029,4k3/8/8/8/8/8/8/2K1K3 w - - 0 1,white,c1e1,-100.0,-1.0,0,0,10,illegal,piece_movement,
movement_0029,movement_0029,movement,train,synthetic_movement_0029,4k3/8/8/8/8/8/8/2K1K3 w - - 0 1,white,c1f1,-100.0,-1.0,0,0,10,illegal,piece_movement,
movement_0029,movement_0029,movement,train,synthetic_movement_0029,4k3/8/8/8/8/8/8/2K1K3 w - - 0 1,white,c1g1,-100.0,-1.0,0,0,10,illegal,piece_movement,
movement_0029,movement_0029,movement,train,synthetic_movement_0029,4k3/8/8/8/8/8/8/2K1K3 w - - 0 1,white,c1h1,-100.0,-1.0,0,0,10,illegal,piece_movement,
movement_0030,movement_0030,movement,train,synthetic_movement_0030,4k3/8/8/8/5p2/8/8/4K3 b - - 0 1,black,f4f3,100.0,1.0,1,1,6,legal,piece_movement,
movement_0030,movement_0030,movement,train,synthetic_movement_0030,4k3/8/8/8/5p2/8/8/4K3 b - - 0 1,black,f4a1,-100.0,-1.0,0,0,6,illegal,piece_movement,
movement_0030,movement_0030,movement,train,synthetic_movement_0030,4k3/8/8/8/5p2/8/8/4K3 b - - 0 1,black,f4b1,-100.0,-1.0,0,0,6,illegal,piece_movement,
movement_0030,movement_0030,movement,train,synthetic_movement_0030,4k3/8/8/8/5p2/8/8/4K3 b - - 0 1,black,f4c1,-100.0,-1.0,0,0,6,illegal,piece_movement,
movement_0030,movement_0030,movement,train,synthetic_movement_0030,4k3/8/8/8/5p2/8/8/4K3 b - - 0 1,black,f4d1,-100.0,-1.0,0,0,6,illegal,piece_movement,
movement_0030,movement_0030,movement,train,synthetic_movement_0030,4k3/8/8/8/5p2/8/8/4K3 b - - 0 1,black,f4e1,-100.0,-1.0,0,0,6,illegal,piece_movement,
movement_0031,movement_0031,movement,train,synthetic_movement_0031,4k3/7n/8/8/8/8/8/4K3 b - - 0 1,black,h7f6,100.0,1.0,1,1,8,legal,piece_movement,
movement_0031,movement_0031,movement,train,synthetic_movement_0031,4k3/7n/8/8/8/8/8/4K3 b - - 0 1,black,h7f8,100.0,1.0,1,1,8,legal,piece_movement,
movement_0031,movement_0031,movement,train,synthetic_movement_0031,4k3/7n/8/8/8/8/8/4K3 b - - 0 1,black,h7g5,100.0,1.0,1,1,8,legal,piece_movement,
movement_0031,movement_0031,movement,train,synthetic_movement_0031,4k3/7n/8/8/8/8/8/4K3 b - - 0 1,black,h7a1,-100.0,-1.0,0,0,8,illegal,piece_movement,
movement_0031,movement_0031,movement,train,synthetic_movement_0031,4k3/7n/8/8/8/8/8/4K3 b - - 0 1,black,h7b1,-100.0,-1.0,0,0,8,illegal,piece_movement,
movement_0031,movement_0031,movement,train,synthetic_movement_0031,4k3/7n/8/8/8/8/8/4K3 b - - 0 1,black,h7c1,-100.0,-1.0,0,0,8,illegal,piece_movement,
movement_0031,movement_0031,movement,train,synthetic_movement_0031,4k3/7n/8/8/8/8/8/4K3 b - - 0 1,black,h7d1,-100.0,-1.0,0,0,8,illegal,piece_movement,
movement_0031,movement_0031,movement,train,synthetic_movement_0031,4k3/7n/8/8/8/8/8/4K3 b - - 0 1,black,h7e1,-100.0,-1.0,0,0,8,illegal,piece_movement,
movement_0032,movement_0032,movement,train,synthetic_movement_0032,4k3/8/5b2/8/8/8/8/4K3 b - - 0 1,black,f6a1,100.0,1.0,1,1,16,legal,piece_movement,
movement_0032,movement_0032,movement,train,synthetic_movement_0032,4k3/8/5b2/8/8/8/8/4K3 b - - 0 1,black,f6b2,100.0,1.0,1,1,16,legal,piece_movement,
movement_0032,movement_0032,movement,train,synthetic_movement_0032,4k3/8/5b2/8/8/8/8/4K3 b - - 0 1,black,f6c3,100.0,1.0,1,1,16,legal,piece_movement,
movement_0032,movement_0032,movement,train,synthetic_movement_0032,4k3/8/5b2/8/8/8/8/4K3 b - - 0 1,black,f6d4,100.0,1.0,1,1,16,legal,piece_movement,
movement_0032,movement_0032,movement,train,synthetic_movement_0032,4k3/8/5b2/8/8/8/8/4K3 b - - 0 1,black,f6d8,100.0,1.0,1,1,16,legal,piece_movement,
movement_0032,movement_0032,movement,train,synthetic_movement_0032,4k3/8/5b2/8/8/8/8/4K3 b - - 0 1,black,f6b1,-100.0,-1.0,0,0,16,illegal,piece_movement,
movement_0032,movement_0032,movement,train,synthetic_movement_0032,4k3/8/5b2/8/8/8/8/4K3 b - - 0 1,black,f6c1,-100.0,-1.0,0,0,16,illegal,piece_movement,
movement_0032,movement_0032,movement,train,synthetic_movement_0032,4k3/8/5b2/8/8/8/8/4K3 b - - 0 1,black,f6d1,-100.0,-1.0,0,0,16,illegal,piece_movement,
movement_0032,movement_0032,movement,train,synthetic_movement_0032,4k3/8/5b2/8/8/8/8/4K3 b - - 0 1,black,f6e1,-100.0,-1.0,0,0,16,illegal,piece_movement,
movement_0032,movement_0032,movement,train,synthetic_movement_0032,4k3/8/5b2/8/8/8/8/4K3 b - - 0 1,black,f6f1,-100.0,-1.0,0,0,16,illegal,piece_movement,
movement_0033,movement_0033,movement,train,synthetic_movement_0033,4k3/8/8/8/1r6/8/8/4K3 b - - 0 1,black,b4a4,100.0,1.0,1,1,19,legal,piece_movement,
movement_0033,movement_0033,movement,train,synthetic_movement_0033,4k3/8/8/8/1r6/8/8/4K3 b - - 0 1,black,b4b1,100.0,1.0,1,1,19,legal,piece_movement,
movement_0033,movement_0033,movement,train,synthetic_movement_0033,4k3/8/8/8/1r6/8/8/4K3 b - - 0 1,black,b4b2,100.0,1.0,1,1,19,legal,piece_movement,
movement_0033,movement_0033,movement,train,synthetic_movement_0033,4k3/8/8/8/1r6/8/8/4K3 b - - 0 1,black,b4b3,100.0,1.0,1,1,19,legal,piece_movement,
movement_0033,movement_0033,movement,train,synthetic_movement_0033,4k3/8/8/8/1r6/8/8/4K3 b - - 0 1,black,b4b5,100.0,1.0,1,1,19,legal,piece_movement,
movement_0033,movement_0033,movement,train,synthetic_movement_0033,4k3/8/8/8/1r6/8/8/4K3 b - - 0 1,black,b4a1,-100.0,-1.0,0,0,19,illegal,piece_movement,
movement_0033,movement_0033,movement,train,synthetic_movement_0033,4k3/8/8/8/1r6/8/8/4K3 b - - 0 1,black,b4c1,-100.0,-1.0,0,0,19,illegal,piece_movement,
movement_0033,movement_0033,movement,train,synthetic_movement_0033,4k3/8/8/8/1r6/8/8/4K3 b - - 0 1,black,b4d1,-100.0,-1.0,0,0,19,illegal,piece_movement,
movement_0033,movement_0033,movement,train,synthetic_movement_0033,4k3/8/8/8/1r6/8/8/4K3 b - - 0 1,black,b4e1,-100.0,-1.0,0,0,19,illegal,piece_movement,
movement_0033,movement_0033,movement,train,synthetic_movement_0033,4k3/8/8/8/1r6/8/8/4K3 b - - 0 1,black,b4f1,-100.0,-1.0,0,0,19,illegal,piece_movement,
movement_0034,movement_0034,movement,train,synthetic_movement_0034,4k3/8/8/8/8/6q1/8/4K3 b - - 0 1,black,g3a3,100.0,1.0,1,1,28,legal,piece_movement,
movement_0034,movement_0034,movement,train,synthetic_movement_0034,4k3/8/8/8/8/6q1/8/4K3 b - - 0 1,black,g3b3,100.0,1.0,1,1,28,legal,piece_movement,
movement_0034,movement_0034,movement,train,synthetic_movement_0034,4k3/8/8/8/8/6q1/8/4K3 b - - 0 1,black,g3b8,100.0,1.0,1,1,28,legal,piece_movement,
movement_0034,movement_0034,movement,train,synthetic_movement_0034,4k3/8/8/8/8/6q1/8/4K3 b - - 0 1,black,g3c3,100.0,1.0,1,1,28,legal,piece_movement,
movement_0034,movement_0034,movement,train,synthetic_movement_0034,4k3/8/8/8/8/6q1/8/4K3 b - - 0 1,black,g3c7,100.0,1.0,1,1,28,legal,piece_movement,
movement_0034,movement_0034,movement,train,synthetic_movement_0034,4k3/8/8/8/8/6q1/8/4K3 b - - 0 1,black,g3a1,-100.0,-1.0,0,0,28,illegal,piece_movement,
movement_0034,movement_0034,movement,train,synthetic_movement_0034,4k3/8/8/8/8/6q1/8/4K3 b - - 0 1,black,g3b1,-100.0,-1.0,0,0,28,illegal,piece_movement,
movement_0034,movement_0034,movement,train,synthetic_movement_0034,4k3/8/8/8/8/6q1/8/4K3 b - - 0 1,black,g3c1,-100.0,-1.0,0,0,28,illegal,piece_movement,
movement_0034,movement_0034,movement,train,synthetic_movement_0034,4k3/8/8/8/8/6q1/8/4K3 b - - 0 1,black,g3d1,-100.0,-1.0,0,0,28,illegal,piece_movement,
movement_0034,movement_0034,movement,train,synthetic_movement_0034,4k3/8/8/8/8/6q1/8/4K3 b - - 0 1,black,g3f1,-100.0,-1.0,0,0,28,illegal,piece_movement,
movement_0035,movement_0035,movement,train,synthetic_movement_0035,4k3/2k5/8/8/8/8/8/4K3 b - - 0 1,black,c7b6,100.0,1.0,1,1,13,legal,piece_movement,
movement_0035,movement_0035,movement,train,synthetic_movement_0035,4k3/2k5/8/8/8/8/8/4K3 b - - 0 1,black,c7b7,100.0,1.0,1,1,13,legal,piece_movement,
movement_0035,movement_0035,movement,train,synthetic_movement_0035,4k3/2k5/8/8/8/8/8/4K3 b - - 0 1,black,c7b8,100.0,1.0,1,1,13,legal,piece_movement,
movement_0035,movement_0035,movement,train,synthetic_movement_0035,4k3/2k5/8/8/8/8/8/4K3 b - - 0 1,black,c7c6,100.0,1.0,1,1,13,legal,piece_movement,
movement_0035,movement_0035,movement,train,synthetic_movement_0035,4k3/2k5/8/8/8/8/8/4K3 b - - 0 1,black,c7c8,100.0,1.0,1,1,13,legal,piece_movement,
movement_0035,movement_0035,movement,train,synthetic_movement_0035,4k3/2k5/8/8/8/8/8/4K3 b - - 0 1,black,c7a1,-100.0,-1.0,0,0,13,illegal,piece_movement,
movement_0035,movement_0035,movement,train,synthetic_movement_0035,4k3/2k5/8/8/8/8/8/4K3 b - - 0 1,black,c7b1,-100.0,-1.0,0,0,13,illegal,piece_movement,
movement_0035,movement_0035,movement,train,synthetic_movement_0035,4k3/2k5/8/8/8/8/8/4K3 b - - 0 1,black,c7c1,-100.0,-1.0,0,0,13,illegal,piece_movement,
movement_0035,movement_0035,movement,train,synthetic_movement_0035,4k3/2k5/8/8/8/8/8/4K3 b - - 0 1,black,c7d1,-100.0,-1.0,0,0,13,illegal,piece_movement,
movement_0035,movement_0035,movement,train,synthetic_movement_0035,4k3/2k5/8/8/8/8/8/4K3 b - - 0 1,black,c7e1,-100.0,-1.0,0,0,13,illegal,piece_movement,
movement_0036,movement_0036,movement,train,synthetic_movement_0036,4k3/8/8/8/8/8/5P2/4K3 w - - 0 1,white,f2f3,100.0,1.0,1,1,6,legal,piece_movement,
movement_0036,movement_0036,movement,train,synthetic_movement_0036,4k3/8/8/8/8/8/5P2/4K3 w - - 0 1,white,f2f4,100.0,1.0,1,1,6,legal,piece_movement,
movement_0036,movement_0036,movement,train,synthetic_movement_0036,4k3/8/8/8/8/8/5P2/4K3 w - - 0 1,white,f2a1,-100.0,-1.0,0,0,6,illegal,piece_movement,
movement_0036,movement_0036,movement,train,synthetic_movement_0036,4k3/8/8/8/8/8/5P2/4K3 w - - 0 1,white,f2b1,-100.0,-1.0,0,0,6,illegal,piece_movement,
movement_0036,movement_0036,movement,train,synthetic_movement_0036,4k3/8/8/8/8/8/5P2/4K3 w - - 0 1,white,f2c1,-100.0,-1.0,0,0,6,illegal,piece_movement,
movement_0036,movement_0036,movement,train,synthetic_movement_0036,4k3/8/8/8/8/8/5P2/4K3 w - - 0 1,white,f2d1,-100.0,-1.0,0,0,6,illegal,piece_movement,
movement_0036,movement_0036,movement,train,synthetic_movement_0036,4k3/8/8/8/8/8/5P2/4K3 w - - 0 1,white,f2e1,-100.0,-1.0,0,0,6,illegal,piece_movement,
movement_0037,movement_0037,movement,train,synthetic_movement_0037,4k3/8/8/3N4/8/8/8/4K3 w - - 0 1,white,d5b4,100.0,1.0,1,1,13,legal,piece_movement,
movement_0037,movement_0037,movement,train,synthetic_movement_0037,4k3/8/8/3N4/8/8/8/4K3 w - - 0 1,white,d5b6,100.0,1.0,1,1,13,legal,piece_movement,
movement_0037,movement_0037,movement,train,synthetic_movement_0037,4k3/8/8/3N4/8/8/8/4K3 w - - 0 1,white,d5c3,100.0,1.0,1,1,13,legal,piece_movement,
movement_0037,movement_0037,movement,train,synthetic_movement_0037,4k3/8/8/3N4/8/8/8/4K3 w - - 0 1,white,d5c7,100.0,1.0,1,1,13,legal,piece_movement,
movement_0037,movement_0037,movement,train,synthetic_movement_0037,4k3/8/8/3N4/8/8/8/4K3 w - - 0 1,white,d5e3,100.0,1.0,1,1,13,legal,piece_movement,
movement_0037,movement_0037,movement,train,synthetic_movement_0037,4k3/8/8/3N4/8/8/8/4K3 w - - 0 1,white,d5a1,-100.0,-1.0,0,0,13,illegal,piece_movement,
movement_0037,movement_0037,movement,train,synthetic_movement_0037,4k3/8/8/3N4/8/8/8/4K3 w - - 0 1,white,d5b1,-100.0,-1.0,0,0,13,illegal,piece_movement,
movement_0037,movement_0037,movement,train,synthetic_movement_0037,4k3/8/8/3N4/8/8/8/4K3 w - - 0 1,white,d5c1,-100.0,-1.0,0,0,13,illegal,piece_movement,
movement_0037,movement_0037,movement,train,synthetic_movement_0037,4k3/8/8/3N4/8/8/8/4K3 w - - 0 1,white,d5d1,-100.0,-1.0,0,0,13,illegal,piece_movement,
movement_0037,movement_0037,movement,train,synthetic_movement_0037,4k3/8/8/3N4/8/8/8/4K3 w - - 0 1,white,d5e1,-100.0,-1.0,0,0,13,illegal,piece_movement,
movement_0038,movement_0038,movement,train,synthetic_movement_0038,3Bk3/8/8/8/8/8/8/4K3 w - - 0 1,white,d8a5,100.0,1.0,1,1,12,legal,piece_movement,
movement_0038,movement_0038,movement,train,synthetic_movement_0038,3Bk3/8/8/8/8/8/8/4K3 w - - 0 1,white,d8b6,100.0,1.0,1,1,12,legal,piece_movement,
movement_0038,movement_0038,movement,train,synthetic_movement_0038,3Bk3/8/8/8/8/8/8/4K3 w - - 0 1,white,d8c7,100.0,1.0,1,1,12,legal,piece_movement,
movement_0038,movement_0038,movement,train,synthetic_movement_0038,3Bk3/8/8/8/8/8/8/4K3 w - - 0 1,white,d8e7,100.0,1.0,1,1,12,legal,piece_movement,
movement_0038,movement_0038,movement,train,synthetic_movement_0038,3Bk3/8/8/8/8/8/8/4K3 w - - 0 1,white,d8f6,100.0,1.0,1,1,12,legal,piece_movement,
movement_0038,movement_0038,movement,train,synthetic_movement_0038,3Bk3/8/8/8/8/8/8/4K3 w - - 0 1,white,d8a1,-100.0,-1.0,0,0,12,illegal,piece_movement,
movement_0038,movement_0038,movement,train,synthetic_movement_0038,3Bk3/8/8/8/8/8/8/4K3 w - - 0 1,white,d8b1,-100.0,-1.0,0,0,12,illegal,piece_movement,
movement_0038,movement_0038,movement,train,synthetic_movement_0038,3Bk3/8/8/8/8/8/8/4K3 w - - 0 1,white,d8c1,-100.0,-1.0,0,0,12,illegal,piece_movement,
movement_0038,movement_0038,movement,train,synthetic_movement_0038,3Bk3/8/8/8/8/8/8/4K3 w - - 0 1,white,d8d1,-100.0,-1.0,0,0,12,illegal,piece_movement,
movement_0038,movement_0038,movement,train,synthetic_movement_0038,3Bk3/8/8/8/8/8/8/4K3 w - - 0 1,white,d8e1,-100.0,-1.0,0,0,12,illegal,piece_movement,
movement_0039,movement_0039,movement,train,synthetic_movement_0039,4k3/8/8/8/8/5R2/8/4K3 w - - 0 1,white,f3a3,100.0,1.0,1,1,19,legal,piece_movement,
movement_0039,movement_0039,movement,train,synthetic_movement_0039,4k3/8/8/8/8/5R2/8/4K3 w - - 0 1,white,f3b3,100.0,1.0,1,1,19,legal,piece_movement,
movement_0039,movement_0039,movement,train,synthetic_movement_0039,4k3/8/8/8/8/5R2/8/4K3 w - - 0 1,white,f3c3,100.0,1.0,1,1,19,legal,piece_movement,
movement_0039,movement_0039,movement,train,synthetic_movement_0039,4k3/8/8/8/8/5R2/8/4K3 w - - 0 1,white,f3d3,100.0,1.0,1,1,19,legal,piece_movement,
movement_0039,movement_0039,movement,train,synthetic_movement_0039,4k3/8/8/8/8/5R2/8/4K3 w - - 0 1,white,f3e3,100.0,1.0,1,1,19,legal,piece_movement,
movement_0039,movement_0039,movement,train,synthetic_movement_0039,4k3/8/8/8/8/5R2/8/4K3 w - - 0 1,white,f3a1,-100.0,-1.0,0,0,19,illegal,piece_movement,
movement_0039,movement_0039,movement,train,synthetic_movement_0039,4k3/8/8/8/8/5R2/8/4K3 w - - 0 1,white,f3b1,-100.0,-1.0,0,0,19,illegal,piece_movement,
movement_0039,movement_0039,movement,train,synthetic_movement_0039,4k3/8/8/8/8/5R2/8/4K3 w - - 0 1,white,f3c1,-100.0,-1.0,0,0,19,illegal,piece_movement,
movement_0039,movement_0039,movement,train,synthetic_movement_0039,4k3/8/8/8/8/5R2/8/4K3 w - - 0 1,white,f3d1,-100.0,-1.0,0,0,19,illegal,piece_movement,
movement_0039,movement_0039,movement,train,synthetic_movement_0039,4k3/8/8/8/8/5R2/8/4K3 w - - 0 1,white,f3e1,-100.0,-1.0,0,0,19,illegal,piece_movement,
movement_0040,movement_0040,movement,train,synthetic_movement_0040,4k3/8/8/8/8/1Q6/8/4K3 w - - 0 1,white,b3a2,100.0,1.0,1,1,28,legal,piece_movement,
movement_0040,movement_0040,movement,train,synthetic_movement_0040,4k3/8/8/8/8/1Q6/8/4K3 w - - 0 1,white,b3a3,100.0,1.0,1,1,28,legal,piece_movement,
movement_0040,movement_0040,movement,train,synthetic_movement_0040,4k3/8/8/8/8/1Q6/8/4K3 w - - 0 1,white,b3a4,100.0,1.0,1,1,28,legal,piece_movement,
movement_0040,movement_0040,movement,train,synthetic_movement_0040,4k3/8/8/8/8/1Q6/8/4K3 w - - 0 1,white,b3b1,100.0,1.0,1,1,28,legal,piece_movement,
movement_0040,movement_0040,movement,train,synthetic_movement_0040,4k3/8/8/8/8/1Q6/8/4K3 w - - 0 1,white,b3b2,100.0,1.0,1,1,28,legal,piece_movement,
movement_0040,movement_0040,movement,train,synthetic_movement_0040,4k3/8/8/8/8/1Q6/8/4K3 w - - 0 1,white,b3a1,-100.0,-1.0,0,0,28,illegal,piece_movement,
movement_0040,movement_0040,movement,train,synthetic_movement_0040,4k3/8/8/8/8/1Q6/8/4K3 w - - 0 1,white,b3c1,-100.0,-1.0,0,0,28,illegal,piece_movement,
movement_0040,movement_0040,movement,train,synthetic_movement_0040,4k3/8/8/8/8/1Q6/8/4K3 w - - 0 1,white,b3e1,-100.0,-1.0,0,0,28,illegal,piece_movement,
movement_0040,movement_0040,movement,train,synthetic_movement_0040,4k3/8/8/8/8/1Q6/8/4K3 w - - 0 1,white,b3f1,-100.0,-1.0,0,0,28,illegal,piece_movement,
movement_0040,movement_0040,movement,train,synthetic_movement_0040,4k3/8/8/8/8/1Q6/8/4K3 w - - 0 1,white,b3g1,-100.0,-1.0,0,0,28,illegal,piece_movement,
movement_0041,movement_0041,movement,train,synthetic_movement_0041,4k3/8/8/8/8/8/8/4K1K1 w - - 0 1,white,g1f1,100.0,1.0,1,1,10,legal,piece_movement,
movement_0041,movement_0041,movement,train,synthetic_movement_0041,4k3/8/8/8/8/8/8/4K1K1 w - - 0 1,white,g1f2,100.0,1.0,1,1,10,legal,piece_movement,
movement_0041,movement_0041,movement,train,synthetic_movement_0041,4k3/8/8/8/8/8/8/4K1K1 w - - 0 1,white,g1g2,100.0,1.0,1,1,10,legal,piece_movement,
movement_0041,movement_0041,movement,train,synthetic_movement_0041,4k3/8/8/8/8/8/8/4K1K1 w - - 0 1,white,g1h1,100.0,1.0,1,1,10,legal,piece_movement,
movement_0041,movement_0041,movement,train,synthetic_movement_0041,4k3/8/8/8/8/8/8/4K1K1 w - - 0 1,white,g1h2,100.0,1.0,1,1,10,legal,piece_movement,
movement_0041,movement_0041,movement,train,synthetic_movement_0041,4k3/8/8/8/8/8/8/4K1K1 w - - 0 1,white,g1a1,-100.0,-1.0,0,0,10,illegal,piece_movement,
movement_0041,movement_0041,movement,train,synthetic_movement_0041,4k3/8/8/8/8/8/8/4K1K1 w - - 0 1,white,g1b1,-100.0,-1.0,0,0,10,illegal,piece_movement,
movement_0041,movement_0041,movement,train,synthetic_movement_0041,4k3/8/8/8/8/8/8/4K1K1 w - - 0 1,white,g1c1,-100.0,-1.0,0,0,10,illegal,piece_movement,
movement_0041,movement_0041,movement,train,synthetic_movement_0041,4k3/8/8/8/8/8/8/4K1K1 w - - 0 1,white,g1d1,-100.0,-1.0,0,0,10,illegal,piece_movement,
movement_0041,movement_0041,movement,train,synthetic_movement_0041,4k3/8/8/8/8/8/8/4K1K1 w - - 0 1,white,g1e1,-100.0,-1.0,0,0,10,illegal,piece_movement,
movement_0042,movement_0042,movement,train,synthetic_movement_0042,4k3/8/8/p7/8/8/8/4K3 b - - 0 1,black,a5a4,100.0,1.0,1,1,6,legal,piece_movement,
movement_0042,movement_0042,movement,train,synthetic_movement_0042,4k3/8/8/p7/8/8/8/4K3 b - - 0 1,black,a5a1,-100.0,-1.0,0,0,6,illegal,piece_movement,
movement_0042,movement_0042,movement,train,synthetic_movement_0042,4k3/8/8/p7/8/8/8/4K3 b - - 0 1,black,a5b1,-100.0,-1.0,0,0,6,illegal,piece_movement,
movement_0042,movement_0042,movement,train,synthetic_movement_0042,4k3/8/8/p7/8/8/8/4K3 b - - 0 1,black,a5c1,-100.0,-1.0,0,0,6,illegal,piece_movement,
movement_0042,movement_0042,movement,train,synthetic_movement_0042,4k3/8/8/p7/8/8/8/4K3 b - - 0 1,black,a5d1,-100.0,-1.0,0,0,6,illegal,piece_movement,
movement_0042,movement_0042,movement,train,synthetic_movement_0042,4k3/8/8/p7/8/8/8/4K3 b - - 0 1,black,a5e1,-100.0,-1.0,0,0,6,illegal,piece_movement,
movement_0043,movement_0043,movement,train,synthetic_movement_0043,4k3/8/8/8/8/1n6/8/4K3 b - - 0 1,black,b3a1,100.0,1.0,1,1,11,legal,piece_movement,
movement_0043,movement_0043,movement,train,synthetic_movement_0043,4k3/8/8/8/8/1n6/8/4K3 b - - 0 1,black,b3a5,100.0,1.0,1,1,11,legal,piece_movement,
movement_0043,movement_0043,movement,train,synthetic_movement_0043,4k3/8/8/8/8/1n6/8/4K3 b - - 0 1,black,b3c1,100.0,1.0,1,1,11,legal,piece_movement,
movement_0043,movement_0043,movement,train,synthetic_movement_0043,4k3/8/8/8/8/1n6/8/4K3 b - - 0 1,black,b3c5,100.0,1.0,1,1,11,legal,piece_movement,
movement_0043,movement_0043,movement,train,synthetic_movement_0043,4k3/8/8/8/8/1n6/8/4K3 b - - 0 1,black,b3d2,100.0,1.0,1,1,11,legal,piece_movement,
movement_0043,movement_0043,movement,train,synthetic_movement_0043,4k3/8/8/8/8/1n6/8/4K3 b - - 0 1,black,b3b1,-100.0,-1.0,0,0,11,illegal,piece_movement,
movement_0043,movement_0043,movement,train,synthetic_movement_0043,4k3/8/8/8/8/1n6/8/4K3 b - - 0 1,black,b3d1,-100.0,-1.0,0,0,11,illegal,piece_movement,
movement_0043,movement_0043,movement,train,synthetic_movement_0043,4k3/8/8/8/8/1n6/8/4K3 b - - 0 1,black,b3e1,-100.0,-1.0,0,0,11,illegal,piece_movement,
movement_0043,movement_0043,movement,train,synthetic_movement_0043,4k3/8/8/8/8/1n6/8/4K3 b - - 0 1,black,b3f1,-100.0,-1.0,0,0,11,illegal,piece_movement,
movement_0043,movement_0043,movement,train,synthetic_movement_0043,4k3/8/8/8/8/1n6/8/4K3 b - - 0 1,black,b3g1,-100.0,-1.0,0,0,11,illegal,piece_movement,
movement_0044,movement_0044,movement,train,synthetic_movement_0044,4k3/8/8/8/8/8/4b3/4K3 b - - 0 1,black,e2a6,100.0,1.0,1,1,14,legal,piece_movement,
movement_0044,movement_0044,movement,train,synthetic_movement_0044,4k3/8/8/8/8/8/4b3/4K3 b - - 0 1,black,e2b5,100.0,1.0,1,1,14,legal,piece_movement,
movement_0044,movement_0044,movement,train,synthetic_movement_0044,4k3/8/8/8/8/8/4b3/4K3 b - - 0 1,black,e2c4,100.0,1.0,1,1,14,legal,piece_movement,
movement_0044,movement_0044,movement,train,synthetic_movement_0044,4k3/8/8/8/8/8/4b3/4K3 b - - 0 1,black,e2d1,100.0,1.0,1,1,14,legal,piece_movement,
movement_0044,movement_0044,movement,train,synthetic_movement_0044,4k3/8/8/8/8/8/4b3/4K3 b - - 0 1,black,e2d3,100.0,1.0,1,1,14,legal,piece_movement,
movement_0044,movement_0044,movement,train,synthetic_movement_0044,4k3/8/8/8/8/8/4b3/4K3 b - - 0 1,black,e2a1,-100.0,-1.0,0,0,14,illegal,piece_movement,
movement_0044,movement_0044,movement,train,synthetic_movement_0044,4k3/8/8/8/8/8/4b3/4K3 b - - 0 1,black,e2b1,-100.0,-1.0,0,0,14,illegal,piece_movement,
movement_0044,movement_0044,movement,train,synthetic_movement_0044,4k3/8/8/8/8/8/4b3/4K3 b - - 0 1,black,e2c1,-100.0,-1.0,0,0,14,illegal,piece_movement,
movement_0044,movement_0044,movement,train,synthetic_movement_0044,4k3/8/8/8/8/8/4b3/4K3 b - - 0 1,black,e2e1,-100.0,-1.0,0,0,14,illegal,piece_movement,
movement_0044,movement_0044,movement,train,synthetic_movement_0044,4k3/8/8/8/8/8/4b3/4K3 b - - 0 1,black,e2g1,-100.0,-1.0,0,0,14,illegal,piece_movement,
movement_0045,movement_0045,movement,train,synthetic_movement_0045,4k3/8/8/8/3r4/8/8/4K3 b - - 0 1,black,d4a4,100.0,1.0,1,1,19,legal,piece_movement,
movement_0045,movement_0045,movement,train,synthetic_movement_0045,4k3/8/8/8/3r4/8/8/4K3 b - - 0 1,black,d4b4,100.0,1.0,1,1,19,legal,piece_movement,
movement_0045,movement_0045,movement,train,synthetic_movement_0045,4k3/8/8/8/3r4/8/8/4K3 b - - 0 1,black,d4c4,100.0,1.0,1,1,19,legal,piece_movement,
movement_0045,movement_0045,movement,train,synthetic_movement_0045,4k3/8/8/8/3r4/8/8/4K3 b - - 0 1,black,d4d1,100.0,1.0,1,1,19,legal,piece_movement,
movement_0045,movement_0045,movement,train,synthetic_movement_0045,4k3/8/8/8/3r4/8/8/4K3 b - - 0 1,black,d4d2,100.0,1.0,1,1,19,legal,piece_movement,
movement_0045,movement_0045,movement,train,synthetic_movement_0045,4k3/8/8/8/3r4/8/8/4K3 b - - 0 1,black,d4a1,-100.0,-1.0,0,0,19,illegal,piece_movement,
movement_0045,movement_0045,movement,train,synthetic_movement_0045,4k3/8/8/8/3r4/8/8/4K3 b - - 0 1,black,d4b1,-100.0,-1.0,0,0,19,illegal,piece_movement,
movement_0045,movement_0045,movement,train,synthetic_movement_0045,4k3/8/8/8/3r4/8/8/4K3 b - - 0 1,black,d4c1,-100.0,-1.0,0,0,19,illegal,piece_movement,
movement_0045,movement_0045,movement,train,synthetic_movement_0045,4k3/8/8/8/3r4/8/8/4K3 b - - 0 1,black,d4e1,-100.0,-1.0,0,0,19,illegal,piece_movement,
movement_0045,movement_0045,movement,train,synthetic_movement_0045,4k3/8/8/8/3r4/8/8/4K3 b - - 0 1,black,d4f1,-100.0,-1.0,0,0,19,illegal,piece_movement,
movement_0046,movement_0046,movement,train,synthetic_movement_0046,4k3/8/8/8/8/8/4q3/4K3 b - - 0 1,black,e2a2,100.0,1.0,1,1,27,legal,piece_movement,
movement_0046,movement_0046,movement,train,synthetic_movement_0046,4k3/8/8/8/8/8/4q3/4K3 b - - 0 1,black,e2a6,100.0,1.0,1,1,27,legal,piece_movement,
movement_0046,movement_0046,movement,train,synthetic_movement_0046,4k3/8/8/8/8/8/4q3/4K3 b - - 0 1,black,e2b2,100.0,1.0,1,1,27,legal,piece_movement,
movement_0046,movement_0046,movement,train,synthetic_movement_0046,4k3/8/8/8/8/8/4q3/4K3 b - - 0 1,black,e2b5,100.0,1.0,1,1,27,legal,piece_movement,
movement_0046,movement_0046,movement,train,synthetic_movement_0046,4k3/8/8/8/8/8/4q3/4K3 b - - 0 1,black,e2c2,100.0,1.0,1,1,27,legal,piece_movement,
movement_0046,movement_0046,movement,train,synthetic_movement_0046,4k3/8/8/8/8/8/4q3/4K3 b - - 0 1,black,e2a1,-100.0,-1.0,0,0,27,illegal,piece_movement,
movement_0046,movement_0046,movement,train,synthetic_movement_0046,4k3/8/8/8/8/8/4q3/4K3 b - - 0 1,black,e2b1,-100.0,-1.0,0,0,27,illegal,piece_movement,
movement_0046,movement_0046,movement,train,synthetic_movement_0046,4k3/8/8/8/8/8/4q3/4K3 b - - 0 1,black,e2c1,-100.0,-1.0,0,0,27,illegal,piece_movement,
movement_0046,movement_0046,movement,train,synthetic_movement_0046,4k3/8/8/8/8/8/4q3/4K3 b - - 0 1,black,e2g1,-100.0,-1.0,0,0,27,illegal,piece_movement,
movement_0046,movement_0046,movement,train,synthetic_movement_0046,4k3/8/8/8/8/8/4q3/4K3 b - - 0 1,black,e2h1,-100.0,-1.0,0,0,27,illegal,piece_movement,
movement_0047,movement_0047,movement,train,synthetic_movement_0047,4k3/8/8/8/8/5k2/8/4K3 b - - 0 1,black,f3e2,100.0,1.0,1,1,13,legal,piece_movement,
movement_0047,movement_0047,movement,train,synthetic_movement_0047,4k3/8/8/8/8/5k2/8/4K3 b - - 0 1,black,f3e3,100.0,1.0,1,1,13,legal,piece_movement,
movement_0047,movement_0047,movement,train,synthetic_movement_0047,4k3/8/8/8/8/5k2/8/4K3 b - - 0 1,black,f3e4,100.0,1.0,1,1,13,legal,piece_movement,
movement_0047,movement_0047,movement,train,synthetic_movement_0047,4k3/8/8/8/8/5k2/8/4K3 b - - 0 1,black,f3f2,100.0,1.0,1,1,13,legal,piece_movement,
movement_0047,movement_0047,movement,train,synthetic_movement_0047,4k3/8/8/8/8/5k2/8/4K3 b - - 0 1,black,f3f4,100.0,1.0,1,1,13,legal,piece_movement,
movement_0047,movement_0047,movement,train,synthetic_movement_0047,4k3/8/8/8/8/5k2/8/4K3 b - - 0 1,black,f3a1,-100.0,-1.0,0,0,13,illegal,piece_movement,
movement_0047,movement_0047,movement,train,synthetic_movement_0047,4k3/8/8/8/8/5k2/8/4K3 b - - 0 1,black,f3b1,-100.0,-1.0,0,0,13,illegal,piece_movement,
movement_0047,movement_0047,movement,train,synthetic_movement_0047,4k3/8/8/8/8/5k2/8/4K3 b - - 0 1,black,f3c1,-100.0,-1.0,0,0,13,illegal,piece_movement,
movement_0047,movement_0047,movement,train,synthetic_movement_0047,4k3/8/8/8/8/5k2/8/4K3 b - - 0 1,black,f3d1,-100.0,-1.0,0,0,13,illegal,piece_movement,
movement_0047,movement_0047,movement,train,synthetic_movement_0047,4k3/8/8/8/8/5k2/8/4K3 b - - 0 1,black,f3e1,-100.0,-1.0,0,0,13,illegal,piece_movement,
movement_0049,movement_0049,movement,train,synthetic_movement_0049,4k3/8/8/8/8/8/8/2N1K3 w - - 0 1,white,c1a2,100.0,1.0,1,1,9,legal,piece_movement,
movement_0049,movement_0049,movement,train,synthetic_movement_0049,4k3/8/8/8/8/8/8/2N1K3 w - - 0 1,white,c1b3,100.0,1.0,1,1,9,legal,piece_movement,
movement_0049,movement_0049,movement,train,synthetic_movement_0049,4k3/8/8/8/8/8/8/2N1K3 w - - 0 1,white,c1d3,100.0,1.0,1,1,9,legal,piece_movement,
movement_0049,movement_0049,movement,train,synthetic_movement_0049,4k3/8/8/8/8/8/8/2N1K3 w - - 0 1,white,c1e2,100.0,1.0,1,1,9,legal,piece_movement,
movement_0049,movement_0049,movement,train,synthetic_movement_0049,4k3/8/8/8/8/8/8/2N1K3 w - - 0 1,white,c1a1,-100.0,-1.0,0,0,9,illegal,piece_movement,
movement_0049,movement_0049,movement,train,synthetic_movement_0049,4k3/8/8/8/8/8/8/2N1K3 w - - 0 1,white,c1b1,-100.0,-1.0,0,0,9,illegal,piece_movement,
movement_0049,movement_0049,movement,train,synthetic_movement_0049,4k3/8/8/8/8/8/8/2N1K3 w - - 0 1,white,c1d1,-100.0,-1.0,0,0,9,illegal,piece_movement,
movement_0049,movement_0049,movement,train,synthetic_movement_0049,4k3/8/8/8/8/8/8/2N1K3 w - - 0 1,white,c1e1,-100.0,-1.0,0,0,9,illegal,piece_movement,
movement_0049,movement_0049,movement,train,synthetic_movement_0049,4k3/8/8/8/8/8/8/2N1K3 w - - 0 1,white,c1f1,-100.0,-1.0,0,0,9,illegal,piece_movement,
movement_0050,movement_0050,movement,train,synthetic_movement_0050,4k3/8/8/3B4/8/8/8/4K3 w - - 0 1,white,d5a2,100.0,1.0,1,1,18,legal,piece_movement,
movement_0050,movement_0050,movement,train,synthetic_movement_0050,4k3/8/8/3B4/8/8/8/4K3 w - - 0 1,white,d5a8,100.0,1.0,1,1,18,legal,piece_movement,
movement_0050,movement_0050,movement,train,synthetic_movement_0050,4k3/8/8/3B4/8/8/8/4K3 w - - 0 1,white,d5b3,100.0,1.0,1,1,18,legal,piece_movement,
movement_0050,movement_0050,movement,train,synthetic_movement_0050,4k3/8/8/3B4/8/8/8/4K3 w - - 0 1,white,d5b7,100.0,1.0,1,1,18,legal,piece_movement,
movement_0050,movement_0050,movement,train,synthetic_movement_0050,4k3/8/8/3B4/8/8/8/4K3 w - - 0 1,white,d5c4,100.0,1.0,1,1,18,legal,piece_movement,
movement_0050,movement_0050,movement,train,synthetic_movement_0050,4k3/8/8/3B4/8/8/8/4K3 w - - 0 1,white,d5a1,-100.0,-1.0,0,0,18,illegal,piece_movement,
movement_0050,movement_0050,movement,train,synthetic_movement_0050,4k3/8/8/3B4/8/8/8/4K3 w - - 0 1,white,d5b1,-100.0,-1.0,0,0,18,illegal,piece_movement,
movement_0050,movement_0050,movement,train,synthetic_movement_0050,4k3/8/8/3B4/8/8/8/4K3 w - - 0 1,white,d5c1,-100.0,-1.0,0,0,18,illegal,piece_movement,
movement_0050,movement_0050,movement,train,synthetic_movement_0050,4k3/8/8/3B4/8/8/8/4K3 w - - 0 1,white,d5d1,-100.0,-1.0,0,0,18,illegal,piece_movement,
movement_0050,movement_0050,movement,train,synthetic_movement_0050,4k3/8/8/3B4/8/8/8/4K3 w - - 0 1,white,d5e1,-100.0,-1.0,0,0,18,illegal,piece_movement,
movement_0051,movement_0051,movement,train,synthetic_movement_0051,4k3/8/8/7R/8/8/8/4K3 w - - 0 1,white,h5a5,100.0,1.0,1,1,19,legal,piece_movement,
movement_0051,movement_0051,movement,train,synthetic_movement_0051,4k3/8/8/7R/8/8/8/4K3 w - - 0 1,white,h5b5,100.0,1.0,1,1,19,legal,piece_movement,
movement_0051,movement_0051,movement,train,synthetic_movement_0051,4k3/8/8/7R/8/8/8/4K3 w - - 0 1,white,h5c5,100.0,1.0,1,1,19,legal,piece_movement,
movement_0051,movement_0051,movement,train,synthetic_movement_0051,4k3/8/8/7R/8/8/8/4K3 w - - 0 1,white,h5d5,100.0,1.0,1,1,19,legal,piece_movement,
movement_0051,movement_0051,movement,train,synthetic_movement_0051,4k3/8/8/7R/8/8/8/4K3 w - - 0 1,white,h5e5,100.0,1.0,1,1,19,legal,piece_movement,
movement_0051,movement_0051,movement,train,synthetic_movement_0051,4k3/8/8/7R/8/8/8/4K3 w - - 0 1,white,h5a1,-100.0,-1.0,0,0,19,illegal,piece_movement,
movement_0051,movement_0051,movement,train,synthetic_movement_0051,4k3/8/8/7R/8/8/8/4K3 w - - 0 1,white,h5b1,-100.0,-1.0,0,0,19,illegal,piece_movement,
movement_0051,movement_0051,movement,train,synthetic_movement_0051,4k3/8/8/7R/8/8/8/4K3 w - - 0 1,white,h5c1,-100.0,-1.0,0,0,19,illegal,piece_movement,
movement_0051,movement_0051,movement,train,synthetic_movement_0051,4k3/8/8/7R/8/8/8/4K3 w - - 0 1,white,h5d1,-100.0,-1.0,0,0,19,illegal,piece_movement,
movement_0051,movement_0051,movement,train,synthetic_movement_0051,4k3/8/8/7R/8/8/8/4K3 w - - 0 1,white,h5e1,-100.0,-1.0,0,0,19,illegal,piece_movement,
movement_0052,movement_0052,movement,train,synthetic_movement_0052,3Qk3/8/8/8/8/8/8/4K3 w - - 0 1,white,d8a5,100.0,1.0,1,1,23,legal,piece_movement,
movement_0052,movement_0052,movement,train,synthetic_movement_0052,3Qk3/8/8/8/8/8/8/4K3 w - - 0 1,white,d8a8,100.0,1.0,1,1,23,legal,piece_movement,
movement_0052,movement_0052,movement,train,synthetic_movement_0052,3Qk3/8/8/8/8/8/8/4K3 w - - 0 1,white,d8b6,100.0,1.0,1,1,23,legal,piece_movement,
movement_0052,movement_0052,movement,train,synthetic_movement_0052,3Qk3/8/8/8/8/8/8/4K3 w - - 0 1,white,d8b8,100.0,1.0,1,1,23,legal,piece_movement,
movement_0052,movement_0052,movement,train,synthetic_movement_0052,3Qk3/8/8/8/8/8/8/4K3 w - - 0 1,white,d8c7,100.0,1.0,1,1,23,legal,piece_movement,
movement_0052,movement_0052,movement,train,synthetic_movement_0052,3Qk3/8/8/8/8/8/8/4K3 w - - 0 1,white,d8a1,-100.0,-1.0,0,0,23,illegal,piece_movement,
movement_0052,movement_0052,movement,train,synthetic_movement_0052,3Qk3/8/8/8/8/8/8/4K3 w - - 0 1,white,d8b1,-100.0,-1.0,0,0,23,illegal,piece_movement,
movement_0052,movement_0052,movement,train,synthetic_movement_0052,3Qk3/8/8/8/8/8/8/4K3 w - - 0 1,white,d8c1,-100.0,-1.0,0,0,23,illegal,piece_movement,
movement_0052,movement_0052,movement,train,synthetic_movement_0052,3Qk3/8/8/8/8/8/8/4K3 w - - 0 1,white,d8e1,-100.0,-1.0,0,0,23,illegal,piece_movement,
movement_0052,movement_0052,movement,train,synthetic_movement_0052,3Qk3/8/8/8/8/8/8/4K3 w - - 0 1,white,d8f1,-100.0,-1.0,0,0,23,illegal,piece_movement,
movement_0053,movement_0053,movement,train,synthetic_movement_0053,4k3/8/8/8/8/8/5K2/4K3 w - - 0 1,white,f2e2,100.0,1.0,1,1,11,legal,piece_movement,
movement_0053,movement_0053,movement,train,synthetic_movement_0053,4k3/8/8/8/8/8/5K2/4K3 w - - 0 1,white,f2e3,100.0,1.0,1,1,11,legal,piece_movement,
movement_0053,movement_0053,movement,train,synthetic_movement_0053,4k3/8/8/8/8/8/5K2/4K3 w - - 0 1,white,f2f1,100.0,1.0,1,1,11,legal,piece_movement,
movement_0053,movement_0053,movement,train,synthetic_movement_0053,4k3/8/8/8/8/8/5K2/4K3 w - - 0 1,white,f2f3,100.0,1.0,1,1,11,legal,piece_movement,
movement_0053,movement_0053,movement,train,synthetic_movement_0053,4k3/8/8/8/8/8/5K2/4K3 w - - 0 1,white,f2g1,100.0,1.0,1,1,11,legal,piece_movement,
movement_0053,movement_0053,movement,train,synthetic_movement_0053,4k3/8/8/8/8/8/5K2/4K3 w - - 0 1,white,f2a1,-100.0,-1.0,0,0,11,illegal,piece_movement,
movement_0053,movement_0053,movement,train,synthetic_movement_0053,4k3/8/8/8/8/8/5K2/4K3 w - - 0 1,white,f2b1,-100.0,-1.0,0,0,11,illegal,piece_movement,
movement_0053,movement_0053,movement,train,synthetic_movement_0053,4k3/8/8/8/8/8/5K2/4K3 w - - 0 1,white,f2c1,-100.0,-1.0,0,0,11,illegal,piece_movement,
movement_0053,movement_0053,movement,train,synthetic_movement_0053,4k3/8/8/8/8/8/5K2/4K3 w - - 0 1,white,f2d1,-100.0,-1.0,0,0,11,illegal,piece_movement,
movement_0053,movement_0053,movement,train,synthetic_movement_0053,4k3/8/8/8/8/8/5K2/4K3 w - - 0 1,white,f2e1,-100.0,-1.0,0,0,11,illegal,piece_movement,
movement_0054,movement_0054,movement,train,synthetic_movement_0054,4k3/8/8/8/5p2/8/8/4K3 b - - 0 1,black,f4f3,100.0,1.0,1,1,6,legal,piece_movement,
movement_0054,movement_0054,movement,train,synthetic_movement_0054,4k3/8/8/8/5p2/8/8/4K3 b - - 0 1,black,f4a1,-100.0,-1.0,0,0,6,illegal,piece_movement,
movement_0054,movement_0054,movement,train,synthetic_movement_0054,4k3/8/8/8/5p2/8/8/4K3 b - - 0 1,black,f4b1,-100.0,-1.0,0,0,6,illegal,piece_movement,
movement_0054,movement_0054,movement,train,synthetic_movement_0054,4k3/8/8/8/5p2/8/8/4K3 b - - 0 1,black,f4c1,-100.0,-1.0,0,0,6,illegal,piece_movement,
movement_0054,movement_0054,movement,train,synthetic_movement_0054,4k3/8/8/8/5p2/8/8/4K3 b - - 0 1,black,f4d1,-100.0,-1.0,0,0,6,illegal,piece_movement,
movement_0054,movement_0054,movement,train,synthetic_movement_0054,4k3/8/8/8/5p2/8/8/4K3 b - - 0 1,black,f4e1,-100.0,-1.0,0,0,6,illegal,piece_movement,
movement_0055,movement_0055,movement,train,synthetic_movement_0055,4k3/8/8/8/8/8/n7/4K3 b - - 0 1,black,a2b4,100.0,1.0,1,1,8,legal,piece_movement,
movement_0055,movement_0055,movement,train,synthetic_movement_0055,4k3/8/8/8/8/8/n7/4K3 b - - 0 1,black,a2c1,100.0,1.0,1,1,8,legal,piece_movement,
movement_0055,movement_0055,movement,train,synthetic_movement_0055,4k3/8/8/8/8/8/n7/4K3 b - - 0 1,black,a2c3,100.0,1.0,1,1,8,legal,piece_movement,
movement_0055,movement_0055,movement,train,synthetic_movement_0055,4k3/8/8/8/8/8/n7/4K3 b - - 0 1,black,a2a1,-100.0,-1.0,0,0,8,illegal,piece_movement,
movement_0055,movement_0055,movement,train,synthetic_movement_0055,4k3/8/8/8/8/8/n7/4K3 b - - 0 1,black,a2b1,-100.0,-1.0,0,0,8,illegal,piece_movement,
movement_0055,movement_0055,movement,train,synthetic_movement_0055,4k3/8/8/8/8/8/n7/4K3 b - - 0 1,black,a2d1,-100.0,-1.0,0,0,8,illegal,piece_movement,
movement_0055,movement_0055,movement,train,synthetic_movement_0055,4k3/8/8/8/8/8/n7/4K3 b - - 0 1,black,a2e1,-100.0,-1.0,0,0,8,illegal,piece_movement,
movement_0055,movement_0055,movement,train,synthetic_movement_0055,4k3/8/8/8/8/8/n7/4K3 b - - 0 1,black,a2f1,-100.0,-1.0,0,0,8,illegal,piece_movement,
movement_0056,movement_0056,movement,train,synthetic_movement_0056,4k3/3b4/8/8/8/8/8/4K3 b - - 0 1,black,d7a4,100.0,1.0,1,1,12,legal,piece_movement,
movement_0056,movement_0056,movement,train,synthetic_movement_0056,4k3/3b4/8/8/8/8/8/4K3 b - - 0 1,black,d7b5,100.0,1.0,1,1,12,legal,piece_movement,
movement_0056,movement_0056,movement,train,synthetic_movement_0056,4k3/3b4/8/8/8/8/8/4K3 b - - 0 1,black,d7c6,100.0,1.0,1,1,12,legal,piece_movement,
movement_0056,movement_0056,movement,train,synthetic_movement_0056,4k3/3b4/8/8/8/8/8/4K3 b - - 0 1,black,d7c8,100.0,1.0,1,1,12,legal,piece_movement,
movement_0056,movement_0056,movement,train,synthetic_movement_0056,4k3/3b4/8/8/8/8/8/4K3 b - - 0 1,black,d7e6,100.0,1.0,1,1,12,legal,piece_movement,
movement_0056,movement_0056,movement,train,synthetic_movement_0056,4k3/3b4/8/8/8/8/8/4K3 b - - 0 1,black,d7a1,-100.0,-1.0,0,0,12,illegal,piece_movement,
movement_0056,movement_0056,movement,train,synthetic_movement_0056,4k3/3b4/8/8/8/8/8/4K3 b - - 0 1,black,d7b1,-100.0,-1.0,0,0,12,illegal,piece_movement,
movement_0056,movement_0056,movement,train,synthetic_movement_0056,4k3/3b4/8/8/8/8/8/4K3 b - - 0 1,black,d7c1,-100.0,-1.0,0,0,12,illegal,piece_movement,
movement_0056,movement_0056,movement,train,synthetic_movement_0056,4k3/3b4/8/8/8/8/8/4K3 b - - 0 1,black,d7d1,-100.0,-1.0,0,0,12,illegal,piece_movement,
movement_0056,movement_0056,movement,train,synthetic_movement_0056,4k3/3b4/8/8/8/8/8/4K3 b - - 0 1,black,d7e1,-100.0,-1.0,0,0,12,illegal,piece_movement,
movement_0057,movement_0057,movement,train,synthetic_movement_0057,4k3/8/8/r7/8/8/8/4K3 b - - 0 1,black,a5a1,100.0,1.0,1,1,19,legal,piece_movement,
movement_0057,movement_0057,movement,train,synthetic_movement_0057,4k3/8/8/r7/8/8/8/4K3 b - - 0 1,black,a5a2,100.0,1.0,1,1,19,legal,piece_movement,
movement_0057,movement_0057,movement,train,synthetic_movement_0057,4k3/8/8/r7/8/8/8/4K3 b - - 0 1,black,a5a3,100.0,1.0,1,1,19,legal,piece_movement,
movement_0057,movement_0057,movement,train,synthetic_movement_0057,4k3/8/8/r7/8/8/8/4K3 b - - 0 1,black,a5a4,100.0,1.0,1,1,19,legal,piece_movement,
movement_0057,movement_0057,movement,train,synthetic_movement_0057,4k3/8/8/r7/8/8/8/4K3 b - - 0 1,black,a5a6,100.0,1.0,1,1,19,legal,piece_movement,
movement_0057,movement_0057,movement,train,synthetic_movement_0057,4k3/8/8/r7/8/8/8/4K3 b - - 0 1,black,a5b1,-100.0,-1.0,0,0,19,illegal,piece_movement,
movement_0057,movement_0057,movement,train,synthetic_movement_0057,4k3/8/8/r7/8/8/8/4K3 b - - 0 1,black,a5c1,-100.0,-1.0,0,0,19,illegal,piece_movement,
movement_0057,movement_0057,movement,train,synthetic_movement_0057,4k3/8/8/r7/8/8/8/4K3 b - - 0 1,black,a5d1,-100.0,-1.0,0,0,19,illegal,piece_movement,
movement_0057,movement_0057,movement,train,synthetic_movement_0057,4k3/8/8/r7/8/8/8/4K3 b - - 0 1,black,a5e1,-100.0,-1.0,0,0,19,illegal,piece_movement,
movement_0057,movement_0057,movement,train,synthetic_movement_0057,4k3/8/8/r7/8/8/8/4K3 b - - 0 1,black,a5f1,-100.0,-1.0,0,0,19,illegal,piece_movement,
movement_0058,movement_0058,movement,train,synthetic_movement_0058,4k3/8/8/8/8/6q1/8/4K3 b - - 0 1,black,g3a3,100.0,1.0,1,1,28,legal,piece_movement,
movement_0058,movement_0058,movement,train,synthetic_movement_0058,4k3/8/8/8/8/6q1/8/4K3 b - - 0 1,black,g3b3,100.0,1.0,1,1,28,legal,piece_movement,
movement_0058,movement_0058,movement,train,synthetic_movement_0058,4k3/8/8/8/8/6q1/8/4K3 b - - 0 1,black,g3b8,100.0,1.0,1,1,28,legal,piece_movement,
movement_0058,movement_0058,movement,train,synthetic_movement_0058,4k3/8/8/8/8/6q1/8/4K3 b - - 0 1,black,g3c3,100.0,1.0,1,1,28,legal,piece_movement,
movement_0058,movement_0058,movement,train,synthetic_movement_0058,4k3/8/8/8/8/6q1/8/4K3 b - - 0 1,black,g3c7,100.0,1.0,1,1,28,legal,piece_movement,
movement_0058,movement_0058,movement,train,synthetic_movement_0058,4k3/8/8/8/8/6q1/8/4K3 b - - 0 1,black,g3a1,-100.0,-1.0,0,0,28,illegal,piece_movement,
movement_0058,movement_0058,movement,train,synthetic_movement_0058,4k3/8/8/8/8/6q1/8/4K3 b - - 0 1,black,g3b1,-100.0,-1.0,0,0,28,illegal,piece_movement,
movement_0058,movement_0058,movement,train,synthetic_movement_0058,4k3/8/8/8/8/6q1/8/4K3 b - - 0 1,black,g3c1,-100.0,-1.0,0,0,28,illegal,piece_movement,
movement_0058,movement_0058,movement,train,synthetic_movement_0058,4k3/8/8/8/8/6q1/8/4K3 b - - 0 1,black,g3d1,-100.0,-1.0,0,0,28,illegal,piece_movement,
movement_0058,movement_0058,movement,train,synthetic_movement_0058,4k3/8/8/8/8/6q1/8/4K3 b - - 0 1,black,g3f1,-100.0,-1.0,0,0,28,illegal,piece_movement,
movement_0059,movement_0059,movement,train,synthetic_movement_0059,4k3/8/8/5k2/8/8/8/4K3 b - - 0 1,black,f5e4,100.0,1.0,1,1,13,legal,piece_movement,
movement_0059,movement_0059,movement,train,synthetic_movement_0059,4k3/8/8/5k2/8/8/8/4K3 b - - 0 1,black,f5e5,100.0,1.0,1,1,13,legal,piece_movement,
movement_0059,movement_0059,movement,train,synthetic_movement_0059,4k3/8/8/5k2/8/8/8/4K3 b - - 0 1,black,f5e6,100.0,1.0,1,1,13,legal,piece_movement,
movement_0059,movement_0059,movement,train,synthetic_movement_0059,4k3/8/8/5k2/8/8/8/4K3 b - - 0 1,black,f5f4,100.0,1.0,1,1,13,legal,piece_movement,
movement_0059,movement_0059,movement,train,synthetic_movement_0059,4k3/8/8/5k2/8/8/8/4K3 b - - 0 1,black,f5f6,100.0,1.0,1,1,13,legal,piece_movement,
movement_0059,movement_0059,movement,train,synthetic_movement_0059,4k3/8/8/5k2/8/8/8/4K3 b - - 0 1,black,f5a1,-100.0,-1.0,0,0,13,illegal,piece_movement,
movement_0059,movement_0059,movement,train,synthetic_movement_0059,4k3/8/8/5k2/8/8/8/4K3 b - - 0 1,black,f5b1,-100.0,-1.0,0,0,13,illegal,piece_movement,
movement_0059,movement_0059,movement,train,synthetic_movement_0059,4k3/8/8/5k2/8/8/8/4K3 b - - 0 1,black,f5c1,-100.0,-1.0,0,0,13,illegal,piece_movement,
movement_0059,movement_0059,movement,train,synthetic_movement_0059,4k3/8/8/5k2/8/8/8/4K3 b - - 0 1,black,f5d1,-100.0,-1.0,0,0,13,illegal,piece_movement,
movement_0059,movement_0059,movement,train,synthetic_movement_0059,4k3/8/8/5k2/8/8/8/4K3 b - - 0 1,black,f5e1,-100.0,-1.0,0,0,13,illegal,piece_movement,
movement_0060,movement_0060,movement,train,synthetic_movement_0060,4k3/8/8/8/8/8/7P/4K3 w - - 0 1,white,h2h3,100.0,1.0,1,1,7,legal,piece_movement,
movement_0060,movement_0060,movement,train,synthetic_movement_0060,4k3/8/8/8/8/8/7P/4K3 w - - 0 1,white,h2h4,100.0,1.0,1,1,7,legal,piece_movement,
movement_0060,movement_0060,movement,train,synthetic_movement_0060,4k3/8/8/8/8/8/7P/4K3 w - - 0 1,white,h2a1,-100.0,-1.0,0,0,7,illegal,piece_movement,
movement_0060,movement_0060,movement,train,synthetic_movement_0060,4k3/8/8/8/8/8/7P/4K3 w - - 0 1,white,h2b1,-100.0,-1.0,0,0,7,illegal,piece_movement,
movement_0060,movement_0060,movement,train,synthetic_movement_0060,4k3/8/8/8/8/8/7P/4K3 w - - 0 1,white,h2c1,-100.0,-1.0,0,0,7,illegal,piece_movement,
movement_0060,movement_0060,movement,train,synthetic_movement_0060,4k3/8/8/8/8/8/7P/4K3 w - - 0 1,white,h2d1,-100.0,-1.0,0,0,7,illegal,piece_movement,
movement_0060,movement_0060,movement,train,synthetic_movement_0060,4k3/8/8/8/8/8/7P/4K3 w - - 0 1,white,h2e1,-100.0,-1.0,0,0,7,illegal,piece_movement,
movement_0061,movement_0061,movement,train,synthetic_movement_0061,4k3/8/8/8/8/4N3/8/4K3 w - - 0 1,white,e3c2,100.0,1.0,1,1,13,legal,piece_movement,
movement_0061,movement_0061,movement,train,synthetic_movement_0061,4k3/8/8/8/8/4N3/8/4K3 w - - 0 1,white,e3c4,100.0,1.0,1,1,13,legal,piece_movement,
movement_0061,movement_0061,movement,train,synthetic_movement_0061,4k3/8/8/8/8/4N3/8/4K3 w - - 0 1,white,e3d1,100.0,1.0,1,1,13,legal,piece_movement,
movement_0061,movement_0061,movement,train,synthetic_movement_0061,4k3/8/8/8/8/4N3/8/4K3 w - - 0 1,white,e3d5,100.0,1.0,1,1,13,legal,piece_movement,
movement_0061,movement_0061,movement,train,synthetic_movement_0061,4k3/8/8/8/8/4N3/8/4K3 w - - 0 1,white,e3f1,100.0,1.0,1,1,13,legal,piece_movement,
movement_0061,movement_0061,movement,train,synthetic_movement_0061,4k3/8/8/8/8/4N3/8/4K3 w - - 0 1,white,e3a1,-100.0,-1.0,0,0,13,illegal,piece_movement,
movement_0061,movement_0061,movement,train,synthetic_movement_0061,4k3/8/8/8/8/4N3/8/4K3 w - - 0 1,white,e3b1,-100.0,-1.0,0,0,13,illegal,piece_movement,
movement_0061,movement_0061,movement,train,synthetic_movement_0061,4k3/8/8/8/8/4N3/8/4K3 w - - 0 1,white,e3c1,-100.0,-1.0,0,0,13,illegal,piece_movement,
movement_0061,movement_0061,movement,train,synthetic_movement_0061,4k3/8/8/8/8/4N3/8/4K3 w - - 0 1,white,e3e1,-100.0,-1.0,0,0,13,illegal,piece_movement,
movement_0061,movement_0061,movement,train,synthetic_movement_0061,4k3/8/8/8/8/4N3/8/4K3 w - - 0 1,white,e3g1,-100.0,-1.0,0,0,13,illegal,piece_movement,
movement_0062,movement_0062,movement,train,synthetic_movement_0062,4k3/8/8/4B3/8/8/8/4K3 w - - 0 1,white,e5a1,100.0,1.0,1,1,18,legal,piece_movement,
movement_0062,movement_0062,movement,train,synthetic_movement_0062,4k3/8/8/4B3/8/8/8/4K3 w - - 0 1,white,e5b2,100.0,1.0,1,1,18,legal,piece_movement,
movement_0062,movement_0062,movement,train,synthetic_movement_0062,4k3/8/8/4B3/8/8/8/4K3 w - - 0 1,white,e5b8,100.0,1.0,1,1,18,legal,piece_movement,
movement_0062,movement_0062,movement,train,synthetic_movement_0062,4k3/8/8/4B3/8/8/8/4K3 w - - 0 1,white,e5c3,100.0,1.0,1,1,18,legal,piece_movement,
movement_0062,movement_0062,movement,train,synthetic_movement_0062,4k3/8/8/4B3/8/8/8/4K3 w - - 0 1,white,e5c7,100.0,1.0,1,1,18,legal,piece_movement,
movement_0062,movement_0062,movement,train,synthetic_movement_0062,4k3/8/8/4B3/8/8/8/4K3 w - - 0 1,white,e5b1,-100.0,-1.0,0,0,18,illegal,piece_movement,
movement_0062,movement_0062,movement,train,synthetic_movement_0062,4k3/8/8/4B3/8/8/8/4K3 w - - 0 1,white,e5c1,-100.0,-1.0,0,0,18,illegal,piece_movement,
movement_0062,movement_0062,movement,train,synthetic_movement_0062,4k3/8/8/4B3/8/8/8/4K3 w - - 0 1,white,e5d1,-100.0,-1.0,0,0,18,illegal,piece_movement,
movement_0062,movement_0062,movement,train,synthetic_movement_0062,4k3/8/8/4B3/8/8/8/4K3 w - - 0 1,white,e5e1,-100.0,-1.0,0,0,18,illegal,piece_movement,
movement_0062,movement_0062,movement,train,synthetic_movement_0062,4k3/8/8/4B3/8/8/8/4K3 w - - 0 1,white,e5f1,-100.0,-1.0,0,0,18,illegal,piece_movement,
movement_0063,movement_0063,movement,train,synthetic_movement_0063,4k3/2R5/8/8/8/8/8/4K3 w - - 0 1,white,c7a7,100.0,1.0,1,1,19,legal,piece_movement,
movement_0063,movement_0063,movement,train,synthetic_movement_0063,4k3/2R5/8/8/8/8/8/4K3 w - - 0 1,white,c7b7,100.0,1.0,1,1,19,legal,piece_movement,
movement_0063,movement_0063,movement,train,synthetic_movement_0063,4k3/2R5/8/8/8/8/8/4K3 w - - 0 1,white,c7c1,100.0,1.0,1,1,19,legal,piece_movement,
movement_0063,movement_0063,movement,train,synthetic_movement_0063,4k3/2R5/8/8/8/8/8/4K3 w - - 0 1,white,c7c2,100.0,1.0,1,1,19,legal,piece_movement,
movement_0063,movement_0063,movement,train,synthetic_movement_0063,4k3/2R5/8/8/8/8/8/4K3 w - - 0 1,white,c7c3,100.0,1.0,1,1,19,legal,piece_movement,
movement_0063,movement_0063,movement,train,synthetic_movement_0063,4k3/2R5/8/8/8/8/8/4K3 w - - 0 1,white,c7a1,-100.0,-1.0,0,0,19,illegal,piece_movement,
movement_0063,movement_0063,movement,train,synthetic_movement_0063,4k3/2R5/8/8/8/8/8/4K3 w - - 0 1,white,c7b1,-100.0,-1.0,0,0,19,illegal,piece_movement,
movement_0063,movement_0063,movement,train,synthetic_movement_0063,4k3/2R5/8/8/8/8/8/4K3 w - - 0 1,white,c7d1,-100.0,-1.0,0,0,19,illegal,piece_movement,
movement_0063,movement_0063,movement,train,synthetic_movement_0063,4k3/2R5/8/8/8/8/8/4K3 w - - 0 1,white,c7e1,-100.0,-1.0,0,0,19,illegal,piece_movement,
movement_0063,movement_0063,movement,train,synthetic_movement_0063,4k3/2R5/8/8/8/8/8/4K3 w - - 0 1,white,c7f1,-100.0,-1.0,0,0,19,illegal,piece_movement,
movement_0064,movement_0064,movement,train,synthetic_movement_0064,4k3/8/8/8/1Q6/8/8/4K3 w - - 0 1,white,b4a3,100.0,1.0,1,1,27,legal,piece_movement,
movement_0064,movement_0064,movement,train,synthetic_movement_0064,4k3/8/8/8/1Q6/8/8/4K3 w - - 0 1,white,b4a4,100.0,1.0,1,1,27,legal,piece_movement,
movement_0064,movement_0064,movement,train,synthetic_movement_0064,4k3/8/8/8/1Q6/8/8/4K3 w - - 0 1,white,b4a5,100.0,1.0,1,1,27,legal,piece_movement,
movement_0064,movement_0064,movement,train,synthetic_movement_0064,4k3/8/8/8/1Q6/8/8/4K3 w - - 0 1,white,b4b1,100.0,1.0,1,1,27,legal,piece_movement,
movement_0064,movement_0064,movement,train,synthetic_movement_0064,4k3/8/8/8/1Q6/8/8/4K3 w - - 0 1,white,b4b2,100.0,1.0,1,1,27,legal,piece_movement,
movement_0064,movement_0064,movement,train,synthetic_movement_0064,4k3/8/8/8/1Q6/8/8/4K3 w - - 0 1,white,b4a1,-100.0,-1.0,0,0,27,illegal,piece_movement,
movement_0064,movement_0064,movement,train,synthetic_movement_0064,4k3/8/8/8/1Q6/8/8/4K3 w - - 0 1,white,b4c1,-100.0,-1.0,0,0,27,illegal,piece_movement,
movement_0064,movement_0064,movement,train,synthetic_movement_0064,4k3/8/8/8/1Q6/8/8/4K3 w - - 0 1,white,b4d1,-100.0,-1.0,0,0,27,illegal,piece_movement,
movement_0064,movement_0064,movement,train,synthetic_movement_0064,4k3/8/8/8/1Q6/8/8/4K3 w - - 0 1,white,b4e1,-100.0,-1.0,0,0,27,illegal,piece_movement,
movement_0064,movement_0064,movement,train,synthetic_movement_0064,4k3/8/8/8/1Q6/8/8/4K3 w - - 0 1,white,b4f1,-100.0,-1.0,0,0,27,illegal,piece_movement,
movement_0065,movement_0065,movement,train,synthetic_movement_0065,4k3/8/K7/8/8/8/8/4K3 w - - 0 1,white,a6a5,100.0,1.0,1,1,10,legal,piece_movement,
movement_0065,movement_0065,movement,train,synthetic_movement_0065,4k3/8/K7/8/8/8/8/4K3 w - - 0 1,white,a6a7,100.0,1.0,1,1,10,legal,piece_movement,
movement_0065,movement_0065,movement,train,synthetic_movement_0065,4k3/8/K7/8/8/8/8/4K3 w - - 0 1,white,a6b5,100.0,1.0,1,1,10,legal,piece_movement,
movement_0065,movement_0065,movement,train,synthetic_movement_0065,4k3/8/K7/8/8/8/8/4K3 w - - 0 1,white,a6b6,100.0,1.0,1,1,10,legal,piece_movement,
movement_0065,movement_0065,movement,train,synthetic_movement_0065,4k3/8/K7/8/8/8/8/4K3 w - - 0 1,white,a6b7,100.0,1.0,1,1,10,legal,piece_movement,
movement_0065,movement_0065,movement,train,synthetic_movement_0065,4k3/8/K7/8/8/8/8/4K3 w - - 0 1,white,a6a1,-100.0,-1.0,0,0,10,illegal,piece_movement,
movement_0065,movement_0065,movement,train,synthetic_movement_0065,4k3/8/K7/8/8/8/8/4K3 w - - 0 1,white,a6b1,-100.0,-1.0,0,0,10,illegal,piece_movement,
movement_0065,movement_0065,movement,train,synthetic_movement_0065,4k3/8/K7/8/8/8/8/4K3 w - - 0 1,white,a6c1,-100.0,-1.0,0,0,10,illegal,piece_movement,
movement_0065,movement_0065,movement,train,synthetic_movement_0065,4k3/8/K7/8/8/8/8/4K3 w - - 0 1,white,a6d1,-100.0,-1.0,0,0,10,illegal,piece_movement,
movement_0065,movement_0065,movement,train,synthetic_movement_0065,4k3/8/K7/8/8/8/8/4K3 w - - 0 1,white,a6e1,-100.0,-1.0,0,0,10,illegal,piece_movement,
movement_0066,movement_0066,movement,train,synthetic_movement_0066,4k3/8/8/8/5p2/8/8/4K3 b - - 0 1,black,f4f3,100.0,1.0,1,1,6,legal,piece_movement,
movement_0066,movement_0066,movement,train,synthetic_movement_0066,4k3/8/8/8/5p2/8/8/4K3 b - - 0 1,black,f4a1,-100.0,-1.0,0,0,6,illegal,piece_movement,
movement_0066,movement_0066,movement,train,synthetic_movement_0066,4k3/8/8/8/5p2/8/8/4K3 b - - 0 1,black,f4b1,-100.0,-1.0,0,0,6,illegal,piece_movement,
movement_0066,movement_0066,movement,train,synthetic_movement_0066,4k3/8/8/8/5p2/8/8/4K3 b - - 0 1,black,f4c1,-100.0,-1.0,0,0,6,illegal,piece_movement,
movement_0066,movement_0066,movement,train,synthetic_movement_0066,4k3/8/8/8/5p2/8/8/4K3 b - - 0 1,black,f4d1,-100.0,-1.0,0,0,6,illegal,piece_movement,
movement_0066,movement_0066,movement,train,synthetic_movement_0066,4k3/8/8/8/5p2/8/8/4K3 b - - 0 1,black,f4e1,-100.0,-1.0,0,0,6,illegal,piece_movement,
movement_0067,movement_0067,movement,train,synthetic_movement_0067,4k3/8/7n/8/8/8/8/4K3 b - - 0 1,black,h6f5,100.0,1.0,1,1,9,legal,piece_movement,
movement_0067,movement_0067,movement,train,synthetic_movement_0067,4k3/8/7n/8/8/8/8/4K3 b - - 0 1,black,h6f7,100.0,1.0,1,1,9,legal,piece_movement,
movement_0067,movement_0067,movement,train,synthetic_movement_0067,4k3/8/7n/8/8/8/8/4K3 b - - 0 1,black,h6g4,100.0,1.0,1,1,9,legal,piece_movement,
movement_0067,movement_0067,movement,train,synthetic_movement_0067,4k3/8/7n/8/8/8/8/4K3 b - - 0 1,black,h6g8,100.0,1.0,1,1,9,legal,piece_movement,
movement_0067,movement_0067,movement,train,synthetic_movement_0067,4k3/8/7n/8/8/8/8/4K3 b - - 0 1,black,h6a1,-100.0,-1.0,0,0,9,illegal,piece_movement,
movement_0067,movement_0067,movement,train,synthetic_movement_0067,4k3/8/7n/8/8/8/8/4K3 b - - 0 1,black,h6b1,-100.0,-1.0,0,0,9,illegal,piece_movement,
movement_0067,movement_0067,movement,train,synthetic_movement_0067,4k3/8/7n/8/8/8/8/4K3 b - - 0 1,black,h6c1,-100.0,-1.0,0,0,9,illegal,piece_movement,
movement_0067,movement_0067,movement,train,synthetic_movement_0067,4k3/8/7n/8/8/8/8/4K3 b - - 0 1,black,h6d1,-100.0,-1.0,0,0,9,illegal,piece_movement,
movement_0067,movement_0067,movement,train,synthetic_movement_0067,4k3/8/7n/8/8/8/8/4K3 b - - 0 1,black,h6e1,-100.0,-1.0,0,0,9,illegal,piece_movement,
movement_0068,movement_0068,movement,train,synthetic_movement_0068,4k3/1b6/8/8/8/8/8/4K3 b - - 0 1,black,b7a6,100.0,1.0,1,1,14,legal,piece_movement,
movement_0068,movement_0068,movement,train,synthetic_movement_0068,4k3/1b6/8/8/8/8/8/4K3 b - - 0 1,black,b7a8,100.0,1.0,1,1,14,legal,piece_movement,
movement_0068,movement_0068,movement,train,synthetic_movement_0068,4k3/1b6/8/8/8/8/8/4K3 b - - 0 1,black,b7c6,100.0,1.0,1,1,14,legal,piece_movement,
movement_0068,movement_0068,movement,train,synthetic_movement_0068,4k3/1b6/8/8/8/8/8/4K3 b - - 0 1,black,b7c8,100.0,1.0,1,1,14,legal,piece_movement,
movement_0068,movement_0068,movement,train,synthetic_movement_0068,4k3/1b6/8/8/8/8/8/4K3 b - - 0 1,black,b7d5,100.0,1.0,1,1,14,legal,piece_movement,
movement_0068,movement_0068,movement,train,synthetic_movement_0068,4k3/1b6/8/8/8/8/8/4K3 b - - 0 1,black,b7a1,-100.0,-1.0,0,0,14,illegal,piece_movement,
movement_0068,movement_0068,movement,train,synthetic_movement_0068,4k3/1b6/8/8/8/8/8/4K3 b - - 0 1,black,b7b1,-100.0,-1.0,0,0,14,illegal,piece_movement,
movement_0068,movement_0068,movement,train,synthetic_movement_0068,4k3/1b6/8/8/8/8/8/4K3 b - - 0 1,black,b7c1,-100.0,-1.0,0,0,14,illegal,piece_movement,
movement_0068,movement_0068,movement,train,synthetic_movement_0068,4k3/1b6/8/8/8/8/8/4K3 b - - 0 1,black,b7d1,-100.0,-1.0,0,0,14,illegal,piece_movement,
movement_0068,movement_0068,movement,train,synthetic_movement_0068,4k3/1b6/8/8/8/8/8/4K3 b - - 0 1,black,b7e1,-100.0,-1.0,0,0,14,illegal,piece_movement,
movement_0069,movement_0069,movement,train,synthetic_movement_0069,4k3/6r1/8/8/8/8/8/4K3 b - - 0 1,black,g7a7,100.0,1.0,1,1,19,legal,piece_movement,
movement_0069,movement_0069,movement,train,synthetic_movement_0069,4k3/6r1/8/8/8/8/8/4K3 b - - 0 1,black,g7b7,100.0,1.0,1,1,19,legal,piece_movement,
movement_0069,movement_0069,movement,train,synthetic_movement_0069,4k3/6r1/8/8/8/8/8/4K3 b - - 0 1,black,g7c7,100.0,1.0,1,1,19,legal,piece_movement,
movement_0069,movement_0069,movement,train,synthetic_movement_0069,4k3/6r1/8/8/8/8/8/4K3 b - - 0 1,black,g7d7,100.0,1.0,1,1,19,legal,piece_movement,
movement_0069,movement_0069,movement,train,synthetic_movement_0069,4k3/6r1/8/8/8/8/8/4K3 b - - 0 1,black,g7e7,100.0,1.0,1,1,19,legal,piece_movement,
movement_0069,movement_0069,movement,train,synthetic_movement_0069,4k3/6r1/8/8/8/8/8/4K3 b - - 0 1,black,g7a1,-100.0,-1.0,0,0,19,illegal,piece_movement,
movement_0069,movement_0069,movement,train,synthetic_movement_0069,4k3/6r1/8/8/8/8/8/4K3 b - - 0 1,black,g7b1,-100.0,-1.0,0,0,19,illegal,piece_movement,
movement_0069,movement_0069,movement,train,synthetic_movement_0069,4k3/6r1/8/8/8/8/8/4K3 b - - 0 1,black,g7c1,-100.0,-1.0,0,0,19,illegal,piece_movement,
movement_0069,movement_0069,movement,train,synthetic_movement_0069,4k3/6r1/8/8/8/8/8/4K3 b - - 0 1,black,g7d1,-100.0,-1.0,0,0,19,illegal,piece_movement,
movement_0069,movement_0069,movement,train,synthetic_movement_0069,4k3/6r1/8/8/8/8/8/4K3 b - - 0 1,black,g7e1,-100.0,-1.0,0,0,19,illegal,piece_movement,
movement_0070,movement_0070,movement,train,synthetic_movement_0070,4k2q/8/8/8/8/8/8/4K3 b - - 0 1,black,h8a1,100.0,1.0,1,1,21,legal,piece_movement,
movement_0070,movement_0070,movement,train,synthetic_movement_0070,4k2q/8/8/8/8/8/8/4K3 b - - 0 1,black,h8b2,100.0,1.0,1,1,21,legal,piece_movement,
movement_0070,movement_0070,movement,train,synthetic_movement_0070,4k2q/8/8/8/8/8/8/4K3 b - - 0 1,black,h8c3,100.0,1.0,1,1,21,legal,piece_movement,
movement_0070,movement_0070,movement,train,synthetic_movement_0070,4k2q/8/8/8/8/8/8/4K3 b - - 0 1,black,h8d4,100.0,1.0,1,1,21,legal,piece_movement,
movement_0070,movement_0070,movement,train,synthetic_movement_0070,4k2q/8/8/8/8/8/8/4K3 b - - 0 1,black,h8e5,100.0,1.0,1,1,21,legal,piece_movement,
movement_0070,movement_0070,movement,train,synthetic_movement_0070,4k2q/8/8/8/8/8/8/4K3 b - - 0 1,black,h8b1,-100.0,-1.0,0,0,21,illegal,piece_movement,
movement_0070,movement_0070,movement,train,synthetic_movement_0070,4k2q/8/8/8/8/8/8/4K3 b - - 0 1,black,h8c1,-100.0,-1.0,0,0,21,illegal,piece_movement,
movement_0070,movement_0070,movement,train,synthetic_movement_0070,4k2q/8/8/8/8/8/8/4K3 b - - 0 1,black,h8d1,-100.0,-1.0,0,0,21,illegal,piece_movement,
movement_0070,movement_0070,movement,train,synthetic_movement_0070,4k2q/8/8/8/8/8/8/4K3 b - - 0 1,black,h8e1,-100.0,-1.0,0,0,21,illegal,piece_movement,
movement_0070,movement_0070,movement,train,synthetic_movement_0070,4k2q/8/8/8/8/8/8/4K3 b - - 0 1,black,h8f1,-100.0,-1.0,0,0,21,illegal,piece_movement,
movement_0071,movement_0071,movement,train,synthetic_movement_0071,4k3/5k2/8/8/8/8/8/4K3 b - - 0 1,black,f7e6,100.0,1.0,1,1,11,legal,piece_movement,
movement_0071,movement_0071,movement,train,synthetic_movement_0071,4k3/5k2/8/8/8/8/8/4K3 b - - 0 1,black,f7e7,100.0,1.0,1,1,11,legal,piece_movement,
movement_0071,movement_0071,movement,train,synthetic_movement_0071,4k3/5k2/8/8/8/8/8/4K3 b - - 0 1,black,f7f6,100.0,1.0,1,1,11,legal,piece_movement,
movement_0071,movement_0071,movement,train,synthetic_movement_0071,4k3/5k2/8/8/8/8/8/4K3 b - - 0 1,black,f7f8,100.0,1.0,1,1,11,legal,piece_movement,
movement_0071,movement_0071,movement,train,synthetic_movement_0071,4k3/5k2/8/8/8/8/8/4K3 b - - 0 1,black,f7g6,100.0,1.0,1,1,11,legal,piece_movement,
movement_0071,movement_0071,movement,train,synthetic_movement_0071,4k3/5k2/8/8/8/8/8/4K3 b - - 0 1,black,f7a1,-100.0,-1.0,0,0,11,illegal,piece_movement,
movement_0071,movement_0071,movement,train,synthetic_movement_0071,4k3/5k2/8/8/8/8/8/4K3 b - - 0 1,black,f7b1,-100.0,-1.0,0,0,11,illegal,piece_movement,
movement_0071,movement_0071,movement,train,synthetic_movement_0071,4k3/5k2/8/8/8/8/8/4K3 b - - 0 1,black,f7c1,-100.0,-1.0,0,0,11,illegal,piece_movement,
movement_0071,movement_0071,movement,train,synthetic_movement_0071,4k3/5k2/8/8/8/8/8/4K3 b - - 0 1,black,f7d1,-100.0,-1.0,0,0,11,illegal,piece_movement,
movement_0071,movement_0071,movement,train,synthetic_movement_0071,4k3/5k2/8/8/8/8/8/4K3 b - - 0 1,black,f7e1,-100.0,-1.0,0,0,11,illegal,piece_movement,
movement_0072,movement_0072,movement,train,synthetic_movement_0072,4k3/P7/8/8/8/8/8/4K3 w - - 0 1,white,a7a8b,100.0,1.0,1,1,9,legal,piece_movement,
movement_0072,movement_0072,movement,train,synthetic_movement_0072,4k3/P7/8/8/8/8/8/4K3 w - - 0 1,white,a7a8n,100.0,1.0,1,1,9,legal,piece_movement,
movement_0072,movement_0072,movement,train,synthetic_movement_0072,4k3/P7/8/8/8/8/8/4K3 w - - 0 1,white,a7a8q,100.0,1.0,1,1,9,legal,piece_movement,
movement_0072,movement_0072,movement,train,synthetic_movement_0072,4k3/P7/8/8/8/8/8/4K3 w - - 0 1,white,a7a8r,100.0,1.0,1,1,9,legal,piece_movement,
movement_0072,movement_0072,movement,train,synthetic_movement_0072,4k3/P7/8/8/8/8/8/4K3 w - - 0 1,white,a7a1,-100.0,-1.0,0,0,9,illegal,piece_movement,
movement_0072,movement_0072,movement,train,synthetic_movement_0072,4k3/P7/8/8/8/8/8/4K3 w - - 0 1,white,a7b1,-100.0,-1.0,0,0,9,illegal,piece_movement,
movement_0072,movement_0072,movement,train,synthetic_movement_0072,4k3/P7/8/8/8/8/8/4K3 w - - 0 1,white,a7c1,-100.0,-1.0,0,0,9,illegal,piece_movement,
movement_0072,movement_0072,movement,train,synthetic_movement_0072,4k3/P7/8/8/8/8/8/4K3 w - - 0 1,white,a7d1,-100.0,-1.0,0,0,9,illegal,piece_movement,
movement_0072,movement_0072,movement,train,synthetic_movement_0072,4k3/P7/8/8/8/8/8/4K3 w - - 0 1,white,a7e1,-100.0,-1.0,0,0,9,illegal,piece_movement,
movement_0073,movement_0073,movement,train,synthetic_movement_0073,4k3/5N2/8/8/8/8/8/4K3 w - - 0 1,white,f7d6,100.0,1.0,1,1,11,legal,piece_movement,
movement_0073,movement_0073,movement,train,synthetic_movement_0073,4k3/5N2/8/8/8/8/8/4K3 w - - 0 1,white,f7d8,100.0,1.0,1,1,11,legal,piece_movement,
movement_0073,movement_0073,movement,train,synthetic_movement_0073,4k3/5N2/8/8/8/8/8/4K3 w - - 0 1,white,f7e5,100.0,1.0,1,1,11,legal,piece_movement,
movement_0073,movement_0073,movement,train,synthetic_movement_0073,4k3/5N2/8/8/8/8/8/4K3 w - - 0 1,white,f7g5,100.0,1.0,1,1,11,legal,piece_movement,
movement_0073,movement_0073,movement,train,synthetic_movement_0073,4k3/5N2/8/8/8/8/8/4K3 w - - 0 1,white,f7h6,100.0,1.0,1,1,11,legal,piece_movement,
movement_0073,movement_0073,movement,train,synthetic_movement_0073,4k3/5N2/8/8/8/8/8/4K3 w - - 0 1,white,f7a1,-100.0,-1.0,0,0,11,illegal,piece_movement,
movement_0073,movement_0073,movement,train,synthetic_movement_0073,4k3/5N2/8/8/8/8/8/4K3 w - - 0 1,white,f7b1,-100.0,-1.0,0,0,11,illegal,piece_movement,
movement_0073,movement_0073,movement,train,synthetic_movement_0073,4k3/5N2/8/8/8/8/8/4K3 w - - 0 1,white,f7c1,-100.0,-1.0,0,0,11,illegal,piece_movement,
movement_0073,movement_0073,movement,train,synthetic_movement_0073,4k3/5N2/8/8/8/8/8/4K3 w - - 0 1,white,f7d1,-100.0,-1.0,0,0,11,illegal,piece_movement,
movement_0073,movement_0073,movement,train,synthetic_movement_0073,4k3/5N2/8/8/8/8/8/4K3 w - - 0 1,white,f7e1,-100.0,-1.0,0,0,11,illegal,piece_movement,
movement_0074,movement_0074,movement,train,synthetic_movement_0074,4k3/8/8/8/7B/8/8/4K3 w - - 0 1,white,h4d8,100.0,1.0,1,1,11,legal,piece_movement,
movement_0074,movement_0074,movement,train,synthetic_movement_0074,4k3/8/8/8/7B/8/8/4K3 w - - 0 1,white,h4e7,100.0,1.0,1,1,11,legal,piece_movement,
movement_0074,movement_0074,movement,train,synthetic_movement_0074,4k3/8/8/8/7B/8/8/4K3 w - - 0 1,white,h4f2,100.0,1.0,1,1,11,legal,piece_movement,
movement_0074,movement_0074,movement,train,synthetic_movement_0074,4k3/8/8/8/7B/8/8/4K3 w - - 0 1,white,h4f6,100.0,1.0,1,1,11,legal,piece_movement,
movement_0074,movement_0074,movement,train,synthetic_movement_0074,4k3/8/8/8/7B/8/8/4K3 w - - 0 1,white,h4g3,100.0,1.0,1,1,11,legal,piece_movement,
movement_0074,movement_0074,movement,train,synthetic_movement_0074,4k3/8/8/8/7B/8/8/4K3 w - - 0 1,white,h4a1,-100.0,-1.0,0,0,11,illegal,piece_movement,
movement_0074,movement_0074,movement,train,synthetic_movement_0074,4k3/8/8/8/7B/8/8/4K3 w - - 0 1,white,h4b1,-100.0,-1.0,0,0,11,illegal,piece_movement,
movement_0074,movement_0074,movement,train,synthetic_movement_0074,4k3/8/8/8/7B/8/8/4K3 w - - 0 1,white,h4c1,-100.0,-1.0,0,0,11,illegal,piece_movement,
movement_0074,movement_0074,movement,train,synthetic_movement_0074,4k3/8/8/8/7B/8/8/4K3 w - - 0 1,white,h4d1,-100.0,-1.0,0,0,11,illegal,piece_movement,
movement_0074,movement_0074,movement,train,synthetic_movement_0074,4k3/8/8/8/7B/8/8/4K3 w - - 0 1,white,h4e1,-100.0,-1.0,0,0,11,illegal,piece_movement,
movement_0075,movement_0075,movement,train,synthetic_movement_0075,4k3/8/8/8/4R3/8/8/4K3 w - - 0 1,white,e4a4,100.0,1.0,1,1,18,legal,piece_movement,
movement_0075,movement_0075,movement,train,synthetic_movement_0075,4k3/8/8/8/4R3/8/8/4K3 w - - 0 1,white,e4b4,100.0,1.0,1,1,18,legal,piece_movement,
movement_0075,movement_0075,movement,train,synthetic_movement_0075,4k3/8/8/8/4R3/8/8/4K3 w - - 0 1,white,e4c4,100.0,1.0,1,1,18,legal,piece_movement,
movement_0075,movement_0075,movement,train,synthetic_movement_0075,4k3/8/8/8/4R3/8/8/4K3 w - - 0 1,white,e4d4,100.0,1.0,1,1,18,legal,piece_movement,
movement_0075,movement_0075,movement,train,synthetic_movement_0075,4k3/8/8/8/4R3/8/8/4K3 w - - 0 1,white,e4e2,100.0,1.0,1,1,18,legal,piece_movement,
movement_0075,movement_0075,movement,train,synthetic_movement_0075,4k3/8/8/8/4R3/8/8/4K3 w - - 0 1,white,e4a1,-100.0,-1.0,0,0,18,illegal,piece_movement,
movement_0075,movement_0075,movement,train,synthetic_movement_0075,4k3/8/8/8/4R3/8/8/4K3 w - - 0 1,white,e4b1,-100.0,-1.0,0,0,18,illegal,piece_movement,
movement_0075,movement_0075,movement,train,synthetic_movement_0075,4k3/8/8/8/4R3/8/8/4K3 w - - 0 1,white,e4c1,-100.0,-1.0,0,0,18,illegal,piece_movement,
movement_0075,movement_0075,movement,train,synthetic_movement_0075,4k3/8/8/8/4R3/8/8/4K3 w - - 0 1,white,e4d1,-100.0,-1.0,0,0,18,illegal,piece_movement,
movement_0075,movement_0075,movement,train,synthetic_movement_0075,4k3/8/8/8/4R3/8/8/4K3 w - - 0 1,white,e4e1,-100.0,-1.0,0,0,18,illegal,piece_movement,
movement_0076,movement_0076,movement,train,synthetic_movement_0076,4k3/8/8/8/8/8/8/4K1Q1 w - - 0 1,white,g1a7,100.0,1.0,1,1,21,legal,piece_movement,
movement_0076,movement_0076,movement,train,synthetic_movement_0076,4k3/8/8/8/8/8/8/4K1Q1 w - - 0 1,white,g1b6,100.0,1.0,1,1,21,legal,piece_movement,
movement_0076,movement_0076,movement,train,synthetic_movement_0076,4k3/8/8/8/8/8/8/4K1Q1 w - - 0 1,white,g1c5,100.0,1.0,1,1,21,legal,piece_movement,
movement_0076,movement_0076,movement,train,synthetic_movement_0076,4k3/8/8/8/8/8/8/4K1Q1 w - - 0 1,white,g1d4,100.0,1.0,1,1,21,legal,piece_movement,
movement_0076,movement_0076,movement,train,synthetic_movement_0076,4k3/8/8/8/8/8/8/4K1Q1 w - - 0 1,white,g1e3,100.0,1.0,1,1,21,legal,piece_movement,
movement_0076,movement_0076,movement,train,synthetic_movement_0076,4k3/8/8/8/8/8/8/4K1Q1 w - - 0 1,white,g1a1,-100.0,-1.0,0,0,21,illegal,piece_movement,
movement_0076,movement_0076,movement,train,synthetic_movement_0076,4k3/8/8/8/8/8/8/4K1Q1 w - - 0 1,white,g1b1,-100.0,-1.0,0,0,21,illegal,piece_movement,
movement_0076,movement_0076,movement,train,synthetic_movement_0076,4k3/8/8/8/8/8/8/4K1Q1 w - - 0 1,white,g1c1,-100.0,-1.0,0,0,21,illegal,piece_movement,
movement_0076,movement_0076,movement,train,synthetic_movement_0076,4k3/8/8/8/8/8/8/4K1Q1 w - - 0 1,white,g1d1,-100.0,-1.0,0,0,21,illegal,piece_movement,
movement_0076,movement_0076,movement,train,synthetic_movement_0076,4k3/8/8/8/8/8/8/4K1Q1 w - - 0 1,white,g1e1,-100.0,-1.0,0,0,21,illegal,piece_movement,
movement_0077,movement_0077,movement,train,synthetic_movement_0077,4k3/8/8/8/8/8/6K1/4K3 w - - 0 1,white,g2f1,100.0,1.0,1,1,13,legal,piece_movement,
movement_0077,movement_0077,movement,train,synthetic_movement_0077,4k3/8/8/8/8/8/6K1/4K3 w - - 0 1,white,g2f2,100.0,1.0,1,1,13,legal,piece_movement,
movement_0077,movement_0077,movement,train,synthetic_movement_0077,4k3/8/8/8/8/8/6K1/4K3 w - - 0 1,white,g2f3,100.0,1.0,1,1,13,legal,piece_movement,
movement_0077,movement_0077,movement,train,synthetic_movement_0077,4k3/8/8/8/8/8/6K1/4K3 w - - 0 1,white,g2g1,100.0,1.0,1,1,13,legal,piece_movement,
movement_0077,movement_0077,movement,train,synthetic_movement_0077,4k3/8/8/8/8/8/6K1/4K3 w - - 0 1,white,g2g3,100.0,1.0,1,1,13,legal,piece_movement,
movement_0077,movement_0077,movement,train,synthetic_movement_0077,4k3/8/8/8/8/8/6K1/4K3 w - - 0 1,white,g2a1,-100.0,-1.0,0,0,13,illegal,piece_movement,
movement_0077,movement_0077,movement,train,synthetic_movement_0077,4k3/8/8/8/8/8/6K1/4K3 w - - 0 1,white,g2b1,-100.0,-1.0,0,0,13,illegal,piece_movement,
movement_0077,movement_0077,movement,train,synthetic_movement_0077,4k3/8/8/8/8/8/6K1/4K3 w - - 0 1,white,g2c1,-100.0,-1.0,0,0,13,illegal,piece_movement,
movement_0077,movement_0077,movement,train,synthetic_movement_0077,4k3/8/8/8/8/8/6K1/4K3 w - - 0 1,white,g2d1,-100.0,-1.0,0,0,13,illegal,piece_movement,
movement_0077,movement_0077,movement,train,synthetic_movement_0077,4k3/8/8/8/8/8/6K1/4K3 w - - 0 1,white,g2e1,-100.0,-1.0,0,0,13,illegal,piece_movement,
movement_0078,movement_0078,movement,train,synthetic_movement_0078,4k3/8/8/5p2/8/8/8/4K3 b - - 0 1,black,f5f4,100.0,1.0,1,1,6,legal,piece_movement,
movement_0078,movement_0078,movement,train,synthetic_movement_0078,4k3/8/8/5p2/8/8/8/4K3 b - - 0 1,black,f5a1,-100.0,-1.0,0,0,6,illegal,piece_movement,
movement_0078,movement_0078,movement,train,synthetic_movement_0078,4k3/8/8/5p2/8/8/8/4K3 b - - 0 1,black,f5b1,-100.0,-1.0,0,0,6,illegal,piece_movement,
movement_0078,movement_0078,movement,train,synthetic_movement_0078,4k3/8/8/5p2/8/8/8/4K3 b - - 0 1,black,f5c1,-100.0,-1.0,0,0,6,illegal,piece_movement,
movement_0078,movement_0078,movement,train,synthetic_movement_0078,4k3/8/8/5p2/8/8/8/4K3 b - - 0 1,black,f5d1,-100.0,-1.0,0,0,6,illegal,piece_movement,
movement_0078,movement_0078,movement,train,synthetic_movement_0078,4k3/8/8/5p2/8/8/8/4K3 b - - 0 1,black,f5e1,-100.0,-1.0,0,0,6,illegal,piece_movement,
movement_0079,movement_0079,movement,train,synthetic_movement_0079,4k3/8/8/8/8/n7/8/4K3 b - - 0 1,black,a3b1,100.0,1.0,1,1,9,legal,piece_movement,
movement_0079,movement_0079,movement,train,synthetic_movement_0079,4k3/8/8/8/8/n7/8/4K3 b - - 0 1,black,a3b5,100.0,1.0,1,1,9,legal,piece_movement,
movement_0079,movement_0079,movement,train,synthetic_movement_0079,4k3/8/8/8/8/n7/8/4K3 b - - 0 1,black,a3c2,100.0,1.0,1,1,9,legal,piece_movement,
movement_0079,movement_0079,movement,train,synthetic_movement_0079,4k3/8/8/8/8/n7/8/4K3 b - - 0 1,black,a3c4,100.0,1.0,1,1,9,legal,piece_movement,
movement_0079,movement_0079,movement,train,synthetic_movement_0079,4k3/8/8/8/8/n7/8/4K3 b - - 0 1,black,a3a1,-100.0,-1.0,0,0,9,illegal,piece_movement,
movement_0079,movement_0079,movement,train,synthetic_movement_0079,4k3/8/8/8/8/n7/8/4K3 b - - 0 1,black,a3c1,-100.0,-1.0,0,0,9,illegal,piece_movement,
movement_0079,movement_0079,movement,train,synthetic_movement_0079,4k3/8/8/8/8/n7/8/4K3 b - - 0 1,black,a3d1,-100.0,-1.0,0,0,9,illegal,piece_movement,
movement_0079,movement_0079,movement,train,synthetic_movement_0079,4k3/8/8/8/8/n7/8/4K3 b - - 0 1,black,a3e1,-100.0,-1.0,0,0,9,illegal,piece_movement,
movement_0079,movement_0079,movement,train,synthetic_movement_0079,4k3/8/8/8/8/n7/8/4K3 b - - 0 1,black,a3f1,-100.0,-1.0,0,0,9,illegal,piece_movement,
movement_0080,movement_0080,movement,train,synthetic_movement_0080,4k3/8/8/5b2/8/8/8/4K3 b - - 0 1,black,f5b1,100.0,1.0,1,1,16,legal,piece_movement,
movement_0080,movement_0080,movement,train,synthetic_movement_0080,4k3/8/8/5b2/8/8/8/4K3 b - - 0 1,black,f5c2,100.0,1.0,1,1,16,legal,piece_movement,
movement_0080,movement_0080,movement,train,synthetic_movement_0080,4k3/8/8/5b2/8/8/8/4K3 b - - 0 1,black,f5c8,100.0,1.0,1,1,16,legal,piece_movement,
movement_0080,movement_0080,movement,train,synthetic_movement_0080,4k3/8/8/5b2/8/8/8/4K3 b - - 0 1,black,f5d3,100.0,1.0,1,1,16,legal,piece_movement,
movement_0080,movement_0080,movement,train,synthetic_movement_0080,4k3/8/8/5b2/8/8/8/4K3 b - - 0 1,black,f5d7,100.0,1.0,1,1,16,legal,piece_movement,
movement_0080,movement_0080,movement,train,synthetic_movement_0080,4k3/8/8/5b2/8/8/8/4K3 b - - 0 1,black,f5a1,-100.0,-1.0,0,0,16,illegal,piece_movement,
movement_0080,movement_0080,movement,train,synthetic_movement_0080,4k3/8/8/5b2/8/8/8/4K3 b - - 0 1,black,f5c1,-100.0,-1.0,0,0,16,illegal,piece_movement,
movement_0080,movement_0080,movement,train,synthetic_movement_0080,4k3/8/8/5b2/8/8/8/4K3 b - - 0 1,black,f5d1,-100.0,-1.0,0,0,16,illegal,piece_movement,
movement_0080,movement_0080,movement,train,synthetic_movement_0080,4k3/8/8/5b2/8/8/8/4K3 b - - 0 1,black,f5e1,-100.0,-1.0,0,0,16,illegal,piece_movement,
movement_0080,movement_0080,movement,train,synthetic_movement_0080,4k3/8/8/5b2/8/8/8/4K3 b - - 0 1,black,f5f1,-100.0,-1.0,0,0,16,illegal,piece_movement,
movement_0081,movement_0081,movement,train,synthetic_movement_0081,4k3/8/8/8/4r3/8/8/4K3 b - - 0 1,black,e4a4,100.0,1.0,1,1,18,legal,piece_movement,
movement_0081,movement_0081,movement,train,synthetic_movement_0081,4k3/8/8/8/4r3/8/8/4K3 b - - 0 1,black,e4b4,100.0,1.0,1,1,18,legal,piece_movement,
movement_0081,movement_0081,movement,train,synthetic_movement_0081,4k3/8/8/8/4r3/8/8/4K3 b - - 0 1,black,e4c4,100.0,1.0,1,1,18,legal,piece_movement,
movement_0081,movement_0081,movement,train,synthetic_movement_0081,4k3/8/8/8/4r3/8/8/4K3 b - - 0 1,black,e4d4,100.0,1.0,1,1,18,legal,piece_movement,
movement_0081,movement_0081,movement,train,synthetic_movement_0081,4k3/8/8/8/4r3/8/8/4K3 b - - 0 1,black,e4e1,100.0,1.0,1,1,18,legal,piece_movement,
movement_0081,movement_0081,movement,train,synthetic_movement_0081,4k3/8/8/8/4r3/8/8/4K3 b - - 0 1,black,e4a1,-100.0,-1.0,0,0,18,illegal,piece_movement,
movement_0081,movement_0081,movement,train,synthetic_movement_0081,4k3/8/8/8/4r3/8/8/4K3 b - - 0 1,black,e4b1,-100.0,-1.0,0,0,18,illegal,piece_movement,
movement_0081,movement_0081,movement,train,synthetic_movement_0081,4k3/8/8/8/4r3/8/8/4K3 b - - 0 1,black,e4c1,-100.0,-1.0,0,0,18,illegal,piece_movement,
movement_0081,movement_0081,movement,train,synthetic_movement_0081,4k3/8/8/8/4r3/8/8/4K3 b - - 0 1,black,e4d1,-100.0,-1.0,0,0,18,illegal,piece_movement,
movement_0081,movement_0081,movement,train,synthetic_movement_0081,4k3/8/8/8/4r3/8/8/4K3 b - - 0 1,black,e4f1,-100.0,-1.0,0,0,18,illegal,piece_movement,
movement_0082,movement_0082,movement,train,synthetic_movement_0082,4k3/8/8/8/5q2/8/8/4K3 b - - 0 1,black,f4a4,100.0,1.0,1,1,30,legal,piece_movement,
movement_0082,movement_0082,movement,train,synthetic_movement_0082,4k3/8/8/8/5q2/8/8/4K3 b - - 0 1,black,f4b4,100.0,1.0,1,1,30,legal,piece_movement,
movement_0082,movement_0082,movement,train,synthetic_movement_0082,4k3/8/8/8/5q2/8/8/4K3 b - - 0 1,black,f4b8,100.0,1.0,1,1,30,legal,piece_movement,
movement_0082,movement_0082,movement,train,synthetic_movement_0082,4k3/8/8/8/5q2/8/8/4K3 b - - 0 1,black,f4c1,100.0,1.0,1,1,30,legal,piece_movement,
movement_0082,movement_0082,movement,train,synthetic_movement_0082,4k3/8/8/8/5q2/8/8/4K3 b - - 0 1,black,f4c4,100.0,1.0,1,1,30,legal,piece_movement,
movement_0082,movement_0082,movement,train,synthetic_movement_0082,4k3/8/8/8/5q2/8/8/4K3 b - - 0 1,black,f4a1,-100.0,-1.0,0,0,30,illegal,piece_movement,
movement_0082,movement_0082,movement,train,synthetic_movement_0082,4k3/8/8/8/5q2/8/8/4K3 b - - 0 1,black,f4b1,-100.0,-1.0,0,0,30,illegal,piece_movement,
movement_0082,movement_0082,movement,train,synthetic_movement_0082,4k3/8/8/8/5q2/8/8/4K3 b - - 0 1,black,f4d1,-100.0,-1.0,0,0,30,illegal,piece_movement,
movement_0082,movement_0082,movement,train,synthetic_movement_0082,4k3/8/8/8/5q2/8/8/4K3 b - - 0 1,black,f4e1,-100.0,-1.0,0,0,30,illegal,piece_movement,
movement_0082,movement_0082,movement,train,synthetic_movement_0082,4k3/8/8/8/5q2/8/8/4K3 b - - 0 1,black,f4g1,-100.0,-1.0,0,0,30,illegal,piece_movement,
movement_0083,movement_0083,movement,train,synthetic_movement_0083,4k3/8/8/4k3/8/8/8/4K3 b - - 0 1,black,e5d4,100.0,1.0,1,1,13,legal,piece_movement,
movement_0083,movement_0083,movement,train,synthetic_movement_0083,4k3/8/8/4k3/8/8/8/4K3 b - - 0 1,black,e5d5,100.0,1.0,1,1,13,legal,piece_movement,
movement_0083,movement_0083,movement,train,synthetic_movement_0083,4k3/8/8/4k3/8/8/8/4K3 b - - 0 1,black,e5d6,100.0,1.0,1,1,13,legal,piece_movement,
movement_0083,movement_0083,movement,train,synthetic_movement_0083,4k3/8/8/4k3/8/8/8/4K3 b - - 0 1,black,e5e4,100.0,1.0,1,1,13,legal,piece_movement,
movement_0083,movement_0083,movement,train,synthetic_movement_0083,4k3/8/8/4k3/8/8/8/4K3 b - - 0 1,black,e5e6,100.0,1.0,1,1,13,legal,piece_movement,
movement_0083,movement_0083,movement,train,synthetic_movement_0083,4k3/8/8/4k3/8/8/8/4K3 b - - 0 1,black,e5a1,-100.0,-1.0,0,0,13,illegal,piece_movement,
movement_0083,movement_0083,movement,train,synthetic_movement_0083,4k3/8/8/4k3/8/8/8/4K3 b - - 0 1,black,e5b1,-100.0,-1.0,0,0,13,illegal,piece_movement,
movement_0083,movement_0083,movement,train,synthetic_movement_0083,4k3/8/8/4k3/8/8/8/4K3 b - - 0 1,black,e5c1,-100.0,-1.0,0,0,13,illegal,piece_movement,
movement_0083,movement_0083,movement,train,synthetic_movement_0083,4k3/8/8/4k3/8/8/8/4K3 b - - 0 1,black,e5d1,-100.0,-1.0,0,0,13,illegal,piece_movement,
movement_0083,movement_0083,movement,train,synthetic_movement_0083,4k3/8/8/4k3/8/8/8/4K3 b - - 0 1,black,e5e1,-100.0,-1.0,0,0,13,illegal,piece_movement,
movement_0084,movement_0084,movement,train,synthetic_movement_0084,4k3/6P1/8/8/8/8/8/4K3 w - - 0 1,white,g7g8b,100.0,1.0,1,1,9,legal,piece_movement,
movement_0084,movement_0084,movement,train,synthetic_movement_0084,4k3/6P1/8/8/8/8/8/4K3 w - - 0 1,white,g7g8n,100.0,1.0,1,1,9,legal,piece_movement,
movement_0084,movement_0084,movement,train,synthetic_movement_0084,4k3/6P1/8/8/8/8/8/4K3 w - - 0 1,white,g7g8q,100.0,1.0,1,1,9,legal,piece_movement,
movement_0084,movement_0084,movement,train,synthetic_movement_0084,4k3/6P1/8/8/8/8/8/4K3 w - - 0 1,white,g7g8r,100.0,1.0,1,1,9,legal,piece_movement,
movement_0084,movement_0084,movement,train,synthetic_movement_0084,4k3/6P1/8/8/8/8/8/4K3 w - - 0 1,white,g7a1,-100.0,-1.0,0,0,9,illegal,piece_movement,
movement_0084,movement_0084,movement,train,synthetic_movement_0084,4k3/6P1/8/8/8/8/8/4K3 w - - 0 1,white,g7b1,-100.0,-1.0,0,0,9,illegal,piece_movement,
movement_0084,movement_0084,movement,train,synthetic_movement_0084,4k3/6P1/8/8/8/8/8/4K3 w - - 0 1,white,g7c1,-100.0,-1.0,0,0,9,illegal,piece_movement,
movement_0084,movement_0084,movement,train,synthetic_movement_0084,4k3/6P1/8/8/8/8/8/4K3 w - - 0 1,white,g7d1,-100.0,-1.0,0,0,9,illegal,piece_movement,
movement_0084,movement_0084,movement,train,synthetic_movement_0084,4k3/6P1/8/8/8/8/8/4K3 w - - 0 1,white,g7e1,-100.0,-1.0,0,0,9,illegal,piece_movement,
movement_0085,movement_0085,movement,train,synthetic_movement_0085,4k3/8/8/N7/8/8/8/4K3 w - - 0 1,white,a5b3,100.0,1.0,1,1,9,legal,piece_movement,
movement_0085,movement_0085,movement,train,synthetic_movement_0085,4k3/8/8/N7/8/8/8/4K3 w - - 0 1,white,a5b7,100.0,1.0,1,1,9,legal,piece_movement,
movement_0085,movement_0085,movement,train,synthetic_movement_0085,4k3/8/8/N7/8/8/8/4K3 w - - 0 1,white,a5c4,100.0,1.0,1,1,9,legal,piece_movement,
movement_0085,movement_0085,movement,train,synthetic_movement_0085,4k3/8/8/N7/8/8/8/4K3 w - - 0 1,white,a5c6,100.0,1.0,1,1,9,legal,piece_movement,
movement_0085,movement_0085,movement,train,synthetic_movement_0085,4k3/8/8/N7/8/8/8/4K3 w - - 0 1,white,a5a1,-100.0,-1.0,0,0,9,illegal,piece_movement,
movement_0085,movement_0085,movement,train,synthetic_movement_0085,4k3/8/8/N7/8/8/8/4K3 w - - 0 1,white,a5b1,-100.0,-1.0,0,0,9,illegal,piece_movement,
movement_0085,movement_0085,movement,train,synthetic_movement_0085,4k3/8/8/N7/8/8/8/4K3 w - - 0 1,white,a5c1,-100.0,-1.0,0,0,9,illegal,piece_movement,
movement_0085,movement_0085,movement,train,synthetic_movement_0085,4k3/8/8/N7/8/8/8/4K3 w - - 0 1,white,a5d1,-100.0,-1.0,0,0,9,illegal,piece_movement,
movement_0085,movement_0085,movement,train,synthetic_movement_0085,4k3/8/8/N7/8/8/8/4K3 w - - 0 1,white,a5e1,-100.0,-1.0,0,0,9,illegal,piece_movement,
movement_0086,movement_0086,movement,train,synthetic_movement_0086,4k3/8/8/8/8/8/3B4/4K3 w - - 0 1,white,d2a5,100.0,1.0,1,1,12,legal,piece_movement,
movement_0086,movement_0086,movement,train,synthetic_movement_0086,4k3/8/8/8/8/8/3B4/4K3 w - - 0 1,white,d2b4,100.0,1.0,1,1,12,legal,piece_movement,
movement_0086,movement_0086,movement,train,synthetic_movement_0086,4k3/8/8/8/8/8/3B4/4K3 w - - 0 1,white,d2c1,100.0,1.0,1,1,12,legal,piece_movement,
movement_0086,movement_0086,movement,train,synthetic_movement_0086,4k3/8/8/8/8/8/3B4/4K3 w - - 0 1,white,d2c3,100.0,1.0,1,1,12,legal,piece_movement,
movement_0086,movement_0086,movement,train,synthetic_movement_0086,4k3/8/8/8/8/8/3B4/4K3 w - - 0 1,white,d2e3,100.0,1.0,1,1,12,legal,piece_movement,
movement_0086,movement_0086,movement,train,synthetic_movement_0086,4k3/8/8/8/8/8/3B4/4K3 w - - 0 1,white,d2a1,-100.0,-1.0,0,0,12,illegal,piece_movement,
movement_0086,movement_0086,movement,train,synthetic_movement_0086,4k3/8/8/8/8/8/3B4/4K3 w - - 0 1,white,d2b1,-100.0,-1.0,0,0,12,illegal,piece_movement,
movement_0086,movement_0086,movement,train,synthetic_movement_0086,4k3/8/8/8/8/8/3B4/4K3 w - - 0 1,white,d2d1,-100.0,-1.0,0,0,12,illegal,piece_movement,
movement_0086,movement_0086,movement,train,synthetic_movement_0086,4k3/8/8/8/8/8/3B4/4K3 w - - 0 1,white,d2e1,-100.0,-1.0,0,0,12,illegal,piece_movement,
movement_0086,movement_0086,movement,train,synthetic_movement_0086,4k3/8/8/8/8/8/3B4/4K3 w - - 0 1,white,d2f1,-100.0,-1.0,0,0,12,illegal,piece_movement,
movement_0087,movement_0087,movement,train,synthetic_movement_0087,4k3/8/8/8/8/2R5/8/4K3 w - - 0 1,white,c3a3,100.0,1.0,1,1,19,legal,piece_movement,
movement_0087,movement_0087,movement,train,synthetic_movement_0087,4k3/8/8/8/8/2R5/8/4K3 w - - 0 1,white,c3b3,100.0,1.0,1,1,19,legal,piece_movement,
movement_0087,movement_0087,movement,train,synthetic_movement_0087,4k3/8/8/8/8/2R5/8/4K3 w - - 0 1,white,c3c1,100.0,1.0,1,1,19,legal,piece_movement,
movement_0087,movement_0087,movement,train,synthetic_movement_0087,4k3/8/8/8/8/2R5/8/4K3 w - - 0 1,white,c3c2,100.0,1.0,1,1,19,legal,piece_movement,
movement_0087,movement_0087,movement,train,synthetic_movement_0087,4k3/8/8/8/8/2R5/8/4K3 w - - 0 1,white,c3c4,100.0,1.0,1,1,19,legal,piece_movement,
movement_0087,movement_0087,movement,train,synthetic_movement_0087,4k3/8/8/8/8/2R5/8/4K3 w - - 0 1,white,c3a1,-100.0,-1.0,0,0,19,illegal,piece_movement,
movement_0087,movement_0087,movement,train,synthetic_movement_0087,4k3/8/8/8/8/2R5/8/4K3 w - - 0 1,white,c3b1,-100.0,-1.0,0,0,19,illegal,piece_movement,
movement_0087,movement_0087,movement,train,synthetic_movement_0087,4k3/8/8/8/8/2R5/8/4K3 w - - 0 1,white,c3d1,-100.0,-1.0,0,0,19,illegal,piece_movement,
movement_0087,movement_0087,movement,train,synthetic_movement_0087,4k3/8/8/8/8/2R5/8/4K3 w - - 0 1,white,c3e1,-100.0,-1.0,0,0,19,illegal,piece_movement,
movement_0087,movement_0087,movement,train,synthetic_movement_0087,4k3/8/8/8/8/2R5/8/4K3 w - - 0 1,white,c3f1,-100.0,-1.0,0,0,19,illegal,piece_movement,
movement_0088,movement_0088,movement,train,synthetic_movement_0088,4k3/8/8/8/8/8/2Q5/4K3 w - - 0 1,white,c2a2,100.0,1.0,1,1,28,legal,piece_movement,
movement_0088,movement_0088,movement,train,synthetic_movement_0088,4k3/8/8/8/8/8/2Q5/4K3 w - - 0 1,white,c2a4,100.0,1.0,1,1,28,legal,piece_movement,
movement_0088,movement_0088,movement,train,synthetic_movement_0088,4k3/8/8/8/8/8/2Q5/4K3 w - - 0 1,white,c2b1,100.0,1.0,1,1,28,legal,piece_movement,
movement_0088,movement_0088,movement,train,synthetic_movement_0088,4k3/8/8/8/8/8/2Q5/4K3 w - - 0 1,white,c2b2,100.0,1.0,1,1,28,legal,piece_movement,
movement_0088,movement_0088,movement,train,synthetic_movement_0088,4k3/8/8/8/8/8/2Q5/4K3 w - - 0 1,white,c2b3,100.0,1.0,1,1,28,legal,piece_movement,
movement_0088,movement_0088,movement,train,synthetic_movement_0088,4k3/8/8/8/8/8/2Q5/4K3 w - - 0 1,white,c2a1,-100.0,-1.0,0,0,28,illegal,piece_movement,
movement_0088,movement_0088,movement,train,synthetic_movement_0088,4k3/8/8/8/8/8/2Q5/4K3 w - - 0 1,white,c2e1,-100.0,-1.0,0,0,28,illegal,piece_movement,
movement_0088,movement_0088,movement,train,synthetic_movement_0088,4k3/8/8/8/8/8/2Q5/4K3 w - - 0 1,white,c2f1,-100.0,-1.0,0,0,28,illegal,piece_movement,
movement_0088,movement_0088,movement,train,synthetic_movement_0088,4k3/8/8/8/8/8/2Q5/4K3 w - - 0 1,white,c2g1,-100.0,-1.0,0,0,28,illegal,piece_movement,
movement_0088,movement_0088,movement,train,synthetic_movement_0088,4k3/8/8/8/8/8/2Q5/4K3 w - - 0 1,white,c2h1,-100.0,-1.0,0,0,28,illegal,piece_movement,
movement_0089,movement_0089,movement,train,synthetic_movement_0089,4k3/8/8/8/8/2K5/8/4K3 w - - 0 1,white,c3b2,100.0,1.0,1,1,13,legal,piece_movement,
movement_0089,movement_0089,movement,train,synthetic_movement_0089,4k3/8/8/8/8/2K5/8/4K3 w - - 0 1,white,c3b3,100.0,1.0,1,1,13,legal,piece_movement,
movement_0089,movement_0089,movement,train,synthetic_movement_0089,4k3/8/8/8/8/2K5/8/4K3 w - - 0 1,white,c3b4,100.0,1.0,1,1,13,legal,piece_movement,
movement_0089,movement_0089,movement,train,synthetic_movement_0089,4k3/8/8/8/8/2K5/8/4K3 w - - 0 1,white,c3c2,100.0,1.0,1,1,13,legal,piece_movement,
movement_0089,movement_0089,movement,train,synthetic_movement_0089,4k3/8/8/8/8/2K5/8/4K3 w - - 0 1,white,c3c4,100.0,1.0,1,1,13,legal,piece_movement,
movement_0089,movement_0089,movement,train,synthetic_movement_0089,4k3/8/8/8/8/2K5/8/4K3 w - - 0 1,white,c3a1,-100.0,-1.0,0,0,13,illegal,piece_movement,
movement_0089,movement_0089,movement,train,synthetic_movement_0089,4k3/8/8/8/8/2K5/8/4K3 w - - 0 1,white,c3b1,-100.0,-1.0,0,0,13,illegal,piece_movement,
movement_0089,movement_0089,movement,train,synthetic_movement_0089,4k3/8/8/8/8/2K5/8/4K3 w - - 0 1,white,c3c1,-100.0,-1.0,0,0,13,illegal,piece_movement,
movement_0089,movement_0089,movement,train,synthetic_movement_0089,4k3/8/8/8/8/2K5/8/4K3 w - - 0 1,white,c3d1,-100.0,-1.0,0,0,13,illegal,piece_movement,
movement_0089,movement_0089,movement,train,synthetic_movement_0089,4k3/8/8/8/8/2K5/8/4K3 w - - 0 1,white,c3e1,-100.0,-1.0,0,0,13,illegal,piece_movement,
movement_0090,movement_0090,movement,train,synthetic_movement_0090,4k3/8/8/8/8/8/p7/4K3 b - - 0 1,black,a2a1b,100.0,1.0,1,1,9,legal,piece_movement,
movement_0090,movement_0090,movement,train,synthetic_movement_0090,4k3/8/8/8/8/8/p7/4K3 b - - 0 1,black,a2a1n,100.0,1.0,1,1,9,legal,piece_movement,
movement_0090,movement_0090,movement,train,synthetic_movement_0090,4k3/8/8/8/8/8/p7/4K3 b - - 0 1,black,a2a1q,100.0,1.0,1,1,9,legal,piece_movement,
movement_0090,movement_0090,movement,train,synthetic_movement_0090,4k3/8/8/8/8/8/p7/4K3 b - - 0 1,black,a2a1r,100.0,1.0,1,1,9,legal,piece_movement,
movement_0090,movement_0090,movement,train,synthetic_movement_0090,4k3/8/8/8/8/8/p7/4K3 b - - 0 1,black,a2a1,-100.0,-1.0,0,0,9,illegal,piece_movement,
movement_0090,movement_0090,movement,train,synthetic_movement_0090,4k3/8/8/8/8/8/p7/4K3 b - - 0 1,black,a2b1,-100.0,-1.0,0,0,9,illegal,piece_movement,
movement_0090,movement_0090,movement,train,synthetic_movement_0090,4k3/8/8/8/8/8/p7/4K3 b - - 0 1,black,a2c1,-100.0,-1.0,0,0,9,illegal,piece_movement,
movement_0090,movement_0090,movement,train,synthetic_movement_0090,4k3/8/8/8/8/8/p7/4K3 b - - 0 1,black,a2d1,-100.0,-1.0,0,0,9,illegal,piece_movement,
movement_0090,movement_0090,movement,train,synthetic_movement_0090,4k3/8/8/8/8/8/p7/4K3 b - - 0 1,black,a2e1,-100.0,-1.0,0,0,9,illegal,piece_movement,
movement_0091,movement_0091,movement,train,synthetic_movement_0091,4k3/8/8/8/8/8/7n/4K3 b - - 0 1,black,h2f1,100.0,1.0,1,1,8,legal,piece_movement,
movement_0091,movement_0091,movement,train,synthetic_movement_0091,4k3/8/8/8/8/8/7n/4K3 b - - 0 1,black,h2f3,100.0,1.0,1,1,8,legal,piece_movement,
movement_0091,movement_0091,movement,train,synthetic_movement_0091,4k3/8/8/8/8/8/7n/4K3 b - - 0 1,black,h2g4,100.0,1.0,1,1,8,legal,piece_movement,
movement_0091,movement_0091,movement,train,synthetic_movement_0091,4k3/8/8/8/8/8/7n/4K3 b - - 0 1,black,h2a1,-100.0,-1.0,0,0,8,illegal,piece_movement,
movement_0091,movement_0091,movement,train,synthetic_movement_0091,4k3/8/8/8/8/8/7n/4K3 b - - 0 1,black,h2b1,-100.0,-1.0,0,0,8,illegal,piece_movement,
movement_0091,movement_0091,movement,train,synthetic_movement_0091,4k3/8/8/8/8/8/7n/4K3 b - - 0 1,black,h2c1,-100.0,-1.0,0,0,8,illegal,piece_movement,
movement_0091,movement_0091,movement,train,synthetic_movement_0091,4k3/8/8/8/8/8/7n/4K3 b - - 0 1,black,h2d1,-100.0,-1.0,0,0,8,illegal,piece_movement,
movement_0091,movement_0091,movement,train,synthetic_movement_0091,4k3/8/8/8/8/8/7n/4K3 b - - 0 1,black,h2e1,-100.0,-1.0,0,0,8,illegal,piece_movement,
movement_0092,movement_0092,movement,train,synthetic_movement_0092,4k3/8/8/8/8/8/8/b3K3 b - - 0 1,black,a1b2,100.0,1.0,1,1,12,legal,piece_movement,
movement_0092,movement_0092,movement,train,synthetic_movement_0092,4k3/8/8/8/8/8/8/b3K3 b - - 0 1,black,a1c3,100.0,1.0,1,1,12,legal,piece_movement,
movement_0092,movement_0092,movement,train,synthetic_movement_0092,4k3/8/8/8/8/8/8/b3K3 b - - 0 1,black,a1d4,100.0,1.0,1,1,12,legal,piece_movement,
movement_0092,movement_0092,movement,train,synthetic_movement_0092,4k3/8/8/8/8/8/8/b3K3 b - - 0 1,black,a1e5,100.0,1.0,1,1,12,legal,piece_movement,
movement_0092,movement_0092,movement,train,synthetic_movement_0092,4k3/8/8/8/8/8/8/b3K3 b - - 0 1,black,a1f6,100.0,1.0,1,1,12,legal,piece_movement,
movement_0092,movement_0092,movement,train,synthetic_movement_0092,4k3/8/8/8/8/8/8/b3K3 b - - 0 1,black,a1b1,-100.0,-1.0,0,0,12,illegal,piece_movement,
movement_0092,movement_0092,movement,train,synthetic_movement_0092,4k3/8/8/8/8/8/8/b3K3 b - - 0 1,black,a1c1,-100.0,-1.0,0,0,12,illegal,piece_movement,
movement_0092,movement_0092,movement,train,synthetic_movement_0092,4k3/8/8/8/8/8/8/b3K3 b - - 0 1,black,a1d1,-100.0,-1.0,0,0,12,illegal,piece_movement,
movement_0092,movement_0092,movement,train,synthetic_movement_0092,4k3/8/8/8/8/8/8/b3K3 b - - 0 1,black,a1e1,-100.0,-1.0,0,0,12,illegal,piece_movement,
movement_0092,movement_0092,movement,train,synthetic_movement_0092,4k3/8/8/8/8/8/8/b3K3 b - - 0 1,black,a1f1,-100.0,-1.0,0,0,12,illegal,piece_movement,
movement_0093,movement_0093,movement,train,synthetic_movement_0093,4k3/8/3r4/8/8/8/8/4K3 b - - 0 1,black,d6a6,100.0,1.0,1,1,19,legal,piece_movement,
movement_0093,movement_0093,movement,train,synthetic_movement_0093,4k3/8/3r4/8/8/8/8/4K3 b - - 0 1,black,d6b6,100.0,1.0,1,1,19,legal,piece_movement,
movement_0093,movement_0093,movement,train,synthetic_movement_0093,4k3/8/3r4/8/8/8/8/4K3 b - - 0 1,black,d6c6,100.0,1.0,1,1,19,legal,piece_movement,
movement_0093,movement_0093,movement,train,synthetic_movement_0093,4k3/8/3r4/8/8/8/8/4K3 b - - 0 1,black,d6d1,100.0,1.0,1,1,19,legal,piece_movement,
movement_0093,movement_0093,movement,train,synthetic_movement_0093,4k3/8/3r4/8/8/8/8/4K3 b - - 0 1,black,d6d2,100.0,1.0,1,1,19,legal,piece_movement,
movement_0093,movement_0093,movement,train,synthetic_movement_0093,4k3/8/3r4/8/8/8/8/4K3 b - - 0 1,black,d6a1,-100.0,-1.0,0,0,19,illegal,piece_movement,
movement_0093,movement_0093,movement,train,synthetic_movement_0093,4k3/8/3r4/8/8/8/8/4K3 b - - 0 1,black,d6b1,-100.0,-1.0,0,0,19,illegal,piece_movement,
movement_0093,movement_0093,movement,train,synthetic_movement_0093,4k3/8/3r4/8/8/8/8/4K3 b - - 0 1,black,d6c1,-100.0,-1.0,0,0,19,illegal,piece_movement,
movement_0093,movement_0093,movement,train,synthetic_movement_0093,4k3/8/3r4/8/8/8/8/4K3 b - - 0 1,black,d6e1,-100.0,-1.0,0,0,19,illegal,piece_movement,
movement_0093,movement_0093,movement,train,synthetic_movement_0093,4k3/8/3r4/8/8/8/8/4K3 b - - 0 1,black,d6f1,-100.0,-1.0,0,0,19,illegal,piece_movement,
movement_0094,movement_0094,movement,train,synthetic_movement_0094,4k3/8/8/8/q7/8/8/4K3 b - - 0 1,black,a4a1,100.0,1.0,1,1,25,legal,piece_movement,
movement_0094,movement_0094,movement,train,synthetic_movement_0094,4k3/8/8/8/q7/8/8/4K3 b - - 0 1,black,a4a2,100.0,1.0,1,1,25,legal,piece_movement,
movement_0094,movement_0094,movement,train,synthetic_movement_0094,4k3/8/8/8/q7/8/8/4K3 b - - 0 1,black,a4a3,100.0,1.0,1,1,25,legal,piece_movement,
movement_0094,movement_0094,movement,train,synthetic_movement_0094,4k3/8/8/8/q7/8/8/4K3 b - - 0 1,black,a4a5,100.0,1.0,1,1,25,legal,piece_movement,
movement_0094,movement_0094,movement,train,synthetic_movement_0094,4k3/8/8/8/q7/8/8/4K3 b - - 0 1,black,a4a6,100.0,1.0,1,1,25,legal,piece_movement,
movement_0094,movement_0094,movement,train,synthetic_movement_0094,4k3/8/8/8/q7/8/8/4K3 b - - 0 1,black,a4b1,-100.0,-1.0,0,0,25,illegal,piece_movement,
movement_0094,movement_0094,movement,train,synthetic_movement_0094,4k3/8/8/8/q7/8/8/4K3 b - - 0 1,black,a4c1,-100.0,-1.0,0,0,25,illegal,piece_movement,
movement_0094,movement_0094,movement,train,synthetic_movement_0094,4k3/8/8/8/q7/8/8/4K3 b - - 0 1,black,a4e1,-100.0,-1.0,0,0,25,illegal,piece_movement,
movement_0094,movement_0094,movement,train,synthetic_movement_0094,4k3/8/8/8/q7/8/8/4K3 b - - 0 1,black,a4f1,-100.0,-1.0,0,0,25,illegal,piece_movement,
movement_0094,movement_0094,movement,train,synthetic_movement_0094,4k3/8/8/8/q7/8/8/4K3 b - - 0 1,black,a4g1,-100.0,-1.0,0,0,25,illegal,piece_movement,
movement_0095,movement_0095,movement,train,synthetic_movement_0095,4k3/8/8/8/8/8/6k1/4K3 b - - 0 1,black,g2f1,100.0,1.0,1,1,13,legal,piece_movement,
movement_0095,movement_0095,movement,train,synthetic_movement_0095,4k3/8/8/8/8/8/6k1/4K3 b - - 0 1,black,g2f2,100.0,1.0,1,1,13,legal,piece_movement,
movement_0095,movement_0095,movement,train,synthetic_movement_0095,4k3/8/8/8/8/8/6k1/4K3 b - - 0 1,black,g2f3,100.0,1.0,1,1,13,legal,piece_movement,
movement_0095,movement_0095,movement,train,synthetic_movement_0095,4k3/8/8/8/8/8/6k1/4K3 b - - 0 1,black,g2g1,100.0,1.0,1,1,13,legal,piece_movement,
movement_0095,movement_0095,movement,train,synthetic_movement_0095,4k3/8/8/8/8/8/6k1/4K3 b - - 0 1,black,g2g3,100.0,1.0,1,1,13,legal,piece_movement,
movement_0095,movement_0095,movement,train,synthetic_movement_0095,4k3/8/8/8/8/8/6k1/4K3 b - - 0 1,black,g2a1,-100.0,-1.0,0,0,13,illegal,piece_movement,
movement_0095,movement_0095,movement,train,synthetic_movement_0095,4k3/8/8/8/8/8/6k1/4K3 b - - 0 1,black,g2b1,-100.0,-1.0,0,0,13,illegal,piece_movement,
movement_0095,movement_0095,movement,train,synthetic_movement_0095,4k3/8/8/8/8/8/6k1/4K3 b - - 0 1,black,g2c1,-100.0,-1.0,0,0,13,illegal,piece_movement,
movement_0095,movement_0095,movement,train,synthetic_movement_0095,4k3/8/8/8/8/8/6k1/4K3 b - - 0 1,black,g2d1,-100.0,-1.0,0,0,13,illegal,piece_movement,
movement_0095,movement_0095,movement,train,synthetic_movement_0095,4k3/8/8/8/8/8/6k1/4K3 b - - 0 1,black,g2e1,-100.0,-1.0,0,0,13,illegal,piece_movement,
movement_0096,movement_0096,movement,train,synthetic_movement_0096,4k3/8/8/6P1/8/8/8/4K3 w - - 0 1,white,g5g6,100.0,1.0,1,1,6,legal,piece_movement,
movement_0096,movement_0096,movement,train,synthetic_movement_0096,4k3/8/8/6P1/8/8/8/4K3 w - - 0 1,white,g5a1,-100.0,-1.0,0,0,6,illegal,piece_movement,
movement_0096,movement_0096,movement,train,synthetic_movement_0096,4k3/8/8/6P1/8/8/8/4K3 w - - 0 1,white,g5b1,-100.0,-1.0,0,0,6,illegal,piece_movement,
movement_0096,movement_0096,movement,train,synthetic_movement_0096,4k3/8/8/6P1/8/8/8/4K3 w - - 0 1,white,g5c1,-100.0,-1.0,0,0,6,illegal,piece_movement,
movement_0096,movement_0096,movement,train,synthetic_movement_0096,4k3/8/8/6P1/8/8/8/4K3 w - - 0 1,white,g5d1,-100.0,-1.0,0,0,6,illegal,piece_movement,
movement_0096,movement_0096,movement,train,synthetic_movement_0096,4k3/8/8/6P1/8/8/8/4K3 w - - 0 1,white,g5e1,-100.0,-1.0,0,0,6,illegal,piece_movement,
movement_0097,movement_0097,movement,train,synthetic_movement_0097,4k3/8/8/8/8/8/2N5/4K3 w - - 0 1,white,c2a1,100.0,1.0,1,1,10,legal,piece_movement,
movement_0097,movement_0097,movement,train,synthetic_movement_0097,4k3/8/8/8/8/8/2N5/4K3 w - - 0 1,white,c2a3,100.0,1.0,1,1,10,legal,piece_movement,
movement_0097,movement_0097,movement,train,synthetic_movement_0097,4k3/8/8/8/8/8/2N5/4K3 w - - 0 1,white,c2b4,100.0,1.0,1,1,10,legal,piece_movement,
movement_0097,movement_0097,movement,train,synthetic_movement_0097,4k3/8/8/8/8/8/2N5/4K3 w - - 0 1,white,c2d4,100.0,1.0,1,1,10,legal,piece_movement,
movement_0097,movement_0097,movement,train,synthetic_movement_0097,4k3/8/8/8/8/8/2N5/4K3 w - - 0 1,white,c2e3,100.0,1.0,1,1,10,legal,piece_movement,
movement_0097,movement_0097,movement,train,synthetic_movement_0097,4k3/8/8/8/8/8/2N5/4K3 w - - 0 1,white,c2b1,-100.0,-1.0,0,0,10,illegal,piece_movement,
movement_0097,movement_0097,movement,train,synthetic_movement_0097,4k3/8/8/8/8/8/2N5/4K3 w - - 0 1,white,c2c1,-100.0,-1.0,0,0,10,illegal,piece_movement,
movement_0097,movement_0097,movement,train,synthetic_movement_0097,4k3/8/8/8/8/8/2N5/4K3 w - - 0 1,white,c2d1,-100.0,-1.0,0,0,10,illegal,piece_movement,
movement_0097,movement_0097,movement,train,synthetic_movement_0097,4k3/8/8/8/8/8/2N5/4K3 w - - 0 1,white,c2e1,-100.0,-1.0,0,0,10,illegal,piece_movement,
movement_0097,movement_0097,movement,train,synthetic_movement_0097,4k3/8/8/8/8/8/2N5/4K3 w - - 0 1,white,c2f1,-100.0,-1.0,0,0,10,illegal,piece_movement,
movement_0098,movement_0098,movement,train,synthetic_movement_0098,1B2k3/8/8/8/8/8/8/4K3 w - - 0 1,white,b8a7,100.0,1.0,1,1,12,legal,piece_movement,
movement_0098,movement_0098,movement,train,synthetic_movement_0098,1B2k3/8/8/8/8/8/8/4K3 w - - 0 1,white,b8c7,100.0,1.0,1,1,12,legal,piece_movement,
movement_0098,movement_0098,movement,train,synthetic_movement_0098,1B2k3/8/8/8/8/8/8/4K3 w - - 0 1,white,b8d6,100.0,1.0,1,1,12,legal,piece_movement,
movement_0098,movement_0098,movement,train,synthetic_movement_0098,1B2k3/8/8/8/8/8/8/4K3 w - - 0 1,white,b8e5,100.0,1.0,1,1,12,legal,piece_movement,
movement_0098,movement_0098,movement,train,synthetic_movement_0098,1B2k3/8/8/8/8/8/8/4K3 w - - 0 1,white,b8f4,100.0,1.0,1,1,12,legal,piece_movement,
movement_0098,movement_0098,movement,train,synthetic_movement_0098,1B2k3/8/8/8/8/8/8/4K3 w - - 0 1,white,b8a1,-100.0,-1.0,0,0,12,illegal,piece_movement,
movement_0098,movement_0098,movement,train,synthetic_movement_0098,1B2k3/8/8/8/8/8/8/4K3 w - - 0 1,white,b8b1,-100.0,-1.0,0,0,12,illegal,piece_movement,
movement_0098,movement_0098,movement,train,synthetic_movement_0098,1B2k3/8/8/8/8/8/8/4K3 w - - 0 1,white,b8c1,-100.0,-1.0,0,0,12,illegal,piece_movement,
movement_0098,movement_0098,movement,train,synthetic_movement_0098,1B2k3/8/8/8/8/8/8/4K3 w - - 0 1,white,b8d1,-100.0,-1.0,0,0,12,illegal,piece_movement,
movement_0098,movement_0098,movement,train,synthetic_movement_0098,1B2k3/8/8/8/8/8/8/4K3 w - - 0 1,white,b8e1,-100.0,-1.0,0,0,12,illegal,piece_movement,
movement_0099,movement_0099,movement,train,synthetic_movement_0099,4k3/8/8/8/8/2R5/8/4K3 w - - 0 1,white,c3a3,100.0,1.0,1,1,19,legal,piece_movement,
movement_0099,movement_0099,movement,train,synthetic_movement_0099,4k3/8/8/8/8/2R5/8/4K3 w - - 0 1,white,c3b3,100.0,1.0,1,1,19,legal,piece_movement,
movement_0099,movement_0099,movement,train,synthetic_movement_0099,4k3/8/8/8/8/2R5/8/4K3 w - - 0 1,white,c3c1,100.0,1.0,1,1,19,legal,piece_movement,
movement_0099,movement_0099,movement,train,synthetic_movement_0099,4k3/8/8/8/8/2R5/8/4K3 w - - 0 1,white,c3c2,100.0,1.0,1,1,19,legal,piece_movement,
movement_0099,movement_0099,movement,train,synthetic_movement_0099,4k3/8/8/8/8/2R5/8/4K3 w - - 0 1,white,c3c4,100.0,1.0,1,1,19,legal,piece_movement,
movement_0099,movement_0099,movement,train,synthetic_movement_0099,4k3/8/8/8/8/2R5/8/4K3 w - - 0 1,white,c3a1,-100.0,-1.0,0,0,19,illegal,piece_movement,
movement_0099,movement_0099,movement,train,synthetic_movement_0099,4k3/8/8/8/8/2R5/8/4K3 w - - 0 1,white,c3b1,-100.0,-1.0,0,0,19,illegal,piece_movement,
movement_0099,movement_0099,movement,train,synthetic_movement_0099,4k3/8/8/8/8/2R5/8/4K3 w - - 0 1,white,c3d1,-100.0,-1.0,0,0,19,illegal,piece_movement,
movement_0099,movement_0099,movement,train,synthetic_movement_0099,4k3/8/8/8/8/2R5/8/4K3 w - - 0 1,white,c3e1,-100.0,-1.0,0,0,19,illegal,piece_movement,
movement_0099,movement_0099,movement,train,synthetic_movement_0099,4k3/8/8/8/8/2R5/8/4K3 w - - 0 1,white,c3f1,-100.0,-1.0,0,0,19,illegal,piece_movement,
movement_0100,movement_0100,movement,train,synthetic_movement_0100,4k3/8/8/8/8/2Q5/8/4K3 w - - 0 1,white,c3a1,100.0,1.0,1,1,29,legal,piece_movement,
movement_0100,movement_0100,movement,train,synthetic_movement_0100,4k3/8/8/8/8/2Q5/8/4K3 w - - 0 1,white,c3a3,100.0,1.0,1,1,29,legal,piece_movement,
movement_0100,movement_0100,movement,train,synthetic_movement_0100,4k3/8/8/8/8/2Q5/8/4K3 w - - 0 1,white,c3a5,100.0,1.0,1,1,29,legal,piece_movement,
movement_0100,movement_0100,movement,train,synthetic_movement_0100,4k3/8/8/8/8/2Q5/8/4K3 w - - 0 1,white,c3b2,100.0,1.0,1,1,29,legal,piece_movement,
movement_0100,movement_0100,movement,train,synthetic_movement_0100,4k3/8/8/8/8/2Q5/8/4K3 w - - 0 1,white,c3b3,100.0,1.0,1,1,29,legal,piece_movement,
movement_0100,movement_0100,movement,train,synthetic_movement_0100,4k3/8/8/8/8/2Q5/8/4K3 w - - 0 1,white,c3b1,-100.0,-1.0,0,0,29,illegal,piece_movement,
movement_0100,movement_0100,movement,train,synthetic_movement_0100,4k3/8/8/8/8/2Q5/8/4K3 w - - 0 1,white,c3d1,-100.0,-1.0,0,0,29,illegal,piece_movement,
movement_0100,movement_0100,movement,train,synthetic_movement_0100,4k3/8/8/8/8/2Q5/8/4K3 w - - 0 1,white,c3e1,-100.0,-1.0,0,0,29,illegal,piece_movement,
movement_0100,movement_0100,movement,train,synthetic_movement_0100,4k3/8/8/8/8/2Q5/8/4K3 w - - 0 1,white,c3f1,-100.0,-1.0,0,0,29,illegal,piece_movement,
movement_0100,movement_0100,movement,train,synthetic_movement_0100,4k3/8/8/8/8/2Q5/8/4K3 w - - 0 1,white,c3g1,-100.0,-1.0,0,0,29,illegal,piece_movement,
movement_0101,movement_0101,movement,train,synthetic_movement_0101,4k3/8/8/8/8/8/3K4/4K3 w - - 0 1,white,d2c1,100.0,1.0,1,1,11,legal,piece_movement,
movement_0101,movement_0101,movement,train,synthetic_movement_0101,4k3/8/8/8/8/8/3K4/4K3 w - - 0 1,white,d2c2,100.0,1.0,1,1,11,legal,piece_movement,
movement_0101,movement_0101,movement,train,synthetic_movement_0101,4k3/8/8/8/8/8/3K4/4K3 w - - 0 1,white,d2c3,100.0,1.0,1,1,11,legal,piece_movement,
movement_0101,movement_0101,movement,train,synthetic_movement_0101,4k3/8/8/8/8/8/3K4/4K3 w - - 0 1,white,d2d1,100.0,1.0,1,1,11,legal,piece_movement,
movement_0101,movement_0101,movement,train,synthetic_movement_0101,4k3/8/8/8/8/8/3K4/4K3 w - - 0 1,white,d2d3,100.0,1.0,1,1,11,legal,piece_movement,
movement_0101,movement_0101,movement,train,synthetic_movement_0101,4k3/8/8/8/8/8/3K4/4K3 w - - 0 1,white,d2a1,-100.0,-1.0,0,0,11,illegal,piece_movement,
movement_0101,movement_0101,movement,train,synthetic_movement_0101,4k3/8/8/8/8/8/3K4/4K3 w - - 0 1,white,d2b1,-100.0,-1.0,0,0,11,illegal,piece_movement,
movement_0101,movement_0101,movement,train,synthetic_movement_0101,4k3/8/8/8/8/8/3K4/4K3 w - - 0 1,white,d2e1,-100.0,-1.0,0,0,11,illegal,piece_movement,
movement_0101,movement_0101,movement,train,synthetic_movement_0101,4k3/8/8/8/8/8/3K4/4K3 w - - 0 1,white,d2f1,-100.0,-1.0,0,0,11,illegal,piece_movement,
movement_0101,movement_0101,movement,train,synthetic_movement_0101,4k3/8/8/8/8/8/3K4/4K3 w - - 0 1,white,d2g1,-100.0,-1.0,0,0,11,illegal,piece_movement,
movement_0102,movement_0102,movement,train,synthetic_movement_0102,4k3/p7/8/8/8/8/8/4K3 b - - 0 1,black,a7a5,100.0,1.0,1,1,7,legal,piece_movement,
movement_0102,movement_0102,movement,train,synthetic_movement_0102,4k3/p7/8/8/8/8/8/4K3 b - - 0 1,black,a7a6,100.0,1.0,1,1,7,legal,piece_movement,
movement_0102,movement_0102,movement,train,synthetic_movement_0102,4k3/p7/8/8/8/8/8/4K3 b - - 0 1,black,a7a1,-100.0,-1.0,0,0,7,illegal,piece_movement,
movement_0102,movement_0102,movement,train,synthetic_movement_0102,4k3/p7/8/8/8/8/8/4K3 b - - 0 1,black,a7b1,-100.0,-1.0,0,0,7,illegal,piece_movement,
movement_0102,movement_0102,movement,train,synthetic_movement_0102,4k3/p7/8/8/8/8/8/4K3 b - - 0 1,black,a7c1,-100.0,-1.0,0,0,7,illegal,piece_movement,
movement_0102,movement_0102,movement,train,synthetic_movement_0102,4k3/p7/8/8/8/8/8/4K3 b - - 0 1,black,a7d1,-100.0,-1.0,0,0,7,illegal,piece_movement,
movement_0102,movement_0102,movement,train,synthetic_movement_0102,4k3/p7/8/8/8/8/8/4K3 b - - 0 1,black,a7e1,-100.0,-1.0,0,0,7,illegal,piece_movement,
movement_0103,movement_0103,movement,train,synthetic_movement_0103,4k3/8/8/8/8/8/n7/4K3 b - - 0 1,black,a2b4,100.0,1.0,1,1,8,legal,piece_movement,
movement_0103,movement_0103,movement,train,synthetic_movement_0103,4k3/8/8/8/8/8/n7/4K3 b - - 0 1,black,a2c1,100.0,1.0,1,1,8,legal,piece_movement,
movement_0103,movement_0103,movement,train,synthetic_movement_0103,4k3/8/8/8/8/8/n7/4K3 b - - 0 1,black,a2c3,100.0,1.0,1,1,8,legal,piece_movement,
movement_0103,movement_0103,movement,train,synthetic_movement_0103,4k3/8/8/8/8/8/n7/4K3 b - - 0 1,black,a2a1,-100.0,-1.0,0,0,8,illegal,piece_movement,
movement_0103,movement_0103,movement,train,synthetic_movement_0103,4k3/8/8/8/8/8/n7/4K3 b - - 0 1,black,a2b1,-100.0,-1.0,0,0,8,illegal,piece_movement,
movement_0103,movement_0103,movement,train,synthetic_movement_0103,4k3/8/8/8/8/8/n7/4K3 b - - 0 1,black,a2d1,-100.0,-1.0,0,0,8,illegal,piece_movement,
movement_0103,movement_0103,movement,train,synthetic_movement_0103,4k3/8/8/8/8/8/n7/4K3 b - - 0 1,black,a2e1,-100.0,-1.0,0,0,8,illegal,piece_movement,
movement_0103,movement_0103,movement,train,synthetic_movement_0103,4k3/8/8/8/8/8/n7/4K3 b - - 0 1,black,a2f1,-100.0,-1.0,0,0,8,illegal,piece_movement,
movement_0104,movement_0104,movement,train,synthetic_movement_0104,4k3/8/8/8/5b2/8/8/4K3 b - - 0 1,black,f4b8,100.0,1.0,1,1,16,legal,piece_movement,
movement_0104,movement_0104,movement,train,synthetic_movement_0104,4k3/8/8/8/5b2/8/8/4K3 b - - 0 1,black,f4c1,100.0,1.0,1,1,16,legal,piece_movement,
movement_0104,movement_0104,movement,train,synthetic_movement_0104,4k3/8/8/8/5b2/8/8/4K3 b - - 0 1,black,f4c7,100.0,1.0,1,1,16,legal,piece_movement,
movement_0104,movement_0104,movement,train,synthetic_movement_0104,4k3/8/8/8/5b2/8/8/4K3 b - - 0 1,black,f4d2,100.0,1.0,1,1,16,legal,piece_movement,
movement_0104,movement_0104,movement,train,synthetic_movement_0104,4k3/8/8/8/5b2/8/8/4K3 b - - 0 1,black,f4d6,100.0,1.0,1,1,16,legal,piece_movement,
movement_0104,movement_0104,movement,train,synthetic_movement_0104,4k3/8/8/8/5b2/8/8/4K3 b - - 0 1,black,f4a1,-100.0,-1.0,0,0,16,illegal,piece_movement,
movement_0104,movement_0104,movement,train,synthetic_movement_0104,4k3/8/8/8/5b2/8/8/4K3 b - - 0 1,black,f4b1,-100.0,-1.0,0,0,16,illegal,piece_movement,
movement_0104,movement_0104,movement,train,synthetic_movement_0104,4k3/8/8/8/5b2/8/8/4K3 b - - 0 1,black,f4d1,-100.0,-1.0,0,0,16,illegal,piece_movement,
movement_0104,movement_0104,movement,train,synthetic_movement_0104,4k3/8/8/8/5b2/8/8/4K3 b - - 0 1,black,f4e1,-100.0,-1.0,0,0,16,illegal,piece_movement,
movement_0104,movement_0104,movement,train,synthetic_movement_0104,4k3/8/8/8/5b2/8/8/4K3 b - - 0 1,black,f4f1,-100.0,-1.0,0,0,16,illegal,piece_movement,
movement_0105,movement_0105,movement,train,synthetic_movement_0105,4k3/8/3r4/8/8/8/8/4K3 b - - 0 1,black,d6a6,100.0,1.0,1,1,19,legal,piece_movement,
movement_0105,movement_0105,movement,train,synthetic_movement_0105,4k3/8/3r4/8/8/8/8/4K3 b - - 0 1,black,d6b6,100.0,1.0,1,1,19,legal,piece_movement,
movement_0105,movement_0105,movement,train,synthetic_movement_0105,4k3/8/3r4/8/8/8/8/4K3 b - - 0 1,black,d6c6,100.0,1.0,1,1,19,legal,piece_movement,
movement_0105,movement_0105,movement,train,synthetic_movement_0105,4k3/8/3r4/8/8/8/8/4K3 b - - 0 1,black,d6d1,100.0,1.0,1,1,19,legal,piece_movement,
movement_0105,movement_0105,movement,train,synthetic_movement_0105,4k3/8/3r4/8/8/8/8/4K3 b - - 0 1,black,d6d2,100.0,1.0,1,1,19,legal,piece_movement,
movement_0105,movement_0105,movement,train,synthetic_movement_0105,4k3/8/3r4/8/8/8/8/4K3 b - - 0 1,black,d6a1,-100.0,-1.0,0,0,19,illegal,piece_movement,
movement_0105,movement_0105,movement,train,synthetic_movement_0105,4k3/8/3r4/8/8/8/8/4K3 b - - 0 1,black,d6b1,-100.0,-1.0,0,0,19,illegal,piece_movement,
movement_0105,movement_0105,movement,train,synthetic_movement_0105,4k3/8/3r4/8/8/8/8/4K3 b - - 0 1,black,d6c1,-100.0,-1.0,0,0,19,illegal,piece_movement,
movement_0105,movement_0105,movement,train,synthetic_movement_0105,4k3/8/3r4/8/8/8/8/4K3 b - - 0 1,black,d6e1,-100.0,-1.0,0,0,19,illegal,piece_movement,
movement_0105,movement_0105,movement,train,synthetic_movement_0105,4k3/8/3r4/8/8/8/8/4K3 b - - 0 1,black,d6f1,-100.0,-1.0,0,0,19,illegal,piece_movement,
movement_0106,movement_0106,movement,train,synthetic_movement_0106,4k2q/8/8/8/8/8/8/4K3 b - - 0 1,black,h8a1,100.0,1.0,1,1,21,legal,piece_movement,
movement_0106,movement_0106,movement,train,synthetic_movement_0106,4k2q/8/8/8/8/8/8/4K3 b - - 0 1,black,h8b2,100.0,1.0,1,1,21,legal,piece_movement,
movement_0106,movement_0106,movement,train,synthetic_movement_0106,4k2q/8/8/8/8/8/8/4K3 b - - 0 1,black,h8c3,100.0,1.0,1,1,21,legal,piece_movement,
movement_0106,movement_0106,movement,train,synthetic_movement_0106,4k2q/8/8/8/8/8/8/4K3 b - - 0 1,black,h8d4,100.0,1.0,1,1,21,legal,piece_movement,
movement_0106,movement_0106,movement,train,synthetic_movement_0106,4k2q/8/8/8/8/8/8/4K3 b - - 0 1,black,h8e5,100.0,1.0,1,1,21,legal,piece_movement,
movement_0106,movement_0106,movement,train,synthetic_movement_0106,4k2q/8/8/8/8/8/8/4K3 b - - 0 1,black,h8b1,-100.0,-1.0,0,0,21,illegal,piece_movement,
movement_0106,movement_0106,movement,train,synthetic_movement_0106,4k2q/8/8/8/8/8/8/4K3 b - - 0 1,black,h8c1,-100.0,-1.0,0,0,21,illegal,piece_movement,
movement_0106,movement_0106,movement,train,synthetic_movement_0106,4k2q/8/8/8/8/8/8/4K3 b - - 0 1,black,h8d1,-100.0,-1.0,0,0,21,illegal,piece_movement,
movement_0106,movement_0106,movement,train,synthetic_movement_0106,4k2q/8/8/8/8/8/8/4K3 b - - 0 1,black,h8e1,-100.0,-1.0,0,0,21,illegal,piece_movement,
movement_0106,movement_0106,movement,train,synthetic_movement_0106,4k2q/8/8/8/8/8/8/4K3 b - - 0 1,black,h8f1,-100.0,-1.0,0,0,21,illegal,piece_movement,
movement_0107,movement_0107,movement,train,synthetic_movement_0107,4k3/8/8/8/8/8/8/1k2K3 b - - 0 1,black,b1a1,100.0,1.0,1,1,10,legal,piece_movement,
movement_0107,movement_0107,movement,train,synthetic_movement_0107,4k3/8/8/8/8/8/8/1k2K3 b - - 0 1,black,b1a2,100.0,1.0,1,1,10,legal,piece_movement,
movement_0107,movement_0107,movement,train,synthetic_movement_0107,4k3/8/8/8/8/8/8/1k2K3 b - - 0 1,black,b1b2,100.0,1.0,1,1,10,legal,piece_movement,
movement_0107,movement_0107,movement,train,synthetic_movement_0107,4k3/8/8/8/8/8/8/1k2K3 b - - 0 1,black,b1c1,100.0,1.0,1,1,10,legal,piece_movement,
movement_0107,movement_0107,movement,train,synthetic_movement_0107,4k3/8/8/8/8/8/8/1k2K3 b - - 0 1,black,b1c2,100.0,1.0,1,1,10,legal,piece_movement,
movement_0107,movement_0107,movement,train,synthetic_movement_0107,4k3/8/8/8/8/8/8/1k2K3 b - - 0 1,black,b1d1,-100.0,-1.0,0,0,10,illegal,piece_movement,
movement_0107,movement_0107,movement,train,synthetic_movement_0107,4k3/8/8/8/8/8/8/1k2K3 b - - 0 1,black,b1e1,-100.0,-1.0,0,0,10,illegal,piece_movement,
movement_0107,movement_0107,movement,train,synthetic_movement_0107,4k3/8/8/8/8/8/8/1k2K3 b - - 0 1,black,b1f1,-100.0,-1.0,0,0,10,illegal,piece_movement,
movement_0107,movement_0107,movement,train,synthetic_movement_0107,4k3/8/8/8/8/8/8/1k2K3 b - - 0 1,black,b1g1,-100.0,-1.0,0,0,10,illegal,piece_movement,
movement_0107,movement_0107,movement,train,synthetic_movement_0107,4k3/8/8/8/8/8/8/1k2K3 b - - 0 1,black,b1h1,-100.0,-1.0,0,0,10,illegal,piece_movement,
movement_0108,movement_0108,movement,train,synthetic_movement_0108,4k3/8/8/8/8/8/P7/4K3 w - - 0 1,white,a2a3,100.0,1.0,1,1,7,legal,piece_movement,
movement_0108,movement_0108,movement,train,synthetic_movement_0108,4k3/8/8/8/8/8/P7/4K3 w - - 0 1,white,a2a4,100.0,1.0,1,1,7,legal,piece_movement,
movement_0108,movement_0108,movement,train,synthetic_movement_0108,4k3/8/8/8/8/8/P7/4K3 w - - 0 1,white,a2a1,-100.0,-1.0,0,0,7,illegal,piece_movement,
movement_0108,movement_0108,movement,train,synthetic_movement_0108,4k3/8/8/8/8/8/P7/4K3 w - - 0 1,white,a2b1,-100.0,-1.0,0,0,7,illegal,piece_movement,
movement_0108,movement_0108,movement,train,synthetic_movement_0108,4k3/8/8/8/8/8/P7/4K3 w - - 0 1,white,a2c1,-100.0,-1.0,0,0,7,illegal,piece_movement,
movement_0108,movement_0108,movement,train,synthetic_movement_0108,4k3/8/8/8/8/8/P7/4K3 w - - 0 1,white,a2d1,-100.0,-1.0,0,0,7,illegal,piece_movement,
movement_0108,movement_0108,movement,train,synthetic_movement_0108,4k3/8/8/8/8/8/P7/4K3 w - - 0 1,white,a2e1,-100.0,-1.0,0,0,7,illegal,piece_movement,
movement_0109,movement_0109,movement,train,synthetic_movement_0109,4k3/8/8/8/8/8/8/1N2K3 w - - 0 1,white,b1a3,100.0,1.0,1,1,8,legal,piece_movement,
movement_0109,movement_0109,movement,train,synthetic_movement_0109,4k3/8/8/8/8/8/8/1N2K3 w - - 0 1,white,b1c3,100.0,1.0,1,1,8,legal,piece_movement,
movement_0109,movement_0109,movement,train,synthetic_movement_0109,4k3/8/8/8/8/8/8/1N2K3 w - - 0 1,white,b1d2,100.0,1.0,1,1,8,legal,piece_movement,
movement_0109,movement_0109,movement,train,synthetic_movement_0109,4k3/8/8/8/8/8/8/1N2K3 w - - 0 1,white,b1a1,-100.0,-1.0,0,0,8,illegal,piece_movement,
movement_0109,movement_0109,movement,train,synthetic_movement_0109,4k3/8/8/8/8/8/8/1N2K3 w - - 0 1,white,b1c1,-100.0,-1.0,0,0,8,illegal,piece_movement,
movement_0109,movement_0109,movement,train,synthetic_movement_0109,4k3/8/8/8/8/8/8/1N2K3 w - - 0 1,white,b1d1,-100.0,-1.0,0,0,8,illegal,piece_movement,
movement_0109,movement_0109,movement,train,synthetic_movement_0109,4k3/8/8/8/8/8/8/1N2K3 w - - 0 1,white,b1e1,-100.0,-1.0,0,0,8,illegal,piece_movement,
movement_0109,movement_0109,movement,train,synthetic_movement_0109,4k3/8/8/8/8/8/8/1N2K3 w - - 0 1,white,b1f1,-100.0,-1.0,0,0,8,illegal,piece_movement,
movement_0110,movement_0110,movement,train,synthetic_movement_0110,4k3/8/8/8/8/8/3B4/4K3 w - - 0 1,white,d2a5,100.0,1.0,1,1,12,legal,piece_movement,
movement_0110,movement_0110,movement,train,synthetic_movement_0110,4k3/8/8/8/8/8/3B4/4K3 w - - 0 1,white,d2b4,100.0,1.0,1,1,12,legal,piece_movement,
movement_0110,movement_0110,movement,train,synthetic_movement_0110,4k3/8/8/8/8/8/3B4/4K3 w - - 0 1,white,d2c1,100.0,1.0,1,1,12,legal,piece_movement,
movement_0110,movement_0110,movement,train,synthetic_movement_0110,4k3/8/8/8/8/8/3B4/4K3 w - - 0 1,white,d2c3,100.0,1.0,1,1,12,legal,piece_movement,
movement_0110,movement_0110,movement,train,synthetic_movement_0110,4k3/8/8/8/8/8/3B4/4K3 w - - 0 1,white,d2e3,100.0,1.0,1,1,12,legal,piece_movement,
movement_0110,movement_0110,movement,train,synthetic_movement_0110,4k3/8/8/8/8/8/3B4/4K3 w - - 0 1,white,d2a1,-100.0,-1.0,0,0,12,illegal,piece_movement,
movement_0110,movement_0110,movement,train,synthetic_movement_0110,4k3/8/8/8/8/8/3B4/4K3 w - - 0 1,white,d2b1,-100.0,-1.0,0,0,12,illegal,piece_movement,
movement_0110,movement_0110,movement,train,synthetic_movement_0110,4k3/8/8/8/8/8/3B4/4K3 w - - 0 1,white,d2d1,-100.0,-1.0,0,0,12,illegal,piece_movement,
movement_0110,movement_0110,movement,train,synthetic_movement_0110,4k3/8/8/8/8/8/3B4/4K3 w - - 0 1,white,d2e1,-100.0,-1.0,0,0,12,illegal,piece_movement,
movement_0110,movement_0110,movement,train,synthetic_movement_0110,4k3/8/8/8/8/8/3B4/4K3 w - - 0 1,white,d2f1,-100.0,-1.0,0,0,12,illegal,piece_movement,
movement_0111,movement_0111,movement,train,synthetic_movement_0111,4k3/8/8/4R3/8/8/8/4K3 w - - 0 1,white,e5a5,100.0,1.0,1,1,18,legal,piece_movement,
movement_0111,movement_0111,movement,train,synthetic_movement_0111,4k3/8/8/4R3/8/8/8/4K3 w - - 0 1,white,e5b5,100.0,1.0,1,1,18,legal,piece_movement,
movement_0111,movement_0111,movement,train,synthetic_movement_0111,4k3/8/8/4R3/8/8/8/4K3 w - - 0 1,white,e5c5,100.0,1.0,1,1,18,legal,piece_movement,
movement_0111,movement_0111,movement,train,synthetic_movement_0111,4k3/8/8/4R3/8/8/8/4K3 w - - 0 1,white,e5d5,100.0,1.0,1,1,18,legal,piece_movement,
movement_0111,movement_0111,movement,train,synthetic_movement_0111,4k3/8/8/4R3/8/8/8/4K3 w - - 0 1,white,e5e2,100.0,1.0,1,1,18,legal,piece_movement,
movement_0111,movement_0111,movement,train,synthetic_movement_0111,4k3/8/8/4R3/8/8/8/4K3 w - - 0 1,white,e5a1,-100.0,-1.0,0,0,18,illegal,piece_movement,
movement_0111,movement_0111,movement,train,synthetic_movement_0111,4k3/8/8/4R3/8/8/8/4K3 w - - 0 1,white,e5b1,-100.0,-1.0,0,0,18,illegal,piece_movement,
movement_0111,movement_0111,movement,train,synthetic_movement_0111,4k3/8/8/4R3/8/8/8/4K3 w - - 0 1,white,e5c1,-100.0,-1.0,0,0,18,illegal,piece_movement,
movement_0111,movement_0111,movement,train,synthetic_movement_0111,4k3/8/8/4R3/8/8/8/4K3 w - - 0 1,white,e5d1,-100.0,-1.0,0,0,18,illegal,piece_movement,
movement_0111,movement_0111,movement,train,synthetic_movement_0111,4k3/8/8/4R3/8/8/8/4K3 w - - 0 1,white,e5e1,-100.0,-1.0,0,0,18,illegal,piece_movement,
movement_0112,movement_0112,movement,train,synthetic_movement_0112,4k3/8/8/8/8/1Q6/8/4K3 w - - 0 1,white,b3a2,100.0,1.0,1,1,28,legal,piece_movement,
movement_0112,movement_0112,movement,train,synthetic_movement_0112,4k3/8/8/8/8/1Q6/8/4K3 w - - 0 1,white,b3a3,100.0,1.0,1,1,28,legal,piece_movement,
movement_0112,movement_0112,movement,train,synthetic_movement_0112,4k3/8/8/8/8/1Q6/8/4K3 w - - 0 1,white,b3a4,100.0,1.0,1,1,28,legal,piece_movement,
movement_0112,movement_0112,movement,train,synthetic_movement_0112,4k3/8/8/8/8/1Q6/8/4K3 w - - 0 1,white,b3b1,100.0,1.0,1,1,28,legal,piece_movement,
movement_0112,movement_0112,movement,train,synthetic_movement_0112,4k3/8/8/8/8/1Q6/8/4K3 w - - 0 1,white,b3b2,100.0,1.0,1,1,28,legal,piece_movement,
movement_0112,movement_0112,movement,train,synthetic_movement_0112,4k3/8/8/8/8/1Q6/8/4K3 w - - 0 1,white,b3a1,-100.0,-1.0,0,0,28,illegal,piece_movement,
movement_0112,movement_0112,movement,train,synthetic_movement_0112,4k3/8/8/8/8/1Q6/8/4K3 w - - 0 1,white,b3c1,-100.0,-1.0,0,0,28,illegal,piece_movement,
movement_0112,movement_0112,movement,train,synthetic_movement_0112,4k3/8/8/8/8/1Q6/8/4K3 w - - 0 1,white,b3e1,-100.0,-1.0,0,0,28,illegal,piece_movement,
movement_0112,movement_0112,movement,train,synthetic_movement_0112,4k3/8/8/8/8/1Q6/8/4K3 w - - 0 1,white,b3f1,-100.0,-1.0,0,0,28,illegal,piece_movement,
movement_0112,movement_0112,movement,train,synthetic_movement_0112,4k3/8/8/8/8/1Q6/8/4K3 w - - 0 1,white,b3g1,-100.0,-1.0,0,0,28,illegal,piece_movement,
movement_0113,movement_0113,movement,train,synthetic_movement_0113,4k3/8/2K5/8/8/8/8/4K3 w - - 0 1,white,c6b5,100.0,1.0,1,1,12,legal,piece_movement,
movement_0113,movement_0113,movement,train,synthetic_movement_0113,4k3/8/2K5/8/8/8/8/4K3 w - - 0 1,white,c6b6,100.0,1.0,1,1,12,legal,piece_movement,
movement_0113,movement_0113,movement,train,synthetic_movement_0113,4k3/8/2K5/8/8/8/8/4K3 w - - 0 1,white,c6b7,100.0,1.0,1,1,12,legal,piece_movement,
movement_0113,movement_0113,movement,train,synthetic_movement_0113,4k3/8/2K5/8/8/8/8/4K3 w - - 0 1,white,c6c5,100.0,1.0,1,1,12,legal,piece_movement,
movement_0113,movement_0113,movement,train,synthetic_movement_0113,4k3/8/2K5/8/8/8/8/4K3 w - - 0 1,white,c6c7,100.0,1.0,1,1,12,legal,piece_movement,
movement_0113,movement_0113,movement,train,synthetic_movement_0113,4k3/8/2K5/8/8/8/8/4K3 w - - 0 1,white,c6a1,-100.0,-1.0,0,0,12,illegal,piece_movement,
movement_0113,movement_0113,movement,train,synthetic_movement_0113,4k3/8/2K5/8/8/8/8/4K3 w - - 0 1,white,c6b1,-100.0,-1.0,0,0,12,illegal,piece_movement,
movement_0113,movement_0113,movement,train,synthetic_movement_0113,4k3/8/2K5/8/8/8/8/4K3 w - - 0 1,white,c6c1,-100.0,-1.0,0,0,12,illegal,piece_movement,
movement_0113,movement_0113,movement,train,synthetic_movement_0113,4k3/8/2K5/8/8/8/8/4K3 w - - 0 1,white,c6d1,-100.0,-1.0,0,0,12,illegal,piece_movement,
movement_0113,movement_0113,movement,train,synthetic_movement_0113,4k3/8/2K5/8/8/8/8/4K3 w - - 0 1,white,c6e1,-100.0,-1.0,0,0,12,illegal,piece_movement,
movement_0114,movement_0114,movement,train,synthetic_movement_0114,4k3/6p1/8/8/8/8/8/4K3 b - - 0 1,black,g7g5,100.0,1.0,1,1,7,legal,piece_movement,
movement_0114,movement_0114,movement,train,synthetic_movement_0114,4k3/6p1/8/8/8/8/8/4K3 b - - 0 1,black,g7g6,100.0,1.0,1,1,7,legal,piece_movement,
movement_0114,movement_0114,movement,train,synthetic_movement_0114,4k3/6p1/8/8/8/8/8/4K3 b - - 0 1,black,g7a1,-100.0,-1.0,0,0,7,illegal,piece_movement,
movement_0114,movement_0114,movement,train,synthetic_movement_0114,4k3/6p1/8/8/8/8/8/4K3 b - - 0 1,black,g7b1,-100.0,-1.0,0,0,7,illegal,piece_movement,
movement_0114,movement_0114,movement,train,synthetic_movement_0114,4k3/6p1/8/8/8/8/8/4K3 b - - 0 1,black,g7c1,-100.0,-1.0,0,0,7,illegal,piece_movement,
movement_0114,movement_0114,movement,train,synthetic_movement_0114,4k3/6p1/8/8/8/8/8/4K3 b - - 0 1,black,g7d1,-100.0,-1.0,0,0,7,illegal,piece_movement,
movement_0114,movement_0114,movement,train,synthetic_movement_0114,4k3/6p1/8/8/8/8/8/4K3 b - - 0 1,black,g7e1,-100.0,-1.0,0,0,7,illegal,piece_movement,
movement_0115,movement_0115,movement,train,synthetic_movement_0115,n3k3/8/8/8/8/8/8/4K3 b - - 0 1,black,a8b6,100.0,1.0,1,1,7,legal,piece_movement,
movement_0115,movement_0115,movement,train,synthetic_movement_0115,n3k3/8/8/8/8/8/8/4K3 b - - 0 1,black,a8c7,100.0,1.0,1,1,7,legal,piece_movement,
movement_0115,movement_0115,movement,train,synthetic_movement_0115,n3k3/8/8/8/8/8/8/4K3 b - - 0 1,black,a8a1,-100.0,-1.0,0,0,7,illegal,piece_movement,
movement_0115,movement_0115,movement,train,synthetic_movement_0115,n3k3/8/8/8/8/8/8/4K3 b - - 0 1,black,a8b1,-100.0,-1.0,0,0,7,illegal,piece_movement,
movement_0115,movement_0115,movement,train,synthetic_movement_0115,n3k3/8/8/8/8/8/8/4K3 b - - 0 1,black,a8c1,-100.0,-1.0,0,0,7,illegal,piece_movement,
movement_0115,movement_0115,movement,train,synthetic_movement_0115,n3k3/8/8/8/8/8/8/4K3 b - - 0 1,black,a8d1,-100.0,-1.0,0,0,7,illegal,piece_movement,
movement_0115,movement_0115,movement,train,synthetic_movement_0115,n3k3/8/8/8/8/8/8/4K3 b - - 0 1,black,a8e1,-100.0,-1.0,0,0,7,illegal,piece_movement,
movement_0116,movement_0116,movement,train,synthetic_movement_0116,4k3/8/7b/8/8/8/8/4K3 b - - 0 1,black,h6c1,100.0,1.0,1,1,12,legal,piece_movement,
movement_0116,movement_0116,movement,train,synthetic_movement_0116,4k3/8/7b/8/8/8/8/4K3 b - - 0 1,black,h6d2,100.0,1.0,1,1,12,legal,piece_movement,
movement_0116,movement_0116,movement,train,synthetic_movement_0116,4k3/8/7b/8/8/8/8/4K3 b - - 0 1,black,h6e3,100.0,1.0,1,1,12,legal,piece_movement,
movement_0116,movement_0116,movement,train,synthetic_movement_0116,4k3/8/7b/8/8/8/8/4K3 b - - 0 1,black,h6f4,100.0,1.0,1,1,12,legal,piece_movement,
movement_0116,movement_0116,movement,train,synthetic_movement_0116,4k3/8/7b/8/8/8/8/4K3 b - - 0 1,black,h6f8,100.0,1.0,1,1,12,legal,piece_movement,
movement_0116,movement_0116,movement,train,synthetic_movement_0116,4k3/8/7b/8/8/8/8/4K3 b - - 0 1,black,h6a1,-100.0,-1.0,0,0,12,illegal,piece_movement,
movement_0116,movement_0116,movement,train,synthetic_movement_0116,4k3/8/7b/8/8/8/8/4K3 b - - 0 1,black,h6b1,-100.0,-1.0,0,0,12,illegal,piece_movement,
movement_0116,movement_0116,movement,train,synthetic_movement_0116,4k3/8/7b/8/8/8/8/4K3 b - - 0 1,black,h6d1,-100.0,-1.0,0,0,12,illegal,piece_movement,
movement_0116,movement_0116,movement,train,synthetic_movement_0116,4k3/8/7b/8/8/8/8/4K3 b - - 0 1,black,h6e1,-100.0,-1.0,0,0,12,illegal,piece_movement,
movement_0116,movement_0116,movement,train,synthetic_movement_0116,4k3/8/7b/8/8/8/8/4K3 b - - 0 1,black,h6f1,-100.0,-1.0,0,0,12,illegal,piece_movement,
movement_0117,movement_0117,movement,train,synthetic_movement_0117,4k3/8/8/8/8/r7/8/4K3 b - - 0 1,black,a3a1,100.0,1.0,1,1,19,legal,piece_movement,
movement_0117,movement_0117,movement,train,synthetic_movement_0117,4k3/8/8/8/8/r7/8/4K3 b - - 0 1,black,a3a2,100.0,1.0,1,1,19,legal,piece_movement,
movement_0117,movement_0117,movement,train,synthetic_movement_0117,4k3/8/8/8/8/r7/8/4K3 b - - 0 1,black,a3a4,100.0,1.0,1,1,19,legal,piece_movement,
movement_0117,movement_0117,movement,train,synthetic_movement_0117,4k3/8/8/8/8/r7/8/4K3 b - - 0 1,black,a3a5,100.0,1.0,1,1,19,legal,piece_movement,
movement_0117,movement_0117,movement,train,synthetic_movement_0117,4k3/8/8/8/8/r7/8/4K3 b - - 0 1,black,a3a6,100.0,1.0,1,1,19,legal,piece_movement,
movement_0117,movement_0117,movement,train,synthetic_movement_0117,4k3/8/8/8/8/r7/8/4K3 b - - 0 1,black,a3b1,-100.0,-1.0,0,0,19,illegal,piece_movement,
movement_0117,movement_0117,movement,train,synthetic_movement_0117,4k3/8/8/8/8/r7/8/4K3 b - - 0 1,black,a3c1,-100.0,-1.0,0,0,19,illegal,piece_movement,
movement_0117,movement_0117,movement,train,synthetic_movement_0117,4k3/8/8/8/8/r7/8/4K3 b - - 0 1,black,a3d1,-100.0,-1.0,0,0,19,illegal,piece_movement,
movement_0117,movement_0117,movement,train,synthetic_movement_0117,4k3/8/8/8/8/r7/8/4K3 b - - 0 1,black,a3e1,-100.0,-1.0,0,0,19,illegal,piece_movement,
movement_0117,movement_0117,movement,train,synthetic_movement_0117,4k3/8/8/8/8/r7/8/4K3 b - - 0 1,black,a3f1,-100.0,-1.0,0,0,19,illegal,piece_movement,
movement_0118,movement_0118,movement,train,synthetic_movement_0118,4k3/8/8/2q5/8/8/8/4K3 b - - 0 1,black,c5a3,100.0,1.0,1,1,30,legal,piece_movement,
movement_0118,movement_0118,movement,train,synthetic_movement_0118,4k3/8/8/2q5/8/8/8/4K3 b - - 0 1,black,c5a5,100.0,1.0,1,1,30,legal,piece_movement,
movement_0118,movement_0118,movement,train,synthetic_movement_0118,4k3/8/8/2q5/8/8/8/4K3 b - - 0 1,black,c5a7,100.0,1.0,1,1,30,legal,piece_movement,
movement_0118,movement_0118,movement,train,synthetic_movement_0118,4k3/8/8/2q5/8/8/8/4K3 b - - 0 1,black,c5b4,100.0,1.0,1,1,30,legal,piece_movement,
movement_0118,movement_0118,movement,train,synthetic_movement_0118,4k3/8/8/2q5/8/8/8/4K3 b - - 0 1,black,c5b5,100.0,1.0,1,1,30,legal,piece_movement,
movement_0118,movement_0118,movement,train,synthetic_movement_0118,4k3/8/8/2q5/8/8/8/4K3 b - - 0 1,black,c5a1,-100.0,-1.0,0,0,30,illegal,piece_movement,
movement_0118,movement_0118,movement,train,synthetic_movement_0118,4k3/8/8/2q5/8/8/8/4K3 b - - 0 1,black,c5b1,-100.0,-1.0,0,0,30,illegal,piece_movement,
movement_0118,movement_0118,movement,train,synthetic_movement_0118,4k3/8/8/2q5/8/8/8/4K3 b - - 0 1,black,c5d1,-100.0,-1.0,0,0,30,illegal,piece_movement,
movement_0118,movement_0118,movement,train,synthetic_movement_0118,4k3/8/8/2q5/8/8/8/4K3 b - - 0 1,black,c5e1,-100.0,-1.0,0,0,30,illegal,piece_movement,
movement_0118,movement_0118,movement,train,synthetic_movement_0118,4k3/8/8/2q5/8/8/8/4K3 b - - 0 1,black,c5f1,-100.0,-1.0,0,0,30,illegal,piece_movement,
movement_0119,movement_0119,movement,train,synthetic_movement_0119,4k3/8/8/8/8/8/7k/4K3 b - - 0 1,black,h2g1,100.0,1.0,1,1,10,legal,piece_movement,
movement_0119,movement_0119,movement,train,synthetic_movement_0119,4k3/8/8/8/8/8/7k/4K3 b - - 0 1,black,h2g2,100.0,1.0,1,1,10,legal,piece_movement,
movement_0119,movement_0119,movement,train,synthetic_movement_0119,4k3/8/8/8/8/8/7k/4K3 b - - 0 1,black,h2g3,100.0,1.0,1,1,10,legal,piece_movement,
movement_0119,movement_0119,movement,train,synthetic_movement_0119,4k3/8/8/8/8/8/7k/4K3 b - - 0 1,black,h2h1,100.0,1.0,1,1,10,legal,piece_movement,
movement_0119,movement_0119,movement,train,synthetic_movement_0119,4k3/8/8/8/8/8/7k/4K3 b - - 0 1,black,h2h3,100.0,1.0,1,1,10,legal,piece_movement,
movement_0119,movement_0119,movement,train,synthetic_movement_0119,4k3/8/8/8/8/8/7k/4K3 b - - 0 1,black,h2a1,-100.0,-1.0,0,0,10,illegal,piece_movement,
movement_0119,movement_0119,movement,train,synthetic_movement_0119,4k3/8/8/8/8/8/7k/4K3 b - - 0 1,black,h2b1,-100.0,-1.0,0,0,10,illegal,piece_movement,
movement_0119,movement_0119,movement,train,synthetic_movement_0119,4k3/8/8/8/8/8/7k/4K3 b - - 0 1,black,h2c1,-100.0,-1.0,0,0,10,illegal,piece_movement,
movement_0119,movement_0119,movement,train,synthetic_movement_0119,4k3/8/8/8/8/8/7k/4K3 b - - 0 1,black,h2d1,-100.0,-1.0,0,0,10,illegal,piece_movement,
movement_0119,movement_0119,movement,train,synthetic_movement_0119,4k3/8/8/8/8/8/7k/4K3 b - - 0 1,black,h2e1,-100.0,-1.0,0,0,10,illegal,piece_movement,
movement_0120,movement_0120,movement,train,synthetic_movement_0120,4k3/8/5P2/8/8/8/8/4K3 w - - 0 1,white,f6f7,100.0,1.0,1,1,6,legal,piece_movement,
movement_0120,movement_0120,movement,train,synthetic_movement_0120,4k3/8/5P2/8/8/8/8/4K3 w - - 0 1,white,f6a1,-100.0,-1.0,0,0,6,illegal,piece_movement,
movement_0120,movement_0120,movement,train,synthetic_movement_0120,4k3/8/5P2/8/8/8/8/4K3 w - - 0 1,white,f6b1,-100.0,-1.0,0,0,6,illegal,piece_movement,
movement_0120,movement_0120,movement,train,synthetic_movement_0120,4k3/8/5P2/8/8/8/8/4K3 w - - 0 1,white,f6c1,-100.0,-1.0,0,0,6,illegal,piece_movement,
movement_0120,movement_0120,movement,train,synthetic_movement_0120,4k3/8/5P2/8/8/8/8/4K3 w - - 0 1,white,f6d1,-100.0,-1.0,0,0,6,illegal,piece_movement,
movement_0120,movement_0120,movement,train,synthetic_movement_0120,4k3/8/5P2/8/8/8/8/4K3 w - - 0 1,white,f6e1,-100.0,-1.0,0,0,6,illegal,piece_movement,
movement_0121,movement_0121,movement,train,synthetic_movement_0121,4k3/8/8/3N4/8/8/8/4K3 w - - 0 1,white,d5b4,100.0,1.0,1,1,13,legal,piece_movement,
movement_0121,movement_0121,movement,train,synthetic_movement_0121,4k3/8/8/3N4/8/8/8/4K3 w - - 0 1,white,d5b6,100.0,1.0,1,1,13,legal,piece_movement,
movement_0121,movement_0121,movement,train,synthetic_movement_0121,4k3/8/8/3N4/8/8/8/4K3 w - - 0 1,white,d5c3,100.0,1.0,1,1,13,legal,piece_movement,
movement_0121,movement_0121,movement,train,synthetic_movement_0121,4k3/8/8/3N4/8/8/8/4K3 w - - 0 1,white,d5c7,100.0,1.0,1,1,13,legal,piece_movement,
movement_0121,movement_0121,movement,train,synthetic_movement_0121,4k3/8/8/3N4/8/8/8/4K3 w - - 0 1,white,d5e3,100.0,1.0,1,1,13,legal,piece_movement,
movement_0121,movement_0121,movement,train,synthetic_movement_0121,4k3/8/8/3N4/8/8/8/4K3 w - - 0 1,white,d5a1,-100.0,-1.0,0,0,13,illegal,piece_movement,
movement_0121,movement_0121,movement,train,synthetic_movement_0121,4k3/8/8/3N4/8/8/8/4K3 w - - 0 1,white,d5b1,-100.0,-1.0,0,0,13,illegal,piece_movement,
movement_0121,movement_0121,movement,train,synthetic_movement_0121,4k3/8/8/3N4/8/8/8/4K3 w - - 0 1,white,d5c1,-100.0,-1.0,0,0,13,illegal,piece_movement,
movement_0121,movement_0121,movement,train,synthetic_movement_0121,4k3/8/8/3N4/8/8/8/4K3 w - - 0 1,white,d5d1,-100.0,-1.0,0,0,13,illegal,piece_movement,
movement_0121,movement_0121,movement,train,synthetic_movement_0121,4k3/8/8/3N4/8/8/8/4K3 w - - 0 1,white,d5e1,-100.0,-1.0,0,0,13,illegal,piece_movement,
movement_0122,movement_0122,movement,train,synthetic_movement_0122,4k3/6B1/8/8/8/8/8/4K3 w - - 0 1,white,g7a1,100.0,1.0,1,1,14,legal,piece_movement,
movement_0122,movement_0122,movement,train,synthetic_movement_0122,4k3/6B1/8/8/8/8/8/4K3 w - - 0 1,white,g7b2,100.0,1.0,1,1,14,legal,piece_movement,
movement_0122,movement_0122,movement,train,synthetic_movement_0122,4k3/6B1/8/8/8/8/8/4K3 w - - 0 1,white,g7c3,100.0,1.0,1,1,14,legal,piece_movement,
movement_0122,movement_0122,movement,train,synthetic_movement_0122,4k3/6B1/8/8/8/8/8/4K3 w - - 0 1,white,g7d4,100.0,1.0,1,1,14,legal,piece_movement,
movement_0122,movement_0122,movement,train,synthetic_movement_0122,4k3/6B1/8/8/8/8/8/4K3 w - - 0 1,white,g7e5,100.0,1.0,1,1,14,legal,piece_movement,
movement_0122,movement_0122,movement,train,synthetic_movement_0122,4k3/6B1/8/8/8/8/8/4K3 w - - 0 1,white,g7b1,-100.0,-1.0,0,0,14,illegal,piece_movement,
movement_0122,movement_0122,movement,train,synthetic_movement_0122,4k3/6B1/8/8/8/8/8/4K3 w - - 0 1,white,g7c1,-100.0,-1.0,0,0,14,illegal,piece_movement,
movement_0122,movement_0122,movement,train,synthetic_movement_0122,4k3/6B1/8/8/8/8/8/4K3 w - - 0 1,white,g7d1,-100.0,-1.0,0,0,14,illegal,piece_movement,
movement_0122,movement_0122,movement,train,synthetic_movement_0122,4k3/6B1/8/8/8/8/8/4K3 w - - 0 1,white,g7e1,-100.0,-1.0,0,0,14,illegal,piece_movement,
movement_0122,movement_0122,movement,train,synthetic_movement_0122,4k3/6B1/8/8/8/8/8/4K3 w - - 0 1,white,g7f1,-100.0,-1.0,0,0,14,illegal,piece_movement,
movement_0123,movement_0123,movement,train,synthetic_movement_0123,4k3/8/8/8/3R4/8/8/4K3 w - - 0 1,white,d4a4,100.0,1.0,1,1,19,legal,piece_movement,
movement_0123,movement_0123,movement,train,synthetic_movement_0123,4k3/8/8/8/3R4/8/8/4K3 w - - 0 1,white,d4b4,100.0,1.0,1,1,19,legal,piece_movement,
movement_0123,movement_0123,movement,train,synthetic_movement_0123,4k3/8/8/8/3R4/8/8/4K3 w - - 0 1,white,d4c4,100.0,1.0,1,1,19,legal,piece_movement,
movement_0123,movement_0123,movement,train,synthetic_movement_0123,4k3/8/8/8/3R4/8/8/4K3 w - - 0 1,white,d4d1,100.0,1.0,1,1,19,legal,piece_movement,
movement_0123,movement_0123,movement,train,synthetic_movement_0123,4k3/8/8/8/3R4/8/8/4K3 w - - 0 1,white,d4d2,100.0,1.0,1,1,19,legal,piece_movement,
movement_0123,movement_0123,movement,train,synthetic_movement_0123,4k3/8/8/8/3R4/8/8/4K3 w - - 0 1,white,d4a1,-100.0,-1.0,0,0,19,illegal,piece_movement,
movement_0123,movement_0123,movement,train,synthetic_movement_0123,4k3/8/8/8/3R4/8/8/4K3 w - - 0 1,white,d4b1,-100.0,-1.0,0,0,19,illegal,piece_movement,
movement_0123,movement_0123,movement,train,synthetic_movement_0123,4k3/8/8/8/3R4/8/8/4K3 w - - 0 1,white,d4c1,-100.0,-1.0,0,0,19,illegal,piece_movement,
movement_0123,movement_0123,movement,train,synthetic_movement_0123,4k3/8/8/8/3R4/8/8/4K3 w - - 0 1,white,d4e1,-100.0,-1.0,0,0,19,illegal,piece_movement,
movement_0123,movement_0123,movement,train,synthetic_movement_0123,4k3/8/8/8/3R4/8/8/4K3 w - - 0 1,white,d4f1,-100.0,-1.0,0,0,19,illegal,piece_movement,
movement_0124,movement_0124,movement,train,synthetic_movement_0124,4k3/8/8/8/8/8/6Q1/4K3 w - - 0 1,white,g2a2,100.0,1.0,1,1,28,legal,piece_movement,
movement_0124,movement_0124,movement,train,synthetic_movement_0124,4k3/8/8/8/8/8/6Q1/4K3 w - - 0 1,white,g2a8,100.0,1.0,1,1,28,legal,piece_movement,
movement_0124,movement_0124,movement,train,synthetic_movement_0124,4k3/8/8/8/8/8/6Q1/4K3 w - - 0 1,white,g2b2,100.0,1.0,1,1,28,legal,piece_movement,
movement_0124,movement_0124,movement,train,synthetic_movement_0124,4k3/8/8/8/8/8/6Q1/4K3 w - - 0 1,white,g2b7,100.0,1.0,1,1,28,legal,piece_movement,
movement_0124,movement_0124,movement,train,synthetic_movement_0124,4k3/8/8/8/8/8/6Q1/4K3 w - - 0 1,white,g2c2,100.0,1.0,1,1,28,legal,piece_movement,
movement_0124,movement_0124,movement,train,synthetic_movement_0124,4k3/8/8/8/8/8/6Q1/4K3 w - - 0 1,white,g2a1,-100.0,-1.0,0,0,28,illegal,piece_movement,
movement_0124,movement_0124,movement,train,synthetic_movement_0124,4k3/8/8/8/8/8/6Q1/4K3 w - - 0 1,white,g2b1,-100.0,-1.0,0,0,28,illegal,piece_movement,
movement_0124,movement_0124,movement,train,synthetic_movement_0124,4k3/8/8/8/8/8/6Q1/4K3 w - - 0 1,white,g2c1,-100.0,-1.0,0,0,28,illegal,piece_movement,
movement_0124,movement_0124,movement,train,synthetic_movement_0124,4k3/8/8/8/8/8/6Q1/4K3 w - - 0 1,white,g2d1,-100.0,-1.0,0,0,28,illegal,piece_movement,
movement_0124,movement_0124,movement,train,synthetic_movement_0124,4k3/8/8/8/8/8/6Q1/4K3 w - - 0 1,white,g2e1,-100.0,-1.0,0,0,28,illegal,piece_movement,
movement_0125,movement_0125,movement,train,synthetic_movement_0125,4k3/8/8/2K5/8/8/8/4K3 w - - 0 1,white,c5b4,100.0,1.0,1,1,13,legal,piece_movement,
movement_0125,movement_0125,movement,train,synthetic_movement_0125,4k3/8/8/2K5/8/8/8/4K3 w - - 0 1,white,c5b5,100.0,1.0,1,1,13,legal,piece_movement,
movement_0125,movement_0125,movement,train,synthetic_movement_0125,4k3/8/8/2K5/8/8/8/4K3 w - - 0 1,white,c5b6,100.0,1.0,1,1,13,legal,piece_movement,
movement_0125,movement_0125,movement,train,synthetic_movement_0125,4k3/8/8/2K5/8/8/8/4K3 w - - 0 1,white,c5c4,100.0,1.0,1,1,13,legal,piece_movement,
movement_0125,movement_0125,movement,train,synthetic_movement_0125,4k3/8/8/2K5/8/8/8/4K3 w - - 0 1,white,c5c6,100.0,1.0,1,1,13,legal,piece_movement,
movement_0125,movement_0125,movement,train,synthetic_movement_0125,4k3/8/8/2K5/8/8/8/4K3 w - - 0 1,white,c5a1,-100.0,-1.0,0,0,13,illegal,piece_movement,
movement_0125,movement_0125,movement,train,synthetic_movement_0125,4k3/8/8/2K5/8/8/8/4K3 w - - 0 1,white,c5b1,-100.0,-1.0,0,0,13,illegal,piece_movement,
movement_0125,movement_0125,movement,train,synthetic_movement_0125,4k3/8/8/2K5/8/8/8/4K3 w - - 0 1,white,c5c1,-100.0,-1.0,0,0,13,illegal,piece_movement,
movement_0125,movement_0125,movement,train,synthetic_movement_0125,4k3/8/8/2K5/8/8/8/4K3 w - - 0 1,white,c5d1,-100.0,-1.0,0,0,13,illegal,piece_movement,
movement_0125,movement_0125,movement,train,synthetic_movement_0125,4k3/8/8/2K5/8/8/8/4K3 w - - 0 1,white,c5e1,-100.0,-1.0,0,0,13,illegal,piece_movement,
movement_0126,movement_0126,movement,train,synthetic_movement_0126,4k3/8/6p1/8/8/8/8/4K3 b - - 0 1,black,g6g5,100.0,1.0,1,1,6,legal,piece_movement,
movement_0126,movement_0126,movement,train,synthetic_movement_0126,4k3/8/6p1/8/8/8/8/4K3 b - - 0 1,black,g6a1,-100.0,-1.0,0,0,6,illegal,piece_movement,
movement_0126,movement_0126,movement,train,synthetic_movement_0126,4k3/8/6p1/8/8/8/8/4K3 b - - 0 1,black,g6b1,-100.0,-1.0,0,0,6,illegal,piece_movement,
movement_0126,movement_0126,movement,train,synthetic_movement_0126,4k3/8/6p1/8/8/8/8/4K3 b - - 0 1,black,g6c1,-100.0,-1.0,0,0,6,illegal,piece_movement,
movement_0126,movement_0126,movement,train,synthetic_movement_0126,4k3/8/6p1/8/8/8/8/4K3 b - - 0 1,black,g6d1,-100.0,-1.0,0,0,6,illegal,piece_movement,
movement_0126,movement_0126,movement,train,synthetic_movement_0126,4k3/8/6p1/8/8/8/8/4K3 b - - 0 1,black,g6e1,-100.0,-1.0,0,0,6,illegal,piece_movement,
movement_0127,movement_0127,movement,train,synthetic_movement_0127,4k3/8/8/5n2/8/8/8/4K3 b - - 0 1,black,f5d4,100.0,1.0,1,1,13,legal,piece_movement,
movement_0127,movement_0127,movement,train,synthetic_movement_0127,4k3/8/8/5n2/8/8/8/4K3 b - - 0 1,black,f5d6,100.0,1.0,1,1,13,legal,piece_movement,
movement_0127,movement_0127,movement,train,synthetic_movement_0127,4k3/8/8/5n2/8/8/8/4K3 b - - 0 1,black,f5e3,100.0,1.0,1,1,13,legal,piece_movement,
movement_0127,movement_0127,movement,train,synthetic_movement_0127,4k3/8/8/5n2/8/8/8/4K3 b - - 0 1,black,f5e7,100.0,1.0,1,1,13,legal,piece_movement,
movement_0127,movement_0127,movement,train,synthetic_movement_0127,4k3/8/8/5n2/8/8/8/4K3 b - - 0 1,black,f5g3,100.0,1.0,1,1,13,legal,piece_movement,
movement_0127,movement_0127,movement,train,synthetic_movement_0127,4k3/8/8/5n2/8/8/8/4K3 b - - 0 1,black,f5a1,-100.0,-1.0,0,0,13,illegal,piece_movement,
movement_0127,movement_0127,movement,train,synthetic_movement_0127,4k3/8/8/5n2/8/8/8/4K3 b - - 0 1,black,f5b1,-100.0,-1.0,0,0,13,illegal,piece_movement,
movement_0127,movement_0127,movement,train,synthetic_movement_0127,4k3/8/8/5n2/8/8/8/4K3 b - - 0 1,black,f5c1,-100.0,-1.0,0,0,13,illegal,piece_movement,
movement_0127,movement_0127,movement,train,synthetic_movement_0127,4k3/8/8/5n2/8/8/8/4K3 b - - 0 1,black,f5d1,-100.0,-1.0,0,0,13,illegal,piece_movement,
movement_0127,movement_0127,movement,train,synthetic_movement_0127,4k3/8/8/5n2/8/8/8/4K3 b - - 0 1,black,f5e1,-100.0,-1.0,0,0,13,illegal,piece_movement,
movement_0128,movement_0128,movement,train,synthetic_movement_0128,4k3/1b6/8/8/8/8/8/4K3 b - - 0 1,black,b7a6,100.0,1.0,1,1,14,legal,piece_movement,
movement_0128,movement_0128,movement,train,synthetic_movement_0128,4k3/1b6/8/8/8/8/8/4K3 b - - 0 1,black,b7a8,100.0,1.0,1,1,14,legal,piece_movement,
movement_0128,movement_0128,movement,train,synthetic_movement_0128,4k3/1b6/8/8/8/8/8/4K3 b - - 0 1,black,b7c6,100.0,1.0,1,1,14,legal,piece_movement,
movement_0128,movement_0128,movement,train,synthetic_movement_0128,4k3/1b6/8/8/8/8/8/4K3 b - - 0 1,black,b7c8,100.0,1.0,1,1,14,legal,piece_movement,
movement_0128,movement_0128,movement,train,synthetic_movement_0128,4k3/1b6/8/8/8/8/8/4K3 b - - 0 1,black,b7d5,100.0,1.0,1,1,14,legal,piece_movement,
movement_0128,movement_0128,movement,train,synthetic_movement_0128,4k3/1b6/8/8/8/8/8/4K3 b - - 0 1,black,b7a1,-100.0,-1.0,0,0,14,illegal,piece_movement,
movement_0128,movement_0128,movement,train,synthetic_movement_0128,4k3/1b6/8/8/8/8/8/4K3 b - - 0 1,black,b7b1,-100.0,-1.0,0,0,14,illegal,piece_movement,
movement_0128,movement_0128,movement,train,synthetic_movement_0128,4k3/1b6/8/8/8/8/8/4K3 b - - 0 1,black,b7c1,-100.0,-1.0,0,0,14,illegal,piece_movement,
movement_0128,movement_0128,movement,train,synthetic_movement_0128,4k3/1b6/8/8/8/8/8/4K3 b - - 0 1,black,b7d1,-100.0,-1.0,0,0,14,illegal,piece_movement,
movement_0128,movement_0128,movement,train,synthetic_movement_0128,4k3/1b6/8/8/8/8/8/4K3 b - - 0 1,black,b7e1,-100.0,-1.0,0,0,14,illegal,piece_movement,
movement_0129,movement_0129,movement,train,synthetic_movement_0129,4k3/5r2/8/8/8/8/8/4K3 b - - 0 1,black,f7a7,100.0,1.0,1,1,18,legal,piece_movement,
movement_0129,movement_0129,movement,train,synthetic_movement_0129,4k3/5r2/8/8/8/8/8/4K3 b - - 0 1,black,f7b7,100.0,1.0,1,1,18,legal,piece_movement,
movement_0129,movement_0129,movement,train,synthetic_movement_0129,4k3/5r2/8/8/8/8/8/4K3 b - - 0 1,black,f7c7,100.0,1.0,1,1,18,legal,piece_movement,
movement_0129,movement_0129,movement,train,synthetic_movement_0129,4k3/5r2/8/8/8/8/8/4K3 b - - 0 1,black,f7d7,100.0,1.0,1,1,18,legal,piece_movement,
movement_0129,movement_0129,movement,train,synthetic_movement_0129,4k3/5r2/8/8/8/8/8/4K3 b - - 0 1,black,f7e7,100.0,1.0,1,1,18,legal,piece_movement,
movement_0129,movement_0129,movement,train,synthetic_movement_0129,4k3/5r2/8/8/8/8/8/4K3 b - - 0 1,black,f7a1,-100.0,-1.0,0,0,18,illegal,piece_movement,
movement_0129,movement_0129,movement,train,synthetic_movement_0129,4k3/5r2/8/8/8/8/8/4K3 b - - 0 1,black,f7b1,-100.0,-1.0,0,0,18,illegal,piece_movement,
movement_0129,movement_0129,movement,train,synthetic_movement_0129,4k3/5r2/8/8/8/8/8/4K3 b - - 0 1,black,f7c1,-100.0,-1.0,0,0,18,illegal,piece_movement,
movement_0129,movement_0129,movement,train,synthetic_movement_0129,4k3/5r2/8/8/8/8/8/4K3 b - - 0 1,black,f7d1,-100.0,-1.0,0,0,18,illegal,piece_movement,
movement_0129,movement_0129,movement,train,synthetic_movement_0129,4k3/5r2/8/8/8/8/8/4K3 b - - 0 1,black,f7e1,-100.0,-1.0,0,0,18,illegal,piece_movement,
movement_0130,movement_0130,movement,train,synthetic_movement_0130,4k3/8/1q6/8/8/8/8/4K3 b - - 0 1,black,b6a5,100.0,1.0,1,1,28,legal,piece_movement,
movement_0130,movement_0130,movement,train,synthetic_movement_0130,4k3/8/1q6/8/8/8/8/4K3 b - - 0 1,black,b6a6,100.0,1.0,1,1,28,legal,piece_movement,
movement_0130,movement_0130,movement,train,synthetic_movement_0130,4k3/8/1q6/8/8/8/8/4K3 b - - 0 1,black,b6a7,100.0,1.0,1,1,28,legal,piece_movement,
movement_0130,movement_0130,movement,train,synthetic_movement_0130,4k3/8/1q6/8/8/8/8/4K3 b - - 0 1,black,b6b1,100.0,1.0,1,1,28,legal,piece_movement,
movement_0130,movement_0130,movement,train,synthetic_movement_0130,4k3/8/1q6/8/8/8/8/4K3 b - - 0 1,black,b6b2,100.0,1.0,1,1,28,legal,piece_movement,
movement_0130,movement_0130,movement,train,synthetic_movement_0130,4k3/8/1q6/8/8/8/8/4K3 b - - 0 1,black,b6a1,-100.0,-1.0,0,0,28,illegal,piece_movement,
movement_0130,movement_0130,movement,train,synthetic_movement_0130,4k3/8/1q6/8/8/8/8/4K3 b - - 0 1,black,b6c1,-100.0,-1.0,0,0,28,illegal,piece_movement,
movement_0130,movement_0130,movement,train,synthetic_movement_0130,4k3/8/1q6/8/8/8/8/4K3 b - - 0 1,black,b6d1,-100.0,-1.0,0,0,28,illegal,piece_movement,
movement_0130,movement_0130,movement,train,synthetic_movement_0130,4k3/8/1q6/8/8/8/8/4K3 b - - 0 1,black,b6e1,-100.0,-1.0,0,0,28,illegal,piece_movement,
movement_0130,movement_0130,movement,train,synthetic_movement_0130,4k3/8/1q6/8/8/8/8/4K3 b - - 0 1,black,b6f1,-100.0,-1.0,0,0,28,illegal,piece_movement,
movement_0131,movement_0131,movement,train,synthetic_movement_0131,4k3/2k5/8/8/8/8/8/4K3 b - - 0 1,black,c7b6,100.0,1.0,1,1,13,legal,piece_movement,
movement_0131,movement_0131,movement,train,synthetic_movement_0131,4k3/2k5/8/8/8/8/8/4K3 b - - 0 1,black,c7b7,100.0,1.0,1,1,13,legal,piece_movement,
movement_0131,movement_0131,movement,train,synthetic_movement_0131,4k3/2k5/8/8/8/8/8/4K3 b - - 0 1,black,c7b8,100.0,1.0,1,1,13,legal,piece_movement,
movement_0131,movement_0131,movement,train,synthetic_movement_0131,4k3/2k5/8/8/8/8/8/4K3 b - - 0 1,black,c7c6,100.0,1.0,1,1,13,legal,piece_movement,
movement_0131,movement_0131,movement,train,synthetic_movement_0131,4k3/2k5/8/8/8/8/8/4K3 b - - 0 1,black,c7c8,100.0,1.0,1,1,13,legal,piece_movement,
movement_0131,movement_0131,movement,train,synthetic_movement_0131,4k3/2k5/8/8/8/8/8/4K3 b - - 0 1,black,c7a1,-100.0,-1.0,0,0,13,illegal,piece_movement,
movement_0131,movement_0131,movement,train,synthetic_movement_0131,4k3/2k5/8/8/8/8/8/4K3 b - - 0 1,black,c7b1,-100.0,-1.0,0,0,13,illegal,piece_movement,
movement_0131,movement_0131,movement,train,synthetic_movement_0131,4k3/2k5/8/8/8/8/8/4K3 b - - 0 1,black,c7c1,-100.0,-1.0,0,0,13,illegal,piece_movement,
movement_0131,movement_0131,movement,train,synthetic_movement_0131,4k3/2k5/8/8/8/8/8/4K3 b - - 0 1,black,c7d1,-100.0,-1.0,0,0,13,illegal,piece_movement,
movement_0131,movement_0131,movement,train,synthetic_movement_0131,4k3/2k5/8/8/8/8/8/4K3 b - - 0 1,black,c7e1,-100.0,-1.0,0,0,13,illegal,piece_movement,
movement_0132,movement_0132,movement,train,synthetic_movement_0132,4k3/8/8/8/8/8/6P1/4K3 w - - 0 1,white,g2g3,100.0,1.0,1,1,7,legal,piece_movement,
movement_0132,movement_0132,movement,train,synthetic_movement_0132,4k3/8/8/8/8/8/6P1/4K3 w - - 0 1,white,g2g4,100.0,1.0,1,1,7,legal,piece_movement,
movement_0132,movement_0132,movement,train,synthetic_movement_0132,4k3/8/8/8/8/8/6P1/4K3 w - - 0 1,white,g2a1,-100.0,-1.0,0,0,7,illegal,piece_movement,
movement_0132,movement_0132,movement,train,synthetic_movement_0132,4k3/8/8/8/8/8/6P1/4K3 w - - 0 1,white,g2b1,-100.0,-1.0,0,0,7,illegal,piece_movement,
movement_0132,movement_0132,movement,train,synthetic_movement_0132,4k3/8/8/8/8/8/6P1/4K3 w - - 0 1,white,g2c1,-100.0,-1.0,0,0,7,illegal,piece_movement,
movement_0132,movement_0132,movement,train,synthetic_movement_0132,4k3/8/8/8/8/8/6P1/4K3 w - - 0 1,white,g2d1,-100.0,-1.0,0,0,7,illegal,piece_movement,
movement_0132,movement_0132,movement,train,synthetic_movement_0132,4k3/8/8/8/8/8/6P1/4K3 w - - 0 1,white,g2e1,-100.0,-1.0,0,0,7,illegal,piece_movement,
movement_0133,movement_0133,movement,train,synthetic_movement_0133,4k1N1/8/8/8/8/8/8/4K3 w - - 0 1,white,g8e7,100.0,1.0,1,1,8,legal,piece_movement,
movement_0133,movement_0133,movement,train,synthetic_movement_0133,4k1N1/8/8/8/8/8/8/4K3 w - - 0 1,white,g8f6,100.0,1.0,1,1,8,legal,piece_movement,
movement_0133,movement_0133,movement,train,synthetic_movement_0133,4k1N1/8/8/8/8/8/8/4K3 w - - 0 1,white,g8h6,100.0,1.0,1,1,8,legal,piece_movement,
movement_0133,movement_0133,movement,train,synthetic_movement_0133,4k1N1/8/8/8/8/8/8/4K3 w - - 0 1,white,g8a1,-100.0,-1.0,0,0,8,illegal,piece_movement,
movement_0133,movement_0133,movement,train,synthetic_movement_0133,4k1N1/8/8/8/8/8/8/4K3 w - - 0 1,white,g8b1,-100.0,-1.0,0,0,8,illegal,piece_movement,
movement_0133,movement_0133,movement,train,synthetic_movement_0133,4k1N1/8/8/8/8/8/8/4K3 w - - 0 1,white,g8c1,-100.0,-1.0,0,0,8,illegal,piece_movement,
movement_0133,movement_0133,movement,train,synthetic_movement_0133,4k1N1/8/8/8/8/8/8/4K3 w - - 0 1,white,g8d1,-100.0,-1.0,0,0,8,illegal,piece_movement,
movement_0133,movement_0133,movement,train,synthetic_movement_0133,4k1N1/8/8/8/8/8/8/4K3 w - - 0 1,white,g8e1,-100.0,-1.0,0,0,8,illegal,piece_movement,
movement_0134,movement_0134,movement,train,synthetic_movement_0134,1B2k3/8/8/8/8/8/8/4K3 w - - 0 1,white,b8a7,100.0,1.0,1,1,12,legal,piece_movement,
movement_0134,movement_0134,movement,train,synthetic_movement_0134,1B2k3/8/8/8/8/8/8/4K3 w - - 0 1,white,b8c7,100.0,1.0,1,1,12,legal,piece_movement,
movement_0134,movement_0134,movement,train,synthetic_movement_0134,1B2k3/8/8/8/8/8/8/4K3 w - - 0 1,white,b8d6,100.0,1.0,1,1,12,legal,piece_movement,
movement_0134,movement_0134,movement,train,synthetic_movement_0134,1B2k3/8/8/8/8/8/8/4K3 w - - 0 1,white,b8e5,100.0,1.0,1,1,12,legal,piece_movement,
movement_0134,movement_0134,movement,train,synthetic_movement_0134,1B2k3/8/8/8/8/8/8/4K3 w - - 0 1,white,b8f4,100.0,1.0,1,1,12,legal,piece_movement,
movement_0134,movement_0134,movement,train,synthetic_movement_0134,1B2k3/8/8/8/8/8/8/4K3 w - - 0 1,white,b8a1,-100.0,-1.0,0,0,12,illegal,piece_movement,
movement_0134,movement_0134,movement,train,synthetic_movement_0134,1B2k3/8/8/8/8/8/8/4K3 w - - 0 1,white,b8b1,-100.0,-1.0,0,0,12,illegal,piece_movement,
movement_0134,movement_0134,movement,train,synthetic_movement_0134,1B2k3/8/8/8/8/8/8/4K3 w - - 0 1,white,b8c1,-100.0,-1.0,0,0,12,illegal,piece_movement,
movement_0134,movement_0134,movement,train,synthetic_movement_0134,1B2k3/8/8/8/8/8/8/4K3 w - - 0 1,white,b8d1,-100.0,-1.0,0,0,12,illegal,piece_movement,
movement_0134,movement_0134,movement,train,synthetic_movement_0134,1B2k3/8/8/8/8/8/8/4K3 w - - 0 1,white,b8e1,-100.0,-1.0,0,0,12,illegal,piece_movement,
movement_0135,movement_0135,movement,train,synthetic_movement_0135,2R1k3/8/8/8/8/8/8/4K3 w - - 0 1,white,c8a8,100.0,1.0,1,1,16,legal,piece_movement,
movement_0135,movement_0135,movement,train,synthetic_movement_0135,2R1k3/8/8/8/8/8/8/4K3 w - - 0 1,white,c8b8,100.0,1.0,1,1,16,legal,piece_movement,
movement_0135,movement_0135,movement,train,synthetic_movement_0135,2R1k3/8/8/8/8/8/8/4K3 w - - 0 1,white,c8c1,100.0,1.0,1,1,16,legal,piece_movement,
movement_0135,movement_0135,movement,train,synthetic_movement_0135,2R1k3/8/8/8/8/8/8/4K3 w - - 0 1,white,c8c2,100.0,1.0,1,1,16,legal,piece_movement,
movement_0135,movement_0135,movement,train,synthetic_movement_0135,2R1k3/8/8/8/8/8/8/4K3 w - - 0 1,white,c8c3,100.0,1.0,1,1,16,legal,piece_movement,
movement_0135,movement_0135,movement,train,synthetic_movement_0135,2R1k3/8/8/8/8/8/8/4K3 w - - 0 1,white,c8a1,-100.0,-1.0,0,0,16,illegal,piece_movement,
movement_0135,movement_0135,movement,train,synthetic_movement_0135,2R1k3/8/8/8/8/8/8/4K3 w - - 0 1,white,c8b1,-100.0,-1.0,0,0,16,illegal,piece_movement,
movement_0135,movement_0135,movement,train,synthetic_movement_0135,2R1k3/8/8/8/8/8/8/4K3 w - - 0 1,white,c8d1,-100.0,-1.0,0,0,16,illegal,piece_movement,
movement_0135,movement_0135,movement,train,synthetic_movement_0135,2R1k3/8/8/8/8/8/8/4K3 w - - 0 1,white,c8e1,-100.0,-1.0,0,0,16,illegal,piece_movement,
movement_0135,movement_0135,movement,train,synthetic_movement_0135,2R1k3/8/8/8/8/8/8/4K3 w - - 0 1,white,c8f1,-100.0,-1.0,0,0,16,illegal,piece_movement,
movement_0136,movement_0136,movement,train,synthetic_movement_0136,1Q2k3/8/8/8/8/8/8/4K3 w - - 0 1,white,b8a7,100.0,1.0,1,1,23,legal,piece_movement,
movement_0136,movement_0136,movement,train,synthetic_movement_0136,1Q2k3/8/8/8/8/8/8/4K3 w - - 0 1,white,b8a8,100.0,1.0,1,1,23,legal,piece_movement,
movement_0136,movement_0136,movement,train,synthetic_movement_0136,1Q2k3/8/8/8/8/8/8/4K3 w - - 0 1,white,b8b1,100.0,1.0,1,1,23,legal,piece_movement,
movement_0136,movement_0136,movement,train,synthetic_movement_0136,1Q2k3/8/8/8/8/8/8/4K3 w - - 0 1,white,b8b2,100.0,1.0,1,1,23,legal,piece_movement,
movement_0136,movement_0136,movement,train,synthetic_movement_0136,1Q2k3/8/8/8/8/8/8/4K3 w - - 0 1,white,b8b3,100.0,1.0,1,1,23,legal,piece_movement,
movement_0136,movement_0136,movement,train,synthetic_movement_0136,1Q2k3/8/8/8/8/8/8/4K3 w - - 0 1,white,b8a1,-100.0,-1.0,0,0,23,illegal,piece_movement,
movement_0136,movement_0136,movement,train,synthetic_movement_0136,1Q2k3/8/8/8/8/8/8/4K3 w - - 0 1,white,b8c1,-100.0,-1.0,0,0,23,illegal,piece_movement,
movement_0136,movement_0136,movement,train,synthetic_movement_0136,1Q2k3/8/8/8/8/8/8/4K3 w - - 0 1,white,b8d1,-100.0,-1.0,0,0,23,illegal,piece_movement,
movement_0136,movement_0136,movement,train,synthetic_movement_0136,1Q2k3/8/8/8/8/8/8/4K3 w - - 0 1,white,b8e1,-100.0,-1.0,0,0,23,illegal,piece_movement,
movement_0136,movement_0136,movement,train,synthetic_movement_0136,1Q2k3/8/8/8/8/8/8/4K3 w - - 0 1,white,b8f1,-100.0,-1.0,0,0,23,illegal,piece_movement,
movement_0137,movement_0137,movement,train,synthetic_movement_0137,4k3/8/8/8/8/3K4/8/4K3 w - - 0 1,white,d3c2,100.0,1.0,1,1,13,legal,piece_movement,
movement_0137,movement_0137,movement,train,synthetic_movement_0137,4k3/8/8/8/8/3K4/8/4K3 w - - 0 1,white,d3c3,100.0,1.0,1,1,13,legal,piece_movement,
movement_0137,movement_0137,movement,train,synthetic_movement_0137,4k3/8/8/8/8/3K4/8/4K3 w - - 0 1,white,d3c4,100.0,1.0,1,1,13,legal,piece_movement,
movement_0137,movement_0137,movement,train,synthetic_movement_0137,4k3/8/8/8/8/3K4/8/4K3 w - - 0 1,white,d3d2,100.0,1.0,1,1,13,legal,piece_movement,
movement_0137,movement_0137,movement,train,synthetic_movement_0137,4k3/8/8/8/8/3K4/8/4K3 w - - 0 1,white,d3d4,100.0,1.0,1,1,13,legal,piece_movement,
movement_0137,movement_0137,movement,train,synthetic_movement_0137,4k3/8/8/8/8/3K4/8/4K3 w - - 0 1,white,d3a1,-100.0,-1.0,0,0,13,illegal,piece_movement,
movement_0137,movement_0137,movement,train,synthetic_movement_0137,4k3/8/8/8/8/3K4/8/4K3 w - - 0 1,white,d3b1,-100.0,-1.0,0,0,13,illegal,piece_movement,
movement_0137,movement_0137,movement,train,synthetic_movement_0137,4k3/8/8/8/8/3K4/8/4K3 w - - 0 1,white,d3c1,-100.0,-1.0,0,0,13,illegal,piece_movement,
movement_0137,movement_0137,movement,train,synthetic_movement_0137,4k3/8/8/8/8/3K4/8/4K3 w - - 0 1,white,d3d1,-100.0,-1.0,0,0,13,illegal,piece_movement,
movement_0137,movement_0137,movement,train,synthetic_movement_0137,4k3/8/8/8/8/3K4/8/4K3 w - - 0 1,white,d3e1,-100.0,-1.0,0,0,13,illegal,piece_movement,
movement_0138,movement_0138,movement,train,synthetic_movement_0138,4k3/5p2/8/8/8/8/8/4K3 b - - 0 1,black,f7f5,100.0,1.0,1,1,6,legal,piece_movement,
movement_0138,movement_0138,movement,train,synthetic_movement_0138,4k3/5p2/8/8/8/8/8/4K3 b - - 0 1,black,f7f6,100.0,1.0,1,1,6,legal,piece_movement,
movement_0138,movement_0138,movement,train,synthetic_movement_0138,4k3/5p2/8/8/8/8/8/4K3 b - - 0 1,black,f7a1,-100.0,-1.0,0,0,6,illegal,piece_movement,
movement_0138,movement_0138,movement,train,synthetic_movement_0138,4k3/5p2/8/8/8/8/8/4K3 b - - 0 1,black,f7b1,-100.0,-1.0,0,0,6,illegal,piece_movement,
movement_0138,movement_0138,movement,train,synthetic_movement_0138,4k3/5p2/8/8/8/8/8/4K3 b - - 0 1,black,f7c1,-100.0,-1.0,0,0,6,illegal,piece_movement,
movement_0138,movement_0138,movement,train,synthetic_movement_0138,4k3/5p2/8/8/8/8/8/4K3 b - - 0 1,black,f7d1,-100.0,-1.0,0,0,6,illegal,piece_movement,
movement_0138,movement_0138,movement,train,synthetic_movement_0138,4k3/5p2/8/8/8/8/8/4K3 b - - 0 1,black,f7e1,-100.0,-1.0,0,0,6,illegal,piece_movement,
movement_0139,movement_0139,movement,train,synthetic_movement_0139,4k3/8/8/2n5/8/8/8/4K3 b - - 0 1,black,c5a4,100.0,1.0,1,1,13,legal,piece_movement,
movement_0139,movement_0139,movement,train,synthetic_movement_0139,4k3/8/8/2n5/8/8/8/4K3 b - - 0 1,black,c5a6,100.0,1.0,1,1,13,legal,piece_movement,
movement_0139,movement_0139,movement,train,synthetic_movement_0139,4k3/8/8/2n5/8/8/8/4K3 b - - 0 1,black,c5b3,100.0,1.0,1,1,13,legal,piece_movement,
movement_0139,movement_0139,movement,train,synthetic_movement_0139,4k3/8/8/2n5/8/8/8/4K3 b - - 0 1,black,c5b7,100.0,1.0,1,1,13,legal,piece_movement,
movement_0139,movement_0139,movement,train,synthetic_movement_0139,4k3/8/8/2n5/8/8/8/4K3 b - - 0 1,black,c5d3,100.0,1.0,1,1,13,legal,piece_movement,
movement_0139,movement_0139,movement,train,synthetic_movement_0139,4k3/8/8/2n5/8/8/8/4K3 b - - 0 1,black,c5a1,-100.0,-1.0,0,0,13,illegal,piece_movement,
movement_0139,movement_0139,movement,train,synthetic_movement_0139,4k3/8/8/2n5/8/8/8/4K3 b - - 0 1,black,c5b1,-100.0,-1.0,0,0,13,illegal,piece_movement,
movement_0139,movement_0139,movement,train,synthetic_movement_0139,4k3/8/8/2n5/8/8/8/4K3 b - - 0 1,black,c5c1,-100.0,-1.0,0,0,13,illegal,piece_movement,
movement_0139,movement_0139,movement,train,synthetic_movement_0139,4k3/8/8/2n5/8/8/8/4K3 b - - 0 1,black,c5d1,-100.0,-1.0,0,0,13,illegal,piece_movement,
movement_0139,movement_0139,movement,train,synthetic_movement_0139,4k3/8/8/2n5/8/8/8/4K3 b - - 0 1,black,c5e1,-100.0,-1.0,0,0,13,illegal,piece_movement,
movement_0140,movement_0140,movement,train,synthetic_movement_0140,4k3/8/8/8/8/6b1/8/4K3 b - - 0 1,black,g3b8,100.0,1.0,1,1,14,legal,piece_movement,
movement_0140,movement_0140,movement,train,synthetic_movement_0140,4k3/8/8/8/8/6b1/8/4K3 b - - 0 1,black,g3c7,100.0,1.0,1,1,14,legal,piece_movement,
movement_0140,movement_0140,movement,train,synthetic_movement_0140,4k3/8/8/8/8/6b1/8/4K3 b - - 0 1,black,g3d6,100.0,1.0,1,1,14,legal,piece_movement,
movement_0140,movement_0140,movement,train,synthetic_movement_0140,4k3/8/8/8/8/6b1/8/4K3 b - - 0 1,black,g3e1,100.0,1.0,1,1,14,legal,piece_movement,
movement_0140,movement_0140,movement,train,synthetic_movement_0140,4k3/8/8/8/8/6b1/8/4K3 b - - 0 1,black,g3e5,100.0,1.0,1,1,14,legal,piece_movement,
movement_0140,movement_0140,movement,train,synthetic_movement_0140,4k3/8/8/8/8/6b1/8/4K3 b - - 0 1,black,g3a1,-100.0,-1.0,0,0,14,illegal,piece_movement,
movement_0140,movement_0140,movement,train,synthetic_movement_0140,4k3/8/8/8/8/6b1/8/4K3 b - - 0 1,black,g3b1,-100.0,-1.0,0,0,14,illegal,piece_movement,
movement_0140,movement_0140,movement,train,synthetic_movement_0140,4k3/8/8/8/8/6b1/8/4K3 b - - 0 1,black,g3c1,-100.0,-1.0,0,0,14,illegal,piece_movement,
movement_0140,movement_0140,movement,train,synthetic_movement_0140,4k3/8/8/8/8/6b1/8/4K3 b - - 0 1,black,g3d1,-100.0,-1.0,0,0,14,illegal,piece_movement,
movement_0140,movement_0140,movement,train,synthetic_movement_0140,4k3/8/8/8/8/6b1/8/4K3 b - - 0 1,black,g3f1,-100.0,-1.0,0,0,14,illegal,piece_movement,
movement_0141,movement_0141,movement,train,synthetic_movement_0141,4k3/8/8/8/1r6/8/8/4K3 b - - 0 1,black,b4a4,100.0,1.0,1,1,19,legal,piece_movement,
movement_0141,movement_0141,movement,train,synthetic_movement_0141,4k3/8/8/8/1r6/8/8/4K3 b - - 0 1,black,b4b1,100.0,1.0,1,1,19,legal,piece_movement,
movement_0141,movement_0141,movement,train,synthetic_movement_0141,4k3/8/8/8/1r6/8/8/4K3 b - - 0 1,black,b4b2,100.0,1.0,1,1,19,legal,piece_movement,
movement_0141,movement_0141,movement,train,synthetic_movement_0141,4k3/8/8/8/1r6/8/8/4K3 b - - 0 1,black,b4b3,100.0,1.0,1,1,19,legal,piece_movement,
movement_0141,movement_0141,movement,train,synthetic_movement_0141,4k3/8/8/8/1r6/8/8/4K3 b - - 0 1,black,b4b5,100.0,1.0,1,1,19,legal,piece_movement,
movement_0141,movement_0141,movement,train,synthetic_movement_0141,4k3/8/8/8/1r6/8/8/4K3 b - - 0 1,black,b4a1,-100.0,-1.0,0,0,19,illegal,piece_movement,
movement_0141,movement_0141,movement,train,synthetic_movement_0141,4k3/8/8/8/1r6/8/8/4K3 b - - 0 1,black,b4c1,-100.0,-1.0,0,0,19,illegal,piece_movement,
movement_0141,movement_0141,movement,train,synthetic_movement_0141,4k3/8/8/8/1r6/8/8/4K3 b - - 0 1,black,b4d1,-100.0,-1.0,0,0,19,illegal,piece_movement,
movement_0141,movement_0141,movement,train,synthetic_movement_0141,4k3/8/8/8/1r6/8/8/4K3 b - - 0 1,black,b4e1,-100.0,-1.0,0,0,19,illegal,piece_movement,
movement_0141,movement_0141,movement,train,synthetic_movement_0141,4k3/8/8/8/1r6/8/8/4K3 b - - 0 1,black,b4f1,-100.0,-1.0,0,0,19,illegal,piece_movement,
movement_0142,movement_0142,movement,train,synthetic_movement_0142,4k3/8/8/7q/8/8/8/4K3 b - - 0 1,black,h5a5,100.0,1.0,1,1,25,legal,piece_movement,
movement_0142,movement_0142,movement,train,synthetic_movement_0142,4k3/8/8/7q/8/8/8/4K3 b - - 0 1,black,h5b5,100.0,1.0,1,1,25,legal,piece_movement,
movement_0142,movement_0142,movement,train,synthetic_movement_0142,4k3/8/8/7q/8/8/8/4K3 b - - 0 1,black,h5c5,100.0,1.0,1,1,25,legal,piece_movement,
movement_0142,movement_0142,movement,train,synthetic_movement_0142,4k3/8/8/7q/8/8/8/4K3 b - - 0 1,black,h5d1,100.0,1.0,1,1,25,legal,piece_movement,
movement_0142,movement_0142,movement,train,synthetic_movement_0142,4k3/8/8/7q/8/8/8/4K3 b - - 0 1,black,h5d5,100.0,1.0,1,1,25,legal,piece_movement,
movement_0142,movement_0142,movement,train,synthetic_movement_0142,4k3/8/8/7q/8/8/8/4K3 b - - 0 1,black,h5a1,-100.0,-1.0,0,0,25,illegal,piece_movement,
movement_0142,movement_0142,movement,train,synthetic_movement_0142,4k3/8/8/7q/8/8/8/4K3 b - - 0 1,black,h5b1,-100.0,-1.0,0,0,25,illegal,piece_movement,
movement_0142,movement_0142,movement,train,synthetic_movement_0142,4k3/8/8/7q/8/8/8/4K3 b - - 0 1,black,h5c1,-100.0,-1.0,0,0,25,illegal,piece_movement,
movement_0142,movement_0142,movement,train,synthetic_movement_0142,4k3/8/8/7q/8/8/8/4K3 b - - 0 1,black,h5e1,-100.0,-1.0,0,0,25,illegal,piece_movement,
movement_0142,movement_0142,movement,train,synthetic_movement_0142,4k3/8/8/7q/8/8/8/4K3 b - - 0 1,black,h5f1,-100.0,-1.0,0,0,25,illegal,piece_movement,
movement_0143,movement_0143,movement,train,synthetic_movement_0143,4k3/3k4/8/8/8/8/8/4K3 b - - 0 1,black,d7c6,100.0,1.0,1,1,11,legal,piece_movement,
movement_0143,movement_0143,movement,train,synthetic_movement_0143,4k3/3k4/8/8/8/8/8/4K3 b - - 0 1,black,d7c7,100.0,1.0,1,1,11,legal,piece_movement,
movement_0143,movement_0143,movement,train,synthetic_movement_0143,4k3/3k4/8/8/8/8/8/4K3 b - - 0 1,black,d7c8,100.0,1.0,1,1,11,legal,piece_movement,
movement_0143,movement_0143,movement,train,synthetic_movement_0143,4k3/3k4/8/8/8/8/8/4K3 b - - 0 1,black,d7d6,100.0,1.0,1,1,11,legal,piece_movement,
movement_0143,movement_0143,movement,train,synthetic_movement_0143,4k3/3k4/8/8/8/8/8/4K3 b - - 0 1,black,d7d8,100.0,1.0,1,1,11,legal,piece_movement,
movement_0143,movement_0143,movement,train,synthetic_movement_0143,4k3/3k4/8/8/8/8/8/4K3 b - - 0 1,black,d7a1,-100.0,-1.0,0,0,11,illegal,piece_movement,
movement_0143,movement_0143,movement,train,synthetic_movement_0143,4k3/3k4/8/8/8/8/8/4K3 b - - 0 1,black,d7b1,-100.0,-1.0,0,0,11,illegal,piece_movement,
movement_0143,movement_0143,movement,train,synthetic_movement_0143,4k3/3k4/8/8/8/8/8/4K3 b - - 0 1,black,d7c1,-100.0,-1.0,0,0,11,illegal,piece_movement,
movement_0143,movement_0143,movement,train,synthetic_movement_0143,4k3/3k4/8/8/8/8/8/4K3 b - - 0 1,black,d7d1,-100.0,-1.0,0,0,11,illegal,piece_movement,
movement_0143,movement_0143,movement,train,synthetic_movement_0143,4k3/3k4/8/8/8/8/8/4K3 b - - 0 1,black,d7e1,-100.0,-1.0,0,0,11,illegal,piece_movement,
movement_0144,movement_0144,movement,train,synthetic_movement_0144,4k3/3P4/8/8/8/8/8/4K3 w - - 0 1,white,d7d8b,100.0,1.0,1,1,13,legal,piece_movement,
movement_0144,movement_0144,movement,train,synthetic_movement_0144,4k3/3P4/8/8/8/8/8/4K3 w - - 0 1,white,d7d8n,100.0,1.0,1,1,13,legal,piece_movement,
movement_0144,movement_0144,movement,train,synthetic_movement_0144,4k3/3P4/8/8/8/8/8/4K3 w - - 0 1,white,d7d8q,100.0,1.0,1,1,13,legal,piece_movement,
movement_0144,movement_0144,movement,train,synthetic_movement_0144,4k3/3P4/8/8/8/8/8/4K3 w - - 0 1,white,d7d8r,100.0,1.0,1,1,13,legal,piece_movement,
movement_0144,movement_0144,movement,train,synthetic_movement_0144,4k3/3P4/8/8/8/8/8/4K3 w - - 0 1,white,d7e8b,100.0,1.0,1,1,13,legal,piece_movement,
movement_0144,movement_0144,movement,train,synthetic_movement_0144,4k3/3P4/8/8/8/8/8/4K3 w - - 0 1,white,d7a1,-100.0,-1.0,0,0,13,illegal,piece_movement,
movement_0144,movement_0144,movement,train,synthetic_movement_0144,4k3/3P4/8/8/8/8/8/4K3 w - - 0 1,white,d7b1,-100.0,-1.0,0,0,13,illegal,piece_movement,
movement_0144,movement_0144,movement,train,synthetic_movement_0144,4k3/3P4/8/8/8/8/8/4K3 w - - 0 1,white,d7c1,-100.0,-1.0,0,0,13,illegal,piece_movement,
movement_0144,movement_0144,movement,train,synthetic_movement_0144,4k3/3P4/8/8/8/8/8/4K3 w - - 0 1,white,d7d1,-100.0,-1.0,0,0,13,illegal,piece_movement,
movement_0144,movement_0144,movement,train,synthetic_movement_0144,4k3/3P4/8/8/8/8/8/4K3 w - - 0 1,white,d7e1,-100.0,-1.0,0,0,13,illegal,piece_movement,
movement_0145,movement_0145,movement,train,synthetic_movement_0145,4k3/8/8/8/8/N7/8/4K3 w - - 0 1,white,a3b1,100.0,1.0,1,1,9,legal,piece_movement,
movement_0145,movement_0145,movement,train,synthetic_movement_0145,4k3/8/8/8/8/N7/8/4K3 w - - 0 1,white,a3b5,100.0,1.0,1,1,9,legal,piece_movement,
movement_0145,movement_0145,movement,train,synthetic_movement_0145,4k3/8/8/8/8/N7/8/4K3 w - - 0 1,white,a3c2,100.0,1.0,1,1,9,legal,piece_movement,
movement_0145,movement_0145,movement,train,synthetic_movement_0145,4k3/8/8/8/8/N7/8/4K3 w - - 0 1,white,a3c4,100.0,1.0,1,1,9,legal,piece_movement,
movement_0145,movement_0145,movement,train,synthetic_movement_0145,4k3/8/8/8/8/N7/8/4K3 w - - 0 1,white,a3a1,-100.0,-1.0,0,0,9,illegal,piece_movement,
movement_0145,movement_0145,movement,train,synthetic_movement_0145,4k3/8/8/8/8/N7/8/4K3 w - - 0 1,white,a3c1,-100.0,-1.0,0,0,9,illegal,piece_movement,
movement_0145,movement_0145,movement,train,synthetic_movement_0145,4k3/8/8/8/8/N7/8/4K3 w - - 0 1,white,a3d1,-100.0,-1.0,0,0,9,illegal,piece_movement,
movement_0145,movement_0145,movement,train,synthetic_movement_0145,4k3/8/8/8/8/N7/8/4K3 w - - 0 1,white,a3e1,-100.0,-1.0,0,0,9,illegal,piece_movement,
movement_0145,movement_0145,movement,train,synthetic_movement_0145,4k3/8/8/8/8/N7/8/4K3 w - - 0 1,white,a3f1,-100.0,-1.0,0,0,9,illegal,piece_movement,
movement_0146,movement_0146,movement,train,synthetic_movement_0146,4k3/8/4B3/8/8/8/8/4K3 w - - 0 1,white,e6a2,100.0,1.0,1,1,16,legal,piece_movement,
movement_0146,movement_0146,movement,train,synthetic_movement_0146,4k3/8/4B3/8/8/8/8/4K3 w - - 0 1,white,e6b3,100.0,1.0,1,1,16,legal,piece_movement,
movement_0146,movement_0146,movement,train,synthetic_movement_0146,4k3/8/4B3/8/8/8/8/4K3 w - - 0 1,white,e6c4,100.0,1.0,1,1,16,legal,piece_movement,
movement_0146,movement_0146,movement,train,synthetic_movement_0146,4k3/8/4B3/8/8/8/8/4K3 w - - 0 1,white,e6c8,100.0,1.0,1,1,16,legal,piece_movement,
movement_0146,movement_0146,movement,train,synthetic_movement_0146,4k3/8/4B3/8/8/8/8/4K3 w - - 0 1,white,e6d5,100.0,1.0,1,1,16,legal,piece_movement,
movement_0146,movement_0146,movement,train,synthetic_movement_0146,4k3/8/4B3/8/8/8/8/4K3 w - - 0 1,white,e6a1,-100.0,-1.0,0,0,16,illegal,piece_movement,
movement_0146,movement_0146,movement,train,synthetic_movement_0146,4k3/8/4B3/8/8/8/8/4K3 w - - 0 1,white,e6b1,-100.0,-1.0,0,0,16,illegal,piece_movement,
movement_0146,movement_0146,movement,train,synthetic_movement_0146,4k3/8/4B3/8/8/8/8/4K3 w - - 0 1,white,e6c1,-100.0,-1.0,0,0,16,illegal,piece_movement,
movement_0146,movement_0146,movement,train,synthetic_movement_0146,4k3/8/4B3/8/8/8/8/4K3 w - - 0 1,white,e6d1,-100.0,-1.0,0,0,16,illegal,piece_movement,
movement_0146,movement_0146,movement,train,synthetic_movement_0146,4k3/8/4B3/8/8/8/8/4K3 w - - 0 1,white,e6e1,-100.0,-1.0,0,0,16,illegal,piece_movement,
movement_0147,movement_0147,movement,train,synthetic_movement_0147,4k3/8/8/8/8/8/8/2R1K3 w - - 0 1,white,c1a1,100.0,1.0,1,1,15,legal,piece_movement,
movement_0147,movement_0147,movement,train,synthetic_movement_0147,4k3/8/8/8/8/8/8/2R1K3 w - - 0 1,white,c1b1,100.0,1.0,1,1,15,legal,piece_movement,
movement_0147,movement_0147,movement,train,synthetic_movement_0147,4k3/8/8/8/8/8/8/2R1K3 w - - 0 1,white,c1c2,100.0,1.0,1,1,15,legal,piece_movement,
movement_0147,movement_0147,movement,train,synthetic_movement_0147,4k3/8/8/8/8/8/8/2R1K3 w - - 0 1,white,c1c3,100.0,1.0,1,1,15,legal,piece_movement,
movement_0147,movement_0147,movement,train,synthetic_movement_0147,4k3/8/8/8/8/8/8/2R1K3 w - - 0 1,white,c1c4,100.0,1.0,1,1,15,legal,piece_movement,
movement_0147,movement_0147,movement,train,synthetic_movement_0147,4k3/8/8/8/8/8/8/2R1K3 w - - 0 1,white,c1e1,-100.0,-1.0,0,0,15,illegal,piece_movement,
movement_0147,movement_0147,movement,train,synthetic_movement_0147,4k3/8/8/8/8/8/8/2R1K3 w - - 0 1,white,c1f1,-100.0,-1.0,0,0,15,illegal,piece_movement,
movement_0147,movement_0147,movement,train,synthetic_movement_0147,4k3/8/8/8/8/8/8/2R1K3 w - - 0 1,white,c1g1,-100.0,-1.0,0,0,15,illegal,piece_movement,
movement_0147,movement_0147,movement,train,synthetic_movement_0147,4k3/8/8/8/8/8/8/2R1K3 w - - 0 1,white,c1h1,-100.0,-1.0,0,0,15,illegal,piece_movement,
movement_0147,movement_0147,movement,train,synthetic_movement_0147,4k3/8/8/8/8/8/8/2R1K3 w - - 0 1,white,c1a2,-100.0,-1.0,0,0,15,illegal,piece_movement,
movement_0148,movement_0148,movement,train,synthetic_movement_0148,4k3/8/8/8/8/2Q5/8/4K3 w - - 0 1,white,c3a1,100.0,1.0,1,1,29,legal,piece_movement,
movement_0148,movement_0148,movement,train,synthetic_movement_0148,4k3/8/8/8/8/2Q5/8/4K3 w - - 0 1,white,c3a3,100.0,1.0,1,1,29,legal,piece_movement,
movement_0148,movement_0148,movement,train,synthetic_movement_0148,4k3/8/8/8/8/2Q5/8/4K3 w - - 0 1,white,c3a5,100.0,1.0,1,1,29,legal,piece_movement,
movement_0148,movement_0148,movement,train,synthetic_movement_0148,4k3/8/8/8/8/2Q5/8/4K3 w - - 0 1,white,c3b2,100.0,1.0,1,1,29,legal,piece_movement,
movement_0148,movement_0148,movement,train,synthetic_movement_0148,4k3/8/8/8/8/2Q5/8/4K3 w - - 0 1,white,c3b3,100.0,1.0,1,1,29,legal,piece_movement,
movement_0148,movement_0148,movement,train,synthetic_movement_0148,4k3/8/8/8/8/2Q5/8/4K3 w - - 0 1,white,c3b1,-100.0,-1.0,0,0,29,illegal,piece_movement,
movement_0148,movement_0148,movement,train,synthetic_movement_0148,4k3/8/8/8/8/2Q5/8/4K3 w - - 0 1,white,c3d1,-100.0,-1.0,0,0,29,illegal,piece_movement,
movement_0148,movement_0148,movement,train,synthetic_movement_0148,4k3/8/8/8/8/2Q5/8/4K3 w - - 0 1,white,c3e1,-100.0,-1.0,0,0,29,illegal,piece_movement,
movement_0148,movement_0148,movement,train,synthetic_movement_0148,4k3/8/8/8/8/2Q5/8/4K3 w - - 0 1,white,c3f1,-100.0,-1.0,0,0,29,illegal,piece_movement,
movement_0148,movement_0148,movement,train,synthetic_movement_0148,4k3/8/8/8/8/2Q5/8/4K3 w - - 0 1,white,c3g1,-100.0,-1.0,0,0,29,illegal,piece_movement,
movement_0149,movement_0149,movement,train,synthetic_movement_0149,4k3/8/8/8/8/8/1K6/4K3 w - - 0 1,white,b2a1,100.0,1.0,1,1,13,legal,piece_movement,
movement_0149,movement_0149,movement,train,synthetic_movement_0149,4k3/8/8/8/8/8/1K6/4K3 w - - 0 1,white,b2a2,100.0,1.0,1,1,13,legal,piece_movement,
movement_0149,movement_0149,movement,train,synthetic_movement_0149,4k3/8/8/8/8/8/1K6/4K3 w - - 0 1,white,b2a3,100.0,1.0,1,1,13,legal,piece_movement,
movement_0149,movement_0149,movement,train,synthetic_movement_0149,4k3/8/8/8/8/8/1K6/4K3 w - - 0 1,white,b2b1,100.0,1.0,1,1,13,legal,piece_movement,
movement_0149,movement_0149,movement,train,synthetic_movement_0149,4k3/8/8/8/8/8/1K6/4K3 w - - 0 1,white,b2b3,100.0,1.0,1,1,13,legal,piece_movement,
movement_0149,movement_0149,movement,train,synthetic_movement_0149,4k3/8/8/8/8/8/1K6/4K3 w - - 0 1,white,b2d1,-100.0,-1.0,0,0,13,illegal,piece_movement,
movement_0149,movement_0149,movement,train,synthetic_movement_0149,4k3/8/8/8/8/8/1K6/4K3 w - - 0 1,white,b2e1,-100.0,-1.0,0,0,13,illegal,piece_movement,
movement_0149,movement_0149,movement,train,synthetic_movement_0149,4k3/8/8/8/8/8/1K6/4K3 w - - 0 1,white,b2f1,-100.0,-1.0,0,0,13,illegal,piece_movement,
movement_0149,movement_0149,movement,train,synthetic_movement_0149,4k3/8/8/8/8/8/1K6/4K3 w - - 0 1,white,b2g1,-100.0,-1.0,0,0,13,illegal,piece_movement,
movement_0149,movement_0149,movement,train,synthetic_movement_0149,4k3/8/8/8/8/8/1K6/4K3 w - - 0 1,white,b2h1,-100.0,-1.0,0,0,13,illegal,piece_movement,
movement_0150,movement_0150,movement,train,synthetic_movement_0150,4k3/8/8/8/8/4p3/8/4K3 b - - 0 1,black,e3e2,100.0,1.0,1,1,6,legal,piece_movement,
movement_0150,movement_0150,movement,train,synthetic_movement_0150,4k3/8/8/8/8/4p3/8/4K3 b - - 0 1,black,e3a1,-100.0,-1.0,0,0,6,illegal,piece_movement,
movement_0150,movement_0150,movement,train,synthetic_movement_0150,4k3/8/8/8/8/4p3/8/4K3 b - - 0 1,black,e3b1,-100.0,-1.0,0,0,6,illegal,piece_movement,
movement_0150,movement_0150,movement,train,synthetic_movement_0150,4k3/8/8/8/8/4p3/8/4K3 b - - 0 1,black,e3c1,-100.0,-1.0,0,0,6,illegal,piece_movement,
movement_0150,movement_0150,movement,train,synthetic_movement_0150,4k3/8/8/8/8/4p3/8/4K3 b - - 0 1,black,e3d1,-100.0,-1.0,0,0,6,illegal,piece_movement,
movement_0150,movement_0150,movement,train,synthetic_movement_0150,4k3/8/8/8/8/4p3/8/4K3 b - - 0 1,black,e3e1,-100.0,-1.0,0,0,6,illegal,piece_movement,
movement_0151,movement_0151,movement,train,synthetic_movement_0151,4k3/8/6n1/8/8/8/8/4K3 b - - 0 1,black,g6e5,100.0,1.0,1,1,11,legal,piece_movement,
movement_0151,movement_0151,movement,train,synthetic_movement_0151,4k3/8/6n1/8/8/8/8/4K3 b - - 0 1,black,g6e7,100.0,1.0,1,1,11,legal,piece_movement,
movement_0151,movement_0151,movement,train,synthetic_movement_0151,4k3/8/6n1/8/8/8/8/4K3 b - - 0 1,black,g6f4,100.0,1.0,1,1,11,legal,piece_movement,
movement_0151,movement_0151,movement,train,synthetic_movement_0151,4k3/8/6n1/8/8/8/8/4K3 b - - 0 1,black,g6f8,100.0,1.0,1,1,11,legal,piece_movement,
movement_0151,movement_0151,movement,train,synthetic_movement_0151,4k3/8/6n1/8/8/8/8/4K3 b - - 0 1,black,g6h4,100.0,1.0,1,1,11,legal,piece_movement,
movement_0151,movement_0151,movement,train,synthetic_movement_0151,4k3/8/6n1/8/8/8/8/4K3 b - - 0 1,black,g6a1,-100.0,-1.0,0,0,11,illegal,piece_movement,
movement_0151,movement_0151,movement,train,synthetic_movement_0151,4k3/8/6n1/8/8/8/8/4K3 b - - 0 1,black,g6b1,-100.0,-1.0,0,0,11,illegal,piece_movement,
movement_0151,movement_0151,movement,train,synthetic_movement_0151,4k3/8/6n1/8/8/8/8/4K3 b - - 0 1,black,g6c1,-100.0,-1.0,0,0,11,illegal,piece_movement,
movement_0151,movement_0151,movement,train,synthetic_movement_0151,4k3/8/6n1/8/8/8/8/4K3 b - - 0 1,black,g6d1,-100.0,-1.0,0,0,11,illegal,piece_movement,
movement_0151,movement_0151,movement,train,synthetic_movement_0151,4k3/8/6n1/8/8/8/8/4K3 b - - 0 1,black,g6e1,-100.0,-1.0,0,0,11,illegal,piece_movement,
movement_0152,movement_0152,movement,train,synthetic_movement_0152,4k3/8/6b1/8/8/8/8/4K3 b - - 0 1,black,g6b1,100.0,1.0,1,1,13,legal,piece_movement,
movement_0152,movement_0152,movement,train,synthetic_movement_0152,4k3/8/6b1/8/8/8/8/4K3 b - - 0 1,black,g6c2,100.0,1.0,1,1,13,legal,piece_movement,
movement_0152,movement_0152,movement,train,synthetic_movement_0152,4k3/8/6b1/8/8/8/8/4K3 b - - 0 1,black,g6d3,100.0,1.0,1,1,13,legal,piece_movement,
movement_0152,movement_0152,movement,train,synthetic_movement_0152,4k3/8/6b1/8/8/8/8/4K3 b - - 0 1,black,g6e4,100.0,1.0,1,1,13,legal,piece_movement,
movement_0152,movement_0152,movement,train,synthetic_movement_0152,4k3/8/6b1/8/8/8/8/4K3 b - - 0 1,black,g6f5,100.0,1.0,1,1,13,legal,piece_movement,
movement_0152,movement_0152,movement,train,synthetic_movement_0152,4k3/8/6b1/8/8/8/8/4K3 b - - 0 1,black,g6a1,-100.0,-1.0,0,0,13,illegal,piece_movement,
movement_0152,movement_0152,movement,train,synthetic_movement_0152,4k3/8/6b1/8/8/8/8/4K3 b - - 0 1,black,g6c1,-100.0,-1.0,0,0,13,illegal,piece_movement,
movement_0152,movement_0152,movement,train,synthetic_movement_0152,4k3/8/6b1/8/8/8/8/4K3 b - - 0 1,black,g6d1,-100.0,-1.0,0,0,13,illegal,piece_movement,
movement_0152,movement_0152,movement,train,synthetic_movement_0152,4k3/8/6b1/8/8/8/8/4K3 b - - 0 1,black,g6e1,-100.0,-1.0,0,0,13,illegal,piece_movement,
movement_0152,movement_0152,movement,train,synthetic_movement_0152,4k3/8/6b1/8/8/8/8/4K3 b - - 0 1,black,g6f1,-100.0,-1.0,0,0,13,illegal,piece_movement,
movement_0153,movement_0153,movement,train,synthetic_movement_0153,4k3/8/8/8/8/4r3/8/4K3 b - - 0 1,black,e3a3,100.0,1.0,1,1,18,legal,piece_movement,
movement_0153,movement_0153,movement,train,synthetic_movement_0153,4k3/8/8/8/8/4r3/8/4K3 b - - 0 1,black,e3b3,100.0,1.0,1,1,18,legal,piece_movement,
movement_0153,movement_0153,movement,train,synthetic_movement_0153,4k3/8/8/8/8/4r3/8/4K3 b - - 0 1,black,e3c3,100.0,1.0,1,1,18,legal,piece_movement,
movement_0153,movement_0153,movement,train,synthetic_movement_0153,4k3/8/8/8/8/4r3/8/4K3 b - - 0 1,black,e3d3,100.0,1.0,1,1,18,legal,piece_movement,
movement_0153,movement_0153,movement,train,synthetic_movement_0153,4k3/8/8/8/8/4r3/8/4K3 b - - 0 1,black,e3e1,100.0,1.0,1,1,18,legal,piece_movement,
movement_0153,movement_0153,movement,train,synthetic_movement_0153,4k3/8/8/8/8/4r3/8/4K3 b - - 0 1,black,e3a1,-100.0,-1.0,0,0,18,illegal,piece_movement,
movement_0153,movement_0153,movement,train,synthetic_movement_0153,4k3/8/8/8/8/4r3/8/4K3 b - - 0 1,black,e3b1,-100.0,-1.0,0,0,18,illegal,piece_movement,
movement_0153,movement_0153,movement,train,synthetic_movement_0153,4k3/8/8/8/8/4r3/8/4K3 b - - 0 1,black,e3c1,-100.0,-1.0,0,0,18,illegal,piece_movement,
movement_0153,movement_0153,movement,train,synthetic_movement_0153,4k3/8/8/8/8/4r3/8/4K3 b - - 0 1,black,e3d1,-100.0,-1.0,0,0,18,illegal,piece_movement,
movement_0153,movement_0153,movement,train,synthetic_movement_0153,4k3/8/8/8/8/4r3/8/4K3 b - - 0 1,black,e3f1,-100.0,-1.0,0,0,18,illegal,piece_movement,
movement_0154,movement_0154,movement,train,synthetic_movement_0154,4k3/8/8/8/8/8/6q1/4K3 b - - 0 1,black,g2a2,100.0,1.0,1,1,28,legal,piece_movement,
movement_0154,movement_0154,movement,train,synthetic_movement_0154,4k3/8/8/8/8/8/6q1/4K3 b - - 0 1,black,g2a8,100.0,1.0,1,1,28,legal,piece_movement,
movement_0154,movement_0154,movement,train,synthetic_movement_0154,4k3/8/8/8/8/8/6q1/4K3 b - - 0 1,black,g2b2,100.0,1.0,1,1,28,legal,piece_movement,
movement_0154,movement_0154,movement,train,synthetic_movement_0154,4k3/8/8/8/8/8/6q1/4K3 b - - 0 1,black,g2b7,100.0,1.0,1,1,28,legal,piece_movement,
movement_0154,movement_0154,movement,train,synthetic_movement_0154,4k3/8/8/8/8/8/6q1/4K3 b - - 0 1,black,g2c2,100.0,1.0,1,1,28,legal,piece_movement,
movement_0154,movement_0154,movement,train,synthetic_movement_0154,4k3/8/8/8/8/8/6q1/4K3 b - - 0 1,black,g2a1,-100.0,-1.0,0,0,28,illegal,piece_movement,
movement_0154,movement_0154,movement,train,synthetic_movement_0154,4k3/8/8/8/8/8/6q1/4K3 b - - 0 1,black,g2b1,-100.0,-1.0,0,0,28,illegal,piece_movement,
movement_0154,movement_0154,movement,train,synthetic_movement_0154,4k3/8/8/8/8/8/6q1/4K3 b - - 0 1,black,g2c1,-100.0,-1.0,0,0,28,illegal,piece_movement,
movement_0154,movement_0154,movement,train,synthetic_movement_0154,4k3/8/8/8/8/8/6q1/4K3 b - - 0 1,black,g2d1,-100.0,-1.0,0,0,28,illegal,piece_movement,
movement_0154,movement_0154,movement,train,synthetic_movement_0154,4k3/8/8/8/8/8/6q1/4K3 b - - 0 1,black,g2e1,-100.0,-1.0,0,0,28,illegal,piece_movement,
movement_0155,movement_0155,movement,train,synthetic_movement_0155,4k3/8/8/8/4k3/8/8/4K3 b - - 0 1,black,e4d3,100.0,1.0,1,1,13,legal,piece_movement,
movement_0155,movement_0155,movement,train,synthetic_movement_0155,4k3/8/8/8/4k3/8/8/4K3 b - - 0 1,black,e4d4,100.0,1.0,1,1,13,legal,piece_movement,
movement_0155,movement_0155,movement,train,synthetic_movement_0155,4k3/8/8/8/4k3/8/8/4K3 b - - 0 1,black,e4d5,100.0,1.0,1,1,13,legal,piece_movement,
movement_0155,movement_0155,movement,train,synthetic_movement_0155,4k3/8/8/8/4k3/8/8/4K3 b - - 0 1,black,e4e3,100.0,1.0,1,1,13,legal,piece_movement,
movement_0155,movement_0155,movement,train,synthetic_movement_0155,4k3/8/8/8/4k3/8/8/4K3 b - - 0 1,black,e4e5,100.0,1.0,1,1,13,legal,piece_movement,
movement_0155,movement_0155,movement,train,synthetic_movement_0155,4k3/8/8/8/4k3/8/8/4K3 b - - 0 1,black,e4a1,-100.0,-1.0,0,0,13,illegal,piece_movement,
movement_0155,movement_0155,movement,train,synthetic_movement_0155,4k3/8/8/8/4k3/8/8/4K3 b - - 0 1,black,e4b1,-100.0,-1.0,0,0,13,illegal,piece_movement,
movement_0155,movement_0155,movement,train,synthetic_movement_0155,4k3/8/8/8/4k3/8/8/4K3 b - - 0 1,black,e4c1,-100.0,-1.0,0,0,13,illegal,piece_movement,
movement_0155,movement_0155,movement,train,synthetic_movement_0155,4k3/8/8/8/4k3/8/8/4K3 b - - 0 1,black,e4d1,-100.0,-1.0,0,0,13,illegal,piece_movement,
movement_0155,movement_0155,movement,train,synthetic_movement_0155,4k3/8/8/8/4k3/8/8/4K3 b - - 0 1,black,e4e1,-100.0,-1.0,0,0,13,illegal,piece_movement,
movement_0156,movement_0156,movement,train,synthetic_movement_0156,4k3/8/8/8/3P4/8/8/4K3 w - - 0 1,white,d4d5,100.0,1.0,1,1,6,legal,piece_movement,
movement_0156,movement_0156,movement,train,synthetic_movement_0156,4k3/8/8/8/3P4/8/8/4K3 w - - 0 1,white,d4a1,-100.0,-1.0,0,0,6,illegal,piece_movement,
movement_0156,movement_0156,movement,train,synthetic_movement_0156,4k3/8/8/8/3P4/8/8/4K3 w - - 0 1,white,d4b1,-100.0,-1.0,0,0,6,illegal,piece_movement,
movement_0156,movement_0156,movement,train,synthetic_movement_0156,4k3/8/8/8/3P4/8/8/4K3 w - - 0 1,white,d4c1,-100.0,-1.0,0,0,6,illegal,piece_movement,
movement_0156,movement_0156,movement,train,synthetic_movement_0156,4k3/8/8/8/3P4/8/8/4K3 w - - 0 1,white,d4d1,-100.0,-1.0,0,0,6,illegal,piece_movement,
movement_0156,movement_0156,movement,train,synthetic_movement_0156,4k3/8/8/8/3P4/8/8/4K3 w - - 0 1,white,d4e1,-100.0,-1.0,0,0,6,illegal,piece_movement,
movement_0157,movement_0157,movement,train,synthetic_movement_0157,4k3/8/8/8/7N/8/8/4K3 w - - 0 1,white,h4f3,100.0,1.0,1,1,9,legal,piece_movement,
movement_0157,movement_0157,movement,train,synthetic_movement_0157,4k3/8/8/8/7N/8/8/4K3 w - - 0 1,white,h4f5,100.0,1.0,1,1,9,legal,piece_movement,
movement_0157,movement_0157,movement,train,synthetic_movement_0157,4k3/8/8/8/7N/8/8/4K3 w - - 0 1,white,h4g2,100.0,1.0,1,1,9,legal,piece_movement,
movement_0157,movement_0157,movement,train,synthetic_movement_0157,4k3/8/8/8/7N/8/8/4K3 w - - 0 1,white,h4g6,100.0,1.0,1,1,9,legal,piece_movement,
movement_0157,movement_0157,movement,train,synthetic_movement_0157,4k3/8/8/8/7N/8/8/4K3 w - - 0 1,white,h4a1,-100.0,-1.0,0,0,9,illegal,piece_movement,
movement_0157,movement_0157,movement,train,synthetic_movement_0157,4k3/8/8/8/7N/8/8/4K3 w - - 0 1,white,h4b1,-100.0,-1.0,0,0,9,illegal,piece_movement,
movement_0157,movement_0157,movement,train,synthetic_movement_0157,4k3/8/8/8/7N/8/8/4K3 w - - 0 1,white,h4c1,-100.0,-1.0,0,0,9,illegal,piece_movement,
movement_0157,movement_0157,movement,train,synthetic_movement_0157,4k3/8/8/8/7N/8/8/4K3 w - - 0 1,white,h4d1,-100.0,-1.0,0,0,9,illegal,piece_movement,
movement_0157,movement_0157,movement,train,synthetic_movement_0157,4k3/8/8/8/7N/8/8/4K3 w - - 0 1,white,h4e1,-100.0,-1.0,0,0,9,illegal,piece_movement,
movement_0158,movement_0158,movement,train,synthetic_movement_0158,4k3/8/1B6/8/8/8/8/4K3 w - - 0 1,white,b6a5,100.0,1.0,1,1,14,legal,piece_movement,
movement_0158,movement_0158,movement,train,synthetic_movement_0158,4k3/8/1B6/8/8/8/8/4K3 w - - 0 1,white,b6a7,100.0,1.0,1,1,14,legal,piece_movement,
movement_0158,movement_0158,movement,train,synthetic_movement_0158,4k3/8/1B6/8/8/8/8/4K3 w - - 0 1,white,b6c5,100.0,1.0,1,1,14,legal,piece_movement,
movement_0158,movement_0158,movement,train,synthetic_movement_0158,4k3/8/1B6/8/8/8/8/4K3 w - - 0 1,white,b6c7,100.0,1.0,1,1,14,legal,piece_movement,
movement_0158,movement_0158,movement,train,synthetic_movement_0158,4k3/8/1B6/8/8/8/8/4K3 w - - 0 1,white,b6d4,100.0,1.0,1,1,14,legal,piece_movement,
movement_0158,movement_0158,movement,train,synthetic_movement_0158,4k3/8/1B6/8/8/8/8/4K3 w - - 0 1,white,b6a1,-100.0,-1.0,0,0,14,illegal,piece_movement,
movement_0158,movement_0158,movement,train,synthetic_movement_0158,4k3/8/1B6/8/8/8/8/4K3 w - - 0 1,white,b6b1,-100.0,-1.0,0,0,14,illegal,piece_movement,
movement_0158,movement_0158,movement,train,synthetic_movement_0158,4k3/8/1B6/8/8/8/8/4K3 w - - 0 1,white,b6c1,-100.0,-1.0,0,0,14,illegal,piece_movement,
movement_0158,movement_0158,movement,train,synthetic_movement_0158,4k3/8/1B6/8/8/8/8/4K3 w - - 0 1,white,b6d1,-100.0,-1.0,0,0,14,illegal,piece_movement,
movement_0158,movement_0158,movement,train,synthetic_movement_0158,4k3/8/1B6/8/8/8/8/4K3 w - - 0 1,white,b6e1,-100.0,-1.0,0,0,14,illegal,piece_movement,
movement_0159,movement_0159,movement,train,synthetic_movement_0159,4k3/8/1R6/8/8/8/8/4K3 w - - 0 1,white,b6a6,100.0,1.0,1,1,19,legal,piece_movement,
movement_0159,movement_0159,movement,train,synthetic_movement_0159,4k3/8/1R6/8/8/8/8/4K3 w - - 0 1,white,b6b1,100.0,1.0,1,1,19,legal,piece_movement,
movement_0159,movement_0159,movement,train,synthetic_movement_0159,4k3/8/1R6/8/8/8/8/4K3 w - - 0 1,white,b6b2,100.0,1.0,1,1,19,legal,piece_movement,
movement_0159,movement_0159,movement,train,synthetic_movement_0159,4k3/8/1R6/8/8/8/8/4K3 w - - 0 1,white,b6b3,100.0,1.0,1,1,19,legal,piece_movement,
movement_0159,movement_0159,movement,train,synthetic_movement_0159,4k3/8/1R6/8/8/8/8/4K3 w - - 0 1,white,b6b4,100.0,1.0,1,1,19,legal,piece_movement,
movement_0159,movement_0159,movement,train,synthetic_movement_0159,4k3/8/1R6/8/8/8/8/4K3 w - - 0 1,white,b6a1,-100.0,-1.0,0,0,19,illegal,piece_movement,
movement_0159,movement_0159,movement,train,synthetic_movement_0159,4k3/8/1R6/8/8/8/8/4K3 w - - 0 1,white,b6c1,-100.0,-1.0,0,0,19,illegal,piece_movement,
movement_0159,movement_0159,movement,train,synthetic_movement_0159,4k3/8/1R6/8/8/8/8/4K3 w - - 0 1,white,b6d1,-100.0,-1.0,0,0,19,illegal,piece_movement,
movement_0159,movement_0159,movement,train,synthetic_movement_0159,4k3/8/1R6/8/8/8/8/4K3 w - - 0 1,white,b6e1,-100.0,-1.0,0,0,19,illegal,piece_movement,
movement_0159,movement_0159,movement,train,synthetic_movement_0159,4k3/8/1R6/8/8/8/8/4K3 w - - 0 1,white,b6f1,-100.0,-1.0,0,0,19,illegal,piece_movement,
movement_0160,movement_0160,movement,train,synthetic_movement_0160,4k3/8/8/8/8/6Q1/8/4K3 w - - 0 1,white,g3a3,100.0,1.0,1,1,27,legal,piece_movement,
movement_0160,movement_0160,movement,train,synthetic_movement_0160,4k3/8/8/8/8/6Q1/8/4K3 w - - 0 1,white,g3b3,100.0,1.0,1,1,27,legal,piece_movement,
movement_0160,movement_0160,movement,train,synthetic_movement_0160,4k3/8/8/8/8/6Q1/8/4K3 w - - 0 1,white,g3b8,100.0,1.0,1,1,27,legal,piece_movement,
movement_0160,movement_0160,movement,train,synthetic_movement_0160,4k3/8/8/8/8/6Q1/8/4K3 w - - 0 1,white,g3c3,100.0,1.0,1,1,27,legal,piece_movement,
movement_0160,movement_0160,movement,train,synthetic_movement_0160,4k3/8/8/8/8/6Q1/8/4K3 w - - 0 1,white,g3c7,100.0,1.0,1,1,27,legal,piece_movement,
movement_0160,movement_0160,movement,train,synthetic_movement_0160,4k3/8/8/8/8/6Q1/8/4K3 w - - 0 1,white,g3a1,-100.0,-1.0,0,0,27,illegal,piece_movement,
movement_0160,movement_0160,movement,train,synthetic_movement_0160,4k3/8/8/8/8/6Q1/8/4K3 w - - 0 1,white,g3b1,-100.0,-1.0,0,0,27,illegal,piece_movement,
movement_0160,movement_0160,movement,train,synthetic_movement_0160,4k3/8/8/8/8/6Q1/8/4K3 w - - 0 1,white,g3c1,-100.0,-1.0,0,0,27,illegal,piece_movement,
movement_0160,movement_0160,movement,train,synthetic_movement_0160,4k3/8/8/8/8/6Q1/8/4K3 w - - 0 1,white,g3d1,-100.0,-1.0,0,0,27,illegal,piece_movement,
movement_0160,movement_0160,movement,train,synthetic_movement_0160,4k3/8/8/8/8/6Q1/8/4K3 w - - 0 1,white,g3e1,-100.0,-1.0,0,0,27,illegal,piece_movement,
movement_0161,movement_0161,movement,train,synthetic_movement_0161,4k3/1K6/8/8/8/8/8/4K3 w - - 0 1,white,b7a6,100.0,1.0,1,1,13,legal,piece_movement,
movement_0161,movement_0161,movement,train,synthetic_movement_0161,4k3/1K6/8/8/8/8/8/4K3 w - - 0 1,white,b7a7,100.0,1.0,1,1,13,legal,piece_movement,
movement_0161,movement_0161,movement,train,synthetic_movement_0161,4k3/1K6/8/8/8/8/8/4K3 w - - 0 1,white,b7a8,100.0,1.0,1,1,13,legal,piece_movement,
movement_0161,movement_0161,movement,train,synthetic_movement_0161,4k3/1K6/8/8/8/8/8/4K3 w - - 0 1,white,b7b6,100.0,1.0,1,1,13,legal,piece_movement,
movement_0161,movement_0161,movement,train,synthetic_movement_0161,4k3/1K6/8/8/8/8/8/4K3 w - - 0 1,white,b7b8,100.0,1.0,1,1,13,legal,piece_movement,
movement_0161,movement_0161,movement,train,synthetic_movement_0161,4k3/1K6/8/8/8/8/8/4K3 w - - 0 1,white,b7a1,-100.0,-1.0,0,0,13,illegal,piece_movement,
movement_0161,movement_0161,movement,train,synthetic_movement_0161,4k3/1K6/8/8/8/8/8/4K3 w - - 0 1,white,b7b1,-100.0,-1.0,0,0,13,illegal,piece_movement,
movement_0161,movement_0161,movement,train,synthetic_movement_0161,4k3/1K6/8/8/8/8/8/4K3 w - - 0 1,white,b7c1,-100.0,-1.0,0,0,13,illegal,piece_movement,
movement_0161,movement_0161,movement,train,synthetic_movement_0161,4k3/1K6/8/8/8/8/8/4K3 w - - 0 1,white,b7d1,-100.0,-1.0,0,0,13,illegal,piece_movement,
movement_0161,movement_0161,movement,train,synthetic_movement_0161,4k3/1K6/8/8/8/8/8/4K3 w - - 0 1,white,b7e1,-100.0,-1.0,0,0,13,illegal,piece_movement,
movement_0162,movement_0162,movement,train,synthetic_movement_0162,4k3/8/8/8/8/8/2p5/4K3 b - - 0 1,black,c2c1b,100.0,1.0,1,1,9,legal,piece_movement,
movement_0162,movement_0162,movement,train,synthetic_movement_0162,4k3/8/8/8/8/8/2p5/4K3 b - - 0 1,black,c2c1n,100.0,1.0,1,1,9,legal,piece_movement,
movement_0162,movement_0162,movement,train,synthetic_movement_0162,4k3/8/8/8/8/8/2p5/4K3 b - - 0 1,black,c2c1q,100.0,1.0,1,1,9,legal,piece_movement,
movement_0162,movement_0162,movement,train,synthetic_movement_0162,4k3/8/8/8/8/8/2p5/4K3 b - - 0 1,black,c2c1r,100.0,1.0,1,1,9,legal,piece_movement,
movement_0162,movement_0162,movement,train,synthetic_movement_0162,4k3/8/8/8/8/8/2p5/4K3 b - - 0 1,black,c2a1,-100.0,-1.0,0,0,9,illegal,piece_movement,
movement_0162,movement_0162,movement,train,synthetic_movement_0162,4k3/8/8/8/8/8/2p5/4K3 b - - 0 1,black,c2b1,-100.0,-1.0,0,0,9,illegal,piece_movement,
movement_0162,movement_0162,movement,train,synthetic_movement_0162,4k3/8/8/8/8/8/2p5/4K3 b - - 0 1,black,c2c1,-100.0,-1.0,0,0,9,illegal,piece_movement,
movement_0162,movement_0162,movement,train,synthetic_movement_0162,4k3/8/8/8/8/8/2p5/4K3 b - - 0 1,black,c2d1,-100.0,-1.0,0,0,9,illegal,piece_movement,
movement_0162,movement_0162,movement,train,synthetic_movement_0162,4k3/8/8/8/8/8/2p5/4K3 b - - 0 1,black,c2e1,-100.0,-1.0,0,0,9,illegal,piece_movement,
movement_0163,movement_0163,movement,train,synthetic_movement_0163,4k3/6n1/8/8/8/8/8/4K3 b - - 0 1,black,g7e6,100.0,1.0,1,1,8,legal,piece_movement,
movement_0163,movement_0163,movement,train,synthetic_movement_0163,4k3/6n1/8/8/8/8/8/4K3 b - - 0 1,black,g7f5,100.0,1.0,1,1,8,legal,piece_movement,
movement_0163,movement_0163,movement,train,synthetic_movement_0163,4k3/6n1/8/8/8/8/8/4K3 b - - 0 1,black,g7h5,100.0,1.0,1,1,8,legal,piece_movement,
movement_0163,movement_0163,movement,train,synthetic_movement_0163,4k3/6n1/8/8/8/8/8/4K3 b - - 0 1,black,g7a1,-100.0,-1.0,0,0,8,illegal,piece_movement,
movement_0163,movement_0163,movement,train,synthetic_movement_0163,4k3/6n1/8/8/8/8/8/4K3 b - - 0 1,black,g7b1,-100.0,-1.0,0,0,8,illegal,piece_movement,
movement_0163,movement_0163,movement,train,synthetic_movement_0163,4k3/6n1/8/8/8/8/8/4K3 b - - 0 1,black,g7c1,-100.0,-1.0,0,0,8,illegal,piece_movement,
movement_0163,movement_0163,movement,train,synthetic_movement_0163,4k3/6n1/8/8/8/8/8/4K3 b - - 0 1,black,g7d1,-100.0,-1.0,0,0,8,illegal,piece_movement,
movement_0163,movement_0163,movement,train,synthetic_movement_0163,4k3/6n1/8/8/8/8/8/4K3 b - - 0 1,black,g7e1,-100.0,-1.0,0,0,8,illegal,piece_movement,
movement_0164,movement_0164,movement,train,synthetic_movement_0164,4k3/8/8/1b6/8/8/8/4K3 b - - 0 1,black,b5a4,100.0,1.0,1,1,13,legal,piece_movement,
movement_0164,movement_0164,movement,train,synthetic_movement_0164,4k3/8/8/1b6/8/8/8/4K3 b - - 0 1,black,b5a6,100.0,1.0,1,1,13,legal,piece_movement,
movement_0164,movement_0164,movement,train,synthetic_movement_0164,4k3/8/8/1b6/8/8/8/4K3 b - - 0 1,black,b5c4,100.0,1.0,1,1,13,legal,piece_movement,
movement_0164,movement_0164,movement,train,synthetic_movement_0164,4k3/8/8/1b6/8/8/8/4K3 b - - 0 1,black,b5c6,100.0,1.0,1,1,13,legal,piece_movement,
movement_0164,movement_0164,movement,train,synthetic_movement_0164,4k3/8/8/1b6/8/8/8/4K3 b - - 0 1,black,b5d3,100.0,1.0,1,1,13,legal,piece_movement,
movement_0164,movement_0164,movement,train,synthetic_movement_0164,4k3/8/8/1b6/8/8/8/4K3 b - - 0 1,black,b5a1,-100.0,-1.0,0,0,13,illegal,piece_movement,
movement_0164,movement_0164,movement,train,synthetic_movement_0164,4k3/8/8/1b6/8/8/8/4K3 b - - 0 1,black,b5b1,-100.0,-1.0,0,0,13,illegal,piece_movement,
movement_0164,movement_0164,movement,train,synthetic_movement_0164,4k3/8/8/1b6/8/8/8/4K3 b - - 0 1,black,b5c1,-100.0,-1.0,0,0,13,illegal,piece_movement,
movement_0164,movement_0164,movement,train,synthetic_movement_0164,4k3/8/8/1b6/8/8/8/4K3 b - - 0 1,black,b5d1,-100.0,-1.0,0,0,13,illegal,piece_movement,
movement_0164,movement_0164,movement,train,synthetic_movement_0164,4k3/8/8/1b6/8/8/8/4K3 b - - 0 1,black,b5e1,-100.0,-1.0,0,0,13,illegal,piece_movement,
movement_0165,movement_0165,movement,train,synthetic_movement_0165,4k3/8/8/8/8/8/2r5/4K3 b - - 0 1,black,c2a2,100.0,1.0,1,1,19,legal,piece_movement,
movement_0165,movement_0165,movement,train,synthetic_movement_0165,4k3/8/8/8/8/8/2r5/4K3 b - - 0 1,black,c2b2,100.0,1.0,1,1,19,legal,piece_movement,
movement_0165,movement_0165,movement,train,synthetic_movement_0165,4k3/8/8/8/8/8/2r5/4K3 b - - 0 1,black,c2c1,100.0,1.0,1,1,19,legal,piece_movement,
movement_0165,movement_0165,movement,train,synthetic_movement_0165,4k3/8/8/8/8/8/2r5/4K3 b - - 0 1,black,c2c3,100.0,1.0,1,1,19,legal,piece_movement,
movement_0165,movement_0165,movement,train,synthetic_movement_0165,4k3/8/8/8/8/8/2r5/4K3 b - - 0 1,black,c2c4,100.0,1.0,1,1,19,legal,piece_movement,
movement_0165,movement_0165,movement,train,synthetic_movement_0165,4k3/8/8/8/8/8/2r5/4K3 b - - 0 1,black,c2a1,-100.0,-1.0,0,0,19,illegal,piece_movement,
movement_0165,movement_0165,movement,train,synthetic_movement_0165,4k3/8/8/8/8/8/2r5/4K3 b - - 0 1,black,c2b1,-100.0,-1.0,0,0,19,illegal,piece_movement,
movement_0165,movement_0165,movement,train,synthetic_movement_0165,4k3/8/8/8/8/8/2r5/4K3 b - - 0 1,black,c2d1,-100.0,-1.0,0,0,19,illegal,piece_movement,
movement_0165,movement_0165,movement,train,synthetic_movement_0165,4k3/8/8/8/8/8/2r5/4K3 b - - 0 1,black,c2e1,-100.0,-1.0,0,0,19,illegal,piece_movement,
movement_0165,movement_0165,movement,train,synthetic_movement_0165,4k3/8/8/8/8/8/2r5/4K3 b - - 0 1,black,c2f1,-100.0,-1.0,0,0,19,illegal,piece_movement,
movement_0166,movement_0166,movement,train,synthetic_movement_0166,4k3/8/8/8/8/q7/8/4K3 b - - 0 1,black,a3a1,100.0,1.0,1,1,26,legal,piece_movement,
movement_0166,movement_0166,movement,train,synthetic_movement_0166,4k3/8/8/8/8/q7/8/4K3 b - - 0 1,black,a3a2,100.0,1.0,1,1,26,legal,piece_movement,
movement_0166,movement_0166,movement,train,synthetic_movement_0166,4k3/8/8/8/8/q7/8/4K3 b - - 0 1,black,a3a4,100.0,1.0,1,1,26,legal,piece_movement,
movement_0166,movement_0166,movement,train,synthetic_movement_0166,4k3/8/8/8/8/q7/8/4K3 b - - 0 1,black,a3a5,100.0,1.0,1,1,26,legal,piece_movement,
movement_0166,movement_0166,movement,train,synthetic_movement_0166,4k3/8/8/8/8/q7/8/4K3 b - - 0 1,black,a3a6,100.0,1.0,1,1,26,legal,piece_movement,
movement_0166,movement_0166,movement,train,synthetic_movement_0166,4k3/8/8/8/8/q7/8/4K3 b - - 0 1,black,a3b1,-100.0,-1.0,0,0,26,illegal,piece_movement,
movement_0166,movement_0166,movement,train,synthetic_movement_0166,4k3/8/8/8/8/q7/8/4K3 b - - 0 1,black,a3d1,-100.0,-1.0,0,0,26,illegal,piece_movement,
movement_0166,movement_0166,movement,train,synthetic_movement_0166,4k3/8/8/8/8/q7/8/4K3 b - - 0 1,black,a3e1,-100.0,-1.0,0,0,26,illegal,piece_movement,
movement_0166,movement_0166,movement,train,synthetic_movement_0166,4k3/8/8/8/8/q7/8/4K3 b - - 0 1,black,a3f1,-100.0,-1.0,0,0,26,illegal,piece_movement,
movement_0166,movement_0166,movement,train,synthetic_movement_0166,4k3/8/8/8/8/q7/8/4K3 b - - 0 1,black,a3g1,-100.0,-1.0,0,0,26,illegal,piece_movement,
movement_0167,movement_0167,movement,train,synthetic_movement_0167,4k3/8/8/8/6k1/8/8/4K3 b - - 0 1,black,g4f3,100.0,1.0,1,1,13,legal,piece_movement,
movement_0167,movement_0167,movement,train,synthetic_movement_0167,4k3/8/8/8/6k1/8/8/4K3 b - - 0 1,black,g4f4,100.0,1.0,1,1,13,legal,piece_movement,
movement_0167,movement_0167,movement,train,synthetic_movement_0167,4k3/8/8/8/6k1/8/8/4K3 b - - 0 1,black,g4f5,100.0,1.0,1,1,13,legal,piece_movement,
movement_0167,movement_0167,movement,train,synthetic_movement_0167,4k3/8/8/8/6k1/8/8/4K3 b - - 0 1,black,g4g3,100.0,1.0,1,1,13,legal,piece_movement,
movement_0167,movement_0167,movement,train,synthetic_movement_0167,4k3/8/8/8/6k1/8/8/4K3 b - - 0 1,black,g4g5,100.0,1.0,1,1,13,legal,piece_movement,
movement_0167,movement_0167,movement,train,synthetic_movement_0167,4k3/8/8/8/6k1/8/8/4K3 b - - 0 1,black,g4a1,-100.0,-1.0,0,0,13,illegal,piece_movement,
movement_0167,movement_0167,movement,train,synthetic_movement_0167,4k3/8/8/8/6k1/8/8/4K3 b - - 0 1,black,g4b1,-100.0,-1.0,0,0,13,illegal,piece_movement,
movement_0167,movement_0167,movement,train,synthetic_movement_0167,4k3/8/8/8/6k1/8/8/4K3 b - - 0 1,black,g4c1,-100.0,-1.0,0,0,13,illegal,piece_movement,
movement_0167,movement_0167,movement,train,synthetic_movement_0167,4k3/8/8/8/6k1/8/8/4K3 b - - 0 1,black,g4d1,-100.0,-1.0,0,0,13,illegal,piece_movement,
movement_0167,movement_0167,movement,train,synthetic_movement_0167,4k3/8/8/8/6k1/8/8/4K3 b - - 0 1,black,g4e1,-100.0,-1.0,0,0,13,illegal,piece_movement,
movement_0168,movement_0168,movement,train,synthetic_movement_0168,4k3/8/8/4P3/8/8/8/4K3 w - - 0 1,white,e5e6,100.0,1.0,1,1,6,legal,piece_movement,
movement_0168,movement_0168,movement,train,synthetic_movement_0168,4k3/8/8/4P3/8/8/8/4K3 w - - 0 1,white,e5a1,-100.0,-1.0,0,0,6,illegal,piece_movement,
movement_0168,movement_0168,movement,train,synthetic_movement_0168,4k3/8/8/4P3/8/8/8/4K3 w - - 0 1,white,e5b1,-100.0,-1.0,0,0,6,illegal,piece_movement,
movement_0168,movement_0168,movement,train,synthetic_movement_0168,4k3/8/8/4P3/8/8/8/4K3 w - - 0 1,white,e5c1,-100.0,-1.0,0,0,6,illegal,piece_movement,
movement_0168,movement_0168,movement,train,synthetic_movement_0168,4k3/8/8/4P3/8/8/8/4K3 w - - 0 1,white,e5d1,-100.0,-1.0,0,0,6,illegal,piece_movement,
movement_0168,movement_0168,movement,train,synthetic_movement_0168,4k3/8/8/4P3/8/8/8/4K3 w - - 0 1,white,e5e1,-100.0,-1.0,0,0,6,illegal,piece_movement,
movement_0169,movement_0169,movement,train,synthetic_movement_0169,4k3/8/8/8/8/8/8/2N1K3 w - - 0 1,white,c1a2,100.0,1.0,1,1,9,legal,piece_movement,
movement_0169,movement_0169,movement,train,synthetic_movement_0169,4k3/8/8/8/8/8/8/2N1K3 w - - 0 1,white,c1b3,100.0,1.0,1,1,9,legal,piece_movement,
movement_0169,movement_0169,movement,train,synthetic_movement_0169,4k3/8/8/8/8/8/8/2N1K3 w - - 0 1,white,c1d3,100.0,1.0,1,1,9,legal,piece_movement,
movement_0169,movement_0169,movement,train,synthetic_movement_0169,4k3/8/8/8/8/8/8/2N1K3 w - - 0 1,white,c1e2,100.0,1.0,1,1,9,legal,piece_movement,
movement_0169,movement_0169,movement,train,synthetic_movement_0169,4k3/8/8/8/8/8/8/2N1K3 w - - 0 1,white,c1a1,-100.0,-1.0,0,0,9,illegal,piece_movement,
movement_0169,movement_0169,movement,train,synthetic_movement_0169,4k3/8/8/8/8/8/8/2N1K3 w - - 0 1,white,c1b1,-100.0,-1.0,0,0,9,illegal,piece_movement,
movement_0169,movement_0169,movement,train,synthetic_movement_0169,4k3/8/8/8/8/8/8/2N1K3 w - - 0 1,white,c1d1,-100.0,-1.0,0,0,9,illegal,piece_movement,
movement_0169,movement_0169,movement,train,synthetic_movement_0169,4k3/8/8/8/8/8/8/2N1K3 w - - 0 1,white,c1e1,-100.0,-1.0,0,0,9,illegal,piece_movement,
movement_0169,movement_0169,movement,train,synthetic_movement_0169,4k3/8/8/8/8/8/8/2N1K3 w - - 0 1,white,c1f1,-100.0,-1.0,0,0,9,illegal,piece_movement,
movement_0170,movement_0170,movement,train,synthetic_movement_0170,4k3/8/8/4B3/8/8/8/4K3 w - - 0 1,white,e5a1,100.0,1.0,1,1,18,legal,piece_movement,
movement_0170,movement_0170,movement,train,synthetic_movement_0170,4k3/8/8/4B3/8/8/8/4K3 w - - 0 1,white,e5b2,100.0,1.0,1,1,18,legal,piece_movement,
movement_0170,movement_0170,movement,train,synthetic_movement_0170,4k3/8/8/4B3/8/8/8/4K3 w - - 0 1,white,e5b8,100.0,1.0,1,1,18,legal,piece_movement,
movement_0170,movement_0170,movement,train,synthetic_movement_0170,4k3/8/8/4B3/8/8/8/4K3 w - - 0 1,white,e5c3,100.0,1.0,1,1,18,legal,piece_movement,
movement_0170,movement_0170,movement,train,synthetic_movement_0170,4k3/8/8/4B3/8/8/8/4K3 w - - 0 1,white,e5c7,100.0,1.0,1,1,18,legal,piece_movement,
movement_0170,movement_0170,movement,train,synthetic_movement_0170,4k3/8/8/4B3/8/8/8/4K3 w - - 0 1,white,e5b1,-100.0,-1.0,0,0,18,illegal,piece_movement,
movement_0170,movement_0170,movement,train,synthetic_movement_0170,4k3/8/8/4B3/8/8/8/4K3 w - - 0 1,white,e5c1,-100.0,-1.0,0,0,18,illegal,piece_movement,
movement_0170,movement_0170,movement,train,synthetic_movement_0170,4k3/8/8/4B3/8/8/8/4K3 w - - 0 1,white,e5d1,-100.0,-1.0,0,0,18,illegal,piece_movement,
movement_0170,movement_0170,movement,train,synthetic_movement_0170,4k3/8/8/4B3/8/8/8/4K3 w - - 0 1,white,e5e1,-100.0,-1.0,0,0,18,illegal,piece_movement,
movement_0170,movement_0170,movement,train,synthetic_movement_0170,4k3/8/8/4B3/8/8/8/4K3 w - - 0 1,white,e5f1,-100.0,-1.0,0,0,18,illegal,piece_movement,
movement_0171,movement_0171,movement,train,synthetic_movement_0171,4k3/8/8/8/8/2R5/8/4K3 w - - 0 1,white,c3a3,100.0,1.0,1,1,19,legal,piece_movement,
movement_0171,movement_0171,movement,train,synthetic_movement_0171,4k3/8/8/8/8/2R5/8/4K3 w - - 0 1,white,c3b3,100.0,1.0,1,1,19,legal,piece_movement,
movement_0171,movement_0171,movement,train,synthetic_movement_0171,4k3/8/8/8/8/2R5/8/4K3 w - - 0 1,white,c3c1,100.0,1.0,1,1,19,legal,piece_movement,
movement_0171,movement_0171,movement,train,synthetic_movement_0171,4k3/8/8/8/8/2R5/8/4K3 w - - 0 1,white,c3c2,100.0,1.0,1,1,19,legal,piece_movement,
movement_0171,movement_0171,movement,train,synthetic_movement_0171,4k3/8/8/8/8/2R5/8/4K3 w - - 0 1,white,c3c4,100.0,1.0,1,1,19,legal,piece_movement,
movement_0171,movement_0171,movement,train,synthetic_movement_0171,4k3/8/8/8/8/2R5/8/4K3 w - - 0 1,white,c3a1,-100.0,-1.0,0,0,19,illegal,piece_movement,
movement_0171,movement_0171,movement,train,synthetic_movement_0171,4k3/8/8/8/8/2R5/8/4K3 w - - 0 1,white,c3b1,-100.0,-1.0,0,0,19,illegal,piece_movement,
movement_0171,movement_0171,movement,train,synthetic_movement_0171,4k3/8/8/8/8/2R5/8/4K3 w - - 0 1,white,c3d1,-100.0,-1.0,0,0,19,illegal,piece_movement,
movement_0171,movement_0171,movement,train,synthetic_movement_0171,4k3/8/8/8/8/2R5/8/4K3 w - - 0 1,white,c3e1,-100.0,-1.0,0,0,19,illegal,piece_movement,
movement_0171,movement_0171,movement,train,synthetic_movement_0171,4k3/8/8/8/8/2R5/8/4K3 w - - 0 1,white,c3f1,-100.0,-1.0,0,0,19,illegal,piece_movement,
movement_0172,movement_0172,movement,train,synthetic_movement_0172,4k3/8/5Q2/8/8/8/8/4K3 w - - 0 1,white,f6a1,100.0,1.0,1,1,30,legal,piece_movement,
movement_0172,movement_0172,movement,train,synthetic_movement_0172,4k3/8/5Q2/8/8/8/8/4K3 w - - 0 1,white,f6a6,100.0,1.0,1,1,30,legal,piece_movement,
movement_0172,movement_0172,movement,train,synthetic_movement_0172,4k3/8/5Q2/8/8/8/8/4K3 w - - 0 1,white,f6b2,100.0,1.0,1,1,30,legal,piece_movement,
movement_0172,movement_0172,movement,train,synthetic_movement_0172,4k3/8/5Q2/8/8/8/8/4K3 w - - 0 1,white,f6b6,100.0,1.0,1,1,30,legal,piece_movement,
movement_0172,movement_0172,movement,train,synthetic_movement_0172,4k3/8/5Q2/8/8/8/8/4K3 w - - 0 1,white,f6c3,100.0,1.0,1,1,30,legal,piece_movement,
movement_0172,movement_0172,movement,train,synthetic_movement_0172,4k3/8/5Q2/8/8/8/8/4K3 w - - 0 1,white,f6b1,-100.0,-1.0,0,0,30,illegal,piece_movement,
movement_0172,movement_0172,movement,train,synthetic_movement_0172,4k3/8/5Q2/8/8/8/8/4K3 w - - 0 1,white,f6c1,-100.0,-1.0,0,0,30,illegal,piece_movement,
movement_0172,movement_0172,movement,train,synthetic_movement_0172,4k3/8/5Q2/8/8/8/8/4K3 w - - 0 1,white,f6d1,-100.0,-1.0,0,0,30,illegal,piece_movement,
movement_0172,movement_0172,movement,train,synthetic_movement_0172,4k3/8/5Q2/8/8/8/8/4K3 w - - 0 1,white,f6e1,-100.0,-1.0,0,0,30,illegal,piece_movement,
movement_0172,movement_0172,movement,train,synthetic_movement_0172,4k3/8/5Q2/8/8/8/8/4K3 w - - 0 1,white,f6g1,-100.0,-1.0,0,0,30,illegal,piece_movement,
movement_0173,movement_0173,movement,train,synthetic_movement_0173,4k3/8/8/8/8/8/8/1K2K3 w - - 0 1,white,b1a1,100.0,1.0,1,1,10,legal,piece_movement,
movement_0173,movement_0173,movement,train,synthetic_movement_0173,4k3/8/8/8/8/8/8/1K2K3 w - - 0 1,white,b1a2,100.0,1.0,1,1,10,legal,piece_movement,
movement_0173,movement_0173,movement,train,synthetic_movement_0173,4k3/8/8/8/8/8/8/1K2K3 w - - 0 1,white,b1b2,100.0,1.0,1,1,10,legal,piece_movement,
movement_0173,movement_0173,movement,train,synthetic_movement_0173,4k3/8/8/8/8/8/8/1K2K3 w - - 0 1,white,b1c1,100.0,1.0,1,1,10,legal,piece_movement,
movement_0173,movement_0173,movement,train,synthetic_movement_0173,4k3/8/8/8/8/8/8/1K2K3 w - - 0 1,white,b1c2,100.0,1.0,1,1,10,legal,piece_movement,
movement_0173,movement_0173,movement,train,synthetic_movement_0173,4k3/8/8/8/8/8/8/1K2K3 w - - 0 1,white,b1d1,-100.0,-1.0,0,0,10,illegal,piece_movement,
movement_0173,movement_0173,movement,train,synthetic_movement_0173,4k3/8/8/8/8/8/8/1K2K3 w - - 0 1,white,b1e1,-100.0,-1.0,0,0,10,illegal,piece_movement,
movement_0173,movement_0173,movement,train,synthetic_movement_0173,4k3/8/8/8/8/8/8/1K2K3 w - - 0 1,white,b1f1,-100.0,-1.0,0,0,10,illegal,piece_movement,
movement_0173,movement_0173,movement,train,synthetic_movement_0173,4k3/8/8/8/8/8/8/1K2K3 w - - 0 1,white,b1g1,-100.0,-1.0,0,0,10,illegal,piece_movement,
movement_0173,movement_0173,movement,train,synthetic_movement_0173,4k3/8/8/8/8/8/8/1K2K3 w - - 0 1,white,b1h1,-100.0,-1.0,0,0,10,illegal,piece_movement,
movement_0174,movement_0174,movement,train,synthetic_movement_0174,4k3/4p3/8/8/8/8/8/4K3 b - - 0 1,black,e7e5,100.0,1.0,1,1,6,legal,piece_movement,
movement_0174,movement_0174,movement,train,synthetic_movement_0174,4k3/4p3/8/8/8/8/8/4K3 b - - 0 1,black,e7e6,100.0,1.0,1,1,6,legal,piece_movement,
movement_0174,movement_0174,movement,train,synthetic_movement_0174,4k3/4p3/8/8/8/8/8/4K3 b - - 0 1,black,e7a1,-100.0,-1.0,0,0,6,illegal,piece_movement,
movement_0174,movement_0174,movement,train,synthetic_movement_0174,4k3/4p3/8/8/8/8/8/4K3 b - - 0 1,black,e7b1,-100.0,-1.0,0,0,6,illegal,piece_movement,
movement_0174,movement_0174,movement,train,synthetic_movement_0174,4k3/4p3/8/8/8/8/8/4K3 b - - 0 1,black,e7c1,-100.0,-1.0,0,0,6,illegal,piece_movement,
movement_0174,movement_0174,movement,train,synthetic_movement_0174,4k3/4p3/8/8/8/8/8/4K3 b - - 0 1,black,e7d1,-100.0,-1.0,0,0,6,illegal,piece_movement,
movement_0174,movement_0174,movement,train,synthetic_movement_0174,4k3/4p3/8/8/8/8/8/4K3 b - - 0 1,black,e7e1,-100.0,-1.0,0,0,6,illegal,piece_movement,
movement_0175,movement_0175,movement,train,synthetic_movement_0175,4k3/8/8/7n/8/8/8/4K3 b - - 0 1,black,h5f4,100.0,1.0,1,1,9,legal,piece_movement,
movement_0175,movement_0175,movement,train,synthetic_movement_0175,4k3/8/8/7n/8/8/8/4K3 b - - 0 1,black,h5f6,100.0,1.0,1,1,9,legal,piece_movement,
movement_0175,movement_0175,movement,train,synthetic_movement_0175,4k3/8/8/7n/8/8/8/4K3 b - - 0 1,black,h5g3,100.0,1.0,1,1,9,legal,piece_movement,
movement_0175,movement_0175,movement,train,synthetic_movement_0175,4k3/8/8/7n/8/8/8/4K3 b - - 0 1,black,h5g7,100.0,1.0,1,1,9,legal,piece_movement,
movement_0175,movement_0175,movement,train,synthetic_movement_0175,4k3/8/8/7n/8/8/8/4K3 b - - 0 1,black,h5a1,-100.0,-1.0,0,0,9,illegal,piece_movement,
movement_0175,movement_0175,movement,train,synthetic_movement_0175,4k3/8/8/7n/8/8/8/4K3 b - - 0 1,black,h5b1,-100.0,-1.0,0,0,9,illegal,piece_movement,
movement_0175,movement_0175,movement,train,synthetic_movement_0175,4k3/8/8/7n/8/8/8/4K3 b - - 0 1,black,h5c1,-100.0,-1.0,0,0,9,illegal,piece_movement,
movement_0175,movement_0175,movement,train,synthetic_movement_0175,4k3/8/8/7n/8/8/8/4K3 b - - 0 1,black,h5d1,-100.0,-1.0,0,0,9,illegal,piece_movement,
movement_0175,movement_0175,movement,train,synthetic_movement_0175,4k3/8/8/7n/8/8/8/4K3 b - - 0 1,black,h5e1,-100.0,-1.0,0,0,9,illegal,piece_movement,
movement_0176,movement_0176,movement,train,synthetic_movement_0176,4k3/8/8/8/b7/8/8/4K3 b - - 0 1,black,a4b3,100.0,1.0,1,1,11,legal,piece_movement,
movement_0176,movement_0176,movement,train,synthetic_movement_0176,4k3/8/8/8/b7/8/8/4K3 b - - 0 1,black,a4b5,100.0,1.0,1,1,11,legal,piece_movement,
movement_0176,movement_0176,movement,train,synthetic_movement_0176,4k3/8/8/8/b7/8/8/4K3 b - - 0 1,black,a4c2,100.0,1.0,1,1,11,legal,piece_movement,
movement_0176,movement_0176,movement,train,synthetic_movement_0176,4k3/8/8/8/b7/8/8/4K3 b - - 0 1,black,a4c6,100.0,1.0,1,1,11,legal,piece_movement,
movement_0176,movement_0176,movement,train,synthetic_movement_0176,4k3/8/8/8/b7/8/8/4K3 b - - 0 1,black,a4d1,100.0,1.0,1,1,11,legal,piece_movement,
movement_0176,movement_0176,movement,train,synthetic_movement_0176,4k3/8/8/8/b7/8/8/4K3 b - - 0 1,black,a4a1,-100.0,-1.0,0,0,11,illegal,piece_movement,
movement_0176,movement_0176,movement,train,synthetic_movement_0176,4k3/8/8/8/b7/8/8/4K3 b - - 0 1,black,a4b1,-100.0,-1.0,0,0,11,illegal,piece_movement,
movement_0176,movement_0176,movement,train,synthetic_movement_0176,4k3/8/8/8/b7/8/8/4K3 b - - 0 1,black,a4c1,-100.0,-1.0,0,0,11,illegal,piece_movement,
movement_0176,movement_0176,movement,train,synthetic_movement_0176,4k3/8/8/8/b7/8/8/4K3 b - - 0 1,black,a4e1,-100.0,-1.0,0,0,11,illegal,piece_movement,
movement_0176,movement_0176,movement,train,synthetic_movement_0176,4k3/8/8/8/b7/8/8/4K3 b - - 0 1,black,a4f1,-100.0,-1.0,0,0,11,illegal,piece_movement,
movement_0177,movement_0177,movement,train,synthetic_movement_0177,4k3/8/8/8/5r2/8/8/4K3 b - - 0 1,black,f4a4,100.0,1.0,1,1,19,legal,piece_movement,
movement_0177,movement_0177,movement,train,synthetic_movement_0177,4k3/8/8/8/5r2/8/8/4K3 b - - 0 1,black,f4b4,100.0,1.0,1,1,19,legal,piece_movement,
movement_0177,movement_0177,movement,train,synthetic_movement_0177,4k3/8/8/8/5r2/8/8/4K3 b - - 0 1,black,f4c4,100.0,1.0,1,1,19,legal,piece_movement,
movement_0177,movement_0177,movement,train,synthetic_movement_0177,4k3/8/8/8/5r2/8/8/4K3 b - - 0 1,black,f4d4,100.0,1.0,1,1,19,legal,piece_movement,
movement_0177,movement_0177,movement,train,synthetic_movement_0177,4k3/8/8/8/5r2/8/8/4K3 b - - 0 1,black,f4e4,100.0,1.0,1,1,19,legal,piece_movement,
movement_0177,movement_0177,movement,train,synthetic_movement_0177,4k3/8/8/8/5r2/8/8/4K3 b - - 0 1,black,f4a1,-100.0,-1.0,0,0,19,illegal,piece_movement,
movement_0177,movement_0177,movement,train,synthetic_movement_0177,4k3/8/8/8/5r2/8/8/4K3 b - - 0 1,black,f4b1,-100.0,-1.0,0,0,19,illegal,piece_movement,
movement_0177,movement_0177,movement,train,synthetic_movement_0177,4k3/8/8/8/5r2/8/8/4K3 b - - 0 1,black,f4c1,-100.0,-1.0,0,0,19,illegal,piece_movement,
movement_0177,movement_0177,movement,train,synthetic_movement_0177,4k3/8/8/8/5r2/8/8/4K3 b - - 0 1,black,f4d1,-100.0,-1.0,0,0,19,illegal,piece_movement,
movement_0177,movement_0177,movement,train,synthetic_movement_0177,4k3/8/8/8/5r2/8/8/4K3 b - - 0 1,black,f4e1,-100.0,-1.0,0,0,19,illegal,piece_movement,
movement_0178,movement_0178,movement,train,synthetic_movement_0178,4k3/7q/8/8/8/8/8/4K3 b - - 0 1,black,h7a7,100.0,1.0,1,1,26,legal,piece_movement,
movement_0178,movement_0178,movement,train,synthetic_movement_0178,4k3/7q/8/8/8/8/8/4K3 b - - 0 1,black,h7b1,100.0,1.0,1,1,26,legal,piece_movement,
movement_0178,movement_0178,movement,train,synthetic_movement_0178,4k3/7q/8/8/8/8/8/4K3 b - - 0 1,black,h7b7,100.0,1.0,1,1,26,legal,piece_movement,
movement_0178,movement_0178,movement,train,synthetic_movement_0178,4k3/7q/8/8/8/8/8/4K3 b - - 0 1,black,h7c2,100.0,1.0,1,1,26,legal,piece_movement,
movement_0178,movement_0178,movement,train,synthetic_movement_0178,4k3/7q/8/8/8/8/8/4K3 b - - 0 1,black,h7c7,100.0,1.0,1,1,26,legal,piece_movement,
movement_0178,movement_0178,movement,train,synthetic_movement_0178,4k3/7q/8/8/8/8/8/4K3 b - - 0 1,black,h7a1,-100.0,-1.0,0,0,26,illegal,piece_movement,
movement_0178,movement_0178,movement,train,synthetic_movement_0178,4k3/7q/8/8/8/8/8/4K3 b - - 0 1,black,h7c1,-100.0,-1.0,0,0,26,illegal,piece_movement,
movement_0178,movement_0178,movement,train,synthetic_movement_0178,4k3/7q/8/8/8/8/8/4K3 b - - 0 1,black,h7d1,-100.0,-1.0,0,0,26,illegal,piece_movement,
movement_0178,movement_0178,movement,train,synthetic_movement_0178,4k3/7q/8/8/8/8/8/4K3 b - - 0 1,black,h7e1,-100.0,-1.0,0,0,26,illegal,piece_movement,
movement_0178,movement_0178,movement,train,synthetic_movement_0178,4k3/7q/8/8/8/8/8/4K3 b - - 0 1,black,h7f1,-100.0,-1.0,0,0,26,illegal,piece_movement,
movement_0179,movement_0179,movement,train,synthetic_movement_0179,4kk2/8/8/8/8/8/8/4K3 b - - 0 1,black,f8e7,100.0,1.0,1,1,8,legal,piece_movement,
movement_0179,movement_0179,movement,train,synthetic_movement_0179,4kk2/8/8/8/8/8/8/4K3 b - - 0 1,black,f8f7,100.0,1.0,1,1,8,legal,piece_movement,
movement_0179,movement_0179,movement,train,synthetic_movement_0179,4kk2/8/8/8/8/8/8/4K3 b - - 0 1,black,f8g7,100.0,1.0,1,1,8,legal,piece_movement,
movement_0179,movement_0179,movement,train,synthetic_movement_0179,4kk2/8/8/8/8/8/8/4K3 b - - 0 1,black,f8g8,100.0,1.0,1,1,8,legal,piece_movement,
movement_0179,movement_0179,movement,train,synthetic_movement_0179,4kk2/8/8/8/8/8/8/4K3 b - - 0 1,black,f8a1,-100.0,-1.0,0,0,8,illegal,piece_movement,
movement_0179,movement_0179,movement,train,synthetic_movement_0179,4kk2/8/8/8/8/8/8/4K3 b - - 0 1,black,f8b1,-100.0,-1.0,0,0,8,illegal,piece_movement,
movement_0179,movement_0179,movement,train,synthetic_movement_0179,4kk2/8/8/8/8/8/8/4K3 b - - 0 1,black,f8c1,-100.0,-1.0,0,0,8,illegal,piece_movement,
movement_0179,movement_0179,movement,train,synthetic_movement_0179,4kk2/8/8/8/8/8/8/4K3 b - - 0 1,black,f8d1,-100.0,-1.0,0,0,8,illegal,piece_movement,
movement_0179,movement_0179,movement,train,synthetic_movement_0179,4kk2/8/8/8/8/8/8/4K3 b - - 0 1,black,f8e1,-100.0,-1.0,0,0,8,illegal,piece_movement,
movement_0180,movement_0180,movement,train,synthetic_movement_0180,4k3/8/8/8/5P2/8/8/4K3 w - - 0 1,white,f4f5,100.0,1.0,1,1,6,legal,piece_movement,
movement_0180,movement_0180,movement,train,synthetic_movement_0180,4k3/8/8/8/5P2/8/8/4K3 w - - 0 1,white,f4a1,-100.0,-1.0,0,0,6,illegal,piece_movement,
movement_0180,movement_0180,movement,train,synthetic_movement_0180,4k3/8/8/8/5P2/8/8/4K3 w - - 0 1,white,f4b1,-100.0,-1.0,0,0,6,illegal,piece_movement,
movement_0180,movement_0180,movement,train,synthetic_movement_0180,4k3/8/8/8/5P2/8/8/4K3 w - - 0 1,white,f4c1,-100.0,-1.0,0,0,6,illegal,piece_movement,
movement_0180,movement_0180,movement,train,synthetic_movement_0180,4k3/8/8/8/5P2/8/8/4K3 w - - 0 1,white,f4d1,-100.0,-1.0,0,0,6,illegal,piece_movement,
movement_0180,movement_0180,movement,train,synthetic_movement_0180,4k3/8/8/8/5P2/8/8/4K3 w - - 0 1,white,f4e1,-100.0,-1.0,0,0,6,illegal,piece_movement,
movement_0181,movement_0181,movement,train,synthetic_movement_0181,4k3/8/8/5N2/8/8/8/4K3 w - - 0 1,white,f5d4,100.0,1.0,1,1,13,legal,piece_movement,
movement_0181,movement_0181,movement,train,synthetic_movement_0181,4k3/8/8/5N2/8/8/8/4K3 w - - 0 1,white,f5d6,100.0,1.0,1,1,13,legal,piece_movement,
movement_0181,movement_0181,movement,train,synthetic_movement_0181,4k3/8/8/5N2/8/8/8/4K3 w - - 0 1,white,f5e3,100.0,1.0,1,1,13,legal,piece_movement,
movement_0181,movement_0181,movement,train,synthetic_movement_0181,4k3/8/8/5N2/8/8/8/4K3 w - - 0 1,white,f5e7,100.0,1.0,1,1,13,legal,piece_movement,
movement_0181,movement_0181,movement,train,synthetic_movement_0181,4k3/8/8/5N2/8/8/8/4K3 w - - 0 1,white,f5g3,100.0,1.0,1,1,13,legal,piece_movement,
movement_0181,movement_0181,movement,train,synthetic_movement_0181,4k3/8/8/5N2/8/8/8/4K3 w - - 0 1,white,f5a1,-100.0,-1.0,0,0,13,illegal,piece_movement,
movement_0181,movement_0181,movement,train,synthetic_movement_0181,4k3/8/8/5N2/8/8/8/4K3 w - - 0 1,white,f5b1,-100.0,-1.0,0,0,13,illegal,piece_movement,
movement_0181,movement_0181,movement,train,synthetic_movement_0181,4k3/8/8/5N2/8/8/8/4K3 w - - 0 1,white,f5c1,-100.0,-1.0,0,0,13,illegal,piece_movement,
movement_0181,movement_0181,movement,train,synthetic_movement_0181,4k3/8/8/5N2/8/8/8/4K3 w - - 0 1,white,f5d1,-100.0,-1.0,0,0,13,illegal,piece_movement,
movement_0181,movement_0181,movement,train,synthetic_movement_0181,4k3/8/8/5N2/8/8/8/4K3 w - - 0 1,white,f5e1,-100.0,-1.0,0,0,13,illegal,piece_movement,
movement_0182,movement_0182,movement,train,synthetic_movement_0182,4k3/8/8/8/8/6B1/8/4K3 w - - 0 1,white,g3b8,100.0,1.0,1,1,13,legal,piece_movement,
movement_0182,movement_0182,movement,train,synthetic_movement_0182,4k3/8/8/8/8/6B1/8/4K3 w - - 0 1,white,g3c7,100.0,1.0,1,1,13,legal,piece_movement,
movement_0182,movement_0182,movement,train,synthetic_movement_0182,4k3/8/8/8/8/6B1/8/4K3 w - - 0 1,white,g3d6,100.0,1.0,1,1,13,legal,piece_movement,
movement_0182,movement_0182,movement,train,synthetic_movement_0182,4k3/8/8/8/8/6B1/8/4K3 w - - 0 1,white,g3e5,100.0,1.0,1,1,13,legal,piece_movement,
movement_0182,movement_0182,movement,train,synthetic_movement_0182,4k3/8/8/8/8/6B1/8/4K3 w - - 0 1,white,g3f2,100.0,1.0,1,1,13,legal,piece_movement,
movement_0182,movement_0182,movement,train,synthetic_movement_0182,4k3/8/8/8/8/6B1/8/4K3 w - - 0 1,white,g3a1,-100.0,-1.0,0,0,13,illegal,piece_movement,
movement_0182,movement_0182,movement,train,synthetic_movement_0182,4k3/8/8/8/8/6B1/8/4K3 w - - 0 1,white,g3b1,-100.0,-1.0,0,0,13,illegal,piece_movement,
movement_0182,movement_0182,movement,train,synthetic_movement_0182,4k3/8/8/8/8/6B1/8/4K3 w - - 0 1,white,g3c1,-100.0,-1.0,0,0,13,illegal,piece_movement,
movement_0182,movement_0182,movement,train,synthetic_movement_0182,4k3/8/8/8/8/6B1/8/4K3 w - - 0 1,white,g3d1,-100.0,-1.0,0,0,13,illegal,piece_movement,
movement_0182,movement_0182,movement,train,synthetic_movement_0182,4k3/8/8/8/8/6B1/8/4K3 w - - 0 1,white,g3e1,-100.0,-1.0,0,0,13,illegal,piece_movement,
movement_0183,movement_0183,movement,train,synthetic_movement_0183,4k3/8/2R5/8/8/8/8/4K3 w - - 0 1,white,c6a6,100.0,1.0,1,1,19,legal,piece_movement,
movement_0183,movement_0183,movement,train,synthetic_movement_0183,4k3/8/2R5/8/8/8/8/4K3 w - - 0 1,white,c6b6,100.0,1.0,1,1,19,legal,piece_movement,
movement_0183,movement_0183,movement,train,synthetic_movement_0183,4k3/8/2R5/8/8/8/8/4K3 w - - 0 1,white,c6c1,100.0,1.0,1,1,19,legal,piece_movement,
movement_0183,movement_0183,movement,train,synthetic_movement_0183,4k3/8/2R5/8/8/8/8/4K3 w - - 0 1,white,c6c2,100.0,1.0,1,1,19,legal,piece_movement,
movement_0183,movement_0183,movement,train,synthetic_movement_0183,4k3/8/2R5/8/8/8/8/4K3 w - - 0 1,white,c6c3,100.0,1.0,1,1,19,legal,piece_movement,
movement_0183,movement_0183,movement,train,synthetic_movement_0183,4k3/8/2R5/8/8/8/8/4K3 w - - 0 1,white,c6a1,-100.0,-1.0,0,0,19,illegal,piece_movement,
movement_0183,movement_0183,movement,train,synthetic_movement_0183,4k3/8/2R5/8/8/8/8/4K3 w - - 0 1,white,c6b1,-100.0,-1.0,0,0,19,illegal,piece_movement,
movement_0183,movement_0183,movement,train,synthetic_movement_0183,4k3/8/2R5/8/8/8/8/4K3 w - - 0 1,white,c6d1,-100.0,-1.0,0,0,19,illegal,piece_movement,
movement_0183,movement_0183,movement,train,synthetic_movement_0183,4k3/8/2R5/8/8/8/8/4K3 w - - 0 1,white,c6e1,-100.0,-1.0,0,0,19,illegal,piece_movement,
movement_0183,movement_0183,movement,train,synthetic_movement_0183,4k3/8/2R5/8/8/8/8/4K3 w - - 0 1,white,c6f1,-100.0,-1.0,0,0,19,illegal,piece_movement,
movement_0184,movement_0184,movement,train,synthetic_movement_0184,4k3/8/8/8/8/8/7Q/4K3 w - - 0 1,white,h2a2,100.0,1.0,1,1,26,legal,piece_movement,
movement_0184,movement_0184,movement,train,synthetic_movement_0184,4k3/8/8/8/8/8/7Q/4K3 w - - 0 1,white,h2b2,100.0,1.0,1,1,26,legal,piece_movement,
movement_0184,movement_0184,movement,train,synthetic_movement_0184,4k3/8/8/8/8/8/7Q/4K3 w - - 0 1,white,h2b8,100.0,1.0,1,1,26,legal,piece_movement,
movement_0184,movement_0184,movement,train,synthetic_movement_0184,4k3/8/8/8/8/8/7Q/4K3 w - - 0 1,white,h2c2,100.0,1.0,1,1,26,legal,piece_movement,
movement_0184,movement_0184,movement,train,synthetic_movement_0184,4k3/8/8/8/8/8/7Q/4K3 w - - 0 1,white,h2c7,100.0,1.0,1,1,26,legal,piece_movement,
movement_0184,movement_0184,movement,train,synthetic_movement_0184,4k3/8/8/8/8/8/7Q/4K3 w - - 0 1,white,h2a1,-100.0,-1.0,0,0,26,illegal,piece_movement,
movement_0184,movement_0184,movement,train,synthetic_movement_0184,4k3/8/8/8/8/8/7Q/4K3 w - - 0 1,white,h2b1,-100.0,-1.0,0,0,26,illegal,piece_movement,
movement_0184,movement_0184,movement,train,synthetic_movement_0184,4k3/8/8/8/8/8/7Q/4K3 w - - 0 1,white,h2c1,-100.0,-1.0,0,0,26,illegal,piece_movement,
movement_0184,movement_0184,movement,train,synthetic_movement_0184,4k3/8/8/8/8/8/7Q/4K3 w - - 0 1,white,h2d1,-100.0,-1.0,0,0,26,illegal,piece_movement,
movement_0184,movement_0184,movement,train,synthetic_movement_0184,4k3/8/8/8/8/8/7Q/4K3 w - - 0 1,white,h2e1,-100.0,-1.0,0,0,26,illegal,piece_movement,
movement_0185,movement_0185,movement,train,synthetic_movement_0185,4k3/8/8/8/1K6/8/8/4K3 w - - 0 1,white,b4a3,100.0,1.0,1,1,13,legal,piece_movement,
movement_0185,movement_0185,movement,train,synthetic_movement_0185,4k3/8/8/8/1K6/8/8/4K3 w - - 0 1,white,b4a4,100.0,1.0,1,1,13,legal,piece_movement,
movement_0185,movement_0185,movement,train,synthetic_movement_0185,4k3/8/8/8/1K6/8/8/4K3 w - - 0 1,white,b4a5,100.0,1.0,1,1,13,legal,piece_movement,
movement_0185,movement_0185,movement,train,synthetic_movement_0185,4k3/8/8/8/1K6/8/8/4K3 w - - 0 1,white,b4b3,100.0,1.0,1,1,13,legal,piece_movement,
movement_0185,movement_0185,movement,train,synthetic_movement_0185,4k3/8/8/8/1K6/8/8/4K3 w - - 0 1,white,b4b5,100.0,1.0,1,1,13,legal,piece_movement,
movement_0185,movement_0185,movement,train,synthetic_movement_0185,4k3/8/8/8/1K6/8/8/4K3 w - - 0 1,white,b4a1,-100.0,-1.0,0,0,13,illegal,piece_movement,
movement_0185,movement_0185,movement,train,synthetic_movement_0185,4k3/8/8/8/1K6/8/8/4K3 w - - 0 1,white,b4b1,-100.0,-1.0,0,0,13,illegal,piece_movement,
movement_0185,movement_0185,movement,train,synthetic_movement_0185,4k3/8/8/8/1K6/8/8/4K3 w - - 0 1,white,b4c1,-100.0,-1.0,0,0,13,illegal,piece_movement,
movement_0185,movement_0185,movement,train,synthetic_movement_0185,4k3/8/8/8/1K6/8/8/4K3 w - - 0 1,white,b4d1,-100.0,-1.0,0,0,13,illegal,piece_movement,
movement_0185,movement_0185,movement,train,synthetic_movement_0185,4k3/8/8/8/1K6/8/8/4K3 w - - 0 1,white,b4e1,-100.0,-1.0,0,0,13,illegal,piece_movement,
movement_0186,movement_0186,movement,train,synthetic_movement_0186,4k3/8/3p4/8/8/8/8/4K3 b - - 0 1,black,d6d5,100.0,1.0,1,1,6,legal,piece_movement,
movement_0186,movement_0186,movement,train,synthetic_movement_0186,4k3/8/3p4/8/8/8/8/4K3 b - - 0 1,black,d6a1,-100.0,-1.0,0,0,6,illegal,piece_movement,
movement_0186,movement_0186,movement,train,synthetic_movement_0186,4k3/8/3p4/8/8/8/8/4K3 b - - 0 1,black,d6b1,-100.0,-1.0,0,0,6,illegal,piece_movement,
movement_0186,movement_0186,movement,train,synthetic_movement_0186,4k3/8/3p4/8/8/8/8/4K3 b - - 0 1,black,d6c1,-100.0,-1.0,0,0,6,illegal,piece_movement,
movement_0186,movement_0186,movement,train,synthetic_movement_0186,4k3/8/3p4/8/8/8/8/4K3 b - - 0 1,black,d6d1,-100.0,-1.0,0,0,6,illegal,piece_movement,
movement_0186,movement_0186,movement,train,synthetic_movement_0186,4k3/8/3p4/8/8/8/8/4K3 b - - 0 1,black,d6e1,-100.0,-1.0,0,0,6,illegal,piece_movement,
movement_0187,movement_0187,movement,train,synthetic_movement_0187,4k3/6n1/8/8/8/8/8/4K3 b - - 0 1,black,g7e6,100.0,1.0,1,1,8,legal,piece_movement,
movement_0187,movement_0187,movement,train,synthetic_movement_0187,4k3/6n1/8/8/8/8/8/4K3 b - - 0 1,black,g7f5,100.0,1.0,1,1,8,legal,piece_movement,
movement_0187,movement_0187,movement,train,synthetic_movement_0187,4k3/6n1/8/8/8/8/8/4K3 b - - 0 1,black,g7h5,100.0,1.0,1,1,8,legal,piece_movement,
movement_0187,movement_0187,movement,train,synthetic_movement_0187,4k3/6n1/8/8/8/8/8/4K3 b - - 0 1,black,g7a1,-100.0,-1.0,0,0,8,illegal,piece_movement,
movement_0187,movement_0187,movement,train,synthetic_movement_0187,4k3/6n1/8/8/8/8/8/4K3 b - - 0 1,black,g7b1,-100.0,-1.0,0,0,8,illegal,piece_movement,
movement_0187,movement_0187,movement,train,synthetic_movement_0187,4k3/6n1/8/8/8/8/8/4K3 b - - 0 1,black,g7c1,-100.0,-1.0,0,0,8,illegal,piece_movement,
movement_0187,movement_0187,movement,train,synthetic_movement_0187,4k3/6n1/8/8/8/8/8/4K3 b - - 0 1,black,g7d1,-100.0,-1.0,0,0,8,illegal,piece_movement,
movement_0187,movement_0187,movement,train,synthetic_movement_0187,4k3/6n1/8/8/8/8/8/4K3 b - - 0 1,black,g7e1,-100.0,-1.0,0,0,8,illegal,piece_movement,
movement_0188,movement_0188,movement,train,synthetic_movement_0188,4k2b/8/8/8/8/8/8/4K3 b - - 0 1,black,h8a1,100.0,1.0,1,1,12,legal,piece_movement,
movement_0188,movement_0188,movement,train,synthetic_movement_0188,4k2b/8/8/8/8/8/8/4K3 b - - 0 1,black,h8b2,100.0,1.0,1,1,12,legal,piece_movement,
movement_0188,movement_0188,movement,train,synthetic_movement_0188,4k2b/8/8/8/8/8/8/4K3 b - - 0 1,black,h8c3,100.0,1.0,1,1,12,legal,piece_movement,
movement_0188,movement_0188,movement,train,synthetic_movement_0188,4k2b/8/8/8/8/8/8/4K3 b - - 0 1,black,h8d4,100.0,1.0,1,1,12,legal,piece_movement,
movement_0188,movement_0188,movement,train,synthetic_movement_0188,4k2b/8/8/8/8/8/8/4K3 b - - 0 1,black,h8e5,100.0,1.0,1,1,12,legal,piece_movement,
movement_0188,movement_0188,movement,train,synthetic_movement_0188,4k2b/8/8/8/8/8/8/4K3 b - - 0 1,black,h8b1,-100.0,-1.0,0,0,12,illegal,piece_movement,
movement_0188,movement_0188,movement,train,synthetic_movement_0188,4k2b/8/8/8/8/8/8/4K3 b - - 0 1,black,h8c1,-100.0,-1.0,0,0,12,illegal,piece_movement,
movement_0188,movement_0188,movement,train,synthetic_movement_0188,4k2b/8/8/8/8/8/8/4K3 b - - 0 1,black,h8d1,-100.0,-1.0,0,0,12,illegal,piece_movement,
movement_0188,movement_0188,movement,train,synthetic_movement_0188,4k2b/8/8/8/8/8/8/4K3 b - - 0 1,black,h8e1,-100.0,-1.0,0,0,12,illegal,piece_movement,
movement_0188,movement_0188,movement,train,synthetic_movement_0188,4k2b/8/8/8/8/8/8/4K3 b - - 0 1,black,h8f1,-100.0,-1.0,0,0,12,illegal,piece_movement,
movement_0189,movement_0189,movement,train,synthetic_movement_0189,4k3/8/8/8/r7/8/8/4K3 b - - 0 1,black,a4a1,100.0,1.0,1,1,19,legal,piece_movement,
movement_0189,movement_0189,movement,train,synthetic_movement_0189,4k3/8/8/8/r7/8/8/4K3 b - - 0 1,black,a4a2,100.0,1.0,1,1,19,legal,piece_movement,
movement_0189,movement_0189,movement,train,synthetic_movement_0189,4k3/8/8/8/r7/8/8/4K3 b - - 0 1,black,a4a3,100.0,1.0,1,1,19,legal,piece_movement,
movement_0189,movement_0189,movement,train,synthetic_movement_0189,4k3/8/8/8/r7/8/8/4K3 b - - 0 1,black,a4a5,100.0,1.0,1,1,19,legal,piece_movement,
movement_0189,movement_0189,movement,train,synthetic_movement_0189,4k3/8/8/8/r7/8/8/4K3 b - - 0 1,black,a4a6,100.0,1.0,1,1,19,legal,piece_movement,
movement_0189,movement_0189,movement,train,synthetic_movement_0189,4k3/8/8/8/r7/8/8/4K3 b - - 0 1,black,a4b1,-100.0,-1.0,0,0,19,illegal,piece_movement,
movement_0189,movement_0189,movement,train,synthetic_movement_0189,4k3/8/8/8/r7/8/8/4K3 b - - 0 1,black,a4c1,-100.0,-1.0,0,0,19,illegal,piece_movement,
movement_0189,movement_0189,movement,train,synthetic_movement_0189,4k3/8/8/8/r7/8/8/4K3 b - - 0 1,black,a4d1,-100.0,-1.0,0,0,19,illegal,piece_movement,
movement_0189,movement_0189,movement,train,synthetic_movement_0189,4k3/8/8/8/r7/8/8/4K3 b - - 0 1,black,a4e1,-100.0,-1.0,0,0,19,illegal,piece_movement,
movement_0189,movement_0189,movement,train,synthetic_movement_0189,4k3/8/8/8/r7/8/8/4K3 b - - 0 1,black,a4f1,-100.0,-1.0,0,0,19,illegal,piece_movement,
movement_0190,movement_0190,movement,train,synthetic_movement_0190,4k3/8/8/q7/8/8/8/4K3 b - - 0 1,black,a5a1,100.0,1.0,1,1,26,legal,piece_movement,
movement_0190,movement_0190,movement,train,synthetic_movement_0190,4k3/8/8/q7/8/8/8/4K3 b - - 0 1,black,a5a2,100.0,1.0,1,1,26,legal,piece_movement,
movement_0190,movement_0190,movement,train,synthetic_movement_0190,4k3/8/8/q7/8/8/8/4K3 b - - 0 1,black,a5a3,100.0,1.0,1,1,26,legal,piece_movement,
movement_0190,movement_0190,movement,train,synthetic_movement_0190,4k3/8/8/q7/8/8/8/4K3 b - - 0 1,black,a5a4,100.0,1.0,1,1,26,legal,piece_movement,
movement_0190,movement_0190,movement,train,synthetic_movement_0190,4k3/8/8/q7/8/8/8/4K3 b - - 0 1,black,a5a6,100.0,1.0,1,1,26,legal,piece_movement,
movement_0190,movement_0190,movement,train,synthetic_movement_0190,4k3/8/8/q7/8/8/8/4K3 b - - 0 1,black,a5b1,-100.0,-1.0,0,0,26,illegal,piece_movement,
movement_0190,movement_0190,movement,train,synthetic_movement_0190,4k3/8/8/q7/8/8/8/4K3 b - - 0 1,black,a5c1,-100.0,-1.0,0,0,26,illegal,piece_movement,
movement_0190,movement_0190,movement,train,synthetic_movement_0190,4k3/8/8/q7/8/8/8/4K3 b - - 0 1,black,a5d1,-100.0,-1.0,0,0,26,illegal,piece_movement,
movement_0190,movement_0190,movement,train,synthetic_movement_0190,4k3/8/8/q7/8/8/8/4K3 b - - 0 1,black,a5f1,-100.0,-1.0,0,0,26,illegal,piece_movement,
movement_0190,movement_0190,movement,train,synthetic_movement_0190,4k3/8/8/q7/8/8/8/4K3 b - - 0 1,black,a5g1,-100.0,-1.0,0,0,26,illegal,piece_movement,
movement_0191,movement_0191,movement,train,synthetic_movement_0191,4k3/8/8/8/8/2k5/8/4K3 b - - 0 1,black,c3b2,100.0,1.0,1,1,13,legal,piece_movement,
movement_0191,movement_0191,movement,train,synthetic_movement_0191,4k3/8/8/8/8/2k5/8/4K3 b - - 0 1,black,c3b3,100.0,1.0,1,1,13,legal,piece_movement,
movement_0191,movement_0191,movement,train,synthetic_movement_0191,4k3/8/8/8/8/2k5/8/4K3 b - - 0 1,black,c3b4,100.0,1.0,1,1,13,legal,piece_movement,
movement_0191,movement_0191,movement,train,synthetic_movement_0191,4k3/8/8/8/8/2k5/8/4K3 b - - 0 1,black,c3c2,100.0,1.0,1,1,13,legal,piece_movement,
movement_0191,movement_0191,movement,train,synthetic_movement_0191,4k3/8/8/8/8/2k5/8/4K3 b - - 0 1,black,c3c4,100.0,1.0,1,1,13,legal,piece_movement,
movement_0191,movement_0191,movement,train,synthetic_movement_0191,4k3/8/8/8/8/2k5/8/4K3 b - - 0 1,black,c3a1,-100.0,-1.0,0,0,13,illegal,piece_movement,
movement_0191,movement_0191,movement,train,synthetic_movement_0191,4k3/8/8/8/8/2k5/8/4K3 b - - 0 1,black,c3b1,-100.0,-1.0,0,0,13,illegal,piece_movement,
movement_0191,movement_0191,movement,train,synthetic_movement_0191,4k3/8/8/8/8/2k5/8/4K3 b - - 0 1,black,c3c1,-100.0,-1.0,0,0,13,illegal,piece_movement,
movement_0191,movement_0191,movement,train,synthetic_movement_0191,4k3/8/8/8/8/2k5/8/4K3 b - - 0 1,black,c3d1,-100.0,-1.0,0,0,13,illegal,piece_movement,
movement_0191,movement_0191,movement,train,synthetic_movement_0191,4k3/8/8/8/8/2k5/8/4K3 b - - 0 1,black,c3e1,-100.0,-1.0,0,0,13,illegal,piece_movement,
movement_0193,movement_0193,movement,train,synthetic_movement_0193,4k3/8/8/5N2/8/8/8/4K3 w - - 0 1,white,f5d4,100.0,1.0,1,1,13,legal,piece_movement,
movement_0193,movement_0193,movement,train,synthetic_movement_0193,4k3/8/8/5N2/8/8/8/4K3 w - - 0 1,white,f5d6,100.0,1.0,1,1,13,legal,piece_movement,
movement_0193,movement_0193,movement,train,synthetic_movement_0193,4k3/8/8/5N2/8/8/8/4K3 w - - 0 1,white,f5e3,100.0,1.0,1,1,13,legal,piece_movement,
movement_0193,movement_0193,movement,train,synthetic_movement_0193,4k3/8/8/5N2/8/8/8/4K3 w - - 0 1,white,f5e7,100.0,1.0,1,1,13,legal,piece_movement,
movement_0193,movement_0193,movement,train,synthetic_movement_0193,4k3/8/8/5N2/8/8/8/4K3 w - - 0 1,white,f5g3,100.0,1.0,1,1,13,legal,piece_movement,
movement_0193,movement_0193,movement,train,synthetic_movement_0193,4k3/8/8/5N2/8/8/8/4K3 w - - 0 1,white,f5a1,-100.0,-1.0,0,0,13,illegal,piece_movement,
movement_0193,movement_0193,movement,train,synthetic_movement_0193,4k3/8/8/5N2/8/8/8/4K3 w - - 0 1,white,f5b1,-100.0,-1.0,0,0,13,illegal,piece_movement,
movement_0193,movement_0193,movement,train,synthetic_movement_0193,4k3/8/8/5N2/8/8/8/4K3 w - - 0 1,white,f5c1,-100.0,-1.0,0,0,13,illegal,piece_movement,
movement_0193,movement_0193,movement,train,synthetic_movement_0193,4k3/8/8/5N2/8/8/8/4K3 w - - 0 1,white,f5d1,-100.0,-1.0,0,0,13,illegal,piece_movement,
movement_0193,movement_0193,movement,train,synthetic_movement_0193,4k3/8/8/5N2/8/8/8/4K3 w - - 0 1,white,f5e1,-100.0,-1.0,0,0,13,illegal,piece_movement,
movement_0194,movement_0194,movement,train,synthetic_movement_0194,4k3/8/8/8/8/3B4/8/4K3 w - - 0 1,white,d3a6,100.0,1.0,1,1,16,legal,piece_movement,
movement_0194,movement_0194,movement,train,synthetic_movement_0194,4k3/8/8/8/8/3B4/8/4K3 w - - 0 1,white,d3b1,100.0,1.0,1,1,16,legal,piece_movement,
movement_0194,movement_0194,movement,train,synthetic_movement_0194,4k3/8/8/8/8/3B4/8/4K3 w - - 0 1,white,d3b5,100.0,1.0,1,1,16,legal,piece_movement,
movement_0194,movement_0194,movement,train,synthetic_movement_0194,4k3/8/8/8/8/3B4/8/4K3 w - - 0 1,white,d3c2,100.0,1.0,1,1,16,legal,piece_movement,
movement_0194,movement_0194,movement,train,synthetic_movement_0194,4k3/8/8/8/8/3B4/8/4K3 w - - 0 1,white,d3c4,100.0,1.0,1,1,16,legal,piece_movement,
movement_0194,movement_0194,movement,train,synthetic_movement_0194,4k3/8/8/8/8/3B4/8/4K3 w - - 0 1,white,d3a1,-100.0,-1.0,0,0,16,illegal,piece_movement,
movement_0194,movement_0194,movement,train,synthetic_movement_0194,4k3/8/8/8/8/3B4/8/4K3 w - - 0 1,white,d3c1,-100.0,-1.0,0,0,16,illegal,piece_movement,
movement_0194,movement_0194,movement,train,synthetic_movement_0194,4k3/8/8/8/8/3B4/8/4K3 w - - 0 1,white,d3d1,-100.0,-1.0,0,0,16,illegal,piece_movement,
movement_0194,movement_0194,movement,train,synthetic_movement_0194,4k3/8/8/8/8/3B4/8/4K3 w - - 0 1,white,d3e1,-100.0,-1.0,0,0,16,illegal,piece_movement,
movement_0194,movement_0194,movement,train,synthetic_movement_0194,4k3/8/8/8/8/3B4/8/4K3 w - - 0 1,white,d3g1,-100.0,-1.0,0,0,16,illegal,piece_movement,
movement_0195,movement_0195,movement,train,synthetic_movement_0195,4k3/8/4R3/8/8/8/8/4K3 w - - 0 1,white,e6a6,100.0,1.0,1,1,18,legal,piece_movement,
movement_0195,movement_0195,movement,train,synthetic_movement_0195,4k3/8/4R3/8/8/8/8/4K3 w - - 0 1,white,e6b6,100.0,1.0,1,1,18,legal,piece_movement,
movement_0195,movement_0195,movement,train,synthetic_movement_0195,4k3/8/4R3/8/8/8/8/4K3 w - - 0 1,white,e6c6,100.0,1.0,1,1,18,legal,piece_movement,
movement_0195,movement_0195,movement,train,synthetic_movement_0195,4k3/8/4R3/8/8/8/8/4K3 w - - 0 1,white,e6d6,100.0,1.0,1,1,18,legal,piece_movement,
movement_0195,movement_0195,movement,train,synthetic_movement_0195,4k3/8/4R3/8/8/8/8/4K3 w - - 0 1,white,e6e2,100.0,1.0,1,1,18,legal,piece_movement,
movement_0195,movement_0195,movement,train,synthetic_movement_0195,4k3/8/4R3/8/8/8/8/4K3 w - - 0 1,white,e6a1,-100.0,-1.0,0,0,18,illegal,piece_movement,
movement_0195,movement_0195,movement,train,synthetic_movement_0195,4k3/8/4R3/8/8/8/8/4K3 w - - 0 1,white,e6b1,-100.0,-1.0,0,0,18,illegal,piece_movement,
movement_0195,movement_0195,movement,train,synthetic_movement_0195,4k3/8/4R3/8/8/8/8/4K3 w - - 0 1,white,e6c1,-100.0,-1.0,0,0,18,illegal,piece_movement,
movement_0195,movement_0195,movement,train,synthetic_movement_0195,4k3/8/4R3/8/8/8/8/4K3 w - - 0 1,white,e6d1,-100.0,-1.0,0,0,18,illegal,piece_movement,
movement_0195,movement_0195,movement,train,synthetic_movement_0195,4k3/8/4R3/8/8/8/8/4K3 w - - 0 1,white,e6e1,-100.0,-1.0,0,0,18,illegal,piece_movement,
movement_0196,movement_0196,movement,train,synthetic_movement_0196,4k3/8/8/8/8/7Q/8/4K3 w - - 0 1,white,h3a3,100.0,1.0,1,1,26,legal,piece_movement,
movement_0196,movement_0196,movement,train,synthetic_movement_0196,4k3/8/8/8/8/7Q/8/4K3 w - - 0 1,white,h3b3,100.0,1.0,1,1,26,legal,piece_movement,
movement_0196,movement_0196,movement,train,synthetic_movement_0196,4k3/8/8/8/8/7Q/8/4K3 w - - 0 1,white,h3c3,100.0,1.0,1,1,26,legal,piece_movement,
movement_0196,movement_0196,movement,train,synthetic_movement_0196,4k3/8/8/8/8/7Q/8/4K3 w - - 0 1,white,h3c8,100.0,1.0,1,1,26,legal,piece_movement,
movement_0196,movement_0196,movement,train,synthetic_movement_0196,4k3/8/8/8/8/7Q/8/4K3 w - - 0 1,white,h3d3,100.0,1.0,1,1,26,legal,piece_movement,
movement_0196,movement_0196,movement,train,synthetic_movement_0196,4k3/8/8/8/8/7Q/8/4K3 w - - 0 1,white,h3a1,-100.0,-1.0,0,0,26,illegal,piece_movement,
movement_0196,movement_0196,movement,train,synthetic_movement_0196,4k3/8/8/8/8/7Q/8/4K3 w - - 0 1,white,h3b1,-100.0,-1.0,0,0,26,illegal,piece_movement,
movement_0196,movement_0196,movement,train,synthetic_movement_0196,4k3/8/8/8/8/7Q/8/4K3 w - - 0 1,white,h3c1,-100.0,-1.0,0,0,26,illegal,piece_movement,
movement_0196,movement_0196,movement,train,synthetic_movement_0196,4k3/8/8/8/8/7Q/8/4K3 w - - 0 1,white,h3d1,-100.0,-1.0,0,0,26,illegal,piece_movement,
movement_0196,movement_0196,movement,train,synthetic_movement_0196,4k3/8/8/8/8/7Q/8/4K3 w - - 0 1,white,h3e1,-100.0,-1.0,0,0,26,illegal,piece_movement,
movement_0197,movement_0197,movement,train,synthetic_movement_0197,4k3/2K5/8/8/8/8/8/4K3 w - - 0 1,white,c7b6,100.0,1.0,1,1,11,legal,piece_movement,
movement_0197,movement_0197,movement,train,synthetic_movement_0197,4k3/2K5/8/8/8/8/8/4K3 w - - 0 1,white,c7b7,100.0,1.0,1,1,11,legal,piece_movement,
movement_0197,movement_0197,movement,train,synthetic_movement_0197,4k3/2K5/8/8/8/8/8/4K3 w - - 0 1,white,c7b8,100.0,1.0,1,1,11,legal,piece_movement,
movement_0197,movement_0197,movement,train,synthetic_movement_0197,4k3/2K5/8/8/8/8/8/4K3 w - - 0 1,white,c7c6,100.0,1.0,1,1,11,legal,piece_movement,
movement_0197,movement_0197,movement,train,synthetic_movement_0197,4k3/2K5/8/8/8/8/8/4K3 w - - 0 1,white,c7c8,100.0,1.0,1,1,11,legal,piece_movement,
movement_0197,movement_0197,movement,train,synthetic_movement_0197,4k3/2K5/8/8/8/8/8/4K3 w - - 0 1,white,c7a1,-100.0,-1.0,0,0,11,illegal,piece_movement,
movement_0197,movement_0197,movement,train,synthetic_movement_0197,4k3/2K5/8/8/8/8/8/4K3 w - - 0 1,white,c7b1,-100.0,-1.0,0,0,11,illegal,piece_movement,
movement_0197,movement_0197,movement,train,synthetic_movement_0197,4k3/2K5/8/8/8/8/8/4K3 w - - 0 1,white,c7c1,-100.0,-1.0,0,0,11,illegal,piece_movement,
movement_0197,movement_0197,movement,train,synthetic_movement_0197,4k3/2K5/8/8/8/8/8/4K3 w - - 0 1,white,c7d1,-100.0,-1.0,0,0,11,illegal,piece_movement,
movement_0197,movement_0197,movement,train,synthetic_movement_0197,4k3/2K5/8/8/8/8/8/4K3 w - - 0 1,white,c7e1,-100.0,-1.0,0,0,11,illegal,piece_movement,
movement_0198,movement_0198,movement,train,synthetic_movement_0198,4k3/8/8/8/8/8/6p1/4K3 b - - 0 1,black,g2g1b,100.0,1.0,1,1,9,legal,piece_movement,
movement_0198,movement_0198,movement,train,synthetic_movement_0198,4k3/8/8/8/8/8/6p1/4K3 b - - 0 1,black,g2g1n,100.0,1.0,1,1,9,legal,piece_movement,
movement_0198,movement_0198,movement,train,synthetic_movement_0198,4k3/8/8/8/8/8/6p1/4K3 b - - 0 1,black,g2g1q,100.0,1.0,1,1,9,legal,piece_movement,
movement_0198,movement_0198,movement,train,synthetic_movement_0198,4k3/8/8/8/8/8/6p1/4K3 b - - 0 1,black,g2g1r,100.0,1.0,1,1,9,legal,piece_movement,
movement_0198,movement_0198,movement,train,synthetic_movement_0198,4k3/8/8/8/8/8/6p1/4K3 b - - 0 1,black,g2a1,-100.0,-1.0,0,0,9,illegal,piece_movement,
movement_0198,movement_0198,movement,train,synthetic_movement_0198,4k3/8/8/8/8/8/6p1/4K3 b - - 0 1,black,g2b1,-100.0,-1.0,0,0,9,illegal,piece_movement,
movement_0198,movement_0198,movement,train,synthetic_movement_0198,4k3/8/8/8/8/8/6p1/4K3 b - - 0 1,black,g2c1,-100.0,-1.0,0,0,9,illegal,piece_movement,
movement_0198,movement_0198,movement,train,synthetic_movement_0198,4k3/8/8/8/8/8/6p1/4K3 b - - 0 1,black,g2d1,-100.0,-1.0,0,0,9,illegal,piece_movement,
movement_0198,movement_0198,movement,train,synthetic_movement_0198,4k3/8/8/8/8/8/6p1/4K3 b - - 0 1,black,g2e1,-100.0,-1.0,0,0,9,illegal,piece_movement,
movement_0199,movement_0199,movement,train,synthetic_movement_0199,4k3/8/8/7n/8/8/8/4K3 b - - 0 1,black,h5f4,100.0,1.0,1,1,9,legal,piece_movement,
movement_0199,movement_0199,movement,train,synthetic_movement_0199,4k3/8/8/7n/8/8/8/4K3 b - - 0 1,black,h5f6,100.0,1.0,1,1,9,legal,piece_movement,
movement_0199,movement_0199,movement,train,synthetic_movement_0199,4k3/8/8/7n/8/8/8/4K3 b - - 0 1,black,h5g3,100.0,1.0,1,1,9,legal,piece_movement,
movement_0199,movement_0199,movement,train,synthetic_movement_0199,4k3/8/8/7n/8/8/8/4K3 b - - 0 1,black,h5g7,100.0,1.0,1,1,9,legal,piece_movement,
movement_0199,movement_0199,movement,train,synthetic_movement_0199,4k3/8/8/7n/8/8/8/4K3 b - - 0 1,black,h5a1,-100.0,-1.0,0,0,9,illegal,piece_movement,
movement_0199,movement_0199,movement,train,synthetic_movement_0199,4k3/8/8/7n/8/8/8/4K3 b - - 0 1,black,h5b1,-100.0,-1.0,0,0,9,illegal,piece_movement,
movement_0199,movement_0199,movement,train,synthetic_movement_0199,4k3/8/8/7n/8/8/8/4K3 b - - 0 1,black,h5c1,-100.0,-1.0,0,0,9,illegal,piece_movement,
movement_0199,movement_0199,movement,train,synthetic_movement_0199,4k3/8/8/7n/8/8/8/4K3 b - - 0 1,black,h5d1,-100.0,-1.0,0,0,9,illegal,piece_movement,
movement_0199,movement_0199,movement,train,synthetic_movement_0199,4k3/8/8/7n/8/8/8/4K3 b - - 0 1,black,h5e1,-100.0,-1.0,0,0,9,illegal,piece_movement,
movement_0200,movement_0200,movement,train,synthetic_movement_0200,4k3/8/6b1/8/8/8/8/4K3 b - - 0 1,black,g6b1,100.0,1.0,1,1,13,legal,piece_movement,
movement_0200,movement_0200,movement,train,synthetic_movement_0200,4k3/8/6b1/8/8/8/8/4K3 b - - 0 1,black,g6c2,100.0,1.0,1,1,13,legal,piece_movement,
movement_0200,movement_0200,movement,train,synthetic_movement_0200,4k3/8/6b1/8/8/8/8/4K3 b - - 0 1,black,g6d3,100.0,1.0,1,1,13,legal,piece_movement,
movement_0200,movement_0200,movement,train,synthetic_movement_0200,4k3/8/6b1/8/8/8/8/4K3 b - - 0 1,black,g6e4,100.0,1.0,1,1,13,legal,piece_movement,
movement_0200,movement_0200,movement,train,synthetic_movement_0200,4k3/8/6b1/8/8/8/8/4K3 b - - 0 1,black,g6f5,100.0,1.0,1,1,13,legal,piece_movement,
movement_0200,movement_0200,movement,train,synthetic_movement_0200,4k3/8/6b1/8/8/8/8/4K3 b - - 0 1,black,g6a1,-100.0,-1.0,0,0,13,illegal,piece_movement,
movement_0200,movement_0200,movement,train,synthetic_movement_0200,4k3/8/6b1/8/8/8/8/4K3 b - - 0 1,black,g6c1,-100.0,-1.0,0,0,13,illegal,piece_movement,
movement_0200,movement_0200,movement,train,synthetic_movement_0200,4k3/8/6b1/8/8/8/8/4K3 b - - 0 1,black,g6d1,-100.0,-1.0,0,0,13,illegal,piece_movement,
movement_0200,movement_0200,movement,train,synthetic_movement_0200,4k3/8/6b1/8/8/8/8/4K3 b - - 0 1,black,g6e1,-100.0,-1.0,0,0,13,illegal,piece_movement,
movement_0200,movement_0200,movement,train,synthetic_movement_0200,4k3/8/6b1/8/8/8/8/4K3 b - - 0 1,black,g6f1,-100.0,-1.0,0,0,13,illegal,piece_movement,
movement_0201,movement_0201,movement,train,synthetic_movement_0201,4k3/8/7r/8/8/8/8/4K3 b - - 0 1,black,h6a6,100.0,1.0,1,1,19,legal,piece_movement,
movement_0201,movement_0201,movement,train,synthetic_movement_0201,4k3/8/7r/8/8/8/8/4K3 b - - 0 1,black,h6b6,100.0,1.0,1,1,19,legal,piece_movement,
movement_0201,movement_0201,movement,train,synthetic_movement_0201,4k3/8/7r/8/8/8/8/4K3 b - - 0 1,black,h6c6,100.0,1.0,1,1,19,legal,piece_movement,
movement_0201,movement_0201,movement,train,synthetic_movement_0201,4k3/8/7r/8/8/8/8/4K3 b - - 0 1,black,h6d6,100.0,1.0,1,1,19,legal,piece_movement,
movement_0201,movement_0201,movement,train,synthetic_movement_0201,4k3/8/7r/8/8/8/8/4K3 b - - 0 1,black,h6e6,100.0,1.0,1,1,19,legal,piece_movement,
movement_0201,movement_0201,movement,train,synthetic_movement_0201,4k3/8/7r/8/8/8/8/4K3 b - - 0 1,black,h6a1,-100.0,-1.0,0,0,19,illegal,piece_movement,
movement_0201,movement_0201,movement,train,synthetic_movement_0201,4k3/8/7r/8/8/8/8/4K3 b - - 0 1,black,h6b1,-100.0,-1.0,0,0,19,illegal,piece_movement,
movement_0201,movement_0201,movement,train,synthetic_movement_0201,4k3/8/7r/8/8/8/8/4K3 b - - 0 1,black,h6c1,-100.0,-1.0,0,0,19,illegal,piece_movement,
movement_0201,movement_0201,movement,train,synthetic_movement_0201,4k3/8/7r/8/8/8/8/4K3 b - - 0 1,black,h6d1,-100.0,-1.0,0,0,19,illegal,piece_movement,
movement_0201,movement_0201,movement,train,synthetic_movement_0201,4k3/8/7r/8/8/8/8/4K3 b - - 0 1,black,h6e1,-100.0,-1.0,0,0,19,illegal,piece_movement,
movement_0202,movement_0202,movement,train,synthetic_movement_0202,4k3/8/8/8/8/8/8/q3K3 b - - 0 1,black,a1a2,100.0,1.0,1,1,23,legal,piece_movement,
movement_0202,movement_0202,movement,train,synthetic_movement_0202,4k3/8/8/8/8/8/8/q3K3 b - - 0 1,black,a1a3,100.0,1.0,1,1,23,legal,piece_movement,
movement_0202,movement_0202,movement,train,synthetic_movement_0202,4k3/8/8/8/8/8/8/q3K3 b - - 0 1,black,a1a4,100.0,1.0,1,1,23,legal,piece_movement,
movement_0202,movement_0202,movement,train,synthetic_movement_0202,4k3/8/8/8/8/8/8/q3K3 b - - 0 1,black,a1a5,100.0,1.0,1,1,23,legal,piece_movement,
movement_0202,movement_0202,movement,train,synthetic_movement_0202,4k3/8/8/8/8/8/8/q3K3 b - - 0 1,black,a1a6,100.0,1.0,1,1,23,legal,piece_movement,
movement_0202,movement_0202,movement,train,synthetic_movement_0202,4k3/8/8/8/8/8/8/q3K3 b - - 0 1,black,a1f1,-100.0,-1.0,0,0,23,illegal,piece_movement,
movement_0202,movement_0202,movement,train,synthetic_movement_0202,4k3/8/8/8/8/8/8/q3K3 b - - 0 1,black,a1g1,-100.0,-1.0,0,0,23,illegal,piece_movement,
movement_0202,movement_0202,movement,train,synthetic_movement_0202,4k3/8/8/8/8/8/8/q3K3 b - - 0 1,black,a1h1,-100.0,-1.0,0,0,23,illegal,piece_movement,
movement_0202,movement_0202,movement,train,synthetic_movement_0202,4k3/8/8/8/8/8/8/q3K3 b - - 0 1,black,a1c2,-100.0,-1.0,0,0,23,illegal,piece_movement,
movement_0202,movement_0202,movement,train,synthetic_movement_0202,4k3/8/8/8/8/8/8/q3K3 b - - 0 1,black,a1d2,-100.0,-1.0,0,0,23,illegal,piece_movement,
movement_0203,movement_0203,movement,train,synthetic_movement_0203,4k3/8/8/8/8/8/1k6/4K3 b - - 0 1,black,b2a1,100.0,1.0,1,1,13,legal,piece_movement,
movement_0203,movement_0203,movement,train,synthetic_movement_0203,4k3/8/8/8/8/8/1k6/4K3 b - - 0 1,black,b2a2,100.0,1.0,1,1,13,legal,piece_movement,
movement_0203,movement_0203,movement,train,synthetic_movement_0203,4k3/8/8/8/8/8/1k6/4K3 b - - 0 1,black,b2a3,100.0,1.0,1,1,13,legal,piece_movement,
movement_0203,movement_0203,movement,train,synthetic_movement_0203,4k3/8/8/8/8/8/1k6/4K3 b - - 0 1,black,b2b1,100.0,1.0,1,1,13,legal,piece_movement,
movement_0203,movement_0203,movement,train,synthetic_movement_0203,4k3/8/8/8/8/8/1k6/4K3 b - - 0 1,black,b2b3,100.0,1.0,1,1,13,legal,piece_movement,
movement_0203,movement_0203,movement,train,synthetic_movement_0203,4k3/8/8/8/8/8/1k6/4K3 b - - 0 1,black,b2d1,-100.0,-1.0,0,0,13,illegal,piece_movement,
movement_0203,movement_0203,movement,train,synthetic_movement_0203,4k3/8/8/8/8/8/1k6/4K3 b - - 0 1,black,b2e1,-100.0,-1.0,0,0,13,illegal,piece_movement,
movement_0203,movement_0203,movement,train,synthetic_movement_0203,4k3/8/8/8/8/8/1k6/4K3 b - - 0 1,black,b2f1,-100.0,-1.0,0,0,13,illegal,piece_movement,
movement_0203,movement_0203,movement,train,synthetic_movement_0203,4k3/8/8/8/8/8/1k6/4K3 b - - 0 1,black,b2g1,-100.0,-1.0,0,0,13,illegal,piece_movement,
movement_0203,movement_0203,movement,train,synthetic_movement_0203,4k3/8/8/8/8/8/1k6/4K3 b - - 0 1,black,b2h1,-100.0,-1.0,0,0,13,illegal,piece_movement,
movement_0204,movement_0204,movement,train,synthetic_movement_0204,4k3/8/8/P7/8/8/8/4K3 w - - 0 1,white,a5a6,100.0,1.0,1,1,6,legal,piece_movement,
movement_0204,movement_0204,movement,train,synthetic_movement_0204,4k3/8/8/P7/8/8/8/4K3 w - - 0 1,white,a5a1,-100.0,-1.0,0,0,6,illegal,piece_movement,
movement_0204,movement_0204,movement,train,synthetic_movement_0204,4k3/8/8/P7/8/8/8/4K3 w - - 0 1,white,a5b1,-100.0,-1.0,0,0,6,illegal,piece_movement,
movement_0204,movement_0204,movement,train,synthetic_movement_0204,4k3/8/8/P7/8/8/8/4K3 w - - 0 1,white,a5c1,-100.0,-1.0,0,0,6,illegal,piece_movement,
movement_0204,movement_0204,movement,train,synthetic_movement_0204,4k3/8/8/P7/8/8/8/4K3 w - - 0 1,white,a5d1,-100.0,-1.0,0,0,6,illegal,piece_movement,
movement_0204,movement_0204,movement,train,synthetic_movement_0204,4k3/8/8/P7/8/8/8/4K3 w - - 0 1,white,a5e1,-100.0,-1.0,0,0,6,illegal,piece_movement,
movement_0205,movement_0205,movement,train,synthetic_movement_0205,4k3/8/8/5N2/8/8/8/4K3 w - - 0 1,white,f5d4,100.0,1.0,1,1,13,legal,piece_movement,
movement_0205,movement_0205,movement,train,synthetic_movement_0205,4k3/8/8/5N2/8/8/8/4K3 w - - 0 1,white,f5d6,100.0,1.0,1,1,13,legal,piece_movement,
movement_0205,movement_0205,movement,train,synthetic_movement_0205,4k3/8/8/5N2/8/8/8/4K3 w - - 0 1,white,f5e3,100.0,1.0,1,1,13,legal,piece_movement,
movement_0205,movement_0205,movement,train,synthetic_movement_0205,4k3/8/8/5N2/8/8/8/4K3 w - - 0 1,white,f5e7,100.0,1.0,1,1,13,legal,piece_movement,
movement_0205,movement_0205,movement,train,synthetic_movement_0205,4k3/8/8/5N2/8/8/8/4K3 w - - 0 1,white,f5g3,100.0,1.0,1,1,13,legal,piece_movement,
movement_0205,movement_0205,movement,train,synthetic_movement_0205,4k3/8/8/5N2/8/8/8/4K3 w - - 0 1,white,f5a1,-100.0,-1.0,0,0,13,illegal,piece_movement,
movement_0205,movement_0205,movement,train,synthetic_movement_0205,4k3/8/8/5N2/8/8/8/4K3 w - - 0 1,white,f5b1,-100.0,-1.0,0,0,13,illegal,piece_movement,
movement_0205,movement_0205,movement,train,synthetic_movement_0205,4k3/8/8/5N2/8/8/8/4K3 w - - 0 1,white,f5c1,-100.0,-1.0,0,0,13,illegal,piece_movement,
movement_0205,movement_0205,movement,train,synthetic_movement_0205,4k3/8/8/5N2/8/8/8/4K3 w - - 0 1,white,f5d1,-100.0,-1.0,0,0,13,illegal,piece_movement,
movement_0205,movement_0205,movement,train,synthetic_movement_0205,4k3/8/8/5N2/8/8/8/4K3 w - - 0 1,white,f5e1,-100.0,-1.0,0,0,13,illegal,piece_movement,
movement_0206,movement_0206,movement,train,synthetic_movement_0206,4k3/8/6B1/8/8/8/8/4K3 w - - 0 1,white,g6b1,100.0,1.0,1,1,14,legal,piece_movement,
movement_0206,movement_0206,movement,train,synthetic_movement_0206,4k3/8/6B1/8/8/8/8/4K3 w - - 0 1,white,g6c2,100.0,1.0,1,1,14,legal,piece_movement,
movement_0206,movement_0206,movement,train,synthetic_movement_0206,4k3/8/6B1/8/8/8/8/4K3 w - - 0 1,white,g6d3,100.0,1.0,1,1,14,legal,piece_movement,
movement_0206,movement_0206,movement,train,synthetic_movement_0206,4k3/8/6B1/8/8/8/8/4K3 w - - 0 1,white,g6e4,100.0,1.0,1,1,14,legal,piece_movement,
movement_0206,movement_0206,movement,train,synthetic_movement_0206,4k3/8/6B1/8/8/8/8/4K3 w - - 0 1,white,g6e8,100.0,1.0,1,1,14,legal,piece_movement,
movement_0206,movement_0206,movement,train,synthetic_movement_0206,4k3/8/6B1/8/8/8/8/4K3 w - - 0 1,white,g6a1,-100.0,-1.0,0,0,14,illegal,piece_movement,
movement_0206,movement_0206,movement,train,synthetic_movement_0206,4k3/8/6B1/8/8/8/8/4K3 w - - 0 1,white,g6c1,-100.0,-1.0,0,0,14,illegal,piece_movement,
movement_0206,movement_0206,movement,train,synthetic_movement_0206,4k3/8/6B1/8/8/8/8/4K3 w - - 0 1,white,g6d1,-100.0,-1.0,0,0,14,illegal,piece_movement,
movement_0206,movement_0206,movement,train,synthetic_movement_0206,4k3/8/6B1/8/8/8/8/4K3 w - - 0 1,white,g6e1,-100.0,-1.0,0,0,14,illegal,piece_movement,
movement_0206,movement_0206,movement,train,synthetic_movement_0206,4k3/8/6B1/8/8/8/8/4K3 w - - 0 1,white,g6f1,-100.0,-1.0,0,0,14,illegal,piece_movement,
movement_0207,movement_0207,movement,train,synthetic_movement_0207,4k3/8/8/8/8/8/6R1/4K3 w - - 0 1,white,g2a2,100.0,1.0,1,1,19,legal,piece_movement,
movement_0207,movement_0207,movement,train,synthetic_movement_0207,4k3/8/8/8/8/8/6R1/4K3 w - - 0 1,white,g2b2,100.0,1.0,1,1,19,legal,piece_movement,
movement_0207,movement_0207,movement,train,synthetic_movement_0207,4k3/8/8/8/8/8/6R1/4K3 w - - 0 1,white,g2c2,100.0,1.0,1,1,19,legal,piece_movement,
movement_0207,movement_0207,movement,train,synthetic_movement_0207,4k3/8/8/8/8/8/6R1/4K3 w - - 0 1,white,g2d2,100.0,1.0,1,1,19,legal,piece_movement,
movement_0207,movement_0207,movement,train,synthetic_movement_0207,4k3/8/8/8/8/8/6R1/4K3 w - - 0 1,white,g2e2,100.0,1.0,1,1,19,legal,piece_movement,
movement_0207,movement_0207,movement,train,synthetic_movement_0207,4k3/8/8/8/8/8/6R1/4K3 w - - 0 1,white,g2a1,-100.0,-1.0,0,0,19,illegal,piece_movement,
movement_0207,movement_0207,movement,train,synthetic_movement_0207,4k3/8/8/8/8/8/6R1/4K3 w - - 0 1,white,g2b1,-100.0,-1.0,0,0,19,illegal,piece_movement,
movement_0207,movement_0207,movement,train,synthetic_movement_0207,4k3/8/8/8/8/8/6R1/4K3 w - - 0 1,white,g2c1,-100.0,-1.0,0,0,19,illegal,piece_movement,
movement_0207,movement_0207,movement,train,synthetic_movement_0207,4k3/8/8/8/8/8/6R1/4K3 w - - 0 1,white,g2d1,-100.0,-1.0,0,0,19,illegal,piece_movement,
movement_0207,movement_0207,movement,train,synthetic_movement_0207,4k3/8/8/8/8/8/6R1/4K3 w - - 0 1,white,g2e1,-100.0,-1.0,0,0,19,illegal,piece_movement,
movement_0208,movement_0208,movement,train,synthetic_movement_0208,4k3/8/8/8/8/2Q5/8/4K3 w - - 0 1,white,c3a1,100.0,1.0,1,1,29,legal,piece_movement,
movement_0208,movement_0208,movement,train,synthetic_movement_0208,4k3/8/8/8/8/2Q5/8/4K3 w - - 0 1,white,c3a3,100.0,1.0,1,1,29,legal,piece_movement,
movement_0208,movement_0208,movement,train,synthetic_movement_0208,4k3/8/8/8/8/2Q5/8/4K3 w - - 0 1,white,c3a5,100.0,1.0,1,1,29,legal,piece_movement,
movement_0208,movement_0208,movement,train,synthetic_movement_0208,4k3/8/8/8/8/2Q5/8/4K3 w - - 0 1,white,c3b2,100.0,1.0,1,1,29,legal,piece_movement,
movement_0208,movement_0208,movement,train,synthetic_movement_0208,4k3/8/8/8/8/2Q5/8/4K3 w - - 0 1,white,c3b3,100.0,1.0,1,1,29,legal,piece_movement,
movement_0208,movement_0208,movement,train,synthetic_movement_0208,4k3/8/8/8/8/2Q5/8/4K3 w - - 0 1,white,c3b1,-100.0,-1.0,0,0,29,illegal,piece_movement,
movement_0208,movement_0208,movement,train,synthetic_movement_0208,4k3/8/8/8/8/2Q5/8/4K3 w - - 0 1,white,c3d1,-100.0,-1.0,0,0,29,illegal,piece_movement,
movement_0208,movement_0208,movement,train,synthetic_movement_0208,4k3/8/8/8/8/2Q5/8/4K3 w - - 0 1,white,c3e1,-100.0,-1.0,0,0,29,illegal,piece_movement,
movement_0208,movement_0208,movement,train,synthetic_movement_0208,4k3/8/8/8/8/2Q5/8/4K3 w - - 0 1,white,c3f1,-100.0,-1.0,0,0,29,illegal,piece_movement,
movement_0208,movement_0208,movement,train,synthetic_movement_0208,4k3/8/8/8/8/2Q5/8/4K3 w - - 0 1,white,c3g1,-100.0,-1.0,0,0,29,illegal,piece_movement,
movement_0209,movement_0209,movement,train,synthetic_movement_0209,4k3/8/3K4/8/8/8/8/4K3 w - - 0 1,white,d6c5,100.0,1.0,1,1,11,legal,piece_movement,
movement_0209,movement_0209,movement,train,synthetic_movement_0209,4k3/8/3K4/8/8/8/8/4K3 w - - 0 1,white,d6c6,100.0,1.0,1,1,11,legal,piece_movement,
movement_0209,movement_0209,movement,train,synthetic_movement_0209,4k3/8/3K4/8/8/8/8/4K3 w - - 0 1,white,d6c7,100.0,1.0,1,1,11,legal,piece_movement,
movement_0209,movement_0209,movement,train,synthetic_movement_0209,4k3/8/3K4/8/8/8/8/4K3 w - - 0 1,white,d6d5,100.0,1.0,1,1,11,legal,piece_movement,
movement_0209,movement_0209,movement,train,synthetic_movement_0209,4k3/8/3K4/8/8/8/8/4K3 w - - 0 1,white,d6e5,100.0,1.0,1,1,11,legal,piece_movement,
movement_0209,movement_0209,movement,train,synthetic_movement_0209,4k3/8/3K4/8/8/8/8/4K3 w - - 0 1,white,d6a1,-100.0,-1.0,0,0,11,illegal,piece_movement,
movement_0209,movement_0209,movement,train,synthetic_movement_0209,4k3/8/3K4/8/8/8/8/4K3 w - - 0 1,white,d6b1,-100.0,-1.0,0,0,11,illegal,piece_movement,
movement_0209,movement_0209,movement,train,synthetic_movement_0209,4k3/8/3K4/8/8/8/8/4K3 w - - 0 1,white,d6c1,-100.0,-1.0,0,0,11,illegal,piece_movement,
movement_0209,movement_0209,movement,train,synthetic_movement_0209,4k3/8/3K4/8/8/8/8/4K3 w - - 0 1,white,d6d1,-100.0,-1.0,0,0,11,illegal,piece_movement,
movement_0209,movement_0209,movement,train,synthetic_movement_0209,4k3/8/3K4/8/8/8/8/4K3 w - - 0 1,white,d6e1,-100.0,-1.0,0,0,11,illegal,piece_movement,
movement_0210,movement_0210,movement,train,synthetic_movement_0210,4k3/8/8/8/1p6/8/8/4K3 b - - 0 1,black,b4b3,100.0,1.0,1,1,6,legal,piece_movement,
movement_0210,movement_0210,movement,train,synthetic_movement_0210,4k3/8/8/8/1p6/8/8/4K3 b - - 0 1,black,b4a1,-100.0,-1.0,0,0,6,illegal,piece_movement,
movement_0210,movement_0210,movement,train,synthetic_movement_0210,4k3/8/8/8/1p6/8/8/4K3 b - - 0 1,black,b4b1,-100.0,-1.0,0,0,6,illegal,piece_movement,
movement_0210,movement_0210,movement,train,synthetic_movement_0210,4k3/8/8/8/1p6/8/8/4K3 b - - 0 1,black,b4c1,-100.0,-1.0,0,0,6,illegal,piece_movement,
movement_0210,movement_0210,movement,train,synthetic_movement_0210,4k3/8/8/8/1p6/8/8/4K3 b - - 0 1,black,b4d1,-100.0,-1.0,0,0,6,illegal,piece_movement,
movement_0210,movement_0210,movement,train,synthetic_movement_0210,4k3/8/8/8/1p6/8/8/4K3 b - - 0 1,black,b4e1,-100.0,-1.0,0,0,6,illegal,piece_movement,
movement_0211,movement_0211,movement,train,synthetic_movement_0211,4k3/7n/8/8/8/8/8/4K3 b - - 0 1,black,h7f6,100.0,1.0,1,1,8,legal,piece_movement,
movement_0211,movement_0211,movement,train,synthetic_movement_0211,4k3/7n/8/8/8/8/8/4K3 b - - 0 1,black,h7f8,100.0,1.0,1,1,8,legal,piece_movement,
movement_0211,movement_0211,movement,train,synthetic_movement_0211,4k3/7n/8/8/8/8/8/4K3 b - - 0 1,black,h7g5,100.0,1.0,1,1,8,legal,piece_movement,
movement_0211,movement_0211,movement,train,synthetic_movement_0211,4k3/7n/8/8/8/8/8/4K3 b - - 0 1,black,h7a1,-100.0,-1.0,0,0,8,illegal,piece_movement,
movement_0211,movement_0211,movement,train,synthetic_movement_0211,4k3/7n/8/8/8/8/8/4K3 b - - 0 1,black,h7b1,-100.0,-1.0,0,0,8,illegal,piece_movement,
movement_0211,movement_0211,movement,train,synthetic_movement_0211,4k3/7n/8/8/8/8/8/4K3 b - - 0 1,black,h7c1,-100.0,-1.0,0,0,8,illegal,piece_movement,
movement_0211,movement_0211,movement,train,synthetic_movement_0211,4k3/7n/8/8/8/8/8/4K3 b - - 0 1,black,h7d1,-100.0,-1.0,0,0,8,illegal,piece_movement,
movement_0211,movement_0211,movement,train,synthetic_movement_0211,4k3/7n/8/8/8/8/8/4K3 b - - 0 1,black,h7e1,-100.0,-1.0,0,0,8,illegal,piece_movement,
movement_0212,movement_0212,movement,train,synthetic_movement_0212,4k3/8/8/8/6b1/8/8/4K3 b - - 0 1,black,g4c8,100.0,1.0,1,1,14,legal,piece_movement,
movement_0212,movement_0212,movement,train,synthetic_movement_0212,4k3/8/8/8/6b1/8/8/4K3 b - - 0 1,black,g4d1,100.0,1.0,1,1,14,legal,piece_movement,
movement_0212,movement_0212,movement,train,synthetic_movement_0212,4k3/8/8/8/6b1/8/8/4K3 b - - 0 1,black,g4d7,100.0,1.0,1,1,14,legal,piece_movement,
movement_0212,movement_0212,movement,train,synthetic_movement_0212,4k3/8/8/8/6b1/8/8/4K3 b - - 0 1,black,g4e2,100.0,1.0,1,1,14,legal,piece_movement,
movement_0212,movement_0212,movement,train,synthetic_movement_0212,4k3/8/8/8/6b1/8/8/4K3 b - - 0 1,black,g4e6,100.0,1.0,1,1,14,legal,piece_movement,
movement_0212,movement_0212,movement,train,synthetic_movement_0212,4k3/8/8/8/6b1/8/8/4K3 b - - 0 1,black,g4a1,-100.0,-1.0,0,0,14,illegal,piece_movement,
movement_0212,movement_0212,movement,train,synthetic_movement_0212,4k3/8/8/8/6b1/8/8/4K3 b - - 0 1,black,g4b1,-100.0,-1.0,0,0,14,illegal,piece_movement,
movement_0212,movement_0212,movement,train,synthetic_movement_0212,4k3/8/8/8/6b1/8/8/4K3 b - - 0 1,black,g4c1,-100.0,-1.0,0,0,14,illegal,piece_movement,
movement_0212,movement_0212,movement,train,synthetic_movement_0212,4k3/8/8/8/6b1/8/8/4K3 b - - 0 1,black,g4e1,-100.0,-1.0,0,0,14,illegal,piece_movement,
movement_0212,movement_0212,movement,train,synthetic_movement_0212,4k3/8/8/8/6b1/8/8/4K3 b - - 0 1,black,g4f1,-100.0,-1.0,0,0,14,illegal,piece_movement,
movement_0213,movement_0213,movement,train,synthetic_movement_0213,4k3/8/8/8/8/5r2/8/4K3 b - - 0 1,black,f3a3,100.0,1.0,1,1,19,legal,piece_movement,
movement_0213,movement_0213,movement,train,synthetic_movement_0213,4k3/8/8/8/8/5r2/8/4K3 b - - 0 1,black,f3b3,100.0,1.0,1,1,19,legal,piece_movement,
movement_0213,movement_0213,movement,train,synthetic_movement_0213,4k3/8/8/8/8/5r2/8/4K3 b - - 0 1,black,f3c3,100.0,1.0,1,1,19,legal,piece_movement,
movement_0213,movement_0213,movement,train,synthetic_movement_0213,4k3/8/8/8/8/5r2/8/4K3 b - - 0 1,black,f3d3,100.0,1.0,1,1,19,legal,piece_movement,
movement_0213,movement_0213,movement,train,synthetic_movement_0213,4k3/8/8/8/8/5r2/8/4K3 b - - 0 1,black,f3e3,100.0,1.0,1,1,19,legal,piece_movement,
movement_0213,movement_0213,movement,train,synthetic_movement_0213,4k3/8/8/8/8/5r2/8/4K3 b - - 0 1,black,f3a1,-100.0,-1.0,0,0,19,illegal,piece_movement,
movement_0213,movement_0213,movement,train,synthetic_movement_0213,4k3/8/8/8/8/5r2/8/4K3 b - - 0 1,black,f3b1,-100.0,-1.0,0,0,19,illegal,piece_movement,
movement_0213,movement_0213,movement,train,synthetic_movement_0213,4k3/8/8/8/8/5r2/8/4K3 b - - 0 1,black,f3c1,-100.0,-1.0,0,0,19,illegal,piece_movement,
movement_0213,movement_0213,movement,train,synthetic_movement_0213,4k3/8/8/8/8/5r2/8/4K3 b - - 0 1,black,f3d1,-100.0,-1.0,0,0,19,illegal,piece_movement,
movement_0213,movement_0213,movement,train,synthetic_movement_0213,4k3/8/8/8/8/5r2/8/4K3 b - - 0 1,black,f3e1,-100.0,-1.0,0,0,19,illegal,piece_movement,
movement_0214,movement_0214,movement,train,synthetic_movement_0214,4k3/8/8/8/8/8/8/q3K3 b - - 0 1,black,a1a2,100.0,1.0,1,1,23,legal,piece_movement,
movement_0214,movement_0214,movement,train,synthetic_movement_0214,4k3/8/8/8/8/8/8/q3K3 b - - 0 1,black,a1a3,100.0,1.0,1,1,23,legal,piece_movement,
movement_0214,movement_0214,movement,train,synthetic_movement_0214,4k3/8/8/8/8/8/8/q3K3 b - - 0 1,black,a1a4,100.0,1.0,1,1,23,legal,piece_movement,
movement_0214,movement_0214,movement,train,synthetic_movement_0214,4k3/8/8/8/8/8/8/q3K3 b - - 0 1,black,a1a5,100.0,1.0,1,1,23,legal,piece_movement,
movement_0214,movement_0214,movement,train,synthetic_movement_0214,4k3/8/8/8/8/8/8/q3K3 b - - 0 1,black,a1a6,100.0,1.0,1,1,23,legal,piece_movement,
movement_0214,movement_0214,movement,train,synthetic_movement_0214,4k3/8/8/8/8/8/8/q3K3 b - - 0 1,black,a1f1,-100.0,-1.0,0,0,23,illegal,piece_movement,
movement_0214,movement_0214,movement,train,synthetic_movement_0214,4k3/8/8/8/8/8/8/q3K3 b - - 0 1,black,a1g1,-100.0,-1.0,0,0,23,illegal,piece_movement,
movement_0214,movement_0214,movement,train,synthetic_movement_0214,4k3/8/8/8/8/8/8/q3K3 b - - 0 1,black,a1h1,-100.0,-1.0,0,0,23,illegal,piece_movement,
movement_0214,movement_0214,movement,train,synthetic_movement_0214,4k3/8/8/8/8/8/8/q3K3 b - - 0 1,black,a1c2,-100.0,-1.0,0,0,23,illegal,piece_movement,
movement_0214,movement_0214,movement,train,synthetic_movement_0214,4k3/8/8/8/8/8/8/q3K3 b - - 0 1,black,a1d2,-100.0,-1.0,0,0,23,illegal,piece_movement,
movement_0215,movement_0215,movement,train,synthetic_movement_0215,4k3/8/8/8/2k5/8/8/4K3 b - - 0 1,black,c4b3,100.0,1.0,1,1,13,legal,piece_movement,
movement_0215,movement_0215,movement,train,synthetic_movement_0215,4k3/8/8/8/2k5/8/8/4K3 b - - 0 1,black,c4b4,100.0,1.0,1,1,13,legal,piece_movement,
movement_0215,movement_0215,movement,train,synthetic_movement_0215,4k3/8/8/8/2k5/8/8/4K3 b - - 0 1,black,c4b5,100.0,1.0,1,1,13,legal,piece_movement,
movement_0215,movement_0215,movement,train,synthetic_movement_0215,4k3/8/8/8/2k5/8/8/4K3 b - - 0 1,black,c4c3,100.0,1.0,1,1,13,legal,piece_movement,
movement_0215,movement_0215,movement,train,synthetic_movement_0215,4k3/8/8/8/2k5/8/8/4K3 b - - 0 1,black,c4c5,100.0,1.0,1,1,13,legal,piece_movement,
movement_0215,movement_0215,movement,train,synthetic_movement_0215,4k3/8/8/8/2k5/8/8/4K3 b - - 0 1,black,c4a1,-100.0,-1.0,0,0,13,illegal,piece_movement,
movement_0215,movement_0215,movement,train,synthetic_movement_0215,4k3/8/8/8/2k5/8/8/4K3 b - - 0 1,black,c4b1,-100.0,-1.0,0,0,13,illegal,piece_movement,
movement_0215,movement_0215,movement,train,synthetic_movement_0215,4k3/8/8/8/2k5/8/8/4K3 b - - 0 1,black,c4c1,-100.0,-1.0,0,0,13,illegal,piece_movement,
movement_0215,movement_0215,movement,train,synthetic_movement_0215,4k3/8/8/8/2k5/8/8/4K3 b - - 0 1,black,c4d1,-100.0,-1.0,0,0,13,illegal,piece_movement,
movement_0215,movement_0215,movement,train,synthetic_movement_0215,4k3/8/8/8/2k5/8/8/4K3 b - - 0 1,black,c4e1,-100.0,-1.0,0,0,13,illegal,piece_movement,
movement_0216,movement_0216,movement,train,synthetic_movement_0216,4k3/8/8/6P1/8/8/8/4K3 w - - 0 1,white,g5g6,100.0,1.0,1,1,6,legal,piece_movement,
movement_0216,movement_0216,movement,train,synthetic_movement_0216,4k3/8/8/6P1/8/8/8/4K3 w - - 0 1,white,g5a1,-100.0,-1.0,0,0,6,illegal,piece_movement,
movement_0216,movement_0216,movement,train,synthetic_movement_0216,4k3/8/8/6P1/8/8/8/4K3 w - - 0 1,white,g5b1,-100.0,-1.0,0,0,6,illegal,piece_movement,
movement_0216,movement_0216,movement,train,synthetic_movement_0216,4k3/8/8/6P1/8/8/8/4K3 w - - 0 1,white,g5c1,-100.0,-1.0,0,0,6,illegal,piece_movement,
movement_0216,movement_0216,movement,train,synthetic_movement_0216,4k3/8/8/6P1/8/8/8/4K3 w - - 0 1,white,g5d1,-100.0,-1.0,0,0,6,illegal,piece_movement,
movement_0216,movement_0216,movement,train,synthetic_movement_0216,4k3/8/8/6P1/8/8/8/4K3 w - - 0 1,white,g5e1,-100.0,-1.0,0,0,6,illegal,piece_movement,
movement_0217,movement_0217,movement,train,synthetic_movement_0217,4k3/5N2/8/8/8/8/8/4K3 w - - 0 1,white,f7d6,100.0,1.0,1,1,11,legal,piece_movement,
movement_0217,movement_0217,movement,train,synthetic_movement_0217,4k3/5N2/8/8/8/8/8/4K3 w - - 0 1,white,f7d8,100.0,1.0,1,1,11,legal,piece_movement,
movement_0217,movement_0217,movement,train,synthetic_movement_0217,4k3/5N2/8/8/8/8/8/4K3 w - - 0 1,white,f7e5,100.0,1.0,1,1,11,legal,piece_movement,
movement_0217,movement_0217,movement,train,synthetic_movement_0217,4k3/5N2/8/8/8/8/8/4K3 w - - 0 1,white,f7g5,100.0,1.0,1,1,11,legal,piece_movement,
movement_0217,movement_0217,movement,train,synthetic_movement_0217,4k3/5N2/8/8/8/8/8/4K3 w - - 0 1,white,f7h6,100.0,1.0,1,1,11,legal,piece_movement,
movement_0217,movement_0217,movement,train,synthetic_movement_0217,4k3/5N2/8/8/8/8/8/4K3 w - - 0 1,white,f7a1,-100.0,-1.0,0,0,11,illegal,piece_movement,
movement_0217,movement_0217,movement,train,synthetic_movement_0217,4k3/5N2/8/8/8/8/8/4K3 w - - 0 1,white,f7b1,-100.0,-1.0,0,0,11,illegal,piece_movement,
movement_0217,movement_0217,movement,train,synthetic_movement_0217,4k3/5N2/8/8/8/8/8/4K3 w - - 0 1,white,f7c1,-100.0,-1.0,0,0,11,illegal,piece_movement,
movement_0217,movement_0217,movement,train,synthetic_movement_0217,4k3/5N2/8/8/8/8/8/4K3 w - - 0 1,white,f7d1,-100.0,-1.0,0,0,11,illegal,piece_movement,
movement_0217,movement_0217,movement,train,synthetic_movement_0217,4k3/5N2/8/8/8/8/8/4K3 w - - 0 1,white,f7e1,-100.0,-1.0,0,0,11,illegal,piece_movement,
movement_0218,movement_0218,movement,train,synthetic_movement_0218,4k3/8/8/8/3B4/8/8/4K3 w - - 0 1,white,d4a1,100.0,1.0,1,1,18,legal,piece_movement,
movement_0218,movement_0218,movement,train,synthetic_movement_0218,4k3/8/8/8/3B4/8/8/4K3 w - - 0 1,white,d4a7,100.0,1.0,1,1,18,legal,piece_movement,
movement_0218,movement_0218,movement,train,synthetic_movement_0218,4k3/8/8/8/3B4/8/8/4K3 w - - 0 1,white,d4b2,100.0,1.0,1,1,18,legal,piece_movement,
movement_0218,movement_0218,movement,train,synthetic_movement_0218,4k3/8/8/8/3B4/8/8/4K3 w - - 0 1,white,d4b6,100.0,1.0,1,1,18,legal,piece_movement,
movement_0218,movement_0218,movement,train,synthetic_movement_0218,4k3/8/8/8/3B4/8/8/4K3 w - - 0 1,white,d4c3,100.0,1.0,1,1,18,legal,piece_movement,
movement_0218,movement_0218,movement,train,synthetic_movement_0218,4k3/8/8/8/3B4/8/8/4K3 w - - 0 1,white,d4b1,-100.0,-1.0,0,0,18,illegal,piece_movement,
movement_0218,movement_0218,movement,train,synthetic_movement_0218,4k3/8/8/8/3B4/8/8/4K3 w - - 0 1,white,d4c1,-100.0,-1.0,0,0,18,illegal,piece_movement,
movement_0218,movement_0218,movement,train,synthetic_movement_0218,4k3/8/8/8/3B4/8/8/4K3 w - - 0 1,white,d4d1,-100.0,-1.0,0,0,18,illegal,piece_movement,
movement_0218,movement_0218,movement,train,synthetic_movement_0218,4k3/8/8/8/3B4/8/8/4K3 w - - 0 1,white,d4e1,-100.0,-1.0,0,0,18,illegal,piece_movement,
movement_0218,movement_0218,movement,train,synthetic_movement_0218,4k3/8/8/8/3B4/8/8/4K3 w - - 0 1,white,d4f1,-100.0,-1.0,0,0,18,illegal,piece_movement,
movement_0219,movement_0219,movement,train,synthetic_movement_0219,4k3/8/8/8/8/3R4/8/4K3 w - - 0 1,white,d3a3,100.0,1.0,1,1,19,legal,piece_movement,
movement_0219,movement_0219,movement,train,synthetic_movement_0219,4k3/8/8/8/8/3R4/8/4K3 w - - 0 1,white,d3b3,100.0,1.0,1,1,19,legal,piece_movement,
movement_0219,movement_0219,movement,train,synthetic_movement_0219,4k3/8/8/8/8/3R4/8/4K3 w - - 0 1,white,d3c3,100.0,1.0,1,1,19,legal,piece_movement,
movement_0219,movement_0219,movement,train,synthetic_movement_0219,4k3/8/8/8/8/3R4/8/4K3 w - - 0 1,white,d3d1,100.0,1.0,1,1,19,legal,piece_movement,
movement_0219,movement_0219,movement,train,synthetic_movement_0219,4k3/8/8/8/8/3R4/8/4K3 w - - 0 1,white,d3d2,100.0,1.0,1,1,19,legal,piece_movement,
movement_0219,movement_0219,movement,train,synthetic_movement_0219,4k3/8/8/8/8/3R4/8/4K3 w - - 0 1,white,d3a1,-100.0,-1.0,0,0,19,illegal,piece_movement,
movement_0219,movement_0219,movement,train,synthetic_movement_0219,4k3/8/8/8/8/3R4/8/4K3 w - - 0 1,white,d3b1,-100.0,-1.0,0,0,19,illegal,piece_movement,
movement_0219,movement_0219,movement,train,synthetic_movement_0219,4k3/8/8/8/8/3R4/8/4K3 w - - 0 1,white,d3c1,-100.0,-1.0,0,0,19,illegal,piece_movement,
movement_0219,movement_0219,movement,train,synthetic_movement_0219,4k3/8/8/8/8/3R4/8/4K3 w - - 0 1,white,d3e1,-100.0,-1.0,0,0,19,illegal,piece_movement,
movement_0219,movement_0219,movement,train,synthetic_movement_0219,4k3/8/8/8/8/3R4/8/4K3 w - - 0 1,white,d3f1,-100.0,-1.0,0,0,19,illegal,piece_movement,
movement_0220,movement_0220,movement,train,synthetic_movement_0220,4k3/8/1Q6/8/8/8/8/4K3 w - - 0 1,white,b6a5,100.0,1.0,1,1,28,legal,piece_movement,
movement_0220,movement_0220,movement,train,synthetic_movement_0220,4k3/8/1Q6/8/8/8/8/4K3 w - - 0 1,white,b6a6,100.0,1.0,1,1,28,legal,piece_movement,
movement_0220,movement_0220,movement,train,synthetic_movement_0220,4k3/8/1Q6/8/8/8/8/4K3 w - - 0 1,white,b6a7,100.0,1.0,1,1,28,legal,piece_movement,
movement_0220,movement_0220,movement,train,synthetic_movement_0220,4k3/8/1Q6/8/8/8/8/4K3 w - - 0 1,white,b6b1,100.0,1.0,1,1,28,legal,piece_movement,
movement_0220,movement_0220,movement,train,synthetic_movement_0220,4k3/8/1Q6/8/8/8/8/4K3 w - - 0 1,white,b6b2,100.0,1.0,1,1,28,legal,piece_movement,
movement_0220,movement_0220,movement,train,synthetic_movement_0220,4k3/8/1Q6/8/8/8/8/4K3 w - - 0 1,white,b6a1,-100.0,-1.0,0,0,28,illegal,piece_movement,
movement_0220,movement_0220,movement,train,synthetic_movement_0220,4k3/8/1Q6/8/8/8/8/4K3 w - - 0 1,white,b6c1,-100.0,-1.0,0,0,28,illegal,piece_movement,
movement_0220,movement_0220,movement,train,synthetic_movement_0220,4k3/8/1Q6/8/8/8/8/4K3 w - - 0 1,white,b6d1,-100.0,-1.0,0,0,28,illegal,piece_movement,
movement_0220,movement_0220,movement,train,synthetic_movement_0220,4k3/8/1Q6/8/8/8/8/4K3 w - - 0 1,white,b6e1,-100.0,-1.0,0,0,28,illegal,piece_movement,
movement_0220,movement_0220,movement,train,synthetic_movement_0220,4k3/8/1Q6/8/8/8/8/4K3 w - - 0 1,white,b6f1,-100.0,-1.0,0,0,28,illegal,piece_movement,
movement_0221,movement_0221,movement,train,synthetic_movement_0221,4k3/8/8/8/1K6/8/8/4K3 w - - 0 1,white,b4a3,100.0,1.0,1,1,13,legal,piece_movement,
movement_0221,movement_0221,movement,train,synthetic_movement_0221,4k3/8/8/8/1K6/8/8/4K3 w - - 0 1,white,b4a4,100.0,1.0,1,1,13,legal,piece_movement,
movement_0221,movement_0221,movement,train,synthetic_movement_0221,4k3/8/8/8/1K6/8/8/4K3 w - - 0 1,white,b4a5,100.0,1.0,1,1,13,legal,piece_movement,
movement_0221,movement_0221,movement,train,synthetic_movement_0221,4k3/8/8/8/1K6/8/8/4K3 w - - 0 1,white,b4b3,100.0,1.0,1,1,13,legal,piece_movement,
movement_0221,movement_0221,movement,train,synthetic_movement_0221,4k3/8/8/8/1K6/8/8/4K3 w - - 0 1,white,b4b5,100.0,1.0,1,1,13,legal,piece_movement,
movement_0221,movement_0221,movement,train,synthetic_movement_0221,4k3/8/8/8/1K6/8/8/4K3 w - - 0 1,white,b4a1,-100.0,-1.0,0,0,13,illegal,piece_movement,
movement_0221,movement_0221,movement,train,synthetic_movement_0221,4k3/8/8/8/1K6/8/8/4K3 w - - 0 1,white,b4b1,-100.0,-1.0,0,0,13,illegal,piece_movement,
movement_0221,movement_0221,movement,train,synthetic_movement_0221,4k3/8/8/8/1K6/8/8/4K3 w - - 0 1,white,b4c1,-100.0,-1.0,0,0,13,illegal,piece_movement,
movement_0221,movement_0221,movement,train,synthetic_movement_0221,4k3/8/8/8/1K6/8/8/4K3 w - - 0 1,white,b4d1,-100.0,-1.0,0,0,13,illegal,piece_movement,
movement_0221,movement_0221,movement,train,synthetic_movement_0221,4k3/8/8/8/1K6/8/8/4K3 w - - 0 1,white,b4e1,-100.0,-1.0,0,0,13,illegal,piece_movement,
movement_0222,movement_0222,movement,train,synthetic_movement_0222,4k3/8/6p1/8/8/8/8/4K3 b - - 0 1,black,g6g5,100.0,1.0,1,1,6,legal,piece_movement,
movement_0222,movement_0222,movement,train,synthetic_movement_0222,4k3/8/6p1/8/8/8/8/4K3 b - - 0 1,black,g6a1,-100.0,-1.0,0,0,6,illegal,piece_movement,
movement_0222,movement_0222,movement,train,synthetic_movement_0222,4k3/8/6p1/8/8/8/8/4K3 b - - 0 1,black,g6b1,-100.0,-1.0,0,0,6,illegal,piece_movement,
movement_0222,movement_0222,movement,train,synthetic_movement_0222,4k3/8/6p1/8/8/8/8/4K3 b - - 0 1,black,g6c1,-100.0,-1.0,0,0,6,illegal,piece_movement,
movement_0222,movement_0222,movement,train,synthetic_movement_0222,4k3/8/6p1/8/8/8/8/4K3 b - - 0 1,black,g6d1,-100.0,-1.0,0,0,6,illegal,piece_movement,
movement_0222,movement_0222,movement,train,synthetic_movement_0222,4k3/8/6p1/8/8/8/8/4K3 b - - 0 1,black,g6e1,-100.0,-1.0,0,0,6,illegal,piece_movement,
movement_0223,movement_0223,movement,train,synthetic_movement_0223,4k3/8/8/8/8/8/3n4/4K3 b - - 0 1,black,d2b1,100.0,1.0,1,1,11,legal,piece_movement,
movement_0223,movement_0223,movement,train,synthetic_movement_0223,4k3/8/8/8/8/8/3n4/4K3 b - - 0 1,black,d2b3,100.0,1.0,1,1,11,legal,piece_movement,
movement_0223,movement_0223,movement,train,synthetic_movement_0223,4k3/8/8/8/8/8/3n4/4K3 b - - 0 1,black,d2c4,100.0,1.0,1,1,11,legal,piece_movement,
movement_0223,movement_0223,movement,train,synthetic_movement_0223,4k3/8/8/8/8/8/3n4/4K3 b - - 0 1,black,d2e4,100.0,1.0,1,1,11,legal,piece_movement,
movement_0223,movement_0223,movement,train,synthetic_movement_0223,4k3/8/8/8/8/8/3n4/4K3 b - - 0 1,black,d2f1,100.0,1.0,1,1,11,legal,piece_movement,
movement_0223,movement_0223,movement,train,synthetic_movement_0223,4k3/8/8/8/8/8/3n4/4K3 b - - 0 1,black,d2a1,-100.0,-1.0,0,0,11,illegal,piece_movement,
movement_0223,movement_0223,movement,train,synthetic_movement_0223,4k3/8/8/8/8/8/3n4/4K3 b - - 0 1,black,d2c1,-100.0,-1.0,0,0,11,illegal,piece_movement,
movement_0223,movement_0223,movement,train,synthetic_movement_0223,4k3/8/8/8/8/8/3n4/4K3 b - - 0 1,black,d2d1,-100.0,-1.0,0,0,11,illegal,piece_movement,
movement_0223,movement_0223,movement,train,synthetic_movement_0223,4k3/8/8/8/8/8/3n4/4K3 b - - 0 1,black,d2e1,-100.0,-1.0,0,0,11,illegal,piece_movement,
movement_0223,movement_0223,movement,train,synthetic_movement_0223,4k3/8/8/8/8/8/3n4/4K3 b - - 0 1,black,d2g1,-100.0,-1.0,0,0,11,illegal,piece_movement,
movement_0224,movement_0224,movement,train,synthetic_movement_0224,4k3/8/8/8/8/3b4/8/4K3 b - - 0 1,black,d3a6,100.0,1.0,1,1,16,legal,piece_movement,
movement_0224,movement_0224,movement,train,synthetic_movement_0224,4k3/8/8/8/8/3b4/8/4K3 b - - 0 1,black,d3b1,100.0,1.0,1,1,16,legal,piece_movement,
movement_0224,movement_0224,movement,train,synthetic_movement_0224,4k3/8/8/8/8/3b4/8/4K3 b - - 0 1,black,d3b5,100.0,1.0,1,1,16,legal,piece_movement,
movement_0224,movement_0224,movement,train,synthetic_movement_0224,4k3/8/8/8/8/3b4/8/4K3 b - - 0 1,black,d3c2,100.0,1.0,1,1,16,legal,piece_movement,
movement_0224,movement_0224,movement,train,synthetic_movement_0224,4k3/8/8/8/8/3b4/8/4K3 b - - 0 1,black,d3c4,100.0,1.0,1,1,16,legal,piece_movement,
movement_0224,movement_0224,movement,train,synthetic_movement_0224,4k3/8/8/8/8/3b4/8/4K3 b - - 0 1,black,d3a1,-100.0,-1.0,0,0,16,illegal,piece_movement,
movement_0224,movement_0224,movement,train,synthetic_movement_0224,4k3/8/8/8/8/3b4/8/4K3 b - - 0 1,black,d3c1,-100.0,-1.0,0,0,16,illegal,piece_movement,
movement_0224,movement_0224,movement,train,synthetic_movement_0224,4k3/8/8/8/8/3b4/8/4K3 b - - 0 1,black,d3d1,-100.0,-1.0,0,0,16,illegal,piece_movement,
movement_0224,movement_0224,movement,train,synthetic_movement_0224,4k3/8/8/8/8/3b4/8/4K3 b - - 0 1,black,d3e1,-100.0,-1.0,0,0,16,illegal,piece_movement,
movement_0224,movement_0224,movement,train,synthetic_movement_0224,4k3/8/8/8/8/3b4/8/4K3 b - - 0 1,black,d3g1,-100.0,-1.0,0,0,16,illegal,piece_movement,
movement_0225,movement_0225,movement,train,synthetic_movement_0225,2r1k3/8/8/8/8/8/8/4K3 b - - 0 1,black,c8a8,100.0,1.0,1,1,15,legal,piece_movement,
movement_0225,movement_0225,movement,train,synthetic_movement_0225,2r1k3/8/8/8/8/8/8/4K3 b - - 0 1,black,c8b8,100.0,1.0,1,1,15,legal,piece_movement,
movement_0225,movement_0225,movement,train,synthetic_movement_0225,2r1k3/8/8/8/8/8/8/4K3 b - - 0 1,black,c8c1,100.0,1.0,1,1,15,legal,piece_movement,
movement_0225,movement_0225,movement,train,synthetic_movement_0225,2r1k3/8/8/8/8/8/8/4K3 b - - 0 1,black,c8c2,100.0,1.0,1,1,15,legal,piece_movement,
movement_0225,movement_0225,movement,train,synthetic_movement_0225,2r1k3/8/8/8/8/8/8/4K3 b - - 0 1,black,c8c3,100.0,1.0,1,1,15,legal,piece_movement,
movement_0225,movement_0225,movement,train,synthetic_movement_0225,2r1k3/8/8/8/8/8/8/4K3 b - - 0 1,black,c8a1,-100.0,-1.0,0,0,15,illegal,piece_movement,
movement_0225,movement_0225,movement,train,synthetic_movement_0225,2r1k3/8/8/8/8/8/8/4K3 b - - 0 1,black,c8b1,-100.0,-1.0,0,0,15,illegal,piece_movement,
movement_0225,movement_0225,movement,train,synthetic_movement_0225,2r1k3/8/8/8/8/8/8/4K3 b - - 0 1,black,c8d1,-100.0,-1.0,0,0,15,illegal,piece_movement,
movement_0225,movement_0225,movement,train,synthetic_movement_0225,2r1k3/8/8/8/8/8/8/4K3 b - - 0 1,black,c8e1,-100.0,-1.0,0,0,15,illegal,piece_movement,
movement_0225,movement_0225,movement,train,synthetic_movement_0225,2r1k3/8/8/8/8/8/8/4K3 b - - 0 1,black,c8f1,-100.0,-1.0,0,0,15,illegal,piece_movement,
movement_0226,movement_0226,movement,train,synthetic_movement_0226,4k3/8/q7/8/8/8/8/4K3 b - - 0 1,black,a6a1,100.0,1.0,1,1,26,legal,piece_movement,
movement_0226,movement_0226,movement,train,synthetic_movement_0226,4k3/8/q7/8/8/8/8/4K3 b - - 0 1,black,a6a2,100.0,1.0,1,1,26,legal,piece_movement,
movement_0226,movement_0226,movement,train,synthetic_movement_0226,4k3/8/q7/8/8/8/8/4K3 b - - 0 1,black,a6a3,100.0,1.0,1,1,26,legal,piece_movement,
movement_0226,movement_0226,movement,train,synthetic_movement_0226,4k3/8/q7/8/8/8/8/4K3 b - - 0 1,black,a6a4,100.0,1.0,1,1,26,legal,piece_movement,
movement_0226,movement_0226,movement,train,synthetic_movement_0226,4k3/8/q7/8/8/8/8/4K3 b - - 0 1,black,a6a5,100.0,1.0,1,1,26,legal,piece_movement,
movement_0226,movement_0226,movement,train,synthetic_movement_0226,4k3/8/q7/8/8/8/8/4K3 b - - 0 1,black,a6b1,-100.0,-1.0,0,0,26,illegal,piece_movement,
movement_0226,movement_0226,movement,train,synthetic_movement_0226,4k3/8/q7/8/8/8/8/4K3 b - - 0 1,black,a6c1,-100.0,-1.0,0,0,26,illegal,piece_movement,
movement_0226,movement_0226,movement,train,synthetic_movement_0226,4k3/8/q7/8/8/8/8/4K3 b - - 0 1,black,a6d1,-100.0,-1.0,0,0,26,illegal,piece_movement,
movement_0226,movement_0226,movement,train,synthetic_movement_0226,4k3/8/q7/8/8/8/8/4K3 b - - 0 1,black,a6e1,-100.0,-1.0,0,0,26,illegal,piece_movement,
movement_0226,movement_0226,movement,train,synthetic_movement_0226,4k3/8/q7/8/8/8/8/4K3 b - - 0 1,black,a6g1,-100.0,-1.0,0,0,26,illegal,piece_movement,
movement_0227,movement_0227,movement,train,synthetic_movement_0227,4k3/8/8/6k1/8/8/8/4K3 b - - 0 1,black,g5f4,100.0,1.0,1,1,13,legal,piece_movement,
movement_0227,movement_0227,movement,train,synthetic_movement_0227,4k3/8/8/6k1/8/8/8/4K3 b - - 0 1,black,g5f5,100.0,1.0,1,1,13,legal,piece_movement,
movement_0227,movement_0227,movement,train,synthetic_movement_0227,4k3/8/8/6k1/8/8/8/4K3 b - - 0 1,black,g5f6,100.0,1.0,1,1,13,legal,piece_movement,
movement_0227,movement_0227,movement,train,synthetic_movement_0227,4k3/8/8/6k1/8/8/8/4K3 b - - 0 1,black,g5g4,100.0,1.0,1,1,13,legal,piece_movement,
movement_0227,movement_0227,movement,train,synthetic_movement_0227,4k3/8/8/6k1/8/8/8/4K3 b - - 0 1,black,g5g6,100.0,1.0,1,1,13,legal,piece_movement,
movement_0227,movement_0227,movement,train,synthetic_movement_0227,4k3/8/8/6k1/8/8/8/4K3 b - - 0 1,black,g5a1,-100.0,-1.0,0,0,13,illegal,piece_movement,
movement_0227,movement_0227,movement,train,synthetic_movement_0227,4k3/8/8/6k1/8/8/8/4K3 b - - 0 1,black,g5b1,-100.0,-1.0,0,0,13,illegal,piece_movement,
movement_0227,movement_0227,movement,train,synthetic_movement_0227,4k3/8/8/6k1/8/8/8/4K3 b - - 0 1,black,g5c1,-100.0,-1.0,0,0,13,illegal,piece_movement,
movement_0227,movement_0227,movement,train,synthetic_movement_0227,4k3/8/8/6k1/8/8/8/4K3 b - - 0 1,black,g5d1,-100.0,-1.0,0,0,13,illegal,piece_movement,
movement_0227,movement_0227,movement,train,synthetic_movement_0227,4k3/8/8/6k1/8/8/8/4K3 b - - 0 1,black,g5e1,-100.0,-1.0,0,0,13,illegal,piece_movement,
movement_0228,movement_0228,movement,train,synthetic_movement_0228,4k3/8/8/8/8/8/3P4/4K3 w - - 0 1,white,d2d3,100.0,1.0,1,1,6,legal,piece_movement,
movement_0228,movement_0228,movement,train,synthetic_movement_0228,4k3/8/8/8/8/8/3P4/4K3 w - - 0 1,white,d2d4,100.0,1.0,1,1,6,legal,piece_movement,
movement_0228,movement_0228,movement,train,synthetic_movement_0228,4k3/8/8/8/8/8/3P4/4K3 w - - 0 1,white,d2a1,-100.0,-1.0,0,0,6,illegal,piece_movement,
movement_0228,movement_0228,movement,train,synthetic_movement_0228,4k3/8/8/8/8/8/3P4/4K3 w - - 0 1,white,d2b1,-100.0,-1.0,0,0,6,illegal,piece_movement,
movement_0228,movement_0228,movement,train,synthetic_movement_0228,4k3/8/8/8/8/8/3P4/4K3 w - - 0 1,white,d2c1,-100.0,-1.0,0,0,6,illegal,piece_movement,
movement_0228,movement_0228,movement,train,synthetic_movement_0228,4k3/8/8/8/8/8/3P4/4K3 w - - 0 1,white,d2d1,-100.0,-1.0,0,0,6,illegal,piece_movement,
movement_0228,movement_0228,movement,train,synthetic_movement_0228,4k3/8/8/8/8/8/3P4/4K3 w - - 0 1,white,d2e1,-100.0,-1.0,0,0,6,illegal,piece_movement,
movement_0229,movement_0229,movement,train,synthetic_movement_0229,4k3/8/5N2/8/8/8/8/4K3 w - - 0 1,white,f6d5,100.0,1.0,1,1,13,legal,piece_movement,
movement_0229,movement_0229,movement,train,synthetic_movement_0229,4k3/8/5N2/8/8/8/8/4K3 w - - 0 1,white,f6d7,100.0,1.0,1,1,13,legal,piece_movement,
movement_0229,movement_0229,movement,train,synthetic_movement_0229,4k3/8/5N2/8/8/8/8/4K3 w - - 0 1,white,f6e4,100.0,1.0,1,1,13,legal,piece_movement,
movement_0229,movement_0229,movement,train,synthetic_movement_0229,4k3/8/5N2/8/8/8/8/4K3 w - - 0 1,white,f6e8,100.0,1.0,1,1,13,legal,piece_movement,
movement_0229,movement_0229,movement,train,synthetic_movement_0229,4k3/8/5N2/8/8/8/8/4K3 w - - 0 1,white,f6g4,100.0,1.0,1,1,13,legal,piece_movement,
movement_0229,movement_0229,movement,train,synthetic_movement_0229,4k3/8/5N2/8/8/8/8/4K3 w - - 0 1,white,f6a1,-100.0,-1.0,0,0,13,illegal,piece_movement,
movement_0229,movement_0229,movement,train,synthetic_movement_0229,4k3/8/5N2/8/8/8/8/4K3 w - - 0 1,white,f6b1,-100.0,-1.0,0,0,13,illegal,piece_movement,
movement_0229,movement_0229,movement,train,synthetic_movement_0229,4k3/8/5N2/8/8/8/8/4K3 w - - 0 1,white,f6c1,-100.0,-1.0,0,0,13,illegal,piece_movement,
movement_0229,movement_0229,movement,train,synthetic_movement_0229,4k3/8/5N2/8/8/8/8/4K3 w - - 0 1,white,f6d1,-100.0,-1.0,0,0,13,illegal,piece_movement,
movement_0229,movement_0229,movement,train,synthetic_movement_0229,4k3/8/5N2/8/8/8/8/4K3 w - - 0 1,white,f6e1,-100.0,-1.0,0,0,13,illegal,piece_movement,
movement_0230,movement_0230,movement,train,synthetic_movement_0230,4k3/8/8/3B4/8/8/8/4K3 w - - 0 1,white,d5a2,100.0,1.0,1,1,18,legal,piece_movement,
movement_0230,movement_0230,movement,train,synthetic_movement_0230,4k3/8/8/3B4/8/8/8/4K3 w - - 0 1,white,d5a8,100.0,1.0,1,1,18,legal,piece_movement,
movement_0230,movement_0230,movement,train,synthetic_movement_0230,4k3/8/8/3B4/8/8/8/4K3 w - - 0 1,white,d5b3,100.0,1.0,1,1,18,legal,piece_movement,
movement_0230,movement_0230,movement,train,synthetic_movement_0230,4k3/8/8/3B4/8/8/8/4K3 w - - 0 1,white,d5b7,100.0,1.0,1,1,18,legal,piece_movement,
movement_0230,movement_0230,movement,train,synthetic_movement_0230,4k3/8/8/3B4/8/8/8/4K3 w - - 0 1,white,d5c4,100.0,1.0,1,1,18,legal,piece_movement,
movement_0230,movement_0230,movement,train,synthetic_movement_0230,4k3/8/8/3B4/8/8/8/4K3 w - - 0 1,white,d5a1,-100.0,-1.0,0,0,18,illegal,piece_movement,
movement_0230,movement_0230,movement,train,synthetic_movement_0230,4k3/8/8/3B4/8/8/8/4K3 w - - 0 1,white,d5b1,-100.0,-1.0,0,0,18,illegal,piece_movement,
movement_0230,movement_0230,movement,train,synthetic_movement_0230,4k3/8/8/3B4/8/8/8/4K3 w - - 0 1,white,d5c1,-100.0,-1.0,0,0,18,illegal,piece_movement,
movement_0230,movement_0230,movement,train,synthetic_movement_0230,4k3/8/8/3B4/8/8/8/4K3 w - - 0 1,white,d5d1,-100.0,-1.0,0,0,18,illegal,piece_movement,
movement_0230,movement_0230,movement,train,synthetic_movement_0230,4k3/8/8/3B4/8/8/8/4K3 w - - 0 1,white,d5e1,-100.0,-1.0,0,0,18,illegal,piece_movement,
movement_0231,movement_0231,movement,train,synthetic_movement_0231,4k3/8/8/8/3R4/8/8/4K3 w - - 0 1,white,d4a4,100.0,1.0,1,1,19,legal,piece_movement,
movement_0231,movement_0231,movement,train,synthetic_movement_0231,4k3/8/8/8/3R4/8/8/4K3 w - - 0 1,white,d4b4,100.0,1.0,1,1,19,legal,piece_movement,
movement_0231,movement_0231,movement,train,synthetic_movement_0231,4k3/8/8/8/3R4/8/8/4K3 w - - 0 1,white,d4c4,100.0,1.0,1,1,19,legal,piece_movement,
movement_0231,movement_0231,movement,train,synthetic_movement_0231,4k3/8/8/8/3R4/8/8/4K3 w - - 0 1,white,d4d1,100.0,1.0,1,1,19,legal,piece_movement,
movement_0231,movement_0231,movement,train,synthetic_movement_0231,4k3/8/8/8/3R4/8/8/4K3 w - - 0 1,white,d4d2,100.0,1.0,1,1,19,legal,piece_movement,
movement_0231,movement_0231,movement,train,synthetic_movement_0231,4k3/8/8/8/3R4/8/8/4K3 w - - 0 1,white,d4a1,-100.0,-1.0,0,0,19,illegal,piece_movement,
movement_0231,movement_0231,movement,train,synthetic_movement_0231,4k3/8/8/8/3R4/8/8/4K3 w - - 0 1,white,d4b1,-100.0,-1.0,0,0,19,illegal,piece_movement,
movement_0231,movement_0231,movement,train,synthetic_movement_0231,4k3/8/8/8/3R4/8/8/4K3 w - - 0 1,white,d4c1,-100.0,-1.0,0,0,19,illegal,piece_movement,
movement_0231,movement_0231,movement,train,synthetic_movement_0231,4k3/8/8/8/3R4/8/8/4K3 w - - 0 1,white,d4e1,-100.0,-1.0,0,0,19,illegal,piece_movement,
movement_0231,movement_0231,movement,train,synthetic_movement_0231,4k3/8/8/8/3R4/8/8/4K3 w - - 0 1,white,d4f1,-100.0,-1.0,0,0,19,illegal,piece_movement,
movement_0232,movement_0232,movement,train,synthetic_movement_0232,4k3/8/8/8/8/2Q5/8/4K3 w - - 0 1,white,c3a1,100.0,1.0,1,1,29,legal,piece_movement,
movement_0232,movement_0232,movement,train,synthetic_movement_0232,4k3/8/8/8/8/2Q5/8/4K3 w - - 0 1,white,c3a3,100.0,1.0,1,1,29,legal,piece_movement,
movement_0232,movement_0232,movement,train,synthetic_movement_0232,4k3/8/8/8/8/2Q5/8/4K3 w - - 0 1,white,c3a5,100.0,1.0,1,1,29,legal,piece_movement,
movement_0232,movement_0232,movement,train,synthetic_movement_0232,4k3/8/8/8/8/2Q5/8/4K3 w - - 0 1,white,c3b2,100.0,1.0,1,1,29,legal,piece_movement,
movement_0232,movement_0232,movement,train,synthetic_movement_0232,4k3/8/8/8/8/2Q5/8/4K3 w - - 0 1,white,c3b3,100.0,1.0,1,1,29,legal,piece_movement,
movement_0232,movement_0232,movement,train,synthetic_movement_0232,4k3/8/8/8/8/2Q5/8/4K3 w - - 0 1,white,c3b1,-100.0,-1.0,0,0,29,illegal,piece_movement,
movement_0232,movement_0232,movement,train,synthetic_movement_0232,4k3/8/8/8/8/2Q5/8/4K3 w - - 0 1,white,c3d1,-100.0,-1.0,0,0,29,illegal,piece_movement,
movement_0232,movement_0232,movement,train,synthetic_movement_0232,4k3/8/8/8/8/2Q5/8/4K3 w - - 0 1,white,c3e1,-100.0,-1.0,0,0,29,illegal,piece_movement,
movement_0232,movement_0232,movement,train,synthetic_movement_0232,4k3/8/8/8/8/2Q5/8/4K3 w - - 0 1,white,c3f1,-100.0,-1.0,0,0,29,illegal,piece_movement,
movement_0232,movement_0232,movement,train,synthetic_movement_0232,4k3/8/8/8/8/2Q5/8/4K3 w - - 0 1,white,c3g1,-100.0,-1.0,0,0,29,illegal,piece_movement,
movement_0233,movement_0233,movement,train,synthetic_movement_0233,2K1k3/8/8/8/8/8/8/4K3 w - - 0 1,white,c8b7,100.0,1.0,1,1,8,legal,piece_movement,
movement_0233,movement_0233,movement,train,synthetic_movement_0233,2K1k3/8/8/8/8/8/8/4K3 w - - 0 1,white,c8b8,100.0,1.0,1,1,8,legal,piece_movement,
movement_0233,movement_0233,movement,train,synthetic_movement_0233,2K1k3/8/8/8/8/8/8/4K3 w - - 0 1,white,c8c7,100.0,1.0,1,1,8,legal,piece_movement,
movement_0233,movement_0233,movement,train,synthetic_movement_0233,2K1k3/8/8/8/8/8/8/4K3 w - - 0 1,white,c8a1,-100.0,-1.0,0,0,8,illegal,piece_movement,
movement_0233,movement_0233,movement,train,synthetic_movement_0233,2K1k3/8/8/8/8/8/8/4K3 w - - 0 1,white,c8b1,-100.0,-1.0,0,0,8,illegal,piece_movement,
movement_0233,movement_0233,movement,train,synthetic_movement_0233,2K1k3/8/8/8/8/8/8/4K3 w - - 0 1,white,c8c1,-100.0,-1.0,0,0,8,illegal,piece_movement,
movement_0233,movement_0233,movement,train,synthetic_movement_0233,2K1k3/8/8/8/8/8/8/4K3 w - - 0 1,white,c8d1,-100.0,-1.0,0,0,8,illegal,piece_movement,
movement_0233,movement_0233,movement,train,synthetic_movement_0233,2K1k3/8/8/8/8/8/8/4K3 w - - 0 1,white,c8e1,-100.0,-1.0,0,0,8,illegal,piece_movement,
movement_0234,movement_0234,movement,train,synthetic_movement_0234,4k3/6p1/8/8/8/8/8/4K3 b - - 0 1,black,g7g5,100.0,1.0,1,1,7,legal,piece_movement,
movement_0234,movement_0234,movement,train,synthetic_movement_0234,4k3/6p1/8/8/8/8/8/4K3 b - - 0 1,black,g7g6,100.0,1.0,1,1,7,legal,piece_movement,
movement_0234,movement_0234,movement,train,synthetic_movement_0234,4k3/6p1/8/8/8/8/8/4K3 b - - 0 1,black,g7a1,-100.0,-1.0,0,0,7,illegal,piece_movement,
movement_0234,movement_0234,movement,train,synthetic_movement_0234,4k3/6p1/8/8/8/8/8/4K3 b - - 0 1,black,g7b1,-100.0,-1.0,0,0,7,illegal,piece_movement,
movement_0234,movement_0234,movement,train,synthetic_movement_0234,4k3/6p1/8/8/8/8/8/4K3 b - - 0 1,black,g7c1,-100.0,-1.0,0,0,7,illegal,piece_movement,
movement_0234,movement_0234,movement,train,synthetic_movement_0234,4k3/6p1/8/8/8/8/8/4K3 b - - 0 1,black,g7d1,-100.0,-1.0,0,0,7,illegal,piece_movement,
movement_0234,movement_0234,movement,train,synthetic_movement_0234,4k3/6p1/8/8/8/8/8/4K3 b - - 0 1,black,g7e1,-100.0,-1.0,0,0,7,illegal,piece_movement,
movement_0235,movement_0235,movement,train,synthetic_movement_0235,4k3/8/8/8/8/3n4/8/4K3 b - - 0 1,black,d3b2,100.0,1.0,1,1,13,legal,piece_movement,
movement_0235,movement_0235,movement,train,synthetic_movement_0235,4k3/8/8/8/8/3n4/8/4K3 b - - 0 1,black,d3b4,100.0,1.0,1,1,13,legal,piece_movement,
movement_0235,movement_0235,movement,train,synthetic_movement_0235,4k3/8/8/8/8/3n4/8/4K3 b - - 0 1,black,d3c1,100.0,1.0,1,1,13,legal,piece_movement,
movement_0235,movement_0235,movement,train,synthetic_movement_0235,4k3/8/8/8/8/3n4/8/4K3 b - - 0 1,black,d3c5,100.0,1.0,1,1,13,legal,piece_movement,
movement_0235,movement_0235,movement,train,synthetic_movement_0235,4k3/8/8/8/8/3n4/8/4K3 b - - 0 1,black,d3e1,100.0,1.0,1,1,13,legal,piece_movement,
movement_0235,movement_0235,movement,train,synthetic_movement_0235,4k3/8/8/8/8/3n4/8/4K3 b - - 0 1,black,d3a1,-100.0,-1.0,0,0,13,illegal,piece_movement,
movement_0235,movement_0235,movement,train,synthetic_movement_0235,4k3/8/8/8/8/3n4/8/4K3 b - - 0 1,black,d3b1,-100.0,-1.0,0,0,13,illegal,piece_movement,
movement_0235,movement_0235,movement,train,synthetic_movement_0235,4k3/8/8/8/8/3n4/8/4K3 b - - 0 1,black,d3d1,-100.0,-1.0,0,0,13,illegal,piece_movement,
movement_0235,movement_0235,movement,train,synthetic_movement_0235,4k3/8/8/8/8/3n4/8/4K3 b - - 0 1,black,d3f1,-100.0,-1.0,0,0,13,illegal,piece_movement,
movement_0235,movement_0235,movement,train,synthetic_movement_0235,4k3/8/8/8/8/3n4/8/4K3 b - - 0 1,black,d3g1,-100.0,-1.0,0,0,13,illegal,piece_movement,
movement_0236,movement_0236,movement,train,synthetic_movement_0236,4k3/8/8/8/6b1/8/8/4K3 b - - 0 1,black,g4c8,100.0,1.0,1,1,14,legal,piece_movement,
movement_0236,movement_0236,movement,train,synthetic_movement_0236,4k3/8/8/8/6b1/8/8/4K3 b - - 0 1,black,g4d1,100.0,1.0,1,1,14,legal,piece_movement,
movement_0236,movement_0236,movement,train,synthetic_movement_0236,4k3/8/8/8/6b1/8/8/4K3 b - - 0 1,black,g4d7,100.0,1.0,1,1,14,legal,piece_movement,
movement_0236,movement_0236,movement,train,synthetic_movement_0236,4k3/8/8/8/6b1/8/8/4K3 b - - 0 1,black,g4e2,100.0,1.0,1,1,14,legal,piece_movement,
movement_0236,movement_0236,movement,train,synthetic_movement_0236,4k3/8/8/8/6b1/8/8/4K3 b - - 0 1,black,g4e6,100.0,1.0,1,1,14,legal,piece_movement,
movement_0236,movement_0236,movement,train,synthetic_movement_0236,4k3/8/8/8/6b1/8/8/4K3 b - - 0 1,black,g4a1,-100.0,-1.0,0,0,14,illegal,piece_movement,
movement_0236,movement_0236,movement,train,synthetic_movement_0236,4k3/8/8/8/6b1/8/8/4K3 b - - 0 1,black,g4b1,-100.0,-1.0,0,0,14,illegal,piece_movement,
movement_0236,movement_0236,movement,train,synthetic_movement_0236,4k3/8/8/8/6b1/8/8/4K3 b - - 0 1,black,g4c1,-100.0,-1.0,0,0,14,illegal,piece_movement,
movement_0236,movement_0236,movement,train,synthetic_movement_0236,4k3/8/8/8/6b1/8/8/4K3 b - - 0 1,black,g4e1,-100.0,-1.0,0,0,14,illegal,piece_movement,
movement_0236,movement_0236,movement,train,synthetic_movement_0236,4k3/8/8/8/6b1/8/8/4K3 b - - 0 1,black,g4f1,-100.0,-1.0,0,0,14,illegal,piece_movement,
movement_0237,movement_0237,movement,train,synthetic_movement_0237,4k3/r7/8/8/8/8/8/4K3 b - - 0 1,black,a7a1,100.0,1.0,1,1,19,legal,piece_movement,
movement_0237,movement_0237,movement,train,synthetic_movement_0237,4k3/r7/8/8/8/8/8/4K3 b - - 0 1,black,a7a2,100.0,1.0,1,1,19,legal,piece_movement,
movement_0237,movement_0237,movement,train,synthetic_movement_0237,4k3/r7/8/8/8/8/8/4K3 b - - 0 1,black,a7a3,100.0,1.0,1,1,19,legal,piece_movement,
movement_0237,movement_0237,movement,train,synthetic_movement_0237,4k3/r7/8/8/8/8/8/4K3 b - - 0 1,black,a7a4,100.0,1.0,1,1,19,legal,piece_movement,
movement_0237,movement_0237,movement,train,synthetic_movement_0237,4k3/r7/8/8/8/8/8/4K3 b - - 0 1,black,a7a5,100.0,1.0,1,1,19,legal,piece_movement,
movement_0237,movement_0237,movement,train,synthetic_movement_0237,4k3/r7/8/8/8/8/8/4K3 b - - 0 1,black,a7b1,-100.0,-1.0,0,0,19,illegal,piece_movement,
movement_0237,movement_0237,movement,train,synthetic_movement_0237,4k3/r7/8/8/8/8/8/4K3 b - - 0 1,black,a7c1,-100.0,-1.0,0,0,19,illegal,piece_movement,
movement_0237,movement_0237,movement,train,synthetic_movement_0237,4k3/r7/8/8/8/8/8/4K3 b - - 0 1,black,a7d1,-100.0,-1.0,0,0,19,illegal,piece_movement,
movement_0237,movement_0237,movement,train,synthetic_movement_0237,4k3/r7/8/8/8/8/8/4K3 b - - 0 1,black,a7e1,-100.0,-1.0,0,0,19,illegal,piece_movement,
movement_0237,movement_0237,movement,train,synthetic_movement_0237,4k3/r7/8/8/8/8/8/4K3 b - - 0 1,black,a7f1,-100.0,-1.0,0,0,19,illegal,piece_movement,
movement_0238,movement_0238,movement,train,synthetic_movement_0238,4k3/8/8/8/8/8/8/1q2K3 b - - 0 1,black,b1a1,100.0,1.0,1,1,23,legal,piece_movement,
movement_0238,movement_0238,movement,train,synthetic_movement_0238,4k3/8/8/8/8/8/8/1q2K3 b - - 0 1,black,b1a2,100.0,1.0,1,1,23,legal,piece_movement,
movement_0238,movement_0238,movement,train,synthetic_movement_0238,4k3/8/8/8/8/8/8/1q2K3 b - - 0 1,black,b1b2,100.0,1.0,1,1,23,legal,piece_movement,
movement_0238,movement_0238,movement,train,synthetic_movement_0238,4k3/8/8/8/8/8/8/1q2K3 b - - 0 1,black,b1b3,100.0,1.0,1,1,23,legal,piece_movement,
movement_0238,movement_0238,movement,train,synthetic_movement_0238,4k3/8/8/8/8/8/8/1q2K3 b - - 0 1,black,b1b4,100.0,1.0,1,1,23,legal,piece_movement,
movement_0238,movement_0238,movement,train,synthetic_movement_0238,4k3/8/8/8/8/8/8/1q2K3 b - - 0 1,black,b1f1,-100.0,-1.0,0,0,23,illegal,piece_movement,
movement_0238,movement_0238,movement,train,synthetic_movement_0238,4k3/8/8/8/8/8/8/1q2K3 b - - 0 1,black,b1g1,-100.0,-1.0,0,0,23,illegal,piece_movement,
movement_0238,movement_0238,movement,train,synthetic_movement_0238,4k3/8/8/8/8/8/8/1q2K3 b - - 0 1,black,b1h1,-100.0,-1.0,0,0,23,illegal,piece_movement,
movement_0238,movement_0238,movement,train,synthetic_movement_0238,4k3/8/8/8/8/8/8/1q2K3 b - - 0 1,black,b1d2,-100.0,-1.0,0,0,23,illegal,piece_movement,
movement_0238,movement_0238,movement,train,synthetic_movement_0238,4k3/8/8/8/8/8/8/1q2K3 b - - 0 1,black,b1e2,-100.0,-1.0,0,0,23,illegal,piece_movement,
movement_0239,movement_0239,movement,train,synthetic_movement_0239,4k3/8/8/8/8/8/8/4K2k b - - 0 1,black,h1g1,100.0,1.0,1,1,8,legal,piece_movement,
movement_0239,movement_0239,movement,train,synthetic_movement_0239,4k3/8/8/8/8/8/8/4K2k b - - 0 1,black,h1g2,100.0,1.0,1,1,8,legal,piece_movement,
movement_0239,movement_0239,movement,train,synthetic_movement_0239,4k3/8/8/8/8/8/8/4K2k b - - 0 1,black,h1h2,100.0,1.0,1,1,8,legal,piece_movement,
movement_0239,movement_0239,movement,train,synthetic_movement_0239,4k3/8/8/8/8/8/8/4K2k b - - 0 1,black,h1a1,-100.0,-1.0,0,0,8,illegal,piece_movement,
movement_0239,movement_0239,movement,train,synthetic_movement_0239,4k3/8/8/8/8/8/8/4K2k b - - 0 1,black,h1b1,-100.0,-1.0,0,0,8,illegal,piece_movement,
movement_0239,movement_0239,movement,train,synthetic_movement_0239,4k3/8/8/8/8/8/8/4K2k b - - 0 1,black,h1c1,-100.0,-1.0,0,0,8,illegal,piece_movement,
movement_0239,movement_0239,movement,train,synthetic_movement_0239,4k3/8/8/8/8/8/8/4K2k b - - 0 1,black,h1d1,-100.0,-1.0,0,0,8,illegal,piece_movement,
movement_0239,movement_0239,movement,train,synthetic_movement_0239,4k3/8/8/8/8/8/8/4K2k b - - 0 1,black,h1e1,-100.0,-1.0,0,0,8,illegal,piece_movement,
movement_0240,movement_0240,movement,train,synthetic_movement_0240,4k3/8/8/8/8/8/4P3/4K3 w - - 0 1,white,e2e3,100.0,1.0,1,1,6,legal,piece_movement,
movement_0240,movement_0240,movement,train,synthetic_movement_0240,4k3/8/8/8/8/8/4P3/4K3 w - - 0 1,white,e2e4,100.0,1.0,1,1,6,legal,piece_movement,
movement_0240,movement_0240,movement,train,synthetic_movement_0240,4k3/8/8/8/8/8/4P3/4K3 w - - 0 1,white,e2a1,-100.0,-1.0,0,0,6,illegal,piece_movement,
movement_0240,movement_0240,movement,train,synthetic_movement_0240,4k3/8/8/8/8/8/4P3/4K3 w - - 0 1,white,e2b1,-100.0,-1.0,0,0,6,illegal,piece_movement,
movement_0240,movement_0240,movement,train,synthetic_movement_0240,4k3/8/8/8/8/8/4P3/4K3 w - - 0 1,white,e2c1,-100.0,-1.0,0,0,6,illegal,piece_movement,
movement_0240,movement_0240,movement,train,synthetic_movement_0240,4k3/8/8/8/8/8/4P3/4K3 w - - 0 1,white,e2d1,-100.0,-1.0,0,0,6,illegal,piece_movement,
movement_0240,movement_0240,movement,train,synthetic_movement_0240,4k3/8/8/8/8/8/4P3/4K3 w - - 0 1,white,e2e1,-100.0,-1.0,0,0,6,illegal,piece_movement,
movement_0241,movement_0241,movement,train,synthetic_movement_0241,4k3/6N1/8/8/8/8/8/4K3 w - - 0 1,white,g7e6,100.0,1.0,1,1,9,legal,piece_movement,
movement_0241,movement_0241,movement,train,synthetic_movement_0241,4k3/6N1/8/8/8/8/8/4K3 w - - 0 1,white,g7e8,100.0,1.0,1,1,9,legal,piece_movement,
movement_0241,movement_0241,movement,train,synthetic_movement_0241,4k3/6N1/8/8/8/8/8/4K3 w - - 0 1,white,g7f5,100.0,1.0,1,1,9,legal,piece_movement,
movement_0241,movement_0241,movement,train,synthetic_movement_0241,4k3/6N1/8/8/8/8/8/4K3 w - - 0 1,white,g7h5,100.0,1.0,1,1,9,legal,piece_movement,
movement_0241,movement_0241,movement,train,synthetic_movement_0241,4k3/6N1/8/8/8/8/8/4K3 w - - 0 1,white,g7a1,-100.0,-1.0,0,0,9,illegal,piece_movement,
movement_0241,movement_0241,movement,train,synthetic_movement_0241,4k3/6N1/8/8/8/8/8/4K3 w - - 0 1,white,g7b1,-100.0,-1.0,0,0,9,illegal,piece_movement,
movement_0241,movement_0241,movement,train,synthetic_movement_0241,4k3/6N1/8/8/8/8/8/4K3 w - - 0 1,white,g7c1,-100.0,-1.0,0,0,9,illegal,piece_movement,
movement_0241,movement_0241,movement,train,synthetic_movement_0241,4k3/6N1/8/8/8/8/8/4K3 w - - 0 1,white,g7d1,-100.0,-1.0,0,0,9,illegal,piece_movement,
movement_0241,movement_0241,movement,train,synthetic_movement_0241,4k3/6N1/8/8/8/8/8/4K3 w - - 0 1,white,g7e1,-100.0,-1.0,0,0,9,illegal,piece_movement,
movement_0242,movement_0242,movement,train,synthetic_movement_0242,4k3/8/1B6/8/8/8/8/4K3 w - - 0 1,white,b6a5,100.0,1.0,1,1,14,legal,piece_movement,
movement_0242,movement_0242,movement,train,synthetic_movement_0242,4k3/8/1B6/8/8/8/8/4K3 w - - 0 1,white,b6a7,100.0,1.0,1,1,14,legal,piece_movement,
movement_0242,movement_0242,movement,train,synthetic_movement_0242,4k3/8/1B6/8/8/8/8/4K3 w - - 0 1,white,b6c5,100.0,1.0,1,1,14,legal,piece_movement,
movement_0242,movement_0242,movement,train,synthetic_movement_0242,4k3/8/1B6/8/8/8/8/4K3 w - - 0 1,white,b6c7,100.0,1.0,1,1,14,legal,piece_movement,
movement_0242,movement_0242,movement,train,synthetic_movement_0242,4k3/8/1B6/8/8/8/8/4K3 w - - 0 1,white,b6d4,100.0,1.0,1,1,14,legal,piece_movement,
movement_0242,movement_0242,movement,train,synthetic_movement_0242,4k3/8/1B6/8/8/8/8/4K3 w - - 0 1,white,b6a1,-100.0,-1.0,0,0,14,illegal,piece_movement,
movement_0242,movement_0242,movement,train,synthetic_movement_0242,4k3/8/1B6/8/8/8/8/4K3 w - - 0 1,white,b6b1,-100.0,-1.0,0,0,14,illegal,piece_movement,
movement_0242,movement_0242,movement,train,synthetic_movement_0242,4k3/8/1B6/8/8/8/8/4K3 w - - 0 1,white,b6c1,-100.0,-1.0,0,0,14,illegal,piece_movement,
movement_0242,movement_0242,movement,train,synthetic_movement_0242,4k3/8/1B6/8/8/8/8/4K3 w - - 0 1,white,b6d1,-100.0,-1.0,0,0,14,illegal,piece_movement,
movement_0242,movement_0242,movement,train,synthetic_movement_0242,4k3/8/1B6/8/8/8/8/4K3 w - - 0 1,white,b6e1,-100.0,-1.0,0,0,14,illegal,piece_movement,
movement_0243,movement_0243,movement,train,synthetic_movement_0243,4k3/1R6/8/8/8/8/8/4K3 w - - 0 1,white,b7a7,100.0,1.0,1,1,19,legal,piece_movement,
movement_0243,movement_0243,movement,train,synthetic_movement_0243,4k3/1R6/8/8/8/8/8/4K3 w - - 0 1,white,b7b1,100.0,1.0,1,1,19,legal,piece_movement,
movement_0243,movement_0243,movement,train,synthetic_movement_0243,4k3/1R6/8/8/8/8/8/4K3 w - - 0 1,white,b7b2,100.0,1.0,1,1,19,legal,piece_movement,
movement_0243,movement_0243,movement,train,synthetic_movement_0243,4k3/1R6/8/8/8/8/8/4K3 w - - 0 1,white,b7b3,100.0,1.0,1,1,19,legal,piece_movement,
movement_0243,movement_0243,movement,train,synthetic_movement_0243,4k3/1R6/8/8/8/8/8/4K3 w - - 0 1,white,b7b4,100.0,1.0,1,1,19,legal,piece_movement,
movement_0243,movement_0243,movement,train,synthetic_movement_0243,4k3/1R6/8/8/8/8/8/4K3 w - - 0 1,white,b7a1,-100.0,-1.0,0,0,19,illegal,piece_movement,
movement_0243,movement_0243,movement,train,synthetic_movement_0243,4k3/1R6/8/8/8/8/8/4K3 w - - 0 1,white,b7c1,-100.0,-1.0,0,0,19,illegal,piece_movement,
movement_0243,movement_0243,movement,train,synthetic_movement_0243,4k3/1R6/8/8/8/8/8/4K3 w - - 0 1,white,b7d1,-100.0,-1.0,0,0,19,illegal,piece_movement,
movement_0243,movement_0243,movement,train,synthetic_movement_0243,4k3/1R6/8/8/8/8/8/4K3 w - - 0 1,white,b7e1,-100.0,-1.0,0,0,19,illegal,piece_movement,
movement_0243,movement_0243,movement,train,synthetic_movement_0243,4k3/1R6/8/8/8/8/8/4K3 w - - 0 1,white,b7f1,-100.0,-1.0,0,0,19,illegal,piece_movement,
movement_0244,movement_0244,movement,train,synthetic_movement_0244,4k3/8/8/8/8/8/8/4K2Q w - - 0 1,white,h1a8,100.0,1.0,1,1,21,legal,piece_movement,
movement_0244,movement_0244,movement,train,synthetic_movement_0244,4k3/8/8/8/8/8/8/4K2Q w - - 0 1,white,h1b7,100.0,1.0,1,1,21,legal,piece_movement,
movement_0244,movement_0244,movement,train,synthetic_movement_0244,4k3/8/8/8/8/8/8/4K2Q w - - 0 1,white,h1c6,100.0,1.0,1,1,21,legal,piece_movement,
movement_0244,movement_0244,movement,train,synthetic_movement_0244,4k3/8/8/8/8/8/8/4K2Q w - - 0 1,white,h1d5,100.0,1.0,1,1,21,legal,piece_movement,
movement_0244,movement_0244,movement,train,synthetic_movement_0244,4k3/8/8/8/8/8/8/4K2Q w - - 0 1,white,h1e4,100.0,1.0,1,1,21,legal,piece_movement,
movement_0244,movement_0244,movement,train,synthetic_movement_0244,4k3/8/8/8/8/8/8/4K2Q w - - 0 1,white,h1a1,-100.0,-1.0,0,0,21,illegal,piece_movement,
movement_0244,movement_0244,movement,train,synthetic_movement_0244,4k3/8/8/8/8/8/8/4K2Q w - - 0 1,white,h1b1,-100.0,-1.0,0,0,21,illegal,piece_movement,
movement_0244,movement_0244,movement,train,synthetic_movement_0244,4k3/8/8/8/8/8/8/4K2Q w - - 0 1,white,h1c1,-100.0,-1.0,0,0,21,illegal,piece_movement,
movement_0244,movement_0244,movement,train,synthetic_movement_0244,4k3/8/8/8/8/8/8/4K2Q w - - 0 1,white,h1d1,-100.0,-1.0,0,0,21,illegal,piece_movement,
movement_0244,movement_0244,movement,train,synthetic_movement_0244,4k3/8/8/8/8/8/8/4K2Q w - - 0 1,white,h1e1,-100.0,-1.0,0,0,21,illegal,piece_movement,
movement_0245,movement_0245,movement,train,synthetic_movement_0245,4k3/8/1K6/8/8/8/8/4K3 w - - 0 1,white,b6a5,100.0,1.0,1,1,13,legal,piece_movement,
movement_0245,movement_0245,movement,train,synthetic_movement_0245,4k3/8/1K6/8/8/8/8/4K3 w - - 0 1,white,b6a6,100.0,1.0,1,1,13,legal,piece_movement,
movement_0245,movement_0245,movement,train,synthetic_movement_0245,4k3/8/1K6/8/8/8/8/4K3 w - - 0 1,white,b6a7,100.0,1.0,1,1,13,legal,piece_movement,
movement_0245,movement_0245,movement,train,synthetic_movement_0245,4k3/8/1K6/8/8/8/8/4K3 w - - 0 1,white,b6b5,100.0,1.0,1,1,13,legal,piece_movement,
movement_0245,movement_0245,movement,train,synthetic_movement_0245,4k3/8/1K6/8/8/8/8/4K3 w - - 0 1,white,b6b7,100.0,1.0,1,1,13,legal,piece_movement,
movement_0245,movement_0245,movement,train,synthetic_movement_0245,4k3/8/1K6/8/8/8/8/4K3 w - - 0 1,white,b6a1,-100.0,-1.0,0,0,13,illegal,piece_movement,
movement_0245,movement_0245,movement,train,synthetic_movement_0245,4k3/8/1K6/8/8/8/8/4K3 w - - 0 1,white,b6b1,-100.0,-1.0,0,0,13,illegal,piece_movement,
movement_0245,movement_0245,movement,train,synthetic_movement_0245,4k3/8/1K6/8/8/8/8/4K3 w - - 0 1,white,b6c1,-100.0,-1.0,0,0,13,illegal,piece_movement,
movement_0245,movement_0245,movement,train,synthetic_movement_0245,4k3/8/1K6/8/8/8/8/4K3 w - - 0 1,white,b6d1,-100.0,-1.0,0,0,13,illegal,piece_movement,
movement_0245,movement_0245,movement,train,synthetic_movement_0245,4k3/8/1K6/8/8/8/8/4K3 w - - 0 1,white,b6e1,-100.0,-1.0,0,0,13,illegal,piece_movement,
movement_0246,movement_0246,movement,train,synthetic_movement_0246,4k3/7p/8/8/8/8/8/4K3 b - - 0 1,black,h7h5,100.0,1.0,1,1,7,legal,piece_movement,
movement_0246,movement_0246,movement,train,synthetic_movement_0246,4k3/7p/8/8/8/8/8/4K3 b - - 0 1,black,h7h6,100.0,1.0,1,1,7,legal,piece_movement,
movement_0246,movement_0246,movement,train,synthetic_movement_0246,4k3/7p/8/8/8/8/8/4K3 b - - 0 1,black,h7a1,-100.0,-1.0,0,0,7,illegal,piece_movement,
movement_0246,movement_0246,movement,train,synthetic_movement_0246,4k3/7p/8/8/8/8/8/4K3 b - - 0 1,black,h7b1,-100.0,-1.0,0,0,7,illegal,piece_movement,
movement_0246,movement_0246,movement,train,synthetic_movement_0246,4k3/7p/8/8/8/8/8/4K3 b - - 0 1,black,h7c1,-100.0,-1.0,0,0,7,illegal,piece_movement,
movement_0246,movement_0246,movement,train,synthetic_movement_0246,4k3/7p/8/8/8/8/8/4K3 b - - 0 1,black,h7d1,-100.0,-1.0,0,0,7,illegal,piece_movement,
movement_0246,movement_0246,movement,train,synthetic_movement_0246,4k3/7p/8/8/8/8/8/4K3 b - - 0 1,black,h7e1,-100.0,-1.0,0,0,7,illegal,piece_movement,
movement_0247,movement_0247,movement,train,synthetic_movement_0247,4k3/8/8/8/8/8/8/1n2K3 b - - 0 1,black,b1a3,100.0,1.0,1,1,8,legal,piece_movement,
movement_0247,movement_0247,movement,train,synthetic_movement_0247,4k3/8/8/8/8/8/8/1n2K3 b - - 0 1,black,b1c3,100.0,1.0,1,1,8,legal,piece_movement,
movement_0247,movement_0247,movement,train,synthetic_movement_0247,4k3/8/8/8/8/8/8/1n2K3 b - - 0 1,black,b1d2,100.0,1.0,1,1,8,legal,piece_movement,
movement_0247,movement_0247,movement,train,synthetic_movement_0247,4k3/8/8/8/8/8/8/1n2K3 b - - 0 1,black,b1a1,-100.0,-1.0,0,0,8,illegal,piece_movement,
movement_0247,movement_0247,movement,train,synthetic_movement_0247,4k3/8/8/8/8/8/8/1n2K3 b - - 0 1,black,b1c1,-100.0,-1.0,0,0,8,illegal,piece_movement,
movement_0247,movement_0247,movement,train,synthetic_movement_0247,4k3/8/8/8/8/8/8/1n2K3 b - - 0 1,black,b1d1,-100.0,-1.0,0,0,8,illegal,piece_movement,
movement_0247,movement_0247,movement,train,synthetic_movement_0247,4k3/8/8/8/8/8/8/1n2K3 b - - 0 1,black,b1e1,-100.0,-1.0,0,0,8,illegal,piece_movement,
movement_0247,movement_0247,movement,train,synthetic_movement_0247,4k3/8/8/8/8/8/8/1n2K3 b - - 0 1,black,b1f1,-100.0,-1.0,0,0,8,illegal,piece_movement,
movement_0248,movement_0248,movement,train,synthetic_movement_0248,b3k3/8/8/8/8/8/8/4K3 b - - 0 1,black,a8b7,100.0,1.0,1,1,12,legal,piece_movement,
movement_0248,movement_0248,movement,train,synthetic_movement_0248,b3k3/8/8/8/8/8/8/4K3 b - - 0 1,black,a8c6,100.0,1.0,1,1,12,legal,piece_movement,
movement_0248,movement_0248,movement,train,synthetic_movement_0248,b3k3/8/8/8/8/8/8/4K3 b - - 0 1,black,a8d5,100.0,1.0,1,1,12,legal,piece_movement,
movement_0248,movement_0248,movement,train,synthetic_movement_0248,b3k3/8/8/8/8/8/8/4K3 b - - 0 1,black,a8e4,100.0,1.0,1,1,12,legal,piece_movement,
movement_0248,movement_0248,movement,train,synthetic_movement_0248,b3k3/8/8/8/8/8/8/4K3 b - - 0 1,black,a8f3,100.0,1.0,1,1,12,legal,piece_movement,
movement_0248,movement_0248,movement,train,synthetic_movement_0248,b3k3/8/8/8/8/8/8/4K3 b - - 0 1,black,a8a1,-100.0,-1.0,0,0,12,illegal,piece_movement,
movement_0248,movement_0248,movement,train,synthetic_movement_0248,b3k3/8/8/8/8/8/8/4K3 b - - 0 1,black,a8b1,-100.0,-1.0,0,0,12,illegal,piece_movement,
movement_0248,movement_0248,movement,train,synthetic_movement_0248,b3k3/8/8/8/8/8/8/4K3 b - - 0 1,black,a8c1,-100.0,-1.0,0,0,12,illegal,piece_movement,
movement_0248,movement_0248,movement,train,synthetic_movement_0248,b3k3/8/8/8/8/8/8/4K3 b - - 0 1,black,a8d1,-100.0,-1.0,0,0,12,illegal,piece_movement,
movement_0248,movement_0248,movement,train,synthetic_movement_0248,b3k3/8/8/8/8/8/8/4K3 b - - 0 1,black,a8e1,-100.0,-1.0,0,0,12,illegal,piece_movement,
movement_0249,movement_0249,movement,train,synthetic_movement_0249,4k3/8/8/8/8/1r6/8/4K3 b - - 0 1,black,b3a3,100.0,1.0,1,1,19,legal,piece_movement,
movement_0249,movement_0249,movement,train,synthetic_movement_0249,4k3/8/8/8/8/1r6/8/4K3 b - - 0 1,black,b3b1,100.0,1.0,1,1,19,legal,piece_movement,
movement_0249,movement_0249,movement,train,synthetic_movement_0249,4k3/8/8/8/8/1r6/8/4K3 b - - 0 1,black,b3b2,100.0,1.0,1,1,19,legal,piece_movement,
movement_0249,movement_0249,movement,train,synthetic_movement_0249,4k3/8/8/8/8/1r6/8/4K3 b - - 0 1,black,b3b4,100.0,1.0,1,1,19,legal,piece_movement,
movement_0249,movement_0249,movement,train,synthetic_movement_0249,4k3/8/8/8/8/1r6/8/4K3 b - - 0 1,black,b3b5,100.0,1.0,1,1,19,legal,piece_movement,
movement_0249,movement_0249,movement,train,synthetic_movement_0249,4k3/8/8/8/8/1r6/8/4K3 b - - 0 1,black,b3a1,-100.0,-1.0,0,0,19,illegal,piece_movement,
movement_0249,movement_0249,movement,train,synthetic_movement_0249,4k3/8/8/8/8/1r6/8/4K3 b - - 0 1,black,b3c1,-100.0,-1.0,0,0,19,illegal,piece_movement,
movement_0249,movement_0249,movement,train,synthetic_movement_0249,4k3/8/8/8/8/1r6/8/4K3 b - - 0 1,black,b3d1,-100.0,-1.0,0,0,19,illegal,piece_movement,
movement_0249,movement_0249,movement,train,synthetic_movement_0249,4k3/8/8/8/8/1r6/8/4K3 b - - 0 1,black,b3e1,-100.0,-1.0,0,0,19,illegal,piece_movement,
movement_0249,movement_0249,movement,train,synthetic_movement_0249,4k3/8/8/8/8/1r6/8/4K3 b - - 0 1,black,b3f1,-100.0,-1.0,0,0,19,illegal,piece_movement,
movement_0250,movement_0250,movement,train,synthetic_movement_0250,4k3/8/8/8/8/8/8/4K1q1 b - - 0 1,black,g1a7,100.0,1.0,1,1,22,legal,piece_movement,
movement_0250,movement_0250,movement,train,synthetic_movement_0250,4k3/8/8/8/8/8/8/4K1q1 b - - 0 1,black,g1b6,100.0,1.0,1,1,22,legal,piece_movement,
movement_0250,movement_0250,movement,train,synthetic_movement_0250,4k3/8/8/8/8/8/8/4K1q1 b - - 0 1,black,g1c5,100.0,1.0,1,1,22,legal,piece_movement,
movement_0250,movement_0250,movement,train,synthetic_movement_0250,4k3/8/8/8/8/8/8/4K1q1 b - - 0 1,black,g1d4,100.0,1.0,1,1,22,legal,piece_movement,
movement_0250,movement_0250,movement,train,synthetic_movement_0250,4k3/8/8/8/8/8/8/4K1q1 b - - 0 1,black,g1e1,100.0,1.0,1,1,22,legal,piece_movement,
movement_0250,movement_0250,movement,train,synthetic_movement_0250,4k3/8/8/8/8/8/8/4K1q1 b - - 0 1,black,g1a1,-100.0,-1.0,0,0,22,illegal,piece_movement,
movement_0250,movement_0250,movement,train,synthetic_movement_0250,4k3/8/8/8/8/8/8/4K1q1 b - - 0 1,black,g1b1,-100.0,-1.0,0,0,22,illegal,piece_movement,
movement_0250,movement_0250,movement,train,synthetic_movement_0250,4k3/8/8/8/8/8/8/4K1q1 b - - 0 1,black,g1c1,-100.0,-1.0,0,0,22,illegal,piece_movement,
movement_0250,movement_0250,movement,train,synthetic_movement_0250,4k3/8/8/8/8/8/8/4K1q1 b - - 0 1,black,g1d1,-100.0,-1.0,0,0,22,illegal,piece_movement,
movement_0250,movement_0250,movement,train,synthetic_movement_0250,4k3/8/8/8/8/8/8/4K1q1 b - - 0 1,black,g1a2,-100.0,-1.0,0,0,22,illegal,piece_movement,
movement_0251,movement_0251,movement,train,synthetic_movement_0251,4k3/8/8/2k5/8/8/8/4K3 b - - 0 1,black,c5b4,100.0,1.0,1,1,13,legal,piece_movement,
movement_0251,movement_0251,movement,train,synthetic_movement_0251,4k3/8/8/2k5/8/8/8/4K3 b - - 0 1,black,c5b5,100.0,1.0,1,1,13,legal,piece_movement,
movement_0251,movement_0251,movement,train,synthetic_movement_0251,4k3/8/8/2k5/8/8/8/4K3 b - - 0 1,black,c5b6,100.0,1.0,1,1,13,legal,piece_movement,
movement_0251,movement_0251,movement,train,synthetic_movement_0251,4k3/8/8/2k5/8/8/8/4K3 b - - 0 1,black,c5c4,100.0,1.0,1,1,13,legal,piece_movement,
movement_0251,movement_0251,movement,train,synthetic_movement_0251,4k3/8/8/2k5/8/8/8/4K3 b - - 0 1,black,c5c6,100.0,1.0,1,1,13,legal,piece_movement,
movement_0251,movement_0251,movement,train,synthetic_movement_0251,4k3/8/8/2k5/8/8/8/4K3 b - - 0 1,black,c5a1,-100.0,-1.0,0,0,13,illegal,piece_movement,
movement_0251,movement_0251,movement,train,synthetic_movement_0251,4k3/8/8/2k5/8/8/8/4K3 b - - 0 1,black,c5b1,-100.0,-1.0,0,0,13,illegal,piece_movement,
movement_0251,movement_0251,movement,train,synthetic_movement_0251,4k3/8/8/2k5/8/8/8/4K3 b - - 0 1,black,c5c1,-100.0,-1.0,0,0,13,illegal,piece_movement,
movement_0251,movement_0251,movement,train,synthetic_movement_0251,4k3/8/8/2k5/8/8/8/4K3 b - - 0 1,black,c5d1,-100.0,-1.0,0,0,13,illegal,piece_movement,
movement_0251,movement_0251,movement,train,synthetic_movement_0251,4k3/8/8/2k5/8/8/8/4K3 b - - 0 1,black,c5e1,-100.0,-1.0,0,0,13,illegal,piece_movement,
movement_0252,movement_0252,movement,train,synthetic_movement_0252,4k3/3P4/8/8/8/8/8/4K3 w - - 0 1,white,d7d8b,100.0,1.0,1,1,13,legal,piece_movement,
movement_0252,movement_0252,movement,train,synthetic_movement_0252,4k3/3P4/8/8/8/8/8/4K3 w - - 0 1,white,d7d8n,100.0,1.0,1,1,13,legal,piece_movement,
movement_0252,movement_0252,movement,train,synthetic_movement_0252,4k3/3P4/8/8/8/8/8/4K3 w - - 0 1,white,d7d8q,100.0,1.0,1,1,13,legal,piece_movement,
movement_0252,movement_0252,movement,train,synthetic_movement_0252,4k3/3P4/8/8/8/8/8/4K3 w - - 0 1,white,d7d8r,100.0,1.0,1,1,13,legal,piece_movement,
movement_0252,movement_0252,movement,train,synthetic_movement_0252,4k3/3P4/8/8/8/8/8/4K3 w - - 0 1,white,d7e8b,100.0,1.0,1,1,13,legal,piece_movement,
movement_0252,movement_0252,movement,train,synthetic_movement_0252,4k3/3P4/8/8/8/8/8/4K3 w - - 0 1,white,d7a1,-100.0,-1.0,0,0,13,illegal,piece_movement,
movement_0252,movement_0252,movement,train,synthetic_movement_0252,4k3/3P4/8/8/8/8/8/4K3 w - - 0 1,white,d7b1,-100.0,-1.0,0,0,13,illegal,piece_movement,
movement_0252,movement_0252,movement,train,synthetic_movement_0252,4k3/3P4/8/8/8/8/8/4K3 w - - 0 1,white,d7c1,-100.0,-1.0,0,0,13,illegal,piece_movement,
movement_0252,movement_0252,movement,train,synthetic_movement_0252,4k3/3P4/8/8/8/8/8/4K3 w - - 0 1,white,d7d1,-100.0,-1.0,0,0,13,illegal,piece_movement,
movement_0252,movement_0252,movement,train,synthetic_movement_0252,4k3/3P4/8/8/8/8/8/4K3 w - - 0 1,white,d7e1,-100.0,-1.0,0,0,13,illegal,piece_movement,
movement_0253,movement_0253,movement,train,synthetic_movement_0253,4k3/8/8/8/8/8/4N3/4K3 w - - 0 1,white,e2c1,100.0,1.0,1,1,10,legal,piece_movement,
movement_0253,movement_0253,movement,train,synthetic_movement_0253,4k3/8/8/8/8/8/4N3/4K3 w - - 0 1,white,e2c3,100.0,1.0,1,1,10,legal,piece_movement,
movement_0253,movement_0253,movement,train,synthetic_movement_0253,4k3/8/8/8/8/8/4N3/4K3 w - - 0 1,white,e2d4,100.0,1.0,1,1,10,legal,piece_movement,
movement_0253,movement_0253,movement,train,synthetic_movement_0253,4k3/8/8/8/8/8/4N3/4K3 w - - 0 1,white,e2f4,100.0,1.0,1,1,10,legal,piece_movement,
movement_0253,movement_0253,movement,train,synthetic_movement_0253,4k3/8/8/8/8/8/4N3/4K3 w - - 0 1,white,e2g1,100.0,1.0,1,1,10,legal,piece_movement,
movement_0253,movement_0253,movement,train,synthetic_movement_0253,4k3/8/8/8/8/8/4N3/4K3 w - - 0 1,white,e2a1,-100.0,-1.0,0,0,10,illegal,piece_movement,
movement_0253,movement_0253,movement,train,synthetic_movement_0253,4k3/8/8/8/8/8/4N3/4K3 w - - 0 1,white,e2b1,-100.0,-1.0,0,0,10,illegal,piece_movement,
movement_0253,movement_0253,movement,train,synthetic_movement_0253,4k3/8/8/8/8/8/4N3/4K3 w - - 0 1,white,e2d1,-100.0,-1.0,0,0,10,illegal,piece_movement,
movement_0253,movement_0253,movement,train,synthetic_movement_0253,4k3/8/8/8/8/8/4N3/4K3 w - - 0 1,white,e2e1,-100.0,-1.0,0,0,10,illegal,piece_movement,
movement_0253,movement_0253,movement,train,synthetic_movement_0253,4k3/8/8/8/8/8/4N3/4K3 w - - 0 1,white,e2f1,-100.0,-1.0,0,0,10,illegal,piece_movement,
movement_0254,movement_0254,movement,train,synthetic_movement_0254,4k2B/8/8/8/8/8/8/4K3 w - - 0 1,white,h8a1,100.0,1.0,1,1,12,legal,piece_movement,
movement_0254,movement_0254,movement,train,synthetic_movement_0254,4k2B/8/8/8/8/8/8/4K3 w - - 0 1,white,h8b2,100.0,1.0,1,1,12,legal,piece_movement,
movement_0254,movement_0254,movement,train,synthetic_movement_0254,4k2B/8/8/8/8/8/8/4K3 w - - 0 1,white,h8c3,100.0,1.0,1,1,12,legal,piece_movement,
movement_0254,movement_0254,movement,train,synthetic_movement_0254,4k2B/8/8/8/8/8/8/4K3 w - - 0 1,white,h8d4,100.0,1.0,1,1,12,legal,piece_movement,
movement_0254,movement_0254,movement,train,synthetic_movement_0254,4k2B/8/8/8/8/8/8/4K3 w - - 0 1,white,h8e5,100.0,1.0,1,1,12,legal,piece_movement,
movement_0254,movement_0254,movement,train,synthetic_movement_0254,4k2B/8/8/8/8/8/8/4K3 w - - 0 1,white,h8b1,-100.0,-1.0,0,0,12,illegal,piece_movement,
movement_0254,movement_0254,movement,train,synthetic_movement_0254,4k2B/8/8/8/8/8/8/4K3 w - - 0 1,white,h8c1,-100.0,-1.0,0,0,12,illegal,piece_movement,
movement_0254,movement_0254,movement,train,synthetic_movement_0254,4k2B/8/8/8/8/8/8/4K3 w - - 0 1,white,h8d1,-100.0,-1.0,0,0,12,illegal,piece_movement,
movement_0254,movement_0254,movement,train,synthetic_movement_0254,4k2B/8/8/8/8/8/8/4K3 w - - 0 1,white,h8e1,-100.0,-1.0,0,0,12,illegal,piece_movement,
movement_0254,movement_0254,movement,train,synthetic_movement_0254,4k2B/8/8/8/8/8/8/4K3 w - - 0 1,white,h8f1,-100.0,-1.0,0,0,12,illegal,piece_movement,
movement_0255,movement_0255,movement,train,synthetic_movement_0255,R3k3/8/8/8/8/8/8/4K3 w - - 0 1,white,a8a1,100.0,1.0,1,1,16,legal,piece_movement,
movement_0255,movement_0255,movement,train,synthetic_movement_0255,R3k3/8/8/8/8/8/8/4K3 w - - 0 1,white,a8a2,100.0,1.0,1,1,16,legal,piece_movement,
movement_0255,movement_0255,movement,train,synthetic_movement_0255,R3k3/8/8/8/8/8/8/4K3 w - - 0 1,white,a8a3,100.0,1.0,1,1,16,legal,piece_movement,
movement_0255,movement_0255,movement,train,synthetic_movement_0255,R3k3/8/8/8/8/8/8/4K3 w - - 0 1,white,a8a4,100.0,1.0,1,1,16,legal,piece_movement,
movement_0255,movement_0255,movement,train,synthetic_movement_0255,R3k3/8/8/8/8/8/8/4K3 w - - 0 1,white,a8a5,100.0,1.0,1,1,16,legal,piece_movement,
movement_0255,movement_0255,movement,train,synthetic_movement_0255,R3k3/8/8/8/8/8/8/4K3 w - - 0 1,white,a8b1,-100.0,-1.0,0,0,16,illegal,piece_movement,
movement_0255,movement_0255,movement,train,synthetic_movement_0255,R3k3/8/8/8/8/8/8/4K3 w - - 0 1,white,a8c1,-100.0,-1.0,0,0,16,illegal,piece_movement,
movement_0255,movement_0255,movement,train,synthetic_movement_0255,R3k3/8/8/8/8/8/8/4K3 w - - 0 1,white,a8d1,-100.0,-1.0,0,0,16,illegal,piece_movement,
movement_0255,movement_0255,movement,train,synthetic_movement_0255,R3k3/8/8/8/8/8/8/4K3 w - - 0 1,white,a8e1,-100.0,-1.0,0,0,16,illegal,piece_movement,
movement_0255,movement_0255,movement,train,synthetic_movement_0255,R3k3/8/8/8/8/8/8/4K3 w - - 0 1,white,a8f1,-100.0,-1.0,0,0,16,illegal,piece_movement,
movement_0256,movement_0256,movement,train,synthetic_movement_0256,4k3/8/1Q6/8/8/8/8/4K3 w - - 0 1,white,b6a5,100.0,1.0,1,1,28,legal,piece_movement,
movement_0256,movement_0256,movement,train,synthetic_movement_0256,4k3/8/1Q6/8/8/8/8/4K3 w - - 0 1,white,b6a6,100.0,1.0,1,1,28,legal,piece_movement,
movement_0256,movement_0256,movement,train,synthetic_movement_0256,4k3/8/1Q6/8/8/8/8/4K3 w - - 0 1,white,b6a7,100.0,1.0,1,1,28,legal,piece_movement,
movement_0256,movement_0256,movement,train,synthetic_movement_0256,4k3/8/1Q6/8/8/8/8/4K3 w - - 0 1,white,b6b1,100.0,1.0,1,1,28,legal,piece_movement,
movement_0256,movement_0256,movement,train,synthetic_movement_0256,4k3/8/1Q6/8/8/8/8/4K3 w - - 0 1,white,b6b2,100.0,1.0,1,1,28,legal,piece_movement,
movement_0256,movement_0256,movement,train,synthetic_movement_0256,4k3/8/1Q6/8/8/8/8/4K3 w - - 0 1,white,b6a1,-100.0,-1.0,0,0,28,illegal,piece_movement,
movement_0256,movement_0256,movement,train,synthetic_movement_0256,4k3/8/1Q6/8/8/8/8/4K3 w - - 0 1,white,b6c1,-100.0,-1.0,0,0,28,illegal,piece_movement,
movement_0256,movement_0256,movement,train,synthetic_movement_0256,4k3/8/1Q6/8/8/8/8/4K3 w - - 0 1,white,b6d1,-100.0,-1.0,0,0,28,illegal,piece_movement,
movement_0256,movement_0256,movement,train,synthetic_movement_0256,4k3/8/1Q6/8/8/8/8/4K3 w - - 0 1,white,b6e1,-100.0,-1.0,0,0,28,illegal,piece_movement,
movement_0256,movement_0256,movement,train,synthetic_movement_0256,4k3/8/1Q6/8/8/8/8/4K3 w - - 0 1,white,b6f1,-100.0,-1.0,0,0,28,illegal,piece_movement,
movement_0257,movement_0257,movement,train,synthetic_movement_0257,4k3/6K1/8/8/8/8/8/4K3 w - - 0 1,white,g7f6,100.0,1.0,1,1,11,legal,piece_movement,
movement_0257,movement_0257,movement,train,synthetic_movement_0257,4k3/6K1/8/8/8/8/8/4K3 w - - 0 1,white,g7g6,100.0,1.0,1,1,11,legal,piece_movement,
movement_0257,movement_0257,movement,train,synthetic_movement_0257,4k3/6K1/8/8/8/8/8/4K3 w - - 0 1,white,g7g8,100.0,1.0,1,1,11,legal,piece_movement,
movement_0257,movement_0257,movement,train,synthetic_movement_0257,4k3/6K1/8/8/8/8/8/4K3 w - - 0 1,white,g7h6,100.0,1.0,1,1,11,legal,piece_movement,
movement_0257,movement_0257,movement,train,synthetic_movement_0257,4k3/6K1/8/8/8/8/8/4K3 w - - 0 1,white,g7h7,100.0,1.0,1,1,11,legal,piece_movement,
movement_0257,movement_0257,movement,train,synthetic_movement_0257,4k3/6K1/8/8/8/8/8/4K3 w - - 0 1,white,g7a1,-100.0,-1.0,0,0,11,illegal,piece_movement,
movement_0257,movement_0257,movement,train,synthetic_movement_0257,4k3/6K1/8/8/8/8/8/4K3 w - - 0 1,white,g7b1,-100.0,-1.0,0,0,11,illegal,piece_movement,
movement_0257,movement_0257,movement,train,synthetic_movement_0257,4k3/6K1/8/8/8/8/8/4K3 w - - 0 1,white,g7c1,-100.0,-1.0,0,0,11,illegal,piece_movement,
movement_0257,movement_0257,movement,train,synthetic_movement_0257,4k3/6K1/8/8/8/8/8/4K3 w - - 0 1,white,g7d1,-100.0,-1.0,0,0,11,illegal,piece_movement,
movement_0257,movement_0257,movement,train,synthetic_movement_0257,4k3/6K1/8/8/8/8/8/4K3 w - - 0 1,white,g7e1,-100.0,-1.0,0,0,11,illegal,piece_movement,
movement_0258,movement_0258,movement,train,synthetic_movement_0258,4k3/8/8/3p4/8/8/8/4K3 b - - 0 1,black,d5d4,100.0,1.0,1,1,6,legal,piece_movement,
movement_0258,movement_0258,movement,train,synthetic_movement_0258,4k3/8/8/3p4/8/8/8/4K3 b - - 0 1,black,d5a1,-100.0,-1.0,0,0,6,illegal,piece_movement,
movement_0258,movement_0258,movement,train,synthetic_movement_0258,4k3/8/8/3p4/8/8/8/4K3 b - - 0 1,black,d5b1,-100.0,-1.0,0,0,6,illegal,piece_movement,
movement_0258,movement_0258,movement,train,synthetic_movement_0258,4k3/8/8/3p4/8/8/8/4K3 b - - 0 1,black,d5c1,-100.0,-1.0,0,0,6,illegal,piece_movement,
movement_0258,movement_0258,movement,train,synthetic_movement_0258,4k3/8/8/3p4/8/8/8/4K3 b - - 0 1,black,d5d1,-100.0,-1.0,0,0,6,illegal,piece_movement,
movement_0258,movement_0258,movement,train,synthetic_movement_0258,4k3/8/8/3p4/8/8/8/4K3 b - - 0 1,black,d5e1,-100.0,-1.0,0,0,6,illegal,piece_movement,
movement_0259,movement_0259,movement,train,synthetic_movement_0259,4k3/8/8/8/8/8/8/n3K3 b - - 0 1,black,a1b3,100.0,1.0,1,1,7,legal,piece_movement,
movement_0259,movement_0259,movement,train,synthetic_movement_0259,4k3/8/8/8/8/8/8/n3K3 b - - 0 1,black,a1c2,100.0,1.0,1,1,7,legal,piece_movement,
movement_0259,movement_0259,movement,train,synthetic_movement_0259,4k3/8/8/8/8/8/8/n3K3 b - - 0 1,black,a1b1,-100.0,-1.0,0,0,7,illegal,piece_movement,
movement_0259,movement_0259,movement,train,synthetic_movement_0259,4k3/8/8/8/8/8/8/n3K3 b - - 0 1,black,a1c1,-100.0,-1.0,0,0,7,illegal,piece_movement,
movement_0259,movement_0259,movement,train,synthetic_movement_0259,4k3/8/8/8/8/8/8/n3K3 b - - 0 1,black,a1d1,-100.0,-1.0,0,0,7,illegal,piece_movement,
movement_0259,movement_0259,movement,train,synthetic_movement_0259,4k3/8/8/8/8/8/8/n3K3 b - - 0 1,black,a1e1,-100.0,-1.0,0,0,7,illegal,piece_movement,
movement_0259,movement_0259,movement,train,synthetic_movement_0259,4k3/8/8/8/8/8/8/n3K3 b - - 0 1,black,a1f1,-100.0,-1.0,0,0,7,illegal,piece_movement,
movement_0260,movement_0260,movement,train,synthetic_movement_0260,4k3/8/8/b7/8/8/8/4K3 b - - 0 1,black,a5b4,100.0,1.0,1,1,12,legal,piece_movement,
movement_0260,movement_0260,movement,train,synthetic_movement_0260,4k3/8/8/b7/8/8/8/4K3 b - - 0 1,black,a5b6,100.0,1.0,1,1,12,legal,piece_movement,
movement_0260,movement_0260,movement,train,synthetic_movement_0260,4k3/8/8/b7/8/8/8/4K3 b - - 0 1,black,a5c3,100.0,1.0,1,1,12,legal,piece_movement,
movement_0260,movement_0260,movement,train,synthetic_movement_0260,4k3/8/8/b7/8/8/8/4K3 b - - 0 1,black,a5c7,100.0,1.0,1,1,12,legal,piece_movement,
movement_0260,movement_0260,movement,train,synthetic_movement_0260,4k3/8/8/b7/8/8/8/4K3 b - - 0 1,black,a5d2,100.0,1.0,1,1,12,legal,piece_movement,
movement_0260,movement_0260,movement,train,synthetic_movement_0260,4k3/8/8/b7/8/8/8/4K3 b - - 0 1,black,a5a1,-100.0,-1.0,0,0,12,illegal,piece_movement,
movement_0260,movement_0260,movement,train,synthetic_movement_0260,4k3/8/8/b7/8/8/8/4K3 b - - 0 1,black,a5b1,-100.0,-1.0,0,0,12,illegal,piece_movement,
movement_0260,movement_0260,movement,train,synthetic_movement_0260,4k3/8/8/b7/8/8/8/4K3 b - - 0 1,black,a5c1,-100.0,-1.0,0,0,12,illegal,piece_movement,
movement_0260,movement_0260,movement,train,synthetic_movement_0260,4k3/8/8/b7/8/8/8/4K3 b - - 0 1,black,a5d1,-100.0,-1.0,0,0,12,illegal,piece_movement,
movement_0260,movement_0260,movement,train,synthetic_movement_0260,4k3/8/8/b7/8/8/8/4K3 b - - 0 1,black,a5f1,-100.0,-1.0,0,0,12,illegal,piece_movement,
movement_0261,movement_0261,movement,train,synthetic_movement_0261,3rk3/8/8/8/8/8/8/4K3 b - - 0 1,black,d8a8,100.0,1.0,1,1,14,legal,piece_movement,
movement_0261,movement_0261,movement,train,synthetic_movement_0261,3rk3/8/8/8/8/8/8/4K3 b - - 0 1,black,d8b8,100.0,1.0,1,1,14,legal,piece_movement,
movement_0261,movement_0261,movement,train,synthetic_movement_0261,3rk3/8/8/8/8/8/8/4K3 b - - 0 1,black,d8c8,100.0,1.0,1,1,14,legal,piece_movement,
movement_0261,movement_0261,movement,train,synthetic_movement_0261,3rk3/8/8/8/8/8/8/4K3 b - - 0 1,black,d8d1,100.0,1.0,1,1,14,legal,piece_movement,
movement_0261,movement_0261,movement,train,synthetic_movement_0261,3rk3/8/8/8/8/8/8/4K3 b - - 0 1,black,d8d2,100.0,1.0,1,1,14,legal,piece_movement,
movement_0261,movement_0261,movement,train,synthetic_movement_0261,3rk3/8/8/8/8/8/8/4K3 b - - 0 1,black,d8a1,-100.0,-1.0,0,0,14,illegal,piece_movement,
movement_0261,movement_0261,movement,train,synthetic_movement_0261,3rk3/8/8/8/8/8/8/4K3 b - - 0 1,black,d8b1,-100.0,-1.0,0,0,14,illegal,piece_movement,
movement_0261,movement_0261,movement,train,synthetic_movement_0261,3rk3/8/8/8/8/8/8/4K3 b - - 0 1,black,d8c1,-100.0,-1.0,0,0,14,illegal,piece_movement,
movement_0261,movement_0261,movement,train,synthetic_movement_0261,3rk3/8/8/8/8/8/8/4K3 b - - 0 1,black,d8e1,-100.0,-1.0,0,0,14,illegal,piece_movement,
movement_0261,movement_0261,movement,train,synthetic_movement_0261,3rk3/8/8/8/8/8/8/4K3 b - - 0 1,black,d8f1,-100.0,-1.0,0,0,14,illegal,piece_movement,
movement_0262,movement_0262,movement,train,synthetic_movement_0262,4k3/8/8/7q/8/8/8/4K3 b - - 0 1,black,h5a5,100.0,1.0,1,1,25,legal,piece_movement,
movement_0262,movement_0262,movement,train,synthetic_movement_0262,4k3/8/8/7q/8/8/8/4K3 b - - 0 1,black,h5b5,100.0,1.0,1,1,25,legal,piece_movement,
movement_0262,movement_0262,movement,train,synthetic_movement_0262,4k3/8/8/7q/8/8/8/4K3 b - - 0 1,black,h5c5,100.0,1.0,1,1,25,legal,piece_movement,
movement_0262,movement_0262,movement,train,synthetic_movement_0262,4k3/8/8/7q/8/8/8/4K3 b - - 0 1,black,h5d1,100.0,1.0,1,1,25,legal,piece_movement,
movement_0262,movement_0262,movement,train,synthetic_movement_0262,4k3/8/8/7q/8/8/8/4K3 b - - 0 1,black,h5d5,100.0,1.0,1,1,25,legal,piece_movement,
movement_0262,movement_0262,movement,train,synthetic_movement_0262,4k3/8/8/7q/8/8/8/4K3 b - - 0 1,black,h5a1,-100.0,-1.0,0,0,25,illegal,piece_movement,
movement_0262,movement_0262,movement,train,synthetic_movement_0262,4k3/8/8/7q/8/8/8/4K3 b - - 0 1,black,h5b1,-100.0,-1.0,0,0,25,illegal,piece_movement,
movement_0262,movement_0262,movement,train,synthetic_movement_0262,4k3/8/8/7q/8/8/8/4K3 b - - 0 1,black,h5c1,-100.0,-1.0,0,0,25,illegal,piece_movement,
movement_0262,movement_0262,movement,train,synthetic_movement_0262,4k3/8/8/7q/8/8/8/4K3 b - - 0 1,black,h5e1,-100.0,-1.0,0,0,25,illegal,piece_movement,
movement_0262,movement_0262,movement,train,synthetic_movement_0262,4k3/8/8/7q/8/8/8/4K3 b - - 0 1,black,h5f1,-100.0,-1.0,0,0,25,illegal,piece_movement,
movement_0263,movement_0263,movement,train,synthetic_movement_0263,4k3/8/5k2/8/8/8/8/4K3 b - - 0 1,black,f6e5,100.0,1.0,1,1,13,legal,piece_movement,
movement_0263,movement_0263,movement,train,synthetic_movement_0263,4k3/8/5k2/8/8/8/8/4K3 b - - 0 1,black,f6e6,100.0,1.0,1,1,13,legal,piece_movement,
movement_0263,movement_0263,movement,train,synthetic_movement_0263,4k3/8/5k2/8/8/8/8/4K3 b - - 0 1,black,f6e7,100.0,1.0,1,1,13,legal,piece_movement,
movement_0263,movement_0263,movement,train,synthetic_movement_0263,4k3/8/5k2/8/8/8/8/4K3 b - - 0 1,black,f6f5,100.0,1.0,1,1,13,legal,piece_movement,
movement_0263,movement_0263,movement,train,synthetic_movement_0263,4k3/8/5k2/8/8/8/8/4K3 b - - 0 1,black,f6f7,100.0,1.0,1,1,13,legal,piece_movement,
movement_0263,movement_0263,movement,train,synthetic_movement_0263,4k3/8/5k2/8/8/8/8/4K3 b - - 0 1,black,f6a1,-100.0,-1.0,0,0,13,illegal,piece_movement,
movement_0263,movement_0263,movement,train,synthetic_movement_0263,4k3/8/5k2/8/8/8/8/4K3 b - - 0 1,black,f6b1,-100.0,-1.0,0,0,13,illegal,piece_movement,
movement_0263,movement_0263,movement,train,synthetic_movement_0263,4k3/8/5k2/8/8/8/8/4K3 b - - 0 1,black,f6c1,-100.0,-1.0,0,0,13,illegal,piece_movement,
movement_0263,movement_0263,movement,train,synthetic_movement_0263,4k3/8/5k2/8/8/8/8/4K3 b - - 0 1,black,f6d1,-100.0,-1.0,0,0,13,illegal,piece_movement,
movement_0263,movement_0263,movement,train,synthetic_movement_0263,4k3/8/5k2/8/8/8/8/4K3 b - - 0 1,black,f6e1,-100.0,-1.0,0,0,13,illegal,piece_movement,
movement_0264,movement_0264,movement,train,synthetic_movement_0264,4k3/8/8/8/8/4P3/8/4K3 w - - 0 1,white,e3e4,100.0,1.0,1,1,6,legal,piece_movement,
movement_0264,movement_0264,movement,train,synthetic_movement_0264,4k3/8/8/8/8/4P3/8/4K3 w - - 0 1,white,e3a1,-100.0,-1.0,0,0,6,illegal,piece_movement,
movement_0264,movement_0264,movement,train,synthetic_movement_0264,4k3/8/8/8/8/4P3/8/4K3 w - - 0 1,white,e3b1,-100.0,-1.0,0,0,6,illegal,piece_movement,
movement_0264,movement_0264,movement,train,synthetic_movement_0264,4k3/8/8/8/8/4P3/8/4K3 w - - 0 1,white,e3c1,-100.0,-1.0,0,0,6,illegal,piece_movement,
movement_0264,movement_0264,movement,train,synthetic_movement_0264,4k3/8/8/8/8/4P3/8/4K3 w - - 0 1,white,e3d1,-100.0,-1.0,0,0,6,illegal,piece_movement,
movement_0264,movement_0264,movement,train,synthetic_movement_0264,4k3/8/8/8/8/4P3/8/4K3 w - - 0 1,white,e3e1,-100.0,-1.0,0,0,6,illegal,piece_movement,
movement_0265,movement_0265,movement,train,synthetic_movement_0265,4k2N/8/8/8/8/8/8/4K3 w - - 0 1,white,h8f7,100.0,1.0,1,1,7,legal,piece_movement,
movement_0265,movement_0265,movement,train,synthetic_movement_0265,4k2N/8/8/8/8/8/8/4K3 w - - 0 1,white,h8g6,100.0,1.0,1,1,7,legal,piece_movement,
movement_0265,movement_0265,movement,train,synthetic_movement_0265,4k2N/8/8/8/8/8/8/4K3 w - - 0 1,white,h8a1,-100.0,-1.0,0,0,7,illegal,piece_movement,
movement_0265,movement_0265,movement,train,synthetic_movement_0265,4k2N/8/8/8/8/8/8/4K3 w - - 0 1,white,h8b1,-100.0,-1.0,0,0,7,illegal,piece_movement,
movement_0265,movement_0265,movement,train,synthetic_movement_0265,4k2N/8/8/8/8/8/8/4K3 w - - 0 1,white,h8c1,-100.0,-1.0,0,0,7,illegal,piece_movement,
movement_0265,movement_0265,movement,train,synthetic_movement_0265,4k2N/8/8/8/8/8/8/4K3 w - - 0 1,white,h8d1,-100.0,-1.0,0,0,7,illegal,piece_movement,
movement_0265,movement_0265,movement,train,synthetic_movement_0265,4k2N/8/8/8/8/8/8/4K3 w - - 0 1,white,h8e1,-100.0,-1.0,0,0,7,illegal,piece_movement,
movement_0266,movement_0266,movement,train,synthetic_movement_0266,4k3/8/8/8/8/7B/8/4K3 w - - 0 1,white,h3c8,100.0,1.0,1,1,12,legal,piece_movement,
movement_0266,movement_0266,movement,train,synthetic_movement_0266,4k3/8/8/8/8/7B/8/4K3 w - - 0 1,white,h3d7,100.0,1.0,1,1,12,legal,piece_movement,
movement_0266,movement_0266,movement,train,synthetic_movement_0266,4k3/8/8/8/8/7B/8/4K3 w - - 0 1,white,h3e6,100.0,1.0,1,1,12,legal,piece_movement,
movement_0266,movement_0266,movement,train,synthetic_movement_0266,4k3/8/8/8/8/7B/8/4K3 w - - 0 1,white,h3f1,100.0,1.0,1,1,12,legal,piece_movement,
movement_0266,movement_0266,movement,train,synthetic_movement_0266,4k3/8/8/8/8/7B/8/4K3 w - - 0 1,white,h3f5,100.0,1.0,1,1,12,legal,piece_movement,
movement_0266,movement_0266,movement,train,synthetic_movement_0266,4k3/8/8/8/8/7B/8/4K3 w - - 0 1,white,h3a1,-100.0,-1.0,0,0,12,illegal,piece_movement,
movement_0266,movement_0266,movement,train,synthetic_movement_0266,4k3/8/8/8/8/7B/8/4K3 w - - 0 1,white,h3b1,-100.0,-1.0,0,0,12,illegal,piece_movement,
movement_0266,movement_0266,movement,train,synthetic_movement_0266,4k3/8/8/8/8/7B/8/4K3 w - - 0 1,white,h3c1,-100.0,-1.0,0,0,12,illegal,piece_movement,
movement_0266,movement_0266,movement,train,synthetic_movement_0266,4k3/8/8/8/8/7B/8/4K3 w - - 0 1,white,h3d1,-100.0,-1.0,0,0,12,illegal,piece_movement,
movement_0266,movement_0266,movement,train,synthetic_movement_0266,4k3/8/8/8/8/7B/8/4K3 w - - 0 1,white,h3e1,-100.0,-1.0,0,0,12,illegal,piece_movement,
movement_0267,movement_0267,movement,train,synthetic_movement_0267,4k3/8/8/8/8/6R1/8/4K3 w - - 0 1,white,g3a3,100.0,1.0,1,1,19,legal,piece_movement,
movement_0267,movement_0267,movement,train,synthetic_movement_0267,4k3/8/8/8/8/6R1/8/4K3 w - - 0 1,white,g3b3,100.0,1.0,1,1,19,legal,piece_movement,
movement_0267,movement_0267,movement,train,synthetic_movement_0267,4k3/8/8/8/8/6R1/8/4K3 w - - 0 1,white,g3c3,100.0,1.0,1,1,19,legal,piece_movement,
movement_0267,movement_0267,movement,train,synthetic_movement_0267,4k3/8/8/8/8/6R1/8/4K3 w - - 0 1,white,g3d3,100.0,1.0,1,1,19,legal,piece_movement,
movement_0267,movement_0267,movement,train,synthetic_movement_0267,4k3/8/8/8/8/6R1/8/4K3 w - - 0 1,white,g3e3,100.0,1.0,1,1,19,legal,piece_movement,
movement_0267,movement_0267,movement,train,synthetic_movement_0267,4k3/8/8/8/8/6R1/8/4K3 w - - 0 1,white,g3a1,-100.0,-1.0,0,0,19,illegal,piece_movement,
movement_0267,movement_0267,movement,train,synthetic_movement_0267,4k3/8/8/8/8/6R1/8/4K3 w - - 0 1,white,g3b1,-100.0,-1.0,0,0,19,illegal,piece_movement,
movement_0267,movement_0267,movement,train,synthetic_movement_0267,4k3/8/8/8/8/6R1/8/4K3 w - - 0 1,white,g3c1,-100.0,-1.0,0,0,19,illegal,piece_movement,
movement_0267,movement_0267,movement,train,synthetic_movement_0267,4k3/8/8/8/8/6R1/8/4K3 w - - 0 1,white,g3d1,-100.0,-1.0,0,0,19,illegal,piece_movement,
movement_0267,movement_0267,movement,train,synthetic_movement_0267,4k3/8/8/8/8/6R1/8/4K3 w - - 0 1,white,g3e1,-100.0,-1.0,0,0,19,illegal,piece_movement,
movement_0268,movement_0268,movement,train,synthetic_movement_0268,4k3/8/8/8/8/4Q3/8/4K3 w - - 0 1,white,e3a3,100.0,1.0,1,1,29,legal,piece_movement,
movement_0268,movement_0268,movement,train,synthetic_movement_0268,4k3/8/8/8/8/4Q3/8/4K3 w - - 0 1,white,e3a7,100.0,1.0,1,1,29,legal,piece_movement,
movement_0268,movement_0268,movement,train,synthetic_movement_0268,4k3/8/8/8/8/4Q3/8/4K3 w - - 0 1,white,e3b3,100.0,1.0,1,1,29,legal,piece_movement,
movement_0268,movement_0268,movement,train,synthetic_movement_0268,4k3/8/8/8/8/4Q3/8/4K3 w - - 0 1,white,e3b6,100.0,1.0,1,1,29,legal,piece_movement,
movement_0268,movement_0268,movement,train,synthetic_movement_0268,4k3/8/8/8/8/4Q3/8/4K3 w - - 0 1,white,e3c1,100.0,1.0,1,1,29,legal,piece_movement,
movement_0268,movement_0268,movement,train,synthetic_movement_0268,4k3/8/8/8/8/4Q3/8/4K3 w - - 0 1,white,e3a1,-100.0,-1.0,0,0,29,illegal,piece_movement,
movement_0268,movement_0268,movement,train,synthetic_movement_0268,4k3/8/8/8/8/4Q3/8/4K3 w - - 0 1,white,e3b1,-100.0,-1.0,0,0,29,illegal,piece_movement,
movement_0268,movement_0268,movement,train,synthetic_movement_0268,4k3/8/8/8/8/4Q3/8/4K3 w - - 0 1,white,e3d1,-100.0,-1.0,0,0,29,illegal,piece_movement,
movement_0268,movement_0268,movement,train,synthetic_movement_0268,4k3/8/8/8/8/4Q3/8/4K3 w - - 0 1,white,e3e1,-100.0,-1.0,0,0,29,illegal,piece_movement,
movement_0268,movement_0268,movement,train,synthetic_movement_0268,4k3/8/8/8/8/4Q3/8/4K3 w - - 0 1,white,e3f1,-100.0,-1.0,0,0,29,illegal,piece_movement,
movement_0269,movement_0269,movement,train,synthetic_movement_0269,4k3/8/8/8/8/8/3K4/4K3 w - - 0 1,white,d2c1,100.0,1.0,1,1,11,legal,piece_movement,
movement_0269,movement_0269,movement,train,synthetic_movement_0269,4k3/8/8/8/8/8/3K4/4K3 w - - 0 1,white,d2c2,100.0,1.0,1,1,11,legal,piece_movement,
movement_0269,movement_0269,movement,train,synthetic_movement_0269,4k3/8/8/8/8/8/3K4/4K3 w - - 0 1,white,d2c3,100.0,1.0,1,1,11,legal,piece_movement,
movement_0269,movement_0269,movement,train,synthetic_movement_0269,4k3/8/8/8/8/8/3K4/4K3 w - - 0 1,white,d2d1,100.0,1.0,1,1,11,legal,piece_movement,
movement_0269,movement_0269,movement,train,synthetic_movement_0269,4k3/8/8/8/8/8/3K4/4K3 w - - 0 1,white,d2d3,100.0,1.0,1,1,11,legal,piece_movement,
movement_0269,movement_0269,movement,train,synthetic_movement_0269,4k3/8/8/8/8/8/3K4/4K3 w - - 0 1,white,d2a1,-100.0,-1.0,0,0,11,illegal,piece_movement,
movement_0269,movement_0269,movement,train,synthetic_movement_0269,4k3/8/8/8/8/8/3K4/4K3 w - - 0 1,white,d2b1,-100.0,-1.0,0,0,11,illegal,piece_movement,
movement_0269,movement_0269,movement,train,synthetic_movement_0269,4k3/8/8/8/8/8/3K4/4K3 w - - 0 1,white,d2e1,-100.0,-1.0,0,0,11,illegal,piece_movement,
movement_0269,movement_0269,movement,train,synthetic_movement_0269,4k3/8/8/8/8/8/3K4/4K3 w - - 0 1,white,d2f1,-100.0,-1.0,0,0,11,illegal,piece_movement,
movement_0269,movement_0269,movement,train,synthetic_movement_0269,4k3/8/8/8/8/8/3K4/4K3 w - - 0 1,white,d2g1,-100.0,-1.0,0,0,11,illegal,piece_movement,
movement_0270,movement_0270,movement,train,synthetic_movement_0270,4k3/8/8/4p3/8/8/8/4K3 b - - 0 1,black,e5e4,100.0,1.0,1,1,6,legal,piece_movement,
movement_0270,movement_0270,movement,train,synthetic_movement_0270,4k3/8/8/4p3/8/8/8/4K3 b - - 0 1,black,e5a1,-100.0,-1.0,0,0,6,illegal,piece_movement,
movement_0270,movement_0270,movement,train,synthetic_movement_0270,4k3/8/8/4p3/8/8/8/4K3 b - - 0 1,black,e5b1,-100.0,-1.0,0,0,6,illegal,piece_movement,
movement_0270,movement_0270,movement,train,synthetic_movement_0270,4k3/8/8/4p3/8/8/8/4K3 b - - 0 1,black,e5c1,-100.0,-1.0,0,0,6,illegal,piece_movement,
movement_0270,movement_0270,movement,train,synthetic_movement_0270,4k3/8/8/4p3/8/8/8/4K3 b - - 0 1,black,e5d1,-100.0,-1.0,0,0,6,illegal,piece_movement,
movement_0270,movement_0270,movement,train,synthetic_movement_0270,4k3/8/8/4p3/8/8/8/4K3 b - - 0 1,black,e5e1,-100.0,-1.0,0,0,6,illegal,piece_movement,
movement_0271,movement_0271,movement,train,synthetic_movement_0271,4k3/3n4/8/8/8/8/8/4K3 b - - 0 1,black,d7b6,100.0,1.0,1,1,10,legal,piece_movement,
movement_0271,movement_0271,movement,train,synthetic_movement_0271,4k3/3n4/8/8/8/8/8/4K3 b - - 0 1,black,d7b8,100.0,1.0,1,1,10,legal,piece_movement,
movement_0271,movement_0271,movement,train,synthetic_movement_0271,4k3/3n4/8/8/8/8/8/4K3 b - - 0 1,black,d7c5,100.0,1.0,1,1,10,legal,piece_movement,
movement_0271,movement_0271,movement,train,synthetic_movement_0271,4k3/3n4/8/8/8/8/8/4K3 b - - 0 1,black,d7e5,100.0,1.0,1,1,10,legal,piece_movement,
movement_0271,movement_0271,movement,train,synthetic_movement_0271,4k3/3n4/8/8/8/8/8/4K3 b - - 0 1,black,d7f6,100.0,1.0,1,1,10,legal,piece_movement,
movement_0271,movement_0271,movement,train,synthetic_movement_0271,4k3/3n4/8/8/8/8/8/4K3 b - - 0 1,black,d7a1,-100.0,-1.0,0,0,10,illegal,piece_movement,
movement_0271,movement_0271,movement,train,synthetic_movement_0271,4k3/3n4/8/8/8/8/8/4K3 b - - 0 1,black,d7b1,-100.0,-1.0,0,0,10,illegal,piece_movement,
movement_0271,movement_0271,movement,train,synthetic_movement_0271,4k3/3n4/8/8/8/8/8/4K3 b - - 0 1,black,d7c1,-100.0,-1.0,0,0,10,illegal,piece_movement,
movement_0271,movement_0271,movement,train,synthetic_movement_0271,4k3/3n4/8/8/8/8/8/4K3 b - - 0 1,black,d7d1,-100.0,-1.0,0,0,10,illegal,piece_movement,
movement_0271,movement_0271,movement,train,synthetic_movement_0271,4k3/3n4/8/8/8/8/8/4K3 b - - 0 1,black,d7e1,-100.0,-1.0,0,0,10,illegal,piece_movement,
movement_0272,movement_0272,movement,train,synthetic_movement_0272,4k3/8/2b5/8/8/8/8/4K3 b - - 0 1,black,c6a4,100.0,1.0,1,1,15,legal,piece_movement,
movement_0272,movement_0272,movement,train,synthetic_movement_0272,4k3/8/2b5/8/8/8/8/4K3 b - - 0 1,black,c6a8,100.0,1.0,1,1,15,legal,piece_movement,
movement_0272,movement_0272,movement,train,synthetic_movement_0272,4k3/8/2b5/8/8/8/8/4K3 b - - 0 1,black,c6b5,100.0,1.0,1,1,15,legal,piece_movement,
movement_0272,movement_0272,movement,train,synthetic_movement_0272,4k3/8/2b5/8/8/8/8/4K3 b - - 0 1,black,c6b7,100.0,1.0,1,1,15,legal,piece_movement,
movement_0272,movement_0272,movement,train,synthetic_movement_0272,4k3/8/2b5/8/8/8/8/4K3 b - - 0 1,black,c6d5,100.0,1.0,1,1,15,legal,piece_movement,
movement_0272,movement_0272,movement,train,synthetic_movement_0272,4k3/8/2b5/8/8/8/8/4K3 b - - 0 1,black,c6a1,-100.0,-1.0,0,0,15,illegal,piece_movement,
movement_0272,movement_0272,movement,train,synthetic_movement_0272,4k3/8/2b5/8/8/8/8/4K3 b - - 0 1,black,c6b1,-100.0,-1.0,0,0,15,illegal,piece_movement,
movement_0272,movement_0272,movement,train,synthetic_movement_0272,4k3/8/2b5/8/8/8/8/4K3 b - - 0 1,black,c6c1,-100.0,-1.0,0,0,15,illegal,piece_movement,
movement_0272,movement_0272,movement,train,synthetic_movement_0272,4k3/8/2b5/8/8/8/8/4K3 b - - 0 1,black,c6d1,-100.0,-1.0,0,0,15,illegal,piece_movement,
movement_0272,movement_0272,movement,train,synthetic_movement_0272,4k3/8/2b5/8/8/8/8/4K3 b - - 0 1,black,c6e1,-100.0,-1.0,0,0,15,illegal,piece_movement,
movement_0273,movement_0273,movement,train,synthetic_movement_0273,4k3/1r6/8/8/8/8/8/4K3 b - - 0 1,black,b7a7,100.0,1.0,1,1,19,legal,piece_movement,
movement_0273,movement_0273,movement,train,synthetic_movement_0273,4k3/1r6/8/8/8/8/8/4K3 b - - 0 1,black,b7b1,100.0,1.0,1,1,19,legal,piece_movement,
movement_0273,movement_0273,movement,train,synthetic_movement_0273,4k3/1r6/8/8/8/8/8/4K3 b - - 0 1,black,b7b2,100.0,1.0,1,1,19,legal,piece_movement,
movement_0273,movement_0273,movement,train,synthetic_movement_0273,4k3/1r6/8/8/8/8/8/4K3 b - - 0 1,black,b7b3,100.0,1.0,1,1,19,legal,piece_movement,
movement_0273,movement_0273,movement,train,synthetic_movement_0273,4k3/1r6/8/8/8/8/8/4K3 b - - 0 1,black,b7b4,100.0,1.0,1,1,19,legal,piece_movement,
movement_0273,movement_0273,movement,train,synthetic_movement_0273,4k3/1r6/8/8/8/8/8/4K3 b - - 0 1,black,b7a1,-100.0,-1.0,0,0,19,illegal,piece_movement,
movement_0273,movement_0273,movement,train,synthetic_movement_0273,4k3/1r6/8/8/8/8/8/4K3 b - - 0 1,black,b7c1,-100.0,-1.0,0,0,19,illegal,piece_movement,
movement_0273,movement_0273,movement,train,synthetic_movement_0273,4k3/1r6/8/8/8/8/8/4K3 b - - 0 1,black,b7d1,-100.0,-1.0,0,0,19,illegal,piece_movement,
movement_0273,movement_0273,movement,train,synthetic_movement_0273,4k3/1r6/8/8/8/8/8/4K3 b - - 0 1,black,b7e1,-100.0,-1.0,0,0,19,illegal,piece_movement,
movement_0273,movement_0273,movement,train,synthetic_movement_0273,4k3/1r6/8/8/8/8/8/4K3 b - - 0 1,black,b7f1,-100.0,-1.0,0,0,19,illegal,piece_movement,
movement_0274,movement_0274,movement,train,synthetic_movement_0274,4k3/8/8/8/4q3/8/8/4K3 b - - 0 1,black,e4a4,100.0,1.0,1,1,31,legal,piece_movement,
movement_0274,movement_0274,movement,train,synthetic_movement_0274,4k3/8/8/8/4q3/8/8/4K3 b - - 0 1,black,e4a8,100.0,1.0,1,1,31,legal,piece_movement,
movement_0274,movement_0274,movement,train,synthetic_movement_0274,4k3/8/8/8/4q3/8/8/4K3 b - - 0 1,black,e4b1,100.0,1.0,1,1,31,legal,piece_movement,
movement_0274,movement_0274,movement,train,synthetic_movement_0274,4k3/8/8/8/4q3/8/8/4K3 b - - 0 1,black,e4b4,100.0,1.0,1,1,31,legal,piece_movement,
movement_0274,movement_0274,movement,train,synthetic_movement_0274,4k3/8/8/8/4q3/8/8/4K3 b - - 0 1,black,e4b7,100.0,1.0,1,1,31,legal,piece_movement,
movement_0274,movement_0274,movement,train,synthetic_movement_0274,4k3/8/8/8/4q3/8/8/4K3 b - - 0 1,black,e4a1,-100.0,-1.0,0,0,31,illegal,piece_movement,
movement_0274,movement_0274,movement,train,synthetic_movement_0274,4k3/8/8/8/4q3/8/8/4K3 b - - 0 1,black,e4c1,-100.0,-1.0,0,0,31,illegal,piece_movement,
movement_0274,movement_0274,movement,train,synthetic_movement_0274,4k3/8/8/8/4q3/8/8/4K3 b - - 0 1,black,e4d1,-100.0,-1.0,0,0,31,illegal,piece_movement,
movement_0274,movement_0274,movement,train,synthetic_movement_0274,4k3/8/8/8/4q3/8/8/4K3 b - - 0 1,black,e4f1,-100.0,-1.0,0,0,31,illegal,piece_movement,
movement_0274,movement_0274,movement,train,synthetic_movement_0274,4k3/8/8/8/4q3/8/8/4K3 b - - 0 1,black,e4g1,-100.0,-1.0,0,0,31,illegal,piece_movement,
movement_0275,movement_0275,movement,train,synthetic_movement_0275,4k3/3k4/8/8/8/8/8/4K3 b - - 0 1,black,d7c6,100.0,1.0,1,1,11,legal,piece_movement,
movement_0275,movement_0275,movement,train,synthetic_movement_0275,4k3/3k4/8/8/8/8/8/4K3 b - - 0 1,black,d7c7,100.0,1.0,1,1,11,legal,piece_movement,
movement_0275,movement_0275,movement,train,synthetic_movement_0275,4k3/3k4/8/8/8/8/8/4K3 b - - 0 1,black,d7c8,100.0,1.0,1,1,11,legal,piece_movement,
movement_0275,movement_0275,movement,train,synthetic_movement_0275,4k3/3k4/8/8/8/8/8/4K3 b - - 0 1,black,d7d6,100.0,1.0,1,1,11,legal,piece_movement,
movement_0275,movement_0275,movement,train,synthetic_movement_0275,4k3/3k4/8/8/8/8/8/4K3 b - - 0 1,black,d7d8,100.0,1.0,1,1,11,legal,piece_movement,
movement_0275,movement_0275,movement,train,synthetic_movement_0275,4k3/3k4/8/8/8/8/8/4K3 b - - 0 1,black,d7a1,-100.0,-1.0,0,0,11,illegal,piece_movement,
movement_0275,movement_0275,movement,train,synthetic_movement_0275,4k3/3k4/8/8/8/8/8/4K3 b - - 0 1,black,d7b1,-100.0,-1.0,0,0,11,illegal,piece_movement,
movement_0275,movement_0275,movement,train,synthetic_movement_0275,4k3/3k4/8/8/8/8/8/4K3 b - - 0 1,black,d7c1,-100.0,-1.0,0,0,11,illegal,piece_movement,
movement_0275,movement_0275,movement,train,synthetic_movement_0275,4k3/3k4/8/8/8/8/8/4K3 b - - 0 1,black,d7d1,-100.0,-1.0,0,0,11,illegal,piece_movement,
movement_0275,movement_0275,movement,train,synthetic_movement_0275,4k3/3k4/8/8/8/8/8/4K3 b - - 0 1,black,d7e1,-100.0,-1.0,0,0,11,illegal,piece_movement,
movement_0276,movement_0276,movement,train,synthetic_movement_0276,4k3/8/7P/8/8/8/8/4K3 w - - 0 1,white,h6h7,100.0,1.0,1,1,6,legal,piece_movement,
movement_0276,movement_0276,movement,train,synthetic_movement_0276,4k3/8/7P/8/8/8/8/4K3 w - - 0 1,white,h6a1,-100.0,-1.0,0,0,6,illegal,piece_movement,
movement_0276,movement_0276,movement,train,synthetic_movement_0276,4k3/8/7P/8/8/8/8/4K3 w - - 0 1,white,h6b1,-100.0,-1.0,0,0,6,illegal,piece_movement,
movement_0276,movement_0276,movement,train,synthetic_movement_0276,4k3/8/7P/8/8/8/8/4K3 w - - 0 1,white,h6c1,-100.0,-1.0,0,0,6,illegal,piece_movement,
movement_0276,movement_0276,movement,train,synthetic_movement_0276,4k3/8/7P/8/8/8/8/4K3 w - - 0 1,white,h6d1,-100.0,-1.0,0,0,6,illegal,piece_movement,
movement_0276,movement_0276,movement,train,synthetic_movement_0276,4k3/8/7P/8/8/8/8/4K3 w - - 0 1,white,h6e1,-100.0,-1.0,0,0,6,illegal,piece_movement,
movement_0277,movement_0277,movement,train,synthetic_movement_0277,4k3/8/8/8/8/8/8/4K1N1 w - - 0 1,white,g1e2,100.0,1.0,1,1,8,legal,piece_movement,
movement_0277,movement_0277,movement,train,synthetic_movement_0277,4k3/8/8/8/8/8/8/4K1N1 w - - 0 1,white,g1f3,100.0,1.0,1,1,8,legal,piece_movement,
movement_0277,movement_0277,movement,train,synthetic_movement_0277,4k3/8/8/8/8/8/8/4K1N1 w - - 0 1,white,g1h3,100.0,1.0,1,1,8,legal,piece_movement,
movement_0277,movement_0277,movement,train,synthetic_movement_0277,4k3/8/8/8/8/8/8/4K1N1 w - - 0 1,white,g1a1,-100.0,-1.0,0,0,8,illegal,piece_movement,
movement_0277,movement_0277,movement,train,synthetic_movement_0277,4k3/8/8/8/8/8/8/4K1N1 w - - 0 1,white,g1b1,-100.0,-1.0,0,0,8,illegal,piece_movement,
movement_0277,movement_0277,movement,train,synthetic_movement_0277,4k3/8/8/8/8/8/8/4K1N1 w - - 0 1,white,g1c1,-100.0,-1.0,0,0,8,illegal,piece_movement,
movement_0277,movement_0277,movement,train,synthetic_movement_0277,4k3/8/8/8/8/8/8/4K1N1 w - - 0 1,white,g1d1,-100.0,-1.0,0,0,8,illegal,piece_movement,
movement_0277,movement_0277,movement,train,synthetic_movement_0277,4k3/8/8/8/8/8/8/4K1N1 w - - 0 1,white,g1e1,-100.0,-1.0,0,0,8,illegal,piece_movement,
movement_0278,movement_0278,movement,train,synthetic_movement_0278,4k3/8/6B1/8/8/8/8/4K3 w - - 0 1,white,g6b1,100.0,1.0,1,1,14,legal,piece_movement,
movement_0278,movement_0278,movement,train,synthetic_movement_0278,4k3/8/6B1/8/8/8/8/4K3 w - - 0 1,white,g6c2,100.0,1.0,1,1,14,legal,piece_movement,
movement_0278,movement_0278,movement,train,synthetic_movement_0278,4k3/8/6B1/8/8/8/8/4K3 w - - 0 1,white,g6d3,100.0,1.0,1,1,14,legal,piece_movement,
movement_0278,movement_0278,movement,train,synthetic_movement_0278,4k3/8/6B1/8/8/8/8/4K3 w - - 0 1,white,g6e4,100.0,1.0,1,1,14,legal,piece_movement,
movement_0278,movement_0278,movement,train,synthetic_movement_0278,4k3/8/6B1/8/8/8/8/4K3 w - - 0 1,white,g6e8,100.0,1.0,1,1,14,legal,piece_movement,
movement_0278,movement_0278,movement,train,synthetic_movement_0278,4k3/8/6B1/8/8/8/8/4K3 w - - 0 1,white,g6a1,-100.0,-1.0,0,0,14,illegal,piece_movement,
movement_0278,movement_0278,movement,train,synthetic_movement_0278,4k3/8/6B1/8/8/8/8/4K3 w - - 0 1,white,g6c1,-100.0,-1.0,0,0,14,illegal,piece_movement,
movement_0278,movement_0278,movement,train,synthetic_movement_0278,4k3/8/6B1/8/8/8/8/4K3 w - - 0 1,white,g6d1,-100.0,-1.0,0,0,14,illegal,piece_movement,
movement_0278,movement_0278,movement,train,synthetic_movement_0278,4k3/8/6B1/8/8/8/8/4K3 w - - 0 1,white,g6e1,-100.0,-1.0,0,0,14,illegal,piece_movement,
movement_0278,movement_0278,movement,train,synthetic_movement_0278,4k3/8/6B1/8/8/8/8/4K3 w - - 0 1,white,g6f1,-100.0,-1.0,0,0,14,illegal,piece_movement,
movement_0279,movement_0279,movement,train,synthetic_movement_0279,4k3/8/6R1/8/8/8/8/4K3 w - - 0 1,white,g6a6,100.0,1.0,1,1,19,legal,piece_movement,
movement_0279,movement_0279,movement,train,synthetic_movement_0279,4k3/8/6R1/8/8/8/8/4K3 w - - 0 1,white,g6b6,100.0,1.0,1,1,19,legal,piece_movement,
movement_0279,movement_0279,movement,train,synthetic_movement_0279,4k3/8/6R1/8/8/8/8/4K3 w - - 0 1,white,g6c6,100.0,1.0,1,1,19,legal,piece_movement,
movement_0279,movement_0279,movement,train,synthetic_movement_0279,4k3/8/6R1/8/8/8/8/4K3 w - - 0 1,white,g6d6,100.0,1.0,1,1,19,legal,piece_movement,
movement_0279,movement_0279,movement,train,synthetic_movement_0279,4k3/8/6R1/8/8/8/8/4K3 w - - 0 1,white,g6e6,100.0,1.0,1,1,19,legal,piece_movement,
movement_0279,movement_0279,movement,train,synthetic_movement_0279,4k3/8/6R1/8/8/8/8/4K3 w - - 0 1,white,g6a1,-100.0,-1.0,0,0,19,illegal,piece_movement,
movement_0279,movement_0279,movement,train,synthetic_movement_0279,4k3/8/6R1/8/8/8/8/4K3 w - - 0 1,white,g6b1,-100.0,-1.0,0,0,19,illegal,piece_movement,
movement_0279,movement_0279,movement,train,synthetic_movement_0279,4k3/8/6R1/8/8/8/8/4K3 w - - 0 1,white,g6c1,-100.0,-1.0,0,0,19,illegal,piece_movement,
movement_0279,movement_0279,movement,train,synthetic_movement_0279,4k3/8/6R1/8/8/8/8/4K3 w - - 0 1,white,g6d1,-100.0,-1.0,0,0,19,illegal,piece_movement,
movement_0279,movement_0279,movement,train,synthetic_movement_0279,4k3/8/6R1/8/8/8/8/4K3 w - - 0 1,white,g6e1,-100.0,-1.0,0,0,19,illegal,piece_movement,
movement_0280,movement_0280,movement,train,synthetic_movement_0280,4k3/5Q2/8/8/8/8/8/4K3 w - - 0 1,white,f7a2,100.0,1.0,1,1,28,legal,piece_movement,
movement_0280,movement_0280,movement,train,synthetic_movement_0280,4k3/5Q2/8/8/8/8/8/4K3 w - - 0 1,white,f7a7,100.0,1.0,1,1,28,legal,piece_movement,
movement_0280,movement_0280,movement,train,synthetic_movement_0280,4k3/5Q2/8/8/8/8/8/4K3 w - - 0 1,white,f7b3,100.0,1.0,1,1,28,legal,piece_movement,
movement_0280,movement_0280,movement,train,synthetic_movement_0280,4k3/5Q2/8/8/8/8/8/4K3 w - - 0 1,white,f7b7,100.0,1.0,1,1,28,legal,piece_movement,
movement_0280,movement_0280,movement,train,synthetic_movement_0280,4k3/5Q2/8/8/8/8/8/4K3 w - - 0 1,white,f7c4,100.0,1.0,1,1,28,legal,piece_movement,
movement_0280,movement_0280,movement,train,synthetic_movement_0280,4k3/5Q2/8/8/8/8/8/4K3 w - - 0 1,white,f7a1,-100.0,-1.0,0,0,28,illegal,piece_movement,
movement_0280,movement_0280,movement,train,synthetic_movement_0280,4k3/5Q2/8/8/8/8/8/4K3 w - - 0 1,white,f7b1,-100.0,-1.0,0,0,28,illegal,piece_movement,
movement_0280,movement_0280,movement,train,synthetic_movement_0280,4k3/5Q2/8/8/8/8/8/4K3 w - - 0 1,white,f7c1,-100.0,-1.0,0,0,28,illegal,piece_movement,
movement_0280,movement_0280,movement,train,synthetic_movement_0280,4k3/5Q2/8/8/8/8/8/4K3 w - - 0 1,white,f7d1,-100.0,-1.0,0,0,28,illegal,piece_movement,
movement_0280,movement_0280,movement,train,synthetic_movement_0280,4k3/5Q2/8/8/8/8/8/4K3 w - - 0 1,white,f7e1,-100.0,-1.0,0,0,28,illegal,piece_movement,
movement_0281,movement_0281,movement,train,synthetic_movement_0281,4k3/8/8/4K3/8/8/8/4K3 w - - 0 1,white,e5d4,100.0,1.0,1,1,13,legal,piece_movement,
movement_0281,movement_0281,movement,train,synthetic_movement_0281,4k3/8/8/4K3/8/8/8/4K3 w - - 0 1,white,e5d5,100.0,1.0,1,1,13,legal,piece_movement,
movement_0281,movement_0281,movement,train,synthetic_movement_0281,4k3/8/8/4K3/8/8/8/4K3 w - - 0 1,white,e5d6,100.0,1.0,1,1,13,legal,piece_movement,
movement_0281,movement_0281,movement,train,synthetic_movement_0281,4k3/8/8/4K3/8/8/8/4K3 w - - 0 1,white,e5e4,100.0,1.0,1,1,13,legal,piece_movement,
movement_0281,movement_0281,movement,train,synthetic_movement_0281,4k3/8/8/4K3/8/8/8/4K3 w - - 0 1,white,e5e6,100.0,1.0,1,1,13,legal,piece_movement,
movement_0281,movement_0281,movement,train,synthetic_movement_0281,4k3/8/8/4K3/8/8/8/4K3 w - - 0 1,white,e5a1,-100.0,-1.0,0,0,13,illegal,piece_movement,
movement_0281,movement_0281,movement,train,synthetic_movement_0281,4k3/8/8/4K3/8/8/8/4K3 w - - 0 1,white,e5b1,-100.0,-1.0,0,0,13,illegal,piece_movement,
movement_0281,movement_0281,movement,train,synthetic_movement_0281,4k3/8/8/4K3/8/8/8/4K3 w - - 0 1,white,e5c1,-100.0,-1.0,0,0,13,illegal,piece_movement,
movement_0281,movement_0281,movement,train,synthetic_movement_0281,4k3/8/8/4K3/8/8/8/4K3 w - - 0 1,white,e5d1,-100.0,-1.0,0,0,13,illegal,piece_movement,
movement_0281,movement_0281,movement,train,synthetic_movement_0281,4k3/8/8/4K3/8/8/8/4K3 w - - 0 1,white,e5e1,-100.0,-1.0,0,0,13,illegal,piece_movement,
movement_0282,movement_0282,movement,train,synthetic_movement_0282,4k3/8/8/8/8/1p6/8/4K3 b - - 0 1,black,b3b2,100.0,1.0,1,1,6,legal,piece_movement,
movement_0282,movement_0282,movement,train,synthetic_movement_0282,4k3/8/8/8/8/1p6/8/4K3 b - - 0 1,black,b3a1,-100.0,-1.0,0,0,6,illegal,piece_movement,
movement_0282,movement_0282,movement,train,synthetic_movement_0282,4k3/8/8/8/8/1p6/8/4K3 b - - 0 1,black,b3b1,-100.0,-1.0,0,0,6,illegal,piece_movement,
movement_0282,movement_0282,movement,train,synthetic_movement_0282,4k3/8/8/8/8/1p6/8/4K3 b - - 0 1,black,b3c1,-100.0,-1.0,0,0,6,illegal,piece_movement,
movement_0282,movement_0282,movement,train,synthetic_movement_0282,4k3/8/8/8/8/1p6/8/4K3 b - - 0 1,black,b3d1,-100.0,-1.0,0,0,6,illegal,piece_movement,
movement_0282,movement_0282,movement,train,synthetic_movement_0282,4k3/8/8/8/8/1p6/8/4K3 b - - 0 1,black,b3e1,-100.0,-1.0,0,0,6,illegal,piece_movement,
movement_0283,movement_0283,movement,train,synthetic_movement_0283,2n1k3/8/8/8/8/8/8/4K3 b - - 0 1,black,c8a7,100.0,1.0,1,1,9,legal,piece_movement,
movement_0283,movement_0283,movement,train,synthetic_movement_0283,2n1k3/8/8/8/8/8/8/4K3 b - - 0 1,black,c8b6,100.0,1.0,1,1,9,legal,piece_movement,
movement_0283,movement_0283,movement,train,synthetic_movement_0283,2n1k3/8/8/8/8/8/8/4K3 b - - 0 1,black,c8d6,100.0,1.0,1,1,9,legal,piece_movement,
movement_0283,movement_0283,movement,train,synthetic_movement_0283,2n1k3/8/8/8/8/8/8/4K3 b - - 0 1,black,c8e7,100.0,1.0,1,1,9,legal,piece_movement,
movement_0283,movement_0283,movement,train,synthetic_movement_0283,2n1k3/8/8/8/8/8/8/4K3 b - - 0 1,black,c8a1,-100.0,-1.0,0,0,9,illegal,piece_movement,
movement_0283,movement_0283,movement,train,synthetic_movement_0283,2n1k3/8/8/8/8/8/8/4K3 b - - 0 1,black,c8b1,-100.0,-1.0,0,0,9,illegal,piece_movement,
movement_0283,movement_0283,movement,train,synthetic_movement_0283,2n1k3/8/8/8/8/8/8/4K3 b - - 0 1,black,c8c1,-100.0,-1.0,0,0,9,illegal,piece_movement,
movement_0283,movement_0283,movement,train,synthetic_movement_0283,2n1k3/8/8/8/8/8/8/4K3 b - - 0 1,black,c8d1,-100.0,-1.0,0,0,9,illegal,piece_movement,
movement_0283,movement_0283,movement,train,synthetic_movement_0283,2n1k3/8/8/8/8/8/8/4K3 b - - 0 1,black,c8e1,-100.0,-1.0,0,0,9,illegal,piece_movement,
movement_0284,movement_0284,movement,train,synthetic_movement_0284,4k3/2b5/8/8/8/8/8/4K3 b - - 0 1,black,c7a5,100.0,1.0,1,1,14,legal,piece_movement,
movement_0284,movement_0284,movement,train,synthetic_movement_0284,4k3/2b5/8/8/8/8/8/4K3 b - - 0 1,black,c7b6,100.0,1.0,1,1,14,legal,piece_movement,
movement_0284,movement_0284,movement,train,synthetic_movement_0284,4k3/2b5/8/8/8/8/8/4K3 b - - 0 1,black,c7b8,100.0,1.0,1,1,14,legal,piece_movement,
movement_0284,movement_0284,movement,train,synthetic_movement_0284,4k3/2b5/8/8/8/8/8/4K3 b - - 0 1,black,c7d6,100.0,1.0,1,1,14,legal,piece_movement,
movement_0284,movement_0284,movement,train,synthetic_movement_0284,4k3/2b5/8/8/8/8/8/4K3 b - - 0 1,black,c7d8,100.0,1.0,1,1,14,legal,piece_movement,
movement_0284,movement_0284,movement,train,synthetic_movement_0284,4k3/2b5/8/8/8/8/8/4K3 b - - 0 1,black,c7a1,-100.0,-1.0,0,0,14,illegal,piece_movement,
movement_0284,movement_0284,movement,train,synthetic_movement_0284,4k3/2b5/8/8/8/8/8/4K3 b - - 0 1,black,c7b1,-100.0,-1.0,0,0,14,illegal,piece_movement,
movement_0284,movement_0284,movement,train,synthetic_movement_0284,4k3/2b5/8/8/8/8/8/4K3 b - - 0 1,black,c7c1,-100.0,-1.0,0,0,14,illegal,piece_movement,
movement_0284,movement_0284,movement,train,synthetic_movement_0284,4k3/2b5/8/8/8/8/8/4K3 b - - 0 1,black,c7d1,-100.0,-1.0,0,0,14,illegal,piece_movement,
movement_0284,movement_0284,movement,train,synthetic_movement_0284,4k3/2b5/8/8/8/8/8/4K3 b - - 0 1,black,c7e1,-100.0,-1.0,0,0,14,illegal,piece_movement,
movement_0285,movement_0285,movement,train,synthetic_movement_0285,4k3/8/8/8/8/8/5r2/4K3 b - - 0 1,black,f2a2,100.0,1.0,1,1,19,legal,piece_movement,
movement_0285,movement_0285,movement,train,synthetic_movement_0285,4k3/8/8/8/8/8/5r2/4K3 b - - 0 1,black,f2b2,100.0,1.0,1,1,19,legal,piece_movement,
movement_0285,movement_0285,movement,train,synthetic_movement_0285,4k3/8/8/8/8/8/5r2/4K3 b - - 0 1,black,f2c2,100.0,1.0,1,1,19,legal,piece_movement,
movement_0285,movement_0285,movement,train,synthetic_movement_0285,4k3/8/8/8/8/8/5r2/4K3 b - - 0 1,black,f2d2,100.0,1.0,1,1,19,legal,piece_movement,
movement_0285,movement_0285,movement,train,synthetic_movement_0285,4k3/8/8/8/8/8/5r2/4K3 b - - 0 1,black,f2e2,100.0,1.0,1,1,19,legal,piece_movement,
movement_0285,movement_0285,movement,train,synthetic_movement_0285,4k3/8/8/8/8/8/5r2/4K3 b - - 0 1,black,f2a1,-100.0,-1.0,0,0,19,illegal,piece_movement,
movement_0285,movement_0285,movement,train,synthetic_movement_0285,4k3/8/8/8/8/8/5r2/4K3 b - - 0 1,black,f2b1,-100.0,-1.0,0,0,19,illegal,piece_movement,
movement_0285,movement_0285,movement,train,synthetic_movement_0285,4k3/8/8/8/8/8/5r2/4K3 b - - 0 1,black,f2c1,-100.0,-1.0,0,0,19,illegal,piece_movement,
movement_0285,movement_0285,movement,train,synthetic_movement_0285,4k3/8/8/8/8/8/5r2/4K3 b - - 0 1,black,f2d1,-100.0,-1.0,0,0,19,illegal,piece_movement,
movement_0285,movement_0285,movement,train,synthetic_movement_0285,4k3/8/8/8/8/8/5r2/4K3 b - - 0 1,black,f2e1,-100.0,-1.0,0,0,19,illegal,piece_movement,
movement_0286,movement_0286,movement,train,synthetic_movement_0286,4k3/8/8/8/8/8/4q3/4K3 b - - 0 1,black,e2a2,100.0,1.0,1,1,27,legal,piece_movement,
movement_0286,movement_0286,movement,train,synthetic_movement_0286,4k3/8/8/8/8/8/4q3/4K3 b - - 0 1,black,e2a6,100.0,1.0,1,1,27,legal,piece_movement,
movement_0286,movement_0286,movement,train,synthetic_movement_0286,4k3/8/8/8/8/8/4q3/4K3 b - - 0 1,black,e2b2,100.0,1.0,1,1,27,legal,piece_movement,
movement_0286,movement_0286,movement,train,synthetic_movement_0286,4k3/8/8/8/8/8/4q3/4K3 b - - 0 1,black,e2b5,100.0,1.0,1,1,27,legal,piece_movement,
movement_0286,movement_0286,movement,train,synthetic_movement_0286,4k3/8/8/8/8/8/4q3/4K3 b - - 0 1,black,e2c2,100.0,1.0,1,1,27,legal,piece_movement,
movement_0286,movement_0286,movement,train,synthetic_movement_0286,4k3/8/8/8/8/8/4q3/4K3 b - - 0 1,black,e2a1,-100.0,-1.0,0,0,27,illegal,piece_movement,
movement_0286,movement_0286,movement,train,synthetic_movement_0286,4k3/8/8/8/8/8/4q3/4K3 b - - 0 1,black,e2b1,-100.0,-1.0,0,0,27,illegal,piece_movement,
movement_0286,movement_0286,movement,train,synthetic_movement_0286,4k3/8/8/8/8/8/4q3/4K3 b - - 0 1,black,e2c1,-100.0,-1.0,0,0,27,illegal,piece_movement,
movement_0286,movement_0286,movement,train,synthetic_movement_0286,4k3/8/8/8/8/8/4q3/4K3 b - - 0 1,black,e2g1,-100.0,-1.0,0,0,27,illegal,piece_movement,
movement_0286,movement_0286,movement,train,synthetic_movement_0286,4k3/8/8/8/8/8/4q3/4K3 b - - 0 1,black,e2h1,-100.0,-1.0,0,0,27,illegal,piece_movement,
movement_0287,movement_0287,movement,train,synthetic_movement_0287,k3k3/8/8/8/8/8/8/4K3 b - - 0 1,black,a8a7,100.0,1.0,1,1,8,legal,piece_movement,
movement_0287,movement_0287,movement,train,synthetic_movement_0287,k3k3/8/8/8/8/8/8/4K3 b - - 0 1,black,a8b7,100.0,1.0,1,1,8,legal,piece_movement,
movement_0287,movement_0287,movement,train,synthetic_movement_0287,k3k3/8/8/8/8/8/8/4K3 b - - 0 1,black,a8b8,100.0,1.0,1,1,8,legal,piece_movement,
movement_0287,movement_0287,movement,train,synthetic_movement_0287,k3k3/8/8/8/8/8/8/4K3 b - - 0 1,black,a8a1,-100.0,-1.0,0,0,8,illegal,piece_movement,
movement_0287,movement_0287,movement,train,synthetic_movement_0287,k3k3/8/8/8/8/8/8/4K3 b - - 0 1,black,a8b1,-100.0,-1.0,0,0,8,illegal,piece_movement,
movement_0287,movement_0287,movement,train,synthetic_movement_0287,k3k3/8/8/8/8/8/8/4K3 b - - 0 1,black,a8c1,-100.0,-1.0,0,0,8,illegal,piece_movement,
movement_0287,movement_0287,movement,train,synthetic_movement_0287,k3k3/8/8/8/8/8/8/4K3 b - - 0 1,black,a8d1,-100.0,-1.0,0,0,8,illegal,piece_movement,
movement_0287,movement_0287,movement,train,synthetic_movement_0287,k3k3/8/8/8/8/8/8/4K3 b - - 0 1,black,a8e1,-100.0,-1.0,0,0,8,illegal,piece_movement,
movement_0288,movement_0288,movement,train,synthetic_movement_0288,4k3/8/8/8/8/2P5/8/4K3 w - - 0 1,white,c3c4,100.0,1.0,1,1,6,legal,piece_movement,
movement_0288,movement_0288,movement,train,synthetic_movement_0288,4k3/8/8/8/8/2P5/8/4K3 w - - 0 1,white,c3a1,-100.0,-1.0,0,0,6,illegal,piece_movement,
movement_0288,movement_0288,movement,train,synthetic_movement_0288,4k3/8/8/8/8/2P5/8/4K3 w - - 0 1,white,c3b1,-100.0,-1.0,0,0,6,illegal,piece_movement,
movement_0288,movement_0288,movement,train,synthetic_movement_0288,4k3/8/8/8/8/2P5/8/4K3 w - - 0 1,white,c3c1,-100.0,-1.0,0,0,6,illegal,piece_movement,
movement_0288,movement_0288,movement,train,synthetic_movement_0288,4k3/8/8/8/8/2P5/8/4K3 w - - 0 1,white,c3d1,-100.0,-1.0,0,0,6,illegal,piece_movement,
movement_0288,movement_0288,movement,train,synthetic_movement_0288,4k3/8/8/8/8/2P5/8/4K3 w - - 0 1,white,c3e1,-100.0,-1.0,0,0,6,illegal,piece_movement,
movement_0289,movement_0289,movement,train,synthetic_movement_0289,4k3/8/N7/8/8/8/8/4K3 w - - 0 1,white,a6b4,100.0,1.0,1,1,9,legal,piece_movement,
movement_0289,movement_0289,movement,train,synthetic_movement_0289,4k3/8/N7/8/8/8/8/4K3 w - - 0 1,white,a6b8,100.0,1.0,1,1,9,legal,piece_movement,
movement_0289,movement_0289,movement,train,synthetic_movement_0289,4k3/8/N7/8/8/8/8/4K3 w - - 0 1,white,a6c5,100.0,1.0,1,1,9,legal,piece_movement,
movement_0289,movement_0289,movement,train,synthetic_movement_0289,4k3/8/N7/8/8/8/8/4K3 w - - 0 1,white,a6c7,100.0,1.0,1,1,9,legal,piece_movement,
movement_0289,movement_0289,movement,train,synthetic_movement_0289,4k3/8/N7/8/8/8/8/4K3 w - - 0 1,white,a6a1,-100.0,-1.0,0,0,9,illegal,piece_movement,
movement_0289,movement_0289,movement,train,synthetic_movement_0289,4k3/8/N7/8/8/8/8/4K3 w - - 0 1,white,a6b1,-100.0,-1.0,0,0,9,illegal,piece_movement,
movement_0289,movement_0289,movement,train,synthetic_movement_0289,4k3/8/N7/8/8/8/8/4K3 w - - 0 1,white,a6c1,-100.0,-1.0,0,0,9,illegal,piece_movement,
movement_0289,movement_0289,movement,train,synthetic_movement_0289,4k3/8/N7/8/8/8/8/4K3 w - - 0 1,white,a6d1,-100.0,-1.0,0,0,9,illegal,piece_movement,
movement_0289,movement_0289,movement,train,synthetic_movement_0289,4k3/8/N7/8/8/8/8/4K3 w - - 0 1,white,a6e1,-100.0,-1.0,0,0,9,illegal,piece_movement,
movement_0290,movement_0290,movement,train,synthetic_movement_0290,4k3/8/8/8/8/3B4/8/4K3 w - - 0 1,white,d3a6,100.0,1.0,1,1,16,legal,piece_movement,
movement_0290,movement_0290,movement,train,synthetic_movement_0290,4k3/8/8/8/8/3B4/8/4K3 w - - 0 1,white,d3b1,100.0,1.0,1,1,16,legal,piece_movement,
movement_0290,movement_0290,movement,train,synthetic_movement_0290,4k3/8/8/8/8/3B4/8/4K3 w - - 0 1,white,d3b5,100.0,1.0,1,1,16,legal,piece_movement,
movement_0290,movement_0290,movement,train,synthetic_movement_0290,4k3/8/8/8/8/3B4/8/4K3 w - - 0 1,white,d3c2,100.0,1.0,1,1,16,legal,piece_movement,
movement_0290,movement_0290,movement,train,synthetic_movement_0290,4k3/8/8/8/8/3B4/8/4K3 w - - 0 1,white,d3c4,100.0,1.0,1,1,16,legal,piece_movement,
movement_0290,movement_0290,movement,train,synthetic_movement_0290,4k3/8/8/8/8/3B4/8/4K3 w - - 0 1,white,d3a1,-100.0,-1.0,0,0,16,illegal,piece_movement,
movement_0290,movement_0290,movement,train,synthetic_movement_0290,4k3/8/8/8/8/3B4/8/4K3 w - - 0 1,white,d3c1,-100.0,-1.0,0,0,16,illegal,piece_movement,
movement_0290,movement_0290,movement,train,synthetic_movement_0290,4k3/8/8/8/8/3B4/8/4K3 w - - 0 1,white,d3d1,-100.0,-1.0,0,0,16,illegal,piece_movement,
movement_0290,movement_0290,movement,train,synthetic_movement_0290,4k3/8/8/8/8/3B4/8/4K3 w - - 0 1,white,d3e1,-100.0,-1.0,0,0,16,illegal,piece_movement,
movement_0290,movement_0290,movement,train,synthetic_movement_0290,4k3/8/8/8/8/3B4/8/4K3 w - - 0 1,white,d3g1,-100.0,-1.0,0,0,16,illegal,piece_movement,
movement_0291,movement_0291,movement,train,synthetic_movement_0291,4k3/8/8/8/6R1/8/8/4K3 w - - 0 1,white,g4a4,100.0,1.0,1,1,19,legal,piece_movement,
movement_0291,movement_0291,movement,train,synthetic_movement_0291,4k3/8/8/8/6R1/8/8/4K3 w - - 0 1,white,g4b4,100.0,1.0,1,1,19,legal,piece_movement,
movement_0291,movement_0291,movement,train,synthetic_movement_0291,4k3/8/8/8/6R1/8/8/4K3 w - - 0 1,white,g4c4,100.0,1.0,1,1,19,legal,piece_movement,
movement_0291,movement_0291,movement,train,synthetic_movement_0291,4k3/8/8/8/6R1/8/8/4K3 w - - 0 1,white,g4d4,100.0,1.0,1,1,19,legal,piece_movement,
movement_0291,movement_0291,movement,train,synthetic_movement_0291,4k3/8/8/8/6R1/8/8/4K3 w - - 0 1,white,g4e4,100.0,1.0,1,1,19,legal,piece_movement,
movement_0291,movement_0291,movement,train,synthetic_movement_0291,4k3/8/8/8/6R1/8/8/4K3 w - - 0 1,white,g4a1,-100.0,-1.0,0,0,19,illegal,piece_movement,
movement_0291,movement_0291,movement,train,synthetic_movement_0291,4k3/8/8/8/6R1/8/8/4K3 w - - 0 1,white,g4b1,-100.0,-1.0,0,0,19,illegal,piece_movement,
movement_0291,movement_0291,movement,train,synthetic_movement_0291,4k3/8/8/8/6R1/8/8/4K3 w - - 0 1,white,g4c1,-100.0,-1.0,0,0,19,illegal,piece_movement,
movement_0291,movement_0291,movement,train,synthetic_movement_0291,4k3/8/8/8/6R1/8/8/4K3 w - - 0 1,white,g4d1,-100.0,-1.0,0,0,19,illegal,piece_movement,
movement_0291,movement_0291,movement,train,synthetic_movement_0291,4k3/8/8/8/6R1/8/8/4K3 w - - 0 1,white,g4e1,-100.0,-1.0,0,0,19,illegal,piece_movement,
movement_0292,movement_0292,movement,train,synthetic_movement_0292,4k3/8/8/6Q1/8/8/8/4K3 w - - 0 1,white,g5a5,100.0,1.0,1,1,28,legal,piece_movement,
movement_0292,movement_0292,movement,train,synthetic_movement_0292,4k3/8/8/6Q1/8/8/8/4K3 w - - 0 1,white,g5b5,100.0,1.0,1,1,28,legal,piece_movement,
movement_0292,movement_0292,movement,train,synthetic_movement_0292,4k3/8/8/6Q1/8/8/8/4K3 w - - 0 1,white,g5c1,100.0,1.0,1,1,28,legal,piece_movement,
movement_0292,movement_0292,movement,train,synthetic_movement_0292,4k3/8/8/6Q1/8/8/8/4K3 w - - 0 1,white,g5c5,100.0,1.0,1,1,28,legal,piece_movement,
movement_0292,movement_0292,movement,train,synthetic_movement_0292,4k3/8/8/6Q1/8/8/8/4K3 w - - 0 1,white,g5d2,100.0,1.0,1,1,28,legal,piece_movement,
movement_0292,movement_0292,movement,train,synthetic_movement_0292,4k3/8/8/6Q1/8/8/8/4K3 w - - 0 1,white,g5a1,-100.0,-1.0,0,0,28,illegal,piece_movement,
movement_0292,movement_0292,movement,train,synthetic_movement_0292,4k3/8/8/6Q1/8/8/8/4K3 w - - 0 1,white,g5b1,-100.0,-1.0,0,0,28,illegal,piece_movement,
movement_0292,movement_0292,movement,train,synthetic_movement_0292,4k3/8/8/6Q1/8/8/8/4K3 w - - 0 1,white,g5d1,-100.0,-1.0,0,0,28,illegal,piece_movement,
movement_0292,movement_0292,movement,train,synthetic_movement_0292,4k3/8/8/6Q1/8/8/8/4K3 w - - 0 1,white,g5e1,-100.0,-1.0,0,0,28,illegal,piece_movement,
movement_0292,movement_0292,movement,train,synthetic_movement_0292,4k3/8/8/6Q1/8/8/8/4K3 w - - 0 1,white,g5f1,-100.0,-1.0,0,0,28,illegal,piece_movement,
movement_0293,movement_0293,movement,train,synthetic_movement_0293,4k3/8/8/8/5K2/8/8/4K3 w - - 0 1,white,f4e3,100.0,1.0,1,1,13,legal,piece_movement,
movement_0293,movement_0293,movement,train,synthetic_movement_0293,4k3/8/8/8/5K2/8/8/4K3 w - - 0 1,white,f4e4,100.0,1.0,1,1,13,legal,piece_movement,
movement_0293,movement_0293,movement,train,synthetic_movement_0293,4k3/8/8/8/5K2/8/8/4K3 w - - 0 1,white,f4e5,100.0,1.0,1,1,13,legal,piece_movement,
movement_0293,movement_0293,movement,train,synthetic_movement_0293,4k3/8/8/8/5K2/8/8/4K3 w - - 0 1,white,f4f3,100.0,1.0,1,1,13,legal,piece_movement,
movement_0293,movement_0293,movement,train,synthetic_movement_0293,4k3/8/8/8/5K2/8/8/4K3 w - - 0 1,white,f4f5,100.0,1.0,1,1,13,legal,piece_movement,
movement_0293,movement_0293,movement,train,synthetic_movement_0293,4k3/8/8/8/5K2/8/8/4K3 w - - 0 1,white,f4a1,-100.0,-1.0,0,0,13,illegal,piece_movement,
movement_0293,movement_0293,movement,train,synthetic_movement_0293,4k3/8/8/8/5K2/8/8/4K3 w - - 0 1,white,f4b1,-100.0,-1.0,0,0,13,illegal,piece_movement,
movement_0293,movement_0293,movement,train,synthetic_movement_0293,4k3/8/8/8/5K2/8/8/4K3 w - - 0 1,white,f4c1,-100.0,-1.0,0,0,13,illegal,piece_movement,
movement_0293,movement_0293,movement,train,synthetic_movement_0293,4k3/8/8/8/5K2/8/8/4K3 w - - 0 1,white,f4d1,-100.0,-1.0,0,0,13,illegal,piece_movement,
movement_0293,movement_0293,movement,train,synthetic_movement_0293,4k3/8/8/8/5K2/8/8/4K3 w - - 0 1,white,f4e1,-100.0,-1.0,0,0,13,illegal,piece_movement,
movement_0294,movement_0294,movement,train,synthetic_movement_0294,4k3/8/8/8/8/3p4/8/4K3 b - - 0 1,black,d3d2,100.0,1.0,1,1,6,legal,piece_movement,
movement_0294,movement_0294,movement,train,synthetic_movement_0294,4k3/8/8/8/8/3p4/8/4K3 b - - 0 1,black,d3a1,-100.0,-1.0,0,0,6,illegal,piece_movement,
movement_0294,movement_0294,movement,train,synthetic_movement_0294,4k3/8/8/8/8/3p4/8/4K3 b - - 0 1,black,d3b1,-100.0,-1.0,0,0,6,illegal,piece_movement,
movement_0294,movement_0294,movement,train,synthetic_movement_0294,4k3/8/8/8/8/3p4/8/4K3 b - - 0 1,black,d3c1,-100.0,-1.0,0,0,6,illegal,piece_movement,
movement_0294,movement_0294,movement,train,synthetic_movement_0294,4k3/8/8/8/8/3p4/8/4K3 b - - 0 1,black,d3d1,-100.0,-1.0,0,0,6,illegal,piece_movement,
movement_0294,movement_0294,movement,train,synthetic_movement_0294,4k3/8/8/8/8/3p4/8/4K3 b - - 0 1,black,d3e1,-100.0,-1.0,0,0,6,illegal,piece_movement,
movement_0295,movement_0295,movement,train,synthetic_movement_0295,4k3/8/8/8/n7/8/8/4K3 b - - 0 1,black,a4b2,100.0,1.0,1,1,9,legal,piece_movement,
movement_0295,movement_0295,movement,train,synthetic_movement_0295,4k3/8/8/8/n7/8/8/4K3 b - - 0 1,black,a4b6,100.0,1.0,1,1,9,legal,piece_movement,
movement_0295,movement_0295,movement,train,synthetic_movement_0295,4k3/8/8/8/n7/8/8/4K3 b - - 0 1,black,a4c3,100.0,1.0,1,1,9,legal,piece_movement,
movement_0295,movement_0295,movement,train,synthetic_movement_0295,4k3/8/8/8/n7/8/8/4K3 b - - 0 1,black,a4c5,100.0,1.0,1,1,9,legal,piece_movement,
movement_0295,movement_0295,movement,train,synthetic_movement_0295,4k3/8/8/8/n7/8/8/4K3 b - - 0 1,black,a4a1,-100.0,-1.0,0,0,9,illegal,piece_movement,
movement_0295,movement_0295,movement,train,synthetic_movement_0295,4k3/8/8/8/n7/8/8/4K3 b - - 0 1,black,a4b1,-100.0,-1.0,0,0,9,illegal,piece_movement,
movement_0295,movement_0295,movement,train,synthetic_movement_0295,4k3/8/8/8/n7/8/8/4K3 b - - 0 1,black,a4c1,-100.0,-1.0,0,0,9,illegal,piece_movement,
movement_0295,movement_0295,movement,train,synthetic_movement_0295,4k3/8/8/8/n7/8/8/4K3 b - - 0 1,black,a4d1,-100.0,-1.0,0,0,9,illegal,piece_movement,
movement_0295,movement_0295,movement,train,synthetic_movement_0295,4k3/8/8/8/n7/8/8/4K3 b - - 0 1,black,a4e1,-100.0,-1.0,0,0,9,illegal,piece_movement,
movement_0296,movement_0296,movement,train,synthetic_movement_0296,4k3/8/8/8/8/1b6/8/4K3 b - - 0 1,black,b3a2,100.0,1.0,1,1,14,legal,piece_movement,
movement_0296,movement_0296,movement,train,synthetic_movement_0296,4k3/8/8/8/8/1b6/8/4K3 b - - 0 1,black,b3a4,100.0,1.0,1,1,14,legal,piece_movement,
movement_0296,movement_0296,movement,train,synthetic_movement_0296,4k3/8/8/8/8/1b6/8/4K3 b - - 0 1,black,b3c2,100.0,1.0,1,1,14,legal,piece_movement,
movement_0296,movement_0296,movement,train,synthetic_movement_0296,4k3/8/8/8/8/1b6/8/4K3 b - - 0 1,black,b3c4,100.0,1.0,1,1,14,legal,piece_movement,
movement_0296,movement_0296,movement,train,synthetic_movement_0296,4k3/8/8/8/8/1b6/8/4K3 b - - 0 1,black,b3d1,100.0,1.0,1,1,14,legal,piece_movement,
movement_0296,movement_0296,movement,train,synthetic_movement_0296,4k3/8/8/8/8/1b6/8/4K3 b - - 0 1,black,b3a1,-100.0,-1.0,0,0,14,illegal,piece_movement,
movement_0296,movement_0296,movement,train,synthetic_movement_0296,4k3/8/8/8/8/1b6/8/4K3 b - - 0 1,black,b3b1,-100.0,-1.0,0,0,14,illegal,piece_movement,
movement_0296,movement_0296,movement,train,synthetic_movement_0296,4k3/8/8/8/8/1b6/8/4K3 b - - 0 1,black,b3c1,-100.0,-1.0,0,0,14,illegal,piece_movement,
movement_0296,movement_0296,movement,train,synthetic_movement_0296,4k3/8/8/8/8/1b6/8/4K3 b - - 0 1,black,b3e1,-100.0,-1.0,0,0,14,illegal,piece_movement,
movement_0296,movement_0296,movement,train,synthetic_movement_0296,4k3/8/8/8/8/1b6/8/4K3 b - - 0 1,black,b3f1,-100.0,-1.0,0,0,14,illegal,piece_movement,
movement_0297,movement_0297,movement,train,synthetic_movement_0297,4k1r1/8/8/8/8/8/8/4K3 b - - 0 1,black,g8f8,100.0,1.0,1,1,14,legal,piece_movement,
movement_0297,movement_0297,movement,train,synthetic_movement_0297,4k1r1/8/8/8/8/8/8/4K3 b - - 0 1,black,g8g1,100.0,1.0,1,1,14,legal,piece_movement,
movement_0297,movement_0297,movement,train,synthetic_movement_0297,4k1r1/8/8/8/8/8/8/4K3 b - - 0 1,black,g8g2,100.0,1.0,1,1,14,legal,piece_movement,
movement_0297,movement_0297,movement,train,synthetic_movement_0297,4k1r1/8/8/8/8/8/8/4K3 b - - 0 1,black,g8g3,100.0,1.0,1,1,14,legal,piece_movement,
movement_0297,movement_0297,movement,train,synthetic_movement_0297,4k1r1/8/8/8/8/8/8/4K3 b - - 0 1,black,g8g4,100.0,1.0,1,1,14,legal,piece_movement,
movement_0297,movement_0297,movement,train,synthetic_movement_0297,4k1r1/8/8/8/8/8/8/4K3 b - - 0 1,black,g8a1,-100.0,-1.0,0,0,14,illegal,piece_movement,
movement_0297,movement_0297,movement,train,synthetic_movement_0297,4k1r1/8/8/8/8/8/8/4K3 b - - 0 1,black,g8b1,-100.0,-1.0,0,0,14,illegal,piece_movement,
movement_0297,movement_0297,movement,train,synthetic_movement_0297,4k1r1/8/8/8/8/8/8/4K3 b - - 0 1,black,g8c1,-100.0,-1.0,0,0,14,illegal,piece_movement,
movement_0297,movement_0297,movement,train,synthetic_movement_0297,4k1r1/8/8/8/8/8/8/4K3 b - - 0 1,black,g8d1,-100.0,-1.0,0,0,14,illegal,piece_movement,
movement_0297,movement_0297,movement,train,synthetic_movement_0297,4k1r1/8/8/8/8/8/8/4K3 b - - 0 1,black,g8e1,-100.0,-1.0,0,0,14,illegal,piece_movement,
movement_0298,movement_0298,movement,train,synthetic_movement_0298,4k3/8/8/8/8/8/7q/4K3 b - - 0 1,black,h2a2,100.0,1.0,1,1,26,legal,piece_movement,
movement_0298,movement_0298,movement,train,synthetic_movement_0298,4k3/8/8/8/8/8/7q/4K3 b - - 0 1,black,h2b2,100.0,1.0,1,1,26,legal,piece_movement,
movement_0298,movement_0298,movement,train,synthetic_movement_0298,4k3/8/8/8/8/8/7q/4K3 b - - 0 1,black,h2b8,100.0,1.0,1,1,26,legal,piece_movement,
movement_0298,movement_0298,movement,train,synthetic_movement_0298,4k3/8/8/8/8/8/7q/4K3 b - - 0 1,black,h2c2,100.0,1.0,1,1,26,legal,piece_movement,
movement_0298,movement_0298,movement,train,synthetic_movement_0298,4k3/8/8/8/8/8/7q/4K3 b - - 0 1,black,h2c7,100.0,1.0,1,1,26,legal,piece_movement,
movement_0298,movement_0298,movement,train,synthetic_movement_0298,4k3/8/8/8/8/8/7q/4K3 b - - 0 1,black,h2a1,-100.0,-1.0,0,0,26,illegal,piece_movement,
movement_0298,movement_0298,movement,train,synthetic_movement_0298,4k3/8/8/8/8/8/7q/4K3 b - - 0 1,black,h2b1,-100.0,-1.0,0,0,26,illegal,piece_movement,
movement_0298,movement_0298,movement,train,synthetic_movement_0298,4k3/8/8/8/8/8/7q/4K3 b - - 0 1,black,h2c1,-100.0,-1.0,0,0,26,illegal,piece_movement,
movement_0298,movement_0298,movement,train,synthetic_movement_0298,4k3/8/8/8/8/8/7q/4K3 b - - 0 1,black,h2d1,-100.0,-1.0,0,0,26,illegal,piece_movement,
movement_0298,movement_0298,movement,train,synthetic_movement_0298,4k3/8/8/8/8/8/7q/4K3 b - - 0 1,black,h2e1,-100.0,-1.0,0,0,26,illegal,piece_movement,
movement_0299,movement_0299,movement,train,synthetic_movement_0299,4k3/4k3/8/8/8/8/8/4K3 b - - 0 1,black,e7d6,100.0,1.0,1,1,11,legal,piece_movement,
movement_0299,movement_0299,movement,train,synthetic_movement_0299,4k3/4k3/8/8/8/8/8/4K3 b - - 0 1,black,e7d7,100.0,1.0,1,1,11,legal,piece_movement,
movement_0299,movement_0299,movement,train,synthetic_movement_0299,4k3/4k3/8/8/8/8/8/4K3 b - - 0 1,black,e7d8,100.0,1.0,1,1,11,legal,piece_movement,
movement_0299,movement_0299,movement,train,synthetic_movement_0299,4k3/4k3/8/8/8/8/8/4K3 b - - 0 1,black,e7e6,100.0,1.0,1,1,11,legal,piece_movement,
movement_0299,movement_0299,movement,train,synthetic_movement_0299,4k3/4k3/8/8/8/8/8/4K3 b - - 0 1,black,e7f6,100.0,1.0,1,1,11,legal,piece_movement,
movement_0299,movement_0299,movement,train,synthetic_movement_0299,4k3/4k3/8/8/8/8/8/4K3 b - - 0 1,black,e7a1,-100.0,-1.0,0,0,11,illegal,piece_movement,
movement_0299,movement_0299,movement,train,synthetic_movement_0299,4k3/4k3/8/8/8/8/8/4K3 b - - 0 1,black,e7b1,-100.0,-1.0,0,0,11,illegal,piece_movement,
movement_0299,movement_0299,movement,train,synthetic_movement_0299,4k3/4k3/8/8/8/8/8/4K3 b - - 0 1,black,e7c1,-100.0,-1.0,0,0,11,illegal,piece_movement,
movement_0299,movement_0299,movement,train,synthetic_movement_0299,4k3/4k3/8/8/8/8/8/4K3 b - - 0 1,black,e7d1,-100.0,-1.0,0,0,11,illegal,piece_movement,
movement_0299,movement_0299,movement,train,synthetic_movement_0299,4k3/4k3/8/8/8/8/8/4K3 b - - 0 1,black,e7e1,-100.0,-1.0,0,0,11,illegal,piece_movement,
movement_0300,movement_0300,movement,train,synthetic_movement_0300,4k3/8/8/8/8/8/3P4/4K3 w - - 0 1,white,d2d3,100.0,1.0,1,1,6,legal,piece_movement,
movement_0300,movement_0300,movement,train,synthetic_movement_0300,4k3/8/8/8/8/8/3P4/4K3 w - - 0 1,white,d2d4,100.0,1.0,1,1,6,legal,piece_movement,
movement_0300,movement_0300,movement,train,synthetic_movement_0300,4k3/8/8/8/8/8/3P4/4K3 w - - 0 1,white,d2a1,-100.0,-1.0,0,0,6,illegal,piece_movement,
movement_0300,movement_0300,movement,train,synthetic_movement_0300,4k3/8/8/8/8/8/3P4/4K3 w - - 0 1,white,d2b1,-100.0,-1.0,0,0,6,illegal,piece_movement,
movement_0300,movement_0300,movement,train,synthetic_movement_0300,4k3/8/8/8/8/8/3P4/4K3 w - - 0 1,white,d2c1,-100.0,-1.0,0,0,6,illegal,piece_movement,
movement_0300,movement_0300,movement,train,synthetic_movement_0300,4k3/8/8/8/8/8/3P4/4K3 w - - 0 1,white,d2d1,-100.0,-1.0,0,0,6,illegal,piece_movement,
movement_0300,movement_0300,movement,train,synthetic_movement_0300,4k3/8/8/8/8/8/3P4/4K3 w - - 0 1,white,d2e1,-100.0,-1.0,0,0,6,illegal,piece_movement,
movement_0301,movement_0301,movement,train,synthetic_movement_0301,4k3/8/6N1/8/8/8/8/4K3 w - - 0 1,white,g6e5,100.0,1.0,1,1,11,legal,piece_movement,
movement_0301,movement_0301,movement,train,synthetic_movement_0301,4k3/8/6N1/8/8/8/8/4K3 w - - 0 1,white,g6e7,100.0,1.0,1,1,11,legal,piece_movement,
movement_0301,movement_0301,movement,train,synthetic_movement_0301,4k3/8/6N1/8/8/8/8/4K3 w - - 0 1,white,g6f4,100.0,1.0,1,1,11,legal,piece_movement,
movement_0301,movement_0301,movement,train,synthetic_movement_0301,4k3/8/6N1/8/8/8/8/4K3 w - - 0 1,white,g6f8,100.0,1.0,1,1,11,legal,piece_movement,
movement_0301,movement_0301,movement,train,synthetic_movement_0301,4k3/8/6N1/8/8/8/8/4K3 w - - 0 1,white,g6h4,100.0,1.0,1,1,11,legal,piece_movement,
movement_0301,movement_0301,movement,train,synthetic_movement_0301,4k3/8/6N1/8/8/8/8/4K3 w - - 0 1,white,g6a1,-100.0,-1.0,0,0,11,illegal,piece_movement,
movement_0301,movement_0301,movement,train,synthetic_movement_0301,4k3/8/6N1/8/8/8/8/4K3 w - - 0 1,white,g6b1,-100.0,-1.0,0,0,11,illegal,piece_movement,
movement_0301,movement_0301,movement,train,synthetic_movement_0301,4k3/8/6N1/8/8/8/8/4K3 w - - 0 1,white,g6c1,-100.0,-1.0,0,0,11,illegal,piece_movement,
movement_0301,movement_0301,movement,train,synthetic_movement_0301,4k3/8/6N1/8/8/8/8/4K3 w - - 0 1,white,g6d1,-100.0,-1.0,0,0,11,illegal,piece_movement,
movement_0301,movement_0301,movement,train,synthetic_movement_0301,4k3/8/6N1/8/8/8/8/4K3 w - - 0 1,white,g6e1,-100.0,-1.0,0,0,11,illegal,piece_movement,
movement_0302,movement_0302,movement,train,synthetic_movement_0302,4k3/8/8/8/8/5B2/8/4K3 w - - 0 1,white,f3a8,100.0,1.0,1,1,16,legal,piece_movement,
movement_0302,movement_0302,movement,train,synthetic_movement_0302,4k3/8/8/8/8/5B2/8/4K3 w - - 0 1,white,f3b7,100.0,1.0,1,1,16,legal,piece_movement,
movement_0302,movement_0302,movement,train,synthetic_movement_0302,4k3/8/8/8/8/5B2/8/4K3 w - - 0 1,white,f3c6,100.0,1.0,1,1,16,legal,piece_movement,
movement_0302,movement_0302,movement,train,synthetic_movement_0302,4k3/8/8/8/8/5B2/8/4K3 w - - 0 1,white,f3d1,100.0,1.0,1,1,16,legal,piece_movement,
movement_0302,movement_0302,movement,train,synthetic_movement_0302,4k3/8/8/8/8/5B2/8/4K3 w - - 0 1,white,f3d5,100.0,1.0,1,1,16,legal,piece_movement,
movement_0302,movement_0302,movement,train,synthetic_movement_0302,4k3/8/8/8/8/5B2/8/4K3 w - - 0 1,white,f3a1,-100.0,-1.0,0,0,16,illegal,piece_movement,
movement_0302,movement_0302,movement,train,synthetic_movement_0302,4k3/8/8/8/8/5B2/8/4K3 w - - 0 1,white,f3b1,-100.0,-1.0,0,0,16,illegal,piece_movement,
movement_0302,movement_0302,movement,train,synthetic_movement_0302,4k3/8/8/8/8/5B2/8/4K3 w - - 0 1,white,f3c1,-100.0,-1.0,0,0,16,illegal,piece_movement,
movement_0302,movement_0302,movement,train,synthetic_movement_0302,4k3/8/8/8/8/5B2/8/4K3 w - - 0 1,white,f3e1,-100.0,-1.0,0,0,16,illegal,piece_movement,
movement_0302,movement_0302,movement,train,synthetic_movement_0302,4k3/8/8/8/8/5B2/8/4K3 w - - 0 1,white,f3f1,-100.0,-1.0,0,0,16,illegal,piece_movement,
movement_0303,movement_0303,movement,train,synthetic_movement_0303,4k2R/8/8/8/8/8/8/4K3 w - - 0 1,white,h8e8,100.0,1.0,1,1,15,legal,piece_movement,
movement_0303,movement_0303,movement,train,synthetic_movement_0303,4k2R/8/8/8/8/8/8/4K3 w - - 0 1,white,h8f8,100.0,1.0,1,1,15,legal,piece_movement,
movement_0303,movement_0303,movement,train,synthetic_movement_0303,4k2R/8/8/8/8/8/8/4K3 w - - 0 1,white,h8g8,100.0,1.0,1,1,15,legal,piece_movement,
movement_0303,movement_0303,movement,train,synthetic_movement_0303,4k2R/8/8/8/8/8/8/4K3 w - - 0 1,white,h8h1,100.0,1.0,1,1,15,legal,piece_movement,
movement_0303,movement_0303,movement,train,synthetic_movement_0303,4k2R/8/8/8/8/8/8/4K3 w - - 0 1,white,h8h2,100.0,1.0,1,1,15,legal,piece_movement,
movement_0303,movement_0303,movement,train,synthetic_movement_0303,4k2R/8/8/8/8/8/8/4K3 w - - 0 1,white,h8a1,-100.0,-1.0,0,0,15,illegal,piece_movement,
movement_0303,movement_0303,movement,train,synthetic_movement_0303,4k2R/8/8/8/8/8/8/4K3 w - - 0 1,white,h8b1,-100.0,-1.0,0,0,15,illegal,piece_movement,
movement_0303,movement_0303,movement,train,synthetic_movement_0303,4k2R/8/8/8/8/8/8/4K3 w - - 0 1,white,h8c1,-100.0,-1.0,0,0,15,illegal,piece_movement,
movement_0303,movement_0303,movement,train,synthetic_movement_0303,4k2R/8/8/8/8/8/8/4K3 w - - 0 1,white,h8d1,-100.0,-1.0,0,0,15,illegal,piece_movement,
movement_0303,movement_0303,movement,train,synthetic_movement_0303,4k2R/8/8/8/8/8/8/4K3 w - - 0 1,white,h8e1,-100.0,-1.0,0,0,15,illegal,piece_movement,
movement_0304,movement_0304,movement,train,synthetic_movement_0304,4k3/8/8/8/6Q1/8/8/4K3 w - - 0 1,white,g4a4,100.0,1.0,1,1,28,legal,piece_movement,
movement_0304,movement_0304,movement,train,synthetic_movement_0304,4k3/8/8/8/6Q1/8/8/4K3 w - - 0 1,white,g4b4,100.0,1.0,1,1,28,legal,piece_movement,
movement_0304,movement_0304,movement,train,synthetic_movement_0304,4k3/8/8/8/6Q1/8/8/4K3 w - - 0 1,white,g4c4,100.0,1.0,1,1,28,legal,piece_movement,
movement_0304,movement_0304,movement,train,synthetic_movement_0304,4k3/8/8/8/6Q1/8/8/4K3 w - - 0 1,white,g4c8,100.0,1.0,1,1,28,legal,piece_movement,
movement_0304,movement_0304,movement,train,synthetic_movement_0304,4k3/8/8/8/6Q1/8/8/4K3 w - - 0 1,white,g4d1,100.0,1.0,1,1,28,legal,piece_movement,
movement_0304,movement_0304,movement,train,synthetic_movement_0304,4k3/8/8/8/6Q1/8/8/4K3 w - - 0 1,white,g4a1,-100.0,-1.0,0,0,28,illegal,piece_movement,
movement_0304,movement_0304,movement,train,synthetic_movement_0304,4k3/8/8/8/6Q1/8/8/4K3 w - - 0 1,white,g4b1,-100.0,-1.0,0,0,28,illegal,piece_movement,
movement_0304,movement_0304,movement,train,synthetic_movement_0304,4k3/8/8/8/6Q1/8/8/4K3 w - - 0 1,white,g4c1,-100.0,-1.0,0,0,28,illegal,piece_movement,
movement_0304,movement_0304,movement,train,synthetic_movement_0304,4k3/8/8/8/6Q1/8/8/4K3 w - - 0 1,white,g4e1,-100.0,-1.0,0,0,28,illegal,piece_movement,
movement_0304,movement_0304,movement,train,synthetic_movement_0304,4k3/8/8/8/6Q1/8/8/4K3 w - - 0 1,white,g4f1,-100.0,-1.0,0,0,28,illegal,piece_movement,
movement_0305,movement_0305,movement,train,synthetic_movement_0305,4k3/8/8/8/5K2/8/8/4K3 w - - 0 1,white,f4e3,100.0,1.0,1,1,13,legal,piece_movement,
movement_0305,movement_0305,movement,train,synthetic_movement_0305,4k3/8/8/8/5K2/8/8/4K3 w - - 0 1,white,f4e4,100.0,1.0,1,1,13,legal,piece_movement,
movement_0305,movement_0305,movement,train,synthetic_movement_0305,4k3/8/8/8/5K2/8/8/4K3 w - - 0 1,white,f4e5,100.0,1.0,1,1,13,legal,piece_movement,
movement_0305,movement_0305,movement,train,synthetic_movement_0305,4k3/8/8/8/5K2/8/8/4K3 w - - 0 1,white,f4f3,100.0,1.0,1,1,13,legal,piece_movement,
movement_0305,movement_0305,movement,train,synthetic_movement_0305,4k3/8/8/8/5K2/8/8/4K3 w - - 0 1,white,f4f5,100.0,1.0,1,1,13,legal,piece_movement,
movement_0305,movement_0305,movement,train,synthetic_movement_0305,4k3/8/8/8/5K2/8/8/4K3 w - - 0 1,white,f4a1,-100.0,-1.0,0,0,13,illegal,piece_movement,
movement_0305,movement_0305,movement,train,synthetic_movement_0305,4k3/8/8/8/5K2/8/8/4K3 w - - 0 1,white,f4b1,-100.0,-1.0,0,0,13,illegal,piece_movement,
movement_0305,movement_0305,movement,train,synthetic_movement_0305,4k3/8/8/8/5K2/8/8/4K3 w - - 0 1,white,f4c1,-100.0,-1.0,0,0,13,illegal,piece_movement,
movement_0305,movement_0305,movement,train,synthetic_movement_0305,4k3/8/8/8/5K2/8/8/4K3 w - - 0 1,white,f4d1,-100.0,-1.0,0,0,13,illegal,piece_movement,
movement_0305,movement_0305,movement,train,synthetic_movement_0305,4k3/8/8/8/5K2/8/8/4K3 w - - 0 1,white,f4e1,-100.0,-1.0,0,0,13,illegal,piece_movement,
movement_0306,movement_0306,movement,train,synthetic_movement_0306,4k3/8/8/8/p7/8/8/4K3 b - - 0 1,black,a4a3,100.0,1.0,1,1,6,legal,piece_movement,
movement_0306,movement_0306,movement,train,synthetic_movement_0306,4k3/8/8/8/p7/8/8/4K3 b - - 0 1,black,a4a1,-100.0,-1.0,0,0,6,illegal,piece_movement,
movement_0306,movement_0306,movement,train,synthetic_movement_0306,4k3/8/8/8/p7/8/8/4K3 b - - 0 1,black,a4b1,-100.0,-1.0,0,0,6,illegal,piece_movement,
movement_0306,movement_0306,movement,train,synthetic_movement_0306,4k3/8/8/8/p7/8/8/4K3 b - - 0 1,black,a4c1,-100.0,-1.0,0,0,6,illegal,piece_movement,
movement_0306,movement_0306,movement,train,synthetic_movement_0306,4k3/8/8/8/p7/8/8/4K3 b - - 0 1,black,a4d1,-100.0,-1.0,0,0,6,illegal,piece_movement,
movement_0306,movement_0306,movement,train,synthetic_movement_0306,4k3/8/8/8/p7/8/8/4K3 b - - 0 1,black,a4e1,-100.0,-1.0,0,0,6,illegal,piece_movement,
movement_0307,movement_0307,movement,train,synthetic_movement_0307,4k3/8/8/8/3n4/8/8/4K3 b - - 0 1,black,d4b3,100.0,1.0,1,1,13,legal,piece_movement,
movement_0307,movement_0307,movement,train,synthetic_movement_0307,4k3/8/8/8/3n4/8/8/4K3 b - - 0 1,black,d4b5,100.0,1.0,1,1,13,legal,piece_movement,
movement_0307,movement_0307,movement,train,synthetic_movement_0307,4k3/8/8/8/3n4/8/8/4K3 b - - 0 1,black,d4c2,100.0,1.0,1,1,13,legal,piece_movement,
movement_0307,movement_0307,movement,train,synthetic_movement_0307,4k3/8/8/8/3n4/8/8/4K3 b - - 0 1,black,d4c6,100.0,1.0,1,1,13,legal,piece_movement,
movement_0307,movement_0307,movement,train,synthetic_movement_0307,4k3/8/8/8/3n4/8/8/4K3 b - - 0 1,black,d4e2,100.0,1.0,1,1,13,legal,piece_movement,
movement_0307,movement_0307,movement,train,synthetic_movement_0307,4k3/8/8/8/3n4/8/8/4K3 b - - 0 1,black,d4a1,-100.0,-1.0,0,0,13,illegal,piece_movement,
movement_0307,movement_0307,movement,train,synthetic_movement_0307,4k3/8/8/8/3n4/8/8/4K3 b - - 0 1,black,d4b1,-100.0,-1.0,0,0,13,illegal,piece_movement,
movement_0307,movement_0307,movement,train,synthetic_movement_0307,4k3/8/8/8/3n4/8/8/4K3 b - - 0 1,black,d4c1,-100.0,-1.0,0,0,13,illegal,piece_movement,
movement_0307,movement_0307,movement,train,synthetic_movement_0307,4k3/8/8/8/3n4/8/8/4K3 b - - 0 1,black,d4d1,-100.0,-1.0,0,0,13,illegal,piece_movement,
movement_0307,movement_0307,movement,train,synthetic_movement_0307,4k3/8/8/8/3n4/8/8/4K3 b - - 0 1,black,d4e1,-100.0,-1.0,0,0,13,illegal,piece_movement,
movement_0308,movement_0308,movement,train,synthetic_movement_0308,4k3/8/8/8/8/8/5b2/4K3 b - - 0 1,black,f2a7,100.0,1.0,1,1,14,legal,piece_movement,
movement_0308,movement_0308,movement,train,synthetic_movement_0308,4k3/8/8/8/8/8/5b2/4K3 b - - 0 1,black,f2b6,100.0,1.0,1,1,14,legal,piece_movement,
movement_0308,movement_0308,movement,train,synthetic_movement_0308,4k3/8/8/8/8/8/5b2/4K3 b - - 0 1,black,f2c5,100.0,1.0,1,1,14,legal,piece_movement,
movement_0308,movement_0308,movement,train,synthetic_movement_0308,4k3/8/8/8/8/8/5b2/4K3 b - - 0 1,black,f2d4,100.0,1.0,1,1,14,legal,piece_movement,
movement_0308,movement_0308,movement,train,synthetic_movement_0308,4k3/8/8/8/8/8/5b2/4K3 b - - 0 1,black,f2e1,100.0,1.0,1,1,14,legal,piece_movement,
movement_0308,movement_0308,movement,train,synthetic_movement_0308,4k3/8/8/8/8/8/5b2/4K3 b - - 0 1,black,f2a1,-100.0,-1.0,0,0,14,illegal,piece_movement,
movement_0308,movement_0308,movement,train,synthetic_movement_0308,4k3/8/8/8/8/8/5b2/4K3 b - - 0 1,black,f2b1,-100.0,-1.0,0,0,14,illegal,piece_movement,
movement_0308,movement_0308,movement,train,synthetic_movement_0308,4k3/8/8/8/8/8/5b2/4K3 b - - 0 1,black,f2c1,-100.0,-1.0,0,0,14,illegal,piece_movement,
movement_0308,movement_0308,movement,train,synthetic_movement_0308,4k3/8/8/8/8/8/5b2/4K3 b - - 0 1,black,f2d1,-100.0,-1.0,0,0,14,illegal,piece_movement,
movement_0308,movement_0308,movement,train,synthetic_movement_0308,4k3/8/8/8/8/8/5b2/4K3 b - - 0 1,black,f2f1,-100.0,-1.0,0,0,14,illegal,piece_movement,
movement_0309,movement_0309,movement,train,synthetic_movement_0309,4k3/8/8/8/8/2r5/8/4K3 b - - 0 1,black,c3a3,100.0,1.0,1,1,19,legal,piece_movement,
movement_0309,movement_0309,movement,train,synthetic_movement_0309,4k3/8/8/8/8/2r5/8/4K3 b - - 0 1,black,c3b3,100.0,1.0,1,1,19,legal,piece_movement,
movement_0309,movement_0309,movement,train,synthetic_movement_0309,4k3/8/8/8/8/2r5/8/4K3 b - - 0 1,black,c3c1,100.0,1.0,1,1,19,legal,piece_movement,
movement_0309,movement_0309,movement,train,synthetic_movement_0309,4k3/8/8/8/8/2r5/8/4K3 b - - 0 1,black,c3c2,100.0,1.0,1,1,19,legal,piece_movement,
movement_0309,movement_0309,movement,train,synthetic_movement_0309,4k3/8/8/8/8/2r5/8/4K3 b - - 0 1,black,c3c4,100.0,1.0,1,1,19,legal,piece_movement,
movement_0309,movement_0309,movement,train,synthetic_movement_0309,4k3/8/8/8/8/2r5/8/4K3 b - - 0 1,black,c3a1,-100.0,-1.0,0,0,19,illegal,piece_movement,
movement_0309,movement_0309,movement,train,synthetic_movement_0309,4k3/8/8/8/8/2r5/8/4K3 b - - 0 1,black,c3b1,-100.0,-1.0,0,0,19,illegal,piece_movement,
movement_0309,movement_0309,movement,train,synthetic_movement_0309,4k3/8/8/8/8/2r5/8/4K3 b - - 0 1,black,c3d1,-100.0,-1.0,0,0,19,illegal,piece_movement,
movement_0309,movement_0309,movement,train,synthetic_movement_0309,4k3/8/8/8/8/2r5/8/4K3 b - - 0 1,black,c3e1,-100.0,-1.0,0,0,19,illegal,piece_movement,
movement_0309,movement_0309,movement,train,synthetic_movement_0309,4k3/8/8/8/8/2r5/8/4K3 b - - 0 1,black,c3f1,-100.0,-1.0,0,0,19,illegal,piece_movement,
movement_0310,movement_0310,movement,train,synthetic_movement_0310,4k3/8/8/8/1q6/8/8/4K3 b - - 0 1,black,b4a3,100.0,1.0,1,1,28,legal,piece_movement,
movement_0310,movement_0310,movement,train,synthetic_movement_0310,4k3/8/8/8/1q6/8/8/4K3 b - - 0 1,black,b4a4,100.0,1.0,1,1,28,legal,piece_movement,
movement_0310,movement_0310,movement,train,synthetic_movement_0310,4k3/8/8/8/1q6/8/8/4K3 b - - 0 1,black,b4a5,100.0,1.0,1,1,28,legal,piece_movement,
movement_0310,movement_0310,movement,train,synthetic_movement_0310,4k3/8/8/8/1q6/8/8/4K3 b - - 0 1,black,b4b1,100.0,1.0,1,1,28,legal,piece_movement,
movement_0310,movement_0310,movement,train,synthetic_movement_0310,4k3/8/8/8/1q6/8/8/4K3 b - - 0 1,black,b4b2,100.0,1.0,1,1,28,legal,piece_movement,
movement_0310,movement_0310,movement,train,synthetic_movement_0310,4k3/8/8/8/1q6/8/8/4K3 b - - 0 1,black,b4a1,-100.0,-1.0,0,0,28,illegal,piece_movement,
movement_0310,movement_0310,movement,train,synthetic_movement_0310,4k3/8/8/8/1q6/8/8/4K3 b - - 0 1,black,b4c1,-100.0,-1.0,0,0,28,illegal,piece_movement,
movement_0310,movement_0310,movement,train,synthetic_movement_0310,4k3/8/8/8/1q6/8/8/4K3 b - - 0 1,black,b4d1,-100.0,-1.0,0,0,28,illegal,piece_movement,
movement_0310,movement_0310,movement,train,synthetic_movement_0310,4k3/8/8/8/1q6/8/8/4K3 b - - 0 1,black,b4f1,-100.0,-1.0,0,0,28,illegal,piece_movement,
movement_0310,movement_0310,movement,train,synthetic_movement_0310,4k3/8/8/8/1q6/8/8/4K3 b - - 0 1,black,b4g1,-100.0,-1.0,0,0,28,illegal,piece_movement,
movement_0311,movement_0311,movement,train,synthetic_movement_0311,4k3/8/8/8/6k1/8/8/4K3 b - - 0 1,black,g4f3,100.0,1.0,1,1,13,legal,piece_movement,
movement_0311,movement_0311,movement,train,synthetic_movement_0311,4k3/8/8/8/6k1/8/8/4K3 b - - 0 1,black,g4f4,100.0,1.0,1,1,13,legal,piece_movement,
movement_0311,movement_0311,movement,train,synthetic_movement_0311,4k3/8/8/8/6k1/8/8/4K3 b - - 0 1,black,g4f5,100.0,1.0,1,1,13,legal,piece_movement,
movement_0311,movement_0311,movement,train,synthetic_movement_0311,4k3/8/8/8/6k1/8/8/4K3 b - - 0 1,black,g4g3,100.0,1.0,1,1,13,legal,piece_movement,
movement_0311,movement_0311,movement,train,synthetic_movement_0311,4k3/8/8/8/6k1/8/8/4K3 b - - 0 1,black,g4g5,100.0,1.0,1,1,13,legal,piece_movement,
movement_0311,movement_0311,movement,train,synthetic_movement_0311,4k3/8/8/8/6k1/8/8/4K3 b - - 0 1,black,g4a1,-100.0,-1.0,0,0,13,illegal,piece_movement,
movement_0311,movement_0311,movement,train,synthetic_movement_0311,4k3/8/8/8/6k1/8/8/4K3 b - - 0 1,black,g4b1,-100.0,-1.0,0,0,13,illegal,piece_movement,
movement_0311,movement_0311,movement,train,synthetic_movement_0311,4k3/8/8/8/6k1/8/8/4K3 b - - 0 1,black,g4c1,-100.0,-1.0,0,0,13,illegal,piece_movement,
movement_0311,movement_0311,movement,train,synthetic_movement_0311,4k3/8/8/8/6k1/8/8/4K3 b - - 0 1,black,g4d1,-100.0,-1.0,0,0,13,illegal,piece_movement,
movement_0311,movement_0311,movement,train,synthetic_movement_0311,4k3/8/8/8/6k1/8/8/4K3 b - - 0 1,black,g4e1,-100.0,-1.0,0,0,13,illegal,piece_movement,
movement_0312,movement_0312,movement,train,synthetic_movement_0312,4k3/3P4/8/8/8/8/8/4K3 w - - 0 1,white,d7d8b,100.0,1.0,1,1,13,legal,piece_movement,
movement_0312,movement_0312,movement,train,synthetic_movement_0312,4k3/3P4/8/8/8/8/8/4K3 w - - 0 1,white,d7d8n,100.0,1.0,1,1,13,legal,piece_movement,
movement_0312,movement_0312,movement,train,synthetic_movement_0312,4k3/3P4/8/8/8/8/8/4K3 w - - 0 1,white,d7d8q,100.0,1.0,1,1,13,legal,piece_movement,
movement_0312,movement_0312,movement,train,synthetic_movement_0312,4k3/3P4/8/8/8/8/8/4K3 w - - 0 1,white,d7d8r,100.0,1.0,1,1,13,legal,piece_movement,
movement_0312,movement_0312,movement,train,synthetic_movement_0312,4k3/3P4/8/8/8/8/8/4K3 w - - 0 1,white,d7e8b,100.0,1.0,1,1,13,legal,piece_movement,
movement_0312,movement_0312,movement,train,synthetic_movement_0312,4k3/3P4/8/8/8/8/8/4K3 w - - 0 1,white,d7a1,-100.0,-1.0,0,0,13,illegal,piece_movement,
movement_0312,movement_0312,movement,train,synthetic_movement_0312,4k3/3P4/8/8/8/8/8/4K3 w - - 0 1,white,d7b1,-100.0,-1.0,0,0,13,illegal,piece_movement,
movement_0312,movement_0312,movement,train,synthetic_movement_0312,4k3/3P4/8/8/8/8/8/4K3 w - - 0 1,white,d7c1,-100.0,-1.0,0,0,13,illegal,piece_movement,
movement_0312,movement_0312,movement,train,synthetic_movement_0312,4k3/3P4/8/8/8/8/8/4K3 w - - 0 1,white,d7d1,-100.0,-1.0,0,0,13,illegal,piece_movement,
movement_0312,movement_0312,movement,train,synthetic_movement_0312,4k3/3P4/8/8/8/8/8/4K3 w - - 0 1,white,d7e1,-100.0,-1.0,0,0,13,illegal,piece_movement,
movement_0313,movement_0313,movement,train,synthetic_movement_0313,4k3/8/8/8/8/8/4N3/4K3 w - - 0 1,white,e2c1,100.0,1.0,1,1,10,legal,piece_movement,
movement_0313,movement_0313,movement,train,synthetic_movement_0313,4k3/8/8/8/8/8/4N3/4K3 w - - 0 1,white,e2c3,100.0,1.0,1,1,10,legal,piece_movement,
movement_0313,movement_0313,movement,train,synthetic_movement_0313,4k3/8/8/8/8/8/4N3/4K3 w - - 0 1,white,e2d4,100.0,1.0,1,1,10,legal,piece_movement,
movement_0313,movement_0313,movement,train,synthetic_movement_0313,4k3/8/8/8/8/8/4N3/4K3 w - - 0 1,white,e2f4,100.0,1.0,1,1,10,legal,piece_movement,
movement_0313,movement_0313,movement,train,synthetic_movement_0313,4k3/8/8/8/8/8/4N3/4K3 w - - 0 1,white,e2g1,100.0,1.0,1,1,10,legal,piece_movement,
movement_0313,movement_0313,movement,train,synthetic_movement_0313,4k3/8/8/8/8/8/4N3/4K3 w - - 0 1,white,e2a1,-100.0,-1.0,0,0,10,illegal,piece_movement,
movement_0313,movement_0313,movement,train,synthetic_movement_0313,4k3/8/8/8/8/8/4N3/4K3 w - - 0 1,white,e2b1,-100.0,-1.0,0,0,10,illegal,piece_movement,
movement_0313,movement_0313,movement,train,synthetic_movement_0313,4k3/8/8/8/8/8/4N3/4K3 w - - 0 1,white,e2d1,-100.0,-1.0,0,0,10,illegal,piece_movement,
movement_0313,movement_0313,movement,train,synthetic_movement_0313,4k3/8/8/8/8/8/4N3/4K3 w - - 0 1,white,e2e1,-100.0,-1.0,0,0,10,illegal,piece_movement,
movement_0313,movement_0313,movement,train,synthetic_movement_0313,4k3/8/8/8/8/8/4N3/4K3 w - - 0 1,white,e2f1,-100.0,-1.0,0,0,10,illegal,piece_movement,
movement_0314,movement_0314,movement,train,synthetic_movement_0314,4k3/8/8/8/8/8/8/B3K3 w - - 0 1,white,a1b2,100.0,1.0,1,1,12,legal,piece_movement,
movement_0314,movement_0314,movement,train,synthetic_movement_0314,4k3/8/8/8/8/8/8/B3K3 w - - 0 1,white,a1c3,100.0,1.0,1,1,12,legal,piece_movement,
movement_0314,movement_0314,movement,train,synthetic_movement_0314,4k3/8/8/8/8/8/8/B3K3 w - - 0 1,white,a1d4,100.0,1.0,1,1,12,legal,piece_movement,
movement_0314,movement_0314,movement,train,synthetic_movement_0314,4k3/8/8/8/8/8/8/B3K3 w - - 0 1,white,a1e5,100.0,1.0,1,1,12,legal,piece_movement,
movement_0314,movement_0314,movement,train,synthetic_movement_0314,4k3/8/8/8/8/8/8/B3K3 w - - 0 1,white,a1f6,100.0,1.0,1,1,12,legal,piece_movement,
movement_0314,movement_0314,movement,train,synthetic_movement_0314,4k3/8/8/8/8/8/8/B3K3 w - - 0 1,white,a1b1,-100.0,-1.0,0,0,12,illegal,piece_movement,
movement_0314,movement_0314,movement,train,synthetic_movement_0314,4k3/8/8/8/8/8/8/B3K3 w - - 0 1,white,a1c1,-100.0,-1.0,0,0,12,illegal,piece_movement,
movement_0314,movement_0314,movement,train,synthetic_movement_0314,4k3/8/8/8/8/8/8/B3K3 w - - 0 1,white,a1d1,-100.0,-1.0,0,0,12,illegal,piece_movement,
movement_0314,movement_0314,movement,train,synthetic_movement_0314,4k3/8/8/8/8/8/8/B3K3 w - - 0 1,white,a1e1,-100.0,-1.0,0,0,12,illegal,piece_movement,
movement_0314,movement_0314,movement,train,synthetic_movement_0314,4k3/8/8/8/8/8/8/B3K3 w - - 0 1,white,a1f1,-100.0,-1.0,0,0,12,illegal,piece_movement,
movement_0315,movement_0315,movement,train,synthetic_movement_0315,4k3/7R/8/8/8/8/8/4K3 w - - 0 1,white,h7a7,100.0,1.0,1,1,19,legal,piece_movement,
movement_0315,movement_0315,movement,train,synthetic_movement_0315,4k3/7R/8/8/8/8/8/4K3 w - - 0 1,white,h7b7,100.0,1.0,1,1,19,legal,piece_movement,
movement_0315,movement_0315,movement,train,synthetic_movement_0315,4k3/7R/8/8/8/8/8/4K3 w - - 0 1,white,h7c7,100.0,1.0,1,1,19,legal,piece_movement,
movement_0315,movement_0315,movement,train,synthetic_movement_0315,4k3/7R/8/8/8/8/8/4K3 w - - 0 1,white,h7d7,100.0,1.0,1,1,19,legal,piece_movement,
movement_0315,movement_0315,movement,train,synthetic_movement_0315,4k3/7R/8/8/8/8/8/4K3 w - - 0 1,white,h7e7,100.0,1.0,1,1,19,legal,piece_movement,
movement_0315,movement_0315,movement,train,synthetic_movement_0315,4k3/7R/8/8/8/8/8/4K3 w - - 0 1,white,h7a1,-100.0,-1.0,0,0,19,illegal,piece_movement,
movement_0315,movement_0315,movement,train,synthetic_movement_0315,4k3/7R/8/8/8/8/8/4K3 w - - 0 1,white,h7b1,-100.0,-1.0,0,0,19,illegal,piece_movement,
movement_0315,movement_0315,movement,train,synthetic_movement_0315,4k3/7R/8/8/8/8/8/4K3 w - - 0 1,white,h7c1,-100.0,-1.0,0,0,19,illegal,piece_movement,
movement_0315,movement_0315,movement,train,synthetic_movement_0315,4k3/7R/8/8/8/8/8/4K3 w - - 0 1,white,h7d1,-100.0,-1.0,0,0,19,illegal,piece_movement,
movement_0315,movement_0315,movement,train,synthetic_movement_0315,4k3/7R/8/8/8/8/8/4K3 w - - 0 1,white,h7e1,-100.0,-1.0,0,0,19,illegal,piece_movement,
movement_0316,movement_0316,movement,train,synthetic_movement_0316,4k3/8/8/8/8/8/7Q/4K3 w - - 0 1,white,h2a2,100.0,1.0,1,1,26,legal,piece_movement,
movement_0316,movement_0316,movement,train,synthetic_movement_0316,4k3/8/8/8/8/8/7Q/4K3 w - - 0 1,white,h2b2,100.0,1.0,1,1,26,legal,piece_movement,
movement_0316,movement_0316,movement,train,synthetic_movement_0316,4k3/8/8/8/8/8/7Q/4K3 w - - 0 1,white,h2b8,100.0,1.0,1,1,26,legal,piece_movement,
movement_0316,movement_0316,movement,train,synthetic_movement_0316,4k3/8/8/8/8/8/7Q/4K3 w - - 0 1,white,h2c2,100.0,1.0,1,1,26,legal,piece_movement,
movement_0316,movement_0316,movement,train,synthetic_movement_0316,4k3/8/8/8/8/8/7Q/4K3 w - - 0 1,white,h2c7,100.0,1.0,1,1,26,legal,piece_movement,
movement_0316,movement_0316,movement,train,synthetic_movement_0316,4k3/8/8/8/8/8/7Q/4K3 w - - 0 1,white,h2a1,-100.0,-1.0,0,0,26,illegal,piece_movement,
movement_0316,movement_0316,movement,train,synthetic_movement_0316,4k3/8/8/8/8/8/7Q/4K3 w - - 0 1,white,h2b1,-100.0,-1.0,0,0,26,illegal,piece_movement,
movement_0316,movement_0316,movement,train,synthetic_movement_0316,4k3/8/8/8/8/8/7Q/4K3 w - - 0 1,white,h2c1,-100.0,-1.0,0,0,26,illegal,piece_movement,
movement_0316,movement_0316,movement,train,synthetic_movement_0316,4k3/8/8/8/8/8/7Q/4K3 w - - 0 1,white,h2d1,-100.0,-1.0,0,0,26,illegal,piece_movement,
movement_0316,movement_0316,movement,train,synthetic_movement_0316,4k3/8/8/8/8/8/7Q/4K3 w - - 0 1,white,h2e1,-100.0,-1.0,0,0,26,illegal,piece_movement,
movement_0317,movement_0317,movement,train,synthetic_movement_0317,4k3/8/8/8/8/8/8/4K2K w - - 0 1,white,h1g1,100.0,1.0,1,1,8,legal,piece_movement,
movement_0317,movement_0317,movement,train,synthetic_movement_0317,4k3/8/8/8/8/8/8/4K2K w - - 0 1,white,h1g2,100.0,1.0,1,1,8,legal,piece_movement,
movement_0317,movement_0317,movement,train,synthetic_movement_0317,4k3/8/8/8/8/8/8/4K2K w - - 0 1,white,h1h2,100.0,1.0,1,1,8,legal,piece_movement,
movement_0317,movement_0317,movement,train,synthetic_movement_0317,4k3/8/8/8/8/8/8/4K2K w - - 0 1,white,h1a1,-100.0,-1.0,0,0,8,illegal,piece_movement,
movement_0317,movement_0317,movement,train,synthetic_movement_0317,4k3/8/8/8/8/8/8/4K2K w - - 0 1,white,h1b1,-100.0,-1.0,0,0,8,illegal,piece_movement,
movement_0317,movement_0317,movement,train,synthetic_movement_0317,4k3/8/8/8/8/8/8/4K2K w - - 0 1,white,h1c1,-100.0,-1.0,0,0,8,illegal,piece_movement,
movement_0317,movement_0317,movement,train,synthetic_movement_0317,4k3/8/8/8/8/8/8/4K2K w - - 0 1,white,h1d1,-100.0,-1.0,0,0,8,illegal,piece_movement,
movement_0317,movement_0317,movement,train,synthetic_movement_0317,4k3/8/8/8/8/8/8/4K2K w - - 0 1,white,h1e1,-100.0,-1.0,0,0,8,illegal,piece_movement,
movement_0318,movement_0318,movement,train,synthetic_movement_0318,4k3/8/6p1/8/8/8/8/4K3 b - - 0 1,black,g6g5,100.0,1.0,1,1,6,legal,piece_movement,
movement_0318,movement_0318,movement,train,synthetic_movement_0318,4k3/8/6p1/8/8/8/8/4K3 b - - 0 1,black,g6a1,-100.0,-1.0,0,0,6,illegal,piece_movement,
movement_0318,movement_0318,movement,train,synthetic_movement_0318,4k3/8/6p1/8/8/8/8/4K3 b - - 0 1,black,g6b1,-100.0,-1.0,0,0,6,illegal,piece_movement,
movement_0318,movement_0318,movement,train,synthetic_movement_0318,4k3/8/6p1/8/8/8/8/4K3 b - - 0 1,black,g6c1,-100.0,-1.0,0,0,6,illegal,piece_movement,
movement_0318,movement_0318,movement,train,synthetic_movement_0318,4k3/8/6p1/8/8/8/8/4K3 b - - 0 1,black,g6d1,-100.0,-1.0,0,0,6,illegal,piece_movement,
movement_0318,movement_0318,movement,train,synthetic_movement_0318,4k3/8/6p1/8/8/8/8/4K3 b - - 0 1,black,g6e1,-100.0,-1.0,0,0,6,illegal,piece_movement,
movement_0319,movement_0319,movement,train,synthetic_movement_0319,4k3/8/8/8/8/8/8/4K2n b - - 0 1,black,h1f2,100.0,1.0,1,1,7,legal,piece_movement,
movement_0319,movement_0319,movement,train,synthetic_movement_0319,4k3/8/8/8/8/8/8/4K2n b - - 0 1,black,h1g3,100.0,1.0,1,1,7,legal,piece_movement,
movement_0319,movement_0319,movement,train,synthetic_movement_0319,4k3/8/8/8/8/8/8/4K2n b - - 0 1,black,h1a1,-100.0,-1.0,0,0,7,illegal,piece_movement,
movement_0319,movement_0319,movement,train,synthetic_movement_0319,4k3/8/8/8/8/8/8/4K2n b - - 0 1,black,h1b1,-100.0,-1.0,0,0,7,illegal,piece_movement,
movement_0319,movement_0319,movement,train,synthetic_movement_0319,4k3/8/8/8/8/8/8/4K2n b - - 0 1,black,h1c1,-100.0,-1.0,0,0,7,illegal,piece_movement,
movement_0319,movement_0319,movement,train,synthetic_movement_0319,4k3/8/8/8/8/8/8/4K2n b - - 0 1,black,h1d1,-100.0,-1.0,0,0,7,illegal,piece_movement,
movement_0319,movement_0319,movement,train,synthetic_movement_0319,4k3/8/8/8/8/8/8/4K2n b - - 0 1,black,h1e1,-100.0,-1.0,0,0,7,illegal,piece_movement,
movement_0320,movement_0320,movement,train,synthetic_movement_0320,4k3/8/6b1/8/8/8/8/4K3 b - - 0 1,black,g6b1,100.0,1.0,1,1,13,legal,piece_movement,
movement_0320,movement_0320,movement,train,synthetic_movement_0320,4k3/8/6b1/8/8/8/8/4K3 b - - 0 1,black,g6c2,100.0,1.0,1,1,13,legal,piece_movement,
movement_0320,movement_0320,movement,train,synthetic_movement_0320,4k3/8/6b1/8/8/8/8/4K3 b - - 0 1,black,g6d3,100.0,1.0,1,1,13,legal,piece_movement,
movement_0320,movement_0320,movement,train,synthetic_movement_0320,4k3/8/6b1/8/8/8/8/4K3 b - - 0 1,black,g6e4,100.0,1.0,1,1,13,legal,piece_movement,
movement_0320,movement_0320,movement,train,synthetic_movement_0320,4k3/8/6b1/8/8/8/8/4K3 b - - 0 1,black,g6f5,100.0,1.0,1,1,13,legal,piece_movement,
movement_0320,movement_0320,movement,train,synthetic_movement_0320,4k3/8/6b1/8/8/8/8/4K3 b - - 0 1,black,g6a1,-100.0,-1.0,0,0,13,illegal,piece_movement,
movement_0320,movement_0320,movement,train,synthetic_movement_0320,4k3/8/6b1/8/8/8/8/4K3 b - - 0 1,black,g6c1,-100.0,-1.0,0,0,13,illegal,piece_movement,
movement_0320,movement_0320,movement,train,synthetic_movement_0320,4k3/8/6b1/8/8/8/8/4K3 b - - 0 1,black,g6d1,-100.0,-1.0,0,0,13,illegal,piece_movement,
movement_0320,movement_0320,movement,train,synthetic_movement_0320,4k3/8/6b1/8/8/8/8/4K3 b - - 0 1,black,g6e1,-100.0,-1.0,0,0,13,illegal,piece_movement,
movement_0320,movement_0320,movement,train,synthetic_movement_0320,4k3/8/6b1/8/8/8/8/4K3 b - - 0 1,black,g6f1,-100.0,-1.0,0,0,13,illegal,piece_movement,
movement_0321,movement_0321,movement,train,synthetic_movement_0321,4k3/8/8/8/8/8/8/r3K3 b - - 0 1,black,a1a2,100.0,1.0,1,1,16,legal,piece_movement,
movement_0321,movement_0321,movement,train,synthetic_movement_0321,4k3/8/8/8/8/8/8/r3K3 b - - 0 1,black,a1a3,100.0,1.0,1,1,16,legal,piece_movement,
movement_0321,movement_0321,movement,train,synthetic_movement_0321,4k3/8/8/8/8/8/8/r3K3 b - - 0 1,black,a1a4,100.0,1.0,1,1,16,legal,piece_movement,
movement_0321,movement_0321,movement,train,synthetic_movement_0321,4k3/8/8/8/8/8/8/r3K3 b - - 0 1,black,a1a5,100.0,1.0,1,1,16,legal,piece_movement,
movement_0321,movement_0321,movement,train,synthetic_movement_0321,4k3/8/8/8/8/8/8/r3K3 b - - 0 1,black,a1a6,100.0,1.0,1,1,16,legal,piece_movement,
movement_0321,movement_0321,movement,train,synthetic_movement_0321,4k3/8/8/8/8/8/8/r3K3 b - - 0 1,black,a1f1,-100.0,-1.0,0,0,16,illegal,piece_movement,
movement_0321,movement_0321,movement,train,synthetic_movement_0321,4k3/8/8/8/8/8/8/r3K3 b - - 0 1,black,a1g1,-100.0,-1.0,0,0,16,illegal,piece_movement,
movement_0321,movement_0321,movement,train,synthetic_movement_0321,4k3/8/8/8/8/8/8/r3K3 b - - 0 1,black,a1h1,-100.0,-1.0,0,0,16,illegal,piece_movement,
movement_0321,movement_0321,movement,train,synthetic_movement_0321,4k3/8/8/8/8/8/8/r3K3 b - - 0 1,black,a1b2,-100.0,-1.0,0,0,16,illegal,piece_movement,
movement_0321,movement_0321,movement,train,synthetic_movement_0321,4k3/8/8/8/8/8/8/r3K3 b - - 0 1,black,a1c2,-100.0,-1.0,0,0,16,illegal,piece_movement,
movement_0322,movement_0322,movement,train,synthetic_movement_0322,4k3/8/5q2/8/8/8/8/4K3 b - - 0 1,black,f6a1,100.0,1.0,1,1,30,legal,piece_movement,
movement_0322,movement_0322,movement,train,synthetic_movement_0322,4k3/8/5q2/8/8/8/8/4K3 b - - 0 1,black,f6a6,100.0,1.0,1,1,30,legal,piece_movement,
movement_0322,movement_0322,movement,train,synthetic_movement_0322,4k3/8/5q2/8/8/8/8/4K3 b - - 0 1,black,f6b2,100.0,1.0,1,1,30,legal,piece_movement,
movement_0322,movement_0322,movement,train,synthetic_movement_0322,4k3/8/5q2/8/8/8/8/4K3 b - - 0 1,black,f6b6,100.0,1.0,1,1,30,legal,piece_movement,
movement_0322,movement_0322,movement,train,synthetic_movement_0322,4k3/8/5q2/8/8/8/8/4K3 b - - 0 1,black,f6c3,100.0,1.0,1,1,30,legal,piece_movement,
movement_0322,movement_0322,movement,train,synthetic_movement_0322,4k3/8/5q2/8/8/8/8/4K3 b - - 0 1,black,f6b1,-100.0,-1.0,0,0,30,illegal,piece_movement,
movement_0322,movement_0322,movement,train,synthetic_movement_0322,4k3/8/5q2/8/8/8/8/4K3 b - - 0 1,black,f6c1,-100.0,-1.0,0,0,30,illegal,piece_movement,
movement_0322,movement_0322,movement,train,synthetic_movement_0322,4k3/8/5q2/8/8/8/8/4K3 b - - 0 1,black,f6d1,-100.0,-1.0,0,0,30,illegal,piece_movement,
movement_0322,movement_0322,movement,train,synthetic_movement_0322,4k3/8/5q2/8/8/8/8/4K3 b - - 0 1,black,f6e1,-100.0,-1.0,0,0,30,illegal,piece_movement,
movement_0322,movement_0322,movement,train,synthetic_movement_0322,4k3/8/5q2/8/8/8/8/4K3 b - - 0 1,black,f6g1,-100.0,-1.0,0,0,30,illegal,piece_movement,
movement_0323,movement_0323,movement,train,synthetic_movement_0323,4k3/8/5k2/8/8/8/8/4K3 b - - 0 1,black,f6e5,100.0,1.0,1,1,13,legal,piece_movement,
movement_0323,movement_0323,movement,train,synthetic_movement_0323,4k3/8/5k2/8/8/8/8/4K3 b - - 0 1,black,f6e6,100.0,1.0,1,1,13,legal,piece_movement,
movement_0323,movement_0323,movement,train,synthetic_movement_0323,4k3/8/5k2/8/8/8/8/4K3 b - - 0 1,black,f6e7,100.0,1.0,1,1,13,legal,piece_movement,
movement_0323,movement_0323,movement,train,synthetic_movement_0323,4k3/8/5k2/8/8/8/8/4K3 b - - 0 1,black,f6f5,100.0,1.0,1,1,13,legal,piece_movement,
movement_0323,movement_0323,movement,train,synthetic_movement_0323,4k3/8/5k2/8/8/8/8/4K3 b - - 0 1,black,f6f7,100.0,1.0,1,1,13,legal,piece_movement,
movement_0323,movement_0323,movement,train,synthetic_movement_0323,4k3/8/5k2/8/8/8/8/4K3 b - - 0 1,black,f6a1,-100.0,-1.0,0,0,13,illegal,piece_movement,
movement_0323,movement_0323,movement,train,synthetic_movement_0323,4k3/8/5k2/8/8/8/8/4K3 b - - 0 1,black,f6b1,-100.0,-1.0,0,0,13,illegal,piece_movement,
movement_0323,movement_0323,movement,train,synthetic_movement_0323,4k3/8/5k2/8/8/8/8/4K3 b - - 0 1,black,f6c1,-100.0,-1.0,0,0,13,illegal,piece_movement,
movement_0323,movement_0323,movement,train,synthetic_movement_0323,4k3/8/5k2/8/8/8/8/4K3 b - - 0 1,black,f6d1,-100.0,-1.0,0,0,13,illegal,piece_movement,
movement_0323,movement_0323,movement,train,synthetic_movement_0323,4k3/8/5k2/8/8/8/8/4K3 b - - 0 1,black,f6e1,-100.0,-1.0,0,0,13,illegal,piece_movement,
movement_0324,movement_0324,movement,train,synthetic_movement_0324,4k3/8/8/8/8/8/2P5/4K3 w - - 0 1,white,c2c3,100.0,1.0,1,1,7,legal,piece_movement,
movement_0324,movement_0324,movement,train,synthetic_movement_0324,4k3/8/8/8/8/8/2P5/4K3 w - - 0 1,white,c2c4,100.0,1.0,1,1,7,legal,piece_movement,
movement_0324,movement_0324,movement,train,synthetic_movement_0324,4k3/8/8/8/8/8/2P5/4K3 w - - 0 1,white,c2a1,-100.0,-1.0,0,0,7,illegal,piece_movement,
movement_0324,movement_0324,movement,train,synthetic_movement_0324,4k3/8/8/8/8/8/2P5/4K3 w - - 0 1,white,c2b1,-100.0,-1.0,0,0,7,illegal,piece_movement,
movement_0324,movement_0324,movement,train,synthetic_movement_0324,4k3/8/8/8/8/8/2P5/4K3 w - - 0 1,white,c2c1,-100.0,-1.0,0,0,7,illegal,piece_movement,
movement_0324,movement_0324,movement,train,synthetic_movement_0324,4k3/8/8/8/8/8/2P5/4K3 w - - 0 1,white,c2d1,-100.0,-1.0,0,0,7,illegal,piece_movement,
movement_0324,movement_0324,movement,train,synthetic_movement_0324,4k3/8/8/8/8/8/2P5/4K3 w - - 0 1,white,c2e1,-100.0,-1.0,0,0,7,illegal,piece_movement,
movement_0325,movement_0325,movement,train,synthetic_movement_0325,3Nk3/8/8/8/8/8/8/4K3 w - - 0 1,white,d8b7,100.0,1.0,1,1,9,legal,piece_movement,
movement_0325,movement_0325,movement,train,synthetic_movement_0325,3Nk3/8/8/8/8/8/8/4K3 w - - 0 1,white,d8c6,100.0,1.0,1,1,9,legal,piece_movement,
movement_0325,movement_0325,movement,train,synthetic_movement_0325,3Nk3/8/8/8/8/8/8/4K3 w - - 0 1,white,d8e6,100.0,1.0,1,1,9,legal,piece_movement,
movement_0325,movement_0325,movement,train,synthetic_movement_0325,3Nk3/8/8/8/8/8/8/4K3 w - - 0 1,white,d8f7,100.0,1.0,1,1,9,legal,piece_movement,
movement_0325,movement_0325,movement,train,synthetic_movement_0325,3Nk3/8/8/8/8/8/8/4K3 w - - 0 1,white,d8a1,-100.0,-1.0,0,0,9,illegal,piece_movement,
movement_0325,movement_0325,movement,train,synthetic_movement_0325,3Nk3/8/8/8/8/8/8/4K3 w - - 0 1,white,d8b1,-100.0,-1.0,0,0,9,illegal,piece_movement,
movement_0325,movement_0325,movement,train,synthetic_movement_0325,3Nk3/8/8/8/8/8/8/4K3 w - - 0 1,white,d8c1,-100.0,-1.0,0,0,9,illegal,piece_movement,
movement_0325,movement_0325,movement,train,synthetic_movement_0325,3Nk3/8/8/8/8/8/8/4K3 w - - 0 1,white,d8d1,-100.0,-1.0,0,0,9,illegal,piece_movement,
movement_0325,movement_0325,movement,train,synthetic_movement_0325,3Nk3/8/8/8/8/8/8/4K3 w - - 0 1,white,d8e1,-100.0,-1.0,0,0,9,illegal,piece_movement,
movement_0326,movement_0326,movement,train,synthetic_movement_0326,4k3/4B3/8/8/8/8/8/4K3 w - - 0 1,white,e7a3,100.0,1.0,1,1,14,legal,piece_movement,
movement_0326,movement_0326,movement,train,synthetic_movement_0326,4k3/4B3/8/8/8/8/8/4K3 w - - 0 1,white,e7b4,100.0,1.0,1,1,14,legal,piece_movement,
movement_0326,movement_0326,movement,train,synthetic_movement_0326,4k3/4B3/8/8/8/8/8/4K3 w - - 0 1,white,e7c5,100.0,1.0,1,1,14,legal,piece_movement,
movement_0326,movement_0326,movement,train,synthetic_movement_0326,4k3/4B3/8/8/8/8/8/4K3 w - - 0 1,white,e7d6,100.0,1.0,1,1,14,legal,piece_movement,
movement_0326,movement_0326,movement,train,synthetic_movement_0326,4k3/4B3/8/8/8/8/8/4K3 w - - 0 1,white,e7d8,100.0,1.0,1,1,14,legal,piece_movement,
movement_0326,movement_0326,movement,train,synthetic_movement_0326,4k3/4B3/8/8/8/8/8/4K3 w - - 0 1,white,e7a1,-100.0,-1.0,0,0,14,illegal,piece_movement,
movement_0326,movement_0326,movement,train,synthetic_movement_0326,4k3/4B3/8/8/8/8/8/4K3 w - - 0 1,white,e7b1,-100.0,-1.0,0,0,14,illegal,piece_movement,
movement_0326,movement_0326,movement,train,synthetic_movement_0326,4k3/4B3/8/8/8/8/8/4K3 w - - 0 1,white,e7c1,-100.0,-1.0,0,0,14,illegal,piece_movement,
movement_0326,movement_0326,movement,train,synthetic_movement_0326,4k3/4B3/8/8/8/8/8/4K3 w - - 0 1,white,e7d1,-100.0,-1.0,0,0,14,illegal,piece_movement,
movement_0326,movement_0326,movement,train,synthetic_movement_0326,4k3/4B3/8/8/8/8/8/4K3 w - - 0 1,white,e7e1,-100.0,-1.0,0,0,14,illegal,piece_movement,
movement_0327,movement_0327,movement,train,synthetic_movement_0327,4k3/8/8/R7/8/8/8/4K3 w - - 0 1,white,a5a1,100.0,1.0,1,1,19,legal,piece_movement,
movement_0327,movement_0327,movement,train,synthetic_movement_0327,4k3/8/8/R7/8/8/8/4K3 w - - 0 1,white,a5a2,100.0,1.0,1,1,19,legal,piece_movement,
movement_0327,movement_0327,movement,train,synthetic_movement_0327,4k3/8/8/R7/8/8/8/4K3 w - - 0 1,white,a5a3,100.0,1.0,1,1,19,legal,piece_movement,
movement_0327,movement_0327,movement,train,synthetic_movement_0327,4k3/8/8/R7/8/8/8/4K3 w - - 0 1,white,a5a4,100.0,1.0,1,1,19,legal,piece_movement,
movement_0327,movement_0327,movement,train,synthetic_movement_0327,4k3/8/8/R7/8/8/8/4K3 w - - 0 1,white,a5a6,100.0,1.0,1,1,19,legal,piece_movement,
movement_0327,movement_0327,movement,train,synthetic_movement_0327,4k3/8/8/R7/8/8/8/4K3 w - - 0 1,white,a5b1,-100.0,-1.0,0,0,19,illegal,piece_movement,
movement_0327,movement_0327,movement,train,synthetic_movement_0327,4k3/8/8/R7/8/8/8/4K3 w - - 0 1,white,a5c1,-100.0,-1.0,0,0,19,illegal,piece_movement,
movement_0327,movement_0327,movement,train,synthetic_movement_0327,4k3/8/8/R7/8/8/8/4K3 w - - 0 1,white,a5d1,-100.0,-1.0,0,0,19,illegal,piece_movement,
movement_0327,movement_0327,movement,train,synthetic_movement_0327,4k3/8/8/R7/8/8/8/4K3 w - - 0 1,white,a5e1,-100.0,-1.0,0,0,19,illegal,piece_movement,
movement_0327,movement_0327,movement,train,synthetic_movement_0327,4k3/8/8/R7/8/8/8/4K3 w - - 0 1,white,a5f1,-100.0,-1.0,0,0,19,illegal,piece_movement,
movement_0328,movement_0328,movement,train,synthetic_movement_0328,4k3/8/8/8/8/3Q4/8/4K3 w - - 0 1,white,d3a3,100.0,1.0,1,1,30,legal,piece_movement,
movement_0328,movement_0328,movement,train,synthetic_movement_0328,4k3/8/8/8/8/3Q4/8/4K3 w - - 0 1,white,d3a6,100.0,1.0,1,1,30,legal,piece_movement,
movement_0328,movement_0328,movement,train,synthetic_movement_0328,4k3/8/8/8/8/3Q4/8/4K3 w - - 0 1,white,d3b1,100.0,1.0,1,1,30,legal,piece_movement,
movement_0328,movement_0328,movement,train,synthetic_movement_0328,4k3/8/8/8/8/3Q4/8/4K3 w - - 0 1,white,d3b3,100.0,1.0,1,1,30,legal,piece_movement,
movement_0328,movement_0328,movement,train,synthetic_movement_0328,4k3/8/8/8/8/3Q4/8/4K3 w - - 0 1,white,d3b5,100.0,1.0,1,1,30,legal,piece_movement,
movement_0328,movement_0328,movement,train,synthetic_movement_0328,4k3/8/8/8/8/3Q4/8/4K3 w - - 0 1,white,d3a1,-100.0,-1.0,0,0,30,illegal,piece_movement,
movement_0328,movement_0328,movement,train,synthetic_movement_0328,4k3/8/8/8/8/3Q4/8/4K3 w - - 0 1,white,d3c1,-100.0,-1.0,0,0,30,illegal,piece_movement,
movement_0328,movement_0328,movement,train,synthetic_movement_0328,4k3/8/8/8/8/3Q4/8/4K3 w - - 0 1,white,d3e1,-100.0,-1.0,0,0,30,illegal,piece_movement,
movement_0328,movement_0328,movement,train,synthetic_movement_0328,4k3/8/8/8/8/3Q4/8/4K3 w - - 0 1,white,d3g1,-100.0,-1.0,0,0,30,illegal,piece_movement,
movement_0328,movement_0328,movement,train,synthetic_movement_0328,4k3/8/8/8/8/3Q4/8/4K3 w - - 0 1,white,d3h1,-100.0,-1.0,0,0,30,illegal,piece_movement,
movement_0329,movement_0329,movement,train,synthetic_movement_0329,4k3/8/8/8/2K5/8/8/4K3 w - - 0 1,white,c4b3,100.0,1.0,1,1,13,legal,piece_movement,
movement_0329,movement_0329,movement,train,synthetic_movement_0329,4k3/8/8/8/2K5/8/8/4K3 w - - 0 1,white,c4b4,100.0,1.0,1,1,13,legal,piece_movement,
movement_0329,movement_0329,movement,train,synthetic_movement_0329,4k3/8/8/8/2K5/8/8/4K3 w - - 0 1,white,c4b5,100.0,1.0,1,1,13,legal,piece_movement,
movement_0329,movement_0329,movement,train,synthetic_movement_0329,4k3/8/8/8/2K5/8/8/4K3 w - - 0 1,white,c4c3,100.0,1.0,1,1,13,legal,piece_movement,
movement_0329,movement_0329,movement,train,synthetic_movement_0329,4k3/8/8/8/2K5/8/8/4K3 w - - 0 1,white,c4c5,100.0,1.0,1,1,13,legal,piece_movement,
movement_0329,movement_0329,movement,train,synthetic_movement_0329,4k3/8/8/8/2K5/8/8/4K3 w - - 0 1,white,c4a1,-100.0,-1.0,0,0,13,illegal,piece_movement,
movement_0329,movement_0329,movement,train,synthetic_movement_0329,4k3/8/8/8/2K5/8/8/4K3 w - - 0 1,white,c4b1,-100.0,-1.0,0,0,13,illegal,piece_movement,
movement_0329,movement_0329,movement,train,synthetic_movement_0329,4k3/8/8/8/2K5/8/8/4K3 w - - 0 1,white,c4c1,-100.0,-1.0,0,0,13,illegal,piece_movement,
movement_0329,movement_0329,movement,train,synthetic_movement_0329,4k3/8/8/8/2K5/8/8/4K3 w - - 0 1,white,c4d1,-100.0,-1.0,0,0,13,illegal,piece_movement,
movement_0329,movement_0329,movement,train,synthetic_movement_0329,4k3/8/8/8/2K5/8/8/4K3 w - - 0 1,white,c4e1,-100.0,-1.0,0,0,13,illegal,piece_movement,
movement_0330,movement_0330,movement,train,synthetic_movement_0330,4k3/p7/8/8/8/8/8/4K3 b - - 0 1,black,a7a5,100.0,1.0,1,1,7,legal,piece_movement,
movement_0330,movement_0330,movement,train,synthetic_movement_0330,4k3/p7/8/8/8/8/8/4K3 b - - 0 1,black,a7a6,100.0,1.0,1,1,7,legal,piece_movement,
movement_0330,movement_0330,movement,train,synthetic_movement_0330,4k3/p7/8/8/8/8/8/4K3 b - - 0 1,black,a7a1,-100.0,-1.0,0,0,7,illegal,piece_movement,
movement_0330,movement_0330,movement,train,synthetic_movement_0330,4k3/p7/8/8/8/8/8/4K3 b - - 0 1,black,a7b1,-100.0,-1.0,0,0,7,illegal,piece_movement,
movement_0330,movement_0330,movement,train,synthetic_movement_0330,4k3/p7/8/8/8/8/8/4K3 b - - 0 1,black,a7c1,-100.0,-1.0,0,0,7,illegal,piece_movement,
movement_0330,movement_0330,movement,train,synthetic_movement_0330,4k3/p7/8/8/8/8/8/4K3 b - - 0 1,black,a7d1,-100.0,-1.0,0,0,7,illegal,piece_movement,
movement_0330,movement_0330,movement,train,synthetic_movement_0330,4k3/p7/8/8/8/8/8/4K3 b - - 0 1,black,a7e1,-100.0,-1.0,0,0,7,illegal,piece_movement,
movement_0331,movement_0331,movement,train,synthetic_movement_0331,4k3/3n4/8/8/8/8/8/4K3 b - - 0 1,black,d7b6,100.0,1.0,1,1,10,legal,piece_movement,
movement_0331,movement_0331,movement,train,synthetic_movement_0331,4k3/3n4/8/8/8/8/8/4K3 b - - 0 1,black,d7b8,100.0,1.0,1,1,10,legal,piece_movement,
movement_0331,movement_0331,movement,train,synthetic_movement_0331,4k3/3n4/8/8/8/8/8/4K3 b - - 0 1,black,d7c5,100.0,1.0,1,1,10,legal,piece_movement,
movement_0331,movement_0331,movement,train,synthetic_movement_0331,4k3/3n4/8/8/8/8/8/4K3 b - - 0 1,black,d7e5,100.0,1.0,1,1,10,legal,piece_movement,
movement_0331,movement_0331,movement,train,synthetic_movement_0331,4k3/3n4/8/8/8/8/8/4K3 b - - 0 1,black,d7f6,100.0,1.0,1,1,10,legal,piece_movement,
movement_0331,movement_0331,movement,train,synthetic_movement_0331,4k3/3n4/8/8/8/8/8/4K3 b - - 0 1,black,d7a1,-100.0,-1.0,0,0,10,illegal,piece_movement,
movement_0331,movement_0331,movement,train,synthetic_movement_0331,4k3/3n4/8/8/8/8/8/4K3 b - - 0 1,black,d7b1,-100.0,-1.0,0,0,10,illegal,piece_movement,
movement_0331,movement_0331,movement,train,synthetic_movement_0331,4k3/3n4/8/8/8/8/8/4K3 b - - 0 1,black,d7c1,-100.0,-1.0,0,0,10,illegal,piece_movement,
movement_0331,movement_0331,movement,train,synthetic_movement_0331,4k3/3n4/8/8/8/8/8/4K3 b - - 0 1,black,d7d1,-100.0,-1.0,0,0,10,illegal,piece_movement,
movement_0331,movement_0331,movement,train,synthetic_movement_0331,4k3/3n4/8/8/8/8/8/4K3 b - - 0 1,black,d7e1,-100.0,-1.0,0,0,10,illegal,piece_movement,
movement_0332,movement_0332,movement,train,synthetic_movement_0332,4k3/8/8/8/3b4/8/8/4K3 b - - 0 1,black,d4a1,100.0,1.0,1,1,18,legal,piece_movement,
movement_0332,movement_0332,movement,train,synthetic_movement_0332,4k3/8/8/8/3b4/8/8/4K3 b - - 0 1,black,d4a7,100.0,1.0,1,1,18,legal,piece_movement,
movement_0332,movement_0332,movement,train,synthetic_movement_0332,4k3/8/8/8/3b4/8/8/4K3 b - - 0 1,black,d4b2,100.0,1.0,1,1,18,legal,piece_movement,
movement_0332,movement_0332,movement,train,synthetic_movement_0332,4k3/8/8/8/3b4/8/8/4K3 b - - 0 1,black,d4b6,100.0,1.0,1,1,18,legal,piece_movement,
movement_0332,movement_0332,movement,train,synthetic_movement_0332,4k3/8/8/8/3b4/8/8/4K3 b - - 0 1,black,d4c3,100.0,1.0,1,1,18,legal,piece_movement,
movement_0332,movement_0332,movement,train,synthetic_movement_0332,4k3/8/8/8/3b4/8/8/4K3 b - - 0 1,black,d4b1,-100.0,-1.0,0,0,18,illegal,piece_movement,
movement_0332,movement_0332,movement,train,synthetic_movement_0332,4k3/8/8/8/3b4/8/8/4K3 b - - 0 1,black,d4c1,-100.0,-1.0,0,0,18,illegal,piece_movement,
movement_0332,movement_0332,movement,train,synthetic_movement_0332,4k3/8/8/8/3b4/8/8/4K3 b - - 0 1,black,d4d1,-100.0,-1.0,0,0,18,illegal,piece_movement,
movement_0332,movement_0332,movement,train,synthetic_movement_0332,4k3/8/8/8/3b4/8/8/4K3 b - - 0 1,black,d4e1,-100.0,-1.0,0,0,18,illegal,piece_movement,
movement_0332,movement_0332,movement,train,synthetic_movement_0332,4k3/8/8/8/3b4/8/8/4K3 b - - 0 1,black,d4f1,-100.0,-1.0,0,0,18,illegal,piece_movement,
movement_0333,movement_0333,movement,train,synthetic_movement_0333,4k3/8/3r4/8/8/8/8/4K3 b - - 0 1,black,d6a6,100.0,1.0,1,1,19,legal,piece_movement,
movement_0333,movement_0333,movement,train,synthetic_movement_0333,4k3/8/3r4/8/8/8/8/4K3 b - - 0 1,black,d6b6,100.0,1.0,1,1,19,legal,piece_movement,
movement_0333,movement_0333,movement,train,synthetic_movement_0333,4k3/8/3r4/8/8/8/8/4K3 b - - 0 1,black,d6c6,100.0,1.0,1,1,19,legal,piece_movement,
movement_0333,movement_0333,movement,train,synthetic_movement_0333,4k3/8/3r4/8/8/8/8/4K3 b - - 0 1,black,d6d1,100.0,1.0,1,1,19,legal,piece_movement,
movement_0333,movement_0333,movement,train,synthetic_movement_0333,4k3/8/3r4/8/8/8/8/4K3 b - - 0 1,black,d6d2,100.0,1.0,1,1,19,legal,piece_movement,
movement_0333,movement_0333,movement,train,synthetic_movement_0333,4k3/8/3r4/8/8/8/8/4K3 b - - 0 1,black,d6a1,-100.0,-1.0,0,0,19,illegal,piece_movement,
movement_0333,movement_0333,movement,train,synthetic_movement_0333,4k3/8/3r4/8/8/8/8/4K3 b - - 0 1,black,d6b1,-100.0,-1.0,0,0,19,illegal,piece_movement,
movement_0333,movement_0333,movement,train,synthetic_movement_0333,4k3/8/3r4/8/8/8/8/4K3 b - - 0 1,black,d6c1,-100.0,-1.0,0,0,19,illegal,piece_movement,
movement_0333,movement_0333,movement,train,synthetic_movement_0333,4k3/8/3r4/8/8/8/8/4K3 b - - 0 1,black,d6e1,-100.0,-1.0,0,0,19,illegal,piece_movement,
movement_0333,movement_0333,movement,train,synthetic_movement_0333,4k3/8/3r4/8/8/8/8/4K3 b - - 0 1,black,d6f1,-100.0,-1.0,0,0,19,illegal,piece_movement,
movement_0334,movement_0334,movement,train,synthetic_movement_0334,4k1q1/8/8/8/8/8/8/4K3 b - - 0 1,black,g8a2,100.0,1.0,1,1,21,legal,piece_movement,
movement_0334,movement_0334,movement,train,synthetic_movement_0334,4k1q1/8/8/8/8/8/8/4K3 b - - 0 1,black,g8b3,100.0,1.0,1,1,21,legal,piece_movement,
movement_0334,movement_0334,movement,train,synthetic_movement_0334,4k1q1/8/8/8/8/8/8/4K3 b - - 0 1,black,g8c4,100.0,1.0,1,1,21,legal,piece_movement,
movement_0334,movement_0334,movement,train,synthetic_movement_0334,4k1q1/8/8/8/8/8/8/4K3 b - - 0 1,black,g8d5,100.0,1.0,1,1,21,legal,piece_movement,
movement_0334,movement_0334,movement,train,synthetic_movement_0334,4k1q1/8/8/8/8/8/8/4K3 b - - 0 1,black,g8e6,100.0,1.0,1,1,21,legal,piece_movement,
movement_0334,movement_0334,movement,train,synthetic_movement_0334,4k1q1/8/8/8/8/8/8/4K3 b - - 0 1,black,g8a1,-100.0,-1.0,0,0,21,illegal,piece_movement,
movement_0334,movement_0334,movement,train,synthetic_movement_0334,4k1q1/8/8/8/8/8/8/4K3 b - - 0 1,black,g8b1,-100.0,-1.0,0,0,21,illegal,piece_movement,
movement_0334,movement_0334,movement,train,synthetic_movement_0334,4k1q1/8/8/8/8/8/8/4K3 b - - 0 1,black,g8c1,-100.0,-1.0,0,0,21,illegal,piece_movement,
movement_0334,movement_0334,movement,train,synthetic_movement_0334,4k1q1/8/8/8/8/8/8/4K3 b - - 0 1,black,g8d1,-100.0,-1.0,0,0,21,illegal,piece_movement,
movement_0334,movement_0334,movement,train,synthetic_movement_0334,4k1q1/8/8/8/8/8/8/4K3 b - - 0 1,black,g8e1,-100.0,-1.0,0,0,21,illegal,piece_movement,
movement_0335,movement_0335,movement,train,synthetic_movement_0335,4k3/8/k7/8/8/8/8/4K3 b - - 0 1,black,a6a5,100.0,1.0,1,1,10,legal,piece_movement,
movement_0335,movement_0335,movement,train,synthetic_movement_0335,4k3/8/k7/8/8/8/8/4K3 b - - 0 1,black,a6a7,100.0,1.0,1,1,10,legal,piece_movement,
movement_0335,movement_0335,movement,train,synthetic_movement_0335,4k3/8/k7/8/8/8/8/4K3 b - - 0 1,black,a6b5,100.0,1.0,1,1,10,legal,piece_movement,
movement_0335,movement_0335,movement,train,synthetic_movement_0335,4k3/8/k7/8/8/8/8/4K3 b - - 0 1,black,a6b6,100.0,1.0,1,1,10,legal,piece_movement,
movement_0335,movement_0335,movement,train,synthetic_movement_0335,4k3/8/k7/8/8/8/8/4K3 b - - 0 1,black,a6b7,100.0,1.0,1,1,10,legal,piece_movement,
movement_0335,movement_0335,movement,train,synthetic_movement_0335,4k3/8/k7/8/8/8/8/4K3 b - - 0 1,black,a6a1,-100.0,-1.0,0,0,10,illegal,piece_movement,
movement_0335,movement_0335,movement,train,synthetic_movement_0335,4k3/8/k7/8/8/8/8/4K3 b - - 0 1,black,a6b1,-100.0,-1.0,0,0,10,illegal,piece_movement,
movement_0335,movement_0335,movement,train,synthetic_movement_0335,4k3/8/k7/8/8/8/8/4K3 b - - 0 1,black,a6c1,-100.0,-1.0,0,0,10,illegal,piece_movement,
movement_0335,movement_0335,movement,train,synthetic_movement_0335,4k3/8/k7/8/8/8/8/4K3 b - - 0 1,black,a6d1,-100.0,-1.0,0,0,10,illegal,piece_movement,
movement_0335,movement_0335,movement,train,synthetic_movement_0335,4k3/8/k7/8/8/8/8/4K3 b - - 0 1,black,a6e1,-100.0,-1.0,0,0,10,illegal,piece_movement,
movement_0337,movement_0337,movement,train,synthetic_movement_0337,1N2k3/8/8/8/8/8/8/4K3 w - - 0 1,white,b8a6,100.0,1.0,1,1,8,legal,piece_movement,
movement_0337,movement_0337,movement,train,synthetic_movement_0337,1N2k3/8/8/8/8/8/8/4K3 w - - 0 1,white,b8c6,100.0,1.0,1,1,8,legal,piece_movement,
movement_0337,movement_0337,movement,train,synthetic_movement_0337,1N2k3/8/8/8/8/8/8/4K3 w - - 0 1,white,b8d7,100.0,1.0,1,1,8,legal,piece_movement,
movement_0337,movement_0337,movement,train,synthetic_movement_0337,1N2k3/8/8/8/8/8/8/4K3 w - - 0 1,white,b8a1,-100.0,-1.0,0,0,8,illegal,piece_movement,
movement_0337,movement_0337,movement,train,synthetic_movement_0337,1N2k3/8/8/8/8/8/8/4K3 w - - 0 1,white,b8b1,-100.0,-1.0,0,0,8,illegal,piece_movement,
movement_0337,movement_0337,movement,train,synthetic_movement_0337,1N2k3/8/8/8/8/8/8/4K3 w - - 0 1,white,b8c1,-100.0,-1.0,0,0,8,illegal,piece_movement,
movement_0337,movement_0337,movement,train,synthetic_movement_0337,1N2k3/8/8/8/8/8/8/4K3 w - - 0 1,white,b8d1,-100.0,-1.0,0,0,8,illegal,piece_movement,
movement_0337,movement_0337,movement,train,synthetic_movement_0337,1N2k3/8/8/8/8/8/8/4K3 w - - 0 1,white,b8e1,-100.0,-1.0,0,0,8,illegal,piece_movement,
movement_0338,movement_0338,movement,train,synthetic_movement_0338,4k3/8/8/3B4/8/8/8/4K3 w - - 0 1,white,d5a2,100.0,1.0,1,1,18,legal,piece_movement,
movement_0338,movement_0338,movement,train,synthetic_movement_0338,4k3/8/8/3B4/8/8/8/4K3 w - - 0 1,white,d5a8,100.0,1.0,1,1,18,legal,piece_movement,
movement_0338,movement_0338,movement,train,synthetic_movement_0338,4k3/8/8/3B4/8/8/8/4K3 w - - 0 1,white,d5b3,100.0,1.0,1,1,18,legal,piece_movement,
movement_0338,movement_0338,movement,train,synthetic_movement_0338,4k3/8/8/3B4/8/8/8/4K3 w - - 0 1,white,d5b7,100.0,1.0,1,1,18,legal,piece_movement,
movement_0338,movement_0338,movement,train,synthetic_movement_0338,4k3/8/8/3B4/8/8/8/4K3 w - - 0 1,white,d5c4,100.0,1.0,1,1,18,legal,piece_movement,
movement_0338,movement_0338,movement,train,synthetic_movement_0338,4k3/8/8/3B4/8/8/8/4K3 w - - 0 1,white,d5a1,-100.0,-1.0,0,0,18,illegal,piece_movement,
movement_0338,movement_0338,movement,train,synthetic_movement_0338,4k3/8/8/3B4/8/8/8/4K3 w - - 0 1,white,d5b1,-100.0,-1.0,0,0,18,illegal,piece_movement,
movement_0338,movement_0338,movement,train,synthetic_movement_0338,4k3/8/8/3B4/8/8/8/4K3 w - - 0 1,white,d5c1,-100.0,-1.0,0,0,18,illegal,piece_movement,
movement_0338,movement_0338,movement,train,synthetic_movement_0338,4k3/8/8/3B4/8/8/8/4K3 w - - 0 1,white,d5d1,-100.0,-1.0,0,0,18,illegal,piece_movement,
movement_0338,movement_0338,movement,train,synthetic_movement_0338,4k3/8/8/3B4/8/8/8/4K3 w - - 0 1,white,d5e1,-100.0,-1.0,0,0,18,illegal,piece_movement,
movement_0339,movement_0339,movement,train,synthetic_movement_0339,4k1R1/8/8/8/8/8/8/4K3 w - - 0 1,white,g8e8,100.0,1.0,1,1,15,legal,piece_movement,
movement_0339,movement_0339,movement,train,synthetic_movement_0339,4k1R1/8/8/8/8/8/8/4K3 w - - 0 1,white,g8f8,100.0,1.0,1,1,15,legal,piece_movement,
movement_0339,movement_0339,movement,train,synthetic_movement_0339,4k1R1/8/8/8/8/8/8/4K3 w - - 0 1,white,g8g1,100.0,1.0,1,1,15,legal,piece_movement,
movement_0339,movement_0339,movement,train,synthetic_movement_0339,4k1R1/8/8/8/8/8/8/4K3 w - - 0 1,white,g8g2,100.0,1.0,1,1,15,legal,piece_movement,
movement_0339,movement_0339,movement,train,synthetic_movement_0339,4k1R1/8/8/8/8/8/8/4K3 w - - 0 1,white,g8g3,100.0,1.0,1,1,15,legal,piece_movement,
movement_0339,movement_0339,movement,train,synthetic_movement_0339,4k1R1/8/8/8/8/8/8/4K3 w - - 0 1,white,g8a1,-100.0,-1.0,0,0,15,illegal,piece_movement,
movement_0339,movement_0339,movement,train,synthetic_movement_0339,4k1R1/8/8/8/8/8/8/4K3 w - - 0 1,white,g8b1,-100.0,-1.0,0,0,15,illegal,piece_movement,
movement_0339,movement_0339,movement,train,synthetic_movement_0339,4k1R1/8/8/8/8/8/8/4K3 w - - 0 1,white,g8c1,-100.0,-1.0,0,0,15,illegal,piece_movement,
movement_0339,movement_0339,movement,train,synthetic_movement_0339,4k1R1/8/8/8/8/8/8/4K3 w - - 0 1,white,g8d1,-100.0,-1.0,0,0,15,illegal,piece_movement,
movement_0339,movement_0339,movement,train,synthetic_movement_0339,4k1R1/8/8/8/8/8/8/4K3 w - - 0 1,white,g8e1,-100.0,-1.0,0,0,15,illegal,piece_movement,
movement_0340,movement_0340,movement,train,synthetic_movement_0340,4k3/8/8/8/3Q4/8/8/4K3 w - - 0 1,white,d4a1,100.0,1.0,1,1,32,legal,piece_movement,
movement_0340,movement_0340,movement,train,synthetic_movement_0340,4k3/8/8/8/3Q4/8/8/4K3 w - - 0 1,white,d4a4,100.0,1.0,1,1,32,legal,piece_movement,
movement_0340,movement_0340,movement,train,synthetic_movement_0340,4k3/8/8/8/3Q4/8/8/4K3 w - - 0 1,white,d4a7,100.0,1.0,1,1,32,legal,piece_movement,
movement_0340,movement_0340,movement,train,synthetic_movement_0340,4k3/8/8/8/3Q4/8/8/4K3 w - - 0 1,white,d4b2,100.0,1.0,1,1,32,legal,piece_movement,
movement_0340,movement_0340,movement,train,synthetic_movement_0340,4k3/8/8/8/3Q4/8/8/4K3 w - - 0 1,white,d4b4,100.0,1.0,1,1,32,legal,piece_movement,
movement_0340,movement_0340,movement,train,synthetic_movement_0340,4k3/8/8/8/3Q4/8/8/4K3 w - - 0 1,white,d4b1,-100.0,-1.0,0,0,32,illegal,piece_movement,
movement_0340,movement_0340,movement,train,synthetic_movement_0340,4k3/8/8/8/3Q4/8/8/4K3 w - - 0 1,white,d4c1,-100.0,-1.0,0,0,32,illegal,piece_movement,
movement_0340,movement_0340,movement,train,synthetic_movement_0340,4k3/8/8/8/3Q4/8/8/4K3 w - - 0 1,white,d4e1,-100.0,-1.0,0,0,32,illegal,piece_movement,
movement_0340,movement_0340,movement,train,synthetic_movement_0340,4k3/8/8/8/3Q4/8/8/4K3 w - - 0 1,white,d4f1,-100.0,-1.0,0,0,32,illegal,piece_movement,
movement_0340,movement_0340,movement,train,synthetic_movement_0340,4k3/8/8/8/3Q4/8/8/4K3 w - - 0 1,white,d4h1,-100.0,-1.0,0,0,32,illegal,piece_movement,
movement_0341,movement_0341,movement,train,synthetic_movement_0341,4k3/8/8/8/8/3K4/8/4K3 w - - 0 1,white,d3c2,100.0,1.0,1,1,13,legal,piece_movement,
movement_0341,movement_0341,movement,train,synthetic_movement_0341,4k3/8/8/8/8/3K4/8/4K3 w - - 0 1,white,d3c3,100.0,1.0,1,1,13,legal,piece_movement,
movement_0341,movement_0341,movement,train,synthetic_movement_0341,4k3/8/8/8/8/3K4/8/4K3 w - - 0 1,white,d3c4,100.0,1.0,1,1,13,legal,piece_movement,
movement_0341,movement_0341,movement,train,synthetic_movement_0341,4k3/8/8/8/8/3K4/8/4K3 w - - 0 1,white,d3d2,100.0,1.0,1,1,13,legal,piece_movement,
movement_0341,movement_0341,movement,train,synthetic_movement_0341,4k3/8/8/8/8/3K4/8/4K3 w - - 0 1,white,d3d4,100.0,1.0,1,1,13,legal,piece_movement,
movement_0341,movement_0341,movement,train,synthetic_movement_0341,4k3/8/8/8/8/3K4/8/4K3 w - - 0 1,white,d3a1,-100.0,-1.0,0,0,13,illegal,piece_movement,
movement_0341,movement_0341,movement,train,synthetic_movement_0341,4k3/8/8/8/8/3K4/8/4K3 w - - 0 1,white,d3b1,-100.0,-1.0,0,0,13,illegal,piece_movement,
movement_0341,movement_0341,movement,train,synthetic_movement_0341,4k3/8/8/8/8/3K4/8/4K3 w - - 0 1,white,d3c1,-100.0,-1.0,0,0,13,illegal,piece_movement,
movement_0341,movement_0341,movement,train,synthetic_movement_0341,4k3/8/8/8/8/3K4/8/4K3 w - - 0 1,white,d3d1,-100.0,-1.0,0,0,13,illegal,piece_movement,
movement_0341,movement_0341,movement,train,synthetic_movement_0341,4k3/8/8/8/8/3K4/8/4K3 w - - 0 1,white,d3e1,-100.0,-1.0,0,0,13,illegal,piece_movement,
movement_0342,movement_0342,movement,train,synthetic_movement_0342,4k3/8/8/8/8/8/1p6/4K3 b - - 0 1,black,b2b1b,100.0,1.0,1,1,9,legal,piece_movement,
movement_0342,movement_0342,movement,train,synthetic_movement_0342,4k3/8/8/8/8/8/1p6/4K3 b - - 0 1,black,b2b1n,100.0,1.0,1,1,9,legal,piece_movement,
movement_0342,movement_0342,movement,train,synthetic_movement_0342,4k3/8/8/8/8/8/1p6/4K3 b - - 0 1,black,b2b1q,100.0,1.0,1,1,9,legal,piece_movement,
movement_0342,movement_0342,movement,train,synthetic_movement_0342,4k3/8/8/8/8/8/1p6/4K3 b - - 0 1,black,b2b1r,100.0,1.0,1,1,9,legal,piece_movement,
movement_0342,movement_0342,movement,train,synthetic_movement_0342,4k3/8/8/8/8/8/1p6/4K3 b - - 0 1,black,b2a1,-100.0,-1.0,0,0,9,illegal,piece_movement,
movement_0342,movement_0342,movement,train,synthetic_movement_0342,4k3/8/8/8/8/8/1p6/4K3 b - - 0 1,black,b2b1,-100.0,-1.0,0,0,9,illegal,piece_movement,
movement_0342,movement_0342,movement,train,synthetic_movement_0342,4k3/8/8/8/8/8/1p6/4K3 b - - 0 1,black,b2c1,-100.0,-1.0,0,0,9,illegal,piece_movement,
movement_0342,movement_0342,movement,train,synthetic_movement_0342,4k3/8/8/8/8/8/1p6/4K3 b - - 0 1,black,b2d1,-100.0,-1.0,0,0,9,illegal,piece_movement,
movement_0342,movement_0342,movement,train,synthetic_movement_0342,4k3/8/8/8/8/8/1p6/4K3 b - - 0 1,black,b2e1,-100.0,-1.0,0,0,9,illegal,piece_movement,
movement_0343,movement_0343,movement,train,synthetic_movement_0343,4k3/8/8/8/8/8/2n5/4K3 b - - 0 1,black,c2a1,100.0,1.0,1,1,11,legal,piece_movement,
movement_0343,movement_0343,movement,train,synthetic_movement_0343,4k3/8/8/8/8/8/2n5/4K3 b - - 0 1,black,c2a3,100.0,1.0,1,1,11,legal,piece_movement,
movement_0343,movement_0343,movement,train,synthetic_movement_0343,4k3/8/8/8/8/8/2n5/4K3 b - - 0 1,black,c2b4,100.0,1.0,1,1,11,legal,piece_movement,
movement_0343,movement_0343,movement,train,synthetic_movement_0343,4k3/8/8/8/8/8/2n5/4K3 b - - 0 1,black,c2d4,100.0,1.0,1,1,11,legal,piece_movement,
movement_0343,movement_0343,movement,train,synthetic_movement_0343,4k3/8/8/8/8/8/2n5/4K3 b - - 0 1,black,c2e1,100.0,1.0,1,1,11,legal,piece_movement,
movement_0343,movement_0343,movement,train,synthetic_movement_0343,4k3/8/8/8/8/8/2n5/4K3 b - - 0 1,black,c2b1,-100.0,-1.0,0,0,11,illegal,piece_movement,
movement_0343,movement_0343,movement,train,synthetic_movement_0343,4k3/8/8/8/8/8/2n5/4K3 b - - 0 1,black,c2c1,-100.0,-1.0,0,0,11,illegal,piece_movement,
movement_0343,movement_0343,movement,train,synthetic_movement_0343,4k3/8/8/8/8/8/2n5/4K3 b - - 0 1,black,c2d1,-100.0,-1.0,0,0,11,illegal,piece_movement,
movement_0343,movement_0343,movement,train,synthetic_movement_0343,4k3/8/8/8/8/8/2n5/4K3 b - - 0 1,black,c2f1,-100.0,-1.0,0,0,11,illegal,piece_movement,
movement_0343,movement_0343,movement,train,synthetic_movement_0343,4k3/8/8/8/8/8/2n5/4K3 b - - 0 1,black,c2g1,-100.0,-1.0,0,0,11,illegal,piece_movement,
movement_0344,movement_0344,movement,train,synthetic_movement_0344,4k3/8/8/5b2/8/8/8/4K3 b - - 0 1,black,f5b1,100.0,1.0,1,1,16,legal,piece_movement,
movement_0344,movement_0344,movement,train,synthetic_movement_0344,4k3/8/8/5b2/8/8/8/4K3 b - - 0 1,black,f5c2,100.0,1.0,1,1,16,legal,piece_movement,
movement_0344,movement_0344,movement,train,synthetic_movement_0344,4k3/8/8/5b2/8/8/8/4K3 b - - 0 1,black,f5c8,100.0,1.0,1,1,16,legal,piece_movement,
movement_0344,movement_0344,movement,train,synthetic_movement_0344,4k3/8/8/5b2/8/8/8/4K3 b - - 0 1,black,f5d3,100.0,1.0,1,1,16,legal,piece_movement,
movement_0344,movement_0344,movement,train,synthetic_movement_0344,4k3/8/8/5b2/8/8/8/4K3 b - - 0 1,black,f5d7,100.0,1.0,1,1,16,legal,piece_movement,
movement_0344,movement_0344,movement,train,synthetic_movement_0344,4k3/8/8/5b2/8/8/8/4K3 b - - 0 1,black,f5a1,-100.0,-1.0,0,0,16,illegal,piece_movement,
movement_0344,movement_0344,movement,train,synthetic_movement_0344,4k3/8/8/5b2/8/8/8/4K3 b - - 0 1,black,f5c1,-100.0,-1.0,0,0,16,illegal,piece_movement,
movement_0344,movement_0344,movement,train,synthetic_movement_0344,4k3/8/8/5b2/8/8/8/4K3 b - - 0 1,black,f5d1,-100.0,-1.0,0,0,16,illegal,piece_movement,
movement_0344,movement_0344,movement,train,synthetic_movement_0344,4k3/8/8/5b2/8/8/8/4K3 b - - 0 1,black,f5e1,-100.0,-1.0,0,0,16,illegal,piece_movement,
movement_0344,movement_0344,movement,train,synthetic_movement_0344,4k3/8/8/5b2/8/8/8/4K3 b - - 0 1,black,f5f1,-100.0,-1.0,0,0,16,illegal,piece_movement,
movement_0345,movement_0345,movement,train,synthetic_movement_0345,4k3/8/8/8/4r3/8/8/4K3 b - - 0 1,black,e4a4,100.0,1.0,1,1,18,legal,piece_movement,
movement_0345,movement_0345,movement,train,synthetic_movement_0345,4k3/8/8/8/4r3/8/8/4K3 b - - 0 1,black,e4b4,100.0,1.0,1,1,18,legal,piece_movement,
movement_0345,movement_0345,movement,train,synthetic_movement_0345,4k3/8/8/8/4r3/8/8/4K3 b - - 0 1,black,e4c4,100.0,1.0,1,1,18,legal,piece_movement,
movement_0345,movement_0345,movement,train,synthetic_movement_0345,4k3/8/8/8/4r3/8/8/4K3 b - - 0 1,black,e4d4,100.0,1.0,1,1,18,legal,piece_movement,
movement_0345,movement_0345,movement,train,synthetic_movement_0345,4k3/8/8/8/4r3/8/8/4K3 b - - 0 1,black,e4e1,100.0,1.0,1,1,18,legal,piece_movement,
movement_0345,movement_0345,movement,train,synthetic_movement_0345,4k3/8/8/8/4r3/8/8/4K3 b - - 0 1,black,e4a1,-100.0,-1.0,0,0,18,illegal,piece_movement,
movement_0345,movement_0345,movement,train,synthetic_movement_0345,4k3/8/8/8/4r3/8/8/4K3 b - - 0 1,black,e4b1,-100.0,-1.0,0,0,18,illegal,piece_movement,
movement_0345,movement_0345,movement,train,synthetic_movement_0345,4k3/8/8/8/4r3/8/8/4K3 b - - 0 1,black,e4c1,-100.0,-1.0,0,0,18,illegal,piece_movement,
movement_0345,movement_0345,movement,train,synthetic_movement_0345,4k3/8/8/8/4r3/8/8/4K3 b - - 0 1,black,e4d1,-100.0,-1.0,0,0,18,illegal,piece_movement,
movement_0345,movement_0345,movement,train,synthetic_movement_0345,4k3/8/8/8/4r3/8/8/4K3 b - - 0 1,black,e4f1,-100.0,-1.0,0,0,18,illegal,piece_movement,
movement_0346,movement_0346,movement,train,synthetic_movement_0346,4k3/8/6q1/8/8/8/8/4K3 b - - 0 1,black,g6a6,100.0,1.0,1,1,27,legal,piece_movement,
movement_0346,movement_0346,movement,train,synthetic_movement_0346,4k3/8/6q1/8/8/8/8/4K3 b - - 0 1,black,g6b1,100.0,1.0,1,1,27,legal,piece_movement,
movement_0346,movement_0346,movement,train,synthetic_movement_0346,4k3/8/6q1/8/8/8/8/4K3 b - - 0 1,black,g6b6,100.0,1.0,1,1,27,legal,piece_movement,
movement_0346,movement_0346,movement,train,synthetic_movement_0346,4k3/8/6q1/8/8/8/8/4K3 b - - 0 1,black,g6c2,100.0,1.0,1,1,27,legal,piece_movement,
movement_0346,movement_0346,movement,train,synthetic_movement_0346,4k3/8/6q1/8/8/8/8/4K3 b - - 0 1,black,g6c6,100.0,1.0,1,1,27,legal,piece_movement,
movement_0346,movement_0346,movement,train,synthetic_movement_0346,4k3/8/6q1/8/8/8/8/4K3 b - - 0 1,black,g6a1,-100.0,-1.0,0,0,27,illegal,piece_movement,
movement_0346,movement_0346,movement,train,synthetic_movement_0346,4k3/8/6q1/8/8/8/8/4K3 b - - 0 1,black,g6c1,-100.0,-1.0,0,0,27,illegal,piece_movement,
movement_0346,movement_0346,movement,train,synthetic_movement_0346,4k3/8/6q1/8/8/8/8/4K3 b - - 0 1,black,g6d1,-100.0,-1.0,0,0,27,illegal,piece_movement,
movement_0346,movement_0346,movement,train,synthetic_movement_0346,4k3/8/6q1/8/8/8/8/4K3 b - - 0 1,black,g6e1,-100.0,-1.0,0,0,27,illegal,piece_movement,
movement_0346,movement_0346,movement,train,synthetic_movement_0346,4k3/8/6q1/8/8/8/8/4K3 b - - 0 1,black,g6f1,-100.0,-1.0,0,0,27,illegal,piece_movement,
movement_0347,movement_0347,movement,train,synthetic_movement_0347,4k3/8/8/8/8/7k/8/4K3 b - - 0 1,black,h3g2,100.0,1.0,1,1,10,legal,piece_movement,
movement_0347,movement_0347,movement,train,synthetic_movement_0347,4k3/8/8/8/8/7k/8/4K3 b - - 0 1,black,h3g3,100.0,1.0,1,1,10,legal,piece_movement,
movement_0347,movement_0347,movement,train,synthetic_movement_0347,4k3/8/8/8/8/7k/8/4K3 b - - 0 1,black,h3g4,100.0,1.0,1,1,10,legal,piece_movement,
movement_0347,movement_0347,movement,train,synthetic_movement_0347,4k3/8/8/8/8/7k/8/4K3 b - - 0 1,black,h3h2,100.0,1.0,1,1,10,legal,piece_movement,
movement_0347,movement_0347,movement,train,synthetic_movement_0347,4k3/8/8/8/8/7k/8/4K3 b - - 0 1,black,h3h4,100.0,1.0,1,1,10,legal,piece_movement,
movement_0347,movement_0347,movement,train,synthetic_movement_0347,4k3/8/8/8/8/7k/8/4K3 b - - 0 1,black,h3a1,-100.0,-1.0,0,0,10,illegal,piece_movement,
movement_0347,movement_0347,movement,train,synthetic_movement_0347,4k3/8/8/8/8/7k/8/4K3 b - - 0 1,black,h3b1,-100.0,-1.0,0,0,10,illegal,piece_movement,
movement_0347,movement_0347,movement,train,synthetic_movement_0347,4k3/8/8/8/8/7k/8/4K3 b - - 0 1,black,h3c1,-100.0,-1.0,0,0,10,illegal,piece_movement,
movement_0347,movement_0347,movement,train,synthetic_movement_0347,4k3/8/8/8/8/7k/8/4K3 b - - 0 1,black,h3d1,-100.0,-1.0,0,0,10,illegal,piece_movement,
movement_0347,movement_0347,movement,train,synthetic_movement_0347,4k3/8/8/8/8/7k/8/4K3 b - - 0 1,black,h3e1,-100.0,-1.0,0,0,10,illegal,piece_movement,
movement_0348,movement_0348,movement,train,synthetic_movement_0348,4k3/8/8/2P5/8/8/8/4K3 w - - 0 1,white,c5c6,100.0,1.0,1,1,6,legal,piece_movement,
movement_0348,movement_0348,movement,train,synthetic_movement_0348,4k3/8/8/2P5/8/8/8/4K3 w - - 0 1,white,c5a1,-100.0,-1.0,0,0,6,illegal,piece_movement,
movement_0348,movement_0348,movement,train,synthetic_movement_0348,4k3/8/8/2P5/8/8/8/4K3 w - - 0 1,white,c5b1,-100.0,-1.0,0,0,6,illegal,piece_movement,
movement_0348,movement_0348,movement,train,synthetic_movement_0348,4k3/8/8/2P5/8/8/8/4K3 w - - 0 1,white,c5c1,-100.0,-1.0,0,0,6,illegal,piece_movement,
movement_0348,movement_0348,movement,train,synthetic_movement_0348,4k3/8/8/2P5/8/8/8/4K3 w - - 0 1,white,c5d1,-100.0,-1.0,0,0,6,illegal,piece_movement,
movement_0348,movement_0348,movement,train,synthetic_movement_0348,4k3/8/8/2P5/8/8/8/4K3 w - - 0 1,white,c5e1,-100.0,-1.0,0,0,6,illegal,piece_movement,
movement_0349,movement_0349,movement,train,synthetic_movement_0349,4k3/8/8/8/8/8/2N5/4K3 w - - 0 1,white,c2a1,100.0,1.0,1,1,10,legal,piece_movement,
movement_0349,movement_0349,movement,train,synthetic_movement_0349,4k3/8/8/8/8/8/2N5/4K3 w - - 0 1,white,c2a3,100.0,1.0,1,1,10,legal,piece_movement,
movement_0349,movement_0349,movement,train,synthetic_movement_0349,4k3/8/8/8/8/8/2N5/4K3 w - - 0 1,white,c2b4,100.0,1.0,1,1,10,legal,piece_movement,
movement_0349,movement_0349,movement,train,synthetic_movement_0349,4k3/8/8/8/8/8/2N5/4K3 w - - 0 1,white,c2d4,100.0,1.0,1,1,10,legal,piece_movement,
movement_0349,movement_0349,movement,train,synthetic_movement_0349,4k3/8/8/8/8/8/2N5/4K3 w - - 0 1,white,c2e3,100.0,1.0,1,1,10,legal,piece_movement,
movement_0349,movement_0349,movement,train,synthetic_movement_0349,4k3/8/8/8/8/8/2N5/4K3 w - - 0 1,white,c2b1,-100.0,-1.0,0,0,10,illegal,piece_movement,
movement_0349,movement_0349,movement,train,synthetic_movement_0349,4k3/8/8/8/8/8/2N5/4K3 w - - 0 1,white,c2c1,-100.0,-1.0,0,0,10,illegal,piece_movement,
movement_0349,movement_0349,movement,train,synthetic_movement_0349,4k3/8/8/8/8/8/2N5/4K3 w - - 0 1,white,c2d1,-100.0,-1.0,0,0,10,illegal,piece_movement,
movement_0349,movement_0349,movement,train,synthetic_movement_0349,4k3/8/8/8/8/8/2N5/4K3 w - - 0 1,white,c2e1,-100.0,-1.0,0,0,10,illegal,piece_movement,
movement_0349,movement_0349,movement,train,synthetic_movement_0349,4k3/8/8/8/8/8/2N5/4K3 w - - 0 1,white,c2f1,-100.0,-1.0,0,0,10,illegal,piece_movement,
movement_0350,movement_0350,movement,train,synthetic_movement_0350,4k3/B7/8/8/8/8/8/4K3 w - - 0 1,white,a7b6,100.0,1.0,1,1,12,legal,piece_movement,
movement_0350,movement_0350,movement,train,synthetic_movement_0350,4k3/B7/8/8/8/8/8/4K3 w - - 0 1,white,a7b8,100.0,1.0,1,1,12,legal,piece_movement,
movement_0350,movement_0350,movement,train,synthetic_movement_0350,4k3/B7/8/8/8/8/8/4K3 w - - 0 1,white,a7c5,100.0,1.0,1,1,12,legal,piece_movement,
movement_0350,movement_0350,movement,train,synthetic_movement_0350,4k3/B7/8/8/8/8/8/4K3 w - - 0 1,white,a7d4,100.0,1.0,1,1,12,legal,piece_movement,
movement_0350,movement_0350,movement,train,synthetic_movement_0350,4k3/B7/8/8/8/8/8/4K3 w - - 0 1,white,a7e3,100.0,1.0,1,1,12,legal,piece_movement,
movement_0350,movement_0350,movement,train,synthetic_movement_0350,4k3/B7/8/8/8/8/8/4K3 w - - 0 1,white,a7a1,-100.0,-1.0,0,0,12,illegal,piece_movement,
movement_0350,movement_0350,movement,train,synthetic_movement_0350,4k3/B7/8/8/8/8/8/4K3 w - - 0 1,white,a7b1,-100.0,-1.0,0,0,12,illegal,piece_movement,
movement_0350,movement_0350,movement,train,synthetic_movement_0350,4k3/B7/8/8/8/8/8/4K3 w - - 0 1,white,a7c1,-100.0,-1.0,0,0,12,illegal,piece_movement,
movement_0350,movement_0350,movement,train,synthetic_movement_0350,4k3/B7/8/8/8/8/8/4K3 w - - 0 1,white,a7d1,-100.0,-1.0,0,0,12,illegal,piece_movement,
movement_0350,movement_0350,movement,train,synthetic_movement_0350,4k3/B7/8/8/8/8/8/4K3 w - - 0 1,white,a7e1,-100.0,-1.0,0,0,12,illegal,piece_movement,
movement_0351,movement_0351,movement,train,synthetic_movement_0351,4k3/8/8/8/8/8/2R5/4K3 w - - 0 1,white,c2a2,100.0,1.0,1,1,19,legal,piece_movement,
movement_0351,movement_0351,movement,train,synthetic_movement_0351,4k3/8/8/8/8/8/2R5/4K3 w - - 0 1,white,c2b2,100.0,1.0,1,1,19,legal,piece_movement,
movement_0351,movement_0351,movement,train,synthetic_movement_0351,4k3/8/8/8/8/8/2R5/4K3 w - - 0 1,white,c2c1,100.0,1.0,1,1,19,legal,piece_movement,
movement_0351,movement_0351,movement,train,synthetic_movement_0351,4k3/8/8/8/8/8/2R5/4K3 w - - 0 1,white,c2c3,100.0,1.0,1,1,19,legal,piece_movement,
movement_0351,movement_0351,movement,train,synthetic_movement_0351,4k3/8/8/8/8/8/2R5/4K3 w - - 0 1,white,c2c4,100.0,1.0,1,1,19,legal,piece_movement,
movement_0351,movement_0351,movement,train,synthetic_movement_0351,4k3/8/8/8/8/8/2R5/4K3 w - - 0 1,white,c2a1,-100.0,-1.0,0,0,19,illegal,piece_movement,
movement_0351,movement_0351,movement,train,synthetic_movement_0351,4k3/8/8/8/8/8/2R5/4K3 w - - 0 1,white,c2b1,-100.0,-1.0,0,0,19,illegal,piece_movement,
movement_0351,movement_0351,movement,train,synthetic_movement_0351,4k3/8/8/8/8/8/2R5/4K3 w - - 0 1,white,c2d1,-100.0,-1.0,0,0,19,illegal,piece_movement,
movement_0351,movement_0351,movement,train,synthetic_movement_0351,4k3/8/8/8/8/8/2R5/4K3 w - - 0 1,white,c2e1,-100.0,-1.0,0,0,19,illegal,piece_movement,
movement_0351,movement_0351,movement,train,synthetic_movement_0351,4k3/8/8/8/8/8/2R5/4K3 w - - 0 1,white,c2f1,-100.0,-1.0,0,0,19,illegal,piece_movement,
movement_0352,movement_0352,movement,train,synthetic_movement_0352,4k3/1Q6/8/8/8/8/8/4K3 w - - 0 1,white,b7a6,100.0,1.0,1,1,28,legal,piece_movement,
movement_0352,movement_0352,movement,train,synthetic_movement_0352,4k3/1Q6/8/8/8/8/8/4K3 w - - 0 1,white,b7a7,100.0,1.0,1,1,28,legal,piece_movement,
movement_0352,movement_0352,movement,train,synthetic_movement_0352,4k3/1Q6/8/8/8/8/8/4K3 w - - 0 1,white,b7a8,100.0,1.0,1,1,28,legal,piece_movement,
movement_0352,movement_0352,movement,train,synthetic_movement_0352,4k3/1Q6/8/8/8/8/8/4K3 w - - 0 1,white,b7b1,100.0,1.0,1,1,28,legal,piece_movement,
movement_0352,movement_0352,movement,train,synthetic_movement_0352,4k3/1Q6/8/8/8/8/8/4K3 w - - 0 1,white,b7b2,100.0,1.0,1,1,28,legal,piece_movement,
movement_0352,movement_0352,movement,train,synthetic_movement_0352,4k3/1Q6/8/8/8/8/8/4K3 w - - 0 1,white,b7a1,-100.0,-1.0,0,0,28,illegal,piece_movement,
movement_0352,movement_0352,movement,train,synthetic_movement_0352,4k3/1Q6/8/8/8/8/8/4K3 w - - 0 1,white,b7c1,-100.0,-1.0,0,0,28,illegal,piece_movement,
movement_0352,movement_0352,movement,train,synthetic_movement_0352,4k3/1Q6/8/8/8/8/8/4K3 w - - 0 1,white,b7d1,-100.0,-1.0,0,0,28,illegal,piece_movement,
movement_0352,movement_0352,movement,train,synthetic_movement_0352,4k3/1Q6/8/8/8/8/8/4K3 w - - 0 1,white,b7e1,-100.0,-1.0,0,0,28,illegal,piece_movement,
movement_0352,movement_0352,movement,train,synthetic_movement_0352,4k3/1Q6/8/8/8/8/8/4K3 w - - 0 1,white,b7f1,-100.0,-1.0,0,0,28,illegal,piece_movement,
movement_0353,movement_0353,movement,train,synthetic_movement_0353,4k3/8/8/8/8/8/2K5/4K3 w - - 0 1,white,c2b1,100.0,1.0,1,1,13,legal,piece_movement,
movement_0353,movement_0353,movement,train,synthetic_movement_0353,4k3/8/8/8/8/8/2K5/4K3 w - - 0 1,white,c2b2,100.0,1.0,1,1,13,legal,piece_movement,
movement_0353,movement_0353,movement,train,synthetic_movement_0353,4k3/8/8/8/8/8/2K5/4K3 w - - 0 1,white,c2b3,100.0,1.0,1,1,13,legal,piece_movement,
movement_0353,movement_0353,movement,train,synthetic_movement_0353,4k3/8/8/8/8/8/2K5/4K3 w - - 0 1,white,c2c1,100.0,1.0,1,1,13,legal,piece_movement,
movement_0353,movement_0353,movement,train,synthetic_movement_0353,4k3/8/8/8/8/8/2K5/4K3 w - - 0 1,white,c2c3,100.0,1.0,1,1,13,legal,piece_movement,
movement_0353,movement_0353,movement,train,synthetic_movement_0353,4k3/8/8/8/8/8/2K5/4K3 w - - 0 1,white,c2a1,-100.0,-1.0,0,0,13,illegal,piece_movement,
movement_0353,movement_0353,movement,train,synthetic_movement_0353,4k3/8/8/8/8/8/2K5/4K3 w - - 0 1,white,c2e1,-100.0,-1.0,0,0,13,illegal,piece_movement,
movement_0353,movement_0353,movement,train,synthetic_movement_0353,4k3/8/8/8/8/8/2K5/4K3 w - - 0 1,white,c2f1,-100.0,-1.0,0,0,13,illegal,piece_movement,
movement_0353,movement_0353,movement,train,synthetic_movement_0353,4k3/8/8/8/8/8/2K5/4K3 w - - 0 1,white,c2g1,-100.0,-1.0,0,0,13,illegal,piece_movement,
movement_0353,movement_0353,movement,train,synthetic_movement_0353,4k3/8/8/8/8/8/2K5/4K3 w - - 0 1,white,c2h1,-100.0,-1.0,0,0,13,illegal,piece_movement,
movement_0354,movement_0354,movement,train,synthetic_movement_0354,4k3/8/8/8/1p6/8/8/4K3 b - - 0 1,black,b4b3,100.0,1.0,1,1,6,legal,piece_movement,
movement_0354,movement_0354,movement,train,synthetic_movement_0354,4k3/8/8/8/1p6/8/8/4K3 b - - 0 1,black,b4a1,-100.0,-1.0,0,0,6,illegal,piece_movement,
movement_0354,movement_0354,movement,train,synthetic_movement_0354,4k3/8/8/8/1p6/8/8/4K3 b - - 0 1,black,b4b1,-100.0,-1.0,0,0,6,illegal,piece_movement,
movement_0354,movement_0354,movement,train,synthetic_movement_0354,4k3/8/8/8/1p6/8/8/4K3 b - - 0 1,black,b4c1,-100.0,-1.0,0,0,6,illegal,piece_movement,
movement_0354,movement_0354,movement,train,synthetic_movement_0354,4k3/8/8/8/1p6/8/8/4K3 b - - 0 1,black,b4d1,-100.0,-1.0,0,0,6,illegal,piece_movement,
movement_0354,movement_0354,movement,train,synthetic_movement_0354,4k3/8/8/8/1p6/8/8/4K3 b - - 0 1,black,b4e1,-100.0,-1.0,0,0,6,illegal,piece_movement,
movement_0355,movement_0355,movement,train,synthetic_movement_0355,4k3/8/8/8/4n3/8/8/4K3 b - - 0 1,black,e4c3,100.0,1.0,1,1,13,legal,piece_movement,
movement_0355,movement_0355,movement,train,synthetic_movement_0355,4k3/8/8/8/4n3/8/8/4K3 b - - 0 1,black,e4c5,100.0,1.0,1,1,13,legal,piece_movement,
movement_0355,movement_0355,movement,train,synthetic_movement_0355,4k3/8/8/8/4n3/8/8/4K3 b - - 0 1,black,e4d2,100.0,1.0,1,1,13,legal,piece_movement,
movement_0355,movement_0355,movement,train,synthetic_movement_0355,4k3/8/8/8/4n3/8/8/4K3 b - - 0 1,black,e4d6,100.0,1.0,1,1,13,legal,piece_movement,
movement_0355,movement_0355,movement,train,synthetic_movement_0355,4k3/8/8/8/4n3/8/8/4K3 b - - 0 1,black,e4f2,100.0,1.0,1,1,13,legal,piece_movement,
movement_0355,movement_0355,movement,train,synthetic_movement_0355,4k3/8/8/8/4n3/8/8/4K3 b - - 0 1,black,e4a1,-100.0,-1.0,0,0,13,illegal,piece_movement,
movement_0355,movement_0355,movement,train,synthetic_movement_0355,4k3/8/8/8/4n3/8/8/4K3 b - - 0 1,black,e4b1,-100.0,-1.0,0,0,13,illegal,piece_movement,
movement_0355,movement_0355,movement,train,synthetic_movement_0355,4k3/8/8/8/4n3/8/8/4K3 b - - 0 1,black,e4c1,-100.0,-1.0,0,0,13,illegal,piece_movement,
movement_0355,movement_0355,movement,train,synthetic_movement_0355,4k3/8/8/8/4n3/8/8/4K3 b - - 0 1,black,e4d1,-100.0,-1.0,0,0,13,illegal,piece_movement,
movement_0355,movement_0355,movement,train,synthetic_movement_0355,4k3/8/8/8/4n3/8/8/4K3 b - - 0 1,black,e4e1,-100.0,-1.0,0,0,13,illegal,piece_movement,
movement_0356,movement_0356,movement,train,synthetic_movement_0356,4k3/8/8/8/3b4/8/8/4K3 b - - 0 1,black,d4a1,100.0,1.0,1,1,18,legal,piece_movement,
movement_0356,movement_0356,movement,train,synthetic_movement_0356,4k3/8/8/8/3b4/8/8/4K3 b - - 0 1,black,d4a7,100.0,1.0,1,1,18,legal,piece_movement,
movement_0356,movement_0356,movement,train,synthetic_movement_0356,4k3/8/8/8/3b4/8/8/4K3 b - - 0 1,black,d4b2,100.0,1.0,1,1,18,legal,piece_movement,
movement_0356,movement_0356,movement,train,synthetic_movement_0356,4k3/8/8/8/3b4/8/8/4K3 b - - 0 1,black,d4b6,100.0,1.0,1,1,18,legal,piece_movement,
movement_0356,movement_0356,movement,train,synthetic_movement_0356,4k3/8/8/8/3b4/8/8/4K3 b - - 0 1,black,d4c3,100.0,1.0,1,1,18,legal,piece_movement,
movement_0356,movement_0356,movement,train,synthetic_movement_0356,4k3/8/8/8/3b4/8/8/4K3 b - - 0 1,black,d4b1,-100.0,-1.0,0,0,18,illegal,piece_movement,
movement_0356,movement_0356,movement,train,synthetic_movement_0356,4k3/8/8/8/3b4/8/8/4K3 b - - 0 1,black,d4c1,-100.0,-1.0,0,0,18,illegal,piece_movement,
movement_0356,movement_0356,movement,train,synthetic_movement_0356,4k3/8/8/8/3b4/8/8/4K3 b - - 0 1,black,d4d1,-100.0,-1.0,0,0,18,illegal,piece_movement,
movement_0356,movement_0356,movement,train,synthetic_movement_0356,4k3/8/8/8/3b4/8/8/4K3 b - - 0 1,black,d4e1,-100.0,-1.0,0,0,18,illegal,piece_movement,
movement_0356,movement_0356,movement,train,synthetic_movement_0356,4k3/8/8/8/3b4/8/8/4K3 b - - 0 1,black,d4f1,-100.0,-1.0,0,0,18,illegal,piece_movement,
movement_0357,movement_0357,movement,train,synthetic_movement_0357,4k3/8/8/8/8/3r4/8/4K3 b - - 0 1,black,d3a3,100.0,1.0,1,1,19,legal,piece_movement,
movement_0357,movement_0357,movement,train,synthetic_movement_0357,4k3/8/8/8/8/3r4/8/4K3 b - - 0 1,black,d3b3,100.0,1.0,1,1,19,legal,piece_movement,
movement_0357,movement_0357,movement,train,synthetic_movement_0357,4k3/8/8/8/8/3r4/8/4K3 b - - 0 1,black,d3c3,100.0,1.0,1,1,19,legal,piece_movement,
movement_0357,movement_0357,movement,train,synthetic_movement_0357,4k3/8/8/8/8/3r4/8/4K3 b - - 0 1,black,d3d1,100.0,1.0,1,1,19,legal,piece_movement,
movement_0357,movement_0357,movement,train,synthetic_movement_0357,4k3/8/8/8/8/3r4/8/4K3 b - - 0 1,black,d3d2,100.0,1.0,1,1,19,legal,piece_movement,
movement_0357,movement_0357,movement,train,synthetic_movement_0357,4k3/8/8/8/8/3r4/8/4K3 b - - 0 1,black,d3a1,-100.0,-1.0,0,0,19,illegal,piece_movement,
movement_0357,movement_0357,movement,train,synthetic_movement_0357,4k3/8/8/8/8/3r4/8/4K3 b - - 0 1,black,d3b1,-100.0,-1.0,0,0,19,illegal,piece_movement,
movement_0357,movement_0357,movement,train,synthetic_movement_0357,4k3/8/8/8/8/3r4/8/4K3 b - - 0 1,black,d3c1,-100.0,-1.0,0,0,19,illegal,piece_movement,
movement_0357,movement_0357,movement,train,synthetic_movement_0357,4k3/8/8/8/8/3r4/8/4K3 b - - 0 1,black,d3e1,-100.0,-1.0,0,0,19,illegal,piece_movement,
movement_0357,movement_0357,movement,train,synthetic_movement_0357,4k3/8/8/8/8/3r4/8/4K3 b - - 0 1,black,d3f1,-100.0,-1.0,0,0,19,illegal,piece_movement,
movement_0358,movement_0358,movement,train,synthetic_movement_0358,4k3/8/8/7q/8/8/8/4K3 b - - 0 1,black,h5a5,100.0,1.0,1,1,25,legal,piece_movement,
movement_0358,movement_0358,movement,train,synthetic_movement_0358,4k3/8/8/7q/8/8/8/4K3 b - - 0 1,black,h5b5,100.0,1.0,1,1,25,legal,piece_movement,
movement_0358,movement_0358,movement,train,synthetic_movement_0358,4k3/8/8/7q/8/8/8/4K3 b - - 0 1,black,h5c5,100.0,1.0,1,1,25,legal,piece_movement,
movement_0358,movement_0358,movement,train,synthetic_movement_0358,4k3/8/8/7q/8/8/8/4K3 b - - 0 1,black,h5d1,100.0,1.0,1,1,25,legal,piece_movement,
movement_0358,movement_0358,movement,train,synthetic_movement_0358,4k3/8/8/7q/8/8/8/4K3 b - - 0 1,black,h5d5,100.0,1.0,1,1,25,legal,piece_movement,
movement_0358,movement_0358,movement,train,synthetic_movement_0358,4k3/8/8/7q/8/8/8/4K3 b - - 0 1,black,h5a1,-100.0,-1.0,0,0,25,illegal,piece_movement,
movement_0358,movement_0358,movement,train,synthetic_movement_0358,4k3/8/8/7q/8/8/8/4K3 b - - 0 1,black,h5b1,-100.0,-1.0,0,0,25,illegal,piece_movement,
movement_0358,movement_0358,movement,train,synthetic_movement_0358,4k3/8/8/7q/8/8/8/4K3 b - - 0 1,black,h5c1,-100.0,-1.0,0,0,25,illegal,piece_movement,
movement_0358,movement_0358,movement,train,synthetic_movement_0358,4k3/8/8/7q/8/8/8/4K3 b - - 0 1,black,h5e1,-100.0,-1.0,0,0,25,illegal,piece_movement,
movement_0358,movement_0358,movement,train,synthetic_movement_0358,4k3/8/8/7q/8/8/8/4K3 b - - 0 1,black,h5f1,-100.0,-1.0,0,0,25,illegal,piece_movement,
movement_0359,movement_0359,movement,train,synthetic_movement_0359,4k3/8/8/6k1/8/8/8/4K3 b - - 0 1,black,g5f4,100.0,1.0,1,1,13,legal,piece_movement,
movement_0359,movement_0359,movement,train,synthetic_movement_0359,4k3/8/8/6k1/8/8/8/4K3 b - - 0 1,black,g5f5,100.0,1.0,1,1,13,legal,piece_movement,
movement_0359,movement_0359,movement,train,synthetic_movement_0359,4k3/8/8/6k1/8/8/8/4K3 b - - 0 1,black,g5f6,100.0,1.0,1,1,13,legal,piece_movement,
movement_0359,movement_0359,movement,train,synthetic_movement_0359,4k3/8/8/6k1/8/8/8/4K3 b - - 0 1,black,g5g4,100.0,1.0,1,1,13,legal,piece_movement,
movement_0359,movement_0359,movement,train,synthetic_movement_0359,4k3/8/8/6k1/8/8/8/4K3 b - - 0 1,black,g5g6,100.0,1.0,1,1,13,legal,piece_movement,
movement_0359,movement_0359,movement,train,synthetic_movement_0359,4k3/8/8/6k1/8/8/8/4K3 b - - 0 1,black,g5a1,-100.0,-1.0,0,0,13,illegal,piece_movement,
movement_0359,movement_0359,movement,train,synthetic_movement_0359,4k3/8/8/6k1/8/8/8/4K3 b - - 0 1,black,g5b1,-100.0,-1.0,0,0,13,illegal,piece_movement,
movement_0359,movement_0359,movement,train,synthetic_movement_0359,4k3/8/8/6k1/8/8/8/4K3 b - - 0 1,black,g5c1,-100.0,-1.0,0,0,13,illegal,piece_movement,
movement_0359,movement_0359,movement,train,synthetic_movement_0359,4k3/8/8/6k1/8/8/8/4K3 b - - 0 1,black,g5d1,-100.0,-1.0,0,0,13,illegal,piece_movement,
movement_0359,movement_0359,movement,train,synthetic_movement_0359,4k3/8/8/6k1/8/8/8/4K3 b - - 0 1,black,g5e1,-100.0,-1.0,0,0,13,illegal,piece_movement,
movement_0360,movement_0360,movement,validation,synthetic_movement_0360,4k3/8/8/8/P7/8/8/4K3 w - - 0 1,white,a4a5,100.0,1.0,1,1,6,legal,piece_movement,
movement_0360,movement_0360,movement,validation,synthetic_movement_0360,4k3/8/8/8/P7/8/8/4K3 w - - 0 1,white,a4a1,-100.0,-1.0,0,0,6,illegal,piece_movement,
movement_0360,movement_0360,movement,validation,synthetic_movement_0360,4k3/8/8/8/P7/8/8/4K3 w - - 0 1,white,a4b1,-100.0,-1.0,0,0,6,illegal,piece_movement,
movement_0360,movement_0360,movement,validation,synthetic_movement_0360,4k3/8/8/8/P7/8/8/4K3 w - - 0 1,white,a4c1,-100.0,-1.0,0,0,6,illegal,piece_movement,
movement_0360,movement_0360,movement,validation,synthetic_movement_0360,4k3/8/8/8/P7/8/8/4K3 w - - 0 1,white,a4d1,-100.0,-1.0,0,0,6,illegal,piece_movement,
movement_0360,movement_0360,movement,validation,synthetic_movement_0360,4k3/8/8/8/P7/8/8/4K3 w - - 0 1,white,a4e1,-100.0,-1.0,0,0,6,illegal,piece_movement,
movement_0361,movement_0361,movement,validation,synthetic_movement_0361,4k3/8/8/8/8/8/8/4K1N1 w - - 0 1,white,g1e2,100.0,1.0,1,1,8,legal,piece_movement,
movement_0361,movement_0361,movement,validation,synthetic_movement_0361,4k3/8/8/8/8/8/8/4K1N1 w - - 0 1,white,g1f3,100.0,1.0,1,1,8,legal,piece_movement,
movement_0361,movement_0361,movement,validation,synthetic_movement_0361,4k3/8/8/8/8/8/8/4K1N1 w - - 0 1,white,g1h3,100.0,1.0,1,1,8,legal,piece_movement,
movement_0361,movement_0361,movement,validation,synthetic_movement_0361,4k3/8/8/8/8/8/8/4K1N1 w - - 0 1,white,g1a1,-100.0,-1.0,0,0,8,illegal,piece_movement,
movement_0361,movement_0361,movement,validation,synthetic_movement_0361,4k3/8/8/8/8/8/8/4K1N1 w - - 0 1,white,g1b1,-100.0,-1.0,0,0,8,illegal,piece_movement,
movement_0361,movement_0361,movement,validation,synthetic_movement_0361,4k3/8/8/8/8/8/8/4K1N1 w - - 0 1,white,g1c1,-100.0,-1.0,0,0,8,illegal,piece_movement,
movement_0361,movement_0361,movement,validation,synthetic_movement_0361,4k3/8/8/8/8/8/8/4K1N1 w - - 0 1,white,g1d1,-100.0,-1.0,0,0,8,illegal,piece_movement,
movement_0361,movement_0361,movement,validation,synthetic_movement_0361,4k3/8/8/8/8/8/8/4K1N1 w - - 0 1,white,g1e1,-100.0,-1.0,0,0,8,illegal,piece_movement,
movement_0362,movement_0362,movement,validation,synthetic_movement_0362,4k3/8/8/8/1B6/8/8/4K3 w - - 0 1,white,b4a3,100.0,1.0,1,1,13,legal,piece_movement,
movement_0362,movement_0362,movement,validation,synthetic_movement_0362,4k3/8/8/8/1B6/8/8/4K3 w - - 0 1,white,b4a5,100.0,1.0,1,1,13,legal,piece_movement,
movement_0362,movement_0362,movement,validation,synthetic_movement_0362,4k3/8/8/8/1B6/8/8/4K3 w - - 0 1,white,b4c3,100.0,1.0,1,1,13,legal,piece_movement,
movement_0362,movement_0362,movement,validation,synthetic_movement_0362,4k3/8/8/8/1B6/8/8/4K3 w - - 0 1,white,b4c5,100.0,1.0,1,1,13,legal,piece_movement,
movement_0362,movement_0362,movement,validation,synthetic_movement_0362,4k3/8/8/8/1B6/8/8/4K3 w - - 0 1,white,b4d2,100.0,1.0,1,1,13,legal,piece_movement,
movement_0362,movement_0362,movement,validation,synthetic_movement_0362,4k3/8/8/8/1B6/8/8/4K3 w - - 0 1,white,b4a1,-100.0,-1.0,0,0,13,illegal,piece_movement,
movement_0362,movement_0362,movement,validation,synthetic_movement_0362,4k3/8/8/8/1B6/8/8/4K3 w - - 0 1,white,b4b1,-100.0,-1.0,0,0,13,illegal,piece_movement,
movement_0362,movement_0362,movement,validation,synthetic_movement_0362,4k3/8/8/8/1B6/8/8/4K3 w - - 0 1,white,b4c1,-100.0,-1.0,0,0,13,illegal,piece_movement,
movement_0362,movement_0362,movement,validation,synthetic_movement_0362,4k3/8/8/8/1B6/8/8/4K3 w - - 0 1,white,b4d1,-100.0,-1.0,0,0,13,illegal,piece_movement,
movement_0362,movement_0362,movement,validation,synthetic_movement_0362,4k3/8/8/8/1B6/8/8/4K3 w - - 0 1,white,b4e1,-100.0,-1.0,0,0,13,illegal,piece_movement,
movement_0363,movement_0363,movement,validation,synthetic_movement_0363,4k3/8/8/6R1/8/8/8/4K3 w - - 0 1,white,g5a5,100.0,1.0,1,1,19,legal,piece_movement,
movement_0363,movement_0363,movement,validation,synthetic_movement_0363,4k3/8/8/6R1/8/8/8/4K3 w - - 0 1,white,g5b5,100.0,1.0,1,1,19,legal,piece_movement,
movement_0363,movement_0363,movement,validation,synthetic_movement_0363,4k3/8/8/6R1/8/8/8/4K3 w - - 0 1,white,g5c5,100.0,1.0,1,1,19,legal,piece_movement,
movement_0363,movement_0363,movement,validation,synthetic_movement_0363,4k3/8/8/6R1/8/8/8/4K3 w - - 0 1,white,g5d5,100.0,1.0,1,1,19,legal,piece_movement,
movement_0363,movement_0363,movement,validation,synthetic_movement_0363,4k3/8/8/6R1/8/8/8/4K3 w - - 0 1,white,g5e5,100.0,1.0,1,1,19,legal,piece_movement,
movement_0363,movement_0363,movement,validation,synthetic_movement_0363,4k3/8/8/6R1/8/8/8/4K3 w - - 0 1,white,g5a1,-100.0,-1.0,0,0,19,illegal,piece_movement,
movement_0363,movement_0363,movement,validation,synthetic_movement_0363,4k3/8/8/6R1/8/8/8/4K3 w - - 0 1,white,g5b1,-100.0,-1.0,0,0,19,illegal,piece_movement,
movement_0363,movement_0363,movement,validation,synthetic_movement_0363,4k3/8/8/6R1/8/8/8/4K3 w - - 0 1,white,g5c1,-100.0,-1.0,0,0,19,illegal,piece_movement,
movement_0363,movement_0363,movement,validation,synthetic_movement_0363,4k3/8/8/6R1/8/8/8/4K3 w - - 0 1,white,g5d1,-100.0,-1.0,0,0,19,illegal,piece_movement,
movement_0363,movement_0363,movement,validation,synthetic_movement_0363,4k3/8/8/6R1/8/8/8/4K3 w - - 0 1,white,g5e1,-100.0,-1.0,0,0,19,illegal,piece_movement,
movement_0364,movement_0364,movement,validation,synthetic_movement_0364,4k3/1Q6/8/8/8/8/8/4K3 w - - 0 1,white,b7a6,100.0,1.0,1,1,28,legal,piece_movement,
movement_0364,movement_0364,movement,validation,synthetic_movement_0364,4k3/1Q6/8/8/8/8/8/4K3 w - - 0 1,white,b7a7,100.0,1.0,1,1,28,legal,piece_movement,
movement_0364,movement_0364,movement,validation,synthetic_movement_0364,4k3/1Q6/8/8/8/8/8/4K3 w - - 0 1,white,b7a8,100.0,1.0,1,1,28,legal,piece_movement,
movement_0364,movement_0364,movement,validation,synthetic_movement_0364,4k3/1Q6/8/8/8/8/8/4K3 w - - 0 1,white,b7b1,100.0,1.0,1,1,28,legal,piece_movement,
movement_0364,movement_0364,movement,validation,synthetic_movement_0364,4k3/1Q6/8/8/8/8/8/4K3 w - - 0 1,white,b7b2,100.0,1.0,1,1,28,legal,piece_movement,
movement_0364,movement_0364,movement,validation,synthetic_movement_0364,4k3/1Q6/8/8/8/8/8/4K3 w - - 0 1,white,b7a1,-100.0,-1.0,0,0,28,illegal,piece_movement,
movement_0364,movement_0364,movement,validation,synthetic_movement_0364,4k3/1Q6/8/8/8/8/8/4K3 w - - 0 1,white,b7c1,-100.0,-1.0,0,0,28,illegal,piece_movement,
movement_0364,movement_0364,movement,validation,synthetic_movement_0364,4k3/1Q6/8/8/8/8/8/4K3 w - - 0 1,white,b7d1,-100.0,-1.0,0,0,28,illegal,piece_movement,
movement_0364,movement_0364,movement,validation,synthetic_movement_0364,4k3/1Q6/8/8/8/8/8/4K3 w - - 0 1,white,b7e1,-100.0,-1.0,0,0,28,illegal,piece_movement,
movement_0364,movement_0364,movement,validation,synthetic_movement_0364,4k3/1Q6/8/8/8/8/8/4K3 w - - 0 1,white,b7f1,-100.0,-1.0,0,0,28,illegal,piece_movement,
movement_0365,movement_0365,movement,validation,synthetic_movement_0365,4k3/7K/8/8/8/8/8/4K3 w - - 0 1,white,h7g6,100.0,1.0,1,1,10,legal,piece_movement,
movement_0365,movement_0365,movement,validation,synthetic_movement_0365,4k3/7K/8/8/8/8/8/4K3 w - - 0 1,white,h7g7,100.0,1.0,1,1,10,legal,piece_movement,
movement_0365,movement_0365,movement,validation,synthetic_movement_0365,4k3/7K/8/8/8/8/8/4K3 w - - 0 1,white,h7g8,100.0,1.0,1,1,10,legal,piece_movement,
movement_0365,movement_0365,movement,validation,synthetic_movement_0365,4k3/7K/8/8/8/8/8/4K3 w - - 0 1,white,h7h6,100.0,1.0,1,1,10,legal,piece_movement,
movement_0365,movement_0365,movement,validation,synthetic_movement_0365,4k3/7K/8/8/8/8/8/4K3 w - - 0 1,white,h7h8,100.0,1.0,1,1,10,legal,piece_movement,
movement_0365,movement_0365,movement,validation,synthetic_movement_0365,4k3/7K/8/8/8/8/8/4K3 w - - 0 1,white,h7a1,-100.0,-1.0,0,0,10,illegal,piece_movement,
movement_0365,movement_0365,movement,validation,synthetic_movement_0365,4k3/7K/8/8/8/8/8/4K3 w - - 0 1,white,h7b1,-100.0,-1.0,0,0,10,illegal,piece_movement,
movement_0365,movement_0365,movement,validation,synthetic_movement_0365,4k3/7K/8/8/8/8/8/4K3 w - - 0 1,white,h7c1,-100.0,-1.0,0,0,10,illegal,piece_movement,
movement_0365,movement_0365,movement,validation,synthetic_movement_0365,4k3/7K/8/8/8/8/8/4K3 w - - 0 1,white,h7d1,-100.0,-1.0,0,0,10,illegal,piece_movement,
movement_0365,movement_0365,movement,validation,synthetic_movement_0365,4k3/7K/8/8/8/8/8/4K3 w - - 0 1,white,h7e1,-100.0,-1.0,0,0,10,illegal,piece_movement,
movement_0366,movement_0366,movement,validation,synthetic_movement_0366,4k3/8/8/8/p7/8/8/4K3 b - - 0 1,black,a4a3,100.0,1.0,1,1,6,legal,piece_movement,
movement_0366,movement_0366,movement,validation,synthetic_movement_0366,4k3/8/8/8/p7/8/8/4K3 b - - 0 1,black,a4a1,-100.0,-1.0,0,0,6,illegal,piece_movement,
movement_0366,movement_0366,movement,validation,synthetic_movement_0366,4k3/8/8/8/p7/8/8/4K3 b - - 0 1,black,a4b1,-100.0,-1.0,0,0,6,illegal,piece_movement,
movement_0366,movement_0366,movement,validation,synthetic_movement_0366,4k3/8/8/8/p7/8/8/4K3 b - - 0 1,black,a4c1,-100.0,-1.0,0,0,6,illegal,piece_movement,
movement_0366,movement_0366,movement,validation,synthetic_movement_0366,4k3/8/8/8/p7/8/8/4K3 b - - 0 1,black,a4d1,-100.0,-1.0,0,0,6,illegal,piece_movement,
movement_0366,movement_0366,movement,validation,synthetic_movement_0366,4k3/8/8/8/p7/8/8/4K3 b - - 0 1,black,a4e1,-100.0,-1.0,0,0,6,illegal,piece_movement,
movement_0367,movement_0367,movement,validation,synthetic_movement_0367,4k3/8/8/8/8/6n1/8/4K3 b - - 0 1,black,g3e2,100.0,1.0,1,1,11,legal,piece_movement,
movement_0367,movement_0367,movement,validation,synthetic_movement_0367,4k3/8/8/8/8/6n1/8/4K3 b - - 0 1,black,g3e4,100.0,1.0,1,1,11,legal,piece_movement,
movement_0367,movement_0367,movement,validation,synthetic_movement_0367,4k3/8/8/8/8/6n1/8/4K3 b - - 0 1,black,g3f1,100.0,1.0,1,1,11,legal,piece_movement,
movement_0367,movement_0367,movement,validation,synthetic_movement_0367,4k3/8/8/8/8/6n1/8/4K3 b - - 0 1,black,g3f5,100.0,1.0,1,1,11,legal,piece_movement,
movement_0367,movement_0367,movement,validation,synthetic_movement_0367,4k3/8/8/8/8/6n1/8/4K3 b - - 0 1,black,g3h1,100.0,1.0,1,1,11,legal,piece_movement,
movement_0367,movement_0367,movement,validation,synthetic_movement_0367,4k3/8/8/8/8/6n1/8/4K3 b - - 0 1,black,g3a1,-100.0,-1.0,0,0,11,illegal,piece_movement,
movement_0367,movement_0367,movement,validation,synthetic_movement_0367,4k3/8/8/8/8/6n1/8/4K3 b - - 0 1,black,g3b1,-100.0,-1.0,0,0,11,illegal,piece_movement,
movement_0367,movement_0367,movement,validation,synthetic_movement_0367,4k3/8/8/8/8/6n1/8/4K3 b - - 0 1,black,g3c1,-100.0,-1.0,0,0,11,illegal,piece_movement,
movement_0367,movement_0367,movement,validation,synthetic_movement_0367,4k3/8/8/8/8/6n1/8/4K3 b - - 0 1,black,g3d1,-100.0,-1.0,0,0,11,illegal,piece_movement,
movement_0367,movement_0367,movement,validation,synthetic_movement_0367,4k3/8/8/8/8/6n1/8/4K3 b - - 0 1,black,g3e1,-100.0,-1.0,0,0,11,illegal,piece_movement,
movement_0368,movement_0368,movement,validation,synthetic_movement_0368,2b1k3/8/8/8/8/8/8/4K3 b - - 0 1,black,c8a6,100.0,1.0,1,1,12,legal,piece_movement,
movement_0368,movement_0368,movement,validation,synthetic_movement_0368,2b1k3/8/8/8/8/8/8/4K3 b - - 0 1,black,c8b7,100.0,1.0,1,1,12,legal,piece_movement,
movement_0368,movement_0368,movement,validation,synthetic_movement_0368,2b1k3/8/8/8/8/8/8/4K3 b - - 0 1,black,c8d7,100.0,1.0,1,1,12,legal,piece_movement,
movement_0368,movement_0368,movement,validation,synthetic_movement_0368,2b1k3/8/8/8/8/8/8/4K3 b - - 0 1,black,c8e6,100.0,1.0,1,1,12,legal,piece_movement,
movement_0368,movement_0368,movement,validation,synthetic_movement_0368,2b1k3/8/8/8/8/8/8/4K3 b - - 0 1,black,c8f5,100.0,1.0,1,1,12,legal,piece_movement,
movement_0368,movement_0368,movement,validation,synthetic_movement_0368,2b1k3/8/8/8/8/8/8/4K3 b - - 0 1,black,c8a1,-100.0,-1.0,0,0,12,illegal,piece_movement,
movement_0368,movement_0368,movement,validation,synthetic_movement_0368,2b1k3/8/8/8/8/8/8/4K3 b - - 0 1,black,c8b1,-100.0,-1.0,0,0,12,illegal,piece_movement,
movement_0368,movement_0368,movement,validation,synthetic_movement_0368,2b1k3/8/8/8/8/8/8/4K3 b - - 0 1,black,c8c1,-100.0,-1.0,0,0,12,illegal,piece_movement,
movement_0368,movement_0368,movement,validation,synthetic_movement_0368,2b1k3/8/8/8/8/8/8/4K3 b - - 0 1,black,c8d1,-100.0,-1.0,0,0,12,illegal,piece_movement,
movement_0368,movement_0368,movement,validation,synthetic_movement_0368,2b1k3/8/8/8/8/8/8/4K3 b - - 0 1,black,c8e1,-100.0,-1.0,0,0,12,illegal,piece_movement,
movement_0369,movement_0369,movement,validation,synthetic_movement_0369,4k3/8/8/8/8/8/7r/4K3 b - - 0 1,black,h2a2,100.0,1.0,1,1,19,legal,piece_movement,
movement_0369,movement_0369,movement,validation,synthetic_movement_0369,4k3/8/8/8/8/8/7r/4K3 b - - 0 1,black,h2b2,100.0,1.0,1,1,19,legal,piece_movement,
movement_0369,movement_0369,movement,validation,synthetic_movement_0369,4k3/8/8/8/8/8/7r/4K3 b - - 0 1,black,h2c2,100.0,1.0,1,1,19,legal,piece_movement,
movement_0369,movement_0369,movement,validation,synthetic_movement_0369,4k3/8/8/8/8/8/7r/4K3 b - - 0 1,black,h2d2,100.0,1.0,1,1,19,legal,piece_movement,
movement_0369,movement_0369,movement,validation,synthetic_movement_0369,4k3/8/8/8/8/8/7r/4K3 b - - 0 1,black,h2e2,100.0,1.0,1,1,19,legal,piece_movement,
movement_0369,movement_0369,movement,validation,synthetic_movement_0369,4k3/8/8/8/8/8/7r/4K3 b - - 0 1,black,h2a1,-100.0,-1.0,0,0,19,illegal,piece_movement,
movement_0369,movement_0369,movement,validation,synthetic_movement_0369,4k3/8/8/8/8/8/7r/4K3 b - - 0 1,black,h2b1,-100.0,-1.0,0,0,19,illegal,piece_movement,
movement_0369,movement_0369,movement,validation,synthetic_movement_0369,4k3/8/8/8/8/8/7r/4K3 b - - 0 1,black,h2c1,-100.0,-1.0,0,0,19,illegal,piece_movement,
movement_0369,movement_0369,movement,validation,synthetic_movement_0369,4k3/8/8/8/8/8/7r/4K3 b - - 0 1,black,h2d1,-100.0,-1.0,0,0,19,illegal,piece_movement,
movement_0369,movement_0369,movement,validation,synthetic_movement_0369,4k3/8/8/8/8/8/7r/4K3 b - - 0 1,black,h2e1,-100.0,-1.0,0,0,19,illegal,piece_movement,
movement_0370,movement_0370,movement,validation,synthetic_movement_0370,4k3/8/8/8/3q4/8/8/4K3 b - - 0 1,black,d4a1,100.0,1.0,1,1,32,legal,piece_movement,
movement_0370,movement_0370,movement,validation,synthetic_movement_0370,4k3/8/8/8/3q4/8/8/4K3 b - - 0 1,black,d4a4,100.0,1.0,1,1,32,legal,piece_movement,
movement_0370,movement_0370,movement,validation,synthetic_movement_0370,4k3/8/8/8/3q4/8/8/4K3 b - - 0 1,black,d4a7,100.0,1.0,1,1,32,legal,piece_movement,
movement_0370,movement_0370,movement,validation,synthetic_movement_0370,4k3/8/8/8/3q4/8/8/4K3 b - - 0 1,black,d4b2,100.0,1.0,1,1,32,legal,piece_movement,
movement_0370,movement_0370,movement,validation,synthetic_movement_0370,4k3/8/8/8/3q4/8/8/4K3 b - - 0 1,black,d4b4,100.0,1.0,1,1,32,legal,piece_movement,
movement_0370,movement_0370,movement,validation,synthetic_movement_0370,4k3/8/8/8/3q4/8/8/4K3 b - - 0 1,black,d4b1,-100.0,-1.0,0,0,32,illegal,piece_movement,
movement_0370,movement_0370,movement,validation,synthetic_movement_0370,4k3/8/8/8/3q4/8/8/4K3 b - - 0 1,black,d4c1,-100.0,-1.0,0,0,32,illegal,piece_movement,
movement_0370,movement_0370,movement,validation,synthetic_movement_0370,4k3/8/8/8/3q4/8/8/4K3 b - - 0 1,black,d4e1,-100.0,-1.0,0,0,32,illegal,piece_movement,
movement_0370,movement_0370,movement,validation,synthetic_movement_0370,4k3/8/8/8/3q4/8/8/4K3 b - - 0 1,black,d4f1,-100.0,-1.0,0,0,32,illegal,piece_movement,
movement_0370,movement_0370,movement,validation,synthetic_movement_0370,4k3/8/8/8/3q4/8/8/4K3 b - - 0 1,black,d4h1,-100.0,-1.0,0,0,32,illegal,piece_movement,
movement_0371,movement_0371,movement,validation,synthetic_movement_0371,4k3/8/8/8/8/2k5/8/4K3 b - - 0 1,black,c3b2,100.0,1.0,1,1,13,legal,piece_movement,
movement_0371,movement_0371,movement,validation,synthetic_movement_0371,4k3/8/8/8/8/2k5/8/4K3 b - - 0 1,black,c3b3,100.0,1.0,1,1,13,legal,piece_movement,
movement_0371,movement_0371,movement,validation,synthetic_movement_0371,4k3/8/8/8/8/2k5/8/4K3 b - - 0 1,black,c3b4,100.0,1.0,1,1,13,legal,piece_movement,
movement_0371,movement_0371,movement,validation,synthetic_movement_0371,4k3/8/8/8/8/2k5/8/4K3 b - - 0 1,black,c3c2,100.0,1.0,1,1,13,legal,piece_movement,
movement_0371,movement_0371,movement,validation,synthetic_movement_0371,4k3/8/8/8/8/2k5/8/4K3 b - - 0 1,black,c3c4,100.0,1.0,1,1,13,legal,piece_movement,
movement_0371,movement_0371,movement,validation,synthetic_movement_0371,4k3/8/8/8/8/2k5/8/4K3 b - - 0 1,black,c3a1,-100.0,-1.0,0,0,13,illegal,piece_movement,
movement_0371,movement_0371,movement,validation,synthetic_movement_0371,4k3/8/8/8/8/2k5/8/4K3 b - - 0 1,black,c3b1,-100.0,-1.0,0,0,13,illegal,piece_movement,
movement_0371,movement_0371,movement,validation,synthetic_movement_0371,4k3/8/8/8/8/2k5/8/4K3 b - - 0 1,black,c3c1,-100.0,-1.0,0,0,13,illegal,piece_movement,
movement_0371,movement_0371,movement,validation,synthetic_movement_0371,4k3/8/8/8/8/2k5/8/4K3 b - - 0 1,black,c3d1,-100.0,-1.0,0,0,13,illegal,piece_movement,
movement_0371,movement_0371,movement,validation,synthetic_movement_0371,4k3/8/8/8/8/2k5/8/4K3 b - - 0 1,black,c3e1,-100.0,-1.0,0,0,13,illegal,piece_movement,
movement_0372,movement_0372,movement,validation,synthetic_movement_0372,4k3/8/8/8/1P6/8/8/4K3 w - - 0 1,white,b4b5,100.0,1.0,1,1,6,legal,piece_movement,
movement_0372,movement_0372,movement,validation,synthetic_movement_0372,4k3/8/8/8/1P6/8/8/4K3 w - - 0 1,white,b4a1,-100.0,-1.0,0,0,6,illegal,piece_movement,
movement_0372,movement_0372,movement,validation,synthetic_movement_0372,4k3/8/8/8/1P6/8/8/4K3 w - - 0 1,white,b4b1,-100.0,-1.0,0,0,6,illegal,piece_movement,
movement_0372,movement_0372,movement,validation,synthetic_movement_0372,4k3/8/8/8/1P6/8/8/4K3 w - - 0 1,white,b4c1,-100.0,-1.0,0,0,6,illegal,piece_movement,
movement_0372,movement_0372,movement,validation,synthetic_movement_0372,4k3/8/8/8/1P6/8/8/4K3 w - - 0 1,white,b4d1,-100.0,-1.0,0,0,6,illegal,piece_movement,
movement_0372,movement_0372,movement,validation,synthetic_movement_0372,4k3/8/8/8/1P6/8/8/4K3 w - - 0 1,white,b4e1,-100.0,-1.0,0,0,6,illegal,piece_movement,
movement_0373,movement_0373,movement,validation,synthetic_movement_0373,4k3/8/8/8/8/8/5N2/4K3 w - - 0 1,white,f2d1,100.0,1.0,1,1,10,legal,piece_movement,
movement_0373,movement_0373,movement,validation,synthetic_movement_0373,4k3/8/8/8/8/8/5N2/4K3 w - - 0 1,white,f2d3,100.0,1.0,1,1,10,legal,piece_movement,
movement_0373,movement_0373,movement,validation,synthetic_movement_0373,4k3/8/8/8/8/8/5N2/4K3 w - - 0 1,white,f2e4,100.0,1.0,1,1,10,legal,piece_movement,
movement_0373,movement_0373,movement,validation,synthetic_movement_0373,4k3/8/8/8/8/8/5N2/4K3 w - - 0 1,white,f2g4,100.0,1.0,1,1,10,legal,piece_movement,
movement_0373,movement_0373,movement,validation,synthetic_movement_0373,4k3/8/8/8/8/8/5N2/4K3 w - - 0 1,white,f2h1,100.0,1.0,1,1,10,legal,piece_movement,
movement_0373,movement_0373,movement,validation,synthetic_movement_0373,4k3/8/8/8/8/8/5N2/4K3 w - - 0 1,white,f2a1,-100.0,-1.0,0,0,10,illegal,piece_movement,
movement_0373,movement_0373,movement,validation,synthetic_movement_0373,4k3/8/8/8/8/8/5N2/4K3 w - - 0 1,white,f2b1,-100.0,-1.0,0,0,10,illegal,piece_movement,
movement_0373,movement_0373,movement,validation,synthetic_movement_0373,4k3/8/8/8/8/8/5N2/4K3 w - - 0 1,white,f2c1,-100.0,-1.0,0,0,10,illegal,piece_movement,
movement_0373,movement_0373,movement,validation,synthetic_movement_0373,4k3/8/8/8/8/8/5N2/4K3 w - - 0 1,white,f2e1,-100.0,-1.0,0,0,10,illegal,piece_movement,
movement_0373,movement_0373,movement,validation,synthetic_movement_0373,4k3/8/8/8/8/8/5N2/4K3 w - - 0 1,white,f2f1,-100.0,-1.0,0,0,10,illegal,piece_movement,
movement_0374,movement_0374,movement,validation,synthetic_movement_0374,4k3/8/8/8/8/8/8/1B2K3 w - - 0 1,white,b1a2,100.0,1.0,1,1,12,legal,piece_movement,
movement_0374,movement_0374,movement,validation,synthetic_movement_0374,4k3/8/8/8/8/8/8/1B2K3 w - - 0 1,white,b1c2,100.0,1.0,1,1,12,legal,piece_movement,
movement_0374,movement_0374,movement,validation,synthetic_movement_0374,4k3/8/8/8/8/8/8/1B2K3 w - - 0 1,white,b1d3,100.0,1.0,1,1,12,legal,piece_movement,
movement_0374,movement_0374,movement,validation,synthetic_movement_0374,4k3/8/8/8/8/8/8/1B2K3 w - - 0 1,white,b1e4,100.0,1.0,1,1,12,legal,piece_movement,
movement_0374,movement_0374,movement,validation,synthetic_movement_0374,4k3/8/8/8/8/8/8/1B2K3 w - - 0 1,white,b1f5,100.0,1.0,1,1,12,legal,piece_movement,
movement_0374,movement_0374,movement,validation,synthetic_movement_0374,4k3/8/8/8/8/8/8/1B2K3 w - - 0 1,white,b1a1,-100.0,-1.0,0,0,12,illegal,piece_movement,
movement_0374,movement_0374,movement,validation,synthetic_movement_0374,4k3/8/8/8/8/8/8/1B2K3 w - - 0 1,white,b1c1,-100.0,-1.0,0,0,12,illegal,piece_movement,
movement_0374,movement_0374,movement,validation,synthetic_movement_0374,4k3/8/8/8/8/8/8/1B2K3 w - - 0 1,white,b1d1,-100.0,-1.0,0,0,12,illegal,piece_movement,
movement_0374,movement_0374,movement,validation,synthetic_movement_0374,4k3/8/8/8/8/8/8/1B2K3 w - - 0 1,white,b1e1,-100.0,-1.0,0,0,12,illegal,piece_movement,
movement_0374,movement_0374,movement,validation,synthetic_movement_0374,4k3/8/8/8/8/8/8/1B2K3 w - - 0 1,white,b1f1,-100.0,-1.0,0,0,12,illegal,piece_movement,
movement_0375,movement_0375,movement,validation,synthetic_movement_0375,4k3/5R2/8/8/8/8/8/4K3 w - - 0 1,white,f7a7,100.0,1.0,1,1,19,legal,piece_movement,
movement_0375,movement_0375,movement,validation,synthetic_movement_0375,4k3/5R2/8/8/8/8/8/4K3 w - - 0 1,white,f7b7,100.0,1.0,1,1,19,legal,piece_movement,
movement_0375,movement_0375,movement,validation,synthetic_movement_0375,4k3/5R2/8/8/8/8/8/4K3 w - - 0 1,white,f7c7,100.0,1.0,1,1,19,legal,piece_movement,
movement_0375,movement_0375,movement,validation,synthetic_movement_0375,4k3/5R2/8/8/8/8/8/4K3 w - - 0 1,white,f7d7,100.0,1.0,1,1,19,legal,piece_movement,
movement_0375,movement_0375,movement,validation,synthetic_movement_0375,4k3/5R2/8/8/8/8/8/4K3 w - - 0 1,white,f7e7,100.0,1.0,1,1,19,legal,piece_movement,
movement_0375,movement_0375,movement,validation,synthetic_movement_0375,4k3/5R2/8/8/8/8/8/4K3 w - - 0 1,white,f7a1,-100.0,-1.0,0,0,19,illegal,piece_movement,
movement_0375,movement_0375,movement,validation,synthetic_movement_0375,4k3/5R2/8/8/8/8/8/4K3 w - - 0 1,white,f7b1,-100.0,-1.0,0,0,19,illegal,piece_movement,
movement_0375,movement_0375,movement,validation,synthetic_movement_0375,4k3/5R2/8/8/8/8/8/4K3 w - - 0 1,white,f7c1,-100.0,-1.0,0,0,19,illegal,piece_movement,
movement_0375,movement_0375,movement,validation,synthetic_movement_0375,4k3/5R2/8/8/8/8/8/4K3 w - - 0 1,white,f7d1,-100.0,-1.0,0,0,19,illegal,piece_movement,
movement_0375,movement_0375,movement,validation,synthetic_movement_0375,4k3/5R2/8/8/8/8/8/4K3 w - - 0 1,white,f7e1,-100.0,-1.0,0,0,19,illegal,piece_movement,
movement_0376,movement_0376,movement,validation,synthetic_movement_0376,4k3/8/8/8/8/8/8/4K1Q1 w - - 0 1,white,g1a7,100.0,1.0,1,1,21,legal,piece_movement,
movement_0376,movement_0376,movement,validation,synthetic_movement_0376,4k3/8/8/8/8/8/8/4K1Q1 w - - 0 1,white,g1b6,100.0,1.0,1,1,21,legal,piece_movement,
movement_0376,movement_0376,movement,validation,synthetic_movement_0376,4k3/8/8/8/8/8/8/4K1Q1 w - - 0 1,white,g1c5,100.0,1.0,1,1,21,legal,piece_movement,
movement_0376,movement_0376,movement,validation,synthetic_movement_0376,4k3/8/8/8/8/8/8/4K1Q1 w - - 0 1,white,g1d4,100.0,1.0,1,1,21,legal,piece_movement,
movement_0376,movement_0376,movement,validation,synthetic_movement_0376,4k3/8/8/8/8/8/8/4K1Q1 w - - 0 1,white,g1e3,100.0,1.0,1,1,21,legal,piece_movement,
movement_0376,movement_0376,movement,validation,synthetic_movement_0376,4k3/8/8/8/8/8/8/4K1Q1 w - - 0 1,white,g1a1,-100.0,-1.0,0,0,21,illegal,piece_movement,
movement_0376,movement_0376,movement,validation,synthetic_movement_0376,4k3/8/8/8/8/8/8/4K1Q1 w - - 0 1,white,g1b1,-100.0,-1.0,0,0,21,illegal,piece_movement,
movement_0376,movement_0376,movement,validation,synthetic_movement_0376,4k3/8/8/8/8/8/8/4K1Q1 w - - 0 1,white,g1c1,-100.0,-1.0,0,0,21,illegal,piece_movement,
movement_0376,movement_0376,movement,validation,synthetic_movement_0376,4k3/8/8/8/8/8/8/4K1Q1 w - - 0 1,white,g1d1,-100.0,-1.0,0,0,21,illegal,piece_movement,
movement_0376,movement_0376,movement,validation,synthetic_movement_0376,4k3/8/8/8/8/8/8/4K1Q1 w - - 0 1,white,g1e1,-100.0,-1.0,0,0,21,illegal,piece_movement,
movement_0377,movement_0377,movement,validation,synthetic_movement_0377,4k3/8/8/8/8/2K5/8/4K3 w - - 0 1,white,c3b2,100.0,1.0,1,1,13,legal,piece_movement,
movement_0377,movement_0377,movement,validation,synthetic_movement_0377,4k3/8/8/8/8/2K5/8/4K3 w - - 0 1,white,c3b3,100.0,1.0,1,1,13,legal,piece_movement,
movement_0377,movement_0377,movement,validation,synthetic_movement_0377,4k3/8/8/8/8/2K5/8/4K3 w - - 0 1,white,c3b4,100.0,1.0,1,1,13,legal,piece_movement,
movement_0377,movement_0377,movement,validation,synthetic_movement_0377,4k3/8/8/8/8/2K5/8/4K3 w - - 0 1,white,c3c2,100.0,1.0,1,1,13,legal,piece_movement,
movement_0377,movement_0377,movement,validation,synthetic_movement_0377,4k3/8/8/8/8/2K5/8/4K3 w - - 0 1,white,c3c4,100.0,1.0,1,1,13,legal,piece_movement,
movement_0377,movement_0377,movement,validation,synthetic_movement_0377,4k3/8/8/8/8/2K5/8/4K3 w - - 0 1,white,c3a1,-100.0,-1.0,0,0,13,illegal,piece_movement,
movement_0377,movement_0377,movement,validation,synthetic_movement_0377,4k3/8/8/8/8/2K5/8/4K3 w - - 0 1,white,c3b1,-100.0,-1.0,0,0,13,illegal,piece_movement,
movement_0377,movement_0377,movement,validation,synthetic_movement_0377,4k3/8/8/8/8/2K5/8/4K3 w - - 0 1,white,c3c1,-100.0,-1.0,0,0,13,illegal,piece_movement,
movement_0377,movement_0377,movement,validation,synthetic_movement_0377,4k3/8/8/8/8/2K5/8/4K3 w - - 0 1,white,c3d1,-100.0,-1.0,0,0,13,illegal,piece_movement,
movement_0377,movement_0377,movement,validation,synthetic_movement_0377,4k3/8/8/8/8/2K5/8/4K3 w - - 0 1,white,c3e1,-100.0,-1.0,0,0,13,illegal,piece_movement,
movement_0378,movement_0378,movement,validation,synthetic_movement_0378,4k3/1p6/8/8/8/8/8/4K3 b - - 0 1,black,b7b5,100.0,1.0,1,1,7,legal,piece_movement,
movement_0378,movement_0378,movement,validation,synthetic_movement_0378,4k3/1p6/8/8/8/8/8/4K3 b - - 0 1,black,b7b6,100.0,1.0,1,1,7,legal,piece_movement,
movement_0378,movement_0378,movement,validation,synthetic_movement_0378,4k3/1p6/8/8/8/8/8/4K3 b - - 0 1,black,b7a1,-100.0,-1.0,0,0,7,illegal,piece_movement,
movement_0378,movement_0378,movement,validation,synthetic_movement_0378,4k3/1p6/8/8/8/8/8/4K3 b - - 0 1,black,b7b1,-100.0,-1.0,0,0,7,illegal,piece_movement,
movement_0378,movement_0378,movement,validation,synthetic_movement_0378,4k3/1p6/8/8/8/8/8/4K3 b - - 0 1,black,b7c1,-100.0,-1.0,0,0,7,illegal,piece_movement,
movement_0378,movement_0378,movement,validation,synthetic_movement_0378,4k3/1p6/8/8/8/8/8/4K3 b - - 0 1,black,b7d1,-100.0,-1.0,0,0,7,illegal,piece_movement,
movement_0378,movement_0378,movement,validation,synthetic_movement_0378,4k3/1p6/8/8/8/8/8/4K3 b - - 0 1,black,b7e1,-100.0,-1.0,0,0,7,illegal,piece_movement,
movement_0379,movement_0379,movement,validation,synthetic_movement_0379,4k3/8/8/8/7n/8/8/4K3 b - - 0 1,black,h4f3,100.0,1.0,1,1,9,legal,piece_movement,
movement_0379,movement_0379,movement,validation,synthetic_movement_0379,4k3/8/8/8/7n/8/8/4K3 b - - 0 1,black,h4f5,100.0,1.0,1,1,9,legal,piece_movement,
movement_0379,movement_0379,movement,validation,synthetic_movement_0379,4k3/8/8/8/7n/8/8/4K3 b - - 0 1,black,h4g2,100.0,1.0,1,1,9,legal,piece_movement,
movement_0379,movement_0379,movement,validation,synthetic_movement_0379,4k3/8/8/8/7n/8/8/4K3 b - - 0 1,black,h4g6,100.0,1.0,1,1,9,legal,piece_movement,
movement_0379,movement_0379,movement,validation,synthetic_movement_0379,4k3/8/8/8/7n/8/8/4K3 b - - 0 1,black,h4a1,-100.0,-1.0,0,0,9,illegal,piece_movement,
movement_0379,movement_0379,movement,validation,synthetic_movement_0379,4k3/8/8/8/7n/8/8/4K3 b - - 0 1,black,h4b1,-100.0,-1.0,0,0,9,illegal,piece_movement,
movement_0379,movement_0379,movement,validation,synthetic_movement_0379,4k3/8/8/8/7n/8/8/4K3 b - - 0 1,black,h4c1,-100.0,-1.0,0,0,9,illegal,piece_movement,
movement_0379,movement_0379,movement,validation,synthetic_movement_0379,4k3/8/8/8/7n/8/8/4K3 b - - 0 1,black,h4d1,-100.0,-1.0,0,0,9,illegal,piece_movement,
movement_0379,movement_0379,movement,validation,synthetic_movement_0379,4k3/8/8/8/7n/8/8/4K3 b - - 0 1,black,h4e1,-100.0,-1.0,0,0,9,illegal,piece_movement,
movement_0380,movement_0380,movement,validation,synthetic_movement_0380,4k3/8/8/3b4/8/8/8/4K3 b - - 0 1,black,d5a2,100.0,1.0,1,1,18,legal,piece_movement,
movement_0380,movement_0380,movement,validation,synthetic_movement_0380,4k3/8/8/3b4/8/8/8/4K3 b - - 0 1,black,d5a8,100.0,1.0,1,1,18,legal,piece_movement,
movement_0380,movement_0380,movement,validation,synthetic_movement_0380,4k3/8/8/3b4/8/8/8/4K3 b - - 0 1,black,d5b3,100.0,1.0,1,1,18,legal,piece_movement,
movement_0380,movement_0380,movement,validation,synthetic_movement_0380,4k3/8/8/3b4/8/8/8/4K3 b - - 0 1,black,d5b7,100.0,1.0,1,1,18,legal,piece_movement,
movement_0380,movement_0380,movement,validation,synthetic_movement_0380,4k3/8/8/3b4/8/8/8/4K3 b - - 0 1,black,d5c4,100.0,1.0,1,1,18,legal,piece_movement,
movement_0380,movement_0380,movement,validation,synthetic_movement_0380,4k3/8/8/3b4/8/8/8/4K3 b - - 0 1,black,d5a1,-100.0,-1.0,0,0,18,illegal,piece_movement,
movement_0380,movement_0380,movement,validation,synthetic_movement_0380,4k3/8/8/3b4/8/8/8/4K3 b - - 0 1,black,d5b1,-100.0,-1.0,0,0,18,illegal,piece_movement,
movement_0380,movement_0380,movement,validation,synthetic_movement_0380,4k3/8/8/3b4/8/8/8/4K3 b - - 0 1,black,d5c1,-100.0,-1.0,0,0,18,illegal,piece_movement,
movement_0380,movement_0380,movement,validation,synthetic_movement_0380,4k3/8/8/3b4/8/8/8/4K3 b - - 0 1,black,d5d1,-100.0,-1.0,0,0,18,illegal,piece_movement,
movement_0380,movement_0380,movement,validation,synthetic_movement_0380,4k3/8/8/3b4/8/8/8/4K3 b - - 0 1,black,d5e1,-100.0,-1.0,0,0,18,illegal,piece_movement,
movement_0381,movement_0381,movement,validation,synthetic_movement_0381,4k3/8/8/8/2r5/8/8/4K3 b - - 0 1,black,c4a4,100.0,1.0,1,1,19,legal,piece_movement,
movement_0381,movement_0381,movement,validation,synthetic_movement_0381,4k3/8/8/8/2r5/8/8/4K3 b - - 0 1,black,c4b4,100.0,1.0,1,1,19,legal,piece_movement,
movement_0381,movement_0381,movement,validation,synthetic_movement_0381,4k3/8/8/8/2r5/8/8/4K3 b - - 0 1,black,c4c1,100.0,1.0,1,1,19,legal,piece_movement,
movement_0381,movement_0381,movement,validation,synthetic_movement_0381,4k3/8/8/8/2r5/8/8/4K3 b - - 0 1,black,c4c2,100.0,1.0,1,1,19,legal,piece_movement,
movement_0381,movement_0381,movement,validation,synthetic_movement_0381,4k3/8/8/8/2r5/8/8/4K3 b - - 0 1,black,c4c3,100.0,1.0,1,1,19,legal,piece_movement,
movement_0381,movement_0381,movement,validation,synthetic_movement_0381,4k3/8/8/8/2r5/8/8/4K3 b - - 0 1,black,c4a1,-100.0,-1.0,0,0,19,illegal,piece_movement,
movement_0381,movement_0381,movement,validation,synthetic_movement_0381,4k3/8/8/8/2r5/8/8/4K3 b - - 0 1,black,c4b1,-100.0,-1.0,0,0,19,illegal,piece_movement,
movement_0381,movement_0381,movement,validation,synthetic_movement_0381,4k3/8/8/8/2r5/8/8/4K3 b - - 0 1,black,c4d1,-100.0,-1.0,0,0,19,illegal,piece_movement,
movement_0381,movement_0381,movement,validation,synthetic_movement_0381,4k3/8/8/8/2r5/8/8/4K3 b - - 0 1,black,c4e1,-100.0,-1.0,0,0,19,illegal,piece_movement,
movement_0381,movement_0381,movement,validation,synthetic_movement_0381,4k3/8/8/8/2r5/8/8/4K3 b - - 0 1,black,c4f1,-100.0,-1.0,0,0,19,illegal,piece_movement,
movement_0382,movement_0382,movement,validation,synthetic_movement_0382,q3k3/8/8/8/8/8/8/4K3 b - - 0 1,black,a8a1,100.0,1.0,1,1,22,legal,piece_movement,
movement_0382,movement_0382,movement,validation,synthetic_movement_0382,q3k3/8/8/8/8/8/8/4K3 b - - 0 1,black,a8a2,100.0,1.0,1,1,22,legal,piece_movement,
movement_0382,movement_0382,movement,validation,synthetic_movement_0382,q3k3/8/8/8/8/8/8/4K3 b - - 0 1,black,a8a3,100.0,1.0,1,1,22,legal,piece_movement,
movement_0382,movement_0382,movement,validation,synthetic_movement_0382,q3k3/8/8/8/8/8/8/4K3 b - - 0 1,black,a8a4,100.0,1.0,1,1,22,legal,piece_movement,
movement_0382,movement_0382,movement,validation,synthetic_movement_0382,q3k3/8/8/8/8/8/8/4K3 b - - 0 1,black,a8a5,100.0,1.0,1,1,22,legal,piece_movement,
movement_0382,movement_0382,movement,validation,synthetic_movement_0382,q3k3/8/8/8/8/8/8/4K3 b - - 0 1,black,a8b1,-100.0,-1.0,0,0,22,illegal,piece_movement,
movement_0382,movement_0382,movement,validation,synthetic_movement_0382,q3k3/8/8/8/8/8/8/4K3 b - - 0 1,black,a8c1,-100.0,-1.0,0,0,22,illegal,piece_movement,
movement_0382,movement_0382,movement,validation,synthetic_movement_0382,q3k3/8/8/8/8/8/8/4K3 b - - 0 1,black,a8d1,-100.0,-1.0,0,0,22,illegal,piece_movement,
movement_0382,movement_0382,movement,validation,synthetic_movement_0382,q3k3/8/8/8/8/8/8/4K3 b - - 0 1,black,a8e1,-100.0,-1.0,0,0,22,illegal,piece_movement,
movement_0382,movement_0382,movement,validation,synthetic_movement_0382,q3k3/8/8/8/8/8/8/4K3 b - - 0 1,black,a8f1,-100.0,-1.0,0,0,22,illegal,piece_movement,
movement_0383,movement_0383,movement,validation,synthetic_movement_0383,4k3/8/6k1/8/8/8/8/4K3 b - - 0 1,black,g6f5,100.0,1.0,1,1,13,legal,piece_movement,
movement_0383,movement_0383,movement,validation,synthetic_movement_0383,4k3/8/6k1/8/8/8/8/4K3 b - - 0 1,black,g6f6,100.0,1.0,1,1,13,legal,piece_movement,
movement_0383,movement_0383,movement,validation,synthetic_movement_0383,4k3/8/6k1/8/8/8/8/4K3 b - - 0 1,black,g6f7,100.0,1.0,1,1,13,legal,piece_movement,
movement_0383,movement_0383,movement,validation,synthetic_movement_0383,4k3/8/6k1/8/8/8/8/4K3 b - - 0 1,black,g6g5,100.0,1.0,1,1,13,legal,piece_movement,
movement_0383,movement_0383,movement,validation,synthetic_movement_0383,4k3/8/6k1/8/8/8/8/4K3 b - - 0 1,black,g6g7,100.0,1.0,1,1,13,legal,piece_movement,
movement_0383,movement_0383,movement,validation,synthetic_movement_0383,4k3/8/6k1/8/8/8/8/4K3 b - - 0 1,black,g6a1,-100.0,-1.0,0,0,13,illegal,piece_movement,
movement_0383,movement_0383,movement,validation,synthetic_movement_0383,4k3/8/6k1/8/8/8/8/4K3 b - - 0 1,black,g6b1,-100.0,-1.0,0,0,13,illegal,piece_movement,
movement_0383,movement_0383,movement,validation,synthetic_movement_0383,4k3/8/6k1/8/8/8/8/4K3 b - - 0 1,black,g6c1,-100.0,-1.0,0,0,13,illegal,piece_movement,
movement_0383,movement_0383,movement,validation,synthetic_movement_0383,4k3/8/6k1/8/8/8/8/4K3 b - - 0 1,black,g6d1,-100.0,-1.0,0,0,13,illegal,piece_movement,
movement_0383,movement_0383,movement,validation,synthetic_movement_0383,4k3/8/6k1/8/8/8/8/4K3 b - - 0 1,black,g6e1,-100.0,-1.0,0,0,13,illegal,piece_movement,
movement_0384,movement_0384,movement,validation,synthetic_movement_0384,4k3/8/8/7P/8/8/8/4K3 w - - 0 1,white,h5h6,100.0,1.0,1,1,6,legal,piece_movement,
movement_0384,movement_0384,movement,validation,synthetic_movement_0384,4k3/8/8/7P/8/8/8/4K3 w - - 0 1,white,h5a1,-100.0,-1.0,0,0,6,illegal,piece_movement,
movement_0384,movement_0384,movement,validation,synthetic_movement_0384,4k3/8/8/7P/8/8/8/4K3 w - - 0 1,white,h5b1,-100.0,-1.0,0,0,6,illegal,piece_movement,
movement_0384,movement_0384,movement,validation,synthetic_movement_0384,4k3/8/8/7P/8/8/8/4K3 w - - 0 1,white,h5c1,-100.0,-1.0,0,0,6,illegal,piece_movement,
movement_0384,movement_0384,movement,validation,synthetic_movement_0384,4k3/8/8/7P/8/8/8/4K3 w - - 0 1,white,h5d1,-100.0,-1.0,0,0,6,illegal,piece_movement,
movement_0384,movement_0384,movement,validation,synthetic_movement_0384,4k3/8/8/7P/8/8/8/4K3 w - - 0 1,white,h5e1,-100.0,-1.0,0,0,6,illegal,piece_movement,
movement_0385,movement_0385,movement,validation,synthetic_movement_0385,4k3/8/8/8/8/8/N7/4K3 w - - 0 1,white,a2b4,100.0,1.0,1,1,8,legal,piece_movement,
movement_0385,movement_0385,movement,validation,synthetic_movement_0385,4k3/8/8/8/8/8/N7/4K3 w - - 0 1,white,a2c1,100.0,1.0,1,1,8,legal,piece_movement,
movement_0385,movement_0385,movement,validation,synthetic_movement_0385,4k3/8/8/8/8/8/N7/4K3 w - - 0 1,white,a2c3,100.0,1.0,1,1,8,legal,piece_movement,
movement_0385,movement_0385,movement,validation,synthetic_movement_0385,4k3/8/8/8/8/8/N7/4K3 w - - 0 1,white,a2a1,-100.0,-1.0,0,0,8,illegal,piece_movement,
movement_0385,movement_0385,movement,validation,synthetic_movement_0385,4k3/8/8/8/8/8/N7/4K3 w - - 0 1,white,a2b1,-100.0,-1.0,0,0,8,illegal,piece_movement,
movement_0385,movement_0385,movement,validation,synthetic_movement_0385,4k3/8/8/8/8/8/N7/4K3 w - - 0 1,white,a2d1,-100.0,-1.0,0,0,8,illegal,piece_movement,
movement_0385,movement_0385,movement,validation,synthetic_movement_0385,4k3/8/8/8/8/8/N7/4K3 w - - 0 1,white,a2e1,-100.0,-1.0,0,0,8,illegal,piece_movement,
movement_0385,movement_0385,movement,validation,synthetic_movement_0385,4k3/8/8/8/8/8/N7/4K3 w - - 0 1,white,a2f1,-100.0,-1.0,0,0,8,illegal,piece_movement,
movement_0386,movement_0386,movement,validation,synthetic_movement_0386,4k3/8/8/8/8/B7/8/4K3 w - - 0 1,white,a3b2,100.0,1.0,1,1,12,legal,piece_movement,
movement_0386,movement_0386,movement,validation,synthetic_movement_0386,4k3/8/8/8/8/B7/8/4K3 w - - 0 1,white,a3b4,100.0,1.0,1,1,12,legal,piece_movement,
movement_0386,movement_0386,movement,validation,synthetic_movement_0386,4k3/8/8/8/8/B7/8/4K3 w - - 0 1,white,a3c1,100.0,1.0,1,1,12,legal,piece_movement,
movement_0386,movement_0386,movement,validation,synthetic_movement_0386,4k3/8/8/8/8/B7/8/4K3 w - - 0 1,white,a3c5,100.0,1.0,1,1,12,legal,piece_movement,
movement_0386,movement_0386,movement,validation,synthetic_movement_0386,4k3/8/8/8/8/B7/8/4K3 w - - 0 1,white,a3d6,100.0,1.0,1,1,12,legal,piece_movement,
movement_0386,movement_0386,movement,validation,synthetic_movement_0386,4k3/8/8/8/8/B7/8/4K3 w - - 0 1,white,a3a1,-100.0,-1.0,0,0,12,illegal,piece_movement,
movement_0386,movement_0386,movement,validation,synthetic_movement_0386,4k3/8/8/8/8/B7/8/4K3 w - - 0 1,white,a3b1,-100.0,-1.0,0,0,12,illegal,piece_movement,
movement_0386,movement_0386,movement,validation,synthetic_movement_0386,4k3/8/8/8/8/B7/8/4K3 w - - 0 1,white,a3d1,-100.0,-1.0,0,0,12,illegal,piece_movement,
movement_0386,movement_0386,movement,validation,synthetic_movement_0386,4k3/8/8/8/8/B7/8/4K3 w - - 0 1,white,a3e1,-100.0,-1.0,0,0,12,illegal,piece_movement,
movement_0386,movement_0386,movement,validation,synthetic_movement_0386,4k3/8/8/8/8/B7/8/4K3 w - - 0 1,white,a3f1,-100.0,-1.0,0,0,12,illegal,piece_movement,
movement_0387,movement_0387,movement,validation,synthetic_movement_0387,4k3/8/8/8/2R5/8/8/4K3 w - - 0 1,white,c4a4,100.0,1.0,1,1,19,legal,piece_movement,
movement_0387,movement_0387,movement,validation,synthetic_movement_0387,4k3/8/8/8/2R5/8/8/4K3 w - - 0 1,white,c4b4,100.0,1.0,1,1,19,legal,piece_movement,
movement_0387,movement_0387,movement,validation,synthetic_movement_0387,4k3/8/8/8/2R5/8/8/4K3 w - - 0 1,white,c4c1,100.0,1.0,1,1,19,legal,piece_movement,
movement_0387,movement_0387,movement,validation,synthetic_movement_0387,4k3/8/8/8/2R5/8/8/4K3 w - - 0 1,white,c4c2,100.0,1.0,1,1,19,legal,piece_movement,
movement_0387,movement_0387,movement,validation,synthetic_movement_0387,4k3/8/8/8/2R5/8/8/4K3 w - - 0 1,white,c4c3,100.0,1.0,1,1,19,legal,piece_movement,
movement_0387,movement_0387,movement,validation,synthetic_movement_0387,4k3/8/8/8/2R5/8/8/4K3 w - - 0 1,white,c4a1,-100.0,-1.0,0,0,19,illegal,piece_movement,
movement_0387,movement_0387,movement,validation,synthetic_movement_0387,4k3/8/8/8/2R5/8/8/4K3 w - - 0 1,white,c4b1,-100.0,-1.0,0,0,19,illegal,piece_movement,
movement_0387,movement_0387,movement,validation,synthetic_movement_0387,4k3/8/8/8/2R5/8/8/4K3 w - - 0 1,white,c4d1,-100.0,-1.0,0,0,19,illegal,piece_movement,
movement_0387,movement_0387,movement,validation,synthetic_movement_0387,4k3/8/8/8/2R5/8/8/4K3 w - - 0 1,white,c4e1,-100.0,-1.0,0,0,19,illegal,piece_movement,
movement_0387,movement_0387,movement,validation,synthetic_movement_0387,4k3/8/8/8/2R5/8/8/4K3 w - - 0 1,white,c4f1,-100.0,-1.0,0,0,19,illegal,piece_movement,
movement_0388,movement_0388,movement,validation,synthetic_movement_0388,4k3/8/8/8/8/7Q/8/4K3 w - - 0 1,white,h3a3,100.0,1.0,1,1,26,legal,piece_movement,
movement_0388,movement_0388,movement,validation,synthetic_movement_0388,4k3/8/8/8/8/7Q/8/4K3 w - - 0 1,white,h3b3,100.0,1.0,1,1,26,legal,piece_movement,
movement_0388,movement_0388,movement,validation,synthetic_movement_0388,4k3/8/8/8/8/7Q/8/4K3 w - - 0 1,white,h3c3,100.0,1.0,1,1,26,legal,piece_movement,
movement_0388,movement_0388,movement,validation,synthetic_movement_0388,4k3/8/8/8/8/7Q/8/4K3 w - - 0 1,white,h3c8,100.0,1.0,1,1,26,legal,piece_movement,
movement_0388,movement_0388,movement,validation,synthetic_movement_0388,4k3/8/8/8/8/7Q/8/4K3 w - - 0 1,white,h3d3,100.0,1.0,1,1,26,legal,piece_movement,
movement_0388,movement_0388,movement,validation,synthetic_movement_0388,4k3/8/8/8/8/7Q/8/4K3 w - - 0 1,white,h3a1,-100.0,-1.0,0,0,26,illegal,piece_movement,
movement_0388,movement_0388,movement,validation,synthetic_movement_0388,4k3/8/8/8/8/7Q/8/4K3 w - - 0 1,white,h3b1,-100.0,-1.0,0,0,26,illegal,piece_movement,
movement_0388,movement_0388,movement,validation,synthetic_movement_0388,4k3/8/8/8/8/7Q/8/4K3 w - - 0 1,white,h3c1,-100.0,-1.0,0,0,26,illegal,piece_movement,
movement_0388,movement_0388,movement,validation,synthetic_movement_0388,4k3/8/8/8/8/7Q/8/4K3 w - - 0 1,white,h3d1,-100.0,-1.0,0,0,26,illegal,piece_movement,
movement_0388,movement_0388,movement,validation,synthetic_movement_0388,4k3/8/8/8/8/7Q/8/4K3 w - - 0 1,white,h3e1,-100.0,-1.0,0,0,26,illegal,piece_movement,
movement_0389,movement_0389,movement,validation,synthetic_movement_0389,4k3/8/8/8/8/8/7K/4K3 w - - 0 1,white,h2g1,100.0,1.0,1,1,10,legal,piece_movement,
movement_0389,movement_0389,movement,validation,synthetic_movement_0389,4k3/8/8/8/8/8/7K/4K3 w - - 0 1,white,h2g2,100.0,1.0,1,1,10,legal,piece_movement,
movement_0389,movement_0389,movement,validation,synthetic_movement_0389,4k3/8/8/8/8/8/7K/4K3 w - - 0 1,white,h2g3,100.0,1.0,1,1,10,legal,piece_movement,
movement_0389,movement_0389,movement,validation,synthetic_movement_0389,4k3/8/8/8/8/8/7K/4K3 w - - 0 1,white,h2h1,100.0,1.0,1,1,10,legal,piece_movement,
movement_0389,movement_0389,movement,validation,synthetic_movement_0389,4k3/8/8/8/8/8/7K/4K3 w - - 0 1,white,h2h3,100.0,1.0,1,1,10,legal,piece_movement,
movement_0389,movement_0389,movement,validation,synthetic_movement_0389,4k3/8/8/8/8/8/7K/4K3 w - - 0 1,white,h2a1,-100.0,-1.0,0,0,10,illegal,piece_movement,
movement_0389,movement_0389,movement,validation,synthetic_movement_0389,4k3/8/8/8/8/8/7K/4K3 w - - 0 1,white,h2b1,-100.0,-1.0,0,0,10,illegal,piece_movement,
movement_0389,movement_0389,movement,validation,synthetic_movement_0389,4k3/8/8/8/8/8/7K/4K3 w - - 0 1,white,h2c1,-100.0,-1.0,0,0,10,illegal,piece_movement,
movement_0389,movement_0389,movement,validation,synthetic_movement_0389,4k3/8/8/8/8/8/7K/4K3 w - - 0 1,white,h2d1,-100.0,-1.0,0,0,10,illegal,piece_movement,
movement_0389,movement_0389,movement,validation,synthetic_movement_0389,4k3/8/8/8/8/8/7K/4K3 w - - 0 1,white,h2e1,-100.0,-1.0,0,0,10,illegal,piece_movement,
movement_0390,movement_0390,movement,validation,synthetic_movement_0390,4k3/8/8/8/p7/8/8/4K3 b - - 0 1,black,a4a3,100.0,1.0,1,1,6,legal,piece_movement,
movement_0390,movement_0390,movement,validation,synthetic_movement_0390,4k3/8/8/8/p7/8/8/4K3 b - - 0 1,black,a4a1,-100.0,-1.0,0,0,6,illegal,piece_movement,
movement_0390,movement_0390,movement,validation,synthetic_movement_0390,4k3/8/8/8/p7/8/8/4K3 b - - 0 1,black,a4b1,-100.0,-1.0,0,0,6,illegal,piece_movement,
movement_0390,movement_0390,movement,validation,synthetic_movement_0390,4k3/8/8/8/p7/8/8/4K3 b - - 0 1,black,a4c1,-100.0,-1.0,0,0,6,illegal,piece_movement,
movement_0390,movement_0390,movement,validation,synthetic_movement_0390,4k3/8/8/8/p7/8/8/4K3 b - - 0 1,black,a4d1,-100.0,-1.0,0,0,6,illegal,piece_movement,
movement_0390,movement_0390,movement,validation,synthetic_movement_0390,4k3/8/8/8/p7/8/8/4K3 b - - 0 1,black,a4e1,-100.0,-1.0,0,0,6,illegal,piece_movement,
movement_0391,movement_0391,movement,validation,synthetic_movement_0391,4k3/3n4/8/8/8/8/8/4K3 b - - 0 1,black,d7b6,100.0,1.0,1,1,10,legal,piece_movement,
movement_0391,movement_0391,movement,validation,synthetic_movement_0391,4k3/3n4/8/8/8/8/8/4K3 b - - 0 1,black,d7b8,100.0,1.0,1,1,10,legal,piece_movement,
movement_0391,movement_0391,movement,validation,synthetic_movement_0391,4k3/3n4/8/8/8/8/8/4K3 b - - 0 1,black,d7c5,100.0,1.0,1,1,10,legal,piece_movement,
movement_0391,movement_0391,movement,validation,synthetic_movement_0391,4k3/3n4/8/8/8/8/8/4K3 b - - 0 1,black,d7e5,100.0,1.0,1,1,10,legal,piece_movement,
movement_0391,movement_0391,movement,validation,synthetic_movement_0391,4k3/3n4/8/8/8/8/8/4K3 b - - 0 1,black,d7f6,100.0,1.0,1,1,10,legal,piece_movement,
movement_0391,movement_0391,movement,validation,synthetic_movement_0391,4k3/3n4/8/8/8/8/8/4K3 b - - 0 1,black,d7a1,-100.0,-1.0,0,0,10,illegal,piece_movement,
movement_0391,movement_0391,movement,validation,synthetic_movement_0391,4k3/3n4/8/8/8/8/8/4K3 b - - 0 1,black,d7b1,-100.0,-1.0,0,0,10,illegal,piece_movement,
movement_0391,movement_0391,movement,validation,synthetic_movement_0391,4k3/3n4/8/8/8/8/8/4K3 b - - 0 1,black,d7c1,-100.0,-1.0,0,0,10,illegal,piece_movement,
movement_0391,movement_0391,movement,validation,synthetic_movement_0391,4k3/3n4/8/8/8/8/8/4K3 b - - 0 1,black,d7d1,-100.0,-1.0,0,0,10,illegal,piece_movement,
movement_0391,movement_0391,movement,validation,synthetic_movement_0391,4k3/3n4/8/8/8/8/8/4K3 b - - 0 1,black,d7e1,-100.0,-1.0,0,0,10,illegal,piece_movement,
movement_0392,movement_0392,movement,validation,synthetic_movement_0392,4k3/8/8/8/8/5b2/8/4K3 b - - 0 1,black,f3a8,100.0,1.0,1,1,16,legal,piece_movement,
movement_0392,movement_0392,movement,validation,synthetic_movement_0392,4k3/8/8/8/8/5b2/8/4K3 b - - 0 1,black,f3b7,100.0,1.0,1,1,16,legal,piece_movement,
movement_0392,movement_0392,movement,validation,synthetic_movement_0392,4k3/8/8/8/8/5b2/8/4K3 b - - 0 1,black,f3c6,100.0,1.0,1,1,16,legal,piece_movement,
movement_0392,movement_0392,movement,validation,synthetic_movement_0392,4k3/8/8/8/8/5b2/8/4K3 b - - 0 1,black,f3d1,100.0,1.0,1,1,16,legal,piece_movement,
movement_0392,movement_0392,movement,validation,synthetic_movement_0392,4k3/8/8/8/8/5b2/8/4K3 b - - 0 1,black,f3d5,100.0,1.0,1,1,16,legal,piece_movement,
movement_0392,movement_0392,movement,validation,synthetic_movement_0392,4k3/8/8/8/8/5b2/8/4K3 b - - 0 1,black,f3a1,-100.0,-1.0,0,0,16,illegal,piece_movement,
movement_0392,movement_0392,movement,validation,synthetic_movement_0392,4k3/8/8/8/8/5b2/8/4K3 b - - 0 1,black,f3b1,-100.0,-1.0,0,0,16,illegal,piece_movement,
movement_0392,movement_0392,movement,validation,synthetic_movement_0392,4k3/8/8/8/8/5b2/8/4K3 b - - 0 1,black,f3c1,-100.0,-1.0,0,0,16,illegal,piece_movement,
movement_0392,movement_0392,movement,validation,synthetic_movement_0392,4k3/8/8/8/8/5b2/8/4K3 b - - 0 1,black,f3e1,-100.0,-1.0,0,0,16,illegal,piece_movement,
movement_0392,movement_0392,movement,validation,synthetic_movement_0392,4k3/8/8/8/8/5b2/8/4K3 b - - 0 1,black,f3f1,-100.0,-1.0,0,0,16,illegal,piece_movement,
movement_0393,movement_0393,movement,validation,synthetic_movement_0393,4k3/8/8/8/8/8/8/4K2r b - - 0 1,black,h1e1,100.0,1.0,1,1,15,legal,piece_movement,
movement_0393,movement_0393,movement,validation,synthetic_movement_0393,4k3/8/8/8/8/8/8/4K2r b - - 0 1,black,h1f1,100.0,1.0,1,1,15,legal,piece_movement,
movement_0393,movement_0393,movement,validation,synthetic_movement_0393,4k3/8/8/8/8/8/8/4K2r b - - 0 1,black,h1g1,100.0,1.0,1,1,15,legal,piece_movement,
movement_0393,movement_0393,movement,validation,synthetic_movement_0393,4k3/8/8/8/8/8/8/4K2r b - - 0 1,black,h1h2,100.0,1.0,1,1,15,legal,piece_movement,
movement_0393,movement_0393,movement,validation,synthetic_movement_0393,4k3/8/8/8/8/8/8/4K2r b - - 0 1,black,h1h3,100.0,1.0,1,1,15,legal,piece_movement,
movement_0393,movement_0393,movement,validation,synthetic_movement_0393,4k3/8/8/8/8/8/8/4K2r b - - 0 1,black,h1a1,-100.0,-1.0,0,0,15,illegal,piece_movement,
movement_0393,movement_0393,movement,validation,synthetic_movement_0393,4k3/8/8/8/8/8/8/4K2r b - - 0 1,black,h1b1,-100.0,-1.0,0,0,15,illegal,piece_movement,
movement_0393,movement_0393,movement,validation,synthetic_movement_0393,4k3/8/8/8/8/8/8/4K2r b - - 0 1,black,h1c1,-100.0,-1.0,0,0,15,illegal,piece_movement,
movement_0393,movement_0393,movement,validation,synthetic_movement_0393,4k3/8/8/8/8/8/8/4K2r b - - 0 1,black,h1d1,-100.0,-1.0,0,0,15,illegal,piece_movement,
movement_0393,movement_0393,movement,validation,synthetic_movement_0393,4k3/8/8/8/8/8/8/4K2r b - - 0 1,black,h1a2,-100.0,-1.0,0,0,15,illegal,piece_movement,
movement_0394,movement_0394,movement,validation,synthetic_movement_0394,4k3/8/7q/8/8/8/8/4K3 b - - 0 1,black,h6a6,100.0,1.0,1,1,26,legal,piece_movement,
movement_0394,movement_0394,movement,validation,synthetic_movement_0394,4k3/8/7q/8/8/8/8/4K3 b - - 0 1,black,h6b6,100.0,1.0,1,1,26,legal,piece_movement,
movement_0394,movement_0394,movement,validation,synthetic_movement_0394,4k3/8/7q/8/8/8/8/4K3 b - - 0 1,black,h6c1,100.0,1.0,1,1,26,legal,piece_movement,
movement_0394,movement_0394,movement,validation,synthetic_movement_0394,4k3/8/7q/8/8/8/8/4K3 b - - 0 1,black,h6c6,100.0,1.0,1,1,26,legal,piece_movement,
movement_0394,movement_0394,movement,validation,synthetic_movement_0394,4k3/8/7q/8/8/8/8/4K3 b - - 0 1,black,h6d2,100.0,1.0,1,1,26,legal,piece_movement,
movement_0394,movement_0394,movement,validation,synthetic_movement_0394,4k3/8/7q/8/8/8/8/4K3 b - - 0 1,black,h6a1,-100.0,-1.0,0,0,26,illegal,piece_movement,
movement_0394,movement_0394,movement,validation,synthetic_movement_0394,4k3/8/7q/8/8/8/8/4K3 b - - 0 1,black,h6b1,-100.0,-1.0,0,0,26,illegal,piece_movement,
movement_0394,movement_0394,movement,validation,synthetic_movement_0394,4k3/8/7q/8/8/8/8/4K3 b - - 0 1,black,h6d1,-100.0,-1.0,0,0,26,illegal,piece_movement,
movement_0394,movement_0394,movement,validation,synthetic_movement_0394,4k3/8/7q/8/8/8/8/4K3 b - - 0 1,black,h6e1,-100.0,-1.0,0,0,26,illegal,piece_movement,
movement_0394,movement_0394,movement,validation,synthetic_movement_0394,4k3/8/7q/8/8/8/8/4K3 b - - 0 1,black,h6f1,-100.0,-1.0,0,0,26,illegal,piece_movement,
movement_0395,movement_0395,movement,validation,synthetic_movement_0395,4k3/k7/8/8/8/8/8/4K3 b - - 0 1,black,a7a6,100.0,1.0,1,1,10,legal,piece_movement,
movement_0395,movement_0395,movement,validation,synthetic_movement_0395,4k3/k7/8/8/8/8/8/4K3 b - - 0 1,black,a7a8,100.0,1.0,1,1,10,legal,piece_movement,
movement_0395,movement_0395,movement,validation,synthetic_movement_0395,4k3/k7/8/8/8/8/8/4K3 b - - 0 1,black,a7b6,100.0,1.0,1,1,10,legal,piece_movement,
movement_0395,movement_0395,movement,validation,synthetic_movement_0395,4k3/k7/8/8/8/8/8/4K3 b - - 0 1,black,a7b7,100.0,1.0,1,1,10,legal,piece_movement,
movement_0395,movement_0395,movement,validation,synthetic_movement_0395,4k3/k7/8/8/8/8/8/4K3 b - - 0 1,black,a7b8,100.0,1.0,1,1,10,legal,piece_movement,
movement_0395,movement_0395,movement,validation,synthetic_movement_0395,4k3/k7/8/8/8/8/8/4K3 b - - 0 1,black,a7a1,-100.0,-1.0,0,0,10,illegal,piece_movement,
movement_0395,movement_0395,movement,validation,synthetic_movement_0395,4k3/k7/8/8/8/8/8/4K3 b - - 0 1,black,a7b1,-100.0,-1.0,0,0,10,illegal,piece_movement,
movement_0395,movement_0395,movement,validation,synthetic_movement_0395,4k3/k7/8/8/8/8/8/4K3 b - - 0 1,black,a7c1,-100.0,-1.0,0,0,10,illegal,piece_movement,
movement_0395,movement_0395,movement,validation,synthetic_movement_0395,4k3/k7/8/8/8/8/8/4K3 b - - 0 1,black,a7d1,-100.0,-1.0,0,0,10,illegal,piece_movement,
movement_0395,movement_0395,movement,validation,synthetic_movement_0395,4k3/k7/8/8/8/8/8/4K3 b - - 0 1,black,a7e1,-100.0,-1.0,0,0,10,illegal,piece_movement,
movement_0396,movement_0396,movement,validation,synthetic_movement_0396,4k3/8/8/8/8/8/3P4/4K3 w - - 0 1,white,d2d3,100.0,1.0,1,1,6,legal,piece_movement,
movement_0396,movement_0396,movement,validation,synthetic_movement_0396,4k3/8/8/8/8/8/3P4/4K3 w - - 0 1,white,d2d4,100.0,1.0,1,1,6,legal,piece_movement,
movement_0396,movement_0396,movement,validation,synthetic_movement_0396,4k3/8/8/8/8/8/3P4/4K3 w - - 0 1,white,d2a1,-100.0,-1.0,0,0,6,illegal,piece_movement,
movement_0396,movement_0396,movement,validation,synthetic_movement_0396,4k3/8/8/8/8/8/3P4/4K3 w - - 0 1,white,d2b1,-100.0,-1.0,0,0,6,illegal,piece_movement,
movement_0396,movement_0396,movement,validation,synthetic_movement_0396,4k3/8/8/8/8/8/3P4/4K3 w - - 0 1,white,d2c1,-100.0,-1.0,0,0,6,illegal,piece_movement,
movement_0396,movement_0396,movement,validation,synthetic_movement_0396,4k3/8/8/8/8/8/3P4/4K3 w - - 0 1,white,d2d1,-100.0,-1.0,0,0,6,illegal,piece_movement,
movement_0396,movement_0396,movement,validation,synthetic_movement_0396,4k3/8/8/8/8/8/3P4/4K3 w - - 0 1,white,d2e1,-100.0,-1.0,0,0,6,illegal,piece_movement,
movement_0397,movement_0397,movement,validation,synthetic_movement_0397,4k3/8/7N/8/8/8/8/4K3 w - - 0 1,white,h6f5,100.0,1.0,1,1,9,legal,piece_movement,
movement_0397,movement_0397,movement,validation,synthetic_movement_0397,4k3/8/7N/8/8/8/8/4K3 w - - 0 1,white,h6f7,100.0,1.0,1,1,9,legal,piece_movement,
movement_0397,movement_0397,movement,validation,synthetic_movement_0397,4k3/8/7N/8/8/8/8/4K3 w - - 0 1,white,h6g4,100.0,1.0,1,1,9,legal,piece_movement,
movement_0397,movement_0397,movement,validation,synthetic_movement_0397,4k3/8/7N/8/8/8/8/4K3 w - - 0 1,white,h6g8,100.0,1.0,1,1,9,legal,piece_movement,
movement_0397,movement_0397,movement,validation,synthetic_movement_0397,4k3/8/7N/8/8/8/8/4K3 w - - 0 1,white,h6a1,-100.0,-1.0,0,0,9,illegal,piece_movement,
movement_0397,movement_0397,movement,validation,synthetic_movement_0397,4k3/8/7N/8/8/8/8/4K3 w - - 0 1,white,h6b1,-100.0,-1.0,0,0,9,illegal,piece_movement,
movement_0397,movement_0397,movement,validation,synthetic_movement_0397,4k3/8/7N/8/8/8/8/4K3 w - - 0 1,white,h6c1,-100.0,-1.0,0,0,9,illegal,piece_movement,
movement_0397,movement_0397,movement,validation,synthetic_movement_0397,4k3/8/7N/8/8/8/8/4K3 w - - 0 1,white,h6d1,-100.0,-1.0,0,0,9,illegal,piece_movement,
movement_0397,movement_0397,movement,validation,synthetic_movement_0397,4k3/8/7N/8/8/8/8/4K3 w - - 0 1,white,h6e1,-100.0,-1.0,0,0,9,illegal,piece_movement,
movement_0398,movement_0398,movement,validation,synthetic_movement_0398,4k3/8/8/8/8/8/8/2B1K3 w - - 0 1,white,c1a3,100.0,1.0,1,1,12,legal,piece_movement,
movement_0398,movement_0398,movement,validation,synthetic_movement_0398,4k3/8/8/8/8/8/8/2B1K3 w - - 0 1,white,c1b2,100.0,1.0,1,1,12,legal,piece_movement,
movement_0398,movement_0398,movement,validation,synthetic_movement_0398,4k3/8/8/8/8/8/8/2B1K3 w - - 0 1,white,c1d2,100.0,1.0,1,1,12,legal,piece_movement,
movement_0398,movement_0398,movement,validation,synthetic_movement_0398,4k3/8/8/8/8/8/8/2B1K3 w - - 0 1,white,c1e3,100.0,1.0,1,1,12,legal,piece_movement,
movement_0398,movement_0398,movement,validation,synthetic_movement_0398,4k3/8/8/8/8/8/8/2B1K3 w - - 0 1,white,c1f4,100.0,1.0,1,1,12,legal,piece_movement,
movement_0398,movement_0398,movement,validation,synthetic_movement_0398,4k3/8/8/8/8/8/8/2B1K3 w - - 0 1,white,c1a1,-100.0,-1.0,0,0,12,illegal,piece_movement,
movement_0398,movement_0398,movement,validation,synthetic_movement_0398,4k3/8/8/8/8/8/8/2B1K3 w - - 0 1,white,c1b1,-100.0,-1.0,0,0,12,illegal,piece_movement,
movement_0398,movement_0398,movement,validation,synthetic_movement_0398,4k3/8/8/8/8/8/8/2B1K3 w - - 0 1,white,c1d1,-100.0,-1.0,0,0,12,illegal,piece_movement,
movement_0398,movement_0398,movement,validation,synthetic_movement_0398,4k3/8/8/8/8/8/8/2B1K3 w - - 0 1,white,c1e1,-100.0,-1.0,0,0,12,illegal,piece_movement,
movement_0398,movement_0398,movement,validation,synthetic_movement_0398,4k3/8/8/8/8/8/8/2B1K3 w - - 0 1,white,c1f1,-100.0,-1.0,0,0,12,illegal,piece_movement,
movement_0399,movement_0399,movement,validation,synthetic_movement_0399,4k3/8/4R3/8/8/8/8/4K3 w - - 0 1,white,e6a6,100.0,1.0,1,1,18,legal,piece_movement,
movement_0399,movement_0399,movement,validation,synthetic_movement_0399,4k3/8/4R3/8/8/8/8/4K3 w - - 0 1,white,e6b6,100.0,1.0,1,1,18,legal,piece_movement,
movement_0399,movement_0399,movement,validation,synthetic_movement_0399,4k3/8/4R3/8/8/8/8/4K3 w - - 0 1,white,e6c6,100.0,1.0,1,1,18,legal,piece_movement,
movement_0399,movement_0399,movement,validation,synthetic_movement_0399,4k3/8/4R3/8/8/8/8/4K3 w - - 0 1,white,e6d6,100.0,1.0,1,1,18,legal,piece_movement,
movement_0399,movement_0399,movement,validation,synthetic_movement_0399,4k3/8/4R3/8/8/8/8/4K3 w - - 0 1,white,e6e2,100.0,1.0,1,1,18,legal,piece_movement,
movement_0399,movement_0399,movement,validation,synthetic_movement_0399,4k3/8/4R3/8/8/8/8/4K3 w - - 0 1,white,e6a1,-100.0,-1.0,0,0,18,illegal,piece_movement,
movement_0399,movement_0399,movement,validation,synthetic_movement_0399,4k3/8/4R3/8/8/8/8/4K3 w - - 0 1,white,e6b1,-100.0,-1.0,0,0,18,illegal,piece_movement,
movement_0399,movement_0399,movement,validation,synthetic_movement_0399,4k3/8/4R3/8/8/8/8/4K3 w - - 0 1,white,e6c1,-100.0,-1.0,0,0,18,illegal,piece_movement,
movement_0399,movement_0399,movement,validation,synthetic_movement_0399,4k3/8/4R3/8/8/8/8/4K3 w - - 0 1,white,e6d1,-100.0,-1.0,0,0,18,illegal,piece_movement,
movement_0399,movement_0399,movement,validation,synthetic_movement_0399,4k3/8/4R3/8/8/8/8/4K3 w - - 0 1,white,e6e1,-100.0,-1.0,0,0,18,illegal,piece_movement,
movement_0400,movement_0400,movement,validation,synthetic_movement_0400,4k2Q/8/8/8/8/8/8/4K3 w - - 0 1,white,h8a1,100.0,1.0,1,1,22,legal,piece_movement,
movement_0400,movement_0400,movement,validation,synthetic_movement_0400,4k2Q/8/8/8/8/8/8/4K3 w - - 0 1,white,h8b2,100.0,1.0,1,1,22,legal,piece_movement,
movement_0400,movement_0400,movement,validation,synthetic_movement_0400,4k2Q/8/8/8/8/8/8/4K3 w - - 0 1,white,h8c3,100.0,1.0,1,1,22,legal,piece_movement,
movement_0400,movement_0400,movement,validation,synthetic_movement_0400,4k2Q/8/8/8/8/8/8/4K3 w - - 0 1,white,h8d4,100.0,1.0,1,1,22,legal,piece_movement,
movement_0400,movement_0400,movement,validation,synthetic_movement_0400,4k2Q/8/8/8/8/8/8/4K3 w - - 0 1,white,h8e5,100.0,1.0,1,1,22,legal,piece_movement,
movement_0400,movement_0400,movement,validation,synthetic_movement_0400,4k2Q/8/8/8/8/8/8/4K3 w - - 0 1,white,h8b1,-100.0,-1.0,0,0,22,illegal,piece_movement,
movement_0400,movement_0400,movement,validation,synthetic_movement_0400,4k2Q/8/8/8/8/8/8/4K3 w - - 0 1,white,h8c1,-100.0,-1.0,0,0,22,illegal,piece_movement,
movement_0400,movement_0400,movement,validation,synthetic_movement_0400,4k2Q/8/8/8/8/8/8/4K3 w - - 0 1,white,h8d1,-100.0,-1.0,0,0,22,illegal,piece_movement,
movement_0400,movement_0400,movement,validation,synthetic_movement_0400,4k2Q/8/8/8/8/8/8/4K3 w - - 0 1,white,h8e1,-100.0,-1.0,0,0,22,illegal,piece_movement,
movement_0400,movement_0400,movement,validation,synthetic_movement_0400,4k2Q/8/8/8/8/8/8/4K3 w - - 0 1,white,h8f1,-100.0,-1.0,0,0,22,illegal,piece_movement,
movement_0401,movement_0401,movement,validation,synthetic_movement_0401,1K2k3/8/8/8/8/8/8/4K3 w - - 0 1,white,b8a7,100.0,1.0,1,1,10,legal,piece_movement,
movement_0401,movement_0401,movement,validation,synthetic_movement_0401,1K2k3/8/8/8/8/8/8/4K3 w - - 0 1,white,b8a8,100.0,1.0,1,1,10,legal,piece_movement,
movement_0401,movement_0401,movement,validation,synthetic_movement_0401,1K2k3/8/8/8/8/8/8/4K3 w - - 0 1,white,b8b7,100.0,1.0,1,1,10,legal,piece_movement,
movement_0401,movement_0401,movement,validation,synthetic_movement_0401,1K2k3/8/8/8/8/8/8/4K3 w - - 0 1,white,b8c7,100.0,1.0,1,1,10,legal,piece_movement,
movement_0401,movement_0401,movement,validation,synthetic_movement_0401,1K2k3/8/8/8/8/8/8/4K3 w - - 0 1,white,b8c8,100.0,1.0,1,1,10,legal,piece_movement,
movement_0401,movement_0401,movement,validation,synthetic_movement_0401,1K2k3/8/8/8/8/8/8/4K3 w - - 0 1,white,b8a1,-100.0,-1.0,0,0,10,illegal,piece_movement,
movement_0401,movement_0401,movement,validation,synthetic_movement_0401,1K2k3/8/8/8/8/8/8/4K3 w - - 0 1,white,b8b1,-100.0,-1.0,0,0,10,illegal,piece_movement,
movement_0401,movement_0401,movement,validation,synthetic_movement_0401,1K2k3/8/8/8/8/8/8/4K3 w - - 0 1,white,b8c1,-100.0,-1.0,0,0,10,illegal,piece_movement,
movement_0401,movement_0401,movement,validation,synthetic_movement_0401,1K2k3/8/8/8/8/8/8/4K3 w - - 0 1,white,b8d1,-100.0,-1.0,0,0,10,illegal,piece_movement,
movement_0401,movement_0401,movement,validation,synthetic_movement_0401,1K2k3/8/8/8/8/8/8/4K3 w - - 0 1,white,b8e1,-100.0,-1.0,0,0,10,illegal,piece_movement,
movement_0402,movement_0402,movement,validation,synthetic_movement_0402,4k3/8/8/8/2p5/8/8/4K3 b - - 0 1,black,c4c3,100.0,1.0,1,1,6,legal,piece_movement,
movement_0402,movement_0402,movement,validation,synthetic_movement_0402,4k3/8/8/8/2p5/8/8/4K3 b - - 0 1,black,c4a1,-100.0,-1.0,0,0,6,illegal,piece_movement,
movement_0402,movement_0402,movement,validation,synthetic_movement_0402,4k3/8/8/8/2p5/8/8/4K3 b - - 0 1,black,c4b1,-100.0,-1.0,0,0,6,illegal,piece_movement,
movement_0402,movement_0402,movement,validation,synthetic_movement_0402,4k3/8/8/8/2p5/8/8/4K3 b - - 0 1,black,c4c1,-100.0,-1.0,0,0,6,illegal,piece_movement,
movement_0402,movement_0402,movement,validation,synthetic_movement_0402,4k3/8/8/8/2p5/8/8/4K3 b - - 0 1,black,c4d1,-100.0,-1.0,0,0,6,illegal,piece_movement,
movement_0402,movement_0402,movement,validation,synthetic_movement_0402,4k3/8/8/8/2p5/8/8/4K3 b - - 0 1,black,c4e1,-100.0,-1.0,0,0,6,illegal,piece_movement,
movement_0403,movement_0403,movement,validation,synthetic_movement_0403,4k3/8/8/8/4n3/8/8/4K3 b - - 0 1,black,e4c3,100.0,1.0,1,1,13,legal,piece_movement,
movement_0403,movement_0403,movement,validation,synthetic_movement_0403,4k3/8/8/8/4n3/8/8/4K3 b - - 0 1,black,e4c5,100.0,1.0,1,1,13,legal,piece_movement,
movement_0403,movement_0403,movement,validation,synthetic_movement_0403,4k3/8/8/8/4n3/8/8/4K3 b - - 0 1,black,e4d2,100.0,1.0,1,1,13,legal,piece_movement,
movement_0403,movement_0403,movement,validation,synthetic_movement_0403,4k3/8/8/8/4n3/8/8/4K3 b - - 0 1,black,e4d6,100.0,1.0,1,1,13,legal,piece_movement,
movement_0403,movement_0403,movement,validation,synthetic_movement_0403,4k3/8/8/8/4n3/8/8/4K3 b - - 0 1,black,e4f2,100.0,1.0,1,1,13,legal,piece_movement,
movement_0403,movement_0403,movement,validation,synthetic_movement_0403,4k3/8/8/8/4n3/8/8/4K3 b - - 0 1,black,e4a1,-100.0,-1.0,0,0,13,illegal,piece_movement,
movement_0403,movement_0403,movement,validation,synthetic_movement_0403,4k3/8/8/8/4n3/8/8/4K3 b - - 0 1,black,e4b1,-100.0,-1.0,0,0,13,illegal,piece_movement,
movement_0403,movement_0403,movement,validation,synthetic_movement_0403,4k3/8/8/8/4n3/8/8/4K3 b - - 0 1,black,e4c1,-100.0,-1.0,0,0,13,illegal,piece_movement,
movement_0403,movement_0403,movement,validation,synthetic_movement_0403,4k3/8/8/8/4n3/8/8/4K3 b - - 0 1,black,e4d1,-100.0,-1.0,0,0,13,illegal,piece_movement,
movement_0403,movement_0403,movement,validation,synthetic_movement_0403,4k3/8/8/8/4n3/8/8/4K3 b - - 0 1,black,e4e1,-100.0,-1.0,0,0,13,illegal,piece_movement,
movement_0404,movement_0404,movement,validation,synthetic_movement_0404,4k3/7b/8/8/8/8/8/4K3 b - - 0 1,black,h7b1,100.0,1.0,1,1,12,legal,piece_movement,
movement_0404,movement_0404,movement,validation,synthetic_movement_0404,4k3/7b/8/8/8/8/8/4K3 b - - 0 1,black,h7c2,100.0,1.0,1,1,12,legal,piece_movement,
movement_0404,movement_0404,movement,validation,synthetic_movement_0404,4k3/7b/8/8/8/8/8/4K3 b - - 0 1,black,h7d3,100.0,1.0,1,1,12,legal,piece_movement,
movement_0404,movement_0404,movement,validation,synthetic_movement_0404,4k3/7b/8/8/8/8/8/4K3 b - - 0 1,black,h7e4,100.0,1.0,1,1,12,legal,piece_movement,
movement_0404,movement_0404,movement,validation,synthetic_movement_0404,4k3/7b/8/8/8/8/8/4K3 b - - 0 1,black,h7f5,100.0,1.0,1,1,12,legal,piece_movement,
movement_0404,movement_0404,movement,validation,synthetic_movement_0404,4k3/7b/8/8/8/8/8/4K3 b - - 0 1,black,h7a1,-100.0,-1.0,0,0,12,illegal,piece_movement,
movement_0404,movement_0404,movement,validation,synthetic_movement_0404,4k3/7b/8/8/8/8/8/4K3 b - - 0 1,black,h7c1,-100.0,-1.0,0,0,12,illegal,piece_movement,
movement_0404,movement_0404,movement,validation,synthetic_movement_0404,4k3/7b/8/8/8/8/8/4K3 b - - 0 1,black,h7d1,-100.0,-1.0,0,0,12,illegal,piece_movement,
movement_0404,movement_0404,movement,validation,synthetic_movement_0404,4k3/7b/8/8/8/8/8/4K3 b - - 0 1,black,h7e1,-100.0,-1.0,0,0,12,illegal,piece_movement,
movement_0404,movement_0404,movement,validation,synthetic_movement_0404,4k3/7b/8/8/8/8/8/4K3 b - - 0 1,black,h7f1,-100.0,-1.0,0,0,12,illegal,piece_movement,
movement_0405,movement_0405,movement,validation,synthetic_movement_0405,4k3/8/8/8/8/8/8/2r1K3 b - - 0 1,black,c1a1,100.0,1.0,1,1,16,legal,piece_movement,
movement_0405,movement_0405,movement,validation,synthetic_movement_0405,4k3/8/8/8/8/8/8/2r1K3 b - - 0 1,black,c1b1,100.0,1.0,1,1,16,legal,piece_movement,
movement_0405,movement_0405,movement,validation,synthetic_movement_0405,4k3/8/8/8/8/8/8/2r1K3 b - - 0 1,black,c1c2,100.0,1.0,1,1,16,legal,piece_movement,
movement_0405,movement_0405,movement,validation,synthetic_movement_0405,4k3/8/8/8/8/8/8/2r1K3 b - - 0 1,black,c1c3,100.0,1.0,1,1,16,legal,piece_movement,
movement_0405,movement_0405,movement,validation,synthetic_movement_0405,4k3/8/8/8/8/8/8/2r1K3 b - - 0 1,black,c1c4,100.0,1.0,1,1,16,legal,piece_movement,
movement_0405,movement_0405,movement,validation,synthetic_movement_0405,4k3/8/8/8/8/8/8/2r1K3 b - - 0 1,black,c1f1,-100.0,-1.0,0,0,16,illegal,piece_movement,
movement_0405,movement_0405,movement,validation,synthetic_movement_0405,4k3/8/8/8/8/8/8/2r1K3 b - - 0 1,black,c1g1,-100.0,-1.0,0,0,16,illegal,piece_movement,
movement_0405,movement_0405,movement,validation,synthetic_movement_0405,4k3/8/8/8/8/8/8/2r1K3 b - - 0 1,black,c1h1,-100.0,-1.0,0,0,16,illegal,piece_movement,
movement_0405,movement_0405,movement,validation,synthetic_movement_0405,4k3/8/8/8/8/8/8/2r1K3 b - - 0 1,black,c1a2,-100.0,-1.0,0,0,16,illegal,piece_movement,
movement_0405,movement_0405,movement,validation,synthetic_movement_0405,4k3/8/8/8/8/8/8/2r1K3 b - - 0 1,black,c1b2,-100.0,-1.0,0,0,16,illegal,piece_movement,
movement_0406,movement_0406,movement,validation,synthetic_movement_0406,4k3/8/8/8/8/8/8/4K1q1 b - - 0 1,black,g1a7,100.0,1.0,1,1,22,legal,piece_movement,
movement_0406,movement_0406,movement,validation,synthetic_movement_0406,4k3/8/8/8/8/8/8/4K1q1 b - - 0 1,black,g1b6,100.0,1.0,1,1,22,legal,piece_movement,
movement_0406,movement_0406,movement,validation,synthetic_movement_0406,4k3/8/8/8/8/8/8/4K1q1 b - - 0 1,black,g1c5,100.0,1.0,1,1,22,legal,piece_movement,
movement_0406,movement_0406,movement,validation,synthetic_movement_0406,4k3/8/8/8/8/8/8/4K1q1 b - - 0 1,black,g1d4,100.0,1.0,1,1,22,legal,piece_movement,
movement_0406,movement_0406,movement,validation,synthetic_movement_0406,4k3/8/8/8/8/8/8/4K1q1 b - - 0 1,black,g1e1,100.0,1.0,1,1,22,legal,piece_movement,
movement_0406,movement_0406,movement,validation,synthetic_movement_0406,4k3/8/8/8/8/8/8/4K1q1 b - - 0 1,black,g1a1,-100.0,-1.0,0,0,22,illegal,piece_movement,
movement_0406,movement_0406,movement,validation,synthetic_movement_0406,4k3/8/8/8/8/8/8/4K1q1 b - - 0 1,black,g1b1,-100.0,-1.0,0,0,22,illegal,piece_movement,
movement_0406,movement_0406,movement,validation,synthetic_movement_0406,4k3/8/8/8/8/8/8/4K1q1 b - - 0 1,black,g1c1,-100.0,-1.0,0,0,22,illegal,piece_movement,
movement_0406,movement_0406,movement,validation,synthetic_movement_0406,4k3/8/8/8/8/8/8/4K1q1 b - - 0 1,black,g1d1,-100.0,-1.0,0,0,22,illegal,piece_movement,
movement_0406,movement_0406,movement,validation,synthetic_movement_0406,4k3/8/8/8/8/8/8/4K1q1 b - - 0 1,black,g1a2,-100.0,-1.0,0,0,22,illegal,piece_movement,
movement_0407,movement_0407,movement,validation,synthetic_movement_0407,4k3/8/8/k7/8/8/8/4K3 b - - 0 1,black,a5a4,100.0,1.0,1,1,10,legal,piece_movement,
movement_0407,movement_0407,movement,validation,synthetic_movement_0407,4k3/8/8/k7/8/8/8/4K3 b - - 0 1,black,a5a6,100.0,1.0,1,1,10,legal,piece_movement,
movement_0407,movement_0407,movement,validation,synthetic_movement_0407,4k3/8/8/k7/8/8/8/4K3 b - - 0 1,black,a5b4,100.0,1.0,1,1,10,legal,piece_movement,
movement_0407,movement_0407,movement,validation,synthetic_movement_0407,4k3/8/8/k7/8/8/8/4K3 b - - 0 1,black,a5b5,100.0,1.0,1,1,10,legal,piece_movement,
movement_0407,movement_0407,movement,validation,synthetic_movement_0407,4k3/8/8/k7/8/8/8/4K3 b - - 0 1,black,a5b6,100.0,1.0,1,1,10,legal,piece_movement,
movement_0407,movement_0407,movement,validation,synthetic_movement_0407,4k3/8/8/k7/8/8/8/4K3 b - - 0 1,black,a5a1,-100.0,-1.0,0,0,10,illegal,piece_movement,
movement_0407,movement_0407,movement,validation,synthetic_movement_0407,4k3/8/8/k7/8/8/8/4K3 b - - 0 1,black,a5b1,-100.0,-1.0,0,0,10,illegal,piece_movement,
movement_0407,movement_0407,movement,validation,synthetic_movement_0407,4k3/8/8/k7/8/8/8/4K3 b - - 0 1,black,a5c1,-100.0,-1.0,0,0,10,illegal,piece_movement,
movement_0407,movement_0407,movement,validation,synthetic_movement_0407,4k3/8/8/k7/8/8/8/4K3 b - - 0 1,black,a5d1,-100.0,-1.0,0,0,10,illegal,piece_movement,
movement_0407,movement_0407,movement,validation,synthetic_movement_0407,4k3/8/8/k7/8/8/8/4K3 b - - 0 1,black,a5e1,-100.0,-1.0,0,0,10,illegal,piece_movement,
movement_0408,movement_0408,movement,validation,synthetic_movement_0408,4k3/8/8/8/8/8/5P2/4K3 w - - 0 1,white,f2f3,100.0,1.0,1,1,6,legal,piece_movement,
movement_0408,movement_0408,movement,validation,synthetic_movement_0408,4k3/8/8/8/8/8/5P2/4K3 w - - 0 1,white,f2f4,100.0,1.0,1,1,6,legal,piece_movement,
movement_0408,movement_0408,movement,validation,synthetic_movement_0408,4k3/8/8/8/8/8/5P2/4K3 w - - 0 1,white,f2a1,-100.0,-1.0,0,0,6,illegal,piece_movement,
movement_0408,movement_0408,movement,validation,synthetic_movement_0408,4k3/8/8/8/8/8/5P2/4K3 w - - 0 1,white,f2b1,-100.0,-1.0,0,0,6,illegal,piece_movement,
movement_0408,movement_0408,movement,validation,synthetic_movement_0408,4k3/8/8/8/8/8/5P2/4K3 w - - 0 1,white,f2c1,-100.0,-1.0,0,0,6,illegal,piece_movement,
movement_0408,movement_0408,movement,validation,synthetic_movement_0408,4k3/8/8/8/8/8/5P2/4K3 w - - 0 1,white,f2d1,-100.0,-1.0,0,0,6,illegal,piece_movement,
movement_0408,movement_0408,movement,validation,synthetic_movement_0408,4k3/8/8/8/8/8/5P2/4K3 w - - 0 1,white,f2e1,-100.0,-1.0,0,0,6,illegal,piece_movement,
movement_0409,movement_0409,movement,validation,synthetic_movement_0409,4k3/1N6/8/8/8/8/8/4K3 w - - 0 1,white,b7a5,100.0,1.0,1,1,9,legal,piece_movement,
movement_0409,movement_0409,movement,validation,synthetic_movement_0409,4k3/1N6/8/8/8/8/8/4K3 w - - 0 1,white,b7c5,100.0,1.0,1,1,9,legal,piece_movement,
movement_0409,movement_0409,movement,validation,synthetic_movement_0409,4k3/1N6/8/8/8/8/8/4K3 w - - 0 1,white,b7d6,100.0,1.0,1,1,9,legal,piece_movement,
movement_0409,movement_0409,movement,validation,synthetic_movement_0409,4k3/1N6/8/8/8/8/8/4K3 w - - 0 1,white,b7d8,100.0,1.0,1,1,9,legal,piece_movement,
movement_0409,movement_0409,movement,validation,synthetic_movement_0409,4k3/1N6/8/8/8/8/8/4K3 w - - 0 1,white,b7a1,-100.0,-1.0,0,0,9,illegal,piece_movement,
movement_0409,movement_0409,movement,validation,synthetic_movement_0409,4k3/1N6/8/8/8/8/8/4K3 w - - 0 1,white,b7b1,-100.0,-1.0,0,0,9,illegal,piece_movement,
movement_0409,movement_0409,movement,validation,synthetic_movement_0409,4k3/1N6/8/8/8/8/8/4K3 w - - 0 1,white,b7c1,-100.0,-1.0,0,0,9,illegal,piece_movement,
movement_0409,movement_0409,movement,validation,synthetic_movement_0409,4k3/1N6/8/8/8/8/8/4K3 w - - 0 1,white,b7d1,-100.0,-1.0,0,0,9,illegal,piece_movement,
movement_0409,movement_0409,movement,validation,synthetic_movement_0409,4k3/1N6/8/8/8/8/8/4K3 w - - 0 1,white,b7e1,-100.0,-1.0,0,0,9,illegal,piece_movement,
movement_0410,movement_0410,movement,validation,synthetic_movement_0410,4k3/8/8/8/8/1B6/8/4K3 w - - 0 1,white,b3a2,100.0,1.0,1,1,14,legal,piece_movement,
movement_0410,movement_0410,movement,validation,synthetic_movement_0410,4k3/8/8/8/8/1B6/8/4K3 w - - 0 1,white,b3a4,100.0,1.0,1,1,14,legal,piece_movement,
movement_0410,movement_0410,movement,validation,synthetic_movement_0410,4k3/8/8/8/8/1B6/8/4K3 w - - 0 1,white,b3c2,100.0,1.0,1,1,14,legal,piece_movement,
movement_0410,movement_0410,movement,validation,synthetic_movement_0410,4k3/8/8/8/8/1B6/8/4K3 w - - 0 1,white,b3c4,100.0,1.0,1,1,14,legal,piece_movement,
movement_0410,movement_0410,movement,validation,synthetic_movement_0410,4k3/8/8/8/8/1B6/8/4K3 w - - 0 1,white,b3d1,100.0,1.0,1,1,14,legal,piece_movement,
movement_0410,movement_0410,movement,validation,synthetic_movement_0410,4k3/8/8/8/8/1B6/8/4K3 w - - 0 1,white,b3a1,-100.0,-1.0,0,0,14,illegal,piece_movement,
movement_0410,movement_0410,movement,validation,synthetic_movement_0410,4k3/8/8/8/8/1B6/8/4K3 w - - 0 1,white,b3b1,-100.0,-1.0,0,0,14,illegal,piece_movement,
movement_0410,movement_0410,movement,validation,synthetic_movement_0410,4k3/8/8/8/8/1B6/8/4K3 w - - 0 1,white,b3c1,-100.0,-1.0,0,0,14,illegal,piece_movement,
movement_0410,movement_0410,movement,validation,synthetic_movement_0410,4k3/8/8/8/8/1B6/8/4K3 w - - 0 1,white,b3e1,-100.0,-1.0,0,0,14,illegal,piece_movement,
movement_0410,movement_0410,movement,validation,synthetic_movement_0410,4k3/8/8/8/8/1B6/8/4K3 w - - 0 1,white,b3f1,-100.0,-1.0,0,0,14,illegal,piece_movement,
movement_0411,movement_0411,movement,validation,synthetic_movement_0411,4k3/8/8/8/8/2R5/8/4K3 w - - 0 1,white,c3a3,100.0,1.0,1,1,19,legal,piece_movement,
movement_0411,movement_0411,movement,validation,synthetic_movement_0411,4k3/8/8/8/8/2R5/8/4K3 w - - 0 1,white,c3b3,100.0,1.0,1,1,19,legal,piece_movement,
movement_0411,movement_0411,movement,validation,synthetic_movement_0411,4k3/8/8/8/8/2R5/8/4K3 w - - 0 1,white,c3c1,100.0,1.0,1,1,19,legal,piece_movement,
movement_0411,movement_0411,movement,validation,synthetic_movement_0411,4k3/8/8/8/8/2R5/8/4K3 w - - 0 1,white,c3c2,100.0,1.0,1,1,19,legal,piece_movement,
movement_0411,movement_0411,movement,validation,synthetic_movement_0411,4k3/8/8/8/8/2R5/8/4K3 w - - 0 1,white,c3c4,100.0,1.0,1,1,19,legal,piece_movement,
movement_0411,movement_0411,movement,validation,synthetic_movement_0411,4k3/8/8/8/8/2R5/8/4K3 w - - 0 1,white,c3a1,-100.0,-1.0,0,0,19,illegal,piece_movement,
movement_0411,movement_0411,movement,validation,synthetic_movement_0411,4k3/8/8/8/8/2R5/8/4K3 w - - 0 1,white,c3b1,-100.0,-1.0,0,0,19,illegal,piece_movement,
movement_0411,movement_0411,movement,validation,synthetic_movement_0411,4k3/8/8/8/8/2R5/8/4K3 w - - 0 1,white,c3d1,-100.0,-1.0,0,0,19,illegal,piece_movement,
movement_0411,movement_0411,movement,validation,synthetic_movement_0411,4k3/8/8/8/8/2R5/8/4K3 w - - 0 1,white,c3e1,-100.0,-1.0,0,0,19,illegal,piece_movement,
movement_0411,movement_0411,movement,validation,synthetic_movement_0411,4k3/8/8/8/8/2R5/8/4K3 w - - 0 1,white,c3f1,-100.0,-1.0,0,0,19,illegal,piece_movement,
movement_0412,movement_0412,movement,validation,synthetic_movement_0412,4k3/8/8/1Q6/8/8/8/4K3 w - - 0 1,white,b5a4,100.0,1.0,1,1,28,legal,piece_movement,
movement_0412,movement_0412,movement,validation,synthetic_movement_0412,4k3/8/8/1Q6/8/8/8/4K3 w - - 0 1,white,b5a5,100.0,1.0,1,1,28,legal,piece_movement,
movement_0412,movement_0412,movement,validation,synthetic_movement_0412,4k3/8/8/1Q6/8/8/8/4K3 w - - 0 1,white,b5a6,100.0,1.0,1,1,28,legal,piece_movement,
movement_0412,movement_0412,movement,validation,synthetic_movement_0412,4k3/8/8/1Q6/8/8/8/4K3 w - - 0 1,white,b5b1,100.0,1.0,1,1,28,legal,piece_movement,
movement_0412,movement_0412,movement,validation,synthetic_movement_0412,4k3/8/8/1Q6/8/8/8/4K3 w - - 0 1,white,b5b2,100.0,1.0,1,1,28,legal,piece_movement,
movement_0412,movement_0412,movement,validation,synthetic_movement_0412,4k3/8/8/1Q6/8/8/8/4K3 w - - 0 1,white,b5a1,-100.0,-1.0,0,0,28,illegal,piece_movement,
movement_0412,movement_0412,movement,validation,synthetic_movement_0412,4k3/8/8/1Q6/8/8/8/4K3 w - - 0 1,white,b5c1,-100.0,-1.0,0,0,28,illegal,piece_movement,
movement_0412,movement_0412,movement,validation,synthetic_movement_0412,4k3/8/8/1Q6/8/8/8/4K3 w - - 0 1,white,b5d1,-100.0,-1.0,0,0,28,illegal,piece_movement,
movement_0412,movement_0412,movement,validation,synthetic_movement_0412,4k3/8/8/1Q6/8/8/8/4K3 w - - 0 1,white,b5e1,-100.0,-1.0,0,0,28,illegal,piece_movement,
movement_0412,movement_0412,movement,validation,synthetic_movement_0412,4k3/8/8/1Q6/8/8/8/4K3 w - - 0 1,white,b5g1,-100.0,-1.0,0,0,28,illegal,piece_movement,
movement_0413,movement_0413,movement,validation,synthetic_movement_0413,4k3/8/8/8/6K1/8/8/4K3 w - - 0 1,white,g4f3,100.0,1.0,1,1,13,legal,piece_movement,
movement_0413,movement_0413,movement,validation,synthetic_movement_0413,4k3/8/8/8/6K1/8/8/4K3 w - - 0 1,white,g4f4,100.0,1.0,1,1,13,legal,piece_movement,
movement_0413,movement_0413,movement,validation,synthetic_movement_0413,4k3/8/8/8/6K1/8/8/4K3 w - - 0 1,white,g4f5,100.0,1.0,1,1,13,legal,piece_movement,
movement_0413,movement_0413,movement,validation,synthetic_movement_0413,4k3/8/8/8/6K1/8/8/4K3 w - - 0 1,white,g4g3,100.0,1.0,1,1,13,legal,piece_movement,
movement_0413,movement_0413,movement,validation,synthetic_movement_0413,4k3/8/8/8/6K1/8/8/4K3 w - - 0 1,white,g4g5,100.0,1.0,1,1,13,legal,piece_movement,
movement_0413,movement_0413,movement,validation,synthetic_movement_0413,4k3/8/8/8/6K1/8/8/4K3 w - - 0 1,white,g4a1,-100.0,-1.0,0,0,13,illegal,piece_movement,
movement_0413,movement_0413,movement,validation,synthetic_movement_0413,4k3/8/8/8/6K1/8/8/4K3 w - - 0 1,white,g4b1,-100.0,-1.0,0,0,13,illegal,piece_movement,
movement_0413,movement_0413,movement,validation,synthetic_movement_0413,4k3/8/8/8/6K1/8/8/4K3 w - - 0 1,white,g4c1,-100.0,-1.0,0,0,13,illegal,piece_movement,
movement_0413,movement_0413,movement,validation,synthetic_movement_0413,4k3/8/8/8/6K1/8/8/4K3 w - - 0 1,white,g4d1,-100.0,-1.0,0,0,13,illegal,piece_movement,
movement_0413,movement_0413,movement,validation,synthetic_movement_0413,4k3/8/8/8/6K1/8/8/4K3 w - - 0 1,white,g4e1,-100.0,-1.0,0,0,13,illegal,piece_movement,
movement_0414,movement_0414,movement,validation,synthetic_movement_0414,4k3/8/8/8/1p6/8/8/4K3 b - - 0 1,black,b4b3,100.0,1.0,1,1,6,legal,piece_movement,
movement_0414,movement_0414,movement,validation,synthetic_movement_0414,4k3/8/8/8/1p6/8/8/4K3 b - - 0 1,black,b4a1,-100.0,-1.0,0,0,6,illegal,piece_movement,
movement_0414,movement_0414,movement,validation,synthetic_movement_0414,4k3/8/8/8/1p6/8/8/4K3 b - - 0 1,black,b4b1,-100.0,-1.0,0,0,6,illegal,piece_movement,
movement_0414,movement_0414,movement,validation,synthetic_movement_0414,4k3/8/8/8/1p6/8/8/4K3 b - - 0 1,black,b4c1,-100.0,-1.0,0,0,6,illegal,piece_movement,
movement_0414,movement_0414,movement,validation,synthetic_movement_0414,4k3/8/8/8/1p6/8/8/4K3 b - - 0 1,black,b4d1,-100.0,-1.0,0,0,6,illegal,piece_movement,
movement_0414,movement_0414,movement,validation,synthetic_movement_0414,4k3/8/8/8/1p6/8/8/4K3 b - - 0 1,black,b4e1,-100.0,-1.0,0,0,6,illegal,piece_movement,
movement_0415,movement_0415,movement,validation,synthetic_movement_0415,4k3/8/8/8/8/3n4/8/4K3 b - - 0 1,black,d3b2,100.0,1.0,1,1,13,legal,piece_movement,
movement_0415,movement_0415,movement,validation,synthetic_movement_0415,4k3/8/8/8/8/3n4/8/4K3 b - - 0 1,black,d3b4,100.0,1.0,1,1,13,legal,piece_movement,
movement_0415,movement_0415,movement,validation,synthetic_movement_0415,4k3/8/8/8/8/3n4/8/4K3 b - - 0 1,black,d3c1,100.0,1.0,1,1,13,legal,piece_movement,
movement_0415,movement_0415,movement,validation,synthetic_movement_0415,4k3/8/8/8/8/3n4/8/4K3 b - - 0 1,black,d3c5,100.0,1.0,1,1,13,legal,piece_movement,
movement_0415,movement_0415,movement,validation,synthetic_movement_0415,4k3/8/8/8/8/3n4/8/4K3 b - - 0 1,black,d3e1,100.0,1.0,1,1,13,legal,piece_movement,
movement_0415,movement_0415,movement,validation,synthetic_movement_0415,4k3/8/8/8/8/3n4/8/4K3 b - - 0 1,black,d3a1,-100.0,-1.0,0,0,13,illegal,piece_movement,
movement_0415,movement_0415,movement,validation,synthetic_movement_0415,4k3/8/8/8/8/3n4/8/4K3 b - - 0 1,black,d3b1,-100.0,-1.0,0,0,13,illegal,piece_movement,
movement_0415,movement_0415,movement,validation,synthetic_movement_0415,4k3/8/8/8/8/3n4/8/4K3 b - - 0 1,black,d3d1,-100.0,-1.0,0,0,13,illegal,piece_movement,
movement_0415,movement_0415,movement,validation,synthetic_movement_0415,4k3/8/8/8/8/3n4/8/4K3 b - - 0 1,black,d3f1,-100.0,-1.0,0,0,13,illegal,piece_movement,
movement_0415,movement_0415,movement,validation,synthetic_movement_0415,4k3/8/8/8/8/3n4/8/4K3 b - - 0 1,black,d3g1,-100.0,-1.0,0,0,13,illegal,piece_movement,
movement_0416,movement_0416,movement,validation,synthetic_movement_0416,3bk3/8/8/8/8/8/8/4K3 b - - 0 1,black,d8a5,100.0,1.0,1,1,11,legal,piece_movement,
movement_0416,movement_0416,movement,validation,synthetic_movement_0416,3bk3/8/8/8/8/8/8/4K3 b - - 0 1,black,d8b6,100.0,1.0,1,1,11,legal,piece_movement,
movement_0416,movement_0416,movement,validation,synthetic_movement_0416,3bk3/8/8/8/8/8/8/4K3 b - - 0 1,black,d8c7,100.0,1.0,1,1,11,legal,piece_movement,
movement_0416,movement_0416,movement,validation,synthetic_movement_0416,3bk3/8/8/8/8/8/8/4K3 b - - 0 1,black,d8e7,100.0,1.0,1,1,11,legal,piece_movement,
movement_0416,movement_0416,movement,validation,synthetic_movement_0416,3bk3/8/8/8/8/8/8/4K3 b - - 0 1,black,d8f6,100.0,1.0,1,1,11,legal,piece_movement,
movement_0416,movement_0416,movement,validation,synthetic_movement_0416,3bk3/8/8/8/8/8/8/4K3 b - - 0 1,black,d8a1,-100.0,-1.0,0,0,11,illegal,piece_movement,
movement_0416,movement_0416,movement,validation,synthetic_movement_0416,3bk3/8/8/8/8/8/8/4K3 b - - 0 1,black,d8b1,-100.0,-1.0,0,0,11,illegal,piece_movement,
movement_0416,movement_0416,movement,validation,synthetic_movement_0416,3bk3/8/8/8/8/8/8/4K3 b - - 0 1,black,d8c1,-100.0,-1.0,0,0,11,illegal,piece_movement,
movement_0416,movement_0416,movement,validation,synthetic_movement_0416,3bk3/8/8/8/8/8/8/4K3 b - - 0 1,black,d8d1,-100.0,-1.0,0,0,11,illegal,piece_movement,
movement_0416,movement_0416,movement,validation,synthetic_movement_0416,3bk3/8/8/8/8/8/8/4K3 b - - 0 1,black,d8e1,-100.0,-1.0,0,0,11,illegal,piece_movement,
movement_0417,movement_0417,movement,validation,synthetic_movement_0417,4k3/8/8/8/6r1/8/8/4K3 b - - 0 1,black,g4a4,100.0,1.0,1,1,19,legal,piece_movement,
movement_0417,movement_0417,movement,validation,synthetic_movement_0417,4k3/8/8/8/6r1/8/8/4K3 b - - 0 1,black,g4b4,100.0,1.0,1,1,19,legal,piece_movement,
movement_0417,movement_0417,movement,validation,synthetic_movement_0417,4k3/8/8/8/6r1/8/8/4K3 b - - 0 1,black,g4c4,100.0,1.0,1,1,19,legal,piece_movement,
movement_0417,movement_0417,movement,validation,synthetic_movement_0417,4k3/8/8/8/6r1/8/8/4K3 b - - 0 1,black,g4d4,100.0,1.0,1,1,19,legal,piece_movement,
movement_0417,movement_0417,movement,validation,synthetic_movement_0417,4k3/8/8/8/6r1/8/8/4K3 b - - 0 1,black,g4e4,100.0,1.0,1,1,19,legal,piece_movement,
movement_0417,movement_0417,movement,validation,synthetic_movement_0417,4k3/8/8/8/6r1/8/8/4K3 b - - 0 1,black,g4a1,-100.0,-1.0,0,0,19,illegal,piece_movement,
movement_0417,movement_0417,movement,validation,synthetic_movement_0417,4k3/8/8/8/6r1/8/8/4K3 b - - 0 1,black,g4b1,-100.0,-1.0,0,0,19,illegal,piece_movement,
movement_0417,movement_0417,movement,validation,synthetic_movement_0417,4k3/8/8/8/6r1/8/8/4K3 b - - 0 1,black,g4c1,-100.0,-1.0,0,0,19,illegal,piece_movement,
movement_0417,movement_0417,movement,validation,synthetic_movement_0417,4k3/8/8/8/6r1/8/8/4K3 b - - 0 1,black,g4d1,-100.0,-1.0,0,0,19,illegal,piece_movement,
movement_0417,movement_0417,movement,validation,synthetic_movement_0417,4k3/8/8/8/6r1/8/8/4K3 b - - 0 1,black,g4e1,-100.0,-1.0,0,0,19,illegal,piece_movement,
movement_0418,movement_0418,movement,validation,synthetic_movement_0418,4k3/8/6q1/8/8/8/8/4K3 b - - 0 1,black,g6a6,100.0,1.0,1,1,27,legal,piece_movement,
movement_0418,movement_0418,movement,validation,synthetic_movement_0418,4k3/8/6q1/8/8/8/8/4K3 b - - 0 1,black,g6b1,100.0,1.0,1,1,27,legal,piece_movement,
movement_0418,movement_0418,movement,validation,synthetic_movement_0418,4k3/8/6q1/8/8/8/8/4K3 b - - 0 1,black,g6b6,100.0,1.0,1,1,27,legal,piece_movement,
movement_0418,movement_0418,movement,validation,synthetic_movement_0418,4k3/8/6q1/8/8/8/8/4K3 b - - 0 1,black,g6c2,100.0,1.0,1,1,27,legal,piece_movement,
movement_0418,movement_0418,movement,validation,synthetic_movement_0418,4k3/8/6q1/8/8/8/8/4K3 b - - 0 1,black,g6c6,100.0,1.0,1,1,27,legal,piece_movement,
movement_0418,movement_0418,movement,validation,synthetic_movement_0418,4k3/8/6q1/8/8/8/8/4K3 b - - 0 1,black,g6a1,-100.0,-1.0,0,0,27,illegal,piece_movement,
movement_0418,movement_0418,movement,validation,synthetic_movement_0418,4k3/8/6q1/8/8/8/8/4K3 b - - 0 1,black,g6c1,-100.0,-1.0,0,0,27,illegal,piece_movement,
movement_0418,movement_0418,movement,validation,synthetic_movement_0418,4k3/8/6q1/8/8/8/8/4K3 b - - 0 1,black,g6d1,-100.0,-1.0,0,0,27,illegal,piece_movement,
movement_0418,movement_0418,movement,validation,synthetic_movement_0418,4k3/8/6q1/8/8/8/8/4K3 b - - 0 1,black,g6e1,-100.0,-1.0,0,0,27,illegal,piece_movement,
movement_0418,movement_0418,movement,validation,synthetic_movement_0418,4k3/8/6q1/8/8/8/8/4K3 b - - 0 1,black,g6f1,-100.0,-1.0,0,0,27,illegal,piece_movement,
movement_0419,movement_0419,movement,validation,synthetic_movement_0419,4k3/8/8/8/1k6/8/8/4K3 b - - 0 1,black,b4a3,100.0,1.0,1,1,13,legal,piece_movement,
movement_0419,movement_0419,movement,validation,synthetic_movement_0419,4k3/8/8/8/1k6/8/8/4K3 b - - 0 1,black,b4a4,100.0,1.0,1,1,13,legal,piece_movement,
movement_0419,movement_0419,movement,validation,synthetic_movement_0419,4k3/8/8/8/1k6/8/8/4K3 b - - 0 1,black,b4a5,100.0,1.0,1,1,13,legal,piece_movement,
movement_0419,movement_0419,movement,validation,synthetic_movement_0419,4k3/8/8/8/1k6/8/8/4K3 b - - 0 1,black,b4b3,100.0,1.0,1,1,13,legal,piece_movement,
movement_0419,movement_0419,movement,validation,synthetic_movement_0419,4k3/8/8/8/1k6/8/8/4K3 b - - 0 1,black,b4b5,100.0,1.0,1,1,13,legal,piece_movement,
movement_0419,movement_0419,movement,validation,synthetic_movement_0419,4k3/8/8/8/1k6/8/8/4K3 b - - 0 1,black,b4a1,-100.0,-1.0,0,0,13,illegal,piece_movement,
movement_0419,movement_0419,movement,validation,synthetic_movement_0419,4k3/8/8/8/1k6/8/8/4K3 b - - 0 1,black,b4b1,-100.0,-1.0,0,0,13,illegal,piece_movement,
movement_0419,movement_0419,movement,validation,synthetic_movement_0419,4k3/8/8/8/1k6/8/8/4K3 b - - 0 1,black,b4c1,-100.0,-1.0,0,0,13,illegal,piece_movement,
movement_0419,movement_0419,movement,validation,synthetic_movement_0419,4k3/8/8/8/1k6/8/8/4K3 b - - 0 1,black,b4d1,-100.0,-1.0,0,0,13,illegal,piece_movement,
movement_0419,movement_0419,movement,validation,synthetic_movement_0419,4k3/8/8/8/1k6/8/8/4K3 b - - 0 1,black,b4e1,-100.0,-1.0,0,0,13,illegal,piece_movement,
movement_0420,movement_0420,movement,validation,synthetic_movement_0420,4k3/8/2P5/8/8/8/8/4K3 w - - 0 1,white,c6c7,100.0,1.0,1,1,6,legal,piece_movement,
movement_0420,movement_0420,movement,validation,synthetic_movement_0420,4k3/8/2P5/8/8/8/8/4K3 w - - 0 1,white,c6a1,-100.0,-1.0,0,0,6,illegal,piece_movement,
movement_0420,movement_0420,movement,validation,synthetic_movement_0420,4k3/8/2P5/8/8/8/8/4K3 w - - 0 1,white,c6b1,-100.0,-1.0,0,0,6,illegal,piece_movement,
movement_0420,movement_0420,movement,validation,synthetic_movement_0420,4k3/8/2P5/8/8/8/8/4K3 w - - 0 1,white,c6c1,-100.0,-1.0,0,0,6,illegal,piece_movement,
movement_0420,movement_0420,movement,validation,synthetic_movement_0420,4k3/8/2P5/8/8/8/8/4K3 w - - 0 1,white,c6d1,-100.0,-1.0,0,0,6,illegal,piece_movement,
movement_0420,movement_0420,movement,validation,synthetic_movement_0420,4k3/8/2P5/8/8/8/8/4K3 w - - 0 1,white,c6e1,-100.0,-1.0,0,0,6,illegal,piece_movement,
movement_0421,movement_0421,movement,validation,synthetic_movement_0421,4k3/4N3/8/8/8/8/8/4K3 w - - 0 1,white,e7c6,100.0,1.0,1,1,11,legal,piece_movement,
movement_0421,movement_0421,movement,validation,synthetic_movement_0421,4k3/4N3/8/8/8/8/8/4K3 w - - 0 1,white,e7c8,100.0,1.0,1,1,11,legal,piece_movement,
movement_0421,movement_0421,movement,validation,synthetic_movement_0421,4k3/4N3/8/8/8/8/8/4K3 w - - 0 1,white,e7d5,100.0,1.0,1,1,11,legal,piece_movement,
movement_0421,movement_0421,movement,validation,synthetic_movement_0421,4k3/4N3/8/8/8/8/8/4K3 w - - 0 1,white,e7f5,100.0,1.0,1,1,11,legal,piece_movement,
movement_0421,movement_0421,movement,validation,synthetic_movement_0421,4k3/4N3/8/8/8/8/8/4K3 w - - 0 1,white,e7g6,100.0,1.0,1,1,11,legal,piece_movement,
movement_0421,movement_0421,movement,validation,synthetic_movement_0421,4k3/4N3/8/8/8/8/8/4K3 w - - 0 1,white,e7a1,-100.0,-1.0,0,0,11,illegal,piece_movement,
movement_0421,movement_0421,movement,validation,synthetic_movement_0421,4k3/4N3/8/8/8/8/8/4K3 w - - 0 1,white,e7b1,-100.0,-1.0,0,0,11,illegal,piece_movement,
movement_0421,movement_0421,movement,validation,synthetic_movement_0421,4k3/4N3/8/8/8/8/8/4K3 w - - 0 1,white,e7c1,-100.0,-1.0,0,0,11,illegal,piece_movement,
movement_0421,movement_0421,movement,validation,synthetic_movement_0421,4k3/4N3/8/8/8/8/8/4K3 w - - 0 1,white,e7d1,-100.0,-1.0,0,0,11,illegal,piece_movement,
movement_0421,movement_0421,movement,validation,synthetic_movement_0421,4k3/4N3/8/8/8/8/8/4K3 w - - 0 1,white,e7e1,-100.0,-1.0,0,0,11,illegal,piece_movement,
movement_0422,movement_0422,movement,validation,synthetic_movement_0422,4kB2/8/8/8/8/8/8/4K3 w - - 0 1,white,f8a3,100.0,1.0,1,1,12,legal,piece_movement,
movement_0422,movement_0422,movement,validation,synthetic_movement_0422,4kB2/8/8/8/8/8/8/4K3 w - - 0 1,white,f8b4,100.0,1.0,1,1,12,legal,piece_movement,
movement_0422,movement_0422,movement,validation,synthetic_movement_0422,4kB2/8/8/8/8/8/8/4K3 w - - 0 1,white,f8c5,100.0,1.0,1,1,12,legal,piece_movement,
movement_0422,movement_0422,movement,validation,synthetic_movement_0422,4kB2/8/8/8/8/8/8/4K3 w - - 0 1,white,f8d6,100.0,1.0,1,1,12,legal,piece_movement,
movement_0422,movement_0422,movement,validation,synthetic_movement_0422,4kB2/8/8/8/8/8/8/4K3 w - - 0 1,white,f8e7,100.0,1.0,1,1,12,legal,piece_movement,
movement_0422,movement_0422,movement,validation,synthetic_movement_0422,4kB2/8/8/8/8/8/8/4K3 w - - 0 1,white,f8a1,-100.0,-1.0,0,0,12,illegal,piece_movement,
movement_0422,movement_0422,movement,validation,synthetic_movement_0422,4kB2/8/8/8/8/8/8/4K3 w - - 0 1,white,f8b1,-100.0,-1.0,0,0,12,illegal,piece_movement,
movement_0422,movement_0422,movement,validation,synthetic_movement_0422,4kB2/8/8/8/8/8/8/4K3 w - - 0 1,white,f8c1,-100.0,-1.0,0,0,12,illegal,piece_movement,
movement_0422,movement_0422,movement,validation,synthetic_movement_0422,4kB2/8/8/8/8/8/8/4K3 w - - 0 1,white,f8d1,-100.0,-1.0,0,0,12,illegal,piece_movement,
movement_0422,movement_0422,movement,validation,synthetic_movement_0422,4kB2/8/8/8/8/8/8/4K3 w - - 0 1,white,f8e1,-100.0,-1.0,0,0,12,illegal,piece_movement,
movement_0423,movement_0423,movement,validation,synthetic_movement_0423,4k3/8/8/8/8/R7/8/4K3 w - - 0 1,white,a3a1,100.0,1.0,1,1,19,legal,piece_movement,
movement_0423,movement_0423,movement,validation,synthetic_movement_0423,4k3/8/8/8/8/R7/8/4K3 w - - 0 1,white,a3a2,100.0,1.0,1,1,19,legal,piece_movement,
movement_0423,movement_0423,movement,validation,synthetic_movement_0423,4k3/8/8/8/8/R7/8/4K3 w - - 0 1,white,a3a4,100.0,1.0,1,1,19,legal,piece_movement,
movement_0423,movement_0423,movement,validation,synthetic_movement_0423,4k3/8/8/8/8/R7/8/4K3 w - - 0 1,white,a3a5,100.0,1.0,1,1,19,legal,piece_movement,
movement_0423,movement_0423,movement,validation,synthetic_movement_0423,4k3/8/8/8/8/R7/8/4K3 w - - 0 1,white,a3a6,100.0,1.0,1,1,19,legal,piece_movement,
movement_0423,movement_0423,movement,validation,synthetic_movement_0423,4k3/8/8/8/8/R7/8/4K3 w - - 0 1,white,a3b1,-100.0,-1.0,0,0,19,illegal,piece_movement,
movement_0423,movement_0423,movement,validation,synthetic_movement_0423,4k3/8/8/8/8/R7/8/4K3 w - - 0 1,white,a3c1,-100.0,-1.0,0,0,19,illegal,piece_movement,
movement_0423,movement_0423,movement,validation,synthetic_movement_0423,4k3/8/8/8/8/R7/8/4K3 w - - 0 1,white,a3d1,-100.0,-1.0,0,0,19,illegal,piece_movement,
movement_0423,movement_0423,movement,validation,synthetic_movement_0423,4k3/8/8/8/8/R7/8/4K3 w - - 0 1,white,a3e1,-100.0,-1.0,0,0,19,illegal,piece_movement,
movement_0423,movement_0423,movement,validation,synthetic_movement_0423,4k3/8/8/8/8/R7/8/4K3 w - - 0 1,white,a3f1,-100.0,-1.0,0,0,19,illegal,piece_movement,
movement_0424,movement_0424,movement,validation,synthetic_movement_0424,4k3/8/8/8/8/Q7/8/4K3 w - - 0 1,white,a3a1,100.0,1.0,1,1,26,legal,piece_movement,
movement_0424,movement_0424,movement,validation,synthetic_movement_0424,4k3/8/8/8/8/Q7/8/4K3 w - - 0 1,white,a3a2,100.0,1.0,1,1,26,legal,piece_movement,
movement_0424,movement_0424,movement,validation,synthetic_movement_0424,4k3/8/8/8/8/Q7/8/4K3 w - - 0 1,white,a3a4,100.0,1.0,1,1,26,legal,piece_movement,
movement_0424,movement_0424,movement,validation,synthetic_movement_0424,4k3/8/8/8/8/Q7/8/4K3 w - - 0 1,white,a3a5,100.0,1.0,1,1,26,legal,piece_movement,
movement_0424,movement_0424,movement,validation,synthetic_movement_0424,4k3/8/8/8/8/Q7/8/4K3 w - - 0 1,white,a3a6,100.0,1.0,1,1,26,legal,piece_movement,
movement_0424,movement_0424,movement,validation,synthetic_movement_0424,4k3/8/8/8/8/Q7/8/4K3 w - - 0 1,white,a3b1,-100.0,-1.0,0,0,26,illegal,piece_movement,
movement_0424,movement_0424,movement,validation,synthetic_movement_0424,4k3/8/8/8/8/Q7/8/4K3 w - - 0 1,white,a3d1,-100.0,-1.0,0,0,26,illegal,piece_movement,
movement_0424,movement_0424,movement,validation,synthetic_movement_0424,4k3/8/8/8/8/Q7/8/4K3 w - - 0 1,white,a3e1,-100.0,-1.0,0,0,26,illegal,piece_movement,
movement_0424,movement_0424,movement,validation,synthetic_movement_0424,4k3/8/8/8/8/Q7/8/4K3 w - - 0 1,white,a3f1,-100.0,-1.0,0,0,26,illegal,piece_movement,
movement_0424,movement_0424,movement,validation,synthetic_movement_0424,4k3/8/8/8/8/Q7/8/4K3 w - - 0 1,white,a3g1,-100.0,-1.0,0,0,26,illegal,piece_movement,
movement_0425,movement_0425,movement,validation,synthetic_movement_0425,K3k3/8/8/8/8/8/8/4K3 w - - 0 1,white,a8a7,100.0,1.0,1,1,8,legal,piece_movement,
movement_0425,movement_0425,movement,validation,synthetic_movement_0425,K3k3/8/8/8/8/8/8/4K3 w - - 0 1,white,a8b7,100.0,1.0,1,1,8,legal,piece_movement,
movement_0425,movement_0425,movement,validation,synthetic_movement_0425,K3k3/8/8/8/8/8/8/4K3 w - - 0 1,white,a8b8,100.0,1.0,1,1,8,legal,piece_movement,
movement_0425,movement_0425,movement,validation,synthetic_movement_0425,K3k3/8/8/8/8/8/8/4K3 w - - 0 1,white,a8a1,-100.0,-1.0,0,0,8,illegal,piece_movement,
movement_0425,movement_0425,movement,validation,synthetic_movement_0425,K3k3/8/8/8/8/8/8/4K3 w - - 0 1,white,a8b1,-100.0,-1.0,0,0,8,illegal,piece_movement,
movement_0425,movement_0425,movement,validation,synthetic_movement_0425,K3k3/8/8/8/8/8/8/4K3 w - - 0 1,white,a8c1,-100.0,-1.0,0,0,8,illegal,piece_movement,
movement_0425,movement_0425,movement,validation,synthetic_movement_0425,K3k3/8/8/8/8/8/8/4K3 w - - 0 1,white,a8d1,-100.0,-1.0,0,0,8,illegal,piece_movement,
movement_0425,movement_0425,movement,validation,synthetic_movement_0425,K3k3/8/8/8/8/8/8/4K3 w - - 0 1,white,a8e1,-100.0,-1.0,0,0,8,illegal,piece_movement,
movement_0426,movement_0426,movement,validation,synthetic_movement_0426,4k3/8/8/8/8/2p5/8/4K3 b - - 0 1,black,c3c2,100.0,1.0,1,1,6,legal,piece_movement,
movement_0426,movement_0426,movement,validation,synthetic_movement_0426,4k3/8/8/8/8/2p5/8/4K3 b - - 0 1,black,c3a1,-100.0,-1.0,0,0,6,illegal,piece_movement,
movement_0426,movement_0426,movement,validation,synthetic_movement_0426,4k3/8/8/8/8/2p5/8/4K3 b - - 0 1,black,c3b1,-100.0,-1.0,0,0,6,illegal,piece_movement,
movement_0426,movement_0426,movement,validation,synthetic_movement_0426,4k3/8/8/8/8/2p5/8/4K3 b - - 0 1,black,c3c1,-100.0,-1.0,0,0,6,illegal,piece_movement,
movement_0426,movement_0426,movement,validation,synthetic_movement_0426,4k3/8/8/8/8/2p5/8/4K3 b - - 0 1,black,c3d1,-100.0,-1.0,0,0,6,illegal,piece_movement,
movement_0426,movement_0426,movement,validation,synthetic_movement_0426,4k3/8/8/8/8/2p5/8/4K3 b - - 0 1,black,c3e1,-100.0,-1.0,0,0,6,illegal,piece_movement,
movement_0427,movement_0427,movement,validation,synthetic_movement_0427,3nk3/8/8/8/8/8/8/4K3 b - - 0 1,black,d8b7,100.0,1.0,1,1,8,legal,piece_movement,
movement_0427,movement_0427,movement,validation,synthetic_movement_0427,3nk3/8/8/8/8/8/8/4K3 b - - 0 1,black,d8c6,100.0,1.0,1,1,8,legal,piece_movement,
movement_0427,movement_0427,movement,validation,synthetic_movement_0427,3nk3/8/8/8/8/8/8/4K3 b - - 0 1,black,d8e6,100.0,1.0,1,1,8,legal,piece_movement,
movement_0427,movement_0427,movement,validation,synthetic_movement_0427,3nk3/8/8/8/8/8/8/4K3 b - - 0 1,black,d8f7,100.0,1.0,1,1,8,legal,piece_movement,
movement_0427,movement_0427,movement,validation,synthetic_movement_0427,3nk3/8/8/8/8/8/8/4K3 b - - 0 1,black,d8a1,-100.0,-1.0,0,0,8,illegal,piece_movement,
movement_0427,movement_0427,movement,validation,synthetic_movement_0427,3nk3/8/8/8/8/8/8/4K3 b - - 0 1,black,d8b1,-100.0,-1.0,0,0,8,illegal,piece_movement,
movement_0427,movement_0427,movement,validation,synthetic_movement_0427,3nk3/8/8/8/8/8/8/4K3 b - - 0 1,black,d8c1,-100.0,-1.0,0,0,8,illegal,piece_movement,
movement_0427,movement_0427,movement,validation,synthetic_movement_0427,3nk3/8/8/8/8/8/8/4K3 b - - 0 1,black,d8d1,-100.0,-1.0,0,0,8,illegal,piece_movement,
movement_0427,movement_0427,movement,validation,synthetic_movement_0427,3nk3/8/8/8/8/8/8/4K3 b - - 0 1,black,d8e1,-100.0,-1.0,0,0,8,illegal,piece_movement,
movement_0428,movement_0428,movement,validation,synthetic_movement_0428,4k3/8/3b4/8/8/8/8/4K3 b - - 0 1,black,d6a3,100.0,1.0,1,1,16,legal,piece_movement,
movement_0428,movement_0428,movement,validation,synthetic_movement_0428,4k3/8/3b4/8/8/8/8/4K3 b - - 0 1,black,d6b4,100.0,1.0,1,1,16,legal,piece_movement,
movement_0428,movement_0428,movement,validation,synthetic_movement_0428,4k3/8/3b4/8/8/8/8/4K3 b - - 0 1,black,d6b8,100.0,1.0,1,1,16,legal,piece_movement,
movement_0428,movement_0428,movement,validation,synthetic_movement_0428,4k3/8/3b4/8/8/8/8/4K3 b - - 0 1,black,d6c5,100.0,1.0,1,1,16,legal,piece_movement,
movement_0428,movement_0428,movement,validation,synthetic_movement_0428,4k3/8/3b4/8/8/8/8/4K3 b - - 0 1,black,d6c7,100.0,1.0,1,1,16,legal,piece_movement,
movement_0428,movement_0428,movement,validation,synthetic_movement_0428,4k3/8/3b4/8/8/8/8/4K3 b - - 0 1,black,d6a1,-100.0,-1.0,0,0,16,illegal,piece_movement,
movement_0428,movement_0428,movement,validation,synthetic_movement_0428,4k3/8/3b4/8/8/8/8/4K3 b - - 0 1,black,d6b1,-100.0,-1.0,0,0,16,illegal,piece_movement,
movement_0428,movement_0428,movement,validation,synthetic_movement_0428,4k3/8/3b4/8/8/8/8/4K3 b - - 0 1,black,d6c1,-100.0,-1.0,0,0,16,illegal,piece_movement,
movement_0428,movement_0428,movement,validation,synthetic_movement_0428,4k3/8/3b4/8/8/8/8/4K3 b - - 0 1,black,d6d1,-100.0,-1.0,0,0,16,illegal,piece_movement,
movement_0428,movement_0428,movement,validation,synthetic_movement_0428,4k3/8/3b4/8/8/8/8/4K3 b - - 0 1,black,d6e1,-100.0,-1.0,0,0,16,illegal,piece_movement,
movement_0429,movement_0429,movement,validation,synthetic_movement_0429,4k3/8/8/8/8/8/4r3/4K3 b - - 0 1,black,e2a2,100.0,1.0,1,1,18,legal,piece_movement,
movement_0429,movement_0429,movement,validation,synthetic_movement_0429,4k3/8/8/8/8/8/4r3/4K3 b - - 0 1,black,e2b2,100.0,1.0,1,1,18,legal,piece_movement,
movement_0429,movement_0429,movement,validation,synthetic_movement_0429,4k3/8/8/8/8/8/4r3/4K3 b - - 0 1,black,e2c2,100.0,1.0,1,1,18,legal,piece_movement,
movement_0429,movement_0429,movement,validation,synthetic_movement_0429,4k3/8/8/8/8/8/4r3/4K3 b - - 0 1,black,e2d2,100.0,1.0,1,1,18,legal,piece_movement,
movement_0429,movement_0429,movement,validation,synthetic_movement_0429,4k3/8/8/8/8/8/4r3/4K3 b - - 0 1,black,e2e1,100.0,1.0,1,1,18,legal,piece_movement,
movement_0429,movement_0429,movement,validation,synthetic_movement_0429,4k3/8/8/8/8/8/4r3/4K3 b - - 0 1,black,e2a1,-100.0,-1.0,0,0,18,illegal,piece_movement,
movement_0429,movement_0429,movement,validation,synthetic_movement_0429,4k3/8/8/8/8/8/4r3/4K3 b - - 0 1,black,e2b1,-100.0,-1.0,0,0,18,illegal,piece_movement,
movement_0429,movement_0429,movement,validation,synthetic_movement_0429,4k3/8/8/8/8/8/4r3/4K3 b - - 0 1,black,e2c1,-100.0,-1.0,0,0,18,illegal,piece_movement,
movement_0429,movement_0429,movement,validation,synthetic_movement_0429,4k3/8/8/8/8/8/4r3/4K3 b - - 0 1,black,e2d1,-100.0,-1.0,0,0,18,illegal,piece_movement,
movement_0429,movement_0429,movement,validation,synthetic_movement_0429,4k3/8/8/8/8/8/4r3/4K3 b - - 0 1,black,e2f1,-100.0,-1.0,0,0,18,illegal,piece_movement,
movement_0430,movement_0430,movement,validation,synthetic_movement_0430,4k3/8/8/8/8/1q6/8/4K3 b - - 0 1,black,b3a2,100.0,1.0,1,1,28,legal,piece_movement,
movement_0430,movement_0430,movement,validation,synthetic_movement_0430,4k3/8/8/8/8/1q6/8/4K3 b - - 0 1,black,b3a3,100.0,1.0,1,1,28,legal,piece_movement,
movement_0430,movement_0430,movement,validation,synthetic_movement_0430,4k3/8/8/8/8/1q6/8/4K3 b - - 0 1,black,b3a4,100.0,1.0,1,1,28,legal,piece_movement,
movement_0430,movement_0430,movement,validation,synthetic_movement_0430,4k3/8/8/8/8/1q6/8/4K3 b - - 0 1,black,b3b1,100.0,1.0,1,1,28,legal,piece_movement,
movement_0430,movement_0430,movement,validation,synthetic_movement_0430,4k3/8/8/8/8/1q6/8/4K3 b - - 0 1,black,b3b2,100.0,1.0,1,1,28,legal,piece_movement,
movement_0430,movement_0430,movement,validation,synthetic_movement_0430,4k3/8/8/8/8/1q6/8/4K3 b - - 0 1,black,b3a1,-100.0,-1.0,0,0,28,illegal,piece_movement,
movement_0430,movement_0430,movement,validation,synthetic_movement_0430,4k3/8/8/8/8/1q6/8/4K3 b - - 0 1,black,b3c1,-100.0,-1.0,0,0,28,illegal,piece_movement,
movement_0430,movement_0430,movement,validation,synthetic_movement_0430,4k3/8/8/8/8/1q6/8/4K3 b - - 0 1,black,b3e1,-100.0,-1.0,0,0,28,illegal,piece_movement,
movement_0430,movement_0430,movement,validation,synthetic_movement_0430,4k3/8/8/8/8/1q6/8/4K3 b - - 0 1,black,b3f1,-100.0,-1.0,0,0,28,illegal,piece_movement,
movement_0430,movement_0430,movement,validation,synthetic_movement_0430,4k3/8/8/8/8/1q6/8/4K3 b - - 0 1,black,b3g1,-100.0,-1.0,0,0,28,illegal,piece_movement,
movement_0431,movement_0431,movement,validation,synthetic_movement_0431,4k3/8/8/8/8/4k3/8/4K3 b - - 0 1,black,e3d2,100.0,1.0,1,1,13,legal,piece_movement,
movement_0431,movement_0431,movement,validation,synthetic_movement_0431,4k3/8/8/8/8/4k3/8/4K3 b - - 0 1,black,e3d3,100.0,1.0,1,1,13,legal,piece_movement,
movement_0431,movement_0431,movement,validation,synthetic_movement_0431,4k3/8/8/8/8/4k3/8/4K3 b - - 0 1,black,e3d4,100.0,1.0,1,1,13,legal,piece_movement,
movement_0431,movement_0431,movement,validation,synthetic_movement_0431,4k3/8/8/8/8/4k3/8/4K3 b - - 0 1,black,e3e2,100.0,1.0,1,1,13,legal,piece_movement,
movement_0431,movement_0431,movement,validation,synthetic_movement_0431,4k3/8/8/8/8/4k3/8/4K3 b - - 0 1,black,e3e4,100.0,1.0,1,1,13,legal,piece_movement,
movement_0431,movement_0431,movement,validation,synthetic_movement_0431,4k3/8/8/8/8/4k3/8/4K3 b - - 0 1,black,e3a1,-100.0,-1.0,0,0,13,illegal,piece_movement,
movement_0431,movement_0431,movement,validation,synthetic_movement_0431,4k3/8/8/8/8/4k3/8/4K3 b - - 0 1,black,e3b1,-100.0,-1.0,0,0,13,illegal,piece_movement,
movement_0431,movement_0431,movement,validation,synthetic_movement_0431,4k3/8/8/8/8/4k3/8/4K3 b - - 0 1,black,e3c1,-100.0,-1.0,0,0,13,illegal,piece_movement,
movement_0431,movement_0431,movement,validation,synthetic_movement_0431,4k3/8/8/8/8/4k3/8/4K3 b - - 0 1,black,e3d1,-100.0,-1.0,0,0,13,illegal,piece_movement,
movement_0431,movement_0431,movement,validation,synthetic_movement_0431,4k3/8/8/8/8/4k3/8/4K3 b - - 0 1,black,e3e1,-100.0,-1.0,0,0,13,illegal,piece_movement,
movement_0432,movement_0432,movement,validation,synthetic_movement_0432,4k3/8/6P1/8/8/8/8/4K3 w - - 0 1,white,g6g7,100.0,1.0,1,1,6,legal,piece_movement,
movement_0432,movement_0432,movement,validation,synthetic_movement_0432,4k3/8/6P1/8/8/8/8/4K3 w - - 0 1,white,g6a1,-100.0,-1.0,0,0,6,illegal,piece_movement,
movement_0432,movement_0432,movement,validation,synthetic_movement_0432,4k3/8/6P1/8/8/8/8/4K3 w - - 0 1,white,g6b1,-100.0,-1.0,0,0,6,illegal,piece_movement,
movement_0432,movement_0432,movement,validation,synthetic_movement_0432,4k3/8/6P1/8/8/8/8/4K3 w - - 0 1,white,g6c1,-100.0,-1.0,0,0,6,illegal,piece_movement,
movement_0432,movement_0432,movement,validation,synthetic_movement_0432,4k3/8/6P1/8/8/8/8/4K3 w - - 0 1,white,g6d1,-100.0,-1.0,0,0,6,illegal,piece_movement,
movement_0432,movement_0432,movement,validation,synthetic_movement_0432,4k3/8/6P1/8/8/8/8/4K3 w - - 0 1,white,g6e1,-100.0,-1.0,0,0,6,illegal,piece_movement,
movement_0433,movement_0433,movement,validation,synthetic_movement_0433,4kN2/8/8/8/8/8/8/4K3 w - - 0 1,white,f8d7,100.0,1.0,1,1,9,legal,piece_movement,
movement_0433,movement_0433,movement,validation,synthetic_movement_0433,4kN2/8/8/8/8/8/8/4K3 w - - 0 1,white,f8e6,100.0,1.0,1,1,9,legal,piece_movement,
movement_0433,movement_0433,movement,validation,synthetic_movement_0433,4kN2/8/8/8/8/8/8/4K3 w - - 0 1,white,f8g6,100.0,1.0,1,1,9,legal,piece_movement,
movement_0433,movement_0433,movement,validation,synthetic_movement_0433,4kN2/8/8/8/8/8/8/4K3 w - - 0 1,white,f8h7,100.0,1.0,1,1,9,legal,piece_movement,
movement_0433,movement_0433,movement,validation,synthetic_movement_0433,4kN2/8/8/8/8/8/8/4K3 w - - 0 1,white,f8a1,-100.0,-1.0,0,0,9,illegal,piece_movement,
movement_0433,movement_0433,movement,validation,synthetic_movement_0433,4kN2/8/8/8/8/8/8/4K3 w - - 0 1,white,f8b1,-100.0,-1.0,0,0,9,illegal,piece_movement,
movement_0433,movement_0433,movement,validation,synthetic_movement_0433,4kN2/8/8/8/8/8/8/4K3 w - - 0 1,white,f8c1,-100.0,-1.0,0,0,9,illegal,piece_movement,
movement_0433,movement_0433,movement,validation,synthetic_movement_0433,4kN2/8/8/8/8/8/8/4K3 w - - 0 1,white,f8d1,-100.0,-1.0,0,0,9,illegal,piece_movement,
movement_0433,movement_0433,movement,validation,synthetic_movement_0433,4kN2/8/8/8/8/8/8/4K3 w - - 0 1,white,f8e1,-100.0,-1.0,0,0,9,illegal,piece_movement,
movement_0434,movement_0434,movement,validation,synthetic_movement_0434,4k3/8/8/8/8/8/B7/4K3 w - - 0 1,white,a2b1,100.0,1.0,1,1,12,legal,piece_movement,
movement_0434,movement_0434,movement,validation,synthetic_movement_0434,4k3/8/8/8/8/8/B7/4K3 w - - 0 1,white,a2b3,100.0,1.0,1,1,12,legal,piece_movement,
movement_0434,movement_0434,movement,validation,synthetic_movement_0434,4k3/8/8/8/8/8/B7/4K3 w - - 0 1,white,a2c4,100.0,1.0,1,1,12,legal,piece_movement,
movement_0434,movement_0434,movement,validation,synthetic_movement_0434,4k3/8/8/8/8/8/B7/4K3 w - - 0 1,white,a2d5,100.0,1.0,1,1,12,legal,piece_movement,
movement_0434,movement_0434,movement,validation,synthetic_movement_0434,4k3/8/8/8/8/8/B7/4K3 w - - 0 1,white,a2e6,100.0,1.0,1,1,12,legal,piece_movement,
movement_0434,movement_0434,movement,validation,synthetic_movement_0434,4k3/8/8/8/8/8/B7/4K3 w - - 0 1,white,a2a1,-100.0,-1.0,0,0,12,illegal,piece_movement,
movement_0434,movement_0434,movement,validation,synthetic_movement_0434,4k3/8/8/8/8/8/B7/4K3 w - - 0 1,white,a2c1,-100.0,-1.0,0,0,12,illegal,piece_movement,
movement_0434,movement_0434,movement,validation,synthetic_movement_0434,4k3/8/8/8/8/8/B7/4K3 w - - 0 1,white,a2d1,-100.0,-1.0,0,0,12,illegal,piece_movement,
movement_0434,movement_0434,movement,validation,synthetic_movement_0434,4k3/8/8/8/8/8/B7/4K3 w - - 0 1,white,a2e1,-100.0,-1.0,0,0,12,illegal,piece_movement,
movement_0434,movement_0434,movement,validation,synthetic_movement_0434,4k3/8/8/8/8/8/B7/4K3 w - - 0 1,white,a2f1,-100.0,-1.0,0,0,12,illegal,piece_movement,
movement_0435,movement_0435,movement,validation,synthetic_movement_0435,4k3/8/3R4/8/8/8/8/4K3 w - - 0 1,white,d6a6,100.0,1.0,1,1,19,legal,piece_movement,
movement_0435,movement_0435,movement,validation,synthetic_movement_0435,4k3/8/3R4/8/8/8/8/4K3 w - - 0 1,white,d6b6,100.0,1.0,1,1,19,legal,piece_movement,
movement_0435,movement_0435,movement,validation,synthetic_movement_0435,4k3/8/3R4/8/8/8/8/4K3 w - - 0 1,white,d6c6,100.0,1.0,1,1,19,legal,piece_movement,
movement_0435,movement_0435,movement,validation,synthetic_movement_0435,4k3/8/3R4/8/8/8/8/4K3 w - - 0 1,white,d6d1,100.0,1.0,1,1,19,legal,piece_movement,
movement_0435,movement_0435,movement,validation,synthetic_movement_0435,4k3/8/3R4/8/8/8/8/4K3 w - - 0 1,white,d6d2,100.0,1.0,1,1,19,legal,piece_movement,
movement_0435,movement_0435,movement,validation,synthetic_movement_0435,4k3/8/3R4/8/8/8/8/4K3 w - - 0 1,white,d6a1,-100.0,-1.0,0,0,19,illegal,piece_movement,
movement_0435,movement_0435,movement,validation,synthetic_movement_0435,4k3/8/3R4/8/8/8/8/4K3 w - - 0 1,white,d6b1,-100.0,-1.0,0,0,19,illegal,piece_movement,
movement_0435,movement_0435,movement,validation,synthetic_movement_0435,4k3/8/3R4/8/8/8/8/4K3 w - - 0 1,white,d6c1,-100.0,-1.0,0,0,19,illegal,piece_movement,
movement_0435,movement_0435,movement,validation,synthetic_movement_0435,4k3/8/3R4/8/8/8/8/4K3 w - - 0 1,white,d6e1,-100.0,-1.0,0,0,19,illegal,piece_movement,
movement_0435,movement_0435,movement,validation,synthetic_movement_0435,4k3/8/3R4/8/8/8/8/4K3 w - - 0 1,white,d6f1,-100.0,-1.0,0,0,19,illegal,piece_movement,
movement_0436,movement_0436,movement,validation,synthetic_movement_0436,4k3/8/7Q/8/8/8/8/4K3 w - - 0 1,white,h6a6,100.0,1.0,1,1,26,legal,piece_movement,
movement_0436,movement_0436,movement,validation,synthetic_movement_0436,4k3/8/7Q/8/8/8/8/4K3 w - - 0 1,white,h6b6,100.0,1.0,1,1,26,legal,piece_movement,
movement_0436,movement_0436,movement,validation,synthetic_movement_0436,4k3/8/7Q/8/8/8/8/4K3 w - - 0 1,white,h6c1,100.0,1.0,1,1,26,legal,piece_movement,
movement_0436,movement_0436,movement,validation,synthetic_movement_0436,4k3/8/7Q/8/8/8/8/4K3 w - - 0 1,white,h6c6,100.0,1.0,1,1,26,legal,piece_movement,
movement_0436,movement_0436,movement,validation,synthetic_movement_0436,4k3/8/7Q/8/8/8/8/4K3 w - - 0 1,white,h6d2,100.0,1.0,1,1,26,legal,piece_movement,
movement_0436,movement_0436,movement,validation,synthetic_movement_0436,4k3/8/7Q/8/8/8/8/4K3 w - - 0 1,white,h6a1,-100.0,-1.0,0,0,26,illegal,piece_movement,
movement_0436,movement_0436,movement,validation,synthetic_movement_0436,4k3/8/7Q/8/8/8/8/4K3 w - - 0 1,white,h6b1,-100.0,-1.0,0,0,26,illegal,piece_movement,
movement_0436,movement_0436,movement,validation,synthetic_movement_0436,4k3/8/7Q/8/8/8/8/4K3 w - - 0 1,white,h6d1,-100.0,-1.0,0,0,26,illegal,piece_movement,
movement_0436,movement_0436,movement,validation,synthetic_movement_0436,4k3/8/7Q/8/8/8/8/4K3 w - - 0 1,white,h6e1,-100.0,-1.0,0,0,26,illegal,piece_movement,
movement_0436,movement_0436,movement,validation,synthetic_movement_0436,4k3/8/7Q/8/8/8/8/4K3 w - - 0 1,white,h6f1,-100.0,-1.0,0,0,26,illegal,piece_movement,
movement_0437,movement_0437,movement,validation,synthetic_movement_0437,4k3/8/8/3K4/8/8/8/4K3 w - - 0 1,white,d5c4,100.0,1.0,1,1,13,legal,piece_movement,
movement_0437,movement_0437,movement,validation,synthetic_movement_0437,4k3/8/8/3K4/8/8/8/4K3 w - - 0 1,white,d5c5,100.0,1.0,1,1,13,legal,piece_movement,
movement_0437,movement_0437,movement,validation,synthetic_movement_0437,4k3/8/8/3K4/8/8/8/4K3 w - - 0 1,white,d5c6,100.0,1.0,1,1,13,legal,piece_movement,
movement_0437,movement_0437,movement,validation,synthetic_movement_0437,4k3/8/8/3K4/8/8/8/4K3 w - - 0 1,white,d5d4,100.0,1.0,1,1,13,legal,piece_movement,
movement_0437,movement_0437,movement,validation,synthetic_movement_0437,4k3/8/8/3K4/8/8/8/4K3 w - - 0 1,white,d5d6,100.0,1.0,1,1,13,legal,piece_movement,
movement_0437,movement_0437,movement,validation,synthetic_movement_0437,4k3/8/8/3K4/8/8/8/4K3 w - - 0 1,white,d5a1,-100.0,-1.0,0,0,13,illegal,piece_movement,
movement_0437,movement_0437,movement,validation,synthetic_movement_0437,4k3/8/8/3K4/8/8/8/4K3 w - - 0 1,white,d5b1,-100.0,-1.0,0,0,13,illegal,piece_movement,
movement_0437,movement_0437,movement,validation,synthetic_movement_0437,4k3/8/8/3K4/8/8/8/4K3 w - - 0 1,white,d5c1,-100.0,-1.0,0,0,13,illegal,piece_movement,
movement_0437,movement_0437,movement,validation,synthetic_movement_0437,4k3/8/8/3K4/8/8/8/4K3 w - - 0 1,white,d5d1,-100.0,-1.0,0,0,13,illegal,piece_movement,
movement_0437,movement_0437,movement,validation,synthetic_movement_0437,4k3/8/8/3K4/8/8/8/4K3 w - - 0 1,white,d5e1,-100.0,-1.0,0,0,13,illegal,piece_movement,
movement_0438,movement_0438,movement,validation,synthetic_movement_0438,4k3/8/8/8/2p5/8/8/4K3 b - - 0 1,black,c4c3,100.0,1.0,1,1,6,legal,piece_movement,
movement_0438,movement_0438,movement,validation,synthetic_movement_0438,4k3/8/8/8/2p5/8/8/4K3 b - - 0 1,black,c4a1,-100.0,-1.0,0,0,6,illegal,piece_movement,
movement_0438,movement_0438,movement,validation,synthetic_movement_0438,4k3/8/8/8/2p5/8/8/4K3 b - - 0 1,black,c4b1,-100.0,-1.0,0,0,6,illegal,piece_movement,
movement_0438,movement_0438,movement,validation,synthetic_movement_0438,4k3/8/8/8/2p5/8/8/4K3 b - - 0 1,black,c4c1,-100.0,-1.0,0,0,6,illegal,piece_movement,
movement_0438,movement_0438,movement,validation,synthetic_movement_0438,4k3/8/8/8/2p5/8/8/4K3 b - - 0 1,black,c4d1,-100.0,-1.0,0,0,6,illegal,piece_movement,
movement_0438,movement_0438,movement,validation,synthetic_movement_0438,4k3/8/8/8/2p5/8/8/4K3 b - - 0 1,black,c4e1,-100.0,-1.0,0,0,6,illegal,piece_movement,
movement_0439,movement_0439,movement,validation,synthetic_movement_0439,4k3/8/8/6n1/8/8/8/4K3 b - - 0 1,black,g5e4,100.0,1.0,1,1,11,legal,piece_movement,
movement_0439,movement_0439,movement,validation,synthetic_movement_0439,4k3/8/8/6n1/8/8/8/4K3 b - - 0 1,black,g5e6,100.0,1.0,1,1,11,legal,piece_movement,
movement_0439,movement_0439,movement,validation,synthetic_movement_0439,4k3/8/8/6n1/8/8/8/4K3 b - - 0 1,black,g5f3,100.0,1.0,1,1,11,legal,piece_movement,
movement_0439,movement_0439,movement,validation,synthetic_movement_0439,4k3/8/8/6n1/8/8/8/4K3 b - - 0 1,black,g5f7,100.0,1.0,1,1,11,legal,piece_movement,
movement_0439,movement_0439,movement,validation,synthetic_movement_0439,4k3/8/8/6n1/8/8/8/4K3 b - - 0 1,black,g5h3,100.0,1.0,1,1,11,legal,piece_movement,
movement_0439,movement_0439,movement,validation,synthetic_movement_0439,4k3/8/8/6n1/8/8/8/4K3 b - - 0 1,black,g5a1,-100.0,-1.0,0,0,11,illegal,piece_movement,
movement_0439,movement_0439,movement,validation,synthetic_movement_0439,4k3/8/8/6n1/8/8/8/4K3 b - - 0 1,black,g5b1,-100.0,-1.0,0,0,11,illegal,piece_movement,
movement_0439,movement_0439,movement,validation,synthetic_movement_0439,4k3/8/8/6n1/8/8/8/4K3 b - - 0 1,black,g5c1,-100.0,-1.0,0,0,11,illegal,piece_movement,
movement_0439,movement_0439,movement,validation,synthetic_movement_0439,4k3/8/8/6n1/8/8/8/4K3 b - - 0 1,black,g5d1,-100.0,-1.0,0,0,11,illegal,piece_movement,
movement_0439,movement_0439,movement,validation,synthetic_movement_0439,4k3/8/8/6n1/8/8/8/4K3 b - - 0 1,black,g5e1,-100.0,-1.0,0,0,11,illegal,piece_movement,
movement_0440,movement_0440,movement,validation,synthetic_movement_0440,4k3/8/8/3b4/8/8/8/4K3 b - - 0 1,black,d5a2,100.0,1.0,1,1,18,legal,piece_movement,
movement_0440,movement_0440,movement,validation,synthetic_movement_0440,4k3/8/8/3b4/8/8/8/4K3 b - - 0 1,black,d5a8,100.0,1.0,1,1,18,legal,piece_movement,
movement_0440,movement_0440,movement,validation,synthetic_movement_0440,4k3/8/8/3b4/8/8/8/4K3 b - - 0 1,black,d5b3,100.0,1.0,1,1,18,legal,piece_movement,
movement_0440,movement_0440,movement,validation,synthetic_movement_0440,4k3/8/8/3b4/8/8/8/4K3 b - - 0 1,black,d5b7,100.0,1.0,1,1,18,legal,piece_movement,
movement_0440,movement_0440,movement,validation,synthetic_movement_0440,4k3/8/8/3b4/8/8/8/4K3 b - - 0 1,black,d5c4,100.0,1.0,1,1,18,legal,piece_movement,
movement_0440,movement_0440,movement,validation,synthetic_movement_0440,4k3/8/8/3b4/8/8/8/4K3 b - - 0 1,black,d5a1,-100.0,-1.0,0,0,18,illegal,piece_movement,
movement_0440,movement_0440,movement,validation,synthetic_movement_0440,4k3/8/8/3b4/8/8/8/4K3 b - - 0 1,black,d5b1,-100.0,-1.0,0,0,18,illegal,piece_movement,
movement_0440,movement_0440,movement,validation,synthetic_movement_0440,4k3/8/8/3b4/8/8/8/4K3 b - - 0 1,black,d5c1,-100.0,-1.0,0,0,18,illegal,piece_movement,
movement_0440,movement_0440,movement,validation,synthetic_movement_0440,4k3/8/8/3b4/8/8/8/4K3 b - - 0 1,black,d5d1,-100.0,-1.0,0,0,18,illegal,piece_movement,
movement_0440,movement_0440,movement,validation,synthetic_movement_0440,4k3/8/8/3b4/8/8/8/4K3 b - - 0 1,black,d5e1,-100.0,-1.0,0,0,18,illegal,piece_movement,
movement_0441,movement_0441,movement,validation,synthetic_movement_0441,4k3/8/r7/8/8/8/8/4K3 b - - 0 1,black,a6a1,100.0,1.0,1,1,19,legal,piece_movement,
movement_0441,movement_0441,movement,validation,synthetic_movement_0441,4k3/8/r7/8/8/8/8/4K3 b - - 0 1,black,a6a2,100.0,1.0,1,1,19,legal,piece_movement,
movement_0441,movement_0441,movement,validation,synthetic_movement_0441,4k3/8/r7/8/8/8/8/4K3 b - - 0 1,black,a6a3,100.0,1.0,1,1,19,legal,piece_movement,
movement_0441,movement_0441,movement,validation,synthetic_movement_0441,4k3/8/r7/8/8/8/8/4K3 b - - 0 1,black,a6a4,100.0,1.0,1,1,19,legal,piece_movement,
movement_0441,movement_0441,movement,validation,synthetic_movement_0441,4k3/8/r7/8/8/8/8/4K3 b - - 0 1,black,a6a5,100.0,1.0,1,1,19,legal,piece_movement,
movement_0441,movement_0441,movement,validation,synthetic_movement_0441,4k3/8/r7/8/8/8/8/4K3 b - - 0 1,black,a6b1,-100.0,-1.0,0,0,19,illegal,piece_movement,
movement_0441,movement_0441,movement,validation,synthetic_movement_0441,4k3/8/r7/8/8/8/8/4K3 b - - 0 1,black,a6c1,-100.0,-1.0,0,0,19,illegal,piece_movement,
movement_0441,movement_0441,movement,validation,synthetic_movement_0441,4k3/8/r7/8/8/8/8/4K3 b - - 0 1,black,a6d1,-100.0,-1.0,0,0,19,illegal,piece_movement,
movement_0441,movement_0441,movement,validation,synthetic_movement_0441,4k3/8/r7/8/8/8/8/4K3 b - - 0 1,black,a6e1,-100.0,-1.0,0,0,19,illegal,piece_movement,
movement_0441,movement_0441,movement,validation,synthetic_movement_0441,4k3/8/r7/8/8/8/8/4K3 b - - 0 1,black,a6f1,-100.0,-1.0,0,0,19,illegal,piece_movement,
movement_0442,movement_0442,movement,validation,synthetic_movement_0442,4k3/8/8/8/8/8/8/q3K3 b - - 0 1,black,a1a2,100.0,1.0,1,1,23,legal,piece_movement,
movement_0442,movement_0442,movement,validation,synthetic_movement_0442,4k3/8/8/8/8/8/8/q3K3 b - - 0 1,black,a1a3,100.0,1.0,1,1,23,legal,piece_movement,
movement_0442,movement_0442,movement,validation,synthetic_movement_0442,4k3/8/8/8/8/8/8/q3K3 b - - 0 1,black,a1a4,100.0,1.0,1,1,23,legal,piece_movement,
movement_0442,movement_0442,movement,validation,synthetic_movement_0442,4k3/8/8/8/8/8/8/q3K3 b - - 0 1,black,a1a5,100.0,1.0,1,1,23,legal,piece_movement,
movement_0442,movement_0442,movement,validation,synthetic_movement_0442,4k3/8/8/8/8/8/8/q3K3 b - - 0 1,black,a1a6,100.0,1.0,1,1,23,legal,piece_movement,
movement_0442,movement_0442,movement,validation,synthetic_movement_0442,4k3/8/8/8/8/8/8/q3K3 b - - 0 1,black,a1f1,-100.0,-1.0,0,0,23,illegal,piece_movement,
movement_0442,movement_0442,movement,validation,synthetic_movement_0442,4k3/8/8/8/8/8/8/q3K3 b - - 0 1,black,a1g1,-100.0,-1.0,0,0,23,illegal,piece_movement,
movement_0442,movement_0442,movement,validation,synthetic_movement_0442,4k3/8/8/8/8/8/8/q3K3 b - - 0 1,black,a1h1,-100.0,-1.0,0,0,23,illegal,piece_movement,
movement_0442,movement_0442,movement,validation,synthetic_movement_0442,4k3/8/8/8/8/8/8/q3K3 b - - 0 1,black,a1c2,-100.0,-1.0,0,0,23,illegal,piece_movement,
movement_0442,movement_0442,movement,validation,synthetic_movement_0442,4k3/8/8/8/8/8/8/q3K3 b - - 0 1,black,a1d2,-100.0,-1.0,0,0,23,illegal,piece_movement,
movement_0443,movement_0443,movement,validation,synthetic_movement_0443,4k3/k7/8/8/8/8/8/4K3 b - - 0 1,black,a7a6,100.0,1.0,1,1,10,legal,piece_movement,
movement_0443,movement_0443,movement,validation,synthetic_movement_0443,4k3/k7/8/8/8/8/8/4K3 b - - 0 1,black,a7a8,100.0,1.0,1,1,10,legal,piece_movement,
movement_0443,movement_0443,movement,validation,synthetic_movement_0443,4k3/k7/8/8/8/8/8/4K3 b - - 0 1,black,a7b6,100.0,1.0,1,1,10,legal,piece_movement,
movement_0443,movement_0443,movement,validation,synthetic_movement_0443,4k3/k7/8/8/8/8/8/4K3 b - - 0 1,black,a7b7,100.0,1.0,1,1,10,legal,piece_movement,
movement_0443,movement_0443,movement,validation,synthetic_movement_0443,4k3/k7/8/8/8/8/8/4K3 b - - 0 1,black,a7b8,100.0,1.0,1,1,10,legal,piece_movement,
movement_0443,movement_0443,movement,validation,synthetic_movement_0443,4k3/k7/8/8/8/8/8/4K3 b - - 0 1,black,a7a1,-100.0,-1.0,0,0,10,illegal,piece_movement,
movement_0443,movement_0443,movement,validation,synthetic_movement_0443,4k3/k7/8/8/8/8/8/4K3 b - - 0 1,black,a7b1,-100.0,-1.0,0,0,10,illegal,piece_movement,
movement_0443,movement_0443,movement,validation,synthetic_movement_0443,4k3/k7/8/8/8/8/8/4K3 b - - 0 1,black,a7c1,-100.0,-1.0,0,0,10,illegal,piece_movement,
movement_0443,movement_0443,movement,validation,synthetic_movement_0443,4k3/k7/8/8/8/8/8/4K3 b - - 0 1,black,a7d1,-100.0,-1.0,0,0,10,illegal,piece_movement,
movement_0443,movement_0443,movement,validation,synthetic_movement_0443,4k3/k7/8/8/8/8/8/4K3 b - - 0 1,black,a7e1,-100.0,-1.0,0,0,10,illegal,piece_movement,
movement_0444,movement_0444,movement,validation,synthetic_movement_0444,4k3/1P6/8/8/8/8/8/4K3 w - - 0 1,white,b7b8b,100.0,1.0,1,1,9,legal,piece_movement,
movement_0444,movement_0444,movement,validation,synthetic_movement_0444,4k3/1P6/8/8/8/8/8/4K3 w - - 0 1,white,b7b8n,100.0,1.0,1,1,9,legal,piece_movement,
movement_0444,movement_0444,movement,validation,synthetic_movement_0444,4k3/1P6/8/8/8/8/8/4K3 w - - 0 1,white,b7b8q,100.0,1.0,1,1,9,legal,piece_movement,
movement_0444,movement_0444,movement,validation,synthetic_movement_0444,4k3/1P6/8/8/8/8/8/4K3 w - - 0 1,white,b7b8r,100.0,1.0,1,1,9,legal,piece_movement,
movement_0444,movement_0444,movement,validation,synthetic_movement_0444,4k3/1P6/8/8/8/8/8/4K3 w - - 0 1,white,b7a1,-100.0,-1.0,0,0,9,illegal,piece_movement,
movement_0444,movement_0444,movement,validation,synthetic_movement_0444,4k3/1P6/8/8/8/8/8/4K3 w - - 0 1,white,b7b1,-100.0,-1.0,0,0,9,illegal,piece_movement,
movement_0444,movement_0444,movement,validation,synthetic_movement_0444,4k3/1P6/8/8/8/8/8/4K3 w - - 0 1,white,b7c1,-100.0,-1.0,0,0,9,illegal,piece_movement,
movement_0444,movement_0444,movement,validation,synthetic_movement_0444,4k3/1P6/8/8/8/8/8/4K3 w - - 0 1,white,b7d1,-100.0,-1.0,0,0,9,illegal,piece_movement,
movement_0444,movement_0444,movement,validation,synthetic_movement_0444,4k3/1P6/8/8/8/8/8/4K3 w - - 0 1,white,b7e1,-100.0,-1.0,0,0,9,illegal,piece_movement,
movement_0445,movement_0445,movement,validation,synthetic_movement_0445,4k3/8/5N2/8/8/8/8/4K3 w - - 0 1,white,f6d5,100.0,1.0,1,1,13,legal,piece_movement,
movement_0445,movement_0445,movement,validation,synthetic_movement_0445,4k3/8/5N2/8/8/8/8/4K3 w - - 0 1,white,f6d7,100.0,1.0,1,1,13,legal,piece_movement,
movement_0445,movement_0445,movement,validation,synthetic_movement_0445,4k3/8/5N2/8/8/8/8/4K3 w - - 0 1,white,f6e4,100.0,1.0,1,1,13,legal,piece_movement,
movement_0445,movement_0445,movement,validation,synthetic_movement_0445,4k3/8/5N2/8/8/8/8/4K3 w - - 0 1,white,f6e8,100.0,1.0,1,1,13,legal,piece_movement,
movement_0445,movement_0445,movement,validation,synthetic_movement_0445,4k3/8/5N2/8/8/8/8/4K3 w - - 0 1,white,f6g4,100.0,1.0,1,1,13,legal,piece_movement,
movement_0445,movement_0445,movement,validation,synthetic_movement_0445,4k3/8/5N2/8/8/8/8/4K3 w - - 0 1,white,f6a1,-100.0,-1.0,0,0,13,illegal,piece_movement,
movement_0445,movement_0445,movement,validation,synthetic_movement_0445,4k3/8/5N2/8/8/8/8/4K3 w - - 0 1,white,f6b1,-100.0,-1.0,0,0,13,illegal,piece_movement,
movement_0445,movement_0445,movement,validation,synthetic_movement_0445,4k3/8/5N2/8/8/8/8/4K3 w - - 0 1,white,f6c1,-100.0,-1.0,0,0,13,illegal,piece_movement,
movement_0445,movement_0445,movement,validation,synthetic_movement_0445,4k3/8/5N2/8/8/8/8/4K3 w - - 0 1,white,f6d1,-100.0,-1.0,0,0,13,illegal,piece_movement,
movement_0445,movement_0445,movement,validation,synthetic_movement_0445,4k3/8/5N2/8/8/8/8/4K3 w - - 0 1,white,f6e1,-100.0,-1.0,0,0,13,illegal,piece_movement,
movement_0446,movement_0446,movement,validation,synthetic_movement_0446,4k3/8/8/8/3B4/8/8/4K3 w - - 0 1,white,d4a1,100.0,1.0,1,1,18,legal,piece_movement,
movement_0446,movement_0446,movement,validation,synthetic_movement_0446,4k3/8/8/8/3B4/8/8/4K3 w - - 0 1,white,d4a7,100.0,1.0,1,1,18,legal,piece_movement,
movement_0446,movement_0446,movement,validation,synthetic_movement_0446,4k3/8/8/8/3B4/8/8/4K3 w - - 0 1,white,d4b2,100.0,1.0,1,1,18,legal,piece_movement,
movement_0446,movement_0446,movement,validation,synthetic_movement_0446,4k3/8/8/8/3B4/8/8/4K3 w - - 0 1,white,d4b6,100.0,1.0,1,1,18,legal,piece_movement,
movement_0446,movement_0446,movement,validation,synthetic_movement_0446,4k3/8/8/8/3B4/8/8/4K3 w - - 0 1,white,d4c3,100.0,1.0,1,1,18,legal,piece_movement,
movement_0446,movement_0446,movement,validation,synthetic_movement_0446,4k3/8/8/8/3B4/8/8/4K3 w - - 0 1,white,d4b1,-100.0,-1.0,0,0,18,illegal,piece_movement,
movement_0446,movement_0446,movement,validation,synthetic_movement_0446,4k3/8/8/8/3B4/8/8/4K3 w - - 0 1,white,d4c1,-100.0,-1.0,0,0,18,illegal,piece_movement,
movement_0446,movement_0446,movement,validation,synthetic_movement_0446,4k3/8/8/8/3B4/8/8/4K3 w - - 0 1,white,d4d1,-100.0,-1.0,0,0,18,illegal,piece_movement,
movement_0446,movement_0446,movement,validation,synthetic_movement_0446,4k3/8/8/8/3B4/8/8/4K3 w - - 0 1,white,d4e1,-100.0,-1.0,0,0,18,illegal,piece_movement,
movement_0446,movement_0446,movement,validation,synthetic_movement_0446,4k3/8/8/8/3B4/8/8/4K3 w - - 0 1,white,d4f1,-100.0,-1.0,0,0,18,illegal,piece_movement,
movement_0447,movement_0447,movement,validation,synthetic_movement_0447,4k3/8/2R5/8/8/8/8/4K3 w - - 0 1,white,c6a6,100.0,1.0,1,1,19,legal,piece_movement,
movement_0447,movement_0447,movement,validation,synthetic_movement_0447,4k3/8/2R5/8/8/8/8/4K3 w - - 0 1,white,c6b6,100.0,1.0,1,1,19,legal,piece_movement,
movement_0447,movement_0447,movement,validation,synthetic_movement_0447,4k3/8/2R5/8/8/8/8/4K3 w - - 0 1,white,c6c1,100.0,1.0,1,1,19,legal,piece_movement,
movement_0447,movement_0447,movement,validation,synthetic_movement_0447,4k3/8/2R5/8/8/8/8/4K3 w - - 0 1,white,c6c2,100.0,1.0,1,1,19,legal,piece_movement,
movement_0447,movement_0447,movement,validation,synthetic_movement_0447,4k3/8/2R5/8/8/8/8/4K3 w - - 0 1,white,c6c3,100.0,1.0,1,1,19,legal,piece_movement,
movement_0447,movement_0447,movement,validation,synthetic_movement_0447,4k3/8/2R5/8/8/8/8/4K3 w - - 0 1,white,c6a1,-100.0,-1.0,0,0,19,illegal,piece_movement,
movement_0447,movement_0447,movement,validation,synthetic_movement_0447,4k3/8/2R5/8/8/8/8/4K3 w - - 0 1,white,c6b1,-100.0,-1.0,0,0,19,illegal,piece_movement,
movement_0447,movement_0447,movement,validation,synthetic_movement_0447,4k3/8/2R5/8/8/8/8/4K3 w - - 0 1,white,c6d1,-100.0,-1.0,0,0,19,illegal,piece_movement,
movement_0447,movement_0447,movement,validation,synthetic_movement_0447,4k3/8/2R5/8/8/8/8/4K3 w - - 0 1,white,c6e1,-100.0,-1.0,0,0,19,illegal,piece_movement,
movement_0447,movement_0447,movement,validation,synthetic_movement_0447,4k3/8/2R5/8/8/8/8/4K3 w - - 0 1,white,c6f1,-100.0,-1.0,0,0,19,illegal,piece_movement,
movement_0448,movement_0448,movement,validation,synthetic_movement_0448,4k1Q1/8/8/8/8/8/8/4K3 w - - 0 1,white,g8a2,100.0,1.0,1,1,22,legal,piece_movement,
movement_0448,movement_0448,movement,validation,synthetic_movement_0448,4k1Q1/8/8/8/8/8/8/4K3 w - - 0 1,white,g8b3,100.0,1.0,1,1,22,legal,piece_movement,
movement_0448,movement_0448,movement,validation,synthetic_movement_0448,4k1Q1/8/8/8/8/8/8/4K3 w - - 0 1,white,g8c4,100.0,1.0,1,1,22,legal,piece_movement,
movement_0448,movement_0448,movement,validation,synthetic_movement_0448,4k1Q1/8/8/8/8/8/8/4K3 w - - 0 1,white,g8d5,100.0,1.0,1,1,22,legal,piece_movement,
movement_0448,movement_0448,movement,validation,synthetic_movement_0448,4k1Q1/8/8/8/8/8/8/4K3 w - - 0 1,white,g8e6,100.0,1.0,1,1,22,legal,piece_movement,
movement_0448,movement_0448,movement,validation,synthetic_movement_0448,4k1Q1/8/8/8/8/8/8/4K3 w - - 0 1,white,g8a1,-100.0,-1.0,0,0,22,illegal,piece_movement,
movement_0448,movement_0448,movement,validation,synthetic_movement_0448,4k1Q1/8/8/8/8/8/8/4K3 w - - 0 1,white,g8b1,-100.0,-1.0,0,0,22,illegal,piece_movement,
movement_0448,movement_0448,movement,validation,synthetic_movement_0448,4k1Q1/8/8/8/8/8/8/4K3 w - - 0 1,white,g8c1,-100.0,-1.0,0,0,22,illegal,piece_movement,
movement_0448,movement_0448,movement,validation,synthetic_movement_0448,4k1Q1/8/8/8/8/8/8/4K3 w - - 0 1,white,g8d1,-100.0,-1.0,0,0,22,illegal,piece_movement,
movement_0448,movement_0448,movement,validation,synthetic_movement_0448,4k1Q1/8/8/8/8/8/8/4K3 w - - 0 1,white,g8e1,-100.0,-1.0,0,0,22,illegal,piece_movement,
movement_0449,movement_0449,movement,validation,synthetic_movement_0449,4k3/8/8/8/7K/8/8/4K3 w - - 0 1,white,h4g3,100.0,1.0,1,1,10,legal,piece_movement,
movement_0449,movement_0449,movement,validation,synthetic_movement_0449,4k3/8/8/8/7K/8/8/4K3 w - - 0 1,white,h4g4,100.0,1.0,1,1,10,legal,piece_movement,
movement_0449,movement_0449,movement,validation,synthetic_movement_0449,4k3/8/8/8/7K/8/8/4K3 w - - 0 1,white,h4g5,100.0,1.0,1,1,10,legal,piece_movement,
movement_0449,movement_0449,movement,validation,synthetic_movement_0449,4k3/8/8/8/7K/8/8/4K3 w - - 0 1,white,h4h3,100.0,1.0,1,1,10,legal,piece_movement,
movement_0449,movement_0449,movement,validation,synthetic_movement_0449,4k3/8/8/8/7K/8/8/4K3 w - - 0 1,white,h4h5,100.0,1.0,1,1,10,legal,piece_movement,
movement_0449,movement_0449,movement,validation,synthetic_movement_0449,4k3/8/8/8/7K/8/8/4K3 w - - 0 1,white,h4a1,-100.0,-1.0,0,0,10,illegal,piece_movement,
movement_0449,movement_0449,movement,validation,synthetic_movement_0449,4k3/8/8/8/7K/8/8/4K3 w - - 0 1,white,h4b1,-100.0,-1.0,0,0,10,illegal,piece_movement,
movement_0449,movement_0449,movement,validation,synthetic_movement_0449,4k3/8/8/8/7K/8/8/4K3 w - - 0 1,white,h4c1,-100.0,-1.0,0,0,10,illegal,piece_movement,
movement_0449,movement_0449,movement,validation,synthetic_movement_0449,4k3/8/8/8/7K/8/8/4K3 w - - 0 1,white,h4d1,-100.0,-1.0,0,0,10,illegal,piece_movement,
movement_0449,movement_0449,movement,validation,synthetic_movement_0449,4k3/8/8/8/7K/8/8/4K3 w - - 0 1,white,h4e1,-100.0,-1.0,0,0,10,illegal,piece_movement,
movement_0450,movement_0450,movement,validation,synthetic_movement_0450,4k3/8/8/8/8/5p2/8/4K3 b - - 0 1,black,f3f2,100.0,1.0,1,1,6,legal,piece_movement,
movement_0450,movement_0450,movement,validation,synthetic_movement_0450,4k3/8/8/8/8/5p2/8/4K3 b - - 0 1,black,f3a1,-100.0,-1.0,0,0,6,illegal,piece_movement,
movement_0450,movement_0450,movement,validation,synthetic_movement_0450,4k3/8/8/8/8/5p2/8/4K3 b - - 0 1,black,f3b1,-100.0,-1.0,0,0,6,illegal,piece_movement,
movement_0450,movement_0450,movement,validation,synthetic_movement_0450,4k3/8/8/8/8/5p2/8/4K3 b - - 0 1,black,f3c1,-100.0,-1.0,0,0,6,illegal,piece_movement,
movement_0450,movement_0450,movement,validation,synthetic_movement_0450,4k3/8/8/8/8/5p2/8/4K3 b - - 0 1,black,f3d1,-100.0,-1.0,0,0,6,illegal,piece_movement,
movement_0450,movement_0450,movement,validation,synthetic_movement_0450,4k3/8/8/8/8/5p2/8/4K3 b - - 0 1,black,f3e1,-100.0,-1.0,0,0,6,illegal,piece_movement,
movement_0451,movement_0451,movement,validation,synthetic_movement_0451,4k3/8/8/8/8/8/8/1n2K3 b - - 0 1,black,b1a3,100.0,1.0,1,1,8,legal,piece_movement,
movement_0451,movement_0451,movement,validation,synthetic_movement_0451,4k3/8/8/8/8/8/8/1n2K3 b - - 0 1,black,b1c3,100.0,1.0,1,1,8,legal,piece_movement,
movement_0451,movement_0451,movement,validation,synthetic_movement_0451,4k3/8/8/8/8/8/8/1n2K3 b - - 0 1,black,b1d2,100.0,1.0,1,1,8,legal,piece_movement,
movement_0451,movement_0451,movement,validation,synthetic_movement_0451,4k3/8/8/8/8/8/8/1n2K3 b - - 0 1,black,b1a1,-100.0,-1.0,0,0,8,illegal,piece_movement,
movement_0451,movement_0451,movement,validation,synthetic_movement_0451,4k3/8/8/8/8/8/8/1n2K3 b - - 0 1,black,b1c1,-100.0,-1.0,0,0,8,illegal,piece_movement,
movement_0451,movement_0451,movement,validation,synthetic_movement_0451,4k3/8/8/8/8/8/8/1n2K3 b - - 0 1,black,b1d1,-100.0,-1.0,0,0,8,illegal,piece_movement,
movement_0451,movement_0451,movement,validation,synthetic_movement_0451,4k3/8/8/8/8/8/8/1n2K3 b - - 0 1,black,b1e1,-100.0,-1.0,0,0,8,illegal,piece_movement,
movement_0451,movement_0451,movement,validation,synthetic_movement_0451,4k3/8/8/8/8/8/8/1n2K3 b - - 0 1,black,b1f1,-100.0,-1.0,0,0,8,illegal,piece_movement,
movement_0452,movement_0452,movement,validation,synthetic_movement_0452,4k3/8/8/8/1b6/8/8/4K3 b - - 0 1,black,b4a3,100.0,1.0,1,1,14,legal,piece_movement,
movement_0452,movement_0452,movement,validation,synthetic_movement_0452,4k3/8/8/8/1b6/8/8/4K3 b - - 0 1,black,b4a5,100.0,1.0,1,1,14,legal,piece_movement,
movement_0452,movement_0452,movement,validation,synthetic_movement_0452,4k3/8/8/8/1b6/8/8/4K3 b - - 0 1,black,b4c3,100.0,1.0,1,1,14,legal,piece_movement,
movement_0452,movement_0452,movement,validation,synthetic_movement_0452,4k3/8/8/8/1b6/8/8/4K3 b - - 0 1,black,b4c5,100.0,1.0,1,1,14,legal,piece_movement,
movement_0452,movement_0452,movement,validation,synthetic_movement_0452,4k3/8/8/8/1b6/8/8/4K3 b - - 0 1,black,b4d2,100.0,1.0,1,1,14,legal,piece_movement,
movement_0452,movement_0452,movement,validation,synthetic_movement_0452,4k3/8/8/8/1b6/8/8/4K3 b - - 0 1,black,b4a1,-100.0,-1.0,0,0,14,illegal,piece_movement,
movement_0452,movement_0452,movement,validation,synthetic_movement_0452,4k3/8/8/8/1b6/8/8/4K3 b - - 0 1,black,b4b1,-100.0,-1.0,0,0,14,illegal,piece_movement,
movement_0452,movement_0452,movement,validation,synthetic_movement_0452,4k3/8/8/8/1b6/8/8/4K3 b - - 0 1,black,b4c1,-100.0,-1.0,0,0,14,illegal,piece_movement,
movement_0452,movement_0452,movement,validation,synthetic_movement_0452,4k3/8/8/8/1b6/8/8/4K3 b - - 0 1,black,b4d1,-100.0,-1.0,0,0,14,illegal,piece_movement,
movement_0452,movement_0452,movement,validation,synthetic_movement_0452,4k3/8/8/8/1b6/8/8/4K3 b - - 0 1,black,b4f1,-100.0,-1.0,0,0,14,illegal,piece_movement,
movement_0453,movement_0453,movement,validation,synthetic_movement_0453,4k3/6r1/8/8/8/8/8/4K3 b - - 0 1,black,g7a7,100.0,1.0,1,1,19,legal,piece_movement,
movement_0453,movement_0453,movement,validation,synthetic_movement_0453,4k3/6r1/8/8/8/8/8/4K3 b - - 0 1,black,g7b7,100.0,1.0,1,1,19,legal,piece_movement,
movement_0453,movement_0453,movement,validation,synthetic_movement_0453,4k3/6r1/8/8/8/8/8/4K3 b - - 0 1,black,g7c7,100.0,1.0,1,1,19,legal,piece_movement,
movement_0453,movement_0453,movement,validation,synthetic_movement_0453,4k3/6r1/8/8/8/8/8/4K3 b - - 0 1,black,g7d7,100.0,1.0,1,1,19,legal,piece_movement,
movement_0453,movement_0453,movement,validation,synthetic_movement_0453,4k3/6r1/8/8/8/8/8/4K3 b - - 0 1,black,g7e7,100.0,1.0,1,1,19,legal,piece_movement,
movement_0453,movement_0453,movement,validation,synthetic_movement_0453,4k3/6r1/8/8/8/8/8/4K3 b - - 0 1,black,g7a1,-100.0,-1.0,0,0,19,illegal,piece_movement,
movement_0453,movement_0453,movement,validation,synthetic_movement_0453,4k3/6r1/8/8/8/8/8/4K3 b - - 0 1,black,g7b1,-100.0,-1.0,0,0,19,illegal,piece_movement,
movement_0453,movement_0453,movement,validation,synthetic_movement_0453,4k3/6r1/8/8/8/8/8/4K3 b - - 0 1,black,g7c1,-100.0,-1.0,0,0,19,illegal,piece_movement,
movement_0453,movement_0453,movement,validation,synthetic_movement_0453,4k3/6r1/8/8/8/8/8/4K3 b - - 0 1,black,g7d1,-100.0,-1.0,0,0,19,illegal,piece_movement,
movement_0453,movement_0453,movement,validation,synthetic_movement_0453,4k3/6r1/8/8/8/8/8/4K3 b - - 0 1,black,g7e1,-100.0,-1.0,0,0,19,illegal,piece_movement,
movement_0454,movement_0454,movement,validation,synthetic_movement_0454,4k3/8/8/8/8/q7/8/4K3 b - - 0 1,black,a3a1,100.0,1.0,1,1,26,legal,piece_movement,
movement_0454,movement_0454,movement,validation,synthetic_movement_0454,4k3/8/8/8/8/q7/8/4K3 b - - 0 1,black,a3a2,100.0,1.0,1,1,26,legal,piece_movement,
movement_0454,movement_0454,movement,validation,synthetic_movement_0454,4k3/8/8/8/8/q7/8/4K3 b - - 0 1,black,a3a4,100.0,1.0,1,1,26,legal,piece_movement,
movement_0454,movement_0454,movement,validation,synthetic_movement_0454,4k3/8/8/8/8/q7/8/4K3 b - - 0 1,black,a3a5,100.0,1.0,1,1,26,legal,piece_movement,
movement_0454,movement_0454,movement,validation,synthetic_movement_0454,4k3/8/8/8/8/q7/8/4K3 b - - 0 1,black,a3a6,100.0,1.0,1,1,26,legal,piece_movement,
movement_0454,movement_0454,movement,validation,synthetic_movement_0454,4k3/8/8/8/8/q7/8/4K3 b - - 0 1,black,a3b1,-100.0,-1.0,0,0,26,illegal,piece_movement,
movement_0454,movement_0454,movement,validation,synthetic_movement_0454,4k3/8/8/8/8/q7/8/4K3 b - - 0 1,black,a3d1,-100.0,-1.0,0,0,26,illegal,piece_movement,
movement_0454,movement_0454,movement,validation,synthetic_movement_0454,4k3/8/8/8/8/q7/8/4K3 b - - 0 1,black,a3e1,-100.0,-1.0,0,0,26,illegal,piece_movement,
movement_0454,movement_0454,movement,validation,synthetic_movement_0454,4k3/8/8/8/8/q7/8/4K3 b - - 0 1,black,a3f1,-100.0,-1.0,0,0,26,illegal,piece_movement,
movement_0454,movement_0454,movement,validation,synthetic_movement_0454,4k3/8/8/8/8/q7/8/4K3 b - - 0 1,black,a3g1,-100.0,-1.0,0,0,26,illegal,piece_movement,
movement_0455,movement_0455,movement,validation,synthetic_movement_0455,4k3/8/8/8/8/8/8/4K1k1 b - - 0 1,black,g1f1,100.0,1.0,1,1,10,legal,piece_movement,
movement_0455,movement_0455,movement,validation,synthetic_movement_0455,4k3/8/8/8/8/8/8/4K1k1 b - - 0 1,black,g1f2,100.0,1.0,1,1,10,legal,piece_movement,
movement_0455,movement_0455,movement,validation,synthetic_movement_0455,4k3/8/8/8/8/8/8/4K1k1 b - - 0 1,black,g1g2,100.0,1.0,1,1,10,legal,piece_movement,
movement_0455,movement_0455,movement,validation,synthetic_movement_0455,4k3/8/8/8/8/8/8/4K1k1 b - - 0 1,black,g1h1,100.0,1.0,1,1,10,legal,piece_movement,
movement_0455,movement_0455,movement,validation,synthetic_movement_0455,4k3/8/8/8/8/8/8/4K1k1 b - - 0 1,black,g1h2,100.0,1.0,1,1,10,legal,piece_movement,
movement_0455,movement_0455,movement,validation,synthetic_movement_0455,4k3/8/8/8/8/8/8/4K1k1 b - - 0 1,black,g1a1,-100.0,-1.0,0,0,10,illegal,piece_movement,
movement_0455,movement_0455,movement,validation,synthetic_movement_0455,4k3/8/8/8/8/8/8/4K1k1 b - - 0 1,black,g1b1,-100.0,-1.0,0,0,10,illegal,piece_movement,
movement_0455,movement_0455,movement,validation,synthetic_movement_0455,4k3/8/8/8/8/8/8/4K1k1 b - - 0 1,black,g1c1,-100.0,-1.0,0,0,10,illegal,piece_movement,
movement_0455,movement_0455,movement,validation,synthetic_movement_0455,4k3/8/8/8/8/8/8/4K1k1 b - - 0 1,black,g1d1,-100.0,-1.0,0,0,10,illegal,piece_movement,
movement_0455,movement_0455,movement,validation,synthetic_movement_0455,4k3/8/8/8/8/8/8/4K1k1 b - - 0 1,black,g1e1,-100.0,-1.0,0,0,10,illegal,piece_movement,
movement_0456,movement_0456,movement,validation,synthetic_movement_0456,4k3/8/5P2/8/8/8/8/4K3 w - - 0 1,white,f6f7,100.0,1.0,1,1,6,legal,piece_movement,
movement_0456,movement_0456,movement,validation,synthetic_movement_0456,4k3/8/5P2/8/8/8/8/4K3 w - - 0 1,white,f6a1,-100.0,-1.0,0,0,6,illegal,piece_movement,
movement_0456,movement_0456,movement,validation,synthetic_movement_0456,4k3/8/5P2/8/8/8/8/4K3 w - - 0 1,white,f6b1,-100.0,-1.0,0,0,6,illegal,piece_movement,
movement_0456,movement_0456,movement,validation,synthetic_movement_0456,4k3/8/5P2/8/8/8/8/4K3 w - - 0 1,white,f6c1,-100.0,-1.0,0,0,6,illegal,piece_movement,
movement_0456,movement_0456,movement,validation,synthetic_movement_0456,4k3/8/5P2/8/8/8/8/4K3 w - - 0 1,white,f6d1,-100.0,-1.0,0,0,6,illegal,piece_movement,
movement_0456,movement_0456,movement,validation,synthetic_movement_0456,4k3/8/5P2/8/8/8/8/4K3 w - - 0 1,white,f6e1,-100.0,-1.0,0,0,6,illegal,piece_movement,
movement_0457,movement_0457,movement,validation,synthetic_movement_0457,4k3/8/8/8/8/8/N7/4K3 w - - 0 1,white,a2b4,100.0,1.0,1,1,8,legal,piece_movement,
movement_0457,movement_0457,movement,validation,synthetic_movement_0457,4k3/8/8/8/8/8/N7/4K3 w - - 0 1,white,a2c1,100.0,1.0,1,1,8,legal,piece_movement,
movement_0457,movement_0457,movement,validation,synthetic_movement_0457,4k3/8/8/8/8/8/N7/4K3 w - - 0 1,white,a2c3,100.0,1.0,1,1,8,legal,piece_movement,
movement_0457,movement_0457,movement,validation,synthetic_movement_0457,4k3/8/8/8/8/8/N7/4K3 w - - 0 1,white,a2a1,-100.0,-1.0,0,0,8,illegal,piece_movement,
movement_0457,movement_0457,movement,validation,synthetic_movement_0457,4k3/8/8/8/8/8/N7/4K3 w - - 0 1,white,a2b1,-100.0,-1.0,0,0,8,illegal,piece_movement,
movement_0457,movement_0457,movement,validation,synthetic_movement_0457,4k3/8/8/8/8/8/N7/4K3 w - - 0 1,white,a2d1,-100.0,-1.0,0,0,8,illegal,piece_movement,
movement_0457,movement_0457,movement,validation,synthetic_movement_0457,4k3/8/8/8/8/8/N7/4K3 w - - 0 1,white,a2e1,-100.0,-1.0,0,0,8,illegal,piece_movement,
movement_0457,movement_0457,movement,validation,synthetic_movement_0457,4k3/8/8/8/8/8/N7/4K3 w - - 0 1,white,a2f1,-100.0,-1.0,0,0,8,illegal,piece_movement,
movement_0458,movement_0458,movement,validation,synthetic_movement_0458,4k3/8/8/8/8/4B3/8/4K3 w - - 0 1,white,e3a7,100.0,1.0,1,1,16,legal,piece_movement,
movement_0458,movement_0458,movement,validation,synthetic_movement_0458,4k3/8/8/8/8/4B3/8/4K3 w - - 0 1,white,e3b6,100.0,1.0,1,1,16,legal,piece_movement,
movement_0458,movement_0458,movement,validation,synthetic_movement_0458,4k3/8/8/8/8/4B3/8/4K3 w - - 0 1,white,e3c1,100.0,1.0,1,1,16,legal,piece_movement,
movement_0458,movement_0458,movement,validation,synthetic_movement_0458,4k3/8/8/8/8/4B3/8/4K3 w - - 0 1,white,e3c5,100.0,1.0,1,1,16,legal,piece_movement,
movement_0458,movement_0458,movement,validation,synthetic_movement_0458,4k3/8/8/8/8/4B3/8/4K3 w - - 0 1,white,e3d2,100.0,1.0,1,1,16,legal,piece_movement,
movement_0458,movement_0458,movement,validation,synthetic_movement_0458,4k3/8/8/8/8/4B3/8/4K3 w - - 0 1,white,e3a1,-100.0,-1.0,0,0,16,illegal,piece_movement,
movement_0458,movement_0458,movement,validation,synthetic_movement_0458,4k3/8/8/8/8/4B3/8/4K3 w - - 0 1,white,e3b1,-100.0,-1.0,0,0,16,illegal,piece_movement,
movement_0458,movement_0458,movement,validation,synthetic_movement_0458,4k3/8/8/8/8/4B3/8/4K3 w - - 0 1,white,e3d1,-100.0,-1.0,0,0,16,illegal,piece_movement,
movement_0458,movement_0458,movement,validation,synthetic_movement_0458,4k3/8/8/8/8/4B3/8/4K3 w - - 0 1,white,e3e1,-100.0,-1.0,0,0,16,illegal,piece_movement,
movement_0458,movement_0458,movement,validation,synthetic_movement_0458,4k3/8/8/8/8/4B3/8/4K3 w - - 0 1,white,e3f1,-100.0,-1.0,0,0,16,illegal,piece_movement,
movement_0459,movement_0459,movement,validation,synthetic_movement_0459,4k3/8/8/8/5R2/8/8/4K3 w - - 0 1,white,f4a4,100.0,1.0,1,1,19,legal,piece_movement,
movement_0459,movement_0459,movement,validation,synthetic_movement_0459,4k3/8/8/8/5R2/8/8/4K3 w - - 0 1,white,f4b4,100.0,1.0,1,1,19,legal,piece_movement,
movement_0459,movement_0459,movement,validation,synthetic_movement_0459,4k3/8/8/8/5R2/8/8/4K3 w - - 0 1,white,f4c4,100.0,1.0,1,1,19,legal,piece_movement,
movement_0459,movement_0459,movement,validation,synthetic_movement_0459,4k3/8/8/8/5R2/8/8/4K3 w - - 0 1,white,f4d4,100.0,1.0,1,1,19,legal,piece_movement,
movement_0459,movement_0459,movement,validation,synthetic_movement_0459,4k3/8/8/8/5R2/8/8/4K3 w - - 0 1,white,f4e4,100.0,1.0,1,1,19,legal,piece_movement,
movement_0459,movement_0459,movement,validation,synthetic_movement_0459,4k3/8/8/8/5R2/8/8/4K3 w - - 0 1,white,f4a1,-100.0,-1.0,0,0,19,illegal,piece_movement,
movement_0459,movement_0459,movement,validation,synthetic_movement_0459,4k3/8/8/8/5R2/8/8/4K3 w - - 0 1,white,f4b1,-100.0,-1.0,0,0,19,illegal,piece_movement,
movement_0459,movement_0459,movement,validation,synthetic_movement_0459,4k3/8/8/8/5R2/8/8/4K3 w - - 0 1,white,f4c1,-100.0,-1.0,0,0,19,illegal,piece_movement,
movement_0459,movement_0459,movement,validation,synthetic_movement_0459,4k3/8/8/8/5R2/8/8/4K3 w - - 0 1,white,f4d1,-100.0,-1.0,0,0,19,illegal,piece_movement,
movement_0459,movement_0459,movement,validation,synthetic_movement_0459,4k3/8/8/8/5R2/8/8/4K3 w - - 0 1,white,f4e1,-100.0,-1.0,0,0,19,illegal,piece_movement,
movement_0460,movement_0460,movement,validation,synthetic_movement_0460,4k3/8/8/8/8/3Q4/8/4K3 w - - 0 1,white,d3a3,100.0,1.0,1,1,30,legal,piece_movement,
movement_0460,movement_0460,movement,validation,synthetic_movement_0460,4k3/8/8/8/8/3Q4/8/4K3 w - - 0 1,white,d3a6,100.0,1.0,1,1,30,legal,piece_movement,
movement_0460,movement_0460,movement,validation,synthetic_movement_0460,4k3/8/8/8/8/3Q4/8/4K3 w - - 0 1,white,d3b1,100.0,1.0,1,1,30,legal,piece_movement,
movement_0460,movement_0460,movement,validation,synthetic_movement_0460,4k3/8/8/8/8/3Q4/8/4K3 w - - 0 1,white,d3b3,100.0,1.0,1,1,30,legal,piece_movement,
movement_0460,movement_0460,movement,validation,synthetic_movement_0460,4k3/8/8/8/8/3Q4/8/4K3 w - - 0 1,white,d3b5,100.0,1.0,1,1,30,legal,piece_movement,
movement_0460,movement_0460,movement,validation,synthetic_movement_0460,4k3/8/8/8/8/3Q4/8/4K3 w - - 0 1,white,d3a1,-100.0,-1.0,0,0,30,illegal,piece_movement,
movement_0460,movement_0460,movement,validation,synthetic_movement_0460,4k3/8/8/8/8/3Q4/8/4K3 w - - 0 1,white,d3c1,-100.0,-1.0,0,0,30,illegal,piece_movement,
movement_0460,movement_0460,movement,validation,synthetic_movement_0460,4k3/8/8/8/8/3Q4/8/4K3 w - - 0 1,white,d3e1,-100.0,-1.0,0,0,30,illegal,piece_movement,
movement_0460,movement_0460,movement,validation,synthetic_movement_0460,4k3/8/8/8/8/3Q4/8/4K3 w - - 0 1,white,d3g1,-100.0,-1.0,0,0,30,illegal,piece_movement,
movement_0460,movement_0460,movement,validation,synthetic_movement_0460,4k3/8/8/8/8/3Q4/8/4K3 w - - 0 1,white,d3h1,-100.0,-1.0,0,0,30,illegal,piece_movement,
movement_0461,movement_0461,movement,validation,synthetic_movement_0461,4k3/8/8/8/8/8/8/2K1K3 w - - 0 1,white,c1b1,100.0,1.0,1,1,10,legal,piece_movement,
movement_0461,movement_0461,movement,validation,synthetic_movement_0461,4k3/8/8/8/8/8/8/2K1K3 w - - 0 1,white,c1b2,100.0,1.0,1,1,10,legal,piece_movement,
movement_0461,movement_0461,movement,validation,synthetic_movement_0461,4k3/8/8/8/8/8/8/2K1K3 w - - 0 1,white,c1c2,100.0,1.0,1,1,10,legal,piece_movement,
movement_0461,movement_0461,movement,validation,synthetic_movement_0461,4k3/8/8/8/8/8/8/2K1K3 w - - 0 1,white,c1d1,100.0,1.0,1,1,10,legal,piece_movement,
movement_0461,movement_0461,movement,validation,synthetic_movement_0461,4k3/8/8/8/8/8/8/2K1K3 w - - 0 1,white,c1d2,100.0,1.0,1,1,10,legal,piece_movement,
movement_0461,movement_0461,movement,validation,synthetic_movement_0461,4k3/8/8/8/8/8/8/2K1K3 w - - 0 1,white,c1a1,-100.0,-1.0,0,0,10,illegal,piece_movement,
movement_0461,movement_0461,movement,validation,synthetic_movement_0461,4k3/8/8/8/8/8/8/2K1K3 w - - 0 1,white,c1e1,-100.0,-1.0,0,0,10,illegal,piece_movement,
movement_0461,movement_0461,movement,validation,synthetic_movement_0461,4k3/8/8/8/8/8/8/2K1K3 w - - 0 1,white,c1f1,-100.0,-1.0,0,0,10,illegal,piece_movement,
movement_0461,movement_0461,movement,validation,synthetic_movement_0461,4k3/8/8/8/8/8/8/2K1K3 w - - 0 1,white,c1g1,-100.0,-1.0,0,0,10,illegal,piece_movement,
movement_0461,movement_0461,movement,validation,synthetic_movement_0461,4k3/8/8/8/8/8/8/2K1K3 w - - 0 1,white,c1h1,-100.0,-1.0,0,0,10,illegal,piece_movement,
movement_0462,movement_0462,movement,validation,synthetic_movement_0462,4k3/8/8/1p6/8/8/8/4K3 b - - 0 1,black,b5b4,100.0,1.0,1,1,6,legal,piece_movement,
movement_0462,movement_0462,movement,validation,synthetic_movement_0462,4k3/8/8/1p6/8/8/8/4K3 b - - 0 1,black,b5a1,-100.0,-1.0,0,0,6,illegal,piece_movement,
movement_0462,movement_0462,movement,validation,synthetic_movement_0462,4k3/8/8/1p6/8/8/8/4K3 b - - 0 1,black,b5b1,-100.0,-1.0,0,0,6,illegal,piece_movement,
movement_0462,movement_0462,movement,validation,synthetic_movement_0462,4k3/8/8/1p6/8/8/8/4K3 b - - 0 1,black,b5c1,-100.0,-1.0,0,0,6,illegal,piece_movement,
movement_0462,movement_0462,movement,validation,synthetic_movement_0462,4k3/8/8/1p6/8/8/8/4K3 b - - 0 1,black,b5d1,-100.0,-1.0,0,0,6,illegal,piece_movement,
movement_0462,movement_0462,movement,validation,synthetic_movement_0462,4k3/8/8/1p6/8/8/8/4K3 b - - 0 1,black,b5e1,-100.0,-1.0,0,0,6,illegal,piece_movement,
movement_0463,movement_0463,movement,validation,synthetic_movement_0463,4k3/8/8/8/8/8/8/2n1K3 b - - 0 1,black,c1a2,100.0,1.0,1,1,9,legal,piece_movement,
movement_0463,movement_0463,movement,validation,synthetic_movement_0463,4k3/8/8/8/8/8/8/2n1K3 b - - 0 1,black,c1b3,100.0,1.0,1,1,9,legal,piece_movement,
movement_0463,movement_0463,movement,validation,synthetic_movement_0463,4k3/8/8/8/8/8/8/2n1K3 b - - 0 1,black,c1d3,100.0,1.0,1,1,9,legal,piece_movement,
movement_0463,movement_0463,movement,validation,synthetic_movement_0463,4k3/8/8/8/8/8/8/2n1K3 b - - 0 1,black,c1e2,100.0,1.0,1,1,9,legal,piece_movement,
movement_0463,movement_0463,movement,validation,synthetic_movement_0463,4k3/8/8/8/8/8/8/2n1K3 b - - 0 1,black,c1a1,-100.0,-1.0,0,0,9,illegal,piece_movement,
movement_0463,movement_0463,movement,validation,synthetic_movement_0463,4k3/8/8/8/8/8/8/2n1K3 b - - 0 1,black,c1b1,-100.0,-1.0,0,0,9,illegal,piece_movement,
movement_0463,movement_0463,movement,validation,synthetic_movement_0463,4k3/8/8/8/8/8/8/2n1K3 b - - 0 1,black,c1d1,-100.0,-1.0,0,0,9,illegal,piece_movement,
movement_0463,movement_0463,movement,validation,synthetic_movement_0463,4k3/8/8/8/8/8/8/2n1K3 b - - 0 1,black,c1e1,-100.0,-1.0,0,0,9,illegal,piece_movement,
movement_0463,movement_0463,movement,validation,synthetic_movement_0463,4k3/8/8/8/8/8/8/2n1K3 b - - 0 1,black,c1f1,-100.0,-1.0,0,0,9,illegal,piece_movement,
movement_0464,movement_0464,movement,validation,synthetic_movement_0464,4k3/8/8/8/8/8/8/1b2K3 b - - 0 1,black,b1a2,100.0,1.0,1,1,12,legal,piece_movement,
movement_0464,movement_0464,movement,validation,synthetic_movement_0464,4k3/8/8/8/8/8/8/1b2K3 b - - 0 1,black,b1c2,100.0,1.0,1,1,12,legal,piece_movement,
movement_0464,movement_0464,movement,validation,synthetic_movement_0464,4k3/8/8/8/8/8/8/1b2K3 b - - 0 1,black,b1d3,100.0,1.0,1,1,12,legal,piece_movement,
movement_0464,movement_0464,movement,validation,synthetic_movement_0464,4k3/8/8/8/8/8/8/1b2K3 b - - 0 1,black,b1e4,100.0,1.0,1,1,12,legal,piece_movement,
movement_0464,movement_0464,movement,validation,synthetic_movement_0464,4k3/8/8/8/8/8/8/1b2K3 b - - 0 1,black,b1f5,100.0,1.0,1,1,12,legal,piece_movement,
movement_0464,movement_0464,movement,validation,synthetic_movement_0464,4k3/8/8/8/8/8/8/1b2K3 b - - 0 1,black,b1a1,-100.0,-1.0,0,0,12,illegal,piece_movement,
movement_0464,movement_0464,movement,validation,synthetic_movement_0464,4k3/8/8/8/8/8/8/1b2K3 b - - 0 1,black,b1c1,-100.0,-1.0,0,0,12,illegal,piece_movement,
movement_0464,movement_0464,movement,validation,synthetic_movement_0464,4k3/8/8/8/8/8/8/1b2K3 b - - 0 1,black,b1d1,-100.0,-1.0,0,0,12,illegal,piece_movement,
movement_0464,movement_0464,movement,validation,synthetic_movement_0464,4k3/8/8/8/8/8/8/1b2K3 b - - 0 1,black,b1e1,-100.0,-1.0,0,0,12,illegal,piece_movement,
movement_0464,movement_0464,movement,validation,synthetic_movement_0464,4k3/8/8/8/8/8/8/1b2K3 b - - 0 1,black,b1f1,-100.0,-1.0,0,0,12,illegal,piece_movement,
movement_0465,movement_0465,movement,validation,synthetic_movement_0465,4k3/8/1r6/8/8/8/8/4K3 b - - 0 1,black,b6a6,100.0,1.0,1,1,19,legal,piece_movement,
movement_0465,movement_0465,movement,validation,synthetic_movement_0465,4k3/8/1r6/8/8/8/8/4K3 b - - 0 1,black,b6b1,100.0,1.0,1,1,19,legal,piece_movement,
movement_0465,movement_0465,movement,validation,synthetic_movement_0465,4k3/8/1r6/8/8/8/8/4K3 b - - 0 1,black,b6b2,100.0,1.0,1,1,19,legal,piece_movement,
movement_0465,movement_0465,movement,validation,synthetic_movement_0465,4k3/8/1r6/8/8/8/8/4K3 b - - 0 1,black,b6b3,100.0,1.0,1,1,19,legal,piece_movement,
movement_0465,movement_0465,movement,validation,synthetic_movement_0465,4k3/8/1r6/8/8/8/8/4K3 b - - 0 1,black,b6b4,100.0,1.0,1,1,19,legal,piece_movement,
movement_0465,movement_0465,movement,validation,synthetic_movement_0465,4k3/8/1r6/8/8/8/8/4K3 b - - 0 1,black,b6a1,-100.0,-1.0,0,0,19,illegal,piece_movement,
movement_0465,movement_0465,movement,validation,synthetic_movement_0465,4k3/8/1r6/8/8/8/8/4K3 b - - 0 1,black,b6c1,-100.0,-1.0,0,0,19,illegal,piece_movement,
movement_0465,movement_0465,movement,validation,synthetic_movement_0465,4k3/8/1r6/8/8/8/8/4K3 b - - 0 1,black,b6d1,-100.0,-1.0,0,0,19,illegal,piece_movement,
movement_0465,movement_0465,movement,validation,synthetic_movement_0465,4k3/8/1r6/8/8/8/8/4K3 b - - 0 1,black,b6e1,-100.0,-1.0,0,0,19,illegal,piece_movement,
movement_0465,movement_0465,movement,validation,synthetic_movement_0465,4k3/8/1r6/8/8/8/8/4K3 b - - 0 1,black,b6f1,-100.0,-1.0,0,0,19,illegal,piece_movement,
movement_0466,movement_0466,movement,validation,synthetic_movement_0466,4k3/3q4/8/8/8/8/8/4K3 b - - 0 1,black,d7a4,100.0,1.0,1,1,26,legal,piece_movement,
movement_0466,movement_0466,movement,validation,synthetic_movement_0466,4k3/3q4/8/8/8/8/8/4K3 b - - 0 1,black,d7a7,100.0,1.0,1,1,26,legal,piece_movement,
movement_0466,movement_0466,movement,validation,synthetic_movement_0466,4k3/3q4/8/8/8/8/8/4K3 b - - 0 1,black,d7b5,100.0,1.0,1,1,26,legal,piece_movement,
movement_0466,movement_0466,movement,validation,synthetic_movement_0466,4k3/3q4/8/8/8/8/8/4K3 b - - 0 1,black,d7b7,100.0,1.0,1,1,26,legal,piece_movement,
movement_0466,movement_0466,movement,validation,synthetic_movement_0466,4k3/3q4/8/8/8/8/8/4K3 b - - 0 1,black,d7c6,100.0,1.0,1,1,26,legal,piece_movement,
movement_0466,movement_0466,movement,validation,synthetic_movement_0466,4k3/3q4/8/8/8/8/8/4K3 b - - 0 1,black,d7a1,-100.0,-1.0,0,0,26,illegal,piece_movement,
movement_0466,movement_0466,movement,validation,synthetic_movement_0466,4k3/3q4/8/8/8/8/8/4K3 b - - 0 1,black,d7b1,-100.0,-1.0,0,0,26,illegal,piece_movement,
movement_0466,movement_0466,movement,validation,synthetic_movement_0466,4k3/3q4/8/8/8/8/8/4K3 b - - 0 1,black,d7c1,-100.0,-1.0,0,0,26,illegal,piece_movement,
movement_0466,movement_0466,movement,validation,synthetic_movement_0466,4k3/3q4/8/8/8/8/8/4K3 b - - 0 1,black,d7e1,-100.0,-1.0,0,0,26,illegal,piece_movement,
movement_0466,movement_0466,movement,validation,synthetic_movement_0466,4k3/3q4/8/8/8/8/8/4K3 b - - 0 1,black,d7f1,-100.0,-1.0,0,0,26,illegal,piece_movement,
movement_0467,movement_0467,movement,validation,synthetic_movement_0467,4k1k1/8/8/8/8/8/8/4K3 b - - 0 1,black,g8f7,100.0,1.0,1,1,10,legal,piece_movement,
movement_0467,movement_0467,movement,validation,synthetic_movement_0467,4k1k1/8/8/8/8/8/8/4K3 b - - 0 1,black,g8f8,100.0,1.0,1,1,10,legal,piece_movement,
movement_0467,movement_0467,movement,validation,synthetic_movement_0467,4k1k1/8/8/8/8/8/8/4K3 b - - 0 1,black,g8g7,100.0,1.0,1,1,10,legal,piece_movement,
movement_0467,movement_0467,movement,validation,synthetic_movement_0467,4k1k1/8/8/8/8/8/8/4K3 b - - 0 1,black,g8h7,100.0,1.0,1,1,10,legal,piece_movement,
movement_0467,movement_0467,movement,validation,synthetic_movement_0467,4k1k1/8/8/8/8/8/8/4K3 b - - 0 1,black,g8h8,100.0,1.0,1,1,10,legal,piece_movement,
movement_0467,movement_0467,movement,validation,synthetic_movement_0467,4k1k1/8/8/8/8/8/8/4K3 b - - 0 1,black,g8a1,-100.0,-1.0,0,0,10,illegal,piece_movement,
movement_0467,movement_0467,movement,validation,synthetic_movement_0467,4k1k1/8/8/8/8/8/8/4K3 b - - 0 1,black,g8b1,-100.0,-1.0,0,0,10,illegal,piece_movement,
movement_0467,movement_0467,movement,validation,synthetic_movement_0467,4k1k1/8/8/8/8/8/8/4K3 b - - 0 1,black,g8c1,-100.0,-1.0,0,0,10,illegal,piece_movement,
movement_0467,movement_0467,movement,validation,synthetic_movement_0467,4k1k1/8/8/8/8/8/8/4K3 b - - 0 1,black,g8d1,-100.0,-1.0,0,0,10,illegal,piece_movement,
movement_0467,movement_0467,movement,validation,synthetic_movement_0467,4k1k1/8/8/8/8/8/8/4K3 b - - 0 1,black,g8e1,-100.0,-1.0,0,0,10,illegal,piece_movement,
movement_0468,movement_0468,movement,validation,synthetic_movement_0468,4k3/8/8/8/8/4P3/8/4K3 w - - 0 1,white,e3e4,100.0,1.0,1,1,6,legal,piece_movement,
movement_0468,movement_0468,movement,validation,synthetic_movement_0468,4k3/8/8/8/8/4P3/8/4K3 w - - 0 1,white,e3a1,-100.0,-1.0,0,0,6,illegal,piece_movement,
movement_0468,movement_0468,movement,validation,synthetic_movement_0468,4k3/8/8/8/8/4P3/8/4K3 w - - 0 1,white,e3b1,-100.0,-1.0,0,0,6,illegal,piece_movement,
movement_0468,movement_0468,movement,validation,synthetic_movement_0468,4k3/8/8/8/8/4P3/8/4K3 w - - 0 1,white,e3c1,-100.0,-1.0,0,0,6,illegal,piece_movement,
movement_0468,movement_0468,movement,validation,synthetic_movement_0468,4k3/8/8/8/8/4P3/8/4K3 w - - 0 1,white,e3d1,-100.0,-1.0,0,0,6,illegal,piece_movement,
movement_0468,movement_0468,movement,validation,synthetic_movement_0468,4k3/8/8/8/8/4P3/8/4K3 w - - 0 1,white,e3e1,-100.0,-1.0,0,0,6,illegal,piece_movement,
movement_0469,movement_0469,movement,validation,synthetic_movement_0469,4k3/8/8/8/8/1N6/8/4K3 w - - 0 1,white,b3a1,100.0,1.0,1,1,11,legal,piece_movement,
movement_0469,movement_0469,movement,validation,synthetic_movement_0469,4k3/8/8/8/8/1N6/8/4K3 w - - 0 1,white,b3a5,100.0,1.0,1,1,11,legal,piece_movement,
movement_0469,movement_0469,movement,validation,synthetic_movement_0469,4k3/8/8/8/8/1N6/8/4K3 w - - 0 1,white,b3c1,100.0,1.0,1,1,11,legal,piece_movement,
movement_0469,movement_0469,movement,validation,synthetic_movement_0469,4k3/8/8/8/8/1N6/8/4K3 w - - 0 1,white,b3c5,100.0,1.0,1,1,11,legal,piece_movement,
movement_0469,movement_0469,movement,validation,synthetic_movement_0469,4k3/8/8/8/8/1N6/8/4K3 w - - 0 1,white,b3d2,100.0,1.0,1,1,11,legal,piece_movement,
movement_0469,movement_0469,movement,validation,synthetic_movement_0469,4k3/8/8/8/8/1N6/8/4K3 w - - 0 1,white,b3b1,-100.0,-1.0,0,0,11,illegal,piece_movement,
movement_0469,movement_0469,movement,validation,synthetic_movement_0469,4k3/8/8/8/8/1N6/8/4K3 w - - 0 1,white,b3d1,-100.0,-1.0,0,0,11,illegal,piece_movement,
movement_0469,movement_0469,movement,validation,synthetic_movement_0469,4k3/8/8/8/8/1N6/8/4K3 w - - 0 1,white,b3e1,-100.0,-1.0,0,0,11,illegal,piece_movement,
movement_0469,movement_0469,movement,validation,synthetic_movement_0469,4k3/8/8/8/8/1N6/8/4K3 w - - 0 1,white,b3f1,-100.0,-1.0,0,0,11,illegal,piece_movement,
movement_0469,movement_0469,movement,validation,synthetic_movement_0469,4k3/8/8/8/8/1N6/8/4K3 w - - 0 1,white,b3g1,-100.0,-1.0,0,0,11,illegal,piece_movement,
movement_0470,movement_0470,movement,validation,synthetic_movement_0470,4k1B1/8/8/8/8/8/8/4K3 w - - 0 1,white,g8a2,100.0,1.0,1,1,12,legal,piece_movement,
movement_0470,movement_0470,movement,validation,synthetic_movement_0470,4k1B1/8/8/8/8/8/8/4K3 w - - 0 1,white,g8b3,100.0,1.0,1,1,12,legal,piece_movement,
movement_0470,movement_0470,movement,validation,synthetic_movement_0470,4k1B1/8/8/8/8/8/8/4K3 w - - 0 1,white,g8c4,100.0,1.0,1,1,12,legal,piece_movement,
movement_0470,movement_0470,movement,validation,synthetic_movement_0470,4k1B1/8/8/8/8/8/8/4K3 w - - 0 1,white,g8d5,100.0,1.0,1,1,12,legal,piece_movement,
movement_0470,movement_0470,movement,validation,synthetic_movement_0470,4k1B1/8/8/8/8/8/8/4K3 w - - 0 1,white,g8e6,100.0,1.0,1,1,12,legal,piece_movement,
movement_0470,movement_0470,movement,validation,synthetic_movement_0470,4k1B1/8/8/8/8/8/8/4K3 w - - 0 1,white,g8a1,-100.0,-1.0,0,0,12,illegal,piece_movement,
movement_0470,movement_0470,movement,validation,synthetic_movement_0470,4k1B1/8/8/8/8/8/8/4K3 w - - 0 1,white,g8b1,-100.0,-1.0,0,0,12,illegal,piece_movement,
movement_0470,movement_0470,movement,validation,synthetic_movement_0470,4k1B1/8/8/8/8/8/8/4K3 w - - 0 1,white,g8c1,-100.0,-1.0,0,0,12,illegal,piece_movement,
movement_0470,movement_0470,movement,validation,synthetic_movement_0470,4k1B1/8/8/8/8/8/8/4K3 w - - 0 1,white,g8d1,-100.0,-1.0,0,0,12,illegal,piece_movement,
movement_0470,movement_0470,movement,validation,synthetic_movement_0470,4k1B1/8/8/8/8/8/8/4K3 w - - 0 1,white,g8e1,-100.0,-1.0,0,0,12,illegal,piece_movement,
movement_0471,movement_0471,movement,validation,synthetic_movement_0471,4k3/7R/8/8/8/8/8/4K3 w - - 0 1,white,h7a7,100.0,1.0,1,1,19,legal,piece_movement,
movement_0471,movement_0471,movement,validation,synthetic_movement_0471,4k3/7R/8/8/8/8/8/4K3 w - - 0 1,white,h7b7,100.0,1.0,1,1,19,legal,piece_movement,
movement_0471,movement_0471,movement,validation,synthetic_movement_0471,4k3/7R/8/8/8/8/8/4K3 w - - 0 1,white,h7c7,100.0,1.0,1,1,19,legal,piece_movement,
movement_0471,movement_0471,movement,validation,synthetic_movement_0471,4k3/7R/8/8/8/8/8/4K3 w - - 0 1,white,h7d7,100.0,1.0,1,1,19,legal,piece_movement,
movement_0471,movement_0471,movement,validation,synthetic_movement_0471,4k3/7R/8/8/8/8/8/4K3 w - - 0 1,white,h7e7,100.0,1.0,1,1,19,legal,piece_movement,
movement_0471,movement_0471,movement,validation,synthetic_movement_0471,4k3/7R/8/8/8/8/8/4K3 w - - 0 1,white,h7a1,-100.0,-1.0,0,0,19,illegal,piece_movement,
movement_0471,movement_0471,movement,validation,synthetic_movement_0471,4k3/7R/8/8/8/8/8/4K3 w - - 0 1,white,h7b1,-100.0,-1.0,0,0,19,illegal,piece_movement,
movement_0471,movement_0471,movement,validation,synthetic_movement_0471,4k3/7R/8/8/8/8/8/4K3 w - - 0 1,white,h7c1,-100.0,-1.0,0,0,19,illegal,piece_movement,
movement_0471,movement_0471,movement,validation,synthetic_movement_0471,4k3/7R/8/8/8/8/8/4K3 w - - 0 1,white,h7d1,-100.0,-1.0,0,0,19,illegal,piece_movement,
movement_0471,movement_0471,movement,validation,synthetic_movement_0471,4k3/7R/8/8/8/8/8/4K3 w - - 0 1,white,h7e1,-100.0,-1.0,0,0,19,illegal,piece_movement,
movement_0472,movement_0472,movement,validation,synthetic_movement_0472,4k3/8/8/8/7Q/8/8/4K3 w - - 0 1,white,h4a4,100.0,1.0,1,1,25,legal,piece_movement,
movement_0472,movement_0472,movement,validation,synthetic_movement_0472,4k3/8/8/8/7Q/8/8/4K3 w - - 0 1,white,h4b4,100.0,1.0,1,1,25,legal,piece_movement,
movement_0472,movement_0472,movement,validation,synthetic_movement_0472,4k3/8/8/8/7Q/8/8/4K3 w - - 0 1,white,h4c4,100.0,1.0,1,1,25,legal,piece_movement,
movement_0472,movement_0472,movement,validation,synthetic_movement_0472,4k3/8/8/8/7Q/8/8/4K3 w - - 0 1,white,h4d4,100.0,1.0,1,1,25,legal,piece_movement,
movement_0472,movement_0472,movement,validation,synthetic_movement_0472,4k3/8/8/8/7Q/8/8/4K3 w - - 0 1,white,h4d8,100.0,1.0,1,1,25,legal,piece_movement,
movement_0472,movement_0472,movement,validation,synthetic_movement_0472,4k3/8/8/8/7Q/8/8/4K3 w - - 0 1,white,h4a1,-100.0,-1.0,0,0,25,illegal,piece_movement,
movement_0472,movement_0472,movement,validation,synthetic_movement_0472,4k3/8/8/8/7Q/8/8/4K3 w - - 0 1,white,h4b1,-100.0,-1.0,0,0,25,illegal,piece_movement,
movement_0472,movement_0472,movement,validation,synthetic_movement_0472,4k3/8/8/8/7Q/8/8/4K3 w - - 0 1,white,h4c1,-100.0,-1.0,0,0,25,illegal,piece_movement,
movement_0472,movement_0472,movement,validation,synthetic_movement_0472,4k3/8/8/8/7Q/8/8/4K3 w - - 0 1,white,h4d1,-100.0,-1.0,0,0,25,illegal,piece_movement,
movement_0472,movement_0472,movement,validation,synthetic_movement_0472,4k3/8/8/8/7Q/8/8/4K3 w - - 0 1,white,h4e1,-100.0,-1.0,0,0,25,illegal,piece_movement,
movement_0473,movement_0473,movement,validation,synthetic_movement_0473,4k3/8/8/8/4K3/8/8/4K3 w - - 0 1,white,e4d3,100.0,1.0,1,1,13,legal,piece_movement,
movement_0473,movement_0473,movement,validation,synthetic_movement_0473,4k3/8/8/8/4K3/8/8/4K3 w - - 0 1,white,e4d4,100.0,1.0,1,1,13,legal,piece_movement,
movement_0473,movement_0473,movement,validation,synthetic_movement_0473,4k3/8/8/8/4K3/8/8/4K3 w - - 0 1,white,e4d5,100.0,1.0,1,1,13,legal,piece_movement,
movement_0473,movement_0473,movement,validation,synthetic_movement_0473,4k3/8/8/8/4K3/8/8/4K3 w - - 0 1,white,e4e3,100.0,1.0,1,1,13,legal,piece_movement,
movement_0473,movement_0473,movement,validation,synthetic_movement_0473,4k3/8/8/8/4K3/8/8/4K3 w - - 0 1,white,e4e5,100.0,1.0,1,1,13,legal,piece_movement,
movement_0473,movement_0473,movement,validation,synthetic_movement_0473,4k3/8/8/8/4K3/8/8/4K3 w - - 0 1,white,e4a1,-100.0,-1.0,0,0,13,illegal,piece_movement,
movement_0473,movement_0473,movement,validation,synthetic_movement_0473,4k3/8/8/8/4K3/8/8/4K3 w - - 0 1,white,e4b1,-100.0,-1.0,0,0,13,illegal,piece_movement,
movement_0473,movement_0473,movement,validation,synthetic_movement_0473,4k3/8/8/8/4K3/8/8/4K3 w - - 0 1,white,e4c1,-100.0,-1.0,0,0,13,illegal,piece_movement,
movement_0473,movement_0473,movement,validation,synthetic_movement_0473,4k3/8/8/8/4K3/8/8/4K3 w - - 0 1,white,e4d1,-100.0,-1.0,0,0,13,illegal,piece_movement,
movement_0473,movement_0473,movement,validation,synthetic_movement_0473,4k3/8/8/8/4K3/8/8/4K3 w - - 0 1,white,e4e1,-100.0,-1.0,0,0,13,illegal,piece_movement,
movement_0474,movement_0474,movement,validation,synthetic_movement_0474,4k3/8/4p3/8/8/8/8/4K3 b - - 0 1,black,e6e5,100.0,1.0,1,1,6,legal,piece_movement,
movement_0474,movement_0474,movement,validation,synthetic_movement_0474,4k3/8/4p3/8/8/8/8/4K3 b - - 0 1,black,e6a1,-100.0,-1.0,0,0,6,illegal,piece_movement,
movement_0474,movement_0474,movement,validation,synthetic_movement_0474,4k3/8/4p3/8/8/8/8/4K3 b - - 0 1,black,e6b1,-100.0,-1.0,0,0,6,illegal,piece_movement,
movement_0474,movement_0474,movement,validation,synthetic_movement_0474,4k3/8/4p3/8/8/8/8/4K3 b - - 0 1,black,e6c1,-100.0,-1.0,0,0,6,illegal,piece_movement,
movement_0474,movement_0474,movement,validation,synthetic_movement_0474,4k3/8/4p3/8/8/8/8/4K3 b - - 0 1,black,e6d1,-100.0,-1.0,0,0,6,illegal,piece_movement,
movement_0474,movement_0474,movement,validation,synthetic_movement_0474,4k3/8/4p3/8/8/8/8/4K3 b - - 0 1,black,e6e1,-100.0,-1.0,0,0,6,illegal,piece_movement,
movement_0475,movement_0475,movement,validation,synthetic_movement_0475,4k3/8/8/8/8/8/8/4K1n1 b - - 0 1,black,g1e2,100.0,1.0,1,1,8,legal,piece_movement,
movement_0475,movement_0475,movement,validation,synthetic_movement_0475,4k3/8/8/8/8/8/8/4K1n1 b - - 0 1,black,g1f3,100.0,1.0,1,1,8,legal,piece_movement,
movement_0475,movement_0475,movement,validation,synthetic_movement_0475,4k3/8/8/8/8/8/8/4K1n1 b - - 0 1,black,g1h3,100.0,1.0,1,1,8,legal,piece_movement,
movement_0475,movement_0475,movement,validation,synthetic_movement_0475,4k3/8/8/8/8/8/8/4K1n1 b - - 0 1,black,g1a1,-100.0,-1.0,0,0,8,illegal,piece_movement,
movement_0475,movement_0475,movement,validation,synthetic_movement_0475,4k3/8/8/8/8/8/8/4K1n1 b - - 0 1,black,g1b1,-100.0,-1.0,0,0,8,illegal,piece_movement,
movement_0475,movement_0475,movement,validation,synthetic_movement_0475,4k3/8/8/8/8/8/8/4K1n1 b - - 0 1,black,g1c1,-100.0,-1.0,0,0,8,illegal,piece_movement,
movement_0475,movement_0475,movement,validation,synthetic_movement_0475,4k3/8/8/8/8/8/8/4K1n1 b - - 0 1,black,g1d1,-100.0,-1.0,0,0,8,illegal,piece_movement,
movement_0475,movement_0475,movement,validation,synthetic_movement_0475,4k3/8/8/8/8/8/8/4K1n1 b - - 0 1,black,g1e1,-100.0,-1.0,0,0,8,illegal,piece_movement,
movement_0476,movement_0476,movement,validation,synthetic_movement_0476,4k3/8/1b6/8/8/8/8/4K3 b - - 0 1,black,b6a5,100.0,1.0,1,1,14,legal,piece_movement,
movement_0476,movement_0476,movement,validation,synthetic_movement_0476,4k3/8/1b6/8/8/8/8/4K3 b - - 0 1,black,b6a7,100.0,1.0,1,1,14,legal,piece_movement,
movement_0476,movement_0476,movement,validation,synthetic_movement_0476,4k3/8/1b6/8/8/8/8/4K3 b - - 0 1,black,b6c5,100.0,1.0,1,1,14,legal,piece_movement,
movement_0476,movement_0476,movement,validation,synthetic_movement_0476,4k3/8/1b6/8/8/8/8/4K3 b - - 0 1,black,b6c7,100.0,1.0,1,1,14,legal,piece_movement,
movement_0476,movement_0476,movement,validation,synthetic_movement_0476,4k3/8/1b6/8/8/8/8/4K3 b - - 0 1,black,b6d4,100.0,1.0,1,1,14,legal,piece_movement,
movement_0476,movement_0476,movement,validation,synthetic_movement_0476,4k3/8/1b6/8/8/8/8/4K3 b - - 0 1,black,b6a1,-100.0,-1.0,0,0,14,illegal,piece_movement,
movement_0476,movement_0476,movement,validation,synthetic_movement_0476,4k3/8/1b6/8/8/8/8/4K3 b - - 0 1,black,b6b1,-100.0,-1.0,0,0,14,illegal,piece_movement,
movement_0476,movement_0476,movement,validation,synthetic_movement_0476,4k3/8/1b6/8/8/8/8/4K3 b - - 0 1,black,b6c1,-100.0,-1.0,0,0,14,illegal,piece_movement,
movement_0476,movement_0476,movement,validation,synthetic_movement_0476,4k3/8/1b6/8/8/8/8/4K3 b - - 0 1,black,b6d1,-100.0,-1.0,0,0,14,illegal,piece_movement,
movement_0476,movement_0476,movement,validation,synthetic_movement_0476,4k3/8/1b6/8/8/8/8/4K3 b - - 0 1,black,b6e1,-100.0,-1.0,0,0,14,illegal,piece_movement,
movement_0477,movement_0477,movement,validation,synthetic_movement_0477,4k3/8/8/8/5r2/8/8/4K3 b - - 0 1,black,f4a4,100.0,1.0,1,1,19,legal,piece_movement,
movement_0477,movement_0477,movement,validation,synthetic_movement_0477,4k3/8/8/8/5r2/8/8/4K3 b - - 0 1,black,f4b4,100.0,1.0,1,1,19,legal,piece_movement,
movement_0477,movement_0477,movement,validation,synthetic_movement_0477,4k3/8/8/8/5r2/8/8/4K3 b - - 0 1,black,f4c4,100.0,1.0,1,1,19,legal,piece_movement,
movement_0477,movement_0477,movement,validation,synthetic_movement_0477,4k3/8/8/8/5r2/8/8/4K3 b - - 0 1,black,f4d4,100.0,1.0,1,1,19,legal,piece_movement,
movement_0477,movement_0477,movement,validation,synthetic_movement_0477,4k3/8/8/8/5r2/8/8/4K3 b - - 0 1,black,f4e4,100.0,1.0,1,1,19,legal,piece_movement,
movement_0477,movement_0477,movement,validation,synthetic_movement_0477,4k3/8/8/8/5r2/8/8/4K3 b - - 0 1,black,f4a1,-100.0,-1.0,0,0,19,illegal,piece_movement,
movement_0477,movement_0477,movement,validation,synthetic_movement_0477,4k3/8/8/8/5r2/8/8/4K3 b - - 0 1,black,f4b1,-100.0,-1.0,0,0,19,illegal,piece_movement,
movement_0477,movement_0477,movement,validation,synthetic_movement_0477,4k3/8/8/8/5r2/8/8/4K3 b - - 0 1,black,f4c1,-100.0,-1.0,0,0,19,illegal,piece_movement,
movement_0477,movement_0477,movement,validation,synthetic_movement_0477,4k3/8/8/8/5r2/8/8/4K3 b - - 0 1,black,f4d1,-100.0,-1.0,0,0,19,illegal,piece_movement,
movement_0477,movement_0477,movement,validation,synthetic_movement_0477,4k3/8/8/8/5r2/8/8/4K3 b - - 0 1,black,f4e1,-100.0,-1.0,0,0,19,illegal,piece_movement,
movement_0478,movement_0478,movement,validation,synthetic_movement_0478,4k3/3q4/8/8/8/8/8/4K3 b - - 0 1,black,d7a4,100.0,1.0,1,1,26,legal,piece_movement,
movement_0478,movement_0478,movement,validation,synthetic_movement_0478,4k3/3q4/8/8/8/8/8/4K3 b - - 0 1,black,d7a7,100.0,1.0,1,1,26,legal,piece_movement,
movement_0478,movement_0478,movement,validation,synthetic_movement_0478,4k3/3q4/8/8/8/8/8/4K3 b - - 0 1,black,d7b5,100.0,1.0,1,1,26,legal,piece_movement,
movement_0478,movement_0478,movement,validation,synthetic_movement_0478,4k3/3q4/8/8/8/8/8/4K3 b - - 0 1,black,d7b7,100.0,1.0,1,1,26,legal,piece_movement,
movement_0478,movement_0478,movement,validation,synthetic_movement_0478,4k3/3q4/8/8/8/8/8/4K3 b - - 0 1,black,d7c6,100.0,1.0,1,1,26,legal,piece_movement,
movement_0478,movement_0478,movement,validation,synthetic_movement_0478,4k3/3q4/8/8/8/8/8/4K3 b - - 0 1,black,d7a1,-100.0,-1.0,0,0,26,illegal,piece_movement,
movement_0478,movement_0478,movement,validation,synthetic_movement_0478,4k3/3q4/8/8/8/8/8/4K3 b - - 0 1,black,d7b1,-100.0,-1.0,0,0,26,illegal,piece_movement,
movement_0478,movement_0478,movement,validation,synthetic_movement_0478,4k3/3q4/8/8/8/8/8/4K3 b - - 0 1,black,d7c1,-100.0,-1.0,0,0,26,illegal,piece_movement,
movement_0478,movement_0478,movement,validation,synthetic_movement_0478,4k3/3q4/8/8/8/8/8/4K3 b - - 0 1,black,d7e1,-100.0,-1.0,0,0,26,illegal,piece_movement,
movement_0478,movement_0478,movement,validation,synthetic_movement_0478,4k3/3q4/8/8/8/8/8/4K3 b - - 0 1,black,d7f1,-100.0,-1.0,0,0,26,illegal,piece_movement,
movement_0479,movement_0479,movement,validation,synthetic_movement_0479,4k3/8/8/8/8/2k5/8/4K3 b - - 0 1,black,c3b2,100.0,1.0,1,1,13,legal,piece_movement,
movement_0479,movement_0479,movement,validation,synthetic_movement_0479,4k3/8/8/8/8/2k5/8/4K3 b - - 0 1,black,c3b3,100.0,1.0,1,1,13,legal,piece_movement,
movement_0479,movement_0479,movement,validation,synthetic_movement_0479,4k3/8/8/8/8/2k5/8/4K3 b - - 0 1,black,c3b4,100.0,1.0,1,1,13,legal,piece_movement,
movement_0479,movement_0479,movement,validation,synthetic_movement_0479,4k3/8/8/8/8/2k5/8/4K3 b - - 0 1,black,c3c2,100.0,1.0,1,1,13,legal,piece_movement,
movement_0479,movement_0479,movement,validation,synthetic_movement_0479,4k3/8/8/8/8/2k5/8/4K3 b - - 0 1,black,c3c4,100.0,1.0,1,1,13,legal,piece_movement,
movement_0479,movement_0479,movement,validation,synthetic_movement_0479,4k3/8/8/8/8/2k5/8/4K3 b - - 0 1,black,c3a1,-100.0,-1.0,0,0,13,illegal,piece_movement,
movement_0479,movement_0479,movement,validation,synthetic_movement_0479,4k3/8/8/8/8/2k5/8/4K3 b - - 0 1,black,c3b1,-100.0,-1.0,0,0,13,illegal,piece_movement,
movement_0479,movement_0479,movement,validation,synthetic_movement_0479,4k3/8/8/8/8/2k5/8/4K3 b - - 0 1,black,c3c1,-100.0,-1.0,0,0,13,illegal,piece_movement,
movement_0479,movement_0479,movement,validation,synthetic_movement_0479,4k3/8/8/8/8/2k5/8/4K3 b - - 0 1,black,c3d1,-100.0,-1.0,0,0,13,illegal,piece_movement,
movement_0479,movement_0479,movement,validation,synthetic_movement_0479,4k3/8/8/8/8/2k5/8/4K3 b - - 0 1,black,c3e1,-100.0,-1.0,0,0,13,illegal,piece_movement,
