position_id,lesson_id,stage,split,source_game_id,fen,side_to_move,move_uci,teacher_cp,teacher_target,is_best,is_positive,legal_move_count,candidate_type,motif,mate_distance,movement_piece,blocker_present
4226,tactics_0000,tactics,train,generated_0084,r1b1kbnr/p1p1pppp/n2q4/1pNp4/4P3/1P4P1/P1PP1P1P/RNBQKB1R b KQkq - 0 7,black,a6c5,270.0,0.5882592563981054,1,,37,teacher_candidate,tactics,,,
4226,tactics_0000,tactics,train,generated_0084,r1b1kbnr/p1p1pppp/n2q4/1pNp4/4P3/1P4P1/P1PP1P1P/RNBQKB1R b KQkq - 0 7,black,d6c5,268.0,0.5849798828807288,0,,37,teacher_candidate,tactics,,,
4226,tactics_0000,tactics,train,generated_0084,r1b1kbnr/p1p1pppp/n2q4/1pNp4/4P3/1P4P1/P1PP1P1P/RNBQKB1R b KQkq - 0 7,black,c7c6,15.0,0.0374824317570704,0,,37,teacher_candidate,tactics,,,
4226,tactics_0000,tactics,train,generated_0084,r1b1kbnr/p1p1pppp/n2q4/1pNp4/4P3/1P4P1/P1PP1P1P/RNBQKB1R b KQkq - 0 7,black,h7h6,-161.0,-0.3820860248314457,0,,37,teacher_candidate,tactics,,,
4226,tactics_0000,tactics,train,generated_0084,r1b1kbnr/p1p1pppp/n2q4/1pNp4/4P3/1P4P1/P1PP1P1P/RNBQKB1R b KQkq - 0 7,black,d6d8,-989.0,-0.9858628121060774,0,,37,teacher_candidate,tactics,,,
2042,tactics_0001,tactics,train,generated_0040,r1bqkb1r/p2pp1pp/np5n/2p2p2/1P2P2P/B2P4/PNP1BPP1/R2QK1NR b KQq - 0 9,black,c5b4,257.0,0.5665993699780818,1,,22,teacher_candidate,tactics,,,
2042,tactics_0001,tactics,train,generated_0040,r1bqkb1r/p2pp1pp/np5n/2p2p2/1P2P2P/B2P4/PNP1BPP1/R2QK1NR b KQq - 0 9,black,e7e5,66.0,0.1635187536836725,0,,22,teacher_candidate,tactics,,,
2042,tactics_0001,tactics,train,generated_0040,r1bqkb1r/p2pp1pp/np5n/2p2p2/1P2P2P/B2P4/PNP1BPP1/R2QK1NR b KQq - 0 9,black,a6b4,65.0,0.1610846096413192,0,,22,teacher_candidate,tactics,,,
2042,tactics_0001,tactics,train,generated_0040,r1bqkb1r/p2pp1pp/np5n/2p2p2/1P2P2P/B2P4/PNP1BPP1/R2QK1NR b KQq - 0 9,black,d7d5,-73.0,-0.1805005038603668,0,,22,teacher_candidate,tactics,,,
2042,tactics_0001,tactics,train,generated_0040,r1bqkb1r/p2pp1pp/np5n/2p2p2/1P2P2P/B2P4/PNP1BPP1/R2QK1NR b KQq - 0 9,black,g7g5,-254.0,-0.5614854958242566,0,,22,teacher_candidate,tactics,,,
2849,tactics_0002,tactics,train,generated_0056,rnqk1bnr/4p1pp/b2p1p2/ppp4Q/P3P1P1/2P1R3/1P1P1P1P/1NB1KBNR w K - 0 9,white,a4b5,205.0,0.4718907878542969,1,,41,teacher_candidate,tactics,,,
2849,tactics_0002,tactics,train,generated_0056,rnqk1bnr/4p1pp/b2p1p2/ppp4Q/P3P1P1/2P1R3/1P1P1P1P/1NB1KBNR w K - 0 9,white,f1b5,164.0,0.388472680216061,0,,41,teacher_candidate,tactics,,,
2849,tactics_0002,tactics,train,generated_0056,rnqk1bnr/4p1pp/b2p1p2/ppp4Q/P3P1P1/2P1R3/1P1P1P1P/1NB1KBNR w K - 0 9,white,h5f7,127.0,0.307244661799008,0,,41,teacher_candidate,tactics,,,
2849,tactics_0002,tactics,train,generated_0056,rnqk1bnr/4p1pp/b2p1p2/ppp4Q/P3P1P1/2P1R3/1P1P1P1P/1NB1KBNR w K - 0 9,white,f1d3,-85.0,-0.2093581694280187,0,,41,teacher_candidate,tactics,,,
2849,tactics_0002,tactics,train,generated_0056,rnqk1bnr/4p1pp/b2p1p2/ppp4Q/P3P1P1/2P1R3/1P1P1P1P/1NB1KBNR w K - 0 9,white,h5h6,-1103.0,-0.9919804315230544,0,,41,teacher_candidate,tactics,,,
939,tactics_0003,tactics,train,generated_0018,1nbqkbnr/2pppp1p/3r4/1p4p1/8/Np2PN2/PBPPBPPP/R1Q1K1R1 b Qk - 1 9,black,g8f6,-356.0,-0.7113937318189625,1,,31,teacher_candidate,tactics,,,
939,tactics_0003,tactics,train,generated_0018,1nbqkbnr/2pppp1p/3r4/1p4p1/8/Np2PN2/PBPPBPPP/R1Q1K1R1 b Qk - 1 9,black,b3c2,-368.0,-0.7258974148490807,0,,31,teacher_candidate,tactics,,,
939,tactics_0003,tactics,train,generated_0018,1nbqkbnr/2pppp1p/3r4/1p4p1/8/Np2PN2/PBPPBPPP/R1Q1K1R1 b Qk - 1 9,black,e7e5,-422.0,-0.7837426664759929,0,,31,teacher_candidate,tactics,,,
939,tactics_0003,tactics,train,generated_0018,1nbqkbnr/2pppp1p/3r4/1p4p1/8/Np2PN2/PBPPBPPP/R1Q1K1R1 b Qk - 1 9,black,h7h6,-724.0,-0.947831849707234,0,,31,teacher_candidate,tactics,,,
939,tactics_0003,tactics,train,generated_0018,1nbqkbnr/2pppp1p/3r4/1p4p1/8/Np2PN2/PBPPBPPP/R1Q1K1R1 b Qk - 1 9,black,d6d2,-1016.0,-0.9876370782167776,0,,31,teacher_candidate,tactics,,,
203,tactics_0004,tactics,train,generated_0004,1n1qkbnr/3bpp1p/p1Np2p1/8/2p3P1/4P2P/PPPP1P2/1RBQKBNR w Kk - 0 9,white,c6d4,946.0,0.982501507854706,1,,31,teacher_candidate,tactics,,,
203,tactics_0004,tactics,train,generated_0004,1n1qkbnr/3bpp1p/p1Np2p1/8/2p3P1/4P2P/PPPP1P2/1RBQKBNR w Kk - 0 9,white,c6b4,934.0,0.9814295085966688,0,,31,teacher_candidate,tactics,,,
203,tactics_0004,tactics,train,generated_0004,1n1qkbnr/3bpp1p/p1Np2p1/8/2p3P1/4P2P/PPPP1P2/1RBQKBNR w Kk - 0 9,white,c6d8,818.0,0.9670727104726874,0,,31,teacher_candidate,tactics,,,
203,tactics_0004,tactics,train,generated_0004,1n1qkbnr/3bpp1p/p1Np2p1/8/2p3P1/4P2P/PPPP1P2/1RBQKBNR w Kk - 0 9,white,e3e4,424.0,0.7856638590269437,0,,31,teacher_candidate,tactics,,,
203,tactics_0004,tactics,train,generated_0004,1n1qkbnr/3bpp1p/p1Np2p1/8/2p3P1/4P2P/PPPP1P2/1RBQKBNR w Kk - 0 9,white,f1d3,-185.0,-0.4321195876314196,0,,31,teacher_candidate,tactics,,,
2630,tactics_0005,tactics,train,generated_0052,rnbqkbnr/3pp2p/6p1/ppp2p2/2P2P2/1P2P2N/P1QP2PP/RNBK1B1R b kq - 0 7,black,f8g7,141.0,0.338590805554892,1,,23,teacher_candidate,tactics,,,
2630,tactics_0005,tactics,train,generated_0052,rnbqkbnr/3pp2p/6p1/ppp2p2/2P2P2/1P2P2N/P1QP2PP/RNBK1B1R b kq - 0 7,black,b5b4,38.0,0.0947152362861785,0,,23,teacher_candidate,tactics,,,
2630,tactics_0005,tactics,train,generated_0052,rnbqkbnr/3pp2p/6p1/ppp2p2/2P2P2/1P2P2N/P1QP2PP/RNBK1B1R b kq - 0 7,black,b5c4,-49.0,-0.1218909006494324,0,,23,teacher_candidate,tactics,,,
2630,tactics_0005,tactics,train,generated_0052,rnbqkbnr/3pp2p/6p1/ppp2p2/2P2P2/1P2P2N/P1QP2PP/RNBK1B1R b kq - 0 7,black,e7e5,-210.0,-0.481549798364308,0,,23,teacher_candidate,tactics,,,
2630,tactics_0005,tactics,train,generated_0052,rnbqkbnr/3pp2p/6p1/ppp2p2/2P2P2/1P2P2N/P1QP2PP/RNBK1B1R b kq - 0 7,black,g6g5,-546.0,-0.877547674360184,0,,23,teacher_candidate,tactics,,,
1516,tactics_0006,tactics,train,generated_0030,r1bqkbnr/1ppn2pp/3p4/4pp2/pP4P1/4PP1B/P1PP1K1P/RNBQ2NR w kq - 0 9,white,g4f5,-122.0,-0.2958816041613004,1,,25,teacher_candidate,tactics,,,
1516,tactics_0006,tactics,train,generated_0030,r1bqkbnr/1ppn2pp/3p4/4pp2/pP4P1/4PP1B/P1PP1K1P/RNBQ2NR w kq - 0 9,white,b1c3,-146.0,-0.349610545164627,0,,25,teacher_candidate,tactics,,,
1516,tactics_0006,tactics,train,generated_0030,r1bqkbnr/1ppn2pp/3p4/4pp2/pP4P1/4PP1B/P1PP1K1P/RNBQ2NR w kq - 0 9,white,d2d4,-189.0,-0.4402170536009829,0,,25,teacher_candidate,tactics,,,
1516,tactics_0006,tactics,train,generated_0030,r1bqkbnr/1ppn2pp/3p4/4pp2/pP4P1/4PP1B/P1PP1K1P/RNBQ2NR w kq - 0 9,white,b1a3,-261.0,-0.5733505443682791,0,,25,teacher_candidate,tactics,,,
1516,tactics_0006,tactics,train,generated_0030,r1bqkbnr/1ppn2pp/3p4/4pp2/pP4P1/4PP1B/P1PP1K1P/RNBQ2NR w kq - 0 9,white,h3f1,-428.0,-0.7894612209549805,0,,25,teacher_candidate,tactics,,,
3909,tactics_0007,tactics,train,generated_0078,rnbqk1n1/p2p2pr/2p1p2p/1pb5/5B1P/PP1P1N1R/2PNPPP1/R2QKB2 w Qq - 3 10,white,d3d4,721.0,0.9470642968810792,1,,35,teacher_candidate,tactics,,,
3909,tactics_0007,tactics,train,generated_0078,rnbqk1n1/p2p2pr/2p1p2p/1pb5/5B1P/PP1P1N1R/2PNPPP1/R2QKB2 w Qq - 3 10,white,d2e4,654.0,0.9267703434510204,0,,35,teacher_candidate,tactics,,,
3909,tactics_0007,tactics,train,generated_0078,rnbqk1n1/p2p2pr/2p1p2p/1pb5/5B1P/PP1P1N1R/2PNPPP1/R2QKB2 w Qq - 3 10,white,e2e4,579.0,0.8951974297716623,0,,35,teacher_candidate,tactics,,,
3909,tactics_0007,tactics,train,generated_0078,rnbqk1n1/p2p2pr/2p1p2p/1pb5/5B1P/PP1P1N1R/2PNPPP1/R2QKB2 w Qq - 3 10,white,g2g3,461.0,0.8185805822252497,0,,35,teacher_candidate,tactics,,,
3909,tactics_0007,tactics,train,generated_0078,rnbqk1n1/p2p2pr/2p1p2p/1pb5/5B1P/PP1P1N1R/2PNPPP1/R2QKB2 w Qq - 3 10,white,f4d6,-96.0,-0.2354957495384979,0,,35,teacher_candidate,tactics,,,
2330,tactics_0008,tactics,train,generated_0046,rnbqk1nr/3p3p/p1pb1p2/1P2p1P1/2p1P3/2N4R/P2P1PP1/R1BQKBN1 b Qkq - 0 10,black,a6b5,-69.0,-0.1708091382589301,1,,25,teacher_candidate,tactics,,,
2330,tactics_0008,tactics,train,generated_0046,rnbqk1nr/3p3p/p1pb1p2/1P2p1P1/2p1P3/2N4R/P2P1PP1/R1BQKBN1 b Qkq - 0 10,black,f6g5,-277.0,-0.5995856436014414,0,,25,teacher_candidate,tactics,,,
2330,tactics_0008,tactics,train,generated_0046,rnbqk1nr/3p3p/p1pb1p2/1P2p1P1/2p1P3/2N4R/P2P1PP1/R1BQKBN1 b Qkq - 0 10,black,c6b5,-370.0,-0.7282542059818115,0,,25,teacher_candidate,tactics,,,
2330,tactics_0008,tactics,train,generated_0046,rnbqk1nr/3p3p/p1pb1p2/1P2p1P1/2p1P3/2N4R/P2P1PP1/R1BQKBN1 b Qkq - 0 10,black,c8b7,-629.0,-0.9174225103797896,0,,25,teacher_candidate,tactics,,,
2330,tactics_0008,tactics,train,generated_0046,rnbqk1nr/3p3p/p1pb1p2/1P2p1P1/2p1P3/2N4R/P2P1PP1/R1BQKBN1 b Qkq - 0 10,black,d6a3,-1091.0,-0.9914866400015664,0,,25,teacher_candidate,tactics,,,
2234,tactics_0009,tactics,train,generated_0044,1nbqkb1r/1pp2p1p/r2p2p1/p3Q3/2P5/3PPNP1/PP2KPP1/RNB2B1R b k - 0 9,black,d6e5,944.0,0.9823271990787844,1,,5,teacher_candidate,tactics,,,
2234,tactics_0009,tactics,train,generated_0044,1nbqkb1r/1pp2p1p/r2p2p1/p3Q3/2P5/3PPNP1/PP2KPP1/RNB2B1R b k - 0 9,black,c8e6,-434.0,-0.7950459331118053,0,,5,teacher_candidate,tactics,,,
2234,tactics_0009,tactics,train,generated_0044,1nbqkb1r/1pp2p1p/r2p2p1/p3Q3/2P5/3PPNP1/PP2KPP1/RNB2B1R b k - 0 9,black,d8e7,-923.0,-0.9803898168165917,0,,5,teacher_candidate,tactics,,,
2234,tactics_0009,tactics,train,generated_0044,1nbqkb1r/1pp2p1p/r2p2p1/p3Q3/2P5/3PPNP1/PP2KPP1/RNB2B1R b k - 0 9,black,f8e7,-1131.0,-0.9930244680006496,0,,5,teacher_candidate,tactics,,,
2342,tactics_0010,tactics,train,generated_0046,rnbqk2r/2ppnppp/1p6/p7/PPB1p3/N3PN2/2PP1PPP/R1BQK2R b KQkq - 1 7,black,d7d5,-123.0,-0.2981610484891466,1,,28,teacher_candidate,tactics,,,
2342,tactics_0010,tactics,train,generated_0046,rnbqk2r/2ppnppp/1p6/p7/PPB1p3/N3PN2/2PP1PPP/R1BQK2R b KQkq - 1 7,black,a5b4,-124.0,-0.3004370971476541,0,,28,teacher_candidate,tactics,,,
2342,tactics_0010,tactics,train,generated_0046,rnbqk2r/2ppnppp/1p6/p7/PPB1p3/N3PN2/2PP1PPP/R1BQK2R b KQkq - 1 7,black,e4f3,-414.0,-0.7759059228860193,0,,28,teacher_candidate,tactics,,,
2342,tactics_0010,tactics,train,generated_0046,rnbqk2r/2ppnppp/1p6/p7/PPB1p3/N3PN2/2PP1PPP/R1BQK2R b KQkq - 1 7,black,c8a6,-741.0,-0.9519808468695424,0,,28,teacher_candidate,tactics,,,
2342,tactics_0010,tactics,train,generated_0046,rnbqk2r/2ppnppp/1p6/p7/PPB1p3/N3PN2/2PP1PPP/R1BQK2R b KQkq - 1 7,black,g7g5,-875.0,-0.9751366982936284,0,,28,teacher_candidate,tactics,,,
4786,tactics_0011,tactics,train,generated_0095,rnbqkbnr/p1pppp2/7p/1p6/P3N1p1/1P1P1PK1/2P1P1PP/R1BQ1BNR b kq - 1 8,black,d7d5,392.0,0.753065904869552,1,,21,teacher_candidate,tactics,,,
4786,tactics_0011,tactics,train,generated_0095,rnbqkbnr/p1pppp2/7p/1p6/P3N1p1/1P1P1PK1/2P1P1PP/R1BQ1BNR b kq - 1 8,black,f7f5,214.0,0.4891938316549519,0,,21,teacher_candidate,tactics,,,
4786,tactics_0011,tactics,train,generated_0095,rnbqkbnr/p1pppp2/7p/1p6/P3N1p1/1P1P1PK1/2P1P1PP/R1BQ1BNR b kq - 1 8,black,f8g7,138.0,0.3319338535036404,0,,21,teacher_candidate,tactics,,,
4786,tactics_0011,tactics,train,generated_0095,rnbqkbnr/p1pppp2/7p/1p6/P3N1p1/1P1P1PK1/2P1P1PP/R1BQ1BNR b kq - 1 8,black,a7a6,28.0,0.0698858903164289,0,,21,teacher_candidate,tactics,,,
4786,tactics_0011,tactics,train,generated_0095,rnbqkbnr/p1pppp2/7p/1p6/P3N1p1/1P1P1PK1/2P1P1PP/R1BQ1BNR b kq - 1 8,black,f7f6,-167.0,-0.3948222287917645,0,,21,teacher_candidate,tactics,,,
2380,tactics_0012,tactics,train,generated_0047,rn2kbn1/p1q1p3/Bpp2p1r/3p2pp/3P4/1PN1PNP1/P1P2P1P/R1BQ1KR1 b q - 0 10,black,b8a6,-63.0,-0.1562104657686182,1,,24,teacher_candidate,tactics,,,
2380,tactics_0012,tactics,train,generated_0047,rn2kbn1/p1q1p3/Bpp2p1r/3p2pp/3P4/1PN1PNP1/P1P2P1P/R1BQ1KR1 b q - 0 10,black,b6b5,-136.0,-0.3274773948087053,0,,24,teacher_candidate,tactics,,,
2380,tactics_0012,tactics,train,generated_0047,rn2kbn1/p1q1p3/Bpp2p1r/3p2pp/3P4/1PN1PNP1/P1P2P1P/R1BQ1KR1 b q - 0 10,black,g5g4,-522.0,-0.8630047925513478,0,,24,teacher_candidate,tactics,,,
2380,tactics_0012,tactics,train,generated_0047,rn2kbn1/p1q1p3/Bpp2p1r/3p2pp/3P4/1PN1PNP1/P1P2P1P/R1BQ1KR1 b q - 0 10,black,h5h4,-832.0,-0.9692645888694488,0,,24,teacher_candidate,tactics,,,
2380,tactics_0012,tactics,train,generated_0047,rn2kbn1/p1q1p3/Bpp2p1r/3p2pp/3P4/1PN1PNP1/P1P2P1P/R1BQ1KR1 b q - 0 10,black,c7b7,-1081.0,-0.9910521035311404,0,,24,teacher_candidate,tactics,,,
3481,tactics_0013,tactics,train,generated_0069,rn1qkb1r/pbpp1ppp/1p2pn2/1N6/PP4P1/5P2/2PPP2P/R1BQKBNR b KQkq - 2 8,black,f6g4,386.0,0.7464988397557184,1,,32,teacher_candidate,tactics,,,
3481,tactics_0013,tactics,train,generated_0069,rn1qkb1r/pbpp1ppp/1p2pn2/1N6/PP4P1/5P2/2PPP2P/R1BQKBNR b KQkq - 2 8,black,f8b4,310.0,0.6498274636719203,0,,32,teacher_candidate,tactics,,,
3481,tactics_0013,tactics,train,generated_0069,rn1qkb1r/pbpp1ppp/1p2pn2/1N6/PP4P1/5P2/2PPP2P/R1BQKBNR b KQkq - 2 8,black,a7a6,305.0,0.642547152682299,0,,32,teacher_candidate,tactics,,,
3481,tactics_0013,tactics,train,generated_0069,rn1qkb1r/pbpp1ppp/1p2pn2/1N6/PP4P1/5P2/2PPP2P/R1BQKBNR b KQkq - 2 8,black,f6g8,123.0,0.2981610484891466,0,,32,teacher_candidate,tactics,,,
3481,tactics_0013,tactics,train,generated_0069,rn1qkb1r/pbpp1ppp/1p2pn2/1N6/PP4P1/5P2/2PPP2P/R1BQKBNR b KQkq - 2 8,black,f8c5,-269.0,-0.5866219743251164,0,,32,teacher_candidate,tactics,,,
357,tactics_0014,tactics,train,generated_0007,2bqkbnr/1p1nppp1/r2p4/pPp4p/3P4/P3PP2/2P2KPP/RNBQ1BNR b k - 2 7,black,a6a8,8.0,0.0199973337599309,1,,26,teacher_candidate,tactics,,,
357,tactics_0014,tactics,train,generated_0007,2bqkbnr/1p1nppp1/r2p4/pPp4p/3P4/P3PP2/2P2KPP/RNBQ1BNR b k - 2 7,black,a6a7,5.0,0.0124993489990208,0,,26,teacher_candidate,tactics,,,
357,tactics_0014,tactics,train,generated_0007,2bqkbnr/1p1nppp1/r2p4/pPp4p/3P4/P3PP2/2P2KPP/RNBQ1BNR b k - 2 7,black,a6b6,-89.0,-0.2188995672566503,0,,26,teacher_candidate,tactics,,,
357,tactics_0014,tactics,train,generated_0007,2bqkbnr/1p1nppp1/r2p4/pPp4p/3P4/P3PP2/2P2KPP/RNBQ1BNR b k - 2 7,black,d7b6,-765.0,-0.9572948876779588,0,,26,teacher_candidate,tactics,,,
357,tactics_0014,tactics,train,generated_0007,2bqkbnr/1p1nppp1/r2p4/pPp4p/3P4/P3PP2/2P2KPP/RNBQ1BNR b k - 2 7,black,f7f6,-908.0,-0.9788786239267536,0,,26,teacher_candidate,tactics,,,
2522,tactics_0015,tactics,train,generated_0050,r1bqk2r/p1pp1p1p/np1Rp3/2P3p1/P3n3/5N2/1P1PPPPP/1NBQKB1R w Kkq - 3 9,white,d6d4,726.0,0.948337522950672,1,,29,teacher_candidate,tactics,,,
2522,tactics_0015,tactics,train,generated_0050,r1bqk2r/p1pp1p1p/np1Rp3/2P3p1/P3n3/5N2/1P1PPPPP/1NBQKB1R w Kkq - 3 9,white,d6d3,479.0,0.8328904660394908,0,,29,teacher_candidate,tactics,,,
2522,tactics_0015,tactics,train,generated_0050,r1bqk2r/p1pp1p1p/np1Rp3/2P3p1/P3n3/5N2/1P1PPPPP/1NBQKB1R w Kkq - 3 9,white,f3g5,347.0,0.7001017166719224,0,,29,teacher_candidate,tactics,,,
2522,tactics_0015,tactics,train,generated_0050,r1bqk2r/p1pp1p1p/np1Rp3/2P3p1/P3n3/5N2/1P1PPPPP/1NBQKB1R w Kkq - 3 9,white,g2g3,-6.0,-0.0149988751012407,0,,29,teacher_candidate,tactics,,,
2522,tactics_0015,tactics,train,generated_0050,r1bqk2r/p1pp1p1p/np1Rp3/2P3p1/P3n3/5N2/1P1PPPPP/1NBQKB1R w Kkq - 3 9,white,f3h4,-219.0,-0.4986441688103595,0,,29,teacher_candidate,tactics,,,
537,tactics_0016,tactics,train,generated_0010,rnbqk1r1/pp1p1p2/3bpn1p/6p1/3p1P2/NP1KP3/P1P3PP/R1B1QBNR b q - 3 10,black,d4e3,542.0,0.8752282972400112,1,,34,teacher_candidate,tactics,,,
537,tactics_0016,tactics,train,generated_0010,rnbqk1r1/pp1p1p2/3bpn1p/6p1/3p1P2/NP1KP3/P1P3PP/R1B1QBNR b q - 3 10,black,b8c6,482.0,0.8351733637441744,0,,34,teacher_candidate,tactics,,,
537,tactics_0016,tactics,train,generated_0010,rnbqk1r1/pp1p1p2/3bpn1p/6p1/3p1P2/NP1KP3/P1P3PP/R1B1QBNR b q - 3 10,black,d6e7,396.0,0.7573623242165263,0,,34,teacher_candidate,tactics,,,
537,tactics_0016,tactics,train,generated_0010,rnbqk1r1/pp1p1p2/3bpn1p/6p1/3p1P2/NP1KP3/P1P3PP/R1B1QBNR b q - 3 10,black,b7b5,224.0,0.5079774328978962,0,,34,teacher_candidate,tactics,,,
537,tactics_0016,tactics,train,generated_0010,rnbqk1r1/pp1p1p2/3bpn1p/6p1/3p1P2/NP1KP3/P1P3PP/R1B1QBNR b q - 3 10,black,d6e5,-632.0,-0.9186018928570672,0,,34,teacher_candidate,tactics,,,
572,tactics_0017,tactics,train,generated_0011,r1bqkb1r/p1ppn3/1p2p3/n4ppp/3P1P2/2P2KPB/PP2P2P/RNB1Q1NR w kq - 2 9,white,f4g5,-190.0,-0.4422303560457261,1,,25,teacher_candidate,tactics,,,
572,tactics_0017,tactics,train,generated_0011,r1bqkb1r/p1ppn3/1p2p3/n4ppp/3P1P2/2P2KPB/PP2P2P/RNB1Q1NR w kq - 2 9,white,f3f2,-266.0,-0.5816812695738734,0,,25,teacher_candidate,tactics,,,
572,tactics_0017,tactics,train,generated_0011,r1bqkb1r/p1ppn3/1p2p3/n4ppp/3P1P2/2P2KPB/PP2P2P/RNB1Q1NR w kq - 2 9,white,h3g2,-266.0,-0.5816812695738734,0,,25,teacher_candidate,tactics,,,
572,tactics_0017,tactics,train,generated_0011,r1bqkb1r/p1ppn3/1p2p3/n4ppp/3P1P2/2P2KPB/PP2P2P/RNB1Q1NR w kq - 2 9,white,c1d2,-374.0,-0.732916554933575,0,,25,teacher_candidate,tactics,,,
572,tactics_0017,tactics,train,generated_0011,r1bqkb1r/p1ppn3/1p2p3/n4ppp/3P1P2/2P2KPB/PP2P2P/RNB1Q1NR w kq - 2 9,white,g3g4,-1070.0,-0.9905485747952092,0,,25,teacher_candidate,tactics,,,
4978,tactics_0018,tactics,train,generated_0099,r2qkb1r/p1nppp1p/1p4Q1/8/7P/2P1P1nR/PP1P1Pb1/R1B1KBN1 b Qkq - 0 10,black,h7g6,705.0,0.9427815713989078,1,,36,teacher_candidate,tactics,,,
4978,tactics_0018,tactics,train,generated_0099,r2qkb1r/p1nppp1p/1p4Q1/8/7P/2P1P1nR/PP1P1Pb1/R1B1KBN1 b Qkq - 0 10,black,f7g6,632.0,0.9186018928570672,0,,36,teacher_candidate,tactics,,,
4978,tactics_0018,tactics,train,generated_0099,r2qkb1r/p1nppp1p/1p4Q1/8/7P/2P1P1nR/PP1P1Pb1/R1B1KBN1 b Qkq - 0 10,black,g2h3,419.0,0.7808325091874,0,,36,teacher_candidate,tactics,,,
4978,tactics_0018,tactics,train,generated_0099,r2qkb1r/p1nppp1p/1p4Q1/8/7P/2P1P1nR/PP1P1Pb1/R1B1KBN1 b Qkq - 0 10,black,e7e5,-79.0,-0.1949715316540321,0,,36,teacher_candidate,tactics,,,
4978,tactics_0018,tactics,train,generated_0099,r2qkb1r/p1nppp1p/1p4Q1/8/7P/2P1P1nR/PP1P1Pb1/R1B1KBN1 b Qkq - 0 10,black,f8g7,-1026.0,-0.9882364786381572,0,,36,teacher_candidate,tactics,,,
3356,tactics_0019,tactics,train,generated_0067,r1bqkbn1/1pppp1pr/p4p1p/6P1/Q1PP4/N3P3/nP3P1P/R1B1KBNR b KQq - 0 8,black,a2c1,70.0,0.1732351578346601,1,,19,teacher_candidate,tactics,,,
3356,tactics_0019,tactics,train,generated_0067,r1bqkbn1/1pppp1pr/p4p1p/6P1/Q1PP4/N3P3/nP3P1P/R1B1KBNR b KQq - 0 8,black,c7c6,-175.0,-0.4115700556740224,0,,19,teacher_candidate,tactics,,,
3356,tactics_0019,tactics,train,generated_0067,r1bqkbn1/1pppp1pr/p4p1p/6P1/Q1PP4/N3P3/nP3P1P/R1B1KBNR b KQq - 0 8,black,b7b5,-204.0,-0.4699451989330376,0,,19,teacher_candidate,tactics,,,
3356,tactics_0019,tactics,train,generated_0067,r1bqkbn1/1pppp1pr/p4p1p/6P1/Q1PP4/N3P3/nP3P1P/R1B1KBNR b KQq - 0 8,black,e7e6,-360.0,-0.7162978701990244,0,,19,teacher_candidate,tactics,,,
3356,tactics_0019,tactics,train,generated_0067,r1bqkbn1/1pppp1pr/p4p1p/6P1/Q1PP4/N3P3/nP3P1P/R1B1KBNR b KQq - 0 8,black,h6h5,-616.0,-0.9121203692077172,0,,19,teacher_candidate,tactics,,,
331,tactics_0020,tactics,train,generated_0006,rnb1kbnr/p2qpppp/8/1PPp4/2P4P/5P2/3PP1P1/RNBQKBNR b KQkq - 0 7,black,d5c4,-485.0,-0.8374278407728539,1,,29,teacher_candidate,tactics,,,
331,tactics_0020,tactics,train,generated_0006,rnb1kbnr/p2qpppp/8/1PPp4/2P4P/5P2/3PP1P1/RNBQKBNR b KQkq - 0 7,black,d5d4,-595.0,-0.9028636912994878,0,,29,teacher_candidate,tactics,,,
331,tactics_0020,tactics,train,generated_0006,rnb1kbnr/p2qpppp/8/1PPp4/2P4P/5P2/3PP1P1/RNBQKBNR b KQkq - 0 7,black,d7c7,-595.0,-0.9028636912994878,0,,29,teacher_candidate,tactics,,,
331,tactics_0020,tactics,train,generated_0006,rnb1kbnr/p2qpppp/8/1PPp4/2P4P/5P2/3PP1P1/RNBQKBNR b KQkq - 0 7,black,d7f5,-768.0,-0.9579173059590634,0,,29,teacher_candidate,tactics,,,
331,tactics_0020,tactics,train,generated_0006,rnb1kbnr/p2qpppp/8/1PPp4/2P4P/5P2/3PP1P1/RNBQKBNR b KQkq - 0 7,black,b8c6,-1044.0,-0.9892435056523028,0,,29,teacher_candidate,tactics,,,
1354,tactics_0021,tactics,train,generated_0027,rn2kb1r/pbqppp1n/7p/1pp3Q1/PP1P3N/2P5/R3PPPP/1NB1KB1R b Kkq - 0 9,black,h6g5,712.0,0.9446951553543538,1,,38,teacher_candidate,tactics,,,
1354,tactics_0021,tactics,train,generated_0027,rn2kb1r/pbqppp1n/7p/1pp3Q1/PP1P3N/2P5/R3PPPP/1NB1KB1R b Kkq - 0 9,black,h7g5,685.0,0.9369535544919974,0,,38,teacher_candidate,tactics,,,
1354,tactics_0021,tactics,train,generated_0027,rn2kb1r/pbqppp1n/7p/1pp3Q1/PP1P3N/2P5/R3PPPP/1NB1KB1R b Kkq - 0 9,black,a7a6,384.0,0.7442768673618373,0,,38,teacher_candidate,tactics,,,
1354,tactics_0021,tactics,train,generated_0027,rn2kb1r/pbqppp1n/7p/1pp3Q1/PP1P3N/2P5/R3PPPP/1NB1KB1R b Kkq - 0 9,black,c5c4,-351.0,-0.7051646778923848,0,,38,teacher_candidate,tactics,,,
1354,tactics_0021,tactics,train,generated_0027,rn2kb1r/pbqppp1n/7p/1pp3Q1/PP1P3N/2P5/R3PPPP/1NB1KB1R b Kkq - 0 9,black,c7f4,-959.0,-0.9835936988421032,0,,38,teacher_candidate,tactics,,,
2118,tactics_0022,tactics,train,generated_0042,r2qkbnr/pppbpp2/6p1/3p3Q/1n3P2/3PP2N/P1P3PP/RNB1KB1R w KQkq - 1 7,white,h5h8,123.0,0.2981610484891466,1,,37,teacher_candidate,tactics,,,
2118,tactics_0022,tactics,train,generated_0042,r2qkbnr/pppbpp2/6p1/3p3Q/1n3P2/3PP2N/P1P3PP/RNB1KB1R w KQkq - 1 7,white,h5e2,-176.0,-0.4136444421871351,0,,37,teacher_candidate,tactics,,,
2118,tactics_0022,tactics,train,generated_0042,r2qkbnr/pppbpp2/6p1/3p3Q/1n3P2/3PP2N/P1P3PP/RNB1KB1R w KQkq - 1 7,white,h5d1,-217.0,-0.4948780404403998,0,,37,teacher_candidate,tactics,,,
2118,tactics_0022,tactics,train,generated_0042,r2qkbnr/pppbpp2/6p1/3p3Q/1n3P2/3PP2N/P1P3PP/RNB1KB1R w KQkq - 1 7,white,c1b2,-1014.0,-0.9875136045009668,0,,37,teacher_candidate,tactics,,,
2118,tactics_0022,tactics,train,generated_0042,r2qkbnr/pppbpp2/6p1/3p3Q/1n3P2/3PP2N/P1P3PP/RNB1KB1R w KQkq - 1 7,white,h5h6,-1143.0,-0.9934293567857496,0,,37,teacher_candidate,tactics,,,
2389,tactics_0023,tactics,train,generated_0047,r2qkb1r/ppp1pppp/8/P1Pp3n/6b1/5P1N/1PP1P1PP/RNBQKB1R w KQkq - 1 7,white,f3g4,1005.0,0.9869426346161566,1,,33,teacher_candidate,tactics,,,
2389,tactics_0023,tactics,train,generated_0047,r2qkb1r/ppp1pppp/8/P1Pp3n/6b1/5P1N/1PP1P1PP/RNBQKB1R w KQkq - 1 7,white,h3f2,839.0,0.9703060253208864,0,,33,teacher_candidate,tactics,,,
2389,tactics_0023,tactics,train,generated_0047,r2qkb1r/ppp1pppp/8/P1Pp3n/6b1/5P1N/1PP1P1PP/RNBQKB1R w KQkq - 1 7,white,g2g3,800.0,0.9640275800758168,0,,33,teacher_candidate,tactics,,,
2389,tactics_0023,tactics,train,generated_0047,r2qkb1r/ppp1pppp/8/P1Pp3n/6b1/5P1N/1PP1P1PP/RNBQKB1R w KQkq - 1 7,white,h1g1,652.0,0.926061581406646,0,,33,teacher_candidate,tactics,,,
2389,tactics_0023,tactics,train,generated_0047,r2qkb1r/ppp1pppp/8/P1Pp3n/6b1/5P1N/1PP1P1PP/RNBQKB1R w KQkq - 1 7,white,d1d5,-569.0,-0.8901193004193375,0,,33,teacher_candidate,tactics,,,
847,tactics_0024,tactics,train,generated_0016,rn1qkb1r/1p2pp2/2ppbn1p/p5P1/2P5/Q7/PP1PPPP1/RNB1KBNR w Qkq - 1 8,white,g5f6,565.0,0.8880238418763566,1,,35,teacher_candidate,tactics,,,
847,tactics_0024,tactics,train,generated_0016,rn1qkb1r/1p2pp2/2ppbn1p/p5P1/2P5/Q7/PP1PPPP1/RNB1KBNR w Qkq - 1 8,white,a3f3,311.0,0.6512694287651738,0,,35,teacher_candidate,tactics,,,
847,tactics_0024,tactics,train,generated_0016,rn1qkb1r/1p2pp2/2ppbn1p/p5P1/2P5/Q7/PP1PPPP1/RNB1KBNR w Qkq - 1 8,white,e2e4,240.0,0.5370495669980353,0,,35,teacher_candidate,tactics,,,
847,tactics_0024,tactics,train,generated_0016,rn1qkb1r/1p2pp2/2ppbn1p/p5P1/2P5/Q7/PP1PPPP1/RNB1KBNR w Qkq - 1 8,white,a3a4,54.0,0.1341858099309086,0,,35,teacher_candidate,tactics,,,
847,tactics_0024,tactics,train,generated_0016,rn1qkb1r/1p2pp2/2ppbn1p/p5P1/2P5/Q7/PP1PPPP1/RNB1KBNR w Qkq - 1 8,white,h1h5,-923.0,-0.9803898168165917,0,,35,teacher_candidate,tactics,,,
4766,tactics_0025,tactics,train,generated_0095,rn1qkb1r/pb1pnpp1/1p5B/2p1p2p/2PP4/1P3P1P/P3P1P1/RN1QKBNR b KQkq - 1 9,black,h8h6,788.0,0.9618456053694836,1,,33,teacher_candidate,tactics,,,
4766,tactics_0025,tactics,train,generated_0095,rn1qkb1r/pb1pnpp1/1p5B/2p1p2p/2PP4/1P3P1P/P3P1P1/RN1QKBNR b KQkq - 1 9,black,g7h6,764.0,0.957085420564793,0,,33,teacher_candidate,tactics,,,
4766,tactics_0025,tactics,train,generated_0095,rn1qkb1r/pb1pnpp1/1p5B/2p1p2p/2PP4/1P3P1P/P3P1P1/RN1QKBNR b KQkq - 1 9,black,c5d4,678.0,0.9347810893864688,0,,33,teacher_candidate,tactics,,,
4766,tactics_0025,tactics,train,generated_0095,rn1qkb1r/pb1pnpp1/1p5B/2p1p2p/2PP4/1P3P1P/P3P1P1/RN1QKBNR b KQkq - 1 9,black,e7g6,372.0,0.7305938960959438,0,,33,teacher_candidate,tactics,,,
4766,tactics_0025,tactics,train,generated_0095,rn1qkb1r/pb1pnpp1/1p5B/2p1p2p/2PP4/1P3P1P/P3P1P1/RN1QKBNR b KQkq - 1 9,black,b7d5,-56.0,-0.139092447878458,0,,33,teacher_candidate,tactics,,,
1645,tactics_0026,tactics,train,generated_0032,rnbqkb1r/pp1ppp1p/6pn/1Pp5/2P1Q3/7N/P2PPPPP/RNB1KB1R b KQkq - 0 9,black,f8g7,194.0,0.4502389955796461,1,,20,teacher_candidate,tactics,,,
1645,tactics_0026,tactics,train,generated_0032,rnbqkb1r/pp1ppp1p/6pn/1Pp5/2P1Q3/7N/P2PPPPP/RNB1KB1R b KQkq - 0 9,black,h6f5,11.0,0.0274930698047098,0,,20,teacher_candidate,tactics,,,
1645,tactics_0026,tactics,train,generated_0032,rnbqkb1r/pp1ppp1p/6pn/1Pp5/2P1Q3/7N/P2PPPPP/RNB1KB1R b KQkq - 0 9,black,d7d6,-4.0,-0.0099996666799994,0,,20,teacher_candidate,tactics,,,
1645,tactics_0026,tactics,train,generated_0032,rnbqkb1r/pp1ppp1p/6pn/1Pp5/2P1Q3/7N/P2PPPPP/RNB1KB1R b KQkq - 0 9,black,a7a5,-122.0,-0.2958816041613004,0,,20,teacher_candidate,tactics,,,
1645,tactics_0026,tactics,train,generated_0032,rnbqkb1r/pp1ppp1p/6pn/1Pp5/2P1Q3/7N/P2PPPPP/RNB1KB1R b KQkq - 0 9,black,e7e5,-916.0,-0.9796983982280144,0,,20,teacher_candidate,tactics,,,
4018,tactics_0027,tactics,train,generated_0080,r1b1k1nr/pp1p3p/nqp3p1/P3ppN1/1bP5/7P/1P1PPPP1/RNBQKB1R w KQkq - 2 8,white,a5b6,836.0,0.9698640203788144,1,,25,teacher_candidate,tactics,,,
4018,tactics_0027,tactics,train,generated_0080,r1b1k1nr/pp1p3p/nqp3p1/P3ppN1/1bP5/7P/1P1PPPP1/RNBQKB1R w KQkq - 2 8,white,g5f7,242.0,0.5405978980932038,0,,25,teacher_candidate,tactics,,,
4018,tactics_0027,tactics,train,generated_0080,r1b1k1nr/pp1p3p/nqp3p1/P3ppN1/1bP5/7P/1P1PPPP1/RNBQKB1R w KQkq - 2 8,white,b2b3,179.0,0.4198418366689064,0,,25,teacher_candidate,tactics,,,
4018,tactics_0027,tactics,train,generated_0080,r1b1k1nr/pp1p3p/nqp3p1/P3ppN1/1bP5/7P/1P1PPPP1/RNBQKB1R w KQkq - 2 8,white,d1b3,-114.0,-0.2775263502976838,0,,25,teacher_candidate,tactics,,,
4018,tactics_0027,tactics,train,generated_0080,r1b1k1nr/pp1p3p/nqp3p1/P3ppN1/1bP5/7P/1P1PPPP1/RNBQKB1R w KQkq - 2 8,white,g5h7,-606.0,-0.9078223459254406,0,,25,teacher_candidate,tactics,,,
2414,tactics_0028,tactics,train,generated_0048,rnb1kb1r/p2p1p1p/1pp4n/q3p1p1/5B2/PP1P1P2/2PQP1PP/RN2KBNR b KQkq - 0 7,black,e5f4,767.0,0.9577108258246346,1,,35,teacher_candidate,tactics,,,
2414,tactics_0028,tactics,train,generated_0048,rnb1kb1r/p2p1p1p/1pp4n/q3p1p1/5B2/PP1P1P2/2PQP1PP/RN2KBNR b KQkq - 0 7,black,g5f4,767.0,0.9577108258246346,0,,35,teacher_candidate,tactics,,,
2414,tactics_0028,tactics,train,generated_0048,rnb1kb1r/p2p1p1p/1pp4n/q3p1p1/5B2/PP1P1P2/2PQP1PP/RN2KBNR b KQkq - 0 7,black,f8g7,578.0,0.8946997631293941,0,,35,teacher_candidate,tactics,,,
2414,tactics_0028,tactics,train,generated_0048,rnb1kb1r/p2p1p1p/1pp4n/q3p1p1/5B2/PP1P1P2/2PQP1PP/RN2KBNR b KQkq - 0 7,black,h6g4,-266.0,-0.5816812695738734,0,,35,teacher_candidate,tactics,,,
2414,tactics_0028,tactics,train,generated_0048,rnb1kb1r/p2p1p1p/1pp4n/q3p1p1/5B2/PP1P1P2/2PQP1PP/RN2KBNR b KQkq - 0 7,black,a5b4,-791.0,-0.9624029719005226,0,,35,teacher_candidate,tactics,,,
4538,tactics_0029,tactics,train,generated_0090,rnbqkb2/1p1ppppr/7n/p6p/1P1P3P/2N4N/P1P1PPPR/R1BQKB2 b Qq - 0 9,black,d8c7,67.0,0.165950908402399,1,,22,teacher_candidate,tactics,,,
4538,tactics_0029,tactics,train,generated_0090,rnbqkb2/1p1ppppr/7n/p6p/1P1P3P/2N4N/P1P1PPPR/R1BQKB2 b Qq - 0 9,black,a5b4,-53.0,-0.1317300057909633,0,,22,teacher_candidate,tactics,,,
4538,tactics_0029,tactics,train,generated_0090,rnbqkb2/1p1ppppr/7n/p6p/1P1P3P/2N4N/P1P1PPPR/R1BQKB2 b Qq - 0 9,black,h6g4,-55.0,-0.1366399669564962,0,,22,teacher_candidate,tactics,,,
4538,tactics_0029,tactics,train,generated_0090,rnbqkb2/1p1ppppr/7n/p6p/1P1P3P/2N4N/P1P1PPPR/R1BQKB2 b Qq - 0 9,black,b8c6,-291.0,-0.6215334927210111,0,,22,teacher_candidate,tactics,,,
4538,tactics_0029,tactics,train,generated_0090,rnbqkb2/1p1ppppr/7n/p6p/1P1P3P/2N4N/P1P1PPPR/R1BQKB2 b Qq - 0 9,black,f7f5,-561.0,-0.8858908348021591,0,,22,teacher_candidate,tactics,,,
488,tactics_0030,tactics,train,generated_0009,rnbk1bnr/3ppppp/p1pN4/1p6/5P2/1q2P1PP/P1PP4/R1BQKBNR w KQ - 1 10,white,d6b7,959.0,0.9835936988421032,1,,37,teacher_candidate,tactics,,,
488,tactics_0030,tactics,train,generated_0009,rnbk1bnr/3ppppp/p1pN4/1p6/5P2/1q2P1PP/P1PP4/R1BQKBNR w KQ - 1 10,white,a2b3,713.0,0.9449633989331148,0,,37,teacher_candidate,tactics,,,
488,tactics_0030,tactics,train,generated_0009,rnbk1bnr/3ppppp/p1pN4/1p6/5P2/1q2P1PP/P1PP4/R1BQKBNR w KQ - 1 10,white,c2b3,646.0,0.9238955058580158,0,,37,teacher_candidate,tactics,,,
488,tactics_0030,tactics,train,generated_0009,rnbk1bnr/3ppppp/p1pN4/1p6/5P2/1q2P1PP/P1PP4/R1BQKBNR w KQ - 1 10,white,d6f5,-61.0,-0.1513287020850988,0,,37,teacher_candidate,tactics,,,
488,tactics_0030,tactics,train,generated_0009,rnbk1bnr/3ppppp/p1pN4/1p6/5P2/1q2P1PP/P1PP4/R1BQKBNR w KQ - 1 10,white,c2c3,-760.0,-0.9562374581277392,0,,37,teacher_candidate,tactics,,,
2121,tactics_0031,tactics,train,generated_0042,r1bk1bnr/pRpn1p1p/3ppq2/8/P5pP/2PP1P2/1P2P1P1/1NBQKBNR b K - 0 10,black,c8b7,680.0,0.935409070603099,1,,35,teacher_candidate,tactics,,,
2121,tactics_0031,tactics,train,generated_0042,r1bk1bnr/pRpn1p1p/3ppq2/8/P5pP/2PP1P2/1P2P1P1/1NBQKBNR b K - 0 10,black,d7b6,279.0,0.6027785302291144,0,,35,teacher_candidate,tactics,,,
2121,tactics_0031,tactics,train,generated_0042,r1bk1bnr/pRpn1p1p/3ppq2/8/P5pP/2PP1P2/1P2P1P1/1NBQKBNR b K - 0 10,black,h7h5,90.0,0.221278467898444,0,,35,teacher_candidate,tactics,,,
2121,tactics_0031,tactics,train,generated_0042,r1bk1bnr/pRpn1p1p/3ppq2/8/P5pP/2PP1P2/1P2P1P1/1NBQKBNR b K - 0 10,black,d6d5,-258.0,-0.5682943783549709,0,,35,teacher_candidate,tactics,,,
2121,tactics_0031,tactics,train,generated_0042,r1bk1bnr/pRpn1p1p/3ppq2/8/P5pP/2PP1P2/1P2P1P1/1NBQKBNR b K - 0 10,black,f6g5,-974.0,-0.9847701337512216,0,,35,teacher_candidate,tactics,,,
1833,tactics_0032,tactics,train,generated_0036,r1bqkbn1/1pppp2r/p1n2p2/6pp/3P3P/3QB1P1/PPP1PP2/RN1K1BNR w q - 0 8,white,d3h7,981.0,0.9852901059568392,1,,38,teacher_candidate,tactics,,,
1833,tactics_0032,tactics,train,generated_0036,r1bqkbn1/1pppp2r/p1n2p2/6pp/3P3P/3QB1P1/PPP1PP2/RN1K1BNR w q - 0 8,white,h4g5,505.0,0.8517518696186737,0,,38,teacher_candidate,tactics,,,
1833,tactics_0032,tactics,train,generated_0036,r1bqkbn1/1pppp2r/p1n2p2/6pp/3P3P/3QB1P1/PPP1PP2/RN1K1BNR w q - 0 8,white,d4d5,468.0,0.8242721703413975,0,,38,teacher_candidate,tactics,,,
1833,tactics_0032,tactics,train,generated_0036,r1bqkbn1/1pppp2r/p1n2p2/6pp/3P3P/3QB1P1/PPP1PP2/RN1K1BNR w q - 0 8,white,b1a3,131.0,0.3162726300960362,0,,38,teacher_candidate,tactics,,,
1833,tactics_0032,tactics,train,generated_0036,r1bqkbn1/1pppp2r/p1n2p2/6pp/3P3P/3QB1P1/PPP1PP2/RN1K1BNR w q - 0 8,white,d3b5,-922.0,-0.9802924889535376,0,,38,teacher_candidate,tactics,,,
2426,tactics_0033,tactics,train,generated_0048,rnbqkbn1/3p1ppr/pp5p/2p5/P2Pp2N/1R4P1/1PP1PP1P/1NBQKB1R w Kq - 0 8,white,f1g2,245.0,0.5458845187934771,1,,36,teacher_candidate,tactics,,,
2426,tactics_0033,tactics,train,generated_0048,rnbqkbn1/3p1ppr/pp5p/2p5/P2Pp2N/1R4P1/1PP1PP1P/1NBQKB1R w Kq - 0 8,white,d4d5,236.0,0.5298956075275294,0,,36,teacher_candidate,tactics,,,
2426,tactics_0033,tactics,train,generated_0048,rnbqkbn1/3p1ppr/pp5p/2p5/P2Pp2N/1R4P1/1PP1PP1P/1NBQKB1R w Kq - 0 8,white,b1c3,226.0,0.5116777981895941,0,,36,teacher_candidate,tactics,,,
2426,tactics_0033,tactics,train,generated_0048,rnbqkbn1/3p1ppr/pp5p/2p5/P2Pp2N/1R4P1/1PP1PP1P/1NBQKB1R w Kq - 0 8,white,d1d2,18.0,0.0449696495836002,0,,36,teacher_candidate,tactics,,,
2426,tactics_0033,tactics,train,generated_0048,rnbqkbn1/3p1ppr/pp5p/2p5/P2Pp2N/1R4P1/1PP1PP1P/1NBQKB1R w Kq - 0 8,white,d1d3,-1009.0,-0.98719953297329,0,,36,teacher_candidate,tactics,,,
900,tactics_0034,tactics,train,generated_0018,rnb1k1nr/2ppq1pp/pp2p3/5p2/P1PN4/1P2P1P1/2QP1P1P/b1B1KBNR b Kkq - 0 9,black,c7c5,890.0,0.9769124950321554,1,,33,teacher_candidate,tactics,,,
900,tactics_0034,tactics,train,generated_0018,rnb1k1nr/2ppq1pp/pp2p3/5p2/P1PN4/1P2P1P1/2QP1P1P/b1B1KBNR b Kkq - 0 9,black,d7d6,846.0,0.9713126878730238,0,,33,teacher_candidate,tactics,,,
900,tactics_0034,tactics,train,generated_0018,rnb1k1nr/2ppq1pp/pp2p3/5p2/P1PN4/1P2P1P1/2QP1P1P/b1B1KBNR b Kkq - 0 9,black,g7g6,844.0,0.9710285520050662,0,,33,teacher_candidate,tactics,,,
900,tactics_0034,tactics,train,generated_0018,rnb1k1nr/2ppq1pp/pp2p3/5p2/P1PN4/1P2P1P1/2QP1P1P/b1B1KBNR b Kkq - 0 9,black,g8h6,789.0,0.9620322886578876,0,,33,teacher_candidate,tactics,,,
900,tactics_0034,tactics,train,generated_0018,rnb1k1nr/2ppq1pp/pp2p3/5p2/P1PN4/1P2P1P1/2QP1P1P/b1B1KBNR b Kkq - 0 9,black,e7h4,-785.0,-0.9612801390515048,0,,33,teacher_candidate,tactics,,,
4520,tactics_0035,tactics,train,generated_0090,r2nk1nr/pppbppbN/3q4/2P4p/1P1p3P/8/PB1PPPPR/RN1QKB2 b Qkq - 2 10,black,d6h2,783.0,0.9608986059586938,1,,42,teacher_candidate,tactics,,,
4520,tactics_0035,tactics,train,generated_0090,r2nk1nr/pppbppbN/3q4/2P4p/1P1p3P/8/PB1PPPPR/RN1QKB2 b Qkq - 2 10,black,d6h6,505.0,0.8517518696186737,0,,42,teacher_candidate,tactics,,,
4520,tactics_0035,tactics,train,generated_0090,r2nk1nr/pppbppbN/3q4/2P4p/1P1p3P/8/PB1PPPPR/RN1QKB2 b Qkq - 2 10,black,d6g6,502.0,0.8496797810357468,0,,42,teacher_candidate,tactics,,,
4520,tactics_0035,tactics,train,generated_0090,r2nk1nr/pppbppbN/3q4/2P4p/1P1p3P/8/PB1PPPPR/RN1QKB2 b Qkq - 2 10,black,d6b6,-798.0,-0.963672617943135,0,,42,teacher_candidate,tactics,,,
4520,tactics_0035,tactics,train,generated_0090,r2nk1nr/pppbppbN/3q4/2P4p/1P1p3P/8/PB1PPPPR/RN1QKB2 b Qkq - 2 10,black,e7e5,-948.0,-0.9826741124303736,0,,42,teacher_candidate,tactics,,,
1952,tactics_0036,tactics,train,generated_0039,r1bqk1nr/1pppb1p1/n4p1p/p2Pp3/P6P/N6R/1PP1PPP1/R1BQKBN1 w Qkq - 2 7,white,e2e4,217.0,0.4948780404403998,1,,35,teacher_candidate,tactics,,,
1952,tactics_0036,tactics,train,generated_0039,r1bqk1nr/1pppb1p1/n4p1p/p2Pp3/P6P/N6R/1PP1PPP1/R1BQKBN1 w Qkq - 2 7,white,e2e3,83.0,0.2045723537772613,0,,35,teacher_candidate,tactics,,,
1952,tactics_0036,tactics,train,generated_0039,r1bqk1nr/1pppb1p1/n4p1p/p2Pp3/P6P/N6R/1PP1PPP1/R1BQKBN1 w Qkq - 2 7,white,h3g3,75.0,0.1853331999081395,0,,35,teacher_candidate,tactics,,,
1952,tactics_0036,tactics,train,generated_0039,r1bqk1nr/1pppb1p1/n4p1p/p2Pp3/P6P/N6R/1PP1PPP1/R1BQKBN1 w Qkq - 2 7,white,h3h2,-15.0,-0.0374824317570704,0,,35,teacher_candidate,tactics,,,
1952,tactics_0036,tactics,train,generated_0039,r1bqk1nr/1pppb1p1/n4p1p/p2Pp3/P6P/N6R/1PP1PPP1/R1BQKBN1 w Qkq - 2 7,white,d1d4,-824.0,-0.9680303033155948,0,,35,teacher_candidate,tactics,,,
327,tactics_0037,tactics,train,generated_0006,rn2kr2/p1pb1ppp/4p2n/1p1p1q1Q/PP5P/b1P1P1P1/3P1P2/RNB1KBNR w KQq - 1 10,white,h5d1,415.0,0.7768989196342072,1,,36,teacher_candidate,tactics,,,
327,tactics_0037,tactics,train,generated_0006,rn2kr2/p1pb1ppp/4p2n/1p1p1q1Q/PP5P/b1P1P1P1/3P1P2/RNB1KBNR w KQq - 1 10,white,h5e2,362.0,0.7187237485317317,0,,36,teacher_candidate,tactics,,,
327,tactics_0037,tactics,train,generated_0006,rn2kr2/p1pb1ppp/4p2n/1p1p1q1Q/PP5P/b1P1P1P1/3P1P2/RNB1KBNR w KQq - 1 10,white,h5g5,338.0,0.6884483197525052,0,,36,teacher_candidate,tactics,,,
327,tactics_0037,tactics,train,generated_0006,rn2kr2/p1pb1ppp/4p2n/1p1p1q1Q/PP5P/b1P1P1P1/3P1P2/RNB1KBNR w KQq - 1 10,white,g1f3,-638.0,-0.920912440898094,0,,36,teacher_candidate,tactics,,,
327,tactics_0037,tactics,train,generated_0006,rn2kr2/p1pb1ppp/4p2n/1p1p1q1Q/PP5P/b1P1P1P1/3P1P2/RNB1KBNR w KQq - 1 10,white,h5f7,-1139.0,-0.99329706584764,0,,36,teacher_candidate,tactics,,,
4871,tactics_0038,tactics,train,generated_0097,r2qkb1r/1pp1pp1p/3pbn1n/p7/3P4/N3PN2/PPP2PPP/1R1QKB1R w Kkq - 0 9,white,e3e4,-362.0,-0.7187237485317317,1,,31,teacher_candidate,tactics,,,
4871,tactics_0038,tactics,train,generated_0097,r2qkb1r/1pp1pp1p/3pbn1n/p7/3P4/N3PN2/PPP2PPP/1R1QKB1R w Kkq - 0 9,white,a3b5,-490.0,-0.8411229016320433,0,,31,teacher_candidate,tactics,,,
4871,tactics_0038,tactics,train,generated_0097,r2qkb1r/1pp1pp1p/3pbn1n/p7/3P4/N3PN2/PPP2PPP/1R1QKB1R w Kkq - 0 9,white,c2c4,-533.0,-0.8698590209439497,0,,31,teacher_candidate,tactics,,,
4871,tactics_0038,tactics,train,generated_0097,r2qkb1r/1pp1pp1p/3pbn1n/p7/3P4/N3PN2/PPP2PPP/1R1QKB1R w Kkq - 0 9,white,d1d3,-698.0,-0.9408037916417216,0,,31,teacher_candidate,tactics,,,
4871,tactics_0038,tactics,train,generated_0097,r2qkb1r/1pp1pp1p/3pbn1n/p7/3P4/N3PN2/PPP2PPP/1R1QKB1R w Kkq - 0 9,white,f1a6,-1027.0,-0.9882948060691265,0,,31,teacher_candidate,tactics,,,
2049,tactics_0039,tactics,train,generated_0040,rnbqkb1r/3ppppp/pp5n/P1p5/8/1R3PK1/1PPPP1PP/1NBQ1BNR b kq - 1 7,black,b6b5,455.0,0.8135705538363528,1,,19,teacher_candidate,tactics,,,
2049,tactics_0039,tactics,train,generated_0040,rnbqkb1r/3ppppp/pp5n/P1p5/8/1R3PK1/1PPPP1PP/1NBQ1BNR b kq - 1 7,black,e7e6,280.0,0.6043677771171635,0,,19,teacher_candidate,tactics,,,
2049,tactics_0039,tactics,train,generated_0040,rnbqkb1r/3ppppp/pp5n/P1p5/8/1R3PK1/1PPPP1PP/1NBQ1BNR b kq - 1 7,black,b6a5,271.0,0.5898917298212704,0,,19,teacher_candidate,tactics,,,
2049,tactics_0039,tactics,train,generated_0040,rnbqkb1r/3ppppp/pp5n/P1p5/8/1R3PK1/1PPPP1PP/1NBQ1BNR b kq - 1 7,black,h6g8,157.0,0.3735134532878035,0,,19,teacher_candidate,tactics,,,
2049,tactics_0039,tactics,train,generated_0040,rnbqkb1r/3ppppp/pp5n/P1p5/8/1R3PK1/1PPPP1PP/1NBQ1BNR b kq - 1 7,black,h6g4,-134.0,-0.3230063184059049,0,,19,teacher_candidate,tactics,,,
2753,tactics_0040,tactics,train,generated_0055,rnbqkbnr/3pp3/p4p1p/1Pp3PR/P7/1Q4P1/1P1PPP2/RNB1KBN1 b Qkq - 1 9,black,f6g5,-285.0,-0.6122421243522802,1,,18,teacher_candidate,tactics,,,
2753,tactics_0040,tactics,train,generated_0055,rnbqkbnr/3pp3/p4p1p/1Pp3PR/P7/1Q4P1/1P1PPP2/RNB1KBN1 b Qkq - 1 9,black,a6b5,-424.0,-0.7856638590269437,0,,18,teacher_candidate,tactics,,,
2753,tactics_0040,tactics,train,generated_0055,rnbqkbnr/3pp3/p4p1p/1Pp3PR/P7/1Q4P1/1P1PPP2/RNB1KBN1 b Qkq - 1 9,black,d7d5,-495.0,-0.8447410748870232,0,,18,teacher_candidate,tactics,,,
2753,tactics_0040,tactics,train,generated_0055,rnbqkbnr/3pp3/p4p1p/1Pp3PR/P7/1Q4P1/1P1PPP2/RNB1KBN1 b Qkq - 1 9,black,d8b6,-693.0,-0.939350675792384,0,,18,teacher_candidate,tactics,,,
2753,tactics_0040,tactics,train,generated_0055,rnbqkbnr/3pp3/p4p1p/1Pp3PR/P7/1Q4P1/1P1PPP2/RNB1KBN1 b Qkq - 1 9,black,h6g5,-879.0,-0.975623023939446,0,,18,teacher_candidate,tactics,,,
4426,tactics_0041,tactics,train,generated_0088,r1bqkbnr/ppp3pp/3pp3/n2P1p2/1P4P1/P3BP2/2P1P2P/RN1QKBNR w KQkq - 1 8,white,b4a5,365.0,0.7223300129053857,1,,33,teacher_candidate,tactics,,,
4426,tactics_0041,tactics,train,generated_0088,r1bqkbnr/ppp3pp/3pp3/n2P1p2/1P4P1/P3BP2/2P1P2P/RN1QKBNR w KQkq - 1 8,white,d1d3,235.0,0.528095199594932,0,,33,teacher_candidate,tactics,,,
4426,tactics_0041,tactics,train,generated_0088,r1bqkbnr/ppp3pp/3pp3/n2P1p2/1P4P1/P3BP2/2P1P2P/RN1QKBNR w KQkq - 1 8,white,g4f5,211.0,0.4834677598628625,0,,33,teacher_candidate,tactics,,,
4426,tactics_0041,tactics,train,generated_0088,r1bqkbnr/ppp3pp/3pp3/n2P1p2/1P4P1/P3BP2/2P1P2P/RN1QKBNR w KQkq - 1 8,white,a3a4,96.0,0.2354957495384979,0,,33,teacher_candidate,tactics,,,
4426,tactics_0041,tactics,train,generated_0088,r1bqkbnr/ppp3pp/3pp3/n2P1p2/1P4P1/P3BP2/2P1P2P/RN1QKBNR w KQkq - 1 8,white,e1d2,-970.0,-0.98446485984397,0,,33,teacher_candidate,tactics,,,
2886,tactics_0042,tactics,train,generated_0057,1rbqkbnr/1pp1pp2/1P1p4/p5N1/3nP2p/2NP4/P1P2PPP/R1BQKB1R w KQk - 1 9,white,h2h3,204.0,0.4699451989330376,1,,33,teacher_candidate,tactics,,,
2886,tactics_0042,tactics,train,generated_0057,1rbqkbnr/1pp1pp2/1P1p4/p5N1/3nP2p/2NP4/P1P2PPP/R1BQKB1R w KQk - 1 9,white,c3d5,198.0,0.458175844698613,0,,33,teacher_candidate,tactics,,,
2886,tactics_0042,tactics,train,generated_0057,1rbqkbnr/1pp1pp2/1P1p4/p5N1/3nP2p/2NP4/P1P2PPP/R1BQKB1R w KQk - 1 9,white,a2a4,189.0,0.4402170536009829,0,,33,teacher_candidate,tactics,,,
2886,tactics_0042,tactics,train,generated_0057,1rbqkbnr/1pp1pp2/1P1p4/p5N1/3nP2p/2NP4/P1P2PPP/R1BQKB1R w KQk - 1 9,white,g2g4,70.0,0.1732351578346601,0,,33,teacher_candidate,tactics,,,
2886,tactics_0042,tactics,train,generated_0057,1rbqkbnr/1pp1pp2/1P1p4/p5N1/3nP2p/2NP4/P1P2PPP/R1BQKB1R w KQk - 1 9,white,d1h5,-854.0,-0.9724220229877168,0,,33,teacher_candidate,tactics,,,
3185,tactics_0043,tactics,train,generated_0063,r1b1kb1r/pp1pqp1p/2n1p3/1Bp5/5P2/1P2n2N/P1PP1KPP/RNB2Q1R b kq - 1 9,black,e3f1,804.0,0.9647273193205548,1,,35,teacher_candidate,tactics,,,
3185,tactics_0043,tactics,train,generated_0063,r1b1kb1r/pp1pqp1p/2n1p3/1Bp5/5P2/1P2n2N/P1PP1KPP/RNB2Q1R b kq - 1 9,black,e3c2,484.0,0.8366794890768107,0,,35,teacher_candidate,tactics,,,
3185,tactics_0043,tactics,train,generated_0063,r1b1kb1r/pp1pqp1p/2n1p3/1Bp5/5P2/1P2n2N/P1PP1KPP/RNB2Q1R b kq - 1 9,black,e3g4,400.0,0.7615941559557649,0,,35,teacher_candidate,tactics,,,
3185,tactics_0043,tactics,train,generated_0063,r1b1kb1r/pp1pqp1p/2n1p3/1Bp5/5P2/1P2n2N/P1PP1KPP/RNB2Q1R b kq - 1 9,black,f8h6,-370.0,-0.7282542059818115,0,,35,teacher_candidate,tactics,,,
3185,tactics_0043,tactics,train,generated_0063,r1b1kb1r/pp1pqp1p/2n1p3/1Bp5/5P2/1P2n2N/P1PP1KPP/RNB2Q1R b kq - 1 9,black,f7f6,-619.0,-0.9133720563094846,0,,35,teacher_candidate,tactics,,,
3565,tactics_0044,tactics,train,generated_0071,rnb3nr/ppppkppp/q3p3/8/1b3P1N/2PP3P/PP2PKP1/RNBQ1B1R b - - 0 7,black,b4d6,-96.0,-0.2354957495384979,1,,36,teacher_candidate,tactics,,,
3565,tactics_0044,tactics,train,generated_0071,rnb3nr/ppppkppp/q3p3/8/1b3P1N/2PP3P/PP2PKP1/RNBQ1B1R b - - 0 7,black,a6b6,-141.0,-0.338590805554892,0,,36,teacher_candidate,tactics,,,
3565,tactics_0044,tactics,train,generated_0071,rnb3nr/ppppkppp/q3p3/8/1b3P1N/2PP3P/PP2PKP1/RNBQ1B1R b - - 0 7,black,b4a5,-150.0,-0.3583573983507859,0,,36,teacher_candidate,tactics,,,
3565,tactics_0044,tactics,train,generated_0071,rnb3nr/ppppkppp/q3p3/8/1b3P1N/2PP3P/PP2PKP1/RNBQ1B1R b - - 0 7,black,a6c6,-790.0,-0.962218076125922,0,,36,teacher_candidate,tactics,,,
3565,tactics_0044,tactics,train,generated_0071,rnb3nr/ppppkppp/q3p3/8/1b3P1N/2PP3P/PP2PKP1/RNBQ1B1R b - - 0 7,black,a6a4,-909.0,-0.97898286022194,0,,36,teacher_candidate,tactics,,,
1747,tactics_0045,tactics,train,generated_0034,r1bqk1r1/pp1p1p1p/3b1nn1/2p1pPp1/2N3P1/P1P4P/1P1PP2R/R1BQKBN1 w Qq - 1 10,white,c4d6,879.0,0.975623023939446,1,,25,teacher_candidate,tactics,,,
1747,tactics_0045,tactics,train,generated_0034,r1bqk1r1/pp1p1p1p/3b1nn1/2p1pPp1/2N3P1/P1P4P/1P1PP2R/R1BQKBN1 w Qq - 1 10,white,d1c2,600.0,0.9051482536448664,0,,25,teacher_candidate,tactics,,,
1747,tactics_0045,tactics,train,generated_0034,r1bqk1r1/pp1p1p1p/3b1nn1/2p1pPp1/2N3P1/P1P4P/1P1PP2R/R1BQKBN1 w Qq - 1 10,white,f5g6,473.0,0.8282382915975468,0,,25,teacher_candidate,tactics,,,
1747,tactics_0045,tactics,train,generated_0034,r1bqk1r1/pp1p1p1p/3b1nn1/2p1pPp1/2N3P1/P1P4P/1P1PP2R/R1BQKBN1 w Qq - 1 10,white,a1a2,103.0,0.2519557155332075,0,,25,teacher_candidate,tactics,,,
1747,tactics_0045,tactics,train,generated_0034,r1bqk1r1/pp1p1p1p/3b1nn1/2p1pPp1/2N3P1/P1P4P/1P1PP2R/R1BQKBN1 w Qq - 1 10,white,c4e5,-644.0,-0.9231600289968692,0,,25,teacher_candidate,tactics,,,
4758,tactics_0046,tactics,train,generated_0095,2bqk1nr/r1p1p1bp/p2p1p2/1p1P2p1/1P1n4/P1P2N1P/RB2PPP1/1N1QKB1R w Kk - 3 10,white,c3d4,877.0,0.9753810469886988,1,,29,teacher_candidate,tactics,,,
4758,tactics_0046,tactics,train,generated_0095,2bqk1nr/r1p1p1bp/p2p1p2/1p1P2p1/1P1n4/P1P2N1P/RB2PPP1/1N1QKB1R w Kk - 3 10,white,d1d4,848.0,0.9715940772546178,0,,29,teacher_candidate,tactics,,,
4758,tactics_0046,tactics,train,generated_0095,2bqk1nr/r1p1p1bp/p2p1p2/1p1P2p1/1P1n4/P1P2N1P/RB2PPP1/1N1QKB1R w Kk - 3 10,white,f3d4,796.0,0.9633142186045134,0,,29,teacher_candidate,tactics,,,
4758,tactics_0046,tactics,train,generated_0095,2bqk1nr/r1p1p1bp/p2p1p2/1p1P2p1/1P1n4/P1P2N1P/RB2PPP1/1N1QKB1R w Kk - 3 10,white,b2c1,150.0,0.3583573983507859,0,,29,teacher_candidate,tactics,,,
4758,tactics_0046,tactics,train,generated_0095,2bqk1nr/r1p1p1bp/p2p1p2/1p1P2p1/1P1n4/P1P2N1P/RB2PPP1/1N1QKB1R w Kk - 3 10,white,d1c2,-773.0,-0.9589349975863708,0,,29,teacher_candidate,tactics,,,
1622,tactics_0047,tactics,train,generated_0032,r1bq1bnr/2ppkpp1/p1n1B2p/8/4P3/5PP1/PPPP3P/RNBQK1NR w KQ - 0 7,white,e6h3,600.0,0.9051482536448664,1,,29,teacher_candidate,tactics,,,
1622,tactics_0047,tactics,train,generated_0032,r1bq1bnr/2ppkpp1/p1n1B2p/8/4P3/5PP1/PPPP3P/RNBQK1NR w KQ - 0 7,white,e6b3,594.0,0.9024005540024,0,,29,teacher_candidate,tactics,,,
1622,tactics_0047,tactics,train,generated_0032,r1bq1bnr/2ppkpp1/p1n1B2p/8/4P3/5PP1/PPPP3P/RNBQK1NR w KQ - 0 7,white,e6d5,547.0,0.8781211901448149,0,,29,teacher_candidate,tactics,,,
1622,tactics_0047,tactics,train,generated_0032,r1bq1bnr/2ppkpp1/p1n1B2p/8/4P3/5PP1/PPPP3P/RNBQK1NR w KQ - 0 7,white,b2b3,-319.0,-0.6626368112043609,0,,29,teacher_candidate,tactics,,,
1622,tactics_0047,tactics,train,generated_0032,r1bq1bnr/2ppkpp1/p1n1B2p/8/4P3/5PP1/PPPP3P/RNBQK1NR w KQ - 0 7,white,e4e5,-639.0,-0.9212913684015296,0,,29,teacher_candidate,tactics,,,
782,tactics_0048,tactics,train,generated_0015,rnbqkb1r/2pppp2/1p3n2/p5p1/P3P2p/R2P1NPP/1PP2P2/1NBQKB1R b Kkq - 0 7,black,e7e6,-59.0,-0.1464395453596697,1,,27,teacher_candidate,tactics,,,
782,tactics_0048,tactics,train,generated_0015,rnbqkb1r/2pppp2/1p3n2/p5p1/P3P2p/R2P1NPP/1PP2P2/1NBQKB1R b Kkq - 0 7,black,h4g3,-68.0,-0.1683810458708147,0,,27,teacher_candidate,tactics,,,
782,tactics_0048,tactics,train,generated_0015,rnbqkb1r/2pppp2/1p3n2/p5p1/P3P2p/R2P1NPP/1PP2P2/1NBQKB1R b Kkq - 0 7,black,b8c6,-73.0,-0.1805005038603668,0,,27,teacher_candidate,tactics,,,
782,tactics_0048,tactics,train,generated_0015,rnbqkb1r/2pppp2/1p3n2/p5p1/P3P2p/R2P1NPP/1PP2P2/1NBQKB1R b Kkq - 0 7,black,f6h7,-221.0,-0.5023915644617227,0,,27,teacher_candidate,tactics,,,
782,tactics_0048,tactics,train,generated_0015,rnbqkb1r/2pppp2/1p3n2/p5p1/P3P2p/R2P1NPP/1PP2P2/1NBQKB1R b Kkq - 0 7,black,f6d5,-675.0,-0.9338280432225916,0,,27,teacher_candidate,tactics,,,
475,tactics_0049,tactics,train,generated_0009,r1bqkbnr/1p4p1/n2pp3/p1p2p1p/2P2PP1/P7/1P1PPK1P/RNBQNBR1 b kq - 0 8,black,h5g4,606.0,0.9078223459254406,1,,32,teacher_candidate,tactics,,,
475,tactics_0049,tactics,train,generated_0009,r1bqkbnr/1p4p1/n2pp3/p1p2p1p/2P2PP1/P7/1P1PPK1P/RNBQNBR1 b kq - 0 8,black,d8h4,427.0,0.7885174828580042,0,,32,teacher_candidate,tactics,,,
475,tactics_0049,tactics,train,generated_0009,r1bqkbnr/1p4p1/n2pp3/p1p2p1p/2P2PP1/P7/1P1PPK1P/RNBQNBR1 b kq - 0 8,black,f5g4,316.0,0.658409035955251,0,,32,teacher_candidate,tactics,,,
475,tactics_0049,tactics,train,generated_0009,r1bqkbnr/1p4p1/n2pp3/p1p2p1p/2P2PP1/P7/1P1PPK1P/RNBQNBR1 b kq - 0 8,black,d8c7,-34.0,-0.0847958815487019,0,,32,teacher_candidate,tactics,,,
475,tactics_0049,tactics,train,generated_0009,r1bqkbnr/1p4p1/n2pp3/p1p2p1p/2P2PP1/P7/1P1PPK1P/RNBQNBR1 b kq - 0 8,black,d8g5,-901.0,-0.9781345117723848,0,,32,teacher_candidate,tactics,,,
2310,tactics_0050,tactics,train,generated_0046,r1bqkbn1/1p1pp1r1/p1p5/n4p1p/1P1B2P1/P2P3N/2P1PP1P/RN1QKBR1 w Qq - 0 10,white,g4g5,623.0,0.915014514673038,1,,33,teacher_candidate,tactics,,,
2310,tactics_0050,tactics,train,generated_0046,r1bqkbn1/1p1pp1r1/p1p5/n4p1p/1P1B2P1/P2P3N/2P1PP1P/RN1QKBR1 w Qq - 0 10,white,d4g7,583.0,0.8971659575616286,0,,33,teacher_candidate,tactics,,,
2310,tactics_0050,tactics,train,generated_0046,r1bqkbn1/1p1pp1r1/p1p5/n4p1p/1P1B2P1/P2P3N/2P1PP1P/RN1QKBR1 w Qq - 0 10,white,g4f5,577.0,0.8941998651897869,0,,33,teacher_candidate,tactics,,,
2310,tactics_0050,tactics,train,generated_0046,r1bqkbn1/1p1pp1r1/p1p5/n4p1p/1P1B2P1/P2P3N/2P1PP1P/RN1QKBR1 w Qq - 0 10,white,c2c3,295.0,0.6276323441969829,0,,33,teacher_candidate,tactics,,,
2310,tactics_0050,tactics,train,generated_0046,r1bqkbn1/1p1pp1r1/p1p5/n4p1p/1P1B2P1/P2P3N/2P1PP1P/RN1QKBR1 w Qq - 0 10,white,d4a7,-129.0,-0.3117656824156273,0,,33,teacher_candidate,tactics,,,
2193,tactics_0051,tactics,train,generated_0043,rnb2bnr/pppk1ppp/3pp3/6q1/2PP4/4QN2/PP2PP1P/RNB1KB1R w KQ - 0 10,white,f3g5,799.0,0.9638505266716332,1,,32,teacher_candidate,tactics,,,
2193,tactics_0051,tactics,train,generated_0043,rnb2bnr/pppk1ppp/3pp3/6q1/2PP4/4QN2/PP2PP1P/RNB1KB1R w KQ - 0 10,white,e3g5,733.0,0.9500700718647336,0,,32,teacher_candidate,tactics,,,
2193,tactics_0051,tactics,train,generated_0043,rnb2bnr/pppk1ppp/3pp3/6q1/2PP4/4QN2/PP2PP1P/RNB1KB1R w KQ - 0 10,white,f3e5,703.0,0.9422231290637216,0,,32,teacher_candidate,tactics,,,
2193,tactics_0051,tactics,train,generated_0043,rnb2bnr/pppk1ppp/3pp3/6q1/2PP4/4QN2/PP2PP1P/RNB1KB1R w KQ - 0 10,white,a2a3,-74.0,-0.1829179568655601,0,,32,teacher_candidate,tactics,,,
2193,tactics_0051,tactics,train,generated_0043,rnb2bnr/pppk1ppp/3pp3/6q1/2PP4/4QN2/PP2PP1P/RNB1KB1R w KQ - 0 10,white,e3e5,-99999.0,-1.0,0,,32,teacher_candidate,tactics,,,
4126,tactics_0052,tactics,train,generated_0082,1r1qkbnr/p1p1p3/n3bp1p/1p1p2p1/4P2P/PP3PP1/2PP1N1R/RNBQKB2 w Qk - 1 10,white,d2d4,237.0,0.5316912516395942,1,,30,teacher_candidate,tactics,,,
4126,tactics_0052,tactics,train,generated_0082,1r1qkbnr/p1p1p3/n3bp1p/1p1p2p1/4P2P/PP3PP1/2PP1N1R/RNBQKB2 w Qk - 1 10,white,h4g5,210.0,0.481549798364308,0,,30,teacher_candidate,tactics,,,
4126,tactics_0052,tactics,train,generated_0082,1r1qkbnr/p1p1p3/n3bp1p/1p1p2p1/4P2P/PP3PP1/2PP1N1R/RNBQKB2 w Qk - 1 10,white,c1b2,185.0,0.4321195876314196,0,,30,teacher_candidate,tactics,,,
4126,tactics_0052,tactics,train,generated_0082,1r1qkbnr/p1p1p3/n3bp1p/1p1p2p1/4P2P/PP3PP1/2PP1N1R/RNBQKB2 w Qk - 1 10,white,b3b4,77.0,0.190156947732268,0,,30,teacher_candidate,tactics,,,
4126,tactics_0052,tactics,train,generated_0082,1r1qkbnr/p1p1p3/n3bp1p/1p1p2p1/4P2P/PP3PP1/2PP1N1R/RNBQKB2 w Qk - 1 10,white,f1c4,-612.0,-0.9104245939004264,0,,30,teacher_candidate,tactics,,,
822,tactics_0053,tactics,train,generated_0016,r1bqkbn1/pp2p1pr/1p5p/n2p1p2/3P1P1P/6R1/PPP1P1P1/R1BQKBN1 b Qq - 3 8,black,e7e6,647.0,0.9242607043197804,1,,20,teacher_candidate,tactics,,,
822,tactics_0053,tactics,train,generated_0016,r1bqkbn1/pp2p1pr/1p5p/n2p1p2/3P1P1P/6R1/PPP1P1P1/R1BQKBN1 b Qq - 3 8,black,g7g6,635.0,0.9197651360839086,0,,20,teacher_candidate,tactics,,,
822,tactics_0053,tactics,train,generated_0016,r1bqkbn1/pp2p1pr/1p5p/n2p1p2/3P1P1P/6R1/PPP1P1P1/R1BQKBN1 b Qq - 3 8,black,g8f6,580.0,0.8956928738431645,0,,20,teacher_candidate,tactics,,,
822,tactics_0053,tactics,train,generated_0016,r1bqkbn1/pp2p1pr/1p5p/n2p1p2/3P1P1P/6R1/PPP1P1P1/R1BQKBN1 b Qq - 3 8,black,d8d6,438.0,0.7986958128717863,0,,20,teacher_candidate,tactics,,,
822,tactics_0053,tactics,train,generated_0016,r1bqkbn1/pp2p1pr/1p5p/n2p1p2/3P1P1P/6R1/PPP1P1P1/R1BQKBN1 b Qq - 3 8,black,a5b3,-63.0,-0.1562104657686182,0,,20,teacher_candidate,tactics,,,
355,tactics_0054,tactics,train,generated_0007,rn1qkbnr/1ppb2p1/3pp2p/p4p2/1P1PP3/N6P/P1PQ1PP1/R1B1KBNR b KQkq - 1 7,black,f5e4,204.0,0.4699451989330376,1,,32,teacher_candidate,tactics,,,
355,tactics_0054,tactics,train,generated_0007,rn1qkbnr/1ppb2p1/3pp2p/p4p2/1P1PP3/N6P/P1PQ1PP1/R1B1KBNR b KQkq - 1 7,black,g8f6,147.0,0.3518030554518814,0,,32,teacher_candidate,tactics,,,
355,tactics_0054,tactics,train,generated_0007,rn1qkbnr/1ppb2p1/3pp2p/p4p2/1P1PP3/N6P/P1PQ1PP1/R1B1KBNR b KQkq - 1 7,black,a5b4,126.0,0.3049789243854889,0,,32,teacher_candidate,tactics,,,
355,tactics_0054,tactics,train,generated_0007,rn1qkbnr/1ppb2p1/3pp2p/p4p2/1P1PP3/N6P/P1PQ1PP1/R1B1KBNR b KQkq - 1 7,black,d8g5,-10.0,-0.0249947929684206,0,,32,teacher_candidate,tactics,,,
355,tactics_0054,tactics,train,generated_0007,rn1qkbnr/1ppb2p1/3pp2p/p4p2/1P1PP3/N6P/P1PQ1PP1/R1B1KBNR b KQkq - 1 7,black,d7b5,-565.0,-0.8880238418763566,0,,32,teacher_candidate,tactics,,,
4901,tactics_0055,tactics,train,generated_0098,2bqk2r/r2n1ppp/1pp1pn2/p1bp2P1/8/1PKP4/P3PP1P/RNBQ1BNR w k - 0 10,white,g5f6,-349.0,-0.7026420908321852,1,,29,teacher_candidate,tactics,,,
4901,tactics_0055,tactics,train,generated_0098,2bqk2r/r2n1ppp/1pp1pn2/p1bp2P1/8/1PKP4/P3PP1P/RNBQ1BNR w k - 0 10,white,e2e3,-445.0,-0.8049443259184149,0,,29,teacher_candidate,tactics,,,
4901,tactics_0055,tactics,train,generated_0098,2bqk2r/r2n1ppp/1pp1pn2/p1bp2P1/8/1PKP4/P3PP1P/RNBQ1BNR w k - 0 10,white,a2a3,-477.0,-0.831352607157051,0,,29,teacher_candidate,tactics,,,
4901,tactics_0055,tactics,train,generated_0098,2bqk2r/r2n1ppp/1pp1pn2/p1bp2P1/8/1PKP4/P3PP1P/RNBQ1BNR w k - 0 10,white,a2a4,-758.0,-0.9558073556932596,0,,29,teacher_candidate,tactics,,,
4901,tactics_0055,tactics,train,generated_0098,2bqk2r/r2n1ppp/1pp1pn2/p1bp2P1/8/1PKP4/P3PP1P/RNBQ1BNR w k - 0 10,white,g5g6,-1038.0,-0.9889177368161453,0,,29,teacher_candidate,tactics,,,
1152,tactics_0056,tactics,train,generated_0023,rnb1kb1r/p2p2p1/1q6/1pp1pp1p/PP1P1P2/B1n5/2PKP1PP/RQ3BNR w kq - 1 10,white,d2c1,-936.0,-0.9816125892654238,1,,29,teacher_candidate,tactics,,,
1152,tactics_0056,tactics,train,generated_0023,rnb1kb1r/p2p2p1/1q6/1pp1pp1p/PP1P1P2/B1n5/2PKP1PP/RQ3BNR w kq - 1 10,white,b1c1,-962.0,-0.9838359827493492,0,,29,teacher_candidate,tactics,,,
1152,tactics_0056,tactics,train,generated_0023,rnb1kb1r/p2p2p1/1q6/1pp1pp1p/PP1P1P2/B1n5/2PKP1PP/RQ3BNR w kq - 1 10,white,d2e1,-981.0,-0.9852901059568392,0,,29,teacher_candidate,tactics,,,
1152,tactics_0056,tactics,train,generated_0023,rnb1kb1r/p2p2p1/1q6/1pp1pp1p/PP1P1P2/B1n5/2PKP1PP/RQ3BNR w kq - 1 10,white,d2c3,-1150.0,-0.9936546343150297,0,,29,teacher_candidate,tactics,,,
1152,tactics_0056,tactics,train,generated_0023,rnb1kb1r/p2p2p1/1q6/1pp1pp1p/PP1P1P2/B1n5/2PKP1PP/RQ3BNR w kq - 1 10,white,d4e5,-1236.0,-0.995867699919909,0,,29,teacher_candidate,tactics,,,
2354,tactics_0057,tactics,train,generated_0047,1nbqk1nr/r1p1bpp1/p2pp3/1p2Q3/1P1PP3/N5P1/P1PK1P1P/R1B2BNR b k - 4 8,black,d6e5,934.0,0.9814295085966688,1,,30,teacher_candidate,tactics,,,
2354,tactics_0057,tactics,train,generated_0047,1nbqk1nr/r1p1bpp1/p2pp3/1p2Q3/1P1PP3/N5P1/P1PK1P1P/R1B2BNR b k - 4 8,black,e7g5,693.0,0.939350675792384,0,,30,teacher_candidate,tactics,,,
2354,tactics_0057,tactics,train,generated_0047,1nbqk1nr/r1p1bpp1/p2pp3/1p2Q3/1P1PP3/N5P1/P1PK1P1P/R1B2BNR b k - 4 8,black,c8b7,485.0,0.8374278407728539,0,,30,teacher_candidate,tactics,,,
2354,tactics_0057,tactics,train,generated_0047,1nbqk1nr/r1p1bpp1/p2pp3/1p2Q3/1P1PP3/N5P1/P1PK1P1P/R1B2BNR b k - 4 8,black,e7f8,268.0,0.5849798828807288,0,,30,teacher_candidate,tactics,,,
2354,tactics_0057,tactics,train,generated_0047,1nbqk1nr/r1p1bpp1/p2pp3/1p2Q3/1P1PP3/N5P1/P1PK1P1P/R1B2BNR b k - 4 8,black,g7g6,-704.0,-0.94250300814692,0,,30,teacher_candidate,tactics,,,
3627,tactics_0058,tactics,train,generated_0072,r1bqkb1r/p1np3p/4p1p1/1pp2pP1/P3nP2/1QP5/1PNPP2P/R1B1KBNR b Kkq - 0 10,black,c8b7,263.0,0.576697268016198,1,,32,teacher_candidate,tactics,,,
3627,tactics_0058,tactics,train,generated_0072,r1bqkb1r/p1np3p/4p1p1/1pp2pP1/P3nP2/1QP5/1PNPP2P/R1B1KBNR b Kkq - 0 10,black,h7h6,215.0,0.4910932282528053,0,,32,teacher_candidate,tactics,,,
3627,tactics_0058,tactics,train,generated_0072,r1bqkb1r/p1np3p/4p1p1/1pp2pP1/P3nP2/1QP5/1PNPP2P/R1B1KBNR b Kkq - 0 10,black,c5c4,181.0,0.423951838825587,0,,32,teacher_candidate,tactics,,,
3627,tactics_0058,tactics,train,generated_0072,r1bqkb1r/p1np3p/4p1p1/1pp2pP1/P3nP2/1QP5/1PNPP2P/R1B1KBNR b Kkq - 0 10,black,b5a4,53.0,0.1317300057909633,0,,32,teacher_candidate,tactics,,,
3627,tactics_0058,tactics,train,generated_0072,r1bqkb1r/p1np3p/4p1p1/1pp2pP1/P3nP2/1QP5/1PNPP2P/R1B1KBNR b Kkq - 0 10,black,d8g5,-938.0,-0.9817938815835262,0,,32,teacher_candidate,tactics,,,
3991,tactics_0059,tactics,train,generated_0079,r1bqkbnr/1p1pp1pp/n7/p4pN1/P1p4P/3P2N1/1PP1PPP1/R1BQKB1R b KQkq - 1 8,black,h7h6,-43.0,-0.1070878063022365,1,,22,teacher_candidate,tactics,,,
3991,tactics_0059,tactics,train,generated_0079,r1bqkbnr/1p1pp1pp/n7/p4pN1/P1p4P/3P2N1/1PP1PPP1/R1BQKB1R b KQkq - 1 8,black,e7e5,-102.0,-0.2496129489368586,0,,22,teacher_candidate,tactics,,,
3991,tactics_0059,tactics,train,generated_0079,r1bqkbnr/1p1pp1pp/n7/p4pN1/P1p4P/3P2N1/1PP1PPP1/R1BQKB1R b KQkq - 1 8,black,g8f6,-147.0,-0.3518030554518814,0,,22,teacher_candidate,tactics,,,
3991,tactics_0059,tactics,train,generated_0079,r1bqkbnr/1p1pp1pp/n7/p4pN1/P1p4P/3P2N1/1PP1PPP1/R1BQKB1R b KQkq - 1 8,black,g8h6,-209.0,-0.4796272133393758,0,,22,teacher_candidate,tactics,,,
3991,tactics_0059,tactics,train,generated_0079,r1bqkbnr/1p1pp1pp/n7/p4pN1/P1p4P/3P2N1/1PP1PPP1/R1BQKB1R b KQkq - 1 8,black,a8a7,-380.0,-0.7397830512740042,0,,22,teacher_candidate,tactics,,,
419,tactics_0060,tactics,train,generated_0008,rnbq1b1r/p3pp2/2k2npp/PppN4/8/5PPB/1PPPP2P/R1BQK1NR b K - 0 9,black,f6d5,393.0,0.754146098334285,1,,37,teacher_candidate,tactics,,,
419,tactics_0060,tactics,train,generated_0008,rnbq1b1r/p3pp2/2k2npp/PppN4/8/5PPB/1PPPP2P/R1BQK1NR b K - 0 9,black,c6d5,142.0,0.3408023196177371,0,,37,teacher_candidate,tactics,,,
419,tactics_0060,tactics,train,generated_0008,rnbq1b1r/p3pp2/2k2npp/PppN4/8/5PPB/1PPPP2P/R1BQK1NR b K - 0 9,black,c5c4,90.0,0.221278467898444,0,,37,teacher_candidate,tactics,,,
419,tactics_0060,tactics,train,generated_0008,rnbq1b1r/p3pp2/2k2npp/PppN4/8/5PPB/1PPPP2P/R1BQK1NR b K - 0 9,black,h8g8,-240.0,-0.5370495669980353,0,,37,teacher_candidate,tactics,,,
419,tactics_0060,tactics,train,generated_0008,rnbq1b1r/p3pp2/2k2npp/PppN4/8/5PPB/1PPPP2P/R1BQK1NR b K - 0 9,black,d8c7,-971.0,-0.9845417428116782,0,,37,teacher_candidate,tactics,,,
1163,tactics_0061,tactics,train,generated_0023,rnbqk2r/pp1p1p1p/6pn/2p1p3/2PPP3/1P3P1N/Pb2B1PP/RNBQKR2 w Qkq - 3 9,white,c1b2,758.0,0.9558073556932596,1,,31,teacher_candidate,tactics,,,
1163,tactics_0061,tactics,train,generated_0023,rnbqk2r/pp1p1p1p/6pn/2p1p3/2PPP3/1P3P1N/Pb2B1PP/RNBQKR2 w Qkq - 3 9,white,a2a3,459.0,0.8169241874133502,0,,31,teacher_candidate,tactics,,,
1163,tactics_0061,tactics,train,generated_0023,rnbqk2r/pp1p1p1p/6pn/2p1p3/2PPP3/1P3P1N/Pb2B1PP/RNBQKR2 w Qkq - 3 9,white,d4c5,22.0,0.0549446086891874,0,,31,teacher_candidate,tactics,,,
1163,tactics_0061,tactics,train,generated_0023,rnbqk2r/pp1p1p1p/6pn/2p1p3/2PPP3/1P3P1N/Pb2B1PP/RNBQKR2 w Qkq - 3 9,white,b3b4,-421.0,-0.7827764066595579,0,,31,teacher_candidate,tactics,,,
1163,tactics_0061,tactics,train,generated_0023,rnbqk2r/pp1p1p1p/6pn/2p1p3/2PPP3/1P3P1N/Pb2B1PP/RNBQKR2 w Qkq - 3 9,white,c1f4,-1025.0,-0.9881778622875124,0,,31,teacher_candidate,tactics,,,
3467,tactics_0062,tactics,train,generated_0069,rnb2qnr/ppppk1pp/8/2b1pp2/8/1PP1PP1P/PB1PB1P1/RN1QK1NR w KQ - 3 8,white,d2d4,186.0,0.434150570985945,1,,24,teacher_candidate,tactics,,,
3467,tactics_0062,tactics,train,generated_0069,rnb2qnr/ppppk1pp/8/2b1pp2/8/1PP1PP1P/PB1PB1P1/RN1QK1NR w KQ - 3 8,white,b3b4,157.0,0.3735134532878035,0,,24,teacher_candidate,tactics,,,
3467,tactics_0062,tactics,train,generated_0069,rnb2qnr/ppppk1pp/8/2b1pp2/8/1PP1PP1P/PB1PB1P1/RN1QK1NR w KQ - 3 8,white,c3c4,155.0,0.3692030006468615,0,,24,teacher_candidate,tactics,,,
3467,tactics_0062,tactics,train,generated_0069,rnb2qnr/ppppk1pp/8/2b1pp2/8/1PP1PP1P/PB1PB1P1/RN1QK1NR w KQ - 3 8,white,b2c1,46.0,0.1144957091971111,0,,24,teacher_candidate,tactics,,,
3467,tactics_0062,tactics,train,generated_0069,rnb2qnr/ppppk1pp/8/2b1pp2/8/1PP1PP1P/PB1PB1P1/RN1QK1NR w KQ - 3 8,white,e2a6,-611.0,-0.9099958011881136,0,,24,teacher_candidate,tactics,,,
1394,tactics_0063,tactics,train,generated_0027,r3kb1r/ppp1pp1p/2n1bn2/4N3/1P1P4/3PB3/q1P2PPP/RN1QKB1R w KQkq - 2 10,white,a1a2,653.0,0.9264167831884396,1,,36,teacher_candidate,tactics,,,
1394,tactics_0063,tactics,train,generated_0027,r3kb1r/ppp1pp1p/2n1bn2/4N3/1P1P4/3PB3/q1P2PPP/RN1QKB1R w KQkq - 2 10,white,b1c3,500.0,0.8482836399575129,0,,36,teacher_candidate,tactics,,,
1394,tactics_0063,tactics,train,generated_0027,r3kb1r/ppp1pp1p/2n1bn2/4N3/1P1P4/3PB3/q1P2PPP/RN1QKB1R w KQkq - 2 10,white,b1d2,341.0,0.6923732720415865,0,,36,teacher_candidate,tactics,,,
1394,tactics_0063,tactics,train,generated_0027,r3kb1r/ppp1pp1p/2n1bn2/4N3/1P1P4/3PB3/q1P2PPP/RN1QKB1R w KQkq - 2 10,white,c2c4,-657.0,-0.9278212446449908,0,,36,teacher_candidate,tactics,,,
1394,tactics_0063,tactics,train,generated_0027,r3kb1r/ppp1pp1p/2n1bn2/4N3/1P1P4/3PB3/q1P2PPP/RN1QKB1R w KQkq - 2 10,white,e3c1,-989.0,-0.9858628121060774,0,,36,teacher_candidate,tactics,,,
2851,tactics_0064,tactics,train,generated_0057,r1bqkb1r/ppp1p1pp/n2p4/5p2/6P1/1PP1nN2/P2PPP1P/RNBQKB1R w KQkq - 0 7,white,d2e3,449.0,0.8084367438073445,1,,24,teacher_candidate,tactics,,,
2851,tactics_0064,tactics,train,generated_0057,r1bqkb1r/ppp1p1pp/n2p4/5p2/6P1/1PP1nN2/P2PPP1P/RNBQKB1R w KQkq - 0 7,white,f2e3,344.0,0.6962576726866815,0,,24,teacher_candidate,tactics,,,
2851,tactics_0064,tactics,train,generated_0057,r1bqkb1r/ppp1p1pp/n2p4/5p2/6P1/1PP1nN2/P2PPP1P/RNBQKB1R w KQkq - 0 7,white,b3b4,-350.0,-0.703905603936621,0,,24,teacher_candidate,tactics,,,
2851,tactics_0064,tactics,train,generated_0057,r1bqkb1r/ppp1p1pp/n2p4/5p2/6P1/1PP1nN2/P2PPP1P/RNBQKB1R w KQkq - 0 7,white,a2a4,-577.0,-0.8941998651897869,0,,24,teacher_candidate,tactics,,,
2851,tactics_0064,tactics,train,generated_0057,r1bqkb1r/ppp1p1pp/n2p4/5p2/6P1/1PP1nN2/P2PPP1P/RNBQKB1R w KQkq - 0 7,white,d1c2,-1126.0,-0.9928485129951554,0,,24,teacher_candidate,tactics,,,
3830,tactics_0065,tactics,train,generated_0076,rnbqkbnr/p2p1pp1/4p2p/1pp5/3P4/N3PQ1P/PPP1NPP1/R1B1KB1R w KQkq - 2 7,white,f3a8,724.0,0.947831849707234,1,,35,teacher_candidate,tactics,,,
3830,tactics_0065,tactics,train,generated_0076,rnbqkbnr/p2p1pp1/4p2p/1pp5/3P4/N3PQ1P/PPP1NPP1/R1B1KB1R w KQkq - 2 7,white,e2f4,385.0,0.7453899238492566,0,,35,teacher_candidate,tactics,,,
3830,tactics_0065,tactics,train,generated_0076,rnbqkbnr/p2p1pp1/4p2p/1pp5/3P4/N3PQ1P/PPP1NPP1/R1B1KB1R w KQkq - 2 7,white,a3b5,240.0,0.5370495669980353,0,,35,teacher_candidate,tactics,,,
3830,tactics_0065,tactics,train,generated_0076,rnbqkbnr/p2p1pp1/4p2p/1pp5/3P4/N3PQ1P/PPP1NPP1/R1B1KB1R w KQkq - 2 7,white,a3c4,-10.0,-0.0249947929684206,0,,35,teacher_candidate,tactics,,,
3830,tactics_0065,tactics,train,generated_0076,rnbqkbnr/p2p1pp1/4p2p/1pp5/3P4/N3PQ1P/PPP1NPP1/R1B1KB1R w KQkq - 2 7,white,f3d5,-935.0,-0.9815212735525424,0,,35,teacher_candidate,tactics,,,
1808,tactics_0066,tactics,train,generated_0036,r1bk1b1r/pp1p1pp1/n6n/2p4p/PP1Pp2N/R3B3/2PQPPPP/1N2KBR1 b - - 6 10,black,c5d4,-641.0,-0.9220440062085268,1,,25,teacher_candidate,tactics,,,
1808,tactics_0066,tactics,train,generated_0036,r1bk1b1r/pp1p1pp1/n6n/2p4p/PP1Pp2N/R3B3/2PQPPPP/1N2KBR1 b - - 6 10,black,f7f6,-647.0,-0.9242607043197804,0,,25,teacher_candidate,tactics,,,
1808,tactics_0066,tactics,train,generated_0036,r1bk1b1r/pp1p1pp1/n6n/2p4p/PP1Pp2N/R3B3/2PQPPPP/1N2KBR1 b - - 6 10,black,f8e7,-737.0,-0.9510345451294692,0,,25,teacher_candidate,tactics,,,
1808,tactics_0066,tactics,train,generated_0036,r1bk1b1r/pp1p1pp1/n6n/2p4p/PP1Pp2N/R3B3/2PQPPPP/1N2KBR1 b - - 6 10,black,f8d6,-1031.0,-0.988525254639277,0,,25,teacher_candidate,tactics,,,
1808,tactics_0066,tactics,train,generated_0036,r1bk1b1r/pp1p1pp1/n6n/2p4p/PP1Pp2N/R3B3/2PQPPPP/1N2KBR1 b - - 6 10,black,g7g5,-1137.0,-0.9932299282744542,0,,25,teacher_candidate,tactics,,,
3532,tactics_0067,tactics,train,generated_0070,rn1qkbnr/p2bpppp/Bp6/1QppP3/3P1P2/8/PPP3PP/RNB1K1NR w KQkq - 3 10,white,b5e2,-72.0,-0.1780808681173302,1,,40,teacher_candidate,tactics,,,
3532,tactics_0067,tactics,train,generated_0070,rn1qkbnr/p2bpppp/Bp6/1QppP3/3P1P2/8/PPP3PP/RNB1K1NR w KQkq - 3 10,white,b5f1,-108.0,-0.2636248354722033,0,,40,teacher_candidate,tactics,,,
3532,tactics_0067,tactics,train,generated_0070,rn1qkbnr/p2bpppp/Bp6/1QppP3/3P1P2/8/PPP3PP/RNB1K1NR w KQkq - 3 10,white,e5e6,-236.0,-0.5298956075275294,0,,40,teacher_candidate,tactics,,,
3532,tactics_0067,tactics,train,generated_0070,rn1qkbnr/p2bpppp/Bp6/1QppP3/3P1P2/8/PPP3PP/RNB1K1NR w KQkq - 3 10,white,g1h3,-657.0,-0.9278212446449908,0,,40,teacher_candidate,tactics,,,
3532,tactics_0067,tactics,train,generated_0070,rn1qkbnr/p2bpppp/Bp6/1QppP3/3P1P2/8/PPP3PP/RNB1K1NR w KQkq - 3 10,white,b5c6,-946.0,-0.982501507854706,0,,40,teacher_candidate,tactics,,,
1515,tactics_0068,tactics,train,generated_0030,rnbqkbnr/1ppppp2/7p/6p1/p1P4P/4P3/PP1PKPPR/RNBQ1BN1 w kq - 0 7,white,h4g5,67.0,0.165950908402399,1,,26,teacher_candidate,tactics,,,
1515,tactics_0068,tactics,train,generated_0030,rnbqkbnr/1ppppp2/7p/6p1/p1P4P/4P3/PP1PKPPR/RNBQ1BN1 w kq - 0 7,white,e2e1,-9.0,-0.0224962038937096,0,,26,teacher_candidate,tactics,,,
1515,tactics_0068,tactics,train,generated_0030,rnbqkbnr/1ppppp2/7p/6p1/p1P4P/4P3/PP1PKPPR/RNBQ1BN1 w kq - 0 7,white,d2d4,-20.0,-0.0499583749578799,0,,26,teacher_candidate,tactics,,,
1515,tactics_0068,tactics,train,generated_0030,rnbqkbnr/1ppppp2/7p/6p1/p1P4P/4P3/PP1PKPPR/RNBQ1BN1 w kq - 0 7,white,d1c2,-154.0,-0.3670417874726313,0,,26,teacher_candidate,tactics,,,
1515,tactics_0068,tactics,train,generated_0030,rnbqkbnr/1ppppp2/7p/6p1/p1P4P/4P3/PP1PKPPR/RNBQ1BN1 w kq - 0 7,white,d1b3,-863.0,-0.9736195170584504,0,,26,teacher_candidate,tactics,,,
1209,tactics_0069,tactics,train,generated_0024,rnbq2n1/ppp1kp2/6pr/3pp2p/PbB1P3/3P3P/RPP1KPPR/1NBQ2N1 w - - 2 9,white,c4d5,245.0,0.5458845187934771,1,,32,teacher_candidate,tactics,,,
1209,tactics_0069,tactics,train,generated_0024,rnbq2n1/ppp1kp2/6pr/3pp2p/PbB1P3/3P3P/RPP1KPPR/1NBQ2N1 w - - 2 9,white,e4d5,228.0,0.5153592780074097,0,,32,teacher_candidate,tactics,,,
1209,tactics_0069,tactics,train,generated_0024,rnbq2n1/ppp1kp2/6pr/3pp2p/PbB1P3/3P3P/RPP1KPPR/1NBQ2N1 w - - 2 9,white,c1h6,162.0,0.3842190086035763,0,,32,teacher_candidate,tactics,,,
1209,tactics_0069,tactics,train,generated_0024,rnbq2n1/ppp1kp2/6pr/3pp2p/PbB1P3/3P3P/RPP1KPPR/1NBQ2N1 w - - 2 9,white,b2b3,-548.0,-0.8786921933686958,0,,32,teacher_candidate,tactics,,,
1209,tactics_0069,tactics,train,generated_0024,rnbq2n1/ppp1kp2/6pr/3pp2p/PbB1P3/3P3P/RPP1KPPR/1NBQ2N1 w - - 2 9,white,d1d2,-992.0,-0.9860718216444758,0,,32,teacher_candidate,tactics,,,
4441,tactics_0070,tactics,train,generated_0088,rnb2bnr/pp1ppkp1/5p2/2p4p/2PP4/PP5P/3BPPP1/R2QKBNR b KQ - 0 7,black,f7e8,-894.0,-0.9773644841978152,1,,21,teacher_candidate,tactics,,,
4441,tactics_0070,tactics,train,generated_0088,rnb2bnr/pp1ppkp1/5p2/2p4p/2PP4/PP5P/3BPPP1/R2QKBNR b KQ - 0 7,black,a7a5,-915.0,-0.9795976741184608,0,,21,teacher_candidate,tactics,,,
4441,tactics_0070,tactics,train,generated_0088,rnb2bnr/pp1ppkp1/5p2/2p4p/2PP4/PP5P/3BPPP1/R2QKBNR b KQ - 0 7,black,g7g6,-923.0,-0.9803898168165917,0,,21,teacher_candidate,tactics,,,
4441,tactics_0070,tactics,train,generated_0088,rnb2bnr/pp1ppkp1/5p2/2p4p/2PP4/PP5P/3BPPP1/R2QKBNR b KQ - 0 7,black,f7e6,-1020.0,-0.9878803970168316,0,,21,teacher_candidate,tactics,,,
4441,tactics_0070,tactics,train,generated_0088,rnb2bnr/pp1ppkp1/5p2/2p4p/2PP4/PP5P/3BPPP1/R2QKBNR b KQ - 0 7,black,f6f5,-1163.0,-0.9940527768211906,0,,21,teacher_candidate,tactics,,,
458,tactics_0071,tactics,train,generated_0009,rnbqkb1r/1pp2ppp/7B/p2pp3/1P1P2P1/3Q3B/P1P1PP1P/RN2K1NR b KQq - 0 7,black,g7h6,240.0,0.5370495669980353,1,,35,teacher_candidate,tactics,,,
458,tactics_0071,tactics,train,generated_0009,rnbqkb1r/1pp2ppp/7B/p2pp3/1P1P2P1/3Q3B/P1P1PP1P/RN2K1NR b KQq - 0 7,black,e5e4,154.0,0.3670417874726313,0,,35,teacher_candidate,tactics,,,
458,tactics_0071,tactics,train,generated_0009,rnbqkb1r/1pp2ppp/7B/p2pp3/1P1P2P1/3Q3B/P1P1PP1P/RN2K1NR b KQq - 0 7,black,b8c6,53.0,0.1317300057909633,0,,35,teacher_candidate,tactics,,,
458,tactics_0071,tactics,train,generated_0009,rnbqkb1r/1pp2ppp/7B/p2pp3/1P1P2P1/3Q3B/P1P1PP1P/RN2K1NR b KQq - 0 7,black,b7b5,-153.0,-0.3648766043861295,0,,35,teacher_candidate,tactics,,,
458,tactics_0071,tactics,train,generated_0009,rnbqkb1r/1pp2ppp/7B/p2pp3/1P1P2P1/3Q3B/P1P1PP1P/RN2K1NR b KQq - 0 7,black,d8g5,-1203.0,-0.9951281994690568,0,,35,teacher_candidate,tactics,,,
1548,tactics_0072,tactics,train,generated_0030,rn1qkb1r/4ppp1/1p5n/1Ppp2Np/1p6/5PPB/2PPP2P/RNBQ1RK1 w kq c6 0 10,white,a1a8,1088.0,0.9913585329601762,1,,36,teacher_candidate,tactics,,,
1548,tactics_0072,tactics,train,generated_0030,rn1qkb1r/4ppp1/1p5n/1Ppp2Np/1p6/5PPB/2PPP2P/RNBQ1RK1 w kq c6 0 10,white,b5c6,665.0,0.9305531409332848,0,,36,teacher_candidate,tactics,,,
1548,tactics_0072,tactics,train,generated_0030,rn1qkb1r/4ppp1/1p5n/1Ppp2Np/1p6/5PPB/2PPP2P/RNBQ1RK1 w kq c6 0 10,white,g5e6,537.0,0.8722714089933077,0,,36,teacher_candidate,tactics,,,
1548,tactics_0072,tactics,train,generated_0030,rn1qkb1r/4ppp1/1p5n/1Ppp2Np/1p6/5PPB/2PPP2P/RNBQ1RK1 w kq c6 0 10,white,e2e3,-365.0,-0.7223300129053857,0,,36,teacher_candidate,tactics,,,
1548,tactics_0072,tactics,train,generated_0030,rn1qkb1r/4ppp1/1p5n/1Ppp2Np/1p6/5PPB/2PPP2P/RNBQ1RK1 w kq c6 0 10,white,h3c8,-741.0,-0.9519808468695424,0,,36,teacher_candidate,tactics,,,
3877,tactics_0073,tactics,train,generated_0077,rnbqkb2/p1ppp1pr/5n2/5p1P/Pp6/1P5N/R1PPPP1P/1NBQKB1R w Kq - 5 9,white,f1g2,21.0,0.0524518187441374,1,,22,teacher_candidate,tactics,,,
3877,tactics_0073,tactics,train,generated_0077,rnbqkb2/p1ppp1pr/5n2/5p1P/Pp6/1P5N/R1PPPP1P/1NBQKB1R w Kq - 5 9,white,h1g1,9.0,0.0224962038937096,0,,22,teacher_candidate,tactics,,,
3877,tactics_0073,tactics,train,generated_0077,rnbqkb2/p1ppp1pr/5n2/5p1P/Pp6/1P5N/R1PPPP1P/1NBQKB1R w Kq - 5 9,white,d2d4,4.0,0.0099996666799994,0,,22,teacher_candidate,tactics,,,
3877,tactics_0073,tactics,train,generated_0077,rnbqkb2/p1ppp1pr/5n2/5p1P/Pp6/1P5N/R1PPPP1P/1NBQKB1R w Kq - 5 9,white,h3f4,-111.0,-0.2705896986456141,0,,22,teacher_candidate,tactics,,,
3877,tactics_0073,tactics,train,generated_0077,rnbqkb2/p1ppp1pr/5n2/5p1P/Pp6/1P5N/R1PPPP1P/1NBQKB1R w Kq - 5 9,white,a2a3,-596.0,-0.9033247425601896,0,,22,teacher_candidate,tactics,,,
4603,tactics_0074,tactics,train,generated_0092,r1q1kbnr/p4ppp/n1ppb3/4p3/2PP3P/4P3/PP3PP1/RNB1KBNR b KQkq - 1 8,black,c8b8,998.0,0.9864806789785736,1,,33,teacher_candidate,tactics,,,
4603,tactics_0074,tactics,train,generated_0092,r1q1kbnr/p4ppp/n1ppb3/4p3/2PP3P/4P3/PP3PP1/RNB1KBNR b KQkq - 1 8,black,g8h6,997.0,0.9864133734547914,0,,33,teacher_candidate,tactics,,,
4603,tactics_0074,tactics,train,generated_0092,r1q1kbnr/p4ppp/n1ppb3/4p3/2PP3P/4P3/PP3PP1/RNB1KBNR b KQkq - 1 8,black,e5d4,996.0,0.9863457351557235,0,,33,teacher_candidate,tactics,,,
4603,tactics_0074,tactics,train,generated_0092,r1q1kbnr/p4ppp/n1ppb3/4p3/2PP3P/4P3/PP3PP1/RNB1KBNR b KQkq - 1 8,black,a6b4,730.0,0.9493345935462564,0,,33,teacher_candidate,tactics,,,
4603,tactics_0074,tactics,train,generated_0092,r1q1kbnr/p4ppp/n1ppb3/4p3/2PP3P/4P3/PP3PP1/RNB1KBNR b KQkq - 1 8,black,c8b7,472.0,0.8274516110081667,0,,33,teacher_candidate,tactics,,,
1496,tactics_0075,tactics,train,generated_0029,r1b1kbnr/p1q1pppp/n1p5/1B1p2N1/1p2P3/8/PPPP1PPP/RNBQKR2 b Qkq - 5 7,black,c6b5,823.0,0.9678726287299844,1,,35,teacher_candidate,tactics,,,
1496,tactics_0075,tactics,train,generated_0029,r1b1kbnr/p1q1pppp/n1p5/1B1p2N1/1p2P3/8/PPPP1PPP/RNBQKR2 b Qkq - 5 7,black,e7e5,390.0,0.7508932836251672,0,,35,teacher_candidate,tactics,,,
1496,tactics_0075,tactics,train,generated_0029,r1b1kbnr/p1q1pppp/n1p5/1B1p2N1/1p2P3/8/PPPP1PPP/RNBQKR2 b Qkq - 5 7,black,a8b8,370.0,0.7282542059818115,0,,35,teacher_candidate,tactics,,,
1496,tactics_0075,tactics,train,generated_0029,r1b1kbnr/p1q1pppp/n1p5/1B1p2N1/1p2P3/8/PPPP1PPP/RNBQKR2 b Qkq - 5 7,black,d5e4,133.0,0.3207653461584321,0,,35,teacher_candidate,tactics,,,
1496,tactics_0075,tactics,train,generated_0029,r1b1kbnr/p1q1pppp/n1p5/1B1p2N1/1p2P3/8/PPPP1PPP/RNBQKR2 b Qkq - 5 7,black,c7g3,-1132.0,-0.9930591378732212,0,,35,teacher_candidate,tactics,,,
4756,tactics_0076,tactics,train,generated_0095,rnbk1b1r/pp2pp1p/2p2nP1/3p4/Pq2N3/3P4/1PP1PKPP/R1BQ1BNR b - - 3 8,black,d5e4,666.0,0.930887539427447,1,,47,teacher_candidate,tactics,,,
4756,tactics_0076,tactics,train,generated_0095,rnbk1b1r/pp2pp1p/2p2nP1/3p4/Pq2N3/3P4/1PP1PKPP/R1BQ1BNR b - - 3 8,black,b4d4,340.0,0.6910694698329306,0,,47,teacher_candidate,tactics,,,
4756,tactics_0076,tactics,train,generated_0095,rnbk1b1r/pp2pp1p/2p2nP1/3p4/Pq2N3/3P4/1PP1PKPP/R1BQ1BNR b - - 3 8,black,f6g4,260.0,0.5716699660851172,0,,47,teacher_candidate,tactics,,,
4756,tactics_0076,tactics,train,generated_0095,rnbk1b1r/pp2pp1p/2p2nP1/3p4/Pq2N3/3P4/1PP1PKPP/R1BQ1BNR b - - 3 8,black,c6c5,-73.0,-0.1805005038603668,0,,47,teacher_candidate,tactics,,,
4756,tactics_0076,tactics,train,generated_0095,rnbk1b1r/pp2pp1p/2p2nP1/3p4/Pq2N3/3P4/1PP1PKPP/R1BQ1BNR b - - 3 8,black,b4e1,-923.0,-0.9803898168165917,0,,47,teacher_candidate,tactics,,,
1689,tactics_0077,tactics,train,generated_0033,rnbq1bnr/p2ppk2/1p3ppp/1Pp5/2B4P/2P1PN2/P2P1PP1/RNBQK2R b KQ - 2 7,black,d7d5,-54.0,-0.1341858099309086,1,,4,teacher_candidate,tactics,,,
1689,tactics_0077,tactics,train,generated_0033,rnbq1bnr/p2ppk2/1p3ppp/1Pp5/2B4P/2P1PN2/P2P1PP1/RNBQK2R b KQ - 2 7,black,e7e6,-99.0,-0.2425671903821356,0,,4,teacher_candidate,tactics,,,
1689,tactics_0077,tactics,train,generated_0033,rnbq1bnr/p2ppk2/1p3ppp/1Pp5/2B4P/2P1PN2/P2P1PP1/RNBQK2R b KQ - 2 7,black,f7e8,-746.0,-0.9531386646526594,0,,4,teacher_candidate,tactics,,,
1689,tactics_0077,tactics,train,generated_0033,rnbq1bnr/p2ppk2/1p3ppp/1Pp5/2B4P/2P1PN2/P2P1PP1/RNBQK2R b KQ - 2 7,black,f7g7,-773.0,-0.9589349975863708,0,,4,teacher_candidate,tactics,,,
3998,tactics_0078,tactics,train,generated_0079,rnbqkr2/p1pp1pp1/3bp2p/1p6/PP1B1Pn1/5N2/2PPP1PP/RN1QKB1R b KQq - 1 8,black,c8b7,-76.0,-0.1877462058682854,1,,32,teacher_candidate,tactics,,,
3998,tactics_0078,tactics,train,generated_0079,rnbqkr2/p1pp1pp1/3bp2p/1p6/PP1B1Pn1/5N2/2PPP1PP/RN1QKB1R b KQq - 1 8,black,b8c6,-106.0,-0.2589662239347897,0,,32,teacher_candidate,tactics,,,
3998,tactics_0078,tactics,train,generated_0079,rnbqkr2/p1pp1pp1/3bp2p/1p6/PP1B1Pn1/5N2/2PPP1PP/RN1QKB1R b KQq - 1 8,black,b5a4,-121.0,-0.2935987851159713,0,,32,teacher_candidate,tactics,,,
3998,tactics_0078,tactics,train,generated_0079,rnbqkr2/p1pp1pp1/3bp2p/1p6/PP1B1Pn1/5N2/2PPP1PP/RN1QKB1R b KQq - 1 8,black,g4f6,-257.0,-0.5665993699780818,0,,32,teacher_candidate,tactics,,,
3998,tactics_0078,tactics,train,generated_0079,rnbqkr2/p1pp1pp1/3bp2p/1p6/PP1B1Pn1/5N2/2PPP1PP/RN1QKB1R b KQq - 1 8,black,d8g5,-938.0,-0.9817938815835262,0,,32,teacher_candidate,tactics,,,
2940,tactics_0079,tactics,train,generated_0058,rnbqk2r/pp2npQp/2p1p1p1/3p4/1P1P2P1/B3b3/P1P2P1P/RN2KBNR b KQkq - 0 8,black,h8g8,230.0,0.5190218338982221,1,,31,teacher_candidate,tactics,,,
2940,tactics_0079,tactics,train,generated_0058,rnbqk2r/pp2npQp/2p1p1p1/3p4/1P1P2P1/B3b3/P1P2P1P/RN2KBNR b KQkq - 0 8,black,e3f2,-320.0,-0.6640367702678489,0,,31,teacher_candidate,tactics,,,
2940,tactics_0079,tactics,train,generated_0058,rnbqk2r/pp2npQp/2p1p1p1/3p4/1P1P2P1/B3b3/P1P2P1P/RN2KBNR b KQkq - 0 8,black,h8f8,-366.0,-0.7235234536550119,0,,31,teacher_candidate,tactics,,,
2940,tactics_0079,tactics,train,generated_0058,rnbqk2r/pp2npQp/2p1p1p1/3p4/1P1P2P1/B3b3/P1P2P1P/RN2KBNR b KQkq - 0 8,black,e3c1,-993.0,-0.986140807345014,0,,31,teacher_candidate,tactics,,,
2940,tactics_0079,tactics,train,generated_0058,rnbqk2r/pp2npQp/2p1p1p1/3p4/1P1P2P1/B3b3/P1P2P1P/RN2KBNR b KQkq - 0 8,black,c8d7,-1697.0,-0.9995869985034956,0,,31,teacher_candidate,tactics,,,
1429,tactics_0080,tactics,train,generated_0028,rnbqkb2/1ppp1p2/4p2r/p2P2pp/1P5P/3BPQ2/P2P1PPR/RNB1K1N1 w Qq - 0 9,white,h4g5,691.0,0.9387598039977676,1,,42,teacher_candidate,tactics,,,
1429,tactics_0080,tactics,train,generated_0028,rnbqkb2/1ppp1p2/4p2r/p2P2pp/1P5P/3BPQ2/P2P1PPR/RNB1K1N1 w Qq - 0 9,white,d5e6,437.0,0.797788791179091,0,,42,teacher_candidate,tactics,,,
1429,tactics_0080,tactics,train,generated_0028,rnbqkb2/1ppp1p2/4p2r/p2P2pp/1P5P/3BPQ2/P2P1PPR/RNB1K1N1 w Qq - 0 9,white,b1c3,432.0,0.7931990970835009,0,,42,teacher_candidate,tactics,,,
1429,tactics_0080,tactics,train,generated_0028,rnbqkb2/1ppp1p2/4p2r/p2P2pp/1P5P/3BPQ2/P2P1PPR/RNB1K1N1 w Qq - 0 9,white,d3f1,196.0,0.4542164326822591,0,,42,teacher_candidate,tactics,,,
1429,tactics_0080,tactics,train,generated_0028,rnbqkb2/1ppp1p2/4p2r/p2P2pp/1P5P/3BPQ2/P2P1PPR/RNB1K1N1 w Qq - 0 9,white,f3f4,-967.0,-0.984231927309232,0,,42,teacher_candidate,tactics,,,
1436,tactics_0081,tactics,train,generated_0028,1rbk1bnr/p2q1ppp/npp1p3/Q2p4/2PP2P1/5N2/PP2PP1P/RNB1KB1R w KQ - 0 9,white,a5a4,9.0,0.0224962038937096,1,,39,teacher_candidate,tactics,,,
1436,tactics_0081,tactics,train,generated_0028,1rbk1bnr/p2q1ppp/npp1p3/Q2p4/2PP2P1/5N2/PP2PP1P/RNB1KB1R w KQ - 0 9,white,a5d2,8.0,0.0199973337599309,0,,39,teacher_candidate,tactics,,,
1436,tactics_0081,tactics,train,generated_0028,1rbk1bnr/p2q1ppp/npp1p3/Q2p4/2PP2P1/5N2/PP2PP1P/RNB1KB1R w KQ - 0 9,white,a5c3,-39.0,-0.0971922171662686,0,,39,teacher_candidate,tactics,,,
1436,tactics_0081,tactics,train,generated_0028,1rbk1bnr/p2q1ppp/npp1p3/Q2p4/2PP2P1/5N2/PP2PP1P/RNB1KB1R w KQ - 0 9,white,h2h4,-920.0,-0.9800963962661914,0,,39,teacher_candidate,tactics,,,
1436,tactics_0081,tactics,train,generated_0028,1rbk1bnr/p2q1ppp/npp1p3/Q2p4/2PP2P1/5N2/PP2PP1P/RNB1KB1R w KQ - 0 9,white,b1a3,-1092.0,-0.9915289207183132,0,,39,teacher_candidate,tactics,,,
4468,tactics_0082,tactics,train,generated_0089,r1bqkr2/p1pp1pbn/1pn3pp/4p3/2P4P/1Q2PNP1/PP1PKP2/RNB2BR1 w q - 4 10,white,f1g2,-63.0,-0.1562104657686182,1,,31,teacher_candidate,tactics,,,
4468,tactics_0082,tactics,train,generated_0089,r1bqkr2/p1pp1pbn/1pn3pp/4p3/2P4P/1Q2PNP1/PP1PKP2/RNB2BR1 w q - 4 10,white,b1c3,-110.0,-0.2682711820216014,0,,31,teacher_candidate,tactics,,,
4468,tactics_0082,tactics,train,generated_0089,r1bqkr2/p1pp1pbn/1pn3pp/4p3/2P4P/1Q2PNP1/PP1PKP2/RNB2BR1 w q - 4 10,white,f3e1,-119.0,-0.2890231074125892,0,,31,teacher_candidate,tactics,,,
4468,tactics_0082,tactics,train,generated_0089,r1bqkr2/p1pp1pbn/1pn3pp/4p3/2P4P/1Q2PNP1/PP1PKP2/RNB2BR1 w q - 4 10,white,e3e4,-275.0,-0.5963735554792423,0,,31,teacher_candidate,tactics,,,
4468,tactics_0082,tactics,train,generated_0089,r1bqkr2/p1pp1pbn/1pn3pp/4p3/2P4P/1Q2PNP1/PP1PKP2/RNB2BR1 w q - 4 10,white,f3d4,-850.0,-0.971872745913509,0,,31,teacher_candidate,tactics,,,
2055,tactics_0083,tactics,train,generated_0041,r1bqkb1r/p3pppp/1p1p3n/2p5/3n1P2/P2P2PB/RPPNPK1P/2BQ2NR b kq - 1 9,black,h6g4,59.0,0.1464395453596697,1,,33,teacher_candidate,tactics,,,
2055,tactics_0083,tactics,train,generated_0041,r1bqkb1r/p3pppp/1p1p3n/2p5/3n1P2/P2P2PB/RPPNPK1P/2BQ2NR b kq - 1 9,black,c8h3,46.0,0.1144957091971111,0,,33,teacher_candidate,tactics,,,
2055,tactics_0083,tactics,train,generated_0041,r1bqkb1r/p3pppp/1p1p3n/2p5/3n1P2/P2P2PB/RPPNPK1P/2BQ2NR b kq - 1 9,black,g7g6,26.0,0.0649086127746375,0,,33,teacher_candidate,tactics,,,
2055,tactics_0083,tactics,train,generated_0041,r1bqkb1r/p3pppp/1p1p3n/2p5/3n1P2/P2P2PB/RPPNPK1P/2BQ2NR b kq - 1 9,black,d4c6,-41.0,-0.1021425386146839,0,,33,teacher_candidate,tactics,,,
2055,tactics_0083,tactics,train,generated_0041,r1bqkb1r/p3pppp/1p1p3n/2p5/3n1P2/P2P2PB/RPPNPK1P/2BQ2NR b kq - 1 9,black,d8d7,-733.0,-0.9500700718647336,0,,33,teacher_candidate,tactics,,,
555,tactics_0084,tactics,train,generated_0011,rnbqkbnr/p2pp2p/2p3p1/1p6/PP3p1P/2NP3R/2P1PPP1/1RBQKBN1 b kq - 0 10,black,f8g7,-63.0,-0.1562104657686182,1,,23,teacher_candidate,tactics,,,
555,tactics_0084,tactics,train,generated_0011,rnbqkbnr/p2pp2p/2p3p1/1p6/PP3p1P/2NP3R/2P1PPP1/1RBQKBN1 b kq - 0 10,black,a7a5,-129.0,-0.3117656824156273,0,,23,teacher_candidate,tactics,,,
555,tactics_0084,tactics,train,generated_0011,rnbqkbnr/p2pp2p/2p3p1/1p6/PP3p1P/2NP3R/2P1PPP1/1RBQKBN1 b kq - 0 10,black,d7d5,-132.0,-0.3185207769027708,0,,23,teacher_candidate,tactics,,,
555,tactics_0084,tactics,train,generated_0011,rnbqkbnr/p2pp2p/2p3p1/1p6/PP3p1P/2NP3R/2P1PPP1/1RBQKBN1 b kq - 0 10,black,d8c7,-246.0,-0.5476371485389077,0,,23,teacher_candidate,tactics,,,
555,tactics_0084,tactics,train,generated_0011,rnbqkbnr/p2pp2p/2p3p1/1p6/PP3p1P/2NP3R/2P1PPP1/1RBQKBN1 b kq - 0 10,black,d8a5,-866.0,-0.9740071668842932,0,,23,teacher_candidate,tactics,,,
4854,tactics_0085,tactics,train,generated_0097,r1bqkb2/p1pppppr/1p6/7p/1n3P2/Nn1P3P/P1PBK1P1/R2Q1BNR b q - 1 10,black,b3d4,465.0,0.8218529445288736,1,,31,teacher_candidate,tactics,,,
4854,tactics_0085,tactics,train,generated_0097,r1bqkb2/p1pppppr/1p6/7p/1n3P2/Nn1P3P/P1PBK1P1/R2Q1BNR b q - 1 10,black,b3d2,428.0,0.7894612209549805,0,,31,teacher_candidate,tactics,,,
4854,tactics_0085,tactics,train,generated_0097,r1bqkb2/p1pppppr/1p6/7p/1n3P2/Nn1P3P/P1PBK1P1/R2Q1BNR b q - 1 10,black,b3a1,271.0,0.5898917298212704,0,,31,teacher_candidate,tactics,,,
4854,tactics_0085,tactics,train,generated_0097,r1bqkb2/p1pppppr/1p6/7p/1n3P2/Nn1P3P/P1PBK1P1/R2Q1BNR b q - 1 10,black,h7h6,-257.0,-0.5665993699780818,0,,31,teacher_candidate,tactics,,,
4854,tactics_0085,tactics,train,generated_0097,r1bqkb2/p1pppppr/1p6/7p/1n3P2/Nn1P3P/P1PBK1P1/R2Q1BNR b q - 1 10,black,b4a2,-672.0,-0.9328615534370348,0,,31,teacher_candidate,tactics,,,
3552,tactics_0086,tactics,train,generated_0071,rnbk1bnr/1Ppqpp2/7p/pP1p2p1/8/2N2P2/P2PP1PP/R1BQKBNR w KQ - 0 9,white,b7a8q,1089.0,0.9914014471601932,1,,32,teacher_candidate,tactics,,,
3552,tactics_0086,tactics,train,generated_0071,rnbk1bnr/1Ppqpp2/7p/pP1p2p1/8/2N2P2/P2PP1PP/R1BQKBNR w KQ - 0 9,white,b7a8n,976.0,0.9849205308832532,0,,32,teacher_candidate,tactics,,,
3552,tactics_0086,tactics,train,generated_0071,rnbk1bnr/1Ppqpp2/7p/pP1p2p1/8/2N2P2/P2PP1PP/R1BQKBNR w KQ - 0 9,white,b7a8r,967.0,0.984231927309232,0,,32,teacher_candidate,tactics,,,
3552,tactics_0086,tactics,train,generated_0071,rnbk1bnr/1Ppqpp2/7p/pP1p2p1/8/2N2P2/P2PP1PP/R1BQKBNR w KQ - 0 9,white,a2a3,195.0,0.4522299625215583,0,,32,teacher_candidate,tactics,,,
3552,tactics_0086,tactics,train,generated_0071,rnbk1bnr/1Ppqpp2/7p/pP1p2p1/8/2N2P2/P2PP1PP/R1BQKBNR w KQ - 0 9,white,c3b1,52.0,0.1292725836060583,0,,32,teacher_candidate,tactics,,,
1718,tactics_0087,tactics,train,generated_0034,rnb1kb1r/p2ppppp/2p2n2/qp6/1P1P4/2P2P1P/P2NP1P1/R1BQKBNR w KQq - 1 7,white,b4a5,448.0,0.8075689165786144,1,,23,teacher_candidate,tactics,,,
1718,tactics_0087,tactics,train,generated_0034,rnb1kb1r/p2ppppp/2p2n2/qp6/1P1P4/2P2P1P/P2NP1P1/R1BQKBNR w KQq - 1 7,white,a2a4,143.0,0.3430100684508116,0,,23,teacher_candidate,tactics,,,
1718,tactics_0087,tactics,train,generated_0034,rnb1kb1r/p2ppppp/2p2n2/qp6/1P1P4/2P2P1P/P2NP1P1/R1BQKBNR w KQq - 1 7,white,e2e4,121.0,0.2935987851159713,0,,23,teacher_candidate,tactics,,,
1718,tactics_0087,tactics,train,generated_0034,rnb1kb1r/p2ppppp/2p2n2/qp6/1P1P4/2P2P1P/P2NP1P1/R1BQKBNR w KQq - 1 7,white,e1f2,3.0,0.0074998593781639,0,,23,teacher_candidate,tactics,,,
1718,tactics_0087,tactics,train,generated_0034,rnb1kb1r/p2ppppp/2p2n2/qp6/1P1P4/2P2P1P/P2NP1P1/R1BQKBNR w KQq - 1 7,white,c1a3,-847.0,-0.9714537242590624,0,,23,teacher_candidate,tactics,,,
4579,tactics_0088,tactics,train,generated_0091,r1bqkbnr/pn1ppp1p/1pp5/6p1/P2P2P1/NP5B/2P1PP1P/R1BQ1KNR b kq - 4 7,black,d7d5,0.0,0.0,1,,21,teacher_candidate,tactics,,,
4579,tactics_0088,tactics,train,generated_0091,r1bqkbnr/pn1ppp1p/1pp5/6p1/P2P2P1/NP5B/2P1PP1P/R1BQ1KNR b kq - 4 7,black,e7e6,-23.0,-0.0574367139028792,0,,21,teacher_candidate,tactics,,,
4579,tactics_0088,tactics,train,generated_0091,r1bqkbnr/pn1ppp1p/1pp5/6p1/P2P2P1/NP5B/2P1PP1P/R1BQ1KNR b kq - 4 7,black,h7h6,-26.0,-0.0649086127746375,0,,21,teacher_candidate,tactics,,,
4579,tactics_0088,tactics,train,generated_0091,r1bqkbnr/pn1ppp1p/1pp5/6p1/P2P2P1/NP5B/2P1PP1P/R1BQ1KNR b kq - 4 7,black,d7d6,-161.0,-0.3820860248314457,0,,21,teacher_candidate,tactics,,,
4579,tactics_0088,tactics,train,generated_0091,r1bqkbnr/pn1ppp1p/1pp5/6p1/P2P2P1/NP5B/2P1PP1P/R1BQ1KNR b kq - 4 7,black,b7c5,-571.0,-0.8911531288062178,0,,21,teacher_candidate,tactics,,,
1605,tactics_0089,tactics,train,generated_0032,rn1qkb1r/pbppn1pp/5p2/1p2p3/3PP3/N3B3/PPP1NPPP/R2QKB1R w KQkq - 6 7,white,d4e5,223.0,0.5061201808426754,1,,33,teacher_candidate,tactics,,,
1605,tactics_0089,tactics,train,generated_0032,rn1qkb1r/pbppn1pp/5p2/1p2p3/3PP3/N3B3/PPP1NPPP/R2QKB1R w KQkq - 6 7,white,a3b5,168.0,0.3969304320050775,0,,33,teacher_candidate,tactics,,,
1605,tactics_0089,tactics,train,generated_0032,rn1qkb1r/pbppn1pp/5p2/1p2p3/3PP3/N3B3/PPP1NPPP/R2QKB1R w KQkq - 6 7,white,c2c4,150.0,0.3583573983507859,0,,33,teacher_candidate,tactics,,,
1605,tactics_0089,tactics,train,generated_0032,rn1qkb1r/pbppn1pp/5p2/1p2p3/3PP3/N3B3/PPP1NPPP/R2QKB1R w KQkq - 6 7,white,b2b3,50.0,0.1243530017715962,0,,33,teacher_candidate,tactics,,,
1605,tactics_0089,tactics,train,generated_0032,rn1qkb1r/pbppn1pp/5p2/1p2p3/3PP3/N3B3/PPP1NPPP/R2QKB1R w KQkq - 6 7,white,e3g5,-433.0,-0.7941243483656557,0,,33,teacher_candidate,tactics,,,
2268,tactics_0090,tactics,train,generated_0045,2q1kb1r/rpp2ppp/3p3B/p3p3/1n1P2b1/P1P3QB/1P2PP1P/RN2K1NR b KQk - 5 10,black,b4c2,321.0,0.6654320889230336,1,,39,teacher_candidate,tactics,,,
2268,tactics_0090,tactics,train,generated_0045,2q1kb1r/rpp2ppp/3p3B/p3p3/1n1P2b1/P1P3QB/1P2PP1P/RN2K1NR b KQk - 5 10,black,g4h3,-430.0,-0.7913375537619973,0,,39,teacher_candidate,tactics,,,
2268,tactics_0090,tactics,train,generated_0045,2q1kb1r/rpp2ppp/3p3B/p3p3/1n1P2b1/P1P3QB/1P2PP1P/RN2K1NR b KQk - 5 10,black,h8g8,-540.0,-0.874053287886007,0,,39,teacher_candidate,tactics,,,
2268,tactics_0090,tactics,train,generated_0045,2q1kb1r/rpp2ppp/3p3B/p3p3/1n1P2b1/P1P3QB/1P2PP1P/RN2K1NR b KQk - 5 10,black,a7a8,-799.0,-0.9638505266716332,0,,39,teacher_candidate,tactics,,,
2268,tactics_0090,tactics,train,generated_0045,2q1kb1r/rpp2ppp/3p3B/p3p3/1n1P2b1/P1P3QB/1P2PP1P/RN2K1NR b KQk - 5 10,black,e8d7,-1247.0,-0.9960884068435716,0,,39,teacher_candidate,tactics,,,
1284,tactics_0091,tactics,train,generated_0025,rnbqkbnr/ppp3Bp/4p3/5p2/P4P2/1P3K2/R2PP1PP/1b1Q1BNR b kq - 0 9,black,b1e4,1010.0,0.9872629689863688,1,,39,teacher_candidate,tactics,,,
1284,tactics_0091,tactics,train,generated_0025,rnbqkbnr/ppp3Bp/4p3/5p2/P4P2/1P3K2/R2PP1PP/1b1Q1BNR b kq - 0 9,black,c8d7,962.0,0.9838359827493492,0,,39,teacher_candidate,tactics,,,
1284,tactics_0091,tactics,train,generated_0025,rnbqkbnr/ppp3Bp/4p3/5p2/P4P2/1P3K2/R2PP1PP/1b1Q1BNR b kq - 0 9,black,b7b5,954.0,0.983181863868074,0,,39,teacher_candidate,tactics,,,
1284,tactics_0091,tactics,train,generated_0025,rnbqkbnr/ppp3Bp/4p3/5p2/P4P2/1P3K2/R2PP1PP/1b1Q1BNR b kq - 0 9,black,b8c6,647.0,0.9242607043197804,0,,39,teacher_candidate,tactics,,,
1284,tactics_0091,tactics,train,generated_0025,rnbqkbnr/ppp3Bp/4p3/5p2/P4P2/1P3K2/R2PP1PP/1b1Q1BNR b kq - 0 9,black,d8d4,-601.0,-0.9055989993239618,0,,39,teacher_candidate,tactics,,,
3788,tactics_0092,tactics,train,generated_0075,rnbqkbnr/p2pp3/1p2Npp1/6Bp/3p4/N7/PPP1PPPP/R2QKB1R w Kkq - 0 9,white,e6d8,548.0,0.8786921933686958,1,,38,teacher_candidate,tactics,,,
3788,tactics_0092,tactics,train,generated_0075,rnbqkbnr/p2pp3/1p2Npp1/6Bp/3p4/N7/PPP1PPPP/R2QKB1R w Kkq - 0 9,white,g5f6,300.0,0.6351489523872873,0,,38,teacher_candidate,tactics,,,
3788,tactics_0092,tactics,train,generated_0075,rnbqkbnr/p2pp3/1p2Npp1/6Bp/3p4/N7/PPP1PPPP/R2QKB1R w Kkq - 0 9,white,d1d4,109.0,0.2659495533609213,0,,38,teacher_candidate,tactics,,,
3788,tactics_0092,tactics,train,generated_0075,rnbqkbnr/p2pp3/1p2Npp1/6Bp/3p4/N7/PPP1PPPP/R2QKB1R w Kkq - 0 9,white,d1b1,-644.0,-0.9231600289968692,0,,38,teacher_candidate,tactics,,,
3788,tactics_0092,tactics,train,generated_0075,rnbqkbnr/p2pp3/1p2Npp1/6Bp/3p4/N7/PPP1PPPP/R2QKB1R w Kkq - 0 9,white,e6c5,-841.0,-0.9705971416215484,0,,38,teacher_candidate,tactics,,,
2784,tactics_0093,tactics,train,generated_0055,rnbqkb1r/1pp1p1p1/p6n/1N3p1p/3pP1P1/3P3P/PPP2P2/1RBQKBNR b Kkq - 0 7,black,a6b5,681.0,0.9357208654906952,1,,29,teacher_candidate,tactics,,,
2784,tactics_0093,tactics,train,generated_0055,rnbqkb1r/1pp1p1p1/p6n/1N3p1p/3pP1P1/3P3P/PPP2P2/1RBQKBNR b Kkq - 0 7,black,e7e5,208.0,0.477700012168498,0,,29,teacher_candidate,tactics,,,
2784,tactics_0093,tactics,train,generated_0055,rnbqkb1r/1pp1p1p1/p6n/1N3p1p/3pP1P1/3P3P/PPP2P2/1RBQKBNR b Kkq - 0 7,black,h5g4,191.0,0.4442392116987145,0,,29,teacher_candidate,tactics,,,
2784,tactics_0093,tactics,train,generated_0055,rnbqkb1r/1pp1p1p1/p6n/1N3p1p/3pP1P1/3P3P/PPP2P2/1RBQKBNR b Kkq - 0 7,black,b7b6,37.0,0.0922370820915592,0,,29,teacher_candidate,tactics,,,
2784,tactics_0093,tactics,train,generated_0055,rnbqkb1r/1pp1p1p1/p6n/1N3p1p/3pP1P1/3P3P/PPP2P2/1RBQKBNR b Kkq - 0 7,black,d8d5,-1073.0,-0.9906886330674952,0,,29,teacher_candidate,tactics,,,
3539,tactics_0094,tactics,train,generated_0070,r1bqkb1r/ppQ2ppp/8/3pp1N1/1n1P1P2/2N1n3/PPP1P1PP/R1B1KB1R b KQkq - 0 8,black,b4c2,1008.0,0.9871357830661628,1,,40,teacher_candidate,tactics,,,
3539,tactics_0094,tactics,train,generated_0070,r1bqkb1r/ppQ2ppp/8/3pp1N1/1n1P1P2/2N1n3/PPP1P1PP/R1B1KB1R b KQkq - 0 8,black,e3c2,868.0,0.974262471607895,0,,40,teacher_candidate,tactics,,,
3539,tactics_0094,tactics,train,generated_0070,r1bqkb1r/ppQ2ppp/8/3pp1N1/1n1P1P2/2N1n3/PPP1P1PP/R1B1KB1R b KQkq - 0 8,black,e3g2,807.0,0.9652433350320648,0,,40,teacher_candidate,tactics,,,
3539,tactics_0094,tactics,train,generated_0070,r1bqkb1r/ppQ2ppp/8/3pp1N1/1n1P1P2/2N1n3/PPP1P1PP/R1B1KB1R b KQkq - 0 8,black,b7b6,-99999.0,-1.0,0,,40,teacher_candidate,tactics,,,
3539,tactics_0094,tactics,train,generated_0070,r1bqkb1r/ppQ2ppp/8/3pp1N1/1n1P1P2/2N1n3/PPP1P1PP/R1B1KB1R b KQkq - 0 8,black,h8g8,-99999.0,-1.0,0,,40,teacher_candidate,tactics,,,
3993,tactics_0095,tactics,train,generated_0079,r2qkbnr/pbppBp1p/6p1/8/pnP3P1/3P1P1N/1P2P2P/RN1QKB1R b KQkq - 0 8,black,d8e7,900.0,0.9780261147388136,1,,36,teacher_candidate,tactics,,,
3993,tactics_0095,tactics,train,generated_0079,r2qkbnr/pbppBp1p/6p1/8/pnP3P1/3P1P1N/1P2P2P/RN1QKB1R b KQkq - 0 8,black,f8e7,825.0,0.9681872165763704,0,,36,teacher_candidate,tactics,,,
3993,tactics_0095,tactics,train,generated_0079,r2qkbnr/pbppBp1p/6p1/8/pnP3P1/3P1P1N/1P2P2P/RN1QKB1R b KQkq - 0 8,black,g8e7,806.0,0.9650721590620808,0,,36,teacher_candidate,tactics,,,
3993,tactics_0095,tactics,train,generated_0079,r2qkbnr/pbppBp1p/6p1/8/pnP3P1/3P1P1N/1P2P2P/RN1QKB1R b KQkq - 0 8,black,b7c6,-840.0,-0.970451936613454,0,,36,teacher_candidate,tactics,,,
3993,tactics_0095,tactics,train,generated_0079,r2qkbnr/pbppBp1p/6p1/8/pnP3P1/3P1P1N/1P2P2P/RN1QKB1R b KQkq - 0 8,black,d7d6,-1000.0,-0.9866142981514304,0,,36,teacher_candidate,tactics,,,
2824,tactics_0096,tactics,train,generated_0056,rnbqkb1r/pppppp1p/5np1/6P1/5P1P/4P2R/PPPP4/RNBQKBN1 w Qkq - 1 7,white,g5f6,513.0,0.8571495748848095,1,,32,teacher_candidate,tactics,,,
2824,tactics_0096,tactics,train,generated_0056,rnbqkb1r/pppppp1p/5np1/6P1/5P1P/4P2R/PPPP4/RNBQKBN1 w Qkq - 1 7,white,d2d4,142.0,0.3408023196177371,0,,32,teacher_candidate,tactics,,,
2824,tactics_0096,tactics,train,generated_0056,rnbqkb1r/pppppp1p/5np1/6P1/5P1P/4P2R/PPPP4/RNBQKBN1 w Qkq - 1 7,white,f1g2,138.0,0.3319338535036404,0,,32,teacher_candidate,tactics,,,
2824,tactics_0096,tactics,train,generated_0056,rnbqkb1r/pppppp1p/5np1/6P1/5P1P/4P2R/PPPP4/RNBQKBN1 w Qkq - 1 7,white,g1f3,-21.0,-0.0524518187441374,0,,32,teacher_candidate,tactics,,,
2824,tactics_0096,tactics,train,generated_0056,rnbqkb1r/pppppp1p/5np1/6P1/5P1P/4P2R/PPPP4/RNBQKBN1 w Qkq - 1 7,white,d1h5,-823.0,-0.9678726287299844,0,,32,teacher_candidate,tactics,,,
4405,tactics_0097,tactics,train,generated_0088,r1bqkbn1/p1pppp2/np6/1B5p/P2P2p1/NP6/2P2PPP/R1BKQ1NR w q - 0 10,white,c1b2,934.0,0.9814295085966688,1,,43,teacher_candidate,tactics,,,
4405,tactics_0097,tactics,train,generated_0088,r1bqkbn1/p1pppp2/np6/1B5p/P2P2p1/NP6/2P2PPP/R1BKQ1NR w q - 0 10,white,c1d2,919.0,0.9799976268279698,0,,43,teacher_candidate,tactics,,,
4405,tactics_0097,tactics,train,generated_0088,r1bqkbn1/p1pppp2/np6/1B5p/P2P2p1/NP6/2P2PPP/R1BKQ1NR w q - 0 10,white,c1g5,898.0,0.9778077240050848,0,,43,teacher_candidate,tactics,,,
4405,tactics_0097,tactics,train,generated_0088,r1bqkbn1/p1pppp2/np6/1B5p/P2P2p1/NP6/2P2PPP/R1BKQ1NR w q - 0 10,white,a1a2,702.0,0.9419419283273184,0,,43,teacher_candidate,tactics,,,
4405,tactics_0097,tactics,train,generated_0088,r1bqkbn1/p1pppp2/np6/1B5p/P2P2p1/NP6/2P2PPP/R1BKQ1NR w q - 0 10,white,e1a5,-779.0,-0.9601244542600316,0,,43,teacher_candidate,tactics,,,
2858,tactics_0098,tactics,train,generated_0057,2r1kbnr/1pp1ppp1/2nq3p/p4P2/3P4/8/PPP2PPP/RNB1KBNR b KQk - 0 8,black,c6d4,790.0,0.962218076125922,1,,36,teacher_candidate,tactics,,,
2858,tactics_0098,tactics,train,generated_0057,2r1kbnr/1pp1ppp1/2nq3p/p4P2/3P4/8/PPP2PPP/RNB1KBNR b KQk - 0 8,black,e7e5,706.0,0.9430588246198056,0,,36,teacher_candidate,tactics,,,
2858,tactics_0098,tactics,train,generated_0057,2r1kbnr/1pp1ppp1/2nq3p/p4P2/3P4/8/PPP2PPP/RNB1KBNR b KQk - 0 8,black,e7e6,694.0,0.9396440370282482,0,,36,teacher_candidate,tactics,,,
2858,tactics_0098,tactics,train,generated_0057,2r1kbnr/1pp1ppp1/2nq3p/p4P2/3P4/8/PPP2PPP/RNB1KBNR b KQk - 0 8,black,c8d8,498.0,0.8468756052963757,0,,36,teacher_candidate,tactics,,,
2858,tactics_0098,tactics,train,generated_0057,2r1kbnr/1pp1ppp1/2nq3p/p4P2/3P4/8/PPP2PPP/RNB1KBNR b KQk - 0 8,black,d6e6,-862.0,-0.9734890371458024,0,,36,teacher_candidate,tactics,,,
797,tactics_0099,tactics,train,generated_0015,r2qkb2/pbpppp1r/n4npp/2p5/8/N1P2P1P/PP1PP1P1/R1BQKB1R w KQq - 1 9,white,d1b3,-172.0,-0.405321308689463,1,,22,teacher_candidate,tactics,,,
797,tactics_0099,tactics,train,generated_0015,r2qkb2/pbpppp1r/n4npp/2p5/8/N1P2P1P/PP1PP1P1/R1BQKB1R w KQq - 1 9,white,a3b1,-177.0,-0.4157145428489626,0,,22,teacher_candidate,tactics,,,
797,tactics_0099,tactics,train,generated_0015,r2qkb2/pbpppp1r/n4npp/2p5/8/N1P2P1P/PP1PP1P1/R1BQKB1R w KQq - 1 9,white,h3h4,-462.0,-0.8194037105941603,0,,22,teacher_candidate,tactics,,,
797,tactics_0099,tactics,train,generated_0015,r2qkb2/pbpppp1r/n4npp/2p5/8/N1P2P1P/PP1PP1P1/R1BQKB1R w KQq - 1 9,white,h1h2,-697.0,-0.940515894540715,0,,22,teacher_candidate,tactics,,,
797,tactics_0099,tactics,train,generated_0015,r2qkb2/pbpppp1r/n4npp/2p5/8/N1P2P1P/PP1PP1P1/R1BQKB1R w KQq - 1 9,white,f3f4,-830.0,-0.9689604868431824,0,,22,teacher_candidate,tactics,,,
4212,tactics_0100,tactics,train,generated_0084,rnbk1bnr/p2pq2p/5p2/1P2p1P1/P7/1pN2N2/1B1PPKPP/R2Q1B1R b - - 0 10,black,e7e6,-374.0,-0.732916554933575,1,,26,teacher_candidate,tactics,,,
4212,tactics_0100,tactics,train,generated_0084,rnbk1bnr/p2pq2p/5p2/1P2p1P1/P7/1pN2N2/1B1PPKPP/R2Q1B1R b - - 0 10,black,c8b7,-398.0,-0.7594862750644984,0,,26,teacher_candidate,tactics,,,
4212,tactics_0100,tactics,train,generated_0084,rnbk1bnr/p2pq2p/5p2/1P2p1P1/P7/1pN2N2/1B1PPKPP/R2Q1B1R b - - 0 10,black,e5e4,-413.0,-0.7749090662984006,0,,26,teacher_candidate,tactics,,,
4212,tactics_0100,tactics,train,generated_0084,rnbk1bnr/p2pq2p/5p2/1P2p1P1/P7/1pN2N2/1B1PPKPP/R2Q1B1R b - - 0 10,black,d8e8,-603.0,-0.9064943898009044,0,,26,teacher_candidate,tactics,,,
4212,tactics_0100,tactics,train,generated_0084,rnbk1bnr/p2pq2p/5p2/1P2p1P1/P7/1pN2N2/1B1PPKPP/R2Q1B1R b - - 0 10,black,e7a3,-843.0,-0.9708854460252452,0,,26,teacher_candidate,tactics,,,
1339,tactics_0101,tactics,train,generated_0026,r1bqkbnr/ppp1pppp/8/1Bnp4/P3P3/2N5/1PPP1PPP/1RBQK1NR b Kkq - 4 7,black,c7c6,143.0,0.3430100684508116,1,,4,teacher_candidate,tactics,,,
1339,tactics_0101,tactics,train,generated_0026,r1bqkbnr/ppp1pppp/8/1Bnp4/P3P3/2N5/1PPP1PPP/1RBQK1NR b Kkq - 4 7,black,c8d7,-244.0,-0.5441270988535675,0,,4,teacher_candidate,tactics,,,
1339,tactics_0101,tactics,train,generated_0026,r1bqkbnr/ppp1pppp/8/1Bnp4/P3P3/2N5/1PPP1PPP/1RBQK1NR b Kkq - 4 7,black,c5d7,-365.0,-0.7223300129053857,0,,4,teacher_candidate,tactics,,,
1339,tactics_0101,tactics,train,generated_0026,r1bqkbnr/ppp1pppp/8/1Bnp4/P3P3/2N5/1PPP1PPP/1RBQK1NR b Kkq - 4 7,black,d8d7,-904.0,-0.9784565399097168,0,,4,teacher_candidate,tactics,,,
2506,tactics_0102,tactics,train,generated_0050,rn1qkbnr/ppp3pp/4pp2/7b/3p4/2PP1P1P/PP2P1R1/RNBQKBN1 w Qkq - 0 8,white,d1a4,-74.0,-0.1829179568655601,1,,30,teacher_candidate,tactics,,,
2506,tactics_0102,tactics,train,generated_0050,rn1qkbnr/ppp3pp/4pp2/7b/3p4/2PP1P1P/PP2P1R1/RNBQKBN1 w Qkq - 0 8,white,d1b3,-176.0,-0.4136444421871351,0,,30,teacher_candidate,tactics,,,
2506,tactics_0102,tactics,train,generated_0050,rn1qkbnr/ppp3pp/4pp2/7b/3p4/2PP1P1P/PP2P1R1/RNBQKBN1 w Qkq - 0 8,white,f3f4,-222.0,-0.5042582228791403,0,,30,teacher_candidate,tactics,,,
2506,tactics_0102,tactics,train,generated_0050,rn1qkbnr/ppp3pp/4pp2/7b/3p4/2PP1P1P/PP2P1R1/RNBQKBN1 w Qkq - 0 8,white,b2b4,-332.0,-0.6804760061126619,0,,30,teacher_candidate,tactics,,,
2506,tactics_0102,tactics,train,generated_0050,rn1qkbnr/ppp3pp/4pp2/7b/3p4/2PP1P1P/PP2P1R1/RNBQKBN1 w Qkq - 0 8,white,g2g6,-992.0,-0.9860718216444758,0,,30,teacher_candidate,tactics,,,
313,tactics_0103,tactics,train,generated_0006,rn2kbnr/pppqppp1/3p4/7p/3P2b1/5N1P/PPP1PPP1/RNBQKBR1 w Qkq - 2 7,white,h3g4,556.0,0.8831708889152075,1,,29,teacher_candidate,tactics,,,
313,tactics_0103,tactics,train,generated_0006,rn2kbnr/pppqppp1/3p4/7p/3P2b1/5N1P/PPP1PPP1/RNBQKBR1 w Qkq - 2 7,white,a2a3,228.0,0.5153592780074097,0,,29,teacher_candidate,tactics,,,
313,tactics_0103,tactics,train,generated_0006,rn2kbnr/pppqppp1/3p4/7p/3P2b1/5N1P/PPP1PPP1/RNBQKBR1 w Qkq - 2 7,white,f3g5,145.0,0.3474141989090428,0,,29,teacher_candidate,tactics,,,
313,tactics_0103,tactics,train,generated_0006,rn2kbnr/pppqppp1/3p4/7p/3P2b1/5N1P/PPP1PPP1/RNBQKBR1 w Qkq - 2 7,white,d4d5,61.0,0.1513287020850988,0,,29,teacher_candidate,tactics,,,
313,tactics_0103,tactics,train,generated_0006,rn2kbnr/pppqppp1/3p4/7p/3P2b1/5N1P/PPP1PPP1/RNBQKBR1 w Qkq - 2 7,white,c1h6,-560.0,-0.8853516482022625,0,,29,teacher_candidate,tactics,,,
2805,tactics_0104,tactics,train,generated_0056,2bqkbnr/2p1p2p/rpnp4/p4PN1/P7/N7/1PPPPPBP/R1BQKR2 b Qk - 1 10,black,c6b4,-658.0,-0.9281683082344766,1,,23,teacher_candidate,tactics,,,
2805,tactics_0104,tactics,train,generated_0056,2bqkbnr/2p1p2p/rpnp4/p4PN1/P7/N7/1PPPPPBP/R1BQKR2 b Qk - 1 10,black,c6d4,-673.0,-0.9331852212249364,0,,23,teacher_candidate,tactics,,,
2805,tactics_0104,tactics,train,generated_0056,2bqkbnr/2p1p2p/rpnp4/p4PN1/P7/N7/1PPPPPBP/R1BQKR2 b Qk - 1 10,black,c6e5,-694.0,-0.9396440370282482,0,,23,teacher_candidate,tactics,,,
2805,tactics_0104,tactics,train,generated_0056,2bqkbnr/2p1p2p/rpnp4/p4PN1/P7/N7/1PPPPPBP/R1BQKR2 b Qk - 1 10,black,h7h6,-905.0,-0.978562836670134,0,,23,teacher_candidate,tactics,,,
2805,tactics_0104,tactics,train,generated_0056,2bqkbnr/2p1p2p/rpnp4/p4PN1/P7/N7/1PPPPPBP/R1BQKR2 b Qk - 1 10,black,c8e6,-1230.0,-0.9957421205680717,0,,23,teacher_candidate,tactics,,,
3182,tactics_0105,tactics,train,generated_0063,rnb1qbnr/1p1pk3/pB5p/2pPppN1/8/P5P1/1PP1PP1P/RNQ1KB1R b KQ - 2 10,black,d7d6,-70.0,-0.1732351578346601,1,,18,teacher_candidate,tactics,,,
3182,tactics_0105,tactics,train,generated_0063,rnb1qbnr/1p1pk3/pB5p/2pPppN1/8/P5P1/1PP1PP1P/RNQ1KB1R b KQ - 2 10,black,h6g5,-121.0,-0.2935987851159713,0,,18,teacher_candidate,tactics,,,
3182,tactics_0105,tactics,train,generated_0063,rnb1qbnr/1p1pk3/pB5p/2pPppN1/8/P5P1/1PP1PP1P/RNQ1KB1R b KQ - 2 10,black,e8g6,-214.0,-0.4891938316549519,0,,18,teacher_candidate,tactics,,,
3182,tactics_0105,tactics,train,generated_0063,rnb1qbnr/1p1pk3/pB5p/2pPppN1/8/P5P1/1PP1PP1P/RNQ1KB1R b KQ - 2 10,black,e7f6,-468.0,-0.8242721703413975,0,,18,teacher_candidate,tactics,,,
3182,tactics_0105,tactics,train,generated_0063,rnb1qbnr/1p1pk3/pB5p/2pPppN1/8/P5P1/1PP1PP1P/RNQ1KB1R b KQ - 2 10,black,h8h7,-1119.0,-0.9925947222981364,0,,18,teacher_candidate,tactics,,,
1968,tactics_0106,tactics,train,generated_0039,rnbk1br1/1p1p2pp/pq1p1p1P/2p5/8/NP6/P1PPPP1P/R2QKBNR w KQ - 6 10,white,a3c4,90.0,0.221278467898444,1,,23,teacher_candidate,tactics,,,
1968,tactics_0106,tactics,train,generated_0039,rnbk1br1/1p1p2pp/pq1p1p1P/2p5/8/NP6/P1PPPP1P/R2QKBNR w KQ - 6 10,white,f1g2,84.0,0.2069664997294525,0,,23,teacher_candidate,tactics,,,
1968,tactics_0106,tactics,train,generated_0039,rnbk1br1/1p1p2pp/pq1p1p1P/2p5/8/NP6/P1PPPP1P/R2QKBNR w KQ - 6 10,white,e2e4,67.0,0.165950908402399,0,,23,teacher_candidate,tactics,,,
1968,tactics_0106,tactics,train,generated_0039,rnbk1br1/1p1p2pp/pq1p1p1P/2p5/8/NP6/P1PPPP1P/R2QKBNR w KQ - 6 10,white,a1b1,-34.0,-0.0847958815487019,0,,23,teacher_candidate,tactics,,,
1968,tactics_0106,tactics,train,generated_0039,rnbk1br1/1p1p2pp/pq1p1p1P/2p5/8/NP6/P1PPPP1P/R2QKBNR w KQ - 6 10,white,a3b5,-709.0,-0.9438827817700052,0,,23,teacher_candidate,tactics,,,
388,tactics_0107,tactics,train,generated_0007,rnbq1bkr/pp1pn1pp/2p2p2/4pPN1/6P1/PP6/R1PPP2P/1NBQKB1R b K - 3 8,black,f6g5,693.0,0.939350675792384,1,,20,teacher_candidate,tactics,,,
388,tactics_0107,tactics,train,generated_0007,rnbq1bkr/pp1pn1pp/2p2p2/4pPN1/6P1/PP6/R1PPP2P/1NBQKB1R b K - 3 8,black,h7h5,246.0,0.5476371485389077,0,,20,teacher_candidate,tactics,,,
388,tactics_0107,tactics,train,generated_0007,rnbq1bkr/pp1pn1pp/2p2p2/4pPN1/6P1/PP6/R1PPP2P/1NBQKB1R b K - 3 8,black,d7d5,193.0,0.4482435415416372,0,,20,teacher_candidate,tactics,,,
388,tactics_0107,tactics,train,generated_0007,rnbq1bkr/pp1pn1pp/2p2p2/4pPN1/6P1/PP6/R1PPP2P/1NBQKB1R b K - 3 8,black,b8a6,96.0,0.2354957495384979,0,,20,teacher_candidate,tactics,,,
388,tactics_0107,tactics,train,generated_0007,rnbq1bkr/pp1pn1pp/2p2p2/4pPN1/6P1/PP6/R1PPP2P/1NBQKB1R b K - 3 8,black,e5e4,-132.0,-0.3185207769027708,0,,20,teacher_candidate,tactics,,,
206,tactics_0108,tactics,train,generated_0004,1rbqkb1r/ppp1pp1p/8/3p2p1/2P1n1P1/1P3P1N/n2PP2P/RNBQKBR1 w Qk - 0 9,white,a1a2,663.0,0.9298796587312388,1,,21,teacher_candidate,tactics,,,
206,tactics_0108,tactics,train,generated_0004,1rbqkb1r/ppp1pp1p/8/3p2p1/2P1n1P1/1P3P1N/n2PP2P/RNBQKBR1 w Qk - 0 9,white,c4c5,331.0,0.6791313403693489,0,,21,teacher_candidate,tactics,,,
206,tactics_0108,tactics,train,generated_0004,1rbqkb1r/ppp1pp1p/8/3p2p1/2P1n1P1/1P3P1N/n2PP2P/RNBQKBR1 w Qk - 0 9,white,c1b2,289.0,0.6184554723201562,0,,21,teacher_candidate,tactics,,,
206,tactics_0108,tactics,train,generated_0004,1rbqkb1r/ppp1pp1p/8/3p2p1/2P1n1P1/1P3P1N/n2PP2P/RNBQKBR1 w Qk - 0 9,white,e2e3,15.0,0.0374824317570704,0,,21,teacher_candidate,tactics,,,
206,tactics_0108,tactics,train,generated_0004,1rbqkb1r/ppp1pp1p/8/3p2p1/2P1n1P1/1P3P1N/n2PP2P/RNBQKBR1 w Qk - 0 9,white,g1g3,-482.0,-0.8351733637441744,0,,21,teacher_candidate,tactics,,,
1242,tactics_0109,tactics,train,generated_0024,r1bqkbr1/1ppppp1p/2n2nP1/8/p2P4/1P3N2/P1P1P1PP/R1BQKBNR b KQq - 4 7,black,g8g6,153.0,0.3648766043861295,1,,31,teacher_candidate,tactics,,,
1242,tactics_0109,tactics,train,generated_0024,r1bqkbr1/1ppppp1p/2n2nP1/8/p2P4/1P3N2/P1P1P1PP/R1BQKBNR b KQq - 4 7,black,h7g6,88.0,0.2165180614930288,0,,31,teacher_candidate,tactics,,,
1242,tactics_0109,tactics,train,generated_0024,r1bqkbr1/1ppppp1p/2n2nP1/8/p2P4/1P3N2/P1P1P1PP/R1BQKBNR b KQq - 4 7,black,f7g6,53.0,0.1317300057909633,0,,31,teacher_candidate,tactics,,,
1242,tactics_0109,tactics,train,generated_0024,r1bqkbr1/1ppppp1p/2n2nP1/8/p2P4/1P3N2/P1P1P1PP/R1BQKBNR b KQq - 4 7,black,a8a7,-135.0,-0.325243674340165,0,,31,teacher_candidate,tactics,,,
1242,tactics_0109,tactics,train,generated_0024,r1bqkbr1/1ppppp1p/2n2nP1/8/p2P4/1P3N2/P1P1P1PP/R1BQKBNR b KQq - 4 7,black,c6e5,-893.0,-0.9772523136902562,0,,31,teacher_candidate,tactics,,,
277,tactics_0110,tactics,train,generated_0005,rnb1kbnr/1pppqppp/p7/1B2p3/2P1P1P1/1P3P2/P2P3P/RNBQK1NR b KQkq - 0 7,black,a6b5,794.0,0.9629523500734012,1,,25,teacher_candidate,tactics,,,
277,tactics_0110,tactics,train,generated_0005,rnb1kbnr/1pppqppp/p7/1B2p3/2P1P1P1/1P3P2/P2P3P/RNBQK1NR b KQkq - 0 7,black,e7h4,784.0,0.961089830863614,0,,25,teacher_candidate,tactics,,,
277,tactics_0110,tactics,train,generated_0005,rnb1kbnr/1pppqppp/p7/1B2p3/2P1P1P1/1P3P2/P2P3P/RNBQK1NR b KQkq - 0 7,black,h7h5,369.0,0.7270779523745723,0,,25,teacher_candidate,tactics,,,
277,tactics_0110,tactics,train,generated_0005,rnb1kbnr/1pppqppp/p7/1B2p3/2P1P1P1/1P3P2/P2P3P/RNBQK1NR b KQkq - 0 7,black,g8f6,240.0,0.5370495669980353,0,,25,teacher_candidate,tactics,,,
277,tactics_0110,tactics,train,generated_0005,rnb1kbnr/1pppqppp/p7/1B2p3/2P1P1P1/1P3P2/P2P3P/RNBQK1NR b KQkq - 0 7,black,e7a3,-907.0,-0.978773876207672,0,,25,teacher_candidate,tactics,,,
1465,tactics_0111,tactics,train,generated_0029,rnbqkbnr/1ppN2pp/4pp2/p2p4/3P3P/3Q4/PPP1PPP1/RNB1KBR1 b Q - 1 7,black,d8d7,863.0,0.9736195170584504,1,,29,teacher_candidate,tactics,,,
1465,tactics_0111,tactics,train,generated_0029,rnbqkbnr/1ppN2pp/4pp2/p2p4/3P3P/3Q4/PPP1PPP1/RNB1KBR1 b Q - 1 7,black,b8d7,811.0,0.9659198356468608,0,,29,teacher_candidate,tactics,,,
1465,tactics_0111,tactics,train,generated_0029,rnbqkbnr/1ppN2pp/4pp2/p2p4/3P3P/3Q4/PPP1PPP1/RNB1KBR1 b Q - 1 7,black,c8d7,738.0,0.9512728113694444,0,,29,teacher_candidate,tactics,,,
1465,tactics_0111,tactics,train,generated_0029,rnbqkbnr/1ppN2pp/4pp2/p2p4/3P3P/3Q4/PPP1PPP1/RNB1KBR1 b Q - 1 7,black,c7c6,-11.0,-0.0274930698047098,0,,29,teacher_candidate,tactics,,,
1465,tactics_0111,tactics,train,generated_0029,rnbqkbnr/1ppN2pp/4pp2/p2p4/3P3P/3Q4/PPP1PPP1/RNB1KBR1 b Q - 1 7,black,f8c5,-684.0,-0.9366475432418871,0,,29,teacher_candidate,tactics,,,
2329,tactics_0112,tactics,train,generated_0046,r1bqk1nr/Bppn1pp1/p3p3/P2p3p/1b5P/R1PP1N2/1P2PPP1/1N1QKB1R b Kkq - 0 9,black,b4a3,449.0,0.8084367438073445,1,,36,teacher_candidate,tactics,,,
2329,tactics_0112,tactics,train,generated_0046,r1bqk1nr/Bppn1pp1/p3p3/P2p3p/1b5P/R1PP1N2/1P2PPP1/1N1QKB1R b Kkq - 0 9,black,g8e7,185.0,0.4321195876314196,0,,36,teacher_candidate,tactics,,,
2329,tactics_0112,tactics,train,generated_0046,r1bqk1nr/Bppn1pp1/p3p3/P2p3p/1b5P/R1PP1N2/1P2PPP1/1N1QKB1R b Kkq - 0 9,black,b4a5,152.0,0.3627074675780511,0,,36,teacher_candidate,tactics,,,
2329,tactics_0112,tactics,train,generated_0046,r1bqk1nr/Bppn1pp1/p3p3/P2p3p/1b5P/R1PP1N2/1P2PPP1/1N1QKB1R b Kkq - 0 9,black,g7g6,-34.0,-0.0847958815487019,0,,36,teacher_candidate,tactics,,,
2329,tactics_0112,tactics,train,generated_0046,r1bqk1nr/Bppn1pp1/p3p3/P2p3p/1b5P/R1PP1N2/1P2PPP1/1N1QKB1R b Kkq - 0 9,black,d8h4,-847.0,-0.9714537242590624,0,,36,teacher_candidate,tactics,,,
186,tactics_0113,tactics,train,generated_0003,rnbqkbnr/p1p1pp1p/6p1/1p2N2P/1P1p4/B5P1/P1PPPP2/RN1QKB1R w KQkq - 2 8,white,f1g2,223.0,0.5061201808426754,1,,28,teacher_candidate,tactics,,,
186,tactics_0113,tactics,train,generated_0003,rnbqkbnr/p1p1pp1p/6p1/1p2N2P/1P1p4/B5P1/P1PPPP2/RN1QKB1R w KQkq - 2 8,white,h5g6,198.0,0.458175844698613,0,,28,teacher_candidate,tactics,,,
186,tactics_0113,tactics,train,generated_0003,rnbqkbnr/p1p1pp1p/6p1/1p2N2P/1P1p4/B5P1/P1PPPP2/RN1QKB1R w KQkq - 2 8,white,e2e3,186.0,0.434150570985945,0,,28,teacher_candidate,tactics,,,
186,tactics_0113,tactics,train,generated_0003,rnbqkbnr/p1p1pp1p/6p1/1p2N2P/1P1p4/B5P1/P1PPPP2/RN1QKB1R w KQkq - 2 8,white,g3g4,-20.0,-0.0499583749578799,0,,28,teacher_candidate,tactics,,,
186,tactics_0113,tactics,train,generated_0003,rnbqkbnr/p1p1pp1p/6p1/1p2N2P/1P1p4/B5P1/P1PPPP2/RN1QKB1R w KQkq - 2 8,white,e5d7,-652.0,-0.926061581406646,0,,28,teacher_candidate,tactics,,,
1819,tactics_0114,tactics,train,generated_0036,1rbq1bnr/2pkp3/p1n2p1p/1p4p1/2P2P2/1Q2P2N/PPNP2PP/R1B1K2R b KQ - 1 9,black,d7e8,632.0,0.9186018928570672,1,,24,teacher_candidate,tactics,,,
1819,tactics_0114,tactics,train,generated_0036,1rbq1bnr/2pkp3/p1n2p1p/1p4p1/2P2P2/1Q2P2N/PPNP2PP/R1B1K2R b KQ - 1 9,black,e7e6,443.0,0.8031769041052467,0,,24,teacher_candidate,tactics,,,
1819,tactics_0114,tactics,train,generated_0036,1rbq1bnr/2pkp3/p1n2p1p/1p4p1/2P2P2/1Q2P2N/PPNP2PP/R1B1K2R b KQ - 1 9,black,b5c4,434.0,0.7950459331118053,0,,24,teacher_candidate,tactics,,,
1819,tactics_0114,tactics,train,generated_0036,1rbq1bnr/2pkp3/p1n2p1p/1p4p1/2P2P2/1Q2P2N/PPNP2PP/R1B1K2R b KQ - 1 9,black,g5f4,239.0,0.5352682346432502,0,,24,teacher_candidate,tactics,,,
1819,tactics_0114,tactics,train,generated_0036,1rbq1bnr/2pkp3/p1n2p1p/1p4p1/2P2P2/1Q2P2N/PPNP2PP/R1B1K2R b KQ - 1 9,black,c6d4,-309.0,-0.648380805822142,0,,24,teacher_candidate,tactics,,,
2242,tactics_0115,tactics,train,generated_0044,r1bqkb1r/3pnp1p/2p1p1p1/ppn4Q/1PPPP2P/8/P4PP1/RNB1KBNR w Qkq - 0 9,white,h5e5,176.0,0.4136444421871351,1,,44,teacher_candidate,tactics,,,
2242,tactics_0115,tactics,train,generated_0044,r1bqkb1r/3pnp1p/2p1p1p1/ppn4Q/1PPPP2P/8/P4PP1/RNB1KBNR w Qkq - 0 9,white,h5c5,52.0,0.1292725836060583,0,,44,teacher_candidate,tactics,,,
2242,tactics_0115,tactics,train,generated_0044,r1bqkb1r/3pnp1p/2p1p1p1/ppn4Q/1PPPP2P/8/P4PP1/RNB1KBNR w Qkq - 0 9,white,h5f3,30.0,0.074859690687499,0,,44,teacher_candidate,tactics,,,
2242,tactics_0115,tactics,train,generated_0044,r1bqkb1r/3pnp1p/2p1p1p1/ppn4Q/1PPPP2P/8/P4PP1/RNB1KBNR w Qkq - 0 9,white,f2f3,-750.0,-0.9540452601799488,0,,44,teacher_candidate,tactics,,,
2242,tactics_0115,tactics,train,generated_0044,r1bqkb1r/3pnp1p/2p1p1p1/ppn4Q/1PPPP2P/8/P4PP1/RNB1KBNR w Qkq - 0 9,white,f1d3,-1018.0,-0.98775933846284,0,,44,teacher_candidate,tactics,,,
3580,tactics_0116,tactics,train,generated_0071,rnb1kbnr/3pq1pp/5p2/ppp1p3/1BP5/1P2P3/P2P1PPP/RNQ1KBNR b KQkq - 0 7,black,a5b4,699.0,0.941090337649905,1,,25,teacher_candidate,tactics,,,
3580,tactics_0116,tactics,train,generated_0071,rnb1kbnr/3pq1pp/5p2/ppp1p3/1BP5/1P2P3/P2P1PPP/RNQ1KBNR b KQkq - 0 7,black,c5b4,546.0,0.877547674360184,0,,25,teacher_candidate,tactics,,,
3580,tactics_0116,tactics,train,generated_0071,rnb1kbnr/3pq1pp/5p2/ppp1p3/1BP5/1P2P3/P2P1PPP/RNQ1KBNR b KQkq - 0 7,black,e7d6,456.0,0.814414093765686,0,,25,teacher_candidate,tactics,,,
3580,tactics_0116,tactics,train,generated_0071,rnb1kbnr/3pq1pp/5p2/ppp1p3/1BP5/1P2P3/P2P1PPP/RNQ1KBNR b KQkq - 0 7,black,c8a6,85.0,0.2093581694280187,0,,25,teacher_candidate,tactics,,,
3580,tactics_0116,tactics,train,generated_0071,rnb1kbnr/3pq1pp/5p2/ppp1p3/1BP5/1P2P3/P2P1PPP/RNQ1KBNR b KQkq - 0 7,black,a8a6,-175.0,-0.4115700556740224,0,,25,teacher_candidate,tactics,,,
4104,tactics_0117,tactics,train,generated_0082,r2qkb1r/p1pnpppp/1pb4n/3p4/4P1P1/NPP2P1P/PB1P4/R2QKBNR w KQkq - 2 9,white,d1e2,74.0,0.1829179568655601,1,,30,teacher_candidate,tactics,,,
4104,tactics_0117,tactics,train,generated_0082,r2qkb1r/p1pnpppp/1pb4n/3p4/4P1P1/NPP2P1P/PB1P4/R2QKBNR w KQkq - 2 9,white,d2d3,4.0,0.0099996666799994,0,,30,teacher_candidate,tactics,,,
4104,tactics_0117,tactics,train,generated_0082,r2qkb1r/p1pnpppp/1pb4n/3p4/4P1P1/NPP2P1P/PB1P4/R2QKBNR w KQkq - 2 9,white,e4d5,-17.0,-0.0424744299325481,0,,30,teacher_candidate,tactics,,,
4104,tactics_0117,tactics,train,generated_0082,r2qkb1r/p1pnpppp/1pb4n/3p4/4P1P1/NPP2P1P/PB1P4/R2QKBNR w KQkq - 2 9,white,h3h4,-128.0,-0.3095069212126384,0,,30,teacher_candidate,tactics,,,
4104,tactics_0117,tactics,train,generated_0082,r2qkb1r/p1pnpppp/1pb4n/3p4/4P1P1/NPP2P1P/PB1P4/R2QKBNR w KQkq - 2 9,white,a3c4,-593.0,-0.9019353223079448,0,,30,teacher_candidate,tactics,,,
703,tactics_0118,tactics,train,generated_0014,r1bqkbnr/ppp2p2/n2pp1pp/3B4/N3P1P1/5P2/PPPP3P/1RBQK1NR b K - 1 8,black,d8h4,784.0,0.961089830863614,1,,27,teacher_candidate,tactics,,,
703,tactics_0118,tactics,train,generated_0014,r1bqkbnr/ppp2p2/n2pp1pp/3B4/N3P1P1/5P2/PPPP3P/1RBQK1NR b K - 1 8,black,e6d5,735.0,0.9505546004392488,0,,27,teacher_candidate,tactics,,,
703,tactics_0118,tactics,train,generated_0014,r1bqkbnr/ppp2p2/n2pp1pp/3B4/N3P1P1/5P2/PPPP3P/1RBQK1NR b K - 1 8,black,d8d7,355.0,0.7101567370243542,0,,27,teacher_candidate,tactics,,,
703,tactics_0118,tactics,train,generated_0014,r1bqkbnr/ppp2p2/n2pp1pp/3B4/N3P1P1/5P2/PPPP3P/1RBQK1NR b K - 1 8,black,c7c5,216.0,0.4929879666753243,0,,27,teacher_candidate,tactics,,,
703,tactics_0118,tactics,train,generated_0014,r1bqkbnr/ppp2p2/n2pp1pp/3B4/N3P1P1/5P2/PPPP3P/1RBQK1NR b K - 1 8,black,b7b6,-345.0,-0.6975434949818516,0,,27,teacher_candidate,tactics,,,
4517,tactics_0119,tactics,train,generated_0090,rnbqkb1r/p1pppp1p/7n/1B4p1/1P3P2/4P2N/P1PP1QPP/RNB1K2R b KQkq - 1 7,black,f8g7,-123.0,-0.2981610484891466,1,,19,teacher_candidate,tactics,,,
4517,tactics_0119,tactics,train,generated_0090,rnbqkb1r/p1pppp1p/7n/1B4p1/1P3P2/4P2N/P1PP1QPP/RNB1K2R b KQkq - 1 7,black,c7c6,-224.0,-0.5079774328978962,0,,19,teacher_candidate,tactics,,,
4517,tactics_0119,tactics,train,generated_0090,rnbqkb1r/p1pppp1p/7n/1B4p1/1P3P2/4P2N/P1PP1QPP/RNB1K2R b KQkq - 1 7,black,a7a6,-228.0,-0.5153592780074097,0,,19,teacher_candidate,tactics,,,
4517,tactics_0119,tactics,train,generated_0090,rnbqkb1r/p1pppp1p/7n/1B4p1/1P3P2/4P2N/P1PP1QPP/RNB1K2R b KQkq - 1 7,black,a7a5,-342.0,-0.6936725684698276,0,,19,teacher_candidate,tactics,,,
4517,tactics_0119,tactics,train,generated_0090,rnbqkb1r/p1pppp1p/7n/1B4p1/1P3P2/4P2N/P1PP1QPP/RNB1K2R b KQkq - 1 7,black,h6g8,-624.0,-0.9154204563159324,0,,19,teacher_candidate,tactics,,,
4510,tactics_0120,tactics,train,generated_0090,rnbq1bnr/3ppk2/pp3ppp/2p5/1PP2P1P/2NPP3/P5P1/R1BQKBNR b KQ - 0 9,black,c5b4,-10.0,-0.0249947929684206,1,,20,teacher_candidate,tactics,,,
4510,tactics_0120,tactics,train,generated_0090,rnbq1bnr/3ppk2/pp3ppp/2p5/1PP2P1P/2NPP3/P5P1/R1BQKBNR b KQ - 0 9,black,h6h5,-40.0,-0.0996679946249558,0,,20,teacher_candidate,tactics,,,
4510,tactics_0120,tactics,train,generated_0090,rnbq1bnr/3ppk2/pp3ppp/2p5/1PP2P1P/2NPP3/P5P1/R1BQKBNR b KQ - 0 9,black,f8g7,-74.0,-0.1829179568655601,0,,20,teacher_candidate,tactics,,,
4510,tactics_0120,tactics,train,generated_0090,rnbq1bnr/3ppk2/pp3ppp/2p5/1PP2P1P/2NPP3/P5P1/R1BQKBNR b KQ - 0 9,black,f7e8,-135.0,-0.325243674340165,0,,20,teacher_candidate,tactics,,,
4510,tactics_0120,tactics,train,generated_0090,rnbq1bnr/3ppk2/pp3ppp/2p5/1PP2P1P/2NPP3/P5P1/R1BQKBNR b KQ - 0 9,black,f7e6,-531.0,-0.8686369897347581,0,,20,teacher_candidate,tactics,,,
3980,tactics_0121,tactics,train,generated_0079,2bqkb1r/3n1ppp/r1p1p3/pp1p1n2/P2N2P1/R3P2B/1PPP1P1P/2BQK1NR w Kk - 3 10,white,g4f5,253.0,0.5597712580014517,1,,31,teacher_candidate,tactics,,,
3980,tactics_0121,tactics,train,generated_0079,2bqkb1r/3n1ppp/r1p1p3/pp1p1n2/P2N2P1/R3P2B/1PPP1P1P/2BQK1NR w Kk - 3 10,white,a4b5,-17.0,-0.0424744299325481,0,,31,teacher_candidate,tactics,,,
3980,tactics_0121,tactics,train,generated_0079,2bqkb1r/3n1ppp/r1p1p3/pp1p1n2/P2N2P1/R3P2B/1PPP1P1P/2BQK1NR w Kk - 3 10,white,d4f5,-115.0,-0.2798321934754683,0,,31,teacher_candidate,tactics,,,
3980,tactics_0121,tactics,train,generated_0079,2bqkb1r/3n1ppp/r1p1p3/pp1p1n2/P2N2P1/R3P2B/1PPP1P1P/2BQK1NR w Kk - 3 10,white,g1f3,-367.0,-0.7247125847970075,0,,31,teacher_candidate,tactics,,,
3980,tactics_0121,tactics,train,generated_0079,2bqkb1r/3n1ppp/r1p1p3/pp1p1n2/P2N2P1/R3P2B/1PPP1P1P/2BQK1NR w Kk - 3 10,white,e3e4,-773.0,-0.9589349975863708,0,,31,teacher_candidate,tactics,,,
1507,tactics_0122,tactics,train,generated_0030,rnbqkb1r/pppppp1p/8/6p1/P2P2n1/3BPP2/1PP3PP/RNBQK1NR b KQkq - 2 7,black,g4f6,-168.0,-0.3969304320050775,1,,25,teacher_candidate,tactics,,,
1507,tactics_0122,tactics,train,generated_0030,rnbqkb1r/pppppp1p/8/6p1/P2P2n1/3BPP2/1PP3PP/RNBQK1NR b KQkq - 2 7,black,g4h6,-201.0,-0.4640810036832635,0,,25,teacher_candidate,tactics,,,
1507,tactics_0122,tactics,train,generated_0030,rnbqkb1r/pppppp1p/8/6p1/P2P2n1/3BPP2/1PP3PP/RNBQK1NR b KQkq - 2 7,black,g4h2,-529.0,-0.8674042972956072,0,,25,teacher_candidate,tactics,,,
1507,tactics_0122,tactics,train,generated_0030,rnbqkb1r/pppppp1p/8/6p1/P2P2n1/3BPP2/1PP3PP/RNBQK1NR b KQkq - 2 7,black,e7e5,-761.0,-0.9564509720670356,0,,25,teacher_candidate,tactics,,,
1507,tactics_0122,tactics,train,generated_0030,rnbqkb1r/pppppp1p/8/6p1/P2P2n1/3BPP2/1PP3PP/RNBQK1NR b KQkq - 2 7,black,g4e5,-881.0,-0.9758626515870974,0,,25,teacher_candidate,tactics,,,
798,tactics_0123,tactics,train,generated_0015,rn1q1bnr/p1pkp1p1/3p1p2/1p3b1p/PP5P/4PP1N/2PP2PR/RNBQKB2 b Q - 0 7,black,b5a4,-261.0,-0.5733505443682791,1,,29,teacher_candidate,tactics,,,
798,tactics_0123,tactics,train,generated_0015,rn1q1bnr/p1pkp1p1/3p1p2/1p3b1p/PP5P/4PP1N/2PP2PR/RNBQKB2 b Q - 0 7,black,d7e8,-286.0,-0.6138026315335672,0,,29,teacher_candidate,tactics,,,
798,tactics_0123,tactics,train,generated_0015,rn1q1bnr/p1pkp1p1/3p1p2/1p3b1p/PP5P/4PP1N/2PP2PR/RNBQKB2 b Q - 0 7,black,b8c6,-313.0,-0.6541393002077227,0,,29,teacher_candidate,tactics,,,
798,tactics_0123,tactics,train,generated_0015,rn1q1bnr/p1pkp1p1/3p1p2/1p3b1p/PP5P/4PP1N/2PP2PR/RNBQKB2 b Q - 0 7,black,d8c8,-437.0,-0.797788791179091,0,,29,teacher_candidate,tactics,,,
798,tactics_0123,tactics,train,generated_0015,rn1q1bnr/p1pkp1p1/3p1p2/1p3b1p/PP5P/4PP1N/2PP2PR/RNBQKB2 b Q - 0 7,black,f5g4,-893.0,-0.9772523136902562,0,,29,teacher_candidate,tactics,,,
3442,tactics_0124,tactics,train,generated_0068,rnbq1br1/2pkpppp/p6n/1p1p4/P4P1P/2PP4/1P1NP1P1/R1BQKBNR w KQ - 0 7,white,g1f3,320.0,0.6640367702678489,1,,27,teacher_candidate,tactics,,,
3442,tactics_0124,tactics,train,generated_0068,rnbq1br1/2pkpppp/p6n/1p1p4/P4P1P/2PP4/1P1NP1P1/R1BQKBNR w KQ - 0 7,white,a4b5,281.0,0.6059522288123076,0,,27,teacher_candidate,tactics,,,
3442,tactics_0124,tactics,train,generated_0068,rnbq1br1/2pkpppp/p6n/1p1p4/P4P1P/2PP4/1P1NP1P1/R1BQKBNR w KQ - 0 7,white,e2e4,257.0,0.5665993699780818,0,,27,teacher_candidate,tactics,,,
3442,tactics_0124,tactics,train,generated_0068,rnbq1br1/2pkpppp/p6n/1p1p4/P4P1P/2PP4/1P1NP1P1/R1BQKBNR w KQ - 0 7,white,a1b1,79.0,0.1949715316540321,0,,27,teacher_candidate,tactics,,,
3442,tactics_0124,tactics,train,generated_0068,rnbq1br1/2pkpppp/p6n/1p1p4/P4P1P/2PP4/1P1NP1P1/R1BQKBNR w KQ - 0 7,white,d2e4,-173.0,-0.4074084759995413,0,,27,teacher_candidate,tactics,,,
374,tactics_0125,tactics,train,generated_0007,rnbqk1nr/2pp2pp/3bp3/pp3p2/3P1P2/3Q1N2/PPP1P1PP/RNB1KBR1 w Qkq - 0 7,white,g2g4,64.0,0.1586485042974989,1,,36,teacher_candidate,tactics,,,
374,tactics_0125,tactics,train,generated_0007,rnbqk1nr/2pp2pp/3bp3/pp3p2/3P1P2/3Q1N2/PPP1P1PP/RNB1KBR1 w Qkq - 0 7,white,a2a3,49.0,0.1218909006494324,0,,36,teacher_candidate,tactics,,,
374,tactics_0125,tactics,train,generated_0007,rnbqk1nr/2pp2pp/3bp3/pp3p2/3P1P2/3Q1N2/PPP1P1PP/RNB1KBR1 w Qkq - 0 7,white,d3b5,43.0,0.1070878063022365,0,,36,teacher_candidate,tactics,,,
374,tactics_0125,tactics,train,generated_0007,rnbqk1nr/2pp2pp/3bp3/pp3p2/3P1P2/3Q1N2/PPP1P1PP/RNB1KBR1 w Qkq - 0 7,white,d3b3,-79.0,-0.1949715316540321,0,,36,teacher_candidate,tactics,,,
374,tactics_0125,tactics,train,generated_0007,rnbqk1nr/2pp2pp/3bp3/pp3p2/3P1P2/3Q1N2/PPP1P1PP/RNB1KBR1 w Qkq - 0 7,white,d3e4,-992.0,-0.9860718216444758,0,,36,teacher_candidate,tactics,,,
2633,tactics_0126,tactics,train,generated_0052,r1bqkbn1/n1p1pppr/pp3R2/3p3p/P6P/2N5/1PPPPPPR/2BQKBN1 w q - 2 9,white,f6f3,-131.0,-0.3162726300960362,1,,30,teacher_candidate,tactics,,,
2633,tactics_0126,tactics,train,generated_0052,r1bqkbn1/n1p1pppr/pp3R2/3p3p/P6P/2N5/1PPPPPPR/2BQKBN1 w q - 2 9,white,f6f4,-173.0,-0.4074084759995413,0,,30,teacher_candidate,tactics,,,
2633,tactics_0126,tactics,train,generated_0052,r1bqkbn1/n1p1pppr/pp3R2/3p3p/P6P/2N5/1PPPPPPR/2BQKBN1 w q - 2 9,white,f6f7,-469.0,-0.825071959039259,0,,30,teacher_candidate,tactics,,,
2633,tactics_0126,tactics,train,generated_0052,r1bqkbn1/n1p1pppr/pp3R2/3p3p/P6P/2N5/1PPPPPPR/2BQKBN1 w q - 2 9,white,g2g4,-840.0,-0.970451936613454,0,,30,teacher_candidate,tactics,,,
2633,tactics_0126,tactics,train,generated_0052,r1bqkbn1/n1p1pppr/pp3R2/3p3p/P6P/2N5/1PPPPPPR/2BQKBN1 w q - 2 9,white,b2b3,-929.0,-0.9809638689466236,0,,30,teacher_candidate,tactics,,,
1178,tactics_0127,tactics,train,generated_0023,r1b1kbr1/pp1ppppp/7n/2p5/1n6/2PP1PPP/RP2P3/1NBQKBNR b Kq - 0 8,black,e8d8,-623.0,-0.915014514673038,1,,24,teacher_candidate,tactics,,,
1178,tactics_0127,tactics,train,generated_0023,r1b1kbr1/pp1ppppp/7n/2p5/1n6/2PP1PPP/RP2P3/1NBQKBNR b Kq - 0 8,black,h6f5,-675.0,-0.9338280432225916,0,,24,teacher_candidate,tactics,,,
1178,tactics_0127,tactics,train,generated_0023,r1b1kbr1/pp1ppppp/7n/2p5/1n6/2PP1PPP/RP2P3/1NBQKBNR b Kq - 0 8,black,g8h8,-691.0,-0.9387598039977676,0,,24,teacher_candidate,tactics,,,
1178,tactics_0127,tactics,train,generated_0023,r1b1kbr1/pp1ppppp/7n/2p5/1n6/2PP1PPP/RP2P3/1NBQKBNR b Kq - 0 8,black,c5c4,-770.0,-0.9583273109626392,0,,24,teacher_candidate,tactics,,,
1178,tactics_0127,tactics,train,generated_0023,r1b1kbr1/pp1ppppp/7n/2p5/1n6/2PP1PPP/RP2P3/1NBQKBNR b Kq - 0 8,black,b4c2,-1125.0,-0.9928127948371598,0,,24,teacher_candidate,tactics,,,
4940,tactics_0128,tactics,train,generated_0098,rnbqkb1r/1p1p1p1p/2p2np1/p3p3/P3P3/BP1P1Q2/2PK1PPP/RN3BNR w kq - 2 8,white,d2e1,-82.0,-0.2021757576967395,1,,36,teacher_candidate,tactics,,,
4940,tactics_0128,tactics,train,generated_0098,rnbqkb1r/1p1p1p1p/2p2np1/p3p3/P3P3/BP1P1Q2/2PK1PPP/RN3BNR w kq - 2 8,white,f3e3,-104.0,-0.2542955326263911,0,,36,teacher_candidate,tactics,,,
4940,tactics_0128,tactics,train,generated_0098,rnbqkb1r/1p1p1p1p/2p2np1/p3p3/P3P3/BP1P1Q2/2PK1PPP/RN3BNR w kq - 2 8,white,a3f8,-108.0,-0.2636248354722033,0,,36,teacher_candidate,tactics,,,
4940,tactics_0128,tactics,train,generated_0098,rnbqkb1r/1p1p1p1p/2p2np1/p3p3/P3P3/BP1P1Q2/2PK1PPP/RN3BNR w kq - 2 8,white,c2c4,-211.0,-0.4834677598628625,0,,36,teacher_candidate,tactics,,,
4940,tactics_0128,tactics,train,generated_0098,rnbqkb1r/1p1p1p1p/2p2np1/p3p3/P3P3/BP1P1Q2/2PK1PPP/RN3BNR w kq - 2 8,white,f3g4,-992.0,-0.9860718216444758,0,,36,teacher_candidate,tactics,,,
3598,tactics_0129,tactics,train,generated_0071,rnbqkbnr/p2pp3/1p5p/1N3pp1/P1p3P1/3P2B1/1PP1PP1P/2RQKBNR b Kkq - 0 9,black,f5f4,71.0,0.1756590769650228,1,,20,teacher_candidate,tactics,,,
3598,tactics_0129,tactics,train,generated_0071,rnbqkbnr/p2pp3/1p5p/1N3pp1/P1p3P1/3P2B1/1PP1PP1P/2RQKBNR b Kkq - 0 9,black,c8b7,-129.0,-0.3117656824156273,0,,20,teacher_candidate,tactics,,,
3598,tactics_0129,tactics,train,generated_0071,rnbqkbnr/p2pp3/1p5p/1N3pp1/P1p3P1/3P2B1/1PP1PP1P/2RQKBNR b Kkq - 0 9,black,d7d6,-197.0,-0.4561983965324985,0,,20,teacher_candidate,tactics,,,
3598,tactics_0129,tactics,train,generated_0071,rnbqkbnr/p2pp3/1p5p/1N3pp1/P1p3P1/3P2B1/1PP1PP1P/2RQKBNR b Kkq - 0 9,black,g8f6,-496.0,-0.8454555957266803,0,,20,teacher_candidate,tactics,,,
3598,tactics_0129,tactics,train,generated_0071,rnbqkbnr/p2pp3/1p5p/1N3pp1/P1p3P1/3P2B1/1PP1PP1P/2RQKBNR b Kkq - 0 9,black,d8c7,-1113.0,-0.9923700583854788,0,,20,teacher_candidate,tactics,,,
30,tactics_0130,tactics,train,generated_0000,rnb1kb1r/p1qpn1pp/1p3p2/4p3/2p4P/NP1PP3/P1PQNPP1/R1B1KB1R w KQkq - 1 8,white,d3c4,274.0,0.5947603071377392,1,,29,teacher_candidate,tactics,,,
30,tactics_0130,tactics,train,generated_0000,rnb1kb1r/p1qpn1pp/1p3p2/4p3/2p4P/NP1PP3/P1PQNPP1/R1B1KB1R w KQkq - 1 8,white,a3b5,215.0,0.4910932282528053,0,,29,teacher_candidate,tactics,,,
30,tactics_0130,tactics,train,generated_0000,rnb1kb1r/p1qpn1pp/1p3p2/4p3/2p4P/NP1PP3/P1PQNPP1/R1B1KB1R w KQkq - 1 8,white,b3c4,181.0,0.423951838825587,0,,29,teacher_candidate,tactics,,,
30,tactics_0130,tactics,train,generated_0000,rnb1kb1r/p1qpn1pp/1p3p2/4p3/2p4P/NP1PP3/P1PQNPP1/R1B1KB1R w KQkq - 1 8,white,f2f3,32.0,0.0798297691111313,0,,29,teacher_candidate,tactics,,,
30,tactics_0130,tactics,train,generated_0000,rnb1kb1r/p1qpn1pp/1p3p2/4p3/2p4P/NP1PP3/P1PQNPP1/R1B1KB1R w KQkq - 1 8,white,d2a5,-832.0,-0.9692645888694488,0,,29,teacher_candidate,tactics,,,
36,tactics_0131,tactics,train,generated_0000,r1bq1bnr/pppk1p2/n2p3p/4p1pP/1P2P3/5P2/P1PP1KP1/RNBQ1BNR w - g6 0 7,white,h5g6,125.0,0.3027097293321085,1,,31,teacher_candidate,tactics,,,
36,tactics_0131,tactics,train,generated_0000,r1bq1bnr/pppk1p2/n2p3p/4p1pP/1P2P3/5P2/P1PP1KP1/RNBQ1BNR w - g6 0 7,white,d2d4,74.0,0.1829179568655601,0,,31,teacher_candidate,tactics,,,
36,tactics_0131,tactics,train,generated_0000,r1bq1bnr/pppk1p2/n2p3p/4p1pP/1P2P3/5P2/P1PP1KP1/RNBQ1BNR w - g6 0 7,white,c1a3,66.0,0.1635187536836725,0,,31,teacher_candidate,tactics,,,
36,tactics_0131,tactics,train,generated_0000,r1bq1bnr/pppk1p2/n2p3p/4p1pP/1P2P3/5P2/P1PP1KP1/RNBQ1BNR w - g6 0 7,white,f2e1,-31.0,-0.0773452104130159,0,,31,teacher_candidate,tactics,,,
36,tactics_0131,tactics,train,generated_0000,r1bq1bnr/pppk1p2/n2p3p/4p1pP/1P2P3/5P2/P1PP1KP1/RNBQ1BNR w - g6 0 7,white,h1h4,-780.0,-0.960319388531845,0,,31,teacher_candidate,tactics,,,
1758,tactics_0132,tactics,train,generated_0035,r1bqkb1r/1p2pppp/n1p5/p2P4/1P6/2PB3N/P2P1nPP/RNBQK2R b KQkq - 0 8,black,f2d3,1096.0,0.9916959628727988,1,,38,teacher_candidate,tactics,,,
1758,tactics_0132,tactics,train,generated_0035,r1bqkb1r/1p2pppp/n1p5/p2P4/1P6/2PB3N/P2P1nPP/RNBQK2R b KQkq - 0 8,black,f2h1,817.0,0.966910392445867,0,,38,teacher_candidate,tactics,,,
1758,tactics_0132,tactics,train,generated_0035,r1bqkb1r/1p2pppp/n1p5/p2P4/1P6/2PB3N/P2P1nPP/RNBQK2R b KQkq - 0 8,black,a5a4,787.0,0.9616580221163844,0,,38,teacher_candidate,tactics,,,
1758,tactics_0132,tactics,train,generated_0035,r1bqkb1r/1p2pppp/n1p5/p2P4/1P6/2PB3N/P2P1nPP/RNBQK2R b KQkq - 0 8,black,c8e6,-406.0,-0.7678221558620103,0,,38,teacher_candidate,tactics,,,
1758,tactics_0132,tactics,train,generated_0035,r1bqkb1r/1p2pppp/n1p5/p2P4/1P6/2PB3N/P2P1nPP/RNBQK2R b KQkq - 0 8,black,e8d7,-709.0,-0.9438827817700052,0,,38,teacher_candidate,tactics,,,
714,tactics_0133,tactics,train,generated_0014,1r1qkbr1/pp1n1ppp/5n2/2pppb2/1PP5/1Q1P2BN/P3PPPP/RN1K1B1R b - - 1 10,black,d5c4,569.0,0.8901193004193375,1,,33,teacher_candidate,tactics,,,
714,tactics_0133,tactics,train,generated_0014,1r1qkbr1/pp1n1ppp/5n2/2pppb2/1PP5/1Q1P2BN/P3PPPP/RN1K1B1R b - - 1 10,black,c5b4,456.0,0.814414093765686,0,,33,teacher_candidate,tactics,,,
714,tactics_0133,tactics,train,generated_0014,1r1qkbr1/pp1n1ppp/5n2/2pppb2/1PP5/1Q1P2BN/P3PPPP/RN1K1B1R b - - 1 10,black,g7g5,440.0,0.8004990217606297,0,,33,teacher_candidate,tactics,,,
714,tactics_0133,tactics,train,generated_0014,1r1qkbr1/pp1n1ppp/5n2/2pppb2/1PP5/1Q1P2BN/P3PPPP/RN1K1B1R b - - 1 10,black,b8a8,246.0,0.5476371485389077,0,,33,teacher_candidate,tactics,,,
714,tactics_0133,tactics,train,generated_0014,1r1qkbr1/pp1n1ppp/5n2/2pppb2/1PP5/1Q1P2BN/P3PPPP/RN1K1B1R b - - 1 10,black,f5d3,-26.0,-0.0649086127746375,0,,33,teacher_candidate,tactics,,,
1412,tactics_0134,tactics,train,generated_0028,1nbqkbnr/r1p1ppp1/p7/1p5p/P2p4/BPP3PP/3PPP2/RN1QKBNR w KQk - 0 7,white,g1f3,120.0,0.2913126124515909,1,,24,teacher_candidate,tactics,,,
1412,tactics_0134,tactics,train,generated_0028,1nbqkbnr/r1p1ppp1/p7/1p5p/P2p4/BPP3PP/3PPP2/RN1QKBNR w KQk - 0 7,white,f1g2,102.0,0.2496129489368586,0,,24,teacher_candidate,tactics,,,
1412,tactics_0134,tactics,train,generated_0028,1nbqkbnr/r1p1ppp1/p7/1p5p/P2p4/BPP3PP/3PPP2/RN1QKBNR w KQk - 0 7,white,a3c5,99.0,0.2425671903821356,0,,24,teacher_candidate,tactics,,,
1412,tactics_0134,tactics,train,generated_0028,1nbqkbnr/r1p1ppp1/p7/1p5p/P2p4/BPP3PP/3PPP2/RN1QKBNR w KQk - 0 7,white,a3b2,-18.0,-0.0449696495836002,0,,24,teacher_candidate,tactics,,,
1412,tactics_0134,tactics,train,generated_0028,1nbqkbnr/r1p1ppp1/p7/1p5p/P2p4/BPP3PP/3PPP2/RN1QKBNR w KQk - 0 7,white,a3d6,-676.0,-0.9341472104037276,0,,24,teacher_candidate,tactics,,,
3790,tactics_0135,tactics,train,generated_0075,rnbqk1nr/1p1p4/5ppp/p1p5/1bPp2P1/N5BP/PP1QPPB1/R3K1NR b KQkq - 1 10,black,b4d2,856.0,0.9726926818052982,1,,24,teacher_candidate,tactics,,,
3790,tactics_0135,tactics,train,generated_0075,rnbqk1nr/1p1p4/5ppp/p1p5/1bPp2P1/N5BP/PP1QPPB1/R3K1NR b KQkq - 1 10,black,b8a6,617.0,0.9125395036620289,0,,24,teacher_candidate,tactics,,,
3790,tactics_0135,tactics,train,generated_0075,rnbqk1nr/1p1p4/5ppp/p1p5/1bPp2P1/N5BP/PP1QPPB1/R3K1NR b KQkq - 1 10,black,e8e7,511.0,0.855817403604612,0,,24,teacher_candidate,tactics,,,
3790,tactics_0135,tactics,train,generated_0075,rnbqk1nr/1p1p4/5ppp/p1p5/1bPp2P1/N5BP/PP1QPPB1/R3K1NR b KQkq - 1 10,black,d8e7,211.0,0.4834677598628625,0,,24,teacher_candidate,tactics,,,
3790,tactics_0135,tactics,train,generated_0075,rnbqk1nr/1p1p4/5ppp/p1p5/1bPp2P1/N5BP/PP1QPPB1/R3K1NR b KQkq - 1 10,black,b4c3,-916.0,-0.9796983982280144,0,,24,teacher_candidate,tactics,,,
1108,tactics_0136,tactics,train,generated_0022,1n1qkbnr/2p2p1Q/rp2p3/p2p2p1/P2P4/2N1P2P/1PP2P1P/R1B1KBNR w KQk - 0 8,white,f1b5,945.0,0.9824145675206502,1,,39,teacher_candidate,tactics,,,
1108,tactics_0136,tactics,train,generated_0022,1n1qkbnr/2p2p1Q/rp2p3/p2p2p1/P2P4/2N1P2P/1PP2P1P/R1B1KBNR w KQk - 0 8,white,h7h8,900.0,0.9780261147388136,0,,39,teacher_candidate,tactics,,,
1108,tactics_0136,tactics,train,generated_0022,1n1qkbnr/2p2p1Q/rp2p3/p2p2p1/P2P4/2N1P2P/1PP2P1P/R1B1KBNR w KQk - 0 8,white,h7d3,808.0,0.9654136868601892,0,,39,teacher_candidate,tactics,,,
1108,tactics_0136,tactics,train,generated_0022,1n1qkbnr/2p2p1Q/rp2p3/p2p2p1/P2P4/2N1P2P/1PP2P1P/R1B1KBNR w KQk - 0 8,white,c3e4,-733.0,-0.9500700718647336,0,,39,teacher_candidate,tactics,,,
1108,tactics_0136,tactics,train,generated_0022,1n1qkbnr/2p2p1Q/rp2p3/p2p2p1/P2P4/2N1P2P/1PP2P1P/R1B1KBNR w KQk - 0 8,white,a1a2,-884.0,-0.976217736711226,0,,39,teacher_candidate,tactics,,,
2466,tactics_0137,tactics,train,generated_0049,rn1qkbnr/2pp4/1p5p/pP2ppp1/2bP1PPP/5N1B/P1P1PK2/RNBQ3R b kq - 1 10,black,e5f4,-17.0,-0.0424744299325481,1,,38,teacher_candidate,tactics,,,
2466,tactics_0137,tactics,train,generated_0049,rn1qkbnr/2pp4/1p5p/pP2ppp1/2bP1PPP/5N1B/P1P1PK2/RNBQ3R b kq - 1 10,black,e5e4,-84.0,-0.2069664997294525,0,,38,teacher_candidate,tactics,,,
2466,tactics_0137,tactics,train,generated_0049,rn1qkbnr/2pp4/1p5p/pP2ppp1/2bP1PPP/5N1B/P1P1PK2/RNBQ3R b kq - 1 10,black,f5g4,-101.0,-0.247267256596452,0,,38,teacher_candidate,tactics,,,
2466,tactics_0137,tactics,train,generated_0049,rn1qkbnr/2pp4/1p5p/pP2ppp1/2bP1PPP/5N1B/P1P1PK2/RNBQ3R b kq - 1 10,black,c7c5,-348.0,-0.7013741309383125,0,,38,teacher_candidate,tactics,,,
2466,tactics_0137,tactics,train,generated_0049,rn1qkbnr/2pp4/1p5p/pP2ppp1/2bP1PPP/5N1B/P1P1PK2/RNBQ3R b kq - 1 10,black,c4e2,-952.0,-0.9830142742967112,0,,38,teacher_candidate,tactics,,,
4083,tactics_0138,tactics,train,generated_0081,1nb1kb1r/1p1p1pp1/r1p2nNp/p7/4p3/N1PPP3/PPQKBqPP/R1B4R b k - 3 10,black,f7g6,734.0,0.9503129117179926,1,,36,teacher_candidate,tactics,,,
4083,tactics_0138,tactics,train,generated_0081,1nb1kb1r/1p1p1pp1/r1p2nNp/p7/4p3/N1PPP3/PPQKBqPP/R1B4R b k - 3 10,black,e4d3,357.0,0.7126263344823417,0,,36,teacher_candidate,tactics,,,
4083,tactics_0138,tactics,train,generated_0081,1nb1kb1r/1p1p1pp1/r1p2nNp/p7/4p3/N1PPP3/PPQKBqPP/R1B4R b k - 3 10,black,f2g2,353.0,0.7076695392052358,0,,36,teacher_candidate,tactics,,,
4083,tactics_0138,tactics,train,generated_0081,1nb1kb1r/1p1p1pp1/r1p2nNp/p7/4p3/N1PPP3/PPQKBqPP/R1B4R b k - 3 10,black,f8d6,-32.0,-0.0798297691111313,0,,36,teacher_candidate,tactics,,,
4083,tactics_0138,tactics,train,generated_0081,1nb1kb1r/1p1p1pp1/r1p2nNp/p7/4p3/N1PPP3/PPQKBqPP/R1B4R b k - 3 10,black,f2f3,-930.0,-0.9810579128361078,0,,36,teacher_candidate,tactics,,,
4413,tactics_0139,tactics,train,generated_0088,2bqkbnr/r1ppnp1p/p3p1p1/Pp6/3PP1Q1/1P6/R1PN1PPP/2B1KBNR b Kk - 1 8,black,e7c6,56.0,0.139092447878458,1,,21,teacher_candidate,tactics,,,
4413,tactics_0139,tactics,train,generated_0088,2bqkbnr/r1ppnp1p/p3p1p1/Pp6/3PP1Q1/1P6/R1PN1PPP/2B1KBNR b Kk - 1 8,black,d7d6,52.0,0.1292725836060583,0,,21,teacher_candidate,tactics,,,
4413,tactics_0139,tactics,train,generated_0088,2bqkbnr/r1ppnp1p/p3p1p1/Pp6/3PP1Q1/1P6/R1PN1PPP/2B1KBNR b Kk - 1 8,black,f7f5,49.0,0.1218909006494324,0,,21,teacher_candidate,tactics,,,
4413,tactics_0139,tactics,train,generated_0088,2bqkbnr/r1ppnp1p/p3p1p1/Pp6/3PP1Q1/1P6/R1PN1PPP/2B1KBNR b Kk - 1 8,black,h7h5,-49.0,-0.1218909006494324,0,,21,teacher_candidate,tactics,,,
4413,tactics_0139,tactics,train,generated_0088,2bqkbnr/r1ppnp1p/p3p1p1/Pp6/3PP1Q1/1P6/R1PN1PPP/2B1KBNR b Kk - 1 8,black,e7d5,-448.0,-0.8075689165786144,0,,21,teacher_candidate,tactics,,,
1661,tactics_0140,tactics,train,generated_0033,1nb1kbnr/r2p1ppp/1pp1p3/3P2N1/p4P2/P3PqP1/1PP4P/RNB1KBR1 b Qk - 1 10,black,f3f1,858.0,0.9729607207080608,1,,42,teacher_candidate,tactics,,,
1661,tactics_0140,tactics,train,generated_0033,1nb1kbnr/r2p1ppp/1pp1p3/3P2N1/p4P2/P3PqP1/1PP4P/RNB1KBR1 b Qk - 1 10,black,f3h5,574.0,0.8926866959856562,0,,42,teacher_candidate,tactics,,,
1661,tactics_0140,tactics,train,generated_0033,1nb1kbnr/r2p1ppp/1pp1p3/3P2N1/p4P2/P3PqP1/1PP4P/RNB1KBR1 b Qk - 1 10,black,f3d5,564.0,0.8874941328536653,0,,42,teacher_candidate,tactics,,,
1661,tactics_0140,tactics,train,generated_0033,1nb1kbnr/r2p1ppp/1pp1p3/3P2N1/p4P2/P3PqP1/1PP4P/RNB1KBR1 b Qk - 1 10,black,f7f5,136.0,0.3274773948087053,0,,42,teacher_candidate,tactics,,,
1661,tactics_0140,tactics,train,generated_0033,1nb1kbnr/r2p1ppp/1pp1p3/3P2N1/p4P2/P3PqP1/1PP4P/RNB1KBR1 b Qk - 1 10,black,e6e5,-51.0,-0.1268135725243873,0,,42,teacher_candidate,tactics,,,
1908,tactics_0141,tactics,train,generated_0038,r1bqkb1r/pp1pppp1/5n2/2p4p/7P/NP6/n1PPPPP1/R1BQKBNR w KQkq - 0 7,white,a1a2,394.0,0.7552222263539022,1,,21,teacher_candidate,tactics,,,
1908,tactics_0141,tactics,train,generated_0038,r1bqkb1r/pp1pppp1/5n2/2p4p/7P/NP6/n1PPPPP1/R1BQKBNR w KQkq - 0 7,white,c1b2,-44.0,-0.1095584702144295,0,,21,teacher_candidate,tactics,,,
1908,tactics_0141,tactics,train,generated_0038,r1bqkb1r/pp1pppp1/5n2/2p4p/7P/NP6/n1PPPPP1/R1BQKBNR w KQkq - 0 7,white,a3c4,-82.0,-0.2021757576967395,0,,21,teacher_candidate,tactics,,,
1908,tactics_0141,tactics,train,generated_0038,r1bqkb1r/pp1pppp1/5n2/2p4p/7P/NP6/n1PPPPP1/R1BQKBNR w KQkq - 0 7,white,c2c4,-257.0,-0.5665993699780818,0,,21,teacher_candidate,tactics,,,
1908,tactics_0141,tactics,train,generated_0038,r1bqkb1r/pp1pppp1/5n2/2p4p/7P/NP6/n1PPPPP1/R1BQKBNR w KQkq - 0 7,white,h1h2,-463.0,-0.820223473492082,0,,21,teacher_candidate,tactics,,,
4788,tactics_0142,tactics,train,generated_0095,r1bq1bnr/p2kp1pp/nppp4/5P1Q/1P3P2/3B4/P1PPN1PP/RNB1K2R b KQ - 0 7,black,a6b4,0.0,0.0,1,,19,teacher_candidate,tactics,,,
4788,tactics_0142,tactics,train,generated_0095,r1bq1bnr/p2kp1pp/nppp4/5P1Q/1P3P2/3B4/P1PPN1PP/RNB1K2R b KQ - 0 7,black,g8f6,-52.0,-0.1292725836060583,0,,19,teacher_candidate,tactics,,,
4788,tactics_0142,tactics,train,generated_0095,r1bq1bnr/p2kp1pp/nppp4/5P1Q/1P3P2/3B4/P1PPN1PP/RNB1K2R b KQ - 0 7,black,d8e8,-135.0,-0.325243674340165,0,,19,teacher_candidate,tactics,,,
4788,tactics_0142,tactics,train,generated_0095,r1bq1bnr/p2kp1pp/nppp4/5P1Q/1P3P2/3B4/P1PPN1PP/RNB1K2R b KQ - 0 7,black,b6b5,-306.0,-0.644012628427507,0,,19,teacher_candidate,tactics,,,
4788,tactics_0142,tactics,train,generated_0095,r1bq1bnr/p2kp1pp/nppp4/5P1Q/1P3P2/3B4/P1PPN1PP/RNB1K2R b KQ - 0 7,black,a6c5,-907.0,-0.978773876207672,0,,19,teacher_candidate,tactics,,,
936,tactics_0143,tactics,train,generated_0018,rnbqkb1r/pp2pp2/1pP4n/3p3p/3P1P2/6pP/PP2P1P1/RNB1KBNR b KQkq - 0 10,black,d8c7,954.0,0.983181863868074,1,,26,teacher_candidate,tactics,,,
936,tactics_0143,tactics,train,generated_0018,rnbqkb1r/pp2pp2/1pP4n/3p3p/3P1P2/6pP/PP2P1P1/RNB1KBNR b KQkq - 0 10,black,h5h4,881.0,0.9758626515870974,0,,26,teacher_candidate,tactics,,,
936,tactics_0143,tactics,train,generated_0018,rnbqkb1r/pp2pp2/1pP4n/3p3p/3P1P2/6pP/PP2P1P1/RNB1KBNR b KQkq - 0 10,black,b8c6,843.0,0.9708854460252452,0,,26,teacher_candidate,tactics,,,
936,tactics_0143,tactics,train,generated_0018,rnbqkb1r/pp2pp2/1pP4n/3p3p/3P1P2/6pP/PP2P1P1/RNB1KBNR b KQkq - 0 10,black,a7a5,684.0,0.9366475432418871,0,,26,teacher_candidate,tactics,,,
936,tactics_0143,tactics,train,generated_0018,rnbqkb1r/pp2pp2/1pP4n/3p3p/3P1P2/6pP/PP2P1P1/RNB1KBNR b KQkq - 0 10,black,d8d7,237.0,0.5316912516395942,0,,26,teacher_candidate,tactics,,,
2979,tactics_0144,tactics,train,generated_0059,r1b1kbnr/p1qp1ppp/npp5/6B1/1Q4P1/3P1p1P/PPP1P3/RN2KBNR w KQkq - 0 8,white,b4e4,-47.0,-0.1169622248763227,1,,44,teacher_candidate,tactics,,,
2979,tactics_0144,tactics,train,generated_0059,r1b1kbnr/p1qp1ppp/npp5/6B1/1Q4P1/3P1p1P/PPP1P3/RN2KBNR w KQkq - 0 8,white,b4f4,-170.0,-0.4011342849479459,0,,44,teacher_candidate,tactics,,,
2979,tactics_0144,tactics,train,generated_0059,r1b1kbnr/p1qp1ppp/npp5/6B1/1Q4P1/3P1p1P/PPP1P3/RN2KBNR w KQkq - 0 8,white,b4d2,-187.0,-0.4361771503666996,0,,44,teacher_candidate,tactics,,,
2979,tactics_0144,tactics,train,generated_0059,r1b1kbnr/p1qp1ppp/npp5/6B1/1Q4P1/3P1p1P/PPP1P3/RN2KBNR w KQkq - 0 8,white,b1d2,-1098.0,-0.9917782497553388,0,,44,teacher_candidate,tactics,,,
2979,tactics_0144,tactics,train,generated_0059,r1b1kbnr/p1qp1ppp/npp5/6B1/1Q4P1/3P1p1P/PPP1P3/RN2KBNR w KQkq - 0 8,white,g5h6,-1248.0,-0.9961078780298288,0,,44,teacher_candidate,tactics,,,
2405,tactics_0145,tactics,train,generated_0048,rnb1kbnr/pp1pp1p1/7p/2p2pP1/1P1q4/P1P1P2N/3P1P1P/RNBQKB1R w KQkq - 5 10,white,c3d4,654.0,0.9267703434510204,1,,31,teacher_candidate,tactics,,,
2405,tactics_0145,tactics,train,generated_0048,rnb1kbnr/pp1pp1p1/7p/2p2pP1/1P1q4/P1P1P2N/3P1P1P/RNBQKB1R w KQkq - 5 10,white,d1h5,629.0,0.9174225103797896,0,,31,teacher_candidate,tactics,,,
2405,tactics_0145,tactics,train,generated_0048,rnb1kbnr/pp1pp1p1/7p/2p2pP1/1P1q4/P1P1P2N/3P1P1P/RNBQKB1R w KQkq - 5 10,white,e3d4,629.0,0.9174225103797896,0,,31,teacher_candidate,tactics,,,
2405,tactics_0145,tactics,train,generated_0048,rnb1kbnr/pp1pp1p1/7p/2p2pP1/1P1q4/P1P1P2N/3P1P1P/RNBQKB1R w KQkq - 5 10,white,g5g6,157.0,0.3735134532878035,0,,31,teacher_candidate,tactics,,,
2405,tactics_0145,tactics,train,generated_0048,rnb1kbnr/pp1pp1p1/7p/2p2pP1/1P1q4/P1P1P2N/3P1P1P/RNBQKB1R w KQkq - 5 10,white,d1g4,-881.0,-0.9758626515870974,0,,31,teacher_candidate,tactics,,,
3706,tactics_0146,tactics,train,generated_0074,rnbq1b1r/3ppkpp/pp6/2P2np1/8/P4PP1/2PPP2P/RNBQKB1R w KQ - 0 9,white,e2e4,-211.0,-0.4834677598628625,1,,20,teacher_candidate,tactics,,,
3706,tactics_0146,tactics,train,generated_0074,rnbq1b1r/3ppkpp/pp6/2P2np1/8/P4PP1/2PPP2P/RNBQKB1R w KQ - 0 9,white,d2d4,-295.0,-0.6276323441969829,0,,20,teacher_candidate,tactics,,,
3706,tactics_0146,tactics,train,generated_0074,rnbq1b1r/3ppkpp/pp6/2P2np1/8/P4PP1/2PPP2P/RNBQKB1R w KQ - 0 9,white,c2c3,-312.0,-0.65270670596199,0,,20,teacher_candidate,tactics,,,
3706,tactics_0146,tactics,train,generated_0074,rnbq1b1r/3ppkpp/pp6/2P2np1/8/P4PP1/2PPP2P/RNBQKB1R w KQ - 0 9,white,c1b2,-430.0,-0.7913375537619973,0,,20,teacher_candidate,tactics,,,
3706,tactics_0146,tactics,train,generated_0074,rnbq1b1r/3ppkpp/pp6/2P2np1/8/P4PP1/2PPP2P/RNBQKB1R w KQ - 0 9,white,h2h3,-675.0,-0.9338280432225916,0,,20,teacher_candidate,tactics,,,
2260,tactics_0147,tactics,train,generated_0045,rnb1kbnr/pp1p2pp/5p2/2pPpq2/4P3/8/PPPQ1PPP/RNB1KBNR b KQkq - 0 8,black,f5e4,95.0,0.2331330090426386,1,,29,teacher_candidate,tactics,,,
2260,tactics_0147,tactics,train,generated_0045,rnb1kbnr/pp1p2pp/5p2/2pPpq2/4P3/8/PPPQ1PPP/RNB1KBNR b KQkq - 0 8,black,f5g6,-140.0,-0.3363755443363322,0,,29,teacher_candidate,tactics,,,
2260,tactics_0147,tactics,train,generated_0045,rnb1kbnr/pp1p2pp/5p2/2pPpq2/4P3/8/PPPQ1PPP/RNB1KBNR b KQkq - 0 8,black,f5h5,-157.0,-0.3735134532878035,0,,29,teacher_candidate,tactics,,,
2260,tactics_0147,tactics,train,generated_0045,rnb1kbnr/pp1p2pp/5p2/2pPpq2/4P3/8/PPPQ1PPP/RNB1KBNR b KQkq - 0 8,black,g8h6,-908.0,-0.9788786239267536,0,,29,teacher_candidate,tactics,,,
2260,tactics_0147,tactics,train,generated_0045,rnb1kbnr/pp1p2pp/5p2/2pPpq2/4P3/8/PPPQ1PPP/RNB1KBNR b KQkq - 0 8,black,e8e7,-1070.0,-0.9905485747952092,0,,29,teacher_candidate,tactics,,,
855,tactics_0148,tactics,train,generated_0017,r1bq1bnr/pp1kp2p/n1pp2p1/5p1Q/4P3/1P4P1/P1PP1P1P/RNB1KBNR b KQ - 5 7,black,g6h5,612.0,0.9104245939004264,1,,27,teacher_candidate,tactics,,,
855,tactics_0148,tactics,train,generated_0017,r1bq1bnr/pp1kp2p/n1pp2p1/5p1Q/4P3/1P4P1/P1PP1P1P/RNB1KBNR b KQ - 5 7,black,e7e6,417.0,0.7788733737673915,0,,27,teacher_candidate,tactics,,,
855,tactics_0148,tactics,train,generated_0017,r1bq1bnr/pp1kp2p/n1pp2p1/5p1Q/4P3/1P4P1/P1PP1P1P/RNB1KBNR b KQ - 5 7,black,f8g7,320.0,0.6640367702678489,0,,27,teacher_candidate,tactics,,,
855,tactics_0148,tactics,train,generated_0017,r1bq1bnr/pp1kp2p/n1pp2p1/5p1Q/4P3/1P4P1/P1PP1P1P/RNB1KBNR b KQ - 5 7,black,b7b6,102.0,0.2496129489368586,0,,27,teacher_candidate,tactics,,,
855,tactics_0148,tactics,train,generated_0017,r1bq1bnr/pp1kp2p/n1pp2p1/5p1Q/4P3/1P4P1/P1PP1P1P/RNB1KBNR b KQ - 5 7,black,h7h6,-185.0,-0.4321195876314196,0,,27,teacher_candidate,tactics,,,
937,tactics_0149,tactics,train,generated_0018,1n1qkbnr/rbppp1p1/1p5p/pB6/4Pp1P/P4P2/1PPPQ1P1/RNB2KNR b k - 3 8,black,e7e5,-33.0,-0.0823133363004561,1,,22,teacher_candidate,tactics,,,
937,tactics_0149,tactics,train,generated_0018,1n1qkbnr/rbppp1p1/1p5p/pB6/4Pp1P/P4P2/1PPPQ1P1/RNB2KNR b k - 3 8,black,b8c6,-123.0,-0.2981610484891466,0,,22,teacher_candidate,tactics,,,
937,tactics_0149,tactics,train,generated_0018,1n1qkbnr/rbppp1p1/1p5p/pB6/4Pp1P/P4P2/1PPPQ1P1/RNB2KNR b k - 3 8,black,e7e6,-136.0,-0.3274773948087053,0,,22,teacher_candidate,tactics,,,
937,tactics_0149,tactics,train,generated_0018,1n1qkbnr/rbppp1p1/1p5p/pB6/4Pp1P/P4P2/1PPPQ1P1/RNB2KNR b k - 3 8,black,b8a6,-240.0,-0.5370495669980353,0,,22,teacher_candidate,tactics,,,
937,tactics_0149,tactics,train,generated_0018,1n1qkbnr/rbppp1p1/1p5p/pB6/4Pp1P/P4P2/1PPPQ1P1/RNB2KNR b k - 3 8,black,b7e4,-950.0,-0.982845029172576,0,,22,teacher_candidate,tactics,,,
1150,tactics_0150,tactics,train,generated_0023,rn1qkb1r/ppp2ppp/3p3n/4p3/1P2PPP1/3P3b/P1P4P/RN1QKBNR w KQkq - 1 7,white,f1h3,-152.0,-0.3627074675780511,1,,25,teacher_candidate,tactics,,,
1150,tactics_0150,tactics,train,generated_0023,rn1qkb1r/ppp2ppp/3p3n/4p3/1P2PPP1/3P3b/P1P4P/RN1QKBNR w KQkq - 1 7,white,g1h3,-196.0,-0.4542164326822591,0,,25,teacher_candidate,tactics,,,
1150,tactics_0150,tactics,train,generated_0023,rn1qkb1r/ppp2ppp/3p3n/4p3/1P2PPP1/3P3b/P1P4P/RN1QKBNR w KQkq - 1 7,white,g4g5,-461.0,-0.8185805822252497,0,,25,teacher_candidate,tactics,,,
1150,tactics_0150,tactics,train,generated_0023,rn1qkb1r/ppp2ppp/3p3n/4p3/1P2PPP1/3P3b/P1P4P/RN1QKBNR w KQkq - 1 7,white,d1d2,-722.0,-0.9473213607494332,0,,25,teacher_candidate,tactics,,,
1150,tactics_0150,tactics,train,generated_0023,rn1qkb1r/ppp2ppp/3p3n/4p3/1P2PPP1/3P3b/P1P4P/RN1QKBNR w KQkq - 1 7,white,f1g2,-1244.0,-0.9960294080465228,0,,25,teacher_candidate,tactics,,,
1335,tactics_0151,tactics,train,generated_0026,rn1qk1nr/1bpp1p1p/p7/1p2B1p1/3b4/N4P2/PPP1PKPP/1R1Q1BNR w kq - 0 9,white,d1d4,950.0,0.982845029172576,1,,5,teacher_candidate,tactics,,,
1335,tactics_0151,tactics,train,generated_0026,rn1qk1nr/1bpp1p1p/p7/1p2B1p1/3b4/N4P2/PPP1PKPP/1R1Q1BNR w kq - 0 9,white,e5d4,716.0,0.945760565596474,0,,5,teacher_candidate,tactics,,,
1335,tactics_0151,tactics,train,generated_0026,rn1qk1nr/1bpp1p1p/p7/1p2B1p1/3b4/N4P2/PPP1PKPP/1R1Q1BNR w kq - 0 9,white,e2e3,-629.0,-0.9174225103797896,0,,5,teacher_candidate,tactics,,,
1335,tactics_0151,tactics,train,generated_0026,rn1qk1nr/1bpp1p1p/p7/1p2B1p1/3b4/N4P2/PPP1PKPP/1R1Q1BNR w kq - 0 9,white,f2g3,-927.0,-0.9807743917349984,0,,5,teacher_candidate,tactics,,,
860,tactics_0152,tactics,train,generated_0017,r1bqkbnr/1pppp2p/n5p1/p7/1P2p2N/N7/P1PP1PPP/R1BQKB1R w Q - 5 8,white,b4b5,-163.0,-0.3863478986519003,1,,30,teacher_candidate,tactics,,,
860,tactics_0152,tactics,train,generated_0017,r1bqkbnr/1pppp2p/n5p1/p7/1P2p2N/N7/P1PP1PPP/R1BQKB1R w Q - 5 8,white,c1b2,-177.0,-0.4157145428489626,0,,30,teacher_candidate,tactics,,,
860,tactics_0152,tactics,train,generated_0017,r1bqkbnr/1pppp2p/n5p1/p7/1P2p2N/N7/P1PP1PPP/R1BQKB1R w Q - 5 8,white,b4a5,-217.0,-0.4948780404403998,0,,30,teacher_candidate,tactics,,,
860,tactics_0152,tactics,train,generated_0017,r1bqkbnr/1pppp2p/n5p1/p7/1P2p2N/N7/P1PP1PPP/R1BQKB1R w Q - 5 8,white,a3b1,-496.0,-0.8454555957266803,0,,30,teacher_candidate,tactics,,,
860,tactics_0152,tactics,train,generated_0017,r1bqkbnr/1pppp2p/n5p1/p7/1P2p2N/N7/P1PP1PPP/R1BQKB1R w Q - 5 8,white,f1d3,-862.0,-0.9734890371458024,0,,30,teacher_candidate,tactics,,,
854,tactics_0153,tactics,train,generated_0017,1nbqk2r/3p1ppp/Qp5n/p1p1p3/Pb6/4P1PP/1PPP1P2/RNB2KNR w k - 0 10,white,a6e2,-15.0,-0.0374824317570704,1,,30,teacher_candidate,tactics,,,
854,tactics_0153,tactics,train,generated_0017,1nbqk2r/3p1ppp/Qp5n/p1p1p3/Pb6/4P1PP/1PPP1P2/RNB2KNR w k - 0 10,white,a6a8,-28.0,-0.0698858903164289,0,,30,teacher_candidate,tactics,,,
854,tactics_0153,tactics,train,generated_0017,1nbqk2r/3p1ppp/Qp5n/p1p1p3/Pb6/4P1PP/1PPP1P2/RNB2KNR w k - 0 10,white,a6d3,-76.0,-0.1877462058682854,0,,30,teacher_candidate,tactics,,,
854,tactics_0153,tactics,train,generated_0017,1nbqk2r/3p1ppp/Qp5n/p1p1p3/Pb6/4P1PP/1PPP1P2/RNB2KNR w k - 0 10,white,g3g4,-857.0,-0.9728270272003616,0,,30,teacher_candidate,tactics,,,
854,tactics_0153,tactics,train,generated_0017,1nbqk2r/3p1ppp/Qp5n/p1p1p3/Pb6/4P1PP/1PPP1P2/RNB2KNR w k - 0 10,white,h1h2,-965.0,-0.9840747173979166,0,,30,teacher_candidate,tactics,,,
384,tactics_0154,tactics,train,generated_0007,1nbqkbnr/rppp2p1/p3p3/5p1p/P1PP4/4B1P1/1P2PP1P/RN1QKBNR b KQk - 1 7,black,f8b4,-91.0,-0.2236547380034742,1,,30,teacher_candidate,tactics,,,
384,tactics_0154,tactics,train,generated_0007,1nbqkbnr/rppp2p1/p3p3/5p1p/P1PP4/4B1P1/1P2PP1P/RN1QKBNR b KQk - 1 7,black,g8f6,-95.0,-0.2331330090426386,0,,30,teacher_candidate,tactics,,,
384,tactics_0154,tactics,train,generated_0007,1nbqkbnr/rppp2p1/p3p3/5p1p/P1PP4/4B1P1/1P2PP1P/RN1QKBNR b KQk - 1 7,black,b7b6,-107.0,-0.2612970513021489,0,,30,teacher_candidate,tactics,,,
384,tactics_0154,tactics,train,generated_0007,1nbqkbnr/rppp2p1/p3p3/5p1p/P1PP4/4B1P1/1P2PP1P/RN1QKBNR b KQk - 1 7,black,g8h6,-195.0,-0.4522299625215583,0,,30,teacher_candidate,tactics,,,
384,tactics_0154,tactics,train,generated_0007,1nbqkbnr/rppp2p1/p3p3/5p1p/P1PP4/4B1P1/1P2PP1P/RN1QKBNR b KQk - 1 7,black,f8c5,-934.0,-0.9814295085966688,0,,30,teacher_candidate,tactics,,,
275,tactics_0155,tactics,train,generated_0005,rn1qkbnr/p1p1pp2/1p1p2p1/7p/P2P3P/NP6/bBPQPPP1/2R1KBNR w Kq - 2 9,white,d4d5,555.0,0.8826196500158177,1,,33,teacher_candidate,tactics,,,
275,tactics_0155,tactics,train,generated_0005,rn1qkbnr/p1p1pp2/1p1p2p1/7p/P2P3P/NP6/bBPQPPP1/2R1KBNR w Kq - 2 9,white,e2e4,555.0,0.8826196500158177,0,,33,teacher_candidate,tactics,,,
275,tactics_0155,tactics,train,generated_0005,rn1qkbnr/p1p1pp2/1p1p2p1/7p/P2P3P/NP6/bBPQPPP1/2R1KBNR w Kq - 2 9,white,c1a1,524.0,0.8642754128460111,0,,33,teacher_candidate,tactics,,,
275,tactics_0155,tactics,train,generated_0005,rn1qkbnr/p1p1pp2/1p1p2p1/7p/P2P3P/NP6/bBPQPPP1/2R1KBNR w Kq - 2 9,white,b2c3,363.0,0.7199301687444545,0,,33,teacher_candidate,tactics,,,
275,tactics_0155,tactics,train,generated_0005,rn1qkbnr/p1p1pp2/1p1p2p1/7p/P2P3P/NP6/bBPQPPP1/2R1KBNR w Kq - 2 9,white,d2h6,-1157.0,-0.9938722118431828,0,,33,teacher_candidate,tactics,,,
529,tactics_0156,tactics,train,generated_0010,1rbqk1nr/2pp1p1p/n5pb/pp2p3/P5P1/1QP2P2/RP1PP2P/1NB1KBNR w Kk - 2 8,white,a4b5,-144.0,-0.3452140341355209,1,,27,teacher_candidate,tactics,,,
529,tactics_0156,tactics,train,generated_0010,1rbqk1nr/2pp1p1p/n5pb/pp2p3/P5P1/1QP2P2/RP1PP2P/1NB1KBNR w Kk - 2 8,white,h2h4,-167.0,-0.3948222287917645,0,,27,teacher_candidate,tactics,,,
529,tactics_0156,tactics,train,generated_0010,1rbqk1nr/2pp1p1p/n5pb/pp2p3/P5P1/1QP2P2/RP1PP2P/1NB1KBNR w Kk - 2 8,white,g4g5,-233.0,-0.5244801068542184,0,,27,teacher_candidate,tactics,,,
529,tactics_0156,tactics,train,generated_0010,1rbqk1nr/2pp1p1p/n5pb/pp2p3/P5P1/1QP2P2/RP1PP2P/1NB1KBNR w Kk - 2 8,white,f1g2,-385.0,-0.7453899238492566,0,,27,teacher_candidate,tactics,,,
529,tactics_0156,tactics,train,generated_0010,1rbqk1nr/2pp1p1p/n5pb/pp2p3/P5P1/1QP2P2/RP1PP2P/1NB1KBNR w Kk - 2 8,white,b3e6,-922.0,-0.9802924889535376,0,,27,teacher_candidate,tactics,,,
1939,tactics_0157,tactics,train,generated_0038,rnbq2nr/p1ppbk1p/5pp1/1p1Np3/6P1/5P2/PPPPPN1P/R1BQKB1R w KQ - 4 7,white,d2d4,176.0,0.4136444421871351,1,,29,teacher_candidate,tactics,,,
1939,tactics_0157,tactics,train,generated_0038,rnbq2nr/p1ppbk1p/5pp1/1p1Np3/6P1/5P2/PPPPPN1P/R1BQKB1R w KQ - 4 7,white,e2e4,175.0,0.4115700556740224,0,,29,teacher_candidate,tactics,,,
1939,tactics_0157,tactics,train,generated_0038,rnbq2nr/p1ppbk1p/5pp1/1p1Np3/6P1/5P2/PPPPPN1P/R1BQKB1R w KQ - 4 7,white,c2c3,147.0,0.3518030554518814,0,,29,teacher_candidate,tactics,,,
1939,tactics_0157,tactics,train,generated_0038,rnbq2nr/p1ppbk1p/5pp1/1p1Np3/6P1/5P2/PPPPPN1P/R1BQKB1R w KQ - 4 7,white,f1h3,75.0,0.1853331999081395,0,,29,teacher_candidate,tactics,,,
1939,tactics_0157,tactics,train,generated_0038,rnbq2nr/p1ppbk1p/5pp1/1p1Np3/6P1/5P2/PPPPPN1P/R1BQKB1R w KQ - 4 7,white,d5c7,-455.0,-0.8135705538363528,0,,29,teacher_candidate,tactics,,,
2376,tactics_0158,tactics,train,generated_0047,rnb1k2r/p1qpnp1p/4p3/Q1p1b3/1PP3p1/B2PP2N/P4PPP/RN2KB1R w KQkq - 1 10,white,a5c7,34.0,0.0847958815487019,1,,26,teacher_candidate,tactics,,,
2376,tactics_0158,tactics,train,generated_0047,rnb1k2r/p1qpnp1p/4p3/Q1p1b3/1PP3p1/B2PP2N/P4PPP/RN2KB1R w KQkq - 1 10,white,d3d4,-209.0,-0.4796272133393758,0,,26,teacher_candidate,tactics,,,
2376,tactics_0158,tactics,train,generated_0047,rnb1k2r/p1qpnp1p/4p3/Q1p1b3/1PP3p1/B2PP2N/P4PPP/RN2KB1R w KQkq - 1 10,white,a3b2,-294.0,-0.6261147720639073,0,,26,teacher_candidate,tactics,,,
2376,tactics_0158,tactics,train,generated_0047,rnb1k2r/p1qpnp1p/4p3/Q1p1b3/1PP3p1/B2PP2N/P4PPP/RN2KB1R w KQkq - 1 10,white,g2g3,-571.0,-0.8911531288062178,0,,26,teacher_candidate,tactics,,,
2376,tactics_0158,tactics,train,generated_0047,rnb1k2r/p1qpnp1p/4p3/Q1p1b3/1PP3p1/B2PP2N/P4PPP/RN2KB1R w KQkq - 1 10,white,b4c5,-1242.0,-0.9959895829520392,0,,26,teacher_candidate,tactics,,,
827,tactics_0159,tactics,train,generated_0016,1rbqkB1r/pp1pp3/n1p2n2/5ppp/3P4/PP6/2PQPPPP/RN1K1BNR b k - 1 8,black,f6e4,-43.0,-0.1070878063022365,1,,28,teacher_candidate,tactics,,,
827,tactics_0159,tactics,train,generated_0016,1rbqkB1r/pp1pp3/n1p2n2/5ppp/3P4/PP6/2PQPPPP/RN1K1BNR b k - 1 8,black,h8f8,-44.0,-0.1095584702144295,0,,28,teacher_candidate,tactics,,,
827,tactics_0159,tactics,train,generated_0016,1rbqkB1r/pp1pp3/n1p2n2/5ppp/3P4/PP6/2PQPPPP/RN1K1BNR b k - 1 8,black,h8g8,-45.0,-0.1120277810892398,0,,28,teacher_candidate,tactics,,,
827,tactics_0159,tactics,train,generated_0016,1rbqkB1r/pp1pp3/n1p2n2/5ppp/3P4/PP6/2PQPPPP/RN1K1BNR b k - 1 8,black,b7b5,-402.0,-0.7636860443814609,0,,28,teacher_candidate,tactics,,,
827,tactics_0159,tactics,train,generated_0016,1rbqkB1r/pp1pp3/n1p2n2/5ppp/3P4/PP6/2PQPPPP/RN1K1BNR b k - 1 8,black,d8a5,-901.0,-0.9781345117723848,0,,28,teacher_candidate,tactics,,,
3722,tactics_0160,tactics,train,generated_0074,rnbq1bn1/2pp1pp1/p7/1p2pk1r/7p/N1PPBPPP/PPQ1PK1R/R4BN1 b - - 2 10,black,h4g3,20.0,0.0499583749578799,1,,33,teacher_candidate,tactics,,,
3722,tactics_0160,tactics,train,generated_0074,rnbq1bn1/2pp1pp1/p7/1p2pk1r/7p/N1PPBPPP/PPQ1PK1R/R4BN1 b - - 2 10,black,f5g6,-74.0,-0.1829179568655601,0,,33,teacher_candidate,tactics,,,
3722,tactics_0160,tactics,train,generated_0074,rnbq1bn1/2pp1pp1/p7/1p2pk1r/7p/N1PPBPPP/PPQ1PK1R/R4BN1 b - - 2 10,black,f5e6,-97.0,-0.2378557096003806,0,,33,teacher_candidate,tactics,,,
3722,tactics_0160,tactics,train,generated_0074,rnbq1bn1/2pp1pp1/p7/1p2pk1r/7p/N1PPBPPP/PPQ1PK1R/R4BN1 b - - 2 10,black,f8e7,-320.0,-0.6640367702678489,0,,33,teacher_candidate,tactics,,,
3722,tactics_0160,tactics,train,generated_0074,rnbq1bn1/2pp1pp1/p7/1p2pk1r/7p/N1PPBPPP/PPQ1PK1R/R4BN1 b - - 2 10,black,d8g5,-874.0,-0.9750136274737408,0,,33,teacher_candidate,tactics,,,
2084,tactics_0161,tactics,train,generated_0041,r1b1kbnr/p5p1/nP2pp2/q2p3p/6P1/P1P2P1N/1B1PP2P/RN1QKB1R b KQkq - 1 9,black,h5g4,159.0,0.3778078359539092,1,,35,teacher_candidate,tactics,,,
2084,tactics_0161,tactics,train,generated_0041,r1b1kbnr/p5p1/nP2pp2/q2p3p/6P1/P1P2P1N/1B1PP2P/RN1QKB1R b KQkq - 1 9,black,a5b6,133.0,0.3207653461584321,0,,35,teacher_candidate,tactics,,,
2084,tactics_0161,tactics,train,generated_0041,r1b1kbnr/p5p1/nP2pp2/q2p3p/6P1/P1P2P1N/1B1PP2P/RN1QKB1R b KQkq - 1 9,black,e6e5,77.0,0.190156947732268,0,,35,teacher_candidate,tactics,,,
2084,tactics_0161,tactics,train,generated_0041,r1b1kbnr/p5p1/nP2pp2/q2p3p/6P1/P1P2P1N/1B1PP2P/RN1QKB1R b KQkq - 1 9,black,g7g6,-14.0,-0.0349857153327794,0,,35,teacher_candidate,tactics,,,
2084,tactics_0161,tactics,train,generated_0041,r1b1kbnr/p5p1/nP2pp2/q2p3p/6P1/P1P2P1N/1B1PP2P/RN1QKB1R b KQkq - 1 9,black,a5b4,-1093.0,-0.9915709923410352,0,,35,teacher_candidate,tactics,,,
3614,tactics_0162,tactics,train,generated_0072,rnbq1b1r/pp2kp1p/3p2p1/N1p1p3/1P6/3P1Pn1/PBP1P1PP/R2QKBNR b KQ - 2 9,black,g3h1,503.0,0.8503734168441159,1,,38,teacher_candidate,tactics,,,
3614,tactics_0162,tactics,train,generated_0072,rnbq1b1r/pp2kp1p/3p2p1/N1p1p3/1P6/3P1Pn1/PBP1P1PP/R2QKBNR b KQ - 2 9,black,a7a6,194.0,0.4502389955796461,0,,38,teacher_candidate,tactics,,,
3614,tactics_0162,tactics,train,generated_0072,rnbq1b1r/pp2kp1p/3p2p1/N1p1p3/1P6/3P1Pn1/PBP1P1PP/R2QKBNR b KQ - 2 9,black,g3f1,184.0,0.4300842114019795,0,,38,teacher_candidate,tactics,,,
3614,tactics_0162,tactics,train,generated_0072,rnbq1b1r/pp2kp1p/3p2p1/N1p1p3/1P6/3P1Pn1/PBP1P1PP/R2QKBNR b KQ - 2 9,black,b8c6,-491.0,-0.8418526462603199,0,,38,teacher_candidate,tactics,,,
3614,tactics_0162,tactics,train,generated_0072,rnbq1b1r/pp2kp1p/3p2p1/N1p1p3/1P6/3P1Pn1/PBP1P1PP/R2QKBNR b KQ - 2 9,black,e5e4,-809.0,-0.9655832183699564,0,,38,teacher_candidate,tactics,,,
2562,tactics_0163,tactics,train,generated_0051,r1bqkbr1/ppp1npp1/3p1n1p/4p3/1P5N/6PB/P1PPPP1P/RNBQK2R w KQq - 0 8,white,h3c8,-60.0,-0.1488850336233179,1,,31,teacher_candidate,tactics,,,
2562,tactics_0163,tactics,train,generated_0051,r1bqkbr1/ppp1npp1/3p1n1p/4p3/1P5N/6PB/P1PPPP1P/RNBQK2R w KQq - 0 8,white,h3g2,-98.0,-0.2402128646861802,0,,31,teacher_candidate,tactics,,,
2562,tactics_0163,tactics,train,generated_0051,r1bqkbr1/ppp1npp1/3p1n1p/4p3/1P5N/6PB/P1PPPP1P/RNBQK2R w KQq - 0 8,white,h3f1,-163.0,-0.3863478986519003,0,,31,teacher_candidate,tactics,,,
2562,tactics_0163,tactics,train,generated_0051,r1bqkbr1/ppp1npp1/3p1n1p/4p3/1P5N/6PB/P1PPPP1P/RNBQK2R w KQq - 0 8,white,a2a4,-833.0,-0.9694155381723456,0,,31,teacher_candidate,tactics,,,
2562,tactics_0163,tactics,train,generated_0051,r1bqkbr1/ppp1npp1/3p1n1p/4p3/1P5N/6PB/P1PPPP1P/RNBQK2R w KQq - 0 8,white,f2f3,-905.0,-0.978562836670134,0,,31,teacher_candidate,tactics,,,
702,tactics_0164,tactics,train,generated_0014,rnbqk2r/1ppp3p/p2bp2n/5pp1/8/P4P1P/1PPPP1PN/RNBQKBR1 w Qkq - 1 7,white,e1f2,-96.0,-0.2354957495384979,1,,18,teacher_candidate,tactics,,,
702,tactics_0164,tactics,train,generated_0014,rnbqk2r/1ppp3p/p2bp2n/5pp1/8/P4P1P/1PPPP1PN/RNBQKBR1 w Qkq - 1 7,white,g2g3,-137.0,-0.3297074608119472,0,,18,teacher_candidate,tactics,,,
702,tactics_0164,tactics,train,generated_0014,rnbqk2r/1ppp3p/p2bp2n/5pp1/8/P4P1P/1PPPP1PN/RNBQKBR1 w Qkq - 1 7,white,f3f4,-404.0,-0.7657620182484389,0,,18,teacher_candidate,tactics,,,
702,tactics_0164,tactics,train,generated_0014,rnbqk2r/1ppp3p/p2bp2n/5pp1/8/P4P1P/1PPPP1PN/RNBQKBR1 w Qkq - 1 7,white,b2b3,-799.0,-0.9638505266716332,0,,18,teacher_candidate,tactics,,,
702,tactics_0164,tactics,train,generated_0014,rnbqk2r/1ppp3p/p2bp2n/5pp1/8/P4P1P/1PPPP1PN/RNBQKBR1 w Qkq - 1 7,white,g1h1,-99999.0,-1.0,0,,18,teacher_candidate,tactics,,,
1004,tactics_0165,tactics,train,generated_0020,rn1qkbnr/pb1ppp1p/1pp3p1/PQ6/2B1P3/2P5/1P1P1PPP/RNB1K1NR b KQkq - 1 7,black,c6b5,649.0,0.9249860569527596,1,,22,teacher_candidate,tactics,,,
1004,tactics_0165,tactics,train,generated_0020,rn1qkbnr/pb1ppp1p/1pp3p1/PQ6/2B1P3/2P5/1P1P1PPP/RNB1K1NR b KQkq - 1 7,black,e7e6,423.0,0.7847051472096467,0,,22,teacher_candidate,tactics,,,
1004,tactics_0165,tactics,train,generated_0020,rn1qkbnr/pb1ppp1p/1pp3p1/PQ6/2B1P3/2P5/1P1P1PPP/RNB1K1NR b KQkq - 1 7,black,d7d5,325.0,0.6709670742068736,0,,22,teacher_candidate,tactics,,,
1004,tactics_0165,tactics,train,generated_0020,rn1qkbnr/pb1ppp1p/1pp3p1/PQ6/2B1P3/2P5/1P1P1PPP/RNB1K1NR b KQkq - 1 7,black,d7d6,8.0,0.0199973337599309,0,,22,teacher_candidate,tactics,,,
1004,tactics_0165,tactics,train,generated_0020,rn1qkbnr/pb1ppp1p/1pp3p1/PQ6/2B1P3/2P5/1P1P1PPP/RNB1K1NR b KQkq - 1 7,black,b6a5,-918.0,-0.9798983722330524,0,,22,teacher_candidate,tactics,,,
3352,tactics_0166,tactics,train,generated_0067,r1bqkb1r/p1p1n1p1/1p1pp2p/2P2p2/4PN2/P4PP1/1PP4P/RNBQKB1R w KQkq - 0 9,white,c5b6,827.0,0.9684987733220672,1,,43,teacher_candidate,tactics,,,
3352,tactics_0166,tactics,train,generated_0067,r1bqkb1r/p1p1n1p1/1p1pp2p/2P2p2/4PN2/P4PP1/1PP4P/RNBQKB1R w KQkq - 0 9,white,b1c3,810.0,0.9657519333685444,0,,43,teacher_candidate,tactics,,,
3352,tactics_0166,tactics,train,generated_0067,r1bqkb1r/p1p1n1p1/1p1pp2p/2P2p2/4PN2/P4PP1/1PP4P/RNBQKB1R w KQkq - 0 9,white,c5d6,802.0,0.9643791367189491,0,,43,teacher_candidate,tactics,,,
3352,tactics_0166,tactics,train,generated_0067,r1bqkb1r/p1p1n1p1/1p1pp2p/2P2p2/4PN2/P4PP1/1PP4P/RNBQKB1R w KQkq - 0 9,white,c2c4,659.0,0.928513764888952,0,,43,teacher_candidate,tactics,,,
3352,tactics_0166,tactics,train,generated_0067,r1bqkb1r/p1p1n1p1/1p1pp2p/2P2p2/4PN2/P4PP1/1PP4P/RNBQKB1R w KQkq - 0 9,white,d1d6,-665.0,-0.9305531409332848,0,,43,teacher_candidate,tactics,,,
2923,tactics_0167,tactics,train,generated_0058,r1bqk1nr/pppppp1p/6pb/2n5/3P1P2/2P5/PP1BP1PP/RNQ1KBNR w KQkq - 3 7,white,d4c5,646.0,0.9238955058580158,1,,22,teacher_candidate,tactics,,,
2923,tactics_0167,tactics,train,generated_0058,r1bqk1nr/pppppp1p/6pb/2n5/3P1P2/2P5/PP1BP1PP/RNQ1KBNR w KQkq - 3 7,white,g1h3,350.0,0.703905603936621,0,,22,teacher_candidate,tactics,,,
2923,tactics_0167,tactics,train,generated_0058,r1bqk1nr/pppppp1p/6pb/2n5/3P1P2/2P5/PP1BP1PP/RNQ1KBNR w KQkq - 3 7,white,g2g4,110.0,0.2682711820216014,0,,22,teacher_candidate,tactics,,,
2923,tactics_0167,tactics,train,generated_0058,r1bqk1nr/pppppp1p/6pb/2n5/3P1P2/2P5/PP1BP1PP/RNQ1KBNR w KQkq - 3 7,white,e1d1,22.0,0.0549446086891874,0,,22,teacher_candidate,tactics,,,
2923,tactics_0167,tactics,train,generated_0058,r1bqk1nr/pppppp1p/6pb/2n5/3P1P2/2P5/PP1BP1PP/RNQ1KBNR w KQkq - 3 7,white,a2a3,-545.0,-0.8769716366107312,0,,22,teacher_candidate,tactics,,,
4870,tactics_0168,tactics,train,generated_0097,r1b1k1nr/ppp2pbp/n2pp2q/1P4p1/P4PP1/8/2PPPR1P/1NBQKBNR b Kkq - 1 8,black,a6c5,-6.0,-0.0149988751012407,1,,32,teacher_candidate,tactics,,,
4870,tactics_0168,tactics,train,generated_0097,r1b1k1nr/ppp2pbp/n2pp2q/1P4p1/P4PP1/8/2PPPR1P/1NBQKBNR b Kkq - 1 8,black,a6b4,-85.0,-0.2093581694280187,0,,32,teacher_candidate,tactics,,,
4870,tactics_0168,tactics,train,generated_0097,r1b1k1nr/ppp2pbp/n2pp2q/1P4p1/P4PP1/8/2PPPR1P/1NBQKBNR b Kkq - 1 8,black,g8f6,-158.0,-0.3756626611656808,0,,32,teacher_candidate,tactics,,,
4870,tactics_0168,tactics,train,generated_0097,r1b1k1nr/ppp2pbp/n2pp2q/1P4p1/P4PP1/8/2PPPR1P/1NBQKBNR b Kkq - 1 8,black,c7c6,-456.0,-0.814414093765686,0,,32,teacher_candidate,tactics,,,
4870,tactics_0168,tactics,train,generated_0097,r1b1k1nr/ppp2pbp/n2pp2q/1P4p1/P4PP1/8/2PPPR1P/1NBQKBNR b Kkq - 1 8,black,h6h2,-1015.0,-0.9875754937830746,0,,32,teacher_candidate,tactics,,,
2277,tactics_0169,tactics,train,generated_0045,rnb1k2r/p1pp1p1p/1p2qnp1/4p3/8/bPN1P3/P1PPNPPP/2RQKB1R w Kkq - 0 8,white,c3b5,-199.0,-0.4601487679622376,1,,22,teacher_candidate,tactics,,,
2277,tactics_0169,tactics,train,generated_0045,rnb1k2r/p1pp1p1p/1p2qnp1/4p3/8/bPN1P3/P1PPNPPP/2RQKB1R w Kkq - 0 8,white,c3b1,-759.0,-0.9560229208941606,0,,22,teacher_candidate,tactics,,,
2277,tactics_0169,tactics,train,generated_0045,rnb1k2r/p1pp1p1p/1p2qnp1/4p3/8/bPN1P3/P1PPNPPP/2RQKB1R w Kkq - 0 8,white,c1b1,-802.0,-0.9643791367189491,0,,22,teacher_candidate,tactics,,,
2277,tactics_0169,tactics,train,generated_0045,rnb1k2r/p1pp1p1p/1p2qnp1/4p3/8/bPN1P3/P1PPNPPP/2RQKB1R w Kkq - 0 8,white,e2g1,-841.0,-0.9705971416215484,0,,22,teacher_candidate,tactics,,,
2277,tactics_0169,tactics,train,generated_0045,rnb1k2r/p1pp1p1p/1p2qnp1/4p3/8/bPN1P3/P1PPNPPP/2RQKB1R w Kkq - 0 8,white,c3e4,-1067.0,-0.9904064199688634,0,,22,teacher_candidate,tactics,,,
3880,tactics_0170,tactics,train,generated_0077,rnb1k1nr/1pp1qp1p/6p1/p2pp3/1PPb2P1/B2P3N/P3PP1P/RN1QKB1R w KQkq - 2 8,white,b4a5,-238.0,-0.5334821284570855,1,,24,teacher_candidate,tactics,,,
3880,tactics_0170,tactics,train,generated_0077,rnb1k1nr/1pp1qp1p/6p1/p2pp3/1PPb2P1/B2P3N/P3PP1P/RN1QKB1R w KQkq - 2 8,white,b4b5,-284.0,-0.6106768328168442,0,,24,teacher_candidate,tactics,,,
3880,tactics_0170,tactics,train,generated_0077,rnb1k1nr/1pp1qp1p/6p1/p2pp3/1PPb2P1/B2P3N/P3PP1P/RN1QKB1R w KQkq - 2 8,white,d1a4,-458.0,-0.8160909001379913,0,,24,teacher_candidate,tactics,,,
3880,tactics_0170,tactics,train,generated_0077,rnb1k1nr/1pp1qp1p/6p1/p2pp3/1PPb2P1/B2P3N/P3PP1P/RN1QKB1R w KQkq - 2 8,white,h1g1,-812.0,-0.9660869289795984,0,,24,teacher_candidate,tactics,,,
3880,tactics_0170,tactics,train,generated_0077,rnb1k1nr/1pp1qp1p/6p1/p2pp3/1PPb2P1/B2P3N/P3PP1P/RN1QKB1R w KQkq - 2 8,white,a3b2,-1330.0,-0.9974153004474252,0,,24,teacher_candidate,tactics,,,
2866,tactics_0171,tactics,train,generated_0057,r1bqk1nr/pp1p2p1/n1p2p1B/2b1p3/2PP3p/N2Q2P1/PP2PP1P/R3KBNR w KQkq - 4 8,white,d3g6,882.0,0.9759815913801452,1,,43,teacher_candidate,tactics,,,
2866,tactics_0171,tactics,train,generated_0057,r1bqk1nr/pp1p2p1/n1p2p1B/2b1p3/2PP3p/N2Q2P1/PP2PP1P/R3KBNR w KQkq - 4 8,white,d4c5,134.0,0.3230063184059049,0,,43,teacher_candidate,tactics,,,
2866,tactics_0171,tactics,train,generated_0057,r1bqk1nr/pp1p2p1/n1p2p1B/2b1p3/2PP3p/N2Q2P1/PP2PP1P/R3KBNR w KQkq - 4 8,white,h6g7,115.0,0.2798321934754683,0,,43,teacher_candidate,tactics,,,
2866,tactics_0171,tactics,train,generated_0057,r1bqk1nr/pp1p2p1/n1p2p1B/2b1p3/2PP3p/N2Q2P1/PP2PP1P/R3KBNR w KQkq - 4 8,white,a1b1,-518.0,-0.8604304342468398,0,,43,teacher_candidate,tactics,,,
2866,tactics_0171,tactics,train,generated_0057,r1bqk1nr/pp1p2p1/n1p2p1B/2b1p3/2PP3p/N2Q2P1/PP2PP1P/R3KBNR w KQkq - 4 8,white,d3h7,-1094.0,-0.9916128558949748,0,,43,teacher_candidate,tactics,,,
2642,tactics_0172,tactics,train,generated_0052,r1bqkbnr/1ppp1p1p/p1n1p1p1/8/1PP3P1/P2PP3/1B3P1P/RN1QKBNR b KQkq - 1 7,black,e6e5,-100.0,-0.2449186624037091,1,,34,teacher_candidate,tactics,,,
2642,tactics_0172,tactics,train,generated_0052,r1bqkbnr/1ppp1p1p/p1n1p1p1/8/1PP3P1/P2PP3/1B3P1P/RN1QKBNR b KQkq - 1 7,black,f7f6,-138.0,-0.3319338535036404,0,,34,teacher_candidate,tactics,,,
2642,tactics_0172,tactics,train,generated_0052,r1bqkbnr/1ppp1p1p/p1n1p1p1/8/1PP3P1/P2PP3/1B3P1P/RN1QKBNR b KQkq - 1 7,black,g8f6,-172.0,-0.405321308689463,0,,34,teacher_candidate,tactics,,,
2642,tactics_0172,tactics,train,generated_0052,r1bqkbnr/1ppp1p1p/p1n1p1p1/8/1PP3P1/P2PP3/1B3P1P/RN1QKBNR b KQkq - 1 7,black,c6d4,-798.0,-0.963672617943135,0,,34,teacher_candidate,tactics,,,
2642,tactics_0172,tactics,train,generated_0052,r1bqkbnr/1ppp1p1p/p1n1p1p1/8/1PP3P1/P2PP3/1B3P1P/RN1QKBNR b KQkq - 1 7,black,c6a5,-984.0,-0.9855075208083371,0,,34,teacher_candidate,tactics,,,
716,tactics_0173,tactics,train,generated_0014,r1bq1bnr/pp1k2pp/2n5/2pppp2/3P4/PP2PN1P/1BP2PP1/R2QKBNR b KQ - 1 8,black,d8a5,768.0,0.9579173059590634,1,,37,teacher_candidate,tactics,,,
716,tactics_0173,tactics,train,generated_0014,r1bq1bnr/pp1k2pp/2n5/2pppp2/3P4/PP2PN1P/1BP2PP1/R2QKBNR b KQ - 1 8,black,g8e7,143.0,0.3430100684508116,0,,37,teacher_candidate,tactics,,,
716,tactics_0173,tactics,train,generated_0014,r1bq1bnr/pp1k2pp/2n5/2pppp2/3P4/PP2PN1P/1BP2PP1/R2QKBNR b KQ - 1 8,black,c5d4,-67.0,-0.165950908402399,0,,37,teacher_candidate,tactics,,,
716,tactics_0173,tactics,train,generated_0014,r1bq1bnr/pp1k2pp/2n5/2pppp2/3P4/PP2PN1P/1BP2PP1/R2QKBNR b KQ - 1 8,black,d8e7,-511.0,-0.855817403604612,0,,37,teacher_candidate,tactics,,,
716,tactics_0173,tactics,train,generated_0014,r1bq1bnr/pp1k2pp/2n5/2pppp2/3P4/PP2PN1P/1BP2PP1/R2QKBNR b KQ - 1 8,black,d8h4,-1002.0,-0.986746605500674,0,,37,teacher_candidate,tactics,,,
2754,tactics_0174,tactics,train,generated_0055,rnbqkb1r/1p1p1pp1/p3p3/1Pp5/2Q1n2p/2P2PP1/P2PP2P/RNB1KBNR w KQkq - 0 8,white,c4e4,105.0,0.2566323765907324,1,,28,teacher_candidate,tactics,,,
2754,tactics_0174,tactics,train,generated_0055,rnbqkb1r/1p1p1pp1/p3p3/1Pp5/2Q1n2p/2P2PP1/P2PP2P/RNB1KBNR w KQkq - 0 8,white,f3e4,15.0,0.0374824317570704,0,,28,teacher_candidate,tactics,,,
2754,tactics_0174,tactics,train,generated_0055,rnbqkb1r/1p1p1pp1/p3p3/1Pp5/2Q1n2p/2P2PP1/P2PP2P/RNB1KBNR w KQkq - 0 8,white,a2a4,-216.0,-0.4929879666753243,0,,28,teacher_candidate,tactics,,,
2754,tactics_0174,tactics,train,generated_0055,rnbqkb1r/1p1p1pp1/p3p3/1Pp5/2Q1n2p/2P2PP1/P2PP2P/RNB1KBNR w KQkq - 0 8,white,c4d3,-316.0,-0.658409035955251,0,,28,teacher_candidate,tactics,,,
2754,tactics_0174,tactics,train,generated_0055,rnbqkb1r/1p1p1pp1/p3p3/1Pp5/2Q1n2p/2P2PP1/P2PP2P/RNB1KBNR w KQkq - 0 8,white,c4d4,-1046.0,-0.9893499646285157,0,,28,teacher_candidate,tactics,,,
877,tactics_0175,tactics,train,generated_0017,rn2k1nr/p1pb1p2/1p2p1p1/3p3p/1b5q/P1P1PB2/3PKPPP/RNB2QNR b kq - 1 10,black,d7b5,699.0,0.941090337649905,1,,44,teacher_candidate,tactics,,,
877,tactics_0175,tactics,train,generated_0017,rn2k1nr/p1pb1p2/1p2p1p1/3p3p/1b5q/P1P1PB2/3PKPPP/RNB2QNR b kq - 1 10,black,b4d6,410.0,0.7718952374404182,0,,44,teacher_candidate,tactics,,,
877,tactics_0175,tactics,train,generated_0017,rn2k1nr/p1pb1p2/1p2p1p1/3p3p/1b5q/P1P1PB2/3PKPPP/RNB2QNR b kq - 1 10,black,b4f8,399.0,0.760542219421471,0,,44,teacher_candidate,tactics,,,
877,tactics_0175,tactics,train,generated_0017,rn2k1nr/p1pb1p2/1p2p1p1/3p3p/1b5q/P1P1PB2/3PKPPP/RNB2QNR b kq - 1 10,black,h8h7,-287.0,-0.6153583568455542,0,,44,teacher_candidate,tactics,,,
877,tactics_0175,tactics,train,generated_0017,rn2k1nr/p1pb1p2/1p2p1p1/3p3p/1b5q/P1P1PB2/3PKPPP/RNB2QNR b kq - 1 10,black,h4h3,-954.0,-0.983181863868074,0,,44,teacher_candidate,tactics,,,
4966,tactics_0176,tactics,train,generated_0099,r1bqkb1r/1pppp1p1/p4P2/2n2p1p/3P2P1/1PP5/P2BQP1P/RN2KBNR w KQkq - 1 10,white,f6f7,1025.0,0.9881778622875124,1,,38,teacher_candidate,tactics,,,
4966,tactics_0176,tactics,train,generated_0099,r1bqkb1r/1pppp1p1/p4P2/2n2p1p/3P2P1/1PP5/P2BQP1P/RN2KBNR w KQkq - 1 10,white,d4c5,991.0,0.9860024949798332,0,,38,teacher_candidate,tactics,,,
4966,tactics_0176,tactics,train,generated_0099,r1bqkb1r/1pppp1p1/p4P2/2n2p1p/3P2P1/1PP5/P2BQP1P/RN2KBNR w KQkq - 1 10,white,e2f3,852.0,0.9721487193869992,0,,38,teacher_candidate,tactics,,,
4966,tactics_0176,tactics,train,generated_0099,r1bqkb1r/1pppp1p1/p4P2/2n2p1p/3P2P1/1PP5/P2BQP1P/RN2KBNR w KQkq - 1 10,white,b3b4,584.0,0.8976525981658167,0,,38,teacher_candidate,tactics,,,
4966,tactics_0176,tactics,train,generated_0099,r1bqkb1r/1pppp1p1/p4P2/2n2p1p/3P2P1/1PP5/P2BQP1P/RN2KBNR w KQkq - 1 10,white,e2a6,-850.0,-0.971872745913509,0,,38,teacher_candidate,tactics,,,
2961,tactics_0177,tactics,train,generated_0059,rn1qkbnr/pb1p1pp1/2p1p2p/Pp6/2P1P2P/1Q6/1P1P1PP1/RNB1KBNR w KQkq - 0 7,white,d2d4,62.0,0.1537705222640926,1,,38,teacher_candidate,tactics,,,
2961,tactics_0177,tactics,train,generated_0059,rn1qkbnr/pb1p1pp1/2p1p2p/Pp6/2P1P2P/1Q6/1P1P1PP1/RNB1KBNR w KQkq - 0 7,white,f1e2,59.0,0.1464395453596697,0,,38,teacher_candidate,tactics,,,
2961,tactics_0177,tactics,train,generated_0059,rn1qkbnr/pb1p1pp1/2p1p2p/Pp6/2P1P2P/1Q6/1P1P1PP1/RNB1KBNR w KQkq - 0 7,white,h1h3,39.0,0.0971922171662686,0,,38,teacher_candidate,tactics,,,
2961,tactics_0177,tactics,train,generated_0059,rn1qkbnr/pb1p1pp1/2p1p2p/Pp6/2P1P2P/1Q6/1P1P1PP1/RNB1KBNR w KQkq - 0 7,white,b3e3,-67.0,-0.165950908402399,0,,38,teacher_candidate,tactics,,,
2961,tactics_0177,tactics,train,generated_0059,rn1qkbnr/pb1p1pp1/2p1p2p/Pp6/2P1P2P/1Q6/1P1P1PP1/RNB1KBNR w KQkq - 0 7,white,b3b4,-968.0,-0.9843099539390888,0,,38,teacher_candidate,tactics,,,
3176,tactics_0178,tactics,train,generated_0063,rnb1kb1r/p2ppppn/2p5/1p5p/1P2PP1P/7N/q1PP1KP1/RNBQ1B1R w kq - 0 9,white,a1a2,651.0,0.9257047311181208,1,,32,teacher_candidate,tactics,,,
3176,tactics_0178,tactics,train,generated_0063,rnb1kb1r/p2ppppn/2p5/1p5p/1P2PP1P/7N/q1PP1KP1/RNBQ1B1R w kq - 0 9,white,d1e2,-209.0,-0.4796272133393758,0,,32,teacher_candidate,tactics,,,
3176,tactics_0178,tactics,train,generated_0063,rnb1kb1r/p2ppppn/2p5/1p5p/1P2PP1P/7N/q1PP1KP1/RNBQ1B1R w kq - 0 9,white,b1a3,-582.0,-0.8966771290678304,0,,32,teacher_candidate,tactics,,,
3176,tactics_0178,tactics,train,generated_0063,rnb1kb1r/p2ppppn/2p5/1p5p/1P2PP1P/7N/q1PP1KP1/RNBQ1B1R w kq - 0 9,white,d1h5,-786.0,-0.9614695347368166,0,,32,teacher_candidate,tactics,,,
3176,tactics_0178,tactics,train,generated_0063,rnb1kb1r/p2ppppn/2p5/1p5p/1P2PP1P/7N/q1PP1KP1/RNBQ1B1R w kq - 0 9,white,h3g1,-961.0,-0.9837556183557004,0,,32,teacher_candidate,tactics,,,
1769,tactics_0179,tactics,train,generated_0035,r1bq1rk1/p1pnnpbp/3pp3/1p2N3/4Pp2/NP4P1/PBPPK2P/R2Q1B1R w - - 2 10,white,e5d7,-297.0,-0.6306532272061658,1,,35,teacher_candidate,tactics,,,
1769,tactics_0179,tactics,train,generated_0035,r1bq1rk1/p1pnnpbp/3pp3/1p2N3/4Pp2/NP4P1/PBPPK2P/R2Q1B1R w - - 2 10,white,e5d3,-542.0,-0.8752282972400112,0,,35,teacher_candidate,tactics,,,
1769,tactics_0179,tactics,train,generated_0035,r1bq1rk1/p1pnnpbp/3pp3/1p2N3/4Pp2/NP4P1/PBPPK2P/R2Q1B1R w - - 2 10,white,e5f7,-734.0,-0.9503129117179926,0,,35,teacher_candidate,tactics,,,
1769,tactics_0179,tactics,train,generated_0035,r1bq1rk1/p1pnnpbp/3pp3/1p2N3/4Pp2/NP4P1/PBPPK2P/R2Q1B1R w - - 2 10,white,d1c1,-914.0,-0.979496455453256,0,,35,teacher_candidate,tactics,,,
1769,tactics_0179,tactics,train,generated_0035,r1bq1rk1/p1pnnpbp/3pp3/1p2N3/4Pp2/NP4P1/PBPPK2P/R2Q1B1R w - - 2 10,white,e2d3,-1024.0,-0.9881189556033192,0,,35,teacher_candidate,tactics,,,
3510,tactics_0180,tactics,train,generated_0070,r1b1kb1r/p2pppp1/2n2n2/q6p/2p4P/4PP1R/PPPP2P1/RNB1KBN1 b Qkq - 0 7,black,d7d6,720.0,0.9468060128462684,1,,41,teacher_candidate,tactics,,,
3510,tactics_0180,tactics,train,generated_0070,r1b1kb1r/p2pppp1/2n2n2/q6p/2p4P/4PP1R/PPPP2P1/RNB1KBN1 b Qkq - 0 7,black,c6b4,709.0,0.9438827817700052,0,,41,teacher_candidate,tactics,,,
3510,tactics_0180,tactics,train,generated_0070,r1b1kb1r/p2pppp1/2n2n2/q6p/2p4P/4PP1R/PPPP2P1/RNB1KBN1 b Qkq - 0 7,black,g7g5,706.0,0.9430588246198056,0,,41,teacher_candidate,tactics,,,
3510,tactics_0180,tactics,train,generated_0070,r1b1kb1r/p2pppp1/2n2n2/q6p/2p4P/4PP1R/PPPP2P1/RNB1KBN1 b Qkq - 0 7,black,c6b8,585.0,0.8981370594941129,0,,41,teacher_candidate,tactics,,,
3510,tactics_0180,tactics,train,generated_0070,r1b1kb1r/p2pppp1/2n2n2/q6p/2p4P/4PP1R/PPPP2P1/RNB1KBN1 b Qkq - 0 7,black,a5g5,-177.0,-0.4157145428489626,0,,41,teacher_candidate,tactics,,,
3607,tactics_0181,tactics,train,generated_0072,rnbqk1nr/1p1pppb1/p5pp/4P3/8/2pP1P2/PPP3PP/RNBQKBNR b KQkq - 3 8,black,d8a5,101.0,0.247267256596452,1,,22,teacher_candidate,tactics,,,
3607,tactics_0181,tactics,train,generated_0072,rnbqk1nr/1p1pppb1/p5pp/4P3/8/2pP1P2/PPP3PP/RNBQKBNR b KQkq - 3 8,black,c3b2,96.0,0.2354957495384979,0,,22,teacher_candidate,tactics,,,
3607,tactics_0181,tactics,train,generated_0072,rnbqk1nr/1p1pppb1/p5pp/4P3/8/2pP1P2/PPP3PP/RNBQKBNR b KQkq - 3 8,black,d7d6,95.0,0.2331330090426386,0,,22,teacher_candidate,tactics,,,
3607,tactics_0181,tactics,train,generated_0072,rnbqk1nr/1p1pppb1/p5pp/4P3/8/2pP1P2/PPP3PP/RNBQKBNR b KQkq - 3 8,black,d7d5,-23.0,-0.0574367139028792,0,,22,teacher_candidate,tactics,,,
3607,tactics_0181,tactics,train,generated_0072,rnbqk1nr/1p1pppb1/p5pp/4P3/8/2pP1P2/PPP3PP/RNBQKBNR b KQkq - 3 8,black,g7f6,-508.0,-0.8537976531552436,0,,22,teacher_candidate,tactics,,,
4476,tactics_0182,tactics,train,generated_0089,r1b1kbnr/1pp2p1p/p1nq2p1/3pp3/2B1P3/P4PQ1/1PPPK1PP/RNB3NR b kq - 3 8,black,d5c4,879.0,0.975623023939446,1,,42,teacher_candidate,tactics,,,
4476,tactics_0182,tactics,train,generated_0089,r1b1kbnr/1pp2p1p/p1nq2p1/3pp3/2B1P3/P4PQ1/1PPPK1PP/RNB3NR b kq - 3 8,black,c6d4,660.0,0.9288576214547276,0,,42,teacher_candidate,tactics,,,
4476,tactics_0182,tactics,train,generated_0089,r1b1kbnr/1pp2p1p/p1nq2p1/3pp3/2B1P3/P4PQ1/1PPPK1PP/RNB3NR b kq - 3 8,black,b7b5,646.0,0.9238955058580158,0,,42,teacher_candidate,tactics,,,
4476,tactics_0182,tactics,train,generated_0089,r1b1kbnr/1pp2p1p/p1nq2p1/3pp3/2B1P3/P4PQ1/1PPPK1PP/RNB3NR b kq - 3 8,black,f7f6,12.0,0.0299910032388201,0,,42,teacher_candidate,tactics,,,
4476,tactics_0182,tactics,train,generated_0089,r1b1kbnr/1pp2p1p/p1nq2p1/3pp3/2B1P3/P4PQ1/1PPPK1PP/RNB3NR b kq - 3 8,black,d6b4,-772.0,-0.9587334055461876,0,,42,teacher_candidate,tactics,,,
1843,tactics_0183,tactics,train,generated_0036,2bqkbnr/rpppp3/2n2p2/p5pp/2P3PP/P4R2/1P1PPP2/RNBQKBN1 w Qk - 0 7,white,f3g3,-99.0,-0.2425671903821356,1,,27,teacher_candidate,tactics,,,
1843,tactics_0183,tactics,train,generated_0036,2bqkbnr/rpppp3/2n2p2/p5pp/2P3PP/P4R2/1P1PPP2/RNBQKBN1 w Qk - 0 7,white,d1c2,-122.0,-0.2958816041613004,0,,27,teacher_candidate,tactics,,,
1843,tactics_0183,tactics,train,generated_0036,2bqkbnr/rpppp3/2n2p2/p5pp/2P3PP/P4R2/1P1PPP2/RNBQKBN1 w Qk - 0 7,white,g4h5,-133.0,-0.3207653461584321,0,,27,teacher_candidate,tactics,,,
1843,tactics_0183,tactics,train,generated_0036,2bqkbnr/rpppp3/2n2p2/p5pp/2P3PP/P4R2/1P1PPP2/RNBQKBN1 w Qk - 0 7,white,d1b3,-310.0,-0.6498274636719203,0,,27,teacher_candidate,tactics,,,
1843,tactics_0183,tactics,train,generated_0036,2bqkbnr/rpppp3/2n2p2/p5pp/2P3PP/P4R2/1P1PPP2/RNBQKBN1 w Qk - 0 7,white,f3f4,-727.0,-0.9485885670976116,0,,27,teacher_candidate,tactics,,,
4631,tactics_0184,tactics,train,generated_0092,r1bq1bnr/p2kpppp/Q7/2pp4/2pn4/PP3NP1/3PPP1P/RNB1KBR1 b Q - 1 8,black,d4f3,687.0,0.9375612924997138,1,,29,teacher_candidate,tactics,,,
4631,tactics_0184,tactics,train,generated_0092,r1bq1bnr/p2kpppp/Q7/2pp4/2pn4/PP3NP1/3PPP1P/RNB1KBR1 b Q - 1 8,black,c8a6,593.0,0.9019353223079448,0,,29,teacher_candidate,tactics,,,
4631,tactics_0184,tactics,train,generated_0092,r1bq1bnr/p2kpppp/Q7/2pp4/2pn4/PP3NP1/3PPP1P/RNB1KBR1 b Q - 1 8,black,d7e8,512.0,0.8564849154724974,0,,29,teacher_candidate,tactics,,,
4631,tactics_0184,tactics,train,generated_0092,r1bq1bnr/p2kpppp/Q7/2pp4/2pn4/PP3NP1/3PPP1P/RNB1KBR1 b Q - 1 8,black,g8h6,184.0,0.4300842114019795,0,,29,teacher_candidate,tactics,,,
4631,tactics_0184,tactics,train,generated_0092,r1bq1bnr/p2kpppp/Q7/2pp4/2pn4/PP3NP1/3PPP1P/RNB1KBR1 b Q - 1 8,black,d4b5,-940.0,-0.9819734026943044,0,,29,teacher_candidate,tactics,,,
800,tactics_0185,tactics,train,generated_0016,1rbqkbnr/1ppppNpp/2n5/p4p2/5P1P/1P1P2P1/P1P1P3/RNBQKB1R b KQk - 0 8,black,e8f7,707.0,0.9433347735879052,1,,19,teacher_candidate,tactics,,,
800,tactics_0185,tactics,train,generated_0016,1rbqkbnr/1ppppNpp/2n5/p4p2/5P1P/1P1P2P1/P1P1P3/RNBQKB1R b KQk - 0 8,black,c6d4,-19.0,-0.0474643082531221,0,,19,teacher_candidate,tactics,,,
800,tactics_0185,tactics,train,generated_0016,1rbqkbnr/1ppppNpp/2n5/p4p2/5P1P/1P1P2P1/P1P1P3/RNBQKB1R b KQk - 0 8,black,g8f6,-589.0,-0.900053283525865,0,,19,teacher_candidate,tactics,,,
800,tactics_0185,tactics,train,generated_0016,1rbqkbnr/1ppppNpp/2n5/p4p2/5P1P/1P1P2P1/P1P1P3/RNBQKB1R b KQk - 0 8,black,g8h6,-636.0,-0.9201493320943724,0,,19,teacher_candidate,tactics,,,
800,tactics_0185,tactics,train,generated_0016,1rbqkbnr/1ppppNpp/2n5/p4p2/5P1P/1P1P2P1/P1P1P3/RNBQKB1R b KQk - 0 8,black,h7h6,-771.0,-0.95853084482113,0,,19,teacher_candidate,tactics,,,
1782,tactics_0186,tactics,train,generated_0035,r1b1kbnr/2q1pp2/npp4p/p4Pp1/1PpP4/PQ4P1/1B2P2P/RN2KBNR w KQkq - 1 10,white,b3c4,-41.0,-0.1021425386146839,1,,31,teacher_candidate,tactics,,,
1782,tactics_0186,tactics,train,generated_0035,r1b1kbnr/2q1pp2/npp4p/p4Pp1/1PpP4/PQ4P1/1B2P2P/RN2KBNR w KQkq - 1 10,white,b3c2,-183.0,-0.4280444535546033,0,,31,teacher_candidate,tactics,,,
1782,tactics_0186,tactics,train,generated_0035,r1b1kbnr/2q1pp2/npp4p/p4Pp1/1PpP4/PQ4P1/1B2P2P/RN2KBNR w KQkq - 1 10,white,b3c3,-183.0,-0.4280444535546033,0,,31,teacher_candidate,tactics,,,
1782,tactics_0186,tactics,train,generated_0035,r1b1kbnr/2q1pp2/npp4p/p4Pp1/1PpP4/PQ4P1/1B2P2P/RN2KBNR w KQkq - 1 10,white,g1f3,-874.0,-0.9750136274737408,0,,31,teacher_candidate,tactics,,,
1782,tactics_0186,tactics,train,generated_0035,r1b1kbnr/2q1pp2/npp4p/p4Pp1/1PpP4/PQ4P1/1B2P2P/RN2KBNR w KQkq - 1 10,white,h2h4,-1095.0,-0.991654512400434,0,,31,teacher_candidate,tactics,,,
4434,tactics_0187,tactics,train,generated_0088,r2qk1nr/1pp1pp1p/2np4/p5p1/5Pb1/b2PP3/PNPK2PP/R1BQ1BNR b kq - 3 9,black,g4d1,722.0,0.9473213607494332,1,,39,teacher_candidate,tactics,,,
4434,tactics_0187,tactics,train,generated_0088,r2qk1nr/1pp1pp1p/2np4/p5p1/5Pb1/b2PP3/PNPK2PP/R1BQ1BNR b kq - 3 9,black,a3b4,655.0,0.9271222691583196,0,,39,teacher_candidate,tactics,,,
4434,tactics_0187,tactics,train,generated_0088,r2qk1nr/1pp1pp1p/2np4/p5p1/5Pb1/b2PP3/PNPK2PP/R1BQ1BNR b kq - 3 9,black,a3b2,523.0,0.8636414743963026,0,,39,teacher_candidate,tactics,,,
4434,tactics_0187,tactics,train,generated_0088,r2qk1nr/1pp1pp1p/2np4/p5p1/5Pb1/b2PP3/PNPK2PP/R1BQ1BNR b kq - 3 9,black,b7b5,-205.0,-0.4718907878542969,0,,39,teacher_candidate,tactics,,,
4434,tactics_0187,tactics,train,generated_0088,r2qk1nr/1pp1pp1p/2np4/p5p1/5Pb1/b2PP3/PNPK2PP/R1BQ1BNR b kq - 3 9,black,e8d7,-633.0,-0.9189914238917783,0,,39,teacher_candidate,tactics,,,
4111,tactics_0188,tactics,train,generated_0082,rnbqk2r/1p1p1pp1/2p1p2n/p1b5/3NP1p1/2NP4/PPPK1P1P/R1BQ1B1R w kq - 2 8,white,c3e2,-455.0,-0.8135705538363528,1,,33,teacher_candidate,tactics,,,
4111,tactics_0188,tactics,train,generated_0082,rnbqk2r/1p1p1pp1/2p1p2n/p1b5/3NP1p1/2NP4/PPPK1P1P/R1BQ1B1R w kq - 2 8,white,d4b3,-488.0,-0.8396541756543754,0,,33,teacher_candidate,tactics,,,
4111,tactics_0188,tactics,train,generated_0082,rnbqk2r/1p1p1pp1/2p1p2n/p1b5/3NP1p1/2NP4/PPPK1P1P/R1BQ1B1R w kq - 2 8,white,d4e2,-551.0,-0.8803902214206855,0,,33,teacher_candidate,tactics,,,
4111,tactics_0188,tactics,train,generated_0082,rnbqk2r/1p1p1pp1/2p1p2n/p1b5/3NP1p1/2NP4/PPPK1P1P/R1BQ1B1R w kq - 2 8,white,d4f5,-905.0,-0.978562836670134,0,,33,teacher_candidate,tactics,,,
4111,tactics_0188,tactics,train,generated_0082,rnbqk2r/1p1p1pp1/2p1p2n/p1b5/3NP1p1/2NP4/PPPK1P1P/R1BQ1B1R w kq - 2 8,white,b2b4,-1109.0,-0.9922165231938131,0,,33,teacher_candidate,tactics,,,
4023,tactics_0189,tactics,train,generated_0080,rn2kb1r/pb1qpnpp/5p2/1ppp4/1P6/B1N2P1N/P1PPP1PP/1R1QKB1R b Kkq - 5 9,black,e7e5,232.0,0.5226654296858209,1,,33,teacher_candidate,tactics,,,
4023,tactics_0189,tactics,train,generated_0080,rn2kb1r/pb1qpnpp/5p2/1ppp4/1P6/B1N2P1N/P1PPP1PP/1R1QKB1R b Kkq - 5 9,black,d5d4,227.0,0.5135209012396211,0,,33,teacher_candidate,tactics,,,
4023,tactics_0189,tactics,train,generated_0080,rn2kb1r/pb1qpnpp/5p2/1ppp4/1P6/B1N2P1N/P1PPP1PP/1R1QKB1R b Kkq - 5 9,black,c5c4,196.0,0.4542164326822591,0,,33,teacher_candidate,tactics,,,
4023,tactics_0189,tactics,train,generated_0080,rn2kb1r/pb1qpnpp/5p2/1ppp4/1P6/B1N2P1N/P1PPP1PP/1R1QKB1R b Kkq - 5 9,black,g7g5,63.0,0.1562104657686182,0,,33,teacher_candidate,tactics,,,
4023,tactics_0189,tactics,train,generated_0080,rn2kb1r/pb1qpnpp/5p2/1ppp4/1P6/B1N2P1N/P1PPP1PP/1R1QKB1R b Kkq - 5 9,black,d7g4,-871.0,-0.974640794891156,0,,33,teacher_candidate,tactics,,,
509,tactics_0190,tactics,train,generated_0010,r1bq1b1r/2pppkp1/ppn4n/7p/1P2P3/P1P2p2/1BQPNPPP/RN2KBR1 w Q - 0 10,white,g2f3,298.0,0.6321565451609915,1,,24,teacher_candidate,tactics,,,
509,tactics_0190,tactics,train,generated_0010,r1bq1b1r/2pppkp1/ppn4n/7p/1P2P3/P1P2p2/1BQPNPPP/RN2KBR1 w Q - 0 10,white,c2b3,226.0,0.5116777981895941,0,,24,teacher_candidate,tactics,,,
509,tactics_0190,tactics,train,generated_0010,r1bq1b1r/2pppkp1/ppn4n/7p/1P2P3/P1P2p2/1BQPNPPP/RN2KBR1 w Q - 0 10,white,e2f4,202.0,0.4660402984777151,0,,24,teacher_candidate,tactics,,,
509,tactics_0190,tactics,train,generated_0010,r1bq1b1r/2pppkp1/ppn4n/7p/1P2P3/P1P2p2/1BQPNPPP/RN2KBR1 w Q - 0 10,white,h2h4,-224.0,-0.5079774328978962,0,,24,teacher_candidate,tactics,,,
509,tactics_0190,tactics,train,generated_0010,r1bq1b1r/2pppkp1/ppn4n/7p/1P2P3/P1P2p2/1BQPNPPP/RN2KBR1 w Q - 0 10,white,b4b5,-538.0,-0.8728679633298895,0,,24,teacher_candidate,tactics,,,
3959,tactics_0191,tactics,train,generated_0079,1n1qkbnr/2pb1pp1/r2pp3/pp1P3Q/6PP/2P5/PP2PP2/RNB1KBNR b KQk - 0 9,black,h8h5,407.0,0.7688463106489329,1,,28,teacher_candidate,tactics,,,
3959,tactics_0191,tactics,train,generated_0079,1n1qkbnr/2pb1pp1/r2pp3/pp1P3Q/6PP/2P5/PP2PP2/RNB1KBNR b KQk - 0 9,black,d7c6,23.0,0.0574367139028792,0,,28,teacher_candidate,tactics,,,
3959,tactics_0191,tactics,train,generated_0079,1n1qkbnr/2pb1pp1/r2pp3/pp1P3Q/6PP/2P5/PP2PP2/RNB1KBNR b KQk - 0 9,black,b8c6,-83.0,-0.2045723537772613,0,,28,teacher_candidate,tactics,,,
3959,tactics_0191,tactics,train,generated_0079,1n1qkbnr/2pb1pp1/r2pp3/pp1P3Q/6PP/2P5/PP2PP2/RNB1KBNR b KQk - 0 9,black,a6a8,-767.0,-0.9577108258246346,0,,28,teacher_candidate,tactics,,,
3959,tactics_0191,tactics,train,generated_0079,1n1qkbnr/2pb1pp1/r2pp3/pp1P3Q/6PP/2P5/PP2PP2/RNB1KBNR b KQk - 0 9,black,d8g5,-927.0,-0.9807743917349984,0,,28,teacher_candidate,tactics,,,
4564,tactics_0192,tactics,train,generated_0091,r1b1kb1r/pp1p1pp1/n1p1p2B/7p/2PP4/PQ3PP1/1P1qPK1P/RN3BNR b kq - 2 9,black,d2h6,32.0,0.0798297691111313,1,,42,teacher_candidate,tactics,,,
4564,tactics_0192,tactics,train,generated_0091,r1b1kb1r/pp1p1pp1/n1p1p2B/7p/2PP4/PQ3PP1/1P1qPK1P/RN3BNR b kq - 2 9,black,d2a5,-262.0,-0.5750263117549217,0,,42,teacher_candidate,tactics,,,
4564,tactics_0192,tactics,train,generated_0091,r1b1kb1r/pp1p1pp1/n1p1p2B/7p/2PP4/PQ3PP1/1P1qPK1P/RN3BNR b kq - 2 9,black,a6c5,-451.0,-0.8101619061641351,0,,42,teacher_candidate,tactics,,,
4564,tactics_0192,tactics,train,generated_0091,r1b1kb1r/pp1p1pp1/n1p1p2B/7p/2PP4/PQ3PP1/1P1qPK1P/RN3BNR b kq - 2 9,black,b7b5,-1017.0,-0.9876983592848,0,,42,teacher_candidate,tactics,,,
4564,tactics_0192,tactics,train,generated_0091,r1b1kb1r/pp1p1pp1/n1p1p2B/7p/2PP4/PQ3PP1/1P1qPK1P/RN3BNR b kq - 2 9,black,h8g8,-1144.0,-0.9934620208767228,0,,42,teacher_candidate,tactics,,,
1433,tactics_0193,tactics,train,generated_0028,rnbqkb1r/2pp1p2/5np1/pP2p2p/4P2P/1R6/1PPPQPP1/RNB1KBN1 b Qkq - 2 7,black,f8c5,-105.0,-0.2566323765907324,1,,29,teacher_candidate,tactics,,,
1433,tactics_0193,tactics,train,generated_0028,rnbqkb1r/2pp1p2/5np1/pP2p2p/4P2P/1R6/1PPPQPP1/RNB1KBN1 b Qkq - 2 7,black,a5a4,-114.0,-0.2775263502976838,0,,29,teacher_candidate,tactics,,,
1433,tactics_0193,tactics,train,generated_0028,rnbqkb1r/2pp1p2/5np1/pP2p2p/4P2P/1R6/1PPPQPP1/RNB1KBN1 b Qkq - 2 7,black,f6g4,-117.0,-0.2844341859148753,0,,29,teacher_candidate,tactics,,,
1433,tactics_0193,tactics,train,generated_0028,rnbqkb1r/2pp1p2/5np1/pP2p2p/4P2P/1R6/1PPPQPP1/RNB1KBN1 b Qkq - 2 7,black,d8e7,-254.0,-0.5614854958242566,0,,29,teacher_candidate,tactics,,,
1433,tactics_0193,tactics,train,generated_0028,rnbqkb1r/2pp1p2/5np1/pP2p2p/4P2P/1R6/1PPPQPP1/RNB1KBN1 b Qkq - 2 7,black,f8a3,-908.0,-0.9788786239267536,0,,29,teacher_candidate,tactics,,,
1418,tactics_0194,tactics,train,generated_0028,rn3bnr/p1p1pkp1/b1qp4/1p1N1p1p/7P/4PP2/PPPPN1P1/1RBQKB1R w K - 4 9,white,d5f4,179.0,0.4198418366689064,1,,29,teacher_candidate,tactics,,,
1418,tactics_0194,tactics,train,generated_0028,rn3bnr/p1p1pkp1/b1qp4/1p1N1p1p/7P/4PP2/PPPPN1P1/1RBQKB1R w K - 4 9,white,e2f4,165.0,0.3905933386951307,0,,29,teacher_candidate,tactics,,,
1418,tactics_0194,tactics,train,generated_0028,rn3bnr/p1p1pkp1/b1qp4/1p1N1p1p/7P/4PP2/PPPPN1P1/1RBQKB1R w K - 4 9,white,d5b4,164.0,0.388472680216061,0,,29,teacher_candidate,tactics,,,
1418,tactics_0194,tactics,train,generated_0028,rn3bnr/p1p1pkp1/b1qp4/1p1N1p1p/7P/4PP2/PPPPN1P1/1RBQKB1R w K - 4 9,white,b2b3,-294.0,-0.6261147720639073,0,,29,teacher_candidate,tactics,,,
1418,tactics_0194,tactics,train,generated_0028,rn3bnr/p1p1pkp1/b1qp4/1p1N1p1p/7P/4PP2/PPPPN1P1/1RBQKB1R w K - 4 9,white,d5b6,-664.0,-0.9302171829365264,0,,29,teacher_candidate,tactics,,,
164,tactics_0195,tactics,train,generated_0003,rnbqk2r/pppp1p1p/4pn2/6p1/P1P3P1/1PN2P2/3PP2P/R1BQKBbR w KQkq - 0 7,white,h1g1,257.0,0.5665993699780818,1,,24,teacher_candidate,tactics,,,
164,tactics_0195,tactics,train,generated_0003,rnbqk2r/pppp1p1p/4pn2/6p1/P1P3P1/1PN2P2/3PP2P/R1BQKBbR w KQkq - 0 7,white,e2e3,28.0,0.0698858903164289,0,,24,teacher_candidate,tactics,,,
164,tactics_0195,tactics,train,generated_0003,rnbqk2r/pppp1p1p/4pn2/6p1/P1P3P1/1PN2P2/3PP2P/R1BQKBbR w KQkq - 0 7,white,d2d4,-83.0,-0.2045723537772613,0,,24,teacher_candidate,tactics,,,
164,tactics_0195,tactics,train,generated_0003,rnbqk2r/pppp1p1p/4pn2/6p1/P1P3P1/1PN2P2/3PP2P/R1BQKBbR w KQkq - 0 7,white,a1b1,-329.0,-0.6764282811209119,0,,24,teacher_candidate,tactics,,,
164,tactics_0195,tactics,train,generated_0003,rnbqk2r/pppp1p1p/4pn2/6p1/P1P3P1/1PN2P2/3PP2P/R1BQKBbR w KQkq - 0 7,white,c4c5,-563.0,-0.886962068040758,0,,24,teacher_candidate,tactics,,,
4131,tactics_0196,tactics,train,generated_0082,r1bq1br1/1ppknppp/n2p4/p3p1P1/5P1N/2PQ4/PP1PPK1P/RNB2BR1 b - - 4 10,black,d7e8,106.0,0.2589662239347897,1,,27,teacher_candidate,tactics,,,
4131,tactics_0196,tactics,train,generated_0082,r1bq1br1/1ppknppp/n2p4/p3p1P1/5P1N/2PQ4/PP1PPK1P/RNB2BR1 b - - 4 10,black,g7g6,106.0,0.2589662239347897,0,,27,teacher_candidate,tactics,,,
4131,tactics_0196,tactics,train,generated_0082,r1bq1br1/1ppknppp/n2p4/p3p1P1/5P1N/2PQ4/PP1PPK1P/RNB2BR1 b - - 4 10,black,c7c6,95.0,0.2331330090426386,0,,27,teacher_candidate,tactics,,,
4131,tactics_0196,tactics,train,generated_0082,r1bq1br1/1ppknppp/n2p4/p3p1P1/5P1N/2PQ4/PP1PPK1P/RNB2BR1 b - - 4 10,black,d8e8,-3.0,-0.0074998593781639,0,,27,teacher_candidate,tactics,,,
4131,tactics_0196,tactics,train,generated_0082,r1bq1br1/1ppknppp/n2p4/p3p1P1/5P1N/2PQ4/PP1PPK1P/RNB2BR1 b - - 4 10,black,e7d5,-819.0,-0.9672342455274456,0,,27,teacher_candidate,tactics,,,
3724,tactics_0197,tactics,train,generated_0074,r1bqkbnr/2p2ppp/n2p3B/pp6/4p1P1/P2P4/RPPNPP1P/3QKBNR b Kkq - 1 7,black,g8h6,765.0,0.9572948876779588,1,,33,teacher_candidate,tactics,,,
3724,tactics_0197,tactics,train,generated_0074,r1bqkbnr/2p2ppp/n2p3B/pp6/4p1P1/P2P4/RPPNPP1P/3QKBNR b Kkq - 1 7,black,g7h6,651.0,0.9257047311181208,0,,33,teacher_candidate,tactics,,,
3724,tactics_0197,tactics,train,generated_0074,r1bqkbnr/2p2ppp/n2p3B/pp6/4p1P1/P2P4/RPPNPP1P/3QKBNR b Kkq - 1 7,black,c8e6,294.0,0.6261147720639073,0,,33,teacher_candidate,tactics,,,
3724,tactics_0197,tactics,train,generated_0074,r1bqkbnr/2p2ppp/n2p3B/pp6/4p1P1/P2P4/RPPNPP1P/3QKBNR b Kkq - 1 7,black,d8f6,104.0,0.2542955326263911,0,,33,teacher_candidate,tactics,,,
3724,tactics_0197,tactics,train,generated_0074,r1bqkbnr/2p2ppp/n2p3B/pp6/4p1P1/P2P4/RPPNPP1P/3QKBNR b Kkq - 1 7,black,d8g5,-862.0,-0.9734890371458024,0,,33,teacher_candidate,tactics,,,
3865,tactics_0198,tactics,train,generated_0077,1nbqkbn1/r1pppppr/pp6/7p/2P3P1/PP5N/1B1PPP1P/RN1QKBR1 w Q - 6 8,white,h3g5,222.0,0.5042582228791403,1,,27,teacher_candidate,tactics,,,
3865,tactics_0198,tactics,train,generated_0077,1nbqkbn1/r1pppppr/pp6/7p/2P3P1/PP5N/1B1PPP1P/RN1QKBR1 w Q - 6 8,white,g4g5,213.0,0.4872897835125242,0,,27,teacher_candidate,tactics,,,
3865,tactics_0198,tactics,train,generated_0077,1nbqkbn1/r1pppppr/pp6/7p/2P3P1/PP5N/1B1PPP1P/RN1QKBR1 w Q - 6 8,white,d1c2,191.0,0.4442392116987145,0,,27,teacher_candidate,tactics,,,
3865,tactics_0198,tactics,train,generated_0077,1nbqkbn1/r1pppppr/pp6/7p/2P3P1/PP5N/1B1PPP1P/RN1QKBR1 w Q - 6 8,white,a1a2,-36.0,-0.0897577847471601,0,,27,teacher_candidate,tactics,,,
3865,tactics_0198,tactics,train,generated_0077,1nbqkbn1/r1pppppr/pp6/7p/2P3P1/PP5N/1B1PPP1P/RN1QKBR1 w Q - 6 8,white,b2f6,-677.0,-0.9344648903156232,0,,27,teacher_candidate,tactics,,,
3370,tactics_0199,tactics,train,generated_0067,rnbqk1nr/5pb1/pp2p1p1/2pp3p/4PP2/1PP3PN/P2P1Q1P/RNB1KBR1 b Qkq - 0 9,black,d5e4,349.0,0.7026420908321852,1,,36,teacher_candidate,tactics,,,
3370,tactics_0199,tactics,train,generated_0067,rnbqk1nr/5pb1/pp2p1p1/2pp3p/4PP2/1PP3PN/P2P1Q1P/RNB1KBR1 b Qkq - 0 9,black,g8h6,232.0,0.5226654296858209,0,,36,teacher_candidate,tactics,,,
3370,tactics_0199,tactics,train,generated_0067,rnbqk1nr/5pb1/pp2p1p1/2pp3p/4PP2/1PP3PN/P2P1Q1P/RNB1KBR1 b Qkq - 0 9,black,g8f6,181.0,0.423951838825587,0,,36,teacher_candidate,tactics,,,
3370,tactics_0199,tactics,train,generated_0067,rnbqk1nr/5pb1/pp2p1p1/2pp3p/4PP2/1PP3PN/P2P1Q1P/RNB1KBR1 b Qkq - 0 9,black,c8b7,96.0,0.2354957495384979,0,,36,teacher_candidate,tactics,,,
3370,tactics_0199,tactics,train,generated_0067,rnbqk1nr/5pb1/pp2p1p1/2pp3p/4PP2/1PP3PN/P2P1Q1P/RNB1KBR1 b Qkq - 0 9,black,d8h4,-1004.0,-0.9868776137319676,0,,36,teacher_candidate,tactics,,,
4297,tactics_0200,tactics,train,generated_0085,rnbqkb1r/ppp1np2/3p2p1/4p2p/3P2PP/P3PN2/1PP2P2/RNBQKB1R w KQkq - 0 7,white,g4h5,-59.0,-0.1464395453596697,1,,34,teacher_candidate,tactics,,,
4297,tactics_0200,tactics,train,generated_0085,rnbqkb1r/ppp1np2/3p2p1/4p2p/3P2PP/P3PN2/1PP2P2/RNBQKB1R w KQkq - 0 7,white,g4g5,-98.0,-0.2402128646861802,0,,34,teacher_candidate,tactics,,,
4297,tactics_0200,tactics,train,generated_0085,rnbqkb1r/ppp1np2/3p2p1/4p2p/3P2PP/P3PN2/1PP2P2/RNBQKB1R w KQkq - 0 7,white,b1d2,-142.0,-0.3408023196177371,0,,34,teacher_candidate,tactics,,,
4297,tactics_0200,tactics,train,generated_0085,rnbqkb1r/ppp1np2/3p2p1/4p2p/3P2PP/P3PN2/1PP2P2/RNBQKB1R w KQkq - 0 7,white,c2c3,-276.0,-0.5979820004989412,0,,34,teacher_candidate,tactics,,,
4297,tactics_0200,tactics,train,generated_0085,rnbqkb1r/ppp1np2/3p2p1/4p2p/3P2PP/P3PN2/1PP2P2/RNBQKB1R w KQkq - 0 7,white,f1a6,-794.0,-0.9629523500734012,0,,34,teacher_candidate,tactics,,,
4075,tactics_0201,tactics,train,generated_0081,rnbqkb1r/2ppp1pn/7B/pp3p2/3PP3/2P2P1N/PP3QPP/RN2KB1R b KQk - 0 9,black,g7h6,84.0,0.2069664997294525,1,,23,teacher_candidate,tactics,,,
4075,tactics_0201,tactics,train,generated_0081,rnbqkb1r/2ppp1pn/7B/pp3p2/3PP3/2P2P1N/PP3QPP/RN2KB1R b KQk - 0 9,black,e7e5,-262.0,-0.5750263117549217,0,,23,teacher_candidate,tactics,,,
4075,tactics_0201,tactics,train,generated_0081,rnbqkb1r/2ppp1pn/7B/pp3p2/3PP3/2P2P1N/PP3QPP/RN2KB1R b KQk - 0 9,black,b5b4,-285.0,-0.6122421243522802,0,,23,teacher_candidate,tactics,,,
4075,tactics_0201,tactics,train,generated_0081,rnbqkb1r/2ppp1pn/7B/pp3p2/3PP3/2P2P1N/PP3QPP/RN2KB1R b KQk - 0 9,black,b8c6,-343.0,-0.6949673662774124,0,,23,teacher_candidate,tactics,,,
4075,tactics_0201,tactics,train,generated_0081,rnbqkb1r/2ppp1pn/7B/pp3p2/3PP3/2P2P1N/PP3QPP/RN2KB1R b KQk - 0 9,black,h7g5,-939.0,-0.9818838624745584,0,,23,teacher_candidate,tactics,,,
4616,tactics_0202,tactics,train,generated_0092,rn1qkb2/ppp1pppr/4b3/3p3p/4PPnP/2NP4/PPP1K1P1/1RBQ1BNR b q - 2 10,black,d5e4,146.0,0.349610545164627,1,,30,teacher_candidate,tactics,,,
4616,tactics_0202,tactics,train,generated_0092,rn1qkb2/ppp1pppr/4b3/3p3p/4PPnP/2NP4/PPP1K1P1/1RBQ1BNR b q - 2 10,black,h7h6,118.0,0.2867302913888035,0,,30,teacher_candidate,tactics,,,
4616,tactics_0202,tactics,train,generated_0092,rn1qkb2/ppp1pppr/4b3/3p3p/4PPnP/2NP4/PPP1K1P1/1RBQ1BNR b q - 2 10,black,d8d7,81.0,0.1997767377279966,0,,30,teacher_candidate,tactics,,,
4616,tactics_0202,tactics,train,generated_0092,rn1qkb2/ppp1pppr/4b3/3p3p/4PPnP/2NP4/PPP1K1P1/1RBQ1BNR b q - 2 10,black,f7f5,-3.0,-0.0074998593781639,0,,30,teacher_candidate,tactics,,,
4616,tactics_0202,tactics,train,generated_0092,rn1qkb2/ppp1pppr/4b3/3p3p/4PPnP/2NP4/PPP1K1P1/1RBQ1BNR b q - 2 10,black,g4f2,-748.0,-0.953594123708712,0,,30,teacher_candidate,tactics,,,
1048,tactics_0203,tactics,train,generated_0020,r1b1kbnr/ppp1q2p/n2p1p2/4p1p1/2PQ4/5PP1/PP1PP2P/RNB1KBNR w KQkq - 0 7,white,d4c3,0.0,0.0,1,,33,teacher_candidate,tactics,,,
1048,tactics_0203,tactics,train,generated_0020,r1b1kbnr/ppp1q2p/n2p1p2/4p1p1/2PQ4/5PP1/PP1PP2P/RNB1KBNR w KQkq - 0 7,white,d4f2,-68.0,-0.1683810458708147,0,,33,teacher_candidate,tactics,,,
1048,tactics_0203,tactics,train,generated_0020,r1b1kbnr/ppp1q2p/n2p1p2/4p1p1/2PQ4/5PP1/PP1PP2P/RNB1KBNR w KQkq - 0 7,white,d4e3,-92.0,-0.2260283522786709,0,,33,teacher_candidate,tactics,,,
1048,tactics_0203,tactics,train,generated_0020,r1b1kbnr/ppp1q2p/n2p1p2/4p1p1/2PQ4/5PP1/PP1PP2P/RNB1KBNR w KQkq - 0 7,white,a2a3,-767.0,-0.9577108258246346,0,,33,teacher_candidate,tactics,,,
1048,tactics_0203,tactics,train,generated_0020,r1b1kbnr/ppp1q2p/n2p1p2/4p1p1/2PQ4/5PP1/PP1PP2P/RNB1KBNR w KQkq - 0 7,white,f3f4,-1040.0,-0.9890274022010992,0,,33,teacher_candidate,tactics,,,
2957,tactics_0204,tactics,train,generated_0059,3qkbr1/rbppp1p1/n4p1n/Pp5p/P7/2BP4/1QP1PPPP/RN2KBNR w KQ - 0 10,white,a4b5,513.0,0.8571495748848095,1,,29,teacher_candidate,tactics,,,
2957,tactics_0204,tactics,train,generated_0059,3qkbr1/rbppp1p1/n4p1n/Pp5p/P7/2BP4/1QP1PPPP/RN2KBNR w KQ - 0 10,white,b2b5,241.0,0.5388261224574971,0,,29,teacher_candidate,tactics,,,
2957,tactics_0204,tactics,train,generated_0059,3qkbr1/rbppp1p1/n4p1n/Pp5p/P7/2BP4/1QP1PPPP/RN2KBNR w KQ - 0 10,white,c3d4,160.0,0.3799489622552249,0,,29,teacher_candidate,tactics,,,
2957,tactics_0204,tactics,train,generated_0059,3qkbr1/rbppp1p1/n4p1n/Pp5p/P7/2BP4/1QP1PPPP/RN2KBNR w KQ - 0 10,white,b1a3,-35.0,-0.0872773744741577,0,,29,teacher_candidate,tactics,,,
2957,tactics_0204,tactics,train,generated_0059,3qkbr1/rbppp1p1/n4p1n/Pp5p/P7/2BP4/1QP1PPPP/RN2KBNR w KQ - 0 10,white,b2b4,-886.0,-0.9764515879664056,0,,29,teacher_candidate,tactics,,,
4242,tactics_0205,tactics,train,generated_0084,r1b1kb2/p1ppp3/np2N1pr/7p/3P1n2/7P/PPPNPPP1/1RBQKB1R b Kq - 2 9,black,f4e6,-596.0,-0.9033247425601896,1,,23,teacher_candidate,tactics,,,
4242,tactics_0205,tactics,train,generated_0084,r1b1kb2/p1ppp3/np2N1pr/7p/3P1n2/7P/PPPNPPP1/1RBQKB1R b Kq - 2 9,black,d7e6,-697.0,-0.940515894540715,0,,23,teacher_candidate,tactics,,,
4242,tactics_0205,tactics,train,generated_0084,r1b1kb2/p1ppp3/np2N1pr/7p/3P1n2/7P/PPPNPPP1/1RBQKB1R b Kq - 2 9,black,f4d3,-707.0,-0.9433347735879052,0,,23,teacher_candidate,tactics,,,
4242,tactics_0205,tactics,train,generated_0084,r1b1kb2/p1ppp3/np2N1pr/7p/3P1n2/7P/PPPNPPP1/1RBQKB1R b Kq - 2 9,black,h6h8,-847.0,-0.9714537242590624,0,,23,teacher_candidate,tactics,,,
4242,tactics_0205,tactics,train,generated_0084,r1b1kb2/p1ppp3/np2N1pr/7p/3P1n2/7P/PPPNPPP1/1RBQKB1R b Kq - 2 9,black,c7c6,-996.0,-0.9863457351557235,0,,23,teacher_candidate,tactics,,,
2918,tactics_0206,tactics,train,generated_0058,r1b1k1nr/ppppbpp1/7p/4p1q1/PP1n3P/4PP2/R1PP2P1/1NBQKBNR w Kkq - 1 9,white,h4g5,679.0,0.9350958140215132,1,,30,teacher_candidate,tactics,,,
2918,tactics_0206,tactics,train,generated_0058,r1b1k1nr/ppppbpp1/7p/4p1q1/PP1n3P/4PP2/R1PP2P1/1NBQKBNR w Kkq - 1 9,white,e3d4,306.0,0.644012628427507,0,,30,teacher_candidate,tactics,,,
2918,tactics_0206,tactics,train,generated_0058,r1b1k1nr/ppppbpp1/7p/4p1q1/PP1n3P/4PP2/R1PP2P1/1NBQKBNR w Kkq - 1 9,white,e1f2,248.0,0.5511280285381469,0,,30,teacher_candidate,tactics,,,
2918,tactics_0206,tactics,train,generated_0058,r1b1k1nr/ppppbpp1/7p/4p1q1/PP1n3P/4PP2/R1PP2P1/1NBQKBNR w Kkq - 1 9,white,f1c4,-857.0,-0.9728270272003616,0,,30,teacher_candidate,tactics,,,
2918,tactics_0206,tactics,train,generated_0058,r1b1k1nr/ppppbpp1/7p/4p1q1/PP1n3P/4PP2/R1PP2P1/1NBQKBNR w Kkq - 1 9,white,h4h5,-99999.0,-1.0,0,,30,teacher_candidate,tactics,,,
1712,tactics_0207,tactics,train,generated_0034,rnbqk1nr/pppp4/4p1p1/5p1p/2N3P1/P4P2/1PPbPK1P/R1B1QBNR w kq - 0 8,white,e1d2,200.0,0.4621171572600097,1,,28,teacher_candidate,tactics,,,
1712,tactics_0207,tactics,train,generated_0034,rnbqk1nr/pppp4/4p1p1/5p1p/2N3P1/P4P2/1PPbPK1P/R1B1QBNR w kq - 0 8,white,c1d2,171.0,0.4032299072308013,0,,28,teacher_candidate,tactics,,,
1712,tactics_0207,tactics,train,generated_0034,rnbqk1nr/pppp4/4p1p1/5p1p/2N3P1/P4P2/1PPbPK1P/R1B1QBNR w kq - 0 8,white,c4d2,99.0,0.2425671903821356,0,,28,teacher_candidate,tactics,,,
1712,tactics_0207,tactics,train,generated_0034,rnbqk1nr/pppp4/4p1p1/5p1p/2N3P1/P4P2/1PPbPK1P/R1B1QBNR w kq - 0 8,white,h2h3,-937.0,-0.981703457893131,0,,28,teacher_candidate,tactics,,,
1712,tactics_0207,tactics,train,generated_0034,rnbqk1nr/pppp4/4p1p1/5p1p/2N3P1/P4P2/1PPbPK1P/R1B1QBNR w kq - 0 8,white,f3f4,-1601.0,-0.9993326437543768,0,,28,teacher_candidate,tactics,,,
2026,tactics_0208,tactics,train,generated_0040,r1bqkb1r/pppp1p1p/n5pn/4p3/2P1P1PP/3P1N2/PP2QP2/RNB1KB1R b KQkq - 0 7,black,f8b4,95.0,0.2331330090426386,1,,28,teacher_candidate,tactics,,,
2026,tactics_0208,tactics,train,generated_0040,r1bqkb1r/pppp1p1p/n5pn/4p3/2P1P1PP/3P1N2/PP2QP2/RNB1KB1R b KQkq - 0 7,black,h6g4,73.0,0.1805005038603668,0,,28,teacher_candidate,tactics,,,
2026,tactics_0208,tactics,train,generated_0040,r1bqkb1r/pppp1p1p/n5pn/4p3/2P1P1PP/3P1N2/PP2QP2/RNB1KB1R b KQkq - 0 7,black,d7d6,-10.0,-0.0249947929684206,0,,28,teacher_candidate,tactics,,,
2026,tactics_0208,tactics,train,generated_0040,r1bqkb1r/pppp1p1p/n5pn/4p3/2P1P1PP/3P1N2/PP2QP2/RNB1KB1R b KQkq - 0 7,black,a8b8,-192.0,-0.4462436102487796,0,,28,teacher_candidate,tactics,,,
2026,tactics_0208,tactics,train,generated_0040,r1bqkb1r/pppp1p1p/n5pn/4p3/2P1P1PP/3P1N2/PP2QP2/RNB1KB1R b KQkq - 0 7,black,d8h4,-958.0,-0.9835121398707968,0,,28,teacher_candidate,tactics,,,
1438,tactics_0209,tactics,train,generated_0028,rnbqk1nr/3ppp2/2p3pb/pp5p/4NPP1/1PP4N/P2PP2P/R1BQKB1R b KQkq - 0 7,black,h5g4,262.0,0.5750263117549217,1,,26,teacher_candidate,tactics,,,
1438,tactics_0209,tactics,train,generated_0028,rnbqk1nr/3ppp2/2p3pb/pp5p/4NPP1/1PP4N/P2PP2P/R1BQKB1R b KQkq - 0 7,black,d7d5,212.0,0.4853810906053715,0,,26,teacher_candidate,tactics,,,
1438,tactics_0209,tactics,train,generated_0028,rnbqk1nr/3ppp2/2p3pb/pp5p/4NPP1/1PP4N/P2PP2P/R1BQKB1R b KQkq - 0 7,black,h6g7,91.0,0.2236547380034742,0,,26,teacher_candidate,tactics,,,
1438,tactics_0209,tactics,train,generated_0028,rnbqk1nr/3ppp2/2p3pb/pp5p/4NPP1/1PP4N/P2PP2P/R1BQKB1R b KQkq - 0 7,black,f7f6,-49.0,-0.1218909006494324,0,,26,teacher_candidate,tactics,,,
1438,tactics_0209,tactics,train,generated_0028,rnbqk1nr/3ppp2/2p3pb/pp5p/4NPP1/1PP4N/P2PP2P/R1BQKB1R b KQkq - 0 7,black,h6g5,-502.0,-0.8496797810357468,0,,26,teacher_candidate,tactics,,,
1450,tactics_0210,tactics,train,generated_0029,1nbqkbnB/rp1ppp1p/6p1/2p5/p1PP3P/7N/PP1KPPP1/RN1Q1B1R b - - 1 9,black,b8c6,-479.0,-0.8328904660394908,1,,25,teacher_candidate,tactics,,,
1450,tactics_0210,tactics,train,generated_0029,1nbqkbnB/rp1ppp1p/6p1/2p5/p1PP3P/7N/PP1KPPP1/RN1Q1B1R b - - 1 9,black,d7d5,-511.0,-0.855817403604612,0,,25,teacher_candidate,tactics,,,
1450,tactics_0210,tactics,train,generated_0029,1nbqkbnB/rp1ppp1p/6p1/2p5/p1PP3P/7N/PP1KPPP1/RN1Q1B1R b - - 1 9,black,b7b5,-528.0,-0.8667839288498187,0,,25,teacher_candidate,tactics,,,
1450,tactics_0210,tactics,train,generated_0029,1nbqkbnB/rp1ppp1p/6p1/2p5/p1PP3P/7N/PP1KPPP1/RN1Q1B1R b - - 1 9,black,a7a5,-625.0,-0.9158245441687624,0,,25,teacher_candidate,tactics,,,
1450,tactics_0210,tactics,train,generated_0029,1nbqkbnB/rp1ppp1p/6p1/2p5/p1PP3P/7N/PP1KPPP1/RN1Q1B1R b - - 1 9,black,g6g5,-932.0,-0.9812446222746464,0,,25,teacher_candidate,tactics,,,
4498,tactics_0211,tactics,train,generated_0089,rn1qkb1r/p2pp2p/bpp2p1n/P5P1/2P2p2/R2P4/1P1NP2P/2BQKBNR b Kkq - 0 10,black,f6g5,194.0,0.4502389955796461,1,,23,teacher_candidate,tactics,,,
4498,tactics_0211,tactics,train,generated_0089,rn1qkb1r/p2pp2p/bpp2p1n/P5P1/2P2p2/R2P4/1P1NP2P/2BQKBNR b Kkq - 0 10,black,h6f5,-7.0,-0.0174982137604806,0,,23,teacher_candidate,tactics,,,
4498,tactics_0211,tactics,train,generated_0089,rn1qkb1r/p2pp2p/bpp2p1n/P5P1/2P2p2/R2P4/1P1NP2P/2BQKBNR b Kkq - 0 10,black,h6g4,-8.0,-0.0199973337599309,0,,23,teacher_candidate,tactics,,,
4498,tactics_0211,tactics,train,generated_0089,rn1qkb1r/p2pp2p/bpp2p1n/P5P1/2P2p2/R2P4/1P1NP2P/2BQKBNR b Kkq - 0 10,black,d8c7,-349.0,-0.7026420908321852,0,,23,teacher_candidate,tactics,,,
4498,tactics_0211,tactics,train,generated_0089,rn1qkb1r/p2pp2p/bpp2p1n/P5P1/2P2p2/R2P4/1P1NP2P/2BQKBNR b Kkq - 0 10,black,f8g7,-661.0,-0.9291998847546564,0,,23,teacher_candidate,tactics,,,
3733,tactics_0212,tactics,train,generated_0074,rnbqkbr1/ppp1nppp/3pp3/8/1P6/5P1P/P1PPP1P1/RNBQKBNR b KQq - 1 7,black,e7f5,204.0,0.4699451989330376,1,,25,teacher_candidate,tactics,,,
3733,tactics_0212,tactics,train,generated_0074,rnbqkbr1/ppp1nppp/3pp3/8/1P6/5P1P/P1PPP1P1/RNBQKBNR b KQq - 1 7,black,a7a5,163.0,0.3863478986519003,0,,25,teacher_candidate,tactics,,,
3733,tactics_0212,tactics,train,generated_0074,rnbqkbr1/ppp1nppp/3pp3/8/1P6/5P1P/P1PPP1P1/RNBQKBNR b KQq - 1 7,black,g7g6,154.0,0.3670417874726313,0,,25,teacher_candidate,tactics,,,
3733,tactics_0212,tactics,train,generated_0074,rnbqkbr1/ppp1nppp/3pp3/8/1P6/5P1P/P1PPP1P1/RNBQKBNR b KQq - 1 7,black,b8c6,83.0,0.2045723537772613,0,,25,teacher_candidate,tactics,,,
3733,tactics_0212,tactics,train,generated_0074,rnbqkbr1/ppp1nppp/3pp3/8/1P6/5P1P/P1PPP1P1/RNBQKBNR b KQq - 1 7,black,e8d7,-1.0,-0.0024999947916796,0,,25,teacher_candidate,tactics,,,
1196,tactics_0213,tactics,train,generated_0023,1rbqkbnQ/p3p3/np1p4/2p2ppp/1PP5/P2P1P2/4P1PP/RNBK1BNR w - - 0 10,white,h8h5,883.0,0.9760999521718934,1,,33,teacher_candidate,tactics,,,
1196,tactics_0213,tactics,train,generated_0023,1rbqkbnQ/p3p3/np1p4/2p2ppp/1PP5/P2P1P2/4P1PP/RNBK1BNR w - - 0 10,white,b4b5,720.0,0.9468060128462684,0,,33,teacher_candidate,tactics,,,
1196,tactics_0213,tactics,train,generated_0023,1rbqkbnQ/p3p3/np1p4/2p2ppp/1PP5/P2P1P2/4P1PP/RNBK1BNR w - - 0 10,white,h8b2,680.0,0.935409070603099,0,,33,teacher_candidate,tactics,,,
1196,tactics_0213,tactics,train,generated_0023,1rbqkbnQ/p3p3/np1p4/2p2ppp/1PP5/P2P1P2/4P1PP/RNBK1BNR w - - 0 10,white,h8g8,506.0,0.8524367067950694,0,,33,teacher_candidate,tactics,,,
1196,tactics_0213,tactics,train,generated_0023,1rbqkbnQ/p3p3/np1p4/2p2ppp/1PP5/P2P1P2/4P1PP/RNBK1BNR w - - 0 10,white,h8f6,-879.0,-0.975623023939446,0,,33,teacher_candidate,tactics,,,
37,tactics_0214,tactics,train,generated_0000,r1b1kb1r/1pp2ppp/p1n4n/4p3/2P1pP1N/P1N5/1P1PK1PP/R1BQ1B1R b kq - 1 8,black,c8g4,49.0,0.1218909006494324,1,,35,teacher_candidate,tactics,,,
37,tactics_0214,tactics,train,generated_0000,r1b1kb1r/1pp2ppp/p1n4n/4p3/2P1pP1N/P1N5/1P1PK1PP/R1BQ1B1R b kq - 1 8,black,c6d4,-337.0,-0.6871309578805149,0,,35,teacher_candidate,tactics,,,
37,tactics_0214,tactics,train,generated_0000,r1b1kb1r/1pp2ppp/p1n4n/4p3/2P1pP1N/P1N5/1P1PK1PP/R1BQ1B1R b kq - 1 8,black,f8e7,-577.0,-0.8941998651897869,0,,35,teacher_candidate,tactics,,,
37,tactics_0214,tactics,train,generated_0000,r1b1kb1r/1pp2ppp/p1n4n/4p3/2P1pP1N/P1N5/1P1PK1PP/R1BQ1B1R b kq - 1 8,black,c6b8,-749.0,-0.9538202298220756,0,,35,teacher_candidate,tactics,,,
37,tactics_0214,tactics,train,generated_0000,r1b1kb1r/1pp2ppp/p1n4n/4p3/2P1pP1N/P1N5/1P1PK1PP/R1BQ1B1R b kq - 1 8,black,c6b4,-874.0,-0.9750136274737408,0,,35,teacher_candidate,tactics,,,
2272,tactics_0215,tactics,train,generated_0045,rn2kbnr/p1p1pppp/3p4/1p1q4/3P4/1PN4b/P1P1PP2/R1BQKB1R w KQkq - 1 10,white,c3d5,904.0,0.9784565399097168,1,,28,teacher_candidate,tactics,,,
2272,tactics_0215,tactics,train,generated_0045,rn2kbnr/p1p1pppp/3p4/1p1q4/3P4/1PN4b/P1P1PP2/R1BQKB1R w KQkq - 1 10,white,h1h3,159.0,0.3778078359539092,0,,28,teacher_candidate,tactics,,,
2272,tactics_0215,tactics,train,generated_0045,rn2kbnr/p1p1pppp/3p4/1p1q4/3P4/1PN4b/P1P1PP2/R1BQKB1R w KQkq - 1 10,white,e2e4,66.0,0.1635187536836725,0,,28,teacher_candidate,tactics,,,
2272,tactics_0215,tactics,train,generated_0045,rn2kbnr/p1p1pppp/3p4/1p1q4/3P4/1PN4b/P1P1PP2/R1BQKB1R w KQkq - 1 10,white,c1b2,-803.0,-0.9645536478198754,0,,28,teacher_candidate,tactics,,,
2272,tactics_0215,tactics,train,generated_0045,rn2kbnr/p1p1pppp/3p4/1p1q4/3P4/1PN4b/P1P1PP2/R1BQKB1R w KQkq - 1 10,white,c3a4,-1147.0,-0.99355904523051,0,,28,teacher_candidate,tactics,,,
2949,tactics_0216,tactics,train,generated_0058,rnbqkb2/ppppp1pr/5p2/4N2p/2P4P/4P1n1/PP1P1PP1/RNBQKB1R w KQq - 1 9,white,f2g3,335.0,0.6844826259620602,1,,32,teacher_candidate,tactics,,,
2949,tactics_0216,tactics,train,generated_0058,rnbqkb2/ppppp1pr/5p2/4N2p/2P4P/4P1n1/PP1P1PP1/RNBQKB1R w KQq - 1 9,white,d1c2,309.0,0.648380805822142,0,,32,teacher_candidate,tactics,,,
2949,tactics_0216,tactics,train,generated_0058,rnbqkb2/ppppp1pr/5p2/4N2p/2P4P/4P1n1/PP1P1PP1/RNBQKB1R w KQq - 1 9,white,f1d3,275.0,0.5963735554792423,0,,32,teacher_candidate,tactics,,,
2949,tactics_0216,tactics,train,generated_0058,rnbqkb2/ppppp1pr/5p2/4N2p/2P4P/4P1n1/PP1P1PP1/RNBQKB1R w KQq - 1 9,white,h1g1,-113.0,-0.2752173052438501,0,,32,teacher_candidate,tactics,,,
2949,tactics_0216,tactics,train,generated_0058,rnbqkb2/ppppp1pr/5p2/4N2p/2P4P/4P1n1/PP1P1PP1/RNBQKB1R w KQq - 1 9,white,d1e2,-777.0,-0.9597317672286502,0,,32,teacher_candidate,tactics,,,
1913,tactics_0217,tactics,train,generated_0038,rn2kbnr/pp2ppp1/3pb3/q1p4p/1N3P2/1P5N/P1PPPKPP/R1BQ1B1R w kq - 2 9,white,b4d3,-95.0,-0.2331330090426386,1,,27,teacher_candidate,tactics,,,
1913,tactics_0217,tactics,train,generated_0038,rn2kbnr/pp2ppp1/3pb3/q1p4p/1N3P2/1P5N/P1PPPKPP/R1BQ1B1R w kq - 2 9,white,c2c3,-527.0,-0.8661608659438628,0,,27,teacher_candidate,tactics,,,
1913,tactics_0217,tactics,train,generated_0038,rn2kbnr/pp2ppp1/3pb3/q1p4p/1N3P2/1P5N/P1PPPKPP/R1BQ1B1R w kq - 2 9,white,a2a3,-631.0,-0.9182105685881916,0,,27,teacher_candidate,tactics,,,
1913,tactics_0217,tactics,train,generated_0038,rn2kbnr/pp2ppp1/3pb3/q1p4p/1N3P2/1P5N/P1PPPKPP/R1BQ1B1R w kq - 2 9,white,f2f3,-783.0,-0.9608986059586938,0,,27,teacher_candidate,tactics,,,
1913,tactics_0217,tactics,train,generated_0038,rn2kbnr/pp2ppp1/3pb3/q1p4p/1N3P2/1P5N/P1PPPKPP/R1BQ1B1R w kq - 2 9,white,b4c6,-937.0,-0.981703457893131,0,,27,teacher_candidate,tactics,,,
1699,tactics_0218,tactics,train,generated_0033,rn2kb1r/ppp1ppp1/3q1n2/3p3p/P7/4PN1P/1PPPKP2/RNBQ1B1R b kq - 0 8,black,e7e5,-419.0,-0.7808325091874,1,,38,teacher_candidate,tactics,,,
1699,tactics_0218,tactics,train,generated_0033,rn2kb1r/ppp1ppp1/3q1n2/3p3p/P7/4PN1P/1PPPKP2/RNBQ1B1R b kq - 0 8,black,b8c6,-486.0,-0.8381730655690693,0,,38,teacher_candidate,tactics,,,
1699,tactics_0218,tactics,train,generated_0033,rn2kb1r/ppp1ppp1/3q1n2/3p3p/P7/4PN1P/1PPPKP2/RNBQ1B1R b kq - 0 8,black,g7g5,-498.0,-0.8468756052963757,0,,38,teacher_candidate,tactics,,,
1699,tactics_0218,tactics,train,generated_0033,rn2kb1r/ppp1ppp1/3q1n2/3p3p/P7/4PN1P/1PPPKP2/RNBQ1B1R b kq - 0 8,black,d6e6,-660.0,-0.9288576214547276,0,,38,teacher_candidate,tactics,,,
1699,tactics_0218,tactics,train,generated_0033,rn2kb1r/ppp1ppp1/3q1n2/3p3p/P7/4PN1P/1PPPKP2/RNBQ1B1R b kq - 0 8,black,d6a3,-931.0,-0.9811514965427064,0,,38,teacher_candidate,tactics,,,
3497,tactics_0219,tactics,train,generated_0069,rnbq1bnr/p2pp1p1/1p2k2p/2p2p1Q/P3PP2/1PN5/1BPP2PP/R3KBNR b KQ - 0 8,black,g8f6,-764.0,-0.957085420564793,1,,19,teacher_candidate,tactics,,,
3497,tactics_0219,tactics,train,generated_0069,rnbq1bnr/p2pp1p1/1p2k2p/2p2p1Q/P3PP2/1PN5/1BPP2PP/R3KBNR b KQ - 0 8,black,e6d6,-838.0,-0.9701594044154116,0,,19,teacher_candidate,tactics,,,
3497,tactics_0219,tactics,train,generated_0069,rnbq1bnr/p2pp1p1/1p2k2p/2p2p1Q/P3PP2/1PN5/1BPP2PP/R3KBNR b KQ - 0 8,black,g7g6,-869.0,-0.9743891942820664,0,,19,teacher_candidate,tactics,,,
3497,tactics_0219,tactics,train,generated_0069,rnbq1bnr/p2pp1p1/1p2k2p/2p2p1Q/P3PP2/1PN5/1BPP2PP/R3KBNR b KQ - 0 8,black,d7d5,-949.0,-0.9827597807636624,0,,19,teacher_candidate,tactics,,,
3497,tactics_0219,tactics,train,generated_0069,rnbq1bnr/p2pp1p1/1p2k2p/2p2p1Q/P3PP2/1PN5/1BPP2PP/R3KBNR b KQ - 0 8,black,e6f6,-99999.0,-1.0,0,,19,teacher_candidate,tactics,,,
132,tactics_0220,tactics,train,generated_0002,rnbqk1nr/3p2pp/1p1b1p2/1p2p3/1P2P2P/P5Q1/2PP1PP1/RNB1K1NR b KQkq - 1 8,black,d8e7,378.0,0.7375110611229533,1,,26,teacher_candidate,tactics,,,
132,tactics_0220,tactics,train,generated_0002,rnbqk1nr/3p2pp/1p1b1p2/1p2p3/1P2P2P/P5Q1/2PP1PP1/RNB1K1NR b KQkq - 1 8,black,e8f7,349.0,0.7026420908321852,0,,26,teacher_candidate,tactics,,,
132,tactics_0220,tactics,train,generated_0002,rnbqk1nr/3p2pp/1p1b1p2/1p2p3/1P2P2P/P5Q1/2PP1PP1/RNB1K1NR b KQkq - 1 8,black,d6f8,324.0,0.6695902596187708,0,,26,teacher_candidate,tactics,,,
132,tactics_0220,tactics,train,generated_0002,rnbqk1nr/3p2pp/1p1b1p2/1p2p3/1P2P2P/P5Q1/2PP1PP1/RNB1K1NR b KQkq - 1 8,black,d6e7,-153.0,-0.3648766043861295,0,,26,teacher_candidate,tactics,,,
132,tactics_0220,tactics,train,generated_0002,rnbqk1nr/3p2pp/1p1b1p2/1p2p3/1P2P2P/P5Q1/2PP1PP1/RNB1K1NR b KQkq - 1 8,black,e8e7,-612.0,-0.9104245939004264,0,,26,teacher_candidate,tactics,,,
4583,tactics_0221,tactics,train,generated_0091,rnb1k1nr/ppp2pp1/4p3/3p1q1p/P3PP2/N5PN/1PPPK1BP/R1BQ3R w kq - 0 9,white,e4f5,1199.0,0.9950300271346476,1,,33,teacher_candidate,tactics,,,
4583,tactics_0221,tactics,train,generated_0091,rnb1k1nr/ppp2pp1/4p3/3p1q1p/P3PP2/N5PN/1PPPK1BP/R1BQ3R w kq - 0 9,white,a3b5,874.0,0.9750136274737408,0,,33,teacher_candidate,tactics,,,
4583,tactics_0221,tactics,train,generated_0091,rnb1k1nr/ppp2pp1/4p3/3p1q1p/P3PP2/N5PN/1PPPK1BP/R1BQ3R w kq - 0 9,white,e2e1,836.0,0.9698640203788144,0,,33,teacher_candidate,tactics,,,
4583,tactics_0221,tactics,train,generated_0091,rnb1k1nr/ppp2pp1/4p3/3p1q1p/P3PP2/N5PN/1PPPK1BP/R1BQ3R w kq - 0 9,white,a4a5,644.0,0.9231600289968692,0,,33,teacher_candidate,tactics,,,
4583,tactics_0221,tactics,train,generated_0091,rnb1k1nr/ppp2pp1/4p3/3p1q1p/P3PP2/N5PN/1PPPK1BP/R1BQ3R w kq - 0 9,white,g2f1,-302.0,-0.638122413695716,0,,33,teacher_candidate,tactics,,,
3896,tactics_0222,tactics,train,generated_0077,r1bqkb1r/p2pp2p/npp4n/5Pp1/1PPP4/5P2/P2BP2P/RN1QKBNR b KQkq - 0 7,black,h6f5,10.0,0.0249947929684206,1,,21,teacher_candidate,tactics,,,
3896,tactics_0222,tactics,train,generated_0077,r1bqkb1r/p2pp2p/npp4n/5Pp1/1PPP4/5P2/P2BP2P/RN1QKBNR b KQkq - 0 7,black,e7e6,-12.0,-0.0299910032388201,0,,21,teacher_candidate,tactics,,,
3896,tactics_0222,tactics,train,generated_0077,r1bqkb1r/p2pp2p/npp4n/5Pp1/1PPP4/5P2/P2BP2P/RN1QKBNR b KQkq - 0 7,black,e7e5,-18.0,-0.0449696495836002,0,,21,teacher_candidate,tactics,,,
3896,tactics_0222,tactics,train,generated_0077,r1bqkb1r/p2pp2p/npp4n/5Pp1/1PPP4/5P2/P2BP2P/RN1QKBNR b KQkq - 0 7,black,c6c5,-192.0,-0.4462436102487796,0,,21,teacher_candidate,tactics,,,
3896,tactics_0222,tactics,train,generated_0077,r1bqkb1r/p2pp2p/npp4n/5Pp1/1PPP4/5P2/P2BP2P/RN1QKBNR b KQkq - 0 7,black,h6g4,-911.0,-0.9791898083012212,0,,21,teacher_candidate,tactics,,,
3753,tactics_0223,tactics,train,generated_0075,rnbq1br1/2pppkpp/1p1n4/1Q3p2/p4P1P/P3P1P1/1PPPN3/RNB1KB1R w KQ - 1 10,white,b5d5,461.0,0.8185805822252497,1,,35,teacher_candidate,tactics,,,
3753,tactics_0223,tactics,train,generated_0075,rnbq1br1/2pppkpp/1p1n4/1Q3p2/p4P1P/P3P1P1/1PPPN3/RNB1KB1R w KQ - 1 10,white,b1c3,55.0,0.1366399669564962,0,,35,teacher_candidate,tactics,,,
3753,tactics_0223,tactics,train,generated_0075,rnbq1br1/2pppkpp/1p1n4/1Q3p2/p4P1P/P3P1P1/1PPPN3/RNB1KB1R w KQ - 1 10,white,b5d3,-37.0,-0.0922370820915592,0,,35,teacher_candidate,tactics,,,
3753,tactics_0223,tactics,train,generated_0075,rnbq1br1/2pppkpp/1p1n4/1Q3p2/p4P1P/P3P1P1/1PPPN3/RNB1KB1R w KQ - 1 10,white,f1g2,-839.0,-0.9703060253208864,0,,35,teacher_candidate,tactics,,,
3753,tactics_0223,tactics,train,generated_0075,rnbq1br1/2pppkpp/1p1n4/1Q3p2/p4P1P/P3P1P1/1PPPN3/RNB1KB1R w KQ - 1 10,white,b5a6,-1000.0,-0.9866142981514304,0,,35,teacher_candidate,tactics,,,
4459,tactics_0224,tactics,train,generated_0089,rnbqk1nr/p1p1bp1p/3p1p2/1p6/1P2p2P/P7/2PPPKP1/RNBQ1BNR b kq - 2 7,black,f6f5,351.0,0.7051646778923848,1,,24,teacher_candidate,tactics,,,
4459,tactics_0224,tactics,train,generated_0089,rnbqk1nr/p1p1bp1p/3p1p2/1p6/1P2p2P/P7/2PPPKP1/RNBQ1BNR b kq - 2 7,black,d6d5,327.0,0.6737068757188618,0,,24,teacher_candidate,tactics,,,
4459,tactics_0224,tactics,train,generated_0089,rnbqk1nr/p1p1bp1p/3p1p2/1p6/1P2p2P/P7/2PPPKP1/RNBQ1BNR b kq - 2 7,black,c8g4,306.0,0.644012628427507,0,,24,teacher_candidate,tactics,,,
4459,tactics_0224,tactics,train,generated_0089,rnbqk1nr/p1p1bp1p/3p1p2/1p6/1P2p2P/P7/2PPPKP1/RNBQ1BNR b kq - 2 7,black,c8e6,204.0,0.4699451989330376,0,,24,teacher_candidate,tactics,,,
4459,tactics_0224,tactics,train,generated_0089,rnbqk1nr/p1p1bp1p/3p1p2/1p6/1P2p2P/P7/2PPPKP1/RNBQ1BNR b kq - 2 7,black,c8h3,-523.0,-0.8636414743963026,0,,24,teacher_candidate,tactics,,,
2353,tactics_0225,tactics,train,generated_0047,rnbqk1nr/p1p2pb1/1p2p3/3p3p/2P1PPp1/4Q3/PP1P2PP/RNB1KBNR w KQkq - 0 9,white,e4d5,-135.0,-0.325243674340165,1,,36,teacher_candidate,tactics,,,
2353,tactics_0225,tactics,train,generated_0047,rnbqk1nr/p1p2pb1/1p2p3/3p3p/2P1PPp1/4Q3/PP1P2PP/RNB1KBNR w KQkq - 0 9,white,d2d3,-165.0,-0.3905933386951307,0,,36,teacher_candidate,tactics,,,
2353,tactics_0225,tactics,train,generated_0047,rnbqk1nr/p1p2pb1/1p2p3/3p3p/2P1PPp1/4Q3/PP1P2PP/RNB1KBNR w KQkq - 0 9,white,c4d5,-187.0,-0.4361771503666996,0,,36,teacher_candidate,tactics,,,
2353,tactics_0225,tactics,train,generated_0047,rnbqk1nr/p1p2pb1/1p2p3/3p3p/2P1PPp1/4Q3/PP1P2PP/RNB1KBNR w KQkq - 0 9,white,a2a3,-394.0,-0.7552222263539022,0,,36,teacher_candidate,tactics,,,
2353,tactics_0225,tactics,train,generated_0047,rnbqk1nr/p1p2pb1/1p2p3/3p3p/2P1PPp1/4Q3/PP1P2PP/RNB1KBNR w KQkq - 0 9,white,e3f3,-951.0,-0.982929859679318,0,,36,teacher_candidate,tactics,,,
2051,tactics_0226,tactics,train,generated_0041,rnb1k2r/pp1pqppp/2p4n/b3p3/2P1PP2/3B2P1/PP1P3P/RNBQK1NR b KQkq - 4 7,black,d7d5,214.0,0.4891938316549519,1,,36,teacher_candidate,tactics,,,
2051,tactics_0226,tactics,train,generated_0041,rnb1k2r/pp1pqppp/2p4n/b3p3/2P1PP2/3B2P1/PP1P3P/RNBQK1NR b KQkq - 4 7,black,e5f4,158.0,0.3756626611656808,0,,36,teacher_candidate,tactics,,,
2051,tactics_0226,tactics,train,generated_0041,rnb1k2r/pp1pqppp/2p4n/b3p3/2P1PP2/3B2P1/PP1P3P/RNBQK1NR b KQkq - 4 7,black,d7d6,156.0,0.3713602278765077,0,,36,teacher_candidate,tactics,,,
2051,tactics_0226,tactics,train,generated_0041,rnb1k2r/pp1pqppp/2p4n/b3p3/2P1PP2/3B2P1/PP1P3P/RNBQK1NR b KQkq - 4 7,black,a5d8,10.0,0.0249947929684206,0,,36,teacher_candidate,tactics,,,
2051,tactics_0226,tactics,train,generated_0041,rnb1k2r/pp1pqppp/2p4n/b3p3/2P1PP2/3B2P1/PP1P3P/RNBQK1NR b KQkq - 4 7,black,e7g5,-965.0,-0.9840747173979166,0,,36,teacher_candidate,tactics,,,
3992,tactics_0227,tactics,train,generated_0079,1nbqkbn1/rppppp1r/B7/6pp/p7/1Q2P3/PPPP1PPP/RNB1K1NR b KQ - 1 7,black,a7a6,692.0,0.9390559334707116,1,,26,teacher_candidate,tactics,,,
3992,tactics_0227,tactics,train,generated_0079,1nbqkbn1/rppppp1r/B7/6pp/p7/1Q2P3/PPPP1PPP/RNB1K1NR b KQ - 1 7,black,a4b3,635.0,0.9197651360839086,0,,26,teacher_candidate,tactics,,,
3992,tactics_0227,tactics,train,generated_0079,1nbqkbn1/rppppp1r/B7/6pp/p7/1Q2P3/PPPP1PPP/RNB1K1NR b KQ - 1 7,black,b8a6,617.0,0.9125395036620289,0,,26,teacher_candidate,tactics,,,
3992,tactics_0227,tactics,train,generated_0079,1nbqkbn1/rppppp1r/B7/6pp/p7/1Q2P3/PPPP1PPP/RNB1K1NR b KQ - 1 7,black,a7a8,137.0,0.3297074608119472,0,,26,teacher_candidate,tactics,,,
3992,tactics_0227,tactics,train,generated_0079,1nbqkbn1/rppppp1r/B7/6pp/p7/1Q2P3/PPPP1PPP/RNB1K1NR b KQ - 1 7,black,f7f6,-580.0,-0.8956928738431645,0,,26,teacher_candidate,tactics,,,
2672,tactics_0228,tactics,train,generated_0053,rnbqk2r/2pp1ppp/1p2p3/p6n/4P3/P2B1Q1P/1PPbNPP1/RNB2KR1 b kq - 1 8,black,d2c1,166.0,0.3927098596476682,1,,38,teacher_candidate,tactics,,,
2672,tactics_0228,tactics,train,generated_0053,rnbqk2r/2pp1ppp/1p2p3/p6n/4P3/P2B1Q1P/1PPbNPP1/RNB2KR1 b kq - 1 8,black,d8f6,-150.0,-0.3583573983507859,0,,38,teacher_candidate,tactics,,,
2672,tactics_0228,tactics,train,generated_0053,rnbqk2r/2pp1ppp/1p2p3/p6n/4P3/P2B1Q1P/1PPbNPP1/RNB2KR1 b kq - 1 8,black,c8a6,-420.0,-0.7818063576087741,0,,38,teacher_candidate,tactics,,,
2672,tactics_0228,tactics,train,generated_0053,rnbqk2r/2pp1ppp/1p2p3/p6n/4P3/P2B1Q1P/1PPbNPP1/RNB2KR1 b kq - 1 8,black,d7d6,-750.0,-0.9540452601799488,0,,38,teacher_candidate,tactics,,,
2672,tactics_0228,tactics,train,generated_0053,rnbqk2r/2pp1ppp/1p2p3/p6n/4P3/P2B1Q1P/1PPbNPP1/RNB2KR1 b kq - 1 8,black,e8e7,-854.0,-0.9724220229877168,0,,38,teacher_candidate,tactics,,,
2722,tactics_0229,tactics,train,generated_0054,rn2k2r/pp2p1bp/3q1p1n/2pp4/1P1PPPp1/N1P4b/P4KPP/R1BQ1BNR b kq - 1 10,black,c5b4,-247.0,-0.5493849858298566,1,,36,teacher_candidate,tactics,,,
2722,tactics_0229,tactics,train,generated_0054,rn2k2r/pp2p1bp/3q1p1n/2pp4/1P1PPPp1/N1P4b/P4KPP/R1BQ1BNR b kq - 1 10,black,c5d4,-281.0,-0.6059522288123076,0,,36,teacher_candidate,tactics,,,
2722,tactics_0229,tactics,train,generated_0054,rn2k2r/pp2p1bp/3q1p1n/2pp4/1P1PPPp1/N1P4b/P4KPP/R1BQ1BNR b kq - 1 10,black,c5c4,-315.0,-0.6569904600491983,0,,36,teacher_candidate,tactics,,,
2722,tactics_0229,tactics,train,generated_0054,rn2k2r/pp2p1bp/3q1p1n/2pp4/1P1PPPp1/N1P4b/P4KPP/R1BQ1BNR b kq - 1 10,black,e7e6,-510.0,-0.8551470292769645,0,,36,teacher_candidate,tactics,,,
2722,tactics_0229,tactics,train,generated_0054,rn2k2r/pp2p1bp/3q1p1n/2pp4/1P1PPPp1/N1P4b/P4KPP/R1BQ1BNR b kq - 1 10,black,d6e5,-1174.0,-0.994370145697554,0,,36,teacher_candidate,tactics,,,
1191,tactics_0230,tactics,train,generated_0023,rnbqkb1r/2p1p2p/p2p3n/1p3pp1/4PPPP/P6B/1PPPK3/RNB1Q1NR b kq - 2 8,black,f5g4,317.0,0.6598229495293471,1,,25,teacher_candidate,tactics,,,
1191,tactics_0230,tactics,train,generated_0023,rnbqkb1r/2p1p2p/p2p3n/1p3pp1/4PPPP/P6B/1PPPK3/RNB1Q1NR b kq - 2 8,black,f5e4,100.0,0.2449186624037091,0,,25,teacher_candidate,tactics,,,
1191,tactics_0230,tactics,train,generated_0023,rnbqkb1r/2p1p2p/p2p3n/1p3pp1/4PPPP/P6B/1PPPK3/RNB1Q1NR b kq - 2 8,black,h6g4,66.0,0.1635187536836725,0,,25,teacher_candidate,tactics,,,
1191,tactics_0230,tactics,train,generated_0023,rnbqkb1r/2p1p2p/p2p3n/1p3pp1/4PPPP/P6B/1PPPK3/RNB1Q1NR b kq - 2 8,black,h8g8,-98.0,-0.2402128646861802,0,,25,teacher_candidate,tactics,,,
1191,tactics_0230,tactics,train,generated_0023,rnbqkb1r/2p1p2p/p2p3n/1p3pp1/4PPPP/P6B/1PPPK3/RNB1Q1NR b kq - 2 8,black,c8e6,-386.0,-0.7464988397557184,0,,25,teacher_candidate,tactics,,,
1310,tactics_0231,tactics,train,generated_0026,rnb1kb1r/ppppqQpn/B7/4p2p/P1PPPP2/4B3/1P4PP/RN2K1NR b KQq - 0 10,black,e7f7,995.0,0.9862777624590344,1,,3,teacher_candidate,tactics,,,
1310,tactics_0231,tactics,train,generated_0026,rnb1kb1r/ppppqQpn/B7/4p2p/P1PPPP2/4B3/1P4PP/RN2K1NR b KQq - 0 10,black,e8f7,853.0,0.9722857033481456,0,,3,teacher_candidate,tactics,,,
1310,tactics_0231,tactics,train,generated_0026,rnb1kb1r/ppppqQpn/B7/4p2p/P1PPPP2/4B3/1P4PP/RN2K1NR b KQq - 0 10,black,e8d8,17.0,0.0424744299325481,0,,3,teacher_candidate,tactics,,,
4294,tactics_0232,tactics,train,generated_0085,rnbqk1nr/ppp4p/6p1/2bp1pP1/1PP5/2N5/P2PPP1P/R1BQKB1R w KQ - 3 9,white,b4c5,239.0,0.5352682346432502,1,,27,teacher_candidate,tactics,,,
4294,tactics_0232,tactics,train,generated_0085,rnbqk1nr/ppp4p/6p1/2bp1pP1/1PP5/2N5/P2PPP1P/R1BQKB1R w KQ - 3 9,white,c3d5,-69.0,-0.1708091382589301,0,,27,teacher_candidate,tactics,,,
4294,tactics_0232,tactics,train,generated_0085,rnbqk1nr/ppp4p/6p1/2bp1pP1/1PP5/2N5/P2PPP1P/R1BQKB1R w KQ - 3 9,white,d2d4,-96.0,-0.2354957495384979,0,,27,teacher_candidate,tactics,,,
4294,tactics_0232,tactics,train,generated_0085,rnbqk1nr/ppp4p/6p1/2bp1pP1/1PP5/2N5/P2PPP1P/R1BQKB1R w KQ - 3 9,white,f2f4,-219.0,-0.4986441688103595,0,,27,teacher_candidate,tactics,,,
4294,tactics_0232,tactics,train,generated_0085,rnbqk1nr/ppp4p/6p1/2bp1pP1/1PP5/2N5/P2PPP1P/R1BQKB1R w KQ - 3 9,white,c3b1,-594.0,-0.9024005540024,0,,27,teacher_candidate,tactics,,,
535,tactics_0233,tactics,train,generated_0010,rn1qkbn1/p1ppppp1/1p1r4/1b5p/2P5/3P2P1/PP2PP1P/RNBK1BNR w q - 0 7,white,c4c5,-867.0,-0.9741351301220716,1,,29,teacher_candidate,tactics,,,
535,tactics_0233,tactics,train,generated_0010,rn1qkbn1/p1ppppp1/1p1r4/1b5p/2P5/3P2P1/PP2PP1P/RNBK1BNR w q - 0 7,white,a2a4,-903.0,-0.9783497218413908,0,,29,teacher_candidate,tactics,,,
535,tactics_0233,tactics,train,generated_0010,rn1qkbn1/p1ppppp1/1p1r4/1b5p/2P5/3P2P1/PP2PP1P/RNBK1BNR w q - 0 7,white,d1e1,-926.0,-0.9806789539451842,0,,29,teacher_candidate,tactics,,,
535,tactics_0233,tactics,train,generated_0010,rn1qkbn1/p1ppppp1/1p1r4/1b5p/2P5/3P2P1/PP2PP1P/RNBK1BNR w q - 0 7,white,f1g2,-1021.0,-0.9879404793093376,0,,29,teacher_candidate,tactics,,,
535,tactics_0233,tactics,train,generated_0010,rn1qkbn1/p1ppppp1/1p1r4/1b5p/2P5/3P2P1/PP2PP1P/RNBK1BNR w q - 0 7,white,c1h6,-1087.0,-0.9913154055153062,0,,29,teacher_candidate,tactics,,,
2677,tactics_0234,tactics,train,generated_0053,r2qkb2/pp1npp1r/2p4n/3p1bpp/4N2P/PP1P4/2PQPPP1/1RB1KBNR b Kq - 4 10,black,d5e4,294.0,0.6261147720639073,1,,34,teacher_candidate,tactics,,,
2677,tactics_0234,tactics,train,generated_0053,r2qkb2/pp1npp1r/2p4n/3p1bpp/4N2P/PP1P4/2PQPPP1/1RB1KBNR b Kq - 4 10,black,f5e4,116.0,0.2821348126696341,0,,34,teacher_candidate,tactics,,,
2677,tactics_0234,tactics,train,generated_0053,r2qkb2/pp1npp1r/2p4n/3p1bpp/4N2P/PP1P4/2PQPPP1/1RB1KBNR b Kq - 4 10,black,g5g4,115.0,0.2798321934754683,0,,34,teacher_candidate,tactics,,,
2677,tactics_0234,tactics,train,generated_0053,r2qkb2/pp1npp1r/2p4n/3p1bpp/4N2P/PP1P4/2PQPPP1/1RB1KBNR b Kq - 4 10,black,b7b5,-29.0,-0.0723732404635894,0,,34,teacher_candidate,tactics,,,
2677,tactics_0234,tactics,train,generated_0053,r2qkb2/pp1npp1r/2p4n/3p1bpp/4N2P/PP1P4/2PQPPP1/1RB1KBNR b Kq - 4 10,black,d8a5,-928.0,-0.9808693626558168,0,,34,teacher_candidate,tactics,,,
1459,tactics_0235,tactics,train,generated_0029,r1bqk1nr/p1p2pbp/n2p4/4p1p1/1pQP4/1P2P1PP/P1PN1P2/1RB1KBNR b Kkq - 0 9,black,d6d5,10.0,0.0249947929684206,1,,31,teacher_candidate,tactics,,,
1459,tactics_0235,tactics,train,generated_0029,r1bqk1nr/p1p2pbp/n2p4/4p1p1/1pQP4/1P2P1PP/P1PN1P2/1RB1KBNR b Kkq - 0 9,black,g8e7,-8.0,-0.0199973337599309,0,,31,teacher_candidate,tactics,,,
1459,tactics_0235,tactics,train,generated_0029,r1bqk1nr/p1p2pbp/n2p4/4p1p1/1pQP4/1P2P1PP/P1PN1P2/1RB1KBNR b Kkq - 0 9,black,c8b7,-32.0,-0.0798297691111313,0,,31,teacher_candidate,tactics,,,
1459,tactics_0235,tactics,train,generated_0029,r1bqk1nr/p1p2pbp/n2p4/4p1p1/1pQP4/1P2P1PP/P1PN1P2/1RB1KBNR b Kkq - 0 9,black,g8h6,-200.0,-0.4621171572600097,0,,31,teacher_candidate,tactics,,,
1459,tactics_0235,tactics,train,generated_0029,r1bqk1nr/p1p2pbp/n2p4/4p1p1/1pQP4/1P2P1PP/P1PN1P2/1RB1KBNR b Kkq - 0 9,black,c8g4,-1057.0,-0.9899170263755858,0,,31,teacher_candidate,tactics,,,
2295,tactics_0236,tactics,train,generated_0045,1rbqk1n1/1pppppr1/p1n4b/6pp/P1P1P1P1/1PN2B1N/3P1P1P/R1BQ1K1R b - - 2 10,black,d7d6,117.0,0.2844341859148753,1,,21,teacher_candidate,tactics,,,
2295,tactics_0236,tactics,train,generated_0045,1rbqk1n1/1pppppr1/p1n4b/6pp/P1P1P1P1/1PN2B1N/3P1P1P/R1BQ1K1R b - - 2 10,black,h5g4,72.0,0.1780808681173302,0,,21,teacher_candidate,tactics,,,
2295,tactics_0236,tactics,train,generated_0045,1rbqk1n1/1pppppr1/p1n4b/6pp/P1P1P1P1/1PN2B1N/3P1P1P/R1BQ1K1R b - - 2 10,black,e7e5,44.0,0.1095584702144295,0,,21,teacher_candidate,tactics,,,
2295,tactics_0236,tactics,train,generated_0045,1rbqk1n1/1pppppr1/p1n4b/6pp/P1P1P1P1/1PN2B1N/3P1P1P/R1BQ1K1R b - - 2 10,black,c6b4,-14.0,-0.0349857153327794,0,,21,teacher_candidate,tactics,,,
2295,tactics_0236,tactics,train,generated_0045,1rbqk1n1/1pppppr1/p1n4b/6pp/P1P1P1P1/1PN2B1N/3P1P1P/R1BQ1K1R b - - 2 10,black,f7f5,-342.0,-0.6936725684698276,0,,21,teacher_candidate,tactics,,,
1729,tactics_0237,tactics,train,generated_0034,r1bqk2r/pppp1p1p/4pn2/6p1/1b1B2P1/N5P1/PQPPP2P/R3KBNR b KQkq - 0 9,black,b4e7,-537.0,-0.8722714089933077,1,,31,teacher_candidate,tactics,,,
1729,tactics_0237,tactics,train,generated_0034,r1bqk2r/pppp1p1p/4pn2/6p1/1b1B2P1/N5P1/PQPPP2P/R3KBNR b KQkq - 0 9,black,b4d2,-707.0,-0.9433347735879052,0,,31,teacher_candidate,tactics,,,
1729,tactics_0237,tactics,train,generated_0034,r1bqk2r/pppp1p1p/4pn2/6p1/1b1B2P1/N5P1/PQPPP2P/R3KBNR b KQkq - 0 9,black,d8e7,-746.0,-0.9531386646526594,0,,31,teacher_candidate,tactics,,,
1729,tactics_0237,tactics,train,generated_0034,r1bqk2r/pppp1p1p/4pn2/6p1/1b1B2P1/N5P1/PQPPP2P/R3KBNR b KQkq - 0 9,black,f6e4,-995.0,-0.9862777624590344,0,,31,teacher_candidate,tactics,,,
1729,tactics_0237,tactics,train,generated_0034,r1bqk2r/pppp1p1p/4pn2/6p1/1b1B2P1/N5P1/PQPPP2P/R3KBNR b KQkq - 0 9,black,b4a5,-1143.0,-0.9934293567857496,0,,31,teacher_candidate,tactics,,,
4614,tactics_0238,tactics,train,generated_0092,rnbqk1n1/p1pp2pr/4p2p/1p2Np2/2P5/1P2P3/P2N1PPP/1RBQKBR1 w q - 0 9,white,d1h5,1017.0,0.9876983592848,1,,34,teacher_candidate,tactics,,,
4614,tactics_0238,tactics,train,generated_0092,rnbqk1n1/p1pp2pr/4p2p/1p2Np2/2P5/1P2P3/P2N1PPP/1RBQKBR1 w q - 0 9,white,d1f3,957.0,0.9834301788405616,0,,34,teacher_candidate,tactics,,,
4614,tactics_0238,tactics,train,generated_0092,rnbqk1n1/p1pp2pr/4p2p/1p2Np2/2P5/1P2P3/P2N1PPP/1RBQKBR1 w q - 0 9,white,c4b5,911.0,0.9791898083012212,0,,34,teacher_candidate,tactics,,,
4614,tactics_0238,tactics,train,generated_0092,rnbqk1n1/p1pp2pr/4p2p/1p2Np2/2P5/1P2P3/P2N1PPP/1RBQKBR1 w q - 0 9,white,f2f4,835.0,0.9697152505174752,0,,34,teacher_candidate,tactics,,,
4614,tactics_0238,tactics,train,generated_0092,rnbqk1n1/p1pp2pr/4p2p/1p2Np2/2P5/1P2P3/P2N1PPP/1RBQKBR1 w q - 0 9,white,d1g4,-556.0,-0.8831708889152075,0,,34,teacher_candidate,tactics,,,
2473,tactics_0239,tactics,train,generated_0049,r2qkb1r/ppp2p1p/2npbn2/4p1p1/P2B2P1/1P1P1N2/2P1PP1P/RN1QKB1R b KQkq - 4 7,black,e5d4,896.0,0.9775871873563142,1,,39,teacher_candidate,tactics,,,
2473,tactics_0239,tactics,train,generated_0049,r2qkb1r/ppp2p1p/2npbn2/4p1p1/P2B2P1/1P1P1N2/2P1PP1P/RN1QKB1R b KQkq - 4 7,black,c6d4,850.0,0.971872745913509,0,,39,teacher_candidate,tactics,,,
2473,tactics_0239,tactics,train,generated_0049,r2qkb1r/ppp2p1p/2npbn2/4p1p1/P2B2P1/1P1P1N2/2P1PP1P/RN1QKB1R b KQkq - 4 7,black,f6g4,475.0,0.8298019099859595,0,,39,teacher_candidate,tactics,,,
2473,tactics_0239,tactics,train,generated_0049,r2qkb1r/ppp2p1p/2npbn2/4p1p1/P2B2P1/1P1P1N2/2P1PP1P/RN1QKB1R b KQkq - 4 7,black,f8h6,195.0,0.4522299625215583,0,,39,teacher_candidate,tactics,,,
2473,tactics_0239,tactics,train,generated_0049,r2qkb1r/ppp2p1p/2npbn2/4p1p1/P2B2P1/1P1P1N2/2P1PP1P/RN1QKB1R b KQkq - 4 7,black,e6c4,12.0,0.0299910032388201,0,,39,teacher_candidate,tactics,,,
4283,tactics_0240,tactics,train,generated_0085,rnbqk1nr/1pppppb1/8/p6p/PP3pP1/2P4N/1B1PP2P/RN1QKBR1 w Qq - 2 10,white,g4h5,19.0,0.0474643082531221,1,,25,teacher_candidate,tactics,,,
4283,tactics_0240,tactics,train,generated_0085,rnbqk1nr/1pppppb1/8/p6p/PP3pP1/2P4N/1B1PP2P/RN1QKBR1 w Qq - 2 10,white,h3f4,4.0,0.0099996666799994,0,,25,teacher_candidate,tactics,,,
4283,tactics_0240,tactics,train,generated_0085,rnbqk1nr/1pppppb1/8/p6p/PP3pP1/2P4N/1B1PP2P/RN1QKBR1 w Qq - 2 10,white,g4g5,0.0,0.0,0,,25,teacher_candidate,tactics,,,
4283,tactics_0240,tactics,train,generated_0085,rnbqk1nr/1pppppb1/8/p6p/PP3pP1/2P4N/1B1PP2P/RN1QKBR1 w Qq - 2 10,white,b1a3,-201.0,-0.4640810036832635,0,,25,teacher_candidate,tactics,,,
4283,tactics_0240,tactics,train,generated_0085,rnbqk1nr/1pppppb1/8/p6p/PP3pP1/2P4N/1B1PP2P/RN1QKBR1 w Qq - 2 10,white,g1g3,-978.0,-0.9850694539943046,0,,25,teacher_candidate,tactics,,,
4031,tactics_0241,tactics,train,generated_0080,r1bqkr2/pppp1ppp/n2b1n2/4p3/N1B2N2/4P3/PPPP1PPP/R1BQK2R w KQq - 9 7,white,f4h5,5.0,0.0124993489990208,1,,41,teacher_candidate,tactics,,,
4031,tactics_0241,tactics,train,generated_0080,r1bqkr2/pppp1ppp/n2b1n2/4p3/N1B2N2/4P3/PPPP1PPP/R1BQK2R w KQq - 9 7,white,f4d5,-27.0,-0.0673976708658016,0,,41,teacher_candidate,tactics,,,
4031,tactics_0241,tactics,train,generated_0080,r1bqkr2/pppp1ppp/n2b1n2/4p3/N1B2N2/4P3/PPPP1PPP/R1BQK2R w KQq - 9 7,white,f4e2,-49.0,-0.1218909006494324,0,,41,teacher_candidate,tactics,,,
4031,tactics_0241,tactics,train,generated_0080,r1bqkr2/pppp1ppp/n2b1n2/4p3/N1B2N2/4P3/PPPP1PPP/R1BQK2R w KQq - 9 7,white,g2g4,-442.0,-0.8022878536436613,0,,41,teacher_candidate,tactics,,,
4031,tactics_0241,tactics,train,generated_0080,r1bqkr2/pppp1ppp/n2b1n2/4p3/N1B2N2/4P3/PPPP1PPP/R1BQK2R w KQq - 9 7,white,c4e6,-852.0,-0.9721487193869992,0,,41,teacher_candidate,tactics,,,
2200,tactics_0242,tactics,train,generated_0044,rq2kbnr/p1pppp2/1pn5/6pp/4P2P/2P1P3/PPQPNKP1/RNB2B1R b kq - 5 10,black,g5h4,-517.0,-0.8597798875571636,1,,26,teacher_candidate,tactics,,,
2200,tactics_0242,tactics,train,generated_0044,rq2kbnr/p1pppp2/1pn5/6pp/4P2P/2P1P3/PPQPNKP1/RNB2B1R b kq - 5 10,black,f8h6,-708.0,-0.9436094240597148,0,,26,teacher_candidate,tactics,,,
2200,tactics_0242,tactics,train,generated_0044,rq2kbnr/p1pppp2/1pn5/6pp/4P2P/2P1P3/PPQPNKP1/RNB2B1R b kq - 5 10,black,c6e5,-731.0,-0.9495809179960182,0,,26,teacher_candidate,tactics,,,
2200,tactics_0242,tactics,train,generated_0044,rq2kbnr/p1pppp2/1pn5/6pp/4P2P/2P1P3/PPQPNKP1/RNB2B1R b kq - 5 10,black,b8c8,-880.0,-0.9757431300314516,0,,26,teacher_candidate,tactics,,,
2200,tactics_0242,tactics,train,generated_0044,rq2kbnr/p1pppp2/1pn5/6pp/4P2P/2P1P3/PPQPNKP1/RNB2B1R b kq - 5 10,black,h8h7,-978.0,-0.9850694539943046,0,,26,teacher_candidate,tactics,,,
197,tactics_0243,tactics,train,generated_0003,rn1qkbnr/1pp1p1p1/p2p4/5pNp/2PPP1P1/P7/1P1N2PP/R1BQKBR1 b Q - 0 10,black,e7e5,-366.0,-0.7235234536550119,1,,24,teacher_candidate,tactics,,,
197,tactics_0243,tactics,train,generated_0003,rn1qkbnr/1pp1p1p1/p2p4/5pNp/2PPP1P1/P7/1P1N2PP/R1BQKBR1 b Q - 0 10,black,e7e6,-663.0,-0.9298796587312388,0,,24,teacher_candidate,tactics,,,
197,tactics_0243,tactics,train,generated_0003,rn1qkbnr/1pp1p1p1/p2p4/5pNp/2PPP1P1/P7/1P1N2PP/R1BQKBR1 b Q - 0 10,black,d6d5,-856.0,-0.9726926818052982,0,,24,teacher_candidate,tactics,,,
197,tactics_0243,tactics,train,generated_0003,rn1qkbnr/1pp1p1p1/p2p4/5pNp/2PPP1P1/P7/1P1N2PP/R1BQKBR1 b Q - 0 10,black,d8c8,-966.0,-0.98415351575153,0,,24,teacher_candidate,tactics,,,
197,tactics_0243,tactics,train,generated_0003,rn1qkbnr/1pp1p1p1/p2p4/5pNp/2PPP1P1/P7/1P1N2PP/R1BQKBR1 b Q - 0 10,black,h8h7,-996.0,-0.9863457351557235,0,,24,teacher_candidate,tactics,,,
182,tactics_0244,tactics,train,generated_0003,r1bqkb1r/p3pppp/1pp1n2P/3p4/8/N4N1P/PPPPPPB1/R1BQK2R w Kq - 1 10,white,h6g7,697.0,0.940515894540715,1,,26,teacher_candidate,tactics,,,
182,tactics_0244,tactics,train,generated_0003,r1bqkb1r/p3pppp/1pp1n2P/3p4/8/N4N1P/PPPPPPB1/R1BQK2R w Kq - 1 10,white,g2f1,673.0,0.9331852212249364,0,,26,teacher_candidate,tactics,,,
182,tactics_0244,tactics,train,generated_0003,r1bqkb1r/p3pppp/1pp1n2P/3p4/8/N4N1P/PPPPPPB1/R1BQK2R w Kq - 1 10,white,c2c3,666.0,0.930887539427447,0,,26,teacher_candidate,tactics,,,
182,tactics_0244,tactics,train,generated_0003,r1bqkb1r/p3pppp/1pp1n2P/3p4/8/N4N1P/PPPPPPB1/R1BQK2R w Kq - 1 10,white,b2b4,524.0,0.8642754128460111,0,,26,teacher_candidate,tactics,,,
182,tactics_0244,tactics,train,generated_0003,r1bqkb1r/p3pppp/1pp1n2P/3p4/8/N4N1P/PPPPPPB1/R1BQK2R w Kq - 1 10,white,f3d4,-108.0,-0.2636248354722033,0,,26,teacher_candidate,tactics,,,
4920,tactics_0245,tactics,train,generated_0098,rnbqk2r/1pppn2p/1b3pp1/p7/1P2p1P1/N1PP3P/P2KPPR1/R1BQ1BN1 w kq - 0 10,white,b4b5,-83.0,-0.2045723537772613,1,,25,teacher_candidate,tactics,,,
4920,tactics_0245,tactics,train,generated_0098,rnbqk2r/1pppn2p/1b3pp1/p7/1P2p1P1/N1PP3P/P2KPPR1/R1BQ1BN1 w kq - 0 10,white,d3e4,-131.0,-0.3162726300960362,0,,25,teacher_candidate,tactics,,,
4920,tactics_0245,tactics,train,generated_0098,rnbqk2r/1pppn2p/1b3pp1/p7/1P2p1P1/N1PP3P/P2KPPR1/R1BQ1BN1 w kq - 0 10,white,c1b2,-145.0,-0.3474141989090428,0,,25,teacher_candidate,tactics,,,
4920,tactics_0245,tactics,train,generated_0098,rnbqk2r/1pppn2p/1b3pp1/p7/1P2p1P1/N1PP3P/P2KPPR1/R1BQ1BN1 w kq - 0 10,white,d2c2,-307.0,-0.6454733928434861,0,,25,teacher_candidate,tactics,,,
4920,tactics_0245,tactics,train,generated_0098,rnbqk2r/1pppn2p/1b3pp1/p7/1P2p1P1/N1PP3P/P2KPPR1/R1BQ1BN1 w kq - 0 10,white,g1f3,-717.0,-0.9460237850730044,0,,25,teacher_candidate,tactics,,,
470,tactics_0246,tactics,train,generated_0009,rnbqk1nr/1p2b1p1/p4p2/2ppp2p/1P1PP3/7N/P1P1BPPP/RNBQ1KR1 b kq - 0 8,black,c5d4,330.0,0.6777821008468294,1,,33,teacher_candidate,tactics,,,
470,tactics_0246,tactics,train,generated_0009,rnbqk1nr/1p2b1p1/p4p2/2ppp2p/1P1PP3/7N/P1P1BPPP/RNBQ1KR1 b kq - 0 8,black,b8c6,159.0,0.3778078359539092,0,,33,teacher_candidate,tactics,,,
470,tactics_0246,tactics,train,generated_0009,rnbqk1nr/1p2b1p1/p4p2/2ppp2p/1P1PP3/7N/P1P1BPPP/RNBQ1KR1 b kq - 0 8,black,c5b4,108.0,0.2636248354722033,0,,33,teacher_candidate,tactics,,,
470,tactics_0246,tactics,train,generated_0009,rnbqk1nr/1p2b1p1/p4p2/2ppp2p/1P1PP3/7N/P1P1BPPP/RNBQ1KR1 b kq - 0 8,black,h5h4,-65.0,-0.1610846096413192,0,,33,teacher_candidate,tactics,,,
470,tactics_0246,tactics,train,generated_0009,rnbqk1nr/1p2b1p1/p4p2/2ppp2p/1P1PP3/7N/P1P1BPPP/RNBQ1KR1 b kq - 0 8,black,d8a5,-937.0,-0.981703457893131,0,,33,teacher_candidate,tactics,,,
2004,tactics_0247,tactics,train,generated_0040,1rb1kb1r/ppp1pp1p/n2q2pn/8/PP1p4/6P1/2PPPP1P/R1BQKBNR w KQk - 1 8,white,b4b5,-751.0,-0.9542692196485136,1,,21,teacher_candidate,tactics,,,
2004,tactics_0247,tactics,train,generated_0040,1rb1kb1r/ppp1pp1p/n2q2pn/8/PP1p4/6P1/2PPPP1P/R1BQKBNR w KQk - 1 8,white,c1a3,-790.0,-0.962218076125922,0,,21,teacher_candidate,tactics,,,
2004,tactics_0247,tactics,train,generated_0040,1rb1kb1r/ppp1pp1p/n2q2pn/8/PP1p4/6P1/2PPPP1P/R1BQKBNR w KQk - 1 8,white,g1f3,-802.0,-0.9643791367189491,0,,21,teacher_candidate,tactics,,,
2004,tactics_0247,tactics,train,generated_0040,1rb1kb1r/ppp1pp1p/n2q2pn/8/PP1p4/6P1/2PPPP1P/R1BQKBNR w KQk - 1 8,white,e2e4,-864.0,-0.9737493633257944,0,,21,teacher_candidate,tactics,,,
2004,tactics_0247,tactics,train,generated_0040,1rb1kb1r/ppp1pp1p/n2q2pn/8/PP1p4/6P1/2PPPP1P/R1BQKBNR w KQk - 1 8,white,g3g4,-990.0,-0.9859328256900096,0,,21,teacher_candidate,tactics,,,
2495,tactics_0248,tactics,train,generated_0049,r1bq1knr/ppppb1p1/4p2p/2n2pB1/P2N4/3P2P1/1PP1PP1P/RN1QKBR1 w Q - 3 8,white,g5d2,24.0,0.0599281035291434,1,,38,teacher_candidate,tactics,,,
2495,tactics_0248,tactics,train,generated_0049,r1bq1knr/ppppb1p1/4p2p/2n2pB1/P2N4/3P2P1/1PP1PP1P/RN1QKBR1 w Q - 3 8,white,g5e3,23.0,0.0574367139028792,0,,38,teacher_candidate,tactics,,,
2495,tactics_0248,tactics,train,generated_0049,r1bq1knr/ppppb1p1/4p2p/2n2pB1/P2N4/3P2P1/1PP1PP1P/RN1QKBR1 w Q - 3 8,white,g5c1,11.0,0.0274930698047098,0,,38,teacher_candidate,tactics,,,
2495,tactics_0248,tactics,train,generated_0049,r1bq1knr/ppppb1p1/4p2p/2n2pB1/P2N4/3P2P1/1PP1PP1P/RN1QKBR1 w Q - 3 8,white,d4f3,-741.0,-0.9519808468695424,0,,38,teacher_candidate,tactics,,,
2495,tactics_0248,tactics,train,generated_0049,r1bq1knr/ppppb1p1/4p2p/2n2pB1/P2N4/3P2P1/1PP1PP1P/RN1QKBR1 w Q - 3 8,white,d4b5,-866.0,-0.9740071668842932,0,,38,teacher_candidate,tactics,,,
368,tactics_0249,tactics,train,generated_0007,rnbqkbnr/1p4p1/3ppp2/p6p/2p1P3/P2P1PPP/1PP5/RNBQKBNR w KQkq - 0 8,white,d3c4,107.0,0.2612970513021489,1,,27,teacher_candidate,tactics,,,
368,tactics_0249,tactics,train,generated_0007,rnbqkbnr/1p4p1/3ppp2/p6p/2p1P3/P2P1PPP/1PP5/RNBQKBNR w KQkq - 0 8,white,c1e3,80.0,0.197375320224904,0,,27,teacher_candidate,tactics,,,
368,tactics_0249,tactics,train,generated_0007,rnbqkbnr/1p4p1/3ppp2/p6p/2p1P3/P2P1PPP/1PP5/RNBQKBNR w KQkq - 0 8,white,g1e2,30.0,0.074859690687499,0,,27,teacher_candidate,tactics,,,
368,tactics_0249,tactics,train,generated_0007,rnbqkbnr/1p4p1/3ppp2/p6p/2p1P3/P2P1PPP/1PP5/RNBQKBNR w KQkq - 0 8,white,c1d2,-39.0,-0.0971922171662686,0,,27,teacher_candidate,tactics,,,
368,tactics_0249,tactics,train,generated_0007,rnbqkbnr/1p4p1/3ppp2/p6p/2p1P3/P2P1PPP/1PP5/RNBQKBNR w KQkq - 0 8,white,c1h6,-823.0,-0.9678726287299844,0,,27,teacher_candidate,tactics,,,
4888,tactics_0250,tactics,train,generated_0097,rnbqkb1r/p4ppp/Bp2p3/2pp4/1P2PP2/N1P5/P2P3n/R1BQK1NR w KQkq - 0 8,white,a6b5,535.0,0.8710704683248206,1,,34,teacher_candidate,tactics,,,
4888,tactics_0250,tactics,train,generated_0097,rnbqkb1r/p4ppp/Bp2p3/2pp4/1P2PP2/N1P5/P2P3n/R1BQK1NR w KQkq - 0 8,white,a6c8,-104.0,-0.2542955326263911,0,,34,teacher_candidate,tactics,,,
4888,tactics_0250,tactics,train,generated_0097,rnbqkb1r/p4ppp/Bp2p3/2pp4/1P2PP2/N1P5/P2P3n/R1BQK1NR w KQkq - 0 8,white,a6e2,-340.0,-0.6910694698329306,0,,34,teacher_candidate,tactics,,,
4888,tactics_0250,tactics,train,generated_0097,rnbqkb1r/p4ppp/Bp2p3/2pp4/1P2PP2/N1P5/P2P3n/R1BQK1NR w KQkq - 0 8,white,d2d3,-823.0,-0.9678726287299844,0,,34,teacher_candidate,tactics,,,
4888,tactics_0250,tactics,train,generated_0097,rnbqkb1r/p4ppp/Bp2p3/2pp4/1P2PP2/N1P5/P2P3n/R1BQK1NR w KQkq - 0 8,white,g1e2,-1235.0,-0.9958470296902964,0,,34,teacher_candidate,tactics,,,
4610,tactics_0251,tactics,train,generated_0092,rnbqk1nr/1p1p1p1p/2p1p3/p5p1/P3P3/P1PP1Q1N/5PPP/RNB1KB1R b KQkq - 1 8,black,d8b6,-765.0,-0.9572948876779588,1,,23,teacher_candidate,tactics,,,
4610,tactics_0251,tactics,train,generated_0092,rnbqk1nr/1p1p1p1p/2p1p3/p5p1/P3P3/P1PP1Q1N/5PPP/RNB1KB1R b KQkq - 1 8,black,h7h6,-787.0,-0.9616580221163844,0,,23,teacher_candidate,tactics,,,
4610,tactics_0251,tactics,train,generated_0092,rnbqk1nr/1p1p1p1p/2p1p3/p5p1/P3P3/P1PP1Q1N/5PPP/RNB1KB1R b KQkq - 1 8,black,d7d6,-820.0,-0.967395001257118,0,,23,teacher_candidate,tactics,,,
4610,tactics_0251,tactics,train,generated_0092,rnbqk1nr/1p1p1p1p/2p1p3/p5p1/P3P3/P1PP1Q1N/5PPP/RNB1KB1R b KQkq - 1 8,black,d8c7,-907.0,-0.978773876207672,0,,23,teacher_candidate,tactics,,,
4610,tactics_0251,tactics,train,generated_0092,rnbqk1nr/1p1p1p1p/2p1p3/p5p1/P3P3/P1PP1Q1N/5PPP/RNB1KB1R b KQkq - 1 8,black,b7b6,-1000.0,-0.9866142981514304,0,,23,teacher_candidate,tactics,,,
2519,tactics_0252,tactics,train,generated_0050,rnb1kb1r/2ppqp1p/1p2p2n/p5p1/1P3P1P/N4N2/P1PPP1PR/R1BQKB2 b Qkq - 2 7,black,g5f4,428.0,0.7894612209549805,1,,30,teacher_candidate,tactics,,,
2519,tactics_0252,tactics,train,generated_0050,rnb1kb1r/2ppqp1p/1p2p2n/p5p1/1P3P1P/N4N2/P1PPP1PR/R1BQKB2 b Qkq - 2 7,black,g5g4,336.0,0.6858090622290945,0,,30,teacher_candidate,tactics,,,
2519,tactics_0252,tactics,train,generated_0050,rnb1kb1r/2ppqp1p/1p2p2n/p5p1/1P3P1P/N4N2/P1PPP1PR/R1BQKB2 b Qkq - 2 7,black,e7f6,231.0,0.5208460039774621,0,,30,teacher_candidate,tactics,,,
2519,tactics_0252,tactics,train,generated_0050,rnb1kb1r/2ppqp1p/1p2p2n/p5p1/1P3P1P/N4N2/P1PPP1PR/R1BQKB2 b Qkq - 2 7,black,d7d6,-41.0,-0.1021425386146839,0,,30,teacher_candidate,tactics,,,
2519,tactics_0252,tactics,train,generated_0050,rnb1kb1r/2ppqp1p/1p2p2n/p5p1/1P3P1P/N4N2/P1PPP1PR/R1BQKB2 b Qkq - 2 7,black,e7c5,-882.0,-0.9759815913801452,0,,30,teacher_candidate,tactics,,,
2724,tactics_0253,tactics,train,generated_0054,rnbqk1nr/1ppp1pp1/p7/2b1p2p/P7/N2P1N1P/RPP1PPP1/2BQKBR1 b kq - 0 7,black,d7d6,127.0,0.307244661799008,1,,35,teacher_candidate,tactics,,,
2724,tactics_0253,tactics,train,generated_0054,rnbqk1nr/1ppp1pp1/p7/2b1p2p/P7/N2P1N1P/RPP1PPP1/2BQKBR1 b kq - 0 7,black,b8c6,123.0,0.2981610484891466,0,,35,teacher_candidate,tactics,,,
2724,tactics_0253,tactics,train,generated_0054,rnbqk1nr/1ppp1pp1/p7/2b1p2p/P7/N2P1N1P/RPP1PPP1/2BQKBR1 b kq - 0 7,black,d8f6,108.0,0.2636248354722033,0,,35,teacher_candidate,tactics,,,
2724,tactics_0253,tactics,train,generated_0054,rnbqk1nr/1ppp1pp1/p7/2b1p2p/P7/N2P1N1P/RPP1PPP1/2BQKBR1 b kq - 0 7,black,c5e7,-40.0,-0.0996679946249558,0,,35,teacher_candidate,tactics,,,
2724,tactics_0253,tactics,train,generated_0054,rnbqk1nr/1ppp1pp1/p7/2b1p2p/P7/N2P1N1P/RPP1PPP1/2BQKBR1 b kq - 0 7,black,d8g5,-901.0,-0.9781345117723848,0,,35,teacher_candidate,tactics,,,
804,tactics_0254,tactics,train,generated_0016,r1bq1bnr/1ppkp1p1/p1np1p2/8/3NP2p/8/PPPP1PPP/RNBQKB1R w KQ - 0 8,white,d1g4,179.0,0.4198418366689064,1,,33,teacher_candidate,tactics,,,
804,tactics_0254,tactics,train,generated_0016,r1bq1bnr/1ppkp1p1/p1np1p2/8/3NP2p/8/PPPP1PPP/RNBQKB1R w KQ - 0 8,white,d4c6,96.0,0.2354957495384979,0,,33,teacher_candidate,tactics,,,
804,tactics_0254,tactics,train,generated_0016,r1bq1bnr/1ppkp1p1/p1np1p2/8/3NP2p/8/PPPP1PPP/RNBQKB1R w KQ - 0 8,white,d4b3,-3.0,-0.0074998593781639,0,,33,teacher_candidate,tactics,,,
804,tactics_0254,tactics,train,generated_0016,r1bq1bnr/1ppkp1p1/p1np1p2/8/3NP2p/8/PPPP1PPP/RNBQKB1R w KQ - 0 8,white,h2h3,-467.0,-0.8234690786261251,0,,33,teacher_candidate,tactics,,,
804,tactics_0254,tactics,train,generated_0016,r1bq1bnr/1ppkp1p1/p1np1p2/8/3NP2p/8/PPPP1PPP/RNBQKB1R w KQ - 0 8,white,c2c4,-833.0,-0.9694155381723456,0,,33,teacher_candidate,tactics,,,
2938,tactics_0255,tactics,train,generated_0058,rn1q1knr/1pp1p2p/3pbp1b/p5p1/3N4/2N1P1P1/PPPP1PBP/1RBQKR2 b - - 9 10,black,e6c8,-225.0,-0.5098299737352566,1,,30,teacher_candidate,tactics,,,
2938,tactics_0255,tactics,train,generated_0058,rn1q1knr/1pp1p2p/3pbp1b/p5p1/3N4/2N1P1P1/PPPP1PBP/1RBQKR2 b - - 9 10,black,e6c4,-303.0,-0.6396020496038974,0,,30,teacher_candidate,tactics,,,
2938,tactics_0255,tactics,train,generated_0058,rn1q1knr/1pp1p2p/3pbp1b/p5p1/3N4/2N1P1P1/PPPP1PBP/1RBQKR2 b - - 9 10,black,e6f7,-349.0,-0.7026420908321852,0,,30,teacher_candidate,tactics,,,
2938,tactics_0255,tactics,train,generated_0058,rn1q1knr/1pp1p2p/3pbp1b/p5p1/3N4/2N1P1P1/PPPP1PBP/1RBQKR2 b - - 9 10,black,f8e8,-1027.0,-0.9882948060691265,0,,30,teacher_candidate,tactics,,,
2938,tactics_0255,tactics,train,generated_0058,rn1q1knr/1pp1p2p/3pbp1b/p5p1/3N4/2N1P1P1/PPPP1PBP/1RBQKR2 b - - 9 10,black,h6g7,-1193.0,-0.9948790564756876,0,,30,teacher_candidate,tactics,,,
4623,tactics_0256,tactics,train,generated_0092,r1bqkbnr/pppppp1p/8/8/P4P1p/1PP5/2QPPKP1/RNB2BNR b kq - 0 9,black,d7d5,-580.0,-0.8956928738431645,1,,20,teacher_candidate,tactics,,,
4623,tactics_0256,tactics,train,generated_0092,r1bqkbnr/pppppp1p/8/8/P4P1p/1PP5/2QPPKP1/RNB2BNR b kq - 0 9,black,g8h6,-605.0,-0.9073817003029993,0,,20,teacher_candidate,tactics,,,
4623,tactics_0256,tactics,train,generated_0092,r1bqkbnr/pppppp1p/8/8/P4P1p/1PP5/2QPPKP1/RNB2BNR b kq - 0 9,black,f8g7,-609.0,-0.9091323414508224,0,,20,teacher_candidate,tactics,,,
4623,tactics_0256,tactics,train,generated_0092,r1bqkbnr/pppppp1p/8/8/P4P1p/1PP5/2QPPKP1/RNB2BNR b kq - 0 9,black,e7e5,-701.0,-0.9416594000937984,0,,20,teacher_candidate,tactics,,,
4623,tactics_0256,tactics,train,generated_0092,r1bqkbnr/pppppp1p/8/8/P4P1p/1PP5/2QPPKP1/RNB2BNR b kq - 0 9,black,b7b5,-811.0,-0.9659198356468608,0,,20,teacher_candidate,tactics,,,
2934,tactics_0257,tactics,train,generated_0058,rn1qkbn1/1pp1p2r/3p1ppp/p1P5/5Nb1/5P2/PP1PP2P/RNBQKB1R w KQ - 0 10,white,f3g4,703.0,0.9422231290637216,1,,29,teacher_candidate,tactics,,,
2934,tactics_0257,tactics,train,generated_0058,rn1qkbn1/1pp1p2r/3p1ppp/p1P5/5Nb1/5P2/PP1PP2P/RNBQKB1R w KQ - 0 10,white,d1b3,280.0,0.6043677771171635,0,,29,teacher_candidate,tactics,,,
2934,tactics_0257,tactics,train,generated_0058,rn1qkbn1/1pp1p2r/3p1ppp/p1P5/5Nb1/5P2/PP1PP2P/RNBQKB1R w KQ - 0 10,white,b1c3,178.0,0.4177803451322399,0,,29,teacher_candidate,tactics,,,
2934,tactics_0257,tactics,train,generated_0058,rn1qkbn1/1pp1p2r/3p1ppp/p1P5/5Nb1/5P2/PP1PP2P/RNBQKB1R w KQ - 0 10,white,h2h4,11.0,0.0274930698047098,0,,29,teacher_candidate,tactics,,,
2934,tactics_0257,tactics,train,generated_0058,rn1qkbn1/1pp1p2r/3p1ppp/p1P5/5Nb1/5P2/PP1PP2P/RNBQKB1R w KQ - 0 10,white,f4e6,-829.0,-0.9688073272108432,0,,29,teacher_candidate,tactics,,,
2729,tactics_0258,tactics,train,generated_0054,1rbqkr2/p1p2ppp/2n4n/1pbpp3/1PP5/N2N2P1/P2PPP1P/R1BQKB1R b KQ - 3 9,black,c5d4,27.0,0.0673976708658016,1,,44,teacher_candidate,tactics,,,
2729,tactics_0258,tactics,train,generated_0054,1rbqkr2/p1p2ppp/2n4n/1pbpp3/1PP5/N2N2P1/P2PPP1P/R1BQKB1R b KQ - 3 9,black,d8f6,-38.0,-0.0947152362861785,0,,44,teacher_candidate,tactics,,,
2729,tactics_0258,tactics,train,generated_0054,1rbqkr2/p1p2ppp/2n4n/1pbpp3/1PP5/N2N2P1/P2PPP1P/R1BQKB1R b KQ - 3 9,black,c5d6,-47.0,-0.1169622248763227,0,,44,teacher_candidate,tactics,,,
2729,tactics_0258,tactics,train,generated_0054,1rbqkr2/p1p2ppp/2n4n/1pbpp3/1PP5/N2N2P1/P2PPP1P/R1BQKB1R b KQ - 3 9,black,h6g8,-602.0,-0.9060477086434328,0,,44,teacher_candidate,tactics,,,
2729,tactics_0258,tactics,train,generated_0054,1rbqkr2/p1p2ppp/2n4n/1pbpp3/1PP5/N2N2P1/P2PPP1P/R1BQKB1R b KQ - 3 9,black,d8h4,-908.0,-0.9788786239267536,0,,44,teacher_candidate,tactics,,,
1075,tactics_0259,tactics,train,generated_0021,rnbq2n1/pp1kppbr/8/2pp3p/3PPNpP/1PP5/P4PP1/RNBQKBR1 w Q - 1 9,white,f1b5,1157.0,0.9938722118431828,1,,36,teacher_candidate,tactics,,,
1075,tactics_0259,tactics,train,generated_0021,rnbq2n1/pp1kppbr/8/2pp3p/3PPNpP/1PP5/P4PP1/RNBQKBR1 w Q - 1 9,white,d4c5,357.0,0.7126263344823417,0,,36,teacher_candidate,tactics,,,
1075,tactics_0259,tactics,train,generated_0021,rnbq2n1/pp1kppbr/8/2pp3p/3PPNpP/1PP5/P4PP1/RNBQKBR1 w Q - 1 9,white,f4d5,319.0,0.6626368112043609,0,,36,teacher_candidate,tactics,,,
1075,tactics_0259,tactics,train,generated_0021,rnbq2n1/pp1kppbr/8/2pp3p/3PPNpP/1PP5/P4PP1/RNBQKBR1 w Q - 1 9,white,f1d3,88.0,0.2165180614930288,0,,36,teacher_candidate,tactics,,,
1075,tactics_0259,tactics,train,generated_0021,rnbq2n1/pp1kppbr/8/2pp3p/3PPNpP/1PP5/P4PP1/RNBQKBR1 w Q - 1 9,white,d1g4,-778.0,-0.9599285819327408,0,,36,teacher_candidate,tactics,,,
2087,tactics_0260,tactics,train,generated_0041,r1b1kbnr/pp1pp3/nq3p2/5p1p/2PpP1P1/3B4/PPK4P/RNBQ2NR b kq - 1 10,black,a6b4,1263.0,0.9963886013752574,1,,32,teacher_candidate,tactics,,,
2087,tactics_0260,tactics,train,generated_0041,r1b1kbnr/pp1pp3/nq3p2/5p1p/2PpP1P1/3B4/PPK4P/RNBQ2NR b kq - 1 10,black,f5g4,784.0,0.961089830863614,0,,32,teacher_candidate,tactics,,,
2087,tactics_0260,tactics,train,generated_0041,r1b1kbnr/pp1pp3/nq3p2/5p1p/2PpP1P1/3B4/PPK4P/RNBQ2NR b kq - 1 10,black,f5e4,722.0,0.9473213607494332,0,,32,teacher_candidate,tactics,,,
2087,tactics_0260,tactics,train,generated_0041,r1b1kbnr/pp1pp3/nq3p2/5p1p/2PpP1P1/3B4/PPK4P/RNBQ2NR b kq - 1 10,black,h5h4,412.0,0.7739083398558421,0,,32,teacher_candidate,tactics,,,
2087,tactics_0260,tactics,train,generated_0041,r1b1kbnr/pp1pp3/nq3p2/5p1p/2PpP1P1/3B4/PPK4P/RNBQ2NR b kq - 1 10,black,b6b5,-672.0,-0.9328615534370348,0,,32,teacher_candidate,tactics,,,
4911,tactics_0261,tactics,train,generated_0098,rn1qkb1r/1pp1pp1p/p6n/3p1b2/P2P1p2/4P2N/1PP3PP/RNBQKB1R b kq - 0 7,black,e7e5,252.0,0.5580522155596244,1,,30,teacher_candidate,tactics,,,
4911,tactics_0261,tactics,train,generated_0098,rn1qkb1r/1pp1pp1p/p6n/3p1b2/P2P1p2/4P2N/1PP3PP/RNBQKB1R b kq - 0 7,black,f5h3,222.0,0.5042582228791403,0,,30,teacher_candidate,tactics,,,
4911,tactics_0261,tactics,train,generated_0098,rn1qkb1r/1pp1pp1p/p6n/3p1b2/P2P1p2/4P2N/1PP3PP/RNBQKB1R b kq - 0 7,black,f4e3,221.0,0.5023915644617227,0,,30,teacher_candidate,tactics,,,
4911,tactics_0261,tactics,train,generated_0098,rn1qkb1r/1pp1pp1p/p6n/3p1b2/P2P1p2/4P2N/1PP3PP/RNBQKB1R b kq - 0 7,black,c7c5,17.0,0.0424744299325481,0,,30,teacher_candidate,tactics,,,
4911,tactics_0261,tactics,train,generated_0098,rn1qkb1r/1pp1pp1p/p6n/3p1b2/P2P1p2/4P2N/1PP3PP/RNBQKB1R b kq - 0 7,black,f5d3,-691.0,-0.9387598039977676,0,,30,teacher_candidate,tactics,,,
2328,tactics_0262,tactics,train,generated_0046,r2qkbnr/ppp1p1pp/3p1p2/8/1n3B1P/2PP1P1b/PP2P1P1/RN1QKBNR w KQkq - 3 7,white,g1h3,825.0,0.9681872165763704,1,,33,teacher_candidate,tactics,,,
2328,tactics_0262,tactics,train,generated_0046,r2qkbnr/ppp1p1pp/3p1p2/8/1n3B1P/2PP1P1b/PP2P1P1/RN1QKBNR w KQkq - 3 7,white,h1h3,803.0,0.9645536478198754,0,,33,teacher_candidate,tactics,,,
2328,tactics_0262,tactics,train,generated_0046,r2qkbnr/ppp1p1pp/3p1p2/8/1n3B1P/2PP1P1b/PP2P1P1/RN1QKBNR w KQkq - 3 7,white,g2h3,772.0,0.9587334055461876,0,,33,teacher_candidate,tactics,,,
2328,tactics_0262,tactics,train,generated_0046,r2qkbnr/ppp1p1pp/3p1p2/8/1n3B1P/2PP1P1b/PP2P1P1/RN1QKBNR w KQkq - 3 7,white,f4d2,353.0,0.7076695392052358,0,,33,teacher_candidate,tactics,,,
2328,tactics_0262,tactics,train,generated_0046,r2qkbnr/ppp1p1pp/3p1p2/8/1n3B1P/2PP1P1b/PP2P1P1/RN1QKBNR w KQkq - 3 7,white,d1c2,-1028.0,-0.988352845987577,0,,33,teacher_candidate,tactics,,,
3193,tactics_0263,tactics,train,generated_0063,rnbqkbn1/4ppNr/p6p/Pppp4/8/2P5/1P1PPPPP/RNBQKB1R b KQq - 0 7,black,h7g7,650.0,0.925346225311741,1,,3,teacher_candidate,tactics,,,
3193,tactics_0263,tactics,train,generated_0063,rnbqkbn1/4ppNr/p6p/Pppp4/8/2P5/1P1PPPPP/RNBQKB1R b KQq - 0 7,black,f8g7,475.0,0.8298019099859595,0,,3,teacher_candidate,tactics,,,
3193,tactics_0263,tactics,train,generated_0063,rnbqkbn1/4ppNr/p6p/Pppp4/8/2P5/1P1PPPPP/RNBQKB1R b KQq - 0 7,black,e8d7,-47.0,-0.1169622248763227,0,,3,teacher_candidate,tactics,,,
2393,tactics_0264,tactics,train,generated_0047,rnb1kbnr/1p1p3p/p1p1pp2/q4P2/2P1P1p1/NP6/P1QP2PP/R1B1KBNR w KQkq - 0 8,white,g1e2,165.0,0.3905933386951307,1,,24,teacher_candidate,tactics,,,
2393,tactics_0264,tactics,train,generated_0047,rnb1kbnr/1p1p3p/p1p1pp2/q4P2/2P1P1p1/NP6/P1QP2PP/R1B1KBNR w KQkq - 0 8,white,h2h3,127.0,0.307244661799008,0,,24,teacher_candidate,tactics,,,
2393,tactics_0264,tactics,train,generated_0047,rnb1kbnr/1p1p3p/p1p1pp2/q4P2/2P1P1p1/NP6/P1QP2PP/R1B1KBNR w KQkq - 0 8,white,e1d1,126.0,0.3049789243854889,0,,24,teacher_candidate,tactics,,,
2393,tactics_0264,tactics,train,generated_0047,rnb1kbnr/1p1p3p/p1p1pp2/q4P2/2P1P1p1/NP6/P1QP2PP/R1B1KBNR w KQkq - 0 8,white,c2b1,52.0,0.1292725836060583,0,,24,teacher_candidate,tactics,,,
2393,tactics_0264,tactics,train,generated_0047,rnb1kbnr/1p1p3p/p1p1pp2/q4P2/2P1P1p1/NP6/P1QP2PP/R1B1KBNR w KQkq - 0 8,white,g1h3,-416.0,-0.7778880665771849,0,,24,teacher_candidate,tactics,,,
3388,tactics_0265,tactics,train,generated_0067,1nBqkb1r/4pppp/3p1n2/8/2p1P2P/r7/PPPP1PP1/R1BQK1NR w KQk - 0 8,white,b2a3,459.0,0.8169241874133502,1,,31,teacher_candidate,tactics,,,
3388,tactics_0265,tactics,train,generated_0067,1nBqkb1r/4pppp/3p1n2/8/2p1P2P/r7/PPPP1PP1/R1BQK1NR w KQk - 0 8,white,c8d7,316.0,0.658409035955251,0,,31,teacher_candidate,tactics,,,
3388,tactics_0265,tactics,train,generated_0067,1nBqkb1r/4pppp/3p1n2/8/2p1P2P/r7/PPPP1PP1/R1BQK1NR w KQk - 0 8,white,e4e5,303.0,0.6396020496038974,0,,31,teacher_candidate,tactics,,,
3388,tactics_0265,tactics,train,generated_0067,1nBqkb1r/4pppp/3p1n2/8/2p1P2P/r7/PPPP1PP1/R1BQK1NR w KQk - 0 8,white,d2d3,173.0,0.4074084759995413,0,,31,teacher_candidate,tactics,,,
3388,tactics_0265,tactics,train,generated_0067,1nBqkb1r/4pppp/3p1n2/8/2p1P2P/r7/PPPP1PP1/R1BQK1NR w KQk - 0 8,white,d1h5,-850.0,-0.971872745913509,0,,31,teacher_candidate,tactics,,,
1068,tactics_0266,tactics,train,generated_0021,rnbqkb1r/1p1p1p1p/5np1/2p1p3/1p3P2/1P6/P1PPP1PP/RNBQKB1R b KQkq - 0 7,black,e5f4,856.0,0.9726926818052982,1,,33,teacher_candidate,tactics,,,
1068,tactics_0266,tactics,train,generated_0021,rnbqkb1r/1p1p1p1p/5np1/2p1p3/1p3P2/1P6/P1PPP1PP/RNBQKB1R b KQkq - 0 7,black,f6g4,846.0,0.9713126878730238,0,,33,teacher_candidate,tactics,,,
1068,tactics_0266,tactics,train,generated_0021,rnbqkb1r/1p1p1p1p/5np1/2p1p3/1p3P2/1P6/P1PPP1PP/RNBQKB1R b KQkq - 0 7,black,e5e4,795.0,0.9631337199977804,0,,33,teacher_candidate,tactics,,,
1068,tactics_0266,tactics,train,generated_0021,rnbqkb1r/1p1p1p1p/5np1/2p1p3/1p3P2/1P6/P1PPP1PP/RNBQKB1R b KQkq - 0 7,black,d7d5,669.0,0.9318814446042516,0,,33,teacher_candidate,tactics,,,
1068,tactics_0266,tactics,train,generated_0021,rnbqkb1r/1p1p1p1p/5np1/2p1p3/1p3P2/1P6/P1PPP1PP/RNBQKB1R b KQkq - 0 7,black,a8a2,190.0,0.4422303560457261,0,,33,teacher_candidate,tactics,,,
3416,tactics_0267,tactics,train,generated_0068,r2qkbnr/2pnp1pp/4Np2/p4b2/Pp6/2P1P1P1/1P1PKP1P/RNBQ1B1R w kq - 0 9,white,e6d8,498.0,0.8468756052963757,1,,30,teacher_candidate,tactics,,,
3416,tactics_0267,tactics,train,generated_0068,r2qkbnr/2pnp1pp/4Np2/p4b2/Pp6/2P1P1P1/1P1PKP1P/RNBQ1B1R w kq - 0 9,white,f1h3,238.0,0.5334821284570855,0,,30,teacher_candidate,tactics,,,
3416,tactics_0267,tactics,train,generated_0068,r2qkbnr/2pnp1pp/4Np2/p4b2/Pp6/2P1P1P1/1P1PKP1P/RNBQ1B1R w kq - 0 9,white,e6g7,217.0,0.4948780404403998,0,,30,teacher_candidate,tactics,,,
3416,tactics_0267,tactics,train,generated_0068,r2qkbnr/2pnp1pp/4Np2/p4b2/Pp6/2P1P1P1/1P1PKP1P/RNBQ1B1R w kq - 0 9,white,e6g5,-466.0,-0.8226626734905335,0,,30,teacher_candidate,tactics,,,
3416,tactics_0267,tactics,train,generated_0068,r2qkbnr/2pnp1pp/4Np2/p4b2/Pp6/2P1P1P1/1P1PKP1P/RNBQ1B1R w kq - 0 9,white,a1a3,-835.0,-0.9697152505174752,0,,30,teacher_candidate,tactics,,,
1608,tactics_0268,tactics,train,generated_0032,rn1qkb1r/pp2pppp/7n/2p2b2/P7/Np2P3/3P1PPP/1RBQKBNR w Kkq - 0 7,white,b1b3,-32.0,-0.0798297691111313,1,,32,teacher_candidate,tactics,,,
1608,tactics_0268,tactics,train,generated_0032,rn1qkb1r/pp2pppp/7n/2p2b2/P7/Np2P3/3P1PPP/1RBQKBNR w Kkq - 0 7,white,f1b5,-41.0,-0.1021425386146839,0,,32,teacher_candidate,tactics,,,
1608,tactics_0268,tactics,train,generated_0032,rn1qkb1r/pp2pppp/7n/2p2b2/P7/Np2P3/3P1PPP/1RBQKBNR w Kkq - 0 7,white,b1b2,-110.0,-0.2682711820216014,0,,32,teacher_candidate,tactics,,,
1608,tactics_0268,tactics,train,generated_0032,rn1qkb1r/pp2pppp/7n/2p2b2/P7/Np2P3/3P1PPP/1RBQKBNR w Kkq - 0 7,white,g2g3,-269.0,-0.5866219743251164,0,,32,teacher_candidate,tactics,,,
1608,tactics_0268,tactics,train,generated_0032,rn1qkb1r/pp2pppp/7n/2p2b2/P7/Np2P3/3P1PPP/1RBQKBNR w Kkq - 0 7,white,d1c2,-971.0,-0.9845417428116782,0,,32,teacher_candidate,tactics,,,
1668,tactics_0269,tactics,train,generated_0033,rnbqkb1r/p1ppp3/1p3pp1/4Nn1p/5PP1/1P6/PBPPP2P/RN1QKB1R w KQkq - 0 7,white,e5g6,359.0,0.7150783955690241,1,,32,teacher_candidate,tactics,,,
1668,tactics_0269,tactics,train,generated_0033,rnbqkb1r/p1ppp3/1p3pp1/4Nn1p/5PP1/1P6/PBPPP2P/RN1QKB1R w KQkq - 0 7,white,g4f5,296.0,0.6291451614140354,0,,32,teacher_candidate,tactics,,,
1668,tactics_0269,tactics,train,generated_0033,rnbqkb1r/p1ppp3/1p3pp1/4Nn1p/5PP1/1P6/PBPPP2P/RN1QKB1R w KQkq - 0 7,white,b1c3,118.0,0.2867302913888035,0,,32,teacher_candidate,tactics,,,
1668,tactics_0269,tactics,train,generated_0033,rnbqkb1r/p1ppp3/1p3pp1/4Nn1p/5PP1/1P6/PBPPP2P/RN1QKB1R w KQkq - 0 7,white,h1g1,-94.0,-0.2307675127823643,0,,32,teacher_candidate,tactics,,,
1668,tactics_0269,tactics,train,generated_0033,rnbqkb1r/p1ppp3/1p3pp1/4Nn1p/5PP1/1P6/PBPPP2P/RN1QKB1R w KQkq - 0 7,white,b2d4,-350.0,-0.703905603936621,0,,32,teacher_candidate,tactics,,,
3457,tactics_0270,tactics,train,generated_0069,1nbqk2r/r2ppp1p/1p3npb/pNp4Q/4P3/2P2N1P/PP1P1PP1/R1B1KB1R b KQk - 0 8,black,f6h5,481.0,0.8344155694676939,1,,32,teacher_candidate,tactics,,,
3457,tactics_0270,tactics,train,generated_0069,1nbqk2r/r2ppp1p/1p3npb/pNp4Q/4P3/2P2N1P/PP1P1PP1/R1B1KB1R b KQk - 0 8,black,g6h5,421.0,0.7827764066595579,0,,32,teacher_candidate,tactics,,,
3457,tactics_0270,tactics,train,generated_0069,1nbqk2r/r2ppp1p/1p3npb/pNp4Q/4P3/2P2N1P/PP1P1PP1/R1B1KB1R b KQk - 0 8,black,h6d2,323.0,0.6682088278029729,0,,32,teacher_candidate,tactics,,,
3457,tactics_0270,tactics,train,generated_0069,1nbqk2r/r2ppp1p/1p3npb/pNp4Q/4P3/2P2N1P/PP1P1PP1/R1B1KB1R b KQk - 0 8,black,e8g8,-860.0,-0.9732261643446704,0,,32,teacher_candidate,tactics,,,
3457,tactics_0270,tactics,train,generated_0069,1nbqk2r/r2ppp1p/1p3npb/pNp4Q/4P3/2P2N1P/PP1P1PP1/R1B1KB1R b KQk - 0 8,black,f6d5,-953.0,-0.9830982750282368,0,,32,teacher_candidate,tactics,,,
263,tactics_0271,tactics,train,generated_0005,r1bqkbnr/pp1ppp2/5Bpp/8/1Ppn3P/Q7/P1PPPPP1/RN2KBNR b KQkq - 4 7,black,g8f6,797.0,0.9634938499173732,1,,27,teacher_candidate,tactics,,,
263,tactics_0271,tactics,train,generated_0005,r1bqkbnr/pp1ppp2/5Bpp/8/1Ppn3P/Q7/P1PPPPP1/RN2KBNR b KQkq - 4 7,black,e7f6,758.0,0.9558073556932596,0,,27,teacher_candidate,tactics,,,
263,tactics_0271,tactics,train,generated_0005,r1bqkbnr/pp1ppp2/5Bpp/8/1Ppn3P/Q7/P1PPPPP1/RN2KBNR b KQkq - 4 7,black,d4c2,547.0,0.8781211901448149,0,,27,teacher_candidate,tactics,,,
263,tactics_0271,tactics,train,generated_0005,r1bqkbnr/pp1ppp2/5Bpp/8/1Ppn3P/Q7/P1PPPPP1/RN2KBNR b KQkq - 4 7,black,d4e2,-602.0,-0.9060477086434328,0,,27,teacher_candidate,tactics,,,
263,tactics_0271,tactics,train,generated_0005,r1bqkbnr/pp1ppp2/5Bpp/8/1Ppn3P/Q7/P1PPPPP1/RN2KBNR b KQkq - 4 7,black,a8b8,-929.0,-0.9809638689466236,0,,27,teacher_candidate,tactics,,,
4761,tactics_0272,tactics,train,generated_0095,r1bqk1nr/p1pp2pp/n3pp2/1pbP4/7P/N4P1N/PPP1P1PR/R1BQKB2 w Qkq - 3 8,white,a3b5,94.0,0.2307675127823643,1,,30,teacher_candidate,tactics,,,
4761,tactics_0272,tactics,train,generated_0095,r1bqk1nr/p1pp2pp/n3pp2/1pbP4/7P/N4P1N/PPP1P1PR/R1BQKB2 w Qkq - 3 8,white,e2e4,55.0,0.1366399669564962,0,,30,teacher_candidate,tactics,,,
4761,tactics_0272,tactics,train,generated_0095,r1bqk1nr/p1pp2pp/n3pp2/1pbP4/7P/N4P1N/PPP1P1PR/R1BQKB2 w Qkq - 3 8,white,g2g4,38.0,0.0947152362861785,0,,30,teacher_candidate,tactics,,,
4761,tactics_0272,tactics,train,generated_0095,r1bqk1nr/p1pp2pp/n3pp2/1pbP4/7P/N4P1N/PPP1P1PR/R1BQKB2 w Qkq - 3 8,white,h3f2,-75.0,-0.1853331999081395,0,,30,teacher_candidate,tactics,,,
4761,tactics_0272,tactics,train,generated_0095,r1bqk1nr/p1pp2pp/n3pp2/1pbP4/7P/N4P1N/PPP1P1PR/R1BQKB2 w Qkq - 3 8,white,d1d4,-932.0,-0.9812446222746464,0,,30,teacher_candidate,tactics,,,
2645,tactics_0273,tactics,train,generated_0052,r1bk1bnr/1p2pp1p/p5p1/2Pp3Q/1P1P3P/4P3/R2P1PP1/1NB1KBNR b K - 1 10,black,g6h5,-824.0,-0.9680303033155948,1,,24,teacher_candidate,tactics,,,
2645,tactics_0273,tactics,train,generated_0052,r1bk1bnr/1p2pp1p/p5p1/2Pp3Q/1P1P3P/4P3/R2P1PP1/1NB1KBNR b K - 1 10,black,f7f5,-844.0,-0.9710285520050662,0,,24,teacher_candidate,tactics,,,
2645,tactics_0273,tactics,train,generated_0052,r1bk1bnr/1p2pp1p/p5p1/2Pp3Q/1P1P3P/4P3/R2P1PP1/1NB1KBNR b K - 1 10,black,e7e6,-856.0,-0.9726926818052982,0,,24,teacher_candidate,tactics,,,
2645,tactics_0273,tactics,train,generated_0052,r1bk1bnr/1p2pp1p/p5p1/2Pp3Q/1P1P3P/4P3/R2P1PP1/1NB1KBNR b K - 1 10,black,f7f6,-1119.0,-0.9925947222981364,0,,24,teacher_candidate,tactics,,,
2645,tactics_0273,tactics,train,generated_0052,r1bk1bnr/1p2pp1p/p5p1/2Pp3Q/1P1P3P/4P3/R2P1PP1/1NB1KBNR b K - 1 10,black,b7b5,-1379.0,-0.9979763756524948,0,,24,teacher_candidate,tactics,,,
2171,tactics_0274,tactics,train,generated_0043,rnbqkb1r/p1pppn1p/8/1p6/5Bp1/N2P4/PPP1PK1P/R2Q1BNR b kq - 0 8,black,e7e5,501.0,0.8489831921189297,1,,23,teacher_candidate,tactics,,,
2171,tactics_0274,tactics,train,generated_0043,rnbqkb1r/p1pppn1p/8/1p6/5Bp1/N2P4/PPP1PK1P/R2Q1BNR b kq - 0 8,black,c8b7,426.0,0.7875700166496489,0,,23,teacher_candidate,tactics,,,
2171,tactics_0274,tactics,train,generated_0043,rnbqkb1r/p1pppn1p/8/1p6/5Bp1/N2P4/PPP1PK1P/R2Q1BNR b kq - 0 8,black,a7a6,362.0,0.7187237485317317,0,,23,teacher_candidate,tactics,,,
2171,tactics_0274,tactics,train,generated_0043,rnbqkb1r/p1pppn1p/8/1p6/5Bp1/N2P4/PPP1PK1P/R2Q1BNR b kq - 0 8,black,b8c6,233.0,0.5244801068542184,0,,23,teacher_candidate,tactics,,,
2171,tactics_0274,tactics,train,generated_0043,rnbqkb1r/p1pppn1p/8/1p6/5Bp1/N2P4/PPP1PK1P/R2Q1BNR b kq - 0 8,black,f7e5,-265.0,-0.5800247468527949,0,,23,teacher_candidate,tactics,,,
3555,tactics_0275,tactics,train,generated_0071,r1bqkb2/ppp2ppr/2n1pn2/3p3p/2P2P1P/4PNP1/PP1P4/RNBQKB1R w Qq - 0 10,white,b1c3,31.0,0.0773452104130159,1,,31,teacher_candidate,tactics,,,
3555,tactics_0275,tactics,train,generated_0071,r1bqkb2/ppp2ppr/2n1pn2/3p3p/2P2P1P/4PNP1/PP1P4/RNBQKB1R w Qq - 0 10,white,d2d4,24.0,0.0599281035291434,0,,31,teacher_candidate,tactics,,,
3555,tactics_0275,tactics,train,generated_0071,r1bqkb2/ppp2ppr/2n1pn2/3p3p/2P2P1P/4PNP1/PP1P4/RNBQKB1R w Qq - 0 10,white,f3g5,19.0,0.0474643082531221,0,,31,teacher_candidate,tactics,,,
3555,tactics_0275,tactics,train,generated_0071,r1bqkb2/ppp2ppr/2n1pn2/3p3p/2P2P1P/4PNP1/PP1P4/RNBQKB1R w Qq - 0 10,white,a2a4,-71.0,-0.1756590769650228,0,,31,teacher_candidate,tactics,,,
3555,tactics_0275,tactics,train,generated_0071,r1bqkb2/ppp2ppr/2n1pn2/3p3p/2P2P1P/4PNP1/PP1P4/RNBQKB1R w Qq - 0 10,white,f3d4,-386.0,-0.7464988397557184,0,,31,teacher_candidate,tactics,,,
1253,tactics_0276,tactics,train,generated_0025,rnbqkbr1/pp1ppp1p/2p5/8/3P1p2/1PP2N2/P3PnPP/RN1QKBR1 w Qq - 0 8,white,e1f2,-300.0,-0.6351489523872873,1,,24,teacher_candidate,tactics,,,
1253,tactics_0276,tactics,train,generated_0025,rnbqkbr1/pp1ppp1p/2p5/8/3P1p2/1PP2N2/P3PnPP/RN1QKBR1 w Qq - 0 8,white,d1c2,-311.0,-0.6512694287651738,0,,24,teacher_candidate,tactics,,,
1253,tactics_0276,tactics,train,generated_0025,rnbqkbr1/pp1ppp1p/2p5/8/3P1p2/1PP2N2/P3PnPP/RN1QKBR1 w Qq - 0 8,white,d1c1,-492.0,-0.8425793256589296,0,,24,teacher_candidate,tactics,,,
1253,tactics_0276,tactics,train,generated_0025,rnbqkbr1/pp1ppp1p/2p5/8/3P1p2/1PP2N2/P3PnPP/RN1QKBR1 w Qq - 0 8,white,f3g5,-899.0,-0.977917186331458,0,,24,teacher_candidate,tactics,,,
1253,tactics_0276,tactics,train,generated_0025,rnbqkbr1/pp1ppp1p/2p5/8/3P1p2/1PP2N2/P3PnPP/RN1QKBR1 w Qq - 0 8,white,e2e3,-1051.0,-0.9896115491155476,0,,24,teacher_candidate,tactics,,,
4617,tactics_0277,tactics,train,generated_0092,rnbqkbnr/2p1ppp1/p7/1p1p2Pp/4P2P/NP1P3R/P1P1QP2/R1BK1BN1 b kq - 0 10,black,c8g4,95.0,0.2331330090426386,1,,27,teacher_candidate,tactics,,,
4617,tactics_0277,tactics,train,generated_0092,rnbqkbnr/2p1ppp1/p7/1p1p2Pp/4P2P/NP1P3R/P1P1QP2/R1BK1BN1 b kq - 0 10,black,e7e5,83.0,0.2045723537772613,0,,27,teacher_candidate,tactics,,,
4617,tactics_0277,tactics,train,generated_0092,rnbqkbnr/2p1ppp1/p7/1p1p2Pp/4P2P/NP1P3R/P1P1QP2/R1BK1BN1 b kq - 0 10,black,b5b4,72.0,0.1780808681173302,0,,27,teacher_candidate,tactics,,,
4617,tactics_0277,tactics,train,generated_0092,rnbqkbnr/2p1ppp1/p7/1p1p2Pp/4P2P/NP1P3R/P1P1QP2/R1BK1BN1 b kq - 0 10,black,a6a5,-88.0,-0.2165180614930288,0,,27,teacher_candidate,tactics,,,
4617,tactics_0277,tactics,train,generated_0092,rnbqkbnr/2p1ppp1/p7/1p1p2Pp/4P2P/NP1P3R/P1P1QP2/R1BK1BN1 b kq - 0 10,black,c8f5,-852.0,-0.9721487193869992,0,,27,teacher_candidate,tactics,,,
1623,tactics_0278,tactics,train,generated_0032,rnbqk1n1/1ppp1p1r/p2bp1p1/4P2p/P3QP2/7P/1PPP2P1/RNB1KBNR w KQq - 2 8,white,e5d6,664.0,0.9302171829365264,1,,39,teacher_candidate,tactics,,,
1623,tactics_0278,tactics,train,generated_0032,rnbqk1n1/1ppp1p1r/p2bp1p1/4P2p/P3QP2/7P/1PPP2P1/RNB1KBNR w KQq - 2 8,white,g1f3,160.0,0.3799489622552249,0,,39,teacher_candidate,tactics,,,
1623,tactics_0278,tactics,train,generated_0032,rnbqk1n1/1ppp1p1r/p2bp1p1/4P2p/P3QP2/7P/1PPP2P1/RNB1KBNR w KQq - 2 8,white,b1c3,157.0,0.3735134532878035,0,,39,teacher_candidate,tactics,,,
1623,tactics_0278,tactics,train,generated_0032,rnbqk1n1/1ppp1p1r/p2bp1p1/4P2p/P3QP2/7P/1PPP2P1/RNB1KBNR w KQq - 2 8,white,g2g4,17.0,0.0424744299325481,0,,39,teacher_candidate,tactics,,,
1623,tactics_0278,tactics,train,generated_0032,rnbqk1n1/1ppp1p1r/p2bp1p1/4P2p/P3QP2/7P/1PPP2P1/RNB1KBNR w KQq - 2 8,white,e4c6,-799.0,-0.9638505266716332,0,,39,teacher_candidate,tactics,,,
2465,tactics_0279,tactics,train,generated_0049,r2qkbnr/p3p2p/n3b3/1ppp1pp1/PP2PPQ1/8/2PP2PP/RNB1KBNR w Kkq - 0 8,white,g4h5,794.0,0.9629523500734012,1,,39,teacher_candidate,tactics,,,
2465,tactics_0279,tactics,train,generated_0049,r2qkbnr/p3p2p/n3b3/1ppp1pp1/PP2PPQ1/8/2PP2PP/RNB1KBNR w Kkq - 0 8,white,f1b5,556.0,0.8831708889152075,0,,39,teacher_candidate,tactics,,,
2465,tactics_0279,tactics,train,generated_0049,r2qkbnr/p3p2p/n3b3/1ppp1pp1/PP2PPQ1/8/2PP2PP/RNB1KBNR w Kkq - 0 8,white,e4f5,331.0,0.6791313403693489,0,,39,teacher_candidate,tactics,,,
2465,tactics_0279,tactics,train,generated_0049,r2qkbnr/p3p2p/n3b3/1ppp1pp1/PP2PPQ1/8/2PP2PP/RNB1KBNR w Kkq - 0 8,white,c1a3,-784.0,-0.961089830863614,0,,39,teacher_candidate,tactics,,,
2465,tactics_0279,tactics,train,generated_0049,r2qkbnr/p3p2p/n3b3/1ppp1pp1/PP2PPQ1/8/2PP2PP/RNB1KBNR w Kkq - 0 8,white,e1e2,-1019.0,-0.9878200172196032,0,,39,teacher_candidate,tactics,,,
1396,tactics_0280,tactics,train,generated_0027,r1bqkbr1/pppppp1p/n4np1/8/Q1B1P2P/2P5/PP1P1PP1/RNB1K1NR b KQq - 8 7,black,a6c5,111.0,0.2705896986456141,1,,21,teacher_candidate,tactics,,,
1396,tactics_0280,tactics,train,generated_0027,r1bqkbr1/pppppp1p/n4np1/8/Q1B1P2P/2P5/PP1P1PP1/RNB1K1NR b KQq - 8 7,black,f6e4,52.0,0.1292725836060583,0,,21,teacher_candidate,tactics,,,
1396,tactics_0280,tactics,train,generated_0027,r1bqkbr1/pppppp1p/n4np1/8/Q1B1P2P/2P5/PP1P1PP1/RNB1K1NR b KQq - 8 7,black,e7e5,28.0,0.0698858903164289,0,,21,teacher_candidate,tactics,,,
1396,tactics_0280,tactics,train,generated_0027,r1bqkbr1/pppppp1p/n4np1/8/Q1B1P2P/2P5/PP1P1PP1/RNB1K1NR b KQq - 8 7,black,f6h5,-56.0,-0.139092447878458,0,,21,teacher_candidate,tactics,,,
1396,tactics_0280,tactics,train,generated_0027,r1bqkbr1/pppppp1p/n4np1/8/Q1B1P2P/2P5/PP1P1PP1/RNB1K1NR b KQq - 8 7,black,f6d5,-738.0,-0.9512728113694444,0,,21,teacher_candidate,tactics,,,
3447,tactics_0281,tactics,train,generated_0068,rnbqkb1r/p2pp1pp/1p5n/2p2p2/P4P2/N5PN/1PPPP2P/R1BQKB1R w KQkq - 0 7,white,f1g2,122.0,0.2958816041613004,1,,21,teacher_candidate,tactics,,,
3447,tactics_0281,tactics,train,generated_0068,rnbqkb1r/p2pp1pp/1p5n/2p2p2/P4P2/N5PN/1PPPP2P/R1BQKB1R w KQkq - 0 7,white,e2e4,72.0,0.1780808681173302,0,,21,teacher_candidate,tactics,,,
3447,tactics_0281,tactics,train,generated_0068,rnbqkb1r/p2pp1pp/1p5n/2p2p2/P4P2/N5PN/1PPPP2P/R1BQKB1R w KQkq - 0 7,white,d2d4,55.0,0.1366399669564962,0,,21,teacher_candidate,tactics,,,
3447,tactics_0281,tactics,train,generated_0068,rnbqkb1r/p2pp1pp/1p5n/2p2p2/P4P2/N5PN/1PPPP2P/R1BQKB1R w KQkq - 0 7,white,c2c4,-5.0,-0.0124993489990208,0,,21,teacher_candidate,tactics,,,
3447,tactics_0281,tactics,train,generated_0068,rnbqkb1r/p2pp1pp/1p5n/2p2p2/P4P2/N5PN/1PPPP2P/R1BQKB1R w KQkq - 0 7,white,g3g4,-146.0,-0.349610545164627,0,,21,teacher_candidate,tactics,,,
2000,tactics_0282,tactics,train,generated_0040,1Qbq3r/p2pkpb1/4pn2/1pp3pp/3P4/P1N5/1PP1PPPP/1RB1KBNR w K - 0 10,white,c1g5,992.0,0.9860718216444758,1,,39,teacher_candidate,tactics,,,
2000,tactics_0282,tactics,train,generated_0040,1Qbq3r/p2pkpb1/4pn2/1pp3pp/3P4/P1N5/1PP1PPPP/1RB1KBNR w K - 0 10,white,d4d5,967.0,0.984231927309232,0,,39,teacher_candidate,tactics,,,
2000,tactics_0282,tactics,train,generated_0040,1Qbq3r/p2pkpb1/4pn2/1pp3pp/3P4/P1N5/1PP1PPPP/1RB1KBNR w K - 0 10,white,g1f3,953.0,0.9830982750282368,0,,39,teacher_candidate,tactics,,,
2000,tactics_0282,tactics,train,generated_0040,1Qbq3r/p2pkpb1/4pn2/1pp3pp/3P4/P1N5/1PP1PPPP/1RB1KBNR w K - 0 10,white,c1f4,817.0,0.966910392445867,0,,39,teacher_candidate,tactics,,,
2000,tactics_0282,tactics,train,generated_0040,1Qbq3r/p2pkpb1/4pn2/1pp3pp/3P4/P1N5/1PP1PPPP/1RB1KBNR w K - 0 10,white,b8b7,-540.0,-0.874053287886007,0,,39,teacher_candidate,tactics,,,
2170,tactics_0283,tactics,train,generated_0043,rnb1k1nr/p1p2ppp/1p2p3/3p2PP/5q2/P4N2/P1PPPP1R/RNBQKB2 b Qkq - 0 8,black,f4f3,-582.0,-0.8966771290678304,1,,41,teacher_candidate,tactics,,,
2170,tactics_0283,tactics,train,generated_0043,rnb1k1nr/p1p2ppp/1p2p3/3p2PP/5q2/P4N2/P1PPPP1R/RNBQKB2 b Qkq - 0 8,black,b8d7,-637.0,-0.920531764576771,0,,41,teacher_candidate,tactics,,,
2170,tactics_0283,tactics,train,generated_0043,rnb1k1nr/p1p2ppp/1p2p3/3p2PP/5q2/P4N2/P1PPPP1R/RNBQKB2 b Qkq - 0 8,black,e6e5,-664.0,-0.9302171829365264,0,,41,teacher_candidate,tactics,,,
2170,tactics_0283,tactics,train,generated_0043,rnb1k1nr/p1p2ppp/1p2p3/3p2PP/5q2/P4N2/P1PPPP1R/RNBQKB2 b Qkq - 0 8,black,b8a6,-761.0,-0.9564509720670356,0,,41,teacher_candidate,tactics,,,
2170,tactics_0283,tactics,train,generated_0043,rnb1k1nr/p1p2ppp/1p2p3/3p2PP/5q2/P4N2/P1PPPP1R/RNBQKB2 b Qkq - 0 8,black,f4h4,-1057.0,-0.9899170263755858,0,,41,teacher_candidate,tactics,,,
1471,tactics_0284,tactics,train,generated_0029,r1bk1b1r/p3ppp1/nq3n1p/1QP5/3p2P1/N3PP2/P1PPN2P/R1B1KB1R b KQ - 0 10,black,b6b5,-187.0,-0.4361771503666996,1,,37,teacher_candidate,tactics,,,
1471,tactics_0284,tactics,train,generated_0029,r1bk1b1r/p3ppp1/nq3n1p/1QP5/3p2P1/N3PP2/P1PPN2P/R1B1KB1R b KQ - 0 10,black,a6c5,-338.0,-0.6884483197525052,0,,37,teacher_candidate,tactics,,,
1471,tactics_0284,tactics,train,generated_0029,r1bk1b1r/p3ppp1/nq3n1p/1QP5/3p2P1/N3PP2/P1PPN2P/R1B1KB1R b KQ - 0 10,black,b6c5,-392.0,-0.753065904869552,0,,37,teacher_candidate,tactics,,,
1471,tactics_0284,tactics,train,generated_0029,r1bk1b1r/p3ppp1/nq3n1p/1QP5/3p2P1/N3PP2/P1PPN2P/R1B1KB1R b KQ - 0 10,black,f6d5,-942.0,-0.9821511695831372,0,,37,teacher_candidate,tactics,,,
1471,tactics_0284,tactics,train,generated_0029,r1bk1b1r/p3ppp1/nq3n1p/1QP5/3p2P1/N3PP2/P1PPN2P/R1B1KB1R b KQ - 0 10,black,f6h7,-1088.0,-0.9913585329601762,0,,37,teacher_candidate,tactics,,,
2422,tactics_0285,tactics,train,generated_0048,r1bqkb1r/pp1pp1pp/n1p5/5p2/PP6/R2P1P1B/2PN1P1P/2BQK1NR b Kkq - 1 8,black,e7e5,-182.0,-0.4260003255045633,1,,22,teacher_candidate,tactics,,,
2422,tactics_0285,tactics,train,generated_0048,r1bqkb1r/pp1pp1pp/n1p5/5p2/PP6/R2P1P1B/2PN1P1P/2BQK1NR b Kkq - 1 8,black,e7e6,-232.0,-0.5226654296858209,0,,22,teacher_candidate,tactics,,,
2422,tactics_0285,tactics,train,generated_0048,r1bqkb1r/pp1pp1pp/n1p5/5p2/PP6/R2P1P1B/2PN1P1P/2BQK1NR b Kkq - 1 8,black,a6b4,-293.0,-0.6245924416209736,0,,22,teacher_candidate,tactics,,,
2422,tactics_0285,tactics,train,generated_0048,r1bqkb1r/pp1pp1pp/n1p5/5p2/PP6/R2P1P1B/2PN1P1P/2BQK1NR b Kkq - 1 8,black,d7d6,-458.0,-0.8160909001379913,0,,22,teacher_candidate,tactics,,,
2422,tactics_0285,tactics,train,generated_0048,r1bqkb1r/pp1pp1pp/n1p5/5p2/PP6/R2P1P1B/2PN1P1P/2BQK1NR b Kkq - 1 8,black,a6c5,-935.0,-0.9815212735525424,0,,22,teacher_candidate,tactics,,,
2435,tactics_0286,tactics,train,generated_0048,1rb2bnr/pppk1ppp/3p1q2/4p2P/2P2P2/3P4/nP2PKPN/RNBQ1B1R w - - 0 9,white,a1a2,590.0,0.9005269768828865,1,,29,teacher_candidate,tactics,,,
2435,tactics_0286,tactics,train,generated_0048,1rb2bnr/pppk1ppp/3p1q2/4p2P/2P2P2/3P4/nP2PKPN/RNBQ1B1R w - - 0 9,white,d1a4,451.0,0.8101619061641351,0,,29,teacher_candidate,tactics,,,
2435,tactics_0286,tactics,train,generated_0048,1rb2bnr/pppk1ppp/3p1q2/4p2P/2P2P2/3P4/nP2PKPN/RNBQ1B1R w - - 0 9,white,h2g4,205.0,0.4718907878542969,0,,29,teacher_candidate,tactics,,,
2435,tactics_0286,tactics,train,generated_0048,1rb2bnr/pppk1ppp/3p1q2/4p2P/2P2P2/3P4/nP2PKPN/RNBQ1B1R w - - 0 9,white,f4f5,-148.0,-0.3539917124770459,0,,29,teacher_candidate,tactics,,,
2435,tactics_0286,tactics,train,generated_0048,1rb2bnr/pppk1ppp/3p1q2/4p2P/2P2P2/3P4/nP2PKPN/RNBQ1B1R w - - 0 9,white,f2e3,-99999.0,-1.0,0,,29,teacher_candidate,tactics,,,
1006,tactics_0287,tactics,train,generated_0020,rn2kb1r/1bpq1ppp/3p3n/pp2p1N1/1P6/P1N5/1BPPPPPP/R2QKB1R w KQkq - 1 8,white,d2d4,-20.0,-0.0499583749578799,1,,31,teacher_candidate,tactics,,,
1006,tactics_0287,tactics,train,generated_0020,rn2kb1r/1bpq1ppp/3p3n/pp2p1N1/1P6/P1N5/1BPPPPPP/R2QKB1R w KQkq - 1 8,white,e2e4,-25.0,-0.0624187467475125,0,,31,teacher_candidate,tactics,,,
1006,tactics_0287,tactics,train,generated_0020,rn2kb1r/1bpq1ppp/3p3n/pp2p1N1/1P6/P1N5/1BPPPPPP/R2QKB1R w KQkq - 1 8,white,e2e3,-41.0,-0.1021425386146839,0,,31,teacher_candidate,tactics,,,
1006,tactics_0287,tactics,train,generated_0020,rn2kb1r/1bpq1ppp/3p3n/pp2p1N1/1P6/P1N5/1BPPPPPP/R2QKB1R w KQkq - 1 8,white,a1a2,-150.0,-0.3583573983507859,0,,31,teacher_candidate,tactics,,,
1006,tactics_0287,tactics,train,generated_0020,rn2kb1r/1bpq1ppp/3p3n/pp2p1N1/1P6/P1N5/1BPPPPPP/R2QKB1R w KQkq - 1 8,white,g2g4,-834.0,-0.9695657575826874,0,,31,teacher_candidate,tactics,,,
3018,tactics_0288,tactics,train,generated_0060,rnb2bn1/pp1ppkp1/3q1p1r/7p/Pp1P2P1/5P1P/R1P1P3/1NBQKBNR w K - 1 10,white,e2e4,58.0,0.1439922658630372,1,,29,teacher_candidate,tactics,,,
3018,tactics_0288,tactics,train,generated_0060,rnb2bn1/pp1ppkp1/3q1p1r/7p/Pp1P2P1/5P1P/R1P1P3/1NBQKBNR w K - 1 10,white,c2c3,38.0,0.0947152362861785,0,,29,teacher_candidate,tactics,,,
3018,tactics_0288,tactics,train,generated_0060,rnb2bn1/pp1ppkp1/3q1p1r/7p/Pp1P2P1/5P1P/R1P1P3/1NBQKBNR w K - 1 10,white,c1h6,0.0,0.0,0,,29,teacher_candidate,tactics,,,
3018,tactics_0288,tactics,train,generated_0060,rnb2bn1/pp1ppkp1/3q1p1r/7p/Pp1P2P1/5P1P/R1P1P3/1NBQKBNR w K - 1 10,white,a2a1,-189.0,-0.4402170536009829,0,,29,teacher_candidate,tactics,,,
3018,tactics_0288,tactics,train,generated_0060,rnb2bn1/pp1ppkp1/3q1p1r/7p/Pp1P2P1/5P1P/R1P1P3/1NBQKBNR w K - 1 10,white,h1h2,-944.0,-0.9823271990787844,0,,29,teacher_candidate,tactics,,,
441,tactics_0289,tactics,train,generated_0008,r2qkbnr/p1p1pppp/npb5/3p4/1P1P1P2/P3B1P1/2P1P1BP/RN1QK1NR w KQkq - 1 8,white,c2c4,178.0,0.4177803451322399,1,,27,teacher_candidate,tactics,,,
441,tactics_0289,tactics,train,generated_0008,r2qkbnr/p1p1pppp/npb5/3p4/1P1P1P2/P3B1P1/2P1P1BP/RN1QK1NR w KQkq - 1 8,white,g1f3,156.0,0.3713602278765077,0,,27,teacher_candidate,tactics,,,
441,tactics_0289,tactics,train,generated_0008,r2qkbnr/p1p1pppp/npb5/3p4/1P1P1P2/P3B1P1/2P1P1BP/RN1QK1NR w KQkq - 1 8,white,d1d3,150.0,0.3583573983507859,0,,27,teacher_candidate,tactics,,,
441,tactics_0289,tactics,train,generated_0008,r2qkbnr/p1p1pppp/npb5/3p4/1P1P1P2/P3B1P1/2P1P1BP/RN1QK1NR w KQkq - 1 8,white,b1d2,58.0,0.1439922658630372,0,,27,teacher_candidate,tactics,,,
441,tactics_0289,tactics,train,generated_0008,r2qkbnr/p1p1pppp/npb5/3p4/1P1P1P2/P3B1P1/2P1P1BP/RN1QK1NR w KQkq - 1 8,white,g2d5,-608.0,-0.9086976584311126,0,,27,teacher_candidate,tactics,,,
1309,tactics_0290,tactics,train,generated_0026,1nbqk1nr/r1p1pp1p/p2p3b/6p1/1p3B2/N1PPPBP1/PP3P1P/R2QK1NR b KQk - 3 8,black,b4a3,770.0,0.9583273109626392,1,,29,teacher_candidate,tactics,,,
1309,tactics_0290,tactics,train,generated_0026,1nbqk1nr/r1p1pp1p/p2p3b/6p1/1p3B2/N1PPPBP1/PP3P1P/R2QK1NR b KQk - 3 8,black,g5f4,578.0,0.8946997631293941,0,,29,teacher_candidate,tactics,,,
1309,tactics_0290,tactics,train,generated_0026,1nbqk1nr/r1p1pp1p/p2p3b/6p1/1p3B2/N1PPPBP1/PP3P1P/R2QK1NR b KQk - 3 8,black,b4c3,512.0,0.8564849154724974,0,,29,teacher_candidate,tactics,,,
1309,tactics_0290,tactics,train,generated_0026,1nbqk1nr/r1p1pp1p/p2p3b/6p1/1p3B2/N1PPPBP1/PP3P1P/R2QK1NR b KQk - 3 8,black,b8d7,277.0,0.5995856436014414,0,,29,teacher_candidate,tactics,,,
1309,tactics_0290,tactics,train,generated_0026,1nbqk1nr/r1p1pp1p/p2p3b/6p1/1p3B2/N1PPPBP1/PP3P1P/R2QK1NR b KQk - 3 8,black,b8c6,-319.0,-0.6626368112043609,0,,29,teacher_candidate,tactics,,,
4882,tactics_0291,tactics,train,generated_0097,rnbq1b1r/p2ppk1p/2p2n2/1P4p1/5p2/2NPPP2/1PP3PP/R1BQKBNR b KQ - 1 8,black,e7e5,-158.0,-0.3756626611656808,1,,33,teacher_candidate,tactics,,,
4882,tactics_0291,tactics,train,generated_0097,rnbq1b1r/p2ppk1p/2p2n2/1P4p1/5p2/2NPPP2/1PP3PP/R1BQKBNR b KQ - 1 8,black,c6b5,-222.0,-0.5042582228791403,0,,33,teacher_candidate,tactics,,,
4882,tactics_0291,tactics,train,generated_0097,rnbq1b1r/p2ppk1p/2p2n2/1P4p1/5p2/2NPPP2/1PP3PP/R1BQKBNR b KQ - 1 8,black,f8g7,-276.0,-0.5979820004989412,0,,33,teacher_candidate,tactics,,,
4882,tactics_0291,tactics,train,generated_0097,rnbq1b1r/p2ppk1p/2p2n2/1P4p1/5p2/2NPPP2/1PP3PP/R1BQKBNR b KQ - 1 8,black,f7g8,-382.0,-0.7420382957075286,0,,33,teacher_candidate,tactics,,,
4882,tactics_0291,tactics,train,generated_0097,rnbq1b1r/p2ppk1p/2p2n2/1P4p1/5p2/2NPPP2/1PP3PP/R1BQKBNR b KQ - 1 8,black,f6e4,-1064.0,-0.9902621375124828,0,,33,teacher_candidate,tactics,,,
1930,tactics_0292,tactics,train,generated_0038,r1bqkbnr/p2ppppp/8/1p6/2pN1P1P/N1P5/PP1PP1P1/nRBQKB1R b Kkq - 1 8,black,e7e5,-463.0,-0.820223473492082,1,,23,teacher_candidate,tactics,,,
1930,tactics_0292,tactics,train,generated_0038,r1bqkbnr/p2ppppp/8/1p6/2pN1P1P/N1P5/PP1PP1P1/nRBQKB1R b Kkq - 1 8,black,d8c7,-516.0,-0.8591265382143658,0,,23,teacher_candidate,tactics,,,
1930,tactics_0292,tactics,train,generated_0038,r1bqkbnr/p2ppppp/8/1p6/2pN1P1P/N1P5/PP1PP1P1/nRBQKB1R b Kkq - 1 8,black,g8f6,-539.0,-0.8734619197750799,0,,23,teacher_candidate,tactics,,,
1930,tactics_0292,tactics,train,generated_0038,r1bqkbnr/p2ppppp/8/1p6/2pN1P1P/N1P5/PP1PP1P1/nRBQKB1R b Kkq - 1 8,black,a7a5,-627.0,-0.9166271890919516,0,,23,teacher_candidate,tactics,,,
1930,tactics_0292,tactics,train,generated_0038,r1bqkbnr/p2ppppp/8/1p6/2pN1P1P/N1P5/PP1PP1P1/nRBQKB1R b Kkq - 1 8,black,a1b3,-858.0,-0.9729607207080608,0,,23,teacher_candidate,tactics,,,
4202,tactics_0293,tactics,train,generated_0084,rnb2bnr/p2p2p1/1qp1pk2/1B3p1p/Pp6/1P2PPN1/2PP2PP/RNBQK2R w - - 4 10,white,c1b2,250.0,0.5545997223493823,1,,32,teacher_candidate,tactics,,,
4202,tactics_0293,tactics,train,generated_0084,rnb2bnr/p2p2p1/1qp1pk2/1B3p1p/Pp6/1P2PPN1/2PP2PP/RNBQK2R w - - 4 10,white,b5c4,22.0,0.0549446086891874,0,,32,teacher_candidate,tactics,,,
4202,tactics_0293,tactics,train,generated_0084,rnb2bnr/p2p2p1/1qp1pk2/1B3p1p/Pp6/1P2PPN1/2PP2PP/RNBQK2R w - - 4 10,white,b5e2,22.0,0.0549446086891874,0,,32,teacher_candidate,tactics,,,
4202,tactics_0293,tactics,train,generated_0084,rnb2bnr/p2p2p1/1qp1pk2/1B3p1p/Pp6/1P2PPN1/2PP2PP/RNBQK2R w - - 4 10,white,h2h4,-579.0,-0.8951974297716623,0,,32,teacher_candidate,tactics,,,
4202,tactics_0293,tactics,train,generated_0084,rnb2bnr/p2p2p1/1qp1pk2/1B3p1p/Pp6/1P2PPN1/2PP2PP/RNBQK2R w - - 4 10,white,c1a3,-809.0,-0.9655832183699564,0,,32,teacher_candidate,tactics,,,
2191,tactics_0294,tactics,train,generated_0043,rnbqk3/p1ppnpp1/1p2r3/3p2Np/1b2Q2P/N7/PPPBPPP1/R3KB1R b KQq - 9 10,black,b4d2,975.0,0.9848455174642784,1,,33,teacher_candidate,tactics,,,
2191,tactics_0294,tactics,train,generated_0043,rnbqk3/p1ppnpp1/1p2r3/3p2Np/1b2Q2P/N7/PPPBPPP1/R3KB1R b KQq - 9 10,black,d5e4,851.0,0.972011067961144,0,,33,teacher_candidate,tactics,,,
2191,tactics_0294,tactics,train,generated_0043,rnbqk3/p1ppnpp1/1p2r3/3p2Np/1b2Q2P/N7/PPPBPPP1/R3KB1R b KQq - 9 10,black,e6e4,742.0,0.9522146211788344,0,,33,teacher_candidate,tactics,,,
2191,tactics_0294,tactics,train,generated_0043,rnbqk3/p1ppnpp1/1p2r3/3p2Np/1b2Q2P/N7/PPPBPPP1/R3KB1R b KQq - 9 10,black,e6f6,-671.0,-0.9325363724370656,0,,33,teacher_candidate,tactics,,,
2191,tactics_0294,tactics,train,generated_0043,rnbqk3/p1ppnpp1/1p2r3/3p2Np/1b2Q2P/N7/PPPBPPP1/R3KB1R b KQq - 9 10,black,c8b7,-824.0,-0.9680303033155948,0,,33,teacher_candidate,tactics,,,
878,tactics_0295,tactics,train,generated_0017,rnb1kbnr/2qpp2p/1pp2pp1/7P/p7/1P2PQP1/P1PP1P2/RNB1KBNR b KQkq - 1 8,black,a4b3,25.0,0.0624187467475125,1,,30,teacher_candidate,tactics,,,
878,tactics_0295,tactics,train,generated_0017,rnb1kbnr/2qpp2p/1pp2pp1/7P/p7/1P2PQP1/P1PP1P2/RNB1KBNR b KQkq - 1 8,black,g6g5,3.0,0.0074998593781639,0,,30,teacher_candidate,tactics,,,
878,tactics_0295,tactics,train,generated_0017,rnb1kbnr/2qpp2p/1pp2pp1/7P/p7/1P2PQP1/P1PP1P2/RNB1KBNR b KQkq - 1 8,black,b6b5,-16.0,-0.0399786803111635,0,,30,teacher_candidate,tactics,,,
878,tactics_0295,tactics,train,generated_0017,rnb1kbnr/2qpp2p/1pp2pp1/7P/p7/1P2PQP1/P1PP1P2/RNB1KBNR b KQkq - 1 8,black,d7d6,-224.0,-0.5079774328978962,0,,30,teacher_candidate,tactics,,,
878,tactics_0295,tactics,train,generated_0017,rnb1kbnr/2qpp2p/1pp2pp1/7P/p7/1P2PQP1/P1PP1P2/RNB1KBNR b KQkq - 1 8,black,c7f4,-1026.0,-0.9882364786381572,0,,30,teacher_candidate,tactics,,,
948,tactics_0296,tactics,train,generated_0018,rnbqkbn1/2p2pp1/3rp3/pp1p3p/P1PP1P2/6P1/RP1QP2P/1NB1KBNR b Kq - 1 9,black,b5c4,374.0,0.732916554933575,1,,35,teacher_candidate,tactics,,,
948,tactics_0296,tactics,train,generated_0018,rnbqkbn1/2p2pp1/3rp3/pp1p3p/P1PP1P2/6P1/RP1QP2P/1NB1KBNR b Kq - 1 9,black,d5c4,230.0,0.5190218338982221,0,,35,teacher_candidate,tactics,,,
948,tactics_0296,tactics,train,generated_0018,rnbqkbn1/2p2pp1/3rp3/pp1p3p/P1PP1P2/6P1/RP1QP2P/1NB1KBNR b Kq - 1 9,black,g8f6,189.0,0.4402170536009829,0,,35,teacher_candidate,tactics,,,
948,tactics_0296,tactics,train,generated_0018,rnbqkbn1/2p2pp1/3rp3/pp1p3p/P1PP1P2/6P1/RP1QP2P/1NB1KBNR b Kq - 1 9,black,b8a6,-120.0,-0.2913126124515909,0,,35,teacher_candidate,tactics,,,
948,tactics_0296,tactics,train,generated_0018,rnbqkbn1/2p2pp1/3rp3/pp1p3p/P1PP1P2/6P1/RP1QP2P/1NB1KBNR b Kq - 1 9,black,d8h4,-944.0,-0.9823271990787844,0,,35,teacher_candidate,tactics,,,
301,tactics_0297,tactics,train,generated_0006,rnq1kbnr/p2pp1p1/b7/2p2p1p/PB1QPP2/1P6/2PP2PP/RN2KBNR w KQ - 0 10,white,d4c5,163.0,0.3863478986519003,1,,41,teacher_candidate,tactics,,,
301,tactics_0297,tactics,train,generated_0006,rnq1kbnr/p2pp1p1/b7/2p2p1p/PB1QPP2/1P6/2PP2PP/RN2KBNR w KQ - 0 10,white,b4c5,39.0,0.0971922171662686,0,,41,teacher_candidate,tactics,,,
301,tactics_0297,tactics,train,generated_0006,rnq1kbnr/p2pp1p1/b7/2p2p1p/PB1QPP2/1P6/2PP2PP/RN2KBNR w KQ - 0 10,white,d4d5,-183.0,-0.4280444535546033,0,,41,teacher_candidate,tactics,,,
301,tactics_0297,tactics,train,generated_0006,rnq1kbnr/p2pp1p1/b7/2p2p1p/PB1QPP2/1P6/2PP2PP/RN2KBNR w KQ - 0 10,white,e1f2,-967.0,-0.984231927309232,0,,41,teacher_candidate,tactics,,,
301,tactics_0297,tactics,train,generated_0006,rnq1kbnr/p2pp1p1/b7/2p2p1p/PB1QPP2/1P6/2PP2PP/RN2KBNR w KQ - 0 10,white,c2c4,-1062.0,-0.9901647516412794,0,,41,teacher_candidate,tactics,,,
154,tactics_0298,tactics,train,generated_0003,rnb1k1nr/pp1pbp1p/2pq4/4p1p1/1P3PP1/P1N4P/2PPP3/R1BQKBNR w KQkq - 1 7,white,f1g2,147.0,0.3518030554518814,1,,23,teacher_candidate,tactics,,,
154,tactics_0298,tactics,train,generated_0003,rnb1k1nr/pp1pbp1p/2pq4/4p1p1/1P3PP1/P1N4P/2PPP3/R1BQKBNR w KQkq - 1 7,white,e2e3,146.0,0.349610545164627,0,,23,teacher_candidate,tactics,,,
154,tactics_0298,tactics,train,generated_0003,rnb1k1nr/pp1pbp1p/2pq4/4p1p1/1P3PP1/P1N4P/2PPP3/R1BQKBNR w KQkq - 1 7,white,f4g5,145.0,0.3474141989090428,0,,23,teacher_candidate,tactics,,,
154,tactics_0298,tactics,train,generated_0003,rnb1k1nr/pp1pbp1p/2pq4/4p1p1/1P3PP1/P1N4P/2PPP3/R1BQKBNR w KQkq - 1 7,white,a1a2,-7.0,-0.0174982137604806,0,,23,teacher_candidate,tactics,,,
154,tactics_0298,tactics,train,generated_0003,rnb1k1nr/pp1pbp1p/2pq4/4p1p1/1P3PP1/P1N4P/2PPP3/R1BQKBNR w KQkq - 1 7,white,c3d5,-522.0,-0.8630047925513478,0,,23,teacher_candidate,tactics,,,
1547,tactics_0299,tactics,train,generated_0030,r1bqkbnr/p1p1pp1p/n7/1p1p4/7P/1P2Pp2/P1PPNPPR/RNB1KB2 w Qkq - 0 7,white,e2f4,-679.0,-0.9350958140215132,1,,24,teacher_candidate,tactics,,,
1547,tactics_0299,tactics,train,generated_0030,r1bqkbnr/p1p1pp1p/n7/1p1p4/7P/1P2Pp2/P1PPNPPR/RNB1KB2 w Qkq - 0 7,white,e2d4,-693.0,-0.939350675792384,0,,24,teacher_candidate,tactics,,,
1547,tactics_0299,tactics,train,generated_0030,r1bqkbnr/p1p1pp1p/n7/1p1p4/7P/1P2Pp2/P1PPNPPR/RNB1KB2 w Qkq - 0 7,white,g2f3,-734.0,-0.9503129117179926,0,,24,teacher_candidate,tactics,,,
1547,tactics_0299,tactics,train,generated_0030,r1bqkbnr/p1p1pp1p/n7/1p1p4/7P/1P2Pp2/P1PPNPPR/RNB1KB2 w Qkq - 0 7,white,a2a4,-1044.0,-0.9892435056523028,0,,24,teacher_candidate,tactics,,,
1547,tactics_0299,tactics,train,generated_0030,r1bqkbnr/p1p1pp1p/n7/1p1p4/7P/1P2Pp2/P1PPNPPR/RNB1KB2 w Qkq - 0 7,white,a2a3,-1197.0,-0.9949802034440008,0,,24,teacher_candidate,tactics,,,
110,tactics_0300,tactics,train,generated_0002,Qn1qkbnr/p1p1pppp/B2p4/8/4P3/P1P2P1N/1P1P2PP/RNBbK2R b KQk - 4 10,black,b8d7,-643.0,-0.922789736267539,1,,24,teacher_candidate,tactics,,,
110,tactics_0300,tactics,train,generated_0002,Qn1qkbnr/p1p1pppp/B2p4/8/4P3/P1P2P1N/1P1P2PP/RNBbK2R b KQk - 4 10,black,d1a4,-708.0,-0.9436094240597148,0,,24,teacher_candidate,tactics,,,
110,tactics_0300,tactics,train,generated_0002,Qn1qkbnr/p1p1pppp/B2p4/8/4P3/P1P2P1N/1P1P2PP/RNBbK2R b KQk - 4 10,black,c7c6,-797.0,-0.9634938499173732,0,,24,teacher_candidate,tactics,,,
110,tactics_0300,tactics,train,generated_0002,Qn1qkbnr/p1p1pppp/B2p4/8/4P3/P1P2P1N/1P1P2PP/RNBbK2R b KQk - 4 10,black,e8d7,-934.0,-0.9814295085966688,0,,24,teacher_candidate,tactics,,,
110,tactics_0300,tactics,train,generated_0002,Qn1qkbnr/p1p1pppp/B2p4/8/4P3/P1P2P1N/1P1P2PP/RNBbK2R b KQk - 4 10,black,f7f5,-1070.0,-0.9905485747952092,0,,24,teacher_candidate,tactics,,,
430,tactics_0301,tactics,train,generated_0008,1rbqkb1r/2ppp2p/2n2ppn/pp6/P2P3P/1QP4R/1P1KPPP1/RNB2BN1 b k - 1 8,black,d7d5,235.0,0.528095199594932,1,,23,teacher_candidate,tactics,,,
430,tactics_0301,tactics,train,generated_0008,1rbqkb1r/2ppp2p/2n2ppn/pp6/P2P3P/1QP4R/1P1KPPP1/RNB2BN1 b k - 1 8,black,e7e5,226.0,0.5116777981895941,0,,23,teacher_candidate,tactics,,,
430,tactics_0301,tactics,train,generated_0008,1rbqkb1r/2ppp2p/2n2ppn/pp6/P2P3P/1QP4R/1P1KPPP1/RNB2BN1 b k - 1 8,black,b5b4,211.0,0.4834677598628625,0,,23,teacher_candidate,tactics,,,
430,tactics_0301,tactics,train,generated_0008,1rbqkb1r/2ppp2p/2n2ppn/pp6/P2P3P/1QP4R/1P1KPPP1/RNB2BN1 b k - 1 8,black,d7d6,-35.0,-0.0872773744741577,0,,23,teacher_candidate,tactics,,,
430,tactics_0301,tactics,train,generated_0008,1rbqkb1r/2ppp2p/2n2ppn/pp6/P2P3P/1QP4R/1P1KPPP1/RNB2BN1 b k - 1 8,black,c6e5,-515.0,-0.8584703762877184,0,,23,teacher_candidate,tactics,,,
1204,tactics_0302,tactics,train,generated_0024,1nbqkb1r/rpp1p2p/3p3n/6p1/1pP1Pp2/P4PPB/2QP3P/RNB1K1NR w KQk - 0 9,white,c1b2,-21.0,-0.0524518187441374,1,,30,teacher_candidate,tactics,,,
1204,tactics_0302,tactics,train,generated_0024,1nbqkb1r/rpp1p2p/3p3n/6p1/1pP1Pp2/P4PPB/2QP3P/RNB1K1NR w KQk - 0 9,white,h3c8,-42.0,-0.1046158191486505,0,,30,teacher_candidate,tactics,,,
1204,tactics_0302,tactics,train,generated_0024,1nbqkb1r/rpp1p2p/3p3n/6p1/1pP1Pp2/P4PPB/2QP3P/RNB1K1NR w KQk - 0 9,white,g3f4,-68.0,-0.1683810458708147,0,,30,teacher_candidate,tactics,,,
1204,tactics_0302,tactics,train,generated_0024,1nbqkb1r/rpp1p2p/3p3n/6p1/1pP1Pp2/P4PPB/2QP3P/RNB1K1NR w KQk - 0 9,white,e1f2,-223.0,-0.5061201808426754,0,,30,teacher_candidate,tactics,,,
1204,tactics_0302,tactics,train,generated_0024,1nbqkb1r/rpp1p2p/3p3n/6p1/1pP1Pp2/P4PPB/2QP3P/RNB1K1NR w KQk - 0 9,white,c2c3,-1030.0,-0.9884680688821502,0,,30,teacher_candidate,tactics,,,
3806,tactics_0303,tactics,train,generated_0076,r1b1kb1r/1ppp1ppp/2nqpn2/p7/P1B1P1PP/1PN5/2PP1P2/R1BQK1NR b KQkq - 1 7,black,h7h5,12.0,0.0299910032388201,1,,38,teacher_candidate,tactics,,,
3806,tactics_0303,tactics,train,generated_0076,r1b1kb1r/1ppp1ppp/2nqpn2/p7/P1B1P1PP/1PN5/2PP1P2/R1BQK1NR b KQkq - 1 7,black,f6e4,-19.0,-0.0474643082531221,0,,38,teacher_candidate,tactics,,,
3806,tactics_0303,tactics,train,generated_0076,r1b1kb1r/1ppp1ppp/2nqpn2/p7/P1B1P1PP/1PN5/2PP1P2/R1BQK1NR b KQkq - 1 7,black,b7b6,-25.0,-0.0624187467475125,0,,38,teacher_candidate,tactics,,,
3806,tactics_0303,tactics,train,generated_0076,r1b1kb1r/1ppp1ppp/2nqpn2/p7/P1B1P1PP/1PN5/2PP1P2/R1BQK1NR b KQkq - 1 7,black,c6d4,-166.0,-0.3927098596476682,0,,38,teacher_candidate,tactics,,,
3806,tactics_0303,tactics,train,generated_0076,r1b1kb1r/1ppp1ppp/2nqpn2/p7/P1B1P1PP/1PN5/2PP1P2/R1BQK1NR b KQkq - 1 7,black,d6a3,-931.0,-0.9811514965427064,0,,38,teacher_candidate,tactics,,,
2766,tactics_0304,tactics,train,generated_0055,r1b1kNnr/1pp3pp/p1nppp2/8/7P/3P2q1/PPPBPPP1/RN1QKBR1 b Qkq - 0 8,black,g3h2,46.0,0.1144957091971111,1,,40,teacher_candidate,tactics,,,
2766,tactics_0304,tactics,train,generated_0055,r1b1kNnr/1pp3pp/p1nppp2/8/7P/3P2q1/PPPBPPP1/RN1QKBR1 b Qkq - 0 8,black,g3h4,-97.0,-0.2378557096003806,0,,40,teacher_candidate,tactics,,,
2766,tactics_0304,tactics,train,generated_0055,r1b1kNnr/1pp3pp/p1nppp2/8/7P/3P2q1/PPPBPPP1/RN1QKBR1 b Qkq - 0 8,black,g3g4,-159.0,-0.3778078359539092,0,,40,teacher_candidate,tactics,,,
2766,tactics_0304,tactics,train,generated_0055,r1b1kNnr/1pp3pp/p1nppp2/8/7P/3P2q1/PPPBPPP1/RN1QKBR1 b Qkq - 0 8,black,c6a5,-895.0,-0.9774761078852686,0,,40,teacher_candidate,tactics,,,
2766,tactics_0304,tactics,train,generated_0055,r1b1kNnr/1pp3pp/p1nppp2/8/7P/3P2q1/PPPBPPP1/RN1QKBR1 b Qkq - 0 8,black,e8d8,-1010.0,-0.9872629689863688,0,,40,teacher_candidate,tactics,,,
2398,tactics_0305,tactics,train,generated_0047,r1bqkb2/pppp3r/n3p1pp/5p1n/3PP3/BPP5/P3BPPP/RN2K1NR w KQq - 2 9,white,e4f5,-513.0,-0.8571495748848095,1,,33,teacher_candidate,tactics,,,
2398,tactics_0305,tactics,train,generated_0047,r1bqkb2/pppp3r/n3p1pp/5p1n/3PP3/BPP5/P3BPPP/RN2K1NR w KQq - 2 9,white,g1f3,-566.0,-0.8885512041426692,0,,33,teacher_candidate,tactics,,,
2398,tactics_0305,tactics,train,generated_0047,r1bqkb2/pppp3r/n3p1pp/5p1n/3PP3/BPP5/P3BPPP/RN2K1NR w KQq - 2 9,white,e2h5,-576.0,-0.8936977272038725,0,,33,teacher_candidate,tactics,,,
2398,tactics_0305,tactics,train,generated_0047,r1bqkb2/pppp3r/n3p1pp/5p1n/3PP3/BPP5/P3BPPP/RN2K1NR w KQq - 2 9,white,a3d6,-919.0,-0.9799976268279698,0,,33,teacher_candidate,tactics,,,
2398,tactics_0305,tactics,train,generated_0047,r1bqkb2/pppp3r/n3p1pp/5p1n/3PP3/BPP5/P3BPPP/RN2K1NR w KQq - 2 9,white,a3b2,-990.0,-0.9859328256900096,0,,33,teacher_candidate,tactics,,,
1806,tactics_0306,tactics,train,generated_0036,rnbqkb1r/p2ppppp/1p3n2/1Np5/8/P1P1PP2/1P1PQ1PP/R1B1KBNR b KQkq - 0 7,black,a7a6,72.0,0.1780808681173302,1,,22,teacher_candidate,tactics,,,
1806,tactics_0306,tactics,train,generated_0036,rnbqkb1r/p2ppppp/1p3n2/1Np5/8/P1P1PP2/1P1PQ1PP/R1B1KBNR b KQkq - 0 7,black,e7e6,44.0,0.1095584702144295,0,,22,teacher_candidate,tactics,,,
1806,tactics_0306,tactics,train,generated_0036,rnbqkb1r/p2ppppp/1p3n2/1Np5/8/P1P1PP2/1P1PQ1PP/R1B1KBNR b KQkq - 0 7,black,g7g6,42.0,0.1046158191486505,0,,22,teacher_candidate,tactics,,,
1806,tactics_0306,tactics,train,generated_0036,rnbqkb1r/p2ppppp/1p3n2/1Np5/8/P1P1PP2/1P1PQ1PP/R1B1KBNR b KQkq - 0 7,black,b8a6,-41.0,-0.1021425386146839,0,,22,teacher_candidate,tactics,,,
1806,tactics_0306,tactics,train,generated_0036,rnbqkb1r/p2ppppp/1p3n2/1Np5/8/P1P1PP2/1P1PQ1PP/R1B1KBNR b KQkq - 0 7,black,d8c7,-1174.0,-0.994370145697554,0,,22,teacher_candidate,tactics,,,
8,tactics_0307,tactics,train,generated_0000,1nbqk1nr/3p1pp1/rQ1bp2p/p1p5/2P1PPP1/P6N/1P1PK2P/RNB2B1R b k - 0 9,black,d8b6,802.0,0.9643791367189491,1,,28,teacher_candidate,tactics,,,
8,tactics_0307,tactics,train,generated_0000,1nbqk1nr/3p1pp1/rQ1bp2p/p1p5/2P1PPP1/P6N/1P1PK2P/RNB2B1R b k - 0 9,black,a6b6,598.0,0.9042406203001624,0,,28,teacher_candidate,tactics,,,
8,tactics_0307,tactics,train,generated_0000,1nbqk1nr/3p1pp1/rQ1bp2p/p1p5/2P1PPP1/P6N/1P1PK2P/RNB2B1R b k - 0 9,black,d8h4,293.0,0.6245924416209736,0,,28,teacher_candidate,tactics,,,
8,tactics_0307,tactics,train,generated_0000,1nbqk1nr/3p1pp1/rQ1bp2p/p1p5/2P1PPP1/P6N/1P1PK2P/RNB2B1R b k - 0 9,black,e6e5,-13.0,-0.0324885621241449,0,,28,teacher_candidate,tactics,,,
8,tactics_0307,tactics,train,generated_0000,1nbqk1nr/3p1pp1/rQ1bp2p/p1p5/2P1PPP1/P6N/1P1PK2P/RNB2B1R b k - 0 9,black,e8f8,-99999.0,-1.0,0,,28,teacher_candidate,tactics,,,
2706,tactics_0308,tactics,train,generated_0054,rnb1kbnr/p1pp1p2/8/1p2p1qp/1P1PP3/7N/P1PB2PP/RN1QKB1R w KQkq - 0 8,white,d2g5,908.0,0.9788786239267536,1,,31,teacher_candidate,tactics,,,
2706,tactics_0308,tactics,train,generated_0054,rnb1kbnr/p1pp1p2/8/1p2p1qp/1P1PP3/7N/P1PB2PP/RN1QKB1R w KQkq - 0 8,white,h3g5,854.0,0.9724220229877168,0,,31,teacher_candidate,tactics,,,
2706,tactics_0308,tactics,train,generated_0054,rnb1kbnr/p1pp1p2/8/1p2p1qp/1P1PP3/7N/P1PB2PP/RN1QKB1R w KQkq - 0 8,white,b1a3,568.0,0.8895989244341314,0,,31,teacher_candidate,tactics,,,
2706,tactics_0308,tactics,train,generated_0054,rnb1kbnr/p1pp1p2/8/1p2p1qp/1P1PP3/7N/P1PB2PP/RN1QKB1R w KQkq - 0 8,white,d1c1,43.0,0.1070878063022365,0,,31,teacher_candidate,tactics,,,
2706,tactics_0308,tactics,train,generated_0054,rnb1kbnr/p1pp1p2/8/1p2p1qp/1P1PP3/7N/P1PB2PP/RN1QKB1R w KQkq - 0 8,white,d1h5,-1040.0,-0.9890274022010992,0,,31,teacher_candidate,tactics,,,
4138,tactics_0309,tactics,train,generated_0082,r1b1kb1r/3pppp1/p1n4n/qp5p/P1p2P2/2PPP3/1P2NKPP/RNBQ1B1R w kq - 0 10,white,e2d4,-44.0,-0.1095584702144295,1,,28,teacher_candidate,tactics,,,
4138,tactics_0309,tactics,train,generated_0082,r1b1kb1r/3pppp1/p1n4n/qp5p/P1p2P2/2PPP3/1P2NKPP/RNBQ1B1R w kq - 0 10,white,h2h3,-54.0,-0.1341858099309086,0,,28,teacher_candidate,tactics,,,
4138,tactics_0309,tactics,train,generated_0082,r1b1kb1r/3pppp1/p1n4n/qp5p/P1p2P2/2PPP3/1P2NKPP/RNBQ1B1R w kq - 0 10,white,f2g1,-62.0,-0.1537705222640926,0,,28,teacher_candidate,tactics,,,
4138,tactics_0309,tactics,train,generated_0082,r1b1kb1r/3pppp1/p1n4n/qp5p/P1p2P2/2PPP3/1P2NKPP/RNBQ1B1R w kq - 0 10,white,e2g1,-152.0,-0.3627074675780511,0,,28,teacher_candidate,tactics,,,
4138,tactics_0309,tactics,train,generated_0082,r1b1kb1r/3pppp1/p1n4n/qp5p/P1p2P2/2PPP3/1P2NKPP/RNBQ1B1R w kq - 0 10,white,d1b3,-940.0,-0.9819734026943044,0,,28,teacher_candidate,tactics,,,
3293,tactics_0310,tactics,train,generated_0065,r1b1kbnr/p2pp2p/n1p3p1/1p3pP1/8/2qPP3/PPP2P1P/R1BQKBNR w KQkq - 0 9,white,b2c3,646.0,0.9238955058580158,1,,4,teacher_candidate,tactics,,,
3293,tactics_0310,tactics,train,generated_0065,r1b1kbnr/p2pp2p/n1p3p1/1p3pP1/8/2qPP3/PPP2P1P/R1BQKBNR w KQkq - 0 9,white,c1d2,-542.0,-0.8752282972400112,0,,4,teacher_candidate,tactics,,,
3293,tactics_0310,tactics,train,generated_0065,r1b1kbnr/p2pp2p/n1p3p1/1p3pP1/8/2qPP3/PPP2P1P/R1BQKBNR w KQkq - 0 9,white,e1e2,-571.0,-0.8911531288062178,0,,4,teacher_candidate,tactics,,,
3293,tactics_0310,tactics,train,generated_0065,r1b1kbnr/p2pp2p/n1p3p1/1p3pP1/8/2qPP3/PPP2P1P/R1BQKBNR w KQkq - 0 9,white,d1d2,-658.0,-0.9281683082344766,0,,4,teacher_candidate,tactics,,,
1711,tactics_0311,tactics,train,generated_0034,rn1qkbn1/pbp1pppr/8/1p5p/3pP2P/PP3QP1/2PP1P2/RNB1KBNR w KQq - 0 7,white,f1b5,179.0,0.4198418366689064,1,,34,teacher_candidate,tactics,,,
1711,tactics_0311,tactics,train,generated_0034,rn1qkbn1/pbp1pppr/8/1p5p/3pP2P/PP3QP1/2PP1P2/RNB1KBNR w KQq - 0 7,white,d2d3,83.0,0.2045723537772613,0,,34,teacher_candidate,tactics,,,
1711,tactics_0311,tactics,train,generated_0034,rn1qkbn1/pbp1pppr/8/1p5p/3pP2P/PP3QP1/2PP1P2/RNB1KBNR w KQq - 0 7,white,f3f5,79.0,0.1949715316540321,0,,34,teacher_candidate,tactics,,,
1711,tactics_0311,tactics,train,generated_0034,rn1qkbn1/pbp1pppr/8/1p5p/3pP2P/PP3QP1/2PP1P2/RNB1KBNR w KQq - 0 7,white,f1d3,-40.0,-0.0996679946249558,0,,34,teacher_candidate,tactics,,,
1711,tactics_0311,tactics,train,generated_0034,rn1qkbn1/pbp1pppr/8/1p5p/3pP2P/PP3QP1/2PP1P2/RNB1KBNR w KQq - 0 7,white,f3e3,-1058.0,-0.989967063142952,0,,34,teacher_candidate,tactics,,,
4235,tactics_0312,tactics,train,generated_0084,r1bqkbnN/ppp1p1pp/8/3pn3/1P3p2/N7/P1PPPPPP/R1BQKB1R w KQq - 0 7,white,c1b2,718.0,0.9462857624303808,1,,20,teacher_candidate,tactics,,,
4235,tactics_0312,tactics,train,generated_0084,r1bqkbnN/ppp1p1pp/8/3pn3/1P3p2/N7/P1PPPPPP/R1BQKB1R w KQq - 0 7,white,d2d4,583.0,0.8971659575616286,0,,20,teacher_candidate,tactics,,,
4235,tactics_0312,tactics,train,generated_0084,r1bqkbnN/ppp1p1pp/8/3pn3/1P3p2/N7/P1PPPPPP/R1BQKB1R w KQq - 0 7,white,c2c3,485.0,0.8374278407728539,0,,20,teacher_candidate,tactics,,,
4235,tactics_0312,tactics,train,generated_0084,r1bqkbnN/ppp1p1pp/8/3pn3/1P3p2/N7/P1PPPPPP/R1BQKB1R w KQq - 0 7,white,h2h4,318.0,0.6612322061319627,0,,20,teacher_candidate,tactics,,,
4235,tactics_0312,tactics,train,generated_0084,r1bqkbnN/ppp1p1pp/8/3pn3/1P3p2/N7/P1PPPPPP/R1BQKB1R w KQq - 0 7,white,a3c4,-278.0,-0.601184486302663,0,,20,teacher_candidate,tactics,,,
1131,tactics_0313,tactics,train,generated_0022,1rbqkbnr/2ppp3/pp3ppp/2n3BP/3P4/1PP2P2/P3PKP1/RN1Q1BNR b k - 1 9,black,h6g5,193.0,0.4482435415416372,1,,23,teacher_candidate,tactics,,,
1131,tactics_0313,tactics,train,generated_0022,1rbqkbnr/2ppp3/pp3ppp/2n3BP/3P4/1PP2P2/P3PKP1/RN1Q1BNR b k - 1 9,black,f6g5,146.0,0.349610545164627,0,,23,teacher_candidate,tactics,,,
1131,tactics_0313,tactics,train,generated_0022,1rbqkbnr/2ppp3/pp3ppp/2n3BP/3P4/1PP2P2/P3PKP1/RN1Q1BNR b k - 1 9,black,c5e4,138.0,0.3319338535036404,0,,23,teacher_candidate,tactics,,,
1131,tactics_0313,tactics,train,generated_0022,1rbqkbnr/2ppp3/pp3ppp/2n3BP/3P4/1PP2P2/P3PKP1/RN1Q1BNR b k - 1 9,black,b6b5,-120.0,-0.2913126124515909,0,,23,teacher_candidate,tactics,,,
1131,tactics_0313,tactics,train,generated_0022,1rbqkbnr/2ppp3/pp3ppp/2n3BP/3P4/1PP2P2/P3PKP1/RN1Q1BNR b k - 1 9,black,c5d3,-342.0,-0.6936725684698276,0,,23,teacher_candidate,tactics,,,
828,tactics_0314,tactics,train,generated_0016,rnb1kb1r/pp1ppp1p/2p3pn/q7/8/2NP2PN/PPP1PPBP/R1BQK1R1 b Qkq - 8 7,black,d7d5,105.0,0.2566323765907324,1,,34,teacher_candidate,tactics,,,
828,tactics_0314,tactics,train,generated_0016,rnb1kb1r/pp1ppp1p/2p3pn/q7/8/2NP2PN/PPP1PPBP/R1BQK1R1 b Qkq - 8 7,black,d7d6,61.0,0.1513287020850988,0,,34,teacher_candidate,tactics,,,
828,tactics_0314,tactics,train,generated_0016,rnb1kb1r/pp1ppp1p/2p3pn/q7/8/2NP2PN/PPP1PPBP/R1BQK1R1 b Qkq - 8 7,black,e7e5,60.0,0.1488850336233179,0,,34,teacher_candidate,tactics,,,
828,tactics_0314,tactics,train,generated_0016,rnb1kb1r/pp1ppp1p/2p3pn/q7/8/2NP2PN/PPP1PPBP/R1BQK1R1 b Qkq - 8 7,black,b7b6,-17.0,-0.0424744299325481,0,,34,teacher_candidate,tactics,,,
828,tactics_0314,tactics,train,generated_0016,rnb1kb1r/pp1ppp1p/2p3pn/q7/8/2NP2PN/PPP1PPBP/R1BQK1R1 b Qkq - 8 7,black,a5g5,-952.0,-0.9830142742967112,0,,34,teacher_candidate,tactics,,,
1677,tactics_0315,tactics,train,generated_0033,1rb1k1nr/pp1np1bp/3p2p1/q1p2p2/3P4/2N1PP1N/PPP1Q1PP/R1B1KBR1 w Qk - 2 10,white,c1d2,-5.0,-0.0124993489990208,1,,26,teacher_candidate,tactics,,,
1677,tactics_0315,tactics,train,generated_0033,1rb1k1nr/pp1np1bp/3p2p1/q1p2p2/3P4/2N1PP1N/PPP1Q1PP/R1B1KBR1 w Qk - 2 10,white,h3f4,-44.0,-0.1095584702144295,0,,26,teacher_candidate,tactics,,,
1677,tactics_0315,tactics,train,generated_0033,1rb1k1nr/pp1np1bp/3p2p1/q1p2p2/3P4/2N1PP1N/PPP1Q1PP/R1B1KBR1 w Qk - 2 10,white,h3g5,-62.0,-0.1537705222640926,0,,26,teacher_candidate,tactics,,,
1677,tactics_0315,tactics,train,generated_0033,1rb1k1nr/pp1np1bp/3p2p1/q1p2p2/3P4/2N1PP1N/PPP1Q1PP/R1B1KBR1 w Qk - 2 10,white,g2g3,-112.0,-0.2729050805631327,0,,26,teacher_candidate,tactics,,,
1677,tactics_0315,tactics,train,generated_0033,1rb1k1nr/pp1np1bp/3p2p1/q1p2p2/3P4/2N1PP1N/PPP1Q1PP/R1B1KBR1 w Qk - 2 10,white,b2b3,-1189.0,-0.9947758767718636,0,,26,teacher_candidate,tactics,,,
310,tactics_0316,tactics,train,generated_0006,rn1qkbnr/pbppp3/8/1p3ppp/5P2/PP1PB1PN/2PKP2P/RN1Q1B1R w kq - 1 9,white,h1g1,75.0,0.1853331999081395,1,,25,teacher_candidate,tactics,,,
310,tactics_0316,tactics,train,generated_0006,rn1qkbnr/pbppp3/8/1p3ppp/5P2/PP1PB1PN/2PKP2P/RN1Q1B1R w kq - 1 9,white,e3d4,-8.0,-0.0199973337599309,0,,25,teacher_candidate,tactics,,,
310,tactics_0316,tactics,train,generated_0006,rn1qkbnr/pbppp3/8/1p3ppp/5P2/PP1PB1PN/2PKP2P/RN1Q1B1R w kq - 1 9,white,h3f2,-181.0,-0.423951838825587,0,,25,teacher_candidate,tactics,,,
310,tactics_0316,tactics,train,generated_0006,rn1qkbnr/pbppp3/8/1p3ppp/5P2/PP1PB1PN/2PKP2P/RN1Q1B1R w kq - 1 9,white,a3a4,-389.0,-0.7498008369323694,0,,25,teacher_candidate,tactics,,,
310,tactics_0316,tactics,train,generated_0006,rn1qkbnr/pbppp3/8/1p3ppp/5P2/PP1PB1PN/2PKP2P/RN1Q1B1R w kq - 1 9,white,e3b6,-867.0,-0.9741351301220716,0,,25,teacher_candidate,tactics,,,
1124,tactics_0317,tactics,train,generated_0022,r1bqkb1r/pp2pp2/2pp1n1p/4n1p1/P2P4/2P1B2N/RPK1PPPP/1N1Q1B1R w q - 2 10,white,d4e5,158.0,0.3756626611656808,1,,29,teacher_candidate,tactics,,,
1124,tactics_0317,tactics,train,generated_0022,r1bqkb1r/pp2pp2/2pp1n1p/4n1p1/P2P4/2P1B2N/RPK1PPPP/1N1Q1B1R w q - 2 10,white,a2a3,-92.0,-0.2260283522786709,0,,29,teacher_candidate,tactics,,,
1124,tactics_0317,tactics,train,generated_0022,r1bqkb1r/pp2pp2/2pp1n1p/4n1p1/P2P4/2P1B2N/RPK1PPPP/1N1Q1B1R w q - 2 10,white,a2a1,-162.0,-0.3842190086035763,0,,29,teacher_candidate,tactics,,,
1124,tactics_0317,tactics,train,generated_0022,r1bqkb1r/pp2pp2/2pp1n1p/4n1p1/P2P4/2P1B2N/RPK1PPPP/1N1Q1B1R w q - 2 10,white,h1g1,-356.0,-0.7113937318189625,0,,29,teacher_candidate,tactics,,,
1124,tactics_0317,tactics,train,generated_0022,r1bqkb1r/pp2pp2/2pp1n1p/4n1p1/P2P4/2P1B2N/RPK1PPPP/1N1Q1B1R w q - 2 10,white,d1d3,-866.0,-0.9740071668842932,0,,29,teacher_candidate,tactics,,,
1685,tactics_0318,tactics,train,generated_0033,r1bqk1nr/p1pp2b1/1pn1pp1p/P5p1/4P2P/2R2P2/1PPP2P1/1NBQKBNR b Kkq - 0 8,black,f6f5,81.0,0.1997767377279966,1,,26,teacher_candidate,tactics,,,
1685,tactics_0318,tactics,train,generated_0033,r1bqk1nr/p1pp2b1/1pn1pp1p/P5p1/4P2P/2R2P2/1PPP2P1/1NBQKBNR b Kkq - 0 8,black,c6a5,63.0,0.1562104657686182,0,,26,teacher_candidate,tactics,,,
1685,tactics_0318,tactics,train,generated_0033,r1bqk1nr/p1pp2b1/1pn1pp1p/P5p1/4P2P/2R2P2/1PPP2P1/1NBQKBNR b Kkq - 0 8,black,g8e7,30.0,0.074859690687499,0,,26,teacher_candidate,tactics,,,
1685,tactics_0318,tactics,train,generated_0033,r1bqk1nr/p1pp2b1/1pn1pp1p/P5p1/4P2P/2R2P2/1PPP2P1/1NBQKBNR b Kkq - 0 8,black,g5h4,-51.0,-0.1268135725243873,0,,26,teacher_candidate,tactics,,,
1685,tactics_0318,tactics,train,generated_0033,r1bqk1nr/p1pp2b1/1pn1pp1p/P5p1/4P2P/2R2P2/1PPP2P1/1NBQKBNR b Kkq - 0 8,black,c8a6,-690.0,-0.938462281285704,0,,26,teacher_candidate,tactics,,,
3569,tactics_0319,tactics,train,generated_0071,r1b1kbnr/pp1ppp1p/1qp5/6p1/3P4/N2nP2P/PPPKQPP1/R1B2BNR w kq - 2 7,white,c2d3,688.0,0.9378630316806652,1,,27,teacher_candidate,tactics,,,
3569,tactics_0319,tactics,train,generated_0071,r1b1kbnr/pp1ppp1p/1qp5/6p1/3P4/N2nP2P/PPPKQPP1/R1B2BNR w kq - 2 7,white,e2d3,659.0,0.928513764888952,0,,27,teacher_candidate,tactics,,,
3569,tactics_0319,tactics,train,generated_0071,r1b1kbnr/pp1ppp1p/1qp5/6p1/3P4/N2nP2P/PPPKQPP1/R1B2BNR w kq - 2 7,white,d2d3,442.0,0.8022878536436613,0,,27,teacher_candidate,tactics,,,
3569,tactics_0319,tactics,train,generated_0071,r1b1kbnr/pp1ppp1p/1qp5/6p1/3P4/N2nP2P/PPPKQPP1/R1B2BNR w kq - 2 7,white,f2f3,-66.0,-0.1635187536836725,0,,27,teacher_candidate,tactics,,,
3569,tactics_0319,tactics,train,generated_0071,r1b1kbnr/pp1ppp1p/1qp5/6p1/3P4/N2nP2P/PPPKQPP1/R1B2BNR w kq - 2 7,white,e2d1,-701.0,-0.9416594000937984,0,,27,teacher_candidate,tactics,,,
4797,tactics_0320,tactics,train,generated_0095,r1bq1bnr/1pppp1pp/2nk1p2/8/p4PP1/2PPB2N/PP2P2P/RN1QKB1R b KQ - 2 8,black,h7h5,-122.0,-0.2958816041613004,1,,24,teacher_candidate,tactics,,,
4797,tactics_0320,tactics,train,generated_0095,r1bq1bnr/1pppp1pp/2nk1p2/8/p4PP1/2PPB2N/PP2P2P/RN1QKB1R b KQ - 2 8,black,b7b6,-128.0,-0.3095069212126384,0,,24,teacher_candidate,tactics,,,
4797,tactics_0320,tactics,train,generated_0095,r1bq1bnr/1pppp1pp/2nk1p2/8/p4PP1/2PPB2N/PP2P2P/RN1QKB1R b KQ - 2 8,black,e7e5,-132.0,-0.3185207769027708,0,,24,teacher_candidate,tactics,,,
4797,tactics_0320,tactics,train,generated_0095,r1bq1bnr/1pppp1pp/2nk1p2/8/p4PP1/2PPB2N/PP2P2P/RN1QKB1R b KQ - 2 8,black,d6e6,-293.0,-0.6245924416209736,0,,24,teacher_candidate,tactics,,,
4797,tactics_0320,tactics,train,generated_0095,r1bq1bnr/1pppp1pp/2nk1p2/8/p4PP1/2PPB2N/PP2P2P/RN1QKB1R b KQ - 2 8,black,c6b4,-968.0,-0.9843099539390888,0,,24,teacher_candidate,tactics,,,
213,tactics_0321,tactics,train,generated_0004,rnbqkb1r/p2ppn1p/5p2/2P1N1p1/4P3/pP6/2P2PPP/RNBQKB1R w KQkq - 2 9,white,e5f7,405.0,0.7667940616777212,1,,47,teacher_candidate,tactics,,,
213,tactics_0321,tactics,train,generated_0004,rnbqkb1r/p2ppn1p/5p2/2P1N1p1/4P3/pP6/2P2PPP/RNBQKB1R w KQkq - 2 9,white,e5c4,333.0,0.6818161045714362,0,,47,teacher_candidate,tactics,,,
213,tactics_0321,tactics,train,generated_0004,rnbqkb1r/p2ppn1p/5p2/2P1N1p1/4P3/pP6/2P2PPP/RNBQKB1R w KQkq - 2 9,white,e5d3,304.0,0.6410769611853464,0,,47,teacher_candidate,tactics,,,
213,tactics_0321,tactics,train,generated_0004,rnbqkb1r/p2ppn1p/5p2/2P1N1p1/4P3/pP6/2P2PPP/RNBQKB1R w KQkq - 2 9,white,c1a3,-190.0,-0.4422303560457261,0,,47,teacher_candidate,tactics,,,
213,tactics_0321,tactics,train,generated_0004,rnbqkb1r/p2ppn1p/5p2/2P1N1p1/4P3/pP6/2P2PPP/RNBQKB1R w KQkq - 2 9,white,d1d7,-894.0,-0.9773644841978152,0,,47,teacher_candidate,tactics,,,
3027,tactics_0322,tactics,train,generated_0060,rn3bnr/pb1p1kp1/1p5p/2pPpp2/2P2P1q/P7/QP1KP1PP/RNB2BNR w - - 1 9,white,g1f3,177.0,0.4157145428489626,1,,19,teacher_candidate,tactics,,,
3027,tactics_0322,tactics,train,generated_0060,rn3bnr/pb1p1kp1/1p5p/2pPpp2/2P2P1q/P7/QP1KP1PP/RNB2BNR w - - 1 9,white,g2g3,132.0,0.3185207769027708,0,,19,teacher_candidate,tactics,,,
3027,tactics_0322,tactics,train,generated_0060,rn3bnr/pb1p1kp1/1p5p/2pPpp2/2P2P1q/P7/QP1KP1PP/RNB2BNR w - - 1 9,white,f4e5,131.0,0.3162726300960362,0,,19,teacher_candidate,tactics,,,
3027,tactics_0322,tactics,train,generated_0060,rn3bnr/pb1p1kp1/1p5p/2pPpp2/2P2P1q/P7/QP1KP1PP/RNB2BNR w - - 1 9,white,d2c3,-310.0,-0.6498274636719203,0,,19,teacher_candidate,tactics,,,
3027,tactics_0322,tactics,train,generated_0060,rn3bnr/pb1p1kp1/1p5p/2pPpp2/2P2P1q/P7/QP1KP1PP/RNB2BNR w - - 1 9,white,e2e4,-1004.0,-0.9868776137319676,0,,19,teacher_candidate,tactics,,,
2392,tactics_0323,tactics,train,generated_0047,rnbk1bn1/p4pp1/2pp3r/qp2p2p/P4PP1/4P2N/1PPP3P/RNBQKB1R w KQ - 1 9,white,g4g5,152.0,0.3627074675780511,1,,27,teacher_candidate,tactics,,,
2392,tactics_0323,tactics,train,generated_0047,rnbk1bn1/p4pp1/2pp3r/qp2p2p/P4PP1/4P2N/1PPP3P/RNBQKB1R w KQ - 1 9,white,g4h5,128.0,0.3095069212126384,0,,27,teacher_candidate,tactics,,,
2392,tactics_0323,tactics,train,generated_0047,rnbk1bn1/p4pp1/2pp3r/qp2p2p/P4PP1/4P2N/1PPP3P/RNBQKB1R w KQ - 1 9,white,f4f5,66.0,0.1635187536836725,0,,27,teacher_candidate,tactics,,,
2392,tactics_0323,tactics,train,generated_0047,rnbk1bn1/p4pp1/2pp3r/qp2p2p/P4PP1/4P2N/1PPP3P/RNBQKB1R w KQ - 1 9,white,d1e2,-157.0,-0.3735134532878035,0,,27,teacher_candidate,tactics,,,
2392,tactics_0323,tactics,train,generated_0047,rnbk1bn1/p4pp1/2pp3r/qp2p2p/P4PP1/4P2N/1PPP3P/RNBQKB1R w KQ - 1 9,white,e1e2,-857.0,-0.9728270272003616,0,,27,teacher_candidate,tactics,,,
4444,tactics_0324,tactics,train,generated_0088,rnbqk1nr/3pb3/5ppp/ppp1P2Q/2P1PP1P/3N4/PP4P1/RNB1KB1R b KQkq - 1 10,black,g6h5,454.0,0.8127235755245286,1,,21,teacher_candidate,tactics,,,
4444,tactics_0324,tactics,train,generated_0088,rnbqk1nr/3pb3/5ppp/ppp1P2Q/2P1PP1P/3N4/PP4P1/RNB1KB1R b KQkq - 1 10,black,b5c4,-495.0,-0.8447410748870232,0,,21,teacher_candidate,tactics,,,
4444,tactics_0324,tactics,train,generated_0088,rnbqk1nr/3pb3/5ppp/ppp1P2Q/2P1PP1P/3N4/PP4P1/RNB1KB1R b KQkq - 1 10,black,e8f8,-495.0,-0.8447410748870232,0,,21,teacher_candidate,tactics,,,
4444,tactics_0324,tactics,train,generated_0088,rnbqk1nr/3pb3/5ppp/ppp1P2Q/2P1PP1P/3N4/PP4P1/RNB1KB1R b KQkq - 1 10,black,a5a4,-745.0,-0.9529093018793192,0,,21,teacher_candidate,tactics,,,
4444,tactics_0324,tactics,train,generated_0088,rnbqk1nr/3pb3/5ppp/ppp1P2Q/2P1PP1P/3N4/PP4P1/RNB1KB1R b KQkq - 1 10,black,e7f8,-926.0,-0.9806789539451842,0,,21,teacher_candidate,tactics,,,
4440,tactics_0325,tactics,train,generated_0088,r1b1nbnr/pp1kp1p1/1R1p3p/q1P2p2/P7/N1P3PP/3PPP2/2BQKBNR w K - 3 10,white,b6b5,691.0,0.9387598039977676,1,,30,teacher_candidate,tactics,,,
4440,tactics_0325,tactics,train,generated_0088,r1b1nbnr/pp1kp1p1/1R1p3p/q1P2p2/P7/N1P3PP/3PPP2/2BQKBNR w K - 3 10,white,a3c4,562.0,0.886427638382423,0,,30,teacher_candidate,tactics,,,
4440,tactics_0325,tactics,train,generated_0088,r1b1nbnr/pp1kp1p1/1R1p3p/q1P2p2/P7/N1P3PP/3PPP2/2BQKBNR w K - 3 10,white,a3b1,425.0,0.7866188121086977,0,,30,teacher_candidate,tactics,,,
4440,tactics_0325,tactics,train,generated_0088,r1b1nbnr/pp1kp1p1/1R1p3p/q1P2p2/P7/N1P3PP/3PPP2/2BQKBNR w K - 3 10,white,c5d6,-313.0,-0.6541393002077227,0,,30,teacher_candidate,tactics,,,
4440,tactics_0325,tactics,train,generated_0088,r1b1nbnr/pp1kp1p1/1R1p3p/q1P2p2/P7/N1P3PP/3PPP2/2BQKBNR w K - 3 10,white,a3b5,-605.0,-0.9073817003029993,0,,30,teacher_candidate,tactics,,,
544,tactics_0326,tactics,train,generated_0010,rn1qkbnr/ppp1pppp/3B4/8/3P1P2/2N4b/PPP1P1PP/R2QKB1R w KQkq - 0 7,white,d6a3,-179.0,-0.4198418366689064,1,,31,teacher_candidate,tactics,,,
544,tactics_0326,tactics,train,generated_0010,rn1qkbnr/ppp1pppp/3B4/8/3P1P2/2N4b/PPP1P1PP/R2QKB1R w KQkq - 0 7,white,d6c5,-255.0,-0.563194927804731,0,,31,teacher_candidate,tactics,,,
544,tactics_0326,tactics,train,generated_0010,rn1qkbnr/ppp1pppp/3B4/8/3P1P2/2N4b/PPP1P1PP/R2QKB1R w KQkq - 0 7,white,d6e5,-262.0,-0.5750263117549217,0,,31,teacher_candidate,tactics,,,
544,tactics_0326,tactics,train,generated_0010,rn1qkbnr/ppp1pppp/3B4/8/3P1P2/2N4b/PPP1P1PP/R2QKB1R w KQkq - 0 7,white,d1c1,-558.0,-0.884266089447278,0,,31,teacher_candidate,tactics,,,
544,tactics_0326,tactics,train,generated_0010,rn1qkbnr/ppp1pppp/3B4/8/3P1P2/2N4b/PPP1P1PP/R2QKB1R w KQkq - 0 7,white,c3d5,-896.0,-0.9775871873563142,0,,31,teacher_candidate,tactics,,,
4590,tactics_0327,tactics,train,generated_0091,rnbq1bnr/p1p1pk1p/8/1p1p1pp1/5N2/4P2P/PPPP1PP1/1RBQKBNR w K - 0 7,white,d1h5,496.0,0.8454555957266803,1,,32,teacher_candidate,tactics,,,
4590,tactics_0327,tactics,train,generated_0091,rnbq1bnr/p1p1pk1p/8/1p1p1pp1/5N2/4P2P/PPPP1PP1/1RBQKBNR w K - 0 7,white,f1b5,217.0,0.4948780404403998,0,,32,teacher_candidate,tactics,,,
4590,tactics_0327,tactics,train,generated_0091,rnbq1bnr/p1p1pk1p/8/1p1p1pp1/5N2/4P2P/PPPP1PP1/1RBQKBNR w K - 0 7,white,f4d3,148.0,0.3539917124770459,0,,32,teacher_candidate,tactics,,,
4590,tactics_0327,tactics,train,generated_0091,rnbq1bnr/p1p1pk1p/8/1p1p1pp1/5N2/4P2P/PPPP1PP1/1RBQKBNR w K - 0 7,white,d1e2,-87.0,-0.2141339761434071,0,,32,teacher_candidate,tactics,,,
4590,tactics_0327,tactics,train,generated_0091,rnbq1bnr/p1p1pk1p/8/1p1p1pp1/5N2/4P2P/PPPP1PP1/1RBQKBNR w K - 0 7,white,d1g4,-915.0,-0.9795976741184608,0,,32,teacher_candidate,tactics,,,
1317,tactics_0328,tactics,train,generated_0026,1n2kbnr/rp3Qpp/B2pp3/2p5/q3P3/7b/RPPP1PPP/1NB1K1NR b Kk - 0 9,black,e8f7,-90.0,-0.221278467898444,1,,2,teacher_candidate,tactics,,,
1317,tactics_0328,tactics,train,generated_0026,1n2kbnr/rp3Qpp/B2pp3/2p5/q3P3/7b/RPPP1PPP/1NB1K1NR b Kk - 0 9,black,e8d8,-595.0,-0.9028636912994878,0,,2,teacher_candidate,tactics,,,
3558,tactics_0329,tactics,train,generated_0071,rnb2bnr/p1pkq1p1/1p2p3/1N3pPp/P2p4/5N2/1PPPPP1P/1RBQKB1R w K - 0 9,white,f1g2,512.0,0.8564849154724974,1,,25,teacher_candidate,tactics,,,
3558,tactics_0329,tactics,train,generated_0071,rnb2bnr/p1pkq1p1/1p2p3/1N3pPp/P2p4/5N2/1PPPPP1P/1RBQKB1R w K - 0 9,white,f3e5,466.0,0.8226626734905335,0,,25,teacher_candidate,tactics,,,
3558,tactics_0329,tactics,train,generated_0071,rnb2bnr/p1pkq1p1/1p2p3/1N3pPp/P2p4/5N2/1PPPPP1P/1RBQKB1R w K - 0 9,white,b5d4,440.0,0.8004990217606297,0,,25,teacher_candidate,tactics,,,
3558,tactics_0329,tactics,train,generated_0071,rnb2bnr/p1pkq1p1/1p2p3/1N3pPp/P2p4/5N2/1PPPPP1P/1RBQKB1R w K - 0 9,white,c2c4,303.0,0.6396020496038974,0,,25,teacher_candidate,tactics,,,
3558,tactics_0329,tactics,train,generated_0071,rnb2bnr/p1pkq1p1/1p2p3/1N3pPp/P2p4/5N2/1PPPPP1P/1RBQKB1R w K - 0 9,white,b5d6,-440.0,-0.8004990217606297,0,,25,teacher_candidate,tactics,,,
1306,tactics_0330,tactics,train,generated_0026,r3kbnr/pppbp1p1/3q1p1p/3p4/1n1P1BP1/1P3P1R/P1P1PK2/RN1Q1BN1 b kq - 4 10,black,d6f4,847.0,0.9714537242590624,1,,38,teacher_candidate,tactics,,,
1306,tactics_0330,tactics,train,generated_0026,r3kbnr/pppbp1p1/3q1p1p/3p4/1n1P1BP1/1P3P1R/P1P1PK2/RN1Q1BN1 b kq - 4 10,black,a7a5,382.0,0.7420382957075286,0,,38,teacher_candidate,tactics,,,
1306,tactics_0330,tactics,train,generated_0026,r3kbnr/pppbp1p1/3q1p1p/3p4/1n1P1BP1/1P3P1R/P1P1PK2/RN1Q1BN1 b kq - 4 10,black,e7e5,348.0,0.7013741309383125,0,,38,teacher_candidate,tactics,,,
1306,tactics_0330,tactics,train,generated_0026,r3kbnr/pppbp1p1/3q1p1p/3p4/1n1P1BP1/1P3P1R/P1P1PK2/RN1Q1BN1 b kq - 4 10,black,d7b5,-944.0,-0.9823271990787844,0,,38,teacher_candidate,tactics,,,
1306,tactics_0330,tactics,train,generated_0026,r3kbnr/pppbp1p1/3q1p1p/3p4/1n1P1BP1/1P3P1R/P1P1PK2/RN1Q1BN1 b kq - 4 10,black,d7a4,-1140.0,-0.9933303853851732,0,,38,teacher_candidate,tactics,,,
1730,tactics_0331,tactics,train,generated_0034,rnbq2kr/pp1p1p2/2p2np1/4p2p/1bP1PP1P/N2P4/PP1BN1P1/R2QKB1R b KQ - 0 9,black,b4e7,35.0,0.0872773744741577,1,,34,teacher_candidate,tactics,,,
1730,tactics_0331,tactics,train,generated_0034,rnbq2kr/pp1p1p2/2p2np1/4p2p/1bP1PP1P/N2P4/PP1BN1P1/R2QKB1R b KQ - 0 9,black,b4f8,-12.0,-0.0299910032388201,0,,34,teacher_candidate,tactics,,,
1730,tactics_0331,tactics,train,generated_0034,rnbq2kr/pp1p1p2/2p2np1/4p2p/1bP1PP1P/N2P4/PP1BN1P1/R2QKB1R b KQ - 0 9,black,b4d2,-25.0,-0.0624187467475125,0,,34,teacher_candidate,tactics,,,
1730,tactics_0331,tactics,train,generated_0034,rnbq2kr/pp1p1p2/2p2np1/4p2p/1bP1PP1P/N2P4/PP1BN1P1/R2QKB1R b KQ - 0 9,black,f6e4,-535.0,-0.8710704683248206,0,,34,teacher_candidate,tactics,,,
1730,tactics_0331,tactics,train,generated_0034,rnbq2kr/pp1p1p2/2p2np1/4p2p/1bP1PP1P/N2P4/PP1BN1P1/R2QKB1R b KQ - 0 9,black,g8f8,-874.0,-0.9750136274737408,0,,34,teacher_candidate,tactics,,,
3394,tactics_0332,tactics,train,generated_0067,1nb1kb1r/rp1pqppp/p1p4n/2PPp3/8/PP3P1P/3NP1P1/R1BQKBNR b KQk - 0 10,black,e7h4,99998.0,1.0,1,,23,teacher_candidate,tactics,,,
3394,tactics_0332,tactics,train,generated_0067,1nb1kb1r/rp1pqppp/p1p4n/2PPp3/8/PP3P1P/3NP1P1/R1BQKBNR b KQk - 0 10,black,c6d5,245.0,0.5458845187934771,0,,23,teacher_candidate,tactics,,,
3394,tactics_0332,tactics,train,generated_0067,1nb1kb1r/rp1pqppp/p1p4n/2PPp3/8/PP3P1P/3NP1P1/R1BQKBNR b KQk - 0 10,black,e7c5,-5.0,-0.0124993489990208,0,,23,teacher_candidate,tactics,,,
3394,tactics_0332,tactics,train,generated_0067,1nb1kb1r/rp1pqppp/p1p4n/2PPp3/8/PP3P1P/3NP1P1/R1BQKBNR b KQk - 0 10,black,f7f5,-143.0,-0.3430100684508116,0,,23,teacher_candidate,tactics,,,
3394,tactics_0332,tactics,train,generated_0067,1nb1kb1r/rp1pqppp/p1p4n/2PPp3/8/PP3P1P/3NP1P1/R1BQKBNR b KQk - 0 10,black,e7d6,-854.0,-0.9724220229877168,0,,23,teacher_candidate,tactics,,,
3945,tactics_0333,tactics,train,generated_0078,r1bqkb2/ppppn1pr/n3p3/7p/PP1PPp1P/2P5/3B1PP1/RNQ1KBNR w KQ - 0 10,white,b4b5,688.0,0.9378630316806652,1,,29,teacher_candidate,tactics,,,
3945,tactics_0333,tactics,train,generated_0078,r1bqkb2/ppppn1pr/n3p3/7p/PP1PPp1P/2P5/3B1PP1/RNQ1KBNR w KQ - 0 10,white,g1f3,682.0,0.9360312050209336,0,,29,teacher_candidate,tactics,,,
3945,tactics_0333,tactics,train,generated_0078,r1bqkb2/ppppn1pr/n3p3/7p/PP1PPp1P/2P5/3B1PP1/RNQ1KBNR w KQ - 0 10,white,d2f4,679.0,0.9350958140215132,0,,29,teacher_candidate,tactics,,,
3945,tactics_0333,tactics,train,generated_0078,r1bqkb2/ppppn1pr/n3p3/7p/PP1PPp1P/2P5/3B1PP1/RNQ1KBNR w KQ - 0 10,white,c1b2,539.0,0.8734619197750799,0,,29,teacher_candidate,tactics,,,
3945,tactics_0333,tactics,train,generated_0078,r1bqkb2/ppppn1pr/n3p3/7p/PP1PPp1P/2P5/3B1PP1/RNQ1KBNR w KQ - 0 10,white,d2e3,-56.0,-0.139092447878458,0,,29,teacher_candidate,tactics,,,
3916,tactics_0334,tactics,train,generated_0078,r1b1qbnr/p1pppkpp/8/2n2p2/2P1PP2/2p5/PPQP2PP/R1BBK1NR w KQ - 1 9,white,e4f5,-213.0,-0.4872897835125242,1,,30,teacher_candidate,tactics,,,
3916,tactics_0334,tactics,train,generated_0078,r1b1qbnr/p1pppkpp/8/2n2p2/2P1PP2/2p5/PPQP2PP/R1BBK1NR w KQ - 1 9,white,g1f3,-356.0,-0.7113937318189625,0,,30,teacher_candidate,tactics,,,
3916,tactics_0334,tactics,train,generated_0078,r1b1qbnr/p1pppkpp/8/2n2p2/2P1PP2/2p5/PPQP2PP/R1BBK1NR w KQ - 1 9,white,d2d3,-371.0,-0.7294261843234738,0,,30,teacher_candidate,tactics,,,
3916,tactics_0334,tactics,train,generated_0078,r1b1qbnr/p1pppkpp/8/2n2p2/2P1PP2/2p5/PPQP2PP/R1BBK1NR w KQ - 1 9,white,h2h3,-637.0,-0.920531764576771,0,,30,teacher_candidate,tactics,,,
3916,tactics_0334,tactics,train,generated_0078,r1b1qbnr/p1pppkpp/8/2n2p2/2P1PP2/2p5/PPQP2PP/R1BBK1NR w KQ - 1 9,white,c2d3,-991.0,-0.9860024949798332,0,,30,teacher_candidate,tactics,,,
3528,tactics_0335,tactics,train,generated_0070,rnbqkbnr/2pp1p2/p3p2B/1p6/3PP1p1/2P5/PP1Q1PPP/RN2KBNR w KQkq - 0 9,white,h6f8,242.0,0.5405978980932038,1,,35,teacher_candidate,tactics,,,
3528,tactics_0335,tactics,train,generated_0070,rnbqkbnr/2pp1p2/p3p2B/1p6/3PP1p1/2P5/PP1Q1PPP/RN2KBNR w KQkq - 0 9,white,h6f4,205.0,0.4718907878542969,0,,35,teacher_candidate,tactics,,,
3528,tactics_0335,tactics,train,generated_0070,rnbqkbnr/2pp1p2/p3p2B/1p6/3PP1p1/2P5/PP1Q1PPP/RN2KBNR w KQkq - 0 9,white,h6g5,190.0,0.4422303560457261,0,,35,teacher_candidate,tactics,,,
3528,tactics_0335,tactics,train,generated_0070,rnbqkbnr/2pp1p2/p3p2B/1p6/3PP1p1/2P5/PP1Q1PPP/RN2KBNR w KQkq - 0 9,white,h2h4,-668.0,-0.9315516846152082,0,,35,teacher_candidate,tactics,,,
3528,tactics_0335,tactics,train,generated_0070,rnbqkbnr/2pp1p2/p3p2B/1p6/3PP1p1/2P5/PP1Q1PPP/RN2KBNR w KQkq - 0 9,white,g1f3,-1005.0,-0.9869426346161566,0,,35,teacher_candidate,tactics,,,
151,tactics_0336,tactics,train,generated_0003,rnb2b1r/p1p2kpp/3q1npB/3pp3/1p1P2P1/2P2P2/PP2P2P/RN2KBNR b KQ - 5 9,black,g7h6,959.0,0.9835936988421032,1,,39,teacher_candidate,tactics,,,
151,tactics_0336,tactics,train,generated_0003,rnb2b1r/p1p2kpp/3q1npB/3pp3/1p1P2P1/2P2P2/PP2P2P/RN2KBNR b KQ - 5 9,black,c8d7,902.0,0.9782423799658522,0,,39,teacher_candidate,tactics,,,
151,tactics_0336,tactics,train,generated_0003,rnb2b1r/p1p2kpp/3q1npB/3pp3/1p1P2P1/2P2P2/PP2P2P/RN2KBNR b KQ - 5 9,black,c7c6,895.0,0.9774761078852686,0,,39,teacher_candidate,tactics,,,
151,tactics_0336,tactics,train,generated_0003,rnb2b1r/p1p2kpp/3q1npB/3pp3/1p1P2P1/2P2P2/PP2P2P/RN2KBNR b KQ - 5 9,black,d6d7,687.0,0.9375612924997138,0,,39,teacher_candidate,tactics,,,
151,tactics_0336,tactics,train,generated_0003,rnb2b1r/p1p2kpp/3q1npB/3pp3/1p1P2P1/2P2P2/PP2P2P/RN2KBNR b KQ - 5 9,black,b8a6,616.0,0.9121203692077172,0,,39,teacher_candidate,tactics,,,
1669,tactics_0337,tactics,train,generated_0033,1nbqk1nr/1ppp2pp/r2b1p2/p3p3/3P4/4B2P/PPPKPPPR/RN1Q1BN1 b k - 5 7,black,e5d4,577.0,0.8941998651897869,1,,28,teacher_candidate,tactics,,,
1669,tactics_0337,tactics,train,generated_0033,1nbqk1nr/1ppp2pp/r2b1p2/p3p3/3P4/4B2P/PPPKPPPR/RN1Q1BN1 b k - 5 7,black,b7b5,217.0,0.4948780404403998,0,,28,teacher_candidate,tactics,,,
1669,tactics_0337,tactics,train,generated_0033,1nbqk1nr/1ppp2pp/r2b1p2/p3p3/3P4/4B2P/PPPKPPPR/RN1Q1BN1 b k - 5 7,black,b8c6,209.0,0.4796272133393758,0,,28,teacher_candidate,tactics,,,
1669,tactics_0337,tactics,train,generated_0033,1nbqk1nr/1ppp2pp/r2b1p2/p3p3/3P4/4B2P/PPPKPPPR/RN1Q1BN1 b k - 5 7,black,a6b6,122.0,0.2958816041613004,0,,28,teacher_candidate,tactics,,,
1669,tactics_0337,tactics,train,generated_0033,1nbqk1nr/1ppp2pp/r2b1p2/p3p3/3P4/4B2P/PPPKPPPR/RN1Q1BN1 b k - 5 7,black,d6c5,-491.0,-0.8418526462603199,0,,28,teacher_candidate,tactics,,,
4488,tactics_0338,tactics,train,generated_0089,r1bqk1nr/1pp1ppb1/3p2pp/p7/1n6/3P1N1P/P1PNPPP1/R1BQKB1R w KQkq - 0 8,white,a1b1,-163.0,-0.3863478986519003,1,,25,teacher_candidate,tactics,,,
4488,tactics_0338,tactics,train,generated_0089,r1bqk1nr/1pp1ppb1/3p2pp/p7/1n6/3P1N1P/P1PNPPP1/R1BQKB1R w KQkq - 0 8,white,d3d4,-185.0,-0.4321195876314196,0,,25,teacher_candidate,tactics,,,
4488,tactics_0338,tactics,train,generated_0089,r1bqk1nr/1pp1ppb1/3p2pp/p7/1n6/3P1N1P/P1PNPPP1/R1BQKB1R w KQkq - 0 8,white,c2c3,-410.0,-0.7718952374404182,0,,25,teacher_candidate,tactics,,,
4488,tactics_0338,tactics,train,generated_0089,r1bqk1nr/1pp1ppb1/3p2pp/p7/1n6/3P1N1P/P1PNPPP1/R1BQKB1R w KQkq - 0 8,white,g2g4,-896.0,-0.9775871873563142,0,,25,teacher_candidate,tactics,,,
4488,tactics_0338,tactics,train,generated_0089,r1bqk1nr/1pp1ppb1/3p2pp/p7/1n6/3P1N1P/P1PNPPP1/R1BQKB1R w KQkq - 0 8,white,f3g5,-1132.0,-0.9930591378732212,0,,25,teacher_candidate,tactics,,,
762,tactics_0339,tactics,train,generated_0015,rnb1kbnr/pp1p1p1p/6q1/2p1p1p1/8/2P1PN1P/PP1P1PP1/RNBQKB1R w KQkq - 6 7,white,f3e5,260.0,0.5716699660851172,1,,30,teacher_candidate,tactics,,,
762,tactics_0339,tactics,train,generated_0015,rnb1kbnr/pp1p1p1p/6q1/2p1p1p1/8/2P1PN1P/PP1P1PP1/RNBQKB1R w KQkq - 6 7,white,d2d4,211.0,0.4834677598628625,0,,30,teacher_candidate,tactics,,,
762,tactics_0339,tactics,train,generated_0015,rnb1kbnr/pp1p1p1p/6q1/2p1p1p1/8/2P1PN1P/PP1P1PP1/RNBQKB1R w KQkq - 6 7,white,b1a3,130.0,0.3140209253469976,0,,30,teacher_candidate,tactics,,,
762,tactics_0339,tactics,train,generated_0015,rnb1kbnr/pp1p1p1p/6q1/2p1p1p1/8/2P1PN1P/PP1P1PP1/RNBQKB1R w KQkq - 6 7,white,a2a3,28.0,0.0698858903164289,0,,30,teacher_candidate,tactics,,,
762,tactics_0339,tactics,train,generated_0015,rnb1kbnr/pp1p1p1p/6q1/2p1p1p1/8/2P1PN1P/PP1P1PP1/RNBQKB1R w KQkq - 6 7,white,f1a6,-716.0,-0.945760565596474,0,,30,teacher_candidate,tactics,,,
4389,tactics_0340,tactics,train,generated_0087,rnb1k1r1/pp1p2pp/2p4n/2b1p1q1/2K1Pp1P/P4P2/RPPP2PR/1NBQ1BN1 b q - 2 9,black,g5f6,666.0,0.930887539427447,1,,37,teacher_candidate,tactics,,,
4389,tactics_0340,tactics,train,generated_0087,rnb1k1r1/pp1p2pp/2p4n/2b1p1q1/2K1Pp1P/P4P2/RPPP2PR/1NBQ1BN1 b q - 2 9,black,b7b5,642.0,0.922417731079528,0,,37,teacher_candidate,tactics,,,
4389,tactics_0340,tactics,train,generated_0087,rnb1k1r1/pp1p2pp/2p4n/2b1p1q1/2K1Pp1P/P4P2/RPPP2PR/1NBQ1BN1 b q - 2 9,black,d7d5,634.0,0.9193791691545816,0,,37,teacher_candidate,tactics,,,
4389,tactics_0340,tactics,train,generated_0087,rnb1k1r1/pp1p2pp/2p4n/2b1p1q1/2K1Pp1P/P4P2/RPPP2PR/1NBQ1BN1 b q - 2 9,black,c5b6,-572.0,-0.8916665990375279,0,,37,teacher_candidate,tactics,,,
4389,tactics_0340,tactics,train,generated_0087,rnb1k1r1/pp1p2pp/2p4n/2b1p1q1/2K1Pp1P/P4P2/RPPP2PR/1NBQ1BN1 b q - 2 9,black,c5a3,-901.0,-0.9781345117723848,0,,37,teacher_candidate,tactics,,,
3709,tactics_0341,tactics,train,generated_0074,r1bqk2r/pppp3p/4pppn/1Pn3P1/Q1P5/b2P3P/P3PP2/RNB1KBNR w KQk - 1 10,white,a4a3,793.0,0.96277010479055,1,,30,teacher_candidate,tactics,,,
3709,tactics_0341,tactics,train,generated_0074,r1bqk2r/pppp3p/4pppn/1Pn3P1/Q1P5/b2P3P/P3PP2/RNB1KBNR w KQk - 1 10,white,a4a5,323.0,0.6682088278029729,0,,30,teacher_candidate,tactics,,,
3709,tactics_0341,tactics,train,generated_0074,r1bqk2r/pppp3p/4pppn/1Pn3P1/Q1P5/b2P3P/P3PP2/RNB1KBNR w KQk - 1 10,white,a4c2,315.0,0.6569904600491983,0,,30,teacher_candidate,tactics,,,
3709,tactics_0341,tactics,train,generated_0074,r1bqk2r/pppp3p/4pppn/1Pn3P1/Q1P5/b2P3P/P3PP2/RNB1KBNR w KQk - 1 10,white,f2f3,-826.0,-0.9683433720658204,0,,30,teacher_candidate,tactics,,,
3709,tactics_0341,tactics,train,generated_0074,r1bqk2r/pppp3p/4pppn/1Pn3P1/Q1P5/b2P3P/P3PP2/RNB1KBNR w KQk - 1 10,white,h1h2,-978.0,-0.9850694539943046,0,,30,teacher_candidate,tactics,,,
2873,tactics_0342,tactics,train,generated_0057,rnbqkbnr/2ppp1p1/7p/1N3p2/pp2PP2/6PN/PPPP3P/R1BQKBR1 b Qkq - 1 7,black,c7c6,-25.0,-0.0624187467475125,1,,22,teacher_candidate,tactics,,,
2873,tactics_0342,tactics,train,generated_0057,rnbqkbnr/2ppp1p1/7p/1N3p2/pp2PP2/6PN/PPPP3P/R1BQKBR1 b Qkq - 1 7,black,f5e4,-64.0,-0.1586485042974989,0,,22,teacher_candidate,tactics,,,
2873,tactics_0342,tactics,train,generated_0057,rnbqkbnr/2ppp1p1/7p/1N3p2/pp2PP2/6PN/PPPP3P/R1BQKBR1 b Qkq - 1 7,black,d7d6,-73.0,-0.1805005038603668,0,,22,teacher_candidate,tactics,,,
2873,tactics_0342,tactics,train,generated_0057,rnbqkbnr/2ppp1p1/7p/1N3p2/pp2PP2/6PN/PPPP3P/R1BQKBR1 b Qkq - 1 7,black,b8c6,-174.0,-0.4094913959961821,0,,22,teacher_candidate,tactics,,,
2873,tactics_0342,tactics,train,generated_0057,rnbqkbnr/2ppp1p1/7p/1N3p2/pp2PP2/6PN/PPPP3P/R1BQKBR1 b Qkq - 1 7,black,a8a7,-835.0,-0.9697152505174752,0,,22,teacher_candidate,tactics,,,
1713,tactics_0343,tactics,train,generated_0034,r1bqk1nr/p1p1ppbp/1p4p1/1N1p4/1nP3P1/5N2/PPQPPP1P/R1B1KB1R w KQkq - 0 7,white,c2a4,-28.0,-0.0698858903164289,1,,37,teacher_candidate,tactics,,,
1713,tactics_0343,tactics,train,generated_0034,r1bqk1nr/p1p1ppbp/1p4p1/1N1p4/1nP3P1/5N2/PPQPPP1P/R1B1KB1R w KQkq - 0 7,white,c2b3,-143.0,-0.3430100684508116,0,,37,teacher_candidate,tactics,,,
1713,tactics_0343,tactics,train,generated_0034,r1bqk1nr/p1p1ppbp/1p4p1/1N1p4/1nP3P1/5N2/PPQPPP1P/R1B1KB1R w KQkq - 0 7,white,c2d1,-318.0,-0.6612322061319627,0,,37,teacher_candidate,tactics,,,
1713,tactics_0343,tactics,train,generated_0034,r1bqk1nr/p1p1ppbp/1p4p1/1N1p4/1nP3P1/5N2/PPQPPP1P/R1B1KB1R w KQkq - 0 7,white,f1g2,-1045.0,-0.9892968667895494,0,,37,teacher_candidate,tactics,,,
1713,tactics_0343,tactics,train,generated_0034,r1bqk1nr/p1p1ppbp/1p4p1/1N1p4/1nP3P1/5N2/PPQPPP1P/R1B1KB1R w KQkq - 0 7,white,b2b3,-1223.0,-0.995590790502715,0,,37,teacher_candidate,tactics,,,
503,tactics_0344,tactics,train,generated_0010,2bq1b1r/rppkpp1p/p6B/n2p4/8/1PPP4/P1QNPPPP/RN2KB1R w KQ - 5 9,white,h6e3,983.0,0.9854354059682076,1,,27,teacher_candidate,tactics,,,
503,tactics_0344,tactics,train,generated_0010,2bq1b1r/rppkpp1p/p6B/n2p4/8/1PPP4/P1QNPPPP/RN2KB1R w KQ - 5 9,white,h6f4,928.0,0.9808693626558168,0,,27,teacher_candidate,tactics,,,
503,tactics_0344,tactics,train,generated_0010,2bq1b1r/rppkpp1p/p6B/n2p4/8/1PPP4/P1QNPPPP/RN2KB1R w KQ - 5 9,white,h6g5,873.0,0.974889955210435,0,,27,teacher_candidate,tactics,,,
503,tactics_0344,tactics,train,generated_0010,2bq1b1r/rppkpp1p/p6B/n2p4/8/1PPP4/P1QNPPPP/RN2KB1R w KQ - 5 9,white,f2f4,295.0,0.6276323441969829,0,,27,teacher_candidate,tactics,,,
503,tactics_0344,tactics,train,generated_0010,2bq1b1r/rppkpp1p/p6B/n2p4/8/1PPP4/P1QNPPPP/RN2KB1R w KQ - 5 9,white,f2f3,103.0,0.2519557155332075,0,,27,teacher_candidate,tactics,,,
1639,tactics_0345,tactics,train,generated_0032,2bqkbnr/rppnpp2/6pp/p5Q1/2p5/8/PP1PPPPP/RNB1KBNR b k - 5 8,black,h6g5,890.0,0.9769124950321554,1,,22,teacher_candidate,tactics,,,
1639,tactics_0345,tactics,train,generated_0032,2bqkbnr/rppnpp2/6pp/p5Q1/2p5/8/PP1PPPPP/RNB1KBNR b k - 5 8,black,f8g7,404.0,0.7657620182484389,0,,22,teacher_candidate,tactics,,,
1639,tactics_0345,tactics,train,generated_0032,2bqkbnr/rppnpp2/6pp/p5Q1/2p5/8/PP1PPPPP/RNB1KBNR b k - 5 8,black,c7c6,386.0,0.7464988397557184,0,,22,teacher_candidate,tactics,,,
1639,tactics_0345,tactics,train,generated_0032,2bqkbnr/rppnpp2/6pp/p5Q1/2p5/8/PP1PPPPP/RNB1KBNR b k - 5 8,black,h6h5,235.0,0.528095199594932,0,,22,teacher_candidate,tactics,,,
1639,tactics_0345,tactics,train,generated_0032,2bqkbnr/rppnpp2/6pp/p5Q1/2p5/8/PP1PPPPP/RNB1KBNR b k - 5 8,black,f7f6,-99999.0,-1.0,0,,22,teacher_candidate,tactics,,,
4139,tactics_0346,tactics,train,generated_0082,rnb1kb1r/p4ppp/3ppq2/Ppp5/2P3nP/2N1P3/RP1P1PP1/2BQKBNR w Kkq b6 0 8,white,d1g4,739.0,0.9515099470195436,1,,35,teacher_candidate,tactics,,,
4139,tactics_0346,tactics,train,generated_0082,rnb1kb1r/p4ppp/3ppq2/Ppp5/2P3nP/2N1P3/RP1P1PP1/2BQKBNR w Kkq b6 0 8,white,g1f3,228.0,0.5153592780074097,0,,35,teacher_candidate,tactics,,,
4139,tactics_0346,tactics,train,generated_0082,rnb1kb1r/p4ppp/3ppq2/Ppp5/2P3nP/2N1P3/RP1P1PP1/2BQKBNR w Kkq b6 0 8,white,g1h3,228.0,0.5153592780074097,0,,35,teacher_candidate,tactics,,,
4139,tactics_0346,tactics,train,generated_0082,rnb1kb1r/p4ppp/3ppq2/Ppp5/2P3nP/2N1P3/RP1P1PP1/2BQKBNR w Kkq b6 0 8,white,b2b3,-99999.0,-1.0,0,,35,teacher_candidate,tactics,,,
4139,tactics_0346,tactics,train,generated_0082,rnb1kb1r/p4ppp/3ppq2/Ppp5/2P3nP/2N1P3/RP1P1PP1/2BQKBNR w Kkq b6 0 8,white,h4h5,-99999.0,-1.0,0,,35,teacher_candidate,tactics,,,
1076,tactics_0347,tactics,train,generated_0021,rnb1kbnr/pp3pp1/3p3p/qNp1p3/P1P5/RP3P1P/3PP1P1/2BQKBNR b Kkq - 1 8,black,b8c6,106.0,0.2589662239347897,1,,33,teacher_candidate,tactics,,,
1076,tactics_0347,tactics,train,generated_0021,rnb1kbnr/pp3pp1/3p3p/qNp1p3/P1P5/RP3P1P/3PP1P1/2BQKBNR b Kkq - 1 8,black,a7a6,101.0,0.247267256596452,0,,33,teacher_candidate,tactics,,,
1076,tactics_0347,tactics,train,generated_0021,rnb1kbnr/pp3pp1/3p3p/qNp1p3/P1P5/RP3P1P/3PP1P1/2BQKBNR b Kkq - 1 8,black,a5d8,97.0,0.2378557096003806,0,,33,teacher_candidate,tactics,,,
1076,tactics_0347,tactics,train,generated_0021,rnb1kbnr/pp3pp1/3p3p/qNp1p3/P1P5/RP3P1P/3PP1P1/2BQKBNR b Kkq - 1 8,black,b8d7,-20.0,-0.0499583749578799,0,,33,teacher_candidate,tactics,,,
1076,tactics_0347,tactics,train,generated_0021,rnb1kbnr/pp3pp1/3p3p/qNp1p3/P1P5/RP3P1P/3PP1P1/2BQKBNR b Kkq - 1 8,black,a5d2,-1098.0,-0.9917782497553388,0,,33,teacher_candidate,tactics,,,
3485,tactics_0348,tactics,train,generated_0069,rnbqkbn1/2ppp1pr/p7/1p3p1p/3P2PP/PP6/2PNPP2/R1BQKBNR w KQq - 2 7,white,g4f5,553.0,0.8815098488354687,1,,25,teacher_candidate,tactics,,,
3485,tactics_0348,tactics,train,generated_0069,rnbqkbn1/2ppp1pr/p7/1p3p1p/3P2PP/PP6/2PNPP2/R1BQKBNR w KQq - 2 7,white,f1g2,322.0,0.6668227728490808,0,,25,teacher_candidate,tactics,,,
3485,tactics_0348,tactics,train,generated_0069,rnbqkbn1/2ppp1pr/p7/1p3p1p/3P2PP/PP6/2PNPP2/R1BQKBNR w KQq - 2 7,white,a1a2,251.0,0.5563283698494009,0,,25,teacher_candidate,tactics,,,
3485,tactics_0348,tactics,train,generated_0069,rnbqkbn1/2ppp1pr/p7/1p3p1p/3P2PP/PP6/2PNPP2/R1BQKBNR w KQq - 2 7,white,c1b2,-28.0,-0.0698858903164289,0,,25,teacher_candidate,tactics,,,
3485,tactics_0348,tactics,train,generated_0069,rnbqkbn1/2ppp1pr/p7/1p3p1p/3P2PP/PP6/2PNPP2/R1BQKBNR w KQq - 2 7,white,d2e4,-376.0,-0.7352222529158692,0,,25,teacher_candidate,tactics,,,
4548,tactics_0349,tactics,train,generated_0090,r2qkbnr/1b1ppp1p/np1p2p1/p7/8/P3P1PN/1PPP1P1P/R1BQKB1R b KQkq - 0 7,black,b7h1,932.0,0.9812446222746464,1,,31,teacher_candidate,tactics,,,
4548,tactics_0349,tactics,train,generated_0090,r2qkbnr/1b1ppp1p/np1p2p1/p7/8/P3P1PN/1PPP1P1P/R1BQKB1R b KQkq - 0 7,black,f8g7,825.0,0.9681872165763704,0,,31,teacher_candidate,tactics,,,
4548,tactics_0349,tactics,train,generated_0090,r2qkbnr/1b1ppp1p/np1p2p1/p7/8/P3P1PN/1PPP1P1P/R1BQKB1R b KQkq - 0 7,black,a6c7,808.0,0.9654136868601892,0,,31,teacher_candidate,tactics,,,
4548,tactics_0349,tactics,train,generated_0090,r2qkbnr/1b1ppp1p/np1p2p1/p7/8/P3P1PN/1PPP1P1P/R1BQKB1R b KQkq - 0 7,black,b7c6,748.0,0.953594123708712,0,,31,teacher_candidate,tactics,,,
4548,tactics_0349,tactics,train,generated_0090,r2qkbnr/1b1ppp1p/np1p2p1/p7/8/P3P1PN/1PPP1P1P/R1BQKB1R b KQkq - 0 7,black,b7g2,-182.0,-0.4260003255045633,0,,31,teacher_candidate,tactics,,,
2731,tactics_0350,tactics,train,generated_0054,rnbqk2r/p1pppp1p/1p4p1/3nPPb1/6Q1/P2B4/1PPP2PP/RNB1K1NR w KQkq - 3 8,white,g4g5,764.0,0.957085420564793,1,,40,teacher_candidate,tactics,,,
2731,tactics_0350,tactics,train,generated_0054,rnbqk2r/p1pppp1p/1p4p1/3nPPb1/6Q1/P2B4/1PPP2PP/RNB1K1NR w KQkq - 3 8,white,f5g6,362.0,0.7187237485317317,0,,40,teacher_candidate,tactics,,,
2731,tactics_0350,tactics,train,generated_0054,rnbqk2r/p1pppp1p/1p4p1/3nPPb1/6Q1/P2B4/1PPP2PP/RNB1K1NR w KQkq - 3 8,white,g1e2,337.0,0.6871309578805149,0,,40,teacher_candidate,tactics,,,
2731,tactics_0350,tactics,train,generated_0054,rnbqk2r/p1pppp1p/1p4p1/3nPPb1/6Q1/P2B4/1PPP2PP/RNB1K1NR w KQkq - 3 8,white,h2h3,133.0,0.3207653461584321,0,,40,teacher_candidate,tactics,,,
2731,tactics_0350,tactics,train,generated_0054,rnbqk2r/p1pppp1p/1p4p1/3nPPb1/6Q1/P2B4/1PPP2PP/RNB1K1NR w KQkq - 3 8,white,g4f4,-981.0,-0.9852901059568392,0,,40,teacher_candidate,tactics,,,
1437,tactics_0351,tactics,train,generated_0028,rnb1kbnr/p1pp1p2/1p3qp1/P6p/3pP3/2P4N/1PQ2PPP/RNB1KB1R w KQ - 1 9,white,c1g5,235.0,0.528095199594932,1,,39,teacher_candidate,tactics,,,
1437,tactics_0351,tactics,train,generated_0028,rnb1kbnr/p1pp1p2/1p3qp1/P6p/3pP3/2P4N/1PQ2PPP/RNB1KB1R w KQ - 1 9,white,f1d3,166.0,0.3927098596476682,0,,39,teacher_candidate,tactics,,,
1437,tactics_0351,tactics,train,generated_0028,rnb1kbnr/p1pp1p2/1p3qp1/P6p/3pP3/2P4N/1PQ2PPP/RNB1KB1R w KQ - 1 9,white,c3d4,165.0,0.3905933386951307,0,,39,teacher_candidate,tactics,,,
1437,tactics_0351,tactics,train,generated_0028,rnb1kbnr/p1pp1p2/1p3qp1/P6p/3pP3/2P4N/1PQ2PPP/RNB1KB1R w KQ - 1 9,white,c2d1,70.0,0.1732351578346601,0,,39,teacher_candidate,tactics,,,
1437,tactics_0351,tactics,train,generated_0028,rnb1kbnr/p1pp1p2/1p3qp1/P6p/3pP3/2P4N/1PQ2PPP/RNB1KB1R w KQ - 1 9,white,c1e3,-773.0,-0.9589349975863708,0,,39,teacher_candidate,tactics,,,
3778,tactics_0352,tactics,train,generated_0075,r1b1kbnr/p1pp1p2/npq3pp/4p3/3PPBP1/1P1Q3P/P1P2P2/RN1K1BNR w kq - 3 9,white,f4e5,298.0,0.6321565451609915,1,,39,teacher_candidate,tactics,,,
3778,tactics_0352,tactics,train,generated_0075,r1b1kbnr/p1pp1p2/npq3pp/4p3/3PPBP1/1P1Q3P/P1P2P2/RN1K1BNR w kq - 3 9,white,d4d5,73.0,0.1805005038603668,0,,39,teacher_candidate,tactics,,,
3778,tactics_0352,tactics,train,generated_0075,r1b1kbnr/p1pp1p2/npq3pp/4p3/3PPBP1/1P1Q3P/P1P2P2/RN1K1BNR w kq - 3 9,white,a2a3,59.0,0.1464395453596697,0,,39,teacher_candidate,tactics,,,
3778,tactics_0352,tactics,train,generated_0075,r1b1kbnr/p1pp1p2/npq3pp/4p3/3PPBP1/1P1Q3P/P1P2P2/RN1K1BNR w kq - 3 9,white,b3b4,-498.0,-0.8468756052963757,0,,39,teacher_candidate,tactics,,,
3778,tactics_0352,tactics,train,generated_0075,r1b1kbnr/p1pp1p2/npq3pp/4p3/3PPBP1/1P1Q3P/P1P2P2/RN1K1BNR w kq - 3 9,white,d1e2,-815.0,-0.9665833928092236,0,,39,teacher_candidate,tactics,,,
2161,tactics_0353,tactics,train,generated_0043,rnbq1k1r/2pp1p2/1p2pn2/P5pp/3P2PP/2P5/PbN1PP2/R1BQKBNR w KQ - 0 10,white,c1b2,474.0,0.829021721130387,1,,30,teacher_candidate,tactics,,,
2161,tactics_0353,tactics,train,generated_0043,rnbq1k1r/2pp1p2/1p2pn2/P5pp/3P2PP/2P5/PbN1PP2/R1BQKBNR w KQ - 0 10,white,a1b1,121.0,0.2935987851159713,0,,30,teacher_candidate,tactics,,,
2161,tactics_0353,tactics,train,generated_0043,rnbq1k1r/2pp1p2/1p2pn2/P5pp/3P2PP/2P5/PbN1PP2/R1BQKBNR w KQ - 0 10,white,f1g2,72.0,0.1780808681173302,0,,30,teacher_candidate,tactics,,,
2161,tactics_0353,tactics,train,generated_0043,rnbq1k1r/2pp1p2/1p2pn2/P5pp/3P2PP/2P5/PbN1PP2/R1BQKBNR w KQ - 0 10,white,g1h3,-268.0,-0.5849798828807288,0,,30,teacher_candidate,tactics,,,
2161,tactics_0353,tactics,train,generated_0043,rnbq1k1r/2pp1p2/1p2pn2/P5pp/3P2PP/2P5/PbN1PP2/R1BQKBNR w KQ - 0 10,white,c1f4,-727.0,-0.9485885670976116,0,,30,teacher_candidate,tactics,,,
3708,tactics_0354,tactics,train,generated_0074,r2qkbnr/p5pp/np1p1p2/2pNpb2/8/2N1PQ1P/PPPPBPP1/R1B1K2R w KQkq - 2 9,white,f3f5,873.0,0.974889955210435,1,,40,teacher_candidate,tactics,,,
3708,tactics_0354,tactics,train,generated_0074,r2qkbnr/p5pp/np1p1p2/2pNpb2/8/2N1PQ1P/PPPPBPP1/R1B1K2R w KQkq - 2 9,white,e2a6,852.0,0.9721487193869992,0,,40,teacher_candidate,tactics,,,
3708,tactics_0354,tactics,train,generated_0074,r2qkbnr/p5pp/np1p1p2/2pNpb2/8/2N1PQ1P/PPPPBPP1/R1B1K2R w KQkq - 2 9,white,e2b5,833.0,0.9694155381723456,0,,40,teacher_candidate,tactics,,,
3708,tactics_0354,tactics,train,generated_0074,r2qkbnr/p5pp/np1p1p2/2pNpb2/8/2N1PQ1P/PPPPBPP1/R1B1K2R w KQkq - 2 9,white,a2a4,396.0,0.7573623242165263,0,,40,teacher_candidate,tactics,,,
3708,tactics_0354,tactics,train,generated_0074,r2qkbnr/p5pp/np1p1p2/2pNpb2/8/2N1PQ1P/PPPPBPP1/R1B1K2R w KQkq - 2 9,white,f3f4,-716.0,-0.945760565596474,0,,40,teacher_candidate,tactics,,,
1276,tactics_0355,tactics,train,generated_0025,rnbqk1nr/2ppp3/pp6/5pbp/PP6/2P5/2RPPNPP/1NBQKB1R b Kkq - 0 10,black,d7d5,32.0,0.0798297691111313,1,,25,teacher_candidate,tactics,,,
1276,tactics_0355,tactics,train,generated_0025,rnbqk1nr/2ppp3/pp6/5pbp/PP6/2P5/2RPPNPP/1NBQKB1R b Kkq - 0 10,black,g8f6,29.0,0.0723732404635894,0,,25,teacher_candidate,tactics,,,
1276,tactics_0355,tactics,train,generated_0025,rnbqk1nr/2ppp3/pp6/5pbp/PP6/2P5/2RPPNPP/1NBQKB1R b Kkq - 0 10,black,c8b7,28.0,0.0698858903164289,0,,25,teacher_candidate,tactics,,,
1276,tactics_0355,tactics,train,generated_0025,rnbqk1nr/2ppp3/pp6/5pbp/PP6/2P5/2RPPNPP/1NBQKB1R b Kkq - 0 10,black,g5f6,-73.0,-0.1805005038603668,0,,25,teacher_candidate,tactics,,,
1276,tactics_0355,tactics,train,generated_0025,rnbqk1nr/2ppp3/pp6/5pbp/PP6/2P5/2RPPNPP/1NBQKB1R b Kkq - 0 10,black,g5d2,-700.0,-0.9413755384972874,0,,25,teacher_candidate,tactics,,,
2931,tactics_0356,tactics,train,generated_0058,rnbqk2r/1ppp3p/4pn1b/pB6/5Pp1/NN3P2/PPPP2PP/R1BQ1RK1 w kq - 1 10,white,f3g4,345.0,0.6975434949818516,1,,28,teacher_candidate,tactics,,,
2931,tactics_0356,tactics,train,generated_0058,rnbqk2r/1ppp3p/4pn1b/pB6/5Pp1/NN3P2/PPPP2PP/R1BQ1RK1 w kq - 1 10,white,d2d4,176.0,0.4136444421871351,0,,28,teacher_candidate,tactics,,,
2931,tactics_0356,tactics,train,generated_0058,rnbqk2r/1ppp3p/4pn1b/pB6/5Pp1/NN3P2/PPPP2PP/R1BQ1RK1 w kq - 1 10,white,f4f5,162.0,0.3842190086035763,0,,28,teacher_candidate,tactics,,,
2931,tactics_0356,tactics,train,generated_0058,rnbqk2r/1ppp3p/4pn1b/pB6/5Pp1/NN3P2/PPPP2PP/R1BQ1RK1 w kq - 1 10,white,c2c3,54.0,0.1341858099309086,0,,28,teacher_candidate,tactics,,,
2931,tactics_0356,tactics,train,generated_0058,rnbqk2r/1ppp3p/4pn1b/pB6/5Pp1/NN3P2/PPPP2PP/R1BQ1RK1 w kq - 1 10,white,h2h4,-252.0,-0.5580522155596244,0,,28,teacher_candidate,tactics,,,
477,tactics_0357,tactics,train,generated_0009,rnq1kbnr/pp1b1p2/4p3/2pp2pp/4PP2/2PP3N/PP1B2PP/RN1QKB1R w KQkq - 0 9,white,f4g5,190.0,0.4422303560457261,1,,30,teacher_candidate,tactics,,,
477,tactics_0357,tactics,train,generated_0009,rnq1kbnr/pp1b1p2/4p3/2pp2pp/4PP2/2PP3N/PP1B2PP/RN1QKB1R w KQkq - 0 9,white,h3g5,140.0,0.3363755443363322,0,,30,teacher_candidate,tactics,,,
477,tactics_0357,tactics,train,generated_0009,rnq1kbnr/pp1b1p2/4p3/2pp2pp/4PP2/2PP3N/PP1B2PP/RN1QKB1R w KQkq - 0 9,white,f1e2,82.0,0.2021757576967395,0,,30,teacher_candidate,tactics,,,
477,tactics_0357,tactics,train,generated_0009,rnq1kbnr/pp1b1p2/4p3/2pp2pp/4PP2/2PP3N/PP1B2PP/RN1QKB1R w KQkq - 0 9,white,d3d4,-72.0,-0.1780808681173302,0,,30,teacher_candidate,tactics,,,
477,tactics_0357,tactics,train,generated_0009,rnq1kbnr/pp1b1p2/4p3/2pp2pp/4PP2/2PP3N/PP1B2PP/RN1QKB1R w KQkq - 0 9,white,d1a4,-1017.0,-0.9876983592848,0,,30,teacher_candidate,tactics,,,
1807,tactics_0358,tactics,train,generated_0036,r1bqkbn1/1pp2p2/2np1p1r/p6p/1P5p/P2P4/RBP1P1P1/1N1QKBNR w Kq - 0 10,white,b4b5,-292.0,-0.623065349572361,1,,28,teacher_candidate,tactics,,,
1807,tactics_0358,tactics,train,generated_0036,r1bqkbn1/1pp2p2/2np1p1r/p6p/1P5p/P2P4/RBP1P1P1/1N1QKBNR w Kq - 0 10,white,b1c3,-319.0,-0.6626368112043609,0,,28,teacher_candidate,tactics,,,
1807,tactics_0358,tactics,train,generated_0036,r1bqkbn1/1pp2p2/2np1p1r/p6p/1P5p/P2P4/RBP1P1P1/1N1QKBNR w Kq - 0 10,white,a2a1,-342.0,-0.6936725684698276,0,,28,teacher_candidate,tactics,,,
1807,tactics_0358,tactics,train,generated_0036,r1bqkbn1/1pp2p2/2np1p1r/p6p/1P5p/P2P4/RBP1P1P1/1N1QKBNR w Kq - 0 10,white,e2e4,-595.0,-0.9028636912994878,0,,28,teacher_candidate,tactics,,,
1807,tactics_0358,tactics,train,generated_0036,r1bqkbn1/1pp2p2/2np1p1r/p6p/1P5p/P2P4/RBP1P1P1/1N1QKBNR w Kq - 0 10,white,b2e5,-999.0,-0.9865476533417604,0,,28,teacher_candidate,tactics,,,
4356,tactics_0359,tactics,train,generated_0087,rnbqk1nr/2pp1ppp/1p2pb2/p3P3/P7/3K4/RPPPQPPP/1NB2BNR w kq - 1 9,white,e5f6,-227.0,-0.5135209012396211,1,,29,teacher_candidate,tactics,,,
4356,tactics_0359,tactics,train,generated_0087,rnbqk1nr/2pp1ppp/1p2pb2/p3P3/P7/3K4/RPPPQPPP/1NB2BNR w kq - 1 9,white,b2b3,-252.0,-0.5580522155596244,0,,29,teacher_candidate,tactics,,,
4356,tactics_0359,tactics,train,generated_0087,rnbqk1nr/2pp1ppp/1p2pb2/p3P3/P7/3K4/RPPPQPPP/1NB2BNR w kq - 1 9,white,e2e4,-273.0,-0.5931422541818654,0,,29,teacher_candidate,tactics,,,
4356,tactics_0359,tactics,train,generated_0087,rnbqk1nr/2pp1ppp/1p2pb2/p3P3/P7/3K4/RPPPQPPP/1NB2BNR w kq - 1 9,white,e2e1,-367.0,-0.7247125847970075,0,,29,teacher_candidate,tactics,,,
4356,tactics_0359,tactics,train,generated_0087,rnbqk1nr/2pp1ppp/1p2pb2/p3P3/P7/3K4/RPPPQPPP/1NB2BNR w kq - 1 9,white,d3d4,-679.0,-0.9350958140215132,0,,29,teacher_candidate,tactics,,,
49,tactics_0360,tactics,train,generated_0000,r1bqkbnr/pp1p2p1/4p3/2p2p1p/2B5/NP2P1QN/P1PP1PPP/R1B1K2R b KQkq - 1 8,black,d8f6,-573.0,-0.8921777851440168,1,,28,teacher_candidate,tactics,,,
49,tactics_0360,tactics,train,generated_0000,r1bqkbnr/pp1p2p1/4p3/2p2p1p/2B5/NP2P1QN/P1PP1PPP/R1B1K2R b KQkq - 1 8,black,g7g5,-620.0,-0.9137854901178276,0,,28,teacher_candidate,tactics,,,
49,tactics_0360,tactics,train,generated_0000,r1bqkbnr/pp1p2p1/4p3/2p2p1p/2B5/NP2P1QN/P1PP1PPP/R1B1K2R b KQkq - 1 8,black,g8h6,-621.0,-0.9141970392864124,0,,28,teacher_candidate,tactics,,,
49,tactics_0360,tactics,train,generated_0000,r1bqkbnr/pp1p2p1/4p3/2p2p1p/2B5/NP2P1QN/P1PP1PPP/R1B1K2R b KQkq - 1 8,black,e8e7,-837.0,-0.970012070553968,0,,28,teacher_candidate,tactics,,,
49,tactics_0360,tactics,train,generated_0000,r1bqkbnr/pp1p2p1/4p3/2p2p1p/2B5/NP2P1QN/P1PP1PPP/R1B1K2R b KQkq - 1 8,black,d8g5,-1034.0,-0.9886951256975258,0,,28,teacher_candidate,tactics,,,
2088,tactics_0361,tactics,train,generated_0041,rnbqk1nr/1p1p1pp1/2p5/p3p1p1/3P4/N3BP1P/PPP1P1P1/R2QKB1R w KQkq - 0 8,white,d4e5,366.0,0.7235234536550119,1,,29,teacher_candidate,tactics,,,
2088,tactics_0361,tactics,train,generated_0041,rnbqk1nr/1p1p1pp1/2p5/p3p1p1/3P4/N3BP1P/PPP1P1P1/R2QKB1R w KQkq - 0 8,white,a3c4,147.0,0.3518030554518814,0,,29,teacher_candidate,tactics,,,
2088,tactics_0361,tactics,train,generated_0041,rnbqk1nr/1p1p1pp1/2p5/p3p1p1/3P4/N3BP1P/PPP1P1P1/R2QKB1R w KQkq - 0 8,white,h1g1,143.0,0.3430100684508116,0,,29,teacher_candidate,tactics,,,
2088,tactics_0361,tactics,train,generated_0041,rnbqk1nr/1p1p1pp1/2p5/p3p1p1/3P4/N3BP1P/PPP1P1P1/R2QKB1R w KQkq - 0 8,white,e3c1,73.0,0.1805005038603668,0,,29,teacher_candidate,tactics,,,
2088,tactics_0361,tactics,train,generated_0041,rnbqk1nr/1p1p1pp1/2p5/p3p1p1/3P4/N3BP1P/PPP1P1P1/R2QKB1R w KQkq - 0 8,white,e3f4,-801.0,-0.9642037821118064,0,,29,teacher_candidate,tactics,,,
3710,tactics_0362,tactics,train,generated_0074,r1b1kbnr/pppp1ppp/n2q4/4p3/1QP4P/4P1P1/PP1P1P2/RNB1KBNR b KQkq - 2 7,black,a6b4,839.0,0.9703060253208864,1,,34,teacher_candidate,tactics,,,
3710,tactics_0362,tactics,train,generated_0074,r1b1kbnr/pppp1ppp/n2q4/4p3/1QP4P/4P1P1/PP1P1P2/RNB1KBNR b KQkq - 2 7,black,d6b4,649.0,0.9249860569527596,0,,34,teacher_candidate,tactics,,,
3710,tactics_0362,tactics,train,generated_0074,r1b1kbnr/pppp1ppp/n2q4/4p3/1QP4P/4P1P1/PP1P1P2/RNB1KBNR b KQkq - 2 7,black,d6c6,412.0,0.7739083398558421,0,,34,teacher_candidate,tactics,,,
3710,tactics_0362,tactics,train,generated_0074,r1b1kbnr/pppp1ppp/n2q4/4p3/1QP4P/4P1P1/PP1P1P2/RNB1KBNR b KQkq - 2 7,black,b7b5,-10.0,-0.0249947929684206,0,,34,teacher_candidate,tactics,,,
3710,tactics_0362,tactics,train,generated_0074,r1b1kbnr/pppp1ppp/n2q4/4p3/1QP4P/4P1P1/PP1P1P2/RNB1KBNR b KQkq - 2 7,black,d6d2,-780.0,-0.960319388531845,0,,34,teacher_candidate,tactics,,,
4976,tactics_0363,tactics,train,generated_0099,r1b1k2r/pppqpp1p/n3pnp1/8/3PP3/1PP1bP2/P3Q1PP/RN2K1NR b KQkq - 0 9,black,e3c1,1018.0,0.98775933846284,1,,37,teacher_candidate,tactics,,,
4976,tactics_0363,tactics,train,generated_0099,r1b1k2r/pppqpp1p/n3pnp1/8/3PP3/1PP1bP2/P3Q1PP/RN2K1NR b KQkq - 0 9,black,e3f4,1005.0,0.9869426346161566,0,,37,teacher_candidate,tactics,,,
4976,tactics_0363,tactics,train,generated_0099,r1b1k2r/pppqpp1p/n3pnp1/8/3PP3/1PP1bP2/P3Q1PP/RN2K1NR b KQkq - 0 9,black,e3h6,1000.0,0.9866142981514304,0,,37,teacher_candidate,tactics,,,
4976,tactics_0363,tactics,train,generated_0099,r1b1k2r/pppqpp1p/n3pnp1/8/3PP3/1PP1bP2/P3Q1PP/RN2K1NR b KQkq - 0 9,black,f6d5,595.0,0.9028636912994878,0,,37,teacher_candidate,tactics,,,
4976,tactics_0363,tactics,train,generated_0099,r1b1k2r/pppqpp1p/n3pnp1/8/3PP3/1PP1bP2/P3Q1PP/RN2K1NR b KQkq - 0 9,black,d7b5,-561.0,-0.8858908348021591,0,,37,teacher_candidate,tactics,,,
2515,tactics_0364,tactics,train,generated_0050,rnbqkbnr/ppQ1p3/8/5ppp/P2p4/2P2P1N/1P1PP1PP/RNB1KB1R w KQkq - 0 8,white,c7d8,559.0,0.8848100694639156,1,,36,teacher_candidate,tactics,,,
2515,tactics_0364,tactics,train,generated_0050,rnbqkbnr/ppQ1p3/8/5ppp/P2p4/2P2P1N/1P1PP1PP/RNB1KB1R w KQkq - 0 8,white,c7c4,117.0,0.2844341859148753,0,,36,teacher_candidate,tactics,,,
2515,tactics_0364,tactics,train,generated_0050,rnbqkbnr/ppQ1p3/8/5ppp/P2p4/2P2P1N/1P1PP1PP/RNB1KB1R w KQkq - 0 8,white,c7e5,79.0,0.1949715316540321,0,,36,teacher_candidate,tactics,,,
2515,tactics_0364,tactics,train,generated_0050,rnbqkbnr/ppQ1p3/8/5ppp/P2p4/2P2P1N/1P1PP1PP/RNB1KB1R w KQkq - 0 8,white,c3d4,-945.0,-0.9824145675206502,0,,36,teacher_candidate,tactics,,,
2515,tactics_0364,tactics,train,generated_0050,rnbqkbnr/ppQ1p3/8/5ppp/P2p4/2P2P1N/1P1PP1PP/RNB1KB1R w KQkq - 0 8,white,b2b3,-1037.0,-0.9888624960853576,0,,36,teacher_candidate,tactics,,,
4040,tactics_0365,tactics,train,generated_0080,rnbqk1n1/ppp2ppr/3pp3/2b3p1/4PP2/PP6/2PPB1PP/RNBQK2R b KQq - 0 8,black,g5f4,832.0,0.9692645888694488,1,,38,teacher_candidate,tactics,,,
4040,tactics_0365,tactics,train,generated_0080,rnbqk1n1/ppp2ppr/3pp3/2b3p1/4PP2/PP6/2PPB1PP/RNBQK2R b KQq - 0 8,black,c5b6,662.0,0.929540561588157,0,,38,teacher_candidate,tactics,,,
4040,tactics_0365,tactics,train,generated_0080,rnbqk1n1/ppp2ppr/3pp3/2b3p1/4PP2/PP6/2PPB1PP/RNBQK2R b KQq - 0 8,black,b8c6,642.0,0.922417731079528,0,,38,teacher_candidate,tactics,,,
4040,tactics_0365,tactics,train,generated_0080,rnbqk1n1/ppp2ppr/3pp3/2b3p1/4PP2/PP6/2PPB1PP/RNBQK2R b KQq - 0 8,black,g7g6,475.0,0.8298019099859595,0,,38,teacher_candidate,tactics,,,
4040,tactics_0365,tactics,train,generated_0080,rnbqk1n1/ppp2ppr/3pp3/2b3p1/4PP2/PP6/2PPB1PP/RNBQK2R b KQq - 0 8,black,h7h2,9.0,0.0224962038937096,0,,38,teacher_candidate,tactics,,,
3933,tactics_0366,tactics,train,generated_0078,r2q1bnr/pbpppk2/P1n5/1p3ppp/5R2/2NP3P/1PP1PPP1/2BQKBNR b K - 0 8,black,g5f4,-86.0,-0.2117473368635211,1,,31,teacher_candidate,tactics,,,
3933,tactics_0366,tactics,train,generated_0078,r2q1bnr/pbpppk2/P1n5/1p3ppp/5R2/2NP3P/1PP1PPP1/2BQKBNR b K - 0 8,black,b7a6,-247.0,-0.5493849858298566,0,,31,teacher_candidate,tactics,,,
3933,tactics_0366,tactics,train,generated_0078,r2q1bnr/pbpppk2/P1n5/1p3ppp/5R2/2NP3P/1PP1PPP1/2BQKBNR b K - 0 8,black,e7e6,-415.0,-0.7768989196342072,0,,31,teacher_candidate,tactics,,,
3933,tactics_0366,tactics,train,generated_0078,r2q1bnr/pbpppk2/P1n5/1p3ppp/5R2/2NP3P/1PP1PPP1/2BQKBNR b K - 0 8,black,f8h6,-865.0,-0.973878578941094,0,,31,teacher_candidate,tactics,,,
3933,tactics_0366,tactics,train,generated_0078,r2q1bnr/pbpppk2/P1n5/1p3ppp/5R2/2NP3P/1PP1PPP1/2BQKBNR b K - 0 8,black,c6b8,-1100.0,-0.9918597245682076,0,,31,teacher_candidate,tactics,,,
2012,tactics_0367,tactics,train,generated_0040,rnbqkbnr/2ppp1pp/p7/1pP5/5p2/4P3/PPQP1PPP/RNBK1BNR w kq - 2 7,white,d2d4,143.0,0.3430100684508116,1,,34,teacher_candidate,tactics,,,
2012,tactics_0367,tactics,train,generated_0040,rnbqkbnr/2ppp1pp/p7/1pP5/5p2/4P3/PPQP1PPP/RNBK1BNR w kq - 2 7,white,b1c3,106.0,0.2589662239347897,0,,34,teacher_candidate,tactics,,,
2012,tactics_0367,tactics,train,generated_0040,rnbqkbnr/2ppp1pp/p7/1pP5/5p2/4P3/PPQP1PPP/RNBK1BNR w kq - 2 7,white,g1f3,98.0,0.2402128646861802,0,,34,teacher_candidate,tactics,,,
2012,tactics_0367,tactics,train,generated_0040,rnbqkbnr/2ppp1pp/p7/1pP5/5p2/4P3/PPQP1PPP/RNBK1BNR w kq - 2 7,white,c2b3,-7.0,-0.0174982137604806,0,,34,teacher_candidate,tactics,,,
2012,tactics_0367,tactics,train,generated_0040,rnbqkbnr/2ppp1pp/p7/1pP5/5p2/4P3/PPQP1PPP/RNBK1BNR w kq - 2 7,white,c2g6,-930.0,-0.9810579128361078,0,,34,teacher_candidate,tactics,,,
492,tactics_0368,tactics,train,generated_0009,r1bqk1nr/pppp4/5p1p/4p1p1/1nP2P2/P5PP/P2PP2R/RNBQKBN1 b Qkq - 0 8,black,b4c6,-644.0,-0.9231600289968692,1,,27,teacher_candidate,tactics,,,
492,tactics_0368,tactics,train,generated_0009,r1bqk1nr/pppp4/5p1p/4p1p1/1nP2P2/P5PP/P2PP2R/RNBQKBN1 b Qkq - 0 8,black,g5f4,-692.0,-0.9390559334707116,0,,27,teacher_candidate,tactics,,,
492,tactics_0368,tactics,train,generated_0009,r1bqk1nr/pppp4/5p1p/4p1p1/1nP2P2/P5PP/P2PP2R/RNBQKBN1 b Qkq - 0 8,black,e5f4,-747.0,-0.9533669369540612,0,,27,teacher_candidate,tactics,,,
492,tactics_0368,tactics,train,generated_0009,r1bqk1nr/pppp4/5p1p/4p1p1/1nP2P2/P5PP/P2PP2R/RNBQKBN1 b Qkq - 0 8,black,h6h5,-963.0,-0.983915952786863,0,,27,teacher_candidate,tactics,,,
492,tactics_0368,tactics,train,generated_0009,r1bqk1nr/pppp4/5p1p/4p1p1/1nP2P2/P5PP/P2PP2R/RNBQKBN1 b Qkq - 0 8,black,b4c2,-1039.0,-0.9889727050784304,0,,27,teacher_candidate,tactics,,,
484,tactics_0369,tactics,train,generated_0009,rnbqk2r/p1pp1ppp/5n2/1p6/3Pp3/bP5Q/PBP1PPPP/RNK2BNR b kq - 7 7,black,a3b2,193.0,0.4482435415416372,1,,32,teacher_candidate,tactics,,,
484,tactics_0369,tactics,train,generated_0009,rnbqk2r/p1pp1ppp/5n2/1p6/3Pp3/bP5Q/PBP1PPPP/RNK2BNR b kq - 7 7,black,d7d5,187.0,0.4361771503666996,0,,32,teacher_candidate,tactics,,,
484,tactics_0369,tactics,train,generated_0009,rnbqk2r/p1pp1ppp/5n2/1p6/3Pp3/bP5Q/PBP1PPPP/RNK2BNR b kq - 7 7,black,e8g8,151.0,0.3605343933972969,0,,32,teacher_candidate,tactics,,,
484,tactics_0369,tactics,train,generated_0009,rnbqk2r/p1pp1ppp/5n2/1p6/3Pp3/bP5Q/PBP1PPPP/RNK2BNR b kq - 7 7,black,a3d6,32.0,0.0798297691111313,0,,32,teacher_candidate,tactics,,,
484,tactics_0369,tactics,train,generated_0009,rnbqk2r/p1pp1ppp/5n2/1p6/3Pp3/bP5Q/PBP1PPPP/RNK2BNR b kq - 7 7,black,f6h5,-734.0,-0.9503129117179926,0,,32,teacher_candidate,tactics,,,
1847,tactics_0370,tactics,train,generated_0036,rnbqkbnr/2ppp2p/pp6/6p1/1PP2p2/3Q1P2/P2PP1PP/RNB1KBNR w KQkq - 0 8,white,c1b2,202.0,0.4660402984777151,1,,30,teacher_candidate,tactics,,,
1847,tactics_0370,tactics,train,generated_0036,rnbqkbnr/2ppp2p/pp6/6p1/1PP2p2/3Q1P2/P2PP1PP/RNB1KBNR w KQkq - 0 8,white,h2h4,91.0,0.2236547380034742,0,,30,teacher_candidate,tactics,,,
1847,tactics_0370,tactics,train,generated_0036,rnbqkbnr/2ppp2p/pp6/6p1/1PP2p2/3Q1P2/P2PP1PP/RNB1KBNR w KQkq - 0 8,white,g1h3,85.0,0.2093581694280187,0,,30,teacher_candidate,tactics,,,
1847,tactics_0370,tactics,train,generated_0036,rnbqkbnr/2ppp2p/pp6/6p1/1PP2p2/3Q1P2/P2PP1PP/RNB1KBNR w KQkq - 0 8,white,d3d5,-50.0,-0.1243530017715962,0,,30,teacher_candidate,tactics,,,
1847,tactics_0370,tactics,train,generated_0036,rnbqkbnr/2ppp2p/pp6/6p1/1PP2p2/3Q1P2/P2PP1PP/RNB1KBNR w KQkq - 0 8,white,d3e3,-950.0,-0.982845029172576,0,,30,teacher_candidate,tactics,,,
4092,tactics_0371,tactics,train,generated_0081,1nbqkbn1/rpppppp1/8/p7/3Q4/2P1P2r/PP1P1PB1/RNB1K1nR b - - 1 10,black,h3h1,741.0,0.9519808468695424,1,,31,teacher_candidate,tactics,,,
4092,tactics_0371,tactics,train,generated_0081,1nbqkbn1/rpppppp1/8/p7/3Q4/2P1P2r/PP1P1PB1/RNB1K1nR b - - 1 10,black,b8c6,712.0,0.9446951553543538,0,,31,teacher_candidate,tactics,,,
4092,tactics_0371,tactics,train,generated_0081,1nbqkbn1/rpppppp1/8/p7/3Q4/2P1P2r/PP1P1PB1/RNB1K1nR b - - 1 10,black,c7c5,642.0,0.922417731079528,0,,31,teacher_candidate,tactics,,,
4092,tactics_0371,tactics,train,generated_0081,1nbqkbn1/rpppppp1/8/p7/3Q4/2P1P2r/PP1P1PB1/RNB1K1nR b - - 1 10,black,g1e2,358.0,0.7138545530398384,0,,31,teacher_candidate,tactics,,,
4092,tactics_0371,tactics,train,generated_0081,1nbqkbn1/rpppppp1/8/p7/3Q4/2P1P2r/PP1P1PB1/RNB1K1nR b - - 1 10,black,h3h8,-149.0,-0.356176499103255,0,,31,teacher_candidate,tactics,,,
2433,tactics_0372,tactics,train,generated_0048,rnb1kbnr/ppp1p2p/3q4/5pB1/3Pp3/7N/PPP2PPP/RN2KB1R b KQkq - 1 7,black,d6b4,889.0,0.976798110969781,1,,42,teacher_candidate,tactics,,,
2433,tactics_0372,tactics,train,generated_0048,rnb1kbnr/ppp1p2p/3q4/5pB1/3Pp3/7N/PPP2PPP/RN2KB1R b KQkq - 1 7,black,f5f4,716.0,0.945760565596474,0,,42,teacher_candidate,tactics,,,
2433,tactics_0372,tactics,train,generated_0048,rnb1kbnr/ppp1p2p/3q4/5pB1/3Pp3/7N/PPP2PPP/RN2KB1R b KQkq - 1 7,black,e8d8,698.0,0.9408037916417216,0,,42,teacher_candidate,tactics,,,
2433,tactics_0372,tactics,train,generated_0048,rnb1kbnr/ppp1p2p/3q4/5pB1/3Pp3/7N/PPP2PPP/RN2KB1R b KQkq - 1 7,black,e7e6,566.0,0.8885512041426692,0,,42,teacher_candidate,tactics,,,
2433,tactics_0372,tactics,train,generated_0048,rnb1kbnr/ppp1p2p/3q4/5pB1/3Pp3/7N/PPP2PPP/RN2KB1R b KQkq - 1 7,black,d6f4,-133.0,-0.3207653461584321,0,,42,teacher_candidate,tactics,,,
356,tactics_0373,tactics,train,generated_0007,rnb1k2r/1p1pnp1p/p1p1p2b/q2N2p1/1P1P2P1/3Q4/P1P1PP1P/R1B1KBNR w KQkq - 3 8,white,b4a5,761.0,0.9564509720670356,1,,47,teacher_candidate,tactics,,,
356,tactics_0373,tactics,train,generated_0007,rnb1k2r/1p1pnp1p/p1p1p2b/q2N2p1/1P1P2P1/3Q4/P1P1PP1P/R1B1KBNR w KQkq - 3 8,white,d5f6,712.0,0.9446951553543538,0,,47,teacher_candidate,tactics,,,
356,tactics_0373,tactics,train,generated_0007,rnb1k2r/1p1pnp1p/p1p1p2b/q2N2p1/1P1P2P1/3Q4/P1P1PP1P/R1B1KBNR w KQkq - 3 8,white,d3h7,372.0,0.7305938960959438,0,,47,teacher_candidate,tactics,,,
356,tactics_0373,tactics,train,generated_0007,rnb1k2r/1p1pnp1p/p1p1p2b/q2N2p1/1P1P2P1/3Q4/P1P1PP1P/R1B1KBNR w KQkq - 3 8,white,f2f3,-316.0,-0.658409035955251,0,,47,teacher_candidate,tactics,,,
356,tactics_0373,tactics,train,generated_0007,rnb1k2r/1p1pnp1p/p1p1p2b/q2N2p1/1P1P2P1/3Q4/P1P1PP1P/R1B1KBNR w KQkq - 3 8,white,d3c4,-736.0,-0.9507951431945212,0,,47,teacher_candidate,tactics,,,
1576,tactics_0374,tactics,train,generated_0031,rn2qbnr/pbp1p1pp/3k4/1p1p1P2/1P3P2/N2P1N1B/P1PKP2P/R1BQ3R b - - 0 10,black,g8f6,-544.0,-0.8763930674728229,1,,28,teacher_candidate,tactics,,,
1576,tactics_0374,tactics,train,generated_0031,rn2qbnr/pbp1p1pp/3k4/1p1p1P2/1P3P2/N2P1N1B/P1PKP2P/R1BQ3R b - - 0 10,black,a7a6,-614.0,-0.9112763448216872,0,,28,teacher_candidate,tactics,,,
1576,tactics_0374,tactics,train,generated_0031,rn2qbnr/pbp1p1pp/3k4/1p1p1P2/1P3P2/N2P1N1B/P1PKP2P/R1BQ3R b - - 0 10,black,c7c6,-644.0,-0.9231600289968692,0,,28,teacher_candidate,tactics,,,
1576,tactics_0374,tactics,train,generated_0031,rn2qbnr/pbp1p1pp/3k4/1p1p1P2/1P3P2/N2P1N1B/P1PKP2P/R1BQ3R b - - 0 10,black,d6c6,-725.0,-0.9480852856044064,0,,28,teacher_candidate,tactics,,,
1576,tactics_0374,tactics,train,generated_0031,rn2qbnr/pbp1p1pp/3k4/1p1p1P2/1P3P2/N2P1N1B/P1PKP2P/R1BQ3R b - - 0 10,black,e8g6,-1190.0,-0.9948018644753532,0,,28,teacher_candidate,tactics,,,
2942,tactics_0375,tactics,train,generated_0058,r1bq1bnr/ppp2kp1/3p1p1p/4n3/8/1PP2N2/P2PPPPP/R1BQKBR1 w Q - 0 8,white,e2e4,-512.0,-0.8564849154724974,1,,21,teacher_candidate,tactics,,,
2942,tactics_0375,tactics,train,generated_0058,r1bq1bnr/ppp2kp1/3p1p1p/4n3/8/1PP2N2/P2PPPPP/R1BQKBR1 w Q - 0 8,white,d2d4,-560.0,-0.8853516482022625,0,,21,teacher_candidate,tactics,,,
2942,tactics_0375,tactics,train,generated_0058,r1bq1bnr/ppp2kp1/3p1p1p/4n3/8/1PP2N2/P2PPPPP/R1BQKBR1 w Q - 0 8,white,e2e3,-560.0,-0.8853516482022625,0,,21,teacher_candidate,tactics,,,
2942,tactics_0375,tactics,train,generated_0058,r1bq1bnr/ppp2kp1/3p1p1p/4n3/8/1PP2N2/P2PPPPP/R1BQKBR1 w Q - 0 8,white,f3e5,-652.0,-0.926061581406646,0,,21,teacher_candidate,tactics,,,
2942,tactics_0375,tactics,train,generated_0058,r1bq1bnr/ppp2kp1/3p1p1p/4n3/8/1PP2N2/P2PPPPP/R1BQKBR1 w Q - 0 8,white,f3g5,-991.0,-0.9860024949798332,0,,21,teacher_candidate,tactics,,,
1972,tactics_0376,tactics,train,generated_0039,r1bqk1nr/1ppp1p2/n5pb/p3p2p/1P6/2PP1PPN/P1QNPK1P/R1B2B1R b kq - 4 9,black,a5b4,104.0,0.2542955326263911,1,,33,teacher_candidate,tactics,,,
1972,tactics_0376,tactics,train,generated_0039,r1bqk1nr/1ppp1p2/n5pb/p3p2p/1P6/2PP1PPN/P1QNPK1P/R1B2B1R b kq - 4 9,black,d7d5,83.0,0.2045723537772613,0,,33,teacher_candidate,tactics,,,
1972,tactics_0376,tactics,train,generated_0039,r1bqk1nr/1ppp1p2/n5pb/p3p2p/1P6/2PP1PPN/P1QNPK1P/R1B2B1R b kq - 4 9,black,h6g7,55.0,0.1366399669564962,0,,33,teacher_candidate,tactics,,,
1972,tactics_0376,tactics,train,generated_0039,r1bqk1nr/1ppp1p2/n5pb/p3p2p/1P6/2PP1PPN/P1QNPK1P/R1B2B1R b kq - 4 9,black,b7b6,-59.0,-0.1464395453596697,0,,33,teacher_candidate,tactics,,,
1972,tactics_0376,tactics,train,generated_0039,r1bqk1nr/1ppp1p2/n5pb/p3p2p/1P6/2PP1PPN/P1QNPK1P/R1B2B1R b kq - 4 9,black,d8h4,-872.0,-0.9747656786413226,0,,33,teacher_candidate,tactics,,,
1981,tactics_0377,tactics,train,generated_0039,rn1qkbnr/p3p1pp/2b2p2/1pp5/1P1p4/2N2P2/P1PPPKPP/R1BQ1BNR w kq - 0 8,white,c3e4,-239.0,-0.5352682346432502,1,,23,teacher_candidate,tactics,,,
1981,tactics_0377,tactics,train,generated_0039,rn1qkbnr/p3p1pp/2b2p2/1pp5/1P1p4/2N2P2/P1PPPKPP/R1BQ1BNR w kq - 0 8,white,c3b1,-280.0,-0.6043677771171635,0,,23,teacher_candidate,tactics,,,
1981,tactics_0377,tactics,train,generated_0039,rn1qkbnr/p3p1pp/2b2p2/1pp5/1P1p4/2N2P2/P1PPPKPP/R1BQ1BNR w kq - 0 8,white,c3b5,-445.0,-0.8049443259184149,0,,23,teacher_candidate,tactics,,,
1981,tactics_0377,tactics,train,generated_0039,rn1qkbnr/p3p1pp/2b2p2/1pp5/1P1p4/2N2P2/P1PPPKPP/R1BQ1BNR w kq - 0 8,white,e2e4,-713.0,-0.9449633989331148,0,,23,teacher_candidate,tactics,,,
1981,tactics_0377,tactics,train,generated_0039,rn1qkbnr/p3p1pp/2b2p2/1pp5/1P1p4/2N2P2/P1PPPKPP/R1BQ1BNR w kq - 0 8,white,f2g3,-882.0,-0.9759815913801452,0,,23,teacher_candidate,tactics,,,
2809,tactics_0378,tactics,train,generated_0056,rnb1kbnr/p2pqppp/Q1p5/1p2p3/2P1P3/5P1N/PP1P2PP/RNB1KB1R w KQkq - 0 7,white,a6c8,838.0,0.9701594044154116,1,,32,teacher_candidate,tactics,,,
2809,tactics_0378,tactics,train,generated_0056,rnb1kbnr/p2pqppp/Q1p5/1p2p3/2P1P3/5P1N/PP1P2PP/RNB1KB1R w KQkq - 0 7,white,f3f4,143.0,0.3430100684508116,0,,32,teacher_candidate,tactics,,,
2809,tactics_0378,tactics,train,generated_0056,rnb1kbnr/p2pqppp/Q1p5/1p2p3/2P1P3/5P1N/PP1P2PP/RNB1KB1R w KQkq - 0 7,white,a6a5,12.0,0.0299910032388201,0,,32,teacher_candidate,tactics,,,
2809,tactics_0378,tactics,train,generated_0056,rnb1kbnr/p2pqppp/Q1p5/1p2p3/2P1P3/5P1N/PP1P2PP/RNB1KB1R w KQkq - 0 7,white,b1a3,-992.0,-0.9860718216444758,0,,32,teacher_candidate,tactics,,,
2809,tactics_0378,tactics,train,generated_0056,rnb1kbnr/p2pqppp/Q1p5/1p2p3/2P1P3/5P1N/PP1P2PP/RNB1KB1R w KQkq - 0 7,white,h3g5,-1083.0,-0.9911407422051964,0,,32,teacher_candidate,tactics,,,
2593,tactics_0379,tactics,train,generated_0051,r2qkbnr/p1n1pp1p/1ppp2p1/8/2b4P/N2P1P2/PPQ1P1PR/R1BK1BN1 w kq - 0 9,white,a3c4,440.0,0.8004990217606297,1,,30,teacher_candidate,tactics,,,
2593,tactics_0379,tactics,train,generated_0051,r2qkbnr/p1n1pp1p/1ppp2p1/8/2b4P/N2P1P2/PPQ1P1PR/R1BK1BN1 w kq - 0 9,white,c2c4,435.0,0.7959638616217392,0,,30,teacher_candidate,tactics,,,
2593,tactics_0379,tactics,train,generated_0051,r2qkbnr/p1n1pp1p/1ppp2p1/8/2b4P/N2P1P2/PPQ1P1PR/R1BK1BN1 w kq - 0 9,white,d3c4,343.0,0.6949673662774124,0,,30,teacher_candidate,tactics,,,
2593,tactics_0379,tactics,train,generated_0051,r2qkbnr/p1n1pp1p/1ppp2p1/8/2b4P/N2P1P2/PPQ1P1PR/R1BK1BN1 w kq - 0 9,white,c1g5,-164.0,-0.388472680216061,0,,30,teacher_candidate,tactics,,,
2593,tactics_0379,tactics,train,generated_0051,r2qkbnr/p1n1pp1p/1ppp2p1/8/2b4P/N2P1P2/PPQ1P1PR/R1BK1BN1 w kq - 0 9,white,c2b3,-1002.0,-0.986746605500674,0,,30,teacher_candidate,tactics,,,
3551,tactics_0380,tactics,train,generated_0071,rnbqkb1r/1p1p1p1p/6pn/2p1p3/pPN5/P2P2PN/2P1PP1P/R1BQKB1R b KQkq b3 0 7,black,b7b5,29.0,0.0723732404635894,1,,30,teacher_candidate,tactics,,,
3551,tactics_0380,tactics,train,generated_0071,rnbqkb1r/1p1p1p1p/6pn/2p1p3/pPN5/P2P2PN/2P1PP1P/R1BQKB1R b KQkq b3 0 7,black,c5b4,11.0,0.0274930698047098,0,,30,teacher_candidate,tactics,,,
3551,tactics_0380,tactics,train,generated_0071,rnbqkb1r/1p1p1p1p/6pn/2p1p3/pPN5/P2P2PN/2P1PP1P/R1BQKB1R b KQkq b3 0 7,black,d7d5,7.0,0.0174982137604806,0,,30,teacher_candidate,tactics,,,
3551,tactics_0380,tactics,train,generated_0071,rnbqkb1r/1p1p1p1p/6pn/2p1p3/pPN5/P2P2PN/2P1PP1P/R1BQKB1R b KQkq b3 0 7,black,a8a6,-239.0,-0.5352682346432502,0,,30,teacher_candidate,tactics,,,
3551,tactics_0380,tactics,train,generated_0071,rnbqkb1r/1p1p1p1p/6pn/2p1p3/pPN5/P2P2PN/2P1PP1P/R1BQKB1R b KQkq b3 0 7,black,d8b6,-1034.0,-0.9886951256975258,0,,30,teacher_candidate,tactics,,,
2033,tactics_0381,tactics,train,generated_0040,r1bqk1nr/p1pp1p2/n3p3/1pb3pp/1P1P1P2/P1P1B2Q/4P1PP/RN2KBNR b KQkq - 0 8,black,g5g4,64.0,0.1586485042974989,1,,28,teacher_candidate,tactics,,,
2033,tactics_0381,tactics,train,generated_0040,r1bqk1nr/p1pp1p2/n3p3/1pb3pp/1P1P1P2/P1P1B2Q/4P1PP/RN2KBNR b KQkq - 0 8,black,c5e7,-111.0,-0.2705896986456141,0,,28,teacher_candidate,tactics,,,
2033,tactics_0381,tactics,train,generated_0040,r1bqk1nr/p1pp1p2/n3p3/1pb3pp/1P1P1P2/P1P1B2Q/4P1PP/RN2KBNR b KQkq - 0 8,black,g5f4,-148.0,-0.3539917124770459,0,,28,teacher_candidate,tactics,,,
2033,tactics_0381,tactics,train,generated_0040,r1bqk1nr/p1pp1p2/n3p3/1pb3pp/1P1P1P2/P1P1B2Q/4P1PP/RN2KBNR b KQkq - 0 8,black,d8f6,-581.0,-0.8961861040480193,0,,28,teacher_candidate,tactics,,,
2033,tactics_0381,tactics,train,generated_0040,r1bqk1nr/p1pp1p2/n3p3/1pb3pp/1P1P1P2/P1P1B2Q/4P1PP/RN2KBNR b KQkq - 0 8,black,h5h4,-761.0,-0.9564509720670356,0,,28,teacher_candidate,tactics,,,
3484,tactics_0382,tactics,train,generated_0069,r1b1k1nr/pp1pbpp1/n1p5/2qNp2p/P3PP1P/7N/1PPP2P1/R1BQKB1R w KQkq - 0 9,white,h3f2,95.0,0.2331330090426386,1,,36,teacher_candidate,tactics,,,
3484,tactics_0382,tactics,train,generated_0069,r1b1k1nr/pp1pbpp1/n1p5/2qNp2p/P3PP1P/7N/1PPP2P1/R1BQKB1R w KQkq - 0 9,white,d5e7,89.0,0.2188995672566503,0,,36,teacher_candidate,tactics,,,
3484,tactics_0382,tactics,train,generated_0069,r1b1k1nr/pp1pbpp1/n1p5/2qNp2p/P3PP1P/7N/1PPP2P1/R1BQKB1R w KQkq - 0 9,white,d2d4,-49.0,-0.1218909006494324,0,,36,teacher_candidate,tactics,,,
3484,tactics_0382,tactics,train,generated_0069,r1b1k1nr/pp1pbpp1/n1p5/2qNp2p/P3PP1P/7N/1PPP2P1/R1BQKB1R w KQkq - 0 9,white,f1c4,-713.0,-0.9449633989331148,0,,36,teacher_candidate,tactics,,,
3484,tactics_0382,tactics,train,generated_0069,r1b1k1nr/pp1pbpp1/n1p5/2qNp2p/P3PP1P/7N/1PPP2P1/R1BQKB1R w KQkq - 0 9,white,d1h5,-1015.0,-0.9875754937830746,0,,36,teacher_candidate,tactics,,,
2666,tactics_0383,tactics,train,generated_0053,rn1q1bnr/p1ppp2p/b6k/4Ppp1/8/6P1/PPPP1P1P/RNBQKBNR w KQ - 2 8,white,h2h4,684.0,0.9366475432418871,1,,30,teacher_candidate,tactics,,,
2666,tactics_0383,tactics,train,generated_0053,rn1q1bnr/p1ppp2p/b6k/4Ppp1/8/6P1/PPPP1P1P/RNBQKBNR w KQ - 2 8,white,d2d4,623.0,0.915014514673038,0,,30,teacher_candidate,tactics,,,
2666,tactics_0383,tactics,train,generated_0053,rn1q1bnr/p1ppp2p/b6k/4Ppp1/8/6P1/PPPP1P1P/RNBQKBNR w KQ - 2 8,white,d2d3,541.0,0.8746420772011104,0,,30,teacher_candidate,tactics,,,
2666,tactics_0383,tactics,train,generated_0053,rn1q1bnr/p1ppp2p/b6k/4Ppp1/8/6P1/PPPP1P1P/RNBQKBNR w KQ - 2 8,white,b1a3,307.0,0.6454733928434861,0,,30,teacher_candidate,tactics,,,
2666,tactics_0383,tactics,train,generated_0053,rn1q1bnr/p1ppp2p/b6k/4Ppp1/8/6P1/PPPP1P1P/RNBQKBNR w KQ - 2 8,white,d1g4,-638.0,-0.920912440898094,0,,30,teacher_candidate,tactics,,,
1065,tactics_0384,tactics,train,generated_0021,Bnbqkbnr/1r3p1p/pp1pp3/4P1p1/1PpP2P1/2P5/PB3P1P/RN1QK1NR w KQk - 2 10,white,b1d2,133.0,0.3207653461584321,1,,28,teacher_candidate,tactics,,,
1065,tactics_0384,tactics,train,generated_0021,Bnbqkbnr/1r3p1p/pp1pp3/4P1p1/1PpP2P1/2P5/PB3P1P/RN1QK1NR w KQk - 2 10,white,g1e2,95.0,0.2331330090426386,0,,28,teacher_candidate,tactics,,,
1065,tactics_0384,tactics,train,generated_0021,Bnbqkbnr/1r3p1p/pp1pp3/4P1p1/1PpP2P1/2P5/PB3P1P/RN1QK1NR w KQk - 2 10,white,g1f3,53.0,0.1317300057909633,0,,28,teacher_candidate,tactics,,,
1065,tactics_0384,tactics,train,generated_0021,Bnbqkbnr/1r3p1p/pp1pp3/4P1p1/1PpP2P1/2P5/PB3P1P/RN1QK1NR w KQk - 2 10,white,d1f3,-38.0,-0.0947152362861785,0,,28,teacher_candidate,tactics,,,
1065,tactics_0384,tactics,train,generated_0021,Bnbqkbnr/1r3p1p/pp1pp3/4P1p1/1PpP2P1/2P5/PB3P1P/RN1QK1NR w KQk - 2 10,white,d1d3,-1132.0,-0.9930591378732212,0,,28,teacher_candidate,tactics,,,
4352,tactics_0385,tactics,train,generated_0087,2bqkb1r/r1ppppp1/5n1p/pp6/Pn2P3/6PP/2PPNP1R/RNBQKB2 w Qk - 0 8,white,e4e5,-39.0,-0.0971922171662686,1,,23,teacher_candidate,tactics,,,
4352,tactics_0385,tactics,train,generated_0087,2bqkb1r/r1ppppp1/5n1p/pp6/Pn2P3/6PP/2PPNP1R/RNBQKB2 w Qk - 0 8,white,d2d3,-101.0,-0.247267256596452,0,,23,teacher_candidate,tactics,,,
4352,tactics_0385,tactics,train,generated_0087,2bqkb1r/r1ppppp1/5n1p/pp6/Pn2P3/6PP/2PPNP1R/RNBQKB2 w Qk - 0 8,white,c2c3,-106.0,-0.2589662239347897,0,,23,teacher_candidate,tactics,,,
4352,tactics_0385,tactics,train,generated_0087,2bqkb1r/r1ppppp1/5n1p/pp6/Pn2P3/6PP/2PPNP1R/RNBQKB2 w Qk - 0 8,white,f1g2,-197.0,-0.4561983965324985,0,,23,teacher_candidate,tactics,,,
4352,tactics_0385,tactics,train,generated_0087,2bqkb1r/r1ppppp1/5n1p/pp6/Pn2P3/6PP/2PPNP1R/RNBQKB2 w Qk - 0 8,white,c2c4,-748.0,-0.953594123708712,0,,23,teacher_candidate,tactics,,,
3386,tactics_0386,tactics,train,generated_0067,rnbq1bnr/pp2kppp/8/3pp3/2pP4/2N1P3/PPPK1PPP/1RBQ1BNR w - - 1 8,white,d4e5,158.0,0.3756626611656808,1,,31,teacher_candidate,tactics,,,
3386,tactics_0386,tactics,train,generated_0067,rnbq1bnr/pp2kppp/8/3pp3/2pP4/2N1P3/PPPK1PPP/1RBQ1BNR w - - 1 8,white,b2b3,128.0,0.3095069212126384,0,,31,teacher_candidate,tactics,,,
3386,tactics_0386,tactics,train,generated_0067,rnbq1bnr/pp2kppp/8/3pp3/2pP4/2N1P3/PPPK1PPP/1RBQ1BNR w - - 1 8,white,d2e1,122.0,0.2958816041613004,0,,31,teacher_candidate,tactics,,,
3386,tactics_0386,tactics,train,generated_0067,rnbq1bnr/pp2kppp/8/3pp3/2pP4/2N1P3/PPPK1PPP/1RBQ1BNR w - - 1 8,white,g1e2,-61.0,-0.1513287020850988,0,,31,teacher_candidate,tactics,,,
3386,tactics_0386,tactics,train,generated_0067,rnbq1bnr/pp2kppp/8/3pp3/2pP4/2N1P3/PPPK1PPP/1RBQ1BNR w - - 1 8,white,d1g4,-918.0,-0.9798983722330524,0,,31,teacher_candidate,tactics,,,
1574,tactics_0387,tactics,train,generated_0031,rn1qkbnr/pppbp3/6p1/1B1pPpQp/3P4/7N/PPPB1PPP/RN2K2R w KQ - 0 10,white,g5g6,99999.0,1.0,1,,46,teacher_candidate,tactics,,,
1574,tactics_0387,tactics,train,generated_0031,rn1qkbnr/pppbp3/6p1/1B1pPpQp/3P4/7N/PPPB1PPP/RN2K2R w KQ - 0 10,white,e5e6,828.0,0.9686534238679028,0,,46,teacher_candidate,tactics,,,
1574,tactics_0387,tactics,train,generated_0031,rn1qkbnr/pppbp3/6p1/1B1pPpQp/3P4/7N/PPPB1PPP/RN2K2R w KQ - 0 10,white,a2a4,792.0,0.9625869800912908,0,,46,teacher_candidate,tactics,,,
1574,tactics_0387,tactics,train,generated_0031,rn1qkbnr/pppbp3/6p1/1B1pPpQp/3P4/7N/PPPB1PPP/RN2K2R w KQ - 0 10,white,e1g1,282.0,0.6075318872684418,0,,46,teacher_candidate,tactics,,,
1574,tactics_0387,tactics,train,generated_0031,rn1qkbnr/pppbp3/6p1/1B1pPpQp/3P4/7N/PPPB1PPP/RN2K2R w KQ - 0 10,white,g5f6,-893.0,-0.9772523136902562,0,,46,teacher_candidate,tactics,,,
4054,tactics_0388,tactics,train,generated_0081,rnbqk2r/2ppnp2/p3p1pb/Pp5p/1P1P3P/B1N5/2P1PPP1/R2QKBNR b KQkq - 0 8,black,h6g7,89.0,0.2188995672566503,1,,27,teacher_candidate,tactics,,,
4054,tactics_0388,tactics,train,generated_0081,rnbqk2r/2ppnp2/p3p1pb/Pp5p/1P1P3P/B1N5/2P1PPP1/R2QKBNR b KQkq - 0 8,black,c8b7,85.0,0.2093581694280187,0,,27,teacher_candidate,tactics,,,
4054,tactics_0388,tactics,train,generated_0081,rnbqk2r/2ppnp2/p3p1pb/Pp5p/1P1P3P/B1N5/2P1PPP1/R2QKBNR b KQkq - 0 8,black,d7d6,65.0,0.1610846096413192,0,,27,teacher_candidate,tactics,,,
4054,tactics_0388,tactics,train,generated_0081,rnbqk2r/2ppnp2/p3p1pb/Pp5p/1P1P3P/B1N5/2P1PPP1/R2QKBNR b KQkq - 0 8,black,h8f8,-11.0,-0.0274930698047098,0,,27,teacher_candidate,tactics,,,
4054,tactics_0388,tactics,train,generated_0081,rnbqk2r/2ppnp2/p3p1pb/Pp5p/1P1P3P/B1N5/2P1PPP1/R2QKBNR b KQkq - 0 8,black,h6d2,-848.0,-0.9715940772546178,0,,27,teacher_candidate,tactics,,,
3794,tactics_0389,tactics,train,generated_0075,rnbqkbr1/2pppp2/pp5p/6p1/1P3B2/P2P1P2/2PQP1R1/RN2KBN1 b Qq - 0 10,black,f8g7,-101.0,-0.247267256596452,1,,20,teacher_candidate,tactics,,,
3794,tactics_0389,tactics,train,generated_0075,rnbqkbr1/2pppp2/pp5p/6p1/1P3B2/P2P1P2/2PQP1R1/RN2KBN1 b Qq - 0 10,black,a6a5,-194.0,-0.4502389955796461,0,,20,teacher_candidate,tactics,,,
3794,tactics_0389,tactics,train,generated_0075,rnbqkbr1/2pppp2/pp5p/6p1/1P3B2/P2P1P2/2PQP1R1/RN2KBN1 b Qq - 0 10,black,g8g6,-255.0,-0.563194927804731,0,,20,teacher_candidate,tactics,,,
3794,tactics_0389,tactics,train,generated_0075,rnbqkbr1/2pppp2/pp5p/6p1/1P3B2/P2P1P2/2PQP1R1/RN2KBN1 b Qq - 0 10,black,c7c6,-324.0,-0.6695902596187708,0,,20,teacher_candidate,tactics,,,
3794,tactics_0389,tactics,train,generated_0075,rnbqkbr1/2pppp2/pp5p/6p1/1P3B2/P2P1P2/2PQP1R1/RN2KBN1 b Qq - 0 10,black,g5g4,-566.0,-0.8885512041426692,0,,20,teacher_candidate,tactics,,,
2181,tactics_0390,tactics,train,generated_0043,r1b1kb1r/pp1n1ppp/2p1p2n/3p4/2B1P1Pq/5N2/PPPP1P2/RNBQK2R b KQkq - 0 7,black,h4h1,699.0,0.941090337649905,1,,41,teacher_candidate,tactics,,,
2181,tactics_0390,tactics,train,generated_0043,r1b1kb1r/pp1n1ppp/2p1p2n/3p4/2B1P1Pq/5N2/PPPP1P2/RNBQK2R b KQkq - 0 7,black,h4g4,290.0,0.619996867969374,0,,41,teacher_candidate,tactics,,,
2181,tactics_0390,tactics,train,generated_0043,r1b1kb1r/pp1n1ppp/2p1p2n/3p4/2B1P1Pq/5N2/PPPP1P2/RNBQK2R b KQkq - 0 7,black,h4e7,187.0,0.4361771503666996,0,,41,teacher_candidate,tactics,,,
2181,tactics_0390,tactics,train,generated_0043,r1b1kb1r/pp1n1ppp/2p1p2n/3p4/2B1P1Pq/5N2/PPPP1P2/RNBQK2R b KQkq - 0 7,black,f8d6,-803.0,-0.9645536478198754,0,,41,teacher_candidate,tactics,,,
2181,tactics_0390,tactics,train,generated_0043,r1b1kb1r/pp1n1ppp/2p1p2n/3p4/2B1P1Pq/5N2/PPPP1P2/RNBQK2R b KQkq - 0 7,black,e8e7,-971.0,-0.9845417428116782,0,,41,teacher_candidate,tactics,,,
767,tactics_0391,tactics,train,generated_0015,rnb1kbnr/pp1Npppp/8/2pp4/1q6/B3P3/P1PP1PPP/1R1QKBNR b Kkq - 1 8,black,b4a3,288.0,0.616909302877065,1,,38,teacher_candidate,tactics,,,
767,tactics_0391,tactics,train,generated_0015,rnb1kbnr/pp1Npppp/8/2pp4/1q6/B3P3/P1PP1PPP/1R1QKBNR b Kkq - 1 8,black,b4a5,84.0,0.2069664997294525,0,,38,teacher_candidate,tactics,,,
767,tactics_0391,tactics,train,generated_0015,rnb1kbnr/pp1Npppp/8/2pp4/1q6/B3P3/P1PP1PPP/1R1QKBNR b Kkq - 1 8,black,b4a4,24.0,0.0599281035291434,0,,38,teacher_candidate,tactics,,,
767,tactics_0391,tactics,train,generated_0015,rnb1kbnr/pp1Npppp/8/2pp4/1q6/B3P3/P1PP1PPP/1R1QKBNR b Kkq - 1 8,black,b4b6,-811.0,-0.9659198356468608,0,,38,teacher_candidate,tactics,,,
767,tactics_0391,tactics,train,generated_0015,rnb1kbnr/pp1Npppp/8/2pp4/1q6/B3P3/P1PP1PPP/1R1QKBNR b Kkq - 1 8,black,b4b5,-971.0,-0.9845417428116782,0,,38,teacher_candidate,tactics,,,
3000,tactics_0392,tactics,train,generated_0060,r1bqkb1r/pp1ppp2/n6p/2p3p1/1P4n1/N1P2P1N/P1QPP1PP/R1B1KBR1 b Qkq - 0 7,black,g4h2,90.0,0.221278467898444,1,,26,teacher_candidate,tactics,,,
3000,tactics_0392,tactics,train,generated_0060,r1bqkb1r/pp1ppp2/n6p/2p3p1/1P4n1/N1P2P1N/P1QPP1PP/R1B1KBR1 b Qkq - 0 7,black,c5b4,54.0,0.1341858099309086,0,,26,teacher_candidate,tactics,,,
3000,tactics_0392,tactics,train,generated_0060,r1bqkb1r/pp1ppp2/n6p/2p3p1/1P4n1/N1P2P1N/P1QPP1PP/R1B1KBR1 b Qkq - 0 7,black,g4f6,-23.0,-0.0574367139028792,0,,26,teacher_candidate,tactics,,,
3000,tactics_0392,tactics,train,generated_0060,r1bqkb1r/pp1ppp2/n6p/2p3p1/1P4n1/N1P2P1N/P1QPP1PP/R1B1KBR1 b Qkq - 0 7,black,c5c4,-377.0,-0.7363687637736096,0,,26,teacher_candidate,tactics,,,
3000,tactics_0392,tactics,train,generated_0060,r1bqkb1r/pp1ppp2/n6p/2p3p1/1P4n1/N1P2P1N/P1QPP1PP/R1B1KBR1 b Qkq - 0 7,black,f7f6,-99999.0,-1.0,0,,26,teacher_candidate,tactics,,,
4493,tactics_0393,tactics,train,generated_0089,1nb1kb1r/1p1ppppp/r2q4/p2p4/5N1P/1P2P3/P1PP1PP1/RNB1K2R b KQk - 0 10,black,a6b6,1082.0,0.9910965326797928,1,,31,teacher_candidate,tactics,,,
4493,tactics_0393,tactics,train,generated_0089,1nb1kb1r/1p1ppppp/r2q4/p2p4/5N1P/1P2P3/P1PP1PP1/RNB1K2R b KQk - 0 10,black,a6c6,1064.0,0.9902621375124828,0,,31,teacher_candidate,tactics,,,
4493,tactics_0393,tactics,train,generated_0089,1nb1kb1r/1p1ppppp/r2q4/p2p4/5N1P/1P2P3/P1PP1PP1/RNB1K2R b KQk - 0 10,black,e7e5,1055.0,0.9898162067961978,0,,31,teacher_candidate,tactics,,,
4493,tactics_0393,tactics,train,generated_0089,1nb1kb1r/1p1ppppp/r2q4/p2p4/5N1P/1P2P3/P1PP1PP1/RNB1K2R b KQk - 0 10,black,e8d8,662.0,0.929540561588157,0,,31,teacher_candidate,tactics,,,
4493,tactics_0393,tactics,train,generated_0089,1nb1kb1r/1p1ppppp/r2q4/p2p4/5N1P/1P2P3/P1PP1PP1/RNB1K2R b KQk - 0 10,black,d6a3,-148.0,-0.3539917124770459,0,,31,teacher_candidate,tactics,,,
3885,tactics_0394,tactics,train,generated_0077,rn1qkbnr/2p1p1pp/1p3p2/3p3b/1p2P3/P4P1B/2PP3P/RNBQK1NR b KQkq - 0 8,black,d5e4,587.0,0.899099478664166,1,,30,teacher_candidate,tactics,,,
3885,tactics_0394,tactics,train,generated_0077,rn1qkbnr/2p1p1pp/1p3p2/3p3b/1p2P3/P4P1B/2PP3P/RNBQK1NR b KQkq - 0 8,black,e7e5,575.0,0.8931933404003516,0,,30,teacher_candidate,tactics,,,
3885,tactics_0394,tactics,train,generated_0077,rn1qkbnr/2p1p1pp/1p3p2/3p3b/1p2P3/P4P1B/2PP3P/RNBQK1NR b KQkq - 0 8,black,d8d6,517.0,0.8597798875571636,0,,30,teacher_candidate,tactics,,,
3885,tactics_0394,tactics,train,generated_0077,rn1qkbnr/2p1p1pp/1p3p2/3p3b/1p2P3/P4P1B/2PP3P/RNBQK1NR b KQkq - 0 8,black,b8a6,341.0,0.6923732720415865,0,,30,teacher_candidate,tactics,,,
3885,tactics_0394,tactics,train,generated_0077,rn1qkbnr/2p1p1pp/1p3p2/3p3b/1p2P3/P4P1B/2PP3P/RNBQK1NR b KQkq - 0 8,black,d8d7,-808.0,-0.9654136868601892,0,,30,teacher_candidate,tactics,,,
3783,tactics_0395,tactics,train,generated_0075,r1bqkr2/p3ppbp/n2p2p1/Pppn4/1P6/B3PP1P/R1PP2P1/1N1QKBNR b Kq - 0 10,black,a8b8,295.0,0.6276323441969829,1,,41,teacher_candidate,tactics,,,
3783,tactics_0395,tactics,train,generated_0075,r1bqkr2/p3ppbp/n2p2p1/Pppn4/1P6/B3PP1P/R1PP2P1/1N1QKBNR b Kq - 0 10,black,c5c4,203.0,0.4679950330431393,0,,41,teacher_candidate,tactics,,,
3783,tactics_0395,tactics,train,generated_0075,r1bqkr2/p3ppbp/n2p2p1/Pppn4/1P6/B3PP1P/R1PP2P1/1N1QKBNR b Kq - 0 10,black,a6b4,196.0,0.4542164326822591,0,,41,teacher_candidate,tactics,,,
3783,tactics_0395,tactics,train,generated_0075,r1bqkr2/p3ppbp/n2p2p1/Pppn4/1P6/B3PP1P/R1PP2P1/1N1QKBNR b Kq - 0 10,black,g7f6,-241.0,-0.5388261224574971,0,,41,teacher_candidate,tactics,,,
3783,tactics_0395,tactics,train,generated_0075,r1bqkr2/p3ppbp/n2p2p1/Pppn4/1P6/B3PP1P/R1PP2P1/1N1QKBNR b Kq - 0 10,black,d8b6,-1108.0,-0.9921776609476164,0,,41,teacher_candidate,tactics,,,
2233,tactics_0396,tactics,train,generated_0044,rnbqk1nb/p3pp2/3p2pr/1pP2P2/7p/2N4N/PBPPP1PP/RQ2KBR1 b Qq - 1 10,black,g6f5,-2.0,-0.0049999583337499,1,,32,teacher_candidate,tactics,,,
2233,tactics_0396,tactics,train,generated_0044,rnbqk1nb/p3pp2/3p2pr/1pP2P2/7p/2N4N/PBPPP1PP/RQ2KBR1 b Qq - 1 10,black,d6c5,-4.0,-0.0099996666799994,0,,32,teacher_candidate,tactics,,,
2233,tactics_0396,tactics,train,generated_0044,rnbqk1nb/p3pp2/3p2pr/1pP2P2/7p/2N4N/PBPPP1PP/RQ2KBR1 b Qq - 1 10,black,c8f5,-11.0,-0.0274930698047098,0,,32,teacher_candidate,tactics,,,
2233,tactics_0396,tactics,train,generated_0044,rnbqk1nb/p3pp2/3p2pr/1pP2P2/7p/2N4N/PBPPP1PP/RQ2KBR1 b Qq - 1 10,black,h8e5,-147.0,-0.3518030554518814,0,,32,teacher_candidate,tactics,,,
2233,tactics_0396,tactics,train,generated_0044,rnbqk1nb/p3pp2/3p2pr/1pP2P2/7p/2N4N/PBPPP1PP/RQ2KBR1 b Qq - 1 10,black,d8b6,-1044.0,-0.9892435056523028,0,,32,teacher_candidate,tactics,,,
2864,tactics_0397,tactics,train,generated_0057,rnbqkb1r/3ppnp1/1p6/p1pN1p1p/1P5P/B4PPB/P1PPP3/R2QK1NR w KQkq - 0 9,white,b4c5,139.0,0.3341565541912505,1,,31,teacher_candidate,tactics,,,
2864,tactics_0397,tactics,train,generated_0057,rnbqkb1r/3ppnp1/1p6/p1pN1p1p/1P5P/B4PPB/P1PPP3/R2QK1NR w KQkq - 0 9,white,b4b5,95.0,0.2331330090426386,0,,31,teacher_candidate,tactics,,,
2864,tactics_0397,tactics,train,generated_0057,rnbqkb1r/3ppnp1/1p6/p1pN1p1p/1P5P/B4PPB/P1PPP3/R2QK1NR w KQkq - 0 9,white,a3b2,-23.0,-0.0574367139028792,0,,31,teacher_candidate,tactics,,,
2864,tactics_0397,tactics,train,generated_0057,rnbqkb1r/3ppnp1/1p6/p1pN1p1p/1P5P/B4PPB/P1PPP3/R2QK1NR w KQkq - 0 9,white,d2d3,-236.0,-0.5298956075275294,0,,31,teacher_candidate,tactics,,,
2864,tactics_0397,tactics,train,generated_0057,rnbqkb1r/3ppnp1/1p6/p1pN1p1p/1P5P/B4PPB/P1PPP3/R2QK1NR w KQkq - 0 9,white,d5c7,-763.0,-0.9568749486599412,0,,31,teacher_candidate,tactics,,,
3292,tactics_0398,tactics,train,generated_0065,1n1qkbnr/2p1p2p/r2p1p2/pp1N1bp1/Q1P3PP/4P2N/PP1P1PB1/R1B1K2R b KQk - 0 9,black,b5a4,503.0,0.8503734168441159,1,,30,teacher_candidate,tactics,,,
3292,tactics_0398,tactics,train,generated_0065,1n1qkbnr/2p1p2p/r2p1p2/pp1N1bp1/Q1P3PP/4P2N/PP1P1PB1/R1B1K2R b KQk - 0 9,black,f5e4,-215.0,-0.4910932282528053,0,,30,teacher_candidate,tactics,,,
3292,tactics_0398,tactics,train,generated_0065,1n1qkbnr/2p1p2p/r2p1p2/pp1N1bp1/Q1P3PP/4P2N/PP1P1PB1/R1B1K2R b KQk - 0 9,black,f5d7,-350.0,-0.703905603936621,0,,30,teacher_candidate,tactics,,,
3292,tactics_0398,tactics,train,generated_0065,1n1qkbnr/2p1p2p/r2p1p2/pp1N1bp1/Q1P3PP/4P2N/PP1P1PB1/R1B1K2R b KQk - 0 9,black,d8c8,-569.0,-0.8901193004193375,0,,30,teacher_candidate,tactics,,,
3292,tactics_0398,tactics,train,generated_0065,1n1qkbnr/2p1p2p/r2p1p2/pp1N1bp1/Q1P3PP/4P2N/PP1P1PB1/R1B1K2R b KQk - 0 9,black,e8d7,-1094.0,-0.9916128558949748,0,,30,teacher_candidate,tactics,,,
4470,tactics_0399,tactics,train,generated_0089,rnb1kbnr/1p1p1ppp/1q2p3/2p5/2P4P/pP5N/P2PPPP1/RNBQKB1R w KQkq - 1 7,white,b1a3,119.0,0.2890231074125892,1,,20,teacher_candidate,tactics,,,
4470,tactics_0399,tactics,train,generated_0089,rnb1kbnr/1p1p1ppp/1q2p3/2p5/2P4P/pP5N/P2PPPP1/RNBQKB1R w KQkq - 1 7,white,e2e3,76.0,0.1877462058682854,0,,20,teacher_candidate,tactics,,,
4470,tactics_0399,tactics,train,generated_0089,rnb1kbnr/1p1p1ppp/1q2p3/2p5/2P4P/pP5N/P2PPPP1/RNBQKB1R w KQkq - 1 7,white,h3g5,62.0,0.1537705222640926,0,,20,teacher_candidate,tactics,,,
4470,tactics_0399,tactics,train,generated_0089,rnb1kbnr/1p1p1ppp/1q2p3/2p5/2P4P/pP5N/P2PPPP1/RNBQKB1R w KQkq - 1 7,white,d1c2,-27.0,-0.0673976708658016,0,,20,teacher_candidate,tactics,,,
4470,tactics_0399,tactics,train,generated_0089,rnb1kbnr/1p1p1ppp/1q2p3/2p5/2P4P/pP5N/P2PPPP1/RNBQKB1R w KQkq - 1 7,white,c1b2,-940.0,-0.9819734026943044,0,,20,teacher_candidate,tactics,,,
3635,tactics_0400,tactics,train,generated_0072,r1bqkbnr/1p1p1p1p/2p1p3/p2B2p1/5P2/1nN1PQ2/P1PP2PP/R1B1K1NR b KQkq - 1 8,black,b3a1,656.0,0.9274725672507032,1,,37,teacher_candidate,tactics,,,
3635,tactics_0400,tactics,train,generated_0072,r1bqkbnr/1p1p1p1p/2p1p3/p2B2p1/5P2/1nN1PQ2/P1PP2PP/R1B1K1NR b KQkq - 1 8,black,b3c1,456.0,0.814414093765686,0,,37,teacher_candidate,tactics,,,
3635,tactics_0400,tactics,train,generated_0072,r1bqkbnr/1p1p1p1p/2p1p3/p2B2p1/5P2/1nN1PQ2/P1PP2PP/R1B1K1NR b KQkq - 1 8,black,g5g4,293.0,0.6245924416209736,0,,37,teacher_candidate,tactics,,,
3635,tactics_0400,tactics,train,generated_0072,r1bqkbnr/1p1p1p1p/2p1p3/p2B2p1/5P2/1nN1PQ2/P1PP2PP/R1B1K1NR b KQkq - 1 8,black,a8b8,-472.0,-0.8274516110081667,0,,37,teacher_candidate,tactics,,,
3635,tactics_0400,tactics,train,generated_0072,r1bqkbnr/1p1p1p1p/2p1p3/p2B2p1/5P2/1nN1PQ2/P1PP2PP/R1B1K1NR b KQkq - 1 8,black,e8e7,-698.0,-0.9408037916417216,0,,37,teacher_candidate,tactics,,,
2202,tactics_0401,tactics,train,generated_0044,rnbqkbnr/pp2p1pp/3p1p2/8/8/2p1N2P/P2PPPPR/1RBQKBN1 w kq - 0 9,white,d2c3,-161.0,-0.3820860248314457,1,,29,teacher_candidate,tactics,,,
2202,tactics_0401,tactics,train,generated_0044,rnbqkbnr/pp2p1pp/3p1p2/8/8/2p1N2P/P2PPPPR/1RBQKBN1 w kq - 0 9,white,g2g4,-164.0,-0.388472680216061,0,,29,teacher_candidate,tactics,,,
2202,tactics_0401,tactics,train,generated_0044,rnbqkbnr/pp2p1pp/3p1p2/8/8/2p1N2P/P2PPPPR/1RBQKBN1 w kq - 0 9,white,h2h1,-164.0,-0.388472680216061,0,,29,teacher_candidate,tactics,,,
2202,tactics_0401,tactics,train,generated_0044,rnbqkbnr/pp2p1pp/3p1p2/8/8/2p1N2P/P2PPPPR/1RBQKBN1 w kq - 0 9,white,b1b3,-279.0,-0.6027785302291144,0,,29,teacher_candidate,tactics,,,
2202,tactics_0401,tactics,train,generated_0044,rnbqkbnr/pp2p1pp/3p1p2/8/8/2p1N2P/P2PPPPR/1RBQKBN1 w kq - 0 9,white,b1b6,-1089.0,-0.9914014471601932,0,,29,teacher_candidate,tactics,,,
2998,tactics_0402,tactics,train,generated_0059,rnbk1bn1/ppq1p1pr/2p5/3p3p/1B1PPp2/5P1P/PPP3P1/RN1QKBNR b Q - 2 9,black,a7a5,13.0,0.0324885621241449,1,,29,teacher_candidate,tactics,,,
2998,tactics_0402,tactics,train,generated_0059,rnbk1bn1/ppq1p1pr/2p5/3p3p/1B1PPp2/5P1P/PPP3P1/RN1QKBNR b Q - 2 9,black,h7h8,-34.0,-0.0847958815487019,0,,29,teacher_candidate,tactics,,,
2998,tactics_0402,tactics,train,generated_0059,rnbk1bn1/ppq1p1pr/2p5/3p3p/1B1PPp2/5P1P/PPP3P1/RN1QKBNR b Q - 2 9,black,g7g6,-62.0,-0.1537705222640926,0,,29,teacher_candidate,tactics,,,
2998,tactics_0402,tactics,train,generated_0059,rnbk1bn1/ppq1p1pr/2p5/3p3p/1B1PPp2/5P1P/PPP3P1/RN1QKBNR b Q - 2 9,black,c7d7,-147.0,-0.3518030554518814,0,,29,teacher_candidate,tactics,,,
2998,tactics_0402,tactics,train,generated_0059,rnbk1bn1/ppq1p1pr/2p5/3p3p/1B1PPp2/5P1P/PPP3P1/RN1QKBNR b Q - 2 9,black,c7e5,-940.0,-0.9819734026943044,0,,29,teacher_candidate,tactics,,,
1427,tactics_0403,tactics,train,generated_0028,r1bq1bnr/ppppp1k1/2n2p2/6pp/4B1Q1/2N1P1PN/PPPP1P1P/R1B2K1R b - - 3 8,black,h5g4,728.0,0.9488384233759848,1,,23,teacher_candidate,tactics,,,
1427,tactics_0403,tactics,train,generated_0028,r1bq1bnr/ppppp1k1/2n2p2/6pp/4B1Q1/2N1P1PN/PPPP1P1P/R1B2K1R b - - 3 8,black,c6b4,456.0,0.814414093765686,0,,23,teacher_candidate,tactics,,,
1427,tactics_0403,tactics,train,generated_0028,r1bq1bnr/ppppp1k1/2n2p2/6pp/4B1Q1/2N1P1PN/PPPP1P1P/R1B2K1R b - - 3 8,black,d7d5,455.0,0.8135705538363528,0,,23,teacher_candidate,tactics,,,
1427,tactics_0403,tactics,train,generated_0028,r1bq1bnr/ppppp1k1/2n2p2/6pp/4B1Q1/2N1P1PN/PPPP1P1P/R1B2K1R b - - 3 8,black,h8h6,134.0,0.3230063184059049,0,,23,teacher_candidate,tactics,,,
1427,tactics_0403,tactics,train,generated_0028,r1bq1bnr/ppppp1k1/2n2p2/6pp/4B1Q1/2N1P1PN/PPPP1P1P/R1B2K1R b - - 3 8,black,f6f5,-1005.0,-0.9869426346161566,0,,23,teacher_candidate,tactics,,,
584,tactics_0404,tactics,train,generated_0011,rnbq1k1r/pp1pb1pn/2p4p/4pp2/4P2P/6PB/PPPP1P1N/RNBQ1K1R b - - 4 10,black,f5e4,75.0,0.1853331999081395,1,,30,teacher_candidate,tactics,,,
584,tactics_0404,tactics,train,generated_0011,rnbq1k1r/pp1pb1pn/2p4p/4pp2/4P2P/6PB/PPPP1P1N/RNBQ1K1R b - - 4 10,black,d7d5,-78.0,-0.1925653985935757,0,,30,teacher_candidate,tactics,,,
584,tactics_0404,tactics,train,generated_0011,rnbq1k1r/pp1pb1pn/2p4p/4pp2/4P2P/6PB/PPPP1P1N/RNBQ1K1R b - - 4 10,black,f5f4,-113.0,-0.2752173052438501,0,,30,teacher_candidate,tactics,,,
584,tactics_0404,tactics,train,generated_0011,rnbq1k1r/pp1pb1pn/2p4p/4pp2/4P2P/6PB/PPPP1P1N/RNBQ1K1R b - - 4 10,black,e7b4,-244.0,-0.5441270988535675,0,,30,teacher_candidate,tactics,,,
584,tactics_0404,tactics,train,generated_0011,rnbq1k1r/pp1pb1pn/2p4p/4pp2/4P2P/6PB/PPPP1P1N/RNBQ1K1R b - - 4 10,black,h7g5,-737.0,-0.9510345451294692,0,,30,teacher_candidate,tactics,,,
5003,tactics_0405,tactics,train,generated_0100,r1bqkb1r/p1ppp3/1p3npp/1n3p1P/8/P1P2P2/RPQPP1PR/1NB1KBN1 w kq - 4 9,white,a3a4,124.0,0.3004370971476541,1,,25,teacher_candidate,tactics,,,
5003,tactics_0405,tactics,train,generated_0100,r1bqkb1r/p1ppp3/1p3npp/1n3p1P/8/P1P2P2/RPQPP1PR/1NB1KBN1 w kq - 4 9,white,h5g6,113.0,0.2752173052438501,0,,25,teacher_candidate,tactics,,,
5003,tactics_0405,tactics,train,generated_0100,r1bqkb1r/p1ppp3/1p3npp/1n3p1P/8/P1P2P2/RPQPP1PR/1NB1KBN1 w kq - 4 9,white,c3c4,64.0,0.1586485042974989,0,,25,teacher_candidate,tactics,,,
5003,tactics_0405,tactics,train,generated_0100,r1bqkb1r/p1ppp3/1p3npp/1n3p1P/8/P1P2P2/RPQPP1PR/1NB1KBN1 w kq - 4 9,white,e1d1,-105.0,-0.2566323765907324,0,,25,teacher_candidate,tactics,,,
5003,tactics_0405,tactics,train,generated_0100,r1bqkb1r/p1ppp3/1p3npp/1n3p1P/8/P1P2P2/RPQPP1PR/1NB1KBN1 w kq - 4 9,white,c2e4,-846.0,-0.9713126878730238,0,,25,teacher_candidate,tactics,,,
2155,tactics_0406,tactics,train,generated_0043,rnbqk2r/p2pp1bp/1p3p2/2p5/1P1n1p1P/P1N1P3/R1PP1KP1/2BQ1BNR w kq - 0 10,white,d1h5,432.0,0.7931990970835009,1,,35,teacher_candidate,tactics,,,
2155,tactics_0406,tactics,train,generated_0043,rnbqk2r/p2pp1bp/1p3p2/2p5/1P1n1p1P/P1N1P3/R1PP1KP1/2BQ1BNR w kq - 0 10,white,e3d4,394.0,0.7552222263539022,0,,35,teacher_candidate,tactics,,,
2155,tactics_0406,tactics,train,generated_0043,rnbqk2r/p2pp1bp/1p3p2/2p5/1P1n1p1P/P1N1P3/R1PP1KP1/2BQ1BNR w kq - 0 10,white,f1c4,133.0,0.3207653461584321,0,,35,teacher_candidate,tactics,,,
2155,tactics_0406,tactics,train,generated_0043,rnbqk2r/p2pp1bp/1p3p2/2p5/1P1n1p1P/P1N1P3/R1PP1KP1/2BQ1BNR w kq - 0 10,white,h1h3,-70.0,-0.1732351578346601,0,,35,teacher_candidate,tactics,,,
2155,tactics_0406,tactics,train,generated_0043,rnbqk2r/p2pp1bp/1p3p2/2p5/1P1n1p1P/P1N1P3/R1PP1KP1/2BQ1BNR w kq - 0 10,white,d1e2,-899.0,-0.977917186331458,0,,35,teacher_candidate,tactics,,,
2894,tactics_0407,tactics,train,generated_0057,r1bq3r/1pppkppN/p1n5/5P2/4pn2/bP1P4/P1P1P1PP/RNBQKB1R w KQ - 5 10,white,c1a3,934.0,0.9814295085966688,1,,26,teacher_candidate,tactics,,,
2894,tactics_0407,tactics,train,generated_0057,r1bq3r/1pppkppN/p1n5/5P2/4pn2/bP1P4/P1P1P1PP/RNBQKB1R w KQ - 5 10,white,f5f6,716.0,0.945760565596474,0,,26,teacher_candidate,tactics,,,
2894,tactics_0407,tactics,train,generated_0057,r1bq3r/1pppkppN/p1n5/5P2/4pn2/bP1P4/P1P1P1PP/RNBQKB1R w KQ - 5 10,white,h7f6,584.0,0.8976525981658167,0,,26,teacher_candidate,tactics,,,
2894,tactics_0407,tactics,train,generated_0057,r1bq3r/1pppkppN/p1n5/5P2/4pn2/bP1P4/P1P1P1PP/RNBQKB1R w KQ - 5 10,white,h2h4,29.0,0.0723732404635894,0,,26,teacher_candidate,tactics,,,
2894,tactics_0407,tactics,train,generated_0057,r1bq3r/1pppkppN/p1n5/5P2/4pn2/bP1P4/P1P1P1PP/RNBQKB1R w KQ - 5 10,white,c1b2,-773.0,-0.9589349975863708,0,,26,teacher_candidate,tactics,,,
508,tactics_0408,tactics,train,generated_0010,rnbqkb1r/ppp2ppp/4p3/n7/1PPp4/3P3P/P2NPPPR/R1BQKBN1 w Qkq - 0 7,white,b4a5,458.0,0.8160909001379913,1,,24,teacher_candidate,tactics,,,
508,tactics_0408,tactics,train,generated_0010,rnbqkb1r/ppp2ppp/4p3/n7/1PPp4/3P3P/P2NPPPR/R1BQKBN1 w Qkq - 0 7,white,d1a4,266.0,0.5816812695738734,0,,24,teacher_candidate,tactics,,,
508,tactics_0408,tactics,train,generated_0010,rnbqkb1r/ppp2ppp/4p3/n7/1PPp4/3P3P/P2NPPPR/R1BQKBN1 w Qkq - 0 7,white,a2a3,-78.0,-0.1925653985935757,0,,24,teacher_candidate,tactics,,,
508,tactics_0408,tactics,train,generated_0010,rnbqkb1r/ppp2ppp/4p3/n7/1PPp4/3P3P/P2NPPPR/R1BQKBN1 w Qkq - 0 7,white,h2h1,-173.0,-0.4074084759995413,0,,24,teacher_candidate,tactics,,,
508,tactics_0408,tactics,train,generated_0010,rnbqkb1r/ppp2ppp/4p3/n7/1PPp4/3P3P/P2NPPPR/R1BQKBN1 w Qkq - 0 7,white,d1b3,-1023.0,-0.988059757164958,0,,24,teacher_candidate,tactics,,,
260,tactics_0409,tactics,train,generated_0005,r1b1kbnr/pp1nppp1/3p4/7p/1Pp3P1/PQ3P1P/R2PP3/1NB1KBNR b Kkq - 0 9,black,c4b3,55.0,0.1366399669564962,1,,26,teacher_candidate,tactics,,,
260,tactics_0409,tactics,train,generated_0005,r1b1kbnr/pp1nppp1/3p4/7p/1Pp3P1/PQ3P1P/R2PP3/1NB1KBNR b Kkq - 0 9,black,d7c5,-483.0,-0.8359280001726355,0,,26,teacher_candidate,tactics,,,
260,tactics_0409,tactics,train,generated_0005,r1b1kbnr/pp1nppp1/3p4/7p/1Pp3P1/PQ3P1P/R2PP3/1NB1KBNR b Kkq - 0 9,black,h5h4,-692.0,-0.9390559334707116,0,,26,teacher_candidate,tactics,,,
260,tactics_0409,tactics,train,generated_0005,r1b1kbnr/pp1nppp1/3p4/7p/1Pp3P1/PQ3P1P/R2PP3/1NB1KBNR b Kkq - 0 9,black,d7b8,-774.0,-0.959135625371894,0,,26,teacher_candidate,tactics,,,
260,tactics_0409,tactics,train,generated_0005,r1b1kbnr/pp1nppp1/3p4/7p/1Pp3P1/PQ3P1P/R2PP3/1NB1KBNR b Kkq - 0 9,black,c4c3,-899.0,-0.977917186331458,0,,26,teacher_candidate,tactics,,,
4625,tactics_0410,tactics,train,generated_0092,rn2kbnr/1p2pp1p/p1ppq1p1/8/5PbP/1QPP2P1/PP2P3/RNB1KBNR w Qkq - 1 9,white,b3b7,479.0,0.8328904660394908,1,,32,teacher_candidate,tactics,,,
4625,tactics_0410,tactics,train,generated_0092,rn2kbnr/1p2pp1p/p1ppq1p1/8/5PbP/1QPP2P1/PP2P3/RNB1KBNR w Qkq - 1 9,white,e1f2,169.0,0.3990344553248549,0,,32,teacher_candidate,tactics,,,
4625,tactics_0410,tactics,train,generated_0092,rn2kbnr/1p2pp1p/p1ppq1p1/8/5PbP/1QPP2P1/PP2P3/RNB1KBNR w Qkq - 1 9,white,f1g2,36.0,0.0897577847471601,0,,32,teacher_candidate,tactics,,,
4625,tactics_0410,tactics,train,generated_0092,rn2kbnr/1p2pp1p/p1ppq1p1/8/5PbP/1QPP2P1/PP2P3/RNB1KBNR w Qkq - 1 9,white,e1d1,-43.0,-0.1070878063022365,0,,32,teacher_candidate,tactics,,,
4625,tactics_0410,tactics,train,generated_0092,rn2kbnr/1p2pp1p/p1ppq1p1/8/5PbP/1QPP2P1/PP2P3/RNB1KBNR w Qkq - 1 9,white,b3b5,-938.0,-0.9817938815835262,0,,32,teacher_candidate,tactics,,,
1493,tactics_0411,tactics,train,generated_0029,r1bqkbnr/1pp1p1pp/2n5/p2p1p2/P3P2P/1P3PP1/2PP4/RNBQKBNR b KQkq - 0 8,black,f5e4,253.0,0.5597712580014517,1,,28,teacher_candidate,tactics,,,
1493,tactics_0411,tactics,train,generated_0029,r1bqkbnr/1pp1p1pp/2n5/p2p1p2/P3P2P/1P3PP1/2PP4/RNBQKBNR b KQkq - 0 8,black,d8d6,241.0,0.5388261224574971,0,,28,teacher_candidate,tactics,,,
1493,tactics_0411,tactics,train,generated_0029,r1bqkbnr/1pp1p1pp/2n5/p2p1p2/P3P2P/1P3PP1/2PP4/RNBQKBNR b KQkq - 0 8,black,d5e4,238.0,0.5334821284570855,0,,28,teacher_candidate,tactics,,,
1493,tactics_0411,tactics,train,generated_0029,r1bqkbnr/1pp1p1pp/2n5/p2p1p2/P3P2P/1P3PP1/2PP4/RNBQKBNR b KQkq - 0 8,black,h7h5,10.0,0.0249947929684206,0,,28,teacher_candidate,tactics,,,
1493,tactics_0411,tactics,train,generated_0029,r1bqkbnr/1pp1p1pp/2n5/p2p1p2/P3P2P/1P3PP1/2PP4/RNBQKBNR b KQkq - 0 8,black,a8a6,-301.0,-0.6366380493098307,0,,28,teacher_candidate,tactics,,,
4511,tactics_0412,tactics,train,generated_0090,rn1k2nr/pPpqp2p/1p1p2p1/5pb1/7P/3P1P2/1PP1P1P1/RNBQKBNR w K - 1 10,white,b7a8b,1269.0,0.9964951472931044,1,,34,teacher_candidate,tactics,,,
4511,tactics_0412,tactics,train,generated_0090,rn1k2nr/pPpqp2p/1p1p2p1/5pb1/7P/3P1P2/1PP1P1P1/RNBQKBNR w K - 1 10,white,h4g5,1251.0,0.9961657130857166,0,,34,teacher_candidate,tactics,,,
4511,tactics_0412,tactics,train,generated_0090,rn1k2nr/pPpqp2p/1p1p2p1/5pb1/7P/3P1P2/1PP1P1P1/RNBQKBNR w K - 1 10,white,b2b4,1231.0,0.995763311844623,0,,34,teacher_candidate,tactics,,,
4511,tactics_0412,tactics,train,generated_0090,rn1k2nr/pPpqp2p/1p1p2p1/5pb1/7P/3P1P2/1PP1P1P1/RNBQKBNR w K - 1 10,white,c1e3,1063.0,0.9902135651176432,0,,34,teacher_candidate,tactics,,,
4511,tactics_0412,tactics,train,generated_0090,rn1k2nr/pPpqp2p/1p1p2p1/5pb1/7P/3P1P2/1PP1P1P1/RNBQKBNR w K - 1 10,white,a1a7,313.0,0.6541393002077227,0,,34,teacher_candidate,tactics,,,
3867,tactics_0413,tactics,train,generated_0077,rn2kb1r/pp2p1pp/2p5/qb1p1p2/P3P1n1/2P2P2/1PQP2BP/RNB1K1NR b kq - 2 10,black,g4e5,134.0,0.3230063184059049,1,,38,teacher_candidate,tactics,,,
3867,tactics_0413,tactics,train,generated_0077,rn2kb1r/pp2p1pp/2p5/qb1p1p2/P3P1n1/2P2P2/1PQP2BP/RNB1K1NR b kq - 2 10,black,f5e4,109.0,0.2659495533609213,0,,38,teacher_candidate,tactics,,,
3867,tactics_0413,tactics,train,generated_0077,rn2kb1r/pp2p1pp/2p5/qb1p1p2/P3P1n1/2P2P2/1PQP2BP/RNB1K1NR b kq - 2 10,black,d5e4,93.0,0.2283992855537903,0,,38,teacher_candidate,tactics,,,
3867,tactics_0413,tactics,train,generated_0077,rn2kb1r/pp2p1pp/2p5/qb1p1p2/P3P1n1/2P2P2/1PQP2BP/RNB1K1NR b kq - 2 10,black,b7b6,-380.0,-0.7397830512740042,0,,38,teacher_candidate,tactics,,,
3867,tactics_0413,tactics,train,generated_0077,rn2kb1r/pp2p1pp/2p5/qb1p1p2/P3P1n1/2P2P2/1PQP2BP/RNB1K1NR b kq - 2 10,black,a5b4,-1079.0,-0.9909625820343808,0,,38,teacher_candidate,tactics,,,
2111,tactics_0414,tactics,train,generated_0042,rnbqkbnr/2p1p1pp/p2p4/1p3p2/4P3/3B1PP1/PPPP3P/RNBQK1NR w KQk - 1 7,white,e4f5,41.0,0.1021425386146839,1,,24,teacher_candidate,tactics,,,
2111,tactics_0414,tactics,train,generated_0042,rnbqkbnr/2p1p1pp/p2p4/1p3p2/4P3/3B1PP1/PPPP3P/RNBQK1NR w KQk - 1 7,white,a2a4,4.0,0.0099996666799994,0,,24,teacher_candidate,tactics,,,
2111,tactics_0414,tactics,train,generated_0042,rnbqkbnr/2p1p1pp/p2p4/1p3p2/4P3/3B1PP1/PPPP3P/RNBQK1NR w KQk - 1 7,white,b2b3,-4.0,-0.0099996666799994,0,,24,teacher_candidate,tactics,,,
2111,tactics_0414,tactics,train,generated_0042,rnbqkbnr/2p1p1pp/p2p4/1p3p2/4P3/3B1PP1/PPPP3P/RNBQK1NR w KQk - 1 7,white,g3g4,-104.0,-0.2542955326263911,0,,24,teacher_candidate,tactics,,,
2111,tactics_0414,tactics,train,generated_0042,rnbqkbnr/2p1p1pp/p2p4/1p3p2/4P3/3B1PP1/PPPP3P/RNBQK1NR w KQk - 1 7,white,d3c4,-740.0,-0.9517459571646616,0,,24,teacher_candidate,tactics,,,
1734,tactics_0415,tactics,train,generated_0034,r1b1kbnr/ppp1np1p/8/3p2p1/qPP3P1/3PpN2/P3QP1P/RN2KBR1 w Qkq - 0 10,white,e2b2,-784.0,-0.961089830863614,1,,26,teacher_candidate,tactics,,,
1734,tactics_0415,tactics,train,generated_0034,r1b1kbnr/ppp1np1p/8/3p2p1/qPP3P1/3PpN2/P3QP1P/RN2KBR1 w Qkq - 0 10,white,b4b5,-878.0,-0.975502330524807,0,,26,teacher_candidate,tactics,,,
1734,tactics_0415,tactics,train,generated_0034,r1b1kbnr/ppp1np1p/8/3p2p1/qPP3P1/3PpN2/P3QP1P/RN2KBR1 w Qkq - 0 10,white,a2a3,-879.0,-0.975623023939446,0,,26,teacher_candidate,tactics,,,
1734,tactics_0415,tactics,train,generated_0034,r1b1kbnr/ppp1np1p/8/3p2p1/qPP3P1/3PpN2/P3QP1P/RN2KBR1 w Qkq - 0 10,white,e2d1,-1095.0,-0.991654512400434,0,,26,teacher_candidate,tactics,,,
1734,tactics_0415,tactics,train,generated_0034,r1b1kbnr/ppp1np1p/8/3p2p1/qPP3P1/3PpN2/P3QP1P/RN2KBR1 w Qkq - 0 10,white,e2c2,-1274.0,-0.9965815345061017,0,,26,teacher_candidate,tactics,,,
2825,tactics_0416,tactics,train,generated_0056,rnb1kb1r/pp1ppppp/8/qp6/1PP1PP2/N2B2n1/P2P2PP/R1BQK2R b KQkq - 0 9,black,a5b6,-122.0,-0.2958816041613004,1,,30,teacher_candidate,tactics,,,
2825,tactics_0416,tactics,train,generated_0056,rnb1kb1r/pp1ppppp/8/qp6/1PP1PP2/N2B2n1/P2P2PP/R1BQK2R b KQkq - 0 9,black,a5b4,-123.0,-0.2981610484891466,0,,30,teacher_candidate,tactics,,,
2825,tactics_0416,tactics,train,generated_0056,rnb1kb1r/pp1ppppp/8/qp6/1PP1PP2/N2B2n1/P2P2PP/R1BQK2R b KQkq - 0 9,black,a5c7,-171.0,-0.4032299072308013,0,,30,teacher_candidate,tactics,,,
2825,tactics_0416,tactics,train,generated_0056,rnb1kb1r/pp1ppppp/8/qp6/1PP1PP2/N2B2n1/P2P2PP/R1BQK2R b KQkq - 0 9,black,h7h6,-778.0,-0.9599285819327408,0,,30,teacher_candidate,tactics,,,
2825,tactics_0416,tactics,train,generated_0056,rnb1kb1r/pp1ppppp/8/qp6/1PP1PP2/N2B2n1/P2P2PP/R1BQK2R b KQkq - 0 9,black,b7b6,-916.0,-0.9796983982280144,0,,30,teacher_candidate,tactics,,,
3365,tactics_0417,tactics,train,generated_0067,r1b1kbnr/pp2p1p1/2qp3p/2p2p2/PP4PP/7B/R1PPPP2/1NBQK1NR w Kkq - 1 10,white,f2f3,221.0,0.5023915644617227,1,,26,teacher_candidate,tactics,,,
3365,tactics_0417,tactics,train,generated_0067,r1b1kbnr/pp2p1p1/2qp3p/2p2p2/PP4PP/7B/R1PPPP2/1NBQK1NR w Kkq - 1 10,white,h1h2,193.0,0.4482435415416372,0,,26,teacher_candidate,tactics,,,
3365,tactics_0417,tactics,train,generated_0067,r1b1kbnr/pp2p1p1/2qp3p/2p2p2/PP4PP/7B/R1PPPP2/1NBQK1NR w Kkq - 1 10,white,g1f3,143.0,0.3430100684508116,0,,26,teacher_candidate,tactics,,,
3365,tactics_0417,tactics,train,generated_0067,r1b1kbnr/pp2p1p1/2qp3p/2p2p2/PP4PP/7B/R1PPPP2/1NBQK1NR w Kkq - 1 10,white,b4b5,-359.0,-0.7150783955690241,0,,26,teacher_candidate,tactics,,,
3365,tactics_0417,tactics,train,generated_0067,r1b1kbnr/pp2p1p1/2qp3p/2p2p2/PP4PP/7B/R1PPPP2/1NBQK1NR w Kkq - 1 10,white,h4h5,-531.0,-0.8686369897347581,0,,26,teacher_candidate,tactics,,,
5009,tactics_0418,tactics,train,generated_0100,rnb1kbn1/1p1pp2r/1q4p1/p1pP1pNp/8/1PP4P/PR1NPPP1/2BQKB1R b Kq - 1 10,black,h7g7,-426.0,-0.7875700166496489,1,,31,teacher_candidate,tactics,,,
5009,tactics_0418,tactics,train,generated_0100,rnb1kbn1/1p1pp2r/1q4p1/p1pP1pNp/8/1PP4P/PR1NPPP1/2BQKB1R b Kq - 1 10,black,h7h8,-473.0,-0.8282382915975468,0,,31,teacher_candidate,tactics,,,
5009,tactics_0418,tactics,train,generated_0100,rnb1kbn1/1p1pp2r/1q4p1/p1pP1pNp/8/1PP4P/PR1NPPP1/2BQKB1R b Kq - 1 10,black,g8f6,-540.0,-0.874053287886007,0,,31,teacher_candidate,tactics,,,
5009,tactics_0418,tactics,train,generated_0100,rnb1kbn1/1p1pp2r/1q4p1/p1pP1pNp/8/1PP4P/PR1NPPP1/2BQKB1R b Kq - 1 10,black,b6e6,-852.0,-0.9721487193869992,0,,31,teacher_candidate,tactics,,,
5009,tactics_0418,tactics,train,generated_0100,rnb1kbn1/1p1pp2r/1q4p1/p1pP1pNp/8/1PP4P/PR1NPPP1/2BQKB1R b Kq - 1 10,black,a8a7,-1017.0,-0.9876983592848,0,,31,teacher_candidate,tactics,,,
2211,tactics_0419,tactics,train,generated_0044,rnq1kbnr/1b1ppppp/8/1pp2Q2/1pP1P3/B7/P2P1PPP/RN2KBNR b KQkq - 3 7,black,b4a3,867.0,0.9741351301220716,1,,29,teacher_candidate,tactics,,,
2211,tactics_0419,tactics,train,generated_0044,rnq1kbnr/1b1ppppp/8/1pp2Q2/1pP1P3/B7/P2P1PPP/RN2KBNR b KQkq - 3 7,black,g7g6,696.0,0.9402266403927276,0,,29,teacher_candidate,tactics,,,
2211,tactics_0419,tactics,train,generated_0044,rnq1kbnr/1b1ppppp/8/1pp2Q2/1pP1P3/B7/P2P1PPP/RN2KBNR b KQkq - 3 7,black,e7e6,637.0,0.920531764576771,0,,29,teacher_candidate,tactics,,,
2211,tactics_0419,tactics,train,generated_0044,rnq1kbnr/1b1ppppp/8/1pp2Q2/1pP1P3/B7/P2P1PPP/RN2KBNR b KQkq - 3 7,black,d7d5,383.0,0.7431596610505404,0,,29,teacher_candidate,tactics,,,
2211,tactics_0419,tactics,train,generated_0044,rnq1kbnr/1b1ppppp/8/1pp2Q2/1pP1P3/B7/P2P1PPP/RN2KBNR b KQkq - 3 7,black,b7d5,-103.0,-0.2519557155332075,0,,29,teacher_candidate,tactics,,,
890,tactics_0420,tactics,train,generated_0017,r1b1k1nr/pp1p1ppp/n1p1p3/8/P2PB1P1/b7/1PPqPP1P/RNBQ1KNR w kq - 5 7,white,d1d2,913.0,0.9793947398556088,1,,32,teacher_candidate,tactics,,,
890,tactics_0420,tactics,train,generated_0017,r1b1k1nr/pp1p1ppp/n1p1p3/8/P2PB1P1/b7/1PPqPP1P/RNBQ1KNR w kq - 5 7,white,c1d2,767.0,0.9577108258246346,0,,32,teacher_candidate,tactics,,,
890,tactics_0420,tactics,train,generated_0017,r1b1k1nr/pp1p1ppp/n1p1p3/8/P2PB1P1/b7/1PPqPP1P/RNBQ1KNR w kq - 5 7,white,b1d2,690.0,0.938462281285704,0,,32,teacher_candidate,tactics,,,
890,tactics_0420,tactics,train,generated_0017,r1b1k1nr/pp1p1ppp/n1p1p3/8/P2PB1P1/b7/1PPqPP1P/RNBQ1KNR w kq - 5 7,white,h2h3,-918.0,-0.9798983722330524,0,,32,teacher_candidate,tactics,,,
890,tactics_0420,tactics,train,generated_0017,r1b1k1nr/pp1p1ppp/n1p1p3/8/P2PB1P1/b7/1PPqPP1P/RNBQ1KNR w kq - 5 7,white,e4g2,-99999.0,-1.0,0,,32,teacher_candidate,tactics,,,
4941,tactics_0421,tactics,train,generated_0098,2bqkbnr/3pp1pp/npp2p2/p7/1P2P3/7N/P1PP1PPP/RNB1KB1R w KQk - 0 7,white,e4e5,-584.0,-0.8976525981658167,1,,28,teacher_candidate,tactics,,,
4941,tactics_0421,tactics,train,generated_0098,2bqkbnr/3pp1pp/npp2p2/p7/1P2P3/7N/P1PP1PPP/RNB1KB1R w KQk - 0 7,white,c2c4,-587.0,-0.899099478664166,0,,28,teacher_candidate,tactics,,,
4941,tactics_0421,tactics,train,generated_0098,2bqkbnr/3pp1pp/npp2p2/p7/1P2P3/7N/P1PP1PPP/RNB1KB1R w KQk - 0 7,white,a2a4,-602.0,-0.9060477086434328,0,,28,teacher_candidate,tactics,,,
4941,tactics_0421,tactics,train,generated_0098,2bqkbnr/3pp1pp/npp2p2/p7/1P2P3/7N/P1PP1PPP/RNB1KB1R w KQk - 0 7,white,d2d3,-690.0,-0.938462281285704,0,,28,teacher_candidate,tactics,,,
4941,tactics_0421,tactics,train,generated_0098,2bqkbnr/3pp1pp/npp2p2/p7/1P2P3/7N/P1PP1PPP/RNB1KB1R w KQk - 0 7,white,f1a6,-911.0,-0.9791898083012212,0,,28,teacher_candidate,tactics,,,
1067,tactics_0422,tactics,train,generated_0021,r1bqk1nr/p1pp2p1/1pn2p2/5pp1/1PPP4/b7/4P1PP/RN1QKBNR w KQkq - 0 9,white,b1a3,-561.0,-0.8858908348021591,1,,24,teacher_candidate,tactics,,,
1067,tactics_0422,tactics,train,generated_0021,r1bqk1nr/p1pp2p1/1pn2p2/5pp1/1PPP4/b7/4P1PP/RN1QKBNR w KQkq - 0 9,white,a1a3,-689.0,-0.9381633592242486,0,,24,teacher_candidate,tactics,,,
1067,tactics_0422,tactics,train,generated_0021,r1bqk1nr/p1pp2p1/1pn2p2/5pp1/1PPP4/b7/4P1PP/RN1QKBNR w KQkq - 0 9,white,b4b5,-849.0,-0.9717337500730344,0,,24,teacher_candidate,tactics,,,
1067,tactics_0422,tactics,train,generated_0021,r1bqk1nr/p1pp2p1/1pn2p2/5pp1/1PPP4/b7/4P1PP/RN1QKBNR w KQkq - 0 9,white,d1c1,-1098.0,-0.9917782497553388,0,,24,teacher_candidate,tactics,,,
1067,tactics_0422,tactics,train,generated_0021,r1bqk1nr/p1pp2p1/1pn2p2/5pp1/1PPP4/b7/4P1PP/RN1QKBNR w KQkq - 0 9,white,g2g4,-1200.0,-0.9950547536867304,0,,24,teacher_candidate,tactics,,,
1646,tactics_0423,tactics,train,generated_0032,rnb1kb1r/p2pqppp/1p6/4p3/2p1P2P/8/PPPPQnB1/RNB1K1NR b kq - 1 10,black,f2h1,901.0,0.9781345117723848,1,,33,teacher_candidate,tactics,,,
1646,tactics_0423,tactics,train,generated_0032,rnb1kb1r/p2pqppp/1p6/4p3/2p1P2P/8/PPPPQnB1/RNB1K1NR b kq - 1 10,black,f2e4,531.0,0.8686369897347581,0,,33,teacher_candidate,tactics,,,
1646,tactics_0423,tactics,train,generated_0032,rnb1kb1r/p2pqppp/1p6/4p3/2p1P2P/8/PPPPQnB1/RNB1K1NR b kq - 1 10,black,f2d3,10.0,0.0249947929684206,0,,33,teacher_candidate,tactics,,,
1646,tactics_0423,tactics,train,generated_0032,rnb1kb1r/p2pqppp/1p6/4p3/2p1P2P/8/PPPPQnB1/RNB1K1NR b kq - 1 10,black,b6b5,-269.0,-0.5866219743251164,0,,33,teacher_candidate,tactics,,,
1646,tactics_0423,tactics,train,generated_0032,rnb1kb1r/p2pqppp/1p6/4p3/2p1P2P/8/PPPPQnB1/RNB1K1NR b kq - 1 10,black,e7a3,-956.0,-0.9833478138031324,0,,33,teacher_candidate,tactics,,,
4930,tactics_0424,tactics,train,generated_0098,rnb1kb1r/pp2ppp1/2pp3n/3P3p/5q2/Q1P2P1N/PP1NPKPP/R1B2BR1 b kq - 3 10,black,c8h3,146.0,0.349610545164627,1,,43,teacher_candidate,tactics,,,
4930,tactics_0424,tactics,train,generated_0098,rnb1kb1r/pp2ppp1/2pp3n/3P3p/5q2/Q1P2P1N/PP1NPKPP/R1B2BR1 b kq - 3 10,black,f4h2,88.0,0.2165180614930288,0,,43,teacher_candidate,tactics,,,
4930,tactics_0424,tactics,train,generated_0098,rnb1kb1r/pp2ppp1/2pp3n/3P3p/5q2/Q1P2P1N/PP1NPKPP/R1B2BR1 b kq - 3 10,black,h6g4,22.0,0.0549446086891874,0,,43,teacher_candidate,tactics,,,
4930,tactics_0424,tactics,train,generated_0098,rnb1kb1r/pp2ppp1/2pp3n/3P3p/5q2/Q1P2P1N/PP1NPKPP/R1B2BR1 b kq - 3 10,black,a7a6,-811.0,-0.9659198356468608,0,,43,teacher_candidate,tactics,,,
4930,tactics_0424,tactics,train,generated_0098,rnb1kb1r/pp2ppp1/2pp3n/3P3p/5q2/Q1P2P1N/PP1NPKPP/R1B2BR1 b kq - 3 10,black,f4b4,-974.0,-0.9847701337512216,0,,43,teacher_candidate,tactics,,,
718,tactics_0425,tactics,train,generated_0014,r1b1kbr1/p1p1pppp/4n2n/1p1q4/6P1/P4N2/1P1PPP1P/RNBQKB1R w KQq - 0 9,white,h1g1,213.0,0.4872897835125242,1,,23,teacher_candidate,tactics,,,
718,tactics_0425,tactics,train,generated_0014,r1b1kbr1/p1p1pppp/4n2n/1p1q4/6P1/P4N2/1P1PPP1P/RNBQKB1R w KQq - 0 9,white,h2h3,208.0,0.477700012168498,0,,23,teacher_candidate,tactics,,,
718,tactics_0425,tactics,train,generated_0014,r1b1kbr1/p1p1pppp/4n2n/1p1q4/6P1/P4N2/1P1PPP1P/RNBQKB1R w KQq - 0 9,white,b1c3,203.0,0.4679950330431393,0,,23,teacher_candidate,tactics,,,
718,tactics_0425,tactics,train,generated_0014,r1b1kbr1/p1p1pppp/4n2n/1p1q4/6P1/P4N2/1P1PPP1P/RNBQKB1R w KQq - 0 9,white,g4g5,-2.0,-0.0049999583337499,0,,23,teacher_candidate,tactics,,,
718,tactics_0425,tactics,train,generated_0014,r1b1kbr1/p1p1pppp/4n2n/1p1q4/6P1/P4N2/1P1PPP1P/RNBQKB1R w KQq - 0 9,white,f3d4,-919.0,-0.9799976268279698,0,,23,teacher_candidate,tactics,,,
1915,tactics_0426,tactics,train,generated_0038,rnb1kbnr/p2p1pp1/1p6/2p1p2p/N6q/1P1P1PP1/P1P1P2P/R1BQKBNR w KQkq - 0 7,white,g3h4,502.0,0.8496797810357468,1,,28,teacher_candidate,tactics,,,
1915,tactics_0426,tactics,train,generated_0038,rnb1kbnr/p2p1pp1/1p6/2p1p2p/N6q/1P1P1PP1/P1P1P2P/R1BQKBNR w KQkq - 0 7,white,a4b6,402.0,0.7636860443814609,0,,28,teacher_candidate,tactics,,,
1915,tactics_0426,tactics,train,generated_0038,rnb1kbnr/p2p1pp1/1p6/2p1p2p/N6q/1P1P1PP1/P1P1P2P/R1BQKBNR w KQkq - 0 7,white,a1b1,312.0,0.65270670596199,0,,28,teacher_candidate,tactics,,,
1915,tactics_0426,tactics,train,generated_0038,rnb1kbnr/p2p1pp1/1p6/2p1p2p/N6q/1P1P1PP1/P1P1P2P/R1BQKBNR w KQkq - 0 7,white,a4b2,-48.0,-0.1194272985343858,0,,28,teacher_candidate,tactics,,,
1915,tactics_0426,tactics,train,generated_0038,rnb1kbnr/p2p1pp1/1p6/2p1p2p/N6q/1P1P1PP1/P1P1P2P/R1BQKBNR w KQkq - 0 7,white,c1g5,-754.0,-0.9549347210871054,0,,28,teacher_candidate,tactics,,,
177,tactics_0427,tactics,train,generated_0003,rnbqk2r/1ppp3p/4p2b/p3npQ1/2P5/5N2/PP1PPPPP/RNB1KB1R w KQkq - 0 9,white,g5h6,840.0,0.970451936613454,1,,35,teacher_candidate,tactics,,,
177,tactics_0427,tactics,train,generated_0003,rnbqk2r/1ppp3p/4p2b/p3npQ1/2P5/5N2/PP1PPPPP/RNB1KB1R w KQkq - 0 9,white,g5d8,786.0,0.9614695347368166,0,,35,teacher_candidate,tactics,,,
177,tactics_0427,tactics,train,generated_0003,rnbqk2r/1ppp3p/4p2b/p3npQ1/2P5/5N2/PP1PPPPP/RNB1KB1R w KQkq - 0 9,white,g5h5,730.0,0.9493345935462564,0,,35,teacher_candidate,tactics,,,
177,tactics_0427,tactics,train,generated_0003,rnbqk2r/1ppp3p/4p2b/p3npQ1/2P5/5N2/PP1PPPPP/RNB1KB1R w KQkq - 0 9,white,b1c3,-890.0,-0.9769124950321554,0,,35,teacher_candidate,tactics,,,
177,tactics_0427,tactics,train,generated_0003,rnbqk2r/1ppp3p/4p2b/p3npQ1/2P5/5N2/PP1PPPPP/RNB1KB1R w KQkq - 0 9,white,e2e4,-1011.0,-0.98732609263094,0,,35,teacher_candidate,tactics,,,
1168,tactics_0428,tactics,train,generated_0023,r1b1kb1r/pp1pppp1/nq6/2pP2Pn/7p/1PQ5/P1P1P1BP/RNBK2NR b kq - 0 10,black,d7d6,20.0,0.0499583749578799,1,,31,teacher_candidate,tactics,,,
1168,tactics_0428,tactics,train,generated_0023,r1b1kb1r/pp1pppp1/nq6/2pP2Pn/7p/1PQ5/P1P1P1BP/RNBK2NR b kq - 0 10,black,a6c7,9.0,0.0224962038937096,0,,31,teacher_candidate,tactics,,,
1168,tactics_0428,tactics,train,generated_0023,r1b1kb1r/pp1pppp1/nq6/2pP2Pn/7p/1PQ5/P1P1P1BP/RNBK2NR b kq - 0 10,black,e7e6,-2.0,-0.0049999583337499,0,,31,teacher_candidate,tactics,,,
1168,tactics_0428,tactics,train,generated_0023,r1b1kb1r/pp1pppp1/nq6/2pP2Pn/7p/1PQ5/P1P1P1BP/RNBK2NR b kq - 0 10,black,e7e5,-105.0,-0.2566323765907324,0,,31,teacher_candidate,tactics,,,
1168,tactics_0428,tactics,train,generated_0023,r1b1kb1r/pp1pppp1/nq6/2pP2Pn/7p/1PQ5/P1P1P1BP/RNBK2NR b kq - 0 10,black,b6b3,-984.0,-0.9855075208083371,0,,31,teacher_candidate,tactics,,,
2459,tactics_0429,tactics,train,generated_0049,r1bqkb1r/pppp3p/n3pp2/6p1/2Pn2P1/3P1P1P/PP2P1B1/RNBQK1NR w KQ - 1 10,white,b1c3,83.0,0.2045723537772613,1,,25,teacher_candidate,tactics,,,
2459,tactics_0429,tactics,train,generated_0049,r1bqkb1r/pppp3p/n3pp2/6p1/2Pn2P1/3P1P1P/PP2P1B1/RNBQK1NR w KQ - 1 10,white,h3h4,55.0,0.1366399669564962,0,,25,teacher_candidate,tactics,,,
2459,tactics_0429,tactics,train,generated_0049,r1bqkb1r/pppp3p/n3pp2/6p1/2Pn2P1/3P1P1P/PP2P1B1/RNBQK1NR w KQ - 1 10,white,e2e3,44.0,0.1095584702144295,0,,25,teacher_candidate,tactics,,,
2459,tactics_0429,tactics,train,generated_0049,r1bqkb1r/pppp3p/n3pp2/6p1/2Pn2P1/3P1P1P/PP2P1B1/RNBQK1NR w KQ - 1 10,white,c1d2,-69.0,-0.1708091382589301,0,,25,teacher_candidate,tactics,,,
2459,tactics_0429,tactics,train,generated_0049,r1bqkb1r/pppp3p/n3pp2/6p1/2Pn2P1/3P1P1P/PP2P1B1/RNBQK1NR w KQ - 1 10,white,d1c2,-1119.0,-0.9925947222981364,0,,25,teacher_candidate,tactics,,,
2095,tactics_0430,tactics,train,generated_0041,r1bqkbnr/p2ppp2/2n3p1/2p3Bp/1p2P3/3P1N2/PPPK1PPP/RNQ2B1R b kq - 1 8,black,f8g7,269.0,0.5866219743251164,1,,27,teacher_candidate,tactics,,,
2095,tactics_0430,tactics,train,generated_0041,r1bqkbnr/p2ppp2/2n3p1/2p3Bp/1p2P3/3P1N2/PPPK1PPP/RNQ2B1R b kq - 1 8,black,d7d5,227.0,0.5135209012396211,0,,27,teacher_candidate,tactics,,,
2095,tactics_0430,tactics,train,generated_0041,r1bqkbnr/p2ppp2/2n3p1/2p3Bp/1p2P3/3P1N2/PPPK1PPP/RNQ2B1R b kq - 1 8,black,d7d6,212.0,0.4853810906053715,0,,27,teacher_candidate,tactics,,,
2095,tactics_0430,tactics,train,generated_0041,r1bqkbnr/p2ppp2/2n3p1/2p3Bp/1p2P3/3P1N2/PPPK1PPP/RNQ2B1R b kq - 1 8,black,d8c7,143.0,0.3430100684508116,0,,27,teacher_candidate,tactics,,,
2095,tactics_0430,tactics,train,generated_0041,r1bqkbnr/p2ppp2/2n3p1/2p3Bp/1p2P3/3P1N2/PPPK1PPP/RNQ2B1R b kq - 1 8,black,e7e6,-371.0,-0.7294261843234738,0,,27,teacher_candidate,tactics,,,
2838,tactics_0431,tactics,train,generated_0056,rn2kb1r/1pp1pppp/3p1n2/P6Q/2b1P3/N6P/P1PP1P1P/R1B1KBR1 b Qkq - 0 9,black,f6h5,-3.0,-0.0074998593781639,1,,34,teacher_candidate,tactics,,,
2838,tactics_0431,tactics,train,generated_0056,rn2kb1r/1pp1pppp/3p1n2/P6Q/2b1P3/N6P/P1PP1P1P/R1B1KBR1 b Qkq - 0 9,black,c4f1,-559.0,-0.8848100694639156,0,,34,teacher_candidate,tactics,,,
2838,tactics_0431,tactics,train,generated_0056,rn2kb1r/1pp1pppp/3p1n2/P6Q/2b1P3/N6P/P1PP1P1P/R1B1KBR1 b Qkq - 0 9,black,b8a6,-626.0,-0.9162267858844144,0,,34,teacher_candidate,tactics,,,
2838,tactics_0431,tactics,train,generated_0056,rn2kb1r/1pp1pppp/3p1n2/P6Q/2b1P3/N6P/P1PP1P1P/R1B1KBR1 b Qkq - 0 9,black,c4e6,-735.0,-0.9505546004392488,0,,34,teacher_candidate,tactics,,,
2838,tactics_0431,tactics,train,generated_0056,rn2kb1r/1pp1pppp/3p1n2/P6Q/2b1P3/N6P/P1PP1P1P/R1B1KBR1 b Qkq - 0 9,black,c4b5,-1028.0,-0.988352845987577,0,,34,teacher_candidate,tactics,,,
2424,tactics_0432,tactics,train,generated_0048,rnb1k1nr/p1ppq1p1/1pPbp3/5p1p/P4P2/1P3N1P/2QPP1P1/RNB1KB1R w KQkq - 0 10,white,e2e3,-5.0,-0.0124993489990208,1,,35,teacher_candidate,tactics,,,
2424,tactics_0432,tactics,train,generated_0048,rnb1k1nr/p1ppq1p1/1pPbp3/5p1p/P4P2/1P3N1P/2QPP1P1/RNB1KB1R w KQkq - 0 10,white,c6d7,-23.0,-0.0574367139028792,0,,35,teacher_candidate,tactics,,,
2424,tactics_0432,tactics,train,generated_0048,rnb1k1nr/p1ppq1p1/1pPbp3/5p1p/P4P2/1P3N1P/2QPP1P1/RNB1KB1R w KQkq - 0 10,white,c1a3,-58.0,-0.1439922658630372,0,,35,teacher_candidate,tactics,,,
2424,tactics_0432,tactics,train,generated_0048,rnb1k1nr/p1ppq1p1/1pPbp3/5p1p/P4P2/1P3N1P/2QPP1P1/RNB1KB1R w KQkq - 0 10,white,c2d1,-230.0,-0.5190218338982221,0,,35,teacher_candidate,tactics,,,
2424,tactics_0432,tactics,train,generated_0048,rnb1k1nr/p1ppq1p1/1pPbp3/5p1p/P4P2/1P3N1P/2QPP1P1/RNB1KB1R w KQkq - 0 10,white,c2f5,-1031.0,-0.988525254639277,0,,35,teacher_candidate,tactics,,,
884,tactics_0433,tactics,train,generated_0017,rn1qkbnr/p1pppp2/b7/1B6/6pp/1QP1PP1P/PP1P2PN/RNB2RK1 b kq - 0 9,black,a6b5,-104.0,-0.2542955326263911,1,,21,teacher_candidate,tactics,,,
884,tactics_0433,tactics,train,generated_0017,rn1qkbnr/p1pppp2/b7/1B6/6pp/1QP1PP1P/PP1P2PN/RNB2RK1 b kq - 0 9,black,g4h3,-104.0,-0.2542955326263911,0,,21,teacher_candidate,tactics,,,
884,tactics_0433,tactics,train,generated_0017,rn1qkbnr/p1pppp2/b7/1B6/6pp/1QP1PP1P/PP1P2PN/RNB2RK1 b kq - 0 9,black,g4g3,-205.0,-0.4718907878542969,0,,21,teacher_candidate,tactics,,,
884,tactics_0433,tactics,train,generated_0017,rn1qkbnr/p1pppp2/b7/1B6/6pp/1QP1PP1P/PP1P2PN/RNB2RK1 b kq - 0 9,black,g8f6,-585.0,-0.8981370594941129,0,,21,teacher_candidate,tactics,,,
884,tactics_0433,tactics,train,generated_0017,rn1qkbnr/p1pppp2/b7/1B6/6pp/1QP1PP1P/PP1P2PN/RNB2RK1 b kq - 0 9,black,h8h7,-715.0,-0.9454960984595678,0,,21,teacher_candidate,tactics,,,
4137,tactics_0434,tactics,train,generated_0082,rnbqk2r/1p2pp1p/7b/p1pp2p1/P3P1P1/1P6/2PPQP1N/RNB1KB1R w KQkq - 2 10,white,c1b2,829.0,0.9688073272108432,1,,27,teacher_candidate,tactics,,,
4137,tactics_0434,tactics,train,generated_0082,rnbqk2r/1p2pp1p/7b/p1pp2p1/P3P1P1/1P6/2PPQP1N/RNB1KB1R w KQkq - 2 10,white,b1c3,755.0,0.9551544452698746,0,,27,teacher_candidate,tactics,,,
4137,tactics_0434,tactics,train,generated_0082,rnbqk2r/1p2pp1p/7b/p1pp2p1/P3P1P1/1P6/2PPQP1N/RNB1KB1R w KQkq - 2 10,white,d2d3,670.0,0.9322096716816436,0,,27,teacher_candidate,tactics,,,
4137,tactics_0434,tactics,train,generated_0082,rnbqk2r/1p2pp1p/7b/p1pp2p1/P3P1P1/1P6/2PPQP1N/RNB1KB1R w KQkq - 2 10,white,a1a2,586.0,0.8986193501374987,0,,27,teacher_candidate,tactics,,,
4137,tactics_0434,tactics,train,generated_0082,rnbqk2r/1p2pp1p/7b/p1pp2p1/P3P1P1/1P6/2PPQP1N/RNB1KB1R w KQkq - 2 10,white,e2a6,-817.0,-0.966910392445867,0,,27,teacher_candidate,tactics,,,
2002,tactics_0435,tactics,train,generated_0040,r1bqkb2/p1p1pp1r/n2p1np1/1pN4p/6P1/P2P1N2/1PPKPP1P/R1BQ1B1R b q - 2 10,black,d6c5,832.0,0.9692645888694488,1,,29,teacher_candidate,tactics,,,
2002,tactics_0435,tactics,train,generated_0040,r1bqkb2/p1p1pp1r/n2p1np1/1pN4p/6P1/P2P1N2/1PPKPP1P/R1BQ1B1R b q - 2 10,black,a6c5,830.0,0.9689604868431824,0,,29,teacher_candidate,tactics,,,
2002,tactics_0435,tactics,train,generated_0040,r1bqkb2/p1p1pp1r/n2p1np1/1pN4p/6P1/P2P1N2/1PPKPP1P/R1BQ1B1R b q - 2 10,black,h5g4,508.0,0.8537976531552436,0,,29,teacher_candidate,tactics,,,
2002,tactics_0435,tactics,train,generated_0040,r1bqkb2/p1p1pp1r/n2p1np1/1pN4p/6P1/P2P1N2/1PPKPP1P/R1BQ1B1R b q - 2 10,black,h7g7,74.0,0.1829179568655601,0,,29,teacher_candidate,tactics,,,
2002,tactics_0435,tactics,train,generated_0040,r1bqkb2/p1p1pp1r/n2p1np1/1pN4p/6P1/P2P1N2/1PPKPP1P/R1BQ1B1R b q - 2 10,black,d8d7,-687.0,-0.9375612924997138,0,,29,teacher_candidate,tactics,,,
303,tactics_0436,tactics,train,generated_0006,rnbq1bnr/1p1ppkp1/p1p5/5p1p/QPP4P/P2P1P2/4P1P1/RNB1KBNR b KQ - 0 7,black,d7d5,-48.0,-0.1194272985343858,1,,24,teacher_candidate,tactics,,,
303,tactics_0436,tactics,train,generated_0006,rnbq1bnr/1p1ppkp1/p1p5/5p1p/QPP4P/P2P1P2/4P1P1/RNB1KBNR b KQ - 0 7,black,d7d6,-49.0,-0.1218909006494324,0,,24,teacher_candidate,tactics,,,
303,tactics_0436,tactics,train,generated_0006,rnbq1bnr/1p1ppkp1/p1p5/5p1p/QPP4P/P2P1P2/4P1P1/RNB1KBNR b KQ - 0 7,black,e7e6,-52.0,-0.1292725836060583,0,,24,teacher_candidate,tactics,,,
303,tactics_0436,tactics,train,generated_0006,rnbq1bnr/1p1ppkp1/p1p5/5p1p/QPP4P/P2P1P2/4P1P1/RNB1KBNR b KQ - 0 7,black,d8b6,-183.0,-0.4280444535546033,0,,24,teacher_candidate,tactics,,,
303,tactics_0436,tactics,train,generated_0006,rnbq1bnr/1p1ppkp1/p1p5/5p1p/QPP4P/P2P1P2/4P1P1/RNB1KBNR b KQ - 0 7,black,d8a5,-706.0,-0.9430588246198056,0,,24,teacher_candidate,tactics,,,
426,tactics_0437,tactics,train,generated_0008,rnb1kb1r/1p2pppp/p1pp3n/8/Q1PPP3/7q/PP1N1PPP/R1B1KB1R w KQkq - 0 7,white,g2h3,744.0,0.9526788436890776,1,,29,teacher_candidate,tactics,,,
426,tactics_0437,tactics,train,generated_0008,rnb1kb1r/1p2pppp/p1pp3n/8/Q1PPP3/7q/PP1N1PPP/R1B1KB1R w KQkq - 0 7,white,a1b1,472.0,0.8274516110081667,0,,29,teacher_candidate,tactics,,,
426,tactics_0437,tactics,train,generated_0008,rnb1kb1r/1p2pppp/p1pp3n/8/Q1PPP3/7q/PP1N1PPP/R1B1KB1R w KQkq - 0 7,white,c4c5,-273.0,-0.5931422541818654,0,,29,teacher_candidate,tactics,,,
426,tactics_0437,tactics,train,generated_0008,rnb1kb1r/1p2pppp/p1pp3n/8/Q1PPP3/7q/PP1N1PPP/R1B1KB1R w KQkq - 0 7,white,h1g1,-564.0,-0.8874941328536653,0,,29,teacher_candidate,tactics,,,
426,tactics_0437,tactics,train,generated_0008,rnb1kb1r/1p2pppp/p1pp3n/8/Q1PPP3/7q/PP1N1PPP/R1B1KB1R w KQkq - 0 7,white,a4b5,-810.0,-0.9657519333685444,0,,29,teacher_candidate,tactics,,,
2776,tactics_0438,tactics,train,generated_0055,r1bqk2r/pp1p2p1/2pb1p1n/1N2p2p/P1Bn4/4PP2/RPPP2PP/2BQK1NR w Kkq - 0 9,white,b5d6,1001.0,0.9866806150070832,1,,33,teacher_candidate,tactics,,,
2776,tactics_0438,tactics,train,generated_0055,r1bqk2r/pp1p2p1/2pb1p1n/1N2p2p/P1Bn4/4PP2/RPPP2PP/2BQK1NR w Kkq - 0 9,white,e3d4,62.0,0.1537705222640926,0,,33,teacher_candidate,tactics,,,
2776,tactics_0438,tactics,train,generated_0055,r1bqk2r/pp1p2p1/2pb1p1n/1N2p2p/P1Bn4/4PP2/RPPP2PP/2BQK1NR w Kkq - 0 9,white,b5d4,-3.0,-0.0074998593781639,0,,33,teacher_candidate,tactics,,,
2776,tactics_0438,tactics,train,generated_0055,r1bqk2r/pp1p2p1/2pb1p1n/1N2p2p/P1Bn4/4PP2/RPPP2PP/2BQK1NR w Kkq - 0 9,white,h2h3,-398.0,-0.7594862750644984,0,,33,teacher_candidate,tactics,,,
2776,tactics_0438,tactics,train,generated_0055,r1bqk2r/pp1p2p1/2pb1p1n/1N2p2p/P1Bn4/4PP2/RPPP2PP/2BQK1NR w Kkq - 0 9,white,d1e2,-854.0,-0.9724220229877168,0,,33,teacher_candidate,tactics,,,
2256,tactics_0439,tactics,train,generated_0045,rnbqkb1r/1p3pp1/p1p1p2n/3p4/8/P4PN1/1PPPP1PP/RNBQKB1R w KQkq - 0 7,white,e2e3,31.0,0.0773452104130159,1,,19,teacher_candidate,tactics,,,
2256,tactics_0439,tactics,train,generated_0045,rnbqkb1r/1p3pp1/p1p1p2n/3p4/8/P4PN1/1PPPP1PP/RNBQKB1R w KQkq - 0 7,white,d2d3,22.0,0.0549446086891874,0,,19,teacher_candidate,tactics,,,
2256,tactics_0439,tactics,train,generated_0045,rnbqkb1r/1p3pp1/p1p1p2n/3p4/8/P4PN1/1PPPP1PP/RNBQKB1R w KQkq - 0 7,white,d2d4,15.0,0.0374824317570704,0,,19,teacher_candidate,tactics,,,
2256,tactics_0439,tactics,train,generated_0045,rnbqkb1r/1p3pp1/p1p1p2n/3p4/8/P4PN1/1PPPP1PP/RNBQKB1R w KQkq - 0 7,white,a1a2,-73.0,-0.1805005038603668,0,,19,teacher_candidate,tactics,,,
2256,tactics_0439,tactics,train,generated_0045,rnbqkb1r/1p3pp1/p1p1p2n/3p4/8/P4PN1/1PPPP1PP/RNBQKB1R w KQkq - 0 7,white,g3f5,-881.0,-0.9758626515870974,0,,19,teacher_candidate,tactics,,,
287,tactics_0440,tactics,train,generated_0005,r1bqkb1r/p2p1p1p/n1p4n/4p1p1/2P3P1/P1N2P1B/3PP2P/R1BQK1NR b KQkq - 0 8,black,f7f6,70.0,0.1732351578346601,1,,28,teacher_candidate,tactics,,,
287,tactics_0440,tactics,train,generated_0005,r1bqkb1r/p2p1p1p/n1p4n/4p1p1/2P3P1/P1N2P1B/3PP2P/R1BQK1NR b KQkq - 0 8,black,f8e7,39.0,0.0971922171662686,0,,28,teacher_candidate,tactics,,,
287,tactics_0440,tactics,train,generated_0005,r1bqkb1r/p2p1p1p/n1p4n/4p1p1/2P3P1/P1N2P1B/3PP2P/R1BQK1NR b KQkq - 0 8,black,a8b8,36.0,0.0897577847471601,0,,28,teacher_candidate,tactics,,,
287,tactics_0440,tactics,train,generated_0005,r1bqkb1r/p2p1p1p/n1p4n/4p1p1/2P3P1/P1N2P1B/3PP2P/R1BQK1NR b KQkq - 0 8,black,d8c7,-46.0,-0.1144957091971111,0,,28,teacher_candidate,tactics,,,
287,tactics_0440,tactics,train,generated_0005,r1bqkb1r/p2p1p1p/n1p4n/4p1p1/2P3P1/P1N2P1B/3PP2P/R1BQK1NR b KQkq - 0 8,black,f8b4,-794.0,-0.9629523500734012,0,,28,teacher_candidate,tactics,,,
1428,tactics_0441,tactics,train,generated_0028,rnbqk1nr/2pp1p2/p2b2pp/1p2p2Q/4P3/P2B1N2/1PPP1PPP/RNB1K2R b KQkq - 1 9,black,g6h5,650.0,0.925346225311741,1,,25,teacher_candidate,tactics,,,
1428,tactics_0441,tactics,train,generated_0028,rnbqk1nr/2pp1p2/p2b2pp/1p2p2Q/4P3/P2B1N2/1PPP1PPP/RNB1K2R b KQkq - 1 9,black,b8c6,358.0,0.7138545530398384,0,,25,teacher_candidate,tactics,,,
1428,tactics_0441,tactics,train,generated_0028,rnbqk1nr/2pp1p2/p2b2pp/1p2p2Q/4P3/P2B1N2/1PPP1PPP/RNB1K2R b KQkq - 1 9,black,g8f6,188.0,0.4381993148327677,0,,25,teacher_candidate,tactics,,,
1428,tactics_0441,tactics,train,generated_0028,rnbqk1nr/2pp1p2/p2b2pp/1p2p2Q/4P3/P2B1N2/1PPP1PPP/RNB1K2R b KQkq - 1 9,black,d8f6,39.0,0.0971922171662686,0,,25,teacher_candidate,tactics,,,
1428,tactics_0441,tactics,train,generated_0028,rnbqk1nr/2pp1p2/p2b2pp/1p2p2Q/4P3/P2B1N2/1PPP1PPP/RNB1K2R b KQkq - 1 9,black,d6b4,-908.0,-0.9788786239267536,0,,25,teacher_candidate,tactics,,,
3571,tactics_0442,tactics,train,generated_0071,r2qkb1r/pp2pppp/2p4n/8/N2pn3/2P2NPb/PP1P1PB1/R1BQK2R w KQkq - 2 9,white,g2h3,510.0,0.8551470292769645,1,,28,teacher_candidate,tactics,,,
3571,tactics_0442,tactics,train,generated_0071,r2qkb1r/pp2pppp/2p4n/8/N2pn3/2P2NPb/PP1P1PB1/R1BQK2R w KQkq - 2 9,white,h1h3,486.0,0.8381730655690693,0,,28,teacher_candidate,tactics,,,
3571,tactics_0442,tactics,train,generated_0071,r2qkb1r/pp2pppp/2p4n/8/N2pn3/2P2NPb/PP1P1PB1/R1BQK2R w KQkq - 2 9,white,a1b1,130.0,0.3140209253469976,0,,28,teacher_candidate,tactics,,,
3571,tactics_0442,tactics,train,generated_0071,r2qkb1r/pp2pppp/2p4n/8/N2pn3/2P2NPb/PP1P1PB1/R1BQK2R w KQkq - 2 9,white,d1b3,-529.0,-0.8674042972956072,0,,28,teacher_candidate,tactics,,,
3571,tactics_0442,tactics,train,generated_0071,r2qkb1r/pp2pppp/2p4n/8/N2pn3/2P2NPb/PP1P1PB1/R1BQK2R w KQkq - 2 9,white,b2b4,-933.0,-0.9813372922299884,0,,28,teacher_candidate,tactics,,,
1716,tactics_0443,tactics,train,generated_0034,1nbqkbnr/1pppp3/r7/p1P1p1pp/3P4/1P3P1P/P3P1P1/RN1QKBNR b KQk - 0 8,black,e5d4,832.0,0.9692645888694488,1,,28,teacher_candidate,tactics,,,
1716,tactics_0443,tactics,train,generated_0034,1nbqkbnr/1pppp3/r7/p1P1p1pp/3P4/1P3P1P/P3P1P1/RN1QKBNR b KQk - 0 8,black,a6h6,749.0,0.9538202298220756,0,,28,teacher_candidate,tactics,,,
1716,tactics_0443,tactics,train,generated_0034,1nbqkbnr/1pppp3/r7/p1P1p1pp/3P4/1P3P1P/P3P1P1/RN1QKBNR b KQk - 0 8,black,a6e6,726.0,0.948337522950672,0,,28,teacher_candidate,tactics,,,
1716,tactics_0443,tactics,train,generated_0034,1nbqkbnr/1pppp3/r7/p1P1p1pp/3P4/1P3P1P/P3P1P1/RN1QKBNR b KQk - 0 8,black,e5e4,456.0,0.814414093765686,0,,28,teacher_candidate,tactics,,,
1716,tactics_0443,tactics,train,generated_0034,1nbqkbnr/1pppp3/r7/p1P1p1pp/3P4/1P3P1P/P3P1P1/RN1QKBNR b KQk - 0 8,black,a6b6,-190.0,-0.4422303560457261,0,,28,teacher_candidate,tactics,,,
3256,tactics_0444,tactics,train,generated_0065,r1q1kbnr/pb2p1pp/np1p1p2/2p5/1P3P2/6K1/P1PPP1PP/RNBQ1BNR w kq - 1 9,white,b4b5,-272.0,-0.5915193954318165,1,,22,teacher_candidate,tactics,,,
3256,tactics_0444,tactics,train,generated_0065,r1q1kbnr/pb2p1pp/np1p1p2/2p5/1P3P2/6K1/P1PPP1PP/RNBQ1BNR w kq - 1 9,white,e2e3,-274.0,-0.5947603071377392,0,,22,teacher_candidate,tactics,,,
3256,tactics_0444,tactics,train,generated_0065,r1q1kbnr/pb2p1pp/np1p1p2/2p5/1P3P2/6K1/P1PPP1PP/RNBQ1BNR w kq - 1 9,white,h2h4,-286.0,-0.6138026315335672,0,,22,teacher_candidate,tactics,,,
3256,tactics_0444,tactics,train,generated_0065,r1q1kbnr/pb2p1pp/np1p1p2/2p5/1P3P2/6K1/P1PPP1PP/RNBQ1BNR w kq - 1 9,white,b1c3,-397.0,-0.7584263132115812,0,,22,teacher_candidate,tactics,,,
3256,tactics_0444,tactics,train,generated_0065,r1q1kbnr/pb2p1pp/np1p1p2/2p5/1P3P2/6K1/P1PPP1PP/RNBQ1BNR w kq - 1 9,white,g3h4,-796.0,-0.9633142186045134,0,,22,teacher_candidate,tactics,,,
3014,tactics_0445,tactics,train,generated_0060,r1bq1b1r/ppp1nppp/3kpn2/8/P1p5/1R1P4/1P1NPPPP/3QKBNR w K - 2 9,white,d2e4,617.0,0.9125395036620289,1,,27,teacher_candidate,tactics,,,
3014,tactics_0445,tactics,train,generated_0060,r1bq1b1r/ppp1nppp/3kpn2/8/P1p5/1R1P4/1P1NPPPP/3QKBNR w K - 2 9,white,d2c4,-29.0,-0.0723732404635894,0,,27,teacher_candidate,tactics,,,
3014,tactics_0445,tactics,train,generated_0060,r1bq1b1r/ppp1nppp/3kpn2/8/P1p5/1R1P4/1P1NPPPP/3QKBNR w K - 2 9,white,b3c3,-406.0,-0.7678221558620103,0,,27,teacher_candidate,tactics,,,
3014,tactics_0445,tactics,train,generated_0060,r1bq1b1r/ppp1nppp/3kpn2/8/P1p5/1R1P4/1P1NPPPP/3QKBNR w K - 2 9,white,a4a5,-698.0,-0.9408037916417216,0,,27,teacher_candidate,tactics,,,
3014,tactics_0445,tactics,train,generated_0060,r1bq1b1r/ppp1nppp/3kpn2/8/P1p5/1R1P4/1P1NPPPP/3QKBNR w K - 2 9,white,d1c1,-1014.0,-0.9875136045009668,0,,27,teacher_candidate,tactics,,,
1401,tactics_0446,tactics,train,generated_0028,rn2kbnr/p1p1pppp/4b3/1P6/4P3/P3K2P/RP1P1P1P/1NB2BNR b kq - 2 10,black,e6a2,775.0,0.9593352933146824,1,,26,teacher_candidate,tactics,,,
1401,tactics_0446,tactics,train,generated_0028,rn2kbnr/p1p1pppp/4b3/1P6/4P3/P3K2P/RP1P1P1P/1NB2BNR b kq - 2 10,black,e6b3,525.0,0.8649066177207418,0,,26,teacher_candidate,tactics,,,
1401,tactics_0446,tactics,train,generated_0028,rn2kbnr/p1p1pppp/4b3/1P6/4P3/P3K2P/RP1P1P1P/1NB2BNR b kq - 2 10,black,g7g6,53.0,0.1317300057909633,0,,26,teacher_candidate,tactics,,,
1401,tactics_0446,tactics,train,generated_0028,rn2kbnr/p1p1pppp/4b3/1P6/4P3/P3K2P/RP1P1P1P/1NB2BNR b kq - 2 10,black,b8a6,-183.0,-0.4280444535546033,0,,26,teacher_candidate,tactics,,,
1401,tactics_0446,tactics,train,generated_0028,rn2kbnr/p1p1pppp/4b3/1P6/4P3/P3K2P/RP1P1P1P/1NB2BNR b kq - 2 10,black,e6c4,-920.0,-0.9800963962661914,0,,26,teacher_candidate,tactics,,,
2971,tactics_0447,tactics,train,generated_0059,rn1qkb1r/2p1p3/bp1p3n/p4ppQ/2BPP3/4B2N/PPP2PPP/RN2K2R b KQkq - 0 10,black,e8d7,-448.0,-0.8075689165786144,1,,2,teacher_candidate,tactics,,,
2971,tactics_0447,tactics,train,generated_0059,rn1qkb1r/2p1p3/bp1p3n/p4ppQ/2BPP3/4B2N/PPP2PPP/RN2K2R b KQkq - 0 10,black,h6f7,-958.0,-0.9835121398707968,0,,2,teacher_candidate,tactics,,,
1916,tactics_0448,tactics,train,generated_0038,rnbq1bnr/1p1pk1p1/4pp2/p1p4p/PPPP1PP1/7B/4P2P/RNBQK1NR b KQ - 1 8,black,h5g4,89.0,0.2188995672566503,1,,26,teacher_candidate,tactics,,,
1916,tactics_0448,tactics,train,generated_0038,rnbq1bnr/1p1pk1p1/4pp2/p1p4p/PPPP1PP1/7B/4P2P/RNBQK1NR b KQ - 1 8,black,a5b4,54.0,0.1341858099309086,0,,26,teacher_candidate,tactics,,,
1916,tactics_0448,tactics,train,generated_0038,rnbq1bnr/1p1pk1p1/4pp2/p1p4p/PPPP1PP1/7B/4P2P/RNBQK1NR b KQ - 1 8,black,c5d4,-32.0,-0.0798297691111313,0,,26,teacher_candidate,tactics,,,
1916,tactics_0448,tactics,train,generated_0038,rnbq1bnr/1p1pk1p1/4pp2/p1p4p/PPPP1PP1/7B/4P2P/RNBQK1NR b KQ - 1 8,black,d8c7,-220.0,-0.5005202111902353,0,,26,teacher_candidate,tactics,,,
1916,tactics_0448,tactics,train,generated_0038,rnbq1bnr/1p1pk1p1/4pp2/p1p4p/PPPP1PP1/7B/4P2P/RNBQK1NR b KQ - 1 8,black,e7d6,-614.0,-0.9112763448216872,0,,26,teacher_candidate,tactics,,,
1077,tactics_0449,tactics,train,generated_0021,r1bqk1nr/1ppp1pp1/n6p/p1b1p3/2P5/P3PP2/1PQP1NPP/RNB1KB1R b KQkq - 3 7,black,d7d6,-2.0,-0.0049999583337499,1,,34,teacher_candidate,tactics,,,
1077,tactics_0449,tactics,train,generated_0021,r1bqk1nr/1ppp1pp1/n6p/p1b1p3/2P5/P3PP2/1PQP1NPP/RNB1KB1R b KQkq - 3 7,black,c7c6,-6.0,-0.0149988751012407,0,,34,teacher_candidate,tactics,,,
1077,tactics_0449,tactics,train,generated_0021,r1bqk1nr/1ppp1pp1/n6p/p1b1p3/2P5/P3PP2/1PQP1NPP/RNB1KB1R b KQkq - 3 7,black,g8f6,-37.0,-0.0922370820915592,0,,34,teacher_candidate,tactics,,,
1077,tactics_0449,tactics,train,generated_0021,r1bqk1nr/1ppp1pp1/n6p/p1b1p3/2P5/P3PP2/1PQP1NPP/RNB1KB1R b KQkq - 3 7,black,d8g5,-107.0,-0.2612970513021489,0,,34,teacher_candidate,tactics,,,
1077,tactics_0449,tactics,train,generated_0021,r1bqk1nr/1ppp1pp1/n6p/p1b1p3/2P5/P3PP2/1PQP1NPP/RNB1KB1R b KQkq - 3 7,black,h8h7,-913.0,-0.9793947398556088,0,,34,teacher_candidate,tactics,,,
2031,tactics_0450,tactics,train,generated_0040,rn1qkbn1/p1ppp2r/1p6/5ppp/2b1P3/1P3NP1/P2PBP1P/RNBQK2R w KQq - 0 8,white,b3c4,717.0,0.9460237850730044,1,,28,teacher_candidate,tactics,,,
2031,tactics_0450,tactics,train,generated_0040,rn1qkbn1/p1ppp2r/1p6/5ppp/2b1P3/1P3NP1/P2PBP1P/RNBQK2R w KQq - 0 8,white,e2c4,700.0,0.9413755384972874,0,,28,teacher_candidate,tactics,,,
2031,tactics_0450,tactics,train,generated_0040,rn1qkbn1/p1ppp2r/1p6/5ppp/2b1P3/1P3NP1/P2PBP1P/RNBQK2R w KQq - 0 8,white,f3g5,362.0,0.7187237485317317,0,,28,teacher_candidate,tactics,,,
2031,tactics_0450,tactics,train,generated_0040,rn1qkbn1/p1ppp2r/1p6/5ppp/2b1P3/1P3NP1/P2PBP1P/RNBQK2R w KQq - 0 8,white,c1a3,47.0,0.1169622248763227,0,,28,teacher_candidate,tactics,,,
2031,tactics_0450,tactics,train,generated_0040,rn1qkbn1/p1ppp2r/1p6/5ppp/2b1P3/1P3NP1/P2PBP1P/RNBQK2R w KQq - 0 8,white,f3h4,-582.0,-0.8966771290678304,0,,28,teacher_candidate,tactics,,,
48,tactics_0451,tactics,train,generated_0000,2bqkb1r/rp1p2pp/p2p4/2p1np2/2P1P1P1/7N/PP1B2PP/RN1QKB1R w KQk - 0 10,white,g4f5,806.0,0.9650721590620808,1,,33,teacher_candidate,tactics,,,
48,tactics_0451,tactics,train,generated_0000,2bqkb1r/rp1p2pp/p2p4/2p1np2/2P1P1P1/7N/PP1B2PP/RN1QKB1R w KQk - 0 10,white,e4f5,744.0,0.9526788436890776,0,,33,teacher_candidate,tactics,,,
48,tactics_0451,tactics,train,generated_0000,2bqkb1r/rp1p2pp/p2p4/2p1np2/2P1P1P1/7N/PP1B2PP/RN1QKB1R w KQk - 0 10,white,b1c3,651.0,0.9257047311181208,0,,33,teacher_candidate,tactics,,,
48,tactics_0451,tactics,train,generated_0000,2bqkb1r/rp1p2pp/p2p4/2p1np2/2P1P1P1/7N/PP1B2PP/RN1QKB1R w KQk - 0 10,white,d2e3,461.0,0.8185805822252497,0,,33,teacher_candidate,tactics,,,
48,tactics_0451,tactics,train,generated_0000,2bqkb1r/rp1p2pp/p2p4/2p1np2/2P1P1P1/7N/PP1B2PP/RN1QKB1R w KQk - 0 10,white,d1f3,-664.0,-0.9302171829365264,0,,33,teacher_candidate,tactics,,,
4584,tactics_0452,tactics,train,generated_0091,r1bqkbnr/1pppp1p1/5p1p/p7/P2n4/5P1P/1PP1P1P1/RNBQKBNR w KQkq - 0 7,white,d1d4,251.0,0.5563283698494009,1,,26,teacher_candidate,tactics,,,
4584,tactics_0452,tactics,train,generated_0091,r1bqkbnr/1pppp1p1/5p1p/p7/P2n4/5P1P/1PP1P1P1/RNBQKBNR w KQkq - 0 7,white,g2g3,23.0,0.0574367139028792,0,,26,teacher_candidate,tactics,,,
4584,tactics_0452,tactics,train,generated_0091,r1bqkbnr/1pppp1p1/5p1p/p7/P2n4/5P1P/1PP1P1P1/RNBQKBNR w KQkq - 0 7,white,f3f4,4.0,0.0099996666799994,0,,26,teacher_candidate,tactics,,,
4584,tactics_0452,tactics,train,generated_0091,r1bqkbnr/1pppp1p1/5p1p/p7/P2n4/5P1P/1PP1P1P1/RNBQKBNR w KQkq - 0 7,white,e1f2,-219.0,-0.4986441688103595,0,,26,teacher_candidate,tactics,,,
4584,tactics_0452,tactics,train,generated_0091,r1bqkbnr/1pppp1p1/5p1p/p7/P2n4/5P1P/1PP1P1P1/RNBQKBNR w KQkq - 0 7,white,c1g5,-428.0,-0.7894612209549805,0,,26,teacher_candidate,tactics,,,
4499,tactics_0453,tactics,train,generated_0089,r1bq2nr/p2pbk2/npp1p1pp/5p2/2P3P1/NP3P2/PR1PPK1P/2BQ1BNR w - - 3 10,white,a3c2,-192.0,-0.4462436102487796,1,,25,teacher_candidate,tactics,,,
4499,tactics_0453,tactics,train,generated_0089,r1bq2nr/p2pbk2/npp1p1pp/5p2/2P3P1/NP3P2/PR1PPK1P/2BQ1BNR w - - 3 10,white,b2b1,-194.0,-0.4502389955796461,0,,25,teacher_candidate,tactics,,,
4499,tactics_0453,tactics,train,generated_0089,r1bq2nr/p2pbk2/npp1p1pp/5p2/2P3P1/NP3P2/PR1PPK1P/2BQ1BNR w - - 3 10,white,b2c2,-223.0,-0.5061201808426754,0,,25,teacher_candidate,tactics,,,
4499,tactics_0453,tactics,train,generated_0089,r1bq2nr/p2pbk2/npp1p1pp/5p2/2P3P1/NP3P2/PR1PPK1P/2BQ1BNR w - - 3 10,white,d2d3,-794.0,-0.9629523500734012,0,,25,teacher_candidate,tactics,,,
4499,tactics_0453,tactics,train,generated_0089,r1bq2nr/p2pbk2/npp1p1pp/5p2/2P3P1/NP3P2/PR1PPK1P/2BQ1BNR w - - 3 10,white,h2h4,-862.0,-0.9734890371458024,0,,25,teacher_candidate,tactics,,,
2235,tactics_0454,tactics,train,generated_0044,r1bqkbnr/pp2pp2/n5pp/3p2B1/3p4/2N4P/PPP1PPP1/R2QKBNR w KQkq - 0 7,white,d1d4,11.0,0.0274930698047098,1,,34,teacher_candidate,tactics,,,
2235,tactics_0454,tactics,train,generated_0044,r1bqkbnr/pp2pp2/n5pp/3p2B1/3p4/2N4P/PPP1PPP1/R2QKBNR w KQkq - 0 7,white,g5e7,-600.0,-0.9051482536448664,0,,34,teacher_candidate,tactics,,,
2235,tactics_0454,tactics,train,generated_0044,r1bqkbnr/pp2pp2/n5pp/3p2B1/3p4/2N4P/PPP1PPP1/R2QKBNR w KQkq - 0 7,white,g5d2,-621.0,-0.9141970392864124,0,,34,teacher_candidate,tactics,,,
2235,tactics_0454,tactics,train,generated_0044,r1bqkbnr/pp2pp2/n5pp/3p2B1/3p4/2N4P/PPP1PPP1/R2QKBNR w KQkq - 0 7,white,c3a4,-827.0,-0.9684987733220672,0,,34,teacher_candidate,tactics,,,
2235,tactics_0454,tactics,train,generated_0044,r1bqkbnr/pp2pp2/n5pp/3p2B1/3p4/2N4P/PPP1PPP1/R2QKBNR w KQkq - 0 7,white,e1d2,-1133.0,-0.9930936360263012,0,,34,teacher_candidate,tactics,,,
4019,tactics_0455,tactics,train,generated_0080,rnq1kbnr/p1pp1pp1/Qp6/4p2p/1P6/2Pb1P1P/P3P1P1/RNB1KBNR b KQkq - 3 7,black,d3a6,852.0,0.9721487193869992,1,,37,teacher_candidate,tactics,,,
4019,tactics_0455,tactics,train,generated_0080,rnq1kbnr/p1pp1pp1/Qp6/4p2p/1P6/2Pb1P1P/P3P1P1/RNB1KBNR b KQkq - 3 7,black,b8a6,699.0,0.941090337649905,0,,37,teacher_candidate,tactics,,,
4019,tactics_0455,tactics,train,generated_0080,rnq1kbnr/p1pp1pp1/Qp6/4p2p/1P6/2Pb1P1P/P3P1P1/RNB1KBNR b KQkq - 3 7,black,c8a6,570.0,0.8906373655681185,0,,37,teacher_candidate,tactics,,,
4019,tactics_0455,tactics,train,generated_0080,rnq1kbnr/p1pp1pp1/Qp6/4p2p/1P6/2Pb1P1P/P3P1P1/RNB1KBNR b KQkq - 3 7,black,d3f5,-997.0,-0.9864133734547914,0,,37,teacher_candidate,tactics,,,
4019,tactics_0455,tactics,train,generated_0080,rnq1kbnr/p1pp1pp1/Qp6/4p2p/1P6/2Pb1P1P/P3P1P1/RNB1KBNR b KQkq - 3 7,black,b6b5,-1145.0,-0.9934945231173444,0,,37,teacher_candidate,tactics,,,
2204,tactics_0456,tactics,train,generated_0044,rn1qkb1r/ppp1pp2/3pb1p1/7p/4P1Q1/1PPP2PN/PB1K1P1P/RN3B1R b kq - 0 9,black,f8h6,900.0,0.9780261147388136,1,,30,teacher_candidate,tactics,,,
2204,tactics_0456,tactics,train,generated_0044,rn1qkb1r/ppp1pp2/3pb1p1/7p/4P1Q1/1PPP2PN/PB1K1P1P/RN3B1R b kq - 0 9,black,h5g4,898.0,0.9778077240050848,0,,30,teacher_candidate,tactics,,,
2204,tactics_0456,tactics,train,generated_0044,rn1qkb1r/ppp1pp2/3pb1p1/7p/4P1Q1/1PPP2PN/PB1K1P1P/RN3B1R b kq - 0 9,black,e6g4,873.0,0.974889955210435,0,,30,teacher_candidate,tactics,,,
2204,tactics_0456,tactics,train,generated_0044,rn1qkb1r/ppp1pp2/3pb1p1/7p/4P1Q1/1PPP2PN/PB1K1P1P/RN3B1R b kq - 0 9,black,a7a6,-589.0,-0.900053283525865,0,,30,teacher_candidate,tactics,,,
2204,tactics_0456,tactics,train,generated_0044,rn1qkb1r/ppp1pp2/3pb1p1/7p/4P1Q1/1PPP2PN/PB1K1P1P/RN3B1R b kq - 0 9,black,f7f6,-841.0,-0.9705971416215484,0,,30,teacher_candidate,tactics,,,
3475,tactics_0457,tactics,train,generated_0069,rnb2bnr/pp1k1pp1/8/2PpP1qp/2PP3P/N6R/P3PKP1/R1BQ1BN1 b - - 2 10,black,g5f5,-822.0,-0.9677141892505896,1,,39,teacher_candidate,tactics,,,
3475,tactics_0457,tactics,train,generated_0069,rnb2bnr/pp1k1pp1/8/2PpP1qp/2PP3P/N6R/P3PKP1/R1BQ1BN1 b - - 2 10,black,g5h4,-927.0,-0.9807743917349984,0,,39,teacher_candidate,tactics,,,
3475,tactics_0457,tactics,train,generated_0069,rnb2bnr/pp1k1pp1/8/2PpP1qp/2PP3P/N6R/P3PKP1/R1BQ1BN1 b - - 2 10,black,g5g6,-941.0,-0.9820625043610112,0,,39,teacher_candidate,tactics,,,
3475,tactics_0457,tactics,train,generated_0069,rnb2bnr/pp1k1pp1/8/2PpP1qp/2PP3P/N6R/P3PKP1/R1BQ1BN1 b - - 2 10,black,g5h6,-1058.0,-0.989967063142952,0,,39,teacher_candidate,tactics,,,
3475,tactics_0457,tactics,train,generated_0069,rnb2bnr/pp1k1pp1/8/2PpP1qp/2PP3P/N6R/P3PKP1/R1BQ1BN1 b - - 2 10,black,d7c6,-1394.0,-0.998122458425724,0,,39,teacher_candidate,tactics,,,
3820,tactics_0458,tactics,train,generated_0076,r1bq1bnr/pppkpppp/3p4/8/P1n1NP2/6PP/1PPPP1B1/1RBQK1NR b K - 0 10,black,d7e8,-144.0,-0.3452140341355209,1,,29,teacher_candidate,tactics,,,
3820,tactics_0458,tactics,train,generated_0076,r1bq1bnr/pppkpppp/3p4/8/P1n1NP2/6PP/1PPPP1B1/1RBQK1NR b K - 0 10,black,f7f5,-162.0,-0.3842190086035763,0,,29,teacher_candidate,tactics,,,
3820,tactics_0458,tactics,train,generated_0076,r1bq1bnr/pppkpppp/3p4/8/P1n1NP2/6PP/1PPPP1B1/1RBQK1NR b K - 0 10,black,c7c6,-209.0,-0.4796272133393758,0,,29,teacher_candidate,tactics,,,
3820,tactics_0458,tactics,train,generated_0076,r1bq1bnr/pppkpppp/3p4/8/P1n1NP2/6PP/1PPPP1B1/1RBQK1NR b K - 0 10,black,a7a5,-371.0,-0.7294261843234738,0,,29,teacher_candidate,tactics,,,
3820,tactics_0458,tactics,train,generated_0076,r1bq1bnr/pppkpppp/3p4/8/P1n1NP2/6PP/1PPPP1B1/1RBQK1NR b K - 0 10,black,c4e3,-907.0,-0.978773876207672,0,,29,teacher_candidate,tactics,,,
2058,tactics_0459,tactics,train,generated_0041,r1bqkbnr/1p1n4/p1p2p1p/3pp1B1/P2P2PP/2N1PP2/1PP5/R2QKBNR b Kkq - 0 10,black,h6g5,603.0,0.9064943898009044,1,,29,teacher_candidate,tactics,,,
2058,tactics_0459,tactics,train,generated_0041,r1bqkbnr/1p1n4/p1p2p1p/3pp1B1/P2P2PP/2N1PP2/1PP5/R2QKBNR b Kkq - 0 10,black,f6g5,447.0,0.806697578116818,0,,29,teacher_candidate,tactics,,,
2058,tactics_0459,tactics,train,generated_0041,r1bqkbnr/1p1n4/p1p2p1p/3pp1B1/P2P2PP/2N1PP2/1PP5/R2QKBNR b Kkq - 0 10,black,a6a5,339.0,0.6897611547473925,0,,29,teacher_candidate,tactics,,,
2058,tactics_0459,tactics,train,generated_0041,r1bqkbnr/1p1n4/p1p2p1p/3pp1B1/P2P2PP/2N1PP2/1PP5/R2QKBNR b Kkq - 0 10,black,f8b4,195.0,0.4522299625215583,0,,29,teacher_candidate,tactics,,,
2058,tactics_0459,tactics,train,generated_0041,r1bqkbnr/1p1n4/p1p2p1p/3pp1B1/P2P2PP/2N1PP2/1PP5/R2QKBNR b Kkq - 0 10,black,f6f5,-936.0,-0.9816125892654238,0,,29,teacher_candidate,tactics,,,
2749,tactics_0460,tactics,train,generated_0054,1nbqkb1r/4pppp/rpp2n2/p2p4/5PP1/P1PP3B/1P2P2P/RNBQ1KNR b k - 1 7,black,c8g4,189.0,0.4402170536009829,1,,28,teacher_candidate,tactics,,,
2749,tactics_0460,tactics,train,generated_0054,1nbqkb1r/4pppp/rpp2n2/p2p4/5PP1/P1PP3B/1P2P2P/RNBQ1KNR b k - 1 7,black,a5a4,186.0,0.434150570985945,0,,28,teacher_candidate,tactics,,,
2749,tactics_0460,tactics,train,generated_0054,1nbqkb1r/4pppp/rpp2n2/p2p4/5PP1/P1PP3B/1P2P2P/RNBQ1KNR b k - 1 7,black,f6g4,185.0,0.4321195876314196,0,,28,teacher_candidate,tactics,,,
2749,tactics_0460,tactics,train,generated_0054,1nbqkb1r/4pppp/rpp2n2/p2p4/5PP1/P1PP3B/1P2P2P/RNBQ1KNR b k - 1 7,black,d8d6,49.0,0.1218909006494324,0,,28,teacher_candidate,tactics,,,
2749,tactics_0460,tactics,train,generated_0054,1nbqkb1r/4pppp/rpp2n2/p2p4/5PP1/P1PP3B/1P2P2P/RNBQ1KNR b k - 1 7,black,c8f5,-901.0,-0.9781345117723848,0,,28,teacher_candidate,tactics,,,
4197,tactics_0461,tactics,train,generated_0083,rn1qkbnr/1b1pp2p/ppp2ppQ/8/7P/P2P4/1PPKPPP1/RNB2BNR w kq - 0 7,white,h6e3,-57.0,-0.1415432237889834,1,,31,teacher_candidate,tactics,,,
4197,tactics_0461,tactics,train,generated_0083,rn1qkbnr/1b1pp2p/ppp2ppQ/8/7P/P2P4/1PPKPPP1/RNB2BNR w kq - 0 7,white,h6f4,-63.0,-0.1562104657686182,0,,31,teacher_candidate,tactics,,,
4197,tactics_0461,tactics,train,generated_0083,rn1qkbnr/1b1pp2p/ppp2ppQ/8/7P/P2P4/1PPKPPP1/RNB2BNR w kq - 0 7,white,d2d1,-630.0,-0.91781744359907,0,,31,teacher_candidate,tactics,,,
4197,tactics_0461,tactics,train,generated_0083,rn1qkbnr/1b1pp2p/ppp2ppQ/8/7P/P2P4/1PPKPPP1/RNB2BNR w kq - 0 7,white,c2c4,-910.0,-0.9790865875361638,0,,31,teacher_candidate,tactics,,,
4197,tactics_0461,tactics,train,generated_0083,rn1qkbnr/1b1pp2p/ppp2ppQ/8/7P/P2P4/1PPKPPP1/RNB2BNR w kq - 0 7,white,d2e3,-1056.0,-0.9898667413330676,0,,31,teacher_candidate,tactics,,,
3530,tactics_0462,tactics,train,generated_0070,rnb1kb1r/pp2pp2/2p2n2/P2p2pp/1P6/N6N/R1PPPPPq/2BQKB1R w Kkq - 0 10,white,h1h2,812.0,0.9660869289795984,1,,23,teacher_candidate,tactics,,,
3530,tactics_0462,tactics,train,generated_0070,rnb1kb1r/pp2pp2/2p2n2/P2p2pp/1P6/N6N/R1PPPPPq/2BQKB1R w Kkq - 0 10,white,h1g1,346.0,0.6988248405083122,0,,23,teacher_candidate,tactics,,,
3530,tactics_0462,tactics,train,generated_0070,rnb1kb1r/pp2pp2/2p2n2/P2p2pp/1P6/N6N/R1PPPPPq/2BQKB1R w Kkq - 0 10,white,a3b5,-556.0,-0.8831708889152075,0,,23,teacher_candidate,tactics,,,
3530,tactics_0462,tactics,train,generated_0070,rnb1kb1r/pp2pp2/2p2n2/P2p2pp/1P6/N6N/R1PPPPPq/2BQKB1R w Kkq - 0 10,white,a3c4,-823.0,-0.9678726287299844,0,,23,teacher_candidate,tactics,,,
3530,tactics_0462,tactics,train,generated_0070,rnb1kb1r/pp2pp2/2p2n2/P2p2pp/1P6/N6N/R1PPPPPq/2BQKB1R w Kkq - 0 10,white,h3g1,-943.0,-0.9822394004593936,0,,23,teacher_candidate,tactics,,,
4421,tactics_0463,tactics,train,generated_0088,r2q1bnr/p1pp1k1p/1p3p2/nb2p1p1/2P1PP2/4Q2P/PP1PN1P1/RNB1KBR1 b Q - 4 10,black,e5f4,107.0,0.2612970513021489,1,,39,teacher_candidate,tactics,,,
4421,tactics_0463,tactics,train,generated_0088,r2q1bnr/p1pp1k1p/1p3p2/nb2p1p1/2P1PP2/4Q2P/PP1PN1P1/RNB1KBR1 b Q - 4 10,black,g5f4,105.0,0.2566323765907324,0,,39,teacher_candidate,tactics,,,
4421,tactics_0463,tactics,train,generated_0088,r2q1bnr/p1pp1k1p/1p3p2/nb2p1p1/2P1PP2/4Q2P/PP1PN1P1/RNB1KBR1 b Q - 4 10,black,a5c4,-6.0,-0.0149988751012407,0,,39,teacher_candidate,tactics,,,
4421,tactics_0463,tactics,train,generated_0088,r2q1bnr/p1pp1k1p/1p3p2/nb2p1p1/2P1PP2/4Q2P/PP1PN1P1/RNB1KBR1 b Q - 4 10,black,f8d6,-567.0,-0.8890762286649813,0,,39,teacher_candidate,tactics,,,
4421,tactics_0463,tactics,train,generated_0088,r2q1bnr/p1pp1k1p/1p3p2/nb2p1p1/2P1PP2/4Q2P/PP1PN1P1/RNB1KBR1 b Q - 4 10,black,f8a3,-809.0,-0.9655832183699564,0,,39,teacher_candidate,tactics,,,
3592,tactics_0464,tactics,train,generated_0071,rnb1kbr1/pp2pppp/7n/1qpp4/2P3P1/P4N2/1P1PPP1P/RNBQKB1R w KQq - 1 7,white,c4b5,646.0,0.9238955058580158,1,,25,teacher_candidate,tactics,,,
3592,tactics_0464,tactics,train,generated_0071,rnb1kbr1/pp2pppp/7n/1qpp4/2P3P1/P4N2/1P1PPP1P/RNBQKB1R w KQq - 1 7,white,g4g5,449.0,0.8084367438073445,0,,25,teacher_candidate,tactics,,,
3592,tactics_0464,tactics,train,generated_0071,rnb1kbr1/pp2pppp/7n/1qpp4/2P3P1/P4N2/1P1PPP1P/RNBQKB1R w KQq - 1 7,white,c4d5,302.0,0.638122413695716,0,,25,teacher_candidate,tactics,,,
3592,tactics_0464,tactics,train,generated_0071,rnb1kbr1/pp2pppp/7n/1qpp4/2P3P1/P4N2/1P1PPP1P/RNBQKB1R w KQq - 1 7,white,d1c2,73.0,0.1805005038603668,0,,25,teacher_candidate,tactics,,,
3592,tactics_0464,tactics,train,generated_0071,rnb1kbr1/pp2pppp/7n/1qpp4/2P3P1/P4N2/1P1PPP1P/RNBQKB1R w KQq - 1 7,white,d1a4,-817.0,-0.966910392445867,0,,25,teacher_candidate,tactics,,,
423,tactics_0465,tactics,train,generated_0008,rn1k1bnr/pp2ppp1/B1p1q1b1/3p3p/1P2PP2/P7/2PPK1PP/RNBQ2NR w - - 1 9,white,a6b7,-103.0,-0.2519557155332075,1,,29,teacher_candidate,tactics,,,
423,tactics_0465,tactics,train,generated_0008,rn1k1bnr/pp2ppp1/B1p1q1b1/3p3p/1P2PP2/P7/2PPK1PP/RNBQ2NR w - - 1 9,white,a6d3,-356.0,-0.7113937318189625,0,,29,teacher_candidate,tactics,,,
423,tactics_0465,tactics,train,generated_0008,rn1k1bnr/pp2ppp1/B1p1q1b1/3p3p/1P2PP2/P7/2PPK1PP/RNBQ2NR w - - 1 9,white,g1f3,-732.0,-0.9498260756930405,0,,29,teacher_candidate,tactics,,,
423,tactics_0465,tactics,train,generated_0008,rn1k1bnr/pp2ppp1/B1p1q1b1/3p3p/1P2PP2/P7/2PPK1PP/RNBQ2NR w - - 1 9,white,h2h4,-863.0,-0.9736195170584504,0,,29,teacher_candidate,tactics,,,
423,tactics_0465,tactics,train,generated_0008,rn1k1bnr/pp2ppp1/B1p1q1b1/3p3p/1P2PP2/P7/2PPK1PP/RNBQ2NR w - - 1 9,white,c2c3,-1030.0,-0.9884680688821502,0,,29,teacher_candidate,tactics,,,
721,tactics_0466,tactics,train,generated_0014,1rb1kbnr/pp1ppp1p/n5N1/P1p3p1/5q2/RPN5/3PPPPP/2BQKB1R w Kk - 2 10,white,g6f4,459.0,0.8169241874133502,1,,28,teacher_candidate,tactics,,,
721,tactics_0466,tactics,train,generated_0014,1rb1kbnr/pp1ppp1p/n5N1/P1p3p1/5q2/RPN5/3PPPPP/2BQKB1R w Kk - 2 10,white,g6h8,273.0,0.5931422541818654,0,,28,teacher_candidate,tactics,,,
721,tactics_0466,tactics,train,generated_0014,1rb1kbnr/pp1ppp1p/n5N1/P1p3p1/5q2/RPN5/3PPPPP/2BQKB1R w Kk - 2 10,white,e2e3,266.0,0.5816812695738734,0,,28,teacher_candidate,tactics,,,
721,tactics_0466,tactics,train,generated_0014,1rb1kbnr/pp1ppp1p/n5N1/P1p3p1/5q2/RPN5/3PPPPP/2BQKB1R w Kk - 2 10,white,h2h4,-514.0,-0.8578113918314256,0,,28,teacher_candidate,tactics,,,
721,tactics_0466,tactics,train,generated_0014,1rb1kbnr/pp1ppp1p/n5N1/P1p3p1/5q2/RPN5/3PPPPP/2BQKB1R w Kk - 2 10,white,h1g1,-784.0,-0.961089830863614,0,,28,teacher_candidate,tactics,,,
2249,tactics_0467,tactics,train,generated_0044,r2qkb1r/p2pp1pp/n1b5/2p2p2/1p3PnP/PPPP2P1/4P3/RNBQKBNR b Qkq - 0 10,black,c6h1,871.0,0.974640794891156,1,,36,teacher_candidate,tactics,,,
2249,tactics_0467,tactics,train,generated_0044,r2qkb1r/p2pp1pp/n1b5/2p2p2/1p3PnP/PPPP2P1/4P3/RNBQKBNR b Qkq - 0 10,black,d8a5,308.0,0.6469294504417666,0,,36,teacher_candidate,tactics,,,
2249,tactics_0467,tactics,train,generated_0044,r2qkb1r/p2pp1pp/n1b5/2p2p2/1p3PnP/PPPP2P1/4P3/RNBQKBNR b Qkq - 0 10,black,g7g5,249.0,0.5528662746667965,0,,36,teacher_candidate,tactics,,,
2249,tactics_0467,tactics,train,generated_0044,r2qkb1r/p2pp1pp/n1b5/2p2p2/1p3PnP/PPPP2P1/4P3/RNBQKBNR b Qkq - 0 10,black,h7h6,158.0,0.3756626611656808,0,,36,teacher_candidate,tactics,,,
2249,tactics_0467,tactics,train,generated_0044,r2qkb1r/p2pp1pp/n1b5/2p2p2/1p3PnP/PPPP2P1/4P3/RNBQKBNR b Qkq - 0 10,black,c6f3,-840.0,-0.970451936613454,0,,36,teacher_candidate,tactics,,,
2082,tactics_0468,tactics,train,generated_0041,rn1qkbr1/1p2pppp/2pp3n/p7/2b2P1P/N5PR/PPPPP3/R1BQKBN1 w Qq - 0 10,white,a3c4,654.0,0.9267703434510204,1,,19,teacher_candidate,tactics,,,
2082,tactics_0468,tactics,train,generated_0041,rn1qkbr1/1p2pppp/2pp3n/p7/2b2P1P/N5PR/PPPPP3/R1BQKBN1 w Qq - 0 10,white,e2e3,453.0,0.8118731484163844,0,,19,teacher_candidate,tactics,,,
2082,tactics_0468,tactics,train,generated_0041,rn1qkbr1/1p2pppp/2pp3n/p7/2b2P1P/N5PR/PPPPP3/R1BQKBN1 w Qq - 0 10,white,e2e4,-25.0,-0.0624187467475125,0,,19,teacher_candidate,tactics,,,
2082,tactics_0468,tactics,train,generated_0041,rn1qkbr1/1p2pppp/2pp3n/p7/2b2P1P/N5PR/PPPPP3/R1BQKBN1 w Qq - 0 10,white,d2d4,-87.0,-0.2141339761434071,0,,19,teacher_candidate,tactics,,,
2082,tactics_0468,tactics,train,generated_0041,rn1qkbr1/1p2pppp/2pp3n/p7/2b2P1P/N5PR/PPPPP3/R1BQKBN1 w Qq - 0 10,white,a3b5,-682.0,-0.9360312050209336,0,,19,teacher_candidate,tactics,,,
3966,tactics_0469,tactics,train,generated_0079,r1b1kb1r/1ppn1ppp/p2pp3/8/1P4n1/2N4P/P1P1PPB1/R1BQ1KNR w kq - 2 9,white,b4b5,928.0,0.9808693626558168,1,,36,teacher_candidate,tactics,,,
3966,tactics_0469,tactics,train,generated_0079,r1b1kb1r/1ppn1ppp/p2pp3/8/1P4n1/2N4P/P1P1PPB1/R1BQ1KNR w kq - 2 9,white,h3g4,923.0,0.9803898168165917,0,,36,teacher_candidate,tactics,,,
3966,tactics_0469,tactics,train,generated_0079,r1b1kb1r/1ppn1ppp/p2pp3/8/1P4n1/2N4P/P1P1PPB1/R1BQ1KNR w kq - 2 9,white,c3a4,899.0,0.977917186331458,0,,36,teacher_candidate,tactics,,,
3966,tactics_0469,tactics,train,generated_0079,r1b1kb1r/1ppn1ppp/p2pp3/8/1P4n1/2N4P/P1P1PPB1/R1BQ1KNR w kq - 2 9,white,f2f3,632.0,0.9186018928570672,0,,36,teacher_candidate,tactics,,,
3966,tactics_0469,tactics,train,generated_0079,r1b1kb1r/1ppn1ppp/p2pp3/8/1P4n1/2N4P/P1P1PPB1/R1BQ1KNR w kq - 2 9,white,d1d6,-10.0,-0.0249947929684206,0,,36,teacher_candidate,tactics,,,
1903,tactics_0470,tactics,train,generated_0038,rnbqkb1r/p3pppp/1p1p4/2p1n3/3P1B1P/8/PPP1PPP1/RN1QKBNR w KQkq - 2 7,white,d4e5,773.0,0.9589349975863708,1,,34,teacher_candidate,tactics,,,
1903,tactics_0470,tactics,train,generated_0038,rnbqkb1r/p3pppp/1p1p4/2p1n3/3P1B1P/8/PPP1PPP1/RN1QKBNR w KQkq - 2 7,white,g2g3,340.0,0.6910694698329306,0,,34,teacher_candidate,tactics,,,
1903,tactics_0470,tactics,train,generated_0038,rnbqkb1r/p3pppp/1p1p4/2p1n3/3P1B1P/8/PPP1PPP1/RN1QKBNR w KQkq - 2 7,white,e2e3,109.0,0.2659495533609213,0,,34,teacher_candidate,tactics,,,
1903,tactics_0470,tactics,train,generated_0038,rnbqkb1r/p3pppp/1p1p4/2p1n3/3P1B1P/8/PPP1PPP1/RN1QKBNR w KQkq - 2 7,white,a2a3,-17.0,-0.0424744299325481,0,,34,teacher_candidate,tactics,,,
1903,tactics_0470,tactics,train,generated_0038,rnbqkb1r/p3pppp/1p1p4/2p1n3/3P1B1P/8/PPP1PPP1/RN1QKBNR w KQkq - 2 7,white,d1d3,-874.0,-0.9750136274737408,0,,34,teacher_candidate,tactics,,,
2317,tactics_0471,tactics,train,generated_0046,r1bq1bnr/p1p1kpp1/1p6/nN1pP2p/6P1/2P2N2/PP2PPBP/R1BQK2R b KQ - 0 8,black,h5g4,-299.0,-0.6336551189618977,1,,31,teacher_candidate,tactics,,,
2317,tactics_0471,tactics,train,generated_0046,r1bq1bnr/p1p1kpp1/1p6/nN1pP2p/6P1/2P2N2/PP2PPBP/R1BQK2R b KQ - 0 8,black,e7e8,-449.0,-0.8084367438073445,0,,31,teacher_candidate,tactics,,,
2317,tactics_0471,tactics,train,generated_0046,r1bq1bnr/p1p1kpp1/1p6/nN1pP2p/6P1/2P2N2/PP2PPBP/R1BQK2R b KQ - 0 8,black,c7c6,-521.0,-0.8623653574745808,0,,31,teacher_candidate,tactics,,,
2317,tactics_0471,tactics,train,generated_0046,r1bq1bnr/p1p1kpp1/1p6/nN1pP2p/6P1/2P2N2/PP2PPBP/R1BQK2R b KQ - 0 8,black,a8b8,-675.0,-0.9338280432225916,0,,31,teacher_candidate,tactics,,,
2317,tactics_0471,tactics,train,generated_0046,r1bq1bnr/p1p1kpp1/1p6/nN1pP2p/6P1/2P2N2/PP2PPBP/R1BQK2R b KQ - 0 8,black,c8f5,-1064.0,-0.9902621375124828,0,,31,teacher_candidate,tactics,,,
1136,tactics_0472,tactics,train,generated_0022,1rbqkb2/ppnpppp1/2p2r2/3n2Np/PP3P2/2P5/3PPKPP/RNBQ1B1R w - - 1 10,white,e2e3,105.0,0.2566323765907324,1,,31,teacher_candidate,tactics,,,
1136,tactics_0472,tactics,train,generated_0022,1rbqkb2/ppnpppp1/2p2r2/3n2Np/PP3P2/2P5/3PPKPP/RNBQ1B1R w - - 1 10,white,g2g3,102.0,0.2496129489368586,0,,31,teacher_candidate,tactics,,,
1136,tactics_0472,tactics,train,generated_0022,1rbqkb2/ppnpppp1/2p2r2/3n2Np/PP3P2/2P5/3PPKPP/RNBQ1B1R w - - 1 10,white,e2e4,-41.0,-0.1021425386146839,0,,31,teacher_candidate,tactics,,,
1136,tactics_0472,tactics,train,generated_0022,1rbqkb2/ppnpppp1/2p2r2/3n2Np/PP3P2/2P5/3PPKPP/RNBQ1B1R w - - 1 10,white,a1a3,-222.0,-0.5042582228791403,0,,31,teacher_candidate,tactics,,,
1136,tactics_0472,tactics,train,generated_0022,1rbqkb2/ppnpppp1/2p2r2/3n2Np/PP3P2/2P5/3PPKPP/RNBQ1B1R w - - 1 10,white,f2f3,-1133.0,-0.9930936360263012,0,,31,teacher_candidate,tactics,,,
1046,tactics_0473,tactics,train,generated_0020,rn1k1bnr/pqp2ppp/b2p4/3p4/5N2/1P3P2/P1PPP1PP/1RBQKB1R b K - 2 8,black,g8f6,431.0,0.7922701689754607,1,,29,teacher_candidate,tactics,,,
1046,tactics_0473,tactics,train,generated_0020,rn1k1bnr/pqp2ppp/b2p4/3p4/5N2/1P3P2/P1PPP1PP/1RBQKB1R b K - 2 8,black,d5d4,422.0,0.7837426664759929,0,,29,teacher_candidate,tactics,,,
1046,tactics_0473,tactics,train,generated_0020,rn1k1bnr/pqp2ppp/b2p4/3p4/5N2/1P3P2/P1PPP1PP/1RBQKB1R b K - 2 8,black,b8d7,400.0,0.7615941559557649,0,,29,teacher_candidate,tactics,,,
1046,tactics_0473,tactics,train,generated_0020,rn1k1bnr/pqp2ppp/b2p4/3p4/5N2/1P3P2/P1PPP1PP/1RBQKB1R b K - 2 8,black,d8e7,228.0,0.5153592780074097,0,,29,teacher_candidate,tactics,,,
1046,tactics_0473,tactics,train,generated_0020,rn1k1bnr/pqp2ppp/b2p4/3p4/5N2/1P3P2/P1PPP1PP/1RBQKB1R b K - 2 8,black,b7b3,-1029.0,-0.98841059979398,0,,29,teacher_candidate,tactics,,,
807,tactics_0474,tactics,train,generated_0016,r1bqk1n1/ppppbpp1/n3p2r/5PNp/2P4P/5Q2/PP1PP1P1/RNB1KB1R b Qq - 0 10,black,d7d5,69.0,0.1708091382589301,1,,27,teacher_candidate,tactics,,,
807,tactics_0474,tactics,train,generated_0016,r1bqk1n1/ppppbpp1/n3p2r/5PNp/2P4P/5Q2/PP1PP1P1/RNB1KB1R b Qq - 0 10,black,a6b4,50.0,0.1243530017715962,0,,27,teacher_candidate,tactics,,,
807,tactics_0474,tactics,train,generated_0016,r1bqk1n1/ppppbpp1/n3p2r/5PNp/2P4P/5Q2/PP1PP1P1/RNB1KB1R b Qq - 0 10,black,e6f5,28.0,0.0698858903164289,0,,27,teacher_candidate,tactics,,,
807,tactics_0474,tactics,train,generated_0016,r1bqk1n1/ppppbpp1/n3p2r/5PNp/2P4P/5Q2/PP1PP1P1/RNB1KB1R b Qq - 0 10,black,c7c6,-62.0,-0.1537705222640926,0,,27,teacher_candidate,tactics,,,
807,tactics_0474,tactics,train,generated_0016,r1bqk1n1/ppppbpp1/n3p2r/5PNp/2P4P/5Q2/PP1PP1P1/RNB1KB1R b Qq - 0 10,black,h6g6,-973.0,-0.984694377944728,0,,27,teacher_candidate,tactics,,,
1022,tactics_0475,tactics,train,generated_0020,r1bqkb1r/pp1p1p2/B1p2n1p/4p1P1/1P2P3/N5PN/P1PP3P/R1BQK2R b KQkq - 0 9,black,h6g5,-109.0,-0.2659495533609213,1,,27,teacher_candidate,tactics,,,
1022,tactics_0475,tactics,train,generated_0020,r1bqkb1r/pp1p1p2/B1p2n1p/4p1P1/1P2P3/N5PN/P1PP3P/R1BQK2R b KQkq - 0 9,black,f6e4,-184.0,-0.4300842114019795,0,,27,teacher_candidate,tactics,,,
1022,tactics_0475,tactics,train,generated_0020,r1bqkb1r/pp1p1p2/B1p2n1p/4p1P1/1P2P3/N5PN/P1PP3P/R1BQK2R b KQkq - 0 9,black,f6h7,-311.0,-0.6512694287651738,0,,27,teacher_candidate,tactics,,,
1022,tactics_0475,tactics,train,generated_0020,r1bqkb1r/pp1p1p2/B1p2n1p/4p1P1/1P2P3/N5PN/P1PP3P/R1BQK2R b KQkq - 0 9,black,b7b5,-564.0,-0.8874941328536653,0,,27,teacher_candidate,tactics,,,
1022,tactics_0475,tactics,train,generated_0020,r1bqkb1r/pp1p1p2/B1p2n1p/4p1P1/1P2P3/N5PN/P1PP3P/R1BQK2R b KQkq - 0 9,black,e8e7,-1121.0,-0.9926681359228048,0,,27,teacher_candidate,tactics,,,
1362,tactics_0476,tactics,train,generated_0027,rnbq1knr/1pbp1pp1/p3p3/2p1N3/7p/N5PP/PPPPPP2/R1BQKBR1 w Q - 4 9,white,e5f3,-159.0,-0.3778078359539092,1,,27,teacher_candidate,tactics,,,
1362,tactics_0476,tactics,train,generated_0027,rnbq1knr/1pbp1pp1/p3p3/2p1N3/7p/N5PP/PPPPPP2/R1BQKBR1 w Q - 4 9,white,d2d4,-167.0,-0.3948222287917645,0,,27,teacher_candidate,tactics,,,
1362,tactics_0476,tactics,train,generated_0027,rnbq1knr/1pbp1pp1/p3p3/2p1N3/7p/N5PP/PPPPPP2/R1BQKBR1 w Q - 4 9,white,e5g4,-189.0,-0.4402170536009829,0,,27,teacher_candidate,tactics,,,
1362,tactics_0476,tactics,train,generated_0027,rnbq1knr/1pbp1pp1/p3p3/2p1N3/7p/N5PP/PPPPPP2/R1BQKBR1 w Q - 4 9,white,e5f7,-596.0,-0.9033247425601896,0,,27,teacher_candidate,tactics,,,
1362,tactics_0476,tactics,train,generated_0027,rnbq1knr/1pbp1pp1/p3p3/2p1N3/7p/N5PP/PPPPPP2/R1BQKBR1 w Q - 4 9,white,a3b5,-947.0,-0.982588022141084,0,,27,teacher_candidate,tactics,,,
3811,tactics_0477,tactics,train,generated_0076,rnb1kbnr/3pqpp1/ppp1p3/2P1Q2p/8/6PN/PP1PPP1P/RNB1KB1R w KQkq - 1 9,white,e5c7,35.0,0.0872773744741577,1,,35,teacher_candidate,tactics,,,
3811,tactics_0477,tactics,train,generated_0076,rnb1kbnr/3pqpp1/ppp1p3/2P1Q2p/8/6PN/PP1PPP1P/RNB1KB1R w KQkq - 1 9,white,c5b6,3.0,0.0074998593781639,0,,35,teacher_candidate,tactics,,,
3811,tactics_0477,tactics,train,generated_0076,rnb1kbnr/3pqpp1/ppp1p3/2P1Q2p/8/6PN/PP1PPP1P/RNB1KB1R w KQkq - 1 9,white,b1a3,-73.0,-0.1805005038603668,0,,35,teacher_candidate,tactics,,,
3811,tactics_0477,tactics,train,generated_0076,rnb1kbnr/3pqpp1/ppp1p3/2P1Q2p/8/6PN/PP1PPP1P/RNB1KB1R w KQkq - 1 9,white,e5f4,-162.0,-0.3842190086035763,0,,35,teacher_candidate,tactics,,,
3811,tactics_0477,tactics,train,generated_0076,rnb1kbnr/3pqpp1/ppp1p3/2P1Q2p/8/6PN/PP1PPP1P/RNB1KB1R w KQkq - 1 9,white,e5h5,-1032.0,-0.9885821584459532,0,,35,teacher_candidate,tactics,,,
113,tactics_0478,tactics,train,generated_0002,r1bqkb1r/3ppppp/pp3n2/2p1n3/2P3PP/P4P1B/1P1PP3/RNBQK1NR b KQkq - 2 7,black,e5c4,179.0,0.4198418366689064,1,,25,teacher_candidate,tactics,,,
113,tactics_0478,tactics,train,generated_0002,r1bqkb1r/3ppppp/pp3n2/2p1n3/2P3PP/P4P1B/1P1PP3/RNBQK1NR b KQkq - 2 7,black,d7d5,134.0,0.3230063184059049,0,,25,teacher_candidate,tactics,,,
113,tactics_0478,tactics,train,generated_0002,r1bqkb1r/3ppppp/pp3n2/2p1n3/2P3PP/P4P1B/1P1PP3/RNBQK1NR b KQkq - 2 7,black,h7h5,134.0,0.3230063184059049,0,,25,teacher_candidate,tactics,,,
113,tactics_0478,tactics,train,generated_0002,r1bqkb1r/3ppppp/pp3n2/2p1n3/2P3PP/P4P1B/1P1PP3/RNBQK1NR b KQkq - 2 7,black,d7d6,32.0,0.0798297691111313,0,,25,teacher_candidate,tactics,,,
113,tactics_0478,tactics,train,generated_0002,r1bqkb1r/3ppppp/pp3n2/2p1n3/2P3PP/P4P1B/1P1PP3/RNBQK1NR b KQkq - 2 7,black,f6d5,-727.0,-0.9485885670976116,0,,25,teacher_candidate,tactics,,,
732,tactics_0479,tactics,train,generated_0014,r1bq1b1r/pp2pk1p/n1p4n/3pP1P1/3P1p2/1PP4N/P5PP/RNBQKB1R w KQ - 1 9,white,d1h5,975.0,0.9848455174642784,1,,35,teacher_candidate,tactics,,,
732,tactics_0479,tactics,train,generated_0014,r1bq1b1r/pp2pk1p/n1p4n/3pP1P1/3P1p2/1PP4N/P5PP/RNBQKB1R w KQ - 1 9,white,g5h6,825.0,0.9681872165763704,0,,35,teacher_candidate,tactics,,,
732,tactics_0479,tactics,train,generated_0014,r1bq1b1r/pp2pk1p/n1p4n/3pP1P1/3P1p2/1PP4N/P5PP/RNBQKB1R w KQ - 1 9,white,h3f4,825.0,0.9681872165763704,0,,35,teacher_candidate,tactics,,,
732,tactics_0479,tactics,train,generated_0014,r1bq1b1r/pp2pk1p/n1p4n/3pP1P1/3P1p2/1PP4N/P5PP/RNBQKB1R w KQ - 1 9,white,f1b5,542.0,0.8752282972400112,0,,35,teacher_candidate,tactics,,,
732,tactics_0479,tactics,train,generated_0014,r1bq1b1r/pp2pk1p/n1p4n/3pP1P1/3P1p2/1PP4N/P5PP/RNBQKB1R w KQ - 1 9,white,d1g4,-686.0,-0.9372581355036124,0,,35,teacher_candidate,tactics,,,
2444,tactics_0480,tactics,train,generated_0048,1rbqkb2/pppn2pr/5p1n/4pP1p/2P5/7N/PP1PPKPP/RNB2B1R w - - 2 8,white,f2e1,-651.0,-0.9257047311181208,1,,22,teacher_candidate,tactics,,,
2444,tactics_0480,tactics,train,generated_0048,1rbqkb2/pppn2pr/5p1n/4pP1p/2P5/7N/PP1PPKPP/RNB2B1R w - - 2 8,white,e2e3,-689.0,-0.9381633592242486,0,,22,teacher_candidate,tactics,,,
2444,tactics_0480,tactics,train,generated_0048,1rbqkb2/pppn2pr/5p1n/4pP1p/2P5/7N/PP1PPKPP/RNB2B1R w - - 2 8,white,b2b4,-767.0,-0.9577108258246346,0,,22,teacher_candidate,tactics,,,
2444,tactics_0480,tactics,train,generated_0048,1rbqkb2/pppn2pr/5p1n/4pP1p/2P5/7N/PP1PPKPP/RNB2B1R w - - 2 8,white,e2e4,-923.0,-0.9803898168165917,0,,22,teacher_candidate,tactics,,,
2444,tactics_0480,tactics,train,generated_0048,1rbqkb2/pppn2pr/5p1n/4pP1p/2P5/7N/PP1PPKPP/RNB2B1R w - - 2 8,white,h3g5,-1121.0,-0.9926681359228048,0,,22,teacher_candidate,tactics,,,
2421,tactics_0481,tactics,train,generated_0048,rnb2bnr/ppqpkpp1/2p4p/4p3/2NP1N2/1P6/P1P1PPPP/R1BQKB1R w KQ - 1 7,white,d4e5,695.0,0.9399360232214236,1,,36,teacher_candidate,tactics,,,
2421,tactics_0481,tactics,train,generated_0048,rnb2bnr/ppqpkpp1/2p4p/4p3/2NP1N2/1P6/P1P1PPPP/R1BQKB1R w KQ - 1 7,white,c1a3,654.0,0.9267703434510204,0,,36,teacher_candidate,tactics,,,
2421,tactics_0481,tactics,train,generated_0048,rnb2bnr/ppqpkpp1/2p4p/4p3/2NP1N2/1P6/P1P1PPPP/R1BQKB1R w KQ - 1 7,white,c4e5,516.0,0.8591265382143658,0,,36,teacher_candidate,tactics,,,
2421,tactics_0481,tactics,train,generated_0048,rnb2bnr/ppqpkpp1/2p4p/4p3/2NP1N2/1P6/P1P1PPPP/R1BQKB1R w KQ - 1 7,white,c2c3,-383.0,-0.7431596610505404,0,,36,teacher_candidate,tactics,,,
2421,tactics_0481,tactics,train,generated_0048,rnb2bnr/ppqpkpp1/2p4p/4p3/2NP1N2/1P6/P1P1PPPP/R1BQKB1R w KQ - 1 7,white,c4e3,-751.0,-0.9542692196485136,0,,36,teacher_candidate,tactics,,,
4956,tactics_0482,tactics,train,generated_0099,r1bqkbnr/1pp1p3/p2p3p/6p1/PP1n4/2P2Np1/2BPPP1P/RNBQKR2 w Qkq - 0 10,white,c3d4,372.0,0.7305938960959438,1,,29,teacher_candidate,tactics,,,
4956,tactics_0482,tactics,train,generated_0099,r1bqkbnr/1pp1p3/p2p3p/6p1/PP1n4/2P2Np1/2BPPP1P/RNBQKR2 w Qkq - 0 10,white,c2g6,357.0,0.7126263344823417,0,,29,teacher_candidate,tactics,,,
4956,tactics_0482,tactics,train,generated_0099,r1bqkbnr/1pp1p3/p2p3p/6p1/PP1n4/2P2Np1/2BPPP1P/RNBQKR2 w Qkq - 0 10,white,b4b5,186.0,0.434150570985945,0,,29,teacher_candidate,tactics,,,
4956,tactics_0482,tactics,train,generated_0099,r1bqkbnr/1pp1p3/p2p3p/6p1/PP1n4/2P2Np1/2BPPP1P/RNBQKR2 w Qkq - 0 10,white,c3c4,-195.0,-0.4522299625215583,0,,29,teacher_candidate,tactics,,,
4956,tactics_0482,tactics,train,generated_0099,r1bqkbnr/1pp1p3/p2p3p/6p1/PP1n4/2P2Np1/2BPPP1P/RNBQKR2 w Qkq - 0 10,white,c2f5,-988.0,-0.9857924525512224,0,,29,teacher_candidate,tactics,,,
1956,tactics_0483,tactics,train,generated_0039,rn2k1nr/pb1p1pbp/1p4p1/2p1p1q1/8/1NP5/PP1PPPPP/RNBQKBR1 w Qkq - 3 8,white,d2d4,0.0,0.0,1,,19,teacher_candidate,tactics,,,
1956,tactics_0483,tactics,train,generated_0039,rn2k1nr/pb1p1pbp/1p4p1/2p1p1q1/8/1NP5/PP1PPPPP/RNBQKBR1 w Qkq - 3 8,white,e2e4,-105.0,-0.2566323765907324,0,,19,teacher_candidate,tactics,,,
1956,tactics_0483,tactics,train,generated_0039,rn2k1nr/pb1p1pbp/1p4p1/2p1p1q1/8/1NP5/PP1PPPPP/RNBQKBR1 w Qkq - 3 8,white,b1a3,-115.0,-0.2798321934754683,0,,19,teacher_candidate,tactics,,,
1956,tactics_0483,tactics,train,generated_0039,rn2k1nr/pb1p1pbp/1p4p1/2p1p1q1/8/1NP5/PP1PPPPP/RNBQKBR1 w Qkq - 3 8,white,h2h3,-214.0,-0.4891938316549519,0,,19,teacher_candidate,tactics,,,
1956,tactics_0483,tactics,train,generated_0039,rn2k1nr/pb1p1pbp/1p4p1/2p1p1q1/8/1NP5/PP1PPPPP/RNBQKBR1 w Qkq - 3 8,white,b3d4,-902.0,-0.9782423799658522,0,,19,teacher_candidate,tactics,,,
155,tactics_0484,tactics,train,generated_0003,r1bq2nr/pppp1kp1/B6p/4pp2/Pb1P1P2/4P3/1PPBN1PP/RN1QK2R b KQ - 2 7,black,b4d2,-302.0,-0.638122413695716,1,,37,teacher_candidate,tactics,,,
155,tactics_0484,tactics,train,generated_0003,r1bq2nr/pppp1kp1/B6p/4pp2/Pb1P1P2/4P3/1PPBN1PP/RN1QK2R b KQ - 2 7,black,e5f4,-603.0,-0.9064943898009044,0,,37,teacher_candidate,tactics,,,
155,tactics_0484,tactics,train,generated_0003,r1bq2nr/pppp1kp1/B6p/4pp2/Pb1P1P2/4P3/1PPBN1PP/RN1QK2R b KQ - 2 7,black,e5d4,-659.0,-0.928513764888952,0,,37,teacher_candidate,tactics,,,
155,tactics_0484,tactics,train,generated_0003,r1bq2nr/pppp1kp1/B6p/4pp2/Pb1P1P2/4P3/1PPBN1PP/RN1QK2R b KQ - 2 7,black,b4f8,-751.0,-0.9542692196485136,0,,37,teacher_candidate,tactics,,,
155,tactics_0484,tactics,train,generated_0003,r1bq2nr/pppp1kp1/B6p/4pp2/Pb1P1P2/4P3/1PPBN1PP/RN1QK2R b KQ - 2 7,black,d8g5,-1053.0,-0.9897143843332789,0,,37,teacher_candidate,tactics,,,
3251,tactics_0485,tactics,train,generated_0065,rn1qkbnr/p1p1p1pp/P2p1p2/1p6/6b1/2P2P2/1P1PP2P/RNBQKBNR w KQkq - 0 7,white,f3g4,655.0,0.9271222691583196,1,,23,teacher_candidate,tactics,,,
3251,tactics_0485,tactics,train,generated_0065,rn1qkbnr/p1p1p1pp/P2p1p2/1p6/6b1/2P2P2/1P1PP2P/RNBQKBNR w KQkq - 0 7,white,d2d3,389.0,0.7498008369323694,0,,23,teacher_candidate,tactics,,,
3251,tactics_0485,tactics,train,generated_0065,rn1qkbnr/p1p1p1pp/P2p1p2/1p6/6b1/2P2P2/1P1PP2P/RNBQKBNR w KQkq - 0 7,white,h2h3,129.0,0.3117656824156273,0,,23,teacher_candidate,tactics,,,
3251,tactics_0485,tactics,train,generated_0065,rn1qkbnr/p1p1p1pp/P2p1p2/1p6/6b1/2P2P2/1P1PP2P/RNBQKBNR w KQkq - 0 7,white,d1c2,-43.0,-0.1070878063022365,0,,23,teacher_candidate,tactics,,,
3251,tactics_0485,tactics,train,generated_0065,rn1qkbnr/p1p1p1pp/P2p1p2/1p6/6b1/2P2P2/1P1PP2P/RNBQKBNR w KQkq - 0 7,white,d1a4,-910.0,-0.9790865875361638,0,,23,teacher_candidate,tactics,,,
891,tactics_0486,tactics,train,generated_0017,rnbqk2r/pp1pbp2/2p2n1p/4pNp1/4P3/7B/P1PPQPPP/RNB1K2R w KQkq - 4 10,white,g2g3,51.0,0.1268135725243873,1,,38,teacher_candidate,tactics,,,
891,tactics_0486,tactics,train,generated_0017,rnbqk2r/pp1pbp2/2p2n1p/4pNp1/4P3/7B/P1PPQPPP/RNB1K2R w KQkq - 4 10,white,c1b2,40.0,0.0996679946249558,0,,38,teacher_candidate,tactics,,,
891,tactics_0486,tactics,train,generated_0017,rnbqk2r/pp1pbp2/2p2n1p/4pNp1/4P3/7B/P1PPQPPP/RNB1K2R w KQkq - 4 10,white,d2d4,26.0,0.0649086127746375,0,,38,teacher_candidate,tactics,,,
891,tactics_0486,tactics,train,generated_0017,rnbqk2r/pp1pbp2/2p2n1p/4pNp1/4P3/7B/P1PPQPPP/RNB1K2R w KQkq - 4 10,white,h1f1,-110.0,-0.2682711820216014,0,,38,teacher_candidate,tactics,,,
891,tactics_0486,tactics,train,generated_0017,rnbqk2r/pp1pbp2/2p2n1p/4pNp1/4P3/7B/P1PPQPPP/RNB1K2R w KQkq - 4 10,white,e2h5,-927.0,-0.9807743917349984,0,,38,teacher_candidate,tactics,,,
3502,tactics_0487,tactics,train,generated_0070,r1bqk2r/p1ppp2p/n4n1b/1p3pp1/1PP3P1/N2P4/P3PP1P/R1BQKBNR b KQkq - 0 7,black,c8b7,66.0,0.1635187536836725,1,,26,teacher_candidate,tactics,,,
3502,tactics_0487,tactics,train,generated_0070,r1bqk2r/p1ppp2p/n4n1b/1p3pp1/1PP3P1/N2P4/P3PP1P/R1BQKBNR b KQkq - 0 7,black,f5g4,12.0,0.0299910032388201,0,,26,teacher_candidate,tactics,,,
3502,tactics_0487,tactics,train,generated_0070,r1bqk2r/p1ppp2p/n4n1b/1p3pp1/1PP3P1/N2P4/P3PP1P/R1BQKBNR b KQkq - 0 7,black,e8g8,-39.0,-0.0971922171662686,0,,26,teacher_candidate,tactics,,,
3502,tactics_0487,tactics,train,generated_0070,r1bqk2r/p1ppp2p/n4n1b/1p3pp1/1PP3P1/N2P4/P3PP1P/R1BQKBNR b KQkq - 0 7,black,h8f8,-112.0,-0.2729050805631327,0,,26,teacher_candidate,tactics,,,
3502,tactics_0487,tactics,train,generated_0070,r1bqk2r/p1ppp2p/n4n1b/1p3pp1/1PP3P1/N2P4/P3PP1P/R1BQKBNR b KQkq - 0 7,black,f6e4,-579.0,-0.8951974297716623,0,,26,teacher_candidate,tactics,,,
4222,tactics_0488,tactics,train,generated_0084,rnb1kbnr/q4ppp/p2pp3/QppPB3/8/1P6/P1P1PPPP/RN2KBNR w KQkq - 1 8,white,e5b2,-264.0,-0.5783634130445058,1,,39,teacher_candidate,tactics,,,
4222,tactics_0488,tactics,train,generated_0084,rnb1kbnr/q4ppp/p2pp3/QppPB3/8/1P6/P1P1PPPP/RN2KBNR w KQkq - 1 8,white,e5g3,-295.0,-0.6276323441969829,0,,39,teacher_candidate,tactics,,,
4222,tactics_0488,tactics,train,generated_0084,rnb1kbnr/q4ppp/p2pp3/QppPB3/8/1P6/P1P1PPPP/RN2KBNR w KQkq - 1 8,white,e5f4,-304.0,-0.6410769611853464,0,,39,teacher_candidate,tactics,,,
4222,tactics_0488,tactics,train,generated_0084,rnb1kbnr/q4ppp/p2pp3/QppPB3/8/1P6/P1P1PPPP/RN2KBNR w KQkq - 1 8,white,b1a3,-816.0,-0.9667472877842368,0,,39,teacher_candidate,tactics,,,
4222,tactics_0488,tactics,train,generated_0084,rnb1kbnr/q4ppp/p2pp3/QppPB3/8/1P6/P1P1PPPP/RN2KBNR w KQkq - 1 8,white,a5a6,-1096.0,-0.9916959628727988,0,,39,teacher_candidate,tactics,,,
3923,tactics_0489,tactics,train,generated_0078,r1bqk2r/1ppppp1p/Q4b2/p2n2p1/3P4/P1P3P1/1P1KPP1P/RNB2BNR b kq - 2 9,black,b7a6,634.0,0.9193791691545816,1,,27,teacher_candidate,tactics,,,
3923,tactics_0489,tactics,train,generated_0078,r1bqk2r/1ppppp1p/Q4b2/p2n2p1/3P4/P1P3P1/1P1KPP1P/RNB2BNR b kq - 2 9,black,a8a6,555.0,0.8826196500158177,0,,27,teacher_candidate,tactics,,,
3923,tactics_0489,tactics,train,generated_0078,r1bqk2r/1ppppp1p/Q4b2/p2n2p1/3P4/P1P3P1/1P1KPP1P/RNB2BNR b kq - 2 9,black,b7b5,120.0,0.2913126124515909,0,,27,teacher_candidate,tactics,,,
3923,tactics_0489,tactics,train,generated_0078,r1bqk2r/1ppppp1p/Q4b2/p2n2p1/3P4/P1P3P1/1P1KPP1P/RNB2BNR b kq - 2 9,black,c7c6,-696.0,-0.9402266403927276,0,,27,teacher_candidate,tactics,,,
3923,tactics_0489,tactics,train,generated_0078,r1bqk2r/1ppppp1p/Q4b2/p2n2p1/3P4/P1P3P1/1P1KPP1P/RNB2BNR b kq - 2 9,black,e7e6,-825.0,-0.9681872165763704,0,,27,teacher_candidate,tactics,,,
3947,tactics_0490,tactics,train,generated_0078,rnb1kbnr/p3qp1p/1p2p1p1/2p5/1Pp4P/P2P1R2/4PPP1/RNBQKBN1 w Qkq - 0 10,white,c1b2,-24.0,-0.0599281035291434,1,,32,teacher_candidate,tactics,,,
3947,tactics_0490,tactics,train,generated_0078,rnb1kbnr/p3qp1p/1p2p1p1/2p5/1Pp4P/P2P1R2/4PPP1/RNBQKBN1 w Qkq - 0 10,white,b1c3,-61.0,-0.1513287020850988,0,,32,teacher_candidate,tactics,,,
3947,tactics_0490,tactics,train,generated_0078,rnb1kbnr/p3qp1p/1p2p1p1/2p5/1Pp4P/P2P1R2/4PPP1/RNBQKBN1 w Qkq - 0 10,white,c1g5,-75.0,-0.1853331999081395,0,,32,teacher_candidate,tactics,,,
3947,tactics_0490,tactics,train,generated_0078,rnb1kbnr/p3qp1p/1p2p1p1/2p5/1Pp4P/P2P1R2/4PPP1/RNBQKBN1 w Qkq - 0 10,white,f3g3,-180.0,-0.4218990052500079,0,,32,teacher_candidate,tactics,,,
3947,tactics_0490,tactics,train,generated_0078,rnb1kbnr/p3qp1p/1p2p1p1/2p5/1Pp4P/P2P1R2/4PPP1/RNBQKBN1 w Qkq - 0 10,white,f3f6,-1192.0,-0.9948534536923792,0,,32,teacher_candidate,tactics,,,
4611,tactics_0491,tactics,train,generated_0092,rnb2bnr/pp1ppkp1/q6p/2P2P2/2P5/B7/P2PPP1P/RN1QKBNR w KQ - 1 7,white,g1f3,737.0,0.9510345451294692,1,,22,teacher_candidate,tactics,,,
4611,tactics_0491,tactics,train,generated_0092,rnb2bnr/pp1ppkp1/q6p/2P2P2/2P5/B7/P2PPP1P/RN1QKBNR w KQ - 1 7,white,e2e4,709.0,0.9438827817700052,0,,22,teacher_candidate,tactics,,,
4611,tactics_0491,tactics,train,generated_0092,rnb2bnr/pp1ppkp1/q6p/2P2P2/2P5/B7/P2PPP1P/RN1QKBNR w KQ - 1 7,white,e2e3,672.0,0.9328615534370348,0,,22,teacher_candidate,tactics,,,
4611,tactics_0491,tactics,train,generated_0092,rnb2bnr/pp1ppkp1/q6p/2P2P2/2P5/B7/P2PPP1P/RN1QKBNR w KQ - 1 7,white,g1h3,483.0,0.8359280001726355,0,,22,teacher_candidate,tactics,,,
4611,tactics_0491,tactics,train,generated_0092,rnb2bnr/pp1ppkp1/q6p/2P2P2/2P5/B7/P2PPP1P/RN1QKBNR w KQ - 1 7,white,d1a4,-477.0,-0.831352607157051,0,,22,teacher_candidate,tactics,,,
1257,tactics_0492,tactics,train,generated_0025,rn1qk2r/2p1bp1p/p2ppn2/1p4pP/1P1P1Pb1/2B5/P1P1P3/RN1QKBNR w KQkq - 1 9,white,f1g2,-134.0,-0.3230063184059049,1,,24,teacher_candidate,tactics,,,
1257,tactics_0492,tactics,train,generated_0025,rn1qk2r/2p1bp1p/p2ppn2/1p4pP/1P1P1Pb1/2B5/P1P1P3/RN1QKBNR w KQkq - 1 9,white,f4g5,-236.0,-0.5298956075275294,0,,24,teacher_candidate,tactics,,,
1257,tactics_0492,tactics,train,generated_0025,rn1qk2r/2p1bp1p/p2ppn2/1p4pP/1P1P1Pb1/2B5/P1P1P3/RN1QKBNR w KQkq - 1 9,white,g1h3,-414.0,-0.7759059228860193,0,,24,teacher_candidate,tactics,,,
1257,tactics_0492,tactics,train,generated_0025,rn1qk2r/2p1bp1p/p2ppn2/1p4pP/1P1P1Pb1/2B5/P1P1P3/RN1QKBNR w KQkq - 1 9,white,a2a3,-626.0,-0.9162267858844144,0,,24,teacher_candidate,tactics,,,
1257,tactics_0492,tactics,train,generated_0025,rn1qk2r/2p1bp1p/p2ppn2/1p4pP/1P1P1Pb1/2B5/P1P1P3/RN1QKBNR w KQkq - 1 9,white,h1h4,-1181.0,-0.9945632558167726,0,,24,teacher_candidate,tactics,,,
588,tactics_0493,tactics,train,generated_0011,r1bqkbnr/p1p1pp2/n2p2p1/1p2Q2p/2PP2P1/8/PP1NPP1P/R1B1KBNR b KQkq - 0 8,black,d6e5,592.0,0.9014679878319468,1,,29,teacher_candidate,tactics,,,
588,tactics_0493,tactics,train,generated_0011,r1bqkbnr/p1p1pp2/n2p2p1/1p2Q2p/2PP2P1/8/PP1NPP1P/R1B1KBNR b KQkq - 0 8,black,a6b8,-66.0,-0.1635187536836725,0,,29,teacher_candidate,tactics,,,
588,tactics_0493,tactics,train,generated_0011,r1bqkbnr/p1p1pp2/n2p2p1/1p2Q2p/2PP2P1/8/PP1NPP1P/R1B1KBNR b KQkq - 0 8,black,h8h7,-169.0,-0.3990344553248549,0,,29,teacher_candidate,tactics,,,
588,tactics_0493,tactics,train,generated_0011,r1bqkbnr/p1p1pp2/n2p2p1/1p2Q2p/2PP2P1/8/PP1NPP1P/R1B1KBNR b KQkq - 0 8,black,g6g5,-509.0,-0.8544737824712498,0,,29,teacher_candidate,tactics,,,
588,tactics_0493,tactics,train,generated_0011,r1bqkbnr/p1p1pp2/n2p2p1/1p2Q2p/2PP2P1/8/PP1NPP1P/R1B1KBNR b KQkq - 0 8,black,c8b7,-912.0,-0.9792925249378164,0,,29,teacher_candidate,tactics,,,
3047,tactics_0494,tactics,train,generated_0060,r1bqkb1r/p1p2p1p/1pnp3n/4p3/2P3pP/6Q1/PP1PPPP1/RNB1KBNR b KQkq - 0 8,black,f7f5,286.0,0.6138026315335672,1,,30,teacher_candidate,tactics,,,
3047,tactics_0494,tactics,train,generated_0060,r1bqkb1r/p1p2p1p/1pnp3n/4p3/2P3pP/6Q1/PP1PPPP1/RNB1KBNR b KQkq - 0 8,black,c8b7,285.0,0.6122421243522802,0,,30,teacher_candidate,tactics,,,
3047,tactics_0494,tactics,train,generated_0060,r1bqkb1r/p1p2p1p/1pnp3n/4p3/2P3pP/6Q1/PP1PPPP1/RNB1KBNR b KQkq - 0 8,black,c6d4,278.0,0.601184486302663,0,,30,teacher_candidate,tactics,,,
3047,tactics_0494,tactics,train,generated_0060,r1bqkb1r/p1p2p1p/1pnp3n/4p3/2P3pP/6Q1/PP1PPPP1/RNB1KBNR b KQkq - 0 8,black,d8e7,142.0,0.3408023196177371,0,,30,teacher_candidate,tactics,,,
3047,tactics_0494,tactics,train,generated_0060,r1bqkb1r/p1p2p1p/1pnp3n/4p3/2P3pP/6Q1/PP1PPPP1/RNB1KBNR b KQkq - 0 8,black,d8g5,-785.0,-0.9612801390515048,0,,30,teacher_candidate,tactics,,,
2871,tactics_0495,tactics,train,generated_0057,rnb1qbnr/2p2kpp/1p1Q1p2/p2p4/2PpP3/8/PP1P1PPP/RNB1KB1R w KQ - 0 10,white,d6c7,11.0,0.0274930698047098,1,,37,teacher_candidate,tactics,,,
2871,tactics_0495,tactics,train,generated_0057,rnb1qbnr/2p2kpp/1p1Q1p2/p2p4/2PpP3/8/PP1P1PPP/RNB1KB1R w KQ - 0 10,white,d6d5,-7.0,-0.0174982137604806,0,,37,teacher_candidate,tactics,,,
2871,tactics_0495,tactics,train,generated_0057,rnb1qbnr/2p2kpp/1p1Q1p2/p2p4/2PpP3/8/PP1P1PPP/RNB1KB1R w KQ - 0 10,white,d6g3,-830.0,-0.9689604868431824,0,,37,teacher_candidate,tactics,,,
2871,tactics_0495,tactics,train,generated_0057,rnb1qbnr/2p2kpp/1p1Q1p2/p2p4/2PpP3/8/PP1P1PPP/RNB1KB1R w KQ - 0 10,white,d6e7,-1124.0,-0.9927768989311369,0,,37,teacher_candidate,tactics,,,
2871,tactics_0495,tactics,train,generated_0057,rnb1qbnr/2p2kpp/1p1Q1p2/p2p4/2PpP3/8/PP1P1PPP/RNB1KB1R w KQ - 0 10,white,g2g4,-1440.0,-0.9985079423323266,0,,37,teacher_candidate,tactics,,,
1223,tactics_0496,tactics,train,generated_0024,rnb1kb1r/pp2p1pp/1qP4n/3p1p2/3P1P2/P7/2P1P1PP/RNBQKBNR w KQkq - 0 7,white,c6b7,87.0,0.2141339761434071,1,,23,teacher_candidate,tactics,,,
1223,tactics_0496,tactics,train,generated_0024,rnb1kb1r/pp2p1pp/1qP4n/3p1p2/3P1P2/P7/2P1P1PP/RNBQKBNR w KQkq - 0 7,white,g2g3,56.0,0.139092447878458,0,,23,teacher_candidate,tactics,,,
1223,tactics_0496,tactics,train,generated_0024,rnb1kb1r/pp2p1pp/1qP4n/3p1p2/3P1P2/P7/2P1P1PP/RNBQKBNR w KQkq - 0 7,white,c2c3,20.0,0.0499583749578799,0,,23,teacher_candidate,tactics,,,
1223,tactics_0496,tactics,train,generated_0024,rnb1kb1r/pp2p1pp/1qP4n/3p1p2/3P1P2/P7/2P1P1PP/RNBQKBNR w KQkq - 0 7,white,g1f3,-32.0,-0.0798297691111313,0,,23,teacher_candidate,tactics,,,
1223,tactics_0496,tactics,train,generated_0024,rnb1kb1r/pp2p1pp/1qP4n/3p1p2/3P1P2/P7/2P1P1PP/RNBQKBNR w KQkq - 0 7,white,c1b2,-551.0,-0.8803902214206855,0,,23,teacher_candidate,tactics,,,
1801,tactics_0497,tactics,train,generated_0036,r1bqkb1r/3ppp1p/p7/1Qp2np1/3nP1P1/BP3N2/P1PP1P1P/RN2KBR1 b Qkq - 0 9,black,d4f3,809.0,0.9655832183699564,1,,30,teacher_candidate,tactics,,,
1801,tactics_0497,tactics,train,generated_0036,r1bqkb1r/3ppp1p/p7/1Qp2np1/3nP1P1/BP3N2/P1PP1P1P/RN2KBR1 b Qkq - 0 9,black,a6b5,760.0,0.9562374581277392,0,,30,teacher_candidate,tactics,,,
1801,tactics_0497,tactics,train,generated_0036,r1bqkb1r/3ppp1p/p7/1Qp2np1/3nP1P1/BP3N2/P1PP1P1P/RN2KBR1 b Qkq - 0 9,black,d4c2,700.0,0.9413755384972874,0,,30,teacher_candidate,tactics,,,
1801,tactics_0497,tactics,train,generated_0036,r1bqkb1r/3ppp1p/p7/1Qp2np1/3nP1P1/BP3N2/P1PP1P1P/RN2KBR1 b Qkq - 0 9,black,f5g7,120.0,0.2913126124515909,0,,30,teacher_candidate,tactics,,,
1801,tactics_0497,tactics,train,generated_0036,r1bqkb1r/3ppp1p/p7/1Qp2np1/3nP1P1/BP3N2/P1PP1P1P/RN2KBR1 b Qkq - 0 9,black,d4e2,-841.0,-0.9705971416215484,0,,30,teacher_candidate,tactics,,,
1503,tactics_0498,tactics,train,generated_0030,r1bq1bnr/p1pkp1B1/1pn5/5P1p/P2p4/3PP3/RPP2P1P/1N1QKBNR w K - 0 10,white,g7h8,715.0,0.9454960984595678,1,,37,teacher_candidate,tactics,,,
1503,tactics_0498,tactics,train,generated_0030,r1bq1bnr/p1pkp1B1/1pn5/5P1p/P2p4/3PP3/RPP2P1P/1N1QKBNR w K - 0 10,white,e3e4,514.0,0.8578113918314256,0,,37,teacher_candidate,tactics,,,
1503,tactics_0498,tactics,train,generated_0030,r1bq1bnr/p1pkp1B1/1pn5/5P1p/P2p4/3PP3/RPP2P1P/1N1QKBNR w K - 0 10,white,g7d4,287.0,0.6153583568455542,0,,37,teacher_candidate,tactics,,,
1503,tactics_0498,tactics,train,generated_0030,r1bq1bnr/p1pkp1B1/1pn5/5P1p/P2p4/3PP3/RPP2P1P/1N1QKBNR w K - 0 10,white,b2b3,-265.0,-0.5800247468527949,0,,37,teacher_candidate,tactics,,,
1503,tactics_0498,tactics,train,generated_0030,r1bq1bnr/p1pkp1B1/1pn5/5P1p/P2p4/3PP3/RPP2P1P/1N1QKBNR w K - 0 10,white,d1h5,-815.0,-0.9665833928092236,0,,37,teacher_candidate,tactics,,,
1772,tactics_0499,tactics,train,generated_0035,rnb1kb1r/1pP1qp1p/8/p3p1p1/6n1/Q1N4P/PP1PPPP1/1RB1KBNR b Kkq - 0 9,black,e7c7,-152.0,-0.3627074675780511,1,,34,teacher_candidate,tactics,,,
1772,tactics_0499,tactics,train,generated_0035,rnb1kb1r/1pP1qp1p/8/p3p1p1/6n1/Q1N4P/PP1PPPP1/1RB1KBNR b Kkq - 0 9,black,e7f6,-285.0,-0.6122421243522802,0,,34,teacher_candidate,tactics,,,
1772,tactics_0499,tactics,train,generated_0035,rnb1kb1r/1pP1qp1p/8/p3p1p1/6n1/Q1N4P/PP1PPPP1/1RB1KBNR b Kkq - 0 9,black,e7a3,-530.0,-0.8680219810175624,0,,34,teacher_candidate,tactics,,,
1772,tactics_0499,tactics,train,generated_0035,rnb1kb1r/1pP1qp1p/8/p3p1p1/6n1/Q1N4P/PP1PPPP1/1RB1KBNR b Kkq - 0 9,black,e8d7,-930.0,-0.9810579128361078,0,,34,teacher_candidate,tactics,,,
1772,tactics_0499,tactics,train,generated_0035,rnb1kb1r/1pP1qp1p/8/p3p1p1/6n1/Q1N4P/PP1PPPP1/1RB1KBNR b Kkq - 0 9,black,a8a7,-1219.0,-0.9955019188888172,0,,34,teacher_candidate,tactics,,,
2056,tactics_0500,tactics,validation,generated_0041,2bqk1nr/rppp1p1p/p1nbp1p1/P7/1P1P4/2N1P1P1/2P1BP1P/RNBQK2R b KQk - 0 9,black,d6b4,36.0,0.0897577847471601,1,,31,teacher_candidate,tactics,,,
2056,tactics_0500,tactics,validation,generated_0041,2bqk1nr/rppp1p1p/p1nbp1p1/P7/1P1P4/2N1P1P1/2P1BP1P/RNBQK2R b KQk - 0 9,black,b7b5,-81.0,-0.1997767377279966,0,,31,teacher_candidate,tactics,,,
2056,tactics_0500,tactics,validation,generated_0041,2bqk1nr/rppp1p1p/p1nbp1p1/P7/1P1P4/2N1P1P1/2P1BP1P/RNBQK2R b KQk - 0 9,black,f7f5,-97.0,-0.2378557096003806,0,,31,teacher_candidate,tactics,,,
2056,tactics_0500,tactics,validation,generated_0041,2bqk1nr/rppp1p1p/p1nbp1p1/P7/1P1P4/2N1P1P1/2P1BP1P/RNBQK2R b KQk - 0 9,black,d8e7,-209.0,-0.4796272133393758,0,,31,teacher_candidate,tactics,,,
2056,tactics_0500,tactics,validation,generated_0041,2bqk1nr/rppp1p1p/p1nbp1p1/P7/1P1P4/2N1P1P1/2P1BP1P/RNBQK2R b KQk - 0 9,black,d6c5,-952.0,-0.9830142742967112,0,,31,teacher_candidate,tactics,,,
4281,tactics_0501,tactics,validation,generated_0085,rnb1kbn1/p1pp2pr/1p2pp2/7p/3P2PP/4q2B/PPP1PP1R/RNBQK1N1 w Qq - 0 8,white,c1e3,682.0,0.9360312050209336,1,,25,teacher_candidate,tactics,,,
4281,tactics_0501,tactics,validation,generated_0085,rnb1kbn1/p1pp2pr/1p2pp2/7p/3P2PP/4q2B/PPP1PP1R/RNBQK1N1 w Qq - 0 8,white,f2e3,573.0,0.8921777851440168,0,,25,teacher_candidate,tactics,,,
4281,tactics_0501,tactics,validation,generated_0085,rnb1kbn1/p1pp2pr/1p2pp2/7p/3P2PP/4q2B/PPP1PP1R/RNBQK1N1 w Qq - 0 8,white,b1a3,311.0,0.6512694287651738,0,,25,teacher_candidate,tactics,,,
4281,tactics_0501,tactics,validation,generated_0085,rnb1kbn1/p1pp2pr/1p2pp2/7p/3P2PP/4q2B/PPP1PP1R/RNBQK1N1 w Qq - 0 8,white,b1c3,179.0,0.4198418366689064,0,,25,teacher_candidate,tactics,,,
4281,tactics_0501,tactics,validation,generated_0085,rnb1kbn1/p1pp2pr/1p2pp2/7p/3P2PP/4q2B/PPP1PP1R/RNBQK1N1 w Qq - 0 8,white,d1d3,-904.0,-0.9784565399097168,0,,25,teacher_candidate,tactics,,,
4359,tactics_0502,tactics,validation,generated_0087,rnb1kbr1/1ppp1p1p/p3pq2/6p1/2P5/B2P3N/PPN1PnPP/R1Q1KB1R w KQq - 0 10,white,h3f2,515.0,0.8584703762877184,1,,29,teacher_candidate,tactics,,,
4359,tactics_0502,tactics,validation,generated_0087,rnb1kbr1/1ppp1p1p/p3pq2/6p1/2P5/B2P3N/PPN1PnPP/R1Q1KB1R w KQq - 0 10,white,a3f8,-19.0,-0.0474643082531221,0,,29,teacher_candidate,tactics,,,
4359,tactics_0502,tactics,validation,generated_0087,rnb1kbr1/1ppp1p1p/p3pq2/6p1/2P5/B2P3N/PPN1PnPP/R1Q1KB1R w KQq - 0 10,white,c1e3,-298.0,-0.6321565451609915,0,,29,teacher_candidate,tactics,,,
4359,tactics_0502,tactics,validation,generated_0087,rnb1kbr1/1ppp1p1p/p3pq2/6p1/2P5/B2P3N/PPN1PnPP/R1Q1KB1R w KQq - 0 10,white,b2b3,-782.0,-0.9607064601046226,0,,29,teacher_candidate,tactics,,,
4359,tactics_0502,tactics,validation,generated_0087,rnb1kbr1/1ppp1p1p/p3pq2/6p1/2P5/B2P3N/PPN1PnPP/R1Q1KB1R w KQq - 0 10,white,a3c5,-990.0,-0.9859328256900096,0,,29,teacher_candidate,tactics,,,
4853,tactics_0503,tactics,validation,generated_0097,rnb1kbnr/p2p2pp/1p2pp2/2p1N3/1qB3PP/P3P3/1PPP1P2/RNBQK1R1 w Q - 4 10,white,a3b4,566.0,0.8885512041426692,1,,34,teacher_candidate,tactics,,,
4853,tactics_0503,tactics,validation,generated_0097,rnb1kbnr/p2p2pp/1p2pp2/2p1N3/1qB3PP/P3P3/1PPP1P2/RNBQK1R1 w Q - 4 10,white,e5f7,488.0,0.8396541756543754,0,,34,teacher_candidate,tactics,,,
4853,tactics_0503,tactics,validation,generated_0097,rnb1kbnr/p2p2pp/1p2pp2/2p1N3/1qB3PP/P3P3/1PPP1P2/RNBQK1R1 w Q - 4 10,white,e5d7,388.0,0.7487042869693087,0,,34,teacher_candidate,tactics,,,
4853,tactics_0503,tactics,validation,generated_0097,rnb1kbnr/p2p2pp/1p2pp2/2p1N3/1qB3PP/P3P3/1PPP1P2/RNBQK1R1 w Q - 4 10,white,f2f4,203.0,0.4679950330431393,0,,34,teacher_candidate,tactics,,,
4853,tactics_0503,tactics,validation,generated_0097,rnb1kbnr/p2p2pp/1p2pp2/2p1N3/1qB3PP/P3P3/1PPP1P2/RNBQK1R1 w Q - 4 10,white,e5f3,-640.0,-0.9216685544064712,0,,34,teacher_candidate,tactics,,,
3721,tactics_0504,tactics,validation,generated_0074,rBbqkb1r/3ppp2/1p4pn/p1p4p/B2PP3/7N/PPP2PPP/RN1QK2R w KQkq - 0 8,white,b8f4,747.0,0.9533669369540612,1,,41,teacher_candidate,tactics,,,
3721,tactics_0504,tactics,validation,generated_0074,rBbqkb1r/3ppp2/1p4pn/p1p4p/B2PP3/7N/PPP2PPP/RN1QK2R w KQkq - 0 8,white,b8e5,647.0,0.9242607043197804,0,,41,teacher_candidate,tactics,,,
3721,tactics_0504,tactics,validation,generated_0074,rBbqkb1r/3ppp2/1p4pn/p1p4p/B2PP3/7N/PPP2PPP/RN1QK2R w KQkq - 0 8,white,b8g3,504.0,0.8510641096679439,0,,41,teacher_candidate,tactics,,,
3721,tactics_0504,tactics,validation,generated_0074,rBbqkb1r/3ppp2/1p4pn/p1p4p/B2PP3/7N/PPP2PPP/RN1QK2R w KQkq - 0 8,white,f2f3,-48.0,-0.1194272985343858,0,,41,teacher_candidate,tactics,,,
3721,tactics_0504,tactics,validation,generated_0074,rBbqkb1r/3ppp2/1p4pn/p1p4p/B2PP3/7N/PPP2PPP/RN1QK2R w KQkq - 0 8,white,d1g4,-761.0,-0.9564509720670356,0,,41,teacher_candidate,tactics,,,
2356,tactics_0505,tactics,validation,generated_0047,rnb1kbnr/p3p3/q1p3pp/3p1p2/1p1P1PP1/NPP1B3/P3P2P/RQ2KBNR b KQkq - 0 10,black,b4a3,596.0,0.9033247425601896,1,,27,teacher_candidate,tactics,,,
2356,tactics_0505,tactics,validation,generated_0047,rnb1kbnr/p3p3/q1p3pp/3p1p2/1p1P1PP1/NPP1B3/P3P2P/RQ2KBNR b KQkq - 0 10,black,a6a3,468.0,0.8242721703413975,0,,27,teacher_candidate,tactics,,,
2356,tactics_0505,tactics,validation,generated_0047,rnb1kbnr/p3p3/q1p3pp/3p1p2/1p1P1PP1/NPP1B3/P3P2P/RQ2KBNR b KQkq - 0 10,black,a6b6,217.0,0.4948780404403998,0,,27,teacher_candidate,tactics,,,
2356,tactics_0505,tactics,validation,generated_0047,rnb1kbnr/p3p3/q1p3pp/3p1p2/1p1P1PP1/NPP1B3/P3P2P/RQ2KBNR b KQkq - 0 10,black,e7e6,74.0,0.1829179568655601,0,,27,teacher_candidate,tactics,,,
2356,tactics_0505,tactics,validation,generated_0047,rnb1kbnr/p3p3/q1p3pp/3p1p2/1p1P1PP1/NPP1B3/P3P2P/RQ2KBNR b KQkq - 0 10,black,a6b5,-1024.0,-0.9881189556033192,0,,27,teacher_candidate,tactics,,,
3989,tactics_0506,tactics,validation,generated_0079,rnb1kb1r/pp1p1pp1/2p2n2/4pQ2/8/P1P2NPP/1P1PPPB1/RNB1K2R b KQkq - 1 9,black,h8h5,-511.0,-0.855817403604612,1,,30,teacher_candidate,tactics,,,
3989,tactics_0506,tactics,validation,generated_0079,rnb1kb1r/pp1p1pp1/2p2n2/4pQ2/8/P1P2NPP/1P1PPPB1/RNB1K2R b KQkq - 1 9,black,f8d6,-628.0,-0.9170257613966084,0,,30,teacher_candidate,tactics,,,
3989,tactics_0506,tactics,validation,generated_0079,rnb1kb1r/pp1p1pp1/2p2n2/4pQ2/8/P1P2NPP/1P1PPPB1/RNB1K2R b KQkq - 1 9,black,e5e4,-663.0,-0.9298796587312388,0,,30,teacher_candidate,tactics,,,
3989,tactics_0506,tactics,validation,generated_0079,rnb1kb1r/pp1p1pp1/2p2n2/4pQ2/8/P1P2NPP/1P1PPPB1/RNB1K2R b KQkq - 1 9,black,h8h4,-989.0,-0.9858628121060774,0,,30,teacher_candidate,tactics,,,
3989,tactics_0506,tactics,validation,generated_0079,rnb1kb1r/pp1p1pp1/2p2n2/4pQ2/8/P1P2NPP/1P1PPPB1/RNB1K2R b KQkq - 1 9,black,d7d6,-1129.0,-0.992954609698022,0,,30,teacher_candidate,tactics,,,
2681,tactics_0507,tactics,validation,generated_0053,rnbqkb2/1ppp1ppr/p3pn2/7P/1P6/P4N2/2PPPP1P/RNBQKB1R b KQq - 0 7,black,d7d5,81.0,0.1997767377279966,1,,26,teacher_candidate,tactics,,,
2681,tactics_0507,tactics,validation,generated_0053,rnbqkb2/1ppp1ppr/p3pn2/7P/1P6/P4N2/2PPPP1P/RNBQKB1R b KQq - 0 7,black,h7h5,74.0,0.1829179568655601,0,,26,teacher_candidate,tactics,,,
2681,tactics_0507,tactics,validation,generated_0053,rnbqkb2/1ppp1ppr/p3pn2/7P/1P6/P4N2/2PPPP1P/RNBQKB1R b KQq - 0 7,black,h7h8,44.0,0.1095584702144295,0,,26,teacher_candidate,tactics,,,
2681,tactics_0507,tactics,validation,generated_0053,rnbqkb2/1ppp1ppr/p3pn2/7P/1P6/P4N2/2PPPP1P/RNBQKB1R b KQq - 0 7,black,f6g4,-48.0,-0.1194272985343858,0,,26,teacher_candidate,tactics,,,
2681,tactics_0507,tactics,validation,generated_0053,rnbqkb2/1ppp1ppr/p3pn2/7P/1P6/P4N2/2PPPP1P/RNBQKB1R b KQq - 0 7,black,f8c5,-727.0,-0.9485885670976116,0,,26,teacher_candidate,tactics,,,
3934,tactics_0508,tactics,validation,generated_0078,rnbqkbnr/1pp5/4ppp1/pP1p3p/P2P4/2P3PN/4PP1P/RNBQKB1R w KQkq a6 0 10,white,d1c2,283.0,0.6091067545471247,1,,29,teacher_candidate,tactics,,,
3934,tactics_0508,tactics,validation,generated_0078,rnbqkbnr/1pp5/4ppp1/pP1p3p/P2P4/2P3PN/4PP1P/RNBQKB1R w KQkq a6 0 10,white,d1d3,225.0,0.5098299737352566,0,,29,teacher_candidate,tactics,,,
3934,tactics_0508,tactics,validation,generated_0078,rnbqkbnr/1pp5/4ppp1/pP1p3p/P2P4/2P3PN/4PP1P/RNBQKB1R w KQkq a6 0 10,white,f1g2,210.0,0.481549798364308,0,,29,teacher_candidate,tactics,,,
3934,tactics_0508,tactics,validation,generated_0078,rnbqkbnr/1pp5/4ppp1/pP1p3p/P2P4/2P3PN/4PP1P/RNBQKB1R w KQkq a6 0 10,white,b1a3,97.0,0.2378557096003806,0,,29,teacher_candidate,tactics,,,
3934,tactics_0508,tactics,validation,generated_0078,rnbqkbnr/1pp5/4ppp1/pP1p3p/P2P4/2P3PN/4PP1P/RNBQKB1R w KQkq a6 0 10,white,c1h6,-802.0,-0.9643791367189491,0,,29,teacher_candidate,tactics,,,
4635,tactics_0509,tactics,validation,generated_0092,r1bqk2r/n1ppb3/p2p1np1/1p5p/6P1/PPN5/2PPPP1P/R1BQKBR1 w Qkq - 1 10,white,g4g5,2.0,0.0049999583337499,1,,26,teacher_candidate,tactics,,,
4635,tactics_0509,tactics,validation,generated_0092,r1bqk2r/n1ppb3/p2p1np1/1p5p/6P1/PPN5/2PPPP1P/R1BQKBR1 w Qkq - 1 10,white,g4h5,-198.0,-0.458175844698613,0,,26,teacher_candidate,tactics,,,
4635,tactics_0509,tactics,validation,generated_0092,r1bqk2r/n1ppb3/p2p1np1/1p5p/6P1/PPN5/2PPPP1P/R1BQKBR1 w Qkq - 1 10,white,f1g2,-248.0,-0.5511280285381469,0,,26,teacher_candidate,tactics,,,
4635,tactics_0509,tactics,validation,generated_0092,r1bqk2r/n1ppb3/p2p1np1/1p5p/6P1/PPN5/2PPPP1P/R1BQKBR1 w Qkq - 1 10,white,g1g3,-500.0,-0.8482836399575129,0,,26,teacher_candidate,tactics,,,
4635,tactics_0509,tactics,validation,generated_0092,r1bqk2r/n1ppb3/p2p1np1/1p5p/6P1/PPN5/2PPPP1P/R1BQKBR1 w Qkq - 1 10,white,c3a4,-710.0,-0.944154852431854,0,,26,teacher_candidate,tactics,,,
1197,tactics_0510,tactics,validation,generated_0023,rn2kbnr/1pq1pp1p/2p5/p2p2p1/1B1P2bP/8/PPP1PP2/RN1QKBNR w KQkq - 0 7,white,b4d2,-141.0,-0.338590805554892,1,,31,teacher_candidate,tactics,,,
1197,tactics_0510,tactics,validation,generated_0023,rn2kbnr/1pq1pp1p/2p5/p2p2p1/1B1P2bP/8/PPP1PP2/RN1QKBNR w KQkq - 0 7,white,b4a3,-187.0,-0.4361771503666996,0,,31,teacher_candidate,tactics,,,
1197,tactics_0510,tactics,validation,generated_0023,rn2kbnr/1pq1pp1p/2p5/p2p2p1/1B1P2bP/8/PPP1PP2/RN1QKBNR w KQkq - 0 7,white,b4c3,-201.0,-0.4640810036832635,0,,31,teacher_candidate,tactics,,,
1197,tactics_0510,tactics,validation,generated_0023,rn2kbnr/1pq1pp1p/2p5/p2p2p1/1B1P2bP/8/PPP1PP2/RN1QKBNR w KQkq - 0 7,white,d1d3,-753.0,-0.9547139452847008,0,,31,teacher_candidate,tactics,,,
1197,tactics_0510,tactics,validation,generated_0023,rn2kbnr/1pq1pp1p/2p5/p2p2p1/1B1P2bP/8/PPP1PP2/RN1QKBNR w KQkq - 0 7,white,h4h5,-969.0,-0.9843875975004468,0,,31,teacher_candidate,tactics,,,
342,tactics_0511,tactics,validation,generated_0006,rnbqk1n1/ppp1pp1r/7p/3p2p1/1P2P1Q1/B2P4/P1P2PPP/R3KBNR w KQq - 0 8,white,g4g3,104.0,0.2542955326263911,1,,37,teacher_candidate,tactics,,,
342,tactics_0511,tactics,validation,generated_0006,rnbqk1n1/ppp1pp1r/7p/3p2p1/1P2P1Q1/B2P4/P1P2PPP/R3KBNR w KQq - 0 8,white,g4e2,60.0,0.1488850336233179,0,,37,teacher_candidate,tactics,,,
342,tactics_0511,tactics,validation,generated_0006,rnbqk1n1/ppp1pp1r/7p/3p2p1/1P2P1Q1/B2P4/P1P2PPP/R3KBNR w KQq - 0 8,white,g4d1,31.0,0.0773452104130159,0,,37,teacher_candidate,tactics,,,
342,tactics_0511,tactics,validation,generated_0006,rnbqk1n1/ppp1pp1r/7p/3p2p1/1P2P1Q1/B2P4/P1P2PPP/R3KBNR w KQq - 0 8,white,g1e2,-880.0,-0.9757431300314516,0,,37,teacher_candidate,tactics,,,
342,tactics_0511,tactics,validation,generated_0006,rnbqk1n1/ppp1pp1r/7p/3p2p1/1P2P1Q1/B2P4/P1P2PPP/R3KBNR w KQq - 0 8,white,e1e2,-981.0,-0.9852901059568392,0,,37,teacher_candidate,tactics,,,
4997,tactics_0512,tactics,validation,generated_0099,r1bqk1nr/pp1pp1bp/5pp1/2p5/1n4P1/1P2PK2/PBPP1P1P/RN1Q1BNR w kq - 0 7,white,a2a3,-88.0,-0.2165180614930288,1,,35,teacher_candidate,tactics,,,
4997,tactics_0512,tactics,validation,generated_0099,r1bqk1nr/pp1pp1bp/5pp1/2p5/1n4P1/1P2PK2/PBPP1P1P/RN1Q1BNR w kq - 0 7,white,f3g2,-120.0,-0.2913126124515909,0,,35,teacher_candidate,tactics,,,
4997,tactics_0512,tactics,validation,generated_0099,r1bqk1nr/pp1pp1bp/5pp1/2p5/1n4P1/1P2PK2/PBPP1P1P/RN1Q1BNR w kq - 0 7,white,h2h3,-144.0,-0.3452140341355209,0,,35,teacher_candidate,tactics,,,
4997,tactics_0512,tactics,validation,generated_0099,r1bqk1nr/pp1pp1bp/5pp1/2p5/1n4P1/1P2PK2/PBPP1P1P/RN1Q1BNR w kq - 0 7,white,f1e2,-243.0,-0.5423648911116337,0,,35,teacher_candidate,tactics,,,
4997,tactics_0512,tactics,validation,generated_0099,r1bqk1nr/pp1pp1bp/5pp1/2p5/1n4P1/1P2PK2/PBPP1P1P/RN1Q1BNR w kq - 0 7,white,b2f6,-925.0,-0.980583047037052,0,,35,teacher_candidate,tactics,,,
3190,tactics_0513,tactics,validation,generated_0063,rnbk1bnr/1p1p1ppp/2p5/p3p3/4P1Qq/2N4N/PPPP1PPP/R1B1KB1R b Q - 3 8,black,h4g4,460.0,0.8177540779702877,1,,35,teacher_candidate,tactics,,,
3190,tactics_0513,tactics,validation,generated_0063,rnbk1bnr/1p1p1ppp/2p5/p3p3/4P1Qq/2N4N/PPPP1PPP/R1B1KB1R b Q - 3 8,black,h4e7,0.0,0.0,0,,35,teacher_candidate,tactics,,,
3190,tactics_0513,tactics,validation,generated_0063,rnbk1bnr/1p1p1ppp/2p5/p3p3/4P1Qq/2N4N/PPPP1PPP/R1B1KB1R b Q - 3 8,black,f8e7,-1.0,-0.0024999947916796,0,,35,teacher_candidate,tactics,,,
3190,tactics_0513,tactics,validation,generated_0063,rnbk1bnr/1p1p1ppp/2p5/p3p3/4P1Qq/2N4N/PPPP1PPP/R1B1KB1R b Q - 3 8,black,g8e7,-879.0,-0.975623023939446,0,,35,teacher_candidate,tactics,,,
3190,tactics_0513,tactics,validation,generated_0063,rnbk1bnr/1p1p1ppp/2p5/p3p3/4P1Qq/2N4N/PPPP1PPP/R1B1KB1R b Q - 3 8,black,f8a3,-973.0,-0.984694377944728,0,,35,teacher_candidate,tactics,,,
4032,tactics_0514,tactics,validation,generated_0080,r2qkbnr/ppp1pppp/2np2b1/8/5P1P/PP6/2PPP1P1/RNBQKB1R w KQkq - 0 8,white,h4h5,-634.0,-0.9193791691545816,1,,19,teacher_candidate,tactics,,,
4032,tactics_0514,tactics,validation,generated_0080,r2qkbnr/ppp1pppp/2np2b1/8/5P1P/PP6/2PPP1P1/RNBQKB1R w KQkq - 0 8,white,g2g4,-685.0,-0.9369535544919974,0,,19,teacher_candidate,tactics,,,
4032,tactics_0514,tactics,validation,generated_0080,r2qkbnr/ppp1pppp/2np2b1/8/5P1P/PP6/2PPP1P1/RNBQKB1R w KQkq - 0 8,white,e2e3,-695.0,-0.9399360232214236,0,,19,teacher_candidate,tactics,,,
4032,tactics_0514,tactics,validation,generated_0080,r2qkbnr/ppp1pppp/2np2b1/8/5P1P/PP6/2PPP1P1/RNBQKB1R w KQkq - 0 8,white,a1a2,-777.0,-0.9597317672286502,0,,19,teacher_candidate,tactics,,,
4032,tactics_0514,tactics,validation,generated_0080,r2qkbnr/ppp1pppp/2np2b1/8/5P1P/PP6/2PPP1P1/RNBQKB1R w KQkq - 0 8,white,e1f2,-830.0,-0.9689604868431824,0,,19,teacher_candidate,tactics,,,
2173,tactics_0515,tactics,validation,generated_0043,rn1qkbnr/1p2pp1p/8/p1pp2p1/3P1Pb1/P1PQ1N2/1P2P1PP/RNB1KB1R w KQkq - 2 7,white,f4g5,186.0,0.434150570985945,1,,36,teacher_candidate,tactics,,,
2173,tactics_0515,tactics,validation,generated_0043,rn1qkbnr/1p2pp1p/8/p1pp2p1/3P1Pb1/P1PQ1N2/1P2P1PP/RNB1KB1R w KQkq - 2 7,white,f3e5,172.0,0.405321308689463,0,,36,teacher_candidate,tactics,,,
2173,tactics_0515,tactics,validation,generated_0043,rn1qkbnr/1p2pp1p/8/p1pp2p1/3P1Pb1/P1PQ1N2/1P2P1PP/RNB1KB1R w KQkq - 2 7,white,f3g5,114.0,0.2775263502976838,0,,36,teacher_candidate,tactics,,,
2173,tactics_0515,tactics,validation,generated_0043,rn1qkbnr/1p2pp1p/8/p1pp2p1/3P1Pb1/P1PQ1N2/1P2P1PP/RNB1KB1R w KQkq - 2 7,white,b2b3,6.0,0.0149988751012407,0,,36,teacher_candidate,tactics,,,
2173,tactics_0515,tactics,validation,generated_0043,rn1qkbnr/1p2pp1p/8/p1pp2p1/3P1Pb1/P1PQ1N2/1P2P1PP/RNB1KB1R w KQkq - 2 7,white,d3f5,-935.0,-0.9815212735525424,0,,36,teacher_candidate,tactics,,,
4437,tactics_0516,tactics,validation,generated_0088,rn1q1bnr/p1pb3p/3ppkp1/1pP2p2/P2P1P2/BP5N/4P1PP/RN1QKB1R w KQ - 0 9,white,d4d5,260.0,0.5716699660851172,1,,26,teacher_candidate,tactics,,,
4437,tactics_0516,tactics,validation,generated_0088,rn1q1bnr/p1pb3p/3ppkp1/1pP2p2/P2P1P2/BP5N/4P1PP/RN1QKB1R w KQ - 0 9,white,e2e4,218.0,0.4967634432141284,0,,26,teacher_candidate,tactics,,,
4437,tactics_0516,tactics,validation,generated_0088,rn1q1bnr/p1pb3p/3ppkp1/1pP2p2/P2P1P2/BP5N/4P1PP/RN1QKB1R w KQ - 0 9,white,a3b2,187.0,0.4361771503666996,0,,26,teacher_candidate,tactics,,,
4437,tactics_0516,tactics,validation,generated_0088,rn1q1bnr/p1pb3p/3ppkp1/1pP2p2/P2P1P2/BP5N/4P1PP/RN1QKB1R w KQ - 0 9,white,d1d2,98.0,0.2402128646861802,0,,26,teacher_candidate,tactics,,,
4437,tactics_0516,tactics,validation,generated_0088,rn1q1bnr/p1pb3p/3ppkp1/1pP2p2/P2P1P2/BP5N/4P1PP/RN1QKB1R w KQ - 0 9,white,a4a5,-22.0,-0.0549446086891874,0,,26,teacher_candidate,tactics,,,
3739,tactics_0517,tactics,validation,generated_0074,r2qkbnr/ppp1pp1p/4b3/2Pp4/8/1PP2P1P/P2BP1P1/RN1QKBNR b KQkq - 0 8,black,e6c8,-527.0,-0.8661608659438628,1,,26,teacher_candidate,tactics,,,
3739,tactics_0517,tactics,validation,generated_0074,r2qkbnr/ppp1pp1p/4b3/2Pp4/8/1PP2P1P/P2BP1P1/RN1QKBNR b KQkq - 0 8,black,e6d7,-568.0,-0.8895989244341314,0,,26,teacher_candidate,tactics,,,
3739,tactics_0517,tactics,validation,generated_0074,r2qkbnr/ppp1pp1p/4b3/2Pp4/8/1PP2P1P/P2BP1P1/RN1QKBNR b KQkq - 0 8,black,d8d7,-571.0,-0.8911531288062178,0,,26,teacher_candidate,tactics,,,
3739,tactics_0517,tactics,validation,generated_0074,r2qkbnr/ppp1pp1p/4b3/2Pp4/8/1PP2P1P/P2BP1P1/RN1QKBNR b KQkq - 0 8,black,b7b5,-672.0,-0.9328615534370348,0,,26,teacher_candidate,tactics,,,
3739,tactics_0517,tactics,validation,generated_0074,r2qkbnr/ppp1pp1p/4b3/2Pp4/8/1PP2P1P/P2BP1P1/RN1QKBNR b KQkq - 0 8,black,e6h3,-1195.0,-0.9949298815431008,0,,26,teacher_candidate,tactics,,,
2483,tactics_0518,tactics,validation,generated_0049,r2qkbnr/ppp1p1p1/n2p1p1p/1N4B1/3P2PN/3Q4/PPP1PP1P/1R2KB1R b K - 1 9,black,h6g5,-414.0,-0.7759059228860193,1,,22,teacher_candidate,tactics,,,
2483,tactics_0518,tactics,validation,generated_0049,r2qkbnr/ppp1p1p1/n2p1p1p/1N4B1/3P2PN/3Q4/PPP1PP1P/1R2KB1R b K - 1 9,black,c7c6,-523.0,-0.8636414743963026,0,,22,teacher_candidate,tactics,,,
2483,tactics_0518,tactics,validation,generated_0049,r2qkbnr/ppp1p1p1/n2p1p1p/1N4B1/3P2PN/3Q4/PPP1PP1P/1R2KB1R b K - 1 9,black,a6b4,-574.0,-0.8926866959856562,0,,22,teacher_candidate,tactics,,,
2483,tactics_0518,tactics,validation,generated_0049,r2qkbnr/ppp1p1p1/n2p1p1p/1N4B1/3P2PN/3Q4/PPP1PP1P/1R2KB1R b K - 1 9,black,e7e5,-718.0,-0.9462857624303808,0,,22,teacher_candidate,tactics,,,
2483,tactics_0518,tactics,validation,generated_0049,r2qkbnr/ppp1p1p1/n2p1p1p/1N4B1/3P2PN/3Q4/PPP1PP1P/1R2KB1R b K - 1 9,black,g7g6,-966.0,-0.98415351575153,0,,22,teacher_candidate,tactics,,,
1060,tactics_0519,tactics,validation,generated_0021,r1bq1b1r/p2pp1kp/n1p4n/1p1P1pp1/5P2/1P2P3/P1P2KPP/RNB1QBNR b - - 3 10,black,h6g4,95.0,0.2331330090426386,1,,26,teacher_candidate,tactics,,,
1060,tactics_0519,tactics,validation,generated_0021,r1bq1b1r/p2pp1kp/n1p4n/1p1P1pp1/5P2/1P2P3/P1P2KPP/RNB1QBNR b - - 3 10,black,e7e5,82.0,0.2021757576967395,0,,26,teacher_candidate,tactics,,,
1060,tactics_0519,tactics,validation,generated_0021,r1bq1b1r/p2pp1kp/n1p4n/1p1P1pp1/5P2/1P2P3/P1P2KPP/RNB1QBNR b - - 3 10,black,g5f4,21.0,0.0524518187441374,0,,26,teacher_candidate,tactics,,,
1060,tactics_0519,tactics,validation,generated_0021,r1bq1b1r/p2pp1kp/n1p4n/1p1P1pp1/5P2/1P2P3/P1P2KPP/RNB1QBNR b - - 3 10,black,g5g4,-99.0,-0.2425671903821356,0,,26,teacher_candidate,tactics,,,
1060,tactics_0519,tactics,validation,generated_0021,r1bq1b1r/p2pp1kp/n1p4n/1p1P1pp1/5P2/1P2P3/P1P2KPP/RNB1QBNR b - - 3 10,black,d8a5,-833.0,-0.9694155381723456,0,,26,teacher_candidate,tactics,,,
483,tactics_0520,tactics,validation,generated_0009,rnbqkb1r/p1pp1p2/4p2n/6p1/P1p1P2p/1Q1P1P1P/1P2B1P1/RNB1K1NR w KQkq - 0 9,white,b3c3,-35.0,-0.0872773744741577,1,,34,teacher_candidate,tactics,,,
483,tactics_0520,tactics,validation,generated_0009,rnbqkb1r/p1pp1p2/4p2n/6p1/P1p1P2p/1Q1P1P1P/1P2B1P1/RNB1K1NR w KQkq - 0 9,white,b3c4,-93.0,-0.2283992855537903,0,,34,teacher_candidate,tactics,,,
483,tactics_0520,tactics,validation,generated_0009,rnbqkb1r/p1pp1p2/4p2n/6p1/P1p1P2p/1Q1P1P1P/1P2B1P1/RNB1K1NR w KQkq - 0 9,white,b3c2,-110.0,-0.2682711820216014,0,,34,teacher_candidate,tactics,,,
483,tactics_0520,tactics,validation,generated_0009,rnbqkb1r/p1pp1p2/4p2n/6p1/P1p1P2p/1Q1P1P1P/1P2B1P1/RNB1K1NR w KQkq - 0 9,white,e1d1,-828.0,-0.9686534238679028,0,,34,teacher_candidate,tactics,,,
483,tactics_0520,tactics,validation,generated_0009,rnbqkb1r/p1pp1p2/4p2n/6p1/P1p1P2p/1Q1P1P1P/1P2B1P1/RNB1K1NR w KQkq - 0 9,white,b3b4,-948.0,-0.9826741124303736,0,,34,teacher_candidate,tactics,,,
4042,tactics_0521,tactics,validation,generated_0080,r1bqkbnr/1p2pppp/2np4/p1pN4/2P2P2/P3P1PP/1P1PQ3/R1B1KBNR w KQk - 3 10,white,g1f3,80.0,0.197375320224904,1,,30,teacher_candidate,tactics,,,
4042,tactics_0521,tactics,validation,generated_0080,r1bqkbnr/1p2pppp/2np4/p1pN4/2P2P2/P3P1PP/1P1PQ3/R1B1KBNR w KQk - 3 10,white,d5c3,79.0,0.1949715316540321,0,,30,teacher_candidate,tactics,,,
4042,tactics_0521,tactics,validation,generated_0080,r1bqkbnr/1p2pppp/2np4/p1pN4/2P2P2/P3P1PP/1P1PQ3/R1B1KBNR w KQk - 3 10,white,f1g2,9.0,0.0224962038937096,0,,30,teacher_candidate,tactics,,,
4042,tactics_0521,tactics,validation,generated_0080,r1bqkbnr/1p2pppp/2np4/p1pN4/2P2P2/P3P1PP/1P1PQ3/R1B1KBNR w KQk - 3 10,white,e2f2,-44.0,-0.1095584702144295,0,,30,teacher_candidate,tactics,,,
4042,tactics_0521,tactics,validation,generated_0080,r1bqkbnr/1p2pppp/2np4/p1pN4/2P2P2/P3P1PP/1P1PQ3/R1B1KBNR w KQk - 3 10,white,d5b4,-933.0,-0.9813372922299884,0,,30,teacher_candidate,tactics,,,
4998,tactics_0522,tactics,validation,generated_0099,rnbqkb1r/p1pppp1p/1p4p1/8/P5P1/1P3N2/2QPPP1P/RNB1KB1R w KQkq - 0 9,white,c1b2,658.0,0.9281683082344766,1,,36,teacher_candidate,tactics,,,
4998,tactics_0522,tactics,validation,generated_0099,rnbqkb1r/p1pppp1p/1p4p1/8/P5P1/1P3N2/2QPPP1P/RNB1KB1R w KQkq - 0 9,white,d2d4,621.0,0.9141970392864124,0,,36,teacher_candidate,tactics,,,
4998,tactics_0522,tactics,validation,generated_0099,rnbqkb1r/p1pppp1p/1p4p1/8/P5P1/1P3N2/2QPPP1P/RNB1KB1R w KQkq - 0 9,white,b1c3,593.0,0.9019353223079448,0,,36,teacher_candidate,tactics,,,
4998,tactics_0522,tactics,validation,generated_0099,rnbqkb1r/p1pppp1p/1p4p1/8/P5P1/1P3N2/2QPPP1P/RNB1KB1R w KQkq - 0 9,white,f3g5,451.0,0.8101619061641351,0,,36,teacher_candidate,tactics,,,
4998,tactics_0522,tactics,validation,generated_0099,rnbqkb1r/p1pppp1p/1p4p1/8/P5P1/1P3N2/2QPPP1P/RNB1KB1R w KQkq - 0 9,white,c2c6,-971.0,-0.9845417428116782,0,,36,teacher_candidate,tactics,,,
3808,tactics_0523,tactics,validation,generated_0076,rnbq1kr1/1p1p1ppp/p3p2n/8/2p1PBQN/2bP4/PPP1KPPP/R4B1R b - - 1 10,black,c3f6,818.0,0.9670727104726874,1,,34,teacher_candidate,tactics,,,
3808,tactics_0523,tactics,validation,generated_0076,rnbq1kr1/1p1p1ppp/p3p2n/8/2p1PBQN/2bP4/PPP1KPPP/R4B1R b - - 1 10,black,c3b2,790.0,0.962218076125922,0,,34,teacher_candidate,tactics,,,
3808,tactics_0523,tactics,validation,generated_0076,rnbq1kr1/1p1p1ppp/p3p2n/8/2p1PBQN/2bP4/PPP1KPPP/R4B1R b - - 1 10,black,c3b4,669.0,0.9318814446042516,0,,34,teacher_candidate,tactics,,,
3808,tactics_0523,tactics,validation,generated_0076,rnbq1kr1/1p1p1ppp/p3p2n/8/2p1PBQN/2bP4/PPP1KPPP/R4B1R b - - 1 10,black,f7f6,427.0,0.7885174828580042,0,,34,teacher_candidate,tactics,,,
3808,tactics_0523,tactics,validation,generated_0076,rnbq1kr1/1p1p1ppp/p3p2n/8/2p1PBQN/2bP4/PPP1KPPP/R4B1R b - - 1 10,black,d8g5,-711.0,-0.9444256417366927,0,,34,teacher_candidate,tactics,,,
3902,tactics_0524,tactics,validation,generated_0078,rnb1kbnr/ppp2p2/3p2pp/4p3/3P1B2/N6N/PPPQPPqP/R3KB1R w KQkq - 0 7,white,f1g2,512.0,0.8564849154724974,1,,33,teacher_candidate,tactics,,,
3902,tactics_0524,tactics,validation,generated_0078,rnb1kbnr/ppp2p2/3p2pp/4p3/3P1B2/N6N/PPPQPPqP/R3KB1R w KQkq - 0 7,white,f4e5,137.0,0.3297074608119472,0,,33,teacher_candidate,tactics,,,
3902,tactics_0524,tactics,validation,generated_0078,rnb1kbnr/ppp2p2/3p2pp/4p3/3P1B2/N6N/PPPQPPqP/R3KB1R w KQkq - 0 7,white,d4e5,77.0,0.190156947732268,0,,33,teacher_candidate,tactics,,,
3902,tactics_0524,tactics,validation,generated_0078,rnb1kbnr/ppp2p2/3p2pp/4p3/3P1B2/N6N/PPPQPPqP/R3KB1R w KQkq - 0 7,white,d2a5,-532.0,-0.8692493331488548,0,,33,teacher_candidate,tactics,,,
3902,tactics_0524,tactics,validation,generated_0078,rnb1kbnr/ppp2p2/3p2pp/4p3/3P1B2/N6N/PPPQPPqP/R3KB1R w KQkq - 0 7,white,e1d1,-964.0,-0.9839955303715676,0,,33,teacher_candidate,tactics,,,
4789,tactics_0525,tactics,validation,generated_0095,1nbq1bnr/3ppkp1/1p5p/rp3p1P/8/2N1PP2/P1PPN1P1/R1BQ1K1R b - - 1 10,black,b5b4,714.0,0.9452303780997486,1,,25,teacher_candidate,tactics,,,
4789,tactics_0525,tactics,validation,generated_0095,1nbq1bnr/3ppkp1/1p5p/rp3p1P/8/2N1PP2/P1PPN1P1/R1BQ1K1R b - - 1 10,black,e7e6,714.0,0.9452303780997486,0,,25,teacher_candidate,tactics,,,
4789,tactics_0525,tactics,validation,generated_0095,1nbq1bnr/3ppkp1/1p5p/rp3p1P/8/2N1PP2/P1PPN1P1/R1BQ1K1R b - - 1 10,black,g8f6,598.0,0.9042406203001624,0,,25,teacher_candidate,tactics,,,
4789,tactics_0525,tactics,validation,generated_0095,1nbq1bnr/3ppkp1/1p5p/rp3p1P/8/2N1PP2/P1PPN1P1/R1BQ1K1R b - - 1 10,black,c8b7,334.0,0.6831516423100883,0,,25,teacher_candidate,tactics,,,
4789,tactics_0525,tactics,validation,generated_0095,1nbq1bnr/3ppkp1/1p5p/rp3p1P/8/2N1PP2/P1PPN1P1/R1BQ1K1R b - - 1 10,black,a5a3,-578.0,-0.8946997631293941,0,,25,teacher_candidate,tactics,,,
2436,tactics_0526,tactics,validation,generated_0048,rn1qkb1r/pp2pp1p/1P3np1/2pp4/8/P1P2N1P/1B1PPP1P/RN1QKB1R b KQkq - 0 9,black,d8b6,-387.0,-0.7476036243586326,1,,27,teacher_candidate,tactics,,,
2436,tactics_0526,tactics,validation,generated_0048,rn1qkb1r/pp2pp1p/1P3np1/2pp4/8/P1P2N1P/1B1PPP1P/RN1QKB1R b KQkq - 0 9,black,b8c6,-446.0,-0.8058227180270021,0,,27,teacher_candidate,tactics,,,
2436,tactics_0526,tactics,validation,generated_0048,rn1qkb1r/pp2pp1p/1P3np1/2pp4/8/P1P2N1P/1B1PPP1P/RN1QKB1R b KQkq - 0 9,black,f8g7,-478.0,-0.8321231362048838,0,,27,teacher_candidate,tactics,,,
2436,tactics_0526,tactics,validation,generated_0048,rn1qkb1r/pp2pp1p/1P3np1/2pp4/8/P1P2N1P/1B1PPP1P/RN1QKB1R b KQkq - 0 9,black,f6h5,-678.0,-0.9347810893864688,0,,27,teacher_candidate,tactics,,,
2436,tactics_0526,tactics,validation,generated_0048,rn1qkb1r/pp2pp1p/1P3np1/2pp4/8/P1P2N1P/1B1PPP1P/RN1QKB1R b KQkq - 0 9,black,d8c7,-1040.0,-0.9890274022010992,0,,27,teacher_candidate,tactics,,,
1263,tactics_0527,tactics,validation,generated_0025,rnb1kb1r/1p1pnpp1/2p5/p3p3/1PP1P2p/7N/P1QP1qPP/RNBK1BR1 b kq - 1 9,black,f2a7,394.0,0.7552222263539022,1,,39,teacher_candidate,tactics,,,
1263,tactics_0527,tactics,validation,generated_0025,rnb1kb1r/1p1pnpp1/2p5/p3p3/1PP1P2p/7N/P1QP1qPP/RNBK1BR1 b kq - 1 9,black,f2d4,333.0,0.6818161045714362,0,,39,teacher_candidate,tactics,,,
1263,tactics_0527,tactics,validation,generated_0025,rnb1kb1r/1p1pnpp1/2p5/p3p3/1PP1P2p/7N/P1QP1qPP/RNBK1BR1 b kq - 1 9,black,f2b6,312.0,0.65270670596199,0,,39,teacher_candidate,tactics,,,
1263,tactics_0527,tactics,validation,generated_0025,rnb1kb1r/1p1pnpp1/2p5/p3p3/1PP1P2p/7N/P1QP1qPP/RNBK1BR1 b kq - 1 9,black,f2f3,-825.0,-0.9681872165763704,0,,39,teacher_candidate,tactics,,,
1263,tactics_0527,tactics,validation,generated_0025,rnb1kb1r/1p1pnpp1/2p5/p3p3/1PP1P2p/7N/P1QP1qPP/RNBK1BR1 b kq - 1 9,black,f2d2,-961.0,-0.9837556183557004,0,,39,teacher_candidate,tactics,,,
2852,tactics_0528,tactics,validation,generated_0057,rq3bnr/1ppkpp1p/p1np2p1/1B3b2/7P/2P1PQ2/PP1PKPPR/RNB3N1 w - - 2 8,white,g2g4,-149.0,-0.356176499103255,1,,32,teacher_candidate,tactics,,,
2852,tactics_0528,tactics,validation,generated_0057,rq3bnr/1ppkpp1p/p1np2p1/1B3b2/7P/2P1PQ2/PP1PKPPR/RNB3N1 w - - 2 8,white,b5c4,-184.0,-0.4300842114019795,0,,32,teacher_candidate,tactics,,,
2852,tactics_0528,tactics,validation,generated_0057,rq3bnr/1ppkpp1p/p1np2p1/1B3b2/7P/2P1PQ2/PP1PKPPR/RNB3N1 w - - 2 8,white,b5a4,-185.0,-0.4321195876314196,0,,32,teacher_candidate,tactics,,,
2852,tactics_0528,tactics,validation,generated_0057,rq3bnr/1ppkpp1p/p1np2p1/1B3b2/7P/2P1PQ2/PP1PKPPR/RNB3N1 w - - 2 8,white,g2g3,-805.0,-0.9649001551103512,0,,32,teacher_candidate,tactics,,,
2852,tactics_0528,tactics,validation,generated_0057,rq3bnr/1ppkpp1p/p1np2p1/1B3b2/7P/2P1PQ2/PP1PKPPR/RNB3N1 w - - 2 8,white,f3g4,-1069.0,-0.9905014243289432,0,,32,teacher_candidate,tactics,,,
2440,tactics_0529,tactics,validation,generated_0048,r1bqkb1r/p1pppp1p/8/Pp4p1/1n2P3/2NP1N2/1PP2PPP/R1B1KB1R b KQkq - 0 8,black,d7d5,855.0,0.972557681434962,1,,24,teacher_candidate,tactics,,,
2440,tactics_0529,tactics,validation,generated_0048,r1bqkb1r/p1pppp1p/8/Pp4p1/1n2P3/2NP1N2/1PP2PPP/R1B1KB1R b KQkq - 0 8,black,d7d6,804.0,0.9647273193205548,0,,24,teacher_candidate,tactics,,,
2440,tactics_0529,tactics,validation,generated_0048,r1bqkb1r/p1pppp1p/8/Pp4p1/1n2P3/2NP1N2/1PP2PPP/R1B1KB1R b KQkq - 0 8,black,c8a6,803.0,0.9645536478198754,0,,24,teacher_candidate,tactics,,,
2440,tactics_0529,tactics,validation,generated_0048,r1bqkb1r/p1pppp1p/8/Pp4p1/1n2P3/2NP1N2/1PP2PPP/R1B1KB1R b KQkq - 0 8,black,g5g4,672.0,0.9328615534370348,0,,24,teacher_candidate,tactics,,,
2440,tactics_0529,tactics,validation,generated_0048,r1bqkb1r/p1pppp1p/8/Pp4p1/1n2P3/2NP1N2/1PP2PPP/R1B1KB1R b KQkq - 0 8,black,b4d5,300.0,0.6351489523872873,0,,24,teacher_candidate,tactics,,,
4262,tactics_0530,tactics,validation,generated_0085,r1b1kbnr/pp1pp1p1/2n4p/P4p2/2p2PP1/1qP2N1P/1PQPP3/RNB1KB1R b Qkq - 0 10,black,b3c2,645.0,0.9235286164680836,1,,31,teacher_candidate,tactics,,,
4262,tactics_0530,tactics,validation,generated_0085,r1b1kbnr/pp1pp1p1/2n4p/P4p2/2p2PP1/1qP2N1P/1PQPP3/RNB1KB1R b Qkq - 0 10,black,g7g6,313.0,0.6541393002077227,0,,31,teacher_candidate,tactics,,,
4262,tactics_0530,tactics,validation,generated_0085,r1b1kbnr/pp1pp1p1/2n4p/P4p2/2p2PP1/1qP2N1P/1PQPP3/RNB1KB1R b Qkq - 0 10,black,d7d5,-112.0,-0.2729050805631327,0,,31,teacher_candidate,tactics,,,
4262,tactics_0530,tactics,validation,generated_0085,r1b1kbnr/pp1pp1p1/2n4p/P4p2/2p2PP1/1qP2N1P/1PQPP3/RNB1KB1R b Qkq - 0 10,black,e8f7,-367.0,-0.7247125847970075,0,,31,teacher_candidate,tactics,,,
4262,tactics_0530,tactics,validation,generated_0085,r1b1kbnr/pp1pp1p1/2n4p/P4p2/2p2PP1/1qP2N1P/1PQPP3/RNB1KB1R b Qkq - 0 10,black,b3a3,-960.0,-0.9836748576936802,0,,31,teacher_candidate,tactics,,,
2736,tactics_0531,tactics,validation,generated_0054,r1b2bn1/ppp1pk1r/3q4/5Ppp/1n3Q2/7P/PP1PPPB1/RNB1K1NR b KQ - 7 10,black,b4d3,928.0,0.9808693626558168,1,,47,teacher_candidate,tactics,,,
2736,tactics_0531,tactics,validation,generated_0054,r1b2bn1/ppp1pk1r/3q4/5Ppp/1n3Q2/7P/PP1PPPB1/RNB1K1NR b KQ - 7 10,black,g5f4,911.0,0.9791898083012212,0,,47,teacher_candidate,tactics,,,
2736,tactics_0531,tactics,validation,generated_0054,r1b2bn1/ppp1pk1r/3q4/5Ppp/1n3Q2/7P/PP1PPPB1/RNB1K1NR b KQ - 7 10,black,b4c2,583.0,0.8971659575616286,0,,47,teacher_candidate,tactics,,,
2736,tactics_0531,tactics,validation,generated_0054,r1b2bn1/ppp1pk1r/3q4/5Ppp/1n3Q2/7P/PP1PPPB1/RNB1K1NR b KQ - 7 10,black,d6d4,-242.0,-0.5405978980932038,0,,47,teacher_candidate,tactics,,,
2736,tactics_0531,tactics,validation,generated_0054,r1b2bn1/ppp1pk1r/3q4/5Ppp/1n3Q2/7P/PP1PPPB1/RNB1K1NR b KQ - 7 10,black,d6d2,-1079.0,-0.9909625820343808,0,,47,teacher_candidate,tactics,,,
2615,tactics_0532,tactics,validation,generated_0052,rnb1kb1r/pp1ppp1p/2p2np1/6q1/QPP5/N3P3/P2P1PPP/R1B1KBNR w KQkq - 2 7,white,h2h4,149.0,0.356176499103255,1,,31,teacher_candidate,tactics,,,
2615,tactics_0532,tactics,validation,generated_0052,rnb1kb1r/pp1ppp1p/2p2np1/6q1/QPP5/N3P3/P2P1PPP/R1B1KBNR w KQkq - 2 7,white,g1f3,119.0,0.2890231074125892,0,,31,teacher_candidate,tactics,,,
2615,tactics_0532,tactics,validation,generated_0052,rnb1kb1r/pp1ppp1p/2p2np1/6q1/QPP5/N3P3/P2P1PPP/R1B1KBNR w KQkq - 2 7,white,c1b2,113.0,0.2752173052438501,0,,31,teacher_candidate,tactics,,,
2615,tactics_0532,tactics,validation,generated_0052,rnb1kb1r/pp1ppp1p/2p2np1/6q1/QPP5/N3P3/P2P1PPP/R1B1KBNR w KQkq - 2 7,white,d2d4,23.0,0.0574367139028792,0,,31,teacher_candidate,tactics,,,
2615,tactics_0532,tactics,validation,generated_0052,rnb1kb1r/pp1ppp1p/2p2np1/6q1/QPP5/N3P3/P2P1PPP/R1B1KBNR w KQkq - 2 7,white,f1d3,-824.0,-0.9680303033155948,0,,31,teacher_candidate,tactics,,,
4613,tactics_0533,tactics,validation,generated_0092,rnbqkb1r/p1pp2p1/5n2/1p2pP1p/8/PPN5/RBPPPP1P/3QKBNR w Kkq e6 0 8,white,f5e6,285.0,0.6122421243522802,1,,26,teacher_candidate,tactics,,,
4613,tactics_0533,tactics,validation,generated_0092,rnbqkb1r/p1pp2p1/5n2/1p2pP1p/8/PPN5/RBPPPP1P/3QKBNR w Kkq e6 0 8,white,c3b5,280.0,0.6043677771171635,0,,26,teacher_candidate,tactics,,,
4613,tactics_0533,tactics,validation,generated_0092,rnbqkb1r/p1pp2p1/5n2/1p2pP1p/8/PPN5/RBPPPP1P/3QKBNR w Kkq e6 0 8,white,f1g2,247.0,0.5493849858298566,0,,26,teacher_candidate,tactics,,,
4613,tactics_0533,tactics,validation,generated_0092,rnbqkb1r/p1pp2p1/5n2/1p2pP1p/8/PPN5/RBPPPP1P/3QKBNR w Kkq e6 0 8,white,f2f4,152.0,0.3627074675780511,0,,26,teacher_candidate,tactics,,,
4613,tactics_0533,tactics,validation,generated_0092,rnbqkb1r/p1pp2p1/5n2/1p2pP1p/8/PPN5/RBPPPP1P/3QKBNR w Kkq e6 0 8,white,c3a4,-370.0,-0.7282542059818115,0,,26,teacher_candidate,tactics,,,
873,tactics_0534,tactics,validation,generated_0017,1nb2b1r/rp1kpppp/p2p3n/1qP5/2P1PP2/N2P2PP/P7/1RBQKBNR b K - 0 10,black,b5a5,367.0,0.7247125847970075,1,,31,teacher_candidate,tactics,,,
873,tactics_0534,tactics,validation,generated_0017,1nb2b1r/rp1kpppp/p2p3n/1qP5/2P1PP2/N2P2PP/P7/1RBQKBNR b K - 0 10,black,b5c5,-568.0,-0.8895989244341314,0,,31,teacher_candidate,tactics,,,
873,tactics_0534,tactics,validation,generated_0017,1nb2b1r/rp1kpppp/p2p3n/1qP5/2P1PP2/N2P2PP/P7/1RBQKBNR b K - 0 10,black,b5c6,-753.0,-0.9547139452847008,0,,31,teacher_candidate,tactics,,,
873,tactics_0534,tactics,validation,generated_0017,1nb2b1r/rp1kpppp/p2p3n/1qP5/2P1PP2/N2P2PP/P7/1RBQKBNR b K - 0 10,black,d6c5,-1069.0,-0.9905014243289432,0,,31,teacher_candidate,tactics,,,
873,tactics_0534,tactics,validation,generated_0017,1nb2b1r/rp1kpppp/p2p3n/1qP5/2P1PP2/N2P2PP/P7/1RBQKBNR b K - 0 10,black,d7c6,-1190.0,-0.9948018644753532,0,,31,teacher_candidate,tactics,,,
4168,tactics_0535,tactics,validation,generated_0083,rnbqkbnr/3pp3/Q1p2p1p/1pP3p1/8/P7/1P1PPPPP/RNB1KBNR b KQkq - 0 7,black,c8a6,795.0,0.9631337199977804,1,,19,teacher_candidate,tactics,,,
4168,tactics_0535,tactics,validation,generated_0083,rnbqkbnr/3pp3/Q1p2p1p/1pP3p1/8/P7/1P1PPPPP/RNB1KBNR b KQkq - 0 7,black,e7e5,602.0,0.9060477086434328,0,,19,teacher_candidate,tactics,,,
4168,tactics_0535,tactics,validation,generated_0083,rnbqkbnr/3pp3/Q1p2p1p/1pP3p1/8/P7/1P1PPPPP/RNB1KBNR b KQkq - 0 7,black,d7d6,467.0,0.8234690786261251,0,,19,teacher_candidate,tactics,,,
4168,tactics_0535,tactics,validation,generated_0083,rnbqkbnr/3pp3/Q1p2p1p/1pP3p1/8/P7/1P1PPPPP/RNB1KBNR b KQkq - 0 7,black,g5g4,404.0,0.7657620182484389,0,,19,teacher_candidate,tactics,,,
4168,tactics_0535,tactics,validation,generated_0083,rnbqkbnr/3pp3/Q1p2p1p/1pP3p1/8/P7/1P1PPPPP/RNB1KBNR b KQkq - 0 7,black,d8b6,-968.0,-0.9843099539390888,0,,19,teacher_candidate,tactics,,,
2179,tactics_0536,tactics,validation,generated_0043,rnb1kbnr/pp2pp1p/1q6/3p2p1/P1p3P1/N1P4P/1P1PPP2/R1BQKBNR w KQkq - 1 7,white,g1f3,75.0,0.1853331999081395,1,,21,teacher_candidate,tactics,,,
2179,tactics_0536,tactics,validation,generated_0043,rnb1kbnr/pp2pp1p/1q6/3p2p1/P1p3P1/N1P4P/1P1PPP2/R1BQKBNR w KQkq - 1 7,white,d2d3,68.0,0.1683810458708147,0,,21,teacher_candidate,tactics,,,
2179,tactics_0536,tactics,validation,generated_0043,rnb1kbnr/pp2pp1p/1q6/3p2p1/P1p3P1/N1P4P/1P1PPP2/R1BQKBNR w KQkq - 1 7,white,f1g2,62.0,0.1537705222640926,0,,21,teacher_candidate,tactics,,,
2179,tactics_0536,tactics,validation,generated_0043,rnb1kbnr/pp2pp1p/1q6/3p2p1/P1p3P1/N1P4P/1P1PPP2/R1BQKBNR w KQkq - 1 7,white,h1h2,-55.0,-0.1366399669564962,0,,21,teacher_candidate,tactics,,,
2179,tactics_0536,tactics,validation,generated_0043,rnb1kbnr/pp2pp1p/1q6/3p2p1/P1p3P1/N1P4P/1P1PPP2/R1BQKBNR w KQkq - 1 7,white,d1b3,-873.0,-0.974889955210435,0,,21,teacher_candidate,tactics,,,
2034,tactics_0537,tactics,validation,generated_0040,rnbqkbr1/p2pp2p/7n/1Pp2p2/3P2p1/6P1/PPN1PP1P/R1BQKBNR w KQq - 0 10,white,f1g2,465.0,0.8218529445288736,1,,29,teacher_candidate,tactics,,,
2034,tactics_0537,tactics,validation,generated_0040,rnbqkbr1/p2pp2p/7n/1Pp2p2/3P2p1/6P1/PPN1PP1P/R1BQKBNR w KQq - 0 10,white,d4c5,364.0,0.7211322540766999,0,,29,teacher_candidate,tactics,,,
2034,tactics_0537,tactics,validation,generated_0040,rnbqkbr1/p2pp2p/7n/1Pp2p2/3P2p1/6P1/PPN1PP1P/R1BQKBNR w KQq - 0 10,white,c1f4,273.0,0.5931422541818654,0,,29,teacher_candidate,tactics,,,
2034,tactics_0537,tactics,validation,generated_0040,rnbqkbr1/p2pp2p/7n/1Pp2p2/3P2p1/6P1/PPN1PP1P/R1BQKBNR w KQq - 0 10,white,a1b1,165.0,0.3905933386951307,0,,29,teacher_candidate,tactics,,,
2034,tactics_0537,tactics,validation,generated_0040,rnbqkbr1/p2pp2p/7n/1Pp2p2/3P2p1/6P1/PPN1PP1P/R1BQKBNR w KQq - 0 10,white,e1d2,-303.0,-0.6396020496038974,0,,29,teacher_candidate,tactics,,,
1522,tactics_0538,tactics,validation,generated_0030,2bqkb1r/rpp1p2p/n4p2/p2p2p1/3P2nP/8/PPPBPPB1/RN1QK1NR b KQk - 0 10,black,e7e5,56.0,0.139092447878458,1,,30,teacher_candidate,tactics,,,
1522,tactics_0538,tactics,validation,generated_0030,2bqkb1r/rpp1p2p/n4p2/p2p2p1/3P2nP/8/PPPBPPB1/RN1QK1NR b KQk - 0 10,black,h7h6,23.0,0.0574367139028792,0,,30,teacher_candidate,tactics,,,
1522,tactics_0538,tactics,validation,generated_0030,2bqkb1r/rpp1p2p/n4p2/p2p2p1/3P2nP/8/PPPBPPB1/RN1QK1NR b KQk - 0 10,black,g5h4,22.0,0.0549446086891874,0,,30,teacher_candidate,tactics,,,
1522,tactics_0538,tactics,validation,generated_0030,2bqkb1r/rpp1p2p/n4p2/p2p2p1/3P2nP/8/PPPBPPB1/RN1QK1NR b KQk - 0 10,black,a6b4,-125.0,-0.3027097293321085,0,,30,teacher_candidate,tactics,,,
1522,tactics_0538,tactics,validation,generated_0030,2bqkb1r/rpp1p2p/n4p2/p2p2p1/3P2nP/8/PPPBPPB1/RN1QK1NR b KQk - 0 10,black,g4e5,-625.0,-0.9158245441687624,0,,30,teacher_candidate,tactics,,,
3282,tactics_0539,tactics,validation,generated_0065,rnbqkbnr/1ppp4/p6p/5pp1/5PPP/N7/PPPPN3/R1BQKB1R b KQkq - 1 7,black,d7d5,-21.0,-0.0524518187441374,1,,26,teacher_candidate,tactics,,,
3282,tactics_0539,tactics,validation,generated_0065,rnbqkbnr/1ppp4/p6p/5pp1/5PPP/N7/PPPPN3/R1BQKB1R b KQkq - 1 7,black,f5g4,-60.0,-0.1488850336233179,0,,26,teacher_candidate,tactics,,,
3282,tactics_0539,tactics,validation,generated_0065,rnbqkbnr/1ppp4/p6p/5pp1/5PPP/N7/PPPPN3/R1BQKB1R b KQkq - 1 7,black,b8c6,-107.0,-0.2612970513021489,0,,26,teacher_candidate,tactics,,,
3282,tactics_0539,tactics,validation,generated_0065,rnbqkbnr/1ppp4/p6p/5pp1/5PPP/N7/PPPPN3/R1BQKB1R b KQkq - 1 7,black,f8c5,-248.0,-0.5511280285381469,0,,26,teacher_candidate,tactics,,,
3282,tactics_0539,tactics,validation,generated_0065,rnbqkbnr/1ppp4/p6p/5pp1/5PPP/N7/PPPPN3/R1BQKB1R b KQkq - 1 7,black,e8e7,-433.0,-0.7941243483656557,0,,26,teacher_candidate,tactics,,,
2372,tactics_0540,tactics,validation,generated_0047,r3kbnr/p2q1ppp/2pp4/1P1p4/1n1P1Pb1/1P1QB3/2P1P1PP/R3KBNR b KQkq - 4 10,black,b4d3,1205.0,0.9951765577855566,1,,37,teacher_candidate,tactics,,,
2372,tactics_0540,tactics,validation,generated_0047,r3kbnr/p2q1ppp/2pp4/1P1p4/1n1P1Pb1/1P1QB3/2P1P1PP/R3KBNR b KQkq - 4 10,black,h7h5,881.0,0.9758626515870974,0,,37,teacher_candidate,tactics,,,
2372,tactics_0540,tactics,validation,generated_0047,r3kbnr/p2q1ppp/2pp4/1P1p4/1n1P1Pb1/1P1QB3/2P1P1PP/R3KBNR b KQkq - 4 10,black,g4f5,850.0,0.971872745913509,0,,37,teacher_candidate,tactics,,,
2372,tactics_0540,tactics,validation,generated_0047,r3kbnr/p2q1ppp/2pp4/1P1p4/1n1P1Pb1/1P1QB3/2P1P1PP/R3KBNR b KQkq - 4 10,black,d7f5,621.0,0.9141970392864124,0,,37,teacher_candidate,tactics,,,
2372,tactics_0540,tactics,validation,generated_0047,r3kbnr/p2q1ppp/2pp4/1P1p4/1n1P1Pb1/1P1QB3/2P1P1PP/R3KBNR b KQkq - 4 10,black,g4e2,-270.0,-0.5882592563981054,0,,37,teacher_candidate,tactics,,,
2073,tactics_0541,tactics,validation,generated_0041,rnb1k1nr/pp2pp1p/2p3pb/3p4/4P1qP/1P4PB/PBPPNP2/RNQ1K2R b KQkq - 3 8,black,g4e4,-9.0,-0.0224962038937096,1,,39,teacher_candidate,tactics,,,
2073,tactics_0541,tactics,validation,generated_0041,rnb1k1nr/pp2pp1p/2p3pb/3p4/4P1qP/1P4PB/PBPPNP2/RNQ1K2R b KQkq - 3 8,black,g4f3,-47.0,-0.1169622248763227,0,,39,teacher_candidate,tactics,,,
2073,tactics_0541,tactics,validation,generated_0041,rnb1k1nr/pp2pp1p/2p3pb/3p4/4P1qP/1P4PB/PBPPNP2/RNQ1K2R b KQkq - 3 8,black,g4h5,-300.0,-0.6351489523872873,0,,39,teacher_candidate,tactics,,,
2073,tactics_0541,tactics,validation,generated_0041,rnb1k1nr/pp2pp1p/2p3pb/3p4/4P1qP/1P4PB/PBPPNP2/RNQ1K2R b KQkq - 3 8,black,b7b6,-915.0,-0.9795976741184608,0,,39,teacher_candidate,tactics,,,
2073,tactics_0541,tactics,validation,generated_0041,rnb1k1nr/pp2pp1p/2p3pb/3p4/4P1qP/1P4PB/PBPPNP2/RNQ1K2R b KQkq - 3 8,black,g4g5,-1130.0,-0.9929896255598674,0,,39,teacher_candidate,tactics,,,
4575,tactics_0542,tactics,validation,generated_0091,rq2kb1r/pppbpp1p/2n5/3p1Ppn/P7/2N4P/RPPPP1P1/2BQKBNR w Kkq - 1 8,white,e2e3,-130.0,-0.3140209253469976,1,,20,teacher_candidate,tactics,,,
4575,tactics_0542,tactics,validation,generated_0091,rq2kb1r/pppbpp1p/2n5/3p1Ppn/P7/2N4P/RPPPP1P1/2BQKBNR w Kkq - 1 8,white,c3d5,-186.0,-0.434150570985945,0,,20,teacher_candidate,tactics,,,
4575,tactics_0542,tactics,validation,generated_0091,rq2kb1r/pppbpp1p/2n5/3p1Ppn/P7/2N4P/RPPPP1P1/2BQKBNR w Kkq - 1 8,white,e2e4,-204.0,-0.4699451989330376,0,,20,teacher_candidate,tactics,,,
4575,tactics_0542,tactics,validation,generated_0091,rq2kb1r/pppbpp1p/2n5/3p1Ppn/P7/2N4P/RPPPP1P1/2BQKBNR w Kkq - 1 8,white,a4a5,-338.0,-0.6884483197525052,0,,20,teacher_candidate,tactics,,,
4575,tactics_0542,tactics,validation,generated_0091,rq2kb1r/pppbpp1p/2n5/3p1Ppn/P7/2N4P/RPPPP1P1/2BQKBNR w Kkq - 1 8,white,c3e4,-872.0,-0.9747656786413226,0,,20,teacher_candidate,tactics,,,
2169,tactics_0543,tactics,validation,generated_0043,r3kbnr/p1p2pp1/1pn1bq2/1N1pP2p/5PQ1/4P3/PPP3PP/R1B1KBNR w KQkq - 0 8,white,g4e6,533.0,0.8698590209439497,1,,42,teacher_candidate,tactics,,,
2169,tactics_0543,tactics,validation,generated_0043,r3kbnr/p1p2pp1/1pn1bq2/1N1pP2p/5PQ1/4P3/PPP3PP/R1B1KBNR w KQkq - 0 8,white,b5c7,506.0,0.8524367067950694,0,,42,teacher_candidate,tactics,,,
2169,tactics_0543,tactics,validation,generated_0043,r3kbnr/p1p2pp1/1pn1bq2/1N1pP2p/5PQ1/4P3/PPP3PP/R1B1KBNR w KQkq - 0 8,white,e5f6,490.0,0.8411229016320433,0,,42,teacher_candidate,tactics,,,
2169,tactics_0543,tactics,validation,generated_0043,r3kbnr/p1p2pp1/1pn1bq2/1N1pP2p/5PQ1/4P3/PPP3PP/R1B1KBNR w KQkq - 0 8,white,a2a4,-102.0,-0.2496129489368586,0,,42,teacher_candidate,tactics,,,
2169,tactics_0543,tactics,validation,generated_0043,r3kbnr/p1p2pp1/1pn1bq2/1N1pP2p/5PQ1/4P3/PPP3PP/R1B1KBNR w KQkq - 0 8,white,e1d1,-1012.0,-0.9873889054253284,0,,42,teacher_candidate,tactics,,,
1835,tactics_0544,tactics,validation,generated_0036,rnbqkbnr/2ppp2p/pp4p1/5p2/2PPP3/2Q5/PP3PPP/RNBK1BNR w kq - 0 7,white,d4d5,150.0,0.3583573983507859,1,,42,teacher_candidate,tactics,,,
1835,tactics_0544,tactics,validation,generated_0036,rnbqkbnr/2ppp2p/pp4p1/5p2/2PPP3/2Q5/PP3PPP/RNBK1BNR w kq - 0 7,white,e4f5,103.0,0.2519557155332075,0,,42,teacher_candidate,tactics,,,
1835,tactics_0544,tactics,validation,generated_0036,rnbqkbnr/2ppp2p/pp4p1/5p2/2PPP3/2Q5/PP3PPP/RNBK1BNR w kq - 0 7,white,f1d3,98.0,0.2402128646861802,0,,42,teacher_candidate,tactics,,,
1835,tactics_0544,tactics,validation,generated_0036,rnbqkbnr/2ppp2p/pp4p1/5p2/2PPP3/2Q5/PP3PPP/RNBK1BNR w kq - 0 7,white,g2g3,-55.0,-0.1366399669564962,0,,42,teacher_candidate,tactics,,,
1835,tactics_0544,tactics,validation,generated_0036,rnbqkbnr/2ppp2p/pp4p1/5p2/2PPP3/2Q5/PP3PPP/RNBK1BNR w kq - 0 7,white,c3a5,-817.0,-0.966910392445867,0,,42,teacher_candidate,tactics,,,
3618,tactics_0545,tactics,validation,generated_0072,rnbqkbnr/1p2p3/p4pp1/2pp3p/3P1N2/P5P1/1PP1PP1P/RNBQKB1R w KQkq - 0 7,white,f4g6,295.0,0.6276323441969829,1,,30,teacher_candidate,tactics,,,
3618,tactics_0545,tactics,validation,generated_0072,rnbqkbnr/1p2p3/p4pp1/2pp3p/3P1N2/P5P1/1PP1PP1P/RNBQKB1R w KQkq - 0 7,white,f1g2,202.0,0.4660402984777151,0,,30,teacher_candidate,tactics,,,
3618,tactics_0545,tactics,validation,generated_0072,rnbqkbnr/1p2p3/p4pp1/2pp3p/3P1N2/P5P1/1PP1PP1P/RNBQKB1R w KQkq - 0 7,white,d4c5,185.0,0.4321195876314196,0,,30,teacher_candidate,tactics,,,
3618,tactics_0545,tactics,validation,generated_0072,rnbqkbnr/1p2p3/p4pp1/2pp3p/3P1N2/P5P1/1PP1PP1P/RNBQKB1R w KQkq - 0 7,white,c1d2,6.0,0.0149988751012407,0,,30,teacher_candidate,tactics,,,
3618,tactics_0545,tactics,validation,generated_0072,rnbqkbnr/1p2p3/p4pp1/2pp3p/3P1N2/P5P1/1PP1PP1P/RNBQKB1R w KQkq - 0 7,white,f4e6,-759.0,-0.9560229208941606,0,,30,teacher_candidate,tactics,,,
2195,tactics_0546,tactics,validation,generated_0043,r1b1k1nr/p1pp1p1p/n5pq/1p2p1b1/1PNPP3/B1P4P/P3NPP1/R2QKB1R w KQkq - 5 10,white,c4e5,460.0,0.8177540779702877,1,,31,teacher_candidate,tactics,,,
2195,tactics_0546,tactics,validation,generated_0043,r1b1k1nr/p1pp1p1p/n5pq/1p2p1b1/1PNPP3/B1P4P/P3NPP1/R2QKB1R w KQkq - 5 10,white,e2g3,216.0,0.4929879666753243,0,,31,teacher_candidate,tactics,,,
2195,tactics_0546,tactics,validation,generated_0043,r1b1k1nr/p1pp1p1p/n5pq/1p2p1b1/1PNPP3/B1P4P/P3NPP1/R2QKB1R w KQkq - 5 10,white,c4d2,203.0,0.4679950330431393,0,,31,teacher_candidate,tactics,,,
2195,tactics_0546,tactics,validation,generated_0043,r1b1k1nr/p1pp1p1p/n5pq/1p2p1b1/1PNPP3/B1P4P/P3NPP1/R2QKB1R w KQkq - 5 10,white,d1c2,-119.0,-0.2890231074125892,0,,31,teacher_candidate,tactics,,,
2195,tactics_0546,tactics,validation,generated_0043,r1b1k1nr/p1pp1p1p/n5pq/1p2p1b1/1PNPP3/B1P4P/P3NPP1/R2QKB1R w KQkq - 5 10,white,d1a4,-930.0,-0.9810579128361078,0,,31,teacher_candidate,tactics,,,
2291,tactics_0547,tactics,validation,generated_0045,rnbqkb1r/4ppp1/p2p1n1p/1pp3B1/P2P3P/2P5/RP2PPPR/1NQ1KBN1 b kq - 3 8,black,h6g5,653.0,0.9264167831884396,1,,34,teacher_candidate,tactics,,,
2291,tactics_0547,tactics,validation,generated_0045,rnbqkb1r/4ppp1/p2p1n1p/1pp3B1/P2P3P/2P5/RP2PPPR/1NQ1KBN1 b kq - 3 8,black,b8c6,436.0,0.7968781442047267,0,,34,teacher_candidate,tactics,,,
2291,tactics_0547,tactics,validation,generated_0045,rnbqkb1r/4ppp1/p2p1n1p/1pp3B1/P2P3P/2P5/RP2PPPR/1NQ1KBN1 b kq - 3 8,black,f6g4,230.0,0.5190218338982221,0,,34,teacher_candidate,tactics,,,
2291,tactics_0547,tactics,validation,generated_0045,rnbqkb1r/4ppp1/p2p1n1p/1pp3B1/P2P3P/2P5/RP2PPPR/1NQ1KBN1 b kq - 3 8,black,c8b7,22.0,0.0549446086891874,0,,34,teacher_candidate,tactics,,,
2291,tactics_0547,tactics,validation,generated_0045,rnbqkb1r/4ppp1/p2p1n1p/1pp3B1/P2P3P/2P5/RP2PPPR/1NQ1KBN1 b kq - 3 8,black,c8h3,-288.0,-0.616909302877065,0,,34,teacher_candidate,tactics,,,
244,tactics_0548,tactics,validation,generated_0004,r2qkbnr/ppp1pp2/7p/2np4/1B3p2/1P4P1/P1PPP2P/RNQKNb1R b kq - 1 9,black,c5a6,450.0,0.809301070201781,1,,33,teacher_candidate,tactics,,,
244,tactics_0548,tactics,validation,generated_0004,r2qkbnr/ppp1pp2/7p/2np4/1B3p2/1P4P1/P1PPP2P/RNQKNb1R b kq - 1 9,black,f1g2,420.0,0.7818063576087741,0,,33,teacher_candidate,tactics,,,
244,tactics_0548,tactics,validation,generated_0004,r2qkbnr/ppp1pp2/7p/2np4/1B3p2/1P4P1/P1PPP2P/RNQKNb1R b kq - 1 9,black,c5e4,412.0,0.7739083398558421,0,,33,teacher_candidate,tactics,,,
244,tactics_0548,tactics,validation,generated_0004,r2qkbnr/ppp1pp2/7p/2np4/1B3p2/1P4P1/P1PPP2P/RNQKNb1R b kq - 1 9,black,f4f3,187.0,0.4361771503666996,0,,33,teacher_candidate,tactics,,,
244,tactics_0548,tactics,validation,generated_0004,r2qkbnr/ppp1pp2/7p/2np4/1B3p2/1P4P1/P1PPP2P/RNQKNb1R b kq - 1 9,black,e8d7,-2.0,-0.0049999583337499,0,,33,teacher_candidate,tactics,,,
5004,tactics_0549,tactics,validation,generated_0100,rnb1kbr1/pp1p1ppp/4pn2/2pP4/5B1P/2q2N2/PP1NPPPR/R2QKB2 w Qq - 0 9,white,b2c3,735.0,0.9505546004392488,1,,33,teacher_candidate,tactics,,,
5004,tactics_0549,tactics,validation,generated_0100,rnb1kbr1/pp1p1ppp/4pn2/2pP4/5B1P/2q2N2/PP1NPPPR/R2QKB2 w Qq - 0 9,white,f4b8,446.0,0.8058227180270021,0,,33,teacher_candidate,tactics,,,
5004,tactics_0549,tactics,validation,generated_0100,rnb1kbr1/pp1p1ppp/4pn2/2pP4/5B1P/2q2N2/PP1NPPPR/R2QKB2 w Qq - 0 9,white,a2a3,407.0,0.7688463106489329,0,,33,teacher_candidate,tactics,,,
5004,tactics_0549,tactics,validation,generated_0100,rnb1kbr1/pp1p1ppp/4pn2/2pP4/5B1P/2q2N2/PP1NPPPR/R2QKB2 w Qq - 0 9,white,f4e5,65.0,0.1610846096413192,0,,33,teacher_candidate,tactics,,,
5004,tactics_0549,tactics,validation,generated_0100,rnb1kbr1/pp1p1ppp/4pn2/2pP4/5B1P/2q2N2/PP1NPPPR/R2QKB2 w Qq - 0 9,white,d1c2,-793.0,-0.96277010479055,0,,33,teacher_candidate,tactics,,,
2592,tactics_0550,tactics,validation,generated_0051,rnbqkbr1/3p1ppp/7n/ppp1p3/1P2P2P/2PP1PP1/P7/RNBQKBNR b KQq - 0 8,black,a5b4,178.0,0.4177803451322399,1,,28,teacher_candidate,tactics,,,
2592,tactics_0550,tactics,validation,generated_0051,rnbqkbr1/3p1ppp/7n/ppp1p3/1P2P2P/2PP1PP1/P7/RNBQKBNR b KQq - 0 8,black,c5b4,82.0,0.2021757576967395,0,,28,teacher_candidate,tactics,,,
2592,tactics_0550,tactics,validation,generated_0051,rnbqkbr1/3p1ppp/7n/ppp1p3/1P2P2P/2PP1PP1/P7/RNBQKBNR b KQq - 0 8,black,d7d5,49.0,0.1218909006494324,0,,28,teacher_candidate,tactics,,,
2592,tactics_0550,tactics,validation,generated_0051,rnbqkbr1/3p1ppp/7n/ppp1p3/1P2P2P/2PP1PP1/P7/RNBQKBNR b KQq - 0 8,black,c8b7,-108.0,-0.2636248354722033,0,,28,teacher_candidate,tactics,,,
2592,tactics_0550,tactics,validation,generated_0051,rnbqkbr1/3p1ppp/7n/ppp1p3/1P2P2P/2PP1PP1/P7/RNBQKBNR b KQq - 0 8,black,d8g5,-1085.0,-0.9912285066847746,0,,28,teacher_candidate,tactics,,,
3408,tactics_0551,tactics,validation,generated_0068,rnbqk1nr/pp1p3p/2p1p2b/5p2/P1P5/1P2PQp1/3P1PPP/RNB1KBNR b KQkq - 1 8,black,h6g7,-1.0,-0.0024999947916796,1,,29,teacher_candidate,tactics,,,
3408,tactics_0551,tactics,validation,generated_0068,rnbqk1nr/pp1p3p/2p1p2b/5p2/P1P5/1P2PQp1/3P1PPP/RNB1KBNR b KQkq - 1 8,black,g3f2,-4.0,-0.0099996666799994,0,,29,teacher_candidate,tactics,,,
3408,tactics_0551,tactics,validation,generated_0068,rnbqk1nr/pp1p3p/2p1p2b/5p2/P1P5/1P2PQp1/3P1PPP/RNB1KBNR b KQkq - 1 8,black,g8f6,-83.0,-0.2045723537772613,0,,29,teacher_candidate,tactics,,,
3408,tactics_0551,tactics,validation,generated_0068,rnbqk1nr/pp1p3p/2p1p2b/5p2/P1P5/1P2PQp1/3P1PPP/RNB1KBNR b KQkq - 1 8,black,e8f7,-218.0,-0.4967634432141284,0,,29,teacher_candidate,tactics,,,
3408,tactics_0551,tactics,validation,generated_0068,rnbqk1nr/pp1p3p/2p1p2b/5p2/P1P5/1P2PQp1/3P1PPP/RNB1KBNR b KQkq - 1 8,black,h6f4,-823.0,-0.9678726287299844,0,,29,teacher_candidate,tactics,,,
3888,tactics_0552,tactics,validation,generated_0077,r1bqk1nr/p1pp2bp/4ppp1/Pp3P1Q/2P5/1n1BP3/1P1P2PP/RNB1K1NR b KQkq - 0 9,black,g6h5,831.0,0.9691129062420462,1,,28,teacher_candidate,tactics,,,
3888,tactics_0552,tactics,validation,generated_0077,r1bqk1nr/p1pp2bp/4ppp1/Pp3P1Q/2P5/1n1BP3/1P1P2PP/RNB1K1NR b KQkq - 0 9,black,b3a1,479.0,0.8328904660394908,0,,28,teacher_candidate,tactics,,,
3888,tactics_0552,tactics,validation,generated_0077,r1bqk1nr/p1pp2bp/4ppp1/Pp3P1Q/2P5/1n1BP3/1P1P2PP/RNB1K1NR b KQkq - 0 9,black,g8e7,476.0,0.8305788685385285,0,,28,teacher_candidate,tactics,,,
3888,tactics_0552,tactics,validation,generated_0077,r1bqk1nr/p1pp2bp/4ppp1/Pp3P1Q/2P5/1n1BP3/1P1P2PP/RNB1K1NR b KQkq - 0 9,black,e8f8,299.0,0.6336551189618977,0,,28,teacher_candidate,tactics,,,
3888,tactics_0552,tactics,validation,generated_0077,r1bqk1nr/p1pp2bp/4ppp1/Pp3P1Q/2P5/1n1BP3/1P1P2PP/RNB1K1NR b KQkq - 0 9,black,b3d4,-49.0,-0.1218909006494324,0,,28,teacher_candidate,tactics,,,
3588,tactics_0553,tactics,validation,generated_0071,rnb1kbQr/pp3pp1/1qpp4/4p2n/1P2P2N/7P/P1PP1PP1/RNBK1B1R b kq - 2 9,black,h8g8,645.0,0.9235286164680836,1,,34,teacher_candidate,tactics,,,
3588,tactics_0553,tactics,validation,generated_0071,rnb1kbQr/pp3pp1/1qpp4/4p2n/1P2P2N/7P/P1PP1PP1/RNBK1B1R b kq - 2 9,black,c8g4,642.0,0.922417731079528,0,,34,teacher_candidate,tactics,,,
3588,tactics_0553,tactics,validation,generated_0071,rnb1kbQr/pp3pp1/1qpp4/4p2n/1P2P2N/7P/P1PP1PP1/RNBK1B1R b kq - 2 9,black,a7a5,363.0,0.7199301687444545,0,,34,teacher_candidate,tactics,,,
3588,tactics_0553,tactics,validation,generated_0071,rnb1kbQr/pp3pp1/1qpp4/4p2n/1P2P2N/7P/P1PP1PP1/RNBK1B1R b kq - 2 9,black,d6d5,-496.0,-0.8454555957266803,0,,34,teacher_candidate,tactics,,,
3588,tactics_0553,tactics,validation,generated_0071,rnb1kbQr/pp3pp1/1qpp4/4p2n/1P2P2N/7P/P1PP1PP1/RNBK1B1R b kq - 2 9,black,b6b5,-913.0,-0.9793947398556088,0,,34,teacher_candidate,tactics,,,
4298,tactics_0554,tactics,validation,generated_0085,rnbqk2r/ppp5/3pp2b/3n2pp/P1P4N/5P1N/1P1PP1PP/R1BQKB1R b KQkq - 0 10,black,d5e7,110.0,0.2682711820216014,1,,33,teacher_candidate,tactics,,,
4298,tactics_0554,tactics,validation,generated_0085,rnbqk2r/ppp5/3pp2b/3n2pp/P1P4N/5P1N/1P1PP1PP/R1BQKB1R b KQkq - 0 10,black,d5b4,96.0,0.2354957495384979,0,,33,teacher_candidate,tactics,,,
4298,tactics_0554,tactics,validation,generated_0085,rnbqk2r/ppp5/3pp2b/3n2pp/P1P4N/5P1N/1P1PP1PP/R1BQKB1R b KQkq - 0 10,black,d5f6,36.0,0.0897577847471601,0,,33,teacher_candidate,tactics,,,
4298,tactics_0554,tactics,validation,generated_0085,rnbqk2r/ppp5/3pp2b/3n2pp/P1P4N/5P1N/1P1PP1PP/R1BQKB1R b KQkq - 0 10,black,c7c6,-206.0,-0.4738317916668405,0,,33,teacher_candidate,tactics,,,
4298,tactics_0554,tactics,validation,generated_0085,rnbqk2r/ppp5/3pp2b/3n2pp/P1P4N/5P1N/1P1PP1PP/R1BQKB1R b KQkq - 0 10,black,e8e7,-732.0,-0.9498260756930405,0,,33,teacher_candidate,tactics,,,
1190,tactics_0555,tactics,validation,generated_0023,rnbqk2r/pppp1p2/4p2n/7p/2P2PP1/Q7/PP1PP1P1/1RB1KBNR b Kkq - 0 8,black,h6g4,-83.0,-0.2045723537772613,1,,25,teacher_candidate,tactics,,,
1190,tactics_0555,tactics,validation,generated_0023,rnbqk2r/pppp1p2/4p2n/7p/2P2PP1/Q7/PP1PP1P1/1RB1KBNR b Kkq - 0 8,black,h5g4,-253.0,-0.5597712580014517,0,,25,teacher_candidate,tactics,,,
1190,tactics_0555,tactics,validation,generated_0023,rnbqk2r/pppp1p2/4p2n/7p/2P2PP1/Q7/PP1PP1P1/1RB1KBNR b Kkq - 0 8,black,d8f6,-351.0,-0.7051646778923848,0,,25,teacher_candidate,tactics,,,
1190,tactics_0555,tactics,validation,generated_0023,rnbqk2r/pppp1p2/4p2n/7p/2P2PP1/Q7/PP1PP1P1/1RB1KBNR b Kkq - 0 8,black,h8f8,-535.0,-0.8710704683248206,0,,25,teacher_candidate,tactics,,,
1190,tactics_0555,tactics,validation,generated_0023,rnbqk2r/pppp1p2/4p2n/7p/2P2PP1/Q7/PP1PP1P1/1RB1KBNR b Kkq - 0 8,black,h6f5,-982.0,-0.9853629349287076,0,,25,teacher_candidate,tactics,,,
2568,tactics_0556,tactics,validation,generated_0051,r1bq1bnr/1pp2kpp/p2p1p2/2P1n3/3P4/P5P1/RP2PPBP/1NBQK2R b K - 0 10,black,e5c6,240.0,0.5370495669980353,1,,35,teacher_candidate,tactics,,,
2568,tactics_0556,tactics,validation,generated_0051,r1bq1bnr/1pp2kpp/p2p1p2/2P1n3/3P4/P5P1/RP2PPBP/1NBQK2R b K - 0 10,black,e5g6,181.0,0.423951838825587,0,,35,teacher_candidate,tactics,,,
2568,tactics_0556,tactics,validation,generated_0051,r1bq1bnr/1pp2kpp/p2p1p2/2P1n3/3P4/P5P1/RP2PPBP/1NBQK2R b K - 0 10,black,e5g4,160.0,0.3799489622552249,0,,35,teacher_candidate,tactics,,,
2568,tactics_0556,tactics,validation,generated_0051,r1bq1bnr/1pp2kpp/p2p1p2/2P1n3/3P4/P5P1/RP2PPBP/1NBQK2R b K - 0 10,black,d8e7,-110.0,-0.2682711820216014,0,,35,teacher_candidate,tactics,,,
2568,tactics_0556,tactics,validation,generated_0051,r1bq1bnr/1pp2kpp/p2p1p2/2P1n3/3P4/P5P1/RP2PPBP/1NBQK2R b K - 0 10,black,c8h3,-608.0,-0.9086976584311126,0,,35,teacher_candidate,tactics,,,
2257,tactics_0557,tactics,validation,generated_0045,r1b1kbnr/pppq3p/n3P1p1/5p2/PP1p2P1/7P/2PPP3/RNBQKBNR w KQkq - 1 10,white,e6d7,1052.0,0.9896630939394228,1,,22,teacher_candidate,tactics,,,
2257,tactics_0557,tactics,validation,generated_0045,r1b1kbnr/pppq3p/n3P1p1/5p2/PP1p2P1/7P/2PPP3/RNBQKBNR w KQkq - 1 10,white,h3h4,739.0,0.9515099470195436,0,,22,teacher_candidate,tactics,,,
2257,tactics_0557,tactics,validation,generated_0045,r1b1kbnr/pppq3p/n3P1p1/5p2/PP1p2P1/7P/2PPP3/RNBQKBNR w KQkq - 1 10,white,b4b5,102.0,0.2496129489368586,0,,22,teacher_candidate,tactics,,,
2257,tactics_0557,tactics,validation,generated_0045,r1b1kbnr/pppq3p/n3P1p1/5p2/PP1p2P1/7P/2PPP3/RNBQKBNR w KQkq - 1 10,white,b1a3,-165.0,-0.3905933386951307,0,,22,teacher_candidate,tactics,,,
2257,tactics_0557,tactics,validation,generated_0045,r1b1kbnr/pppq3p/n3P1p1/5p2/PP1p2P1/7P/2PPP3/RNBQKBNR w KQkq - 1 10,white,a1a2,-607.0,-0.9082609959414664,0,,22,teacher_candidate,tactics,,,
373,tactics_0558,tactics,validation,generated_0007,rnq2bnr/pp1kp3/2p2pp1/5b1p/3p1PP1/2BP3N/PPP1P2P/RN1QKB1R w KQ - 1 10,white,g4f5,230.0,0.5190218338982221,1,,24,teacher_candidate,tactics,,,
373,tactics_0558,tactics,validation,generated_0007,rnq2bnr/pp1kp3/2p2pp1/5b1p/3p1PP1/2BP3N/PPP1P2P/RN1QKB1R w KQ - 1 10,white,c3d4,61.0,0.1513287020850988,0,,24,teacher_candidate,tactics,,,
373,tactics_0558,tactics,validation,generated_0007,rnq2bnr/pp1kp3/2p2pp1/5b1p/3p1PP1/2BP3N/PPP1P2P/RN1QKB1R w KQ - 1 10,white,e2e4,2.0,0.0049999583337499,0,,24,teacher_candidate,tactics,,,
373,tactics_0558,tactics,validation,generated_0007,rnq2bnr/pp1kp3/2p2pp1/5b1p/3p1PP1/2BP3N/PPP1P2P/RN1QKB1R w KQ - 1 10,white,c3d2,-108.0,-0.2636248354722033,0,,24,teacher_candidate,tactics,,,
373,tactics_0558,tactics,validation,generated_0007,rnq2bnr/pp1kp3/2p2pp1/5b1p/3p1PP1/2BP3N/PPP1P2P/RN1QKB1R w KQ - 1 10,white,e1d2,-745.0,-0.9529093018793192,0,,24,teacher_candidate,tactics,,,
904,tactics_0559,tactics,validation,generated_0018,r1bqk1n1/p2pppbr/8/nPp1N1p1/6Pp/1PP4P/3PPPB1/RNBQ1K1R b q - 0 10,black,a8b8,-168.0,-0.3969304320050775,1,,27,teacher_candidate,tactics,,,
904,tactics_0559,tactics,validation,generated_0018,r1bqk1n1/p2pppbr/8/nPp1N1p1/6Pp/1PP4P/3PPPB1/RNBQ1K1R b q - 0 10,black,c8b7,-317.0,-0.6598229495293471,0,,27,teacher_candidate,tactics,,,
904,tactics_0559,tactics,validation,generated_0018,r1bqk1n1/p2pppbr/8/nPp1N1p1/6Pp/1PP4P/3PPPB1/RNBQ1K1R b q - 0 10,black,d7d5,-357.0,-0.7126263344823417,0,,27,teacher_candidate,tactics,,,
904,tactics_0559,tactics,validation,generated_0018,r1bqk1n1/p2pppbr/8/nPp1N1p1/6Pp/1PP4P/3PPPB1/RNBQ1K1R b q - 0 10,black,e8f8,-728.0,-0.9488384233759848,0,,27,teacher_candidate,tactics,,,
904,tactics_0559,tactics,validation,generated_0018,r1bqk1n1/p2pppbr/8/nPp1N1p1/6Pp/1PP4P/3PPPB1/RNBQ1K1R b q - 0 10,black,g7h6,-1128.0,-0.992919419558107,0,,27,teacher_candidate,tactics,,,
1299,tactics_0560,tactics,validation,generated_0025,rnbq1knr/1ppppp2/6p1/p7/5P2/N5p1/PBPPP2P/R2QKBNR w KQ - 0 9,white,b2h8,586.0,0.8986193501374987,1,,28,teacher_candidate,tactics,,,
1299,tactics_0560,tactics,validation,generated_0025,rnbq1knr/1ppppp2/6p1/p7/5P2/N5p1/PBPPP2P/R2QKBNR w KQ - 0 9,white,g1f3,426.0,0.7875700166496489,0,,28,teacher_candidate,tactics,,,
1299,tactics_0560,tactics,validation,generated_0025,rnbq1knr/1ppppp2/6p1/p7/5P2/N5p1/PBPPP2P/R2QKBNR w KQ - 0 9,white,h2h3,355.0,0.7101567370243542,0,,28,teacher_candidate,tactics,,,
1299,tactics_0560,tactics,validation,generated_0025,rnbq1knr/1ppppp2/6p1/p7/5P2/N5p1/PBPPP2P/R2QKBNR w KQ - 0 9,white,c2c4,-280.0,-0.6043677771171635,0,,28,teacher_candidate,tactics,,,
1299,tactics_0560,tactics,validation,generated_0025,rnbq1knr/1ppppp2/6p1/p7/5P2/N5p1/PBPPP2P/R2QKBNR w KQ - 0 9,white,b2f6,-627.0,-0.9166271890919516,0,,28,teacher_candidate,tactics,,,
2855,tactics_0561,tactics,validation,generated_0057,r2qkbnr/pp1np1p1/2p2p1p/1B1p4/1PP3b1/4P3/P2PQPPP/RNB1K1NR w KQkq - 0 9,white,e2g4,166.0,0.3927098596476682,1,,28,teacher_candidate,tactics,,,
2855,tactics_0561,tactics,validation,generated_0057,r2qkbnr/pp1np1p1/2p2p1p/1B1p4/1PP3b1/4P3/P2PQPPP/RNB1K1NR w KQkq - 0 9,white,f2f3,-186.0,-0.434150570985945,0,,28,teacher_candidate,tactics,,,
2855,tactics_0561,tactics,validation,generated_0057,r2qkbnr/pp1np1p1/2p2p1p/1B1p4/1PP3b1/4P3/P2PQPPP/RNB1K1NR w KQkq - 0 9,white,e2d3,-384.0,-0.7442768673618373,0,,28,teacher_candidate,tactics,,,
2855,tactics_0561,tactics,validation,generated_0057,r2qkbnr/pp1np1p1/2p2p1p/1B1p4/1PP3b1/4P3/P2PQPPP/RNB1K1NR w KQkq - 0 9,white,g2g3,-830.0,-0.9689604868431824,0,,28,teacher_candidate,tactics,,,
2855,tactics_0561,tactics,validation,generated_0057,r2qkbnr/pp1np1p1/2p2p1p/1B1p4/1PP3b1/4P3/P2PQPPP/RNB1K1NR w KQkq - 0 9,white,f2f4,-982.0,-0.9853629349287076,0,,28,teacher_candidate,tactics,,,
4643,tactics_0562,tactics,validation,generated_0092,r1b1qb1r/pppppk2/1Pn2n1p/5pp1/8/P3PP2/2PPK1PP/RNBQ1BNR w - - 3 8,white,b6c7,3.0,0.0074998593781639,1,,21,teacher_candidate,tactics,,,
4643,tactics_0562,tactics,validation,generated_0092,r1b1qb1r/pppppk2/1Pn2n1p/5pp1/8/P3PP2/2PPK1PP/RNBQ1BNR w - - 3 8,white,b6a7,-102.0,-0.2496129489368586,0,,21,teacher_candidate,tactics,,,
4643,tactics_0562,tactics,validation,generated_0092,r1b1qb1r/pppppk2/1Pn2n1p/5pp1/8/P3PP2/2PPK1PP/RNBQ1BNR w - - 3 8,white,h2h4,-122.0,-0.2958816041613004,0,,21,teacher_candidate,tactics,,,
4643,tactics_0562,tactics,validation,generated_0092,r1b1qb1r/pppppk2/1Pn2n1p/5pp1/8/P3PP2/2PPK1PP/RNBQ1BNR w - - 3 8,white,a1a2,-299.0,-0.6336551189618977,0,,21,teacher_candidate,tactics,,,
4643,tactics_0562,tactics,validation,generated_0092,r1b1qb1r/pppppk2/1Pn2n1p/5pp1/8/P3PP2/2PPK1PP/RNBQ1BNR w - - 3 8,white,e3e4,-497.0,-0.8461671024651277,0,,21,teacher_candidate,tactics,,,
4926,tactics_0563,tactics,validation,generated_0098,rn1qkbnr/ppp2bp1/3p1pN1/1N2p2p/5P1P/8/PPPPP1P1/R1BQKB1R b KQkq - 0 8,black,f7g6,745.0,0.9529093018793192,1,,27,teacher_candidate,tactics,,,
4926,tactics_0563,tactics,validation,generated_0098,rn1qkbnr/ppp2bp1/3p1pN1/1N2p2p/5P1P/8/PPPPP1P1/R1BQKB1R b KQkq - 0 8,black,e5f4,433.0,0.7941243483656557,0,,27,teacher_candidate,tactics,,,
4926,tactics_0563,tactics,validation,generated_0098,rn1qkbnr/ppp2bp1/3p1pN1/1N2p2p/5P1P/8/PPPPP1P1/R1BQKB1R b KQkq - 0 8,black,h8h6,-31.0,-0.0773452104130159,0,,27,teacher_candidate,tactics,,,
4926,tactics_0563,tactics,validation,generated_0098,rn1qkbnr/ppp2bp1/3p1pN1/1N2p2p/5P1P/8/PPPPP1P1/R1BQKB1R b KQkq - 0 8,black,f7c4,-634.0,-0.9193791691545816,0,,27,teacher_candidate,tactics,,,
4926,tactics_0563,tactics,validation,generated_0098,rn1qkbnr/ppp2bp1/3p1pN1/1N2p2p/5P1P/8/PPPPP1P1/R1BQKB1R b KQkq - 0 8,black,f7a2,-964.0,-0.9839955303715676,0,,27,teacher_candidate,tactics,,,
1385,tactics_0564,tactics,validation,generated_0027,rn1qkb1r/1bp1ppp1/1p1p1n2/P2N3p/P2P4/8/R1P1PPPP/2BQKBNR b Kkq - 3 7,black,b7d5,772.0,0.9587334055461876,1,,31,teacher_candidate,tactics,,,
1385,tactics_0564,tactics,validation,generated_0027,rn1qkb1r/1bp1ppp1/1p1p1n2/P2N3p/P2P4/8/R1P1PPPP/2BQKBNR b Kkq - 3 7,black,f6d5,628.0,0.9170257613966084,0,,31,teacher_candidate,tactics,,,
1385,tactics_0564,tactics,validation,generated_0027,rn1qkb1r/1bp1ppp1/1p1p1n2/P2N3p/P2P4/8/R1P1PPPP/2BQKBNR b Kkq - 3 7,black,f6g4,359.0,0.7150783955690241,0,,31,teacher_candidate,tactics,,,
1385,tactics_0564,tactics,validation,generated_0027,rn1qkb1r/1bp1ppp1/1p1p1n2/P2N3p/P2P4/8/R1P1PPPP/2BQKBNR b Kkq - 3 7,black,d8c8,-72.0,-0.1780808681173302,0,,31,teacher_candidate,tactics,,,
1385,tactics_0564,tactics,validation,generated_0027,rn1qkb1r/1bp1ppp1/1p1p1n2/P2N3p/P2P4/8/R1P1PPPP/2BQKBNR b Kkq - 3 7,black,b6b5,-393.0,-0.754146098334285,0,,31,teacher_candidate,tactics,,,
4798,tactics_0565,tactics,validation,generated_0095,rn1qkbnr/pbp1p3/1p3pp1/3p2Bp/3PQPP1/N7/PPP1P2P/R3KBNR b KQ - 0 9,black,d5e4,745.0,0.9529093018793192,1,,28,teacher_candidate,tactics,,,
4798,tactics_0565,tactics,validation,generated_0095,rn1qkbnr/pbp1p3/1p3pp1/3p2Bp/3PQPP1/N7/PPP1P2P/R3KBNR b KQ - 0 9,black,a7a5,530.0,0.8680219810175624,0,,28,teacher_candidate,tactics,,,
4798,tactics_0565,tactics,validation,generated_0095,rn1qkbnr/pbp1p3/1p3pp1/3p2Bp/3PQPP1/N7/PPP1P2P/R3KBNR b KQ - 0 9,black,e8f7,262.0,0.5750263117549217,0,,28,teacher_candidate,tactics,,,
4798,tactics_0565,tactics,validation,generated_0095,rn1qkbnr/pbp1p3/1p3pp1/3p2Bp/3PQPP1/N7/PPP1P2P/R3KBNR b KQ - 0 9,black,a7a6,-27.0,-0.0673976708658016,0,,28,teacher_candidate,tactics,,,
4798,tactics_0565,tactics,validation,generated_0095,rn1qkbnr/pbp1p3/1p3pp1/3p2Bp/3PQPP1/N7/PPP1P2P/R3KBNR b KQ - 0 9,black,b8d7,-99999.0,-1.0,0,,28,teacher_candidate,tactics,,,
3617,tactics_0566,tactics,validation,generated_0072,r1b1kbnr/1p1ppppp/q1n5/p1p5/4P2P/PP3P1N/2PP2P1/RNBQKB1R w KQkq - 1 7,white,f1a6,550.0,0.8798266996519848,1,,27,teacher_candidate,tactics,,,
3617,tactics_0566,tactics,validation,generated_0072,r1b1kbnr/1p1ppppp/q1n5/p1p5/4P2P/PP3P1N/2PP2P1/RNBQKB1R w KQkq - 1 7,white,h4h5,241.0,0.5388261224574971,0,,27,teacher_candidate,tactics,,,
3617,tactics_0566,tactics,validation,generated_0072,r1b1kbnr/1p1ppppp/q1n5/p1p5/4P2P/PP3P1N/2PP2P1/RNBQKB1R w KQkq - 1 7,white,h3f2,175.0,0.4115700556740224,0,,27,teacher_candidate,tactics,,,
3617,tactics_0566,tactics,validation,generated_0072,r1b1kbnr/1p1ppppp/q1n5/p1p5/4P2P/PP3P1N/2PP2P1/RNBQKB1R w KQkq - 1 7,white,f3f4,69.0,0.1708091382589301,0,,27,teacher_candidate,tactics,,,
3617,tactics_0566,tactics,validation,generated_0072,r1b1kbnr/1p1ppppp/q1n5/p1p5/4P2P/PP3P1N/2PP2P1/RNBQKB1R w KQkq - 1 7,white,d1e2,-28.0,-0.0698858903164289,0,,27,teacher_candidate,tactics,,,
4446,tactics_0567,tactics,validation,generated_0088,1nbqkbnr/r1ppppBp/1p6/p6p/3P4/2P5/PP2PPPR/RN1QKBN1 b Qk - 1 9,black,f8g7,667.0,0.931220385101639,1,,22,teacher_candidate,tactics,,,
4446,tactics_0567,tactics,validation,generated_0088,1nbqkbnr/r1ppppBp/1p6/p6p/3P4/2P5/PP2PPPR/RN1QKBN1 b Qk - 1 9,black,e7e6,-228.0,-0.5153592780074097,0,,22,teacher_candidate,tactics,,,
4446,tactics_0567,tactics,validation,generated_0088,1nbqkbnr/r1ppppBp/1p6/p6p/3P4/2P5/PP2PPPR/RN1QKBN1 b Qk - 1 9,black,a5a4,-803.0,-0.9645536478198754,0,,22,teacher_candidate,tactics,,,
4446,tactics_0567,tactics,validation,generated_0088,1nbqkbnr/r1ppppBp/1p6/p6p/3P4/2P5/PP2PPPR/RN1QKBN1 b Qk - 1 9,black,b8a6,-900.0,-0.9780261147388136,0,,22,teacher_candidate,tactics,,,
4446,tactics_0567,tactics,validation,generated_0088,1nbqkbnr/r1ppppBp/1p6/p6p/3P4/2P5/PP2PPPR/RN1QKBN1 b Qk - 1 9,black,h7h6,-997.0,-0.9864133734547914,0,,22,teacher_candidate,tactics,,,
4945,tactics_0568,tactics,validation,generated_0098,r1bqkb1r/2pp4/4pnp1/pp1P1p1p/P2nP3/1P3P2/2PK2PP/RNBQ1BNR w kq - 1 10,white,d2e1,-34.0,-0.0847958815487019,1,,31,teacher_candidate,tactics,,,
4945,tactics_0568,tactics,validation,generated_0098,r1bqkb1r/2pp4/4pnp1/pp1P1p1p/P2nP3/1P3P2/2PK2PP/RNBQ1BNR w kq - 1 10,white,c2c3,-64.0,-0.1586485042974989,0,,31,teacher_candidate,tactics,,,
4945,tactics_0568,tactics,validation,generated_0098,r1bqkb1r/2pp4/4pnp1/pp1P1p1p/P2nP3/1P3P2/2PK2PP/RNBQ1BNR w kq - 1 10,white,c1b2,-112.0,-0.2729050805631327,0,,31,teacher_candidate,tactics,,,
4945,tactics_0568,tactics,validation,generated_0098,r1bqkb1r/2pp4/4pnp1/pp1P1p1p/P2nP3/1P3P2/2PK2PP/RNBQ1BNR w kq - 1 10,white,g2g3,-335.0,-0.6844826259620602,0,,31,teacher_candidate,tactics,,,
4945,tactics_0568,tactics,validation,generated_0098,r1bqkb1r/2pp4/4pnp1/pp1P1p1p/P2nP3/1P3P2/2PK2PP/RNBQ1BNR w kq - 1 10,white,d1e2,-991.0,-0.9860024949798332,0,,31,teacher_candidate,tactics,,,
2508,tactics_0569,tactics,validation,generated_0050,rn1qkbnr/p1p1p2p/1p2b3/3p1pP1/3P2P1/PP5B/R1PQPP2/1NB1K1NR b Kkq - 2 9,black,d8d7,-135.0,-0.325243674340165,1,,24,teacher_candidate,tactics,,,
2508,tactics_0569,tactics,validation,generated_0050,rn1qkbnr/p1p1p2p/1p2b3/3p1pP1/3P2P1/PP5B/R1PQPP2/1NB1K1NR b Kkq - 2 9,black,f5g4,-193.0,-0.4482435415416372,0,,24,teacher_candidate,tactics,,,
2508,tactics_0569,tactics,validation,generated_0050,rn1qkbnr/p1p1p2p/1p2b3/3p1pP1/3P2P1/PP5B/R1PQPP2/1NB1K1NR b Kkq - 2 9,black,h7h5,-444.0,-0.8040623914048921,0,,24,teacher_candidate,tactics,,,
2508,tactics_0569,tactics,validation,generated_0050,rn1qkbnr/p1p1p2p/1p2b3/3p1pP1/3P2P1/PP5B/R1PQPP2/1NB1K1NR b Kkq - 2 9,black,a7a5,-761.0,-0.9564509720670356,0,,24,teacher_candidate,tactics,,,
2508,tactics_0569,tactics,validation,generated_0050,rn1qkbnr/p1p1p2p/1p2b3/3p1pP1/3P2P1/PP5B/R1PQPP2/1NB1K1NR b Kkq - 2 9,black,e8f7,-905.0,-0.978562836670134,0,,24,teacher_candidate,tactics,,,
3299,tactics_0570,tactics,validation,generated_0065,1rbq1bn1/pp1pkppr/n3p3/2pP3p/PP3PP1/2N5/1BPKP2P/R2Q1BNR b - - 3 9,black,h5g4,137.0,0.3297074608119472,1,,27,teacher_candidate,tactics,,,
3299,tactics_0570,tactics,validation,generated_0065,1rbq1bn1/pp1pkppr/n3p3/2pP3p/PP3PP1/2N5/1BPKP2P/R2Q1BNR b - - 3 9,black,e7e8,80.0,0.197375320224904,0,,27,teacher_candidate,tactics,,,
3299,tactics_0570,tactics,validation,generated_0065,1rbq1bn1/pp1pkppr/n3p3/2pP3p/PP3PP1/2N5/1BPKP2P/R2Q1BNR b - - 3 9,black,c5b4,64.0,0.1586485042974989,0,,27,teacher_candidate,tactics,,,
3299,tactics_0570,tactics,validation,generated_0065,1rbq1bn1/pp1pkppr/n3p3/2pP3p/PP3PP1/2N5/1BPKP2P/R2Q1BNR b - - 3 9,black,f7f6,-113.0,-0.2752173052438501,0,,27,teacher_candidate,tactics,,,
3299,tactics_0570,tactics,validation,generated_0065,1rbq1bn1/pp1pkppr/n3p3/2pP3p/PP3PP1/2N5/1BPKP2P/R2Q1BNR b - - 3 9,black,d8a5,-896.0,-0.9775871873563142,0,,27,teacher_candidate,tactics,,,
4539,tactics_0571,tactics,validation,generated_0090,2rqkb1r/ppp1ppp1/1nnpb3/8/PP2PNp1/3K4/R1PP1P1P/1NBQ1B1R w k - 2 10,white,f4e6,-397.0,-0.7584263132115812,1,,33,teacher_candidate,tactics,,,
4539,tactics_0571,tactics,validation,generated_0090,2rqkb1r/ppp1ppp1/1nnpb3/8/PP2PNp1/3K4/R1PP1P1P/1NBQ1B1R w k - 2 10,white,a2a3,-691.0,-0.9387598039977676,0,,33,teacher_candidate,tactics,,,
4539,tactics_0571,tactics,validation,generated_0090,2rqkb1r/ppp1ppp1/1nnpb3/8/PP2PNp1/3K4/R1PP1P1P/1NBQ1B1R w k - 2 10,white,a2b2,-708.0,-0.9436094240597148,0,,33,teacher_candidate,tactics,,,
4539,tactics_0571,tactics,validation,generated_0090,2rqkb1r/ppp1ppp1/1nnpb3/8/PP2PNp1/3K4/R1PP1P1P/1NBQ1B1R w k - 2 10,white,f1g2,-1017.0,-0.9876983592848,0,,33,teacher_candidate,tactics,,,
4539,tactics_0571,tactics,validation,generated_0090,2rqkb1r/ppp1ppp1/1nnpb3/8/PP2PNp1/3K4/R1PP1P1P/1NBQ1B1R w k - 2 10,white,f4e2,-1152.0,-0.9937175734303412,0,,33,teacher_candidate,tactics,,,
4174,tactics_0572,tactics,validation,generated_0083,rn1qk2r/1pp1ppbp/p2p2p1/3P4/8/P5N1/1PPP1PbP/RNB1KB1R b KQkq - 1 10,black,g2h1,942.0,0.9821511695831372,1,,35,teacher_candidate,tactics,,,
4174,tactics_0572,tactics,validation,generated_0083,rn1qk2r/1pp1ppbp/p2p2p1/3P4/8/P5N1/1PPP1PbP/RNB1KB1R b KQkq - 1 10,black,g2f1,917.0,0.9797986301478436,0,,35,teacher_candidate,tactics,,,
4174,tactics_0572,tactics,validation,generated_0083,rn1qk2r/1pp1ppbp/p2p2p1/3P4/8/P5N1/1PPP1PbP/RNB1KB1R b KQkq - 1 10,black,g2f3,830.0,0.9689604868431824,0,,35,teacher_candidate,tactics,,,
4174,tactics_0572,tactics,validation,generated_0083,rn1qk2r/1pp1ppbp/p2p2p1/3P4/8/P5N1/1PPP1PbP/RNB1KB1R b KQkq - 1 10,black,e8g8,552.0,0.880951268046997,0,,35,teacher_candidate,tactics,,,
4174,tactics_0572,tactics,validation,generated_0083,rn1qk2r/1pp1ppbp/p2p2p1/3P4/8/P5N1/1PPP1PbP/RNB1KB1R b KQkq - 1 10,black,g2e4,450.0,0.809301070201781,0,,35,teacher_candidate,tactics,,,
3741,tactics_0573,tactics,validation,generated_0074,r1bqk1nr/ppp1p2p/n6b/3pP3/5p1p/N6N/PPPPQPPR/R1B1KB2 w Qkq d6 0 8,white,e2h5,477.0,0.831352607157051,1,,30,teacher_candidate,tactics,,,
3741,tactics_0573,tactics,validation,generated_0074,r1bqk1nr/ppp1p2p/n6b/3pP3/5p1p/N6N/PPPPQPPR/R1B1KB2 w Qkq d6 0 8,white,c2c3,357.0,0.7126263344823417,0,,30,teacher_candidate,tactics,,,
3741,tactics_0573,tactics,validation,generated_0074,r1bqk1nr/ppp1p2p/n6b/3pP3/5p1p/N6N/PPPPQPPR/R1B1KB2 w Qkq d6 0 8,white,d2d4,296.0,0.6291451614140354,0,,30,teacher_candidate,tactics,,,
3741,tactics_0573,tactics,validation,generated_0074,r1bqk1nr/ppp1p2p/n6b/3pP3/5p1p/N6N/PPPPQPPR/R1B1KB2 w Qkq d6 0 8,white,g2g4,103.0,0.2519557155332075,0,,30,teacher_candidate,tactics,,,
3741,tactics_0573,tactics,validation,generated_0074,r1bqk1nr/ppp1p2p/n6b/3pP3/5p1p/N6N/PPPPQPPR/R1B1KB2 w Qkq d6 0 8,white,e2e3,-1011.0,-0.98732609263094,0,,30,teacher_candidate,tactics,,,
2982,tactics_0574,tactics,validation,generated_0059,rnb1kb1r/1p1ppppp/p4n2/1qp5/2P5/N3PN1P/PP1P1PP1/1RBQKBR1 w kq - 0 8,white,a3b5,640.0,0.9216685544064712,1,,25,teacher_candidate,tactics,,,
2982,tactics_0574,tactics,validation,generated_0059,rnb1kb1r/1p1ppppp/p4n2/1qp5/2P5/N3PN1P/PP1P1PP1/1RBQKBR1 w kq - 0 8,white,c4b5,619.0,0.9133720563094846,0,,25,teacher_candidate,tactics,,,
2982,tactics_0574,tactics,validation,generated_0059,rnb1kb1r/1p1ppppp/p4n2/1qp5/2P5/N3PN1P/PP1P1PP1/1RBQKBR1 w kq - 0 8,white,b2b4,409.0,0.7708828415345883,0,,25,teacher_candidate,tactics,,,
2982,tactics_0574,tactics,validation,generated_0059,rnb1kb1r/1p1ppppp/p4n2/1qp5/2P5/N3PN1P/PP1P1PP1/1RBQKBR1 w kq - 0 8,white,f1d3,186.0,0.434150570985945,0,,25,teacher_candidate,tactics,,,
2982,tactics_0574,tactics,validation,generated_0059,rnb1kb1r/1p1ppppp/p4n2/1qp5/2P5/N3PN1P/PP1P1PP1/1RBQKBR1 w kq - 0 8,white,d1a4,-778.0,-0.9599285819327408,0,,25,teacher_candidate,tactics,,,
1795,tactics_0575,tactics,validation,generated_0035,rn1qkbnr/4pppp/2p5/pp1p4/2P5/P2PP1Pb/1P3PBP/RNBQK1NR w KQkq - 1 7,white,g1h3,853.0,0.9722857033481456,1,,34,teacher_candidate,tactics,,,
1795,tactics_0575,tactics,validation,generated_0035,rn1qkbnr/4pppp/2p5/pp1p4/2P5/P2PP1Pb/1P3PBP/RNBQK1NR w KQkq - 1 7,white,g2h3,821.0,0.967554981292966,0,,34,teacher_candidate,tactics,,,
1795,tactics_0575,tactics,validation,generated_0035,rn1qkbnr/4pppp/2p5/pp1p4/2P5/P2PP1Pb/1P3PBP/RNBQK1NR w KQkq - 1 7,white,g2d5,130.0,0.3140209253469976,0,,34,teacher_candidate,tactics,,,
1795,tactics_0575,tactics,validation,generated_0035,rn1qkbnr/4pppp/2p5/pp1p4/2P5/P2PP1Pb/1P3PBP/RNBQK1NR w KQkq - 1 7,white,b1d2,-922.0,-0.9802924889535376,0,,34,teacher_candidate,tactics,,,
1795,tactics_0575,tactics,validation,generated_0035,rn1qkbnr/4pppp/2p5/pp1p4/2P5/P2PP1Pb/1P3PBP/RNBQK1NR w KQkq - 1 7,white,a1a2,-1078.0,-0.9909174875083384,0,,34,teacher_candidate,tactics,,,
1938,tactics_0576,tactics,validation,generated_0038,r1bqkbnr/ppppp1pp/8/4np2/4P3/2NPK1P1/PPP2P1P/R1BQ1BNR b kq - 2 8,black,e5g4,994.0,0.9862094537347076,1,,26,teacher_candidate,tactics,,,
1938,tactics_0576,tactics,validation,generated_0038,r1bqkbnr/ppppp1pp/8/4np2/4P3/2NPK1P1/PPP2P1P/R1BQ1BNR b kq - 2 8,black,h7h5,650.0,0.925346225311741,0,,26,teacher_candidate,tactics,,,
1938,tactics_0576,tactics,validation,generated_0038,r1bqkbnr/ppppp1pp/8/4np2/4P3/2NPK1P1/PPP2P1P/R1BQ1BNR b kq - 2 8,black,d7d6,103.0,0.2519557155332075,0,,26,teacher_candidate,tactics,,,
1938,tactics_0576,tactics,validation,generated_0038,r1bqkbnr/ppppp1pp/8/4np2/4P3/2NPK1P1/PPP2P1P/R1BQ1BNR b kq - 2 8,black,c7c5,-36.0,-0.0897577847471601,0,,26,teacher_candidate,tactics,,,
1938,tactics_0576,tactics,validation,generated_0038,r1bqkbnr/ppppp1pp/8/4np2/4P3/2NPK1P1/PPP2P1P/R1BQ1BNR b kq - 2 8,black,e5f3,-698.0,-0.9408037916417216,0,,26,teacher_candidate,tactics,,,
4514,tactics_0577,tactics,validation,generated_0090,rn1q1bnr/p1pp1pp1/b3k3/1p2p2p/3PPB2/1PP5/P4PPP/RN1QKBNR b KQ - 0 8,black,e5f4,-39.0,-0.0971922171662686,1,,34,teacher_candidate,tactics,,,
4514,tactics_0577,tactics,validation,generated_0090,rn1q1bnr/p1pp1pp1/b3k3/1p2p2p/3PPB2/1PP5/P4PPP/RN1QKBNR b KQ - 0 8,black,g7g5,-331.0,-0.6791313403693489,0,,34,teacher_candidate,tactics,,,
4514,tactics_0577,tactics,validation,generated_0090,rn1q1bnr/p1pp1pp1/b3k3/1p2p2p/3PPB2/1PP5/P4PPP/RN1QKBNR b KQ - 0 8,black,f7f6,-332.0,-0.6804760061126619,0,,34,teacher_candidate,tactics,,,
4514,tactics_0577,tactics,validation,generated_0090,rn1q1bnr/p1pp1pp1/b3k3/1p2p2p/3PPB2/1PP5/P4PPP/RN1QKBNR b KQ - 0 8,black,d8c8,-571.0,-0.8911531288062178,0,,34,teacher_candidate,tactics,,,
4514,tactics_0577,tactics,validation,generated_0090,rn1q1bnr/p1pp1pp1/b3k3/1p2p2p/3PPB2/1PP5/P4PPP/RN1QKBNR b KQ - 0 8,black,d8g5,-935.0,-0.9815212735525424,0,,34,teacher_candidate,tactics,,,
1656,tactics_0578,tactics,validation,generated_0033,r2qkbnr/2p1pp1p/ppn3p1/3p4/1P4bP/4P3/P1PPNPP1/RNBQK2R b KQkq - 0 7,black,c6a7,894.0,0.9773644841978152,1,,36,teacher_candidate,tactics,,,
1656,tactics_0578,tactics,validation,generated_0033,r2qkbnr/2p1pp1p/ppn3p1/3p4/1P4bP/4P3/P1PPNPP1/RNBQK2R b KQkq - 0 7,black,f8g7,882.0,0.9759815913801452,0,,36,teacher_candidate,tactics,,,
1656,tactics_0578,tactics,validation,generated_0033,r2qkbnr/2p1pp1p/ppn3p1/3p4/1P4bP/4P3/P1PPNPP1/RNBQK2R b KQkq - 0 7,black,f8h6,858.0,0.9729607207080608,0,,36,teacher_candidate,tactics,,,
1656,tactics_0578,tactics,validation,generated_0033,r2qkbnr/2p1pp1p/ppn3p1/3p4/1P4bP/4P3/P1PPNPP1/RNBQK2R b KQkq - 0 7,black,d8c8,775.0,0.9593352933146824,0,,36,teacher_candidate,tactics,,,
1656,tactics_0578,tactics,validation,generated_0033,r2qkbnr/2p1pp1p/ppn3p1/3p4/1P4bP/4P3/P1PPNPP1/RNBQK2R b KQkq - 0 7,black,c6d4,84.0,0.2069664997294525,0,,36,teacher_candidate,tactics,,,
2085,tactics_0579,tactics,validation,generated_0041,r1bk1bnr/pp2pp1p/n1p1P3/1q1p2p1/3B4/3P4/PPP1KPPP/RN1Q1BNR w - - 3 8,white,d4h8,593.0,0.9019353223079448,1,,34,teacher_candidate,tactics,,,
2085,tactics_0579,tactics,validation,generated_0041,r1bk1bnr/pp2pp1p/n1p1P3/1q1p2p1/3B4/3P4/PPP1KPPP/RN1Q1BNR w - - 3 8,white,b1a3,413.0,0.7749090662984006,0,,34,teacher_candidate,tactics,,,
2085,tactics_0579,tactics,validation,generated_0041,r1bk1bnr/pp2pp1p/n1p1P3/1q1p2p1/3B4/3P4/PPP1KPPP/RN1Q1BNR w - - 3 8,white,a2a4,378.0,0.7375110611229533,0,,34,teacher_candidate,tactics,,,
2085,tactics_0579,tactics,validation,generated_0041,r1bk1bnr/pp2pp1p/n1p1P3/1q1p2p1/3B4/3P4/PPP1KPPP/RN1Q1BNR w - - 3 8,white,b2b3,-92.0,-0.2260283522786709,0,,34,teacher_candidate,tactics,,,
2085,tactics_0579,tactics,validation,generated_0041,r1bk1bnr/pp2pp1p/n1p1P3/1q1p2p1/3B4/3P4/PPP1KPPP/RN1Q1BNR w - - 3 8,white,d4f6,-913.0,-0.9793947398556088,0,,34,teacher_candidate,tactics,,,
217,tactics_0580,tactics,validation,generated_0004,rn1qkbr1/p1pppp1p/1p4pn/8/1P2B1P1/2P4P/P2PPP2/RbBQK1NR b KQq - 0 9,black,b1e4,1049.0,0.9895076911766644,1,,24,teacher_candidate,tactics,,,
217,tactics_0580,tactics,validation,generated_0004,rn1qkbr1/p1pppp1p/1p4pn/8/1P2B1P1/2P4P/P2PPP2/RbBQK1NR b KQq - 0 9,black,e7e5,237.0,0.5316912516395942,0,,24,teacher_candidate,tactics,,,
217,tactics_0580,tactics,validation,generated_0004,rn1qkbr1/p1pppp1p/1p4pn/8/1P2B1P1/2P4P/P2PPP2/RbBQK1NR b KQq - 0 9,black,d7d5,-105.0,-0.2566323765907324,0,,24,teacher_candidate,tactics,,,
217,tactics_0580,tactics,validation,generated_0004,rn1qkbr1/p1pppp1p/1p4pn/8/1P2B1P1/2P4P/P2PPP2/RbBQK1NR b KQq - 0 9,black,h6f5,-580.0,-0.8956928738431645,0,,24,teacher_candidate,tactics,,,
217,tactics_0580,tactics,validation,generated_0004,rn1qkbr1/p1pppp1p/1p4pn/8/1P2B1P1/2P4P/P2PPP2/RbBQK1NR b KQq - 0 9,black,b6b5,-869.0,-0.9743891942820664,0,,24,teacher_candidate,tactics,,,
1920,tactics_0581,tactics,validation,generated_0038,1n1qkbr1/r1p1pp1p/5n2/pp1p2p1/1PPQ3P/P1N4b/R2PPPP1/2B1KBNR b K - 7 10,black,b8c6,-61.0,-0.1513287020850988,1,,37,teacher_candidate,tactics,,,
1920,tactics_0581,tactics,validation,generated_0038,1n1qkbr1/r1p1pp1p/5n2/pp1p2p1/1PPQ3P/P1N4b/R2PPPP1/2B1KBNR b K - 7 10,black,a7b7,-215.0,-0.4910932282528053,0,,37,teacher_candidate,tactics,,,
1920,tactics_0581,tactics,validation,generated_0038,1n1qkbr1/r1p1pp1p/5n2/pp1p2p1/1PPQ3P/P1N4b/R2PPPP1/2B1KBNR b K - 7 10,black,c7c5,-266.0,-0.5816812695738734,0,,37,teacher_candidate,tactics,,,
1920,tactics_0581,tactics,validation,generated_0038,1n1qkbr1/r1p1pp1p/5n2/pp1p2p1/1PPQ3P/P1N4b/R2PPPP1/2B1KBNR b K - 7 10,black,g8g6,-816.0,-0.9667472877842368,0,,37,teacher_candidate,tactics,,,
1920,tactics_0581,tactics,validation,generated_0038,1n1qkbr1/r1p1pp1p/5n2/pp1p2p1/1PPQ3P/P1N4b/R2PPPP1/2B1KBNR b K - 7 10,black,b8d7,-979.0,-0.985143367243128,0,,37,teacher_candidate,tactics,,,
2941,tactics_0582,tactics,validation,generated_0058,rnb1kbn1/pp1pppr1/2pq3B/3P4/8/P1P4P/1P2PPPR/RN1QKBN1 b Qq - 2 10,black,g8h6,392.0,0.753065904869552,1,,33,teacher_candidate,tactics,,,
2941,tactics_0582,tactics,validation,generated_0058,rnb1kbn1/pp1pppr1/2pq3B/3P4/8/P1P4P/1P2PPPR/RN1QKBN1 b Qq - 2 10,black,d6h6,358.0,0.7138545530398384,0,,33,teacher_candidate,tactics,,,
2941,tactics_0582,tactics,validation,generated_0058,rnb1kbn1/pp1pppr1/2pq3B/3P4/8/P1P4P/1P2PPPR/RN1QKBN1 b Qq - 2 10,black,d6h2,255.0,0.563194927804731,0,,33,teacher_candidate,tactics,,,
2941,tactics_0582,tactics,validation,generated_0058,rnb1kbn1/pp1pppr1/2pq3B/3P4/8/P1P4P/1P2PPPR/RN1QKBN1 b Qq - 2 10,black,d6c7,-495.0,-0.8447410748870232,0,,33,teacher_candidate,tactics,,,
2941,tactics_0582,tactics,validation,generated_0058,rnb1kbn1/pp1pppr1/2pq3B/3P4/8/P1P4P/1P2PPPR/RN1QKBN1 b Qq - 2 10,black,d6f4,-1038.0,-0.9889177368161453,0,,33,teacher_candidate,tactics,,,
1985,tactics_0583,tactics,validation,generated_0039,rnb1kbnr/ppqp3p/4p1p1/2p5/8/P1PPP2B/RP1K1P1P/1NB3NR b kq - 1 10,black,h7h5,1048.0,0.9894553755461026,1,,32,teacher_candidate,tactics,,,
1985,tactics_0583,tactics,validation,generated_0039,rnb1kbnr/ppqp3p/4p1p1/2p5/8/P1PPP2B/RP1K1P1P/1NB3NR b kq - 1 10,black,d7d5,1046.0,0.9893499646285157,0,,32,teacher_candidate,tactics,,,
1985,tactics_0583,tactics,validation,generated_0039,rnb1kbnr/ppqp3p/4p1p1/2p5/8/P1PPP2B/RP1K1P1P/1NB3NR b kq - 1 10,black,c5c4,1024.0,0.9881189556033192,0,,32,teacher_candidate,tactics,,,
1985,tactics_0583,tactics,validation,generated_0039,rnb1kbnr/ppqp3p/4p1p1/2p5/8/P1PPP2B/RP1K1P1P/1NB3NR b kq - 1 10,black,e8f7,831.0,0.9691129062420462,0,,32,teacher_candidate,tactics,,,
1985,tactics_0583,tactics,validation,generated_0039,rnb1kbnr/ppqp3p/4p1p1/2p5/8/P1PPP2B/RP1K1P1P/1NB3NR b kq - 1 10,black,c7g3,-103.0,-0.2519557155332075,0,,32,teacher_candidate,tactics,,,
2487,tactics_0584,tactics,validation,generated_0049,1rb1kbnr/pp2ppp1/5q1p/2pp4/1n1P2PP/P1P2P2/1B1KP3/RN1Q1BNR w k - 2 10,white,a3b4,353.0,0.7076695392052358,1,,25,teacher_candidate,tactics,,,
2487,tactics_0584,tactics,validation,generated_0049,1rb1kbnr/pp2ppp1/5q1p/2pp4/1n1P2PP/P1P2P2/1B1KP3/RN1Q1BNR w k - 2 10,white,c3b4,325.0,0.6709670742068736,0,,25,teacher_candidate,tactics,,,
2487,tactics_0584,tactics,validation,generated_0049,1rb1kbnr/pp2ppp1/5q1p/2pp4/1n1P2PP/P1P2P2/1B1KP3/RN1Q1BNR w k - 2 10,white,b2c1,55.0,0.1366399669564962,0,,25,teacher_candidate,tactics,,,
2487,tactics_0584,tactics,validation,generated_0049,1rb1kbnr/pp2ppp1/5q1p/2pp4/1n1P2PP/P1P2P2/1B1KP3/RN1Q1BNR w k - 2 10,white,f3f4,-169.0,-0.3990344553248549,0,,25,teacher_candidate,tactics,,,
2487,tactics_0584,tactics,validation,generated_0049,1rb1kbnr/pp2ppp1/5q1p/2pp4/1n1P2PP/P1P2P2/1B1KP3/RN1Q1BNR w k - 2 10,white,d1c2,-1015.0,-0.9875754937830746,0,,25,teacher_candidate,tactics,,,
1479,tactics_0585,tactics,validation,generated_0029,rnbqkb2/p2ppppr/7n/1Np1P2p/2p4P/1P1P1N2/P4PP1/R1BQKB1R b KQq - 0 9,black,a7a6,-141.0,-0.338590805554892,1,,23,teacher_candidate,tactics,,,
1479,tactics_0585,tactics,validation,generated_0029,rnbqkb2/p2ppppr/7n/1Np1P2p/2p4P/1P1P1N2/P4PP1/R1BQKB1R b KQq - 0 9,black,b8c6,-161.0,-0.3820860248314457,0,,23,teacher_candidate,tactics,,,
1479,tactics_0585,tactics,validation,generated_0029,rnbqkb2/p2ppppr/7n/1Np1P2p/2p4P/1P1P1N2/P4PP1/R1BQKB1R b KQq - 0 9,black,h7h8,-161.0,-0.3820860248314457,0,,23,teacher_candidate,tactics,,,
1479,tactics_0585,tactics,validation,generated_0029,rnbqkb2/p2ppppr/7n/1Np1P2p/2p4P/1P1P1N2/P4PP1/R1BQKB1R b KQq - 0 9,black,b8a6,-382.0,-0.7420382957075286,0,,23,teacher_candidate,tactics,,,
1479,tactics_0585,tactics,validation,generated_0029,rnbqkb2/p2ppppr/7n/1Np1P2p/2p4P/1P1P1N2/P4PP1/R1BQKB1R b KQq - 0 9,black,d8c7,-960.0,-0.9836748576936802,0,,23,teacher_candidate,tactics,,,
1621,tactics_0586,tactics,validation,generated_0032,rnb2b1r/pp1ppkpp/4qn2/2p2p2/2B5/1PP1P3/P2PNPPP/RNBQK2R w KQ - 5 7,white,c4e6,871.0,0.974640794891156,1,,29,teacher_candidate,tactics,,,
1621,tactics_0586,tactics,validation,generated_0032,rnb2b1r/pp1ppkpp/4qn2/2p2p2/2B5/1PP1P3/P2PNPPP/RNBQK2R w KQ - 5 7,white,h2h3,584.0,0.8976525981658167,0,,29,teacher_candidate,tactics,,,
1621,tactics_0586,tactics,validation,generated_0032,rnb2b1r/pp1ppkpp/4qn2/2p2p2/2B5/1PP1P3/P2PNPPP/RNBQK2R w KQ - 5 7,white,e2f4,428.0,0.7894612209549805,0,,29,teacher_candidate,tactics,,,
1621,tactics_0586,tactics,validation,generated_0032,rnb2b1r/pp1ppkpp/4qn2/2p2p2/2B5/1PP1P3/P2PNPPP/RNBQK2R w KQ - 5 7,white,c4b5,40.0,0.0996679946249558,0,,29,teacher_candidate,tactics,,,
1621,tactics_0586,tactics,validation,generated_0032,rnb2b1r/pp1ppkpp/4qn2/2p2p2/2B5/1PP1P3/P2PNPPP/RNBQK2R w KQ - 5 7,white,c4a6,-731.0,-0.9495809179960182,0,,29,teacher_candidate,tactics,,,
2099,tactics_0587,tactics,validation,generated_0041,rn1qkbnr/1pp2ppp/8/p2pp3/1P1PP1P1/8/PBPN1P1P/RN1QKb1R b KQkq - 1 7,black,f1b5,634.0,0.9193791691545816,1,,42,teacher_candidate,tactics,,,
2099,tactics_0587,tactics,validation,generated_0041,rn1qkbnr/1pp2ppp/8/p2pp3/1P1PP1P1/8/PBPN1P1P/RN1QKb1R b KQkq - 1 7,black,f1h3,584.0,0.8976525981658167,0,,42,teacher_candidate,tactics,,,
2099,tactics_0587,tactics,validation,generated_0041,rn1qkbnr/1pp2ppp/8/p2pp3/1P1PP1P1/8/PBPN1P1P/RN1QKb1R b KQkq - 1 7,black,f1a6,567.0,0.8890762286649813,0,,42,teacher_candidate,tactics,,,
2099,tactics_0587,tactics,validation,generated_0041,rn1qkbnr/1pp2ppp/8/p2pp3/1P1PP1P1/8/PBPN1P1P/RN1QKb1R b KQkq - 1 7,black,h7h6,127.0,0.307244661799008,0,,42,teacher_candidate,tactics,,,
2099,tactics_0587,tactics,validation,generated_0041,rn1qkbnr/1pp2ppp/8/p2pp3/1P1PP1P1/8/PBPN1P1P/RN1QKb1R b KQkq - 1 7,black,e8e7,-71.0,-0.1756590769650228,0,,42,teacher_candidate,tactics,,,
1638,tactics_0588,tactics,validation,generated_0032,rnb1kbr1/ppq1p2p/2p3pn/1B1p1p2/3P4/1PP1P3/PB3PPP/RN1QK1NR b KQq - 3 9,black,c6b5,698.0,0.9408037916417216,1,,29,teacher_candidate,tactics,,,
1638,tactics_0588,tactics,validation,generated_0032,rnb1kbr1/ppq1p2p/2p3pn/1B1p1p2/3P4/1PP1P3/PB3PPP/RN1QK1NR b KQq - 3 9,black,g6g5,353.0,0.7076695392052358,0,,29,teacher_candidate,tactics,,,
1638,tactics_0588,tactics,validation,generated_0032,rnb1kbr1/ppq1p2p/2p3pn/1B1p1p2/3P4/1PP1P3/PB3PPP/RN1QK1NR b KQq - 3 9,black,e7e5,77.0,0.190156947732268,0,,29,teacher_candidate,tactics,,,
1638,tactics_0588,tactics,validation,generated_0032,rnb1kbr1/ppq1p2p/2p3pn/1B1p1p2/3P4/1PP1P3/PB3PPP/RN1QK1NR b KQq - 3 9,black,b7b6,-52.0,-0.1292725836060583,0,,29,teacher_candidate,tactics,,,
1638,tactics_0588,tactics,validation,generated_0032,rnb1kbr1/ppq1p2p/2p3pn/1B1p1p2/3P4/1PP1P3/PB3PPP/RN1QK1NR b KQq - 3 9,black,c7g3,-983.0,-0.9854354059682076,0,,29,teacher_candidate,tactics,,,
1609,tactics_0589,tactics,validation,generated_0032,rnbq2nr/p1ppkp1p/7b/1p4p1/4p1PP/PPP4R/3PPP2/RNBQKBN1 b Q - 2 8,black,d7d6,-83.0,-0.2045723537772613,1,,25,teacher_candidate,tactics,,,
1609,tactics_0589,tactics,validation,generated_0032,rnbq2nr/p1ppkp1p/7b/1p4p1/4p1PP/PPP4R/3PPP2/RNBQKBN1 b Q - 2 8,black,d7d5,-87.0,-0.2141339761434071,0,,25,teacher_candidate,tactics,,,
1609,tactics_0589,tactics,validation,generated_0032,rnbq2nr/p1ppkp1p/7b/1p4p1/4p1PP/PPP4R/3PPP2/RNBQKBN1 b Q - 2 8,black,e7e8,-127.0,-0.307244661799008,0,,25,teacher_candidate,tactics,,,
1609,tactics_0589,tactics,validation,generated_0032,rnbq2nr/p1ppkp1p/7b/1p4p1/4p1PP/PPP4R/3PPP2/RNBQKBN1 b Q - 2 8,black,h6g7,-222.0,-0.5042582228791403,0,,25,teacher_candidate,tactics,,,
1609,tactics_0589,tactics,validation,generated_0032,rnbq2nr/p1ppkp1p/7b/1p4p1/4p1PP/PPP4R/3PPP2/RNBQKBN1 b Q - 2 8,black,e7d6,-539.0,-0.8734619197750799,0,,25,teacher_candidate,tactics,,,
3422,tactics_0590,tactics,validation,generated_0068,rn2kbnr/1p1qpp2/3p4/p1pP1bp1/P4B1p/1PP5/1Q2PPPP/RN2KBNR w KQkq - 0 9,white,f4g5,14.0,0.0349857153327794,1,,28,teacher_candidate,tactics,,,
3422,tactics_0590,tactics,validation,generated_0068,rn2kbnr/1p1qpp2/3p4/p1pP1bp1/P4B1p/1PP5/1Q2PPPP/RN2KBNR w KQkq - 0 9,white,f4d2,-68.0,-0.1683810458708147,0,,28,teacher_candidate,tactics,,,
3422,tactics_0590,tactics,validation,generated_0068,rn2kbnr/1p1qpp2/3p4/p1pP1bp1/P4B1p/1PP5/1Q2PPPP/RN2KBNR w KQkq - 0 9,white,f4c1,-112.0,-0.2729050805631327,0,,28,teacher_candidate,tactics,,,
3422,tactics_0590,tactics,validation,generated_0068,rn2kbnr/1p1qpp2/3p4/p1pP1bp1/P4B1p/1PP5/1Q2PPPP/RN2KBNR w KQkq - 0 9,white,b2a2,-728.0,-0.9488384233759848,0,,28,teacher_candidate,tactics,,,
3422,tactics_0590,tactics,validation,generated_0068,rn2kbnr/1p1qpp2/3p4/p1pP1bp1/P4B1p/1PP5/1Q2PPPP/RN2KBNR w KQkq - 0 9,white,b2c2,-942.0,-0.9821511695831372,0,,28,teacher_candidate,tactics,,,
892,tactics_0591,tactics,validation,generated_0017,r2k1bnr/p3ppp1/bpnq4/2p4P/P1pP1P2/7N/1PQ1P1BP/RNB1K2R b KQ d3 0 10,black,c4d3,364.0,0.7211322540766999,1,,40,teacher_candidate,tactics,,,
892,tactics_0591,tactics,validation,generated_0017,r2k1bnr/p3ppp1/bpnq4/2p4P/P1pP1P2/7N/1PQ1P1BP/RNB1K2R b KQ d3 0 10,black,c5d4,217.0,0.4948780404403998,0,,40,teacher_candidate,tactics,,,
892,tactics_0591,tactics,validation,generated_0017,r2k1bnr/p3ppp1/bpnq4/2p4P/P1pP1P2/7N/1PQ1P1BP/RNB1K2R b KQ d3 0 10,black,c6d4,134.0,0.3230063184059049,0,,40,teacher_candidate,tactics,,,
892,tactics_0591,tactics,validation,generated_0017,r2k1bnr/p3ppp1/bpnq4/2p4P/P1pP1P2/7N/1PQ1P1BP/RNB1K2R b KQ d3 0 10,black,d6f6,-130.0,-0.3140209253469976,0,,40,teacher_candidate,tactics,,,
892,tactics_0591,tactics,validation,generated_0017,r2k1bnr/p3ppp1/bpnq4/2p4P/P1pP1P2/7N/1PQ1P1BP/RNB1K2R b KQ d3 0 10,black,d6g6,-1053.0,-0.9897143843332789,0,,40,teacher_candidate,tactics,,,
3353,tactics_0592,tactics,validation,generated_0067,rnbqk1nr/p1pp2b1/1p3ppB/4p2p/P2P3N/7P/NPP1PPP1/R2QKB1R w KQ - 1 10,white,h6g7,830.0,0.9689604868431824,1,,34,teacher_candidate,tactics,,,
3353,tactics_0592,tactics,validation,generated_0067,rnbqk1nr/p1pp2b1/1p3ppB/4p2p/P2P3N/7P/NPP1PPP1/R2QKB1R w KQ - 1 10,white,a1b1,177.0,0.4157145428489626,0,,34,teacher_candidate,tactics,,,
3353,tactics_0592,tactics,validation,generated_0067,rnbqk1nr/p1pp2b1/1p3ppB/4p2p/P2P3N/7P/NPP1PPP1/R2QKB1R w KQ - 1 10,white,h6d2,143.0,0.3430100684508116,0,,34,teacher_candidate,tactics,,,
3353,tactics_0592,tactics,validation,generated_0067,rnbqk1nr/p1pp2b1/1p3ppB/4p2p/P2P3N/7P/NPP1PPP1/R2QKB1R w KQ - 1 10,white,a2b4,-522.0,-0.8630047925513478,0,,34,teacher_candidate,tactics,,,
3353,tactics_0592,tactics,validation,generated_0067,rnbqk1nr/p1pp2b1/1p3ppB/4p2p/P2P3N/7P/NPP1PPP1/R2QKB1R w KQ - 1 10,white,e1d2,-790.0,-0.962218076125922,0,,34,teacher_candidate,tactics,,,
1544,tactics_0593,tactics,validation,generated_0030,rnb1kb1r/1pp1qppp/3p1n2/p7/3pN1PP/8/PPPKPP2/R1BQ1BNR b kq - 1 7,black,f6e4,939.0,0.9818838624745584,1,,34,teacher_candidate,tactics,,,
1544,tactics_0593,tactics,validation,generated_0030,rnb1kb1r/1pp1qppp/3p1n2/p7/3pN1PP/8/PPPKPP2/R1BQ1BNR b kq - 1 7,black,e7e4,879.0,0.975623023939446,0,,34,teacher_candidate,tactics,,,
1544,tactics_0593,tactics,validation,generated_0030,rnb1kb1r/1pp1qppp/3p1n2/p7/3pN1PP/8/PPPKPP2/R1BQ1BNR b kq - 1 7,black,f6g4,697.0,0.940515894540715,0,,34,teacher_candidate,tactics,,,
1544,tactics_0593,tactics,validation,generated_0030,rnb1kb1r/1pp1qppp/3p1n2/p7/3pN1PP/8/PPPKPP2/R1BQ1BNR b kq - 1 7,black,a8a6,350.0,0.703905603936621,0,,34,teacher_candidate,tactics,,,
1544,tactics_0593,tactics,validation,generated_0030,rnb1kb1r/1pp1qppp/3p1n2/p7/3pN1PP/8/PPPKPP2/R1BQ1BNR b kq - 1 7,black,c8f5,-321.0,-0.6654320889230336,0,,34,teacher_candidate,tactics,,,
2637,tactics_0594,tactics,validation,generated_0052,rnbk1bnr/3ppppp/ppP5/8/qP3K2/5PPB/2P1P2P/RNBQ2NR b - - 0 10,black,e7e5,1845.0,0.9998029299599795,1,,28,teacher_candidate,tactics,,,
2637,tactics_0594,tactics,validation,generated_0052,rnbk1bnr/3ppppp/ppP5/8/qP3K2/5PPB/2P1P2P/RNBQ2NR b - - 0 10,black,a4a1,740.0,0.9517459571646616,0,,28,teacher_candidate,tactics,,,
2637,tactics_0594,tactics,validation,generated_0052,rnbk1bnr/3ppppp/ppP5/8/qP3K2/5PPB/2P1P2P/RNBQ2NR b - - 0 10,black,a4c6,530.0,0.8680219810175624,0,,28,teacher_candidate,tactics,,,
2637,tactics_0594,tactics,validation,generated_0052,rnbk1bnr/3ppppp/ppP5/8/qP3K2/5PPB/2P1P2P/RNBQ2NR b - - 0 10,black,a4a2,-793.0,-0.96277010479055,0,,28,teacher_candidate,tactics,,,
2637,tactics_0594,tactics,validation,generated_0052,rnbk1bnr/3ppppp/ppP5/8/qP3K2/5PPB/2P1P2P/RNBQ2NR b - - 0 10,black,h7h6,-1031.0,-0.988525254639277,0,,28,teacher_candidate,tactics,,,
1774,tactics_0595,tactics,validation,generated_0035,rnb2bnr/1p1pk1pp/1q6/p1p1p3/1PP3p1/4P2N/P2P1P1P/RNBQKB1R w KQ - 0 8,white,b4c5,136.0,0.3274773948087053,1,,28,teacher_candidate,tactics,,,
1774,tactics_0595,tactics,validation,generated_0035,rnb2bnr/1p1pk1pp/1q6/p1p1p3/1PP3p1/4P2N/P2P1P1P/RNBQKB1R w KQ - 0 8,white,f2f4,-44.0,-0.1095584702144295,0,,28,teacher_candidate,tactics,,,
1774,tactics_0595,tactics,validation,generated_0035,rnb2bnr/1p1pk1pp/1q6/p1p1p3/1PP3p1/4P2N/P2P1P1P/RNBQKB1R w KQ - 0 8,white,b4a5,-74.0,-0.1829179568655601,0,,28,teacher_candidate,tactics,,,
1774,tactics_0595,tactics,validation,generated_0035,rnb2bnr/1p1pk1pp/1q6/p1p1p3/1PP3p1/4P2N/P2P1P1P/RNBQKB1R w KQ - 0 8,white,b4b5,-217.0,-0.4948780404403998,0,,28,teacher_candidate,tactics,,,
1774,tactics_0595,tactics,validation,generated_0035,rnb2bnr/1p1pk1pp/1q6/p1p1p3/1PP3p1/4P2N/P2P1P1P/RNBQKB1R w KQ - 0 8,white,d1f3,-941.0,-0.9820625043610112,0,,28,teacher_candidate,tactics,,,
3994,tactics_0596,tactics,validation,generated_0079,rnbqkbr1/1pppp1pp/7n/5p2/4P2P/R7/PpPPKPP1/RNBQ1BN1 b q - 1 9,black,b2a1q,880.0,0.9757431300314516,1,,31,teacher_candidate,tactics,,,
3994,tactics_0596,tactics,validation,generated_0079,rnbqkbr1/1pppp1pp/7n/5p2/4P2P/R7/PpPPKPP1/RNBQ1BN1 b q - 1 9,black,b2a1r,705.0,0.9427815713989078,0,,31,teacher_candidate,tactics,,,
3994,tactics_0596,tactics,validation,generated_0079,rnbqkbr1/1pppp1pp/7n/5p2/4P2P/R7/PpPPKPP1/RNBQ1BN1 b q - 1 9,black,b2c1n,695.0,0.9399360232214236,0,,31,teacher_candidate,tactics,,,
3994,tactics_0596,tactics,validation,generated_0079,rnbqkbr1/1pppp1pp/7n/5p2/4P2P/R7/PpPPKPP1/RNBQ1BN1 b q - 1 9,black,d7d6,295.0,0.6276323441969829,0,,31,teacher_candidate,tactics,,,
3994,tactics_0596,tactics,validation,generated_0079,rnbqkbr1/1pppp1pp/7n/5p2/4P2P/R7/PpPPKPP1/RNBQ1BN1 b q - 1 9,black,f5f4,47.0,0.1169622248763227,0,,31,teacher_candidate,tactics,,,
4555,tactics_0597,tactics,validation,generated_0091,rnb1kbnr/1p1p1p2/p3p3/2p3pp/4P2P/NPq3P1/P2PNP2/1RBQKB1R w Kkq - 0 9,white,d2c3,659.0,0.928513764888952,1,,23,teacher_candidate,tactics,,,
4555,tactics_0597,tactics,validation,generated_0091,rnb1kbnr/1p1p1p2/p3p3/2p3pp/4P2P/NPq3P1/P2PNP2/1RBQKB1R w Kkq - 0 9,white,e2c3,645.0,0.9235286164680836,0,,23,teacher_candidate,tactics,,,
4555,tactics_0597,tactics,validation,generated_0091,rnb1kbnr/1p1p1p2/p3p3/2p3pp/4P2P/NPq3P1/P2PNP2/1RBQKB1R w Kkq - 0 9,white,e2g1,381.0,0.7409127621606433,0,,23,teacher_candidate,tactics,,,
4555,tactics_0597,tactics,validation,generated_0091,rnb1kbnr/1p1p1p2/p3p3/2p3pp/4P2P/NPq3P1/P2PNP2/1RBQKB1R w Kkq - 0 9,white,f1g2,19.0,0.0474643082531221,0,,23,teacher_candidate,tactics,,,
4555,tactics_0597,tactics,validation,generated_0091,rnb1kbnr/1p1p1p2/p3p3/2p3pp/4P2P/NPq3P1/P2PNP2/1RBQKB1R w Kkq - 0 9,white,e2d4,-390.0,-0.7508932836251672,0,,23,teacher_candidate,tactics,,,
3281,tactics_0598,tactics,validation,generated_0065,r1bqkb1r/2ppp1pp/np5n/p4p2/4PP2/P5Q1/1PPPK1PP/RNB2BNR b k - 5 8,black,f5e4,383.0,0.7431596610505404,1,,22,teacher_candidate,tactics,,,
3281,tactics_0598,tactics,validation,generated_0065,r1bqkb1r/2ppp1pp/np5n/p4p2/4PP2/P5Q1/1PPPK1PP/RNB2BNR b k - 5 8,black,e7e6,270.0,0.5882592563981054,0,,22,teacher_candidate,tactics,,,
3281,tactics_0598,tactics,validation,generated_0065,r1bqkb1r/2ppp1pp/np5n/p4p2/4PP2/P5Q1/1PPPK1PP/RNB2BNR b k - 5 8,black,e7e5,208.0,0.477700012168498,0,,22,teacher_candidate,tactics,,,
3281,tactics_0598,tactics,validation,generated_0065,r1bqkb1r/2ppp1pp/np5n/p4p2/4PP2/P5Q1/1PPPK1PP/RNB2BNR b k - 5 8,black,c7c5,42.0,0.1046158191486505,0,,22,teacher_candidate,tactics,,,
3281,tactics_0598,tactics,validation,generated_0065,r1bqkb1r/2ppp1pp/np5n/p4p2/4PP2/P5Q1/1PPPK1PP/RNB2BNR b k - 5 8,black,a6b4,-269.0,-0.5866219743251164,0,,22,teacher_candidate,tactics,,,
2472,tactics_0599,tactics,validation,generated_0049,rnbq1bnr/p1pppk1p/5pp1/1p3P2/3B4/1P2P3/P1PPK1PP/RN1Q1BNR b - - 2 7,black,g8h6,161.0,0.3820860248314457,1,,23,teacher_candidate,tactics,,,
2472,tactics_0599,tactics,validation,generated_0049,rnbq1bnr/p1pppk1p/5pp1/1p3P2/3B4/1P2P3/P1PPK1PP/RN1Q1BNR b - - 2 7,black,e7e5,153.0,0.3648766043861295,0,,23,teacher_candidate,tactics,,,
2472,tactics_0599,tactics,validation,generated_0049,rnbq1bnr/p1pppk1p/5pp1/1p3P2/3B4/1P2P3/P1PPK1PP/RN1Q1BNR b - - 2 7,black,d7d5,133.0,0.3207653461584321,0,,23,teacher_candidate,tactics,,,
2472,tactics_0599,tactics,validation,generated_0049,rnbq1bnr/p1pppk1p/5pp1/1p3P2/3B4/1P2P3/P1PPK1PP/RN1Q1BNR b - - 2 7,black,f7g7,25.0,0.0624187467475125,0,,23,teacher_candidate,tactics,,,
2472,tactics_0599,tactics,validation,generated_0049,rnbq1bnr/p1pppk1p/5pp1/1p3P2/3B4/1P2P3/P1PPK1PP/RN1Q1BNR b - - 2 7,black,h7h6,-178.0,-0.4177803451322399,0,,23,teacher_candidate,tactics,,,
2384,tactics_0600,tactics,validation,generated_0047,1rbqkbnr/1p1n3p/p2p1p2/P1p1p1p1/1PP5/5PPN/3PP2P/RNBQKB1R b KQk - 0 10,black,c5b4,91.0,0.2236547380034742,1,,22,teacher_candidate,tactics,,,
2384,tactics_0600,tactics,validation,generated_0047,1rbqkbnr/1p1n3p/p2p1p2/P1p1p1p1/1PP5/5PPN/3PP2P/RNBQKB1R b KQk - 0 10,black,g8e7,18.0,0.0449696495836002,0,,22,teacher_candidate,tactics,,,
2384,tactics_0600,tactics,validation,generated_0047,1rbqkbnr/1p1n3p/p2p1p2/P1p1p1p1/1PP5/5PPN/3PP2P/RNBQKB1R b KQk - 0 10,black,b7b5,14.0,0.0349857153327794,0,,22,teacher_candidate,tactics,,,
2384,tactics_0600,tactics,validation,generated_0047,1rbqkbnr/1p1n3p/p2p1p2/P1p1p1p1/1PP5/5PPN/3PP2P/RNBQKB1R b KQk - 0 10,black,f8h6,-51.0,-0.1268135725243873,0,,22,teacher_candidate,tactics,,,
2384,tactics_0600,tactics,validation,generated_0047,1rbqkbnr/1p1n3p/p2p1p2/P1p1p1p1/1PP5/5PPN/3PP2P/RNBQKB1R b KQk - 0 10,black,d8b6,-819.0,-0.9672342455274456,0,,22,teacher_candidate,tactics,,,
2908,tactics_0601,tactics,validation,generated_0058,rnbk1bnr/pp1p1pp1/N3p3/1qp4p/1PP3P1/8/PB1PPP1P/R2QKBNR b KQ - 2 8,black,b5a6,426.0,0.7875700166496489,1,,30,teacher_candidate,tactics,,,
2908,tactics_0601,tactics,validation,generated_0058,rnbk1bnr/pp1p1pp1/N3p3/1qp4p/1PP3P1/8/PB1PPP1P/R2QKBNR b KQ - 2 8,black,b5b6,140.0,0.3363755443363322,0,,30,teacher_candidate,tactics,,,
2908,tactics_0601,tactics,validation,generated_0058,rnbk1bnr/pp1p1pp1/N3p3/1qp4p/1PP3P1/8/PB1PPP1P/R2QKBNR b KQ - 2 8,black,b5c6,103.0,0.2519557155332075,0,,30,teacher_candidate,tactics,,,
2908,tactics_0601,tactics,validation,generated_0058,rnbk1bnr/pp1p1pp1/N3p3/1qp4p/1PP3P1/8/PB1PPP1P/R2QKBNR b KQ - 2 8,black,d7d6,-947.0,-0.982588022141084,0,,30,teacher_candidate,tactics,,,
2908,tactics_0601,tactics,validation,generated_0058,rnbk1bnr/pp1p1pp1/N3p3/1qp4p/1PP3P1/8/PB1PPP1P/R2QKBNR b KQ - 2 8,black,g7g6,-1073.0,-0.9906886330674952,0,,30,teacher_candidate,tactics,,,
1945,tactics_0602,tactics,validation,generated_0038,rnb1kb1r/1p2ppp1/1qp2n1p/p2p4/3PPNQP/8/PPP2PP1/RNB1KB1R w KQkq - 2 7,white,g4c8,832.0,0.9692645888694488,1,,47,teacher_candidate,tactics,,,
1945,tactics_0602,tactics,validation,generated_0038,rnb1kb1r/1p2ppp1/1qp2n1p/p2p4/3PPNQP/8/PPP2PP1/RNB1KB1R w KQkq - 2 7,white,f4d5,231.0,0.5208460039774621,0,,47,teacher_candidate,tactics,,,
1945,tactics_0602,tactics,validation,generated_0038,rnb1kb1r/1p2ppp1/1qp2n1p/p2p4/3PPNQP/8/PPP2PP1/RNB1KB1R w KQkq - 2 7,white,g4f3,213.0,0.4872897835125242,0,,47,teacher_candidate,tactics,,,
1945,tactics_0602,tactics,validation,generated_0038,rnb1kb1r/1p2ppp1/1qp2n1p/p2p4/3PPNQP/8/PPP2PP1/RNB1KB1R w KQkq - 2 7,white,a2a4,-858.0,-0.9729607207080608,0,,47,teacher_candidate,tactics,,,
1945,tactics_0602,tactics,validation,generated_0038,rnb1kb1r/1p2ppp1/1qp2n1p/p2p4/3PPNQP/8/PPP2PP1/RNB1KB1R w KQkq - 2 7,white,c1d2,-1013.0,-0.9874514088806744,0,,47,teacher_candidate,tactics,,,
1130,tactics_0603,tactics,validation,generated_0022,r1bqkbnr/1p1npp1p/2pp3B/6p1/p1P3P1/2NP1P1N/PP2P2P/R2QKB1R b KQkq - 1 7,black,g8h6,792.0,0.9625869800912908,1,,25,teacher_candidate,tactics,,,
1130,tactics_0603,tactics,validation,generated_0022,r1bqkbnr/1p1npp1p/2pp3B/6p1/p1P3P1/2NP1P1N/PP2P2P/R2QKB1R b KQkq - 1 7,black,f8h6,773.0,0.9589349975863708,0,,25,teacher_candidate,tactics,,,
1130,tactics_0603,tactics,validation,generated_0022,r1bqkbnr/1p1npp1p/2pp3B/6p1/p1P3P1/2NP1P1N/PP2P2P/R2QKB1R b KQkq - 1 7,black,a8a5,464.0,0.8210398813328771,0,,25,teacher_candidate,tactics,,,
1130,tactics_0603,tactics,validation,generated_0022,r1bqkbnr/1p1npp1p/2pp3B/6p1/p1P3P1/2NP1P1N/PP2P2P/R2QKB1R b KQkq - 1 7,black,f7f5,-47.0,-0.1169622248763227,0,,25,teacher_candidate,tactics,,,
1130,tactics_0603,tactics,validation,generated_0022,r1bqkbnr/1p1npp1p/2pp3B/6p1/p1P3P1/2NP1P1N/PP2P2P/R2QKB1R b KQkq - 1 7,black,f8g7,-959.0,-0.9835936988421032,0,,25,teacher_candidate,tactics,,,
2080,tactics_0604,tactics,validation,generated_0041,rnb1k2r/pppp1p2/4qn1p/4p1p1/4P3/b1N2Q1P/PPPP1PP1/1RB1KBNR w Kkq - 6 8,white,b2a3,793.0,0.96277010479055,1,,33,teacher_candidate,tactics,,,
2080,tactics_0604,tactics,validation,generated_0041,rnb1k2r/pppp1p2/4qn1p/4p1p1/4P3/b1N2Q1P/PPPP1PP1/1RB1KBNR w Kkq - 6 8,white,c3d5,416.0,0.7778880665771849,0,,33,teacher_candidate,tactics,,,
2080,tactics_0604,tactics,validation,generated_0041,rnb1k2r/pppp1p2/4qn1p/4p1p1/4P3/b1N2Q1P/PPPP1PP1/1RB1KBNR w Kkq - 6 8,white,d2d3,374.0,0.732916554933575,0,,33,teacher_candidate,tactics,,,
2080,tactics_0604,tactics,validation,generated_0041,rnb1k2r/pppp1p2/4qn1p/4p1p1/4P3/b1N2Q1P/PPPP1PP1/1RB1KBNR w Kkq - 6 8,white,e1d1,44.0,0.1095584702144295,0,,33,teacher_candidate,tactics,,,
2080,tactics_0604,tactics,validation,generated_0041,rnb1k2r/pppp1p2/4qn1p/4p1p1/4P3/b1N2Q1P/PPPP1PP1/1RB1KBNR w Kkq - 6 8,white,f3h5,-872.0,-0.9747656786413226,0,,33,teacher_candidate,tactics,,,
3028,tactics_0605,tactics,validation,generated_0060,1rbqk2r/pppp2pp/n2bp2B/5p2/P7/2PP3P/1P2PPPR/RNQ1KBN1 w Qk - 5 8,white,h6e3,603.0,0.9064943898009044,1,,31,teacher_candidate,tactics,,,
3028,tactics_0605,tactics,validation,generated_0060,1rbqk2r/pppp2pp/n2bp2B/5p2/P7/2PP3P/1P2PPPR/RNQ1KBN1 w Qk - 5 8,white,h6d2,517.0,0.8597798875571636,0,,31,teacher_candidate,tactics,,,
3028,tactics_0605,tactics,validation,generated_0060,1rbqk2r/pppp2pp/n2bp2B/5p2/P7/2PP3P/1P2PPPR/RNQ1KBN1 w Qk - 5 8,white,h6f4,494.0,0.8440235297412673,0,,31,teacher_candidate,tactics,,,
3028,tactics_0605,tactics,validation,generated_0060,1rbqk2r/pppp2pp/n2bp2B/5p2/P7/2PP3P/1P2PPPR/RNQ1KBN1 w Qk - 5 8,white,e2e4,22.0,0.0549446086891874,0,,31,teacher_candidate,tactics,,,
3028,tactics_0605,tactics,validation,generated_0060,1rbqk2r/pppp2pp/n2bp2B/5p2/P7/2PP3P/1P2PPPR/RNQ1KBN1 w Qk - 5 8,white,c1f4,-560.0,-0.8853516482022625,0,,31,teacher_candidate,tactics,,,
1072,tactics_0606,tactics,validation,generated_0021,rnbqkb1r/pppppp1p/6p1/1n6/P7/3BP1PP/1P1P1P2/RNBQ1KNR w kq - 1 8,white,a4b5,386.0,0.7464988397557184,1,,33,teacher_candidate,tactics,,,
1072,tactics_0606,tactics,validation,generated_0021,rnbqkb1r/pppppp1p/6p1/1n6/P7/3BP1PP/1P1P1P2/RNBQ1KNR w kq - 1 8,white,d3b5,346.0,0.6988248405083122,0,,33,teacher_candidate,tactics,,,
1072,tactics_0606,tactics,validation,generated_0021,rnbqkb1r/pppppp1p/6p1/1n6/P7/3BP1PP/1P1P1P2/RNBQ1KNR w kq - 1 8,white,f1e1,47.0,0.1169622248763227,0,,33,teacher_candidate,tactics,,,
1072,tactics_0606,tactics,validation,generated_0021,rnbqkb1r/pppppp1p/6p1/1n6/P7/3BP1PP/1P1P1P2/RNBQ1KNR w kq - 1 8,white,h1h2,-146.0,-0.349610545164627,0,,33,teacher_candidate,tactics,,,
1072,tactics_0606,tactics,validation,generated_0021,rnbqkb1r/pppppp1p/6p1/1n6/P7/3BP1PP/1P1P1P2/RNBQ1KNR w kq - 1 8,white,d1h5,-826.0,-0.9683433720658204,0,,33,teacher_candidate,tactics,,,
3270,tactics_0607,tactics,validation,generated_0065,r1bqkb1r/p1ppppp1/1p6/3n3p/P7/1Q1P2PB/1P2PP1P/RNB1K1NR w KQkq - 0 10,white,b3d5,830.0,0.9689604868431824,1,,37,teacher_candidate,tactics,,,
3270,tactics_0607,tactics,validation,generated_0065,r1bqkb1r/p1ppppp1/1p6/3n3p/P7/1Q1P2PB/1P2PP1P/RNB1K1NR w KQkq - 0 10,white,h3g2,725.0,0.9480852856044064,0,,37,teacher_candidate,tactics,,,
3270,tactics_0607,tactics,validation,generated_0065,r1bqkb1r/p1ppppp1/1p6/3n3p/P7/1Q1P2PB/1P2PP1P/RNB1K1NR w KQkq - 0 10,white,b1a3,681.0,0.9357208654906952,0,,37,teacher_candidate,tactics,,,
3270,tactics_0607,tactics,validation,generated_0065,r1bqkb1r/p1ppppp1/1p6/3n3p/P7/1Q1P2PB/1P2PP1P/RNB1K1NR w KQkq - 0 10,white,b3c2,545.0,0.8769716366107312,0,,37,teacher_candidate,tactics,,,
3270,tactics_0607,tactics,validation,generated_0065,r1bqkb1r/p1ppppp1/1p6/3n3p/P7/1Q1P2PB/1P2PP1P/RNB1K1NR w KQkq - 0 10,white,b3b6,-891.0,-0.9770263217408068,0,,37,teacher_candidate,tactics,,,
2696,tactics_0608,tactics,validation,generated_0053,rnbqkbnr/p2pp3/p1p4p/5pp1/1P6/N3PP2/P1PP2PP/R1BQK1NR w KQkq - 0 8,white,h2h4,-439.0,-0.7995992196179786,1,,22,teacher_candidate,tactics,,,
2696,tactics_0608,tactics,validation,generated_0053,rnbqkbnr/p2pp3/p1p4p/5pp1/1P6/N3PP2/P1PP2PP/R1BQK1NR w KQkq - 0 8,white,c2c4,-440.0,-0.8004990217606297,0,,22,teacher_candidate,tactics,,,
2696,tactics_0608,tactics,validation,generated_0053,rnbqkbnr/p2pp3/p1p4p/5pp1/1P6/N3PP2/P1PP2PP/R1BQK1NR w KQkq - 0 8,white,c1b2,-453.0,-0.8118731484163844,0,,22,teacher_candidate,tactics,,,
2696,tactics_0608,tactics,validation,generated_0053,rnbqkbnr/p2pp3/p1p4p/5pp1/1P6/N3PP2/P1PP2PP/R1BQK1NR w KQkq - 0 8,white,a1b1,-656.0,-0.9274725672507032,0,,22,teacher_candidate,tactics,,,
2696,tactics_0608,tactics,validation,generated_0053,rnbqkbnr/p2pp3/p1p4p/5pp1/1P6/N3PP2/P1PP2PP/R1BQK1NR w KQkq - 0 8,white,a3b5,-998.0,-0.9864806789785736,0,,22,teacher_candidate,tactics,,,
3786,tactics_0609,tactics,validation,generated_0075,rn2kbnr/1bpp2pp/pp2p2q/5p2/1P3PQ1/2PPP3/P5PP/RNB1KBNR b KQkq - 1 8,black,f5g4,666.0,0.930887539427447,1,,35,teacher_candidate,tactics,,,
3786,tactics_0609,tactics,validation,generated_0075,rn2kbnr/1bpp2pp/pp2p2q/5p2/1P3PQ1/2PPP3/P5PP/RNB1KBNR b KQkq - 1 8,black,f8b4,286.0,0.6138026315335672,0,,35,teacher_candidate,tactics,,,
3786,tactics_0609,tactics,validation,generated_0075,rn2kbnr/1bpp2pp/pp2p2q/5p2/1P3PQ1/2PPP3/P5PP/RNB1KBNR b KQkq - 1 8,black,g8f6,278.0,0.601184486302663,0,,35,teacher_candidate,tactics,,,
3786,tactics_0609,tactics,validation,generated_0075,rn2kbnr/1bpp2pp/pp2p2q/5p2/1P3PQ1/2PPP3/P5PP/RNB1KBNR b KQkq - 1 8,black,b7d5,67.0,0.165950908402399,0,,35,teacher_candidate,tactics,,,
3786,tactics_0609,tactics,validation,generated_0075,rn2kbnr/1bpp2pp/pp2p2q/5p2/1P3PQ1/2PPP3/P5PP/RNB1KBNR b KQkq - 1 8,black,h6f4,-908.0,-0.9788786239267536,0,,35,teacher_candidate,tactics,,,
4066,tactics_0610,tactics,validation,generated_0081,rn1qkb1r/p1p2pp1/4p2Q/3p1P2/1pbP2nP/P7/1PP1P3/RNB1KBNR b KQkq - 0 10,black,h8h6,883.0,0.9760999521718934,1,,42,teacher_candidate,tactics,,,
4066,tactics_0610,tactics,validation,generated_0081,rn1qkb1r/p1p2pp1/4p2Q/3p1P2/1pbP2nP/P7/1PP1P3/RNB1KBNR b KQkq - 0 10,black,g4h6,760.0,0.9562374581277392,0,,42,teacher_candidate,tactics,,,
4066,tactics_0610,tactics,validation,generated_0081,rn1qkb1r/p1p2pp1/4p2Q/3p1P2/1pbP2nP/P7/1PP1P3/RNB1KBNR b KQkq - 0 10,black,g7h6,745.0,0.9529093018793192,0,,42,teacher_candidate,tactics,,,
4066,tactics_0610,tactics,validation,generated_0081,rn1qkb1r/p1p2pp1/4p2Q/3p1P2/1pbP2nP/P7/1PP1P3/RNB1KBNR b KQkq - 0 10,black,b8d7,-219.0,-0.4986441688103595,0,,42,teacher_candidate,tactics,,,
4066,tactics_0610,tactics,validation,generated_0081,rn1qkb1r/p1p2pp1/4p2Q/3p1P2/1pbP2nP/P7/1PP1P3/RNB1KBNR b KQkq - 0 10,black,d8g5,-1016.0,-0.9876370782167776,0,,42,teacher_candidate,tactics,,,
737,tactics_0611,tactics,validation,generated_0014,rn1qkr2/p1ppppbp/1p5n/7p/7R/1PN5/PBPPBPP1/R2QK1N1 b Qq - 0 10,black,g7c3,-708.0,-0.9436094240597148,1,,24,teacher_candidate,tactics,,,
737,tactics_0611,tactics,validation,generated_0014,rn1qkr2/p1ppppbp/1p5n/7p/7R/1PN5/PBPPBPP1/R2QK1N1 b Qq - 0 10,black,h6g4,-763.0,-0.9568749486599412,0,,24,teacher_candidate,tactics,,,
737,tactics_0611,tactics,validation,generated_0014,rn1qkr2/p1ppppbp/1p5n/7p/7R/1PN5/PBPPBPP1/R2QK1N1 b Qq - 0 10,black,d7d5,-777.0,-0.9597317672286502,0,,24,teacher_candidate,tactics,,,
737,tactics_0611,tactics,validation,generated_0014,rn1qkr2/p1ppppbp/1p5n/7p/7R/1PN5/PBPPBPP1/R2QK1N1 b Qq - 0 10,black,g7e5,-848.0,-0.9715940772546178,0,,24,teacher_candidate,tactics,,,
737,tactics_0611,tactics,validation,generated_0014,rn1qkr2/p1ppppbp/1p5n/7p/7R/1PN5/PBPPBPP1/R2QK1N1 b Qq - 0 10,black,f7f5,-1006.0,-0.9870073354313232,0,,24,teacher_candidate,tactics,,,
3165,tactics_0612,tactics,validation,generated_0063,rnb1kbn1/pp1pp1pr/1q6/5p1p/Q1p2P1P/NPP2N2/P2PP1P1/R1B1KB1R w KQq - 0 8,white,e2e3,560.0,0.8853516482022625,1,,31,teacher_candidate,tactics,,,
3165,tactics_0612,tactics,validation,generated_0063,rnb1kbn1/pp1pp1pr/1q6/5p1p/Q1p2P1P/NPP2N2/P2PP1P1/R1B1KB1R w KQq - 0 8,white,f3g5,556.0,0.8831708889152075,0,,31,teacher_candidate,tactics,,,
3165,tactics_0612,tactics,validation,generated_0063,rnb1kbn1/pp1pp1pr/1q6/5p1p/Q1p2P1P/NPP2N2/P2PP1P1/R1B1KB1R w KQq - 0 8,white,a3c4,504.0,0.8510641096679439,0,,31,teacher_candidate,tactics,,,
3165,tactics_0612,tactics,validation,generated_0063,rnb1kbn1/pp1pp1pr/1q6/5p1p/Q1p2P1P/NPP2N2/P2PP1P1/R1B1KB1R w KQq - 0 8,white,g2g4,274.0,0.5947603071377392,0,,31,teacher_candidate,tactics,,,
3165,tactics_0612,tactics,validation,generated_0063,rnb1kbn1/pp1pp1pr/1q6/5p1p/Q1p2P1P/NPP2N2/P2PP1P1/R1B1KB1R w KQq - 0 8,white,a4c6,-927.0,-0.9807743917349984,0,,31,teacher_candidate,tactics,,,
4580,tactics_0613,tactics,validation,generated_0091,r1bq1br1/1ppppkpp/p6n/4PpQ1/3n4/5N1P/PPPP1PP1/RNB1KB1R b KQ - 7 8,black,d4c2,238.0,0.5334821284570855,1,,24,teacher_candidate,tactics,,,
4580,tactics_0613,tactics,validation,generated_0091,r1bq1br1/1ppppkpp/p6n/4PpQ1/3n4/5N1P/PPPP1PP1/RNB1KB1R b KQ - 7 8,black,d4f3,-54.0,-0.1341858099309086,0,,24,teacher_candidate,tactics,,,
4580,tactics_0613,tactics,validation,generated_0091,r1bq1br1/1ppppkpp/p6n/4PpQ1/3n4/5N1P/PPPP1PP1/RNB1KB1R b KQ - 7 8,black,d4e6,-107.0,-0.2612970513021489,0,,24,teacher_candidate,tactics,,,
4580,tactics_0613,tactics,validation,generated_0091,r1bq1br1/1ppppkpp/p6n/4PpQ1/3n4/5N1P/PPPP1PP1/RNB1KB1R b KQ - 7 8,black,b7b5,-738.0,-0.9512728113694444,0,,24,teacher_candidate,tactics,,,
4580,tactics_0613,tactics,validation,generated_0091,r1bq1br1/1ppppkpp/p6n/4PpQ1/3n4/5N1P/PPPP1PP1/RNB1KB1R b KQ - 7 8,black,f7e6,-985.0,-0.985579281173962,0,,24,teacher_candidate,tactics,,,
3277,tactics_0614,tactics,validation,generated_0065,rn1qkbnr/2p1pp1p/4b3/p5p1/2pp2P1/1P1P1K1N/P3PP1P/RNBQ1B1R b kq - 3 10,black,e6d5,747.0,0.9533669369540612,1,,29,teacher_candidate,tactics,,,
3277,tactics_0614,tactics,validation,generated_0065,rn1qkbnr/2p1pp1p/4b3/p5p1/2pp2P1/1P1P1K1N/P3PP1P/RNBQ1B1R b kq - 3 10,black,d8d5,726.0,0.948337522950672,0,,29,teacher_candidate,tactics,,,
3277,tactics_0614,tactics,validation,generated_0065,rn1qkbnr/2p1pp1p/4b3/p5p1/2pp2P1/1P1P1K1N/P3PP1P/RNBQ1B1R b kq - 3 10,black,h7h5,684.0,0.9366475432418871,0,,29,teacher_candidate,tactics,,,
3277,tactics_0614,tactics,validation,generated_0065,rn1qkbnr/2p1pp1p/4b3/p5p1/2pp2P1/1P1P1K1N/P3PP1P/RNBQ1B1R b kq - 3 10,black,b8c6,486.0,0.8381730655690693,0,,29,teacher_candidate,tactics,,,
3277,tactics_0614,tactics,validation,generated_0065,rn1qkbnr/2p1pp1p/4b3/p5p1/2pp2P1/1P1P1K1N/P3PP1P/RNBQ1B1R b kq - 3 10,black,e6f5,-163.0,-0.3863478986519003,0,,29,teacher_candidate,tactics,,,
2469,tactics_0615,tactics,validation,generated_0049,r1bq1b1r/2ppk1pp/2N1pp1n/pp6/6P1/2PP3B/P1N1PP1P/R1BQK2R b KQ - 1 10,black,d7c6,-56.0,-0.139092447878458,1,,4,teacher_candidate,tactics,,,
2469,tactics_0615,tactics,validation,generated_0049,r1bq1b1r/2ppk1pp/2N1pp1n/pp6/6P1/2PP3B/P1N1PP1P/R1BQK2R b KQ - 1 10,black,e7e8,-870.0,-0.9745153010717768,0,,4,teacher_candidate,tactics,,,
2469,tactics_0615,tactics,validation,generated_0049,r1bq1b1r/2ppk1pp/2N1pp1n/pp6/6P1/2PP3B/P1N1PP1P/R1BQK2R b KQ - 1 10,black,e7d6,-939.0,-0.9818838624745584,0,,4,teacher_candidate,tactics,,,
2469,tactics_0615,tactics,validation,generated_0049,r1bq1b1r/2ppk1pp/2N1pp1n/pp6/6P1/2PP3B/P1N1PP1P/R1BQK2R b KQ - 1 10,black,e7f7,-944.0,-0.9823271990787844,0,,4,teacher_candidate,tactics,,,
4207,tactics_0616,tactics,validation,generated_0084,r1bqkb1r/1pp1pppp/p2p4/6B1/1P1n2n1/P1NP4/2P1PPPP/RQ2KBNR w KQkq - 6 7,white,h2h3,95.0,0.2331330090426386,1,,33,teacher_candidate,tactics,,,
4207,tactics_0616,tactics,validation,generated_0084,r1bqkb1r/1pp1pppp/p2p4/6B1/1P1n2n1/P1NP4/2P1PPPP/RQ2KBNR w KQkq - 6 7,white,b1b2,54.0,0.1341858099309086,0,,33,teacher_candidate,tactics,,,
4207,tactics_0616,tactics,validation,generated_0084,r1bqkb1r/1pp1pppp/p2p4/6B1/1P1n2n1/P1NP4/2P1PPPP/RQ2KBNR w KQkq - 6 7,white,h2h4,33.0,0.0823133363004561,0,,33,teacher_candidate,tactics,,,
4207,tactics_0616,tactics,validation,generated_0084,r1bqkb1r/1pp1pppp/p2p4/6B1/1P1n2n1/P1NP4/2P1PPPP/RQ2KBNR w KQkq - 6 7,white,a1a2,-37.0,-0.0922370820915592,0,,33,teacher_candidate,tactics,,,
4207,tactics_0616,tactics,validation,generated_0084,r1bqkb1r/1pp1pppp/p2p4/6B1/1P1n2n1/P1NP4/2P1PPPP/RQ2KBNR w KQkq - 6 7,white,e1d1,-856.0,-0.9726926818052982,0,,33,teacher_candidate,tactics,,,
3637,tactics_0617,tactics,validation,generated_0072,rnbqk2r/pp1p1pp1/2p2n2/1P2p2p/2P3PP/b7/P2PPP2/RNBQKBNR w KQkq - 0 7,white,c1a3,498.0,0.8468756052963757,1,,24,teacher_candidate,tactics,,,
3637,tactics_0617,tactics,validation,generated_0072,rnbqk2r/pp1p1pp1/2p2n2/1P2p2p/2P3PP/b7/P2PPP2/RNBQKBNR w KQkq - 0 7,white,b1a3,420.0,0.7818063576087741,0,,24,teacher_candidate,tactics,,,
3637,tactics_0617,tactics,validation,generated_0072,rnbqk2r/pp1p1pp1/2p2n2/1P2p2p/2P3PP/b7/P2PPP2/RNBQKBNR w KQkq - 0 7,white,b1c3,204.0,0.4699451989330376,0,,24,teacher_candidate,tactics,,,
3637,tactics_0617,tactics,validation,generated_0072,rnbqk2r/pp1p1pp1/2p2n2/1P2p2p/2P3PP/b7/P2PPP2/RNBQKBNR w KQkq - 0 7,white,c4c5,-165.0,-0.3905933386951307,0,,24,teacher_candidate,tactics,,,
3637,tactics_0617,tactics,validation,generated_0072,rnbqk2r/pp1p1pp1/2p2n2/1P2p2p/2P3PP/b7/P2PPP2/RNBQKBNR w KQkq - 0 7,white,c1b2,-878.0,-0.975502330524807,0,,24,teacher_candidate,tactics,,,
526,tactics_0618,tactics,validation,generated_0010,rnb1kb1r/p1ppq1p1/5p1n/1p2p2p/1P2PP2/B2P3N/P1PQ2PP/RN2KBR1 b Qkq - 3 10,black,b8c6,161.0,0.3820860248314457,1,,29,teacher_candidate,tactics,,,
526,tactics_0618,tactics,validation,generated_0010,rnb1kb1r/p1ppq1p1/5p1n/1p2p2p/1P2PP2/B2P3N/P1PQ2PP/RN2KBR1 b Qkq - 3 10,black,c8b7,118.0,0.2867302913888035,0,,29,teacher_candidate,tactics,,,
526,tactics_0618,tactics,validation,generated_0010,rnb1kb1r/p1ppq1p1/5p1n/1p2p2p/1P2PP2/B2P3N/P1PQ2PP/RN2KBR1 b Qkq - 3 10,black,c7c6,115.0,0.2798321934754683,0,,29,teacher_candidate,tactics,,,
526,tactics_0618,tactics,validation,generated_0010,rnb1kb1r/p1ppq1p1/5p1n/1p2p2p/1P2PP2/B2P3N/P1PQ2PP/RN2KBR1 b Qkq - 3 10,black,e7e6,41.0,0.1021425386146839,0,,29,teacher_candidate,tactics,,,
526,tactics_0618,tactics,validation,generated_0010,rnb1kb1r/p1ppq1p1/5p1n/1p2p2p/1P2PP2/B2P3N/P1PQ2PP/RN2KBR1 b Qkq - 3 10,black,e7c5,-846.0,-0.9713126878730238,0,,29,teacher_candidate,tactics,,,
1316,tactics_0619,tactics,validation,generated_0026,r1bqkb2/p2pp2r/n3Bnp1/1p3p1p/1p4P1/N2PPN1P/P1PQ1P2/R1B1K2R b KQq - 1 10,black,d7e6,826.0,0.9683433720658204,1,,28,teacher_candidate,tactics,,,
1316,tactics_0619,tactics,validation,generated_0026,r1bqkb2/p2pp2r/n3Bnp1/1p3p1p/1p4P1/N2PPN1P/P1PQ1P2/R1B1K2R b KQq - 1 10,black,h5g4,578.0,0.8946997631293941,0,,28,teacher_candidate,tactics,,,
1316,tactics_0619,tactics,validation,generated_0026,r1bqkb2/p2pp2r/n3Bnp1/1p3p1p/1p4P1/N2PPN1P/P1PQ1P2/R1B1K2R b KQq - 1 10,black,b4a3,536.0,0.8716722471896521,0,,28,teacher_candidate,tactics,,,
1316,tactics_0619,tactics,validation,generated_0026,r1bqkb2/p2pp2r/n3Bnp1/1p3p1p/1p4P1/N2PPN1P/P1PQ1P2/R1B1K2R b KQq - 1 10,black,h7h8,292.0,0.623065349572361,0,,28,teacher_candidate,tactics,,,
1316,tactics_0619,tactics,validation,generated_0026,r1bqkb2/p2pp2r/n3Bnp1/1p3p1p/1p4P1/N2PPN1P/P1PQ1P2/R1B1K2R b KQq - 1 10,black,f6d5,-229.0,-0.51719292375787,0,,28,teacher_candidate,tactics,,,
4147,tactics_0620,tactics,validation,generated_0082,rnNqkb1r/p1pppp2/6p1/1p5p/4B1P1/4P3/PPPP1n1P/R1BQ1KNR b kq - 0 9,black,f2d1,638.0,0.920912440898094,1,,28,teacher_candidate,tactics,,,
4147,tactics_0620,tactics,validation,generated_0082,rnNqkb1r/p1pppp2/6p1/1p5p/4B1P1/4P3/PPPP1n1P/R1BQ1KNR b kq - 0 9,black,f2e4,621.0,0.9141970392864124,0,,28,teacher_candidate,tactics,,,
4147,tactics_0620,tactics,validation,generated_0082,rnNqkb1r/p1pppp2/6p1/1p5p/4B1P1/4P3/PPPP1n1P/R1BQ1KNR b kq - 0 9,black,d7d5,130.0,0.3140209253469976,0,,28,teacher_candidate,tactics,,,
4147,tactics_0620,tactics,validation,generated_0082,rnNqkb1r/p1pppp2/6p1/1p5p/4B1P1/4P3/PPPP1n1P/R1BQ1KNR b kq - 0 9,black,a7a5,-411.0,-0.7729037335620444,0,,28,teacher_candidate,tactics,,,
4147,tactics_0620,tactics,validation,generated_0082,rnNqkb1r/p1pppp2/6p1/1p5p/4B1P1/4P3/PPPP1n1P/R1BQ1KNR b kq - 0 9,black,f7f6,-99999.0,-1.0,0,,28,teacher_candidate,tactics,,,
921,tactics_0621,tactics,validation,generated_0018,r1bqkb1r/2pnpp1p/8/pp1p2p1/3P1PnP/4P1Q1/PPPN4/R1B1KBNR b KQkq - 0 9,black,h7h5,94.0,0.2307675127823643,1,,31,teacher_candidate,tactics,,,
921,tactics_0621,tactics,validation,generated_0018,r1bqkb1r/2pnpp1p/8/pp1p2p1/3P1PnP/4P1Q1/PPPN4/R1B1KBNR b KQkq - 0 9,black,f7f5,56.0,0.139092447878458,0,,31,teacher_candidate,tactics,,,
921,tactics_0621,tactics,validation,generated_0018,r1bqkb1r/2pnpp1p/8/pp1p2p1/3P1PnP/4P1Q1/PPPN4/R1B1KBNR b KQkq - 0 9,black,d7b8,15.0,0.0374824317570704,0,,31,teacher_candidate,tactics,,,
921,tactics_0621,tactics,validation,generated_0018,r1bqkb1r/2pnpp1p/8/pp1p2p1/3P1PnP/4P1Q1/PPPN4/R1B1KBNR b KQkq - 0 9,black,c8a6,-380.0,-0.7397830512740042,0,,31,teacher_candidate,tactics,,,
921,tactics_0621,tactics,validation,generated_0018,r1bqkb1r/2pnpp1p/8/pp1p2p1/3P1PnP/4P1Q1/PPPN4/R1B1KBNR b KQkq - 0 9,black,d7e5,-809.0,-0.9655832183699564,0,,31,teacher_candidate,tactics,,,
2842,tactics_0622,tactics,validation,generated_0056,rq2kbnr/pp2pp1p/2n1b1p1/2pp4/P1P5/3P1PP1/1P1KP2P/RNBQ1BNR w kq - 3 7,white,f1h3,-204.0,-0.4699451989330376,1,,25,teacher_candidate,tactics,,,
2842,tactics_0622,tactics,validation,generated_0056,rq2kbnr/pp2pp1p/2n1b1p1/2pp4/P1P5/3P1PP1/1P1KP2P/RNBQ1BNR w kq - 3 7,white,d2e1,-240.0,-0.5370495669980353,0,,25,teacher_candidate,tactics,,,
2842,tactics_0622,tactics,validation,generated_0056,rq2kbnr/pp2pp1p/2n1b1p1/2pp4/P1P5/3P1PP1/1P1KP2P/RNBQ1BNR w kq - 3 7,white,c4d5,-259.0,-0.5699845772562152,0,,25,teacher_candidate,tactics,,,
2842,tactics_0622,tactics,validation,generated_0056,rq2kbnr/pp2pp1p/2n1b1p1/2pp4/P1P5/3P1PP1/1P1KP2P/RNBQ1BNR w kq - 3 7,white,b1c3,-475.0,-0.8298019099859595,0,,25,teacher_candidate,tactics,,,
2842,tactics_0622,tactics,validation,generated_0056,rq2kbnr/pp2pp1p/2n1b1p1/2pp4/P1P5/3P1PP1/1P1KP2P/RNBQ1BNR w kq - 3 7,white,d3d4,-832.0,-0.9692645888694488,0,,25,teacher_candidate,tactics,,,
2699,tactics_0623,tactics,validation,generated_0053,r1bqkbnr/1p5p/p1np4/2p1ppP1/1P6/2BP2P1/P1PNP1BP/R2QK1NR w KQkq - 1 10,white,g2c6,265.0,0.5800247468527949,1,,34,teacher_candidate,tactics,,,
2699,tactics_0623,tactics,validation,generated_0053,r1bqkbnr/1p5p/p1np4/2p1ppP1/1P6/2BP2P1/P1PNP1BP/R2QK1NR w KQkq - 1 10,white,b4c5,246.0,0.5476371485389077,0,,34,teacher_candidate,tactics,,,
2699,tactics_0623,tactics,validation,generated_0053,r1bqkbnr/1p5p/p1np4/2p1ppP1/1P6/2BP2P1/P1PNP1BP/R2QK1NR w KQkq - 1 10,white,d2c4,184.0,0.4300842114019795,0,,34,teacher_candidate,tactics,,,
2699,tactics_0623,tactics,validation,generated_0053,r1bqkbnr/1p5p/p1np4/2p1ppP1/1P6/2BP2P1/P1PNP1BP/R2QK1NR w KQkq - 1 10,white,g2f3,3.0,0.0074998593781639,0,,34,teacher_candidate,tactics,,,
2699,tactics_0623,tactics,validation,generated_0053,r1bqkbnr/1p5p/p1np4/2p1ppP1/1P6/2BP2P1/P1PNP1BP/R2QK1NR w KQkq - 1 10,white,c3d4,-762.0,-0.956663467366079,0,,34,teacher_candidate,tactics,,,
1007,tactics_0624,tactics,validation,generated_0020,rnb1k1n1/1p1p1ppr/3bp1p1/pqp5/8/P2PPN1P/1PPK1PP1/RNB2B1R b q - 2 9,black,f7f5,745.0,0.9529093018793192,1,,38,teacher_candidate,tactics,,,
1007,tactics_0624,tactics,validation,generated_0020,rnb1k1n1/1p1p1ppr/3bp1p1/pqp5/8/P2PPN1P/1PPK1PP1/RNB2B1R b q - 2 9,black,d6f4,705.0,0.9427815713989078,0,,38,teacher_candidate,tactics,,,
1007,tactics_0624,tactics,validation,generated_0020,rnb1k1n1/1p1p1ppr/3bp1p1/pqp5/8/P2PPN1P/1PPK1PP1/RNB2B1R b q - 2 9,black,b5c6,574.0,0.8926866959856562,0,,38,teacher_candidate,tactics,,,
1007,tactics_0624,tactics,validation,generated_0020,rnb1k1n1/1p1p1ppr/3bp1p1/pqp5/8/P2PPN1P/1PPK1PP1/RNB2B1R b q - 2 9,black,h7h5,355.0,0.7101567370243542,0,,38,teacher_candidate,tactics,,,
1007,tactics_0624,tactics,validation,generated_0020,rnb1k1n1/1p1p1ppr/3bp1p1/pqp5/8/P2PPN1P/1PPK1PP1/RNB2B1R b q - 2 9,black,b5c4,-12.0,-0.0299910032388201,0,,38,teacher_candidate,tactics,,,
2975,tactics_0625,tactics,validation,generated_0059,1rb1kbnr/ppq1pppp/2pp4/8/n7/2N1PQPB/1PPP1P1P/R1B1K1NR b KQk - 5 9,black,a4c3,141.0,0.338590805554892,1,,31,teacher_candidate,tactics,,,
2975,tactics_0625,tactics,validation,generated_0059,1rb1kbnr/ppq1pppp/2pp4/8/n7/2N1PQPB/1PPP1P1P/R1B1K1NR b KQk - 5 9,black,c8h3,97.0,0.2378557096003806,0,,31,teacher_candidate,tactics,,,
2975,tactics_0625,tactics,validation,generated_0059,1rb1kbnr/ppq1pppp/2pp4/8/n7/2N1PQPB/1PPP1P1P/R1B1K1NR b KQk - 5 9,black,b7b5,70.0,0.1732351578346601,0,,31,teacher_candidate,tactics,,,
2975,tactics_0625,tactics,validation,generated_0059,1rb1kbnr/ppq1pppp/2pp4/8/n7/2N1PQPB/1PPP1P1P/R1B1K1NR b KQk - 5 9,black,a7a5,-508.0,-0.8537976531552436,0,,31,teacher_candidate,tactics,,,
2975,tactics_0625,tactics,validation,generated_0059,1rb1kbnr/ppq1pppp/2pp4/8/n7/2N1PQPB/1PPP1P1P/R1B1K1NR b KQk - 5 9,black,c7d7,-1068.0,-0.9904540397704736,0,,31,teacher_candidate,tactics,,,
886,tactics_0626,tactics,validation,generated_0017,rn2kbr1/p1qppppp/1p6/3P4/3nP3/5P1N/PPP1b1PP/1RBQKB1R b Kq - 2 9,black,e2d1,667.0,0.931220385101639,1,,43,teacher_candidate,tactics,,,
886,tactics_0626,tactics,validation,generated_0017,rn2kbr1/p1qppppp/1p6/3P4/3nP3/5P1N/PPP1b1PP/1RBQKB1R b Kq - 2 9,black,e7e5,385.0,0.7453899238492566,0,,43,teacher_candidate,tactics,,,
886,tactics_0626,tactics,validation,generated_0017,rn2kbr1/p1qppppp/1p6/3P4/3nP3/5P1N/PPP1b1PP/1RBQKB1R b Kq - 2 9,black,c7e5,373.0,0.7317573500386785,0,,43,teacher_candidate,tactics,,,
886,tactics_0626,tactics,validation,generated_0017,rn2kbr1/p1qppppp/1p6/3P4/3nP3/5P1N/PPP1b1PP/1RBQKB1R b Kq - 2 9,black,h7h5,-225.0,-0.5098299737352566,0,,43,teacher_candidate,tactics,,,
886,tactics_0626,tactics,validation,generated_0017,rn2kbr1/p1qppppp/1p6/3P4/3nP3/5P1N/PPP1b1PP/1RBQKB1R b Kq - 2 9,black,c7c3,-836.0,-0.9698640203788144,0,,43,teacher_candidate,tactics,,,
161,tactics_0627,tactics,validation,generated_0003,2bqkb1r/rppppp1p/n4n2/6N1/p1PP4/1Q3PPP/PP2PK2/RNB2B1R b k - 0 9,black,f6e4,680.0,0.935409070603099,1,,24,teacher_candidate,tactics,,,
161,tactics_0627,tactics,validation,generated_0003,2bqkb1r/rppppp1p/n4n2/6N1/p1PP4/1Q3PPP/PP2PK2/RNB2B1R b k - 0 9,black,f6g4,661.0,0.9291998847546564,0,,24,teacher_candidate,tactics,,,
161,tactics_0627,tactics,validation,generated_0003,2bqkb1r/rppppp1p/n4n2/6N1/p1PP4/1Q3PPP/PP2PK2/RNB2B1R b k - 0 9,black,a4b3,590.0,0.9005269768828865,0,,24,teacher_candidate,tactics,,,
161,tactics_0627,tactics,validation,generated_0003,2bqkb1r/rppppp1p/n4n2/6N1/p1PP4/1Q3PPP/PP2PK2/RNB2B1R b k - 0 9,black,e7e6,-182.0,-0.4260003255045633,0,,24,teacher_candidate,tactics,,,
161,tactics_0627,tactics,validation,generated_0003,2bqkb1r/rppppp1p/n4n2/6N1/p1PP4/1Q3PPP/PP2PK2/RNB2B1R b k - 0 9,black,a6b4,-651.0,-0.9257047311181208,0,,24,teacher_candidate,tactics,,,
3178,tactics_0628,tactics,validation,generated_0063,rnbqkb1r/p1pppn1p/8/1p4p1/4p1PP/P6N/1PPPPP2/R1BQKB1R w KQkq - 0 7,white,d2d3,-362.0,-0.7187237485317317,1,,20,teacher_candidate,tactics,,,
3178,tactics_0628,tactics,validation,generated_0063,rnbqkb1r/p1pppn1p/8/1p4p1/4p1PP/P6N/1PPPPP2/R1BQKB1R w KQkq - 0 7,white,h3g5,-364.0,-0.7211322540766999,0,,20,teacher_candidate,tactics,,,
3178,tactics_0628,tactics,validation,generated_0063,rnbqkb1r/p1pppn1p/8/1p4p1/4p1PP/P6N/1PPPPP2/R1BQKB1R w KQkq - 0 7,white,h4g5,-376.0,-0.7352222529158692,0,,20,teacher_candidate,tactics,,,
3178,tactics_0628,tactics,validation,generated_0063,rnbqkb1r/p1pppn1p/8/1p4p1/4p1PP/P6N/1PPPPP2/R1BQKB1R w KQkq - 0 7,white,c2c3,-644.0,-0.9231600289968692,0,,20,teacher_candidate,tactics,,,
3178,tactics_0628,tactics,validation,generated_0063,rnbqkb1r/p1pppn1p/8/1p4p1/4p1PP/P6N/1PPPPP2/R1BQKB1R w KQkq - 0 7,white,h3f4,-964.0,-0.9839955303715676,0,,20,teacher_candidate,tactics,,,
1578,tactics_0629,tactics,validation,generated_0031,rn1qkbr1/pbp1pp1p/1p1n4/3p4/2P5/P2P2B1/1P1QPPPP/RN2KBNR w KQq - 1 10,white,c4d5,165.0,0.3905933386951307,1,,31,teacher_candidate,tactics,,,
1578,tactics_0629,tactics,validation,generated_0031,rn1qkbr1/pbp1pp1p/1p1n4/3p4/2P5/P2P2B1/1P1QPPPP/RN2KBNR w KQq - 1 10,white,b1c3,150.0,0.3583573983507859,0,,31,teacher_candidate,tactics,,,
1578,tactics_0629,tactics,validation,generated_0031,rn1qkbr1/pbp1pp1p/1p1n4/3p4/2P5/P2P2B1/1P1QPPPP/RN2KBNR w KQq - 1 10,white,d2c2,133.0,0.3207653461584321,0,,31,teacher_candidate,tactics,,,
1578,tactics_0629,tactics,validation,generated_0031,rn1qkbr1/pbp1pp1p/1p1n4/3p4/2P5/P2P2B1/1P1QPPPP/RN2KBNR w KQq - 1 10,white,g3d6,1.0,0.0024999947916796,0,,31,teacher_candidate,tactics,,,
1578,tactics_0629,tactics,validation,generated_0031,rn1qkbr1/pbp1pp1p/1p1n4/3p4/2P5/P2P2B1/1P1QPPPP/RN2KBNR w KQq - 1 10,white,d2g5,-920.0,-0.9800963962661914,0,,31,teacher_candidate,tactics,,,
4216,tactics_0630,tactics,validation,generated_0084,1rbqk2r/p1p1ppb1/1pn2npp/3p4/2P1P1P1/P2P3P/1PQN1P2/R1B1KBNR w KQk - 0 9,white,c4d5,145.0,0.3474141989090428,1,,29,teacher_candidate,tactics,,,
4216,tactics_0630,tactics,validation,generated_0084,1rbqk2r/p1p1ppb1/1pn2npp/3p4/2P1P1P1/P2P3P/1PQN1P2/R1B1KBNR w KQk - 0 9,white,e4d5,0.0,0.0,0,,29,teacher_candidate,tactics,,,
4216,tactics_0630,tactics,validation,generated_0084,1rbqk2r/p1p1ppb1/1pn2npp/3p4/2P1P1P1/P2P3P/1PQN1P2/R1B1KBNR w KQk - 0 9,white,g1f3,-101.0,-0.247267256596452,0,,29,teacher_candidate,tactics,,,
4216,tactics_0630,tactics,validation,generated_0084,1rbqk2r/p1p1ppb1/1pn2npp/3p4/2P1P1P1/P2P3P/1PQN1P2/R1B1KBNR w KQk - 0 9,white,f2f3,-223.0,-0.5061201808426754,0,,29,teacher_candidate,tactics,,,
4216,tactics_0630,tactics,validation,generated_0084,1rbqk2r/p1p1ppb1/1pn2npp/3p4/2P1P1P1/P2P3P/1PQN1P2/R1B1KBNR w KQk - 0 9,white,e1e2,-904.0,-0.9784565399097168,0,,29,teacher_candidate,tactics,,,
4576,tactics_0631,tactics,validation,generated_0091,rnb1kb1r/pp1p1p1p/q4P1n/2p1p1p1/8/P2PP3/1PP3PP/RNBQK1NR b KQkq - 0 7,black,a6f6,841.0,0.9705971416215484,1,,27,teacher_candidate,tactics,,,
4576,tactics_0631,tactics,validation,generated_0091,rnb1kb1r/pp1p1p1p/q4P1n/2p1p1p1/8/P2PP3/1PP3PP/RNBQK1NR b KQkq - 0 7,black,h8g8,735.0,0.9505546004392488,0,,27,teacher_candidate,tactics,,,
4576,tactics_0631,tactics,validation,generated_0091,rnb1kb1r/pp1p1p1p/q4P1n/2p1p1p1/8/P2PP3/1PP3PP/RNBQK1NR b KQkq - 0 7,black,h6g8,701.0,0.9416594000937984,0,,27,teacher_candidate,tactics,,,
4576,tactics_0631,tactics,validation,generated_0091,rnb1kb1r/pp1p1p1p/q4P1n/2p1p1p1/8/P2PP3/1PP3PP/RNBQK1NR b KQkq - 0 7,black,b7b5,530.0,0.8680219810175624,0,,27,teacher_candidate,tactics,,,
4576,tactics_0631,tactics,validation,generated_0091,rnb1kb1r/pp1p1p1p/q4P1n/2p1p1p1/8/P2PP3/1PP3PP/RNBQK1NR b KQkq - 0 7,black,a6a3,-938.0,-0.9817938815835262,0,,27,teacher_candidate,tactics,,,
2474,tactics_0632,tactics,validation,generated_0049,1nb1qb1r/r1ppkppp/5n2/pp2p3/2P2PPP/1P1P3N/P1Q1P3/RNB1KB1R b KQ - 2 10,black,e7d8,-31.0,-0.0773452104130159,1,,30,teacher_candidate,tactics,,,
2474,tactics_0632,tactics,validation,generated_0049,1nb1qb1r/r1ppkppp/5n2/pp2p3/2P2PPP/1P1P3N/P1Q1P3/RNB1KB1R b KQ - 2 10,black,b5c4,-194.0,-0.4502389955796461,0,,30,teacher_candidate,tactics,,,
2474,tactics_0632,tactics,validation,generated_0049,1nb1qb1r/r1ppkppp/5n2/pp2p3/2P2PPP/1P1P3N/P1Q1P3/RNB1KB1R b KQ - 2 10,black,d7d6,-210.0,-0.481549798364308,0,,30,teacher_candidate,tactics,,,
2474,tactics_0632,tactics,validation,generated_0049,1nb1qb1r/r1ppkppp/5n2/pp2p3/2P2PPP/1P1P3N/P1Q1P3/RNB1KB1R b KQ - 2 10,black,d7d5,-313.0,-0.6541393002077227,0,,30,teacher_candidate,tactics,,,
2474,tactics_0632,tactics,validation,generated_0049,1nb1qb1r/r1ppkppp/5n2/pp2p3/2P2PPP/1P1P3N/P1Q1P3/RNB1KB1R b KQ - 2 10,black,f6d5,-785.0,-0.9612801390515048,0,,30,teacher_candidate,tactics,,,
3049,tactics_0633,tactics,validation,generated_0060,rnbq1b1r/p1ppkpp1/5n2/1p2p2p/3P1P2/P6N/1PPKP1PP/RNBQ1BR1 b - - 4 7,black,e5d4,269.0,0.5866219743251164,1,,30,teacher_candidate,tactics,,,
3049,tactics_0633,tactics,validation,generated_0060,rnbq1b1r/p1ppkpp1/5n2/1p2p2p/3P1P2/P6N/1PPKP1PP/RNBQ1BR1 b - - 4 7,black,e5f4,97.0,0.2378557096003806,0,,30,teacher_candidate,tactics,,,
3049,tactics_0633,tactics,validation,generated_0060,rnbq1b1r/p1ppkpp1/5n2/1p2p2p/3P1P2/P6N/1PPKP1PP/RNBQ1BR1 b - - 4 7,black,e5e4,94.0,0.2307675127823643,0,,30,teacher_candidate,tactics,,,
3049,tactics_0633,tactics,validation,generated_0060,rnbq1b1r/p1ppkpp1/5n2/1p2p2p/3P1P2/P6N/1PPKP1PP/RNBQ1BR1 b - - 4 7,black,f6g8,-173.0,-0.4074084759995413,0,,30,teacher_candidate,tactics,,,
3049,tactics_0633,tactics,validation,generated_0060,rnbq1b1r/p1ppkpp1/5n2/1p2p2p/3P1P2/P6N/1PPKP1PP/RNBQ1BR1 b - - 4 7,black,e7d6,-749.0,-0.9538202298220756,0,,30,teacher_candidate,tactics,,,
2379,tactics_0634,tactics,validation,generated_0047,1nbq1bnr/r1pp1kpp/1p2pp2/p7/P3NP2/7P/RP1PP1P1/2BQKBNR w K - 3 9,white,g1f3,-174.0,-0.4094913959961821,1,,23,teacher_candidate,tactics,,,
2379,tactics_0634,tactics,validation,generated_0047,1nbq1bnr/r1pp1kpp/1p2pp2/p7/P3NP2/7P/RP1PP1P1/2BQKBNR w K - 3 9,white,b2b3,-208.0,-0.477700012168498,0,,23,teacher_candidate,tactics,,,
2379,tactics_0634,tactics,validation,generated_0047,1nbq1bnr/r1pp1kpp/1p2pp2/p7/P3NP2/7P/RP1PP1P1/2BQKBNR w K - 3 9,white,e4c3,-226.0,-0.5116777981895941,0,,23,teacher_candidate,tactics,,,
2379,tactics_0634,tactics,validation,generated_0047,1nbq1bnr/r1pp1kpp/1p2pp2/p7/P3NP2/7P/RP1PP1P1/2BQKBNR w K - 3 9,white,d2d4,-312.0,-0.65270670596199,0,,23,teacher_candidate,tactics,,,
2379,tactics_0634,tactics,validation,generated_0047,1nbq1bnr/r1pp1kpp/1p2pp2/p7/P3NP2/7P/RP1PP1P1/2BQKBNR w K - 3 9,white,e4d6,-877.0,-0.9753810469886988,0,,23,teacher_candidate,tactics,,,
127,tactics_0635,tactics,validation,generated_0002,1nb3nr/1p1Rbkpp/r1p2p2/p3p1q1/P4PQ1/4P3/1PPPK1PP/1NB2BNR b - - 2 9,black,g5g4,887.0,0.9765676601183906,1,,25,teacher_candidate,tactics,,,
127,tactics_0635,tactics,validation,generated_0002,1nb3nr/1p1Rbkpp/r1p2p2/p3p1q1/P4PQ1/4P3/1PPPK1PP/1NB2BNR b - - 2 9,black,c8d7,489.0,0.8403900815184251,0,,25,teacher_candidate,tactics,,,
127,tactics_0635,tactics,validation,generated_0002,1nb3nr/1p1Rbkpp/r1p2p2/p3p1q1/P4PQ1/4P3/1PPPK1PP/1NB2BNR b - - 2 9,black,e5f4,129.0,0.3117656824156273,0,,25,teacher_candidate,tactics,,,
127,tactics_0635,tactics,validation,generated_0002,1nb3nr/1p1Rbkpp/r1p2p2/p3p1q1/P4PQ1/4P3/1PPPK1PP/1NB2BNR b - - 2 9,black,b8d7,-794.0,-0.9629523500734012,0,,25,teacher_candidate,tactics,,,
127,tactics_0635,tactics,validation,generated_0002,1nb3nr/1p1Rbkpp/r1p2p2/p3p1q1/P4PQ1/4P3/1PPPK1PP/1NB2BNR b - - 2 9,black,b7b5,-883.0,-0.9760999521718934,0,,25,teacher_candidate,tactics,,,
3792,tactics_0636,tactics,validation,generated_0075,r3kbnr/pppbp1p1/5p1p/3p2P1/Q2P4/q2P3P/PP2PPBR/R1B1K1N1 b Qkq - 1 10,black,a3a4,810.0,0.9657519333685444,1,,32,teacher_candidate,tactics,,,
3792,tactics_0636,tactics,validation,generated_0075,r3kbnr/pppbp1p1/5p1p/3p2P1/Q2P4/q2P3P/PP2PPBR/R1B1K1N1 b Qkq - 1 10,black,a3d6,365.0,0.7223300129053857,0,,32,teacher_candidate,tactics,,,
3792,tactics_0636,tactics,validation,generated_0075,r3kbnr/pppbp1p1/5p1p/3p2P1/Q2P4/q2P3P/PP2PPBR/R1B1K1N1 b Qkq - 1 10,black,a3d3,152.0,0.3627074675780511,0,,32,teacher_candidate,tactics,,,
3792,tactics_0636,tactics,validation,generated_0075,r3kbnr/pppbp1p1/5p1p/3p2P1/Q2P4/q2P3P/PP2PPBR/R1B1K1N1 b Qkq - 1 10,black,d7c6,-795.0,-0.9631337199977804,0,,32,teacher_candidate,tactics,,,
3792,tactics_0636,tactics,validation,generated_0075,r3kbnr/pppbp1p1/5p1p/3p2P1/Q2P4/q2P3P/PP2PPBR/R1B1K1N1 b Qkq - 1 10,black,d7b5,-1089.0,-0.9914014471601932,0,,32,teacher_candidate,tactics,,,
2196,tactics_0637,tactics,validation,generated_0043,1rbqk1nr/ppp4p/8/nNbpppp1/Q1P2P2/6PN/PP1PP2P/R1B1KB1R w Qk - 0 10,white,a4a5,716.0,0.945760565596474,1,,30,teacher_candidate,tactics,,,
2196,tactics_0637,tactics,validation,generated_0043,1rbqk1nr/ppp4p/8/nNbpppp1/Q1P2P2/6PN/PP1PP2P/R1B1KB1R w Qk - 0 10,white,b5c7,696.0,0.9402266403927276,0,,30,teacher_candidate,tactics,,,
2196,tactics_0637,tactics,validation,generated_0043,1rbqk1nr/ppp4p/8/nNbpppp1/Q1P2P2/6PN/PP1PP2P/R1B1KB1R w Qk - 0 10,white,b5a3,673.0,0.9331852212249364,0,,30,teacher_candidate,tactics,,,
2196,tactics_0637,tactics,validation,generated_0043,1rbqk1nr/ppp4p/8/nNbpppp1/Q1P2P2/6PN/PP1PP2P/R1B1KB1R w Qk - 0 10,white,f1g2,170.0,0.4011342849479459,0,,30,teacher_candidate,tactics,,,
2196,tactics_0637,tactics,validation,generated_0043,1rbqk1nr/ppp4p/8/nNbpppp1/Q1P2P2/6PN/PP1PP2P/R1B1KB1R w Qk - 0 10,white,a4b3,-967.0,-0.984231927309232,0,,30,teacher_candidate,tactics,,,
4402,tactics_0638,tactics,validation,generated_0088,rnbq1bnr/1p1kpp2/p2p2p1/2p4p/3P2P1/4PN1P/PPPN1P2/R1BQKBR1 w Q - 1 8,white,d4c5,302.0,0.638122413695716,1,,32,teacher_candidate,tactics,,,
4402,tactics_0638,tactics,validation,generated_0088,rnbq1bnr/1p1kpp2/p2p2p1/2p4p/3P2P1/4PN1P/PPPN1P2/R1BQKBR1 w Q - 1 8,white,g4g5,196.0,0.4542164326822591,0,,32,teacher_candidate,tactics,,,
4402,tactics_0638,tactics,validation,generated_0088,rnbq1bnr/1p1kpp2/p2p2p1/2p4p/3P2P1/4PN1P/PPPN1P2/R1BQKBR1 w Q - 1 8,white,d2c4,182.0,0.4260003255045633,0,,32,teacher_candidate,tactics,,,
4402,tactics_0638,tactics,validation,generated_0088,rnbq1bnr/1p1kpp2/p2p2p1/2p4p/3P2P1/4PN1P/PPPN1P2/R1BQKBR1 w Q - 1 8,white,a2a3,73.0,0.1805005038603668,0,,32,teacher_candidate,tactics,,,
4402,tactics_0638,tactics,validation,generated_0088,rnbq1bnr/1p1kpp2/p2p2p1/2p4p/3P2P1/4PN1P/PPPN1P2/R1BQKBR1 w Q - 1 8,white,f1a6,-690.0,-0.938462281285704,0,,32,teacher_candidate,tactics,,,
781,tactics_0639,tactics,validation,generated_0015,r1bqkbnr/p2ppp2/n7/1Np3pp/3P1B2/6PN/PPPQPP1P/1R2KB1R b Kkq - 3 8,black,g5f4,241.0,0.5388261224574971,1,,25,teacher_candidate,tactics,,,
781,tactics_0639,tactics,validation,generated_0015,r1bqkbnr/p2ppp2/n7/1Np3pp/3P1B2/6PN/PPPQPP1P/1R2KB1R b Kkq - 3 8,black,d8b6,-142.0,-0.3408023196177371,0,,25,teacher_candidate,tactics,,,
781,tactics_0639,tactics,validation,generated_0015,r1bqkbnr/p2ppp2/n7/1Np3pp/3P1B2/6PN/PPPQPP1P/1R2KB1R b Kkq - 3 8,black,c8b7,-149.0,-0.356176499103255,0,,25,teacher_candidate,tactics,,,
781,tactics_0639,tactics,validation,generated_0015,r1bqkbnr/p2ppp2/n7/1Np3pp/3P1B2/6PN/PPPQPP1P/1R2KB1R b Kkq - 3 8,black,g8h6,-481.0,-0.8344155694676939,0,,25,teacher_candidate,tactics,,,
781,tactics_0639,tactics,validation,generated_0015,r1bqkbnr/p2ppp2/n7/1Np3pp/3P1B2/6PN/PPPQPP1P/1R2KB1R b Kkq - 3 8,black,a6c7,-1032.0,-0.9885821584459532,0,,25,teacher_candidate,tactics,,,
799,tactics_0640,tactics,validation,generated_0015,r1bqkbn1/p1pppp2/2n4r/6pp/1p1P2P1/4PN1P/PPP2PR1/RNBQKB2 w Qq - 1 9,white,g4h5,238.0,0.5334821284570855,1,,32,teacher_candidate,tactics,,,
799,tactics_0640,tactics,validation,generated_0015,r1bqkbn1/p1pppp2/2n4r/6pp/1p1P2P1/4PN1P/PPP2PR1/RNBQKB2 w Qq - 1 9,white,f3g5,232.0,0.5226654296858209,0,,32,teacher_candidate,tactics,,,
799,tactics_0640,tactics,validation,generated_0015,r1bqkbn1/p1pppp2/2n4r/6pp/1p1P2P1/4PN1P/PPP2PR1/RNBQKB2 w Qq - 1 9,white,e3e4,209.0,0.4796272133393758,0,,32,teacher_candidate,tactics,,,
799,tactics_0640,tactics,validation,generated_0015,r1bqkbn1/p1pppp2/2n4r/6pp/1p1P2P1/4PN1P/PPP2PR1/RNBQKB2 w Qq - 1 9,white,b2b3,52.0,0.1292725836060583,0,,32,teacher_candidate,tactics,,,
799,tactics_0640,tactics,validation,generated_0015,r1bqkbn1/p1pppp2/2n4r/6pp/1p1P2P1/4PN1P/PPP2PR1/RNBQKB2 w Qq - 1 9,white,f1a6,-383.0,-0.7431596610505404,0,,32,teacher_candidate,tactics,,,
253,tactics_0641,tactics,validation,generated_0005,rnbqkb1r/1p1pn3/5p2/p1p2p2/3P4/N2Q1P2/PPP1P1PP/1RB1KB1R w Kk - 2 10,white,d4d5,-65.0,-0.1610846096413192,1,,35,teacher_candidate,tactics,,,
253,tactics_0641,tactics,validation,generated_0005,rnbqkb1r/1p1pn3/5p2/p1p2p2/3P4/N2Q1P2/PPP1P1PP/1RB1KB1R w Kk - 2 10,white,a3b5,-136.0,-0.3274773948087053,0,,35,teacher_candidate,tactics,,,
253,tactics_0641,tactics,validation,generated_0005,rnbqkb1r/1p1pn3/5p2/p1p2p2/3P4/N2Q1P2/PPP1P1PP/1RB1KB1R w Kk - 2 10,white,d4c5,-136.0,-0.3274773948087053,0,,35,teacher_candidate,tactics,,,
253,tactics_0641,tactics,validation,generated_0005,rnbqkb1r/1p1pn3/5p2/p1p2p2/3P4/N2Q1P2/PPP1P1PP/1RB1KB1R w Kk - 2 10,white,d3c3,-354.0,-0.7089153421260694,0,,35,teacher_candidate,tactics,,,
253,tactics_0641,tactics,validation,generated_0005,rnbqkb1r/1p1pn3/5p2/p1p2p2/3P4/N2Q1P2/PPP1P1PP/1RB1KB1R w Kk - 2 10,white,d3f5,-1050.0,-0.9895597486128832,0,,35,teacher_candidate,tactics,,,
4270,tactics_0642,tactics,validation,generated_0085,rnbqkb1r/p2n1p1p/1pp5/3p2pP/QP2pP2/2P4R/P2PP1P1/RNB1KBN1 b Qkq - 2 9,black,g5f4,517.0,0.8597798875571636,1,,28,teacher_candidate,tactics,,,
4270,tactics_0642,tactics,validation,generated_0085,rnbqkb1r/p2n1p1p/1pp5/3p2pP/QP2pP2/2P4R/P2PP1P1/RNB1KBN1 b Qkq - 2 9,black,b6b5,499.0,0.8475811144033204,0,,28,teacher_candidate,tactics,,,
4270,tactics_0642,tactics,validation,generated_0085,rnbqkb1r/p2n1p1p/1pp5/3p2pP/QP2pP2/2P4R/P2PP1P1/RNB1KBN1 b Qkq - 2 9,black,d7f6,489.0,0.8403900815184251,0,,28,teacher_candidate,tactics,,,
4270,tactics_0642,tactics,validation,generated_0085,rnbqkb1r/p2n1p1p/1pp5/3p2pP/QP2pP2/2P4R/P2PP1P1/RNB1KBN1 b Qkq - 2 9,black,h7h6,258.0,0.5682943783549709,0,,28,teacher_candidate,tactics,,,
4270,tactics_0642,tactics,validation,generated_0085,rnbqkb1r/p2n1p1p/1pp5/3p2pP/QP2pP2/2P4R/P2PP1P1/RNB1KBN1 b Qkq - 2 9,black,e4e3,-733.0,-0.9500700718647336,0,,28,teacher_candidate,tactics,,,
2976,tactics_0643,tactics,validation,generated_0059,rnbqkbr1/1p2pppp/2p5/p2p4/3Pn2P/P2Q1P2/1PP1P1PR/RNB1KBN1 w Qq - 2 8,white,f3e4,651.0,0.9257047311181208,1,,32,teacher_candidate,tactics,,,
2976,tactics_0643,tactics,validation,generated_0059,rnbqkbr1/1p2pppp/2p5/p2p4/3Pn2P/P2Q1P2/1PP1P1PR/RNB1KBN1 w Qq - 2 8,white,c1e3,386.0,0.7464988397557184,0,,32,teacher_candidate,tactics,,,
2976,tactics_0643,tactics,validation,generated_0059,rnbqkbr1/1p2pppp/2p5/p2p4/3Pn2P/P2Q1P2/1PP1P1PR/RNB1KBN1 w Qq - 2 8,white,g2g4,191.0,0.4442392116987145,0,,32,teacher_candidate,tactics,,,
2976,tactics_0643,tactics,validation,generated_0059,rnbqkbr1/1p2pppp/2p5/p2p4/3Pn2P/P2Q1P2/1PP1P1PR/RNB1KBN1 w Qq - 2 8,white,h4h5,-181.0,-0.423951838825587,0,,32,teacher_candidate,tactics,,,
2976,tactics_0643,tactics,validation,generated_0059,rnbqkbr1/1p2pppp/2p5/p2p4/3Pn2P/P2Q1P2/1PP1P1PR/RNB1KBN1 w Qq - 2 8,white,d3d2,-975.0,-0.9848455174642784,0,,32,teacher_candidate,tactics,,,
880,tactics_0644,tactics,validation,generated_0017,rnb1qbnr/ppppp2p/4k3/6p1/3P1p2/1PP2P1N/P2QP1PP/RNB1KB1R w KQ - 3 7,white,h3g5,1055.0,0.9898162067961978,1,,25,teacher_candidate,tactics,,,
880,tactics_0644,tactics,validation,generated_0017,rnb1qbnr/ppppp2p/4k3/6p1/3P1p2/1PP2P1N/P2QP1PP/RNB1KB1R w KQ - 3 7,white,e2e4,556.0,0.8831708889152075,0,,25,teacher_candidate,tactics,,,
880,tactics_0644,tactics,validation,generated_0017,rnb1qbnr/ppppp2p/4k3/6p1/3P1p2/1PP2P1N/P2QP1PP/RNB1KB1R w KQ - 3 7,white,d4d5,498.0,0.8468756052963757,0,,25,teacher_candidate,tactics,,,
880,tactics_0644,tactics,validation,generated_0017,rnb1qbnr/ppppp2p/4k3/6p1/3P1p2/1PP2P1N/P2QP1PP/RNB1KB1R w KQ - 3 7,white,d2d1,320.0,0.6640367702678489,0,,25,teacher_candidate,tactics,,,
880,tactics_0644,tactics,validation,generated_0017,rnb1qbnr/ppppp2p/4k3/6p1/3P1p2/1PP2P1N/P2QP1PP/RNB1KB1R w KQ - 3 7,white,d2f4,-695.0,-0.9399360232214236,0,,25,teacher_candidate,tactics,,,
4448,tactics_0645,tactics,validation,generated_0088,r1bqk1nr/1p2bp1p/3p2p1/p1P1p3/NnP5/P7/4PPPP/R1BQKBNR w KQkq - 2 9,white,a3b4,315.0,0.6569904600491983,1,,32,teacher_candidate,tactics,,,
4448,tactics_0645,tactics,validation,generated_0088,r1bqk1nr/1p2bp1p/3p2p1/p1P1p3/NnP5/P7/4PPPP/R1BQKBNR w KQkq - 2 9,white,a4b6,254.0,0.5614854958242566,0,,32,teacher_candidate,tactics,,,
4448,tactics_0645,tactics,validation,generated_0088,r1bqk1nr/1p2bp1p/3p2p1/p1P1p3/NnP5/P7/4PPPP/R1BQKBNR w KQkq - 2 9,white,c1b2,221.0,0.5023915644617227,0,,32,teacher_candidate,tactics,,,
4448,tactics_0645,tactics,validation,generated_0088,r1bqk1nr/1p2bp1p/3p2p1/p1P1p3/NnP5/P7/4PPPP/R1BQKBNR w KQkq - 2 9,white,a1a2,22.0,0.0549446086891874,0,,32,teacher_candidate,tactics,,,
4448,tactics_0645,tactics,validation,generated_0088,r1bqk1nr/1p2bp1p/3p2p1/p1P1p3/NnP5/P7/4PPPP/R1BQKBNR w KQkq - 2 9,white,d1c2,-1266.0,-0.996442272452428,0,,32,teacher_candidate,tactics,,,
1648,tactics_0646,tactics,validation,generated_0032,rnbqk2r/p1pppp1p/5n1b/1p6/2P3P1/N4P2/PP1PP1P1/1RBQKBNR b Kkq - 0 8,black,h6f4,-360.0,-0.7162978701990244,1,,29,teacher_candidate,tactics,,,
1648,tactics_0646,tactics,validation,generated_0032,rnbqk2r/p1pppp1p/5n1b/1p6/2P3P1/N4P2/PP1PP1P1/1RBQKBNR b Kkq - 0 8,black,h6g7,-409.0,-0.7708828415345883,0,,29,teacher_candidate,tactics,,,
1648,tactics_0646,tactics,validation,generated_0032,rnbqk2r/p1pppp1p/5n1b/1p6/2P3P1/N4P2/PP1PP1P1/1RBQKBNR b Kkq - 0 8,black,h6g5,-485.0,-0.8374278407728539,0,,29,teacher_candidate,tactics,,,
1648,tactics_0646,tactics,validation,generated_0032,rnbqk2r/p1pppp1p/5n1b/1p6/2P3P1/N4P2/PP1PP1P1/1RBQKBNR b Kkq - 0 8,black,h6e3,-816.0,-0.9667472877842368,0,,29,teacher_candidate,tactics,,,
1648,tactics_0646,tactics,validation,generated_0032,rnbqk2r/p1pppp1p/5n1b/1p6/2P3P1/N4P2/PP1PP1P1/1RBQKBNR b Kkq - 0 8,black,h6d2,-991.0,-0.9860024949798332,0,,29,teacher_candidate,tactics,,,
894,tactics_0647,tactics,validation,generated_0017,r1b1kbnr/3ppp1p/n1pq2p1/6P1/p4P2/1PNP4/P1P1P2P/R1BQKBNR w KQkq - 1 9,white,c3a4,245.0,0.5458845187934771,1,,26,teacher_candidate,tactics,,,
894,tactics_0647,tactics,validation,generated_0017,r1b1kbnr/3ppp1p/n1pq2p1/6P1/p4P2/1PNP4/P1P1P2P/R1BQKBNR w KQkq - 1 9,white,c1b2,162.0,0.3842190086035763,0,,26,teacher_candidate,tactics,,,
894,tactics_0647,tactics,validation,generated_0017,r1b1kbnr/3ppp1p/n1pq2p1/6P1/p4P2/1PNP4/P1P1P2P/R1BQKBNR w KQkq - 1 9,white,c1d2,162.0,0.3842190086035763,0,,26,teacher_candidate,tactics,,,
894,tactics_0647,tactics,validation,generated_0017,r1b1kbnr/3ppp1p/n1pq2p1/6P1/p4P2/1PNP4/P1P1P2P/R1BQKBNR w KQkq - 1 9,white,b3a4,85.0,0.2093581694280187,0,,26,teacher_candidate,tactics,,,
894,tactics_0647,tactics,validation,generated_0017,r1b1kbnr/3ppp1p/n1pq2p1/6P1/p4P2/1PNP4/P1P1P2P/R1BQKBNR w KQkq - 1 9,white,c1a3,-694.0,-0.9396440370282482,0,,26,teacher_candidate,tactics,,,
41,tactics_0648,tactics,validation,generated_0000,rn1q1bnr/p1pppk1p/8/5pp1/1Pp2P2/4P1PN/P1QP2bP/RNB1KB1R w KQ - 1 9,white,f1g2,1025.0,0.9881778622875124,1,,32,teacher_candidate,tactics,,,
41,tactics_0648,tactics,validation,generated_0000,rn1q1bnr/p1pppk1p/8/5pp1/1Pp2P2/4P1PN/P1QP2bP/RNB1KB1R w KQ - 1 9,white,c2c4,965.0,0.9840747173979166,0,,32,teacher_candidate,tactics,,,
41,tactics_0648,tactics,validation,generated_0000,rn1q1bnr/p1pppk1p/8/5pp1/1Pp2P2/4P1PN/P1QP2bP/RNB1KB1R w KQ - 1 9,white,c2f5,963.0,0.983915952786863,0,,32,teacher_candidate,tactics,,,
41,tactics_0648,tactics,validation,generated_0000,rn1q1bnr/p1pppk1p/8/5pp1/1Pp2P2/4P1PN/P1QP2bP/RNB1KB1R w KQ - 1 9,white,a2a4,0.0,0.0,0,,32,teacher_candidate,tactics,,,
41,tactics_0648,tactics,validation,generated_0000,rn1q1bnr/p1pppk1p/8/5pp1/1Pp2P2/4P1PN/P1QP2bP/RNB1KB1R w KQ - 1 9,white,c2e4,-845.0,-0.9711709648689576,0,,32,teacher_candidate,tactics,,,
2278,tactics_0649,tactics,validation,generated_0045,rn1q1bnr/1p3k1p/3p1p2/pPp1pbp1/2B2P1P/2P1P2R/P1QP2P1/RNB1K1N1 b Q - 2 9,black,d6d5,-146.0,-0.349610545164627,1,,6,teacher_candidate,tactics,,,
2278,tactics_0649,tactics,validation,generated_0045,rn1q1bnr/1p3k1p/3p1p2/pPp1pbp1/2B2P1P/2P1P2R/P1QP2P1/RNB1K1N1 b Q - 2 9,black,f5e6,-407.0,-0.7688463106489329,0,,6,teacher_candidate,tactics,,,
2278,tactics_0649,tactics,validation,generated_0045,rn1q1bnr/1p3k1p/3p1p2/pPp1pbp1/2B2P1P/2P1P2R/P1QP2P1/RNB1K1N1 b Q - 2 9,black,f7g6,-770.0,-0.9583273109626392,0,,6,teacher_candidate,tactics,,,
2278,tactics_0649,tactics,validation,generated_0045,rn1q1bnr/1p3k1p/3p1p2/pPp1pbp1/2B2P1P/2P1P2R/P1QP2P1/RNB1K1N1 b Q - 2 9,black,f7g7,-779.0,-0.9601244542600316,0,,6,teacher_candidate,tactics,,,
2278,tactics_0649,tactics,validation,generated_0045,rn1q1bnr/1p3k1p/3p1p2/pPp1pbp1/2B2P1P/2P1P2R/P1QP2P1/RNB1K1N1 b Q - 2 9,black,f7e7,-889.0,-0.976798110969781,0,,6,teacher_candidate,tactics,,,
