step,stage,position_id,selected_move,cp_best,cp_move,regret_cp,raw_signal,running_signal_mean,centered_advantage,applied_advantage,mate_flag,mate_distance,selected_is_teacher_best,control,pass_kind,eligibility_mean_abs,rms_log_ratio,elapsed_s
0,movement,movement_0000,f3a1,100.0,-100.0,200.0,0.07576568547998053,0.0037882842739990264,0.07576568547998053,0.07576568547998053,1,,0,reward_aversive,curriculum,8.975116895244484e-06,0.0010533170508214929,825.0381323000183
1,movement,movement_0001,h7a1,100.0,-100.0,200.0,0.07576568547998053,0.007387154334298101,0.0719774012059815,0.0719774012059815,1,,0,reward_aversive,curriculum,1.3713614130850361e-05,0.0017801246600671098,826.5471806999994
2,movement,movement_0002,b4a1,100.0,-100.0,200.0,0.07576568547998053,0.010806080891582222,0.06837853114568243,0.06837853114568243,1,,0,reward_aversive,curriculum,9.199980353998532e-06,0.0025836410502362846,828.7912320999894
3,movement,movement_0003,b4a1,100.0,-100.0,200.0,0.07576568547998053,0.014054061121002137,0.0649596045883983,0.0649596045883983,1,,0,reward_aversive,curriculum,1.1895405508996884e-05,0.00332716977159412,831.2508150000358
4,movement,movement_0004,g7a1,100.0,100.0,0.0,1.0,0.06335135806495203,0.9859459388789978,0.9859459388789978,1,,1,reward_aversive,curriculum,1.465316903787883e-05,0.016161786088934194,833.3879136999603
5,movement,movement_0005,b1a1,100.0,100.0,0.0,1.0,0.11018379016170443,0.9366486419350479,0.9366486419350479,1,,1,reward_aversive,curriculum,9.07175658117914e-06,0.026352980153335814,835.4103813000256
6,movement,movement_0006,b3a1,100.0,-100.0,200.0,0.07576568547998053,0.10846288492761823,-0.034418104681723904,-0.034418104681723904,1,,0,reward_aversive,curriculum,7.629184069832457e-06,0.02614280998144362,836.6443047999637
7,movement,movement_0007,a6a1,100.0,-100.0,200.0,0.07576568547998053,0.10682802495523633,-0.0326971994476377,-0.0326971994476377,1,,0,reward_aversive,curriculum,8.966541855362248e-06,0.025971720649860284,838.6295574000105
8,movement,movement_0008,a5a1,100.0,-100.0,200.0,0.07576568547998053,0.10527490798147353,-0.0310623394752558,-0.0310623394752558,1,,0,reward_aversive,curriculum,9.877619067261372e-06,0.02581402712947634,840.639268900035
9,movement,movement_0009,c3a1,100.0,-100.0,200.0,0.07576568547998053,0.10379944685639887,-0.029509222501493,-0.029509222501493,1,,0,reward_aversive,curriculum,9.42707046756269e-06,0.025718391948983337,842.4695616000099
10,movement,movement_0010,h8a1,100.0,100.0,0.0,1.0,0.14860947451357892,0.8962005531436011,0.8962005531436011,1,,1,reward_aversive,curriculum,9.316777454408688e-06,0.03152398483557119,844.3882323999424
11,movement,movement_0011,g6a1,100.0,-100.0,200.0,0.07576568547998053,0.144967285061899,-0.0728437890335984,-0.0728437890335984,1,,0,reward_aversive,curriculum,9.655803984958246e-06,0.031284259527541144,846.7206144999946
12,movement,movement_0012,b2a1,100.0,-100.0,200.0,0.07576568547998053,0.14150720508280304,-0.06920159958191846,-0.06920159958191846,1,,0,reward_aversive,curriculum,9.191774214107867e-06,0.030528789627521497,848.144834900042
13,movement,movement_0013,f2a1,100.0,-100.0,200.0,0.07576568547998053,0.1382201291026619,-0.06574151960282251,-0.06574151960282251,1,,0,reward_aversive,curriculum,9.72669939866717e-06,0.029789963679887416,850.3459142999491
14,movement,movement_0014,h4f2,100.0,100.0,0.0,1.0,0.1813091226475288,0.8617798708973381,0.8617798708973381,1,,1,reward_aversive,curriculum,1.0310084956506185e-05,0.03748653025104194,852.596648799954
15,movement,movement_0015,h7a1,100.0,-100.0,200.0,0.07576568547998053,0.17603195078915138,-0.10554343716754827,-0.10554343716754827,1,,0,reward_aversive,curriculum,1.2007445151541675e-05,0.03625342785757005,854.733031700016
16,movement,movement_0016,c7a1,100.0,-100.0,200.0,0.07576568547998053,0.1710186375236928,-0.10026626530917085,-0.10026626530917085,1,,0,reward_aversive,curriculum,1.6053584529508387e-05,0.035465097458425,856.8225774000166
17,movement,movement_0017,b5a1,100.0,-100.0,200.0,0.07576568547998053,0.1662559899215072,-0.09525295204371229,-0.09525295204371229,1,,0,reward_aversive,curriculum,1.0292447333020299e-05,0.03447756083170782,858.9177193000214
18,movement,movement_0018,g5a1,100.0,-100.0,200.0,0.07576568547998053,0.16173147469943086,-0.09049030444152667,-0.09049030444152667,1,,0,reward_aversive,curriculum,9.793018561909662e-06,0.03395730307944041,860.3266273000045
19,movement,movement_0019,a4a1,100.0,-100.0,200.0,0.07576568547998053,0.15743318523845834,-0.08596578921945033,-0.08596578921945033,1,,0,reward_aversive,curriculum,7.693704913677018e-06,0.03343047503843191,861.8913179000374
20,movement,movement_0020,f4a1,100.0,-100.0,200.0,0.07576568547998053,0.15334981025053443,-0.08166749975847781,-0.08166749975847781,1,,0,reward_aversive,curriculum,1.4127707352089292e-05,0.03298718658623209,863.8858193999622
21,movement,movement_0021,h1a1,100.0,-100.0,200.0,0.07576568547998053,0.14947060401200674,-0.0775841247705539,-0.0775841247705539,1,,0,reward_aversive,curriculum,1.0475551726084782e-05,0.032589661568963674,865.9285428000148
22,movement,movement_0022,f6a1,100.0,100.0,0.0,1.0,0.1919970738114064,0.8505293959879933,0.8505293959879933,1,,1,reward_aversive,curriculum,6.461085512118314e-06,0.03701084582533724,868.1540503000142
23,movement,movement_0023,a6a1,100.0,-100.0,200.0,0.07576568547998053,0.18618550439483508,-0.11623138833142588,-0.11623138833142588,1,,0,reward_aversive,curriculum,1.194625060868836e-05,0.03631968669110588,870.0263115999987
24,movement,movement_0024,h2a1,100.0,-100.0,200.0,0.07576568547998053,0.18066451344909235,-0.11041981891485456,-0.11041981891485456,1,,0,reward_aversive,curriculum,1.3508346763556808e-05,0.03522466006845468,871.3796881999588
25,movement,movement_0025,c8a1,100.0,-100.0,200.0,0.07576568547998053,0.17541957205063674,-0.10489882796911182,-0.10489882796911182,1,,0,reward_aversive,curriculum,1.3752374764124852e-05,0.03417646433603687,873.0582262999378
26,movement,movement_0026,b2a1,100.0,100.0,0.0,1.0,0.2166485934481049,0.8245804279493633,0.8245804279493633,1,,1,reward_aversive,curriculum,1.2367290103091091e-05,0.04184370032405949,874.9998658000259
27,movement,movement_0027,h3a1,100.0,-100.0,200.0,0.07576568547998053,0.20960444804969866,-0.14088290796812436,-0.14088290796812436,1,,0,reward_aversive,curriculum,1.5004958880998736e-05,0.04049020884526938,876.8111911000451
28,movement,movement_0028,c3a1,100.0,100.0,0.0,1.0,0.2491242256472137,0.7903955519503013,0.7903955519503013,1,,1,reward_aversive,curriculum,1.1141993806894308e-05,0.045960230628236905,878.6606621999526
29,movement,movement_0029,c1a1,100.0,-100.0,200.0,0.07576568547998053,0.24045629863885204,-0.17335854016723318,-0.17335854016723318,1,,0,reward_aversive,curriculum,1.9826441315221732e-05,0.04432992142387357,880.559052299941
30,movement,movement_0030,f4a1,100.0,-100.0,200.0,0.07576568547998053,0.23222176798090846,-0.1646906131588715,-0.1646906131588715,1,,0,reward_aversive,curriculum,9.607359524164732e-06,0.04348041423785937,881.8246991999913
31,movement,movement_0031,h7a1,100.0,-100.0,200.0,0.07576568547998053,0.22439896385586205,-0.15645608250092793,-0.15645608250092793,1,,0,reward_aversive,curriculum,9.445469708152185e-06,0.042534391424997056,883.4454390000319
32,movement,movement_0032,f6a1,100.0,100.0,0.0,1.0,0.26317901566306895,0.7756010361441379,0.7756010361441379,1,,1,reward_aversive,curriculum,9.68608110038939e-06,0.04612159013260679,885.1585289000068
33,movement,movement_0033,b4a1,100.0,-100.0,200.0,0.07576568547998053,0.25380834915391454,-0.18741333018308842,-0.18741333018308842,1,,0,reward_aversive,curriculum,7.780653485220821e-06,0.04460747613832066,887.0433256999822
34,movement,movement_0034,g3a1,100.0,-100.0,200.0,0.07576568547998053,0.2449062159702178,-0.178042663673934,-0.178042663673934,1,,0,reward_aversive,curriculum,8.53189871956667e-06,0.04347276695493745,889.249831299996
35,movement,movement_0035,c7a1,100.0,-100.0,200.0,0.07576568547998053,0.23644918944570592,-0.16914053049023728,-0.16914053049023728,1,,0,reward_aversive,curriculum,1.1369525592141735e-05,0.04260412666081868,891.1892431000015
36,movement,movement_0036,f2a1,100.0,-100.0,200.0,0.07576568547998053,0.22841501424741964,-0.1606835039657254,-0.1606835039657254,1,,0,reward_aversive,curriculum,9.589104628653976e-06,0.04089378292963279,892.4508542999392
37,movement,movement_0037,d5a1,100.0,-100.0,200.0,0.07576568547998053,0.22078254780904766,-0.1526493287674391,-0.1526493287674391,1,,0,reward_aversive,curriculum,1.3038584344267441e-05,0.039281185368997815,894.1551963000093
38,movement,movement_0038,d8a1,100.0,-100.0,200.0,0.07576568547998053,0.21353170469259428,-0.14501686232906713,-0.14501686232906713,1,,0,reward_aversive,curriculum,1.3360089397597073e-05,0.03791825733542076,895.8846380000468
39,movement,movement_0039,f3a1,100.0,-100.0,200.0,0.07576568547998053,0.20664340373196358,-0.13776601921261375,-0.13776601921261375,1,,0,reward_aversive,curriculum,1.012326114901746e-05,0.036694674440154694,897.9633874000283
40,movement,movement_0040,b3a1,100.0,-100.0,200.0,0.07576568547998053,0.20009951781936441,-0.13087771825198305,-0.13087771825198305,1,,0,reward_aversive,curriculum,1.18683529738793e-05,0.03547373108996733,899.7425948999589
41,movement,movement_0041,g1f2,100.0,100.0,0.0,1.0,0.2400945419283962,0.7999004821806356,0.7999004821806356,1,,1,reward_aversive,curriculum,1.1304296336605017e-05,0.04177095044330707,901.9533570000203
42,movement,movement_0042,a5a1,100.0,-100.0,200.0,0.07576568547998053,0.2318780991059754,-0.16432885644841566,-0.16432885644841566,1,,0,reward_aversive,curriculum,9.763836366037212e-06,0.041004976252188755,903.3594174999744
43,movement,movement_0043,b3a1,100.0,100.0,0.0,1.0,0.2702841941506766,0.7681219008940245,0.7681219008940245,1,,1,reward_aversive,curriculum,1.0702371943992707e-05,0.04411709759552365,905.80822180002
44,movement,movement_0044,e2a1,100.0,-100.0,200.0,0.07576568547998053,0.26055826871714177,-0.1945185086706961,-0.1945185086706961,1,,0,reward_aversive,curriculum,1.1162422167273339e-05,0.0430908956358967,907.9150501999538
45,movement,movement_0045,d4a1,100.0,-100.0,200.0,0.07576568547998053,0.2513186395552837,-0.18479258323716125,-0.18479258323716125,1,,0,reward_aversive,curriculum,6.730448274398442e-06,0.04189108431021241,910.1540907999733
46,movement,movement_0046,e2a1,100.0,-100.0,200.0,0.07576568547998053,0.24254099185151853,-0.1755529540753032,-0.1755529540753032,1,,0,reward_aversive,curriculum,1.229862661137562e-05,0.04122860763457954,912.5183493000222
47,movement,movement_0047,f3f2,100.0,100.0,0.0,1.0,0.2804139422589426,0.7574590081484814,0.7574590081484814,1,,1,reward_aversive,curriculum,1.1141311572096406e-05,0.044174001983252026,914.4458379000425
48,movement,movement_0048,a2a1,100.0,-100.0,200.0,0.07576568547998053,0.2701815294199945,-0.2046482567789621,-0.2046482567789621,1,,0,reward_aversive,curriculum,1.341258025339156e-05,0.04234785490273143,915.8685293999733
49,movement,movement_0049,d5a1,100.0,-100.0,200.0,0.07576568547998053,0.2604607372229938,-0.194415843940014,-0.194415843940014,1,,0,reward_aversive,curriculum,1.2877194553320222e-05,0.0405079441408489,917.5872400000226
50,movement,movement_0050,h5a1,100.0,-100.0,200.0,0.07576568547998053,0.2512259846358431,-0.18469505174301326,-0.18469505174301326,1,,0,reward_aversive,curriculum,1.0522540793296875e-05,0.038637150412796126,919.5973837999627
51,movement,movement_0051,d8a1,100.0,-100.0,200.0,0.07576568547998053,0.24245296967804997,-0.1754602991558626,-0.1754602991558626,1,,0,reward_aversive,curriculum,1.3940610174427718e-05,0.036860883583674973,922.1605064000469
52,movement,movement_0052,f2a1,100.0,-100.0,200.0,0.07576568547998053,0.23411860546814647,-0.16668728419806944,-0.16668728419806944,1,,0,reward_aversive,curriculum,1.117740921029808e-05,0.03569055310556938,924.2606305000372
53,movement,movement_0053,a1d1,100.0,-100.0,200.0,0.07576568547998053,0.22620095946873817,-0.15835291998816595,-0.15835291998816595,1,,0,reward_aversive,curriculum,1.0403246954077695e-05,0.03469237954643679,925.990277600009
54,movement,movement_0054,a2a1,100.0,-100.0,200.0,0.07576568547998053,0.21867919576930026,-0.15043527398875764,-0.15043527398875764,1,,0,reward_aversive,curriculum,7.2063606009068965e-06,0.03410776712964842,927.9688375999685
55,movement,movement_0055,d7a1,100.0,-100.0,200.0,0.07576568547998053,0.21153352025483427,-0.14291351028931973,-0.14291351028931973,1,,0,reward_aversive,curriculum,1.3286598220810644e-05,0.0337138345046976,930.1976506999927
56,movement,movement_0056,a5a1,100.0,-100.0,200.0,0.07576568547998053,0.20474512851609156,-0.13576783477485374,-0.13576783477485374,1,,0,reward_aversive,curriculum,9.807693100725967e-06,0.03335524218150191,932.2573670999845
57,movement,movement_0057,g3a1,100.0,-100.0,200.0,0.07576568547998053,0.198296156364286,-0.12897944303611103,-0.12897944303611103,1,,0,reward_aversive,curriculum,8.071833171289042e-06,0.03294006746167728,934.3748988000443
58,movement,movement_0058,f5a1,100.0,-100.0,200.0,0.07576568547998053,0.1921696328200707,-0.12253047088430546,-0.12253047088430546,1,,0,reward_aversive,curriculum,1.0418243134582457e-05,0.03282913243950751,936.222353399964
59,movement,movement_0059,h2a1,100.0,-100.0,200.0,0.07576568547998053,0.18634943545306618,-0.11640394734009019,-0.11640394734009019,1,,0,reward_aversive,curriculum,1.0193474971631242e-05,0.03258088279263734,938.0248468000209
60,movement,movement_0060,e3a1,100.0,-100.0,200.0,0.07576568547998053,0.18082024795441187,-0.11058374997308565,-0.11058374997308565,1,,0,reward_aversive,curriculum,1.589165899320575e-05,0.03191412684981008,939.1347547000041
61,movement,movement_0061,e5a1,100.0,-100.0,200.0,0.07576568547998053,0.1755675198306903,-0.10505456247443135,-0.10505456247443135,1,,0,reward_aversive,curriculum,1.200552997217546e-05,0.031304845259025334,940.8933466000017
62,movement,movement_0062,c7a1,100.0,-100.0,200.0,0.07576568547998053,0.1705774281131548,-0.09980183435070977,-0.09980183435070977,1,,0,reward_aversive,curriculum,1.284287700600141e-05,0.030891977839690766,942.9632541999454
63,movement,movement_0063,b4a1,100.0,-100.0,200.0,0.07576568547998053,0.16583684098149606,-0.09481174263317427,-0.09481174263317427,1,,0,reward_aversive,curriculum,1.2801999854715325e-05,0.030440173075526405,944.8083093999885
64,movement,movement_0064,a6a1,100.0,100.0,0.0,1.0,0.20754499893242123,0.8341631590185039,0.8341631590185039,1,,1,reward_aversive,curriculum,1.0327998330742083e-05,0.03531762233057549,946.686947499984
65,movement,movement_0065,f4a1,100.0,-100.0,200.0,0.07576568547998053,0.2009560332597992,-0.1317793134524407,-0.1317793134524407,1,,0,reward_aversive,curriculum,1.3908712420783822e-05,0.034564749639851476,948.6041529999347
66,movement,movement_0066,h6a1,100.0,-100.0,200.0,0.07576568547998053,0.19469651587080825,-0.12519034777981866,-0.12519034777981866,1,,0,reward_aversive,curriculum,8.97498027717514e-06,0.03424433106223623,950.0113433999941
67,movement,movement_0067,b7a1,100.0,-100.0,200.0,0.07576568547998053,0.18874997435126684,-0.11893083039082772,-0.11893083039082772,1,,0,reward_aversive,curriculum,5.519383144303033e-06,0.03411073493125876,952.1213431999786
68,movement,movement_0068,g7a1,100.0,100.0,0.0,1.0,0.2293124756337035,0.8112500256487332,0.8112500256487332,1,,1,reward_aversive,curriculum,7.906107128821187e-06,0.03695674868555609,954.6935606000479
69,movement,movement_0069,h8a1,100.0,-100.0,200.0,0.07576568547998053,0.22163513612601732,-0.15354679015372297,-0.15354679015372297,1,,0,reward_aversive,curriculum,9.019478042027605e-06,0.03633844944138071,956.9505216999678
70,movement,movement_0070,f7a1,100.0,-100.0,200.0,0.07576568547998053,0.21434166359371545,-0.1458694506460368,-0.1458694506460368,1,,0,reward_aversive,curriculum,1.1429918885969532e-05,0.03598634161105056,958.8371713999659
71,movement,movement_0071,a7a1,100.0,-100.0,200.0,0.07576568547998053,0.2074128646880287,-0.13857597811373493,-0.13857597811373493,1,,0,reward_aversive,curriculum,7.695303147575043e-06,0.03558912088715804,960.7781283999793
72,movement,movement_0072,f7a1,100.0,-100.0,200.0,0.07576568547998053,0.20083050572762626,-0.13164717920804817,-0.13164717920804817,1,,0,reward_aversive,curriculum,1.4190706396740113e-05,0.03480242324531135,962.5288650000002
73,movement,movement_0073,h4g6,100.0,100.0,0.0,1.0,0.24078898044124492,0.7991694942723737,0.7991694942723737,1,,1,reward_aversive,curriculum,1.1819761974307759e-05,0.0407390926483968,964.181570500019
74,movement,movement_0074,e4a1,100.0,-100.0,200.0,0.07576568547998053,0.2325378156931817,-0.1650232949612644,-0.1650232949612644,1,,0,reward_aversive,curriculum,1.4393651973785368e-05,0.039528894083160425,966.0208989999956
75,movement,movement_0075,g1a1,100.0,-100.0,200.0,0.07576568547998053,0.22469920918252162,-0.15677213021320116,-0.15677213021320116,1,,0,reward_aversive,curriculum,1.248602191073064e-05,0.038270815168836195,968.0270776000107
76,movement,movement_0076,g2a1,100.0,-100.0,200.0,0.07576568547998053,0.21725253299739455,-0.1489335237025411,-0.1489335237025411,1,,0,reward_aversive,curriculum,7.614820408340666e-06,0.03735800983454951,969.9013701999793
77,movement,movement_0077,f5a1,100.0,-100.0,200.0,0.07576568547998053,0.21017819062152385,-0.14148684751741403,-0.14148684751741403,1,,0,reward_aversive,curriculum,9.689236754235743e-06,0.03636898907179489,971.999032999971
78,movement,movement_0078,a3a1,100.0,-100.0,200.0,0.07576568547998053,0.20345756536444667,-0.13441250514154332,-0.13441250514154332,1,,0,reward_aversive,curriculum,7.167050689670988e-06,0.03618066732077719,973.1885085999966
79,movement,movement_0079,f5a1,100.0,-100.0,200.0,0.07576568547998053,0.19707297137022337,-0.12769187988446615,-0.12769187988446615,1,,0,reward_aversive,curriculum,9.76556759610527e-06,0.03613604729119757,974.9387705000117
80,movement,movement_0080,e4c6,100.0,100.0,0.0,1.0,0.2372193228017122,0.8029270286297766,0.8029270286297766,1,,1,reward_aversive,curriculum,1.0178182032665969e-05,0.03903195935293498,976.6777629000135
81,movement,movement_0081,f4a1,100.0,-100.0,200.0,0.07576568547998053,0.22914664093562562,-0.16145363732173168,-0.16145363732173168,1,,0,reward_aversive,curriculum,4.930327897135531e-06,0.038766752937533185,978.7475135000423
82,movement,movement_0082,f1a1,100.0,-100.0,200.0,0.07576568547998053,0.22147759316284335,-0.1533809554556451,-0.1533809554556451,1,,0,reward_aversive,curriculum,6.826633222807262e-06,0.038550001379120395,980.7683383999392
83,movement,movement_0083,g7g6,100.0,100.0,0.0,1.0,0.26040371350470115,0.7785224068371567,0.7785224068371567,1,,1,reward_aversive,curriculum,6.948466480062186e-06,0.04334150482313942,982.469216199941
84,movement,movement_0084,a5a1,100.0,-100.0,200.0,0.07576568547998053,0.2511718121034651,-0.18463802802472062,-0.18463802802472062,1,,0,reward_aversive,curriculum,1.0244977850696112e-05,0.04266834971763408,983.5767897999613
85,movement,movement_0085,d2a1,100.0,-100.0,200.0,0.07576568547998053,0.24240150577229086,-0.1754061266234846,-0.1754061266234846,1,,0,reward_aversive,curriculum,1.3979082440938832e-05,0.04183529432851309,985.3406673000427
86,movement,movement_0086,c3a1,100.0,100.0,0.0,1.0,0.2802814304836763,0.7575984942277092,0.7575984942277092,1,,1,reward_aversive,curriculum,1.1854457081649272e-05,0.04542144141587143,987.40239069995
87,movement,movement_0087,c2a1,100.0,-100.0,200.0,0.07576568547998053,0.2700556432334915,-0.2045157450036958,-0.2045157450036958,1,,0,reward_aversive,curriculum,1.1815732977010819e-05,0.044073153449321084,989.1889337999746
88,movement,movement_0088,c3a1,100.0,100.0,0.0,1.0,0.3065528610718169,0.7299443567665085,0.7299443567665085,1,,1,reward_aversive,curriculum,1.0614666927397603e-05,0.0487071229294033,991.0933251000242
89,movement,movement_0089,a2a1,100.0,100.0,0.0,1.0,0.34122521801822603,0.6934471389281831,0.6934471389281831,1,,1,reward_aversive,curriculum,1.2621511615173802e-05,0.052624517162803745,993.1613671999658
90,movement,movement_0090,h2a1,100.0,-100.0,200.0,0.07576568547998053,0.32795224139131374,-0.2654595325382455,-0.2654595325382455,1,,0,reward_aversive,curriculum,1.0727240873034577e-05,0.052069582068143494,995.1975722999778
91,movement,movement_0091,a1b3,100.0,100.0,0.0,1.0,0.36155462932174803,0.6720477586086863,0.6720477586086863,1,,1,reward_aversive,curriculum,5.945481128883226e-06,0.0548404377843069,996.7048710000236
92,movement,movement_0092,d6a1,100.0,-100.0,200.0,0.07576568547998053,0.3472651821296596,-0.2857889438417675,-0.2857889438417675,1,,0,reward_aversive,curriculum,9.662950404909855e-06,0.05423017459087299,998.7510585000273
93,movement,movement_0093,a4a1,100.0,100.0,0.0,1.0,0.3799019230231766,0.6527348178703404,0.6527348178703404,1,,1,reward_aversive,curriculum,7.415948197855595e-06,0.05650529852441699,1000.8662028999534
94,movement,movement_0094,g2a1,100.0,-100.0,200.0,0.07576568547998053,0.36469511114601677,-0.3041362375431961,-0.3041362375431961,1,,0,reward_aversive,curriculum,9.357369778874171e-06,0.055325453512836305,1002.9408386000432
95,movement,movement_0095,g5g6,100.0,100.0,0.0,1.0,0.3964603555887159,0.6353048888539832,0.6353048888539832,1,,1,reward_aversive,curriculum,9.662192697840149e-06,0.057547337237591104,1004.7083924999461
96,movement,movement_0096,c2a1,100.0,-100.0,200.0,0.07576568547998053,0.3804256220832791,-0.32069467010873537,-0.32069467010873537,1,,0,reward_aversive,curriculum,1.492429219702317e-05,0.05533257406341366,1005.9755179999629
97,movement,movement_0097,b8c6,100.0,100.0,0.0,1.0,0.41140434097911516,0.6195743779167209,0.6195743779167209,1,,1,reward_aversive,curriculum,1.4390215598414048e-05,0.05990743484487983,1008.106975600007
98,movement,movement_0098,c3a1,100.0,100.0,0.0,1.0,0.44083412393015936,0.5885956590208848,0.5885956590208848,1,,1,reward_aversive,curriculum,1.4089359276344513e-05,0.06355279076964651,1012.9575533999596
99,movement,movement_0099,c3a1,100.0,-100.0,200.0,0.07576568547998053,0.4225807020076504,-0.36506843845017883,-0.36506843845017883,1,,0,reward_aversive,curriculum,1.565091827361094e-05,0.06043404663028556,1017.2060878999764
100,movement,movement_0100,d2a1,100.0,-100.0,200.0,0.07576568547998053,0.4052399511812669,-0.3468150165276699,-0.3468150165276699,1,,0,reward_aversive,curriculum,1.1941164126330651e-05,0.057647876402416955,1019.4412074999418
101,movement,movement_0101,a7d1,100.0,-100.0,200.0,0.07576568547998053,0.3887662378962025,-0.32947426570128635,-0.32947426570128635,1,,0,reward_aversive,curriculum,1.3152195421301568e-05,0.05556044906900631,1021.6142284999369
102,movement,movement_0102,a2a1,100.0,-100.0,200.0,0.07576568547998053,0.3731162102753914,-0.313000552416222,-0.313000552416222,1,,0,reward_aversive,curriculum,7.453787667657323e-06,0.05456552325788066,1023.4036399000324
103,movement,movement_0103,f4a1,100.0,-100.0,200.0,0.07576568547998053,0.3582486840356208,-0.29735052479541085,-0.29735052479541085,1,,0,reward_aversive,curriculum,9.496360671811236e-06,0.05365155259108207,1025.5168085000478
104,movement,movement_0104,d6a1,100.0,-100.0,200.0,0.07576568547998053,0.3441245341078388,-0.2824829985556403,-0.2824829985556403,1,,0,reward_aversive,curriculum,9.115542338165532e-06,0.05345679410422406,1027.5335283000022
105,movement,movement_0105,h8a1,100.0,-100.0,200.0,0.07576568547998053,0.33070659167644584,-0.26835884862785825,-0.26835884862785825,1,,0,reward_aversive,curriculum,8.640376420897799e-06,0.053007731366287385,1029.4612999999663
106,movement,movement_0106,f1a1,100.0,-100.0,200.0,0.07576568547998053,0.31795954636662255,-0.2549409061964653,-0.2549409061964653,1,,0,reward_aversive,curriculum,6.912098882168449e-06,0.052726997133800364,1031.6385863999603
107,movement,movement_0107,a2d1,100.0,-100.0,200.0,0.07576568547998053,0.3058498533222904,-0.24219386088664202,-0.24219386088664202,1,,0,reward_aversive,curriculum,7.1426725506089735e-06,0.05210493073545911,1033.6575176999904
108,movement,movement_0108,c4a1,100.0,-100.0,200.0,0.07576568547998053,0.2943456449301749,-0.2300841678423099,-0.2300841678423099,1,,0,reward_aversive,curriculum,1.3020072272887032e-05,0.05084705726508286,1034.928603200009
109,movement,movement_0109,d2b3,100.0,100.0,0.0,1.0,0.32962836268366613,0.7056543550698251,0.7056543550698251,1,,1,reward_aversive,curriculum,1.409380846047257e-05,0.05510126504582266,1036.8407159999479
110,movement,movement_0110,e5a1,100.0,100.0,0.0,1.0,0.3631469445494828,0.6703716373163339,0.6703716373163339,1,,1,reward_aversive,curriculum,1.4390038268030124e-05,0.05889784626147864,1039.0607542999787
111,movement,movement_0111,b3a1,100.0,-100.0,200.0,0.07576568547998053,0.3487778815960077,-0.2873812590695023,-0.2873812590695023,1,,0,reward_aversive,curriculum,1.3741343177258854e-05,0.05695807445622811,1041.080772300018
112,movement,movement_0112,c6a1,100.0,-100.0,200.0,0.07576568547998053,0.3351272717902063,-0.2730121961160272,-0.2730121961160272,1,,0,reward_aversive,curriculum,1.3978159838845305e-05,0.05520833513465063,1043.5477484000148
113,movement,movement_0113,g7g6,100.0,100.0,0.0,1.0,0.36837090820069596,0.6648727282097937,0.6648727282097937,1,,1,reward_aversive,curriculum,1.9256428714000498e-05,0.060598936184498034,1046.020479299943
114,movement,movement_0114,d2a1,100.0,-100.0,200.0,0.07576568547998053,0.3537406470646602,-0.29260522272071543,-0.29260522272071543,1,,0,reward_aversive,curriculum,8.476292322014148e-06,0.059672973079367794,1048.2878611000488
115,movement,movement_0115,h6a1,100.0,-100.0,200.0,0.07576568547998053,0.33984189898542616,-0.27797496158467966,-0.27797496158467966,1,,0,reward_aversive,curriculum,1.177997355498315e-05,0.05943804506323351,1049.8844226000365
116,movement,movement_0116,a3a1,100.0,-100.0,200.0,0.07576568547998053,0.32663808831015384,-0.26407621350544563,-0.26407621350544563,1,,0,reward_aversive,curriculum,7.229720561519235e-06,0.05895693804847992,1051.9231297000078
117,movement,movement_0117,c5a1,100.0,-100.0,200.0,0.07576568547998053,0.31409446816864517,-0.2508724028301733,-0.2508724028301733,1,,0,reward_aversive,curriculum,7.21002634648667e-06,0.058734629799864796,1054.0273694000207
118,movement,movement_0118,h2a1,100.0,-100.0,200.0,0.07576568547998053,0.3021780290342119,-0.23832878268866464,-0.23832878268866464,1,,0,reward_aversive,curriculum,4.905931627786991e-06,0.0586074218162815,1056.0045364999678
119,movement,movement_0119,f6a1,100.0,-100.0,200.0,0.07576568547998053,0.2908574118565003,-0.2264123435542314,-0.2264123435542314,1,,0,reward_aversive,curriculum,1.0442880951383645e-05,0.05844865104723867,1057.8760819999734
120,movement,movement_0120,d5a1,100.0,-100.0,200.0,0.07576568547998053,0.2801028255376743,-0.2150917263765198,-0.2150917263765198,1,,0,reward_aversive,curriculum,1.536173491600262e-05,0.05744783668366171,1059.2888164999895
121,movement,movement_0121,g7e8,100.0,100.0,0.0,1.0,0.31609768426079055,0.7198971744623257,0.7198971744623257,1,,1,reward_aversive,curriculum,1.3295654390201126e-05,0.061257416431297375,1061.2409427999519
122,movement,movement_0122,d4a1,100.0,100.0,0.0,1.0,0.350292800047751,0.6839023157392095,0.6839023157392095,1,,1,reward_aversive,curriculum,1.3777133908686789e-05,0.06442701782218269,1063.4037757000187
123,movement,movement_0123,g2a1,100.0,-100.0,200.0,0.07576568547998053,0.33656644431936245,-0.27452711456777046,-0.27452711456777046,1,,0,reward_aversive,curriculum,1.0979249068406896e-05,0.06246177362733507,1065.4622727000387
124,movement,movement_0124,c5a1,100.0,-100.0,200.0,0.07576568547998053,0.3235264063773933,-0.2608007588393819,-0.2608007588393819,1,,0,reward_aversive,curriculum,1.0604669846606648e-05,0.060923850826146646,1067.3934275000356
125,movement,movement_0125,g6a1,100.0,-100.0,200.0,0.07576568547998053,0.3111383703325227,-0.2477607208974128,-0.2477607208974128,1,,0,reward_aversive,curriculum,1.4123272697985427e-05,0.059578487897809236,1069.664553300012
126,movement,movement_0126,f5a1,100.0,-100.0,200.0,0.07576568547998053,0.29936973608989553,-0.23537268485254215,-0.23537268485254215,1,,0,reward_aversive,curriculum,7.830664574107813e-06,0.05957563526829677,1070.8834742000327
127,movement,movement_0127,b7a1,100.0,-100.0,200.0,0.07576568547998053,0.28818953355939975,-0.223604050609915,-0.223604050609915,1,,0,reward_aversive,curriculum,5.7407476056595995e-06,0.05943632985218642,1072.535258000018
128,movement,movement_0128,f7b3,100.0,100.0,0.0,1.0,0.32378005688142975,0.7118104664406002,0.7118104664406002,1,,1,reward_aversive,curriculum,8.050013092718476e-06,0.06086007435126089,1074.4827818999765
129,movement,movement_0129,b6b3,100.0,100.0,0.0,1.0,0.35759105403735825,0.6762199431185703,0.6762199431185703,1,,1,reward_aversive,curriculum,6.837811039370631e-06,0.06323141649228735,1076.7731403999496
130,movement,movement_0130,c7a1,100.0,-100.0,200.0,0.07576568547998053,0.34349978560948935,-0.2818253685573777,-0.2818253685573777,1,,0,reward_aversive,curriculum,8.925273812910473e-06,0.062299266785717296,1078.7994683999568
131,movement,movement_0131,g2f2,100.0,100.0,0.0,1.0,0.37632479632901483,0.6565002143905107,0.6565002143905107,1,,1,reward_aversive,curriculum,9.05267989468757e-06,0.0647245532641597,1080.952109499951
132,movement,movement_0132,e2a1,100.0,-100.0,200.0,0.07576568547998053,0.3612968407865631,-0.3005591108490343,-0.3005591108490343,1,,0,reward_aversive,curriculum,7.89284567024176e-06,0.06296485281366354,1082.3240935000358
133,movement,movement_0133,c8a1,100.0,-100.0,200.0,0.07576568547998053,0.34702028302123394,-0.2855311553065826,-0.2855311553065826,1,,0,reward_aversive,curriculum,1.3547407594109366e-05,0.061416986747487315,1084.4171119999373
134,movement,movement_0134,b8a1,100.0,-100.0,200.0,0.07576568547998053,0.33345755314417125,-0.2712545975412534,-0.2712545975412534,1,,0,reward_aversive,curriculum,1.375753797369547e-05,0.060201570770736124,1086.4340384999523
135,movement,movement_0135,d3b3,100.0,100.0,0.0,1.0,0.36678467548696264,0.6665424468558288,0.6665424468558288,1,,1,reward_aversive,curriculum,1.2227096252191357e-05,0.0640484698815463,1088.4513246000279
136,movement,movement_0136,f7b3,100.0,100.0,0.0,1.0,0.3984454417126145,0.6332153245130374,0.6332153245130374,1,,1,reward_aversive,curriculum,1.146082765464947e-05,0.067968739222331,1090.3807123999577
137,movement,movement_0137,c5a1,100.0,-100.0,200.0,0.07576568547998053,0.38231145390098276,-0.32267975623263395,-0.32267975623263395,1,,0,reward_aversive,curriculum,1.0670733170665144e-05,0.06590369692025488,1092.6622392999707
138,movement,movement_0138,g3a1,100.0,-100.0,200.0,0.07576568547998053,0.3669841654799326,-0.30654576842100223,-0.30654576842100223,1,,0,reward_aversive,curriculum,5.767032092912728e-06,0.06500404718874589,1093.9069969999837
139,movement,movement_0139,b4c6,100.0,100.0,0.0,1.0,0.39863495720593595,0.6330158345200674,0.6330158345200674,1,,1,reward_aversive,curriculum,5.873370980420308e-06,0.06743739230292642,1095.855899099959
140,movement,movement_0140,h5g4,100.0,100.0,0.0,1.0,0.4287032093456391,0.601365042794064,0.601365042794064,1,,1,reward_aversive,curriculum,1.1300207746188472e-05,0.06929211078259914,1097.7545128000202
141,movement,movement_0141,d7a1,100.0,-100.0,200.0,0.07576568547998053,0.4110563331523561,-0.3529375238656586,-0.3529375238656586,1,,0,reward_aversive,curriculum,1.2561029438053189e-05,0.06897416341386642,1099.9894249000354
142,movement,movement_0142,d7c6,100.0,100.0,0.0,1.0,0.4405035164947383,0.5889436668476439,0.5889436668476439,1,,1,reward_aversive,curriculum,1.107689086034016e-05,0.06995906689602666,1101.9591293999692
143,movement,movement_0143,a3d1,100.0,-100.0,200.0,0.07576568547998053,0.42226662494400036,-0.36473783101475776,-0.36473783101475776,1,,0,reward_aversive,curriculum,1.0848369256219807e-05,0.06881942473173899,1103.841202700045
144,endgames,endgames_0000,h3b3,724.0,711.0,13.0,0.9350228757517102,0.4479044374843858,0.5127562508077098,0.5127562508077098,1,,0,reward_aversive,curriculum,1.3610273147998291e-05,0.07016893873043673,1164.1763088000007
145,endgames,endgames_0001,e2d1,99994.0,99990.0,4.0,0.9800006666400011,0.4745092489421665,0.5320962291556153,0.5320962291556153,1,10.0,0,reward_aversive,curriculum,7.39615153804349e-06,0.07042586859444615,1165.2645994999912
146,endgames,endgames_0002,c4b3,607.0,598.0,9.0,0.9550075922125807,0.49853416610568724,0.4804983432704142,0.4804983432704142,1,,0,reward_aversive,curriculum,1.0316154576410193e-05,0.07096502105922743,1166.4195908999536
147,endgames,endgames_0003,c8c2,99992.0,99992.0,0.0,1.0,0.5236074578004029,0.5014658338943128,0.5014658338943128,1,8.0,1,reward_aversive,curriculum,1.7054062358076717e-05,0.07232845434669392,1167.5822009999538
148,endgames,endgames_0004,c4b3,572.0,572.0,0.0,1.0,0.5474270849103827,0.47639254219959715,0.47639254219959715,1,,1,reward_aversive,curriculum,7.877342228252147e-06,0.07308360950441141,1168.6347106000176
149,endgames,endgames_0005,b6b3,412.0,409.0,3.0,0.985000281243672,0.5693057447270471,0.4375731963332893,0.4375731963332893,1,,0,reward_aversive,curriculum,1.0057324547952602e-05,0.0737759405634323,1169.7928483999567
150,endgames,endgames_0006,d8c7,617.0,617.0,0.0,1.0,0.5908404574906948,0.4306942552729529,0.4306942552729529,1,,1,reward_aversive,curriculum,1.0424119253490835e-05,0.07467787426853706,1170.8332653000252
151,endgames,endgames_0007,c6c2,439.0,380.0,59.0,0.7071209092806605,0.5966544800801931,0.11628045178996571,0.11628045178996571,1,,0,reward_aversive,curriculum,1.049915256878155e-05,0.07487229935866793,1171.9362488000188
152,endgames,endgames_0008,a8a7,588.0,585.0,3.0,0.985000281243672,0.6160717701383669,0.38834580116347894,0.38834580116347894,1,,0,reward_aversive,curriculum,9.807455922962696e-06,0.0750798994395617,1173.1917314999737
153,endgames,endgames_0009,b4b3,396.0,394.0,2.0,0.9900000833325,0.6347681857980736,0.3739283131941331,0.3739283131941331,1,,0,reward_aversive,curriculum,1.2928158326953926e-05,0.0754506072189614,1174.4278418000322
154,endgames,endgames_0010,f6g6,548.0,541.0,7.0,0.9650035724790387,0.6512799551321219,0.3302353866809651,0.3302353866809651,1,,0,reward_aversive,curriculum,1.9244122193285134e-05,0.07665789144955495,1175.6138810999691
155,endgames,endgames_0011,a6a1,649.0,646.0,3.0,0.985000281243672,0.6679659714376993,0.3337203261115501,0.3337203261115501,1,,0,reward_aversive,curriculum,1.2377624535146674e-05,0.07734946581084011,1176.7085354999872
156,endgames,endgames_0012,b1a1,450.0,8.0,442.0,-0.6045757072873226,0.6043388875014482,-1.2725416787250219,-1.2725416787250219,1,,0,reward_aversive,curriculum,1.6993380629507654e-05,0.0754595774217651,1177.834053699975
157,endgames,endgames_0013,f3f2,674.0,661.0,13.0,0.9350228757517102,0.6208730869139613,0.330683988250262,0.330683988250262,1,,0,reward_aversive,curriculum,1.1257533289812273e-05,0.07646580935781301,1178.972247699974
158,endgames,endgames_0014,c6c7,-3.0,-6.0,3.0,0.985000281243672,0.6390794466304468,0.36412719432971075,0.36412719432971075,1,,0,reward_aversive,curriculum,1.2473828738420734e-05,0.07768407775341046,1180.031301900046
159,endgames,endgames_0015,h4g4,85.0,85.0,0.0,1.0,0.6571254742989244,0.3609205533695532,0.3609205533695532,1,,1,reward_aversive,curriculum,1.3538734421554218e-05,0.07830083985500016,1181.1692256999668
160,endgames,endgames_0016,a3b3,621.0,612.0,9.0,0.9550075922125807,0.6720195801946072,0.29788211791365626,0.29788211791365626,1,,0,reward_aversive,curriculum,1.3082652815673461e-05,0.07893803938694385,1182.3918383000419
161,endgames,endgames_0017,d8e8,430.0,412.0,18.0,0.9100607008327996,0.6839216362265168,0.23804112063819238,0.23804112063819238,1,,0,reward_aversive,curriculum,5.618106052240291e-06,0.0790543636499931,1183.455468500033
162,endgames,endgames_0018,h8g7,648.0,648.0,0.0,1.0,0.699725554415191,0.3160783637734832,0.3160783637734832,1,,1,reward_aversive,curriculum,1.5596171119882252e-05,0.07948552712097665,1184.4697415999835
163,endgames,endgames_0019,f5c2,670.0,629.0,41.0,0.7957149227706322,0.704525022832963,0.09598936835544114,0.09598936835544114,1,,0,reward_aversive,curriculum,1.5464654267982084e-05,0.07954810880296555,1185.552392499987
164,endgames,endgames_0020,a2a1,99993.0,99991.0,2.0,0.9900000833325,0.7187987758579398,0.28547506049953697,0.28547506049953697,1,9.0,0,reward_aversive,curriculum,1.0555267570229666e-05,0.07969673103437323,1186.6370048000244
165,endgames,endgames_0021,h7g6,162.0,162.0,0.0,1.0,0.7328588370650428,0.28120122414206017,0.28120122414206017,1,,1,reward_aversive,curriculum,9.295713495319913e-06,0.07989860931358636,1187.7397650999483
166,endgames,endgames_0022,f5a5,3408.0,615.0,2793.0,-0.9999965554128465,0.6462160674411483,-1.7328553924778893,-1.7328553924778893,1,,0,reward_aversive,curriculum,1.3373451329810112e-05,0.07749737065157915,1188.9962868000148
167,endgames,endgames_0023,c2b3,467.0,407.0,60.0,0.7022299327533641,0.6490167607067591,0.05601386531221575,0.05601386531221575,1,,0,reward_aversive,curriculum,7.956580967367814e-06,0.07763551265157903,1190.0731190999504
168,endgames,endgames_0024,e6d5,700.0,690.0,10.0,0.9500104140631587,0.664066443374579,0.3009936533563996,0.3009936533563996,1,,0,reward_aversive,curriculum,1.810219270088677e-05,0.07837570624295019,1191.1334141000407
169,endgames,endgames_0025,e3b3,401.0,374.0,27.0,0.8652046582683968,0.6741233541192698,0.20113821489381778,0.20113821489381778,1,,0,reward_aversive,curriculum,1.7640662999259193e-05,0.07881019368981267,1192.2383087000344
170,endgames,endgames_0026,h4g4,611.0,611.0,0.0,1.0,0.6904171864133063,0.3258766458807302,0.3258766458807302,1,,1,reward_aversive,curriculum,1.4651975711369273e-05,0.07989738980503358,1193.3555014999583
171,endgames,endgames_0027,c5c6,99997.0,99997.0,0.0,1.0,0.7058963270926409,0.3095828135866937,0.3095828135866937,1,3.0,1,reward_aversive,curriculum,6.935596468313015e-06,0.08074372744988877,1194.4858296000166
172,endgames,endgames_0028,c7c6,577.0,577.0,0.0,1.0,0.7206015107380089,0.29410367290735906,0.29410367290735906,1,,1,reward_aversive,curriculum,7.733653929305474e-06,0.0810983380725711,1195.6624014000408
173,endgames,endgames_0029,a3a4,-2.0,-7.0,5.0,0.9750013020019582,0.7333215003012064,0.2543997912639493,0.2543997912639493,1,,0,reward_aversive,curriculum,7.175442797483567e-06,0.08169164135401749,1196.9821401999798
174,endgames,endgames_0030,a6a1,378.0,354.0,24.0,0.880143792941713,0.7406626149332316,0.1468222926405066,0.1468222926405066,1,,0,reward_aversive,curriculum,1.5308875948553536e-05,0.08191383457081414,1197.9960092999972
175,endgames,endgames_0031,g3f2,81.0,79.0,2.0,0.9900000833325,0.753129488353195,0.2493374683992684,0.2493374683992684,1,,0,reward_aversive,curriculum,1.279327525072968e-05,0.08235003574234998,1199.079663099954
176,endgames,endgames_0032,e5e6,396.0,396.0,0.0,1.0,0.7654730139355354,0.24687051164680496,0.24687051164680496,1,,1,reward_aversive,curriculum,9.28622982067041e-06,0.0826551709644358,1200.101130599971
177,endgames,endgames_0033,c1b2,412.0,124.0,288.0,-0.23381860575413005,0.715508432951052,-0.9992916196896654,-0.9992916196896654,1,,0,reward_aversive,curriculum,1.686010213522279e-05,0.08049897891169581,1201.2513045000378
178,endgames,endgames_0034,b8a7,640.0,587.0,53.0,0.7365399884180733,0.716560010724403,0.02103155546702129,0.02103155546702129,1,,0,reward_aversive,curriculum,6.25189156985103e-06,0.0805332888603137,1202.309098699945
179,endgames,endgames_0035,b6b3,677.0,677.0,0.0,1.0,0.7307320101881829,0.283439989275597,0.283439989275597,1,,1,reward_aversive,curriculum,1.6578068015436768e-05,0.08147029404459462,1203.4790716000134
180,endgames,endgames_0036,d2b2,627.0,559.0,68.0,0.6632379082583706,0.7273573050916922,-0.06749410192981231,-0.06749410192981231,1,,0,reward_aversive,curriculum,1.0141233116544553e-05,0.08126211108167793,1204.6903201999376
181,endgames,endgames_0037,d4b4,435.0,419.0,16.0,0.9200426393776728,0.7369915718059912,0.19268533428598067,0.19268533428598067,1,,0,reward_aversive,curriculum,1.0425307582200497e-05,0.08166387938979003,1205.7020753000397
182,endgames,endgames_0038,d2d1,496.0,49.0,447.0,-0.6133951562336359,0.6694722354040098,-1.3503867280396271,-1.3503867280396271,1,,0,reward_aversive,curriculum,1.4132585539045315e-05,0.0801398025382583,1206.7290873000165
183,endgames,endgames_0039,a3a1,638.0,638.0,0.0,1.0,0.6859986236338094,0.3305277645959902,0.3305277645959902,1,,1,reward_aversive,curriculum,8.694501575621647e-06,0.08032149275858745,1207.8530651000328
184,endgames,endgames_0040,c4b4,419.0,-8.0,427.0,-0.5770349657160083,0.6228469441663185,-1.2630335893498177,-1.2630335893498177,1,,0,reward_aversive,curriculum,1.3363846762996352e-05,0.08012755779667792,1208.9273812000174
185,endgames,endgames_0041,g8h8,526.0,496.0,30.0,0.8502806186250018,0.6342186278892525,0.22743367445868334,0.22743367445868334,1,,0,reward_aversive,curriculum,7.49567472113074e-06,0.08034844151564131,1210.006714600022
186,endgames,endgames_0042,h2g1,537.0,537.0,0.0,1.0,0.6525076964947899,0.36578137211074746,0.36578137211074746,1,,1,reward_aversive,curriculum,1.1570874168968313e-05,0.08084015577407601,1211.2383060000138
187,endgames,endgames_0043,g1a1,660.0,643.0,17.0,0.9150511401349036,0.6656348686767956,0.2625434436401137,0.2625434436401137,1,,0,reward_aversive,curriculum,1.1252492296611933e-05,0.08116287137773243,1212.4250657999655
188,endgames,endgames_0044,b5b4,61.0,-1.0,62.0,0.6924589554718147,0.6669760730165465,0.02682408679501913,0.02682408679501913,1,,0,reward_aversive,curriculum,1.0012602982807406e-05,0.08121413712259855,1213.450656699948
189,endgames,endgames_0045,e6c6,365.0,-63.0,428.0,-0.578922441909961,0.604681147270221,-1.2458985149265076,-1.2458985149265076,1,,0,reward_aversive,curriculum,9.029162200323091e-06,0.08026490716585026,1214.5136244000169
190,endgames,endgames_0046,d3c2,0.0,0.0,0.0,1.0,0.62444708990671,0.39531885272977896,0.39531885272977896,1,,1,reward_aversive,curriculum,9.467972248877079e-06,0.08101382863117759,1215.6030424999772
191,endgames,endgames_0047,b2b3,660.0,647.0,13.0,0.9350228757517102,0.63997587919896,0.3105757858450001,0.3105757858450001,1,,0,reward_aversive,curriculum,6.9841358332526314e-06,0.08197506985512135,1216.6809735000134
192,endgames,endgames_0048,a4a1,413.0,409.0,4.0,0.9800006666400011,0.6569771185710122,0.34002478744104103,0.34002478744104103,1,,0,reward_aversive,curriculum,1.3234680013167877e-05,0.08242304343063023,1217.8254458999727
193,endgames,endgames_0049,f3f2,647.0,511.0,136.0,0.3450452103825893,0.6413805231615909,-0.31193190818842287,-0.31193190818842287,1,,0,reward_aversive,curriculum,1.3071988018509396e-05,0.08138576786952173,1219.1435412999708
194,endgames,endgames_0050,d4d5,99996.0,725.0,99271.0,-1.0,0.5593114970035112,-1.6413805231615908,-1.6413805231615908,1,,0,reward_aversive,curriculum,6.194219442952678e-06,0.08211360321842232,1220.2296445999527
195,endgames,endgames_0051,g2b2,609.0,5.0,604.0,-0.8138781019410741,0.4906520170562819,-1.3731895989445855,-1.3731895989445855,1,,0,reward_aversive,curriculum,9.862891262268909e-06,0.08382853294611277,1221.2752116000047
196,endgames,endgames_0052,e7e6,624.0,602.0,22.0,0.8901107826216251,0.5106249553345491,0.3994587655653432,0.3994587655653432,1,,0,reward_aversive,curriculum,7.4882436084191055e-06,0.08415401819577038,1222.2913769000443
197,endgames,endgames_0053,d5b3,99995.0,-9.0,100004.0,-1.0,0.4350937075678216,-1.5106249553345492,-1.5106249553345492,1,,0,reward_aversive,curriculum,9.484847445080001e-06,0.08470521973002887,1223.3485133999493
198,endgames,endgames_0054,f6c6,826.0,826.0,0.0,1.0,0.4633390221894305,0.5649062924321784,0.5649062924321784,1,,1,reward_aversive,curriculum,1.3767963305874932e-05,0.08563430958923361,1224.5654760999605
199,endgames,endgames_0055,d5c6,635.0,616.0,19.0,0.9050713834937556,0.48542564025464674,0.4417323613043251,0.4417323613043251,1,,0,reward_aversive,curriculum,1.0777852513746122e-05,0.08545286406544582,1225.6753653000342
200,endgames,endgames_0056,a6a7,578.0,577.0,1.0,0.9950000104166407,0.5109043587627464,0.5095743701619939,0.5095743701619939,1,,0,reward_aversive,curriculum,1.6271186084882845e-05,0.08629668499678324,1226.909933499992
201,endgames,endgames_0057,d2d1,99997.0,99994.0,3.0,0.985000281243672,0.5346091548867926,0.4740959224809256,0.4740959224809256,1,6.0,0,reward_aversive,curriculum,1.1672038313002933e-05,0.08696413941182853,1228.0661732000299
202,endgames,endgames_0058,e8d8,682.0,640.0,42.0,0.7907683617026989,0.5474171152275878,0.2561592068159063,0.2561592068159063,1,,0,reward_aversive,curriculum,1.6566227910764023e-05,0.0875766194525265,1229.143576500006
203,endgames,endgames_0059,e5e6,467.0,467.0,0.0,1.0,0.5700462594662085,0.45258288477241215,0.45258288477241215,1,,1,reward_aversive,curriculum,9.673644300218104e-06,0.08789920706718114,1230.1728358999826
204,endgames,endgames_0060,f7f6,689.0,689.0,0.0,1.0,0.5915439464928981,0.42995374053379154,0.42995374053379154,1,,1,reward_aversive,curriculum,1.1322899450755671e-05,0.08865099005912803,1231.2794043000322
205,endgames,endgames_0061,a4b4,99996.0,99996.0,0.0,1.0,0.6119667491682532,0.4084560535071019,0.4084560535071019,1,4.0,1,reward_aversive,curriculum,7.423773881396828e-06,0.08918591162594655,1232.3684951999458
206,endgames,endgames_0062,c3b3,414.0,393.0,21.0,0.8950963625117251,0.6261232298354268,0.28312961334347186,0.28312961334347186,1,,0,reward_aversive,curriculum,1.6082696476914234e-05,0.08990827298198925,1233.5727004000219
207,endgames,endgames_0063,c6c2,384.0,-24.0,408.0,-0.5397330718178008,0.5678304147527654,-1.1658563016532275,-1.1658563016532275,1,,0,reward_aversive,curriculum,1.0760739315406674e-05,0.08947755768644458,1234.7096757999389
208,endgames,endgames_0064,g2f1,628.0,628.0,0.0,1.0,0.5894388940151272,0.4321695852472346,0.4321695852472346,1,,1,reward_aversive,curriculum,8.160411822047431e-06,0.09043700253909798,1235.7918465000112
209,endgames,endgames_0065,c4b3,645.0,645.0,0.0,1.0,0.6099669493143708,0.41056110598487283,0.41056110598487283,1,,1,reward_aversive,curriculum,1.1615890245305535e-05,0.09074571343415634,1236.8037781999446
210,endgames,endgames_0066,c5c6,42.0,42.0,0.0,1.0,0.6294686018486523,0.3900330506856292,0.3900330506856292,1,,1,reward_aversive,curriculum,7.669121423466678e-06,0.09116970057827035,1237.8407748000463
211,endgames,endgames_0067,a6a1,99997.0,99996.0,1.0,0.9950000104166407,0.6477451722770516,0.3655314085679884,0.3655314085679884,1,4.0,0,reward_aversive,curriculum,1.1695465704122756e-05,0.09217442200481207,1238.9183205999434
212,endgames,endgames_0068,b1b3,419.0,419.0,0.0,1.0,0.6653579136631991,0.35225482772294836,0.35225482772294836,1,,1,reward_aversive,curriculum,9.63554946049118e-06,0.09248339028416099,1240.0349800999975
213,endgames,endgames_0069,b4b3,659.0,655.0,4.0,0.9800006666400011,0.6810900513120391,0.314642752976802,0.314642752976802,1,,0,reward_aversive,curriculum,1.2895852837978763e-05,0.09342606984655605,1241.3009232999757
214,endgames,endgames_0070,b6a7,402.0,364.0,38.0,0.8105695274276429,0.6875640251178193,0.12947947611560373,0.12947947611560373,1,,0,reward_aversive,curriculum,1.0269079920013684e-05,0.09347970698618806,1242.5095713000046
215,endgames,endgames_0071,d3b3,617.0,602.0,15.0,0.9250351364858591,0.6994375806862213,0.23747111136803978,0.23747111136803978,1,,0,reward_aversive,curriculum,7.466028697457102e-06,0.09376454112827247,1243.7463428999763
216,endgames,endgames_0072,b1a1,441.0,419.0,22.0,0.8901107826216251,0.7089712407829915,0.19067320193540382,0.19067320193540382,1,,0,reward_aversive,curriculum,1.3547976899314173e-05,0.0938821816899693,1245.0155725999502
217,endgames,endgames_0073,e7e6,17.0,12.0,5.0,0.9750013020019582,0.7222727438439398,0.2660300612189668,0.2660300612189668,1,,0,reward_aversive,curriculum,7.385908236236968e-06,0.09416877237198183,1246.0947160000214
218,endgames,endgames_0074,a1b2,543.0,529.0,14.0,0.9300285693344411,0.7326605351184647,0.2077558254905013,0.2077558254905013,1,,0,reward_aversive,curriculum,1.6320185824275685e-05,0.09439745616348455,1247.1958907999797
219,endgames,endgames_0075,b1a1,435.0,398.0,37.0,0.8155258358168815,0.7368038001533855,0.0828653006984168,0.0828653006984168,1,,0,reward_aversive,curriculum,1.4163003815059259e-05,0.09438714703518561,1248.3892113999464
220,endgames,endgames_0076,h7g6,642.0,0.0,642.0,-0.8448354621590559,0.6577218370377633,-1.5816392623124416,-1.5816392623124416,1,,0,reward_aversive,curriculum,9.426353842745304e-06,0.09326797247258134,1249.5412277999567
221,endgames,endgames_0077,e8c6,655.0,619.0,36.0,0.8204844305056798,0.6658599667111591,0.16276259346791644,0.16276259346791644,1,,0,reward_aversive,curriculum,1.798085660509535e-05,0.0937153871809206,1250.5625061000464
222,endgames,endgames_0078,a2a1,401.0,378.0,23.0,0.8851265721942415,0.6768232969853132,0.2192666054830824,0.2192666054830824,1,,0,reward_aversive,curriculum,9.987447963094109e-06,0.0937930082696579,1251.6456458000466
223,endgames,endgames_0079,a4b3,36.0,36.0,0.0,1.0,0.6929821321360475,0.3231767030146868,0.3231767030146868,1,,1,reward_aversive,curriculum,1.3496449553925935e-05,0.09470192452282813,1252.9228652999736
224,endgames,endgames_0080,d3c2,99997.0,703.0,99294.0,-1.0,0.6083330255292451,-1.6929821321360476,-1.6929821321360476,1,,0,reward_aversive,curriculum,1.205612688071353e-05,0.09417263196016475,1254.0392653000308
225,endgames,endgames_0081,c4b3,383.0,365.0,18.0,0.9100607008327996,0.6234194092944227,0.3017276753035545,0.3017276753035545,1,,0,reward_aversive,curriculum,2.0842647164949564e-05,0.09467077360565831,1255.088762099971
226,endgames,endgames_0082,d3d2,553.0,58.0,495.0,-0.6894821497740464,0.5577743313409993,-1.3129015590684692,-1.3129015590684692,1,,0,reward_aversive,curriculum,1.5183427742527864e-05,0.09519825892061955,1256.4106613999465
227,endgames,endgames_0083,a1a6,384.0,358.0,26.0,0.870182774450725,0.5733947534964856,0.3124084431097257,0.3124084431097257,1,,0,reward_aversive,curriculum,5.606325679803025e-06,0.0952410181667422,1257.505891500041
228,endgames,endgames_0084,f6e6,645.0,645.0,0.0,1.0,0.5947250158216614,0.4266052465035144,0.4266052465035144,1,,1,reward_aversive,curriculum,1.2681835608116354e-05,0.09658432998856124,1258.5971491000382
229,endgames,endgames_0085,a3b3,425.0,424.0,1.0,0.9950000104166407,0.6147387655514103,0.4002749945949793,0.4002749945949793,1,,0,reward_aversive,curriculum,1.5321331628855993e-05,0.09745791008925196,1259.822636500001
230,endgames,endgames_0086,e1d1,99992.0,729.0,99263.0,-1.0,0.5340018272738397,-1.6147387655514103,-1.6147387655514103,1,,0,reward_aversive,curriculum,8.163615701006595e-06,0.09795931543947914,1261.1595327999676
231,endgames,endgames_0087,a1a6,99996.0,739.0,99257.0,-1.0,0.4573017359101477,-1.5340018272738396,-1.5340018272738396,1,,0,reward_aversive,curriculum,1.6118172683402036e-05,0.09706304725005355,1262.3064379999414
232,endgames,endgames_0088,b5b3,394.0,394.0,0.0,1.0,0.4844366491146403,0.5426982640898523,0.5426982640898523,1,,1,reward_aversive,curriculum,1.216041050877172e-05,0.09681085502154252,1263.5575227999361
233,endgames,endgames_0089,a6a7,636.0,611.0,25.0,0.875162506504975,0.503972941984157,0.39072585739033466,0.39072585739033466,1,,0,reward_aversive,curriculum,1.1531146678762994e-05,0.09792168522598059,1264.7246222000103
234,endgames,endgames_0090,d3c2,653.0,591.0,62.0,0.6924589554718147,0.5133972426585398,0.1884860134876577,0.1884860134876577,1,,0,reward_aversive,curriculum,7.899682562149225e-06,0.09755022782252942,1265.767112600035
235,endgames,endgames_0091,c6c2,475.0,472.0,3.0,0.985000281243672,0.5369773945877965,0.4716030385851322,0.4716030385851322,1,,0,reward_aversive,curriculum,1.0407803598802755e-05,0.09866371677105616,1266.7902561000083
236,endgames,endgames_0092,f3f2,576.0,545.0,31.0,0.8453095791739681,0.552394003817105,0.3083321845861716,0.3083321845861716,1,,0,reward_aversive,curriculum,1.0394556313644755e-05,0.09905576868094863,1267.8019985000137
237,endgames,endgames_0093,c3b3,677.0,650.0,27.0,0.8652046582683968,0.5680345365396696,0.31281065445129175,0.31281065445129175,1,,0,reward_aversive,curriculum,1.2870119590404225e-05,0.09967950976226572,1268.8423053999431
238,endgames,endgames_0094,a7a6,384.0,373.0,11.0,0.9450138603905803,0.5868835027322151,0.3769793238509107,0.3769793238509107,1,,0,reward_aversive,curriculum,7.846112393998814e-06,0.09976473711809529,1269.8945877000224
239,endgames,endgames_0095,a5a1,416.0,376.0,40.0,0.8006640107500884,0.5975725281331088,0.2137805080178733,0.2137805080178733,1,,0,reward_aversive,curriculum,1.1307603862629829e-05,0.09996569634778343,1271.146398199955
240,endgames,endgames_0096,d7c6,0.0,0.0,0.0,1.0,0.6176939017264533,0.4024274718668912,0.4024274718668912,1,,1,reward_aversive,curriculum,8.613327521930536e-06,0.09996422395750072,1272.264035900007
241,endgames,endgames_0097,c8c2,437.0,432.0,5.0,0.9750013020019582,0.6355592717402285,0.3573074002755049,0.3573074002755049,1,,0,reward_aversive,curriculum,1.3583000457229771e-05,0.09996305670833884,1273.3630436999956
242,endgames,endgames_0098,c1b1,5.0,-4.0,9.0,0.9550075922125807,0.6515316877638461,0.31944832047235217,0.31944832047235217,1,,0,reward_aversive,curriculum,1.638061077449391e-05,0.10050643500898332,1274.603834599955
243,endgames,endgames_0099,b5b4,373.0,371.0,2.0,0.9900000833325,0.6684551075422788,0.33846839556865393,0.33846839556865393,1,,0,reward_aversive,curriculum,8.992631904162007e-06,0.10113656593197722,1276.0330231999978
244,endgames,endgames_0100,a3a2,588.0,541.0,47.0,0.7660755502473545,0.6733361296775325,0.09762044270507575,0.09762044270507575,1,,0,reward_aversive,curriculum,5.672241183132914e-06,0.10105908427345756,1277.5237785000354
245,endgames,endgames_0101,c4b3,600.0,483.0,117.0,0.4311316281702493,0.6612259046021683,-0.24220450150728323,-0.24220450150728323,1,,0,reward_aversive,curriculum,1.5751863699111904e-05,0.10033655641849204,1279.2648216999369
246,endgames,endgames_0102,d8d1,503.0,415.0,88.0,0.5669638770139424,0.656512803222757,-0.094262027588226,-0.094262027588226,1,,0,reward_aversive,curriculum,9.037504842349211e-06,0.10036943949128087,1280.8990660000127
247,endgames,endgames_0103,a5b4,565.0,470.0,95.0,0.5337339819147229,0.6503738621573553,-0.12277882130803408,-0.12277882130803408,1,,0,reward_aversive,curriculum,1.1090725921687767e-05,0.10020515900619108,1282.3368191999616
248,endgames,endgames_0104,c8c2,493.0,467.0,26.0,0.870182774450725,0.6613643077720237,0.21980891229336974,0.21980891229336974,1,,0,reward_aversive,curriculum,1.6444461974355438e-05,0.10081301094826983,1283.695093599963
249,endgames,endgames_0105,d6b4,483.0,470.0,13.0,0.9350228757517102,0.675047236171008,0.27365856797968646,0.27365856797968646,1,,0,reward_aversive,curriculum,1.3716319160847116e-05,0.10152216548885722,1285.050807200023
250,endgames,endgames_0106,f1a1,378.0,365.0,13.0,0.9350228757517102,0.6880460181500431,0.25997563958070213,0.25997563958070213,1,,0,reward_aversive,curriculum,1.3152135173822526e-05,0.101341199383186,1286.5858035000274
251,endgames,endgames_0107,f3f2,15.0,13.0,2.0,0.9900000833325,0.7031437214091659,0.30195406518245693,0.30195406518245693,1,,0,reward_aversive,curriculum,8.2818154799723e-06,0.10157981348041781,1287.8883758999873
252,endgames,endgames_0108,a5b4,366.0,348.0,18.0,0.9100607008327996,0.7134895703803475,0.20691697942363363,0.20691697942363363,1,,0,reward_aversive,curriculum,9.99266338504518e-06,0.10170481205841742,1289.1894223999698
253,endgames,endgames_0109,c1b2,566.0,562.0,4.0,0.9800006666400011,0.7268151251933302,0.2665110962596535,0.2665110962596535,1,,0,reward_aversive,curriculum,1.559905699557948e-05,0.10148480374655312,1290.433946599951
254,endgames,endgames_0110,b1a1,610.0,461.0,149.0,0.28764700179349,0.7048567190233381,-0.43916812339984024,-0.43916812339984024,1,,0,reward_aversive,curriculum,1.477141872283217e-05,0.10091097967802716,1291.6382021999452
255,endgames,endgames_0111,c8a6,711.0,632.0,79.0,0.6100569366919357,0.700116729906768,-0.0947997823314024,-0.0947997823314024,1,,0,reward_aversive,curriculum,1.2883720847542405e-05,0.10080981154365705,1292.9048465000233
256,endgames,endgames_0112,f1a1,407.0,389.0,18.0,0.9100607008327996,0.7106139284530696,0.20994397092603156,0.20994397092603156,1,,0,reward_aversive,curriculum,1.1814675837145802e-05,0.1014257392263925,1294.2627394000301
257,endgames,endgames_0113,f6g6,0.0,0.0,0.0,1.0,0.7250832320304161,0.2893860715469304,0.2893860715469304,1,,1,reward_aversive,curriculum,9.447509681919814e-06,0.10148686218555406,1295.6327305999584
258,endgames,endgames_0114,d1c2,757.0,757.0,0.0,1.0,0.7388290704288953,0.27491676796958386,0.27491676796958386,1,,1,reward_aversive,curriculum,1.3253816289325003e-05,0.10208610856382748,1296.7820626000175
259,endgames,endgames_0115,f6c6,460.0,424.0,36.0,0.8204844305056798,0.7429118384327345,0.08165536007678442,0.08165536007678442,1,,0,reward_aversive,curriculum,1.8879822328641908e-05,0.10239709163900002,1297.9062944999896
260,endgames,endgames_0116,g1h1,547.0,529.0,18.0,0.9100607008327996,0.7512692815527376,0.1671488624000651,0.1671488624000651,1,,0,reward_aversive,curriculum,1.8150457320262423e-05,0.102490866815046,1298.9755801999709
261,endgames,endgames_0117,c4b3,452.0,426.0,26.0,0.870182774450725,0.757214956197637,0.11891349289798736,0.11891349289798736,1,,0,reward_aversive,curriculum,9.659871317913257e-06,0.10261418415356789,1300.4878020000178
262,endgames,endgames_0118,g4f5,607.0,607.0,0.0,1.0,0.7693542083877551,0.242785043802363,0.242785043802363,1,,1,reward_aversive,curriculum,1.1660189109917257e-05,0.10297705611795839,1301.9094374999404
263,endgames,endgames_0119,d8c7,1696.0,713.0,983.0,-0.9708708119364151,0.6823429573715466,-1.7402250203241703,-1.7402250203241703,1,,0,reward_aversive,curriculum,1.0653960928309539e-05,0.10437936808957327,1302.9732692999532
264,endgames,endgames_0120,f2f1,667.0,636.0,31.0,0.8453095791739681,0.6904912884616676,0.1629666218024215,0.1629666218024215,1,,0,reward_aversive,curriculum,8.195106906784498e-06,0.10423944457055347,1304.1041129999794
265,endgames,endgames_0121,b3b2,787.0,787.0,0.0,1.0,0.7059667240385843,0.30950871153833237,0.30950871153833237,1,,1,reward_aversive,curriculum,1.2234575817319587e-05,0.10452421212750024,1305.261079399963
266,endgames,endgames_0122,b6a7,99991.0,396.0,99595.0,-1.0,0.620668387836655,-1.7059667240385843,-1.7059667240385843,1,,0,reward_aversive,curriculum,6.844327708456303e-06,0.10548158233879289,1306.438142900006
267,endgames,endgames_0123,b8b3,570.0,570.0,0.0,1.0,0.6396349684448223,0.379331612163345,0.379331612163345,1,,1,reward_aversive,curriculum,1.1444095823499218e-05,0.1054336003555878,1307.7612567000324
268,endgames,endgames_0124,a6a1,396.0,310.0,86.0,0.5765053262729577,0.636478486336229,-0.06312964217186456,-0.06312964217186456,1,,0,reward_aversive,curriculum,9.542310195928173e-06,0.10544597428936808,1309.0619191000005
269,endgames,endgames_0125,h4g4,616.0,594.0,22.0,0.8901107826216251,0.6491601011504988,0.2536322962853961,0.2536322962853961,1,,0,reward_aversive,curriculum,1.92537053586296e-05,0.10590845408173959,1310.2705943000037
270,endgames,endgames_0126,b3b2,99996.0,99996.0,0.0,1.0,0.6667020960929739,0.3508398988495012,0.3508398988495012,1,4.0,1,reward_aversive,curriculum,8.029658010988007e-06,0.105648356370902,1311.4097795999842
271,endgames,endgames_0127,a2b3,410.0,410.0,0.0,1.0,0.6833669912883252,0.33329790390702607,0.33329790390702607,1,,1,reward_aversive,curriculum,1.1081689702766349e-05,0.10643654328443113,1312.476600999944
272,endgames,movement_0004,g7a1,100.0,100.0,0.0,1.0,0.699198641723909,0.31663300871167477,0.31663300871167477,1,,1,reward_aversive,replay,1.8189914593043943e-05,0.1073724280678578,1314.366202999954
273,endgames,movement_0008,a5a1,100.0,-100.0,200.0,0.07576568547998053,0.6680269939117125,-0.6234329562439285,-0.6234329562439285,1,,0,reward_aversive,replay,9.596197939896976e-06,0.10704091793978673,1316.5607287000166
274,endgames,movement_0009,c3b3,100.0,100.0,0.0,1.0,0.6846256442161269,0.3319730060882875,0.3319730060882875,1,,1,reward_aversive,replay,1.0240047135170597e-05,0.10772536486558151,1318.81822190003
275,endgames,movement_0036,f2a1,100.0,-100.0,200.0,0.07576568547998053,0.6541826462793195,-0.6088599587361464,-0.6088599587361464,1,,0,reward_aversive,replay,9.083727336048324e-06,0.10585383780773898,1320.398348000017
276,endgames,movement_0038,d8a1,100.0,-100.0,200.0,0.07576568547998053,0.6252617982393526,-0.578416960799339,-0.578416960799339,1,,0,reward_aversive,replay,1.2489860003975921e-05,0.10444129477738125,1322.5817601999734
277,endgames,movement_0046,e2a1,100.0,-100.0,200.0,0.07576568547998053,0.5977869926013839,-0.549496112759372,-0.549496112759372,1,,0,reward_aversive,replay,1.0856614453850442e-05,0.10505362658711831,1325.2205253000138
278,endgames,movement_0047,f3f2,100.0,100.0,0.0,1.0,0.6178976429713148,0.4022130073986161,0.4022130073986161,1,,1,reward_aversive,replay,1.1547147274674597e-05,0.10568818302051732,1327.4212286999682
279,endgames,movement_0051,d8a1,100.0,-100.0,200.0,0.07576568547998053,0.5907910450967481,-0.5421319574913342,-0.5421319574913342,1,,0,reward_aversive,replay,1.289501827975689e-05,0.10444144901466594,1329.6710397000425
280,endgames,movement_0054,a2a1,100.0,-100.0,200.0,0.07576568547998053,0.5650397771159097,-0.5150253596167675,-0.5150253596167675,1,,0,reward_aversive,replay,6.0534501959895035e-06,0.10436735025993088,1331.6966512999497
281,endgames,movement_0062,c7a1,100.0,-100.0,200.0,0.07576568547998053,0.5405760725341132,-0.48927409163592916,-0.48927409163592916,1,,0,reward_aversive,replay,1.2991568143700132e-05,0.10353161078813022,1333.7250971000176
282,endgames,movement_0069,h8a1,100.0,-100.0,200.0,0.07576568547998053,0.5173355531814066,-0.4648103870541327,-0.4648103870541327,1,,0,reward_aversive,replay,7.387897077304678e-06,0.10365758770647839,1335.7633464999963
283,endgames,movement_0071,a7a1,100.0,-100.0,200.0,0.07576568547998053,0.4952570597963352,-0.44156986770142603,-0.44156986770142603,1,,0,reward_aversive,replay,6.8592131700050395e-06,0.1034936395965656,1337.8337755999528
284,endgames,movement_0073,h4g6,100.0,100.0,0.0,1.0,0.5204942068065185,0.5047429402036647,0.5047429402036647,1,,1,reward_aversive,replay,1.2647952054654137e-05,0.10485352529069383,1339.7849630999845
285,endgames,movement_0074,e4c6,100.0,100.0,0.0,1.0,0.5444694964661926,0.4795057931934815,0.4795057931934815,1,,1,reward_aversive,replay,1.668592872065168e-05,0.1062717036868046,1341.9749277000083
286,endgames,movement_0081,f4a1,100.0,-100.0,200.0,0.07576568547998053,0.5210343059168819,-0.46870381098621205,-0.46870381098621205,1,,0,reward_aversive,replay,3.5771364513073906e-06,0.10696262975325997,1344.0194534000475
287,endgames,movement_0092,d6a1,100.0,-100.0,200.0,0.07576568547998053,0.49877087489503685,-0.4452686204369014,-0.4452686204369014,1,,0,reward_aversive,replay,7.126178964281194e-06,0.10737162391771213,1346.3177208999405
288,endgames,movement_0093,a4a1,100.0,100.0,0.0,1.0,0.523832331150285,0.5012291251049632,0.5012291251049632,1,,1,reward_aversive,replay,6.719994416782236e-06,0.10766378180175153,1348.4947732000146
289,endgames,movement_0097,b8c6,100.0,100.0,0.0,1.0,0.5476407145927707,0.47616766884971495,0.47616766884971495,1,,1,reward_aversive,replay,1.3725753353705656e-05,0.10881406825295586,1350.1935971999774
290,endgames,movement_0107,a2b3,100.0,100.0,0.0,1.0,0.5702586788631322,0.45235928540722925,0.45235928540722925,1,,1,reward_aversive,replay,5.789237203324982e-06,0.10905227500385854,1352.3750982999336
291,endgames,movement_0108,c4a1,100.0,-100.0,200.0,0.07576568547998053,0.5455340291939745,-0.49449299338315167,-0.49449299338315167,1,,0,reward_aversive,replay,1.250827961633146e-05,0.10790501535672326,1353.6788954000222
292,endgames,movement_0112,c6a1,100.0,-100.0,200.0,0.07576568547998053,0.5220456120082748,-0.469768343713994,-0.469768343713994,1,,0,reward_aversive,replay,1.2902567564224505e-05,0.10707253924485183,1355.7664000999648
293,endgames,movement_0113,g7g6,100.0,100.0,0.0,1.0,0.5459433314078611,0.4779543879917252,0.4779543879917252,1,,1,reward_aversive,replay,1.952239344430778e-05,0.10873380752388409,1357.7217314000009
294,endgames,movement_0114,d2a1,100.0,-100.0,200.0,0.07576568547998053,0.5224344491114671,-0.4701776459278806,-0.4701776459278806,1,,0,reward_aversive,replay,6.975457653891739e-06,0.1088995986352002,1359.6989919999614
295,endgames,movement_0129,b6b3,100.0,100.0,0.0,1.0,0.5463127266558937,0.4775655508885329,0.4775655508885329,1,,1,reward_aversive,replay,7.596885966943848e-06,0.10981357780838118,1362.0844554000068
296,endgames,movement_0136,f7b3,100.0,100.0,0.0,1.0,0.5689970903230991,0.4536872733441063,0.4536872733441063,1,,1,reward_aversive,replay,1.062945881755808e-05,0.11070099225416717,1364.0056071999716
297,endgames,movement_0137,c5a1,100.0,-100.0,200.0,0.07576568547998053,0.5443355200809431,-0.49323140484311856,-0.49323140484311856,1,,0,reward_aversive,replay,9.48965323323639e-06,0.10947464424438377,1366.0267775999382
298,endgames,movement_0140,h5g4,100.0,100.0,0.0,1.0,0.567118744076896,0.4556644799190569,0.4556644799190569,1,,1,reward_aversive,replay,1.0376452739759579e-05,0.1103169360569846,1368.395670900005
299,endgames,movement_0141,d7a1,100.0,-100.0,200.0,0.07576568547998053,0.5425510911470502,-0.49135305859691547,-0.49135305859691547,1,,0,reward_aversive,replay,1.1448100287225343e-05,0.11064767591787025,1370.70022410003
300,endgames,movement_0142,d7c6,100.0,100.0,0.0,1.0,0.5654235365896978,0.45744890885294975,0.45744890885294975,1,,1,reward_aversive,replay,9.743352979672157e-06,0.11099701144461985,1373.0440716999583
301,tactics,110,f7f5,-643.0,-1070.0,427.0,-0.5770349657160083,0.5083006114744125,-1.1424585023057061,-1.1424585023057061,1,,0,reward_aversive,curriculum,7.267091439710546e-05,0.11123715860608868,1458.3441805000184
302,tactics,113,h7h5,179.0,134.0,45.0,0.7759444378215202,0.5216828027917679,0.2676438263471077,0.2676438263471077,1,,0,reward_aversive,curriculum,9.020853790903475e-05,0.11125456089087091,1459.5419493999798
303,tactics,132,d6f8,378.0,324.0,54.0,0.7316283801381827,0.5321800816590886,0.20994557734641472,0.20994557734641472,1,,0,reward_aversive,curriculum,0.00011595920310829265,0.11119059983852021,1460.6309539999347
304,tactics,151,g7h6,959.0,959.0,0.0,1.0,0.5555710775761342,0.4678199183409114,0.4678199183409114,1,,1,reward_aversive,curriculum,8.40848002584724e-05,0.11143622849583489,1461.7279597000452
305,tactics,154,f4g5,147.0,145.0,2.0,0.9900000833325,0.5772925278639525,0.4344290057563658,0.4344290057563658,1,,0,reward_aversive,curriculum,5.98333383841256e-05,0.11147501701686399,1462.7433845000342
306,tactics,155,d8g5,-302.0,-1053.0,751.0,-0.908538439297027,0.5030009795059035,-1.4858309671609795,-1.4858309671609795,1,,0,reward_aversive,curriculum,7.9789963749469e-05,0.11178241144321957,1463.7439824000467
307,tactics,164,h1g1,257.0,257.0,0.0,1.0,0.5278509305306083,0.4969990204940965,0.4969990204940965,1,,1,reward_aversive,curriculum,6.699143105177772e-05,0.11203829182346677,1464.8378115999512
308,tactics,177,g5d8,840.0,786.0,54.0,0.7316283801381827,0.538039803010987,0.20377744960757438,0.20377744960757438,1,,0,reward_aversive,curriculum,6.388395025116105e-05,0.11204077370656507,1466.2515020000283
309,tactics,182,h6g7,697.0,697.0,0.0,1.0,0.5611378128604376,0.461960196989013,0.461960196989013,1,,1,reward_aversive,curriculum,8.176859146067236e-05,0.11218522902156705,1467.3736522999825
310,tactics,186,h5g6,223.0,198.0,25.0,0.875162506504975,0.5768390475426646,0.31402469364453733,0.31402469364453733,1,,0,reward_aversive,curriculum,0.0001251342429404449,0.11227394527306793,1468.4523255999666
311,tactics,197,d6d5,-366.0,-856.0,490.0,-0.6822458032640866,0.513884805002327,-1.2590848508067511,-1.2590848508067511,1,,0,reward_aversive,curriculum,7.106178840530959e-05,0.11211800031721461,1469.5309263999807
312,tactics,203,e3e4,946.0,424.0,522.0,-0.7260095851026955,0.4518900854970759,-1.2398943901050226,-1.2398943901050226,1,,0,reward_aversive,curriculum,7.769862472353778e-05,0.11181722549325092,1470.6045198999345
313,tactics,206,c1b2,663.0,289.0,374.0,-0.46583310986715,0.40600392572886457,-0.9177231953642259,-0.9177231953642259,1,,0,reward_aversive,curriculum,8.666651293286639e-05,0.11173441679174664,1471.720932599972
314,tactics,213,c1a3,405.0,-190.0,595.0,-0.8057273825989757,0.3454173603124725,-1.2117313083278403,-1.2117313083278403,1,,0,reward_aversive,curriculum,4.54758229531859e-05,0.1114973860927303,1472.9113824999658
315,tactics,1004,b6a5,649.0,-918.0,1567.0,-0.9984180566240071,0.27822558946564846,-1.3438354169364795,-1.3438354169364795,1,,0,reward_aversive,curriculum,8.354976633245054e-05,0.11206575450460023,1474.2260493999347
316,tactics,1006,g2g4,-20.0,-834.0,814.0,-0.9328374076527448,0.21767243960972882,-1.2110629971183933,-1.2110629971183933,1,,0,reward_aversive,curriculum,8.777844673225817e-05,0.11226205201661961,1475.34044369997
317,tactics,1022,h6g5,-109.0,-109.0,0.0,1.0,0.2567888176292424,0.7823275603902712,0.7823275603902712,1,,1,reward_aversive,curriculum,8.734480699128297e-05,0.11216883674958505,1476.3868621999864
318,tactics,1046,b7b3,431.0,-1029.0,1460.0,-0.9972996690774687,0.1940843932939068,-1.254088486706711,-1.254088486706711,1,,0,reward_aversive,curriculum,9.777959631139601e-05,0.11231538524814094,1477.4437737000408
319,tactics,1048,d4f2,0.0,-68.0,68.0,0.6632379082583706,0.21754206904213,0.4691535149644638,0.4691535149644638,1,,0,reward_aversive,curriculum,5.6762554513877256e-05,0.11237299340730236,1478.511531200027
320,tactics,1065,g1e2,133.0,95.0,38.0,0.8105695274276429,0.24719344196140564,0.5930274583855129,0.5930274583855129,1,,0,reward_aversive,curriculum,8.694266862411474e-05,0.11243607694718884,1479.6335147999926
321,tactics,1067,g2g4,-561.0,-1200.0,639.0,-0.8425827368030592,0.1927046330231824,-1.0897761787644649,-1.0897761787644649,1,,0,reward_aversive,curriculum,8.858507126897857e-05,0.1123115251086718,1480.8965000000317
322,tactics,1068,a8a2,856.0,190.0,666.0,-0.8617750788548939,0.13998064742927857,-1.0544797118780762,-1.0544797118780762,1,,0,reward_aversive,curriculum,6.483783929563618e-05,0.11271307431441238,1482.0735845000017
323,tactics,1075,d1g4,1157.0,-778.0,1935.0,-0.9997486762154368,0.0829941812470428,-1.1397293236447155,-1.1397293236447155,1,,0,reward_aversive,curriculum,8.866643055830236e-05,0.11318757043636679,1483.1444018000038
324,tactics,1076,b8c6,106.0,106.0,0.0,1.0,0.12884447218469067,0.9170058187529572,0.9170058187529572,1,,1,reward_aversive,curriculum,7.843099079912641e-05,0.11301251617604076,1484.2253255000105
325,tactics,1077,d8g5,-2.0,-107.0,105.0,0.4867352468185351,0.1467390109163829,0.35789077463384444,0.35789077463384444,1,,0,reward_aversive,curriculum,5.652521075021801e-05,0.11288207828228199,1485.293579100049
326,tactics,1108,h7h8,945.0,900.0,45.0,0.7759444378215202,0.17819928226163975,0.6292054269051374,0.6292054269051374,1,,0,reward_aversive,curriculum,6.748527722347578e-05,0.11279275694172677,1486.3653501999797
327,tactics,1124,a2a1,158.0,-162.0,320.0,-0.3280735405356978,0.15288564112177286,-0.5062728227973375,-0.5062728227973375,1,,0,reward_aversive,curriculum,8.347557783810912e-05,0.1129964127663652,1487.4796145999571
328,tactics,1131,h6g5,193.0,193.0,0.0,1.0,0.19524135906568424,0.8471143588782272,0.8471143588782272,1,,1,reward_aversive,curriculum,7.71283852186523e-05,0.11307569955475105,1488.7482966999523
329,tactics,1136,a1a3,105.0,-222.0,327.0,-0.3474137514377236,0.16810860354051385,-0.5426551105034079,-0.5426551105034079,1,,0,reward_aversive,curriculum,7.849374660888956e-05,0.11310126774290186,1489.835390400025
330,tactics,1150,f1h3,-152.0,-152.0,0.0,1.0,0.20970317336348815,0.8318913964594862,0.8318913964594862,1,,1,reward_aversive,curriculum,8.889209015728117e-05,0.11269170051453825,1491.0245974999852
331,tactics,1152,d4e5,-936.0,-1236.0,300.0,-0.2702979047745746,0.185703119456585,-0.48000107813806275,-0.48000107813806275,1,,0,reward_aversive,curriculum,0.0001056053547135895,0.11271828598747606,1492.098595699994
332,tactics,1163,c1b2,758.0,758.0,0.0,1.0,0.22641796348375576,0.814296880543415,0.814296880543415,1,,1,reward_aversive,curriculum,0.00011768762462642496,0.11231265631640482,1493.2038127999986
333,tactics,1168,b6b3,20.0,-984.0,1004.0,-0.9737552274639352,0.1664093039363712,-1.200173190947691,-1.200173190947691,1,,0,reward_aversive,curriculum,6.913750339577614e-05,0.11227694785619818,1494.2629828000208
334,tactics,1178,h6f5,-623.0,-675.0,52.0,0.7414548327878834,0.19516158037894682,0.5750455288515122,0.5750455288515122,1,,0,reward_aversive,curriculum,4.0373352499146945e-05,0.11243966587778362,1495.3865578999976
335,tactics,1191,h6g4,317.0,66.0,251.0,-0.11265673969880186,0.17977066437505937,-0.3078183200777487,-0.3078183200777487,1,,0,reward_aversive,curriculum,9.838317441404482e-05,0.11238626703418812,1496.6006035000319
336,tactics,1196,h8f6,883.0,-879.0,1762.0,-0.9994031560452115,0.12081197335404581,-1.1791738204202709,-1.1791738204202709,1,,0,reward_aversive,curriculum,8.100413036894924e-05,0.11277716772589325,1497.6487218999537
337,tactics,1204,c1b2,-21.0,-21.0,0.0,1.0,0.1647713746863435,0.8791880266459542,0.8791880266459542,1,,1,reward_aversive,curriculum,6.231903464908072e-05,0.11307354426388085,1498.7346227000235
338,tactics,1209,c1h6,245.0,162.0,83.0,0.5908552924454774,0.1860755705743002,0.4260839177591339,0.4260839177591339,1,,0,reward_aversive,curriculum,6.974496195063933e-05,0.11282268677653376,1499.809123300016
339,tactics,1223,c1b2,87.0,-551.0,638.0,-0.8418248817961882,0.13468054795577575,-1.0279004523704884,-1.0279004523704884,1,,0,reward_aversive,curriculum,0.0001074112268028061,0.11362693431075303,1500.9155426999787
340,tactics,1242,h7g6,153.0,88.0,65.0,0.6778307807173616,0.16183805959385503,0.5431502327615858,0.5431502327615858,1,,0,reward_aversive,curriculum,7.020587649832502e-05,0.11328484824785123,1502.0086903000483
341,tactics,1253,e1f2,-300.0,-300.0,0.0,1.0,0.2037461566141623,0.838161940406145,0.838161940406145,1,,1,reward_aversive,curriculum,5.50793661214134e-05,0.1131271994379987,1503.15851139999
342,tactics,1257,f4g5,-134.0,-236.0,102.0,0.5007741021262828,0.21859755388976831,0.29702794551212053,0.29702794551212053,1,,0,reward_aversive,curriculum,9.883156033547236e-05,0.11300738318258538,1504.4677896000212
343,tactics,1276,g5f6,32.0,-73.0,105.0,0.4867352468185351,0.23200443853620667,0.26813769292876677,0.26813769292876677,1,,0,reward_aversive,curriculum,6.405107952470843e-05,0.11299084112258469,1505.7068275000202
344,tactics,1284,b8c6,1010.0,647.0,363.0,-0.43986033748890896,0.19841119973495086,-0.6718647760251156,-0.6718647760251156,1,,0,reward_aversive,curriculum,6.447585468373662e-05,0.11300475141900722,1506.8477034999523
345,tactics,1306,a7a5,847.0,382.0,465.0,-0.6437058890577472,0.15630534529531595,-0.8421170887926981,-0.8421170887926981,1,,0,reward_aversive,curriculum,8.937342826976024e-05,0.11319955777911461,1507.9932249999838
346,tactics,1309,b8c6,770.0,-319.0,1089.0,-0.9828028943203866,0.09934993331453082,-1.1391082396157026,-1.1391082396157026,1,,0,reward_aversive,curriculum,6.493294240846116e-05,0.11361762763370409,1509.083896099939
347,tactics,1310,e8d8,995.0,17.0,978.0,-0.9701389079886091,0.04587549124937382,-1.06948884130314,-1.06948884130314,1,,0,reward_aversive,curriculum,7.129367108697977e-05,0.11417159124947497,1510.1280753000174
348,tactics,1317,e8d8,-90.0,-595.0,505.0,-0.7035037392373473,0.008406529725037755,-0.7493792304867212,-0.7493792304867212,1,,0,reward_aversive,curriculum,3.963980834401712e-05,0.11466201341105788,1511.029378099949
349,tactics,1335,e5d4,950.0,716.0,234.0,-0.05258006290742179,0.005357200093414777,-0.06098659263245954,-0.06098659263245954,1,,0,reward_aversive,curriculum,7.264310695814325e-05,0.11464793607607865,1512.2825194000034
350,tactics,1339,c7c6,143.0,143.0,0.0,1.0,0.05508934008874404,0.9946427999065852,0.9946427999065852,1,,1,reward_aversive,curriculum,4.7587580402627005e-05,0.11422434410028924,1513.194641500013
351,tactics,1354,h6g5,712.0,712.0,0.0,1.0,0.10233487308430683,0.944910659911256,0.944910659911256,1,,1,reward_aversive,curriculum,0.00010231923324199449,0.11456535546748423,1514.2575349999825
352,tactics,1362,e5g4,-159.0,-189.0,30.0,0.8502806186250018,0.1397321603613416,0.747945745540695,0.747945745540695,1,,0,reward_aversive,curriculum,6.246401977026086e-05,0.11497712680029948,1515.3116486000363
353,tactics,1394,a1a2,653.0,653.0,0.0,1.0,0.1827455523432745,0.8602678396386584,0.8602678396386584,1,,1,reward_aversive,curriculum,8.94380089788408e-05,0.11462543562073345,1516.3694472999778
354,tactics,1396,f6e4,111.0,52.0,59.0,0.7071209092806605,0.2089643201901438,0.524375356937386,0.524375356937386,1,,0,reward_aversive,curriculum,5.82461031879558e-05,0.11444513328026366,1517.4597595999949
355,tactics,1401,g7g6,775.0,53.0,722.0,-0.8946427214988664,0.15378396810569328,-1.1036070416890102,-1.1036070416890102,1,,0,reward_aversive,curriculum,4.728285172506961e-05,0.11474723525023926,1518.6662691000383
356,tactics,1412,a3b2,120.0,-18.0,138.0,0.3361322929927191,0.16290138435004456,0.1823483248870258,0.1823483248870258,1,,0,reward_aversive,curriculum,7.295114993332555e-05,0.11466873779836587,1519.7297388999723
357,tactics,1418,d5b4,179.0,164.0,15.0,0.9250351364858591,0.2010080719568353,0.7621337521358146,0.7621337521358146,1,,0,reward_aversive,curriculum,7.868482799293647e-05,0.11431301279602074,1520.837898900034
358,tactics,1427,h5g4,728.0,728.0,0.0,1.0,0.24095766835899352,0.7989919280431648,0.7989919280431648,1,,1,reward_aversive,curriculum,3.735022610955963e-05,0.11425897495165338,1521.9464952000417
359,tactics,1428,g6h5,650.0,650.0,0.0,1.0,0.27890978494104385,0.7590423316410064,0.7590423316410064,1,,1,reward_aversive,curriculum,8.760493917911983e-05,0.1141115622632207,1523.0190852000378
360,tactics,1429,h4g5,691.0,691.0,0.0,1.0,0.31496429569399165,0.7210902150589562,0.7210902150589562,1,,1,reward_aversive,curriculum,5.677912662055617e-05,0.11433000223066962,1524.2071933000116
361,tactics,1433,f6g4,-105.0,-117.0,12.0,0.9400179935223597,0.34621698058541,0.6250536978283681,0.6250536978283681,1,,0,reward_aversive,curriculum,4.4733451394517e-05,0.11437499488505141,1525.4181414999766
362,tactics,1436,h2h4,9.0,-920.0,929.0,-0.9619277378932469,0.2808097446614772,-1.308144718478657,-1.308144718478657,1,,0,reward_aversive,curriculum,8.04577071411305e-05,0.11472680611133422,1526.562489700038
363,tactics,1437,c1g5,235.0,235.0,0.0,1.0,0.3167692574284033,0.7191902553385228,0.7191902553385228,1,,1,reward_aversive,curriculum,7.308849746523424e-05,0.11474621677712321,1527.6347425000276
364,tactics,1438,h6g5,262.0,-502.0,764.0,-0.9141708411295859,0.25522225250050384,-1.2309400985579892,-1.2309400985579892,1,,0,reward_aversive,curriculum,8.920148173990818e-05,0.11466483337539278,1528.765137600014
365,tactics,1450,g6g5,-479.0,-932.0,453.0,-0.6237462968327687,0.21127382503384018,-0.8789685493332726,-0.8789685493332726,1,,0,reward_aversive,curriculum,6.406839988604589e-05,0.11482209436096355,1529.814122700016
366,tactics,1459,c8g4,10.0,-1057.0,1067.0,-0.9808128399377267,0.15166949178526182,-1.192086664971567,-1.192086664971567,1,,0,reward_aversive,curriculum,7.187578737940453e-05,0.11549222448800239,1530.86968480004
367,tactics,1465,c7c6,863.0,-11.0,874.0,-0.9500272549474817,0.09658465444862463,-1.1016967467327436,-1.1016967467327436,1,,0,reward_aversive,curriculum,4.169529040692313e-05,0.11587786913315519,1532.007889600005
368,tactics,1471,b6c5,-187.0,-392.0,205.0,0.05621842429140622,0.0945663429407637,-0.04036623015721841,-0.04036623015721841,1,,0,reward_aversive,curriculum,8.968362905870255e-05,0.11586362198938263,1533.3238032000372
369,tactics,1493,h7h5,253.0,10.0,243.0,-0.08472978222326732,0.08560153668256215,-0.17929612516403104,-0.17929612516403104,1,,0,reward_aversive,curriculum,8.465724849831876e-05,0.11595521841946334,1534.4086458999664
370,tactics,1496,d5e4,823.0,133.0,690.0,-0.8769245625714079,0.037475231719863646,-0.9625260992539701,-0.9625260992539701,1,,0,reward_aversive,curriculum,7.166059734593139e-05,0.11639478808754035,1535.473171300022
371,tactics,1503,e3e4,715.0,514.0,201.0,0.07183799263347301,0.03919336976554411,0.03436276091360937,0.03436276091360937,1,,0,reward_aversive,curriculum,6.428973996574883e-05,0.11636777597059647,1536.5772693000035
372,tactics,1507,g4f6,-168.0,-168.0,0.0,1.0,0.0872337012772669,0.9608066302344559,0.9608066302344559,1,,1,reward_aversive,curriculum,6.096904913613203e-05,0.11589747313854798,1537.8771905000322
373,tactics,1515,h4g5,67.0,67.0,0.0,1.0,0.13287201621340355,0.9127662987227331,0.9127662987227331,1,,1,reward_aversive,curriculum,5.219902200611475e-05,0.11623475627914762,1538.9823297000257
374,tactics,1516,g4f5,-122.0,-122.0,0.0,1.0,0.17622841540273337,0.8671279837865964,0.8671279837865964,1,,1,reward_aversive,curriculum,8.606497348114778e-05,0.11619468391868211,1540.3711348000215
375,tactics,1547,a2a4,-679.0,-1044.0,365.0,-0.44466002581077135,0.14518399334205814,-0.6208884412135047,-0.6208884412135047,1,,0,reward_aversive,curriculum,0.00010363729626634879,0.11658333320946443,1541.6853206999367
376,tactics,1548,b5c6,1088.0,665.0,423.0,-0.5694102944192934,0.10945427895399056,-0.7145942877613515,-0.7145942877613515,1,,0,reward_aversive,curriculum,8.473897120713026e-05,0.11652321589395798,1542.7896867999807
377,tactics,1574,g5g6,99999.0,99999.0,0.0,1.0,0.153981565006291,0.8905457210460095,0.8905457210460095,1,,1,reward_aversive,curriculum,0.00012947846026119776,0.1167814783005243,1544.043540099985
378,tactics,1576,e8g6,-544.0,-1190.0,646.0,-0.8477910117160317,0.10389293617017488,-1.0017725767223227,-1.0017725767223227,1,,0,reward_aversive,curriculum,0.00013933304220204603,0.11728526543929378,1545.2806834999938
379,tactics,1605,e3g5,223.0,-433.0,656.0,-0.8549451345014065,0.05595103263659581,-0.9588380706715814,-0.9588380706715814,1,,0,reward_aversive,curriculum,0.00011540221863119719,0.11800785525545716,1546.45578129997
380,tactics,1608,d1c2,-32.0,-971.0,939.0,-0.9637677249491166,0.004965094757310183,-1.0197187575857123,-1.0197187575857123,1,,0,reward_aversive,curriculum,7.3574725574628e-05,0.11816404855037414,1547.7923844000325
381,tactics,1622,e4e5,600.0,-639.0,1239.0,-0.9918581932563142,-0.044876069643371035,-0.9968232880136244,-0.9968232880136244,1,,0,reward_aversive,curriculum,7.026099326245909e-05,0.1171764326224492,1549.167498899973
382,tactics,1623,e4c6,664.0,-799.0,1463.0,-0.9973398450309887,-0.09249925841275192,-0.9524637753876177,-0.9524637753876177,1,,0,reward_aversive,curriculum,6.865933225932821e-05,0.11628092341329638,1550.3828709999798
383,tactics,1639,h6g5,890.0,890.0,0.0,1.0,-0.03787429549211431,1.092499258412752,1.092499258412752,1,,1,reward_aversive,curriculum,4.3866585693907134e-05,0.11649218594933823,1551.7196337999776
384,tactics,1645,h6f5,194.0,11.0,183.0,0.1439110928907934,-0.02878502607296892,0.1817853883829077,0.1817853883829077,1,,0,reward_aversive,curriculum,6.883656235193088e-05,0.11637946508584913,1552.9678623999935
385,tactics,1646,f2e4,901.0,531.0,370.0,-0.4565084119636229,-0.05017119536750162,-0.427723385890654,-0.427723385890654,1,,0,reward_aversive,curriculum,5.2248121469974716e-05,0.11639515234661348,1554.0133720999584
386,tactics,1661,f3f1,858.0,858.0,0.0,1.0,0.002337364400873468,1.0501711953675017,1.0501711953675017,1,,1,reward_aversive,curriculum,0.000109886205391859,0.11723226393782088,1555.3844874999486
387,tactics,1668,e5g6,359.0,359.0,0.0,1.0,0.0522204961808298,0.9976626355991265,0.9976626355991265,1,,1,reward_aversive,curriculum,8.650535827783397e-05,0.11681903986973667,1556.6585707999766
388,tactics,1669,b8c6,577.0,209.0,368.0,-0.4517948296981613,0.027019729886880242,-0.5040153258789911,-0.5040153258789911,1,,0,reward_aversive,curriculum,6.823109339067782e-05,0.11712139764736854,1557.9052941999398
389,tactics,1677,c1d2,-5.0,-5.0,0.0,1.0,0.07566874339253624,0.9729802701131197,0.9729802701131197,1,,1,reward_aversive,curriculum,0.00010321497077266654,0.11676133590706488,1559.0913232000312
390,tactics,1685,c8a6,81.0,-690.0,771.0,-0.9170616896422601,0.02603222174079642,-0.9927304330347964,-0.9927304330347964,1,,0,reward_aversive,curriculum,4.992932233632572e-05,0.11702864608186425,1560.2663738999981
391,tactics,1689,e7e6,-54.0,-99.0,45.0,0.7759444378215202,0.0635278325448326,0.7499122160807238,0.7499122160807238,1,,0,reward_aversive,curriculum,6.954661882273459e-05,0.11701528233092247,1561.4639841000317
392,tactics,1699,d6e6,-419.0,-660.0,241.0,-0.07765224491499412,0.05646882867184126,-0.14118007745982672,-0.14118007745982672,1,,0,reward_aversive,curriculum,6.143674437097092e-05,0.11696531215708897,1562.9561102000298
393,tactics,1711,f3f5,179.0,79.0,100.0,0.5101626751925817,0.07915352099787828,0.45369384652074046,0.45369384652074046,1,,0,reward_aversive,curriculum,6.801085160678559e-05,0.11657790743154131,1564.2429836000083
394,tactics,1712,c1d2,200.0,171.0,29.0,0.8552535190728211,0.11795852090162542,0.7760999980749428,0.7760999980749428,1,,0,reward_aversive,curriculum,6.053183941010092e-05,0.11629723796328084,1565.35394359997
395,tactics,1713,c2b3,-28.0,-143.0,115.0,0.44033561304906343,0.13407737550899734,0.32237709214743804,0.32237709214743804,1,,0,reward_aversive,curriculum,8.460122278036848e-05,0.1161303297737937,1566.4640063999686
396,tactics,1716,e5d4,832.0,832.0,0.0,1.0,0.17737350673354746,0.8659226244910027,0.8659226244910027,1,,1,reward_aversive,curriculum,5.9964591451040545e-05,0.1163793573405776,1567.5255155999912
397,tactics,1718,c1a3,448.0,-847.0,1295.0,-0.9938434944972945,0.11881265667200536,-1.171217001230842,-1.171217001230842,1,,0,reward_aversive,curriculum,9.408483588813562e-05,0.11661034766497186,1568.6509377999464
398,tactics,1729,b4d2,-537.0,-707.0,170.0,0.1977314301041082,0.1227585953436105,0.07891877343210285,0.07891877343210285,1,,0,reward_aversive,curriculum,7.147309722620223e-05,0.11659153362486001,1569.8572707000421
399,tactics,1730,f6e4,35.0,-535.0,570.0,-0.7812747311362369,0.07755692901961812,-0.9040333264798475,-0.9040333264798475,1,,0,reward_aversive,curriculum,6.457553562609397e-05,0.11701946821573224,1571.2066080999793
400,tactics,1734,a2a3,-784.0,-879.0,95.0,0.5337339819147229,0.10036578166437336,0.45617705289510474,0.45617705289510474,1,,0,reward_aversive,curriculum,7.620964077005048e-05,0.11702424816394309,1572.4671200000448
401,tactics,1747,f5g6,879.0,473.0,406.0,-0.5356443117240206,0.06856527699495366,-0.636010093388394,-0.636010093388394,1,,0,reward_aversive,curriculum,9.88993874194141e-05,0.11712827284659962,1573.6517533999868
402,tactics,1758,c8e6,1096.0,-406.0,1502.0,-0.9978108743689398,0.015246469426758974,-1.0663761513638934,-1.0663761513638934,1,,0,reward_aversive,curriculum,6.0300931997998066e-05,0.11801141794553241,1574.8616500999779
403,tactics,1769,e5f7,-297.0,-734.0,437.0,-0.5955775823581819,-0.015294733162488073,-0.6108240517849409,-0.6108240517849409,1,,0,reward_aversive,curriculum,5.76350876040645e-05,0.11799691253152308,1576.0006755000213
404,tactics,1772,e7f6,-152.0,-285.0,133.0,0.3584693076831357,0.003393468879793117,0.37376404084562376,0.37376404084562376,1,,0,reward_aversive,curriculum,7.395151340121668e-05,0.11796280202786541,1577.1884305999847
405,tactics,1782,h2h4,-41.0,-1095.0,1054.0,-0.979530843079834,-0.04575274671818824,-0.982924311959627,-0.982924311959627,1,,0,reward_aversive,curriculum,5.24520578324739e-05,0.11823576334475881,1578.5342272999696
406,tactics,1801,d4c2,809.0,700.0,109.0,0.4681008932781573,-0.020060064718370962,0.5138536399963456,0.5138536399963456,1,,0,reward_aversive,curriculum,7.882933859284788e-05,0.11817057693574269,1579.6734011999797
407,tactics,1806,g7g6,72.0,42.0,30.0,0.8502806186250018,0.023456969448797677,0.8703406833433728,0.8703406833433728,1,,0,reward_aversive,curriculum,5.1021877632687266e-05,0.11817083910099518,1580.8399145000149
408,tactics,1807,a2a1,-292.0,-342.0,50.0,0.7512939964568076,0.05984882079919818,0.7278370270080099,0.7278370270080099,1,,0,reward_aversive,curriculum,5.0847526197552005e-05,0.11778962942308945,1582.087434599991
409,tactics,1808,g7g5,-641.0,-1137.0,496.0,-0.6909111914533606,0.02231082018657024,-0.7507600122525587,-0.7507600122525587,1,,0,reward_aversive,curriculum,8.217912064637122e-05,0.11796478483971683,1583.315688499948
410,tactics,1819,e7e6,632.0,443.0,189.0,0.1195658927980342,0.02717357381714344,0.09725507261146396,0.09725507261146396,1,,0,reward_aversive,curriculum,7.113950322855888e-05,0.11792283598038213,1584.3657224000199
411,tactics,1833,h4g5,981.0,505.0,476.0,-0.6611577370770569,-0.007242991727566584,-0.6883313108942004,-0.6883313108942004,1,,0,reward_aversive,curriculum,6.517659544946465e-05,0.11825102915019055,1585.5856423999649
412,tactics,1843,g4h5,-99.0,-133.0,34.0,0.830408236902596,0.03463956970394155,0.8376512286301626,0.8376512286301626,1,,0,reward_aversive,curriculum,4.4341852915206935e-05,0.11842505546996354,1586.7112973999465
413,tactics,1847,c1b2,202.0,202.0,0.0,1.0,0.08290759121874447,0.9653604302960584,0.9653604302960584,1,,1,reward_aversive,curriculum,7.382884991153085e-05,0.11851735531968818,1587.823671799968
414,tactics,1903,d4e5,773.0,773.0,0.0,1.0,0.12876221165780724,0.9170924087812555,0.9170924087812555,1,,1,reward_aversive,curriculum,8.735436840078192e-05,0.11813075795822901,1588.9803352999734
415,tactics,1908,c1b2,394.0,-44.0,438.0,-0.5973916257435725,0.09245451978773825,-0.7261538374013797,-0.7261538374013797,1,,0,reward_aversive,curriculum,9.64471697451695e-05,0.11846740394801128,1590.056199499988
416,tactics,1913,b4c6,-95.0,-937.0,842.0,-0.9414832873180627,0.04075762943244819,-1.033937807105801,-1.033937807105801,1,,0,reward_aversive,curriculum,9.253272843676406e-05,0.1189932876583625,1591.1653309999965
417,tactics,1915,c1g5,502.0,-754.0,1256.0,-0.9925204098916638,-0.010906272533757415,-1.0332780393241119,-1.0332780393241119,1,,0,reward_aversive,curriculum,7.426589520519991e-05,0.11932937408751688,1592.4044671000447
418,tactics,1916,h5g4,89.0,89.0,0.0,1.0,0.039639041092930455,1.0109062725337574,1.0109062725337574,1,,1,reward_aversive,curriculum,0.00010940479721298589,0.1192399958757166,1593.6612227000296
419,tactics,1930,a1b3,-463.0,-858.0,395.0,-0.5125885969215278,0.012027659192207538,-0.5522276380144583,-0.5522276380144583,1,,0,reward_aversive,curriculum,6.635097671867678e-05,0.11963885423948634,1594.708777999971
420,tactics,1939,d5c7,176.0,-455.0,631.0,-0.8364211371763834,-0.03039478062622202,-0.8484487963685909,-0.8484487963685909,1,,0,reward_aversive,curriculum,7.863065789667294e-05,0.1197440946254455,1595.7653168999823
421,tactics,1952,h3g3,217.0,75.0,142.0,0.3183953607645257,-0.012955273556684632,0.3487901413907477,0.3487901413907477,1,,0,reward_aversive,curriculum,5.620216069175247e-05,0.11959857667403688,1596.8594717000378
422,tactics,1956,h2h3,0.0,-214.0,214.0,0.0216123366900961,-0.011226893044345595,0.03456761024678073,0.03456761024678073,1,,0,reward_aversive,curriculum,5.474044630010427e-05,0.11956496208049237,1597.8880823999643
423,tactics,1968,a3c4,90.0,90.0,0.0,1.0,0.03933445160787169,1.0112268930443455,1.0112268930443455,1,,1,reward_aversive,curriculum,6.0734280198026156e-05,0.11921743946395306,1598.9564945000457
424,tactics,1972,h6g7,104.0,55.0,49.0,0.7562181987011352,0.07517863896253486,0.7168837470932634,0.7168837470932634,1,,0,reward_aversive,curriculum,6.474883841452652e-05,0.11951224502843587,1600.1100351000205
425,tactics,1981,f2g3,-239.0,-882.0,643.0,-0.845579472535078,0.02914073338765421,-0.9207581114976129,-0.9207581114976129,1,,0,reward_aversive,curriculum,8.320698682159085e-05,0.11994134227347923,1601.2693555000005
426,tactics,2000,c1g5,992.0,992.0,0.0,1.0,0.0776836967182715,0.9708592666123458,0.9708592666123458,1,,1,reward_aversive,curriculum,0.00010703317713835683,0.11933359765673447,1602.3506600999972
427,tactics,2002,h5g4,832.0,508.0,324.0,-0.33918051923754167,0.05684048592048084,-0.41686421595581313,-0.41686421595581313,1,,0,reward_aversive,curriculum,8.128520981392079e-05,0.11955052606015441,1603.5085993999382
428,tactics,2004,c1a3,-751.0,-790.0,39.0,0.8056155656674626,0.09427923990782994,0.7487750797469818,0.7487750797469818,1,,0,reward_aversive,curriculum,6.717955331838536e-05,0.11949681577423149,1604.6988701999653
429,tactics,2012,c2g6,143.0,-930.0,1073.0,-0.9813772661349902,0.04049641460568892,-1.07565650604282,-1.07565650604282,1,,0,reward_aversive,curriculum,5.6187330506361885e-05,0.11886651872384012,1605.850267700036
430,tactics,2026,h6g4,95.0,73.0,22.0,0.8901107826216251,0.08297713300648574,0.8496143680159363,0.8496143680159363,1,,0,reward_aversive,curriculum,6.002533009153105e-05,0.1190460443279845,1606.958552600001
431,tactics,2031,c1a3,717.0,47.0,670.0,-0.8644193433632874,0.03560730918799708,-0.9473964763697731,-0.9473964763697731,1,,0,reward_aversive,curriculum,6.0597918582828464e-05,0.11885753735839649,1608.2670972000342
432,tactics,2033,d8f6,64.0,-581.0,645.0,-0.8470572329361674,-0.008525917918211154,-0.8826645421241645,-0.8826645421241645,1,,0,reward_aversive,curriculum,9.256981946536219e-05,0.11948368578781254,1609.459008899983
433,tactics,2042,g7g5,257.0,-254.0,511.0,-0.711634807209224,-0.043681362382761796,-0.7031088892910129,-0.7031088892910129,1,,0,reward_aversive,curriculum,0.00011912066050290061,0.12004629730110075,1610.5413414000068
434,tactics,2049,h6g4,455.0,-134.0,589.0,-0.80010656705173,-0.0815026226162102,-0.7564252046689682,-0.7564252046689682,1,,0,reward_aversive,curriculum,6.342599154265233e-05,0.12009069600259407,1611.7013643999817
435,tactics,2051,e7g5,214.0,-965.0,1179.0,-0.9890175313007488,-0.12687836805043712,-0.9075149086845385,-0.9075149086845385,1,,0,reward_aversive,curriculum,6.64716693542893e-05,0.12066093375793499,1612.8039154999424
436,tactics,2055,h6g4,59.0,59.0,0.0,1.0,-0.07053444964791525,1.126878368050437,1.126878368050437,1,,1,reward_aversive,curriculum,8.050977373746652e-05,0.1203306292331372,1613.8909924000036
437,tactics,2058,h6g5,603.0,603.0,0.0,1.0,-0.017007727165519473,1.0705344496479152,1.0705344496479152,1,,1,reward_aversive,curriculum,7.370795538713407e-05,0.12056899626927653,1615.0921071999473
438,tactics,2082,a3c4,654.0,654.0,0.0,1.0,0.0338426591927565,1.0170077271655196,1.0170077271655196,1,,1,reward_aversive,curriculum,5.605114031614459e-05,0.12040796734007252,1616.3079468000215
439,tactics,2084,g7g6,159.0,-14.0,173.0,0.18518304800091745,0.04140967863316455,0.15134038880816095,0.15134038880816095,1,,0,reward_aversive,curriculum,5.6465500088831134e-05,0.12042726756827724,1617.3249281999888
440,tactics,2087,f5g4,1263.0,784.0,479.0,-0.6657809320789816,0.006050148097557238,-0.7071906107121462,-0.7071906107121462,1,,0,reward_aversive,curriculum,4.919137151496155e-05,0.1206218724240254,1618.4122907000128
441,tactics,2088,e3c1,366.0,73.0,293.0,-0.2491848832419472,-0.006711603469417985,-0.2552350313395044,-0.2552350313395044,1,,0,reward_aversive,curriculum,7.509517294925543e-05,0.12059178215452207,1619.4750832000282
442,tactics,2095,d8c7,269.0,143.0,126.0,0.3900421512290221,0.01312608426550402,0.39675375469844004,0.39675375469844004,1,,0,reward_aversive,curriculum,5.492675101131977e-05,0.12025691634386788,1620.5940291000297
443,tactics,2111,e4f5,41.0,41.0,0.0,1.0,0.06246978005222882,0.986873915734496,0.986873915734496,1,,1,reward_aversive,curriculum,6.689430145578122e-05,0.12027211969234984,1621.7528666999424
444,tactics,2118,c1b2,123.0,-1014.0,1137.0,-0.9864598565489084,0.010023298222171947,-1.0489296366011374,-1.0489296366011374,1,,0,reward_aversive,curriculum,0.00010065509522614807,0.12063773221055027,1622.968510100036
445,tactics,2121,h7h5,680.0,90.0,590.0,-0.801053953765773,-0.030530564377225303,-0.811077251987945,-0.811077251987945,1,,0,reward_aversive,curriculum,4.9812922190904454e-05,0.12086960386296401,1624.0398865999887
446,tactics,2155,e3d4,432.0,394.0,38.0,0.8105695274276429,0.01152444021301811,0.8411000918048682,0.8411000918048682,1,,0,reward_aversive,curriculum,7.12038543226801e-05,0.12081239366234067,1625.0734428999713
447,tactics,2161,c1b2,474.0,474.0,0.0,1.0,0.060948218202367205,0.9884755597869819,0.9884755597869819,1,,1,reward_aversive,curriculum,0.00010553618900798301,0.12073020739860077,1626.1927962000482
448,tactics,2170,f4h4,-582.0,-1057.0,475.0,-0.659603819971919,0.024920616293652893,-0.7205520381742861,-0.7205520381742861,1,,0,reward_aversive,curriculum,5.9504074163448784e-05,0.12135952257088198,1627.3903627999825
449,tactics,2171,b8c6,501.0,233.0,268.0,-0.16995976576145755,0.015176597190897369,-0.19488038205511043,-0.19488038205511043,1,,0,reward_aversive,curriculum,4.784523133384034e-05,0.12150303783997372,1628.4316469000187
450,tactics,2181,h4g4,699.0,290.0,409.0,-0.5417656830691766,-0.012670516822106332,-0.556942280260074,-0.556942280260074,1,,0,reward_aversive,curriculum,5.030918585271574e-05,0.12164732896068844,1629.5284818999935
451,tactics,2191,d5e4,975.0,851.0,124.0,0.3991258057046918,0.007919299304233575,0.41179632252679815,0.41179632252679815,1,,0,reward_aversive,curriculum,7.083146961878826e-05,0.12123064731383099,1630.7781578999711
452,tactics,2193,e3g5,799.0,733.0,66.0,0.672962492632655,0.04117145897065464,0.6650431933284213,0.6650431933284213,1,,0,reward_aversive,curriculum,6.904682216261714e-05,0.12090144504132756,1631.8675686999923
453,tactics,2200,g5h4,-517.0,-517.0,0.0,1.0,0.08911288602212192,0.9588285410293453,0.9588285410293453,1,,1,reward_aversive,curriculum,5.9993128423269956e-05,0.12108747443661412,1633.077850600006
454,tactics,2202,g2g4,-161.0,-164.0,3.0,0.985000281243672,0.13390725578319942,0.89588739522155,0.89588739522155,1,,0,reward_aversive,curriculum,5.566477258689514e-05,0.12085491076449735,1634.3153808000498
455,tactics,2204,h5g4,900.0,898.0,2.0,0.9900000833325,0.17671189716066446,0.8560928275493006,0.8560928275493006,1,,0,reward_aversive,curriculum,5.002839147245047e-05,0.12094922934632435,1635.6664824000327
456,tactics,2211,g7g6,867.0,696.0,171.0,0.19354018553839736,0.1775533115795511,0.016828288377732897,0.016828288377732897,1,,0,reward_aversive,curriculum,8.32147381096838e-05,0.12091526862570622,1637.0544368999545
457,tactics,2233,c8f5,-2.0,-11.0,9.0,0.9550075922125807,0.21642602561120255,0.7774542806330296,0.7774542806330296,1,,0,reward_aversive,curriculum,6.699748981542803e-05,0.12086998504930588,1638.478493600036
458,tactics,2234,c8e6,944.0,-434.0,1378.0,-0.9959324850158191,0.15580810007985146,-1.2123585106270216,-1.2123585106270216,1,,0,reward_aversive,curriculum,3.463024636604156e-05,0.12025470080104703,1639.5499825000297
459,tactics,2235,e1d2,11.0,-1133.0,1144.0,-0.9869240417534455,0.0986714929881866,-1.142732141833297,-1.142732141833297,1,,0,reward_aversive,curriculum,6.96456729765065e-05,0.12039493200817078,1640.7906377000036
460,tactics,2242,h5c5,176.0,52.0,124.0,0.3991258057046918,0.11369420862401186,0.3004543127165052,0.3004543127165052,1,,0,reward_aversive,curriculum,6.592729071740992e-05,0.12040843593480136,1642.0586403999478
461,tactics,2249,h7h6,871.0,158.0,713.0,-0.8899267978662297,0.06351315829949977,-1.0036210064902416,-1.0036210064902416,1,,0,reward_aversive,curriculum,6.837866885148684e-05,0.12098013580858022,1643.2997173999902
462,tactics,2256,g3f5,31.0,-881.0,912.0,-0.958585049875633,0.01240824789074313,-1.0220982081751329,-1.0220982081751329,1,,0,reward_aversive,curriculum,5.022948449308941e-05,0.12082287177052879,1644.5677374999505
463,tactics,2260,f5g6,95.0,-140.0,235.0,-0.056190399189864015,0.008978315536712772,-0.06859864708060714,-0.06859864708060714,1,,0,reward_aversive,curriculum,5.52337342677548e-05,0.12084772467960442,1645.8302345999982
464,tactics,2268,g4h3,321.0,-430.0,751.0,-0.908538439297027,-0.03689752220497422,-0.9175167548337398,-0.9175167548337398,1,,0,reward_aversive,curriculum,7.259756640497229e-05,0.12136666466915544,1646.923053800012
465,tactics,2272,c1b2,904.0,-803.0,1707.0,-0.9992142737351493,-0.08501335978148297,-0.962316751530175,-0.962316751530175,1,,0,reward_aversive,curriculum,8.968683972948196e-05,0.12213228887956595,1647.9951146999374
466,tactics,2277,c1b1,-199.0,-802.0,603.0,-0.8129887796018089,-0.12141213077249927,-0.727975419820326,-0.727975419820326,1,,0,reward_aversive,curriculum,0.00010530838799630184,0.12215630844366945,1649.0203686000314
467,tactics,2295,h5g4,117.0,72.0,45.0,0.7759444378215202,-0.07654430234279828,0.8973565685940195,0.8973565685940195,1,,0,reward_aversive,curriculum,5.220143839969463e-05,0.12270015516722488,1650.0371884000488
468,tactics,2310,g4f5,623.0,577.0,46.0,0.7710085816057777,-0.03416665814536948,0.847552883948576,0.847552883948576,1,,0,reward_aversive,curriculum,6.744867690774278e-05,0.12243929305172546,1651.1215685999487
469,tactics,2317,h5g4,-299.0,-299.0,0.0,1.0,0.017541674761898995,1.0341666581453695,1.0341666581453695,1,,1,reward_aversive,curriculum,6.216039692307357e-05,0.12248467471914674,1652.2657632000046
470,tactics,2328,g1h3,825.0,825.0,0.0,1.0,0.06666459102380405,0.982458325238101,0.982458325238101,1,,1,reward_aversive,curriculum,9.122278345179678e-05,0.12248833030095238,1653.5297377000097
471,tactics,2329,g7g6,449.0,-34.0,483.0,-0.6718560003452709,0.02973856145535029,-0.738520591369075,-0.738520591369075,1,,0,reward_aversive,curriculum,7.305623186324404e-05,0.12269475445441466,1654.6637333999388
472,tactics,2330,f6g5,-69.0,-277.0,208.0,0.044599975663004,0.030481632165732974,0.01486141420765371,0.01486141420765371,1,,0,reward_aversive,curriculum,5.4598482037912625e-05,0.12266851929377535,1655.7779140999774
473,tactics,2342,e4f3,-123.0,-414.0,291.0,-0.2430669854420222,0.01680420128534521,-0.2735486176077552,-0.2735486176077552,1,,0,reward_aversive,curriculum,5.799777806443953e-05,0.12268141202044132,1656.914338100003
474,tactics,2353,e4d5,-135.0,-135.0,0.0,1.0,0.06596399122107795,0.9831957987146548,0.9831957987146548,1,,1,reward_aversive,curriculum,7.302140118296793e-05,0.12299506596556997,1657.9849977999693
475,tactics,2354,g7g6,934.0,-704.0,1638.0,-0.9988906522115164,0.012721259049448222,-1.0648546434325943,-1.0648546434325943,1,,0,reward_aversive,curriculum,5.622806407263226e-05,0.12309834435086227,1659.0712803000351
476,tactics,2376,a3b2,34.0,-294.0,328.0,-0.3501397496772156,-0.005421791386884972,-0.3628610087266638,-0.3628610087266638,1,,0,reward_aversive,curriculum,7.599346168284354e-05,0.12288959823981473,1660.5814159000292
477,tactics,2380,g5g4,-63.0,-522.0,459.0,-0.6338483748267003,-0.03684312055887574,-0.6284265834398154,-0.6284265834398154,1,,0,reward_aversive,curriculum,6.376265346588552e-05,0.12297091171893673,1661.6868304000236
478,tactics,2389,h3f2,1005.0,839.0,166.0,0.2145802807046635,-0.02427195049569877,0.25142340126353924,0.25142340126353924,1,,0,reward_aversive,curriculum,7.160428256648158e-05,0.12283377569350602,1662.7050034999847
479,tactics,2392,g4h5,152.0,128.0,24.0,0.880143792941713,0.02094883667617182,0.9044157434374117,0.9044157434374117,1,,0,reward_aversive,curriculum,5.34491879700894e-05,0.12250475543168995,1663.7702760000248
480,tactics,2393,h2h3,165.0,127.0,38.0,0.8105695274276429,0.06042987121374538,0.789620690751471,0.789620690751471,1,,0,reward_aversive,curriculum,5.5604358355022934e-05,0.12236345420794258,1664.8071915999753
481,tactics,2398,e4f5,-513.0,-513.0,0.0,1.0,0.1074083776530581,0.9395701287862546,0.9395701287862546,1,,1,reward_aversive,curriculum,7.944296935528562e-05,0.122827069980846,1665.8618296999484
482,tactics,2405,g5g6,654.0,157.0,497.0,-0.6923342049302554,0.06742124852389242,-0.7997425825833135,-0.7997425825833135,1,,0,reward_aversive,curriculum,9.961407831394971e-05,0.12238893857477896,1666.936866999953
483,tactics,2414,h6g4,767.0,-266.0,1033.0,-0.9772775633524124,0.015186307930077164,-1.0446988118763048,-1.0446988118763048,1,,0,reward_aversive,curriculum,7.836188684227315e-05,0.12276234991143783,1668.2209293999476
484,tactics,2421,c1a3,695.0,654.0,41.0,0.7957149227706322,0.05421273867210492,0.780528614840555,0.780528614840555,1,,0,reward_aversive,curriculum,4.602254572951939e-05,0.12297014556366923,1669.3381910000462
485,tactics,2422,e7e6,-182.0,-232.0,50.0,0.7512939964568076,0.08906680156134006,0.6970812577847026,0.6970812577847026,1,,0,reward_aversive,curriculum,7.213281304842983e-05,0.12254693816757126,1670.474037499982
486,tactics,2424,c1a3,-5.0,-58.0,53.0,0.7365399884180733,0.1214404609041767,0.6474731868567333,0.6474731868567333,1,,0,reward_aversive,curriculum,5.8113984572963744e-05,0.12289941453104108,1671.570832700003
487,tactics,2426,d4d5,245.0,236.0,9.0,0.9550075922125807,0.1631188174695969,0.833567131308404,0.833567131308404,1,,0,reward_aversive,curriculum,7.227269004984474e-05,0.12377137298226065,1672.6402485000435
488,tactics,2433,e8d8,889.0,698.0,191.0,0.111521576602571,0.1605389554262456,-0.051597240867025884,-0.051597240867025884,1,,0,reward_aversive,curriculum,7.289035626274633e-05,0.12379050349636919,1673.7342218999984
489,tactics,2435,h2g4,590.0,205.0,385.0,-0.49077984769851324,0.12797301527000765,-0.6513188031247589,-0.6513188031247589,1,,0,reward_aversive,curriculum,7.987507869158195e-05,0.12345787497863521,1674.8848483000183
490,tactics,2444,h3g5,-651.0,-1121.0,470.0,-0.651736910238915,0.0889875189945615,-0.7797099255089226,-0.7797099255089226,1,,0,reward_aversive,curriculum,7.292096213874225e-05,0.12331960199143191,1676.1235960000195
491,tactics,2459,c1d2,83.0,-69.0,152.0,0.2745850648438978,0.09826739628702831,0.18559754584933627,0.18559754584933627,1,,0,reward_aversive,curriculum,8.395017708311685e-05,0.12348255061569711,1677.2134866999695
492,tactics,2465,c1a3,794.0,-784.0,1578.0,-0.998502682399941,0.04342889235267984,-1.0967700786869694,-1.0967700786869694,1,,0,reward_aversive,curriculum,9.232337443864657e-05,0.12366109790267284,1678.371771599981
493,tactics,2466,f5g4,-17.0,-101.0,84.0,0.5860670005410948,0.07056079776210059,0.542638108188415,0.542638108188415,1,,0,reward_aversive,curriculum,5.927083584124194e-05,0.12357574064659442,1679.6261180000147
494,tactics,2473,f6g4,896.0,475.0,421.0,-0.5655528133191159,0.03875511720803976,-0.6361136110812164,-0.6361136110812164,1,,0,reward_aversive,curriculum,7.060901028174694e-05,0.12344395283461071,1680.9105621000053
495,tactics,2495,g5e3,24.0,23.0,1.0,0.9950000104166407,0.0865673618684698,0.956244893208601,0.956244893208601,1,,0,reward_aversive,curriculum,6.442916369957094e-05,0.1243298739164867,1682.068438999937
496,tactics,2506,g2g6,-74.0,-992.0,918.0,-0.9597967444661051,0.03424915655174106,-1.046364106334575,-1.046364106334575,1,,0,reward_aversive,curriculum,4.878433045050056e-05,0.12353459384343544,1683.4312094999477
497,tactics,2515,b2b3,559.0,-1037.0,1596.0,-0.9986315106609409,-0.017394876808893046,-1.032880667212682,-1.032880667212682,1,,0,reward_aversive,curriculum,6.840485291264775e-05,0.12358845439997405,1684.4924426999642
498,tactics,2519,g5g4,428.0,336.0,92.0,0.5479432954426581,0.010872031803684512,0.5653381722515511,0.5653381722515511,1,,0,reward_aversive,curriculum,7.184146269653228e-05,0.12377247727990204,1685.5366045000264
499,tactics,2522,f3g5,726.0,347.0,379.0,-0.47729830789722416,-0.013536485181360924,-0.4881703397009087,-0.4881703397009087,1,,0,reward_aversive,curriculum,8.522061075762384e-05,0.12343504477337124,1686.6195039999438
500,tactics,2562,h3f1,-60.0,-163.0,103.0,0.496088568933585,0.011944767524386375,0.509625054114946,0.509625054114946,1,,0,reward_aversive,curriculum,6.927393361016308e-05,0.12339973714589647,1687.7176464999793
501,tactics,endgames_0000,h3b3,724.0,711.0,13.0,0.9350228757517102,0.05809867293575257,0.9230781082273238,0.9230781082273238,1,,0,reward_aversive,replay,1.3414209059988744e-05,0.1245836242109698,1688.7878041999647
502,tactics,endgames_0001,e2d1,99994.0,99990.0,4.0,0.9800006666400011,0.10419377262096499,0.9219019937042485,0.9219019937042485,1,10.0,0,reward_aversive,replay,6.282116595512547e-06,0.12424987298335799,1689.9960332999472
503,tactics,endgames_0004,c4b3,572.0,572.0,0.0,1.0,0.14898408398991675,0.895806227379035,0.895806227379035,1,,1,reward_aversive,replay,7.148411496273113e-06,0.12537733753684863,1691.1444278999697
504,tactics,endgames_0006,d8c7,617.0,617.0,0.0,1.0,0.1915348797904209,0.8510159160100832,0.8510159160100832,1,,1,reward_aversive,replay,9.692717452308588e-06,0.12693903123746467,1692.2107629999518
505,tactics,endgames_0008,a8a7,588.0,585.0,3.0,0.985000281243672,0.23120814986308344,0.7934654014532512,0.7934654014532512,1,,0,reward_aversive,replay,8.864740455319369e-06,0.12737681244664972,1693.2450791000156
506,tactics,endgames_0010,f6g6,548.0,541.0,7.0,0.9650035724790387,0.2678979209938812,0.7337954226159552,0.7337954226159552,1,,0,reward_aversive,replay,1.876799552632743e-05,0.12911793124955206,1694.283580899937
507,tactics,endgames_0015,h4g4,85.0,85.0,0.0,1.0,0.30450302494418713,0.7321020790061188,0.7321020790061188,1,,1,reward_aversive,replay,1.3914288806209834e-05,0.12978492112234383,1695.347165999934
508,tactics,endgames_0019,f5c2,670.0,629.0,41.0,0.7957149227706322,0.32906361983550936,0.49121189782644503,0.49121189782644503,1,,0,reward_aversive,replay,1.4547443328297675e-05,0.1299747710152086,1696.3996383999474
509,tactics,endgames_0034,b8a7,640.0,587.0,53.0,0.7365399884180733,0.3494374382646375,0.407476368582564,0.407476368582564,1,,0,reward_aversive,replay,5.896106914544099e-06,0.12998671594215414,1697.547422499978
510,tactics,endgames_0038,d2d1,496.0,49.0,447.0,-0.6133951562336359,0.3012958085397238,-0.9628325944982734,-0.9628325944982734,1,,0,reward_aversive,replay,1.3646164407204787e-05,0.12916189521094223,1698.673243499943
511,tactics,endgames_0045,e6c6,365.0,-63.0,428.0,-0.578922441909961,0.25728489601723953,-0.8802182504496848,-0.8802182504496848,1,,0,reward_aversive,replay,7.438631508454366e-06,0.12978553058173878,1699.7559836000437
512,tactics,endgames_0050,d4d5,99996.0,725.0,99271.0,-1.0,0.19442065121637753,-1.2572848960172396,-1.2572848960172396,1,,0,reward_aversive,replay,5.197813082942283e-06,0.13051813920372543,1700.8812306999462
513,tactics,endgames_0057,d2d1,99997.0,99994.0,3.0,0.985000281243672,0.23394963271774225,0.7905796300272945,0.7905796300272945,1,6.0,0,reward_aversive,replay,1.1871913488374706e-05,0.13171873537606313,1702.1039167999988
514,tactics,endgames_0063,c6c2,384.0,-24.0,408.0,-0.5397330718178008,0.19526549749096506,-0.7736827045355431,-0.7736827045355431,1,,0,reward_aversive,replay,9.51796229288778e-06,0.13221891720657966,1703.2048735000426
515,tactics,endgames_0064,g2f1,628.0,628.0,0.0,1.0,0.2355022226164168,0.8047345025090349,0.8047345025090349,1,,1,reward_aversive,replay,8.290010609317334e-06,0.1335238167445081,1704.3545780000277
516,tactics,endgames_0073,e7e6,17.0,12.0,5.0,0.9750013020019582,0.2724771765856938,0.7394990793855414,0.7394990793855414,1,,0,reward_aversive,replay,5.989913995964462e-06,0.13442080470334952,1705.630788499955
517,tactics,endgames_0075,b1a1,435.0,398.0,37.0,0.8155258358168815,0.2996296095472532,0.5430486592311877,0.5430486592311877,1,,0,reward_aversive,replay,1.4363787151447859e-05,0.13472424640512315,1706.6802041999763
518,tactics,endgames_0076,h7g6,642.0,0.0,642.0,-0.8448354621590559,0.24240635596193771,-1.1444650717063092,-1.1444650717063092,1,,0,reward_aversive,replay,7.487881829024992e-06,0.13493540327801382,1707.7885441000108
519,tactics,endgames_0080,d3c2,99997.0,703.0,99294.0,-1.0,0.1802860381638408,-1.2424063559619376,-1.2424063559619376,1,,0,reward_aversive,replay,1.0511886736395344e-05,0.13604843705782754,1708.8229444000171
520,tactics,endgames_0085,a3b3,425.0,424.0,1.0,0.9950000104166407,0.2210217367764808,0.8147139722527998,0.8147139722527998,1,,0,reward_aversive,replay,1.4982742053613858e-05,0.13755782511548337,1709.8714531000005
521,tactics,endgames_0113,f6g6,0.0,0.0,0.0,1.0,0.25997064993765673,0.7789782632235192,0.7789782632235192,1,,1,reward_aversive,replay,9.324943398515068e-06,0.13761389531831525,1710.9702795000048
522,tactics,endgames_0121,b3b2,787.0,787.0,0.0,1.0,0.2969721174407739,0.7400293500623433,0.7400293500623433,1,,1,reward_aversive,replay,1.20447149132663e-05,0.13856988077055427,1712.217990700039
523,tactics,endgames_0122,b6a7,99991.0,396.0,99595.0,-1.0,0.23212351156873517,-1.2969721174407738,-1.2969721174407738,1,,0,reward_aversive,replay,5.770015386783356e-06,0.14051736489613587,1713.3857157999882
524,tactics,endgames_0125,h4g4,616.0,594.0,22.0,0.8901107826216251,0.2650228751213797,0.65798727105289,0.65798727105289,1,,0,reward_aversive,replay,1.9415780370843086e-05,0.14123394305515546,1714.5843460999895
525,tactics,movement_0008,a5a1,100.0,-100.0,200.0,0.07576568547998053,0.2555600156393097,-0.18925718964139915,-0.18925718964139915,1,,0,reward_aversive,replay,8.63492346560782e-06,0.14129608076140046,1716.76361429994
526,tactics,movement_0009,c3b3,100.0,100.0,0.0,1.0,0.2927820148573442,0.7444399843606904,0.7444399843606904,1,,1,reward_aversive,replay,1.0074417571590192e-05,0.1422918040561226,1718.8048325999407
527,tactics,movement_0019,a4a1,100.0,-100.0,200.0,0.07576568547998053,0.28193119838847597,-0.21701632937736365,-0.21701632937736365,1,,0,reward_aversive,replay,6.613840558107317e-06,0.14223655592124138,1720.9513582999352
528,tactics,movement_0021,h1a1,100.0,-100.0,200.0,0.07576568547998053,0.27162292274305117,-0.20616551290849544,-0.20616551290849544,1,,0,reward_aversive,replay,9.102242071944987e-06,0.14223474317008794,1723.0465467999456
529,tactics,movement_0025,c8a1,100.0,-100.0,200.0,0.07576568547998053,0.26183006087989763,-0.19585723726307064,-0.19585723726307064,1,,0,reward_aversive,replay,1.3880404251559969e-05,0.1417409817014744,1724.8017835000064
530,tactics,movement_0028,c3b3,100.0,100.0,0.0,1.0,0.29873855783590275,0.7381699391201024,0.7381699391201024,1,,1,reward_aversive,replay,1.3164179910630423e-05,0.1437525915550194,1726.910728799994
531,tactics,movement_0030,f4a1,100.0,-100.0,200.0,0.07576568547998053,0.28758991421810665,-0.22297287235592222,-0.22297287235592222,1,,0,reward_aversive,replay,8.976929896755538e-06,0.14350000724596065,1728.4142711999593
532,tactics,movement_0037,d5a1,100.0,-100.0,200.0,0.07576568547998053,0.2769987027812003,-0.21182422873812612,-0.21182422873812612,1,,0,reward_aversive,replay,1.1803466286904952e-05,0.14298137000251795,1730.6165129999863
533,tactics,movement_0047,f3f2,100.0,100.0,0.0,1.0,0.3131487676421403,0.7230012972187997,0.7230012972187997,1,,1,reward_aversive,replay,1.158785326618704e-05,0.1438997910005463,1732.592528100009
534,tactics,movement_0055,d7a1,100.0,-100.0,200.0,0.07576568547998053,0.30127961353403226,-0.23738308216215975,-0.23738308216215975,1,,0,reward_aversive,replay,1.2256128970177004e-05,0.1437824123906559,1734.6626680999761
535,tactics,movement_0056,a5a1,100.0,-100.0,200.0,0.07576568547998053,0.29000391713132967,-0.22551392805405174,-0.22551392805405174,1,,0,reward_aversive,replay,8.494890001618267e-06,0.14384898655760434,1736.852062299964
536,tactics,movement_0057,g3b3,100.0,100.0,0.0,1.0,0.3255037212747632,0.7099960828686703,0.7099960828686703,1,,1,reward_aversive,replay,7.342661830292996e-06,0.1441926324874336,1738.8425147000235
537,tactics,movement_0063,b4b3,100.0,100.0,0.0,1.0,0.359228535211025,0.6744962787252369,0.6744962787252369,1,,1,reward_aversive,replay,1.3227609598140076e-05,0.1456415138450005,1740.7208883999847
538,tactics,movement_0068,g7a1,100.0,100.0,0.0,1.0,0.3912671084504737,0.6407714647889751,0.6407714647889751,1,,1,reward_aversive,replay,8.199867957549368e-06,0.1458783094805453,1743.0084334999556
539,tactics,movement_0069,h8a1,100.0,-100.0,200.0,0.07576568547998053,0.375492037301949,-0.31550142297049316,-0.31550142297049316,1,,0,reward_aversive,replay,7.832148750846382e-06,0.14580570947153304,1745.087262499961
540,tactics,movement_0070,f7b3,100.0,100.0,0.0,1.0,0.4067174354368515,0.624507962698051,0.624507962698051,1,,1,reward_aversive,replay,9.814562810493594e-06,0.1463196464403981,1747.1828542000148
541,tactics,movement_0071,a7d1,100.0,-100.0,200.0,0.07576568547998053,0.39016984793900794,-0.330951749956871,-0.330951749956871,1,,0,reward_aversive,replay,9.448045822527401e-06,0.14582295314012525,1749.454317900003
542,tactics,movement_0081,f4a1,100.0,-100.0,200.0,0.07576568547998053,0.37444963981605656,-0.3144041624590274,-0.3144041624590274,1,,0,reward_aversive,replay,4.678382570202681e-06,0.14577066483620305,1751.6098289999645
543,tactics,movement_0083,g7g6,100.0,100.0,0.0,1.0,0.4057271578252537,0.6255503601839434,0.6255503601839434,1,,1,reward_aversive,replay,7.618224666251856e-06,0.14742756668946333,1753.722394600045
544,tactics,movement_0091,a1b3,100.0,100.0,0.0,1.0,0.435440799933991,0.5942728421747463,0.5942728421747463,1,,1,reward_aversive,replay,6.9324907788943706e-06,0.1476785175022438,1755.2207784999628
545,tactics,movement_0096,c2a1,100.0,-100.0,200.0,0.07576568547998053,0.41745704421129043,-0.35967511445401046,-0.35967511445401046,1,,0,reward_aversive,replay,1.4816628763235247e-05,0.1466756960434072,1756.7280254999641
546,tactics,movement_0098,c3a1,100.0,100.0,0.0,1.0,0.44658419200072585,0.5825429557887096,0.5825429557887096,1,,1,reward_aversive,replay,1.4079772232711774e-05,0.14832783088858875,1758.8697093999945
547,tactics,movement_0099,c3b3,100.0,100.0,0.0,1.0,0.47425498240068953,0.5534158079992741,0.5534158079992741,1,,1,reward_aversive,replay,1.682276724333221e-05,0.14940750202973999,1760.7792359000305
548,tactics,movement_0102,a2a1,100.0,-100.0,200.0,0.07576568547998053,0.45433051755465403,-0.398489296920709,-0.398489296920709,1,,0,reward_aversive,replay,6.4585439669349665e-06,0.14902379261862628,1762.4343910999596
549,tactics,movement_0110,e5a1,100.0,100.0,0.0,1.0,0.4816139916769213,0.545669482445346,0.545669482445346,1,,1,reward_aversive,replay,1.58267333556846e-05,0.149942115711771,1764.432919700048
550,tactics,movement_0122,d4a1,100.0,100.0,0.0,1.0,0.5075332920930753,0.5183860083230787,0.5183860083230787,1,,1,reward_aversive,replay,1.5329809104969644e-05,0.15043030262456464,1766.5225565000437
551,tactics,movement_0125,g6a1,100.0,-100.0,200.0,0.07576568547998053,0.48594491176242055,-0.43176760661309477,-0.43176760661309477,1,,0,reward_aversive,replay,1.596125200611529e-05,0.14907633817626073,1768.621481899987
552,tactics,movement_0129,b6b3,100.0,100.0,0.0,1.0,0.5116476661742995,0.5140550882375794,0.5140550882375794,1,,1,reward_aversive,replay,9.156700211687659e-06,0.15000899605347137,1770.6836130999727
553,tactics,movement_0131,g2f2,100.0,100.0,0.0,1.0,0.5360652828655845,0.48835233382570054,0.48835233382570054,1,,1,reward_aversive,replay,9.925553742111057e-06,0.15046785726569412,1772.9182743999409
554,tactics,movement_0133,c8a1,100.0,-100.0,200.0,0.07576568547998053,0.5130503029963043,-0.460299597385604,-0.460299597385604,1,,0,reward_aversive,replay,1.4954605367360657e-05,0.14915793888525952,1774.6112228999846
555,tactics,movement_0136,f7b3,100.0,100.0,0.0,1.0,0.5373977878464891,0.4869496970036957,0.4869496970036957,1,,1,reward_aversive,replay,1.2596432857788996e-05,0.150628032807489,1776.480528700049
556,mates,151,g7h6,959.0,959.0,0.0,1.0,0.5605278984541646,0.46260221215351094,0.46260221215351094,1,,1,reward_aversive,replay,8.302626830816314e-05,0.1507695998097214,1904.7018593000248
557,mates,177,g5d8,840.0,786.0,54.0,0.7316283801381827,0.5690829225383655,0.17110048168401804,0.17110048168401804,1,,0,reward_aversive,replay,6.65876789992006e-05,0.15087400556188535,1905.7321699999738
558,mates,1046,b7b3,431.0,-1029.0,1460.0,-0.9972996690774687,0.49076379295757366,-1.566382591615834,-1.566382591615834,1,,0,reward_aversive,replay,8.516992593835324e-05,0.15160938358582665,1906.9845254999818
559,mates,1048,d4f2,0.0,-68.0,68.0,0.6632379082583706,0.4993874987226135,0.17247411530079693,0.17247411530079693,1,,0,reward_aversive,replay,6.866176208899317e-05,0.15172361296963058,1908.0777764000231
560,mates,1067,g2g4,-561.0,-1200.0,639.0,-0.8425827368030592,0.43228898694632983,-1.3419702355256726,-1.3419702355256726,1,,0,reward_aversive,replay,8.864998930849919e-05,0.1508755135487719,1909.1522124999901
561,mates,1068,a8a2,856.0,190.0,666.0,-0.8617750788548939,0.36758578365626865,-1.2940640658012237,-1.2940640658012237,1,,0,reward_aversive,replay,6.136518428305817e-05,0.15080242942860378,1910.1867337999865
562,mates,1108,h7h8,945.0,900.0,45.0,0.7759444378215202,0.38800371636453124,0.4083586541652516,0.4083586541652516,1,,0,reward_aversive,replay,8.117109963053116e-05,0.1511707493034499,1911.1816430999897
563,mates,1152,d4e5,-936.0,-1236.0,300.0,-0.2702979047745746,0.35508863530757595,-0.6583016211391058,-0.6583016211391058,1,,0,reward_aversive,replay,9.738851695008591e-05,0.15122399522189142,1912.3329030999448
564,mates,1242,h7g6,153.0,88.0,65.0,0.6778307807173616,0.3712257425780652,0.32274214540978563,0.32274214540978563,1,,0,reward_aversive,replay,6.665722413884883e-05,0.1510796062236202,1913.4462913000025
565,mates,1339,c7c6,143.0,143.0,0.0,1.0,0.4026644554491619,0.6287742574219348,0.6287742574219348,1,,1,reward_aversive,replay,5.007275714905199e-05,0.15103477638054813,1914.4412023000186
566,mates,1354,h6g5,712.0,712.0,0.0,1.0,0.4325312326767038,0.5973355445508381,0.5973355445508381,1,,1,reward_aversive,replay,9.714579023635332e-05,0.15119088048801718,1915.4980291000102
567,mates,1396,f6e4,111.0,52.0,59.0,0.7071209092806605,0.44626071650690163,0.2745896766039567,0.2745896766039567,1,,0,reward_aversive,replay,5.6700256174706525e-05,0.15115573833704452,1916.583705500001
568,mates,1429,h4g5,691.0,691.0,0.0,1.0,0.4739476806815565,0.5537392834930983,0.5537392834930983,1,,1,reward_aversive,replay,6.726344732796376e-05,0.15187492999326976,1917.7096729000332
569,mates,1465,c7c6,863.0,-11.0,874.0,-0.9500272549474817,0.4027489339001046,-1.4239749356290383,-1.4239749356290383,1,,0,reward_aversive,replay,3.739333783154269e-05,0.1522327058417758,1918.8584243999794
570,mates,1496,d5e4,823.0,133.0,690.0,-0.8769245625714079,0.33876525907652894,-1.2796734964715126,-1.2796734964715126,1,,0,reward_aversive,replay,6.596306781817731e-05,0.15253155065707266,1919.9289612999419
571,mates,1608,d1c2,-32.0,-971.0,939.0,-0.9637677249491166,0.2736386098752467,-1.3025329840256454,-1.3025329840256454,1,,0,reward_aversive,replay,7.4428061820627e-05,0.15208976548131506,1921.0635027999524
572,mates,1668,e5g6,359.0,359.0,0.0,1.0,0.3099566793814843,0.7263613901247533,0.7263613901247533,1,,1,reward_aversive,replay,9.183416775214223e-05,0.1523000719108447,1922.3158015999943
573,mates,1716,e5d4,832.0,832.0,0.0,1.0,0.34445884541241006,0.6900433206185157,0.6900433206185157,1,,1,reward_aversive,replay,6.068726098368038e-05,0.15259956736848998,1923.4129357000347
574,mates,1847,c1b2,202.0,202.0,0.0,1.0,0.3772359031417895,0.65554115458759,0.65554115458759,1,,1,reward_aversive,replay,7.517278127357745e-05,0.1528586815850509,1924.4135604000185
575,mates,1908,c1b2,394.0,-44.0,438.0,-0.5973916257435725,0.3285045266975214,-0.9746275288853621,-0.9746275288853621,1,,0,reward_aversive,replay,9.101053639525253e-05,0.1532003821993899,1925.4884259999963
576,mates,1930,a1b3,-463.0,-858.0,395.0,-0.5125885969215278,0.2864498705165689,-0.8410931236190492,-0.8410931236190492,1,,0,reward_aversive,replay,6.60240863264312e-05,0.15360078878389527,1926.548191800015
577,mates,1972,h6g7,104.0,55.0,49.0,0.7562181987011352,0.30993828692579717,0.46976832818456626,0.46976832818456626,1,,0,reward_aversive,replay,6.9844778172289e-05,0.15385570170981056,1927.6963414000347
578,mates,2026,h6g4,95.0,73.0,22.0,0.8901107826216251,0.33894691171058855,0.580172495695828,0.580172495695828,1,,0,reward_aversive,replay,6.412700972631771e-05,0.15406175403551253,1928.865319799981
579,mates,2033,d8f6,64.0,-581.0,645.0,-0.8470572329361674,0.2796467044782507,-1.186004144646756,-1.186004144646756,1,,0,reward_aversive,replay,8.901853475775302e-05,0.1546748957081555,1929.9820503999945
580,mates,2055,h6g4,59.0,59.0,0.0,1.0,0.3156643692543381,0.7203532955217493,0.7203532955217493,1,,1,reward_aversive,replay,8.421950139409752e-05,0.1546858528116158,1931.0577831999399
581,mates,2088,e3c1,366.0,73.0,293.0,-0.2491848832419472,0.2874219066295238,-0.5648492524962854,-0.5648492524962854,1,,0,reward_aversive,replay,7.98223132423505e-05,0.15427830926495834,1932.2011492999736
582,mates,2118,c1b2,123.0,-1014.0,1137.0,-0.9864598565489084,0.22372781847060222,-1.2738817631784323,-1.2738817631784323,1,,0,reward_aversive,replay,0.00010500412433799159,0.15417485539002687,1933.329045200022
583,mates,2121,h7h5,680.0,90.0,590.0,-0.801053953765773,0.17248872985878344,-1.0247817722363752,-1.0247817722363752,1,,0,reward_aversive,replay,4.9371114654438896e-05,0.15449760006820099,1934.42608679994
584,mates,2171,b8c6,501.0,233.0,268.0,-0.16995976576145755,0.15536630507777138,-0.342448495620241,-0.342448495620241,1,,0,reward_aversive,replay,4.933234025777523e-05,0.15465487285824814,1935.6793710000347
585,mates,2256,g3f5,31.0,-881.0,912.0,-0.958585049875633,0.09966873733010115,-1.1139513549534044,-1.1139513549534044,1,,0,reward_aversive,replay,5.249850275735604e-05,0.15425383741394802,1936.9652100999374
586,mates,2277,c1b1,-199.0,-802.0,603.0,-0.8129887796018089,0.05403586148350564,-0.9126575169319101,-0.9126575169319101,1,,0,reward_aversive,replay,9.99243519427975e-05,0.1543753112134053,1938.0321324999677
587,mates,2295,h5g4,117.0,72.0,45.0,0.7759444378215202,0.09013129030040637,0.7219085763380146,0.7219085763380146,1,,0,reward_aversive,replay,5.7993980346262894e-05,0.15500596675607412,1939.0766980999615
588,mates,2310,g4f5,623.0,577.0,46.0,0.7710085816057777,0.12417515486567493,0.6808772913053713,0.6808772913053713,1,,0,reward_aversive,replay,6.819575132787613e-05,0.15499777102684534,1940.18618780002
589,mates,2317,h5g4,-299.0,-299.0,0.0,1.0,0.1679663971223912,0.8758248451343251,0.8758248451343251,1,,1,reward_aversive,replay,6.996186628911289e-05,0.15558824837366758,1941.256208900013
590,mates,2328,g1h3,825.0,825.0,0.0,1.0,0.20956807726627164,0.8320336028776087,0.8320336028776087,1,,1,reward_aversive,replay,9.196974891217103e-05,0.15574458526060225,1942.383317800006
591,mates,2353,e4d5,-135.0,-135.0,0.0,1.0,0.24908967340295807,0.7904319227337284,0.7904319227337284,1,,1,reward_aversive,replay,7.945991752905749e-05,0.15615188928532003,1943.6098381000338
592,mates,2354,g7g6,934.0,-704.0,1638.0,-0.9988906522115164,0.18669065712223432,-1.2479803256144746,-1.2479803256144746,1,,0,reward_aversive,replay,5.60812998154194e-05,0.15614544304184358,1945.1475831000134
593,mates,2380,g5g4,-63.0,-522.0,459.0,-0.6338483748267003,0.14566370552478758,-0.8205390319489346,-0.8205390319489346,1,,0,reward_aversive,replay,6.140081738942061e-05,0.15635256299036795,1946.2879712999566
594,mates,2414,h6g4,767.0,-266.0,1033.0,-0.9772775633524124,0.08951664208092756,-1.1229412688772,-1.1229412688772,1,,0,reward_aversive,replay,6.864923620542497e-05,0.1570731987347336,1947.3565655000275
595,mates,2421,c1a3,695.0,654.0,41.0,0.7957149227706322,0.1248265561154128,0.7061982806897046,0.7061982806897046,1,,0,reward_aversive,replay,4.7597634062722694e-05,0.1576591813126162,1948.372766399989
596,mates,2433,e8d8,889.0,698.0,191.0,0.111521576602571,0.1241613071397707,-0.013304979512841791,-0.013304979512841791,1,,0,reward_aversive,replay,6.859023659823019e-05,0.15764043454259002,1949.4257588000037
597,mates,2506,g2g6,-74.0,-992.0,918.0,-0.9597967444661051,0.0699634045594769,-1.0839580516058758,-1.0839580516058758,1,,0,reward_aversive,replay,4.620490118456178e-05,0.15697547819135935,1950.538505799952
598,mates,1086,e4d5,99999.0,-806.0,100805.0,-1.0,0.016465234331503056,-1.0699634045594768,-1.0699634045594768,1,,0,reward_aversive,curriculum,8.900515299547948e-05,0.15715724497117875,1951.796999800019
599,mates,1093,h3g4,-698.0,-781.0,83.0,0.5908552924454774,0.045184737237201775,0.5743900581139744,0.5743900581139744,1,,0,reward_aversive,curriculum,6.192837717315506e-05,0.15676760228943643,1952.8125080999453
600,mates,1119,a3d6,-33.0,-33.0,0.0,1.0,0.0929255003753417,0.9548152627627983,0.9548152627627983,1,,1,reward_aversive,curriculum,5.937193183880278e-05,0.15672070613509545,1953.8555094000185
601,mates,1122,d5b4,347.0,48.0,299.0,-0.2673102379237955,0.07491371346038483,-0.3602357382991372,-0.3602357382991372,1,,0,reward_aversive,curriculum,6.132896335347656e-05,0.15678883939739383,1954.9130418000277
602,mates,1123,e4f5,748.0,748.0,0.0,1.0,0.12116802778736559,0.9250862865396152,0.9250862865396152,1,,1,reward_aversive,curriculum,7.624985627495385e-05,0.15784094391031353,1955.9705365999835
603,mates,1227,d8g5,613.0,613.0,0.0,1.0,0.1651096263979973,0.8788319722126344,0.8788319722126344,1,,1,reward_aversive,curriculum,0.00010535008072279223,0.1575795209581885,1957.040704700048
604,mates,1269,h7h6,796.0,-99999.0,100795.0,-1.0,0.10685414507809744,-1.1651096263979972,-1.1651096263979972,1,-1.0,0,reward_aversive,curriculum,5.4161966127820275e-05,0.15847566753301381,1958.131137899938
605,mates,1298,f3f6,99998.0,-801.0,100799.0,-1.0,0.05151143782419257,-1.1068541450780975,-1.1068541450780975,1,,0,reward_aversive,curriculum,7.436010917204242e-05,0.1585282567261402,1959.450964299962
606,mates,1298_pv1,c1b2,99999.0,12.0,99987.0,-1.0,-0.0010641340670170668,-1.0515114378241925,-1.0515114378241925,1,,0,reward_aversive,curriculum,0.00011533198032915013,0.15911746485478104,1960.537360999966
607,mates,1368,h6h5,195.0,4.0,191.0,0.111521576602571,0.0045651514664623374,0.11258571066958807,0.11258571066958807,1,,0,reward_aversive,curriculum,6.235445741366317e-05,0.15909732387739856,1961.6357223000377
608,mates,1369,h4f3,-804.0,-804.0,0.0,1.0,0.054336893893139226,0.9954348485335377,0.9954348485335377,1,,1,reward_aversive,curriculum,6.614685850106088e-05,0.15842669006542487,1962.7525270000333
609,mates,1373,g2g4,-833.0,-1001.0,168.0,0.2061391359898449,0.0619270059979745,0.15180224209670568,0.15180224209670568,1,,0,reward_aversive,curriculum,4.3140002766450525e-05,0.15842143207562945,1963.8169007999822
610,mates,1384,h4h3,1062.0,572.0,490.0,-0.6822458032640866,0.024718365534871445,-0.7441728092620611,-0.7441728092620611,1,,0,reward_aversive,curriculum,5.6499242336089146e-05,0.15837496332886739,1964.9355806999374
611,mates,1389,e7c6,252.0,-37.0,289.0,-0.23691094464031237,0.01163690002611225,-0.2616293101751838,-0.2616293101751838,1,,0,reward_aversive,curriculum,6.12069872094468e-05,0.15829236373164887,1966.160610800027
612,mates,1400,e5f6,771.0,771.0,0.0,1.0,0.06105505502480664,0.9883630999738877,0.9883630999738877,1,,1,reward_aversive,curriculum,7.94742952433956e-05,0.15976679583901657,1967.4363232000032
613,mates,1445,b4a3,281.0,281.0,0.0,1.0,0.1080023022735663,0.9389449449751933,0.9389449449751933,1,,1,reward_aversive,curriculum,5.0414796221772856e-05,0.15921282622979346,1968.6161504000193
614,mates,1510,b2b3,-928.0,-1059.0,131.0,0.36745473980792753,0.12097492415028437,0.2594524375343612,0.2594524375343612,1,,0,reward_aversive,curriculum,6.678445756140344e-05,0.15943712206537292,1969.725385400001
615,mates,1561,b6b4,-964.0,-964.0,0.0,1.0,0.16492617794277015,0.8790250758497157,0.8790250758497157,1,,1,reward_aversive,curriculum,9.40572245726957e-05,0.1593846455051309,1970.781392200035
616,mates,157,h4h3,99999.0,-1039.0,101038.0,-1.0,0.10667986904563163,-1.1649261779427702,-1.1649261779427702,1,,0,reward_aversive,curriculum,5.3508917561855634e-05,0.15852593640497234,1971.8639960000291
617,mates,1574,g5g6,99999.0,99999.0,0.0,1.0,0.15134587559335005,0.8933201309543684,0.8933201309543684,1,1.0,1,reward_aversive,curriculum,0.00013365495129155592,0.15911387072935163,1973.1254702999722
618,mates,1577,e1d1,99999.0,836.0,99163.0,-1.0,0.09377858181368255,-1.15134587559335,-1.15134587559335,1,,0,reward_aversive,curriculum,4.432645277490642e-05,0.15986599692319597,1974.3736685999902
619,mates,1590,h5g4,891.0,891.0,0.0,1.0,0.13908965272299842,0.9062214181863174,0.9062214181863174,1,,1,reward_aversive,curriculum,6.106810320317835e-05,0.15995710120493534,1975.4704581999686
620,mates,1639,h6g5,890.0,890.0,0.0,1.0,0.18213517008684849,0.8609103472770016,0.8609103472770016,1,,1,reward_aversive,curriculum,5.73791812477132e-05,0.16078968522462533,1976.6511000000173
621,mates,1658,c2g6,99999.0,99999.0,0.0,1.0,0.22302841158250608,0.8178648299131515,0.8178648299131515,1,1.0,1,reward_aversive,curriculum,0.00010114637598466912,0.16067485853712424,1977.7914530000417
622,mates,1675,e6d8,683.0,683.0,0.0,1.0,0.26187699100338074,0.7769715884174939,0.7769715884174939,1,,1,reward_aversive,curriculum,7.381503889421598e-05,0.16167099440903746,1978.8469944000244
623,mates,1750,f3g5,103.0,103.0,0.0,1.0,0.2987831414532117,0.7381230089966193,0.7381230089966193,1,,1,reward_aversive,curriculum,6.866067866872884e-05,0.1623656612820483,1979.9115167999407
624,mates,1771,h5g4,705.0,705.0,0.0,1.0,0.33384398438055113,0.7012168585467883,0.7012168585467883,1,,1,reward_aversive,curriculum,7.503270289408692e-05,0.1621220681509883,1981.096355500049
625,mates,1781,c1g5,481.0,481.0,0.0,1.0,0.3671517851615235,0.6661560156194488,0.6661560156194488,1,,1,reward_aversive,curriculum,8.19948177783174e-05,0.16236207306294348,1982.3184102999512
626,mates,1792,d1b3,637.0,-99999.0,100636.0,-1.0,0.29879419590344736,-1.3671517851615236,-1.3671517851615236,1,-1.0,0,reward_aversive,curriculum,8.774130721778341e-05,0.16205820123226322,1983.4637901999522
627,mates,1841,h4h5,1074.0,-99999.0,101073.0,-1.0,0.23385448610827497,-1.2987941959034472,-1.2987941959034472,1,-1.0,0,reward_aversive,curriculum,6.193216877082123e-05,0.16346524284746763,1984.5635919000488
628,mates,1846,d6c5,179.0,-207.0,386.0,-0.4929976795114368,0.19751187782728935,-0.7268521656197118,-0.7268521656197118,1,,0,reward_aversive,curriculum,6.900810955884298e-05,0.1630009674521586,1985.6922438000329
629,mates,1848,e3e4,502.0,-99999.0,100501.0,-1.0,0.13763628393592486,-1.1975118778272893,-1.1975118778272893,1,-1.0,0,reward_aversive,curriculum,5.6542902010654423e-05,0.16252644384825532,1986.8168355999514
630,mates,1944,h6g5,614.0,533.0,81.0,0.6004465245440068,0.16077679596632893,0.46281024060808196,0.46281024060808196,1,,0,reward_aversive,curriculum,5.8933920608803294e-05,0.16256800081254216,1987.9136146999663
631,mates,1976,c1d2,473.0,-99999.0,100472.0,-1.0,0.10273795616801247,-1.1607767959663289,-1.1607767959663289,1,-1.0,0,reward_aversive,curriculum,7.675498963547275e-05,0.16261115767961087,1989.1600185999414
632,mates,1997,h7h5,-86.0,-95.0,9.0,0.9550075922125807,0.1453514379702409,0.8522696360445682,0.8522696360445682,1,,0,reward_aversive,curriculum,5.576762308609953e-05,0.16237930962708286,1990.2245689999545
633,mates,200,a8a6,-132.0,-99999.0,99867.0,-1.0,0.08808386607172884,-1.145351437970241,-1.145351437970241,1,-1.0,0,reward_aversive,curriculum,6.624433919363555e-05,0.16089209457351322,1991.2705534000415
634,mates,2054,b3a1,587.0,202.0,385.0,-0.49077984769851324,0.05914068038321673,-0.578863713770242,-0.578863713770242,1,,0,reward_aversive,curriculum,6.910028254704293e-05,0.16144804572774,1992.3462326000445
635,mates,2065,g7g6,345.0,213.0,132.0,0.3629584461944583,0.07433156867377881,0.30381776581124154,0.30381776581124154,1,,0,reward_aversive,curriculum,6.966660393406494e-05,0.16128330363302162,1993.582747700042
636,mates,2094,c1d2,279.0,-99999.0,100278.0,-1.0,0.020614990240089864,-1.0743315686737789,-1.0743315686737789,1,-1.0,0,reward_aversive,curriculum,8.279913651895992e-05,0.16114310696821255,1994.616853900021
637,mates,2119,e7e6,99997.0,1069.0,98928.0,-1.0,-0.030415759271914634,-1.0206149902400898,-1.0206149902400898,1,,0,reward_aversive,curriculum,7.958069081163108e-05,0.1603656263485701,1995.7638721000403
638,mates,2119_pv1,e7e6,99998.0,1147.0,98851.0,-1.0,-0.0788949713083189,-0.9695842407280854,-0.9695842407280854,1,,0,reward_aversive,curriculum,7.095652349037704e-05,0.15991374932572805,1996.929958899971
639,mates,2119_pv2,h7h5,99999.0,-766.0,100765.0,-1.0,-0.12495022274290296,-0.9211050286916811,-0.9211050286916811,1,,0,reward_aversive,curriculum,3.840144754239927e-05,0.1597880557220515,1998.074449299951
640,mates,2157,c1b2,847.0,497.0,350.0,-0.4078112078732421,-0.1390932719994199,-0.28286098513033914,-0.28286098513033914,1,,0,reward_aversive,curriculum,6.991466680754058e-05,0.15974594837471875,1999.1694460000144
641,mates,2177,a3b1,106.0,-78.0,184.0,0.139831577196041,-0.12514702953964685,0.2789248491954609,0.2789248491954609,1,,0,reward_aversive,curriculum,7.378227425432626e-05,0.15972823704594857,2000.2612443999387
642,mates,2185,f6g6,99999.0,-44.0,100043.0,-1.0,-0.1688896780626645,-0.8748529704603532,-0.8748529704603532,1,,0,reward_aversive,curriculum,7.272320294663677e-05,0.15924129025173092,2001.39739920001
643,mates,2193,e3g5,799.0,733.0,66.0,0.672962492632655,-0.12679706952789851,0.8418521706953195,0.8418521706953195,1,,0,reward_aversive,curriculum,8.016300551742095e-05,0.15948873937910593,2002.4756471000146
644,mates,2223,f5g5,99999.0,72.0,99927.0,-1.0,-0.1704572160515036,-0.8732029304721015,-0.8732029304721015,1,,0,reward_aversive,curriculum,9.174882539960494e-05,0.15967450006912035,2003.7293703999603
645,mates,2228,b4a2,833.0,833.0,0.0,1.0,-0.1119343552489284,1.1704572160515037,1.1704572160515037,1,,1,reward_aversive,curriculum,5.0068337138242774e-05,0.16002403216454072,2004.8755207000067
646,mates,2229,f5e4,99999.0,464.0,99535.0,-1.0,-0.156337637486482,-0.8880656447510716,-0.8880656447510716,1,,0,reward_aversive,curriculum,8.772488085993702e-05,0.15946480511948805,2005.955899799941
647,mates,2281,g6f6,220.0,-618.0,838.0,-0.9403188088308232,-0.19553669605369906,-0.7839811713443412,-0.7839811713443412,1,,0,reward_aversive,curriculum,4.839215025045202e-05,0.15927545367560014,2006.9787523000268
648,mates,2338,g3g4,479.0,-99999.0,100478.0,-1.0,-0.2357598612510141,-0.804463303946301,-0.804463303946301,1,-1.0,0,reward_aversive,curriculum,6.856596634949866e-05,0.15873113067835734,2008.1197025999427
649,mates,2435,h2g4,590.0,205.0,385.0,-0.49077984769851324,-0.24851086057338906,-0.2550199864474991,-0.2550199864474991,1,,0,reward_aversive,curriculum,7.538584009835371e-05,0.15862375355544658,2009.2742027000058
650,mates,2446,f7e8,780.0,-99999.0,100779.0,-1.0,-0.2860853175447196,-0.751489139426611,-0.751489139426611,1,-1.0,0,reward_aversive,curriculum,7.158356520100405e-05,0.15926003295659102,2010.4339286000468
651,mates,2462,g4e6,978.0,408.0,570.0,-0.7812747311362369,-0.31084478822429545,-0.4951894135915173,-0.4951894135915173,1,,0,reward_aversive,curriculum,4.431503553878673e-05,0.15961420245418845,2011.676991699962
652,mates,2481,h2h4,728.0,-99999.0,100727.0,-1.0,-0.34530254881308065,-0.6891552117757045,-0.6891552117757045,1,-1.0,0,reward_aversive,curriculum,5.300444171928118e-05,0.15966399434884532,2012.7909960999386
653,mates,2509,g4f2,750.0,158.0,592.0,-0.8029359756638934,-0.36818422015562124,-0.45763342685081276,-0.45763342685081276,1,,0,reward_aversive,curriculum,6.900111565875083e-05,0.15986450546674463,2013.9227429999737
654,mates,2517,f3e4,99999.0,477.0,99522.0,-1.0,-0.39977500914784014,-0.6318157798443788,-0.6318157798443788,1,,0,reward_aversive,curriculum,4.835425203728413e-05,0.15941824884311948,2015.1436982000014
655,mates,2541,e1f1,734.0,-99999.0,100733.0,-1.0,-0.4297862586904481,-0.6002249908521599,-0.6002249908521599,1,-1.0,0,reward_aversive,curriculum,5.351226319588504e-05,0.1598469373351997,2016.1996208999772
656,mates,2556,d3g6,99999.0,99999.0,0.0,1.0,-0.3582969457559257,1.4297862586904482,1.4297862586904482,1,1.0,1,reward_aversive,curriculum,7.50469327803922e-05,0.15990584444590586,2017.2610100000165
657,mates,2618,h6f8,601.0,-99999.0,100600.0,-1.0,-0.3903820984681294,-0.6417030542440743,-0.6417030542440743,1,-1.0,0,reward_aversive,curriculum,7.38467418807245e-05,0.15957368291643495,2018.4172927000327
658,mates,2676,g3g4,1038.0,20.0,1018.0,-0.9755186769256803,-0.41963892739100694,-0.5851365784575508,-0.5851365784575508,1,-1.0,0,reward_aversive,curriculum,7.113911456958116e-05,0.15941710016424432,2019.529282500036
659,mates,2734,g6h5,1004.0,1004.0,0.0,1.0,-0.3486569810214566,1.419638927391007,1.419638927391007,1,,1,reward_aversive,curriculum,6.305859011314537e-05,0.15827186891746897,2020.5855337999528
660,mates,2779,h2h3,83.0,-99999.0,100082.0,-1.0,-0.38122413197038374,-0.6513430189785434,-0.6513430189785434,1,-1.0,0,reward_aversive,curriculum,0.00011389755055149957,0.15851832718965286,2021.670138400048
661,mates,2790,f5e6,226.0,226.0,0.0,1.0,-0.3121629253718645,1.3812241319703837,1.3812241319703837,1,,1,reward_aversive,curriculum,6.444153708683158e-05,0.15768865299764256,2022.7731600999832
662,mates,2820,a1a2,279.0,-271.0,550.0,-0.7596533993039696,-0.33453744906846977,-0.44749047393210506,-0.44749047393210506,1,-1.0,0,reward_aversive,curriculum,7.321310060217319e-05,0.15750184849812005,2023.8613093999447
663,mates,2822,g3h4,693.0,693.0,0.0,1.0,-0.26781057661504626,1.3345374490684698,1.3345374490684698,1,,1,reward_aversive,curriculum,7.562474987057855e-05,0.15807310051320694,2024.9398121000268
664,mates,2863,c1a1,836.0,255.0,581.0,-0.7923722080960387,-0.2940386581890959,-0.5245616314809924,-0.5245616314809924,1,,0,reward_aversive,curriculum,6.59560699377461e-05,0.15844584630034647,2026.1941036999924
665,mates,2881,e8f8,99999.0,-151.0,100150.0,-1.0,-0.3293367252796411,-0.7059613418109041,-0.7059613418109041,1,,0,reward_aversive,curriculum,7.860358995086602e-05,0.15883694778561672,2027.241088700015
666,mates,2891,d8e8,-378.0,-99999.0,99621.0,-1.0,-0.36286988901565903,-0.6706632747203589,-0.6706632747203589,1,-1.0,0,reward_aversive,curriculum,5.8678316490986626e-05,0.15879839036590454,2028.3040751999943
667,mates,2918,e1f2,679.0,248.0,431.0,-0.5845403379509213,-0.37395341146242217,-0.22167044893526228,-0.22167044893526228,1,,0,reward_aversive,curriculum,3.6844027263745144e-05,0.15886155206352282,2029.3991379999788
668,mates,2924,d1h5,99998.0,99998.0,0.0,1.0,-0.3052557408893011,1.3739534114624221,1.3739534114624221,1,2.0,1,reward_aversive,curriculum,7.937579429446792e-05,0.15817032379521317,2030.4958126000129
669,mates,2924_pv1,h5g6,99999.0,99999.0,0.0,1.0,-0.23999295384483604,1.305255740889301,1.305255740889301,1,1.0,1,reward_aversive,curriculum,8.811247992546996e-05,0.1583002888791949,2031.6655223999405
670,mates,2937,g7g6,868.0,171.0,697.0,-0.8810317890814301,-0.2720448956066657,-0.6410388352365941,-0.6410388352365941,1,,0,reward_aversive,curriculum,6.159222152936121e-05,0.1583201335015423,2032.938027499942
671,mates,2950,g3h4,616.0,616.0,0.0,1.0,-0.20844265082633245,1.2720448956066657,1.2720448956066657,1,,1,reward_aversive,curriculum,4.94688630457211e-05,0.15855919660394924,2034.235452999943
672,mates,3154,h2h4,-258.0,-99999.0,99741.0,-1.0,-0.2480205182850158,-0.7915573491736676,-0.7915573491736676,1,-1.0,0,reward_aversive,curriculum,6.557059515656755e-05,0.15805597621755696,2035.3762297999347
673,mates,321,h6h5,585.0,-99998.0,100583.0,-1.0,-0.285619492370765,-0.7519794817149842,-0.7519794817149842,1,-2.0,0,reward_aversive,curriculum,4.848732152686826e-05,0.15828179108384202,2036.4060036999872
674,mates,3362,d4f2,668.0,91.0,577.0,-0.7883997303795738,-0.31075850427120544,-0.5027802380088088,-0.5027802380088088,1,,0,reward_aversive,curriculum,9.30207618585621e-05,0.15836094450294655,2037.4559434000403
675,mates,3394,c6d5,99998.0,245.0,99753.0,-1.0,-0.34522057905764514,-0.6892414957287946,-0.6892414957287946,1,,0,reward_aversive,curriculum,5.13377341010771e-05,0.1583671553919729,2038.4825509999646
676,mates,3394_pv1,h4f6,99999.0,-340.0,100339.0,-1.0,-0.37795955010476284,-0.6547794209423549,-0.6547794209423549,1,,0,reward_aversive,curriculum,6.505781948245028e-05,0.158493962256601,2039.5515037999721
677,mates,3410,g4g5,99999.0,596.0,99403.0,-1.0,-0.4090615725995247,-0.6220404498952372,-0.6220404498952372,1,,0,reward_aversive,curriculum,6.517566855468345e-05,0.1584128942443279,2040.7130551999435
678,mates,3433,b8c6,1048.0,1048.0,0.0,1.0,-0.33860849396954845,1.4090615725995246,1.4090615725995246,1,,1,reward_aversive,curriculum,4.313816299145352e-05,0.15801747816563788,2041.8540186999599
679,mates,3458,a4b5,-49.0,-49.0,0.0,1.0,-0.271678069271071,1.3386084939695484,1.3386084939695484,1,,1,reward_aversive,curriculum,5.776961921879249e-05,0.15822478162764553,2042.945162900025
680,mates,3497,g7g6,-764.0,-869.0,105.0,0.4867352468185351,-0.23375740346659074,0.758413316089606,0.758413316089606,1,,0,reward_aversive,curriculum,6.131403530374341e-05,0.15786248485395488,2044.0459545999765
681,mates,3545,h3g4,581.0,581.0,0.0,1.0,-0.1720695332932612,1.2337574034665908,1.2337574034665908,1,,1,reward_aversive,curriculum,7.417366887327221e-05,0.1580404752585349,2045.156292199972
682,mates,3631,h5f7,99999.0,99999.0,0.0,1.0,-0.11346605662859811,1.1720695332932611,1.1720695332932611,1,1.0,1,reward_aversive,curriculum,6.881069599887733e-05,0.15888778907620227,2046.2099491000408
683,mates,3731,e4g5,828.0,-99999.0,100827.0,-1.0,-0.1577927537971682,-0.8865339433714019,-0.8865339433714019,1,-1.0,0,reward_aversive,curriculum,9.132688481504918e-05,0.15851223783546317,2047.3302656000014
684,mates,3756,a4g4,99999.0,-830.0,100829.0,-1.0,-0.19990311610730976,-0.8422072462028318,-0.8422072462028318,1,,0,reward_aversive,curriculum,5.28526040532165e-05,0.15828426955002084,2048.659483699943
685,mates,3770,g5h3,99997.0,59.0,99938.0,-1.0,-0.23990796030194428,-0.8000968838926903,-0.8000968838926903,1,,0,reward_aversive,curriculum,7.947479461420765e-05,0.15794685251726734,2049.9721929000225
686,mates,3770_pv1,h5g6,99998.0,99998.0,0.0,1.0,-0.17791256228684704,1.2399079603019443,1.2399079603019443,1,2.0,1,reward_aversive,curriculum,7.858651196619757e-05,0.15893429508626913,2051.068542700028
687,mates,3770_pv2,g6f7,99999.0,99999.0,0.0,1.0,-0.11901693417250468,1.177912562286847,1.177912562286847,1,1.0,1,reward_aversive,curriculum,8.965221964163224e-05,0.16037151167404393,2052.188471799949
688,mates,378,a3a4,521.0,-66.0,587.0,-0.7981989573283319,-0.15297603533029605,-0.6791820231558272,-0.6791820231558272,1,,0,reward_aversive,curriculum,5.161530114720662e-05,0.16056489491170403,2053.3695441000164
689,mates,3826,h4g5,333.0,333.0,0.0,1.0,-0.09532723356378124,1.152976035330296,1.152976035330296,1,,1,reward_aversive,curriculum,6.400005482752214e-05,0.16098379136296065,2054.46601069998
690,mates,385,a5b6,448.0,448.0,0.0,1.0,-0.04056087188559217,1.0953272335637811,1.0953272335637811,1,,1,reward_aversive,curriculum,7.119052363334835e-05,0.1602746415543435,2055.6341571999947
691,mates,3856,c1a3,261.0,-843.0,1104.0,-0.9840405394040235,-0.08773485526151373,-0.9434796675184313,-0.9434796675184313,1,-2.0,0,reward_aversive,curriculum,8.928058440866367e-05,0.16039066939235463,2056.7797651999863
692,mates,386,c8h3,400.0,-99996.0,100396.0,-1.0,-0.13334811249843803,-0.9122651447384863,-0.9122651447384863,1,-4.0,0,reward_aversive,curriculum,5.312815409372043e-05,0.16062014663720692,2057.8590752000455
693,mates,3863,b4c5,-717.0,-717.0,0.0,1.0,-0.07668070687351612,1.133348112498438,1.133348112498438,1,,1,reward_aversive,curriculum,5.4264050500092275e-05,0.1609932202202187,2058.93598379998
694,mates,3878,e4d6,814.0,685.0,129.0,0.3764686351687453,-0.054023239771403046,0.4531493420422614,0.4531493420422614,1,,0,reward_aversive,curriculum,7.436399520070064e-05,0.1609372285553076,2059.9896426999476
695,mates,3891,c1g5,719.0,123.0,596.0,-0.8066494851203792,-0.09165455203885185,-0.7526262453489762,-0.7526262453489762,1,,0,reward_aversive,curriculum,7.930883580128401e-05,0.1607161576159346,2061.076397099998
696,mates,3926,g3h4,702.0,665.0,37.0,0.8155258358168815,-0.046295532646065174,0.9071803878557334,0.9071803878557334,1,,0,reward_aversive,curriculum,6.559729944110805e-05,0.1613713911158828,2062.1455674000317
697,mates,3944,g4h3,705.0,-724.0,1429.0,-0.9968472939334003,-0.09382312071043193,-0.9505517612873351,-0.9505517612873351,1,,0,reward_aversive,curriculum,0.00010941447864750295,0.1610475514182051,2063.374659199966
698,mates,3958,c1b2,99999.0,-725.0,100724.0,-1.0,-0.13913196467491035,-0.906176879289568,-0.906176879289568,1,,0,reward_aversive,curriculum,5.640838992399671e-05,0.1603898670316863,2064.5199395000236
699,mates,4028,f1h3,514.0,-480.0,994.0,-0.9724189074694154,-0.1807963118146356,-0.8332869427945051,-0.8332869427945051,1,,0,reward_aversive,curriculum,0.00010513905414583247,0.16073636601625904,2065.617280400009
700,mates,4043,c1b2,99999.0,49.0,99950.0,-1.0,-0.2217564962239038,-0.8192036881853644,-0.8192036881853644,1,,0,reward_aversive,curriculum,7.079366074258341e-05,0.16121757247549498,2066.733693899936
701,mates,4052,a2a3,479.0,191.0,288.0,-0.23381860575413005,-0.22235960170041513,-0.01206210953022624,-0.01206210953022624,1,,0,reward_aversive,curriculum,8.117398691945712e-05,0.16117656330518149,2067.827916500042
702,mates,4122,h6h5,802.0,-99998.0,100800.0,-1.0,-0.2612416216153944,-0.7776403982995849,-0.7776403982995849,1,-2.0,0,reward_aversive,curriculum,5.032316005530891e-05,0.16135440623156563,2068.9203606999945
703,mates,4139,h4h5,739.0,-99999.0,100738.0,-1.0,-0.29817954053462464,-0.7387583783846057,-0.7387583783846057,1,-1.0,0,reward_aversive,curriculum,7.544701903526728e-05,0.1612346672211884,2070.1650178999407
704,mates,4143,d2b4,586.0,586.0,0.0,1.0,-0.23327056350789344,1.2981795405346246,1.2981795405346246,1,,1,reward_aversive,curriculum,7.526590894116946e-05,0.16194167385102665,2071.3295983000426
705,mates,4147,f2d1,638.0,638.0,0.0,1.0,-0.17160703533249877,1.2332705635078933,1.2332705635078933,1,,1,reward_aversive,curriculum,5.3749377401635926e-05,0.16248198836747058,2072.4249248999404
706,mates,4169,g3g4,-3.0,-99998.0,99995.0,-1.0,-0.21302668356587384,-0.8283929646675012,-0.8283929646675012,1,-2.0,0,reward_aversive,curriculum,4.815371614635963e-05,0.16300382178060796,2073.567366400035
707,mates,4186,e8d8,703.0,-99999.0,100702.0,-1.0,-0.25237534938758016,-0.7869733164341262,-0.7869733164341262,1,-1.0,0,reward_aversive,curriculum,5.3927341620410726e-05,0.16341609369866042,2074.748861799948
708,mates,4238,h4g6,788.0,258.0,530.0,-0.7360439620351249,-0.2765587800199574,-0.48366861264754474,-0.48366861264754474,1,,0,reward_aversive,curriculum,4.783275536358032e-05,0.1634323480399797,2076.183591100038
709,mates,4261,g5g6,99999.0,99999.0,0.0,1.0,-0.2127308410189595,1.2765587800199574,1.2765587800199574,1,1.0,1,reward_aversive,curriculum,6.4408522378123e-05,0.1643074440870782,2077.372013299959
710,mates,429,h2f1,109.0,109.0,0.0,1.0,-0.15209429896801152,1.2127308410189594,1.2127308410189594,1,,1,reward_aversive,curriculum,7.524804944369096e-05,0.16413053758400317,2078.5680381000275
711,mates,4292,d4e6,99999.0,-20.0,100019.0,-1.0,-0.19448958401961092,-0.8479057010319885,-0.8479057010319885,1,,0,reward_aversive,curriculum,4.485018886348976e-05,0.16399719499540164,2079.622067600023
712,mates,4350,h2f1,-209.0,-209.0,0.0,1.0,-0.13476510481863035,1.1944895840196108,1.1944895840196108,1,,1,reward_aversive,curriculum,6.865036119534406e-05,0.16428110773449617,2080.649022700032
713,mates,4369,g4g5,186.0,-24.0,210.0,0.036900403271384,-0.12618182941412964,0.17166550809001435,0.17166550809001435,1,,0,reward_aversive,curriculum,0.00016605353435293388,0.1641598622679589,2081.6904951999895
714,mates,4383,c1h6,590.0,-802.0,1392.0,-0.996207213422585,-0.1696830986145524,-0.8700253840084553,-0.8700253840084553,1,,0,reward_aversive,curriculum,4.815076303288501e-05,0.1644478508905297,2082.7616750999587
715,mates,4387,f1h3,327.0,72.0,255.0,-0.12638985560946203,-0.1675184364642979,0.04329324300509038,0.04329324300509038,1,,0,reward_aversive,curriculum,6.551917777109501e-05,0.16441533680463488,2083.843633600045
716,mates,4422,h2h3,75.0,19.0,56.0,0.7218151042430839,-0.1230517594289288,0.8893335407073818,0.8893335407073818,1,,0,reward_aversive,curriculum,6.449700272191882e-05,0.16533332340167375,2084.9965038000373
717,mates,4453,d8g5,539.0,539.0,0.0,1.0,-0.06689917145748235,1.1230517594289289,1.1230517594289289,1,,1,reward_aversive,curriculum,7.307734948812987e-05,0.16524141079420934,2086.2288624999346
718,mates,4455,e4f6,99999.0,433.0,99566.0,-1.0,-0.11355421288460824,-0.9331008285425176,-0.9331008285425176,1,,0,reward_aversive,curriculum,4.9502088664961225e-05,0.16463675530760696,2087.5687273000367
719,mates,446,e8f8,99998.0,91.0,99907.0,-1.0,-0.1578765022403778,-0.8864457871153918,-0.8864457871153918,1,,0,reward_aversive,curriculum,5.987825209391178e-05,0.1647488225063277,2088.822649799986
720,mates,446_pv1,g7d4,99999.0,262.0,99737.0,-1.0,-0.19998267712835893,-0.8421234977596221,-0.8421234977596221,1,,0,reward_aversive,curriculum,6.392642436423057e-05,0.1648509678021802,2090.027590899961
721,mates,45,g7g6,-214.0,-99999.0,99785.0,-1.0,-0.239983543271941,-0.8000173228716411,-0.8000173228716411,1,-1.0,0,reward_aversive,curriculum,6.0599042804402e-05,0.16527256029656293,2091.221658500028
722,mates,4530,f3e4,528.0,528.0,0.0,1.0,-0.17798436610834395,1.239983543271941,1.239983543271941,1,,1,reward_aversive,curriculum,8.159204870728628e-05,0.16580680161695158,2092.624928400037
723,mates,4572,c1d2,99997.0,172.0,99825.0,-1.0,-0.21908514780292676,-0.822015633891656,-0.822015633891656,1,,0,reward_aversive,curriculum,8.01480191307087e-05,0.165289569200325,2093.9482514000265
724,mates,4572_pv1,d3f5,99998.0,99998.0,0.0,1.0,-0.1581308904127804,1.2190851478029268,1.2190851478029268,1,2.0,1,reward_aversive,curriculum,9.331228337702844e-05,0.16603298469582545,2095.293543500011
725,mates,4572_pv2,h5g6,99999.0,99998.0,1.0,0.9950000104166407,-0.10047434537130934,1.153130900829421,1.153130900829421,1,2.0,0,reward_aversive,curriculum,9.79103864311098e-05,0.16695139023400285,2096.6218745999504
726,mates,4760,h7h8,64.0,-99999.0,100063.0,-1.0,-0.14545062810274387,-0.8995256546286907,-0.8995256546286907,1,-1.0,0,reward_aversive,curriculum,6.264516947852076e-05,0.1675779286070821,2097.980719299987
727,mates,4798,d5e4,745.0,745.0,0.0,1.0,-0.08817809669760666,1.145450628102744,1.145450628102744,1,,1,reward_aversive,curriculum,9.523683026024533e-05,0.16722011128643663,2099.2374907999765
728,mates,486,e4e5,-339.0,-815.0,476.0,-0.6611577370770569,-0.11682707871657919,-0.5729796403794503,-0.5729796403794503,1,,0,reward_aversive,curriculum,7.378454377492236e-05,0.16694552224455692,2100.6598228999646
729,mates,4890,g6g5,37.0,-99998.0,100035.0,-1.0,-0.16098572478075024,-0.8831729212834208,-0.8831729212834208,1,-2.0,0,reward_aversive,curriculum,9.41199976507818e-05,0.16642371997003377,2101.7788213000167
730,mates,4891,c1d2,738.0,-99999.0,100737.0,-1.0,-0.20293643854171273,-0.8390142752192498,-0.8390142752192498,1,-1.0,0,reward_aversive,curriculum,6.198039946897171e-05,0.16590615347365564,2102.917711999966
731,mates,4927,g1h3,539.0,539.0,0.0,1.0,-0.14278961661462708,1.2029364385417127,1.2029364385417127,1,,1,reward_aversive,curriculum,9.198641857094696e-05,0.16581415692572088,2103.991688500042
732,mates,4985,g6h5,502.0,-99998.0,100500.0,-1.0,-0.18565013578389572,-0.8572103833853729,-0.8572103833853729,1,-2.0,0,reward_aversive,curriculum,3.912570237539758e-05,0.1659406998964872,2105.155291300034
733,mates,501,g2g4,-84.0,-84.0,0.0,1.0,-0.12636762899470094,1.1856501357838958,1.1856501357838958,1,-1.0,1,reward_aversive,curriculum,4.585365530067506e-05,0.16636639605469333,2106.2335452999687
734,mates,524,b8c6,98.0,98.0,0.0,1.0,-0.07004924754496589,1.1263676289947009,1.1263676289947009,1,,1,reward_aversive,curriculum,6.926782533758369e-05,0.1662745904004518,2107.4297623999882
735,mates,597,e3e4,99997.0,155.0,99842.0,-1.0,-0.11654678516771759,-0.9299507524550341,-0.9299507524550341,1,,0,reward_aversive,curriculum,6.790514933043992e-05,0.16474355345206118,2108.6469197999686
736,mates,597_pv1,h3g5,99999.0,554.0,99445.0,-1.0,-0.1607194459093317,-0.8834532148322825,-0.8834532148322825,1,,0,reward_aversive,curriculum,7.59764317477465e-05,0.16340356551891044,2109.7929111999692
737,mates,6,b8c7,99999.0,-571.0,100570.0,-1.0,-0.20268347361386513,-0.8392805540906683,-0.8392805540906683,1,,0,reward_aversive,curriculum,6.638457461888857e-05,0.16395184230793877,2110.891038200003
738,mates,731,f7g6,-234.0,-634.0,400.0,-0.5231883119115297,-0.21870871552874835,-0.3205048382976646,-0.3205048382976646,1,,0,reward_aversive,curriculum,8.040989201978658e-05,0.1640374010129392,2111.7633131999755
739,mates,749,c8a6,-27.0,-99999.0,99972.0,-1.0,-0.2577732797523109,-0.7812912844712516,-0.7812912844712516,1,-1.0,0,reward_aversive,curriculum,7.891626646245876e-05,0.164711101981,2112.861374399974
740,mates,777,h3h4,-6.0,-116.0,110.0,0.46345763595679723,-0.22171173396685548,0.7212309157091081,0.7212309157091081,1,,0,reward_aversive,curriculum,7.35541177748968e-05,0.16573220517871656,2113.9614621000364
741,mates,786,f4g4,747.0,747.0,0.0,1.0,-0.1606261472685127,1.2217117339668555,1.2217117339668555,1,,1,reward_aversive,curriculum,7.677798004772699e-05,0.16627922315934227,2115.442141299951
742,mates,788,g2g4,558.0,71.0,487.0,-0.6778303475312846,-0.1864863572816513,-0.5172042002627719,-0.5172042002627719,1,,0,reward_aversive,curriculum,8.37937907222935e-05,0.16624758417818597,2116.6528577000136
743,mates,8,d8b6,802.0,802.0,0.0,1.0,-0.1271620394175687,1.1864863572816513,1.1864863572816513,1,,1,reward_aversive,curriculum,0.00013988553949275857,0.16716082606851798,2117.951431100024
744,mates,803,h6g4,99999.0,364.0,99635.0,-1.0,-0.17080393744669026,-0.8728379605824312,-0.8728379605824312,1,,0,reward_aversive,curriculum,5.5181975508006404e-05,0.16614952009493478,2119.091573899961
745,mates,841,g3h4,453.0,453.0,0.0,1.0,-0.11226374057435574,1.1708039374466903,1.1708039374466903,1,,1,reward_aversive,curriculum,8.122370058252811e-05,0.16735337929990093,2120.141615199973
746,mates,852,f6e4,-111.0,-171.0,60.0,0.7022299327533641,-0.07153905690796974,0.8144936733277198,0.8144936733277198,1,,0,reward_aversive,curriculum,8.005718407465135e-05,0.16759040520897517,2121.4001179999905
747,mates,890,c1d2,913.0,767.0,146.0,0.30077890967074594,-0.05292315857903395,0.3723179665787157,0.3723179665787157,1,,0,reward_aversive,curriculum,9.347686882321396e-05,0.16788296871469718,2122.9283243999816
748,mates,896,h6h5,-154.0,-99999.0,99845.0,-1.0,-0.10027700065008226,-0.947076841420966,-0.947076841420966,1,-1.0,0,reward_aversive,curriculum,4.795148565948496e-05,0.1679576170002657,2124.344708999968
749,mates,914,h7h6,160.0,-99999.0,100159.0,-1.0,-0.14526315061757816,-0.8997229993499177,-0.8997229993499177,1,-1.0,0,reward_aversive,curriculum,7.47586406805135e-05,0.16709908245017555,2125.6236385999946
750,mates,endgames_0000,h3b3,724.0,711.0,13.0,0.9350228757517102,-0.09124884929911373,1.0802860263692884,1.0802860263692884,1,,0,reward_aversive,replay,1.4460979521109198e-05,0.1688617194234577,2126.894588300027
751,mates,endgames_0002,c4b3,607.0,598.0,9.0,0.9550075922125807,-0.038936027223529006,1.0462564415116944,1.0462564415116944,1,,0,reward_aversive,replay,1.0898700599624145e-05,0.16987993252894526,2128.1162662999704
752,mates,endgames_0026,h4g4,611.0,611.0,0.0,1.0,0.013010774137647452,1.038936027223529,1.038936027223529,1,,1,reward_aversive,replay,1.4450606026755377e-05,0.1710855087318394,2129.4527359999483
753,mates,endgames_0029,a3a4,-2.0,-7.0,5.0,0.9750013020019582,0.06111030053086299,0.9619905278643108,0.9619905278643108,1,,0,reward_aversive,replay,6.910305629459688e-06,0.1727437581476775,2130.9591321999906
754,mates,endgames_0037,d4b4,435.0,419.0,16.0,0.9200426393776728,0.10405691747320348,0.8589323388468099,0.8589323388468099,1,,0,reward_aversive,replay,9.515928906203048e-06,0.17305010818980918,2132.2736328999745
755,mates,endgames_0054,f6c6,826.0,826.0,0.0,1.0,0.14885407159954328,0.8959430825267966,0.8959430825267966,1,,1,reward_aversive,replay,1.721525787696006e-05,0.17437888150312716,2133.5461838999763
756,mates,endgames_0059,e5e6,467.0,467.0,0.0,1.0,0.1914113680195661,0.8511459284004568,0.8511459284004568,1,,1,reward_aversive,replay,9.778097333342804e-06,0.1741135635072653,2134.6347157999408
757,mates,endgames_0063,c6c2,384.0,-24.0,408.0,-0.5397330718178008,0.15485414602769776,-0.731144439837367,-0.731144439837367,1,,0,reward_aversive,replay,9.630952804947988e-06,0.1742173278990575,2135.730844400008
758,mates,endgames_0065,c4b3,645.0,645.0,0.0,1.0,0.19711143872631287,0.8451458539723022,0.8451458539723022,1,,1,reward_aversive,replay,1.1276333147280162e-05,0.17427897631114864,2136.813772100024
759,mates,endgames_0069,b4b3,659.0,655.0,4.0,0.9800006666400011,0.2362559001219973,0.7828892279136882,0.7828892279136882,1,,0,reward_aversive,replay,1.4102339648267993e-05,0.17562767639244536,2138.0120279999683
760,mates,endgames_0076,h7g6,642.0,0.0,642.0,-0.8448354621590559,0.1822013320079446,-1.0810913622810532,-1.0810913622810532,1,,0,reward_aversive,replay,7.558425342886671e-06,0.17512406682812348,2139.1220831000246
761,mates,endgames_0087,a1a6,99996.0,739.0,99257.0,-1.0,0.12309126540754738,-1.1822013320079445,-1.1822013320079445,1,,0,reward_aversive,replay,1.5176976582411755e-05,0.17497360899595713,2140.3054256000323
762,mates,endgames_0096,d7c6,0.0,0.0,0.0,1.0,0.16693670213717,0.8769087345924527,0.8769087345924527,1,,1,reward_aversive,replay,9.04792381684295e-06,0.17532508180121492,2141.4569075000472
763,mates,endgames_0097,c8c2,437.0,432.0,5.0,0.9750013020019582,0.20733993213040938,0.8080645998647882,0.8080645998647882,1,,0,reward_aversive,replay,1.378450940379463e-05,0.175555082170784,2142.590817100019
764,mates,endgames_0098,c1b1,5.0,-4.0,9.0,0.9550075922125807,0.24472331513451792,0.7476676600821713,0.7476676600821713,1,,0,reward_aversive,replay,1.58495941811718e-05,0.17595119956235075,2143.679845900042
765,mates,endgames_0106,f1a1,378.0,365.0,13.0,0.9350228757517102,0.2792382931653775,0.6902995606171922,0.6902995606171922,1,,0,reward_aversive,replay,1.386533337451598e-05,0.175674477428847,2144.8782824999653
766,mates,endgames_0107,f3f2,15.0,13.0,2.0,0.9900000833325,0.31477638267373365,0.7107617901671225,0.7107617901671225,1,,0,reward_aversive,replay,9.428550093502368e-06,0.1768972214088842,2146.0694943999406
767,mates,endgames_0113,f6g6,0.0,0.0,0.0,1.0,0.34903756354004695,0.6852236173262664,0.6852236173262664,1,,1,reward_aversive,replay,9.85365254720699e-06,0.17717512022580334,2147.118495899951
768,mates,endgames_0114,d1c2,757.0,757.0,0.0,1.0,0.38158568536304455,0.6509624364599531,0.6509624364599531,1,,1,reward_aversive,replay,1.3099709558804382e-05,0.1777827341429294,2148.238694099942
769,mates,endgames_0118,g4f5,607.0,607.0,0.0,1.0,0.4125064010948923,0.6184143146369554,0.6184143146369554,1,,1,reward_aversive,replay,1.2978668301343419e-05,0.17822987116999794,2149.302255699993
770,mates,movement_0002,b4a1,100.0,-100.0,200.0,0.07576568547998053,0.39566936531414665,-0.33674071561491176,-0.33674071561491176,1,,0,reward_aversive,replay,1.1523066668666877e-05,0.17724057092060821,2151.285538999946
771,mates,movement_0007,a6a1,100.0,-100.0,200.0,0.07576568547998053,0.3796741813224383,-0.3199036798341661,-0.3199036798341661,1,,0,reward_aversive,replay,8.704300398928951e-06,0.17712160562609233,2153.2177221999737
772,mates,movement_0011,g6a1,100.0,-100.0,200.0,0.07576568547998053,0.36447875653031536,-0.30390849584245777,-0.30390849584245777,1,,0,reward_aversive,replay,8.50768736793933e-06,0.17719700578697473,2155.2999782999977
773,mates,movement_0021,h1a1,100.0,-100.0,200.0,0.07576568547998053,0.3500431029777986,-0.28871307105033484,-0.28871307105033484,1,,0,reward_aversive,replay,9.781541688290945e-06,0.1769079478489295,2157.3154503999976
774,mates,movement_0023,a6a1,100.0,-100.0,200.0,0.07576568547998053,0.3363292321029077,-0.2742774174978181,-0.2742774174978181,1,,0,reward_aversive,replay,9.930872481057714e-06,0.17681257592015598,2159.2958642999874
775,mates,movement_0029,c1a1,100.0,-100.0,200.0,0.07576568547998053,0.32330105477176135,-0.2605635466229272,-0.2605635466229272,1,,0,reward_aversive,replay,1.834256599281143e-05,0.1764146773268713,2161.802661799942
776,mates,movement_0031,h7a1,100.0,-100.0,200.0,0.07576568547998053,0.3109242863071723,-0.24753536929178083,-0.24753536929178083,1,,0,reward_aversive,replay,7.2446597603372445e-06,0.176439388577996,2164.017985100043
777,mates,movement_0033,b4b3,100.0,100.0,0.0,1.0,0.34537807199181364,0.6890757136928277,0.6890757136928277,1,,1,reward_aversive,replay,6.670577084210872e-06,0.177635976777991,2166.851410800009
778,mates,movement_0037,d5a1,100.0,-100.0,200.0,0.07576568547998053,0.33189745266622195,-0.2696123865118331,-0.2696123865118331,1,,0,reward_aversive,replay,1.1446059758758145e-05,0.17713385639754645,2169.5827403999865
779,mates,movement_0044,e2a1,100.0,-100.0,200.0,0.07576568547998053,0.31909086430690986,-0.2561317671862414,-0.2561317671862414,1,,0,reward_aversive,replay,1.0125458733532375e-05,0.1769206887016125,2172.035022899974
780,mates,movement_0049,d5a1,100.0,-100.0,200.0,0.07576568547998053,0.3069246053655634,-0.24332517882692933,-0.24332517882692933,1,,0,reward_aversive,replay,1.1052558270703956e-05,0.17655333386752214,2174.4456513000187
781,mates,movement_0051,d8a1,100.0,-100.0,200.0,0.07576568547998053,0.2953666593712842,-0.23115891988558285,-0.23115891988558285,1,,0,reward_aversive,replay,1.320565836611199e-05,0.17609111063615615,2176.744853400043
782,mates,movement_0052,f2a1,100.0,-100.0,200.0,0.07576568547998053,0.284386610676719,-0.21960097389130367,-0.21960097389130367,1,,0,reward_aversive,replay,1.0474771744444214e-05,0.17583056573227385,2178.766159299994
783,mates,movement_0062,c7a1,100.0,-100.0,200.0,0.07576568547998053,0.27395556441688207,-0.20862092519673847,-0.20862092519673847,1,,0,reward_aversive,replay,1.2829736621463034e-05,0.17561547855689513,2180.9034128000494
784,mates,movement_0066,h6a1,100.0,-100.0,200.0,0.07576568547998053,0.264046070470037,-0.19818987893690154,-0.19818987893690154,1,,0,reward_aversive,replay,8.508816976635735e-06,0.1754142303750135,2182.3234613999957
785,mates,movement_0073,h4g6,100.0,100.0,0.0,1.0,0.3008437669465351,0.7359539295299631,0.7359539295299631,1,,1,reward_aversive,replay,1.3444617515637923e-05,0.17702573872579414,2184.2856320999563
786,mates,movement_0078,a3a1,100.0,-100.0,200.0,0.07576568547998053,0.2895898628732073,-0.22507808146655456,-0.22507808146655456,1,,0,reward_aversive,replay,6.5531665485700485e-06,0.17691879826589235,2185.5771597999847
787,mates,movement_0083,g7g6,100.0,100.0,0.0,1.0,0.32511036972954693,0.7104101371267927,0.7104101371267927,1,,1,reward_aversive,replay,7.58030635622002e-06,0.1784590265216417,2187.7293194000376
788,mates,movement_0084,a5a1,100.0,-100.0,200.0,0.07576568547998053,0.31264313551706857,-0.2493446842495664,-0.2493446842495664,1,,0,reward_aversive,replay,1.0168934370953424e-05,0.17811238080771025,2189.056884999969
789,mates,movement_0089,a2b3,100.0,100.0,0.0,1.0,0.3470109787412151,0.6873568644829314,0.6873568644829314,1,,1,reward_aversive,replay,1.3639523577943965e-05,0.17956488009102586,2191.253020299948
790,mates,movement_0090,h2a1,100.0,-100.0,200.0,0.07576568547998053,0.33344871407815335,-0.2712452932612346,-0.2712452932612346,1,,0,reward_aversive,replay,9.2236293716951e-06,0.1794720976127412,2193.3312939000316
791,mates,movement_0096,c2a1,100.0,-100.0,200.0,0.07576568547998053,0.3205645626482447,-0.2576830285981728,-0.2576830285981728,1,,0,reward_aversive,replay,1.3533747936893894e-05,0.17906476512526212,2194.8754437000025
792,mates,movement_0097,b8c6,100.0,100.0,0.0,1.0,0.35453633451583244,0.6794354373517553,0.6794354373517553,1,,1,reward_aversive,replay,1.4807916120200694e-05,0.1807763983038682,2196.7928747000406
793,mates,movement_0105,h8a1,100.0,-100.0,200.0,0.07576568547998053,0.34059780206403983,-0.2787706490358519,-0.2787706490358519,1,,0,reward_aversive,replay,6.8522600726242205e-06,0.18067736633429934,2198.966877299943
794,mates,movement_0108,c4a1,100.0,-100.0,200.0,0.07576568547998053,0.32735619623483686,-0.2648321165840593,-0.2648321165840593,1,,0,reward_aversive,replay,1.3426933908519556e-05,0.17996362297892576,2200.254419600009
795,mates,movement_0110,e5a1,100.0,100.0,0.0,1.0,0.360988386423095,0.6726438037651632,0.6726438037651632,1,,1,reward_aversive,replay,1.4530193923908017e-05,0.1813401569200282,2202.2164010000415
796,mates,movement_0111,b3a1,100.0,-100.0,200.0,0.07576568547998053,0.34672725137593924,-0.28522270094311447,-0.28522270094311447,1,,0,reward_aversive,replay,1.3420453621935777e-05,0.18074658803939733,2204.2519292000216
797,mates,movement_0113,g7g6,100.0,100.0,0.0,1.0,0.3793908888071422,0.6532727486240608,0.6532727486240608,1,,1,reward_aversive,replay,2.2270489898486593e-05,0.18246217459420377,2206.5755839999765
798,mates,movement_0120,d5a1,100.0,-100.0,200.0,0.07576568547998053,0.3642096286407841,-0.3036252033271617,-0.3036252033271617,1,,0,reward_aversive,replay,1.5399292633895343e-05,0.1819618340480331,2208.1625502000097
799,mates,movement_0125,g6a1,100.0,-100.0,200.0,0.07576568547998053,0.3497874314827439,-0.2884439431608036,-0.2884439431608036,1,,0,reward_aversive,replay,1.451086539575545e-05,0.1813637751938582,2210.1335489000194
800,mates,movement_0130,c7a1,100.0,-100.0,200.0,0.07576568547998053,0.3360863441826057,-0.27402174600276336,-0.27402174600276336,1,,0,reward_aversive,replay,9.511647552947503e-06,0.18095037225555582,2212.2068743000273
801,mates,movement_0136,f7b3,100.0,100.0,0.0,1.0,0.3692820269734754,0.6639136558173944,0.6639136558173944,1,,1,reward_aversive,replay,1.1670046277717446e-05,0.1824742524296704,2214.2576704999665
802,mates,movement_0137,c5a1,100.0,-100.0,200.0,0.07576568547998053,0.35460620989880065,-0.29351634149349487,-0.29351634149349487,1,,0,reward_aversive,replay,1.0496222685550439e-05,0.1817806664514006,2216.177854700014
