position_id,source_game_id,phase,ply,fen,side_to_move,variant,depth,legal_move_count,teacher_best_move,predicted_move,selected_teacher_cp,teacher_best_cp,regret_cp,teacher_best_agreement,top3_teacher_agreement,selected_teacher_rank,fly_rank_of_teacher_best,score_margin,score_dispersion,spearman_rank_correlation,kendall_rank_correlation,recurrent_passes,latency_s,trajectory_latency_s,stockfish_eval_loss_cp,post_eval_included
opening_000_offset_00,opening_000,early,8,rn1qkb1r/2pppppp/bp3n2/p7/4B3/3PP3/PPP2PPP/RNBQK1NR w KQkq - 1 5,white,transmitter_sign_shuffle,1,36,e4a8,h2h4,-200.0,739.0,939.0,0,0,14,17,0.0,0.0,,,36,1.9659978999989107,134.65907359996345,645.0,1
opening_000_offset_00,opening_000,early,8,rn1qkb1r/2pppppp/bp3n2/p7/4B3/3PP3/PPP2PPP/RNBQK1NR w KQkq - 1 5,white,transmitter_sign_shuffle,2,36,e4a8,g1h3,-220.0,739.0,959.0,0,0,17,5,0.0,0.00039638147574889195,-0.07851918182369912,-0.05357474032488645,72,4.606091400026344,134.65907359996345,685.0,1
opening_000_offset_00,opening_000,early,8,rn1qkb1r/2pppppp/bp3n2/p7/4B3/3PP3/PPP2PPP/RNBQK1NR w KQkq - 1 5,white,transmitter_sign_shuffle,4,36,e4a8,g1h3,-220.0,739.0,959.0,0,0,17,6,1.4790799468755722e-05,0.0007204037544909944,0.10800025946323262,0.08751019354237223,144,9.50662890006788,134.65907359996345,660.0,1
opening_000_offset_00,opening_000,early,8,rn1qkb1r/2pppppp/bp3n2/p7/4B3/3PP3/PPP2PPP/RNBQK1NR w KQkq - 1 5,white,transmitter_sign_shuffle,8,36,e4a8,g1h3,-220.0,739.0,959.0,0,0,17,6,1.4218268916010857e-05,0.0007738208408433724,0.1340027057225568,0.08751019354237223,288,18.50874359998852,134.65907359996345,662.0,1
opening_000_offset_00,opening_000,early,8,rn1qkb1r/2pppppp/bp3n2/p7/4B3/3PP3/PPP2PPP/RNBQK1NR w KQkq - 1 5,white,transmitter_sign_shuffle,16,36,e4a8,g1h3,-220.0,739.0,959.0,0,0,17,6,1.3713724911212921e-05,0.0007750085195680661,0.13207183100032976,0.08751019354237223,576,33.81551099999342,134.65907359996345,662.0,1
opening_000_offset_00,opening_000,early,8,rn1qkb1r/2pppppp/bp3n2/p7/4B3/3PP3/PPP2PPP/RNBQK1NR w KQkq - 1 5,white,transmitter_sign_shuffle,32,36,e4a8,g1h3,-220.0,739.0,959.0,0,0,17,6,1.3707438483834267e-05,0.0007750149982901462,0.13207183100032976,0.08751019354237223,1152,63.69855380000081,134.65907359996345,661.0,1
opening_000_offset_00,opening_000,early,8,rn1qkb1r/2pppppp/bp3n2/p7/4B3/3PP3/PPP2PPP/RNBQK1NR w KQkq - 1 5,white,transmitter_sign_shuffle,64,36,e4a8,g1h3,-220.0,739.0,959.0,0,0,17,6,1.370045356452465e-05,0.0007750816051910798,0.12898243144476648,0.08751019354237223,2304,134.42251269996632,134.65907359996345,665.0,1
opening_000_offset_04,opening_000,early,12,rn1qkbnr/1bpppppp/1p6/p7/P3B3/3PP3/1PP2PPP/RNBQ1KNR w kq - 1 7,white,transmitter_sign_shuffle,1,35,e4b7,h2h4,-62.0,374.0,436.0,0,0,10,18,0.0,0.0,,,35,2.029357500025071,125.19076909997966,874.0,1
opening_000_offset_04,opening_000,early,12,rn1qkbnr/1bpppppp/1p6/p7/P3B3/3PP3/1PP2PPP/RNBQ1KNR w kq - 1 7,white,transmitter_sign_shuffle,2,35,e4b7,g1h3,-86.0,374.0,460.0,0,0,14,4,0.0,0.00038313113866945286,-0.011419119346831725,-0.024293257395175256,70,3.880192399956286,125.19076909997966,874.0,1
opening_000_offset_04,opening_000,early,12,rn1qkbnr/1bpppppp/1p6/p7/P3B3/3PP3/1PP2PPP/RNBQ1KNR w kq - 1 7,white,transmitter_sign_shuffle,4,35,e4b7,g1h3,-86.0,374.0,460.0,0,0,14,6,1.4790333807468414e-05,0.0007165550115277047,0.10534426232427663,0.0673970139066558,140,7.577386399963871,125.19076909997966,877.0,1
opening_000_offset_04,opening_000,early,12,rn1qkbnr/1bpppppp/1p6/p7/P3B3/3PP3/1PP2PPP/RNBQ1KNR w kq - 1 7,white,transmitter_sign_shuffle,8,35,e4b7,g1h3,-86.0,374.0,460.0,0,0,14,6,1.4225021004676819e-05,0.0007700415201046357,0.10716537324211652,0.0673970139066558,280,15.15707710001152,125.19076909997966,879.0,1
opening_000_offset_04,opening_000,early,12,rn1qkbnr/1bpppppp/1p6/p7/P3B3/3PP3/1PP2PPP/RNBQ1KNR w kq - 1 7,white,transmitter_sign_shuffle,16,35,e4b7,g1h3,-86.0,374.0,460.0,0,0,14,6,1.3712793588638306e-05,0.0007712052962381257,0.1078658005182088,0.07076686460198858,560,30.70450360001996,125.19076909997966,877.0,1
opening_000_offset_04,opening_000,early,12,rn1qkbnr/1bpppppp/1p6/p7/P3B3/3PP3/1PP2PPP/RNBQ1KNR w kq - 1 7,white,transmitter_sign_shuffle,32,35,e4b7,g1h3,-86.0,374.0,460.0,0,0,14,6,1.3712793588638306e-05,0.0007712271947232345,0.1078658005182088,0.07076686460198858,1120,62.457581399939954,125.19076909997966,874.0,1
opening_000_offset_04,opening_000,early,12,rn1qkbnr/1bpppppp/1p6/p7/P3B3/3PP3/1PP2PPP/RNBQ1KNR w kq - 1 7,white,transmitter_sign_shuffle,64,35,e4b7,g1h3,-86.0,374.0,460.0,0,0,14,6,1.3696961104869843e-05,0.0007713591721537162,0.10674511687646115,0.0673970139066558,2240,124.87110729992855,125.19076909997966,875.0,1
opening_000_offset_08,opening_000,early,16,rn1qkbnr/1bp2ppp/1p1p4/p3p3/P7/3PPB2/1PP1QPPP/RNB2KNR w kq - 0 9,white,transmitter_sign_shuffle,1,27,f3b7,h2h4,6.0,494.0,488.0,0,0,5,11,0.0,0.0,,,27,1.3581551000243053,113.11195729998872,852.0,1
opening_000_offset_08,opening_000,early,16,rn1qkbnr/1bp2ppp/1p1p4/p3p3/P7/3PPB2/1PP1QPPP/RNB2KNR w kq - 0 9,white,transmitter_sign_shuffle,2,27,f3b7,f3b7,494.0,494.0,0.0,1,1,1,1,0.00025460775941610336,0.0017621795840138453,-0.19001047891704725,-0.1455864752952471,54,2.920742299989797,113.11195729998872,1.0,1
opening_000_offset_08,opening_000,early,16,rn1qkbnr/1bp2ppp/1p1p4/p3p3/P7/3PPB2/1PP1QPPP/RNB2KNR w kq - 0 9,white,transmitter_sign_shuffle,4,27,f3b7,f3b7,494.0,494.0,0.0,1,1,1,1,0.00020630192011594772,0.0023081259165314725,-0.23752099192926357,-0.16547805710421967,108,6.372542400029488,113.11195729998872,26.0,1
opening_000_offset_08,opening_000,early,16,rn1qkbnr/1bp2ppp/1p1p4/p3p3/P7/3PPB2/1PP1QPPP/RNB2KNR w kq - 0 9,white,transmitter_sign_shuffle,8,27,f3b7,f3b7,494.0,494.0,0.0,1,1,1,1,0.0002307826653122902,0.0023041505736519138,-0.22836208478546163,-0.16547805710421967,216,11.514210499939509,113.11195729998872,0.0,1
opening_000_offset_08,opening_000,early,16,rn1qkbnr/1bp2ppp/1p1p4/p3p3/P7/3PPB2/1PP1QPPP/RNB2KNR w kq - 0 9,white,transmitter_sign_shuffle,16,27,f3b7,f3b7,494.0,494.0,0.0,1,1,1,1,0.00023197755217552185,0.0023034199322958617,-0.2289726785950484,-0.16547805710421967,432,26.763966399943456,113.11195729998872,5.0,1
opening_000_offset_08,opening_000,early,16,rn1qkbnr/1bp2ppp/1p1p4/p3p3/P7/3PPB2/1PP1QPPP/RNB2KNR w kq - 0 9,white,transmitter_sign_shuffle,32,27,f3b7,f3b7,494.0,494.0,0.0,1,1,1,1,0.00023199431598186493,0.002303420995192283,-0.2289726785950484,-0.16547805710421967,864,55.30602569994517,113.11195729998872,0.0,1
opening_000_offset_08,opening_000,early,16,rn1qkbnr/1bp2ppp/1p1p4/p3p3/P7/3PPB2/1PP1QPPP/RNB2KNR w kq - 0 9,white,transmitter_sign_shuffle,64,27,f3b7,f3b7,494.0,494.0,0.0,1,1,1,1,0.0002319980412721634,0.0023032921537225813,-0.2289726785950484,-0.16547805710421967,1728,112.8704683999531,113.11195729998872,0.0,1
opening_000_offset_12,opening_000,middle,20,r2qkbnr/1b3ppp/nppp4/p3p3/P7/3PPB2/1PP1NPPP/RNBQ1K1R w kq - 0 11,white,transmitter_sign_shuffle,1,31,f1e1,h2h4,-44.0,-23.0,21.0,0,0,4,12,0.0,0.0,,,31,1.9203331000171602,116.79751060006674,47.0,1
opening_000_offset_12,opening_000,middle,20,r2qkbnr/1b3ppp/nppp4/p3p3/P7/3PPB2/1PP1NPPP/RNBQ1K1R w kq - 0 11,white,transmitter_sign_shuffle,2,31,f1e1,f3c6,-826.0,-23.0,803.0,0,0,30,15,0.0002189427614212036,0.0015669069022962018,-0.4689599248012995,-0.32495076005695595,62,4.199712000088766,116.79751060006674,725.0,1
opening_000_offset_12,opening_000,middle,20,r2qkbnr/1b3ppp/nppp4/p3p3/P7/3PPB2/1PP1NPPP/RNBQ1K1R w kq - 0 11,white,transmitter_sign_shuffle,4,31,f1e1,f3c6,-826.0,-23.0,803.0,0,0,30,12,0.00017606280744075775,0.002039863666799476,-0.43601897729663264,-0.30636622137924585,124,8.653554000076838,116.79751060006674,667.0,1
opening_000_offset_12,opening_000,middle,20,r2qkbnr/1b3ppp/nppp4/p3p3/P7/3PPB2/1PP1NPPP/RNBQ1K1R w kq - 0 11,white,transmitter_sign_shuffle,8,31,f1e1,f3c6,-826.0,-23.0,803.0,0,0,30,12,0.0002046218141913414,0.002036917040303967,-0.42936373851273396,-0.2977361869741967,248,15.957384400069714,116.79751060006674,721.0,1
opening_000_offset_12,opening_000,middle,20,r2qkbnr/1b3ppp/nppp4/p3p3/P7/3PPB2/1PP1NPPP/RNBQ1K1R w kq - 0 11,white,transmitter_sign_shuffle,16,31,f1e1,f3c6,-826.0,-23.0,803.0,0,0,30,12,0.00020601507276296616,0.0020364677875972467,-0.4307754558305307,-0.2977361869741967,496,27.899861700017937,116.79751060006674,721.0,1
opening_000_offset_12,opening_000,middle,20,r2qkbnr/1b3ppp/nppp4/p3p3/P7/3PPB2/1PP1NPPP/RNBQ1K1R w kq - 0 11,white,transmitter_sign_shuffle,32,31,f1e1,f3c6,-826.0,-23.0,803.0,0,0,30,12,0.0002060234546661377,0.0020365435704340854,-0.42976708631781874,-0.2934211697716721,992,58.494241500040516,116.79751060006674,721.0,1
opening_000_offset_12,opening_000,middle,20,r2qkbnr/1b3ppp/nppp4/p3p3/P7/3PPB2/1PP1NPPP/RNBQ1K1R w kq - 0 11,white,transmitter_sign_shuffle,64,31,f1e1,f3c6,-826.0,-23.0,803.0,0,0,30,12,0.00020602066069841385,0.002036707935895654,-0.42976708631781874,-0.2934211697716721,1984,116.57559240004048,116.79751060006674,721.0,1
opening_000_offset_16,opening_000,middle,24,r2qkb1r/1b3ppp/n1pp1n2/pp2p3/P7/2PPPB2/RP2NPPP/1NBQ1K1R w kq - 0 13,white,transmitter_sign_shuffle,1,31,a4b5,h2h4,-86.0,92.0,178.0,0,0,3,29,0.0,0.0,,,31,1.3683056000154465,124.83964540006127,270.0,1
opening_000_offset_16,opening_000,middle,24,r2qkb1r/1b3ppp/n1pp1n2/pp2p3/P7/2PPPB2/RP2NPPP/1NBQ1K1R w kq - 0 13,white,transmitter_sign_shuffle,2,31,a4b5,f3c6,-768.0,92.0,860.0,0,0,28,9,0.00021894555538892746,0.0015801550530573454,-0.41677708817215864,-0.28854544194216203,62,3.578793599968776,124.83964540006127,886.0,1
opening_000_offset_16,opening_000,middle,24,r2qkb1r/1b3ppp/n1pp1n2/pp2p3/P7/2PPPB2/RP2NPPP/1NBQ1K1R w kq - 0 13,white,transmitter_sign_shuffle,4,31,a4b5,f3c6,-768.0,92.0,860.0,0,0,28,15,0.00017607025802135468,0.0020606563166476214,-0.32728373321213255,-0.20474185480011833,124,7.93238710006699,124.83964540006127,880.0,1
opening_000_offset_16,opening_000,middle,24,r2qkb1r/1b3ppp/n1pp1n2/pp2p3/P7/2PPPB2/RP2NPPP/1NBQ1K1R w kq - 0 13,white,transmitter_sign_shuffle,8,31,a4b5,f3c6,-768.0,92.0,860.0,0,0,28,17,0.0002046339213848114,0.002062436599929127,-0.33333334011069327,-0.21767291931381003,248,15.502643799991347,124.83964540006127,880.0,1
opening_000_offset_16,opening_000,middle,24,r2qkb1r/1b3ppp/n1pp1n2/pp2p3/P7/2PPPB2/RP2NPPP/1NBQ1K1R w kq - 0 13,white,transmitter_sign_shuffle,16,31,a4b5,f3c6,-768.0,92.0,860.0,0,0,28,17,0.00020603742450475693,0.002062406887175723,-0.33091349735126896,-0.20905220963801555,496,27.836936800042167,124.83964540006127,844.0,1
opening_000_offset_16,opening_000,middle,24,r2qkb1r/1b3ppp/n1pp1n2/pp2p3/P7/2PPPB2/RP2NPPP/1NBQ1K1R w kq - 0 13,white,transmitter_sign_shuffle,32,31,a4b5,f3c6,-768.0,92.0,860.0,0,0,28,17,0.00020604580640792847,0.0020625541532243016,-0.33091349735126896,-0.20905220963801555,992,60.26323060004506,124.83964540006127,844.0,1
opening_000_offset_16,opening_000,middle,24,r2qkb1r/1b3ppp/n1pp1n2/pp2p3/P7/2PPPB2/RP2NPPP/1NBQ1K1R w kq - 0 13,white,transmitter_sign_shuffle,64,31,a4b5,f3c6,-768.0,92.0,860.0,0,0,28,17,0.00020602997392416,0.0020629672223180847,-0.3228473548198547,-0.20474185480011833,1984,124.63493739999831,124.83964540006127,844.0,1
opening_000_offset_20,opening_000,late,28,2rqkb1r/1b3pp1/n1pp1n2/pp2p2p/P7/2PPPB2/1P2NPPP/RNBQ2KR w k - 2 15,white,transmitter_sign_shuffle,1,29,a4b5,h2h4,-32.0,96.0,128.0,0,0,2,27,0.0,0.0,,,29,1.5242612999863923,103.41249739995692,202.0,1
opening_000_offset_20,opening_000,late,28,2rqkb1r/1b3pp1/n1pp1n2/pp2p2p/P7/2PPPB2/1P2NPPP/RNBQ2KR w k - 2 15,white,transmitter_sign_shuffle,2,29,a4b5,f3h5,-689.0,96.0,785.0,0,0,27,10,0.0,0.0016403879838517545,-0.3538405467951585,-0.2576423060221789,58,2.9570421000244096,103.41249739995692,931.0,1
opening_000_offset_20,opening_000,late,28,2rqkb1r/1b3pp1/n1pp1n2/pp2p2p/P7/2PPPB2/1P2NPPP/RNBQ2KR w k - 2 15,white,transmitter_sign_shuffle,4,29,a4b5,f3h5,-689.0,96.0,785.0,0,0,27,13,1.1145137250423431e-05,0.0021429731297946146,-0.33008991505459256,-0.2145501014489297,116,5.433233699994162,103.41249739995692,869.0,1
opening_000_offset_20,opening_000,late,28,2rqkb1r/1b3pp1/n1pp1n2/pp2p2p/P7/2PPPB2/1P2NPPP/RNBQ2KR w k - 2 15,white,transmitter_sign_shuffle,8,29,a4b5,f3h5,-689.0,96.0,785.0,0,0,27,15,4.801899194717407e-06,0.002146473477584817,-0.31186106899933896,-0.18988917024790328,232,13.050566200050525,103.41249739995692,883.0,1
opening_000_offset_20,opening_000,late,28,2rqkb1r/1b3pp1/n1pp1n2/pp2p2p/P7/2PPPB2/1P2NPPP/RNBQ2KR w k - 2 15,white,transmitter_sign_shuffle,16,29,a4b5,f3h5,-689.0,96.0,785.0,0,0,27,15,4.032626748085022e-06,0.0021465500211768126,-0.3133390835443595,-0.18988917024790328,464,28.293701700051315,103.41249739995692,869.0,1
opening_000_offset_20,opening_000,late,28,2rqkb1r/1b3pp1/n1pp1n2/pp2p2p/P7/2PPPB2/1P2NPPP/RNBQ2KR w k - 2 15,white,transmitter_sign_shuffle,32,29,a4b5,f3h5,-689.0,96.0,785.0,0,0,27,15,4.032626748085022e-06,0.0021467648822866077,-0.3133390835443595,-0.18988917024790328,928,56.33762150001712,103.41249739995692,869.0,1
opening_000_offset_20,opening_000,late,28,2rqkb1r/1b3pp1/n1pp1n2/pp2p2p/P7/2PPPB2/1P2NPPP/RNBQ2KR w k - 2 15,white,transmitter_sign_shuffle,64,29,a4b5,f3h5,-689.0,96.0,785.0,0,0,27,15,4.023313522338867e-06,0.0021474257361306535,-0.3044709962742361,-0.184956984007698,1856,103.18286459997762,103.41249739995692,869.0,1
opening_000_offset_24,opening_000,late,32,2rqkb1r/1b2npp1/n1pp4/pp2p2p/P2N4/N1PPPB2/1P3PPP/R1BQ2KR w k - 6 17,white,transmitter_sign_shuffle,1,36,a4b5,h2h4,-85.0,229.0,314.0,0,0,8,30,0.0,0.0,,,36,1.201035700039938,123.32961889996659,404.0,1
opening_000_offset_24,opening_000,late,32,2rqkb1r/1b2npp1/n1pp4/pp2p2p/P2N4/N1PPPB2/1P3PPP/R1BQ2KR w k - 6 17,white,transmitter_sign_shuffle,2,36,a4b5,f3h5,-218.0,229.0,447.0,0,0,13,14,0.0,0.001584721122709886,-0.17865543931748715,-0.12402812768401354,72,2.457061600056477,123.32961889996659,494.0,1
opening_000_offset_24,opening_000,late,32,2rqkb1r/1b2npp1/n1pp4/pp2p2p/P2N4/N1PPPB2/1P3PPP/R1BQ2KR w k - 6 17,white,transmitter_sign_shuffle,4,36,a4b5,f3h5,-218.0,229.0,447.0,0,0,13,16,1.11432746052742e-05,0.002084448887812862,-0.04864864864864865,-0.050793650793650794,144,6.485129300039262,123.32961889996659,381.0,1
opening_000_offset_24,opening_000,late,32,2rqkb1r/1b2npp1/n1pp4/pp2p2p/P2N4/N1PPPB2/1P3PPP/R1BQ2KR w k - 6 17,white,transmitter_sign_shuffle,8,36,a4b5,f3h5,-218.0,229.0,447.0,0,0,13,19,4.799105226993561e-06,0.0020852144122891895,-0.049163449163449176,-0.04444444444444445,288,13.558868700056337,123.32961889996659,430.0,1
opening_000_offset_24,opening_000,late,32,2rqkb1r/1b2npp1/n1pp4/pp2p2p/P2N4/N1PPPB2/1P3PPP/R1BQ2KR w k - 6 17,white,transmitter_sign_shuffle,16,36,a4b5,f3h5,-218.0,229.0,447.0,0,0,13,19,4.032626748085022e-06,0.002085466117819393,-0.049678249678249686,-0.04761904761904763,576,28.586268500075676,123.32961889996659,466.0,1
opening_000_offset_24,opening_000,late,32,2rqkb1r/1b2npp1/n1pp4/pp2p2p/P2N4/N1PPPB2/1P3PPP/R1BQ2KR w k - 6 17,white,transmitter_sign_shuffle,32,36,a4b5,f3h5,-218.0,229.0,447.0,0,0,13,19,4.02890145778656e-06,0.0020856832589930025,-0.049163449163449176,-0.04444444444444445,1152,61.45538540009875,123.32961889996659,471.0,1
opening_000_offset_24,opening_000,late,32,2rqkb1r/1b2npp1/n1pp4/pp2p2p/P2N4/N1PPPB2/1P3PPP/R1BQ2KR w k - 6 17,white,transmitter_sign_shuffle,64,36,a4b5,f3h5,-218.0,229.0,447.0,0,0,13,19,4.014000296592712e-06,0.002086334428363424,-0.03268983268983269,-0.031746031746031744,2304,122.96835820004344,123.32961889996659,393.0,1
opening_001_offset_00,opening_001,early,8,rnbqkbnr/1p2pppp/8/p1pp4/6P1/N6P/PPPPPP2/R1BQKBNR w KQkq - 0 5,white,transmitter_sign_shuffle,1,19,f1g2,h3h4,-280.0,-30.0,250.0,0,0,17,7,0.0,0.0,,,19,1.5420715999789536,87.21973180002533,242.0,1
opening_001_offset_00,opening_001,early,8,rnbqkbnr/1p2pppp/8/p1pp4/6P1/N6P/PPPPPP2/R1BQKBNR w KQkq - 0 5,white,transmitter_sign_shuffle,2,19,f1g2,g4g5,-119.0,-30.0,89.0,0,0,14,18,0.0010861214250326157,0.0004504897451276918,-0.05851312001053026,-0.02976401396461191,38,3.2684792999643832,87.21973180002533,113.0,1
opening_001_offset_00,opening_001,early,8,rnbqkbnr/1p2pppp/8/p1pp4/6P1/N6P/PPPPPP2/R1BQKBNR w KQkq - 0 5,white,transmitter_sign_shuffle,4,19,f1g2,g4g5,-119.0,-30.0,89.0,0,0,14,16,0.0014585522003471851,0.0007534643358933934,-0.06055287989687042,-0.03519076715388934,76,6.270084599964321,87.21973180002533,113.0,1
opening_001_offset_00,opening_001,early,8,rnbqkbnr/1p2pppp/8/p1pp4/6P1/N6P/PPPPPP2/R1BQKBNR w KQkq - 0 5,white,transmitter_sign_shuffle,8,19,f1g2,g4g5,-119.0,-30.0,89.0,0,0,14,16,0.001487427856773138,0.0007988491476778889,-0.07196139350062863,-0.03519076715388934,152,12.222544000018388,87.21973180002533,113.0,1
opening_001_offset_00,opening_001,early,8,rnbqkbnr/1p2pppp/8/p1pp4/6P1/N6P/PPPPPP2/R1BQKBNR w KQkq - 0 5,white,transmitter_sign_shuffle,16,19,f1g2,g4g5,-119.0,-30.0,89.0,0,0,14,16,0.0014743430074304342,0.0007994020086043635,-0.07196139350062863,-0.03519076715388934,304,22.50795460003428,87.21973180002533,113.0,1
opening_001_offset_00,opening_001,early,8,rnbqkbnr/1p2pppp/8/p1pp4/6P1/N6P/PPPPPP2/R1BQKBNR w KQkq - 0 5,white,transmitter_sign_shuffle,32,19,f1g2,g4g5,-119.0,-30.0,89.0,0,0,14,16,0.0014741388149559498,0.0007994183303226936,-0.07196139350062863,-0.03519076715388934,608,43.61831859999802,87.21973180002533,113.0,1
opening_001_offset_00,opening_001,early,8,rnbqkbnr/1p2pppp/8/p1pp4/6P1/N6P/PPPPPP2/R1BQKBNR w KQkq - 0 5,white,transmitter_sign_shuffle,64,19,f1g2,g4g5,-119.0,-30.0,89.0,0,0,14,16,0.001474171644076705,0.0007994286371416391,-0.07196139350062863,-0.03519076715388934,1216,87.05228229996283,87.21973180002533,113.0,1
opening_001_offset_04,opening_001,early,12,r1bqkbnr/1p2ppp1/n7/p1pp3p/6P1/N4B1P/PPPPPP2/R1BQK1NR w KQkq - 2 7,white,transmitter_sign_shuffle,1,20,e2e4,h3h4,-485.0,-85.0,400.0,0,0,15,8,0.0,0.0,,,20,1.0406825999962166,62.585841199965216,392.0,1
opening_001_offset_04,opening_001,early,12,r1bqkbnr/1p2ppp1/n7/p1pp3p/6P1/N4B1P/PPPPPP2/R1BQK1NR w KQkq - 2 7,white,transmitter_sign_shuffle,2,20,e2e4,f3e4,-849.0,-85.0,764.0,0,0,20,8,0.00027670618146657944,0.001475330642770211,-0.13675977552081767,-0.08087693101032827,40,2.176180199952796,62.585841199965216,810.0,1
opening_001_offset_04,opening_001,early,12,r1bqkbnr/1p2ppp1/n7/p1pp3p/6P1/N4B1P/PPPPPP2/R1BQK1NR w KQkq - 2 7,white,transmitter_sign_shuffle,4,20,e2e4,f3e4,-849.0,-85.0,764.0,0,0,20,9,0.00048111751675605774,0.0018490768362192517,-0.2489657942142471,-0.18469721283454688,80,4.477681499905884,62.585841199965216,779.0,1
opening_001_offset_04,opening_001,early,12,r1bqkbnr/1p2ppp1/n7/p1pp3p/6P1/N4B1P/PPPPPP2/R1BQK1NR w KQkq - 2 7,white,transmitter_sign_shuffle,8,20,e2e4,f3e4,-849.0,-85.0,764.0,0,0,20,10,0.0004919096827507019,0.001837691464672403,-0.26551336966051126,-0.19525133928223526,160,8.316381699987687,62.585841199965216,795.0,1
opening_001_offset_04,opening_001,early,12,r1bqkbnr/1p2ppp1/n7/p1pp3p/6P1/N4B1P/PPPPPP2/R1BQK1NR w KQkq - 2 7,white,transmitter_sign_shuffle,16,20,e2e4,f3e4,-849.0,-85.0,764.0,0,0,20,10,0.0004918500781059265,0.0018372418824538605,-0.26551336966051126,-0.19525133928223526,320,16.310030399938114,62.585841199965216,795.0,1
opening_001_offset_04,opening_001,early,12,r1bqkbnr/1p2ppp1/n7/p1pp3p/6P1/N4B1P/PPPPPP2/R1BQK1NR w KQkq - 2 7,white,transmitter_sign_shuffle,32,20,e2e4,f3e4,-849.0,-85.0,764.0,0,0,20,10,0.0004918426275253296,0.0018372592241286654,-0.26551336966051126,-0.19525133928223526,640,30.185384499956854,62.585841199965216,789.0,1
opening_001_offset_04,opening_001,early,12,r1bqkbnr/1p2ppp1/n7/p1pp3p/6P1/N4B1P/PPPPPP2/R1BQK1NR w KQkq - 2 7,white,transmitter_sign_shuffle,64,20,e2e4,f3e4,-849.0,-85.0,764.0,0,0,20,10,0.000491841696202755,0.0018371583656889535,-0.26551336966051126,-0.19525133928223526,1280,62.46435829997063,62.585841199965216,795.0,1
opening_001_offset_08,opening_001,early,16,1rbqkbnr/1p2ppp1/n7/p2p3p/1Pp3P1/N1P2B1P/P2PPP2/R1BQK1NR w KQk - 0 9,white,transmitter_sign_shuffle,1,23,d1a4,h3h4,-654.0,-23.0,631.0,0,0,20,15,0.0,0.0,,,23,1.1858874999452382,73.37363300006837,571.0,1
opening_001_offset_08,opening_001,early,16,1rbqkbnr/1p2ppp1/n7/p2p3p/1Pp3P1/N1P2B1P/P2PPP2/R1BQK1NR w KQk - 0 9,white,transmitter_sign_shuffle,2,23,d1a4,f3e4,-779.0,-23.0,756.0,0,0,21,17,0.0002767043188214302,0.0014081208696616015,0.025272658783746942,0.020082912754126186,46,2.1047292000148445,73.37363300006837,700.0,1
opening_001_offset_08,opening_001,early,16,1rbqkbnr/1p2ppp1/n7/p2p3p/1Pp3P1/N1P2B1P/P2PPP2/R1BQK1NR w KQk - 0 9,white,transmitter_sign_shuffle,4,23,d1a4,f3e4,-779.0,-23.0,756.0,0,0,21,19,0.0004834681749343872,0.0017660960518437999,-0.11264822134387352,-0.08300395256916997,92,4.478467599954456,73.37363300006837,659.0,1
opening_001_offset_08,opening_001,early,16,1rbqkbnr/1p2ppp1/n7/p2p3p/1Pp3P1/N1P2B1P/P2PPP2/R1BQK1NR w KQk - 0 9,white,transmitter_sign_shuffle,8,23,d1a4,f3e4,-779.0,-23.0,756.0,0,0,21,17,0.0004946570843458176,0.0017701259279926766,-0.20553359683794467,-0.16205533596837945,184,10.148170899949037,73.37363300006837,658.0,1
opening_001_offset_08,opening_001,early,16,1rbqkbnr/1p2ppp1/n7/p2p3p/1Pp3P1/N1P2B1P/P2PPP2/R1BQK1NR w KQk - 0 9,white,transmitter_sign_shuffle,16,23,d1a4,f3e4,-779.0,-23.0,756.0,0,0,21,17,0.0004945984110236168,0.0017692033652097995,-0.19762845849802374,-0.15415019762845852,368,18.738246600027196,73.37363300006837,658.0,1
opening_001_offset_08,opening_001,early,16,1rbqkbnr/1p2ppp1/n7/p2p3p/1Pp3P1/N1P2B1P/P2PPP2/R1BQK1NR w KQk - 0 9,white,transmitter_sign_shuffle,32,23,d1a4,f3e4,-779.0,-23.0,756.0,0,0,21,17,0.000494600273668766,0.0017694288064850653,-0.18873517786561267,-0.14624505928853754,736,37.422804399975576,73.37363300006837,658.0,1
opening_001_offset_08,opening_001,early,16,1rbqkbnr/1p2ppp1/n7/p2p3p/1Pp3P1/N1P2B1P/P2PPP2/R1BQK1NR w KQk - 0 9,white,transmitter_sign_shuffle,64,23,d1a4,f3e4,-779.0,-23.0,756.0,0,0,21,18,0.0004945565015077591,0.001770003655565432,-0.2015810276679842,-0.15415019762845852,1472,73.20799120003358,73.37363300006837,664.0,1
opening_001_offset_12,opening_001,middle,20,1rbqkbn1/Np2pppr/n7/p2p4/1Pp3Pp/2P2B1P/P2PPP2/R1BQK1NR w KQ - 2 11,white,transmitter_sign_shuffle,1,23,d1a4,h1h2,-121.0,125.0,246.0,0,0,18,13,0.0,0.0,,,23,0.9679603999247774,72.24505719996523,373.0,1
opening_001_offset_12,opening_001,middle,20,1rbqkbn1/Np2pppr/n7/p2p4/1Pp3Pp/2P2B1P/P2PPP2/R1BQK1NR w KQ - 2 11,white,transmitter_sign_shuffle,2,23,d1a4,f3e4,-764.0,125.0,889.0,0,0,22,16,0.0002767052501440048,0.001428271650632381,0.12367063625043545,0.08366799477223717,46,1.9458725999575108,72.24505719996523,990.0,1
opening_001_offset_12,opening_001,middle,20,1rbqkbn1/Np2pppr/n7/p2p4/1Pp3Pp/2P2B1P/P2PPP2/R1BQK1NR w KQ - 2 11,white,transmitter_sign_shuffle,4,23,d1a4,f3e4,-764.0,125.0,889.0,0,0,22,17,0.00048347143456339836,0.0017694390909665952,-0.025691699604743084,0.011857707509881422,92,3.9833107999293134,72.24505719996523,987.0,1
opening_001_offset_12,opening_001,middle,20,1rbqkbn1/Np2pppr/n7/p2p4/1Pp3Pp/2P2B1P/P2PPP2/R1BQK1NR w KQ - 2 11,white,transmitter_sign_shuffle,8,23,d1a4,f3e4,-764.0,125.0,889.0,0,0,22,14,0.0004946691915392876,0.0017688454309784181,-0.05731225296442688,-0.02766798418972332,184,8.795568099943921,72.24505719996523,976.0,1
opening_001_offset_12,opening_001,middle,20,1rbqkbn1/Np2pppr/n7/p2p4/1Pp3Pp/2P2B1P/P2PPP2/R1BQK1NR w KQ - 2 11,white,transmitter_sign_shuffle,16,23,d1a4,f3e4,-764.0,125.0,889.0,0,0,22,14,0.0004946128465235233,0.0017679829346306435,-0.06324110671936758,-0.04347826086956522,368,17.792157999938354,72.24505719996523,976.0,1
opening_001_offset_12,opening_001,middle,20,1rbqkbn1/Np2pppr/n7/p2p4/1Pp3Pp/2P2B1P/P2PPP2/R1BQK1NR w KQ - 2 11,white,transmitter_sign_shuffle,32,23,d1a4,f3e4,-764.0,125.0,889.0,0,0,22,14,0.0004946128465235233,0.0017681679963156807,-0.05434782608695652,-0.03557312252964427,736,35.394355199998245,72.24505719996523,976.0,1
opening_001_offset_12,opening_001,middle,20,1rbqkbn1/Np2pppr/n7/p2p4/1Pp3Pp/2P2B1P/P2PPP2/R1BQK1NR w KQ - 2 11,white,transmitter_sign_shuffle,64,23,d1a4,f3e4,-764.0,125.0,889.0,0,0,22,15,0.0004945658147335052,0.0017685880966029526,-0.06719367588932806,-0.04347826086956522,1472,72.12982439994812,72.24505719996523,976.0,1
opening_001_offset_16,opening_001,middle,24,1rbqkbn1/Np3pp1/n7/p2pp2r/1Pp3Pp/1QP2B1P/P2PPP2/1RB1K1NR w K - 0 13,white,transmitter_sign_shuffle,1,29,b3a4,h1h2,-978.0,-42.0,936.0,0,0,27,21,0.0,0.0,,,29,1.404390300041996,81.73969869990833,888.0,1
opening_001_offset_16,opening_001,middle,24,1rbqkbn1/Np3pp1/n7/p2pp2r/1Pp3Pp/1QP2B1P/P2PPP2/1RB1K1NR w K - 0 13,white,transmitter_sign_shuffle,2,29,b3a4,f3e4,-946.0,-42.0,904.0,0,0,25,19,0.0002767061232589185,0.001333202810184134,-0.0035824727678453855,-0.007529232524210427,58,2.510997600038536,81.73969869990833,979.0,1
opening_001_offset_16,opening_001,middle,24,1rbqkbn1/Np3pp1/n7/p2pp2r/1Pp3Pp/1QP2B1P/P2PPP2/1RB1K1NR w K - 0 13,white,transmitter_sign_shuffle,4,29,b3a4,f3e4,-946.0,-42.0,904.0,0,0,25,21,0.0004834622232010588,0.0017092756535657717,-0.2758960484038386,-0.1602960528066716,116,4.69459770002868,81.73969869990833,841.0,1
opening_001_offset_16,opening_001,middle,24,1rbqkbn1/Np3pp1/n7/p2pp2r/1Pp3Pp/1QP2B1P/P2PPP2/1RB1K1NR w K - 0 13,white,transmitter_sign_shuffle,8,29,b3a4,f3e4,-946.0,-42.0,904.0,0,0,25,20,0.0004946465487591922,0.00171248161957186,-0.2907119980290712,-0.16296296296296295,232,10.092192300013267,81.73969869990833,888.0,1
opening_001_offset_16,opening_001,middle,24,1rbqkbn1/Np3pp1/n7/p2pp2r/1Pp3Pp/1QP2B1P/P2PPP2/1RB1K1NR w K - 0 13,white,transmitter_sign_shuffle,16,29,b3a4,f3e4,-946.0,-42.0,904.0,0,0,25,20,0.0004945907567162067,0.0017117258295175275,-0.2951102374891059,-0.1602960528066716,464,19.368612900027074,81.73969869990833,913.0,1
opening_001_offset_16,opening_001,middle,24,1rbqkbn1/Np3pp1/n7/p2pp2r/1Pp3Pp/1QP2B1P/P2PPP2/1RB1K1NR w K - 0 13,white,transmitter_sign_shuffle,32,29,b3a4,f3e4,-946.0,-42.0,904.0,0,0,25,20,0.0004945870605297387,0.001711869536789451,-0.2951102374891059,-0.1602960528066716,928,40.1527118999511,81.73969869990833,910.0,1
opening_001_offset_16,opening_001,middle,24,1rbqkbn1/Np3pp1/n7/p2pp2r/1Pp3Pp/1QP2B1P/P2PPP2/1RB1K1NR w K - 0 13,white,transmitter_sign_shuffle,64,29,b3a4,f3e4,-946.0,-42.0,904.0,0,0,25,20,0.000494543433887884,0.0017117920730535057,-0.2951102374891059,-0.1602960528066716,1856,81.50241249997634,81.73969869990833,910.0,1
opening_001_offset_20,opening_001,late,28,1r1qkbn1/Np3pp1/n3b3/p2pp1r1/1Pp3Pp/PQPP1B1P/4PP2/1RB1K1NR w K - 1 15,white,transmitter_sign_shuffle,1,30,b3a4,h1h2,-1059.0,217.0,1276.0,0,0,27,23,0.0,0.0,,,30,1.223908800049685,81.47021769999992,1132.0,1
opening_001_offset_20,opening_001,late,28,1r1qkbn1/Np3pp1/n3b3/p2pp1r1/1Pp3Pp/PQPP1B1P/4PP2/1RB1K1NR w K - 1 15,white,transmitter_sign_shuffle,2,30,b3a4,f3e4,-952.0,217.0,1169.0,0,0,17,17,0.00027670408599078655,0.0012450335513404895,0.2497870332109018,0.15962564407584945,60,2.605221400037408,81.47021769999992,1088.0,1
opening_001_offset_20,opening_001,late,28,1r1qkbn1/Np3pp1/n3b3/p2pp1r1/1Pp3Pp/PQPP1B1P/4PP2/1RB1K1NR w K - 1 15,white,transmitter_sign_shuffle,4,30,b3a4,f3e4,-952.0,217.0,1169.0,0,0,17,22,0.0004834632854908705,0.0015866548044503207,-0.11679644048943269,-0.07126436781609195,120,5.027997500030324,81.47021769999992,1111.0,1
opening_001_offset_20,opening_001,late,28,1r1qkbn1/Np3pp1/n3b3/p2pp1r1/1Pp3Pp/PQPP1B1P/4PP2/1RB1K1NR w K - 1 15,white,transmitter_sign_shuffle,8,30,b3a4,f3e4,-952.0,217.0,1169.0,0,0,17,21,0.0004946540575474501,0.0015783158406942486,-0.0914349276974416,-0.05287356321839081,240,10.89827540004626,81.47021769999992,1088.0,1
opening_001_offset_20,opening_001,late,28,1r1qkbn1/Np3pp1/n3b3/p2pp1r1/1Pp3Pp/PQPP1B1P/4PP2/1RB1K1NR w K - 1 15,white,transmitter_sign_shuffle,16,30,b3a4,f3e4,-952.0,217.0,1169.0,0,0,17,22,0.0004945960827171803,0.0015773355513016387,-0.11857619577308119,-0.06666666666666667,480,20.65919589996338,81.47021769999992,1088.0,1
opening_001_offset_20,opening_001,late,28,1r1qkbn1/Np3pp1/n3b3/p2pp1r1/1Pp3Pp/PQPP1B1P/4PP2/1RB1K1NR w K - 1 15,white,transmitter_sign_shuffle,32,30,b3a4,f3e4,-952.0,217.0,1169.0,0,0,17,22,0.0004945944529026747,0.0015774473152764248,-0.11857619577308119,-0.06666666666666667,960,40.461441299994476,81.47021769999992,1088.0,1
opening_001_offset_20,opening_001,late,28,1r1qkbn1/Np3pp1/n3b3/p2pp1r1/1Pp3Pp/PQPP1B1P/4PP2/1RB1K1NR w K - 1 15,white,transmitter_sign_shuffle,64,30,b3a4,f3e4,-952.0,217.0,1169.0,0,0,17,22,0.0004945509135723114,0.0015773467082764705,-0.11857619577308119,-0.06666666666666667,1920,81.29477559996303,81.47021769999992,1088.0,1
opening_001_offset_24,opening_001,late,32,1r1qkb2/Np3pp1/n3bn2/p2ppr2/1Pp3Pp/PQPP3P/1R2PPB1/2B1K1NR w K - 5 17,white,transmitter_sign_shuffle,1,37,b3a4,h1h2,-985.0,269.0,1254.0,0,0,34,28,0.0,0.0,,,37,1.565612900070846,88.6511103999801,1193.0,1
opening_001_offset_24,opening_001,late,32,1r1qkb2/Np3pp1/n3bn2/p2ppr2/1Pp3Pp/PQPP3P/1R2PPB1/2B1K1NR w K - 5 17,white,transmitter_sign_shuffle,2,37,b3a4,g4f5,-512.0,269.0,781.0,0,0,7,20,0.000371132860891521,0.0006816880853635376,-0.03080716686682622,-0.010779517679116075,74,2.7233327000867575,88.6511103999801,726.0,1
opening_001_offset_24,opening_001,late,32,1r1qkb2/Np3pp1/n3bn2/p2ppr2/1Pp3Pp/PQPP3P/1R2PPB1/2B1K1NR w K - 5 17,white,transmitter_sign_shuffle,4,37,b3a4,g4f5,-512.0,269.0,781.0,0,0,7,25,0.00026720628375187516,0.000981166091275273,-0.33770085078955525,-0.237952886637331,148,5.604583300068043,88.6511103999801,716.0,1
opening_001_offset_24,opening_001,late,32,1r1qkb2/Np3pp1/n3bn2/p2ppr2/1Pp3Pp/PQPP3P/1R2PPB1/2B1K1NR w K - 5 17,white,transmitter_sign_shuffle,8,37,b3a4,g4f5,-512.0,269.0,781.0,0,0,7,24,0.0002602711319923401,0.001053872271826455,-0.30485564865868914,-0.20180814436330605,296,10.69862220005598,88.6511103999801,716.0,1
opening_001_offset_24,opening_001,late,32,1r1qkb2/Np3pp1/n3bn2/p2ppr2/1Pp3Pp/PQPP3P/1R2PPB1/2B1K1NR w K - 5 17,white,transmitter_sign_shuffle,16,37,b3a4,g4f5,-512.0,269.0,781.0,0,0,7,25,0.000273966696113348,0.0010557624912325674,-0.3129187307702375,-0.21084432993181226,592,21.591115300077945,88.6511103999801,716.0,1
opening_001_offset_24,opening_001,late,32,1r1qkb2/Np3pp1/n3bn2/p2ppr2/1Pp3Pp/PQPP3P/1R2PPB1/2B1K1NR w K - 5 17,white,transmitter_sign_shuffle,32,37,b3a4,g4f5,-512.0,269.0,781.0,0,0,7,25,0.00027405074797570705,0.0010558000970656593,-0.3129187307702375,-0.21084432993181226,1184,44.57380380004179,88.6511103999801,716.0,1
opening_001_offset_24,opening_001,late,32,1r1qkb2/Np3pp1/n3bn2/p2ppr2/1Pp3Pp/PQPP3P/1R2PPB1/2B1K1NR w K - 5 17,white,transmitter_sign_shuffle,64,37,b3a4,g4f5,-512.0,269.0,781.0,0,0,7,25,0.0002741386415436864,0.0010558467215881827,-0.3129187307702375,-0.21084432993181226,2368,88.3460364000639,88.6511103999801,716.0,1
opening_002_offset_00,opening_002,early,8,rnb1kbnr/pppp1p1p/5qp1/4p3/7P/1P3PP1/P1PPP3/RNBQKBNR w KQkq - 0 5,white,transmitter_sign_shuffle,1,22,b1c3,h4h5,-6.0,109.0,115.0,0,0,6,19,0.0,0.0,,,22,0.8992056000279263,64.52801950008143,91.0,1
opening_002_offset_00,opening_002,early,8,rnb1kbnr/pppp1p1p/5qp1/4p3/7P/1P3PP1/P1PPP3/RNBQKBNR w KQkq - 0 5,white,transmitter_sign_shuffle,2,22,b1c3,f3f4,-275.0,109.0,384.0,0,0,22,16,0.003247324377298355,0.0008876799908950635,-0.017404576756581646,-0.026981625024797274,44,1.8727557000238448,64.52801950008143,244.0,1
opening_002_offset_00,opening_002,early,8,rnb1kbnr/pppp1p1p/5qp1/4p3/7P/1P3PP1/P1PPP3/RNBQKBNR w KQkq - 0 5,white,transmitter_sign_shuffle,4,22,b1c3,f3f4,-275.0,109.0,384.0,0,0,22,14,0.0033814969938248396,0.0012689770710937237,-0.06099972002636168,-0.026030430005647975,88,4.534189800033346,64.52801950008143,244.0,1
opening_002_offset_00,opening_002,early,8,rnb1kbnr/pppp1p1p/5qp1/4p3/7P/1P3PP1/P1PPP3/RNBQKBNR w KQkq - 0 5,white,transmitter_sign_shuffle,8,22,b1c3,f3f4,-275.0,109.0,384.0,0,0,22,14,0.00342637300491333,0.0012685640198743665,-0.0711663400307553,-0.03470724000753063,176,9.270316500100307,64.52801950008143,244.0,1
opening_002_offset_00,opening_002,early,8,rnb1kbnr/pppp1p1p/5qp1/4p3/7P/1P3PP1/P1PPP3/RNBQKBNR w KQkq - 0 5,white,transmitter_sign_shuffle,16,22,b1c3,f3f4,-275.0,109.0,384.0,0,0,22,14,0.0034293928183615208,0.0012686805589425172,-0.0711663400307553,-0.03470724000753063,352,17.90474610007368,64.52801950008143,244.0,1
opening_002_offset_00,opening_002,early,8,rnb1kbnr/pppp1p1p/5qp1/4p3/7P/1P3PP1/P1PPP3/RNBQKBNR w KQkq - 0 5,white,transmitter_sign_shuffle,32,22,b1c3,f3f4,-275.0,109.0,384.0,0,0,22,14,0.00342946476303041,0.0012687215915638131,-0.0711663400307553,-0.03470724000753063,704,33.70964080002159,64.52801950008143,244.0,1
opening_002_offset_00,opening_002,early,8,rnb1kbnr/pppp1p1p/5qp1/4p3/7P/1P3PP1/P1PPP3/RNBQKBNR w KQkq - 0 5,white,transmitter_sign_shuffle,64,22,b1c3,f3f4,-275.0,109.0,384.0,0,0,22,14,0.0034288077149540186,0.0012686196233513431,-0.0711663400307553,-0.03470724000753063,1408,64.40422000002582,64.52801950008143,244.0,1
opening_002_offset_04,opening_002,early,12,rnb1kbnr/1ppp1p1p/4q1p1/p3p3/7P/1P2PPP1/PBPP4/RN1QKBNR w KQkq - 2 7,white,transmitter_sign_shuffle,1,33,b1c3,h4h5,67.0,148.0,81.0,0,0,6,30,0.0,0.0,,,33,1.2313509000232443,86.28264460002538,0.0,1
opening_002_offset_04,opening_002,early,12,rnb1kbnr/1ppp1p1p/4q1p1/p3p3/7P/1P2PPP1/PBPP4/RN1QKBNR w KQkq - 2 7,white,transmitter_sign_shuffle,2,33,b1c3,f3f4,58.0,148.0,90.0,0,0,8,26,0.003247312270104885,0.0007543930338953785,-0.020157629935623436,-0.02573435147683334,66,2.5244236000580713,86.28264460002538,0.0,1
opening_002_offset_04,opening_002,early,12,rnb1kbnr/1ppp1p1p/4q1p1/p3p3/7P/1P2PPP1/PBPP4/RN1QKBNR w KQkq - 2 7,white,transmitter_sign_shuffle,4,33,b1c3,f3f4,58.0,148.0,90.0,0,0,8,23,0.003916343208402395,0.0010752982427586297,-0.18221331677040048,-0.1254761922005936,132,4.986303800018504,86.28264460002538,1.0,1
opening_002_offset_04,opening_002,early,12,rnb1kbnr/1ppp1p1p/4q1p1/p3p3/7P/1P2PPP1/PBPP4/RN1QKBNR w KQkq - 2 7,white,transmitter_sign_shuffle,8,33,b1c3,f3f4,58.0,148.0,90.0,0,0,8,23,0.0036147553473711014,0.0011072321586288682,-0.19826146210063758,-0.1330808099097205,264,10.976891300058924,86.28264460002538,10.0,1
opening_002_offset_04,opening_002,early,12,rnb1kbnr/1ppp1p1p/4q1p1/p3p3/7P/1P2PPP1/PBPP4/RN1QKBNR w KQkq - 2 7,white,transmitter_sign_shuffle,16,33,b1c3,f3f4,58.0,148.0,90.0,0,0,8,23,0.003595280461013317,0.0011097702829392993,-0.2032765075163367,-0.14068542761884736,528,21.50076760002412,86.28264460002538,0.0,1
opening_002_offset_04,opening_002,early,12,rnb1kbnr/1ppp1p1p/4q1p1/p3p3/7P/1P2PPP1/PBPP4/RN1QKBNR w KQkq - 2 7,white,transmitter_sign_shuffle,32,33,b1c3,f3f4,58.0,148.0,90.0,0,0,8,23,0.003595266956835985,0.0011098940632367155,-0.2032765075163367,-0.14068542761884736,1056,42.04575300007127,86.28264460002538,0.0,1
opening_002_offset_04,opening_002,early,12,rnb1kbnr/1ppp1p1p/4q1p1/p3p3/7P/1P2PPP1/PBPP4/RN1QKBNR w KQkq - 2 7,white,transmitter_sign_shuffle,64,33,b1c3,f3f4,58.0,148.0,90.0,0,0,8,23,0.003592865075916052,0.001110307252650707,-0.2032765075163367,-0.14068542761884736,2112,86.06041710008867,86.28264460002538,0.0,1
opening_002_offset_08,opening_002,early,16,1nb1kbnr/rppp1p1p/6p1/p2qp3/7P/1P2PPP1/PBPP4/RN1QKBNR w Qk - 6 9,white,transmitter_sign_shuffle,1,33,b1c3,h4h5,198.0,326.0,128.0,0,0,6,30,0.0,0.0,,,33,1.032821899978444,91.95227929996327,0.0,1
opening_002_offset_08,opening_002,early,16,1nb1kbnr/rppp1p1p/6p1/p2qp3/7P/1P2PPP1/PBPP4/RN1QKBNR w Qk - 6 9,white,transmitter_sign_shuffle,2,33,b1c3,f3f4,-426.0,326.0,752.0,0,0,31,26,0.003247309708967805,0.0007543930230355647,-0.1264279802238474,-0.09699870941267952,66,2.1483953000279143,91.95227929996327,778.0,1
opening_002_offset_08,opening_002,early,16,1nb1kbnr/rppp1p1p/6p1/p2qp3/7P/1P2PPP1/PBPP4/RN1QKBNR w Qk - 6 9,white,transmitter_sign_shuffle,4,33,b1c3,f3f4,-426.0,326.0,752.0,0,0,31,23,0.0039164351765066385,0.0010753158367311725,-0.3329990156024199,-0.23574314898293344,132,5.40953870001249,91.95227929996327,897.0,1
opening_002_offset_08,opening_002,early,16,1nb1kbnr/rppp1p1p/6p1/p2qp3/7P/1P2PPP1/PBPP4/RN1QKBNR w Qk - 6 9,white,transmitter_sign_shuffle,8,33,b1c3,f3f4,-426.0,326.0,752.0,0,0,31,23,0.0036148179788142443,0.0011072627324789641,-0.34871282457161046,-0.2509523844011872,264,10.492050200002268,91.95227929996327,936.0,1
opening_002_offset_08,opening_002,early,16,1nb1kbnr/rppp1p1p/6p1/p2qp3/7P/1P2PPP1/PBPP4/RN1QKBNR w Qk - 6 9,white,transmitter_sign_shuffle,16,33,b1c3,f3f4,-426.0,326.0,752.0,0,0,31,23,0.0035953393671661615,0.0011098019965436851,-0.35088601091841337,-0.2509523844011872,528,22.750220200046897,91.95227929996327,936.0,1
opening_002_offset_08,opening_002,early,16,1nb1kbnr/rppp1p1p/6p1/p2qp3/7P/1P2PPP1/PBPP4/RN1QKBNR w Qk - 6 9,white,transmitter_sign_shuffle,32,33,b1c3,f3f4,-426.0,326.0,752.0,0,0,31,23,0.0035953200422227383,0.0011099261773140179,-0.35088601091841337,-0.2509523844011872,1056,43.82712949998677,91.95227929996327,936.0,1
opening_002_offset_08,opening_002,early,16,1nb1kbnr/rppp1p1p/6p1/p2qp3/7P/1P2PPP1/PBPP4/RN1QKBNR w Qk - 6 9,white,transmitter_sign_shuffle,64,33,b1c3,f3f4,-426.0,326.0,752.0,0,0,31,23,0.0035929004661738873,0.0011103391305609654,-0.35088601091841337,-0.2509523844011872,2112,91.7496528000338,91.95227929996327,936.0,1
opening_002_offset_12,opening_002,middle,20,2b1kbnr/rppp1p1p/2n3p1/p2q4/4p2P/NP2PPPB/PBPP4/R2QK1NR w Qk - 2 11,white,transmitter_sign_shuffle,1,35,c2c4,h4h5,343.0,572.0,229.0,0,0,6,21,0.0,0.0,,,35,1.2049997000722215,101.66103120008484,326.0,1
opening_002_offset_12,opening_002,middle,20,2b1kbnr/rppp1p1p/2n3p1/p2q4/4p2P/NP2PPPB/PBPP4/R2QK1NR w Qk - 2 11,white,transmitter_sign_shuffle,2,35,c2c4,f3e4,335.0,572.0,237.0,0,0,7,24,0.0006298371590673923,0.0010370605135616299,-0.10962291749516385,-0.09139374017677662,70,2.70460160006769,101.66103120008484,231.0,1
opening_002_offset_12,opening_002,middle,20,2b1kbnr/rppp1p1p/2n3p1/p2q4/4p2P/NP2PPPB/PBPP4/R2QK1NR w Qk - 2 11,white,transmitter_sign_shuffle,4,35,c2c4,f3e4,335.0,572.0,237.0,0,0,7,33,0.0007162038236856461,0.0014003047055093929,-0.22091476287950032,-0.17186238546197227,140,5.924118400085717,101.66103120008484,231.0,1
opening_002_offset_12,opening_002,middle,20,2b1kbnr/rppp1p1p/2n3p1/p2q4/4p2P/NP2PPPB/PBPP4/R2QK1NR w Qk - 2 11,white,transmitter_sign_shuffle,8,35,c2c4,f3e4,335.0,572.0,237.0,0,0,7,33,0.0007427739910781384,0.0014226549014095314,-0.25089305029624925,-0.19882119102463458,280,13.506562900030985,101.66103120008484,231.0,1
opening_002_offset_12,opening_002,middle,20,2b1kbnr/rppp1p1p/2n3p1/p2q4/4p2P/NP2PPPB/PBPP4/R2QK1NR w Qk - 2 11,white,transmitter_sign_shuffle,16,35,c2c4,f3e4,335.0,572.0,237.0,0,0,7,33,0.0007438189350068569,0.0014244517952810068,-0.25089305029624925,-0.19882119102463458,560,26.78078330005519,101.66103120008484,231.0,1
opening_002_offset_12,opening_002,middle,20,2b1kbnr/rppp1p1p/2n3p1/p2q4/4p2P/NP2PPPB/PBPP4/R2QK1NR w Qk - 2 11,white,transmitter_sign_shuffle,32,35,c2c4,f3e4,335.0,572.0,237.0,0,0,7,33,0.0007438282482326031,0.0014245673619870337,-0.25089305029624925,-0.19882119102463458,1120,52.08612130000256,101.66103120008484,231.0,1
opening_002_offset_12,opening_002,middle,20,2b1kbnr/rppp1p1p/2n3p1/p2q4/4p2P/NP2PPPB/PBPP4/R2QK1NR w Qk - 2 11,white,transmitter_sign_shuffle,64,35,c2c4,f3e4,335.0,572.0,237.0,0,0,7,33,0.0007438361644744873,0.0014250795154233283,-0.25089305029624925,-0.19882119102463458,2240,101.45796170004178,101.66103120008484,231.0,1
opening_002_offset_16,opening_002,middle,24,2b1kbnr/rppp1pBp/6p1/p1q5/3np2P/NP2PPPB/P1PP4/R2QK1NR w Qk - 6 13,white,transmitter_sign_shuffle,1,33,g7d4,h4h5,-742.0,978.0,1720.0,0,0,20,14,0.0,0.0,,,33,1.2337790000019595,96.82114650006406,1627.0,1
opening_002_offset_16,opening_002,middle,24,2b1kbnr/rppp1pBp/6p1/p1q5/3np2P/NP2PPPB/P1PP4/R2QK1NR w Qk - 6 13,white,transmitter_sign_shuffle,2,33,g7d4,f3e4,-650.0,978.0,1628.0,0,0,14,8,0.000629849215329159,0.0010644919414358924,0.027389652325319612,0.009982008669927706,66,2.617305399966426,96.82114650006406,1586.0,1
opening_002_offset_16,opening_002,middle,24,2b1kbnr/rppp1pBp/6p1/p1q5/3np2P/NP2PPPB/P1PP4/R2QK1NR w Qk - 6 13,white,transmitter_sign_shuffle,4,33,g7d4,f3e4,-650.0,978.0,1628.0,0,0,14,13,0.0007162891561165452,0.0014314345880598388,-0.24486044132759743,-0.17457336931599954,132,5.553865000023507,96.82114650006406,1636.0,1
opening_002_offset_16,opening_002,middle,24,2b1kbnr/rppp1pBp/6p1/p1q5/3np2P/NP2PPPB/P1PP4/R2QK1NR w Qk - 6 13,white,transmitter_sign_shuffle,8,33,g7d4,f3e4,-650.0,978.0,1628.0,0,0,14,13,0.0007428603712469339,0.0014343359967519285,-0.22346649150511796,-0.15559800308599958,264,10.521315400023013,96.82114650006406,1526.0,1
opening_002_offset_16,opening_002,middle,24,2b1kbnr/rppp1pBp/6p1/p1q5/3np2P/NP2PPPB/P1PP4/R2QK1NR w Qk - 6 13,white,transmitter_sign_shuffle,16,33,g7d4,f3e4,-650.0,978.0,1628.0,0,0,14,13,0.000743878073990345,0.0014346712786883567,-0.22346649150511796,-0.15559800308599958,528,21.941543699940667,96.82114650006406,1526.0,1
opening_002_offset_16,opening_002,middle,24,2b1kbnr/rppp1pBp/6p1/p1q5/3np2P/NP2PPPB/P1PP4/R2QK1NR w Qk - 6 13,white,transmitter_sign_shuffle,32,33,g7d4,f3e4,-650.0,978.0,1628.0,0,0,14,13,0.0007438941393047571,0.0014347827844619961,-0.22346649150511796,-0.15559800308599958,1056,44.58790389995556,96.82114650006406,1526.0,1
opening_002_offset_16,opening_002,middle,24,2b1kbnr/rppp1pBp/6p1/p1q5/3np2P/NP2PPPB/P1PP4/R2QK1NR w Qk - 6 13,white,transmitter_sign_shuffle,64,33,g7d4,f3e4,-650.0,978.0,1628.0,0,0,14,13,0.0007439026376232505,0.001435033592480583,-0.22346649150511796,-0.15559800308599958,2112,96.55333059991244,96.82114650006406,1526.0,1
opening_002_offset_20,opening_002,late,28,2b1kbnr/rppp3p/5pp1/p2qB2P/3np3/NP2PPPB/P1PP4/R2QK1NR w Qk - 0 15,white,transmitter_sign_shuffle,1,33,e5d4,h5h6,-597.0,725.0,1322.0,0,0,31,17,0.0,0.0,,,33,1.4423726999666542,101.91602800006513,1226.0,1
opening_002_offset_20,opening_002,late,28,2b1kbnr/rppp3p/5pp1/p2qB2P/3np3/NP2PPPB/P1PP4/R2QK1NR w Qk - 0 15,white,transmitter_sign_shuffle,2,33,e5d4,f3e4,-498.0,725.0,1223.0,0,0,25,31,0.0006298429798334837,0.0014220046538027593,-0.10675110240356774,-0.07578386946374165,66,2.921338799991645,101.91602800006513,1076.0,1
opening_002_offset_20,opening_002,late,28,2b1kbnr/rppp3p/5pp1/p2qB2P/3np3/NP2PPPB/P1PP4/R2QK1NR w Qk - 0 15,white,transmitter_sign_shuffle,4,33,e5d4,f3e4,-498.0,725.0,1223.0,0,0,25,30,0.0007162075489759445,0.0029235253569659305,-0.08189871416417936,-0.03036058596799992,132,6.944202100043185,101.91602800006513,1096.0,1
opening_002_offset_20,opening_002,late,28,2b1kbnr/rppp3p/5pp1/p2qB2P/3np3/NP2PPPB/P1PP4/R2QK1NR w Qk - 0 15,white,transmitter_sign_shuffle,8,33,e5d4,f3e4,-498.0,725.0,1223.0,0,0,25,30,0.0007427199743688107,0.003050880630351137,-0.08992144534760917,-0.034155659213999906,264,15.959986599977128,101.91602800006513,1100.0,1
opening_002_offset_20,opening_002,late,28,2b1kbnr/rppp3p/5pp1/p2qB2P/3np3/NP2PPPB/P1PP4/R2QK1NR w Qk - 0 15,white,transmitter_sign_shuffle,16,33,e5d4,f3e4,-498.0,725.0,1223.0,0,0,25,30,0.0007437458261847496,0.0030505016203270655,-0.08992144534760917,-0.034155659213999906,528,28.33542540005874,101.91602800006513,1102.0,1
opening_002_offset_20,opening_002,late,28,2b1kbnr/rppp3p/5pp1/p2qB2P/3np3/NP2PPPB/P1PP4/R2QK1NR w Qk - 0 15,white,transmitter_sign_shuffle,32,33,e5d4,f3e4,-498.0,725.0,1223.0,0,0,25,30,0.0007437674794346094,0.003050500526372298,-0.08992144534760917,-0.034155659213999906,1056,51.19151250005234,101.91602800006513,1102.0,1
opening_002_offset_20,opening_002,late,28,2b1kbnr/rppp3p/5pp1/p2qB2P/3np3/NP2PPPB/P1PP4/R2QK1NR w Qk - 0 15,white,transmitter_sign_shuffle,64,33,e5d4,f3e4,-498.0,725.0,1223.0,0,0,25,30,0.0007437791209667921,0.0030502236077363932,-0.08992144534760917,-0.034155659213999906,2112,101.62348579999525,101.91602800006513,1102.0,1
opening_002_offset_24,opening_002,late,32,2b1k1nr/r1pp3p/3B1ppb/pp1q3P/3npP2/NP2P1PB/P1PP4/R2QK1NR w Qk - 0 17,white,transmitter_sign_shuffle,1,35,e3d4,h5g6,-3.0,68.0,71.0,0,0,2,13,0.0,0.0,,,35,1.552281100070104,118.1605705000693,230.0,1
opening_002_offset_24,opening_002,late,32,2b1k1nr/r1pp3p/3B1ppb/pp1q3P/3npP2/NP2P1PB/P1PP4/R2QK1NR w Qk - 0 17,white,transmitter_sign_shuffle,2,35,e3d4,g1e2,-320.0,68.0,388.0,0,0,14,7,1.491699367761612e-05,0.0008251265496125478,-0.16352594668606008,-0.15998621924658255,70,3.480409200070426,118.1605705000693,316.0,1
opening_002_offset_24,opening_002,late,32,2b1k1nr/r1pp3p/3B1ppb/pp1q3P/3npP2/NP2P1PB/P1PP4/R2QK1NR w Qk - 0 17,white,transmitter_sign_shuffle,4,35,e3d4,g1e2,-320.0,68.0,388.0,0,0,14,10,1.594051718711853e-05,0.0012842822318723916,-0.17142857142857143,-0.11596638655462185,140,6.6796443000203,118.1605705000693,316.0,1
opening_002_offset_24,opening_002,late,32,2b1k1nr/r1pp3p/3B1ppb/pp1q3P/3npP2/NP2P1PB/P1PP4/R2QK1NR w Qk - 0 17,white,transmitter_sign_shuffle,8,35,e3d4,g1e2,-320.0,68.0,388.0,0,0,14,11,1.3042241334915161e-05,0.0013392090516822748,-0.18655462184873953,-0.12605042016806722,280,14.561858700006269,118.1605705000693,316.0,1
opening_002_offset_24,opening_002,late,32,2b1k1nr/r1pp3p/3B1ppb/pp1q3P/3npP2/NP2P1PB/P1PP4/R2QK1NR w Qk - 0 17,white,transmitter_sign_shuffle,16,35,e3d4,g1e2,-320.0,68.0,388.0,0,0,14,11,1.361500471830368e-05,0.0013408681287772164,-0.18655462184873953,-0.12605042016806722,560,28.38878050004132,118.1605705000693,315.0,1
opening_002_offset_24,opening_002,late,32,2b1k1nr/r1pp3p/3B1ppb/pp1q3P/3npP2/NP2P1PB/P1PP4/R2QK1NR w Qk - 0 17,white,transmitter_sign_shuffle,32,35,e3d4,g1e2,-320.0,68.0,388.0,0,0,14,11,1.3519078493118286e-05,0.0013409167454108493,-0.18655462184873953,-0.12605042016806722,1120,58.59672170004342,118.1605705000693,315.0,1
opening_002_offset_24,opening_002,late,32,2b1k1nr/r1pp3p/3B1ppb/pp1q3P/3npP2/NP2P1PB/P1PP4/R2QK1NR w Qk - 0 17,white,transmitter_sign_shuffle,64,35,e3d4,g1e2,-320.0,68.0,388.0,0,0,14,11,1.3569369912147522e-05,0.0013411285473646157,-0.1739495798319328,-0.11596638655462185,2240,117.92787620006129,118.1605705000693,315.0,1
opening_003_offset_00,opening_003,early,8,rnbqk1nr/1ppp1ppp/1b2p3/p7/P7/2P2P1P/1P1PP1P1/RNBQKBNR w KQkq - 1 5,white,transmitter_sign_shuffle,1,17,e2e3,h3h4,-84.0,-50.0,34.0,0,0,3,7,0.0,0.0,,,17,1.0725928000174463,72.13550900004338,0.0,1
opening_003_offset_00,opening_003,early,8,rnbqk1nr/1ppp1ppp/1b2p3/p7/P7/2P2P1P/1P1PP1P1/RNBQKBNR w KQkq - 1 5,white,transmitter_sign_shuffle,2,17,e2e3,f3f4,-158.0,-50.0,108.0,0,0,10,13,0.0037685746792703867,0.0010528356623572994,-0.22958909406050002,-0.18588516617043815,34,2.1949760999996215,72.13550900004338,99907.0,1
opening_003_offset_00,opening_003,early,8,rnbqk1nr/1ppp1ppp/1b2p3/p7/P7/2P2P1P/1P1PP1P1/RNBQKBNR w KQkq - 1 5,white,transmitter_sign_shuffle,4,17,e2e3,f3f4,-158.0,-50.0,108.0,0,0,10,13,0.004358590580523014,0.0014781200595982917,-0.16911764705882354,-0.1176470588235294,68,4.617425300064497,72.13550900004338,99907.0,1
opening_003_offset_00,opening_003,early,8,rnbqk1nr/1ppp1ppp/1b2p3/p7/P7/2P2P1P/1P1PP1P1/RNBQKBNR w KQkq - 1 5,white,transmitter_sign_shuffle,8,17,e2e3,f3f4,-158.0,-50.0,108.0,0,0,10,13,0.004097403958439827,0.0015037820342606617,-0.17892156862745098,-0.1176470588235294,136,9.624265299993567,72.13550900004338,99907.0,1
opening_003_offset_00,opening_003,early,8,rnbqk1nr/1ppp1ppp/1b2p3/p7/P7/2P2P1P/1P1PP1P1/RNBQKBNR w KQkq - 1 5,white,transmitter_sign_shuffle,16,17,e2e3,f3f4,-158.0,-50.0,108.0,0,0,10,13,0.004079277161508799,0.0015055844567897314,-0.17892156862745098,-0.1176470588235294,272,18.485478800022975,72.13550900004338,99907.0,1
opening_003_offset_00,opening_003,early,8,rnbqk1nr/1ppp1ppp/1b2p3/p7/P7/2P2P1P/1P1PP1P1/RNBQKBNR w KQkq - 1 5,white,transmitter_sign_shuffle,32,17,e2e3,f3f4,-158.0,-50.0,108.0,0,0,10,13,0.0040792920626699924,0.0015056579569686537,-0.17892156862745098,-0.1176470588235294,544,37.49911340000108,72.13550900004338,99907.0,1
opening_003_offset_00,opening_003,early,8,rnbqk1nr/1ppp1ppp/1b2p3/p7/P7/2P2P1P/1P1PP1P1/RNBQKBNR w KQkq - 1 5,white,transmitter_sign_shuffle,64,17,e2e3,f3f4,-158.0,-50.0,108.0,0,0,10,13,0.004078999627381563,0.0015059009656441754,-0.17892156862745098,-0.1176470588235294,1088,71.93221130000893,72.13550900004338,99907.0,1
opening_003_offset_04,opening_003,early,12,rnbq2nr/1pppk1pp/1b2pp2/pQ6/P7/2P2P1P/1P1PP1P1/RNB1KBNR w KQ - 2 7,white,transmitter_sign_shuffle,1,31,d2d4,h3h4,23.0,46.0,23.0,0,0,5,9,0.0,0.0,,,31,1.3225535999517888,102.15794309997,42.0,1
opening_003_offset_04,opening_003,early,12,rnbq2nr/1pppk1pp/1b2pp2/pQ6/P7/2P2P1P/1P1PP1P1/RNB1KBNR w KQ - 2 7,white,transmitter_sign_shuffle,2,31,d2d4,f3f4,-1.0,46.0,47.0,0,0,7,8,0.003651654114946723,0.0007968913775277268,-0.181325950302805,-0.13639469094896062,62,3.055832599988207,102.15794309997,58.0,1
opening_003_offset_04,opening_003,early,12,rnbq2nr/1pppk1pp/1b2pp2/pQ6/P7/2P2P1P/1P1PP1P1/RNB1KBNR w KQ - 2 7,white,transmitter_sign_shuffle,4,31,d2d4,f3f4,-1.0,46.0,47.0,0,0,7,10,0.004358306061476469,0.0011805216393034428,-0.03407945219522514,-0.023706951608434754,124,5.881226299912669,102.15794309997,54.0,1
opening_003_offset_04,opening_003,early,12,rnbq2nr/1pppk1pp/1b2pp2/pQ6/P7/2P2P1P/1P1PP1P1/RNB1KBNR w KQ - 2 7,white,transmitter_sign_shuffle,8,31,d2d4,f3f4,-1.0,46.0,47.0,0,0,7,10,0.004096819320693612,0.0012151902150569407,-0.09215567842140762,-0.06250014514950981,248,13.757414399995469,102.15794309997,52.0,1
opening_003_offset_04,opening_003,early,12,rnbq2nr/1pppk1pp/1b2pp2/pQ6/P7/2P2P1P/1P1PP1P1/RNB1KBNR w KQ - 2 7,white,transmitter_sign_shuffle,16,31,d2d4,f3f4,-1.0,46.0,47.0,0,0,7,10,0.00407870183698833,0.001216956341307816,-0.09921355313639509,-0.06681049998740703,496,26.258205199963413,102.15794309997,62.0,1
opening_003_offset_04,opening_003,early,12,rnbq2nr/1pppk1pp/1b2pp2/pQ6/P7/2P2P1P/1P1PP1P1/RNB1KBNR w KQ - 2 7,white,transmitter_sign_shuffle,32,31,d2d4,f3f4,-1.0,46.0,47.0,0,0,7,10,0.004078708589076996,0.0012169570846330688,-0.09921355313639509,-0.06681049998740703,992,52.21644909994211,102.15794309997,57.0,1
opening_003_offset_04,opening_003,early,12,rnbq2nr/1pppk1pp/1b2pp2/pQ6/P7/2P2P1P/1P1PP1P1/RNB1KBNR w KQ - 2 7,white,transmitter_sign_shuffle,64,31,d2d4,f3f4,-1.0,46.0,47.0,0,0,7,10,0.004078419879078865,0.001216913690654234,-0.1000201673895365,-0.06681049998740703,1984,101.9448909999337,102.15794309997,58.0,1
opening_003_offset_08,opening_003,early,16,r1bq2nr/1pppk1pp/nb2p3/pQ3p2/P2P4/2P2P1P/1P1NP1P1/R1B1KBNR w KQ - 2 9,white,transmitter_sign_shuffle,1,33,e2e4,h3h4,139.0,168.0,29.0,0,0,4,6,0.0,0.0,,,33,1.8950460000196472,100.77408300002571,116.0,1
opening_003_offset_08,opening_003,early,16,r1bq2nr/1pppk1pp/nb2p3/pQ3p2/P2P4/2P2P1P/1P1NP1P1/R1B1KBNR w KQ - 2 9,white,transmitter_sign_shuffle,2,33,e2e4,f3f4,66.0,168.0,102.0,0,0,13,10,0.0036439786199480295,0.0007842385477071579,-0.2802501040586596,-0.19983995101821492,66,3.8855268999468535,100.77408300002571,143.0,1
opening_003_offset_08,opening_003,early,16,r1bq2nr/1pppk1pp/nb2p3/pQ3p2/P2P4/2P2P1P/1P1NP1P1/R1B1KBNR w KQ - 2 9,white,transmitter_sign_shuffle,4,33,e2e4,f3f4,66.0,168.0,102.0,0,0,13,11,0.004358614794909954,0.0012153648067275917,-0.11701772636631225,-0.08547043234472847,132,7.837845999980345,100.77408300002571,143.0,1
opening_003_offset_08,opening_003,early,16,r1bq2nr/1pppk1pp/nb2p3/pQ3p2/P2P4/2P2P1P/1P1NP1P1/R1B1KBNR w KQ - 2 9,white,transmitter_sign_shuffle,8,33,e2e4,f3f4,66.0,168.0,102.0,0,0,13,11,0.0040976679883897305,0.001261276580455527,-0.17352057138318872,-0.11585991940063192,264,14.594335000030696,100.77408300002571,122.0,1
opening_003_offset_08,opening_003,early,16,r1bq2nr/1pppk1pp/nb2p3/pQ3p2/P2P4/2P2P1P/1P1NP1P1/R1B1KBNR w KQ - 2 9,white,transmitter_sign_shuffle,16,33,e2e4,f3f4,66.0,168.0,102.0,0,0,13,11,0.0040795630775392056,0.0012631696157540814,-0.17352057138318872,-0.11585991940063192,528,28.225611499976367,100.77408300002571,124.0,1
opening_003_offset_08,opening_003,early,16,r1bq2nr/1pppk1pp/nb2p3/pQ3p2/P2P4/2P2P1P/1P1NP1P1/R1B1KBNR w KQ - 2 9,white,transmitter_sign_shuffle,32,33,e2e4,f3f4,66.0,168.0,102.0,0,0,13,11,0.004079577513039112,0.0012631719780794093,-0.17352057138318872,-0.11585991940063192,1056,54.444458100013435,100.77408300002571,122.0,1
opening_003_offset_08,opening_003,early,16,r1bq2nr/1pppk1pp/nb2p3/pQ3p2/P2P4/2P2P1P/1P1NP1P1/R1B1KBNR w KQ - 2 9,white,transmitter_sign_shuffle,64,33,e2e4,f3f4,66.0,168.0,102.0,0,0,13,11,0.004079288570210338,0.0012631355509494593,-0.16616517144016338,-0.112061233518644,2112,100.55065350001678,100.77408300002571,122.0,1
opening_003_offset_12,opening_003,middle,20,rnbq2nr/1pppk1p1/1b2p3/pQ3p1p/P2P4/1NP2PPP/1P2P3/R1B1KBNR w KQ - 2 11,white,transmitter_sign_shuffle,1,35,e2e4,h3h4,95.0,199.0,104.0,0,0,7,6,0.0,0.0,,,35,2.0865846999222413,99.98755009996239,68.0,1
opening_003_offset_12,opening_003,middle,20,rnbq2nr/1pppk1p1/1b2p3/pQ3p1p/P2P4/1NP2PPP/1P2P3/R1B1KBNR w KQ - 2 11,white,transmitter_sign_shuffle,2,35,e2e4,f3f4,26.0,199.0,173.0,0,0,18,7,0.0036290816497057676,0.0007104332963293223,-0.18808641864954107,-0.10320527483254897,70,3.87577629997395,99.98755009996239,200.0,1
opening_003_offset_12,opening_003,middle,20,rnbq2nr/1pppk1p1/1b2p3/pQ3p1p/P2P4/1NP2PPP/1P2P3/R1B1KBNR w KQ - 2 11,white,transmitter_sign_shuffle,4,35,e2e4,f3f4,26.0,199.0,173.0,0,0,18,7,0.004849614109843969,0.0010869130426196943,-0.09146298782846908,-0.047098418676113245,140,7.261538399965502,99.98755009996239,190.0,1
opening_003_offset_12,opening_003,middle,20,rnbq2nr/1pppk1p1/1b2p3/pQ3p1p/P2P4/1NP2PPP/1P2P3/R1B1KBNR w KQ - 2 11,white,transmitter_sign_shuffle,8,35,e2e4,f3f4,26.0,199.0,173.0,0,0,18,7,0.004786150064319372,0.001117290229205941,-0.11023180922052858,-0.05719093696385181,280,14.639043499948457,99.98755009996239,182.0,1
opening_003_offset_12,opening_003,middle,20,rnbq2nr/1pppk1p1/1b2p3/pQ3p1p/P2P4/1NP2PPP/1P2P3/R1B1KBNR w KQ - 2 11,white,transmitter_sign_shuffle,16,35,e2e4,f3f4,26.0,199.0,173.0,0,0,18,7,0.0047855316661298275,0.0011176340465736422,-0.12311786569865897,-0.06728345525159035,560,26.914865999948233,99.98755009996239,188.0,1
opening_003_offset_12,opening_003,middle,20,rnbq2nr/1pppk1p1/1b2p3/pQ3p1p/P2P4/1NP2PPP/1P2P3/R1B1KBNR w KQ - 2 11,white,transmitter_sign_shuffle,32,35,e2e4,f3f4,26.0,199.0,173.0,0,0,18,7,0.004785573109984398,0.001117663882658232,-0.12311786569865897,-0.06728345525159035,1120,51.25856979994569,99.98755009996239,175.0,1
opening_003_offset_12,opening_003,middle,20,rnbq2nr/1pppk1p1/1b2p3/pQ3p1p/P2P4/1NP2PPP/1P2P3/R1B1KBNR w KQ - 2 11,white,transmitter_sign_shuffle,64,35,e2e4,f3f4,26.0,199.0,173.0,0,0,18,7,0.004785260185599327,0.0011176368387119135,-0.11667483745959377,-0.06391928248901084,2240,99.77314229996409,99.98755009996239,175.0,1
opening_003_offset_16,opening_003,middle,24,rnbq4/1pppk1pr/1b2pn2/pQ3p1p/P2P4/1NP1PPPP/1P2K3/R1B2BNR w - - 3 13,white,transmitter_sign_shuffle,1,32,e3e4,h3h4,62.0,65.0,3.0,0,0,2,6,0.0,0.0,,,32,1.2830590000376105,89.96671529999003,0.0,1
opening_003_offset_16,opening_003,middle,24,rnbq4/1pppk1pr/1b2pn2/pQ3p1p/P2P4/1NP1PPPP/1P2K3/R1B2BNR w - - 3 13,white,transmitter_sign_shuffle,2,32,e3e4,f3f4,-44.0,65.0,109.0,0,0,17,7,0.003629082115367055,0.000736770680685628,-0.12852888343404706,-0.07687341917847314,64,2.817308700061403,89.96671529999003,194.0,1
opening_003_offset_16,opening_003,middle,24,rnbq4/1pppk1pr/1b2pn2/pQ3p1p/P2P4/1NP1PPPP/1P2K3/R1B2BNR w - - 3 13,white,transmitter_sign_shuffle,4,32,e3e4,f3f4,-44.0,65.0,109.0,0,0,17,7,0.004849570337682962,0.0011316008252498274,-0.0023829163329848672,-0.014127151491147415,128,5.64914090000093,89.96671529999003,206.0,1
opening_003_offset_16,opening_003,middle,24,rnbq4/1pppk1pr/1b2pn2/pQ3p1p/P2P4/1NP1PPPP/1P2K3/R1B2BNR w - - 3 13,white,transmitter_sign_shuffle,8,32,e3e4,f3f4,-44.0,65.0,109.0,0,0,17,9,0.004786028526723385,0.0011629980003627798,-0.04600861535224628,-0.038345125475971555,256,11.505705600022338,89.96671529999003,217.0,1
opening_003_offset_16,opening_003,middle,24,rnbq4/1pppk1pr/1b2pn2/pQ3p1p/P2P4/1NP1PPPP/1P2K3/R1B2BNR w - - 3 13,white,transmitter_sign_shuffle,16,32,e3e4,f3f4,-44.0,65.0,109.0,0,0,17,9,0.0047854152508080006,0.0011633990161813693,-0.04490880781394558,-0.038345125475971555,512,22.206633600057103,89.96671529999003,217.0,1
opening_003_offset_16,opening_003,middle,24,rnbq4/1pppk1pr/1b2pn2/pQ3p1p/P2P4/1NP1PPPP/1P2K3/R1B2BNR w - - 3 13,white,transmitter_sign_shuffle,32,32,e3e4,f3f4,-44.0,65.0,109.0,0,0,17,9,0.004785455297678709,0.001163431619681984,-0.04490880781394558,-0.038345125475971555,1024,45.89673819998279,89.96671529999003,217.0,1
opening_003_offset_16,opening_003,middle,24,rnbq4/1pppk1pr/1b2pn2/pQ3p1p/P2P4/1NP1PPPP/1P2K3/R1B2BNR w - - 3 13,white,transmitter_sign_shuffle,64,32,e3e4,f3f4,-44.0,65.0,109.0,0,0,17,9,0.0047851428389549255,0.0011634030159963305,-0.0399596738915924,-0.034308796478500866,2048,89.7453714000294,89.96671529999003,217.0,1
opening_003_offset_20,opening_003,late,28,rnbqn3/1pp1k1pr/Qb1pp3/p4p1p/P2P4/1NP1PPPP/1P1K4/R1B2BNR w - - 0 15,white,transmitter_sign_shuffle,1,32,a6a8,h3h4,-562.0,480.0,1042.0,0,0,9,27,0.0,0.0,,,32,1.4824524000287056,83.3659526000265,1565.0,1
opening_003_offset_20,opening_003,late,28,rnbqn3/1pp1k1pr/Qb1pp3/p4p1p/P2P4/1NP1PPPP/1P1K4/R1B2BNR w - - 0 15,white,transmitter_sign_shuffle,2,32,a6a8,f3f4,-578.0,480.0,1058.0,0,0,10,5,0.0011704950593411922,0.0008876420283594753,0.410544555923723,0.3220894013959207,64,3.192818299983628,83.3659526000265,1437.0,1
opening_003_offset_20,opening_003,late,28,rnbqn3/1pp1k1pr/Qb1pp3/p4p1p/P2P4/1NP1PPPP/1P1K4/R1B2BNR w - - 0 15,white,transmitter_sign_shuffle,4,32,a6a8,f3f4,-578.0,480.0,1058.0,0,0,10,5,0.0009660972282290459,0.0013218038113111228,0.44505545049901984,0.28859752331915434,128,6.034927300061099,83.3659526000265,1398.0,1
opening_003_offset_20,opening_003,late,28,rnbqn3/1pp1k1pr/Qb1pp3/p4p1p/P2P4/1NP1PPPP/1P1K4/R1B2BNR w - - 0 15,white,transmitter_sign_shuffle,8,32,a6a8,f3f4,-578.0,480.0,1058.0,0,0,10,6,0.0006982432678341866,0.0013647272445386099,0.4395564128075164,0.2966701813140957,256,11.712962600053288,83.3659526000265,1398.0,1
opening_003_offset_20,opening_003,late,28,rnbqn3/1pp1k1pr/Qb1pp3/p4p1p/P2P4/1NP1PPPP/1P1K4/R1B2BNR w - - 0 15,white,transmitter_sign_shuffle,16,32,a6a8,f3f4,-578.0,480.0,1058.0,0,0,10,6,0.0006921812891960144,0.0013660973199806031,0.436990195218148,0.29263385231662503,512,21.580174200003967,83.3659526000265,1398.0,1
opening_003_offset_20,opening_003,late,28,rnbqn3/1pp1k1pr/Qb1pp3/p4p1p/P2P4/1NP1PPPP/1P1K4/R1B2BNR w - - 0 15,white,transmitter_sign_shuffle,32,32,a6a8,f3f4,-578.0,480.0,1058.0,0,0,10,6,0.0006934702396392822,0.0013659275384647353,0.436990195218148,0.29263385231662503,1024,42.24463970004581,83.3659526000265,1398.0,1
opening_003_offset_20,opening_003,late,28,rnbqn3/1pp1k1pr/Qb1pp3/p4p1p/P2P4/1NP1PPPP/1P1K4/R1B2BNR w - - 0 15,white,transmitter_sign_shuffle,64,32,a6a8,f3f4,-578.0,480.0,1058.0,0,0,10,6,0.0006978902965784073,0.001365109195018451,0.436990195218148,0.29263385231662503,2048,83.17685090005398,83.3659526000265,1437.0,1
opening_003_offset_24,opening_003,late,32,rnbqn3/1p3kpr/Qbppp3/p4p1p/P2P3P/1NP1PPP1/1P1KN3/R1B2B1R w - - 0 17,white,transmitter_sign_shuffle,1,29,a6a8,h1h3,-919.0,569.0,1488.0,0,0,23,24,0.0,0.0,,,29,1.5853352999547496,88.91197110002395,1438.0,1
opening_003_offset_24,opening_003,late,32,rnbqn3/1p3kpr/Qbppp3/p4p1p/P2P3P/1NP1PPP1/1P1KN3/R1B2B1R w - - 0 17,white,transmitter_sign_shuffle,2,29,a6a8,f3f4,-986.0,569.0,1555.0,0,0,26,5,0.001170494593679905,0.0009253096537492055,0.25237481565651904,0.17956508137863272,58,3.4978103999746963,88.91197110002395,1289.0,1
opening_003_offset_24,opening_003,late,32,rnbqn3/1p3kpr/Qbppp3/p4p1p/P2P3P/1NP1PPP1/1P1KN3/R1B2B1R w - - 0 17,white,transmitter_sign_shuffle,4,29,a6a8,f3f4,-986.0,569.0,1555.0,0,0,26,4,0.0009661838412284851,0.001368398372741197,0.22216748768472902,0.13300492610837436,116,6.200766499969177,88.91197110002395,1196.0,1
opening_003_offset_24,opening_003,late,32,rnbqn3/1p3kpr/Qbppp3/p4p1p/P2P3P/1NP1PPP1/1P1KN3/R1B2B1R w - - 0 17,white,transmitter_sign_shuffle,8,29,a6a8,f3f4,-986.0,569.0,1555.0,0,0,26,5,0.0006987303495407104,0.001413791654076552,0.18128078817733986,0.11330049261083742,232,11.59645479999017,88.91197110002395,1279.0,1
opening_003_offset_24,opening_003,late,32,rnbqn3/1p3kpr/Qbppp3/p4p1p/P2P3P/1NP1PPP1/1P1KN3/R1B2B1R w - - 0 17,white,transmitter_sign_shuffle,16,29,a6a8,f3f4,-986.0,569.0,1555.0,0,0,26,5,0.0006928350776433945,0.0014151004798524088,0.18226600985221672,0.11822660098522166,464,23.149635900044814,88.91197110002395,1279.0,1
opening_003_offset_24,opening_003,late,32,rnbqn3/1p3kpr/Qbppp3/p4p1p/P2P3P/1NP1PPP1/1P1KN3/R1B2B1R w - - 0 17,white,transmitter_sign_shuffle,32,29,a6a8,f3f4,-986.0,569.0,1555.0,0,0,26,5,0.0006941193714737892,0.001414919644107172,0.18226600985221672,0.11822660098522166,928,43.68432889995165,88.91197110002395,1279.0,1
opening_003_offset_24,opening_003,late,32,rnbqn3/1p3kpr/Qbppp3/p4p1p/P2P3P/1NP1PPP1/1P1KN3/R1B2B1R w - - 0 17,white,transmitter_sign_shuffle,64,29,a6a8,f3f4,-986.0,569.0,1555.0,0,0,26,5,0.0006985338404774666,0.0014140573416172302,0.18226600985221672,0.11822660098522166,1856,88.71608040004503,88.91197110002395,1279.0,1
opening_004_offset_00,opening_004,early,8,rnbqkbnr/2ppp1p1/1p3p2/p6p/2P5/4P2P/PP1PKPP1/RNBQ1BNR w kq - 0 5,white,transmitter_sign_shuffle,1,24,d2d4,h3h4,-34.0,70.0,104.0,0,0,13,12,0.0,0.0,,,24,1.1461842000717297,74.04733520001173,85.0,1
opening_004_offset_00,opening_004,early,8,rnbqkbnr/2ppp1p1/1p3p2/p6p/2P5/4P2P/PP1PKPP1/RNBQ1BNR w kq - 0 5,white,transmitter_sign_shuffle,2,24,d2d4,g1f3,2.0,70.0,68.0,0,0,5,4,0.0005351635336410254,0.0003962014258373762,0.08135246967585484,0.04066883886640719,48,2.2071228000568226,74.04733520001173,21.0,1
opening_004_offset_00,opening_004,early,8,rnbqkbnr/2ppp1p1/1p3p2/p6p/2P5/4P2P/PP1PKPP1/RNBQ1BNR w kq - 0 5,white,transmitter_sign_shuffle,4,24,d2d4,g1f3,2.0,70.0,68.0,0,0,5,6,0.0003462142194621265,0.0006540561224773643,0.0935189301170275,0.06545497821616263,96,4.46751139999833,74.04733520001173,39.0,1
opening_004_offset_00,opening_004,early,8,rnbqkbnr/2ppp1p1/1p3p2/p6p/2P5/4P2P/PP1PKPP1/RNBQ1BNR w kq - 0 5,white,transmitter_sign_shuffle,8,24,d2d4,g1f3,2.0,70.0,68.0,0,0,5,6,0.000217910623177886,0.0006961155887412315,0.09525881718897221,0.08000052893086544,192,9.593552900012583,74.04733520001173,5.0,1
opening_004_offset_00,opening_004,early,8,rnbqkbnr/2ppp1p1/1p3p2/p6p/2P5/4P2P/PP1PKPP1/RNBQ1BNR w kq - 0 5,white,transmitter_sign_shuffle,16,24,d2d4,g1f3,2.0,70.0,68.0,0,0,5,6,0.00020973640494048595,0.0006978126046889472,0.10308830901272334,0.08727330428821685,384,18.21732450008858,74.04733520001173,18.0,1
opening_004_offset_00,opening_004,early,8,rnbqkbnr/2ppp1p1/1p3p2/p6p/2P5/4P2P/PP1PKPP1/RNBQ1BNR w kq - 0 5,white,transmitter_sign_shuffle,32,24,d2d4,g1f3,2.0,70.0,68.0,0,0,5,6,0.0002098762197420001,0.0006978324127038039,0.09569378895695838,0.08000052893086544,768,37.52129160007462,74.04733520001173,27.0,1
opening_004_offset_00,opening_004,early,8,rnbqkbnr/2ppp1p1/1p3p2/p6p/2P5/4P2P/PP1PKPP1/RNBQ1BNR w kq - 0 5,white,transmitter_sign_shuffle,64,24,d2d4,g1f3,2.0,70.0,68.0,0,0,5,6,0.00020984525326639414,0.0006979849703605525,0.0987385913328616,0.08727330428821685,1536,73.80688480008394,74.04733520001173,27.0,1
opening_004_offset_04,opening_004,early,12,rn1qkbnr/2ppp1p1/bp6/p4p1p/2P5/4P1PP/PP1PKP1R/RNBQ1BN1 w kq - 2 7,white,transmitter_sign_shuffle,1,24,e2e1,h3h4,-109.0,-2.0,107.0,0,0,13,11,0.0,0.0,,,24,0.9916085000149906,72.28820619999897,104.0,1
opening_004_offset_04,opening_004,early,12,rn1qkbnr/2ppp1p1/bp6/p4p1p/2P5/4P1PP/PP1PKP1R/RNBQ1BN1 w kq - 2 7,white,transmitter_sign_shuffle,2,24,e2e1,g1f3,-59.0,-2.0,57.0,0,0,8,7,0.0005351575091481209,0.00025408633077876044,-0.005243664544097554,-0.055670221426890404,48,2.1674458999186754,72.28820619999897,87.0,1
opening_004_offset_04,opening_004,early,12,rn1qkbnr/2ppp1p1/bp6/p4p1p/2P5/4P1PP/PP1PKP1R/RNBQ1BN1 w kq - 2 7,white,transmitter_sign_shuffle,4,24,e2e1,g1f3,-59.0,-2.0,57.0,0,0,8,9,0.00034614652395248413,0.00044512897856755884,-0.018699717771911283,-0.061706090734453344,96,4.622662500012666,72.28820619999897,95.0,1
opening_004_offset_04,opening_004,early,12,rn1qkbnr/2ppp1p1/bp6/p4p1p/2P5/4P1PP/PP1PKP1R/RNBQ1BN1 w kq - 2 7,white,transmitter_sign_shuffle,8,24,e2e1,g1f3,-59.0,-2.0,57.0,0,0,8,9,0.00021785078570246696,0.000486628137699776,-0.030006523866555317,-0.06896563082085963,192,9.091210899990983,72.28820619999897,95.0,1
opening_004_offset_04,opening_004,early,12,rn1qkbnr/2ppp1p1/bp6/p4p1p/2P5/4P1PP/PP1PKP1R/RNBQ1BN1 w kq - 2 7,white,transmitter_sign_shuffle,16,24,e2e1,g1f3,-59.0,-2.0,57.0,0,0,8,9,0.00020971382036805153,0.000488688854994469,-0.021308980716829143,-0.06896563082085963,384,18.19987889996264,72.28820619999897,95.0,1
opening_004_offset_04,opening_004,early,12,rn1qkbnr/2ppp1p1/bp6/p4p1p/2P5/4P1PP/PP1PKP1R/RNBQ1BN1 w kq - 2 7,white,transmitter_sign_shuffle,32,24,e2e1,g1f3,-59.0,-2.0,57.0,0,0,8,9,0.0002098632976412773,0.0004888733661030322,-0.023048489346774375,-0.0762251709072659,768,36.6063382999273,72.28820619999897,95.0,1
opening_004_offset_04,opening_004,early,12,rn1qkbnr/2ppp1p1/bp6/p4p1p/2P5/4P1PP/PP1PKP1R/RNBQ1BN1 w kq - 2 7,white,transmitter_sign_shuffle,64,24,e2e1,g1f3,-59.0,-2.0,57.0,0,0,8,9,0.00020983070135116577,0.0004895099796476449,-0.014350946197048195,-0.061706090734453344,1536,72.15695919992868,72.28820619999897,95.0,1
opening_004_offset_08,opening_004,early,16,r2qkbnr/1bppp1p1/1pn5/p4p1p/2P5/N3P1PP/PP1PKP1R/R1B1QBN1 w kq - 6 9,white,transmitter_sign_shuffle,1,22,f1g2,h3h4,-160.0,-71.0,89.0,0,0,11,8,0.0,0.0,,,22,1.051732600084506,73.24212189996615,89.0,1
opening_004_offset_08,opening_004,early,16,r2qkbnr/1bppp1p1/1pn5/p4p1p/2P5/N3P1PP/PP1PKP1R/R1B1QBN1 w kq - 6 9,white,transmitter_sign_shuffle,2,22,f1g2,g1f3,-133.0,-71.0,62.0,0,0,6,21,0.0005351639119908214,0.0001888626173918683,-0.05591641002416488,-0.07809129001694393,44,2.150542200077325,73.24212189996615,36.0,1
opening_004_offset_08,opening_004,early,16,r2qkbnr/1bppp1p1/1pn5/p4p1p/2P5/N3P1PP/PP1PKP1R/R1B1QBN1 w kq - 6 9,white,transmitter_sign_shuffle,4,22,f1g2,g1f3,-133.0,-71.0,62.0,0,0,6,21,0.0003460923326201737,0.00037617367652662047,0.050254093732354614,0.012987012987012986,88,4.399717700085603,73.24212189996615,38.0,1
opening_004_offset_08,opening_004,early,16,r2qkbnr/1bppp1p1/1pn5/p4p1p/2P5/N3P1PP/PP1PKP1R/R1B1QBN1 w kq - 6 9,white,transmitter_sign_shuffle,8,22,f1g2,g1f3,-133.0,-71.0,62.0,0,0,6,21,0.00021742991521023214,0.000417838820258149,0.0694522868435912,0.03896103896103896,176,9.368800900061615,73.24212189996615,38.0,1
opening_004_offset_08,opening_004,early,16,r2qkbnr/1bppp1p1/1pn5/p4p1p/2P5/N3P1PP/PP1PKP1R/R1B1QBN1 w kq - 6 9,white,transmitter_sign_shuffle,16,22,f1g2,g1f3,-133.0,-71.0,62.0,0,0,6,21,0.00020923771080560982,0.0004198601645068475,0.08752117447769624,0.05627705627705628,352,18.650846200063825,73.24212189996615,38.0,1
opening_004_offset_08,opening_004,early,16,r2qkbnr/1bppp1p1/1pn5/p4p1p/2P5/N3P1PP/PP1PKP1R/R1B1QBN1 w kq - 6 9,white,transmitter_sign_shuffle,32,22,f1g2,g1f3,-133.0,-71.0,62.0,0,0,6,21,0.0002093834918923676,0.00041987603807835613,0.08752117447769624,0.05627705627705628,704,38.108140200027265,73.24212189996615,38.0,1
opening_004_offset_08,opening_004,early,16,r2qkbnr/1bppp1p1/1pn5/p4p1p/2P5/N3P1PP/PP1PKP1R/R1B1QBN1 w kq - 6 9,white,transmitter_sign_shuffle,64,22,f1g2,g1f3,-133.0,-71.0,62.0,0,0,6,21,0.00020935930660925806,0.00041987624590465256,0.08752117447769624,0.05627705627705628,1408,73.10840810008813,73.24212189996615,38.0,1
opening_004_offset_12,opening_004,middle,20,rn1qkbn1/1bppp1pr/1p6/p4p1p/2PPP3/N5PP/PP2KP1R/R1B1QBN1 w q - 1 11,white,transmitter_sign_shuffle,1,33,e4f5,h3h4,-2.0,201.0,203.0,0,0,8,9,0.0,0.0,,,33,1.2976769000524655,84.7295015999116,130.0,1
opening_004_offset_12,opening_004,middle,20,rn1qkbn1/1bppp1pr/1p6/p4p1p/2PPP3/N5PP/PP2KP1R/R1B1QBN1 w q - 1 11,white,transmitter_sign_shuffle,2,33,e4f5,g1f3,-3.0,201.0,204.0,0,1,9,2,0.00035312946420162916,0.00021982773826178688,-0.1580447552308761,-0.1379373624013902,66,2.77903299999889,84.7295015999116,55.0,1
opening_004_offset_12,opening_004,middle,20,rn1qkbn1/1bppp1pr/1p6/p4p1p/2PPP3/N5PP/PP2KP1R/R1B1QBN1 w q - 1 11,white,transmitter_sign_shuffle,4,33,e4f5,g1f3,-3.0,201.0,204.0,0,0,9,6,0.00034595979377627373,0.0005326598287929522,-0.10762931432246356,-0.08530809519467862,132,5.392544700065628,84.7295015999116,74.0,1
opening_004_offset_12,opening_004,middle,20,rn1qkbn1/1bppp1pr/1p6/p4p1p/2PPP3/N5PP/PP2KP1R/R1B1QBN1 w q - 1 11,white,transmitter_sign_shuffle,8,33,e4f5,g1f3,-3.0,201.0,204.0,0,0,9,6,0.00021721143275499344,0.0005903169276462892,-0.10044288495000092,-0.08151662429713734,264,11.946190300048329,84.7295015999116,70.0,1
opening_004_offset_12,opening_004,middle,20,rn1qkbn1/1bppp1pr/1p6/p4p1p/2PPP3/N5PP/PP2KP1R/R1B1QBN1 w q - 1 11,white,transmitter_sign_shuffle,16,33,e4f5,g1f3,-3.0,201.0,204.0,0,0,9,6,0.00020900648087263107,0.0005913700306008891,-0.09710035966048342,-0.07772515339959607,528,23.932190200081095,84.7295015999116,70.0,1
opening_004_offset_12,opening_004,middle,20,rn1qkbn1/1bppp1pr/1p6/p4p1p/2PPP3/N5PP/PP2KP1R/R1B1QBN1 w q - 1 11,white,transmitter_sign_shuffle,32,33,e4f5,g1f3,-3.0,201.0,204.0,0,0,9,6,0.0002091526985168457,0.0005913761516601517,-0.09710035966048342,-0.07772515339959607,1056,46.30730640003458,84.7295015999116,61.0,1
opening_004_offset_12,opening_004,middle,20,rn1qkbn1/1bppp1pr/1p6/p4p1p/2PPP3/N5PP/PP2KP1R/R1B1QBN1 w q - 1 11,white,transmitter_sign_shuffle,64,33,e4f5,g1f3,-3.0,201.0,204.0,0,0,9,6,0.0002091224305331707,0.0005913695584062229,-0.09710035966048342,-0.07772515339959607,2112,84.5196984000504,84.7295015999116,61.0,1
opening_004_offset_16,opening_004,middle,24,rnbqkbn1/2Bpp1pr/1pp5/p4p1p/2PPP3/N5PP/PP2KP1R/R3QBN1 w q - 2 13,white,transmitter_sign_shuffle,1,38,c7d8,h3h4,-462.0,589.0,1051.0,0,0,21,26,0.0,0.0,,,38,1.926480699912645,125.51452820003033,,0
opening_004_offset_16,opening_004,middle,24,rnbqkbn1/2Bpp1pr/1pp5/p4p1p/2PPP3/N5PP/PP2KP1R/R3QBN1 w q - 2 13,white,transmitter_sign_shuffle,2,38,c7d8,c7b8,89.0,589.0,500.0,0,1,3,2,0.0018118340522050858,0.0005197555497085257,0.051716697873496836,0.026032825590965546,76,3.7765458999201655,125.51452820003033,,0
opening_004_offset_16,opening_004,middle,24,rnbqkbn1/2Bpp1pr/1pp5/p4p1p/2PPP3/N5PP/PP2KP1R/R3QBN1 w q - 2 13,white,transmitter_sign_shuffle,4,38,c7d8,c7b8,89.0,589.0,500.0,0,0,3,5,0.002011725679039955,0.000758003303589681,0.0488071791059927,0.0299145602659226,152,7.366370299947448,125.51452820003033,,0
opening_004_offset_16,opening_004,middle,24,rnbqkbn1/2Bpp1pr/1pp5/p4p1p/2PPP3/N5PP/PP2KP1R/R3QBN1 w q - 2 13,white,transmitter_sign_shuffle,8,38,c7d8,c7b8,89.0,589.0,500.0,0,0,3,5,0.0019992622546851635,0.0008013678338552571,0.05898446084782526,0.032763566005534275,304,14.43635989993345,125.51452820003033,,0
opening_004_offset_16,opening_004,middle,24,rnbqkbn1/2Bpp1pr/1pp5/p4p1p/2PPP3/N5PP/PP2KP1R/R3QBN1 w q - 2 13,white,transmitter_sign_shuffle,16,38,c7d8,c7b8,89.0,589.0,500.0,0,0,3,5,0.0020003197714686394,0.0008025051768110048,0.06314292005416544,0.03846157748475763,608,28.27887949999422,125.51452820003033,,0
opening_004_offset_16,opening_004,middle,24,rnbqkbn1/2Bpp1pr/1pp5/p4p1p/2PPP3/N5PP/PP2KP1R/R3QBN1 w q - 2 13,white,transmitter_sign_shuffle,32,38,c7d8,c7b8,89.0,589.0,500.0,0,0,3,5,0.0020002941600978374,0.0008024522966546191,0.06314292005416544,0.03846157748475763,1216,59.65031369996723,125.51452820003033,,0
opening_004_offset_16,opening_004,middle,24,rnbqkbn1/2Bpp1pr/1pp5/p4p1p/2PPP3/N5PP/PP2KP1R/R3QBN1 w q - 2 13,white,transmitter_sign_shuffle,64,38,c7d8,c7b8,89.0,589.0,500.0,0,0,3,5,0.002000467386096716,0.0008024051897550876,0.06314292005416544,0.03846157748475763,2432,125.28844339994248,125.51452820003033,,0
opening_004_offset_20,opening_004,late,28,1n1qkbn1/rbBpp1pr/1pp5/p4p1p/2PPP3/N4NPP/PP2KP1R/R1Q2B2 w - - 6 15,white,transmitter_sign_shuffle,1,42,c7d8,h3h4,-265.0,746.0,1011.0,0,0,17,22,0.0,0.0,,,42,1.7977271999698132,136.91509979998227,,0
opening_004_offset_20,opening_004,late,28,1n1qkbn1/rbBpp1pr/1pp5/p4p1p/2PPP3/N4NPP/PP2KP1R/R1Q2B2 w - - 6 15,white,transmitter_sign_shuffle,2,42,c7d8,f3g5,348.0,746.0,398.0,0,0,5,8,1.4415942132472992e-05,0.0014541301489886388,-0.021405119119715005,0.014027078917837247,84,3.618543199962005,136.91509979998227,,0
opening_004_offset_20,opening_004,late,28,1n1qkbn1/rbBpp1pr/1pp5/p4p1p/2PPP3/N4NPP/PP2KP1R/R1Q2B2 w - - 6 15,white,transmitter_sign_shuffle,4,42,c7d8,f3g5,348.0,746.0,398.0,0,0,5,10,4.2378902435302734e-05,0.001987801537730167,0.014018880932053055,0.03718768785827649,168,7.289038599934429,136.91509979998227,,0
opening_004_offset_20,opening_004,late,28,1n1qkbn1/rbBpp1pr/1pp5/p4p1p/2PPP3/N4NPP/PP2KP1R/R1Q2B2 w - - 6 15,white,transmitter_sign_shuffle,8,42,c7d8,f3g5,348.0,746.0,398.0,0,0,5,10,8.542463183403015e-05,0.001997402051538087,0.0282808638455868,0.04416037933170333,336,15.924414000008255,136.91509979998227,,0
opening_004_offset_20,opening_004,late,28,1n1qkbn1/rbBpp1pr/1pp5/p4p1p/2PPP3/N4NPP/PP2KP1R/R1Q2B2 w - - 6 15,white,transmitter_sign_shuffle,16,42,c7d8,f3g5,348.0,746.0,398.0,0,0,5,10,7.314048707485199e-05,0.0019973072958494836,0.026822251956702667,0.041836148840561055,672,34.93708069995046,136.91509979998227,,0
opening_004_offset_20,opening_004,late,28,1n1qkbn1/rbBpp1pr/1pp5/p4p1p/2PPP3/N4NPP/PP2KP1R/R1Q2B2 w - - 6 15,white,transmitter_sign_shuffle,32,42,c7d8,f3g5,348.0,746.0,398.0,0,0,5,10,7.307343184947968e-05,0.001997318074003669,0.026822251956702667,0.041836148840561055,1344,68.37343289994169,136.91509979998227,,0
opening_004_offset_20,opening_004,late,28,1n1qkbn1/rbBpp1pr/1pp5/p4p1p/2PPP3/N4NPP/PP2KP1R/R1Q2B2 w - - 6 15,white,transmitter_sign_shuffle,64,42,c7d8,f3g5,348.0,746.0,398.0,0,0,5,10,7.301755249500275e-05,0.0019972039021023138,0.026822251956702667,0.041836148840561055,2688,136.6984440999804,136.91509979998227,,0
opening_004_offset_24,opening_004,late,32,1n1qkb2/rbBpp1pr/1pp4n/p4p2/1PPPP2p/N4NPP/P3KP2/R1Q2B1R w - - 1 17,white,transmitter_sign_shuffle,1,44,c7d8,h1h2,-558.0,890.0,1448.0,0,0,29,23,0.0,0.0,,,44,2.0033126000780612,133.03790430002846,,0
opening_004_offset_24,opening_004,late,32,1n1qkb2/rbBpp1pr/1pp4n/p4p2/1PPPP2p/N4NPP/P3KP2/R1Q2B1R w - - 1 17,white,transmitter_sign_shuffle,2,44,c7d8,f3h4,-388.0,890.0,1278.0,0,0,19,11,0.0003422712907195091,0.0015343429431526768,0.0896174988696266,0.054227402536488084,88,4.043338300078176,133.03790430002846,,0
opening_004_offset_24,opening_004,late,32,1n1qkb2/rbBpp1pr/1pp4n/p4p2/1PPPP2p/N4NPP/P3KP2/R1Q2B1R w - - 1 17,white,transmitter_sign_shuffle,4,44,c7d8,f3h4,-388.0,890.0,1278.0,0,0,19,10,0.0001798868179321289,0.002096312886948235,0.0835799859055673,0.06342494714587738,176,7.843609999981709,133.03790430002846,,0
opening_004_offset_24,opening_004,late,32,1n1qkb2/rbBpp1pr/1pp4n/p4p2/1PPPP2p/N4NPP/P3KP2/R1Q2B1R w - - 1 17,white,transmitter_sign_shuffle,8,44,c7d8,f3h4,-388.0,890.0,1278.0,0,0,19,10,0.00018107518553733826,0.0021118016101104283,0.07540521494009865,0.04862579281183932,352,16.79318520007655,133.03790430002846,,0
opening_004_offset_24,opening_004,late,32,1n1qkb2/rbBpp1pr/1pp4n/p4p2/1PPPP2p/N4NPP/P3KP2/R1Q2B1R w - - 1 17,white,transmitter_sign_shuffle,16,44,c7d8,f3h4,-388.0,890.0,1278.0,0,0,19,10,0.00019426271319389343,0.00211156574722197,0.07315010570824523,0.046511627906976744,704,33.04034649999812,133.03790430002846,,0
opening_004_offset_24,opening_004,late,32,1n1qkb2/rbBpp1pr/1pp4n/p4p2/1PPPP2p/N4NPP/P3KP2/R1Q2B1R w - - 1 17,white,transmitter_sign_shuffle,32,44,c7d8,f3h4,-388.0,890.0,1278.0,0,0,19,10,0.00019435398280620575,0.0021115768102050914,0.07315010570824523,0.046511627906976744,1408,66.79060900001787,133.03790430002846,,0
opening_004_offset_24,opening_004,late,32,1n1qkb2/rbBpp1pr/1pp4n/p4p2/1PPPP2p/N4NPP/P3KP2/R1Q2B1R w - - 1 17,white,transmitter_sign_shuffle,64,44,c7d8,f3h4,-388.0,890.0,1278.0,0,0,19,10,0.0001944471150636673,0.002111463985976046,0.07315010570824523,0.046511627906976744,2816,132.7574714999646,133.03790430002846,,0
opening_005_offset_00,opening_005,early,8,r1bqkb1r/ppp1pppp/3p1n2/8/1nB1P3/1PP5/P2P1PPP/RNBQK1NR w KQkq - 2 5,white,transmitter_sign_shuffle,1,33,c3b4,h2h4,-29.0,514.0,543.0,0,0,17,28,0.0,0.0,,,33,1.7117404999444261,90.16845560004003,,0
opening_005_offset_00,opening_005,early,8,r1bqkb1r/ppp1pppp/3p1n2/8/1nB1P3/1PP5/P2P1PPP/RNBQK1NR w KQkq - 2 5,white,transmitter_sign_shuffle,2,33,c3b4,g1h3,-114.0,514.0,628.0,0,0,23,5,0.0,0.00041505918096056236,0.25687488617044335,0.1588246797142267,66,3.184323199908249,90.16845560004003,,0
opening_005_offset_00,opening_005,early,8,r1bqkb1r/ppp1pppp/3p1n2/8/1nB1P3/1PP5/P2P1PPP/RNBQK1NR w KQkq - 2 5,white,transmitter_sign_shuffle,4,33,c3b4,c1b2,-17.0,514.0,531.0,0,0,14,5,0.0007264846935868263,0.0007922750998586626,0.3628311201771248,0.25592428558403585,132,6.0800482999766245,90.16845560004003,,0
opening_005_offset_00,opening_005,early,8,r1bqkb1r/ppp1pppp/3p1n2/8/1nB1P3/1PP5/P2P1PPP/RNBQK1NR w KQkq - 2 5,white,transmitter_sign_shuffle,8,33,c3b4,c1b2,-17.0,514.0,531.0,0,0,14,5,0.0006234227912500501,0.0008244599062627534,0.34077045326630934,0.22559251840370567,264,11.827970699989237,90.16845560004003,,0
opening_005_offset_00,opening_005,early,8,r1bqkb1r/ppp1pppp/3p1n2/8/1nB1P3/1PP5/P2P1PPP/RNBQK1NR w KQkq - 2 5,white,transmitter_sign_shuffle,16,33,c3b4,c1b2,-17.0,514.0,531.0,0,0,14,5,0.0006195394089445472,0.0008251262774779068,0.338430685563647,0.22559251840370567,528,22.81164839991834,90.16845560004003,,0
opening_005_offset_00,opening_005,early,8,r1bqkb1r/ppp1pppp/3p1n2/8/1nB1P3/1PP5/P2P1PPP/RNBQK1NR w KQkq - 2 5,white,transmitter_sign_shuffle,32,33,c3b4,c1b2,-17.0,514.0,531.0,0,0,14,5,0.0006194959860295057,0.0008251430763943842,0.33809643303469533,0.22180104750616442,1056,43.599421499995515,90.16845560004003,,0
opening_005_offset_00,opening_005,early,8,r1bqkb1r/ppp1pppp/3p1n2/8/1nB1P3/1PP5/P2P1PPP/RNBQK1NR w KQkq - 2 5,white,transmitter_sign_shuffle,64,33,c3b4,c1b2,-17.0,514.0,531.0,0,0,14,5,0.000619452097453177,0.000825235523234388,0.3501295240769583,0.23696693109632952,2112,89.92690720001701,90.16845560004003,,0
opening_005_offset_04,opening_005,early,12,r2qkb1r/pbp1pppp/3p1n2/1p2P3/1nB5/BPP5/P2P1PPP/RN1QK1NR w KQkq - 1 7,white,transmitter_sign_shuffle,1,33,c4b5,h2h4,-354.0,319.0,673.0,0,0,17,29,0.0,0.0,,,33,1.2907241999637336,84.22460249997675,,0
opening_005_offset_04,opening_005,early,12,r2qkb1r/pbp1pppp/3p1n2/1p2P3/1nB5/BPP5/P2P1PPP/RN1QK1NR w KQkq - 1 7,white,transmitter_sign_shuffle,2,33,c4b5,g1h3,-277.0,319.0,596.0,0,0,14,7,0.0,0.0007921839508453833,0.46095024640288074,0.3185292396718323,66,2.662996400031261,84.22460249997675,,0
opening_005_offset_04,opening_005,early,12,r2qkb1r/pbp1pppp/3p1n2/1p2P3/1nB5/BPP5/P2P1PPP/RN1QK1NR w KQkq - 1 7,white,transmitter_sign_shuffle,4,33,c4b5,a3b2,-260.0,319.0,579.0,0,0,13,5,0.0007612884510308504,0.0020713138898081638,0.5259903132136172,0.36432703161599905,132,5.138092800043523,84.22460249997675,,0
opening_005_offset_04,opening_005,early,12,r2qkb1r/pbp1pppp/3p1n2/1p2P3/1nB5/BPP5/P2P1PPP/RN1QK1NR w KQkq - 1 7,white,transmitter_sign_shuffle,8,33,c4b5,a3b2,-260.0,319.0,579.0,0,0,13,5,0.0006709012668579817,0.0021908405080809713,0.489888022888183,0.3339664456479991,264,10.401660899980925,84.22460249997675,,0
opening_005_offset_04,opening_005,early,12,r2qkb1r/pbp1pppp/3p1n2/1p2P3/1nB5/BPP5/P2P1PPP/RN1QK1NR w KQkq - 1 7,white,transmitter_sign_shuffle,16,33,c4b5,a3b2,-260.0,319.0,579.0,0,0,13,5,0.0006671627052128315,0.0021908748522871256,0.48888518149025434,0.3339664456479991,528,20.462683800025843,84.22460249997675,,0
opening_005_offset_04,opening_005,early,12,r2qkb1r/pbp1pppp/3p1n2/1p2P3/1nB5/BPP5/P2P1PPP/RN1QK1NR w KQkq - 1 7,white,transmitter_sign_shuffle,32,33,c4b5,a3b2,-260.0,319.0,579.0,0,0,13,5,0.0006671170704066753,0.002190746556915834,0.48888518149025434,0.3339664456479991,1056,42.61303939996287,84.22460249997675,,0
opening_005_offset_04,opening_005,early,12,r2qkb1r/pbp1pppp/3p1n2/1p2P3/1nB5/BPP5/P2P1PPP/RN1QK1NR w KQkq - 1 7,white,transmitter_sign_shuffle,64,33,c4b5,a3b2,-260.0,319.0,579.0,0,0,13,5,0.0006670599104836583,0.002190069985784549,0.5142904969044487,0.3491467386319991,2112,83.97315520001575,84.22460249997675,,0
opening_005_offset_08,opening_005,early,16,rq2kb1r/pbp1pppp/3p1n2/1p1nP3/2B5/BPP4N/P2P1PPP/RNQ1K2R w KQkq - 5 9,white,transmitter_sign_shuffle,1,31,c4b5,h3g5,-784.0,52.0,836.0,0,0,29,23,0.0,0.0,,,31,1.4085952000459656,98.37151609989814,,0
opening_005_offset_08,opening_005,early,16,rq2kb1r/pbp1pppp/3p1n2/1p1nP3/2B5/BPP4N/P2P1PPP/RNQ1K2R w KQkq - 5 9,white,transmitter_sign_shuffle,2,31,c4b5,c4b5,52.0,52.0,0.0,1,1,1,1,0.0001427538227289915,0.0007324652512600355,0.07101379027899457,0.045620741787613245,62,3.132888099993579,98.37151609989814,,0
opening_005_offset_08,opening_005,early,16,rq2kb1r/pbp1pppp/3p1n2/1p1nP3/2B5/BPP4N/P2P1PPP/RNQ1K2R w KQkq - 5 9,white,transmitter_sign_shuffle,4,31,c4b5,a3b2,-378.0,52.0,430.0,0,0,18,6,3.481283783912659e-05,0.002120113993046395,0.008067769918201986,0.00431501720252459,124,7.083736000000499,98.37151609989814,,0
opening_005_offset_08,opening_005,early,16,rq2kb1r/pbp1pppp/3p1n2/1p1nP3/2B5/BPP4N/P2P1PPP/RNQ1K2R w KQkq - 5 9,white,transmitter_sign_shuffle,8,31,c4b5,a3b2,-378.0,52.0,430.0,0,0,18,6,4.744669422507286e-05,0.0022344673326312623,-0.008874546910022183,-0.00863003440504918,248,14.144046599976718,98.37151609989814,,0
opening_005_offset_08,opening_005,early,16,rq2kb1r/pbp1pppp/3p1n2/1p1nP3/2B5/BPP4N/P2P1PPP/RNQ1K2R w KQkq - 5 9,white,transmitter_sign_shuffle,16,31,c4b5,a3b2,-378.0,52.0,430.0,0,0,18,6,4.7601526603102684e-05,0.002234011352103005,-0.008874546910022183,-0.00863003440504918,496,26.392853799974546,98.37151609989814,,0
opening_005_offset_08,opening_005,early,16,rq2kb1r/pbp1pppp/3p1n2/1p1nP3/2B5/BPP4N/P2P1PPP/RNQ1K2R w KQkq - 5 9,white,transmitter_sign_shuffle,32,31,c4b5,a3b2,-378.0,52.0,430.0,0,0,18,6,4.7605717554688454e-05,0.0022339347067693895,-0.008874546910022183,-0.00863003440504918,992,50.991602499969304,98.37151609989814,,0
opening_005_offset_08,opening_005,early,16,rq2kb1r/pbp1pppp/3p1n2/1p1nP3/2B5/BPP4N/P2P1PPP/RNQ1K2R w KQkq - 5 9,white,transmitter_sign_shuffle,64,31,c4b5,a3b2,-378.0,52.0,430.0,0,0,18,6,4.7593144699931145e-05,0.002233346725443635,-0.008874546910022183,-0.00863003440504918,1984,98.13243060000241,98.37151609989814,,0
opening_005_offset_12,opening_005,middle,20,rq2kb1r/pbp1pppp/5n2/1p1pP3/2B2n2/BPP5/P2P1PPP/RN1QK1NR w KQkq - 0 11,white,transmitter_sign_shuffle,1,31,c4f1,h2h4,-658.0,53.0,711.0,0,0,9,20,0.0,0.0,,,31,1.6168432999402285,91.23528799996711,,0
opening_005_offset_12,opening_005,middle,20,rq2kb1r/pbp1pppp/5n2/1p1pP3/2B2n2/BPP5/P2P1PPP/RN1QK1NR w KQkq - 0 11,white,transmitter_sign_shuffle,2,31,c4f1,g1e2,-551.0,53.0,604.0,0,0,7,14,4.656612873077393e-10,0.0009949527656515095,0.17993510606922528,0.13764024227664753,62,3.232672299956903,91.23528799996711,,0
opening_005_offset_12,opening_005,middle,20,rq2kb1r/pbp1pppp/5n2/1p1pP3/2B2n2/BPP5/P2P1PPP/RN1QK1NR w KQkq - 0 11,white,transmitter_sign_shuffle,4,31,c4f1,a3b2,-773.0,53.0,826.0,0,0,21,14,0.0007612963090650737,0.002096223920958759,0.24458110820938797,0.17653400970177596,124,5.962475799955428,91.23528799996711,,0
opening_005_offset_12,opening_005,middle,20,rq2kb1r/pbp1pppp/5n2/1p1pP3/2B2n2/BPP5/P2P1PPP/RN1QK1NR w KQkq - 0 11,white,transmitter_sign_shuffle,8,31,c4f1,a3b2,-773.0,53.0,826.0,0,0,21,18,0.0006709268782287836,0.002203515431441102,0.22240145288949295,0.17653400970177596,248,11.293076199945062,91.23528799996711,,0
opening_005_offset_12,opening_005,middle,20,rq2kb1r/pbp1pppp/5n2/1p1pP3/2B2n2/BPP5/P2P1PPP/RN1QK1NR w KQkq - 0 11,white,transmitter_sign_shuffle,16,31,c4f1,a3b2,-773.0,53.0,826.0,0,0,21,18,0.0006671942537650466,0.002203989409821207,0.2248210516516633,0.17653400970177596,496,21.674478200031444,91.23528799996711,,0
opening_005_offset_12,opening_005,middle,20,rq2kb1r/pbp1pppp/5n2/1p1pP3/2B2n2/BPP5/P2P1PPP/RN1QK1NR w KQkq - 0 11,white,transmitter_sign_shuffle,32,31,c4f1,a3b2,-773.0,53.0,826.0,0,0,21,17,0.0006671437295153737,0.0022038197777254167,0.2344994467003448,0.18083971725547782,992,44.52422679995652,91.23528799996711,,0
opening_005_offset_12,opening_005,middle,20,rq2kb1r/pbp1pppp/5n2/1p1pP3/2B2n2/BPP5/P2P1PPP/RN1QK1NR w KQkq - 0 11,white,transmitter_sign_shuffle,64,31,c4f1,a3b2,-773.0,53.0,826.0,0,0,21,16,0.0006670864531770349,0.002203010465185063,0.24296804236794106,0.17653400970177596,1984,91.00110620004125,91.23528799996711,,0
opening_005_offset_16,opening_005,middle,24,r3qb1r/pbpkpppp/3B1n2/1p1pP3/5n2/1PP5/P2PBPPP/RN1QK1NR w KQ - 4 13,white,transmitter_sign_shuffle,1,31,d6c5,h2h4,-388.0,88.0,476.0,0,0,18,20,0.0,0.0,,,31,1.6173501999583095,90.59524079994299,,0
opening_005_offset_16,opening_005,middle,24,r3qb1r/pbpkpppp/3B1n2/1p1pP3/5n2/1PP5/P2PBPPP/RN1QK1NR w KQ - 4 13,white,transmitter_sign_shuffle,2,31,d6c5,g1h3,-262.0,88.0,350.0,0,0,14,15,1.491699367761612e-05,0.0009839024669888266,0.013615546475016107,0.004462329605013883,62,3.009263399988413,90.59524079994299,,0
opening_005_offset_16,opening_005,middle,24,r3qb1r/pbpkpppp/3B1n2/1p1pP3/5n2/1PP5/P2PBPPP/RN1QK1NR w KQ - 4 13,white,transmitter_sign_shuffle,4,31,d6c5,g1h3,-262.0,88.0,350.0,0,0,14,15,3.160163760185242e-05,0.002007819447432505,0.11008064516129033,0.07096774193548387,124,5.860132499947213,90.59524079994299,,0
opening_005_offset_16,opening_005,middle,24,r3qb1r/pbpkpppp/3B1n2/1p1pP3/5n2/1PP5/P2PBPPP/RN1QK1NR w KQ - 4 13,white,transmitter_sign_shuffle,8,31,d6c5,g1h3,-262.0,88.0,350.0,0,0,14,13,2.865586429834366e-05,0.0021136224876492646,0.14717741935483872,0.0924731182795699,248,11.888898700010031,90.59524079994299,,0
opening_005_offset_16,opening_005,middle,24,r3qb1r/pbpkpppp/3B1n2/1p1pP3/5n2/1PP5/P2PBPPP/RN1QK1NR w KQ - 4 13,white,transmitter_sign_shuffle,16,31,d6c5,g1h3,-262.0,88.0,350.0,0,0,14,13,2.8815120458602905e-05,0.002114128136010747,0.14717741935483872,0.0924731182795699,496,23.44115620001685,90.59524079994299,,0
opening_005_offset_16,opening_005,middle,24,r3qb1r/pbpkpppp/3B1n2/1p1pP3/5n2/1PP5/P2PBPPP/RN1QK1NR w KQ - 4 13,white,transmitter_sign_shuffle,32,31,d6c5,g1h3,-262.0,88.0,350.0,0,0,14,13,2.870894968509674e-05,0.002114052683859588,0.14717741935483872,0.0924731182795699,992,45.64642849995289,90.59524079994299,,0
opening_005_offset_16,opening_005,middle,24,r3qb1r/pbpkpppp/3B1n2/1p1pP3/5n2/1PP5/P2PBPPP/RN1QK1NR w KQ - 4 13,white,transmitter_sign_shuffle,64,31,d6c5,g1h3,-262.0,88.0,350.0,0,0,14,13,2.881605178117752e-05,0.002113509412705721,0.14717741935483872,0.0924731182795699,1984,90.32725860003848,90.59524079994299,,0
opening_005_offset_20,opening_005,late,28,r3qb1r/1bp1pppp/2kBPn2/pp1p4/5n2/1PP5/P1QPBPPP/RN2K1NR w KQ - 0 15,white,transmitter_sign_shuffle,1,40,d6f4,h2h4,-724.0,754.0,1478.0,0,0,28,19,0.0,0.0,,,40,1.8753912000684068,100.64153399993666,,0
opening_005_offset_20,opening_005,late,28,r3qb1r/1bp1pppp/2kBPn2/pp1p4/5n2/1PP5/P1QPBPPP/RN2K1NR w KQ - 0 15,white,transmitter_sign_shuffle,2,40,d6f4,g1h3,-371.0,754.0,1125.0,0,0,10,6,1.491699367761612e-05,0.000753275407444419,0.05734309022692121,0.03700519525217379,80,3.861094900057651,100.64153399993666,,0
opening_005_offset_20,opening_005,late,28,r3qb1r/1bp1pppp/2kBPn2/pp1p4/5n2/1PP5/P1QPBPPP/RN2K1NR w KQ - 0 15,white,transmitter_sign_shuffle,4,40,d6f4,c2b2,-761.0,754.0,1515.0,0,0,31,5,0.0007328521460294724,0.0012095420792359749,0.06454033771106943,0.02564102564102564,160,6.84779360005632,100.64153399993666,,0
opening_005_offset_20,opening_005,late,28,r3qb1r/1bp1pppp/2kBPn2/pp1p4/5n2/1PP5/P1QPBPPP/RN2K1NR w KQ - 0 15,white,transmitter_sign_shuffle,8,40,d6f4,c2b2,-761.0,754.0,1515.0,0,0,31,5,0.0006371708586812019,0.001254115404969661,0.08011257035647282,0.03333333333333333,320,13.082605200004764,100.64153399993666,,0
opening_005_offset_20,opening_005,late,28,r3qb1r/1bp1pppp/2kBPn2/pp1p4/5n2/1PP5/P1QPBPPP/RN2K1NR w KQ - 0 15,white,transmitter_sign_shuffle,16,40,d6f4,c2b2,-761.0,754.0,1515.0,0,0,31,5,0.00063333660364151,0.0012552357902032621,0.08011257035647282,0.03333333333333333,640,25.58712080004625,100.64153399993666,,0
opening_005_offset_20,opening_005,late,28,r3qb1r/1bp1pppp/2kBPn2/pp1p4/5n2/1PP5/P1QPBPPP/RN2K1NR w KQ - 0 15,white,transmitter_sign_shuffle,32,40,d6f4,c2b2,-761.0,754.0,1515.0,0,0,31,5,0.0006332974880933762,0.0012552248516972282,0.08011257035647282,0.03333333333333333,1280,48.215485400054604,100.64153399993666,,0
opening_005_offset_20,opening_005,late,28,r3qb1r/1bp1pppp/2kBPn2/pp1p4/5n2/1PP5/P1QPBPPP/RN2K1NR w KQ - 0 15,white,transmitter_sign_shuffle,64,40,d6f4,c2b2,-761.0,754.0,1515.0,0,0,31,5,0.0006332527846097946,0.0012552244417029987,0.09080675422138838,0.043589743589743594,2560,100.3241375000216,100.64153399993666,,0
opening_005_offset_24,opening_005,late,32,4qb1r/r1p1pppp/b1kBPn2/pp1p3B/5n2/1PP5/PQ1P1PPP/RN2K1NR w KQ - 4 17,white,transmitter_sign_shuffle,1,34,d6f4,h5g6,-805.0,44.0,849.0,0,0,15,18,0.0,0.0,,,34,1.3280597999691963,96.5845202000346,,0
opening_005_offset_24,opening_005,late,32,4qb1r/r1p1pppp/b1kBPn2/pp1p3B/5n2/1PP5/PQ1P1PPP/RN2K1NR w KQ - 4 17,white,transmitter_sign_shuffle,2,34,d6f4,g1h3,-1038.0,44.0,1082.0,0,0,31,7,0.0,0.0008209128456180069,0.28293207639099105,0.23385091047739825,68,2.68063760001678,96.5845202000346,,0
opening_005_offset_24,opening_005,late,32,4qb1r/r1p1pppp/b1kBPn2/pp1p3B/5n2/1PP5/PQ1P1PPP/RN2K1NR w KQ - 4 17,white,transmitter_sign_shuffle,4,34,d6f4,g1h3,-1038.0,44.0,1082.0,0,0,31,6,1.4789504348300397e-05,0.0012926501868953586,0.21407288625392215,0.15700273865120185,136,5.571131099946797,96.5845202000346,,0
opening_005_offset_24,opening_005,late,32,4qb1r/r1p1pppp/b1kBPn2/pp1p3B/5n2/1PP5/PQ1P1PPP/RN2K1NR w KQ - 4 17,white,transmitter_sign_shuffle,8,34,d6f4,g1h3,-1038.0,44.0,1082.0,0,0,31,6,1.4230463420972228e-05,0.001359714026566427,0.20826648391441538,0.15700273865120185,272,11.98350329999812,96.5845202000346,,0
opening_005_offset_24,opening_005,late,32,4qb1r/r1p1pppp/b1kBPn2/pp1p3B/5n2/1PP5/PQ1P1PPP/RN2K1NR w KQ - 4 17,white,transmitter_sign_shuffle,16,34,d6f4,g1h3,-1038.0,44.0,1082.0,0,0,31,6,1.3724449672736228e-05,0.001362371115697771,0.20826648391441538,0.15700273865120185,544,25.751855900045484,96.5845202000346,,0
opening_005_offset_24,opening_005,late,32,4qb1r/r1p1pppp/b1kBPn2/pp1p3B/5n2/1PP5/PQ1P1PPP/RN2K1NR w KQ - 4 17,white,transmitter_sign_shuffle,32,34,d6f4,g1h3,-1038.0,44.0,1082.0,0,0,31,6,1.3713557564187795e-05,0.0013623949956093637,0.20826648391441538,0.15700273865120185,1088,49.89282239996828,96.5845202000346,,0
opening_005_offset_24,opening_005,late,32,4qb1r/r1p1pppp/b1kBPn2/pp1p3B/5n2/1PP5/PQ1P1PPP/RN2K1NR w KQ - 4 17,white,transmitter_sign_shuffle,64,34,d6f4,g1h3,-1038.0,44.0,1082.0,0,0,31,6,1.3830125681124628e-05,0.0013624172063316311,0.20459928243683215,0.1498662505306927,2176,96.36593219998758,96.5845202000346,,0
opening_006_offset_00,opening_006,early,8,r1b1k1nr/pppp1ppp/n3p3/6q1/1b6/P2P4/2PNPPPP/R1BQKBNR w KQkq - 0 5,white,transmitter_sign_shuffle,1,18,a3b4,h2h4,-60.0,688.0,748.0,0,0,7,15,0.0,0.0,,,18,0.9199292999692261,72.73980270000175,,0
opening_006_offset_00,opening_006,early,8,r1b1k1nr/pppp1ppp/n3p3/6q1/1b6/P2P4/2PNPPPP/R1BQKBNR w KQkq - 0 5,white,transmitter_sign_shuffle,2,18,a3b4,g1h3,-88.0,688.0,776.0,0,1,13,3,1.491699367761612e-05,0.0004662867223216655,0.4953345425211622,0.3583126454890529,36,2.565300199901685,72.73980270000175,,0
opening_006_offset_00,opening_006,early,8,r1b1k1nr/pppp1ppp/n3p3/6q1/1b6/P2P4/2PNPPPP/R1BQKBNR w KQkq - 0 5,white,transmitter_sign_shuffle,4,18,a3b4,c1b2,-54.0,688.0,742.0,0,0,5,4,0.0007265603635460138,0.0008698009635014308,0.34365325077399383,0.2679738562091504,72,4.770507299923338,72.73980270000175,,0
opening_006_offset_00,opening_006,early,8,r1b1k1nr/pppp1ppp/n3p3/6q1/1b6/P2P4/2PNPPPP/R1BQKBNR w KQkq - 0 5,white,transmitter_sign_shuffle,8,18,a3b4,c1b2,-54.0,688.0,742.0,0,0,5,4,0.0006235982291400433,0.0008843668959313948,0.3312693498452013,0.25490196078431376,144,9.125887300004251,72.73980270000175,,0
opening_006_offset_00,opening_006,early,8,r1b1k1nr/pppp1ppp/n3p3/6q1/1b6/P2P4/2PNPPPP/R1BQKBNR w KQkq - 0 5,white,transmitter_sign_shuffle,16,18,a3b4,c1b2,-54.0,688.0,742.0,0,0,5,4,0.0006197243928909302,0.0008845046679738991,0.3312693498452013,0.25490196078431376,288,17.484636000008322,72.73980270000175,,0
opening_006_offset_00,opening_006,early,8,r1b1k1nr/pppp1ppp/n3p3/6q1/1b6/P2P4/2PNPPPP/R1BQKBNR w KQkq - 0 5,white,transmitter_sign_shuffle,32,18,a3b4,c1b2,-54.0,688.0,742.0,0,0,5,4,0.0006196824833750725,0.0008844841476451191,0.3312693498452013,0.25490196078431376,576,35.374725400004536,72.73980270000175,,0
opening_006_offset_00,opening_006,early,8,r1b1k1nr/pppp1ppp/n3p3/6q1/1b6/P2P4/2PNPPPP/R1BQKBNR w KQkq - 0 5,white,transmitter_sign_shuffle,64,18,a3b4,c1b2,-54.0,688.0,742.0,0,0,5,4,0.0006196410395205021,0.0008844947174552747,0.3312693498452013,0.25490196078431376,1152,72.65270279999822,72.73980270000175,,0
opening_006_offset_04,opening_006,early,12,r1b1k1nr/pppp1ppp/n3p3/5q2/Pb2P3/3P4/2PN1PPP/R1BQKBNR w KQkq - 1 7,white,transmitter_sign_shuffle,1,26,e4f5,h2h4,-42.0,783.0,825.0,0,0,5,11,0.0,0.0,,,26,1.3210444999858737,84.11939460004214,,0
opening_006_offset_04,opening_006,early,12,r1b1k1nr/pppp1ppp/n3p3/5q2/Pb2P3/3P4/2PN1PPP/R1BQKBNR w KQkq - 1 7,white,transmitter_sign_shuffle,2,26,e4f5,g1h3,-76.0,783.0,859.0,0,0,11,4,0.0,0.0004239920424062558,0.03615264833992355,-0.03935208907339702,52,2.6885588999139145,84.11939460004214,,0
opening_006_offset_04,opening_006,early,12,r1b1k1nr/pppp1ppp/n3p3/5q2/Pb2P3/3P4/2PN1PPP/R1BQKBNR w KQkq - 1 7,white,transmitter_sign_shuffle,4,26,e4f5,c1b2,-14.0,783.0,797.0,0,0,3,5,0.0007265163585543633,0.0007752024668950804,0.31184818373367207,0.215716742976478,104,5.20857159991283,84.11939460004214,,0
opening_006_offset_04,opening_006,early,12,r1b1k1nr/pppp1ppp/n3p3/5q2/Pb2P3/3P4/2PN1PPP/R1BQKBNR w KQkq - 1 7,white,transmitter_sign_shuffle,8,26,e4f5,c1b2,-14.0,783.0,797.0,0,0,3,5,0.0006235446780920029,0.0007909500133171557,0.29543512143189987,0.20955340746286433,208,10.555110799963586,84.11939460004214,,0
opening_006_offset_04,opening_006,early,12,r1b1k1nr/pppp1ppp/n3p3/5q2/Pb2P3/3P4/2PN1PPP/R1BQKBNR w KQkq - 1 7,white,transmitter_sign_shuffle,16,26,e4f5,c1b2,-14.0,783.0,797.0,0,0,3,5,0.0006196708418428898,0.0007911921029160099,0.28859634547282803,0.20339007194925068,416,20.886138999951072,84.11939460004214,,0
opening_006_offset_04,opening_006,early,12,r1b1k1nr/pppp1ppp/n3p3/5q2/Pb2P3/3P4/2PN1PPP/R1BQKBNR w KQkq - 1 7,white,transmitter_sign_shuffle,32,26,e4f5,c1b2,-14.0,783.0,797.0,0,0,3,5,0.0006196275353431702,0.0007912366272663786,0.28859634547282803,0.20339007194925068,832,45.98733439994976,84.11939460004214,,0
opening_006_offset_04,opening_006,early,12,r1b1k1nr/pppp1ppp/n3p3/5q2/Pb2P3/3P4/2PN1PPP/R1BQKBNR w KQkq - 1 7,white,transmitter_sign_shuffle,64,26,e4f5,c1b2,-14.0,783.0,797.0,0,0,3,5,0.0006195842288434505,0.0007914364359275632,0.28859634547282803,0.20339007194925068,1664,83.8825151999481,84.11939460004214,,0
opening_006_offset_08,opening_006,early,16,r1b1k1nr/ppp2ppp/n2pp3/2q5/Pb2P3/3P1P2/2PNB1PP/R1BQK1NR w KQkq - 0 9,white,transmitter_sign_shuffle,1,18,c1b2,h2h4,-172.0,-65.0,107.0,0,0,4,13,0.0,0.0,,,18,1.0402983000967652,62.095161599921994,,0
opening_006_offset_08,opening_006,early,16,r1b1k1nr/ppp2ppp/n2pp3/2q5/Pb2P3/3P1P2/2PNB1PP/R1BQK1NR w KQkq - 0 9,white,transmitter_sign_shuffle,2,18,c1b2,f3f4,-191.0,-65.0,126.0,0,1,8,3,0.0032473381143063307,0.0010379641802116212,0.24390509922777867,0.14717777039140906,36,2.233429200015962,62.095161599921994,,0
opening_006_offset_08,opening_006,early,16,r1b1k1nr/ppp2ppp/n2pp3/2q5/Pb2P3/3P1P2/2PNB1PP/R1BQK1NR w KQkq - 0 9,white,transmitter_sign_shuffle,4,18,c1b2,f3f4,-191.0,-65.0,126.0,0,1,8,2,0.0033822902478277683,0.0015061763397309726,0.4914817381862392,0.3409854393246746,72,4.139342400012538,62.095161599921994,,0
opening_006_offset_08,opening_006,early,16,r1b1k1nr/ppp2ppp/n2pp3/2q5/Pb2P3/3P1P2/2PNB1PP/R1BQK1NR w KQkq - 0 9,white,transmitter_sign_shuffle,8,18,c1b2,f3f4,-191.0,-65.0,126.0,0,1,8,2,0.0034275581128895283,0.0015137934091980628,0.4315953079030419,0.301640965556443,144,7.86713949998375,62.095161599921994,,0
opening_006_offset_08,opening_006,early,16,r1b1k1nr/ppp2ppp/n2pp3/2q5/Pb2P3/3P1P2/2PNB1PP/R1BQK1NR w KQkq - 0 9,white,transmitter_sign_shuffle,16,18,c1b2,f3f4,-191.0,-65.0,126.0,0,1,8,2,0.0034305136650800705,0.0015139402869634039,0.4315953079030419,0.301640965556443,288,15.265294600045308,62.095161599921994,,0
opening_006_offset_08,opening_006,early,16,r1b1k1nr/ppp2ppp/n2pp3/2q5/Pb2P3/3P1P2/2PNB1PP/R1BQK1NR w KQkq - 0 9,white,transmitter_sign_shuffle,32,18,c1b2,f3f4,-191.0,-65.0,126.0,0,1,8,2,0.0034305592998862267,0.001513933565745989,0.4315953079030419,0.301640965556443,576,30.34987680008635,62.095161599921994,,0
opening_006_offset_08,opening_006,early,16,r1b1k1nr/ppp2ppp/n2pp3/2q5/Pb2P3/3P1P2/2PNB1PP/R1BQK1NR w KQkq - 0 9,white,transmitter_sign_shuffle,64,18,c1b2,f3f4,-191.0,-65.0,126.0,0,1,8,2,0.003429949749261141,0.001513794352604326,0.4315953079030419,0.301640965556443,1152,61.98988760006614,62.095161599921994,,0
opening_006_offset_12,opening_006,middle,20,r1b2knr/ppp2ppp/n2pp3/2q5/P3P3/b2P1P2/RBPNB1PP/3QK1NR w K - 4 11,white,transmitter_sign_shuffle,1,30,a2a3,h2h4,-102.0,826.0,928.0,0,0,11,29,0.0,0.0,,,30,1.3259415000211447,80.22654419997707,,0
opening_006_offset_12,opening_006,middle,20,r1b2knr/ppp2ppp/n2pp3/2q5/P3P3/b2P1P2/RBPNB1PP/3QK1NR w K - 4 11,white,transmitter_sign_shuffle,2,30,a2a3,f3f4,-42.0,826.0,868.0,0,0,8,24,0.003247337881475687,0.0008323174061946909,0.13968187720925127,0.07540587421385625,60,3.531609099940397,80.22654419997707,,0
opening_006_offset_12,opening_006,middle,20,r1b2knr/ppp2ppp/n2pp3/2q5/P3P3/b2P1P2/RBPNB1PP/3QK1NR w K - 4 11,white,transmitter_sign_shuffle,4,30,a2a3,f3f4,-42.0,826.0,868.0,0,0,8,24,0.0038280407898128033,0.001230797082947829,0.1635150166852058,0.09885057471264368,120,6.357189300004393,80.22654419997707,,0
opening_006_offset_12,opening_006,middle,20,r1b2knr/ppp2ppp/n2pp3/2q5/P3P3/b2P1P2/RBPNB1PP/3QK1NR w K - 4 11,white,transmitter_sign_shuffle,8,30,a2a3,f3f4,-42.0,826.0,868.0,0,0,8,24,0.0035200645215809345,0.0012905897798230095,0.16885428253615126,0.0896551724137931,240,12.278910499997437,80.22654419997707,,0
opening_006_offset_12,opening_006,middle,20,r1b2knr/ppp2ppp/n2pp3/2q5/P3P3/b2P1P2/RBPNB1PP/3QK1NR w K - 4 11,white,transmitter_sign_shuffle,16,30,a2a3,f3f4,-42.0,826.0,868.0,0,0,8,24,0.003500907216221094,0.0012945383722814607,0.16885428253615126,0.0896551724137931,480,22.605543299927376,80.22654419997707,,0
opening_006_offset_12,opening_006,middle,20,r1b2knr/ppp2ppp/n2pp3/2q5/P3P3/b2P1P2/RBPNB1PP/3QK1NR w K - 4 11,white,transmitter_sign_shuffle,32,30,a2a3,f3f4,-42.0,826.0,868.0,0,0,8,24,0.0035009030252695084,0.0012946623230459804,0.16885428253615126,0.0896551724137931,960,42.386052099987864,80.22654419997707,,0
opening_006_offset_12,opening_006,middle,20,r1b2knr/ppp2ppp/n2pp3/2q5/P3P3/b2P1P2/RBPNB1PP/3QK1NR w K - 4 11,white,transmitter_sign_shuffle,64,30,a2a3,f3f4,-42.0,826.0,868.0,0,0,8,24,0.0035002650693058968,0.0012952346323197121,0.16929922135706338,0.0942528735632184,1920,80.02248869999312,80.22654419997707,,0
opening_006_offset_16,opening_006,middle,24,1rb2knr/ppp2ppp/n2pp3/4P3/Pq1P4/b4P2/RBPNB1PP/3QK1NR w K - 1 13,white,transmitter_sign_shuffle,1,27,b2a3,h2h4,-808.0,854.0,1662.0,0,0,27,23,0.0,0.0,,,27,1.1369286000262946,80.11787509999704,,0
opening_006_offset_16,opening_006,middle,24,1rb2knr/ppp2ppp/n2pp3/4P3/Pq1P4/b4P2/RBPNB1PP/3QK1NR w K - 1 13,white,transmitter_sign_shuffle,2,27,b2a3,f3f4,-646.0,854.0,1500.0,0,0,16,4,0.0032473374158143997,0.0009831574428085569,0.05085818684912981,0.052258940037442886,54,2.4462946000276133,80.11787509999704,,0
opening_006_offset_16,opening_006,middle,24,1rb2knr/ppp2ppp/n2pp3/4P3/Pq1P4/b4P2/RBPNB1PP/3QK1NR w K - 1 13,white,transmitter_sign_shuffle,4,27,b2a3,f3f4,-646.0,854.0,1500.0,0,1,16,3,0.0041082066018134356,0.0018257515253831981,0.18681318681318682,0.11680911680911683,108,4.81002490001265,80.11787509999704,,0
opening_006_offset_16,opening_006,middle,24,1rb2knr/ppp2ppp/n2pp3/4P3/Pq1P4/b4P2/RBPNB1PP/3QK1NR w K - 1 13,white,transmitter_sign_shuffle,8,27,b2a3,f3f4,-646.0,854.0,1500.0,0,1,16,2,0.003919454291462898,0.0019208509336557057,0.22039072039072038,0.14529914529914534,216,9.725722100003622,80.11787509999704,,0
opening_006_offset_16,opening_006,middle,24,1rb2knr/ppp2ppp/n2pp3/4P3/Pq1P4/b4P2/RBPNB1PP/3QK1NR w K - 1 13,white,transmitter_sign_shuffle,16,27,b2a3,f3f4,-646.0,854.0,1500.0,0,1,16,2,0.003900487208738923,0.0019231848893051253,0.22039072039072038,0.14529914529914534,432,19.33964849996846,80.11787509999704,,0
opening_006_offset_16,opening_006,middle,24,1rb2knr/ppp2ppp/n2pp3/4P3/Pq1P4/b4P2/RBPNB1PP/3QK1NR w K - 1 13,white,transmitter_sign_shuffle,32,27,b2a3,f3f4,-646.0,854.0,1500.0,0,1,16,2,0.003900473937392235,0.0019232232627579477,0.221001221001221,0.15099715099715103,864,39.58702620002441,80.11787509999704,,0
opening_006_offset_16,opening_006,middle,24,1rb2knr/ppp2ppp/n2pp3/4P3/Pq1P4/b4P2/RBPNB1PP/3QK1NR w K - 1 13,white,transmitter_sign_shuffle,64,27,b2a3,f3f4,-646.0,854.0,1500.0,0,1,16,2,0.003899710951372981,0.0019232611779670273,0.2094017094017094,0.14529914529914534,1728,79.96902680001222,80.11787509999704,,0
opening_006_offset_20,opening_006,late,28,r1b2knr/ppp3pp/n2ppp2/4P3/Pq1P4/b2B1P2/RBPNK1PP/3Q2NR w - - 0 15,white,transmitter_sign_shuffle,1,39,b2a3,h2h4,-636.0,820.0,1456.0,0,0,27,35,0.0,0.0,,,39,2.090512700029649,126.20013170002494,,0
opening_006_offset_20,opening_006,late,28,r1b2knr/ppp3pp/n2ppp2/4P3/Pq1P4/b2B1P2/RBPNK1PP/3Q2NR w - - 0 15,white,transmitter_sign_shuffle,2,39,b2a3,f3f4,-483.0,820.0,1303.0,0,1,16,3,0.0032473253086209297,0.0008915970874696977,0.06984901236388938,0.04801644050802239,78,4.275296400068328,126.20013170002494,,0
opening_006_offset_20,opening_006,late,28,r1b2knr/ppp3pp/n2ppp2/4P3/Pq1P4/b2B1P2/RBPNK1PP/3Q2NR w - - 0 15,white,transmitter_sign_shuffle,4,39,b2a3,f3f4,-483.0,820.0,1303.0,0,1,16,3,0.004107892338652164,0.0018242972127461095,0.14211245526575966,0.09723162243507417,156,8.34502800006885,126.20013170002494,,0
opening_006_offset_20,opening_006,late,28,r1b2knr/ppp3pp/n2ppp2/4P3/Pq1P4/b2B1P2/RBPNK1PP/3Q2NR w - - 0 15,white,transmitter_sign_shuffle,8,39,b2a3,f3f4,-483.0,820.0,1303.0,0,1,16,2,0.0039188063237816095,0.0019228141412089726,0.1547649174511015,0.0945307440340999,312,15.86763079999946,126.20013170002494,,0
opening_006_offset_20,opening_006,late,28,r1b2knr/ppp3pp/n2ppp2/4P3/Pq1P4/b2B1P2/RBPNK1PP/3Q2NR w - - 0 15,white,transmitter_sign_shuffle,16,39,b2a3,f3f4,-483.0,820.0,1303.0,0,1,16,2,0.003899809962604195,0.0019243609405312904,0.1547649174511015,0.0945307440340999,624,31.73597639997024,126.20013170002494,,0
opening_006_offset_20,opening_006,late,28,r1b2knr/ppp3pp/n2ppp2/4P3/Pq1P4/b2B1P2/RBPNK1PP/3Q2NR w - - 0 15,white,transmitter_sign_shuffle,32,39,b2a3,f3f4,-483.0,820.0,1303.0,0,1,16,2,0.0038998103118501604,0.0019243726739297505,0.1547649174511015,0.0945307440340999,1248,63.14771829999518,126.20013170002494,,0
opening_006_offset_20,opening_006,late,28,r1b2knr/ppp3pp/n2ppp2/4P3/Pq1P4/b2B1P2/RBPNK1PP/3Q2NR w - - 0 15,white,transmitter_sign_shuffle,64,39,b2a3,f3f4,-483.0,820.0,1303.0,0,1,16,2,0.0038994697970338166,0.0019243092828338825,0.1507161295517921,0.09182986563312562,2496,125.94606430002023,126.20013170002494,,0
opening_006_offset_24,opening_006,late,32,r4k1r/pppb2pp/n2ppp1n/4P3/Pq1P4/b2B1P2/RBPN1KPP/5QNR w - - 4 17,white,transmitter_sign_shuffle,1,41,b2a3,h2h4,-764.0,150.0,914.0,0,0,23,37,0.0,0.0,,,41,1.7675985000096262,124.02056109998375,,0
opening_006_offset_24,opening_006,late,32,r4k1r/pppb2pp/n2ppp1n/4P3/Pq1P4/b2B1P2/RBPN1KPP/5QNR w - - 4 17,white,transmitter_sign_shuffle,2,41,b2a3,f3f4,-785.0,150.0,935.0,0,0,26,4,0.003247337299399078,0.0008827402970562505,0.10137480769507794,0.07673855056254615,82,3.5470139000099152,124.02056109998375,,0
opening_006_offset_24,opening_006,late,32,r4k1r/pppb2pp/n2ppp1n/4P3/Pq1P4/b2B1P2/RBPN1KPP/5QNR w - - 4 17,white,transmitter_sign_shuffle,4,41,b2a3,f3f4,-785.0,150.0,935.0,0,0,26,4,0.004107911954633892,0.0017977232460845663,0.15166826436155906,0.10744818754237917,164,7.211201900034212,124.02056109998375,,0
opening_006_offset_24,opening_006,late,32,r4k1r/pppb2pp/n2ppp1n/4P3/Pq1P4/b2B1P2/RBPN1KPP/5QNR w - - 4 17,white,transmitter_sign_shuffle,8,41,b2a3,f3f4,-785.0,150.0,935.0,0,1,26,2,0.003918806207366288,0.0018949878944205716,0.17100792816871938,0.12210021311633996,328,14.402741999947466,124.02056109998375,,0
opening_006_offset_24,opening_006,late,32,r4k1r/pppb2pp/n2ppp1n/4P3/Pq1P4/b2B1P2/RBPN1KPP/5QNR w - - 4 17,white,transmitter_sign_shuffle,16,41,b2a3,f3f4,-785.0,150.0,935.0,0,1,26,2,0.003899809904396534,0.0018965063208554373,0.17100792816871938,0.12210021311633996,656,28.552107400028035,124.02056109998375,,0
opening_006_offset_24,opening_006,late,32,r4k1r/pppb2pp/n2ppp1n/4P3/Pq1P4/b2B1P2/RBPN1KPP/5QNR w - - 4 17,white,transmitter_sign_shuffle,32,41,b2a3,f3f4,-785.0,150.0,935.0,0,1,26,2,0.003899806411936879,0.0018965220902438993,0.17100792816871938,0.12210021311633996,1312,60.1708480999805,124.02056109998375,,0
opening_006_offset_24,opening_006,late,32,r4k1r/pppb2pp/n2ppp1n/4P3/Pq1P4/b2B1P2/RBPN1KPP/5QNR w - - 4 17,white,transmitter_sign_shuffle,64,41,b2a3,f3f4,-785.0,150.0,935.0,0,1,26,2,0.0038994626374915242,0.001896469606207582,0.17100792816871938,0.12210021311633996,2624,123.76804360002279,124.02056109998375,,0
opening_007_offset_00,opening_007,early,8,rn1qkb1r/ppp1p1pp/3p1n2/5p2/1P6/2N2PPb/P1PPP2P/R1BQKBNR w KQkq - 1 5,white,transmitter_sign_shuffle,1,21,g1h3,g3g4,-168.0,799.0,967.0,0,1,20,2,0.0,0.0,,,21,0.8255292000249028,64.52572619996499,,0
opening_007_offset_00,opening_007,early,8,rn1qkb1r/ppp1p1pp/3p1n2/5p2/1P6/2N2PPb/P1PPP2P/R1BQKBNR w KQkq - 1 5,white,transmitter_sign_shuffle,2,21,g1h3,f3f4,-20.0,799.0,819.0,0,1,11,3,0.0025897908490151167,0.00096893641866463,0.23696299595402517,0.16505632294338118,42,2.05505959992297,64.52572619996499,,0
opening_007_offset_00,opening_007,early,8,rn1qkb1r/ppp1p1pp/3p1n2/5p2/1P6/2N2PPb/P1PPP2P/R1BQKBNR w KQkq - 1 5,white,transmitter_sign_shuffle,4,21,g1h3,f3f4,-20.0,799.0,819.0,0,1,11,3,0.0033814911730587482,0.0013956767095604874,0.2879494103394951,0.21258271307256443,84,4.030897999997251,64.52572619996499,,0
opening_007_offset_00,opening_007,early,8,rn1qkb1r/ppp1p1pp/3p1n2/5p2/1P6/2N2PPb/P1PPP2P/R1BQKBNR w KQkq - 1 5,white,transmitter_sign_shuffle,8,21,g1h3,f3f4,-20.0,799.0,819.0,0,1,11,3,0.0034263492561876774,0.0014237330506538745,0.2775259022729071,0.183594161289942,168,7.776939500006847,64.52572619996499,,0
opening_007_offset_00,opening_007,early,8,rn1qkb1r/ppp1p1pp/3p1n2/5p2/1P6/2N2PPb/P1PPP2P/R1BQKBNR w KQkq - 1 5,white,transmitter_sign_shuffle,16,21,g1h3,f3f4,-20.0,799.0,819.0,0,1,11,3,0.003429376520216465,0.00142431681021789,0.2775259022729071,0.183594161289942,336,15.933726500021294,64.52572619996499,,0
opening_007_offset_00,opening_007,early,8,rn1qkb1r/ppp1p1pp/3p1n2/5p2/1P6/2N2PPb/P1PPP2P/R1BQKBNR w KQkq - 1 5,white,transmitter_sign_shuffle,32,21,g1h3,f3f4,-20.0,799.0,819.0,0,1,11,3,0.0034294272772967815,0.0014243260289573834,0.2775259022729071,0.183594161289942,672,32.10993709997274,64.52572619996499,,0
opening_007_offset_00,opening_007,early,8,rn1qkb1r/ppp1p1pp/3p1n2/5p2/1P6/2N2PPb/P1PPP2P/R1BQKBNR w KQkq - 1 5,white,transmitter_sign_shuffle,64,21,g1h3,f3f4,-20.0,799.0,819.0,0,1,11,3,0.003428732044994831,0.001424206397389916,0.2775259022729071,0.183594161289942,1344,64.39733950002119,64.52572619996499,,0
opening_007_offset_04,opening_007,early,12,rn1qkb1r/ppp1p1pp/3p1n2/3N1p2/1P3P2/5bP1/P1PPP2P/R1BQKBNR w KQkq - 3 7,white,transmitter_sign_shuffle,1,27,d5f6,h2h4,-805.0,479.0,1284.0,0,0,18,12,0.0,0.0,,,27,1.1218872000463307,76.44770349992905,,0
opening_007_offset_04,opening_007,early,12,rn1qkb1r/ppp1p1pp/3p1n2/3N1p2/1P3P2/5bP1/P1PPP2P/R1BQKBNR w KQkq - 3 7,white,transmitter_sign_shuffle,2,27,d5f6,b4b5,-778.0,479.0,1257.0,0,0,14,5,0.00024807872250676155,0.0008966940213196888,0.2823098602225276,0.16642908825148525,54,2.2882346000988036,76.44770349992905,,0
opening_007_offset_04,opening_007,early,12,rn1qkb1r/ppp1p1pp/3p1n2/3N1p2/1P3P2/5bP1/P1PPP2P/R1BQKBNR w KQkq - 3 7,white,transmitter_sign_shuffle,4,27,d5f6,c1b2,-742.0,479.0,1221.0,0,0,11,4,0.00030150171369314194,0.0013820893701679364,0.21034956740265115,0.1027105182026191,108,4.626319200033322,76.44770349992905,,0
opening_007_offset_04,opening_007,early,12,rn1qkb1r/ppp1p1pp/3p1n2/3N1p2/1P3P2/5bP1/P1PPP2P/R1BQKBNR w KQkq - 3 7,white,transmitter_sign_shuffle,8,27,d5f6,c1b2,-742.0,479.0,1221.0,0,0,11,4,0.00016796402633190155,0.0014400344053622758,0.18836819025752652,0.07988595860203708,216,9.451646800036542,76.44770349992905,,0
opening_007_offset_04,opening_007,early,12,rn1qkb1r/ppp1p1pp/3p1n2/3N1p2/1P3P2/5bP1/P1PPP2P/R1BQKBNR w KQkq - 3 7,white,transmitter_sign_shuffle,16,27,d5f6,c1b2,-742.0,479.0,1221.0,0,0,11,4,0.00016289064660668373,0.0014413520732752697,0.18836819025752652,0.07988595860203708,432,19.4280671000015,76.44770349992905,,0
opening_007_offset_04,opening_007,early,12,rn1qkb1r/ppp1p1pp/3p1n2/3N1p2/1P3P2/5bP1/P1PPP2P/R1BQKBNR w KQkq - 3 7,white,transmitter_sign_shuffle,32,27,d5f6,c1b2,-742.0,479.0,1221.0,0,0,11,4,0.00016273045912384987,0.0014413712710587907,0.18836819025752652,0.07988595860203708,864,38.296589000034146,76.44770349992905,,0
opening_007_offset_04,opening_007,early,12,rn1qkb1r/ppp1p1pp/3p1n2/3N1p2/1P3P2/5bP1/P1PPP2P/R1BQKBNR w KQkq - 3 7,white,transmitter_sign_shuffle,64,27,d5f6,c1b2,-742.0,479.0,1221.0,0,0,11,4,0.0001627742312848568,0.0014414352607217764,0.18836819025752652,0.07988595860203708,1728,76.30284610006493,76.44770349992905,,0
opening_007_offset_08,opening_007,early,16,rn1qkb1r/pp1np1pp/3p4/2pN1p2/1P3P2/5bPB/P1PPP2P/1RBQK1NR w Kkq - 0 9,white,transmitter_sign_shuffle,1,30,g1f3,h3g4,-655.0,803.0,1458.0,0,0,17,6,0.0,0.0,,,30,1.1761681999778375,76.38479450007435,,0
opening_007_offset_08,opening_007,early,16,rn1qkb1r/pp1np1pp/3p4/2pN1p2/1P3P2/5bPB/P1PPP2P/1RBQK1NR w Kkq - 0 9,white,transmitter_sign_shuffle,2,30,g1f3,b4c5,-598.0,803.0,1401.0,0,1,16,3,0.00044311676174402237,0.0008930798770387683,0.4157799986065338,0.315293376800042,60,2.3584847999736667,76.38479450007435,,0
opening_007_offset_08,opening_007,early,16,rn1qkb1r/pp1np1pp/3p4/2pN1p2/1P3P2/5bPB/P1PPP2P/1RBQK1NR w Kkq - 0 9,white,transmitter_sign_shuffle,4,30,g1f3,b1b2,-792.0,803.0,1595.0,0,1,28,3,4.973262548446655e-06,0.0013473367137155536,0.10790966803897184,0.10126588983403761,120,5.023114599986002,76.38479450007435,,0
opening_007_offset_08,opening_007,early,16,rn1qkb1r/pp1np1pp/3p4/2pN1p2/1P3P2/5bPB/P1PPP2P/1RBQK1NR w Kkq - 0 9,white,transmitter_sign_shuffle,8,30,g1f3,b1b2,-792.0,803.0,1595.0,0,1,28,3,1.1544674634933472e-05,0.001398747900971509,0.0649682949842882,0.04602994992456255,240,10.660016000038013,76.38479450007435,,0
opening_007_offset_08,opening_007,early,16,rn1qkb1r/pp1np1pp/3p4/2pN1p2/1P3P2/5bPB/P1PPP2P/1RBQK1NR w Kkq - 0 9,white,transmitter_sign_shuffle,16,30,g1f3,b1b2,-792.0,803.0,1595.0,0,1,28,3,1.1570751667022705e-05,0.0013997679476082914,0.0649682949842882,0.04602994992456255,480,21.31899209995754,76.38479450007435,,0
opening_007_offset_08,opening_007,early,16,rn1qkb1r/pp1np1pp/3p4/2pN1p2/1P3P2/5bPB/P1PPP2P/1RBQK1NR w Kkq - 0 9,white,transmitter_sign_shuffle,32,30,g1f3,b1b2,-792.0,803.0,1595.0,0,1,28,3,1.1576339602470398e-05,0.001399790982470561,0.0649682949842882,0.04602994992456255,960,39.96953929995652,76.38479450007435,,0
opening_007_offset_08,opening_007,early,16,rn1qkb1r/pp1np1pp/3p4/2pN1p2/1P3P2/5bPB/P1PPP2P/1RBQK1NR w Kkq - 0 9,white,transmitter_sign_shuffle,64,30,g1f3,b1b2,-792.0,803.0,1595.0,0,1,28,3,1.1579133570194244e-05,0.0013998214653928062,0.0649682949842882,0.04602994992456255,1920,76.20268240000587,76.38479450007435,,0
opening_007_offset_12,opening_007,middle,20,rnq1kb1r/1p1np1pp/p2p4/2pN1p2/1P3P2/2PP1bPB/P3P2P/1RBQK1NR w Kkq - 1 11,white,transmitter_sign_shuffle,1,34,e2f3,h3g4,-643.0,801.0,1444.0,0,0,25,7,0.0,0.0,,,34,1.180951000074856,86.23128509998787,,0
opening_007_offset_12,opening_007,middle,20,rnq1kb1r/1p1np1pp/p2p4/2pN1p2/1P3P2/2PP1bPB/P3P2P/1RBQK1NR w Kkq - 1 11,white,transmitter_sign_shuffle,2,34,e2f3,b4c5,-208.0,801.0,1009.0,0,0,7,4,0.0004431121051311493,0.0008398819504142375,0.48189700732808305,0.37731224737570396,68,2.448486200068146,86.23128509998787,,0
opening_007_offset_12,opening_007,middle,20,rnq1kb1r/1p1np1pp/p2p4/2pN1p2/1P3P2/2PP1bPB/P3P2P/1RBQK1NR w Kkq - 1 11,white,transmitter_sign_shuffle,4,34,e2f3,b1b2,-538.0,801.0,1339.0,0,0,14,7,4.973262548446655e-06,0.0012691575980567245,0.2576209038002233,0.1784122030127294,136,5.422998700058088,86.23128509998787,,0
opening_007_offset_12,opening_007,middle,20,rnq1kb1r/1p1np1pp/p2p4/2pN1p2/1P3P2/2PP1bPB/P3P2P/1RBQK1NR w Kkq - 1 11,white,transmitter_sign_shuffle,8,34,e2f3,b1b2,-538.0,801.0,1339.0,0,0,14,6,1.1546537280082703e-05,0.0013163783686204892,0.22293528982474833,0.13916151834992893,272,11.59878060000483,86.23128509998787,,0
opening_007_offset_12,opening_007,middle,20,rnq1kb1r/1p1np1pp/p2p4/2pN1p2/1P3P2/2PP1bPB/P3P2P/1RBQK1NR w Kkq - 1 11,white,transmitter_sign_shuffle,16,34,e2f3,b1b2,-538.0,801.0,1339.0,0,0,14,6,1.1566095054149628e-05,0.0013170964799046811,0.2232408899478803,0.1427297624101835,544,23.346011400106363,86.23128509998787,,0
opening_007_offset_12,opening_007,middle,20,rnq1kb1r/1p1np1pp/p2p4/2pN1p2/1P3P2/2PP1bPB/P3P2P/1RBQK1NR w Kkq - 1 11,white,transmitter_sign_shuffle,32,34,e2f3,b1b2,-538.0,801.0,1339.0,0,0,14,6,1.1573545634746552e-05,0.0013171446656303572,0.2232408899478803,0.1427297624101835,1088,43.86549890006427,86.23128509998787,,0
opening_007_offset_12,opening_007,middle,20,rnq1kb1r/1p1np1pp/p2p4/2pN1p2/1P3P2/2PP1bPB/P3P2P/1RBQK1NR w Kkq - 1 11,white,transmitter_sign_shuffle,64,34,e2f3,b1b2,-538.0,801.0,1339.0,0,0,14,6,1.156982034444809e-05,0.0013172872672566165,0.22201848945535255,0.13916151834992893,2176,86.04573920008261,86.23128509998787,,0
opening_007_offset_16,opening_007,middle,24,r1q1kb1r/1p1np1p1/p1np4/2pN1p1p/1P3P2/2PP1bPB/P2KP2P/R1BQ2NR w kq - 0 13,white,transmitter_sign_shuffle,1,31,g1f3,h3g4,-762.0,762.0,1524.0,0,0,20,6,0.0,0.0,,,31,1.1165609000017866,82.45462229999248,,0
opening_007_offset_16,opening_007,middle,24,r1q1kb1r/1p1np1p1/p1np4/2pN1p1p/1P3P2/2PP1bPB/P2KP2P/R1BQ2NR w kq - 0 13,white,transmitter_sign_shuffle,2,31,g1f3,b4c5,-578.0,762.0,1340.0,0,1,12,3,0.00044311489909887314,0.0008780253974343279,0.4155478986861346,0.26788418733294955,62,2.3406788000138476,82.45462229999248,,0
opening_007_offset_16,opening_007,middle,24,r1q1kb1r/1p1np1p1/p1np4/2pN1p1p/1P3P2/2PP1bPB/P2KP2P/R1BQ2NR w kq - 0 13,white,transmitter_sign_shuffle,4,31,g1f3,c1b2,-683.0,762.0,1445.0,0,1,14,2,0.00030154548585414886,0.0012743269810319329,0.11614074058417766,0.06889132085922964,124,4.695220099994913,82.45462229999248,,0
opening_007_offset_16,opening_007,middle,24,r1q1kb1r/1p1np1p1/p1np4/2pN1p1p/1P3P2/2PP1bPB/P2KP2P/R1BQ2NR w kq - 0 13,white,transmitter_sign_shuffle,8,31,g1f3,c1b2,-683.0,762.0,1445.0,0,1,14,2,0.00016795657575130463,0.0013275804330292063,0.08347615729487769,0.043057075537018534,248,9.280633199959993,82.45462229999248,,0
opening_007_offset_16,opening_007,middle,24,r1q1kb1r/1p1np1p1/p1np4/2pN1p1p/1P3P2/2PP1bPB/P2KP2P/R1BQ2NR w kq - 0 13,white,transmitter_sign_shuffle,16,31,g1f3,c1b2,-683.0,762.0,1445.0,0,1,14,2,0.0001628762111067772,0.0013287727341976397,0.08347615729487769,0.043057075537018534,496,18.59031060000416,82.45462229999248,,0
opening_007_offset_16,opening_007,middle,24,r1q1kb1r/1p1np1p1/p1np4/2pN1p1p/1P3P2/2PP1bPB/P2KP2P/R1BQ2NR w kq - 0 13,white,transmitter_sign_shuffle,32,31,g1f3,c1b2,-683.0,762.0,1445.0,0,1,14,2,0.00016270950436592102,0.0013288089573275984,0.08347615729487769,0.043057075537018534,992,41.99202690005768,82.45462229999248,,0
opening_007_offset_16,opening_007,middle,24,r1q1kb1r/1p1np1p1/p1np4/2pN1p1p/1P3P2/2PP1bPB/P2KP2P/R1BQ2NR w kq - 0 13,white,transmitter_sign_shuffle,64,31,g1f3,c1b2,-683.0,762.0,1445.0,0,1,14,2,0.00016276352107524872,0.0013288979965797789,0.08710555543813324,0.043057075537018534,1984,82.28277130005881,82.45462229999248,,0
opening_007_offset_20,opening_007,late,28,r1q1kb1r/1p2p1p1/p1np4/2pN1p1p/1Pn2P2/P1PP1bPB/3KP2P/1RBQ2NR w kq - 1 15,white,transmitter_sign_shuffle,1,3,d3c4,d3c4,-10.0,-10.0,0.0,1,1,1,1,0.0,0.0,,,3,0.39780740009155124,16.702618399984203,,0
opening_007_offset_20,opening_007,late,28,r1q1kb1r/1p2p1p1/p1np4/2pN1p1p/1Pn2P2/P1PP1bPB/3KP2P/1RBQ2NR w kq - 1 15,white,transmitter_sign_shuffle,2,3,d3c4,d3c4,-10.0,-10.0,0.0,1,1,1,1,0.00021895021200180054,0.00010321411976580359,0.8660254037844387,0.816496580927726,6,0.6518812000285834,16.702618399984203,,0
opening_007_offset_20,opening_007,late,28,r1q1kb1r/1p2p1p1/p1np4/2pN1p1p/1Pn2P2/P1PP1bPB/3KP2P/1RBQ2NR w kq - 1 15,white,transmitter_sign_shuffle,4,3,d3c4,d2e1,-569.0,-10.0,559.0,0,1,3,3,9.945034980773926e-05,0.00020420025544155525,-1.0,-1.0,12,1.0540260000852868,16.702618399984203,,0
opening_007_offset_20,opening_007,late,28,r1q1kb1r/1p2p1p1/p1np4/2pN1p1p/1Pn2P2/P1PP1bPB/3KP2P/1RBQ2NR w kq - 1 15,white,transmitter_sign_shuffle,8,3,d3c4,d2e1,-569.0,-10.0,559.0,0,1,3,3,0.0001464635133743286,0.00019852217912607803,-1.0,-1.0,24,2.348325900034979,16.702618399984203,,0
opening_007_offset_20,opening_007,late,28,r1q1kb1r/1p2p1p1/p1np4/2pN1p1p/1Pn2P2/P1PP1bPB/3KP2P/1RBQ2NR w kq - 1 15,white,transmitter_sign_shuffle,16,3,d3c4,d2e1,-569.0,-10.0,559.0,0,1,3,3,0.00014698319137096405,0.00019853554378803124,-1.0,-1.0,48,4.766708499984816,16.702618399984203,,0
opening_007_offset_20,opening_007,late,28,r1q1kb1r/1p2p1p1/p1np4/2pN1p1p/1Pn2P2/P1PP1bPB/3KP2P/1RBQ2NR w kq - 1 15,white,transmitter_sign_shuffle,32,3,d3c4,d2e1,-569.0,-10.0,559.0,0,1,3,3,0.00014701951295137405,0.00019860342785820586,-1.0,-1.0,96,8.736443000030704,16.702618399984203,,0
opening_007_offset_20,opening_007,late,28,r1q1kb1r/1p2p1p1/p1np4/2pN1p1p/1Pn2P2/P1PP1bPB/3KP2P/1RBQ2NR w kq - 1 15,white,transmitter_sign_shuffle,64,3,d3c4,d2e1,-569.0,-10.0,559.0,0,1,3,3,0.00014692824333906174,0.0001986855035786602,-1.0,-1.0,192,16.691435100045055,16.702618399984203,,0
opening_007_offset_24,opening_007,late,32,r1q1kbr1/1p4p1/p1npp3/2pN1p1p/1PnP1P2/P1P2bPB/2K1P2P/1RBQ2NR w q - 0 17,white,transmitter_sign_shuffle,1,30,g1f3,h3g4,-883.0,27.0,910.0,0,0,12,6,0.0,0.0,,,30,1.1964822000591084,90.5849281999981,,0
opening_007_offset_24,opening_007,late,32,r1q1kbr1/1p4p1/p1npp3/2pN1p1p/1PnP1P2/P1P2bPB/2K1P2P/1RBQ2NR w q - 0 17,white,transmitter_sign_shuffle,2,30,g1f3,b4c5,-868.0,27.0,895.0,0,1,10,3,0.0004431142006069422,0.0009468990950349877,0.5696581980421286,0.45981715383043203,60,2.4431533000897616,90.5849281999981,,0
opening_007_offset_24,opening_007,late,32,r1q1kbr1/1p4p1/p1npp3/2pN1p1p/1PnP1P2/P1P2bPB/2K1P2P/1RBQ2NR w q - 0 17,white,transmitter_sign_shuffle,4,30,g1f3,b1b2,-940.0,27.0,967.0,0,1,18,3,4.971283487975597e-06,0.001406680506359766,0.34638487208008895,0.2597701149425288,120,4.885072999983095,90.5849281999981,,0
opening_007_offset_24,opening_007,late,32,r1q1kbr1/1p4p1/p1npp3/2pN1p1p/1PnP1P2/P1P2bPB/2K1P2P/1RBQ2NR w q - 0 17,white,transmitter_sign_shuffle,8,30,g1f3,b1b2,-940.0,27.0,967.0,0,1,18,3,1.155707286670804e-05,0.0014639532928589006,0.2921023359288098,0.20459770114942533,240,10.153141100076027,90.5849281999981,,0
opening_007_offset_24,opening_007,late,32,r1q1kbr1/1p4p1/p1npp3/2pN1p1p/1PnP1P2/P1P2bPB/2K1P2P/1RBQ2NR w q - 0 17,white,transmitter_sign_shuffle,16,30,g1f3,b1b2,-940.0,27.0,967.0,0,1,18,3,1.1576572433114052e-05,0.0014649455968182654,0.29076751946607343,0.19999999999999998,480,19.633929200004786,90.5849281999981,,0
opening_007_offset_24,opening_007,late,32,r1q1kbr1/1p4p1/p1npp3/2pN1p1p/1PnP1P2/P1P2bPB/2K1P2P/1RBQ2NR w q - 0 17,white,transmitter_sign_shuffle,32,30,g1f3,b1b2,-940.0,27.0,967.0,0,1,18,3,1.1583499144762754e-05,0.0014650066551408591,0.29076751946607343,0.19999999999999998,960,41.351421900093555,90.5849281999981,,0
opening_007_offset_24,opening_007,late,32,r1q1kbr1/1p4p1/p1npp3/2pN1p1p/1PnP1P2/P1P2bPB/2K1P2P/1RBQ2NR w q - 0 17,white,transmitter_sign_shuffle,64,30,g1f3,b1b2,-940.0,27.0,967.0,0,1,18,3,1.1565280146896839e-05,0.0014651919609602298,0.2921023359288098,0.20459770114942533,1920,90.40045700001065,90.5849281999981,,0
opening_008_offset_00,opening_008,early,8,r1bq1bnr/pppkpppp/8/3p4/4P3/2N5/PPPP1PPP/R1BQK1NR w KQ - 0 5,white,transmitter_sign_shuffle,1,29,c3d5,h2h4,69.0,298.0,229.0,0,0,19,21,0.0,0.0,,,29,1.5746959999669343,89.63087850005832,,0
opening_008_offset_00,opening_008,early,8,r1bq1bnr/pppkpppp/8/3p4/4P3/2N5/PPPP1PPP/R1BQK1NR w KQ - 0 5,white,transmitter_sign_shuffle,2,29,c3d5,g1h3,144.0,298.0,154.0,0,0,9,25,0.0,0.0004192429186535356,0.3362499265776895,0.23635964989615987,58,2.932813699939288,89.63087850005832,,0
opening_008_offset_00,opening_008,early,8,r1bq1bnr/pppkpppp/8/3p4/4P3/2N5/PPPP1PPP/R1BQK1NR w KQ - 0 5,white,transmitter_sign_shuffle,4,29,c3d5,g1h3,144.0,298.0,154.0,0,0,9,27,1.4796241885051131e-05,0.0008162190895288754,0.06601798301091852,0.04685576928195016,116,5.895095399930142,89.63087850005832,,0
opening_008_offset_00,opening_008,early,8,r1bq1bnr/pppkpppp/8/3p4/4P3/2N5/PPPP1PPP/R1BQK1NR w KQ - 0 5,white,transmitter_sign_shuffle,8,29,c3d5,g1h3,144.0,298.0,154.0,0,0,9,27,1.4232238754630089e-05,0.0008904852714965065,0.11109742663404572,0.08631325920359241,232,11.249357799999416,89.63087850005832,,0
opening_008_offset_00,opening_008,early,8,r1bq1bnr/pppkpppp/8/3p4/4P3/2N5/PPPP1PPP/R1BQK1NR w KQ - 0 5,white,transmitter_sign_shuffle,16,29,c3d5,g1h3,144.0,298.0,154.0,0,0,9,27,1.3728538760915399e-05,0.0008933348867595337,0.10518536845396347,0.08138107296338712,464,24.03149329998996,89.63087850005832,,0
opening_008_offset_00,opening_008,early,8,r1bq1bnr/pppkpppp/8/3p4/4P3/2N5/PPPP1PPP/R1BQK1NR w KQ - 0 5,white,transmitter_sign_shuffle,32,29,c3d5,g1h3,144.0,298.0,154.0,0,0,9,27,1.3722252333536744e-05,0.0008933336576586349,0.10518536845396347,0.08138107296338712,928,45.58442049997393,89.63087850005832,,0
opening_008_offset_00,opening_008,early,8,r1bq1bnr/pppkpppp/8/3p4/4P3/2N5/PPPP1PPP/R1BQK1NR w KQ - 0 5,white,transmitter_sign_shuffle,64,29,c3d5,g1h3,144.0,298.0,154.0,0,0,9,27,1.3706361642107368e-05,0.0008933572716090441,0.0911442302762681,0.07151670048297656,1856,89.36025269993115,89.63087850005832,,0
opening_008_offset_04,opening_008,early,12,r1b1qbnr/pppkp1pp/8/3p1p2/4P3/1PN5/P1PP1PPP/1RBQK1NR w K - 1 7,white,transmitter_sign_shuffle,1,31,e4d5,h2h4,42.0,314.0,272.0,0,0,9,12,0.0,0.0,,,31,1.3488197000697255,92.60647779994179,,0
opening_008_offset_04,opening_008,early,12,r1b1qbnr/pppkp1pp/8/3p1p2/4P3/1PN5/P1PP1PPP/1RBQK1NR w K - 1 7,white,transmitter_sign_shuffle,2,31,e4d5,g1h3,26.0,314.0,288.0,0,0,10,25,0.0,0.00041209699893561015,0.13830387636294045,0.11390201333656902,62,2.6513980000745505,92.60647779994179,,0
opening_008_offset_04,opening_008,early,12,r1b1qbnr/pppkp1pp/8/3p1p2/4P3/1PN5/P1PP1PPP/1RBQK1NR w K - 1 7,white,transmitter_sign_shuffle,4,31,e4d5,b1b2,4.0,314.0,310.0,0,0,18,30,4.970002919435501e-06,0.0009138581586915798,0.03207262132470723,0.01943862628194339,124,5.437918600044213,92.60647779994179,,0
opening_008_offset_04,opening_008,early,12,r1b1qbnr/pppkp1pp/8/3p1p2/4P3/1PN5/P1PP1PPP/1RBQK1NR w K - 1 7,white,transmitter_sign_shuffle,8,31,e4d5,b1b2,4.0,314.0,310.0,0,0,18,30,1.1549796909093857e-05,0.0009488394445602627,0.006051437985793818,-0.00647954209398113,248,11.357503000064753,92.60647779994179,,0
opening_008_offset_04,opening_008,early,12,r1b1qbnr/pppkp1pp/8/3p1p2/4P3/1PN5/P1PP1PPP/1RBQK1NR w K - 1 7,white,transmitter_sign_shuffle,16,31,e4d5,b1b2,4.0,314.0,310.0,0,0,18,30,1.1577270925045013e-05,0.0009492948612710367,-0.0008068583981058424,-0.010799236823301884,496,22.06351570005063,92.60647779994179,,0
opening_008_offset_04,opening_008,early,12,r1b1qbnr/pppkp1pp/8/3p1p2/4P3/1PN5/P1PP1PPP/1RBQK1NR w K - 1 7,white,transmitter_sign_shuffle,32,31,e4d5,b1b2,4.0,314.0,310.0,0,0,18,30,1.1582393199205399e-05,0.0009493114880098913,-0.0008068583981058424,-0.010799236823301884,992,44.79734430008102,92.60647779994179,,0
opening_008_offset_04,opening_008,early,12,r1b1qbnr/pppkp1pp/8/3p1p2/4P3/1PN5/P1PP1PPP/1RBQK1NR w K - 1 7,white,transmitter_sign_shuffle,64,31,e4d5,b1b2,4.0,314.0,310.0,0,0,18,30,1.156562939286232e-05,0.0009493783859312315,0.010489159175375951,-0.002159847364660377,1984,92.40505579998717,92.60647779994179,,0
opening_008_offset_08,opening_008,early,16,r1b1qb1r/p1pkp1pp/1p3n2/3p1p2/PP2P3/2N5/2PP1PPP/1RBQK1NR w K - 0 9,white,transmitter_sign_shuffle,1,31,e4e5,h2h4,-153.0,194.0,347.0,0,0,16,11,0.0,0.0,,,31,1.3123755999840796,95.64775359991472,,0
opening_008_offset_08,opening_008,early,16,r1b1qb1r/p1pkp1pp/1p3n2/3p1p2/PP2P3/2N5/2PP1PPP/1RBQK1NR w K - 0 9,white,transmitter_sign_shuffle,2,31,e4e5,b4b5,-133.0,194.0,327.0,0,0,12,11,0.0006575388833880424,0.00046616668590263987,0.23633199842668362,0.16231242085150038,62,2.818947899970226,95.64775359991472,,0
opening_008_offset_08,opening_008,early,16,r1b1qb1r/p1pkp1pp/1p3n2/3p1p2/PP2P3/2N5/2PP1PPP/1RBQK1NR w K - 0 9,white,transmitter_sign_shuffle,4,31,e4e5,b1b2,-182.0,194.0,376.0,0,0,20,22,4.97233122587204e-06,0.0009021409245733285,0.07701612903225806,0.06666666666666668,124,5.692400799947791,95.64775359991472,,0
opening_008_offset_08,opening_008,early,16,r1b1qb1r/p1pkp1pp/1p3n2/3p1p2/PP2P3/2N5/2PP1PPP/1RBQK1NR w K - 0 9,white,transmitter_sign_shuffle,8,31,e4e5,b1b2,-182.0,194.0,376.0,0,0,20,24,1.1550262570381165e-05,0.000941523812439079,0.037500000000000006,0.027956989247311832,248,11.432175499969162,95.64775359991472,,0
opening_008_offset_08,opening_008,early,16,r1b1qb1r/p1pkp1pp/1p3n2/3p1p2/PP2P3/2N5/2PP1PPP/1RBQK1NR w K - 0 9,white,transmitter_sign_shuffle,16,31,e4e5,b1b2,-182.0,194.0,376.0,0,0,20,24,1.1577736586332321e-05,0.0009418959649841256,0.031854838709677424,0.023655913978494626,496,22.680088499910198,95.64775359991472,,0
opening_008_offset_08,opening_008,early,16,r1b1qb1r/p1pkp1pp/1p3n2/3p1p2/PP2P3/2N5/2PP1PPP/1RBQK1NR w K - 0 9,white,transmitter_sign_shuffle,32,31,e4e5,b1b2,-182.0,194.0,376.0,0,0,20,24,1.1586584150791168e-05,0.0009419080701354548,0.031854838709677424,0.023655913978494626,992,46.01960899995174,95.64775359991472,,0
opening_008_offset_08,opening_008,early,16,r1b1qb1r/p1pkp1pp/1p3n2/3p1p2/PP2P3/2N5/2PP1PPP/1RBQK1NR w K - 0 9,white,transmitter_sign_shuffle,64,31,e4e5,b1b2,-182.0,194.0,376.0,0,0,20,24,1.1570286005735397e-05,0.0009420109941765187,0.03870967741935485,0.03225806451612904,1984,95.44013909995556,95.64775359991472,,0
opening_008_offset_12,opening_008,middle,20,r1b2b1r/p1pkpqpp/1p3n2/3p1p2/PP2P3/1R6/N1PP1PPP/2BQK1NR w K - 4 11,white,transmitter_sign_shuffle,1,36,e4e5,h2h4,-268.0,130.0,398.0,0,0,15,11,0.0,0.0,,,36,1.5619681000243872,100.39912560000084,,0
opening_008_offset_12,opening_008,middle,20,r1b2b1r/p1pkpqpp/1p3n2/3p1p2/PP2P3/1R6/N1PP1PPP/2BQK1NR w K - 4 11,white,transmitter_sign_shuffle,2,36,e4e5,b4b5,-218.0,130.0,348.0,0,0,11,10,0.0006575393490493298,0.0004530578805400126,0.33901367596313986,0.20405824333745107,72,3.1254471000283957,100.39912560000084,,0
opening_008_offset_12,opening_008,middle,20,r1b2b1r/p1pkpqpp/1p3n2/3p1p2/PP2P3/1R6/N1PP1PPP/2BQK1NR w K - 4 11,white,transmitter_sign_shuffle,4,36,e4e5,c1b2,-162.0,130.0,292.0,0,0,6,19,0.00022116024047136307,0.0008181469689654551,0.29898963959203423,0.19221610511265208,144,6.216068200068548,100.39912560000084,,0
opening_008_offset_12,opening_008,middle,20,r1b2b1r/p1pkpqpp/1p3n2/3p1p2/PP2P3/1R6/N1PP1PPP/2BQK1NR w K - 4 11,white,transmitter_sign_shuffle,8,36,e4e5,c1b2,-162.0,130.0,292.0,0,0,6,20,0.0002512517385184765,0.0008447319751238179,0.2709312059152958,0.1699762251822626,288,11.834018300054595,100.39912560000084,,0
opening_008_offset_12,opening_008,middle,20,r1b2b1r/p1pkpqpp/1p3n2/3p1p2/PP2P3/1R6/N1PP1PPP/2BQK1NR w K - 4 11,white,transmitter_sign_shuffle,16,36,e4e5,c1b2,-162.0,130.0,292.0,0,0,6,20,0.0002520782873034477,0.000844985222777838,0.26706995357446023,0.16679909947792126,576,23.472514200024307,100.39912560000084,,0
opening_008_offset_12,opening_008,middle,20,r1b2b1r/p1pkpqpp/1p3n2/3p1p2/PP2P3/1R6/N1PP1PPP/2BQK1NR w K - 4 11,white,transmitter_sign_shuffle,32,36,e4e5,c1b2,-162.0,130.0,292.0,0,0,6,20,0.0002532508224248886,0.0008450171252183752,0.2673273703971826,0.1699762251822626,1152,46.86720370000694,100.39912560000084,,0
opening_008_offset_12,opening_008,middle,20,r1b2b1r/p1pkpqpp/1p3n2/3p1p2/PP2P3/1R6/N1PP1PPP/2BQK1NR w K - 4 11,white,transmitter_sign_shuffle,64,36,e4e5,c1b2,-162.0,130.0,292.0,0,0,6,20,0.00025413790717720985,0.0008450364091286164,0.267584787219905,0.16679909947792126,2304,100.13307189999614,100.39912560000084,,0
opening_008_offset_16,opening_008,middle,24,r1b2b1r/3kpqpp/pp3n2/2pp1p2/PP2P3/5RP1/N1PP1P1P/2BQK1NR w K - 0 13,white,transmitter_sign_shuffle,1,28,e4e5,h2h4,-600.0,-5.0,595.0,0,0,21,14,0.0,0.0,,,28,1.335015199962072,82.09748369990848,,0
opening_008_offset_16,opening_008,middle,24,r1b2b1r/3kpqpp/pp3n2/2pp1p2/PP2P3/5RP1/N1PP1P1P/2BQK1NR w K - 0 13,white,transmitter_sign_shuffle,2,28,e4e5,f3f5,-177.0,-5.0,172.0,0,0,5,16,0.0004017893224954605,0.0017239947369561228,0.25788218341095354,0.18485087023249347,56,2.580200199969113,82.09748369990848,,0
opening_008_offset_16,opening_008,middle,24,r1b2b1r/3kpqpp/pp3n2/2pp1p2/PP2P3/5RP1/N1PP1P1P/2BQK1NR w K - 0 13,white,transmitter_sign_shuffle,4,28,e4e5,f3f5,-177.0,-5.0,172.0,0,0,5,22,0.0004542684182524681,0.0023896939547432866,0.12862616310892172,0.10582010582010583,112,5.498366300016642,82.09748369990848,,0
opening_008_offset_16,opening_008,middle,24,r1b2b1r/3kpqpp/pp3n2/2pp1p2/PP2P3/5RP1/N1PP1P1P/2BQK1NR w K - 0 13,white,transmitter_sign_shuffle,8,28,e4e5,f3f5,-177.0,-5.0,172.0,0,0,5,22,0.00047694239765405655,0.0024108926472228872,0.07772304324028462,0.08994708994708994,224,11.198449300020002,82.09748369990848,,0
opening_008_offset_16,opening_008,middle,24,r1b2b1r/3kpqpp/pp3n2/2pp1p2/PP2P3/5RP1/N1PP1P1P/2BQK1NR w K - 0 13,white,transmitter_sign_shuffle,16,28,e4e5,f3f5,-177.0,-5.0,172.0,0,0,5,22,0.0004778355360031128,0.0024110226366051077,0.08812260536398467,0.09523809523809523,448,20.94750810007099,82.09748369990848,,0
opening_008_offset_16,opening_008,middle,24,r1b2b1r/3kpqpp/pp3n2/2pp1p2/PP2P3/5RP1/N1PP1P1P/2BQK1NR w K - 0 13,white,transmitter_sign_shuffle,32,28,e4e5,f3f5,-177.0,-5.0,172.0,0,0,5,22,0.00047785695642232895,0.002411102395033763,0.08812260536398467,0.09523809523809523,896,41.17523539997637,82.09748369990848,,0
opening_008_offset_16,opening_008,middle,24,r1b2b1r/3kpqpp/pp3n2/2pp1p2/PP2P3/5RP1/N1PP1P1P/2BQK1NR w K - 0 13,white,transmitter_sign_shuffle,64,28,e4e5,f3f5,-177.0,-5.0,172.0,0,0,5,22,0.00047789886593818665,0.0024111912643436876,0.07772304324028462,0.08994708994708994,1792,81.94118780002464,82.09748369990848,,0
opening_008_offset_20,opening_008,late,28,2b2b1r/r2kpqpp/pp3n2/2p2p2/PP1pP1P1/5R2/NBPP1P1P/3QK1NR w K - 0 15,white,transmitter_sign_shuffle,1,36,a2c3,h2h4,-583.0,-200.0,383.0,0,0,17,35,0.0,0.0,,,36,1.5218861000612378,101.40809249994345,,0
opening_008_offset_20,opening_008,late,28,2b2b1r/r2kpqpp/pp3n2/2p2p2/PP1pP1P1/5R2/NBPP1P1P/3QK1NR w K - 0 15,white,transmitter_sign_shuffle,2,36,a2c3,f3f5,-542.0,-200.0,342.0,0,0,13,34,0.0004017902538180351,0.001736501370345096,-0.026503150055525816,-0.024415982285724697,72,3.0493319000815973,101.40809249994345,,0
opening_008_offset_20,opening_008,late,28,2b2b1r/r2kpqpp/pp3n2/2p2p2/PP1pP1P1/5R2/NBPP1P1P/3QK1NR w K - 0 15,white,transmitter_sign_shuffle,4,36,a2c3,f3f5,-542.0,-200.0,342.0,0,0,13,32,0.00044765695929527283,0.0023240187463774366,-0.12047882710179152,-0.08585066493452294,144,6.111276700044982,101.40809249994345,,0
opening_008_offset_20,opening_008,late,28,2b2b1r/r2kpqpp/pp3n2/2p2p2/PP1pP1P1/5R2/NBPP1P1P/3QK1NR w K - 0 15,white,transmitter_sign_shuffle,8,36,a2c3,f3f5,-542.0,-200.0,342.0,0,0,13,32,0.0004660384729504585,0.0023321130273362897,-0.1625691865700456,-0.10810824473236223,288,13.711590000079013,101.40809249994345,,0
opening_008_offset_20,opening_008,late,28,2b2b1r/r2kpqpp/pp3n2/2p2p2/PP1pP1P1/5R2/NBPP1P1P/3QK1NR w K - 0 15,white,transmitter_sign_shuffle,16,36,a2c3,f3f5,-542.0,-200.0,342.0,0,0,13,32,0.0004670238122344017,0.0023317074277275245,-0.1584502523101553,-0.10810824473236223,576,29.060078000067733,101.40809249994345,,0
opening_008_offset_20,opening_008,late,28,2b2b1r/r2kpqpp/pp3n2/2p2p2/PP1pP1P1/5R2/NBPP1P1P/3QK1NR w K - 0 15,white,transmitter_sign_shuffle,32,36,a2c3,f3f5,-542.0,-200.0,342.0,0,0,13,32,0.0004670480266213417,0.0023318777774647263,-0.1584502523101553,-0.10810824473236223,1152,53.6976509001106,101.40809249994345,,0
opening_008_offset_20,opening_008,late,28,2b2b1r/r2kpqpp/pp3n2/2p2p2/PP1pP1P1/5R2/NBPP1P1P/3QK1NR w K - 0 15,white,transmitter_sign_shuffle,64,36,a2c3,f3f5,-542.0,-200.0,342.0,0,0,13,32,0.0004670973867177963,0.002332582109139531,-0.16630197074307118,-0.1144675532460306,2304,101.13111030007713,101.40809249994345,,0
opening_008_offset_24,opening_008,late,32,2b2b1r/r2kp1qp/pp3n2/2p1Ppp1/PP1p2P1/5R2/NBPP1P1P/3Q1KNR w - - 2 17,white,transmitter_sign_shuffle,1,37,e5f6,h2h4,-33.0,232.0,265.0,0,0,13,18,0.0,0.0,,,37,1.4882352000568062,99.44769539998379,,0
opening_008_offset_24,opening_008,late,32,2b2b1r/r2kp1qp/pp3n2/2p1Ppp1/PP1p2P1/5R2/NBPP1P1P/3Q1KNR w - - 2 17,white,transmitter_sign_shuffle,2,37,e5f6,f3f5,115.0,232.0,117.0,0,0,5,36,0.00040177349001169205,0.0018923907222888154,-0.037695586660275344,-0.047551605536802134,74,2.947090100031346,99.44769539998379,,0
opening_008_offset_24,opening_008,late,32,2b2b1r/r2kp1qp/pp3n2/2p1Ppp1/PP1p2P1/5R2/NBPP1P1P/3Q1KNR w - - 2 17,white,transmitter_sign_shuffle,4,37,e5f6,f3f5,115.0,232.0,117.0,0,0,5,36,0.00044764578342437744,0.002938397098953758,-0.035453846343425924,-0.024096494849349975,148,5.83486649999395,99.44769539998379,,0
opening_008_offset_24,opening_008,late,32,2b2b1r/r2kp1qp/pp3n2/2p1Ppp1/PP1p2P1/5R2/NBPP1P1P/3Q1KNR w - - 2 17,white,transmitter_sign_shuffle,8,37,e5f6,f3f5,115.0,232.0,117.0,0,0,5,36,0.0004661101847887039,0.003001181236391141,-0.0979427327079258,-0.07228948454804993,296,11.810510499984957,99.44769539998379,,0
opening_008_offset_24,opening_008,late,32,2b2b1r/r2kp1qp/pp3n2/2p1Ppp1/PP1p2P1/5R2/NBPP1P1P/3Q1KNR w - - 2 17,white,transmitter_sign_shuffle,16,37,e5f6,f3f5,115.0,232.0,117.0,0,0,5,36,0.0004671141505241394,0.0030011549905439748,-0.0924882948089372,-0.06927742269188118,592,26.39042569999583,99.44769539998379,,0
opening_008_offset_24,opening_008,late,32,2b2b1r/r2kp1qp/pp3n2/2p1Ppp1/PP1p2P1/5R2/NBPP1P1P/3Q1KNR w - - 2 17,white,transmitter_sign_shuffle,32,37,e5f6,f3f5,115.0,232.0,117.0,0,0,5,36,0.0004671365022659302,0.003001236339411856,-0.0924882948089372,-0.06927742269188118,1184,51.10099780000746,99.44769539998379,,0
opening_008_offset_24,opening_008,late,32,2b2b1r/r2kp1qp/pp3n2/2p1Ppp1/PP1p2P1/5R2/NBPP1P1P/3Q1KNR w - - 2 17,white,transmitter_sign_shuffle,64,37,e5f6,f3f5,115.0,232.0,117.0,0,0,5,36,0.0004671849310398102,0.0030015063538752023,-0.08916820217477023,-0.06626536083571243,2368,99.13687539997045,99.44769539998379,,0
opening_009_offset_00,opening_009,early,8,rnbq1bnr/p1ppkp1p/1p4p1/4p3/8/3P2P1/PPPNPP1P/RNBQKB1R w KQ - 2 5,white,transmitter_sign_shuffle,1,23,f1g2,h2h4,101.0,390.0,289.0,0,0,16,8,0.0,0.0,,,23,1.2353124000364915,85.05194430006668,,0
opening_009_offset_00,opening_009,early,8,rnbq1bnr/p1ppkp1p/1p4p1/4p3/8/3P2P1/PPPNPP1P/RNBQKB1R w KQ - 2 5,white,transmitter_sign_shuffle,2,23,f1g2,d2e4,107.0,390.0,283.0,0,0,12,19,0.00013155420310795307,0.00022560268374714485,0.002984347852588416,-0.004081768657614694,46,2.4707439000485465,85.05194430006668,,0
opening_009_offset_00,opening_009,early,8,rnbq1bnr/p1ppkp1p/1p4p1/4p3/8/3P2P1/PPPNPP1P/RNBQKB1R w KQ - 2 5,white,transmitter_sign_shuffle,4,23,f1g2,b2b3,101.0,390.0,289.0,0,0,14,17,1.5694648027420044e-05,0.0004108064765032459,-0.16283122673174372,-0.07600547259104692,92,5.424267400056124,85.05194430006668,,0
opening_009_offset_00,opening_009,early,8,rnbq1bnr/p1ppkp1p/1p4p1/4p3/8/3P2P1/PPPNPP1P/RNBQKB1R w KQ - 2 5,white,transmitter_sign_shuffle,8,23,f1g2,b2b4,125.0,390.0,265.0,0,0,5,17,9.005656465888023e-06,0.00045440090650910534,-0.15392252739687626,-0.08400604865326239,184,10.005016700015403,85.05194430006668,,0
opening_009_offset_00,opening_009,early,8,rnbq1bnr/p1ppkp1p/1p4p1/4p3/8/3P2P1/PPPNPP1P/RNBQKB1R w KQ - 2 5,white,transmitter_sign_shuffle,16,23,f1g2,b2b4,125.0,390.0,265.0,0,0,5,17,9.250827133655548e-06,0.000456740979693939,-0.15392252739687626,-0.08400604865326239,368,19.570827100076713,85.05194430006668,,0
opening_009_offset_00,opening_009,early,8,rnbq1bnr/p1ppkp1p/1p4p1/4p3/8/3P2P1/PPPNPP1P/RNBQKB1R w KQ - 2 5,white,transmitter_sign_shuffle,32,23,f1g2,b2b4,125.0,390.0,265.0,0,0,5,17,9.231967851519585e-06,0.00045676104207506644,-0.15392252739687626,-0.08400604865326239,736,41.272991799982265,85.05194430006668,,0
opening_009_offset_00,opening_009,early,8,rnbq1bnr/p1ppkp1p/1p4p1/4p3/8/3P2P1/PPPNPP1P/RNBQKB1R w KQ - 2 5,white,transmitter_sign_shuffle,64,23,f1g2,b2b4,125.0,390.0,265.0,0,0,5,17,9.215902537107468e-06,0.0004567808636419352,-0.15392252739687626,-0.08400604865326239,1472,84.8918563000625,85.05194430006668,,0
opening_009_offset_04,opening_009,early,12,rnb2bnr/p1qpkp1p/1pp3p1/4p3/8/NP1P2P1/P1PNPP1P/R1BQKB1R w KQ - 1 7,white,transmitter_sign_shuffle,1,23,f1g2,h2h4,105.0,179.0,74.0,0,0,8,8,0.0,0.0,,,23,1.499415099970065,85.9483709000051,,0
opening_009_offset_04,opening_009,early,12,rnb2bnr/p1qpkp1p/1pp3p1/4p3/8/NP1P2P1/P1PNPP1P/R1BQKB1R w KQ - 1 7,white,transmitter_sign_shuffle,2,23,f1g2,d2e4,84.0,179.0,95.0,0,0,13,22,0.00013555632904171944,0.00012613116522657518,-0.09151032825543792,-0.03737658846305873,46,2.6956567999441177,85.9483709000051,,0
opening_009_offset_04,opening_009,early,12,rnb2bnr/p1qpkp1p/1pp3p1/4p3/8/NP1P2P1/P1PNPP1P/R1BQKB1R w KQ - 1 7,white,transmitter_sign_shuffle,4,23,f1g2,c1b2,125.0,179.0,54.0,0,0,4,18,0.001518224598839879,0.0004918222084059011,-0.2219476296866367,-0.12301684159522146,92,5.240053299930878,85.9483709000051,,0
opening_009_offset_04,opening_009,early,12,rnb2bnr/p1qpkp1p/1pp3p1/4p3/8/NP1P2P1/P1PNPP1P/R1BQKB1R w KQ - 1 7,white,transmitter_sign_shuffle,8,23,f1g2,c1b2,125.0,179.0,54.0,0,0,4,18,0.0014465069398283958,0.0004847757079937107,-0.24814634766746466,-0.14682655287171595,184,11.248776199994609,85.9483709000051,,0
opening_009_offset_04,opening_009,early,12,rnb2bnr/p1qpkp1p/1pp3p1/4p3/8/NP1P2P1/P1PNPP1P/R1BQKB1R w KQ - 1 7,white,transmitter_sign_shuffle,16,23,f1g2,c1b2,125.0,179.0,54.0,0,0,4,18,0.0014428026042878628,0.0004845073801119785,-0.24814634766746466,-0.14682655287171595,368,21.690326899988577,85.9483709000051,,0
opening_009_offset_04,opening_009,early,12,rnb2bnr/p1qpkp1p/1pp3p1/4p3/8/NP1P2P1/P1PNPP1P/R1BQKB1R w KQ - 1 7,white,transmitter_sign_shuffle,32,23,f1g2,c1b2,125.0,179.0,54.0,0,0,4,18,0.0014427555724978447,0.0004845699655162162,-0.24814634766746466,-0.14682655287171595,736,42.416531699942425,85.9483709000051,,0
opening_009_offset_04,opening_009,early,12,rnb2bnr/p1qpkp1p/1pp3p1/4p3/8/NP1P2P1/P1PNPP1P/R1BQKB1R w KQ - 1 7,white,transmitter_sign_shuffle,64,23,f1g2,c1b2,125.0,179.0,54.0,0,0,4,18,0.0014427208807319403,0.0004846197135652509,-0.24814634766746466,-0.14682655287171595,1472,85.69848779996391,85.9483709000051,,0
opening_009_offset_08,opening_009,early,16,rnbq1bnr/3pkp1p/1pp3p1/p3p3/7P/NP1P2P1/P1PNPPB1/R1BQK2R w KQ - 0 9,white,transmitter_sign_shuffle,1,32,a3c4,h4h5,237.0,431.0,194.0,0,0,6,29,0.0,0.0,,,32,1.2341038000304252,89.76917079999112,,0
opening_009_offset_08,opening_009,early,16,rnbq1bnr/3pkp1p/1pp3p1/p3p3/7P/NP1P2P1/P1PNPPB1/R1BQK2R w KQ - 0 9,white,transmitter_sign_shuffle,2,32,a3c4,d2e4,219.0,431.0,212.0,0,0,7,21,0.00013555632904171944,0.0003662774221379227,0.5146376648077235,0.3757984890207871,64,2.6314999000169337,89.76917079999112,,0
opening_009_offset_08,opening_009,early,16,rnbq1bnr/3pkp1p/1pp3p1/p3p3/7P/NP1P2P1/P1PNPPB1/R1BQK2R w KQ - 0 9,white,transmitter_sign_shuffle,4,32,a3c4,c1b2,382.0,431.0,49.0,0,0,2,25,0.0015182264614850283,0.0008271930953166914,0.4688732499636581,0.3400837588319135,128,5.302361999987625,89.76917079999112,,0
opening_009_offset_08,opening_009,early,16,rnbq1bnr/3pkp1p/1pp3p1/p3p3/7P/NP1P2P1/P1PNPPB1/R1BQK2R w KQ - 0 9,white,transmitter_sign_shuffle,8,32,a3c4,c1b2,382.0,431.0,49.0,0,0,2,25,0.0014465309213846922,0.0008653199022740234,0.4615385100346216,0.3441323750084839,256,10.847264799987897,89.76917079999112,,0
opening_009_offset_08,opening_009,early,16,rnbq1bnr/3pkp1p/1pp3p1/p3p3/7P/NP1P2P1/P1PNPPB1/R1BQK2R w KQ - 0 9,white,transmitter_sign_shuffle,16,32,a3c4,c1b2,382.0,431.0,49.0,0,0,2,25,0.001442824024707079,0.0008658907702472202,0.4615385100346216,0.3441323750084839,512,21.470750299980864,89.76917079999112,,0
opening_009_offset_08,opening_009,early,16,rnbq1bnr/3pkp1p/1pp3p1/p3p3/7P/NP1P2P1/P1PNPPB1/R1BQK2R w KQ - 0 9,white,transmitter_sign_shuffle,32,32,a3c4,c1b2,382.0,431.0,49.0,0,0,2,25,0.0014427781570702791,0.0008658200778104865,0.4615385100346216,0.3441323750084839,1024,43.72634569997899,89.76917079999112,,0
opening_009_offset_08,opening_009,early,16,rnbq1bnr/3pkp1p/1pp3p1/p3p3/7P/NP1P2P1/P1PNPPB1/R1BQK2R w KQ - 0 9,white,transmitter_sign_shuffle,64,32,a3c4,c1b2,382.0,431.0,49.0,0,0,2,25,0.0014427425339818,0.0008657278013139816,0.4615385100346216,0.3441323750084839,2048,89.56132900004741,89.76917079999112,,0
opening_009_offset_12,opening_009,middle,20,1nbq1bnr/3pkp1p/rpp3p1/p7/2N1p2P/1P1P1BP1/P1PNPP2/R1BQK2R w KQ - 0 11,white,transmitter_sign_shuffle,1,32,d2e4,h4h5,47.0,754.0,707.0,0,0,9,17,0.0,0.0,,,32,1.5355983000481501,97.33062979998067,,0
opening_009_offset_12,opening_009,middle,20,1nbq1bnr/3pkp1p/rpp3p1/p7/2N1p2P/1P1P1BP1/P1PNPP2/R1BQK2R w KQ - 0 11,white,transmitter_sign_shuffle,2,32,d2e4,f3e4,318.0,754.0,436.0,0,0,5,5,0.0006298529915511608,0.001400834982321834,0.26739545587710783,0.16947358434295656,64,3.2841695999959484,97.33062979998067,,0
opening_009_offset_12,opening_009,middle,20,1nbq1bnr/3pkp1p/rpp3p1/p7/2N1p2P/1P1P1BP1/P1PNPP2/R1BQK2R w KQ - 0 11,white,transmitter_sign_shuffle,4,32,d2e4,f3e4,318.0,754.0,436.0,0,0,5,7,0.0007260721176862717,0.0018817567115796087,0.2756598240469208,0.15725806451612906,128,7.061931799980812,97.33062979998067,,0
opening_009_offset_12,opening_009,middle,20,1nbq1bnr/3pkp1p/rpp3p1/p7/2N1p2P/1P1P1BP1/P1PNPP2/R1BQK2R w KQ - 0 11,white,transmitter_sign_shuffle,8,32,d2e4,f3e4,318.0,754.0,436.0,0,0,5,7,0.0007561147212982178,0.0018819793531924694,0.27419354838709675,0.1532258064516129,256,15.174047800013795,97.33062979998067,,0
opening_009_offset_12,opening_009,middle,20,1nbq1bnr/3pkp1p/rpp3p1/p7/2N1p2P/1P1P1BP1/P1PNPP2/R1BQK2R w KQ - 0 11,white,transmitter_sign_shuffle,16,32,d2e4,f3e4,318.0,754.0,436.0,0,0,5,7,0.0007574213668704033,0.0018820637279079616,0.27419354838709675,0.1532258064516129,512,26.60422830004245,97.33062979998067,,0
opening_009_offset_12,opening_009,middle,20,1nbq1bnr/3pkp1p/rpp3p1/p7/2N1p2P/1P1P1BP1/P1PNPP2/R1BQK2R w KQ - 0 11,white,transmitter_sign_shuffle,32,32,d2e4,f3e4,318.0,754.0,436.0,0,0,5,7,0.0007574381306767464,0.0018821323486766187,0.27419354838709675,0.1532258064516129,1024,48.77921170007903,97.33062979998067,,0
opening_009_offset_12,opening_009,middle,20,1nbq1bnr/3pkp1p/rpp3p1/p7/2N1p2P/1P1P1BP1/P1PNPP2/R1BQK2R w KQ - 0 11,white,transmitter_sign_shuffle,64,32,d2e4,f3e4,318.0,754.0,436.0,0,0,5,7,0.0007574297487735748,0.0018821505884991908,0.27419354838709675,0.1532258064516129,2048,97.08593699999619,97.33062979998067,,0
opening_009_offset_16,opening_009,middle,24,1nbq1bnr/r2pkp1p/1pp3p1/p6P/2N5/1P1PpBP1/P1PNPP2/R1BQ1RK1 w - - 1 13,white,transmitter_sign_shuffle,1,32,c1a3,h5h6,-7.0,696.0,703.0,0,0,20,28,0.0,0.0,,,32,1.2961240999866277,95.5462970000226,,0
opening_009_offset_16,opening_009,middle,24,1nbq1bnr/r2pkp1p/1pp3p1/p6P/2N5/1P1PpBP1/P1PNPP2/R1BQ1RK1 w - - 1 13,white,transmitter_sign_shuffle,2,32,c1a3,f3c6,-77.0,696.0,773.0,0,0,28,30,0.00021895160898566246,0.0015689050386730624,-0.23269101661310887,-0.15511366993221468,64,2.613425699993968,95.5462970000226,,0
opening_009_offset_16,opening_009,middle,24,1nbq1bnr/r2pkp1p/1pp3p1/p6P/2N5/1P1PpBP1/P1PNPP2/R1BQ1RK1 w - - 1 13,white,transmitter_sign_shuffle,4,32,c1a3,f3c6,-77.0,696.0,773.0,0,0,28,30,0.00017604511231184006,0.002029942930627025,-0.2884897360703812,-0.19354838709677422,128,5.1802146000554785,95.5462970000226,,0
opening_009_offset_16,opening_009,middle,24,1nbq1bnr/r2pkp1p/1pp3p1/p6P/2N5/1P1PpBP1/P1PNPP2/R1BQ1RK1 w - - 1 13,white,transmitter_sign_shuffle,8,32,c1a3,f3c6,-77.0,696.0,773.0,0,0,28,30,0.00020443834364414215,0.0020190073468401024,-0.28629032258064513,-0.1895161290322581,256,12.293373599997722,95.5462970000226,,0
opening_009_offset_16,opening_009,middle,24,1nbq1bnr/r2pkp1p/1pp3p1/p6P/2N5/1P1PpBP1/P1PNPP2/R1BQ1RK1 w - - 1 13,white,transmitter_sign_shuffle,16,32,c1a3,f3c6,-77.0,696.0,773.0,0,0,28,30,0.00020581576973199844,0.0020190967288559454,-0.28629032258064513,-0.1895161290322581,512,26.73497930006124,95.5462970000226,,0
opening_009_offset_16,opening_009,middle,24,1nbq1bnr/r2pkp1p/1pp3p1/p6P/2N5/1P1PpBP1/P1PNPP2/R1BQ1RK1 w - - 1 13,white,transmitter_sign_shuffle,32,32,c1a3,f3c6,-77.0,696.0,773.0,0,0,28,30,0.00020582322031259537,0.0020192014684353985,-0.28629032258064513,-0.1895161290322581,1024,50.149486800073646,95.5462970000226,,0
opening_009_offset_16,opening_009,middle,24,1nbq1bnr/r2pkp1p/1pp3p1/p6P/2N5/1P1PpBP1/P1PNPP2/R1BQ1RK1 w - - 1 13,white,transmitter_sign_shuffle,64,32,c1a3,f3c6,-77.0,696.0,773.0,0,0,28,30,0.0002058139070868492,0.0020193087296442973,-0.28629032258064513,-0.1895161290322581,2048,95.34858990006614,95.5462970000226,,0
opening_009_offset_20,opening_009,late,28,1nb2bnr/r1qpkp2/1pp3pp/p2B3P/2NP4/1P2p1P1/P1PNPP2/R1BQ1RK1 w - - 1 15,white,transmitter_sign_shuffle,1,34,c1a3,h5g6,121.0,664.0,543.0,0,0,6,30,0.0,0.0,,,34,1.6459260999690741,114.04342400003225,,0
opening_009_offset_20,opening_009,late,28,1nb2bnr/r1qpkp2/1pp3pp/p2B3P/2NP4/1P2p1P1/P1PNPP2/R1BQ1RK1 w - - 1 15,white,transmitter_sign_shuffle,2,34,c1a3,g1h1,-241.0,664.0,905.0,0,0,24,32,4.344852641224861e-06,0.00032981747799711193,0.3006272296830342,0.18165937740613866,68,3.8808780999388546,114.04342400003225,,0
opening_009_offset_20,opening_009,late,28,1nb2bnr/r1qpkp2/1pp3pp/p2B3P/2NP4/1P2p1P1/P1PNPP2/R1BQ1RK1 w - - 1 15,white,transmitter_sign_shuffle,4,34,c1a3,c4b2,-647.0,664.0,1311.0,0,0,33,32,3.846688196063042e-05,0.0006345402878198611,0.16685766723003784,0.0892061015063647,136,6.95508909993805,114.04342400003225,,0
opening_009_offset_20,opening_009,late,28,1nb2bnr/r1qpkp2/1pp3pp/p2B3P/2NP4/1P2p1P1/P1PNPP2/R1BQ1RK1 w - - 1 15,white,transmitter_sign_shuffle,8,34,c1a3,c4b2,-647.0,664.0,1311.0,0,0,33,32,4.530325531959534e-05,0.000637083267324123,0.16685766723003784,0.0892061015063647,272,13.828008799930103,114.04342400003225,,0
opening_009_offset_20,opening_009,late,28,1nb2bnr/r1qpkp2/1pp3pp/p2B3P/2NP4/1P2p1P1/P1PNPP2/R1BQ1RK1 w - - 1 15,white,transmitter_sign_shuffle,16,34,c1a3,c4b2,-647.0,664.0,1311.0,0,0,33,32,4.5252032577991486e-05,0.0006373008101225255,0.16685766723003784,0.0892061015063647,544,26.168127699987963,114.04342400003225,,0
opening_009_offset_20,opening_009,late,28,1nb2bnr/r1qpkp2/1pp3pp/p2B3P/2NP4/1P2p1P1/P1PNPP2/R1BQ1RK1 w - - 1 15,white,transmitter_sign_shuffle,32,34,c1a3,c4b2,-647.0,664.0,1311.0,0,0,33,32,4.5252032577991486e-05,0.0006373854121739766,0.16685766723003784,0.0892061015063647,1088,57.699733400018886,114.04342400003225,,0
opening_009_offset_20,opening_009,late,28,1nb2bnr/r1qpkp2/1pp3pp/p2B3P/2NP4/1P2p1P1/P1PNPP2/R1BQ1RK1 w - - 1 15,white,transmitter_sign_shuffle,64,34,c1a3,c4b2,-647.0,664.0,1311.0,0,0,33,32,4.52166423201561e-05,0.0006375791747210484,0.1650240664912462,0.0856378574461101,2176,113.73789809993468,114.04342400003225,,0
opening_009_offset_24,opening_009,late,32,1nb2bnr/r1qpkp2/1pp4p/6pP/p1NP4/1P2pPP1/P1PNP3/R1BQ1RKB w - - 0 17,white,transmitter_sign_shuffle,1,25,d2e4,h1g2,-24.0,443.0,467.0,0,0,7,9,0.0,0.0,,,25,1.9837698000483215,121.09626270004082,,0
opening_009_offset_24,opening_009,late,32,1nb2bnr/r1qpkp2/1pp4p/6pP/p1NP4/1P2pPP1/P1PNP3/R1BQ1RKB w - - 0 17,white,transmitter_sign_shuffle,2,25,d2e4,f3f4,138.0,443.0,305.0,0,0,3,6,0.0032256360864266753,0.0008470626935959253,0.1784832146088993,0.11927136959930656,50,3.744793900055811,121.09626270004082,,0
opening_009_offset_24,opening_009,late,32,1nb2bnr/r1qpkp2/1pp4p/6pP/p1NP4/1P2pPP1/P1PNP3/R1BQ1RKB w - - 0 17,white,transmitter_sign_shuffle,4,25,d2e4,f3f4,138.0,443.0,305.0,0,0,3,6,0.0033454829826951027,0.001329635868520178,0.16733987614800303,0.13021720984236468,100,6.335217400104739,121.09626270004082,,0
opening_009_offset_24,opening_009,late,32,1nb2bnr/r1qpkp2/1pp4p/6pP/p1NP4/1P2pPP1/P1PNP3/R1BQ1RKB w - - 0 17,white,transmitter_sign_shuffle,8,25,d2e4,f3f4,138.0,443.0,305.0,0,0,3,6,0.0033869363833218813,0.0013458324956005115,0.19426813207986557,0.15025062674119,200,12.799561900086701,121.09626270004082,,0
opening_009_offset_24,opening_009,late,32,1nb2bnr/r1qpkp2/1pp4p/6pP/p1NP4/1P2pPP1/P1PNP3/R1BQ1RKB w - - 0 17,white,transmitter_sign_shuffle,16,25,d2e4,f3f4,138.0,443.0,305.0,0,0,3,6,0.0033904474694281816,0.0013461916938387962,0.19426813207986557,0.15025062674119,400,31.76784200000111,121.09626270004082,,0
opening_009_offset_24,opening_009,late,32,1nb2bnr/r1qpkp2/1pp4p/6pP/p1NP4/1P2pPP1/P1PNP3/R1BQ1RKB w - - 0 17,white,transmitter_sign_shuffle,32,25,d2e4,f3f4,138.0,443.0,305.0,0,0,3,6,0.0033905161544680595,0.0013462578664185617,0.19426813207986557,0.15025062674119,800,64.96804830001201,121.09626270004082,,0
opening_009_offset_24,opening_009,late,32,1nb2bnr/r1qpkp2/1pp4p/6pP/p1NP4/1P2pPP1/P1PNP3/R1BQ1RKB w - - 0 17,white,transmitter_sign_shuffle,64,25,d2e4,f3f4,138.0,443.0,305.0,0,0,3,6,0.0033902404829859734,0.0013463424524026496,0.19426813207986557,0.15025062674119,1600,120.87173120002262,121.09626270004082,,0
opening_010_offset_00,opening_010,early,8,rn1qkbnr/1pp1ppp1/p6p/3p1b2/2P2P2/P6N/1P1PP1PP/RNBQKB1R w KQkq - 0 5,white,transmitter_sign_shuffle,1,21,h3f2,h3g5,-801.0,-58.0,743.0,0,1,21,3,0.0,0.0,,,21,0.903620500001125,89.98362569999881,,0
opening_010_offset_00,opening_010,early,8,rn1qkbnr/1pp1ppp1/p6p/3p1b2/2P2P2/P6N/1P1PP1PP/RNBQKB1R w KQkq - 0 5,white,transmitter_sign_shuffle,2,21,h3f2,b2b3,-157.0,-58.0,99.0,0,0,11,16,3.0274735763669014e-05,0.0003521051447970477,-0.13741922214290023,-0.07966511457783829,42,1.9038988000247627,89.98362569999881,,0
opening_010_offset_00,opening_010,early,8,rn1qkbnr/1pp1ppp1/p6p/3p1b2/2P2P2/P6N/1P1PP1PP/RNBQKB1R w KQkq - 0 5,white,transmitter_sign_shuffle,4,21,h3f2,b2b3,-157.0,-58.0,99.0,0,0,11,5,1.559872180223465e-05,0.000754871652451416,-0.16239039505379657,-0.12887864867149365,84,5.059449600055814,89.98362569999881,,0
opening_010_offset_00,opening_010,early,8,rn1qkbnr/1pp1ppp1/p6p/3p1b2/2P2P2/P6N/1P1PP1PP/RNBQKB1R w KQkq - 0 5,white,transmitter_sign_shuffle,8,21,h3f2,b2b4,-118.0,-58.0,60.0,0,0,7,5,9.154202416539192e-06,0.0008264464692521738,-0.14420267080777138,-0.11933208210323486,168,11.727928300038911,89.98362569999881,,0
opening_010_offset_00,opening_010,early,8,rn1qkbnr/1pp1ppp1/p6p/3p1b2/2P2P2/P6N/1P1PP1PP/RNBQKB1R w KQkq - 0 5,white,transmitter_sign_shuffle,16,21,h3f2,b2b4,-118.0,-58.0,60.0,0,0,7,5,9.38749872148037e-06,0.0008293408666588577,-0.14420267080777138,-0.11933208210323486,336,22.800526699982584,89.98362569999881,,0
opening_010_offset_00,opening_010,early,8,rn1qkbnr/1pp1ppp1/p6p/3p1b2/2P2P2/P6N/1P1PP1PP/RNBQKB1R w KQkq - 0 5,white,transmitter_sign_shuffle,32,21,h3f2,b2b4,-118.0,-58.0,60.0,0,0,7,5,9.361887350678444e-06,0.0008293611752282798,-0.14420267080777138,-0.11933208210323486,672,45.27708080003504,89.98362569999881,,0
opening_010_offset_00,opening_010,early,8,rn1qkbnr/1pp1ppp1/p6p/3p1b2/2P2P2/P6N/1P1PP1PP/RNBQKB1R w KQkq - 0 5,white,transmitter_sign_shuffle,64,21,h3f2,b2b4,-118.0,-58.0,60.0,0,0,7,5,9.359093382954597e-06,0.0008295247078834914,-0.14420267080777138,-0.11933208210323486,1344,89.74315660004504,89.98362569999881,,0
opening_010_offset_04,opening_010,early,12,r2qkbnr/1ppn1pp1/p3p2p/3p1b2/2P2P2/PQ6/1P1PP1PP/RNB1KBNR w KQkq - 0 7,white,transmitter_sign_shuffle,1,31,c4d5,h2h4,-372.0,-118.0,254.0,0,0,12,13,0.0,0.0,,,31,1.823955399915576,108.78765700000804,,0
opening_010_offset_04,opening_010,early,12,r2qkbnr/1ppn1pp1/p3p2p/3p1b2/2P2P2/PQ6/1P1PP1PP/RNB1KBNR w KQkq - 0 7,white,transmitter_sign_shuffle,2,31,c4d5,g1h3,-401.0,-118.0,283.0,0,0,15,26,1.4917459338903427e-05,0.00037178186413875866,0.00831020084457435,-0.006989836400599691,62,3.1658933999715373,108.78765700000804,,0
opening_010_offset_04,opening_010,early,12,r2qkbnr/1ppn1pp1/p3p2p/3p1b2/2P2P2/PQ6/1P1PP1PP/RNB1KBNR w KQkq - 0 7,white,transmitter_sign_shuffle,4,31,c4d5,g1h3,-401.0,-118.0,283.0,0,0,15,30,3.160722553730011e-05,0.0006398435838583584,0.07258796286511103,0.060279905751825937,124,6.482345999917015,108.78765700000804,,0
opening_010_offset_04,opening_010,early,12,r2qkbnr/1ppn1pp1/p3p2p/3p1b2/2P2P2/PQ6/1P1PP1PP/RNB1KBNR w KQkq - 0 7,white,transmitter_sign_shuffle,8,31,c4d5,g1h3,-401.0,-118.0,283.0,0,0,15,30,2.864748239517212e-05,0.0006756753708920811,0.08629902251740978,0.0731970284129315,248,12.332475799950771,108.78765700000804,,0
opening_010_offset_04,opening_010,early,12,r2qkbnr/1ppn1pp1/p3p2p/3p1b2/2P2P2/PQ6/1P1PP1PP/RNB1KBNR w KQkq - 0 7,white,transmitter_sign_shuffle,16,31,c4d5,g1h3,-401.0,-118.0,283.0,0,0,15,30,2.881232649087906e-05,0.0006763414001025498,0.08266962437415423,0.0645856133055278,496,24.83213709993288,108.78765700000804,,0
opening_010_offset_04,opening_010,early,12,r2qkbnr/1ppn1pp1/p3p2p/3p1b2/2P2P2/PQ6/1P1PP1PP/RNB1KBNR w KQkq - 0 7,white,transmitter_sign_shuffle,32,31,c4d5,g1h3,-401.0,-118.0,283.0,0,0,15,30,2.8712674975395203e-05,0.000676429271748639,0.08065329207234559,0.060279905751825937,992,52.04056439991109,108.78765700000804,,0
opening_010_offset_04,opening_010,early,12,r2qkbnr/1ppn1pp1/p3p2p/3p1b2/2P2P2/PQ6/1P1PP1PP/RNB1KBNR w KQkq - 0 7,white,transmitter_sign_shuffle,64,31,c4d5,g1h3,-401.0,-118.0,283.0,0,0,15,30,2.879556268453598e-05,0.0006765071269295993,0.08266962437415423,0.0645856133055278,1984,108.55603400000837,108.78765700000804,,0
opening_010_offset_08,opening_010,early,16,r2qkbnr/1pp2p2/p3p1pp/2np1b2/2P2P2/P1Q5/1P1PP1PP/RNB1KBNR w KQkq - 2 9,white,transmitter_sign_shuffle,1,31,c3h8,h2h4,-445.0,4.0,449.0,0,0,14,14,0.0,0.0,,,31,2.0287514000665396,106.7467697999673,,0
opening_010_offset_08,opening_010,early,16,r2qkbnr/1pp2p2/p3p1pp/2np1b2/2P2P2/P1Q5/1P1PP1PP/RNB1KBNR w KQkq - 2 9,white,transmitter_sign_shuffle,2,31,c3h8,g1h3,-380.0,4.0,384.0,0,1,12,3,1.4917459338903427e-05,0.00037705666035145214,0.22588524191034096,0.09761214407801087,62,3.576059399987571,106.7467697999673,,0
opening_010_offset_08,opening_010,early,16,r2qkbnr/1pp2p2/p3p1pp/2np1b2/2P2P2/P1Q5/1P1PP1PP/RNB1KBNR w KQkq - 2 9,white,transmitter_sign_shuffle,4,31,c3h8,g1h3,-380.0,4.0,384.0,0,0,12,6,3.160908818244934e-05,0.0006893472201803816,0.25224317095626086,0.12055981150365187,124,6.765281100058928,106.7467697999673,,0
opening_010_offset_08,opening_010,early,16,r2qkbnr/1pp2p2/p3p1pp/2np1b2/2P2P2/P1Q5/1P1PP1PP/RNB1KBNR w KQkq - 2 9,white,transmitter_sign_shuffle,8,31,c3h8,g1h3,-380.0,4.0,384.0,0,0,12,7,2.8650276362895966e-05,0.0007482903410573064,0.28894041884917804,0.15500547193326672,248,12.631355000077747,106.7467697999673,,0
opening_010_offset_08,opening_010,early,16,r2qkbnr/1pp2p2/p3p1pp/2np1b2/2P2P2/P1Q5/1P1PP1PP/RNB1KBNR w KQkq - 2 9,white,transmitter_sign_shuffle,16,31,c3h8,g1h3,-380.0,4.0,384.0,0,0,12,7,2.8815120458602905e-05,0.0007508983521456833,0.28894041884917804,0.15500547193326672,496,26.27481610001996,106.7467697999673,,0
opening_010_offset_08,opening_010,early,16,r2qkbnr/1pp2p2/p3p1pp/2np1b2/2P2P2/P1Q5/1P1PP1PP/RNB1KBNR w KQkq - 2 9,white,transmitter_sign_shuffle,32,31,c3h8,g1h3,-380.0,4.0,384.0,0,0,12,7,2.8703361749649048e-05,0.0007508832333424321,0.28894041884917804,0.15500547193326672,992,54.67311209999025,106.7467697999673,,0
opening_010_offset_08,opening_010,early,16,r2qkbnr/1pp2p2/p3p1pp/2np1b2/2P2P2/P1Q5/1P1PP1PP/RNB1KBNR w KQkq - 2 9,white,transmitter_sign_shuffle,64,31,c3h8,g1h3,-380.0,4.0,384.0,0,0,12,7,2.8789974749088287e-05,0.0007508959244378012,0.28934368530953986,0.15931117948696857,1984,106.43078150006477,106.7467697999673,,0
opening_010_offset_12,opening_010,middle,20,r2qk1nr/1pp2p2/p3p1pp/2np1b2/2Pb1P2/P3Q3/1P1PPKPP/RNB2BNR w kq - 6 11,white,transmitter_sign_shuffle,1,17,e3d4,h2h4,-1036.0,172.0,1208.0,0,0,7,10,0.0,0.0,,,17,1.1323236000025645,80.9020038000308,,0
opening_010_offset_12,opening_010,middle,20,r2qk1nr/1pp2p2/p3p1pp/2np1b2/2Pb1P2/P3Q3/1P1PPKPP/RNB2BNR w kq - 6 11,white,transmitter_sign_shuffle,2,17,e3d4,g1h3,-1003.0,172.0,1175.0,0,1,4,3,1.4917459338903427e-05,0.0004969551023642093,0.1886595657839448,0.12033136751923736,34,2.1711573000065982,80.9020038000308,,0
opening_010_offset_12,opening_010,middle,20,r2qk1nr/1pp2p2/p3p1pp/2np1b2/2Pb1P2/P3Q3/1P1PPKPP/RNB2BNR w kq - 6 11,white,transmitter_sign_shuffle,4,17,e3d4,g1h3,-1003.0,172.0,1175.0,0,0,4,5,3.160536289215088e-05,0.0009188298645263516,0.14950980392156862,0.10294117647058822,68,4.3442824999801815,80.9020038000308,,0
opening_010_offset_12,opening_010,middle,20,r2qk1nr/1pp2p2/p3p1pp/2np1b2/2Pb1P2/P3Q3/1P1PPKPP/RNB2BNR w kq - 6 11,white,transmitter_sign_shuffle,8,17,e3d4,g1h3,-1003.0,172.0,1175.0,0,0,4,5,2.865120768547058e-05,0.0009970839267547569,0.19117647058823534,0.1176470588235294,136,9.376498400000855,80.9020038000308,,0
opening_010_offset_12,opening_010,middle,20,r2qk1nr/1pp2p2/p3p1pp/2np1b2/2Pb1P2/P3Q3/1P1PPKPP/RNB2BNR w kq - 6 11,white,transmitter_sign_shuffle,16,17,e3d4,g1h3,-1003.0,172.0,1175.0,0,0,4,5,2.8811395168304443e-05,0.0010006401091595311,0.19117647058823534,0.1176470588235294,272,17.860144200036302,80.9020038000308,,0
opening_010_offset_12,opening_010,middle,20,r2qk1nr/1pp2p2/p3p1pp/2np1b2/2Pb1P2/P3Q3/1P1PPKPP/RNB2BNR w kq - 6 11,white,transmitter_sign_shuffle,32,17,e3d4,g1h3,-1003.0,172.0,1175.0,0,0,4,5,2.8714537620544434e-05,0.001000628552281007,0.19117647058823534,0.1176470588235294,544,36.04037539998535,80.9020038000308,,0
opening_010_offset_12,opening_010,middle,20,r2qk1nr/1pp2p2/p3p1pp/2np1b2/2Pb1P2/P3Q3/1P1PPKPP/RNB2BNR w kq - 6 11,white,transmitter_sign_shuffle,64,17,e3d4,g1h3,-1003.0,172.0,1175.0,0,0,4,5,2.8790906071662903e-05,0.0010006325460341014,0.19117647058823534,0.1176470588235294,1088,80.75755069998559,80.9020038000308,,0
opening_010_offset_16,opening_010,middle,24,r2qk1nr/2p2p2/p3p1pp/1pnp4/2PbQP2/P4K2/1PbPP1PP/RNB2BNR w kq - 0 13,white,transmitter_sign_shuffle,1,26,e4d4,h2h4,-1299.0,-16.0,1283.0,0,0,21,15,0.0,0.0,,,26,1.9301759999943897,97.75878160004504,,0
opening_010_offset_16,opening_010,middle,24,r2qk1nr/2p2p2/p3p1pp/1pnp4/2PbQP2/P4K2/1PbPP1PP/RNB2BNR w kq - 0 13,white,transmitter_sign_shuffle,2,26,e4d4,f3g4,-1293.0,-16.0,1277.0,0,0,20,6,0.00048503512516617775,0.001083026879927711,-0.004280825934347853,-0.03426940941673604,52,4.037083100061864,97.75878160004504,,0
opening_010_offset_16,opening_010,middle,24,r2qk1nr/2p2p2/p3p1pp/1pnp4/2PbQP2/P4K2/1PbPP1PP/RNB2BNR w kq - 0 13,white,transmitter_sign_shuffle,4,26,e4d4,f3g4,-1293.0,-16.0,1277.0,0,0,20,7,0.0006867516785860062,0.0015827458610317027,-0.18259531810721588,-0.13559338129950047,104,8.977786700008437,97.75878160004504,,0
opening_010_offset_16,opening_010,middle,24,r2qk1nr/2p2p2/p3p1pp/1pnp4/2PbQP2/P4K2/1PbPP1PP/RNB2BNR w kq - 0 13,white,transmitter_sign_shuffle,8,26,e4d4,f3g4,-1293.0,-16.0,1277.0,0,0,20,7,0.0007088752463459969,0.0016195147593191285,-0.19969225800489526,-0.15408338784034142,208,15.947841900051571,97.75878160004504,,0
opening_010_offset_16,opening_010,middle,24,r2qk1nr/2p2p2/p3p1pp/1pnp4/2PbQP2/P4K2/1PbPP1PP/RNB2BNR w kq - 0 13,white,transmitter_sign_shuffle,16,26,e4d4,f3g4,-1293.0,-16.0,1277.0,0,0,20,7,0.0007094442844390869,0.0016208260749129913,-0.19969225800489526,-0.15408338784034142,416,27.943235700018704,97.75878160004504,,0
opening_010_offset_16,opening_010,middle,24,r2qk1nr/2p2p2/p3p1pp/1pnp4/2PbQP2/P4K2/1PbPP1PP/RNB2BNR w kq - 0 13,white,transmitter_sign_shuffle,32,26,e4d4,f3g4,-1293.0,-16.0,1277.0,0,0,20,7,0.0007094470784068108,0.0016208245700589008,-0.19969225800489526,-0.15408338784034142,832,49.8732227999717,97.75878160004504,,0
opening_010_offset_16,opening_010,middle,24,r2qk1nr/2p2p2/p3p1pp/1pnp4/2PbQP2/P4K2/1PbPP1PP/RNB2BNR w kq - 0 13,white,transmitter_sign_shuffle,64,26,e4d4,f3g4,-1293.0,-16.0,1277.0,0,0,20,7,0.0007094424217939377,0.0016207261446299851,-0.19969225800489526,-0.15408338784034142,1664,97.44530740007758,97.75878160004504,,0
opening_010_offset_20,opening_010,late,28,r3k1nr/2p2p2/p3p1pp/1pnp4/2Pb1P1q/P3QK2/1PbPP1PP/RNB2BNR w kq - 4 15,white,transmitter_sign_shuffle,1,21,e3d4,h2h3,-1032.0,-150.0,882.0,0,0,8,10,0.0,0.0,,,21,1.3581781999673694,88.83171519997995,,0
opening_010_offset_20,opening_010,late,28,r3k1nr/2p2p2/p3p1pp/1pnp4/2Pb1P1q/P3QK2/1PbPP1PP/RNB2BNR w kq - 4 15,white,transmitter_sign_shuffle,2,21,e3d4,g1h3,-983.0,-150.0,833.0,0,0,5,4,0.0004004966467618942,0.0004184500301103214,-0.17618481789723967,-0.14638501094227996,42,2.8677882999181747,88.83171519997995,,0
opening_010_offset_20,opening_010,late,28,r3k1nr/2p2p2/p3p1pp/1pnp4/2Pb1P1q/P3QK2/1PbPP1PP/RNB2BNR w kq - 4 15,white,transmitter_sign_shuffle,4,21,e3d4,g1h3,-983.0,-150.0,833.0,0,0,5,5,0.0002506636083126068,0.0007768501695731586,-0.2025974025974026,-0.1523809523809524,84,5.760068899951875,88.83171519997995,,0
opening_010_offset_20,opening_010,late,28,r3k1nr/2p2p2/p3p1pp/1pnp4/2Pb1P1q/P3QK2/1PbPP1PP/RNB2BNR w kq - 4 15,white,transmitter_sign_shuffle,8,21,e3d4,g1h3,-983.0,-150.0,833.0,0,0,5,5,4.7410838305950165e-05,0.0008490878527889364,-0.17272727272727273,-0.12380952380952383,168,11.629492599982768,88.83171519997995,,0
opening_010_offset_20,opening_010,late,28,r3k1nr/2p2p2/p3p1pp/1pnp4/2Pb1P1q/P3QK2/1PbPP1PP/RNB2BNR w kq - 4 15,white,transmitter_sign_shuffle,16,21,e3d4,g1h3,-983.0,-150.0,833.0,0,0,5,5,3.0122697353363037e-05,0.0008523695823172491,-0.17272727272727273,-0.12380952380952383,336,23.845287599950098,88.83171519997995,,0
opening_010_offset_20,opening_010,late,28,r3k1nr/2p2p2/p3p1pp/1pnp4/2Pb1P1q/P3QK2/1PbPP1PP/RNB2BNR w kq - 4 15,white,transmitter_sign_shuffle,32,21,e3d4,g1h3,-983.0,-150.0,833.0,0,0,5,5,3.0117109417915344e-05,0.0008523634758026115,-0.17272727272727273,-0.12380952380952383,672,45.31509950000327,88.83171519997995,,0
opening_010_offset_20,opening_010,late,28,r3k1nr/2p2p2/p3p1pp/1pnp4/2Pb1P1q/P3QK2/1PbPP1PP/RNB2BNR w kq - 4 15,white,transmitter_sign_shuffle,64,21,e3d4,g1h3,-983.0,-150.0,833.0,0,0,5,5,3.017764538526535e-05,0.0008524075663398893,-0.16103896103896104,-0.1142857142857143,1344,88.68697989999782,88.83171519997995,,0
opening_010_offset_24,opening_010,late,32,3rk1nr/2p2p2/p3p1pp/1pnp4/2Pb1PPq/P3QK1B/1PbPP2P/RNB3NR w k - 3 17,white,transmitter_sign_shuffle,1,21,e3d4,h3g2,-1093.0,-186.0,907.0,0,0,15,10,0.0,0.0,,,21,1.8733587000751868,81.76542349997908,,0
opening_010_offset_24,opening_010,late,32,3rk1nr/2p2p2/p3p1pp/1pnp4/2Pb1PPq/P3QK1B/1PbPP2P/RNB3NR w k - 3 17,white,transmitter_sign_shuffle,2,21,e3d4,f3g2,-896.0,-186.0,710.0,0,0,4,5,0.002052786760032177,0.0008982002126914173,0.3022891958755338,0.2167724411961445,42,3.6786711000604555,81.76542349997908,,0
opening_010_offset_24,opening_010,late,32,3rk1nr/2p2p2/p3p1pp/1pnp4/2Pb1PPq/P3QK1B/1PbPP2P/RNB3NR w k - 3 17,white,transmitter_sign_shuffle,4,21,e3d4,f3g2,-896.0,-186.0,710.0,0,0,4,7,0.002459671813994646,0.001294450336499958,0.2647157970995731,0.17308492459899466,84,7.0920183000853285,81.76542349997908,,0
opening_010_offset_24,opening_010,late,32,3rk1nr/2p2p2/p3p1pp/1pnp4/2Pb1PPq/P3QK1B/1PbPP2P/RNB3NR w k - 3 17,white,transmitter_sign_shuffle,8,21,e3d4,f3g2,-896.0,-186.0,710.0,0,0,4,7,0.0023577511310577393,0.0013288912504094876,0.3108947199351252,0.20193241203216045,168,12.69021170004271,81.76542349997908,,0
opening_010_offset_24,opening_010,late,32,3rk1nr/2p2p2/p3p1pp/1pnp4/2Pb1PPq/P3QK1B/1PbPP2P/RNB3NR w k - 3 17,white,transmitter_sign_shuffle,16,21,e3d4,f3g2,-896.0,-186.0,710.0,0,0,4,7,0.0023698583245277405,0.0013292841853924434,0.3108947199351252,0.20193241203216045,336,23.460030700080097,81.76542349997908,,0
opening_010_offset_24,opening_010,late,32,3rk1nr/2p2p2/p3p1pp/1pnp4/2Pb1PPq/P3QK1B/1PbPP2P/RNB3NR w k - 3 17,white,transmitter_sign_shuffle,32,21,e3d4,f3g2,-896.0,-186.0,710.0,0,0,4,7,0.002369992434978485,0.0013292853828367915,0.3108947199351252,0.20193241203216045,672,41.58694050007034,81.76542349997908,,0
opening_010_offset_24,opening_010,late,32,3rk1nr/2p2p2/p3p1pp/1pnp4/2Pb1PPq/P3QK1B/1PbPP2P/RNB3NR w k - 3 17,white,transmitter_sign_shuffle,64,21,e3d4,f3g2,-896.0,-186.0,710.0,0,0,4,7,0.0023696934804320335,0.0013291622979499347,0.3232524598488645,0.21154824117654905,1344,81.57568330003414,81.76542349997908,,0
opening_011_offset_00,opening_011,early,8,r1bqkbnr/pp1p2pp/n1p1p3/5p2/P2P1B2/8/1PP1PPPP/RN1QKBNR w KQkq - 0 5,white,transmitter_sign_shuffle,1,34,b1d2,h2h4,42.0,57.0,15.0,0,0,5,29,0.0,0.0,,,34,1.1622188000474125,100.16270589991473,,0
opening_011_offset_00,opening_011,early,8,r1bqkbnr/pp1p2pp/n1p1p3/5p2/P2P1B2/8/1PP1PPPP/RN1QKBNR w KQkq - 0 5,white,transmitter_sign_shuffle,2,34,b1d2,f4b8,-816.0,57.0,873.0,0,0,34,22,0.0014812760055065155,0.0005590412069595007,-0.14317483525492575,-0.09273478378253494,68,2.496962200035341,100.16270589991473,,0
opening_011_offset_00,opening_011,early,8,r1bqkbnr/pp1p2pp/n1p1p3/5p2/P2P1B2/8/1PP1PPPP/RN1QKBNR w KQkq - 0 5,white,transmitter_sign_shuffle,4,34,b1d2,f4b8,-816.0,57.0,873.0,0,0,34,23,0.0016247169114649296,0.0009030706540473101,-0.1529879331749733,-0.10196845228208182,136,4.900097899953835,100.16270589991473,,0
opening_011_offset_00,opening_011,early,8,r1bqkbnr/pp1p2pp/n1p1p3/5p2/P2P1B2/8/1PP1PPPP/RN1QKBNR w KQkq - 0 5,white,transmitter_sign_shuffle,8,34,b1d2,f4b8,-816.0,57.0,873.0,0,0,34,24,0.0015952810645103455,0.0009574553796917059,-0.14809721003651263,-0.09839061185113157,272,10.544925600057468,100.16270589991473,,0
opening_011_offset_00,opening_011,early,8,r1bqkbnr/pp1p2pp/n1p1p3/5p2/P2P1B2/8/1PP1PPPP/RN1QKBNR w KQkq - 0 5,white,transmitter_sign_shuffle,16,34,b1d2,f4b8,-816.0,57.0,873.0,0,0,34,23,0.0015943050384521484,0.0009591999861924494,-0.144582002780744,-0.09481277142018132,544,22.547365300008096,100.16270589991473,,0
opening_011_offset_00,opening_011,early,8,r1bqkbnr/pp1p2pp/n1p1p3/5p2/P2P1B2/8/1PP1PPPP/RN1QKBNR w KQkq - 0 5,white,transmitter_sign_shuffle,32,34,b1d2,f4b8,-816.0,57.0,873.0,0,0,34,23,0.0015942850150167942,0.0009592319624230388,-0.144582002780744,-0.09481277142018132,1088,47.5790061999578,100.16270589991473,,0
opening_011_offset_00,opening_011,early,8,r1bqkbnr/pp1p2pp/n1p1p3/5p2/P2P1B2/8/1PP1PPPP/RN1QKBNR w KQkq - 0 5,white,transmitter_sign_shuffle,64,34,b1d2,f4b8,-816.0,57.0,873.0,0,0,34,23,0.001594242174178362,0.0009595287466029887,-0.144582002780744,-0.09481277142018132,2176,99.92624349996913,100.16270589991473,,0
opening_011_offset_04,opening_011,early,12,r1b1kb1r/pp1p2pp/nqp1pn2/5p2/P2P1B1P/R7/1PP1PPP1/1N1QKBNR w Kkq - 3 7,white,transmitter_sign_shuffle,1,42,a3b3,h4h5,-133.0,-18.0,115.0,0,0,6,40,0.0,0.0,,,42,3.196925100055523,155.90018999995664,,0
opening_011_offset_04,opening_011,early,12,r1b1kb1r/pp1p2pp/nqp1pn2/5p2/P2P1B1P/R7/1PP1PPP1/1N1QKBNR w Kkq - 3 7,white,transmitter_sign_shuffle,2,42,a3b3,f4b8,-861.0,-18.0,843.0,0,0,41,9,0.0014812909066677094,0.0005079532391611764,-0.021060073646545125,-0.008408112697716677,84,5.6261485000140965,155.90018999995664,,0
opening_011_offset_04,opening_011,early,12,r1b1kb1r/pp1p2pp/nqp1pn2/5p2/P2P1B1P/R7/1PP1PPP1/1N1QKBNR w Kkq - 3 7,white,transmitter_sign_shuffle,4,42,a3b3,f4b8,-861.0,-18.0,843.0,0,0,41,12,0.0016247504390776157,0.0008195303052993156,0.07657402155416904,0.05691056910569106,168,11.110704199993052,155.90018999995664,,0
opening_011_offset_04,opening_011,early,12,r1b1kb1r/pp1p2pp/nqp1pn2/5p2/P2P1B1P/R7/1PP1PPP1/1N1QKBNR w Kkq - 3 7,white,transmitter_sign_shuffle,8,42,a3b3,f4b8,-861.0,-18.0,843.0,0,0,41,20,0.0015953034162521362,0.0008687665959737582,0.05339923831131999,0.038327526132404185,336,21.303367700078525,155.90018999995664,,0
opening_011_offset_04,opening_011,early,12,r1b1kb1r/pp1p2pp/nqp1pn2/5p2/P2P1B1P/R7/1PP1PPP1/1N1QKBNR w Kkq - 3 7,white,transmitter_sign_shuffle,16,42,a3b3,f4b8,-861.0,-18.0,843.0,0,0,41,20,0.0015943343751132488,0.0008703145155624558,0.04578235151122276,0.03368176538908246,672,44.481273900019005,155.90018999995664,,0
opening_011_offset_04,opening_011,early,12,r1b1kb1r/pp1p2pp/nqp1pn2/5p2/P2P1B1P/R7/1PP1PPP1/1N1QKBNR w Kkq - 3 7,white,transmitter_sign_shuffle,32,42,a3b3,f4b8,-861.0,-18.0,843.0,0,0,41,20,0.001594308763742447,0.0008703458633624946,0.04772708856656674,0.03600464576074332,1344,80.72660180006642,155.90018999995664,,0
opening_011_offset_04,opening_011,early,12,r1b1kb1r/pp1p2pp/nqp1pn2/5p2/P2P1B1P/R7/1PP1PPP1/1N1QKBNR w Kkq - 3 7,white,transmitter_sign_shuffle,64,42,a3b3,f4b8,-861.0,-18.0,843.0,0,0,41,20,0.0015942743048071861,0.0008706185072478813,0.050320071307025364,0.03600464576074332,2688,155.5600341000827,155.90018999995664,,0
opening_011_offset_08,opening_011,early,16,rnb1kb1r/pp1p2pp/1qp1p3/5p1n/P2P3P/R1P3B1/1P2PPP1/1N1QKBNR w Kkq - 3 9,white,transmitter_sign_shuffle,1,29,a3b3,h1h3,-210.0,-17.0,193.0,0,0,10,27,0.0,0.0,,,29,1.2569192999508232,91.19621409999672,,0
opening_011_offset_08,opening_011,early,16,rnb1kb1r/pp1p2pp/1qp1p3/5p1n/P2P3P/R1P3B1/1P2PPP1/1N1QKBNR w Kkq - 3 9,white,transmitter_sign_shuffle,2,29,a3b3,g3b8,-140.0,-17.0,123.0,0,0,5,8,0.0019110562279820442,0.0005694358222594354,0.1891580506649692,0.13404626133954017,58,2.6289021000266075,91.19621409999672,,0
opening_011_offset_08,opening_011,early,16,rnb1kb1r/pp1p2pp/1qp1p3/5p1n/P2P3P/R1P3B1/1P2PPP1/1N1QKBNR w Kkq - 3 9,white,transmitter_sign_shuffle,4,29,a3b3,g3b8,-140.0,-17.0,123.0,0,0,5,13,0.0022487500682473183,0.0009248643850400478,0.12661657935676163,0.1060420041644135,116,5.267839299980551,91.19621409999672,,0
opening_011_offset_08,opening_011,early,16,rnb1kb1r/pp1p2pp/1qp1p3/5p1n/P2P3P/R1P3B1/1P2PPP1/1N1QKBNR w Kkq - 3 9,white,transmitter_sign_shuffle,8,29,a3b3,g3b8,-140.0,-17.0,123.0,0,0,5,16,0.0022612069733440876,0.000983362222878228,0.10099766057640519,0.09617763168400296,232,10.688355099991895,91.19621409999672,,0
opening_011_offset_08,opening_011,early,16,rnb1kb1r/pp1p2pp/1qp1p3/5p1n/P2P3P/R1P3B1/1P2PPP1/1N1QKBNR w Kkq - 3 9,white,transmitter_sign_shuffle,16,29,a3b3,g3b8,-140.0,-17.0,123.0,0,0,5,16,0.0022616665810346603,0.0009850773990949364,0.09754895997135721,0.09124544544379769,464,21.13731000002008,91.19621409999672,,0
opening_011_offset_08,opening_011,early,16,rnb1kb1r/pp1p2pp/1qp1p3/5p1n/P2P3P/R1P3B1/1P2PPP1/1N1QKBNR w Kkq - 3 9,white,transmitter_sign_shuffle,32,29,a3b3,g3b8,-140.0,-17.0,123.0,0,0,5,16,0.002261651214212179,0.0009852588472899118,0.10370735390894288,0.09617763168400296,928,41.97361310000997,91.19621409999672,,0
opening_011_offset_08,opening_011,early,16,rnb1kb1r/pp1p2pp/1qp1p3/5p1n/P2P3P/R1P3B1/1P2PPP1/1N1QKBNR w Kkq - 3 9,white,transmitter_sign_shuffle,64,29,a3b3,g3b8,-140.0,-17.0,123.0,0,0,5,16,0.0022616093046963215,0.0009860218338155263,0.10715605451399086,0.10110981792420823,1856,90.99746750004124,91.19621409999672,,0
opening_011_offset_12,opening_011,middle,20,rnb1kb1r/pp1p2pp/1q6/2p1pp1n/P2P3P/1RP3B1/1P1QPPP1/1N2KBNR w Kkq - 0 11,white,transmitter_sign_shuffle,1,30,b3b6,h1h3,-696.0,449.0,1145.0,0,0,21,25,0.0,0.0,,,30,1.3437966000055894,91.00767369999085,,0
opening_011_offset_12,opening_011,middle,20,rnb1kb1r/pp1p2pp/1q6/2p1pp1n/P2P3P/1RP3B1/1P1QPPP1/1N2KBNR w Kkq - 0 11,white,transmitter_sign_shuffle,2,30,b3b6,g1h3,-748.0,449.0,1197.0,0,0,23,4,1.491699367761612e-05,0.0003017958017459221,0.013254627672427874,-0.011628189981025862,60,2.8182713000569493,91.00767369999085,,0
opening_011_offset_12,opening_011,middle,20,rnb1kb1r/pp1p2pp/1q6/2p1pp1n/P2P3P/1RP3B1/1P1QPPP1/1N2KBNR w Kkq - 0 11,white,transmitter_sign_shuffle,4,30,b3b6,g1h3,-748.0,449.0,1197.0,0,0,23,14,3.244169056415558e-05,0.0006136758219286128,-0.13862928692118814,-0.11290352551465142,120,5.8660155000397936,91.00767369999085,,0
opening_011_offset_12,opening_011,middle,20,rnb1kb1r/pp1p2pp/1q6/2p1pp1n/P2P3P/1RP3B1/1P1QPPP1/1N2KBNR w Kkq - 0 11,white,transmitter_sign_shuffle,8,30,b3b6,g1h3,-748.0,449.0,1197.0,0,0,23,15,3.0095688998699188e-05,0.0006608930814072737,-0.17156208702445594,-0.13133675417010474,240,11.72405359998811,91.00767369999085,,0
opening_011_offset_12,opening_011,middle,20,rnb1kb1r/pp1p2pp/1q6/2p1pp1n/P2P3P/1RP3B1/1P1QPPP1/1N2KBNR w Kkq - 0 11,white,transmitter_sign_shuffle,16,30,b3b6,g1h3,-748.0,449.0,1197.0,0,0,23,15,3.0283350497484207e-05,0.0006616496513159676,-0.16466400051633903,-0.1267284470062414,480,21.80057720001787,91.00767369999085,,0
opening_011_offset_12,opening_011,middle,20,rnb1kb1r/pp1p2pp/1q6/2p1pp1n/P2P3P/1RP3B1/1P1QPPP1/1N2KBNR w Kkq - 0 11,white,transmitter_sign_shuffle,32,30,b3b6,g1h3,-748.0,449.0,1197.0,0,0,23,15,3.0177179723978043e-05,0.0006617095050068684,-0.16822430323020582,-0.13133675417010474,960,44.42980829998851,91.00767369999085,,0
opening_011_offset_12,opening_011,middle,20,rnb1kb1r/pp1p2pp/1q6/2p1pp1n/P2P3P/1RP3B1/1P1QPPP1/1N2KBNR w Kkq - 0 11,white,transmitter_sign_shuffle,64,30,b3b6,g1h3,-748.0,449.0,1197.0,0,0,23,15,3.0259136110544205e-05,0.0006619360446995081,-0.16978193566752253,-0.13594506133396805,1920,90.81036600004882,91.00767369999085,,0
opening_011_offset_16,opening_011,middle,24,rnb1kb1r/pp1p3p/1q4p1/2p2p1n/PR1Pp2P/2P3B1/1P1QPPP1/1N1K1BNR w kq - 0 13,white,transmitter_sign_shuffle,1,34,b4b6,h1h3,-708.0,450.0,1158.0,0,0,12,29,0.0,0.0,,,34,1.612313300021924,92.27493529999629,,0
opening_011_offset_16,opening_011,middle,24,rnb1kb1r/pp1p3p/1q4p1/2p2p1n/PR1Pp2P/2P3B1/1P1QPPP1/1N1K1BNR w kq - 0 13,white,transmitter_sign_shuffle,2,34,b4b6,g3b8,-577.0,450.0,1027.0,0,1,8,2,0.0008103982545435429,0.0007156768332523875,0.32598752594879243,0.23286564305704527,68,3.0797293999930844,92.27493529999629,,0
opening_011_offset_16,opening_011,middle,24,rnb1kb1r/pp1p3p/1q4p1/2p2p1n/PR1Pp2P/2P3B1/1P1QPPP1/1N1K1BNR w kq - 0 13,white,transmitter_sign_shuffle,4,34,b4b6,g3b8,-577.0,450.0,1027.0,0,0,8,13,0.002248710487037897,0.0008651977170606606,0.051188020624599526,0.03925068466280046,136,5.933678700006567,92.27493529999629,,0
opening_011_offset_16,opening_011,middle,24,rnb1kb1r/pp1p3p/1q4p1/2p2p1n/PR1Pp2P/2P3B1/1P1QPPP1/1N1K1BNR w kq - 0 13,white,transmitter_sign_shuffle,8,34,b4b6,g3b8,-577.0,450.0,1027.0,0,0,8,21,0.002261165529489517,0.0009303869767670588,-0.020628008311405776,-0.0035682440602545873,272,11.178797799977474,92.27493529999629,,0
opening_011_offset_16,opening_011,middle,24,rnb1kb1r/pp1p3p/1q4p1/2p2p1n/PR1Pp2P/2P3B1/1P1QPPP1/1N1K1BNR w kq - 0 13,white,transmitter_sign_shuffle,16,34,b4b6,g3b8,-577.0,450.0,1027.0,0,0,8,21,0.002261626999825239,0.0009314810069484455,-0.020628008311405776,-0.0035682440602545873,544,22.23270140006207,92.27493529999629,,0
opening_011_offset_16,opening_011,middle,24,rnb1kb1r/pp1p3p/1q4p1/2p2p1n/PR1Pp2P/2P3B1/1P1QPPP1/1N1K1BNR w kq - 0 13,white,transmitter_sign_shuffle,32,34,b4b6,g3b8,-577.0,450.0,1027.0,0,0,8,21,0.00226161302998662,0.0009315539366370736,-0.017572007080086403,0.0,1088,45.51123720000032,92.27493529999629,,0
opening_011_offset_16,opening_011,middle,24,rnb1kb1r/pp1p3p/1q4p1/2p2p1n/PR1Pp2P/2P3B1/1P1QPPP1/1N1K1BNR w kq - 0 13,white,transmitter_sign_shuffle,64,34,b4b6,g3b8,-577.0,450.0,1027.0,0,0,8,21,0.002261579968035221,0.0009319498743207266,-0.016044006464426715,0.0035682440602545873,2176,92.0281568999635,92.27493529999629,,0
opening_011_offset_20,opening_011,late,28,rnb1kb1r/pp1p3p/q5p1/1Rp2p1n/P2P1Q1P/2P1p1B1/1P2PPP1/1N1K1BNR w kq - 0 15,white,transmitter_sign_shuffle,1,35,f4e5,h1h3,-804.0,501.0,1305.0,0,0,12,11,0.0,0.0,,,35,2.1015096999472007,103.94989090005402,,0
opening_011_offset_20,opening_011,late,28,rnb1kb1r/pp1p3p/q5p1/1Rp2p1n/P2P1Q1P/2P1p1B1/1P2PPP1/1N1K1BNR w kq - 0 15,white,transmitter_sign_shuffle,2,35,f4e5,f4b8,-816.0,501.0,1317.0,0,0,13,21,0.001905650831758976,0.0005248382560498832,-0.062298321421845305,-0.047910520218338894,70,3.6524903000099584,103.94989090005402,,0
opening_011_offset_20,opening_011,late,28,rnb1kb1r/pp1p3p/q5p1/1Rp2p1n/P2P1Q1P/2P1p1B1/1P2PPP1/1N1K1BNR w kq - 0 15,white,transmitter_sign_shuffle,4,35,f4e5,f4b8,-816.0,501.0,1317.0,0,0,13,24,0.00208133552223444,0.0008247506121347371,-0.11611457413445768,-0.08746849182706747,140,7.378648599958979,103.94989090005402,,0
opening_011_offset_20,opening_011,late,28,rnb1kb1r/pp1p3p/q5p1/1Rp2p1n/P2P1Q1P/2P1p1B1/1P2PPP1/1N1K1BNR w kq - 0 15,white,transmitter_sign_shuffle,8,35,f4e5,f4b8,-816.0,501.0,1317.0,0,0,13,22,0.0020797420293092728,0.0008765766412659948,-0.07997758966317892,-0.06728345525159035,280,14.982984700007364,103.94989090005402,,0
opening_011_offset_20,opening_011,late,28,rnb1kb1r/pp1p3p/q5p1/1Rp2p1n/P2P1Q1P/2P1p1B1/1P2PPP1/1N1K1BNR w kq - 0 15,white,transmitter_sign_shuffle,16,35,f4e5,f4b8,-816.0,501.0,1317.0,0,0,13,22,0.0020801029168069363,0.0008784671809600471,-0.08558022291453997,-0.07064762801416988,560,27.781091399956495,103.94989090005402,,0
opening_011_offset_20,opening_011,late,28,rnb1kb1r/pp1p3p/q5p1/1Rp2p1n/P2P1Q1P/2P1p1B1/1P2PPP1/1N1K1BNR w kq - 0 15,white,transmitter_sign_shuffle,32,35,f4e5,f4b8,-816.0,501.0,1317.0,0,0,13,22,0.0020800866186618805,0.0008785817905090437,-0.08558022291453997,-0.07064762801416988,1120,53.29513629991561,103.94989090005402,,0
opening_011_offset_20,opening_011,late,28,rnb1kb1r/pp1p3p/q5p1/1Rp2p1n/P2P1Q1P/2P1p1B1/1P2PPP1/1N1K1BNR w kq - 0 15,white,transmitter_sign_shuffle,64,35,f4e5,f4b8,-816.0,501.0,1317.0,0,0,13,22,0.002080080099403858,0.0008790670087088125,-0.08810140787765244,-0.07401180077674939,2240,103.67585719993804,103.94989090005402,,0
opening_011_offset_24,opening_011,late,32,rnbqkb1r/pp1p3p/6p1/1Rp2p1n/P2P3P/2P1pQBR/1P2PPP1/1N1K1BN1 w kq - 4 17,white,transmitter_sign_shuffle,1,35,g3e5,h3h2,-154.0,163.0,317.0,0,0,22,5,0.0,0.0,,,35,1.752321599982679,99.89851389999967,,0
opening_011_offset_24,opening_011,late,32,rnbqkb1r/pp1p3p/6p1/1Rp2p1n/P2P3P/2P1pQBR/1P2PPP1/1N1K1BN1 w kq - 4 17,white,transmitter_sign_shuffle,2,35,g3e5,f3b7,-892.0,163.0,1055.0,0,0,31,23,2.7991831302642822e-05,0.0018574048202180727,-0.2229233049737989,-0.11035908141286074,70,3.76680760004092,99.89851389999967,,0
opening_011_offset_24,opening_011,late,32,rnbqkb1r/pp1p3p/6p1/1Rp2p1n/P2P3P/2P1pQBR/1P2PPP1/1N1K1BN1 w kq - 4 17,white,transmitter_sign_shuffle,4,35,g3e5,f3b7,-892.0,163.0,1055.0,0,0,31,20,1.1498108506202698e-05,0.0024518660525492575,-0.22047906085472377,-0.10269374821988257,140,6.645611400017515,99.89851389999967,,0
opening_011_offset_24,opening_011,late,32,rnbqkb1r/pp1p3p/6p1/1Rp2p1n/P2P3P/2P1pQBR/1P2PPP1/1N1K1BN1 w kq - 4 17,white,transmitter_sign_shuffle,8,35,g3e5,f3b7,-892.0,163.0,1055.0,0,0,31,20,1.218356192111969e-05,0.0024582022075091345,-0.2196386070014021,-0.10942776449659619,280,12.539458599989302,99.89851389999967,,0
opening_011_offset_24,opening_011,late,32,rnbqkb1r/pp1p3p/6p1/1Rp2p1n/P2P3P/2P1pQBR/1P2PPP1/1N1K1BN1 w kq - 4 17,white,transmitter_sign_shuffle,16,35,g3e5,f3b7,-892.0,163.0,1055.0,0,0,31,20,1.2141652405261993e-05,0.0024582785303251236,-0.22244011984580772,-0.11279477263495301,560,24.18498110002838,99.89851389999967,,0
opening_011_offset_24,opening_011,late,32,rnbqkb1r/pp1p3p/6p1/1Rp2p1n/P2P3P/2P1pQBR/1P2PPP1/1N1K1BN1 w kq - 4 17,white,transmitter_sign_shuffle,32,35,g3e5,f3b7,-892.0,163.0,1055.0,0,0,31,20,1.2140721082687378e-05,0.0024584424193182745,-0.22244011984580772,-0.11279477263495301,1120,51.27726210001856,99.89851389999967,,0
opening_011_offset_24,opening_011,late,32,rnbqkb1r/pp1p3p/6p1/1Rp2p1n/P2P3P/2P1pQBR/1P2PPP1/1N1K1BN1 w kq - 4 17,white,transmitter_sign_shuffle,64,35,g3e5,f3b7,-892.0,163.0,1055.0,0,0,31,20,1.2085773050785065e-05,0.0024589084788896633,-0.22244011984580772,-0.11279477263495301,2240,99.64472029998433,99.89851389999967,,0
opening_012_offset_00,opening_012,early,8,r1bqkbnr/ppppppp1/8/7p/Q1P3P1/1P1n4/P2PPP1P/RNB1KBNR w KQkq - 1 5,white,transmitter_sign_shuffle,1,2,e2d3,e2d3,200.0,200.0,0.0,1,1,1,1,0.0,0.0,,,2,0.20072950003668666,13.42891429993324,,0
opening_012_offset_00,opening_012,early,8,r1bqkbnr/ppppppp1/8/7p/Q1P3P1/1P1n4/P2PPP1P/RNB1KBNR w KQkq - 1 5,white,transmitter_sign_shuffle,2,2,e2d3,e2d3,200.0,200.0,0.0,1,1,1,1,0.0005107775650685653,0.00025538878253428265,0.9999999999999999,1.0,4,0.3809852000558749,13.42891429993324,,0
opening_012_offset_00,opening_012,early,8,r1bqkbnr/ppppppp1/8/7p/Q1P3P1/1P1n4/P2PPP1P/RNB1KBNR w KQkq - 1 5,white,transmitter_sign_shuffle,4,2,e2d3,e2d3,200.0,200.0,0.0,1,1,1,1,0.0005450163735076785,0.00027250818675383925,0.9999999999999999,1.0,8,0.7172145000658929,13.42891429993324,,0
opening_012_offset_00,opening_012,early,8,r1bqkbnr/ppppppp1/8/7p/Q1P3P1/1P1n4/P2PPP1P/RNB1KBNR w KQkq - 1 5,white,transmitter_sign_shuffle,8,2,e2d3,e2d3,200.0,200.0,0.0,1,1,1,1,0.0005444093840196729,0.00027220469200983644,0.9999999999999999,1.0,16,1.6847922999877483,13.42891429993324,,0
opening_012_offset_00,opening_012,early,8,r1bqkbnr/ppppppp1/8/7p/Q1P3P1/1P1n4/P2PPP1P/RNB1KBNR w KQkq - 1 5,white,transmitter_sign_shuffle,16,2,e2d3,e2d3,200.0,200.0,0.0,1,1,1,1,0.0005451625911518931,0.00027258129557594657,0.9999999999999999,1.0,32,3.3864352999953553,13.42891429993324,,0
opening_012_offset_00,opening_012,early,8,r1bqkbnr/ppppppp1/8/7p/Q1P3P1/1P1n4/P2PPP1P/RNB1KBNR w KQkq - 1 5,white,transmitter_sign_shuffle,32,2,e2d3,e2d3,200.0,200.0,0.0,1,1,1,1,0.0005452104960568249,0.00027260524802841246,0.9999999999999999,1.0,64,7.7905269000912085,13.42891429993324,,0
opening_012_offset_00,opening_012,early,8,r1bqkbnr/ppppppp1/8/7p/Q1P3P1/1P1n4/P2PPP1P/RNB1KBNR w KQkq - 1 5,white,transmitter_sign_shuffle,64,2,e2d3,e2d3,200.0,200.0,0.0,1,1,1,1,0.0005452954792417586,0.0002726477396208793,0.9999999999999999,1.0,128,13.414795299991965,13.42891429993324,,0
opening_012_offset_04,opening_012,early,12,r1bqkbnr/p1ppppp1/1p6/2n4p/Q1P3P1/1P5P/P2PPP2/RNBK1BNR w kq - 1 7,white,transmitter_sign_shuffle,1,28,a4b4,h3h4,-707.0,-372.0,335.0,0,0,25,23,0.0,0.0,,,28,1.2706832000985742,83.82943720009644,,0
opening_012_offset_04,opening_012,early,12,r1bqkbnr/p1ppppp1/1p6/2n4p/Q1P3P1/1P5P/P2PPP2/RNBK1BNR w kq - 1 7,white,transmitter_sign_shuffle,2,28,a4b4,a4a7,-670.0,-372.0,298.0,0,0,23,23,0.00012724148109555244,0.0007482779110285477,0.1128195301799476,0.08626465126864412,56,2.548761200043373,83.82943720009644,,0
opening_012_offset_04,opening_012,early,12,r1bqkbnr/p1ppppp1/1p6/2n4p/Q1P3P1/1P5P/P2PPP2/RNBK1BNR w kq - 1 7,white,transmitter_sign_shuffle,4,28,a4b4,a4a7,-670.0,-372.0,298.0,0,0,23,23,0.0006241574883460999,0.0011422672657911634,0.09360886908518191,0.08211927732933935,112,4.977104600053281,83.82943720009644,,0
opening_012_offset_04,opening_012,early,12,r1bqkbnr/p1ppppp1/1p6/2n4p/Q1P3P1/1P5P/P2PPP2/RNBK1BNR w kq - 1 7,white,transmitter_sign_shuffle,8,28,a4b4,a4a7,-670.0,-372.0,298.0,0,0,23,23,0.0006924159824848175,0.0011846858906147072,0.10893663712252165,0.09271531311377025,224,9.37246480002068,83.82943720009644,,0
opening_012_offset_04,opening_012,early,12,r1bqkbnr/p1ppppp1/1p6/2n4p/Q1P3P1/1P5P/P2PPP2/RNBK1BNR w kq - 1 7,white,transmitter_sign_shuffle,16,28,a4b4,a4a7,-670.0,-372.0,298.0,0,0,23,23,0.0006915335543453693,0.0011846047271296706,0.10893663712252165,0.09271531311377025,448,19.31650030007586,83.82943720009644,,0
opening_012_offset_04,opening_012,early,12,r1bqkbnr/p1ppppp1/1p6/2n4p/Q1P3P1/1P5P/P2PPP2/RNBK1BNR w kq - 1 7,white,transmitter_sign_shuffle,32,28,a4b4,a4a7,-670.0,-372.0,298.0,0,0,23,23,0.0006913971155881882,0.0011846909353555716,0.10893663712252165,0.09271531311377025,896,42.27318580006249,83.82943720009644,,0
opening_012_offset_04,opening_012,early,12,r1bqkbnr/p1ppppp1/1p6/2n4p/Q1P3P1/1P5P/P2PPP2/RNBK1BNR w kq - 1 7,white,transmitter_sign_shuffle,64,28,a4b4,a4a7,-670.0,-372.0,298.0,0,0,23,23,0.0006909547373652458,0.0011849413323942674,0.11276857913185658,0.0980133310059857,1792,83.64380780002102,83.82943720009644,,0
opening_012_offset_08,opening_012,early,16,r1bqkbnr/p1p1ppp1/1p1pn3/2P4p/1Q4P1/1P5P/P2PPP2/RNBK1BNR w kq - 0 9,white,transmitter_sign_shuffle,1,33,b4a4,h3h4,-351.0,29.0,380.0,0,0,22,28,0.0,0.0,,,33,1.620747199980542,98.09011879994068,,0
opening_012_offset_08,opening_012,early,16,r1bqkbnr/p1p1ppp1/1p1pn3/2P4p/1Q4P1/1P5P/P2PPP2/RNBK1BNR w kq - 0 9,white,transmitter_sign_shuffle,2,33,b4a4,c5b6,-155.0,29.0,184.0,0,0,4,13,0.0001614689826965332,0.0013237995336083258,0.15637690428752496,0.09691742656095884,66,3.3719933999236673,98.09011879994068,,0
opening_012_offset_08,opening_012,early,16,r1bqkbnr/p1p1ppp1/1p1pn3/2P4p/1Q4P1/1P5P/P2PPP2/RNBK1BNR w kq - 0 9,white,transmitter_sign_shuffle,4,33,b4a4,c5b6,-155.0,29.0,184.0,0,0,4,23,0.0002581188455224037,0.0017950810604523224,0.1676416536870855,0.11764727062599968,132,7.17665479995776,98.09011879994068,,0
opening_012_offset_08,opening_012,early,16,r1bqkbnr/p1p1ppp1/1p1pn3/2P4p/1Q4P1/1P5P/P2PPP2/RNBK1BNR w kq - 0 9,white,transmitter_sign_shuffle,8,33,b4a4,c5b6,-155.0,29.0,184.0,0,0,4,27,0.00030752550810575485,0.0018506305253679217,0.1788400492972896,0.13662263685599962,264,13.721449099946767,98.09011879994068,,0
opening_012_offset_08,opening_012,early,16,r1bqkbnr/p1p1ppp1/1p1pn3/2P4p/1Q4P1/1P5P/P2PPP2/RNBK1BNR w kq - 0 9,white,transmitter_sign_shuffle,16,33,b4a4,c5b6,-155.0,29.0,184.0,0,0,4,28,0.00031037256121635437,0.001848988999587946,0.17583152510350342,0.13282756360999964,528,26.552312799962237,98.09011879994068,,0
opening_012_offset_08,opening_012,early,16,r1bqkbnr/p1p1ppp1/1p1pn3/2P4p/1Q4P1/1P5P/P2PPP2/RNBK1BNR w kq - 0 9,white,transmitter_sign_shuffle,32,33,b4a4,c5b6,-155.0,29.0,184.0,0,0,4,28,0.00031039630994200706,0.0018490455939268178,0.17583152510350342,0.13282756360999964,1056,49.21267129993066,98.09011879994068,,0
opening_012_offset_08,opening_012,early,16,r1bqkbnr/p1p1ppp1/1p1pn3/2P4p/1Q4P1/1P5P/P2PPP2/RNBK1BNR w kq - 0 9,white,transmitter_sign_shuffle,64,33,b4a4,c5b6,-155.0,29.0,184.0,0,0,4,28,0.00031040096655488014,0.0018491557488145348,0.17950861022924208,0.13662263685599962,2112,97.8219545999309,98.09011879994068,,0
opening_012_offset_12,opening_012,middle,20,r1b1kbnr/2pqppp1/pp1pn3/2P4p/1Q4P1/1P1P1N1P/P3PP2/RNBK1B1R w kq - 2 11,white,transmitter_sign_shuffle,1,47,g4g5,h3h4,-352.0,-64.0,288.0,0,0,32,5,0.0,0.0,,,47,3.1013586999615654,162.2896709999768,,0
opening_012_offset_12,opening_012,middle,20,r1b1kbnr/2pqppp1/pp1pn3/2P4p/1Q4P1/1P1P1N1P/P3PP2/RNBK1B1R w kq - 2 11,white,transmitter_sign_shuffle,2,47,g4g5,c5b6,-75.0,-64.0,11.0,0,0,2,14,0.0001614689826965332,0.0016724569709564926,0.05091436201378817,0.009421510218561061,94,6.174748999997973,162.2896709999768,,0
opening_012_offset_12,opening_012,middle,20,r1b1kbnr/2pqppp1/pp1pn3/2P4p/1Q4P1/1P1P1N1P/P3PP2/RNBK1B1R w kq - 2 11,white,transmitter_sign_shuffle,4,47,g4g5,c5b6,-75.0,-64.0,11.0,0,0,2,13,0.0002584303729236126,0.0024184965416400236,0.15509165791696586,0.10570264838049885,188,10.963185400003567,162.2896709999768,,0
opening_012_offset_12,opening_012,middle,20,r1b1kbnr/2pqppp1/pp1pn3/2P4p/1Q4P1/1P1P1N1P/P3PP2/RNBK1B1R w kq - 2 11,white,transmitter_sign_shuffle,8,47,g4g5,c5b6,-75.0,-64.0,11.0,0,0,2,13,0.0002551693469285965,0.002472235648977496,0.27155496852277095,0.18358881034507696,376,20.099948600050993,162.2896709999768,,0
opening_012_offset_12,opening_012,middle,20,r1b1kbnr/2pqppp1/pp1pn3/2P4p/1Q4P1/1P1P1N1P/P3PP2/RNBK1B1R w kq - 2 11,white,transmitter_sign_shuffle,16,47,g4g5,c5b6,-75.0,-64.0,11.0,0,0,2,13,0.00026653707027435303,0.002470459147069635,0.2739836969465266,0.18358881034507696,752,39.23286550003104,162.2896709999768,,0
opening_012_offset_12,opening_012,middle,20,r1b1kbnr/2pqppp1/pp1pn3/2P4p/1Q4P1/1P1P1N1P/P3PP2/RNBK1B1R w kq - 2 11,white,transmitter_sign_shuffle,32,47,g4g5,c5b6,-75.0,-64.0,11.0,0,0,2,13,0.00026658130809664726,0.0024705661827661178,0.2739836969465266,0.18358881034507696,1504,79.84367650002241,162.2896709999768,,0
opening_012_offset_12,opening_012,middle,20,r1b1kbnr/2pqppp1/pp1pn3/2P4p/1Q4P1/1P1P1N1P/P3PP2/RNBK1B1R w kq - 2 11,white,transmitter_sign_shuffle,64,47,g4g5,c5b6,-75.0,-64.0,11.0,0,0,2,13,0.0002665109932422638,0.0024707932369527974,0.2739836969465266,0.18358881034507696,3008,161.9506816000212,162.2896709999768,,0
opening_012_offset_16,opening_012,middle,24,r1b1kbnr/2pqppp1/pp6/2Pp3p/Q2n2P1/1P1P1N1P/P3PP1R/RNBK1B2 w kq - 0 13,white,transmitter_sign_shuffle,1,40,a4d4,h3h4,-558.0,538.0,1096.0,0,0,29,32,0.0,0.0,,,40,1.7550089999567717,99.99609539995436,,0
opening_012_offset_16,opening_012,middle,24,r1b1kbnr/2pqppp1/pp6/2Pp3p/Q2n2P1/1P1P1N1P/P3PP1R/RNBK1B2 w kq - 0 13,white,transmitter_sign_shuffle,2,40,a4d4,f3d4,300.0,538.0,238.0,0,0,2,15,0.0,0.0017882568857635836,0.2634299193529059,0.1931419883681437,80,3.3909595999866724,99.99609539995436,,0
opening_012_offset_16,opening_012,middle,24,r1b1kbnr/2pqppp1/pp6/2Pp3p/Q2n2P1/1P1P1N1P/P3PP1R/RNBK1B2 w kq - 0 13,white,transmitter_sign_shuffle,4,40,a4d4,c5b6,-79.0,538.0,617.0,0,0,5,22,2.161506563425064e-05,0.0024284710393432415,0.2555347091932458,0.18717948717948718,160,6.359018699964508,99.99609539995436,,0
opening_012_offset_16,opening_012,middle,24,r1b1kbnr/2pqppp1/pp6/2Pp3p/Q2n2P1/1P1P1N1P/P3PP1R/RNBK1B2 w kq - 0 13,white,transmitter_sign_shuffle,8,40,a4d4,c5b6,-79.0,538.0,617.0,0,0,5,22,2.6875175535678864e-05,0.0024448461412271074,0.26097560975609757,0.19230769230769232,320,12.686634699930437,99.99609539995436,,0
opening_012_offset_16,opening_012,middle,24,r1b1kbnr/2pqppp1/pp6/2Pp3p/Q2n2P1/1P1P1N1P/P3PP1R/RNBK1B2 w kq - 0 13,white,transmitter_sign_shuffle,16,40,a4d4,c5b6,-79.0,538.0,617.0,0,0,5,22,2.4493783712387085e-05,0.002444665667477896,0.2602251407129456,0.18974358974358974,640,24.411657999968156,99.99609539995436,,0
opening_012_offset_16,opening_012,middle,24,r1b1kbnr/2pqppp1/pp6/2Pp3p/Q2n2P1/1P1P1N1P/P3PP1R/RNBK1B2 w kq - 0 13,white,transmitter_sign_shuffle,32,40,a4d4,c5b6,-79.0,538.0,617.0,0,0,5,22,2.445373684167862e-05,0.0024447970759985367,0.2602251407129456,0.18974358974358974,1280,50.33419069997035,99.99609539995436,,0
opening_012_offset_16,opening_012,middle,24,r1b1kbnr/2pqppp1/pp6/2Pp3p/Q2n2P1/1P1P1N1P/P3PP1R/RNBK1B2 w kq - 0 13,white,transmitter_sign_shuffle,64,40,a4d4,c5b6,-79.0,538.0,617.0,0,0,5,22,2.4330802261829376e-05,0.0024450353164314612,0.26191369606003756,0.19230769230769232,2560,99.68428079993464,99.99609539995436,,0
opening_012_offset_20,opening_012,late,28,r1b1kbnr/2pqp1p1/p7/1pPp1p1p/Q2n2P1/PP1P1N1P/R3PP1R/1NBK1B2 w kq - 0 15,white,transmitter_sign_shuffle,1,38,a4d4,h3h4,-933.0,458.0,1391.0,0,0,21,29,0.0,0.0,,,38,2.410787699976936,141.45880569994915,,0
opening_012_offset_20,opening_012,late,28,r1b1kbnr/2pqp1p1/p7/1pPp1p1p/Q2n2P1/PP1P1N1P/R3PP1R/1NBK1B2 w kq - 0 15,white,transmitter_sign_shuffle,2,38,a4d4,f3d4,-803.0,458.0,1261.0,0,0,10,14,0.00039292778819799423,0.0017309559406989384,0.021351148809859492,0.01862511969725803,76,4.954085299978033,141.45880569994915,,0
opening_012_offset_20,opening_012,late,28,r1b1kbnr/2pqp1p1/p7/1pPp1p1p/Q2n2P1/PP1P1N1P/R3PP1R/1NBK1B2 w kq - 0 15,white,transmitter_sign_shuffle,4,38,a4d4,f3d4,-803.0,458.0,1261.0,0,0,10,23,0.00023889541625976562,0.0023404019213869695,-0.06423022212495896,-0.03840682788051209,152,9.126257500029169,141.45880569994915,,0
opening_012_offset_20,opening_012,late,28,r1b1kbnr/2pqp1p1/p7/1pPp1p1p/Q2n2P1/PP1P1N1P/R3PP1R/1NBK1B2 w kq - 0 15,white,transmitter_sign_shuffle,8,38,a4d4,f3d4,-803.0,458.0,1261.0,0,0,10,23,0.0002282923087477684,0.002358073591870005,-0.0661998030419083,-0.041251778093883355,304,17.698639299953356,141.45880569994915,,0
opening_012_offset_20,opening_012,late,28,r1b1kbnr/2pqp1p1/p7/1pPp1p1p/Q2n2P1/PP1P1N1P/R3PP1R/1NBK1B2 w kq - 0 15,white,transmitter_sign_shuffle,16,38,a4d4,f3d4,-803.0,458.0,1261.0,0,0,10,23,0.00024203862994909286,0.0023574621156196096,-0.0710143341722289,-0.041251778093883355,608,34.09218989999499,141.45880569994915,,0
opening_012_offset_20,opening_012,late,28,r1b1kbnr/2pqp1p1/p7/1pPp1p1p/Q2n2P1/PP1P1N1P/R3PP1R/1NBK1B2 w kq - 0 15,white,transmitter_sign_shuffle,32,38,a4d4,f3d4,-803.0,458.0,1261.0,0,0,10,23,0.0002421243116259575,0.0023576036398761753,-0.0710143341722289,-0.041251778093883355,1216,70.05639679997694,141.45880569994915,,0
opening_012_offset_20,opening_012,late,28,r1b1kbnr/2pqp1p1/p7/1pPp1p1p/Q2n2P1/PP1P1N1P/R3PP1R/1NBK1B2 w kq - 0 15,white,transmitter_sign_shuffle,64,38,a4d4,f3d4,-803.0,458.0,1261.0,0,0,10,23,0.00024187471717596054,0.0023578968600513786,-0.07079549184812342,-0.03840682788051209,2432,141.175517900032,141.45880569994915,,0
opening_012_offset_24,opening_012,late,32,r1b1kbnr/2p1p1p1/p2q4/1pPp1p1p/Q2n2PP/PP1P1N2/1R2PP1R/1NBK1B2 w kq - 3 17,white,transmitter_sign_shuffle,1,37,a4d4,h2h3,-377.0,784.0,1161.0,0,0,26,32,0.0,0.0,,,37,1.7943940999684855,100.31434879999142,,0
opening_012_offset_24,opening_012,late,32,r1b1kbnr/2p1p1p1/p2q4/1pPp1p1p/Q2n2PP/PP1P1N2/1R2PP1R/1NBK1B2 w kq - 3 17,white,transmitter_sign_shuffle,2,37,a4d4,f3d4,90.0,784.0,694.0,0,0,5,16,0.0001614689826965332,0.0017245008459105301,-0.05191648239509256,-0.040941529903031904,74,3.4639901999616995,100.31434879999142,,0
opening_012_offset_24,opening_012,late,32,r1b1kbnr/2p1p1p1/p2q4/1pPp1p1p/Q2n2PP/PP1P1N2/1R2PP1R/1NBK1B2 w kq - 3 17,white,transmitter_sign_shuffle,4,37,a4d4,f3d4,90.0,784.0,694.0,0,0,5,25,0.0002368185669183731,0.00233578182935078,-0.12696342859123771,-0.08264465142455243,148,7.0855132000287995,100.31434879999142,,0
opening_012_offset_24,opening_012,late,32,r1b1kbnr/2p1p1p1/p2q4/1pPp1p1p/Q2n2PP/PP1P1N2/1R2PP1R/1NBK1B2 w kq - 3 17,white,transmitter_sign_shuffle,8,37,a4d4,f3d4,90.0,784.0,694.0,0,0,5,25,0.00022828392684459686,0.0023460622210432496,-0.14735344700178193,-0.10067621173536387,296,15.742865800042637,100.31434879999142,,0
opening_012_offset_24,opening_012,late,32,r1b1kbnr/2p1p1p1/p2q4/1pPp1p1p/Q2n2PP/PP1P1N2/1R2PP1R/1NBK1B2 w kq - 3 17,white,transmitter_sign_shuffle,16,37,a4d4,f3d4,90.0,784.0,694.0,0,0,5,25,0.0002420227974653244,0.0023453089685748717,-0.14593088757779046,-0.09767095168356196,592,27.408032899955288,100.31434879999142,,0
opening_012_offset_24,opening_012,late,32,r1b1kbnr/2p1p1p1/p2q4/1pPp1p1p/Q2n2PP/PP1P1N2/1R2PP1R/1NBK1B2 w kq - 3 17,white,transmitter_sign_shuffle,32,37,a4d4,f3d4,90.0,784.0,694.0,0,0,5,25,0.0002421131357550621,0.0023454595125838446,-0.14593088757779046,-0.09767095168356196,1184,51.63554970000405,100.31434879999142,,0
opening_012_offset_24,opening_012,late,32,r1b1kbnr/2p1p1p1/p2q4/1pPp1p1p/Q2n2PP/PP1P1N2/1R2PP1R/1NBK1B2 w kq - 3 17,white,transmitter_sign_shuffle,64,37,a4d4,f3d4,90.0,784.0,694.0,0,0,5,25,0.00024185888469219208,0.0023457952579555357,-0.14474542139113095,-0.09466569163176007,2368,99.97543850005604,100.31434879999142,,0
opening_013_offset_00,opening_013,early,8,rnbqkbnr/ppp3pp/4pp2/3p4/8/2PP4/PP2PPPP/RNBQKBNR w KQkq - 0 5,white,transmitter_sign_shuffle,1,28,d3d4,h2h4,11.0,11.0,0.0,0,0,2,12,0.0,0.0,,,28,1.209846500074491,83.82152040000074,,0
opening_013_offset_00,opening_013,early,8,rnbqkbnr/ppp3pp/4pp2/3p4/8/2PP4/PP2PPPP/RNBQKBNR w KQkq - 0 5,white,transmitter_sign_shuffle,2,28,d3d4,g1h3,-37.0,11.0,48.0,0,0,23,11,1.491699367761612e-05,0.0004008175495614292,-0.1437437390035818,-0.0791393231552228,56,2.3733935999916866,83.82152040000074,,0
opening_013_offset_00,opening_013,early,8,rnbqkbnr/ppp3pp/4pp2/3p4/8/2PP4/PP2PPPP/RNBQKBNR w KQkq - 0 5,white,transmitter_sign_shuffle,4,28,d3d4,g1h3,-37.0,11.0,48.0,0,0,23,12,3.161188215017319e-05,0.000679948295531657,-0.09559028151705636,-0.0452739727960259,112,4.6665190000785515,83.82152040000074,,0
opening_013_offset_00,opening_013,early,8,rnbqkbnr/ppp3pp/4pp2/3p4/8/2PP4/PP2PPPP/RNBQKBNR w KQkq - 0 5,white,transmitter_sign_shuffle,8,28,d3d4,g1h3,-37.0,11.0,48.0,0,0,23,12,2.8685666620731354e-05,0.0007338174401497379,-0.11366752673231631,-0.06657937175886162,224,9.80161029996816,83.82152040000074,,0
opening_013_offset_00,opening_013,early,8,rnbqkbnr/ppp3pp/4pp2/3p4/8/2PP4/PP2PPPP/RNBQKBNR w KQkq - 0 5,white,transmitter_sign_shuffle,16,28,d3d4,g1h3,-37.0,11.0,48.0,0,0,23,12,2.8848182410001755e-05,0.0007360193502173215,-0.09887705337437634,-0.05592667227744376,448,19.733038200065494,83.82152040000074,,0
opening_013_offset_00,opening_013,early,8,rnbqkbnr/ppp3pp/4pp2/3p4/8/2PP4/PP2PPPP/RNBQKBNR w KQkq - 0 5,white,transmitter_sign_shuffle,32,28,d3d4,g1h3,-37.0,11.0,48.0,0,0,23,12,2.8744805604219437e-05,0.0007360581867710583,-0.09887705337437634,-0.05592667227744376,896,44.10989810002502,83.82152040000074,,0
opening_013_offset_00,opening_013,early,8,rnbqkbnr/ppp3pp/4pp2/3p4/8/2PP4/PP2PPPP/RNBQKBNR w KQkq - 0 5,white,transmitter_sign_shuffle,64,28,d3d4,g1h3,-37.0,11.0,48.0,0,0,23,12,2.8821174055337906e-05,0.0007362430413811617,-0.09093402138585303,-0.05060032253673483,1792,83.59810810000636,83.82152040000074,,0
opening_013_offset_04,opening_013,early,12,rnbqkbnr/1pp3pp/p3pp1B/8/3p4/P1PP4/1P2PPPP/RN1QKBNR w KQkq - 0 7,white,transmitter_sign_shuffle,1,29,h6d2,h6g7,-463.0,16.0,479.0,0,0,5,5,0.0,0.0,,,29,1.5601065000519156,95.19638550002128,,0
opening_013_offset_04,opening_013,early,12,rnbqkbnr/1pp3pp/p3pp1B/8/3p4/P1PP4/1P2PPPP/RN1QKBNR w KQkq - 0 7,white,transmitter_sign_shuffle,2,29,h6d2,g1h3,-833.0,16.0,849.0,0,0,27,20,1.491699367761612e-05,0.00041367472033881274,-0.07503357780762884,-0.06405877819301341,58,3.0644496000604704,95.19638550002128,,0
opening_013_offset_04,opening_013,early,12,rnbqkbnr/1pp3pp/p3pp1B/8/3p4/P1PP4/1P2PPPP/RN1QKBNR w KQkq - 0 7,white,transmitter_sign_shuffle,4,29,h6d2,g1h3,-833.0,16.0,849.0,0,0,27,19,3.161141648888588e-05,0.0006921051670460281,-0.05247598089779539,-0.05432115324260337,116,5.80047460005153,95.19638550002128,,0
opening_013_offset_04,opening_013,early,12,rnbqkbnr/1pp3pp/p3pp1B/8/3p4/P1PP4/1P2PPPP/RN1QKBNR w KQkq - 0 7,white,transmitter_sign_shuffle,8,29,h6d2,g1h3,-833.0,16.0,849.0,0,0,27,19,2.8689391911029816e-05,0.0007451303203694651,-0.06602611681037167,-0.05925943990102186,232,10.7347644000547,95.19638550002128,,0
opening_013_offset_04,opening_013,early,12,rnbqkbnr/1pp3pp/p3pp1B/8/3p4/P1PP4/1P2PPPP/RN1QKBNR w KQkq - 0 7,white,transmitter_sign_shuffle,16,29,h6d2,g1h3,-833.0,16.0,849.0,0,0,27,19,2.8842594474554062e-05,0.000747079455480656,-0.06454792016536333,-0.05432115324260337,464,21.634320999961346,95.19638550002128,,0
opening_013_offset_04,opening_013,early,12,rnbqkbnr/1pp3pp/p3pp1B/8/3p4/P1PP4/1P2PPPP/RN1QKBNR w KQkq - 0 7,white,transmitter_sign_shuffle,32,29,h6d2,g1h3,-833.0,16.0,849.0,0,0,27,19,2.8741080313920975e-05,0.0007472257179430695,-0.06454792016536333,-0.05432115324260337,928,44.91559280001093,95.19638550002128,,0
opening_013_offset_04,opening_013,early,12,rnbqkbnr/1pp3pp/p3pp1B/8/3p4/P1PP4/1P2PPPP/RN1QKBNR w KQkq - 0 7,white,transmitter_sign_shuffle,64,29,h6d2,g1h3,-833.0,16.0,849.0,0,0,27,19,2.8825830668210983e-05,0.0007478652986374606,-0.06454792016536333,-0.05432115324260337,1856,94.95101009996142,95.19638550002128,,0
opening_013_offset_08,opening_013,early,16,rnbqk1nr/1pp3pp/4pp1B/p7/1b1p4/P1PP1N2/1P2PPPP/R2QKBNR w KQkq - 2 9,white,transmitter_sign_shuffle,1,32,h6g7,h6g7,493.0,493.0,0.0,1,1,1,1,0.0,0.0,,,32,1.0680413000518456,87.02329079993069,,0
opening_013_offset_08,opening_013,early,16,rnbqk1nr/1pp3pp/4pp1B/p7/1b1p4/P1PP1N2/1P2PPPP/R2QKBNR w KQkq - 2 9,white,transmitter_sign_shuffle,2,32,h6g7,f3d4,164.0,493.0,329.0,0,0,3,7,0.0003929245431208983,0.0015712338727065307,-0.07411520604993674,-0.04335032509769272,64,2.242178700049408,87.02329079993069,,0
opening_013_offset_08,opening_013,early,16,rnbqk1nr/1pp3pp/4pp1B/p7/1b1p4/P1PP1N2/1P2PPPP/R2QKBNR w KQkq - 2 9,white,transmitter_sign_shuffle,4,32,h6g7,f3d4,164.0,493.0,329.0,0,0,3,8,0.0002388080465607345,0.002113864680780869,-0.10121012781703204,-0.05055634988319217,128,4.858868799987249,87.02329079993069,,0
opening_013_offset_08,opening_013,early,16,rnbqk1nr/1pp3pp/4pp1B/p7/1b1p4/P1PP1N2/1P2PPPP/R2QKBNR w KQkq - 2 9,white,transmitter_sign_shuffle,8,32,h6g7,f3d4,164.0,493.0,329.0,0,0,3,8,0.00022813593386672437,0.0021219425155243016,-0.09974331437040838,-0.05055634988319217,256,10.699100400088355,87.02329079993069,,0
opening_013_offset_08,opening_013,early,16,rnbqk1nr/1pp3pp/4pp1B/p7/1b1p4/P1PP1N2/1P2PPPP/R2QKBNR w KQkq - 2 9,white,transmitter_sign_shuffle,16,32,h6g7,f3d4,164.0,493.0,329.0,0,0,3,8,0.00024185044458135962,0.002121692749972814,-0.09974331437040838,-0.05055634988319217,512,21.920447600074112,87.02329079993069,,0
opening_013_offset_08,opening_013,early,16,rnbqk1nr/1pp3pp/4pp1B/p7/1b1p4/P1PP1N2/1P2PPPP/R2QKBNR w KQkq - 2 9,white,transmitter_sign_shuffle,32,32,h6g7,f3d4,164.0,493.0,329.0,0,0,3,8,0.0002419258380541578,0.002121882273189665,-0.09974331437040838,-0.05055634988319217,1024,43.88449980004225,87.02329079993069,,0
opening_013_offset_08,opening_013,early,16,rnbqk1nr/1pp3pp/4pp1B/p7/1b1p4/P1PP1N2/1P2PPPP/R2QKBNR w KQkq - 2 9,white,transmitter_sign_shuffle,64,32,h6g7,f3d4,164.0,493.0,329.0,0,0,3,8,0.00024197179300244898,0.0021227571605268196,-0.09974331437040838,-0.05055634988319217,2048,86.82802010001615,87.02329079993069,,0
opening_013_offset_12,opening_013,middle,20,rnbqk1nr/1p5p/2p1pp1B/p5p1/Qb1p4/PPPP1N2/4PPPP/R3KBNR w KQkq - 0 11,white,transmitter_sign_shuffle,1,28,a3b4,h6g7,-433.0,30.0,463.0,0,0,4,24,0.0,0.0,,,28,1.7169601999921724,82.11642999993637,,0
opening_013_offset_12,opening_013,middle,20,rnbqk1nr/1p5p/2p1pp1B/p5p1/Qb1p4/PPPP1N2/4PPPP/R3KBNR w KQkq - 0 11,white,transmitter_sign_shuffle,2,28,a3b4,f3g5,-1216.0,30.0,1246.0,0,0,28,9,3.1474046409130096e-05,0.0016823193814278058,-0.03863016018325196,-0.002670343590914496,56,3.0370110999792814,82.11642999993637,,0
opening_013_offset_12,opening_013,middle,20,rnbqk1nr/1p5p/2p1pp1B/p5p1/Qb1p4/PPPP1N2/4PPPP/R3KBNR w KQkq - 0 11,white,transmitter_sign_shuffle,4,28,a3b4,f3g5,-1216.0,30.0,1246.0,0,0,28,8,0.0002177511341869831,0.002253677648914386,-0.10290093048713739,-0.052910052910052914,112,5.69387940003071,82.11642999993637,,0
opening_013_offset_12,opening_013,middle,20,rnbqk1nr/1p5p/2p1pp1B/p5p1/Qb1p4/PPPP1N2/4PPPP/R3KBNR w KQkq - 0 11,white,transmitter_sign_shuffle,8,28,a3b4,f3g5,-1216.0,30.0,1246.0,0,0,28,8,0.00025623152032494545,0.002265752322561956,-0.1116584564860427,-0.06878306878306878,224,10.817214700044133,82.11642999993637,,0
opening_013_offset_12,opening_013,middle,20,rnbqk1nr/1p5p/2p1pp1B/p5p1/Qb1p4/PPPP1N2/4PPPP/R3KBNR w KQkq - 0 11,white,transmitter_sign_shuffle,16,28,a3b4,f3g5,-1216.0,30.0,1246.0,0,0,28,8,0.0002438644878566265,0.002265844252670322,-0.1116584564860427,-0.06878306878306878,448,20.846219299943186,82.11642999993637,,0
opening_013_offset_12,opening_013,middle,20,rnbqk1nr/1p5p/2p1pp1B/p5p1/Qb1p4/PPPP1N2/4PPPP/R3KBNR w KQkq - 0 11,white,transmitter_sign_shuffle,32,28,a3b4,f3g5,-1216.0,30.0,1246.0,0,0,28,8,0.00024380115792155266,0.0022658526441301473,-0.1116584564860427,-0.06878306878306878,896,40.396879000007175,82.11642999993637,,0
opening_013_offset_12,opening_013,middle,20,rnbqk1nr/1p5p/2p1pp1B/p5p1/Qb1p4/PPPP1N2/4PPPP/R3KBNR w KQkq - 0 11,white,transmitter_sign_shuffle,64,28,a3b4,f3g5,-1216.0,30.0,1246.0,0,0,28,8,0.00024398276582360268,0.002266059677999258,-0.1116584564860427,-0.06878306878306878,1792,81.87508569995407,82.11642999993637,,0
opening_013_offset_16,opening_013,middle,24,rnb1k1nr/1p5p/2p1pp1B/pq4p1/Qb1p1N2/PPPP1N2/4PPPP/R3KB1R w KQkq - 4 13,white,transmitter_sign_shuffle,1,33,a3b4,h6g7,-374.0,-62.0,312.0,0,0,4,29,0.0,0.0,,,33,1.8263929999666288,99.81334439991042,,0
opening_013_offset_16,opening_013,middle,24,rnb1k1nr/1p5p/2p1pp1B/pq4p1/Qb1p1N2/PPPP1N2/4PPPP/R3KB1R w KQkq - 4 13,white,transmitter_sign_shuffle,2,33,a3b4,f3g5,-654.0,-62.0,592.0,0,0,12,10,3.1474046409130096e-05,0.0016789875111620385,0.03932729273768283,0.019158353744654286,66,3.661253499914892,99.81334439991042,,0
opening_013_offset_16,opening_013,middle,24,rnb1k1nr/1p5p/2p1pp1B/pq4p1/Qb1p1N2/PPPP1N2/4PPPP/R3KB1R w KQkq - 4 13,white,transmitter_sign_shuffle,4,33,a3b4,f3g5,-654.0,-62.0,592.0,0,0,12,8,0.00021775392815470695,0.002297221502060328,-0.013703208556149734,-0.007575757575757577,132,6.635300899972208,99.81334439991042,,0
opening_013_offset_16,opening_013,middle,24,rnb1k1nr/1p5p/2p1pp1B/pq4p1/Qb1p1N2/PPPP1N2/4PPPP/R3KB1R w KQkq - 4 13,white,transmitter_sign_shuffle,8,33,a3b4,f3g5,-654.0,-62.0,592.0,0,0,12,8,0.00025623617693781853,0.002312413040208296,-0.044451871657754015,-0.03787878787878788,264,11.462290199939162,99.81334439991042,,0
opening_013_offset_16,opening_013,middle,24,rnb1k1nr/1p5p/2p1pp1B/pq4p1/Qb1p1N2/PPPP1N2/4PPPP/R3KB1R w KQkq - 4 13,white,transmitter_sign_shuffle,16,33,a3b4,f3g5,-654.0,-62.0,592.0,0,0,12,8,0.00024386867880821228,0.002312530169480612,-0.044451871657754015,-0.03787878787878788,528,23.18516869994346,99.81334439991042,,0
opening_013_offset_16,opening_013,middle,24,rnb1k1nr/1p5p/2p1pp1B/pq4p1/Qb1p1N2/PPPP1N2/4PPPP/R3KB1R w KQkq - 4 13,white,transmitter_sign_shuffle,32,33,a3b4,f3g5,-654.0,-62.0,592.0,0,0,12,8,0.00024380208924412727,0.002312523869291569,-0.044451871657754015,-0.03787878787878788,1056,49.759105399949476,99.81334439991042,,0
opening_013_offset_16,opening_013,middle,24,rnb1k1nr/1p5p/2p1pp1B/pq4p1/Qb1p1N2/PPPP1N2/4PPPP/R3KB1R w KQkq - 4 13,white,transmitter_sign_shuffle,64,33,a3b4,f3g5,-654.0,-62.0,592.0,0,0,12,8,0.00024399906396865845,0.0023126160341027093,-0.044451871657754015,-0.03787878787878788,2112,99.57772199995816,99.81334439991042,,0
opening_013_offset_20,opening_013,late,28,rnb1k1nr/1p2b2p/2p1pp1B/pq4p1/Q2p1N1N/PPPP2P1/4PP1P/R3KB1R w KQkq - 3 15,white,transmitter_sign_shuffle,1,36,h6g7,h6g7,-254.0,-254.0,0.0,1,1,1,1,0.0,0.0,,,36,1.7775936999823898,104.48382680001669,,0
opening_013_offset_20,opening_013,late,28,rnb1k1nr/1p2b2p/2p1pp1B/pq4p1/Q2p1N1N/PPPP2P1/4PP1P/R3KB1R w KQkq - 3 15,white,transmitter_sign_shuffle,2,36,h6g7,h6g5,-713.0,-254.0,459.0,0,0,10,15,3.1370524084195495e-05,0.00022713541664290315,0.2425325440692001,0.16951145780504404,72,3.318143600015901,104.48382680001669,,0
opening_013_offset_20,opening_013,late,28,rnb1k1nr/1p2b2p/2p1pp1B/pq4p1/Q2p1N1N/PPPP2P1/4PP1P/R3KB1R w KQkq - 3 15,white,transmitter_sign_shuffle,4,36,h6g7,h6g5,-713.0,-254.0,459.0,0,0,10,7,0.0002490338229108602,0.00046635702300052556,0.014415342072452791,0.030182694191242893,144,6.608694799942896,104.48382680001669,,0
opening_013_offset_20,opening_013,late,28,rnb1k1nr/1p2b2p/2p1pp1B/pq4p1/Q2p1N1N/PPPP2P1/4PP1P/R3KB1R w KQkq - 3 15,white,transmitter_sign_shuffle,8,36,h6g7,h6g5,-713.0,-254.0,459.0,0,0,10,7,0.00029105693101882935,0.0005094353070170646,-0.04903790472861173,-0.027005568486901537,288,12.538708799984306,104.48382680001669,,0
opening_013_offset_20,opening_013,late,28,rnb1k1nr/1p2b2p/2p1pp1B/pq4p1/Q2p1N1N/PPPP2P1/4PP1P/R3KB1R w KQkq - 3 15,white,transmitter_sign_shuffle,16,36,h6g7,h6g5,-713.0,-254.0,459.0,0,0,10,7,0.0002789577411022037,0.0005098832400941632,-0.04672115332411039,-0.027005568486901537,576,24.092005499987863,104.48382680001669,,0
opening_013_offset_20,opening_013,late,28,rnb1k1nr/1p2b2p/2p1pp1B/pq4p1/Q2p1N1N/PPPP2P1/4PP1P/R3KB1R w KQkq - 3 15,white,transmitter_sign_shuffle,32,36,h6g7,h6g5,-713.0,-254.0,459.0,0,0,10,7,0.00027889874763786793,0.0005100021294854671,-0.04672115332411039,-0.027005568486901537,1152,52.74727389996406,104.48382680001669,,0
opening_013_offset_20,opening_013,late,28,rnb1k1nr/1p2b2p/2p1pp1B/pq4p1/Q2p1N1N/PPPP2P1/4PP1P/R3KB1R w KQkq - 3 15,white,transmitter_sign_shuffle,64,36,h6g7,h6g5,-713.0,-254.0,459.0,0,0,10,7,0.0002792099257931113,0.0005104326488020938,-0.04672115332411039,-0.027005568486901537,2304,104.1131722999271,104.48382680001669,,0
opening_013_offset_24,opening_013,late,32,rnb1k1nr/1p2b2p/5p1B/pqp1p1p1/Q2pPN2/PPPP2P1/5PNP/R3KB1R w KQkq - 0 17,white,transmitter_sign_shuffle,1,33,a4b5,h6g7,-55.0,713.0,768.0,0,0,3,27,0.0,0.0,,,33,1.402256099972874,96.08002419990953,,0
opening_013_offset_24,opening_013,late,32,rnb1k1nr/1p2b2p/5p1B/pqp1p1p1/Q2pPN2/PPPP2P1/5PNP/R3KB1R w KQkq - 0 17,white,transmitter_sign_shuffle,2,33,a4b5,h6g5,-636.0,713.0,1349.0,0,0,11,5,3.147392999380827e-05,0.00030549876604335946,0.016719638575685734,0.009859497602459555,66,2.8720327999908477,96.08002419990953,,0
opening_013_offset_24,opening_013,late,32,rnb1k1nr/1p2b2p/5p1B/pqp1p1p1/Q2pPN2/PPPP2P1/5PNP/R3KB1R w KQkq - 0 17,white,transmitter_sign_shuffle,4,33,a4b5,h6g5,-636.0,713.0,1349.0,0,0,11,10,0.00025298516266047955,0.0005640686444149913,-0.01838388909234626,-0.00947867724385318,132,5.65723569993861,96.08002419990953,,0
opening_013_offset_24,opening_013,late,32,rnb1k1nr/1p2b2p/5p1B/pqp1p1p1/Q2pPN2/PPPP2P1/5PNP/R3KB1R w KQkq - 0 17,white,transmitter_sign_shuffle,8,33,a4b5,h6g5,-636.0,713.0,1349.0,0,0,11,19,0.0002893979981308803,0.000606949674430554,-0.05348040463228003,-0.03601897352664209,264,11.106940899975598,96.08002419990953,,0
opening_013_offset_24,opening_013,late,32,rnb1k1nr/1p2b2p/5p1B/pqp1p1p1/Q2pPN2/PPPP2P1/5PNP/R3KB1R w KQkq - 0 17,white,transmitter_sign_shuffle,16,33,a4b5,h6g5,-636.0,713.0,1349.0,0,0,11,19,0.00027724776009563357,0.0006073283454468357,-0.046795354053245024,-0.03222750262910081,528,23.05587869998999,96.08002419990953,,0
opening_013_offset_24,opening_013,late,32,rnb1k1nr/1p2b2p/5p1B/pqp1p1p1/Q2pPN2/PPPP2P1/5PNP/R3KB1R w KQkq - 0 17,white,transmitter_sign_shuffle,32,33,a4b5,h6g5,-636.0,713.0,1349.0,0,0,11,19,0.0002771890431176871,0.0006073817415536599,-0.046795354053245024,-0.03222750262910081,1056,46.56086399999913,96.08002419990953,,0
opening_013_offset_24,opening_013,late,32,rnb1k1nr/1p2b2p/5p1B/pqp1p1p1/Q2pPN2/PPPP2P1/5PNP/R3KB1R w KQkq - 0 17,white,transmitter_sign_shuffle,64,33,a4b5,h6g5,-636.0,713.0,1349.0,0,0,11,19,0.0002775276661850512,0.0006076648123827046,-0.046795354053245024,-0.03222750262910081,2112,95.8475635999348,96.08002419990953,,0
opening_014_offset_00,opening_014,early,8,rnbqk1nr/ppppp2p/6pb/8/2P2pPP/P7/1P1PPP2/RNBQKBNR w KQkq - 0 5,white,transmitter_sign_shuffle,1,22,d2d4,h4h5,125.0,222.0,97.0,0,0,6,12,0.0,0.0,,,22,1.3282165999989957,84.76712430000771,,0
opening_014_offset_00,opening_014,early,8,rnbqk1nr/ppppp2p/6pb/8/2P2pPP/P7/1P1PPP2/RNBQKBNR w KQkq - 0 5,white,transmitter_sign_shuffle,2,22,d2d4,g4g5,128.0,222.0,94.0,0,0,5,7,0.0010711919167079031,0.0004412230250705701,0.39466848716430086,0.26997758502755037,44,2.755868999985978,84.76712430000771,,0
opening_014_offset_00,opening_014,early,8,rnbqk1nr/ppppp2p/6pb/8/2P2pPP/P7/1P1PPP2/RNBQKBNR w KQkq - 0 5,white,transmitter_sign_shuffle,4,22,d2d4,g4g5,128.0,222.0,94.0,0,0,5,8,0.001426931470632553,0.000704815588744307,0.1902879728966686,0.10822510822510822,88,6.38347620004788,84.76712430000771,,0
opening_014_offset_00,opening_014,early,8,rnbqk1nr/ppppp2p/6pb/8/2P2pPP/P7/1P1PPP2/RNBQKBNR w KQkq - 0 5,white,transmitter_sign_shuffle,8,22,d2d4,g4g5,128.0,222.0,94.0,0,0,5,8,0.0014588074409402907,0.0007497824393892091,0.16770186335403728,0.09090909090909091,176,12.680775700020604,84.76712430000771,,0
opening_014_offset_00,opening_014,early,8,rnbqk1nr/ppppp2p/6pb/8/2P2pPP/P7/1P1PPP2/RNBQKBNR w KQkq - 0 5,white,transmitter_sign_shuffle,16,22,d2d4,g4g5,128.0,222.0,94.0,0,0,5,8,0.0014455608616117388,0.0007502615961718748,0.16770186335403728,0.09090909090909091,352,24.418590800021775,84.76712430000771,,0
opening_014_offset_00,opening_014,early,8,rnbqk1nr/ppppp2p/6pb/8/2P2pPP/P7/1P1PPP2/RNBQKBNR w KQkq - 0 5,white,transmitter_sign_shuffle,32,22,d2d4,g4g5,128.0,222.0,94.0,0,0,5,8,0.0014454522170126438,0.000750489537121432,0.16770186335403728,0.09090909090909091,704,43.04605880007148,84.76712430000771,,0
opening_014_offset_00,opening_014,early,8,rnbqk1nr/ppppp2p/6pb/8/2P2pPP/P7/1P1PPP2/RNBQKBNR w KQkq - 0 5,white,transmitter_sign_shuffle,64,22,d2d4,g4g5,128.0,222.0,94.0,0,0,5,8,0.0014453681360464543,0.0007513395913122748,0.16770186335403728,0.09090909090909091,1408,84.59654200007208,84.76712430000771,,0
opening_014_offset_04,opening_014,early,12,rnbqkbnr/ppppp2p/6p1/7P/2P2pP1/P1N5/1P1PPP2/R1BQKBNR w KQkq - 3 7,white,transmitter_sign_shuffle,1,30,h5g6,h5h6,50.0,535.0,485.0,0,1,30,2,0.0,0.0,,,30,1.4546217999886721,87.33189399994444,,0
opening_014_offset_04,opening_014,early,12,rnbqkbnr/ppppp2p/6p1/7P/2P2pP1/P1N5/1P1PPP2/R1BQKBNR w KQkq - 3 7,white,transmitter_sign_shuffle,2,30,h5g6,g4g5,378.0,535.0,157.0,0,0,5,4,0.0010711921495385468,0.00040759915933517247,0.5049563873893733,0.37544688165042045,60,2.97683199995663,87.33189399994444,,0
opening_014_offset_04,opening_014,early,12,rnbqkbnr/ppppp2p/6p1/7P/2P2pP1/P1N5/1P1PPP2/R1BQKBNR w KQkq - 3 7,white,transmitter_sign_shuffle,4,30,h5g6,g4g5,378.0,535.0,157.0,0,0,5,6,0.0014269320527091622,0.0007514680175801249,0.40734149054505003,0.29195402298850576,120,5.92237699998077,87.33189399994444,,0
opening_014_offset_04,opening_014,early,12,rnbqkbnr/ppppp2p/6p1/7P/2P2pP1/P1N5/1P1PPP2/R1BQKBNR w KQkq - 3 7,white,transmitter_sign_shuffle,8,30,h5g6,g4g5,378.0,535.0,157.0,0,0,5,6,0.0014588020858354867,0.0008107358459092629,0.3819799777530589,0.2735632183908046,240,11.432962799910456,87.33189399994444,,0
opening_014_offset_04,opening_014,early,12,rnbqkbnr/ppppp2p/6p1/7P/2P2pP1/P1N5/1P1PPP2/R1BQKBNR w KQkq - 3 7,white,transmitter_sign_shuffle,16,30,h5g6,g4g5,378.0,535.0,157.0,0,0,5,6,0.0014455498312599957,0.0008117280136739558,0.3819799777530589,0.2735632183908046,480,21.817901599919423,87.33189399994444,,0
opening_014_offset_04,opening_014,early,12,rnbqkbnr/ppppp2p/6p1/7P/2P2pP1/P1N5/1P1PPP2/R1BQKBNR w KQkq - 3 7,white,transmitter_sign_shuffle,32,30,h5g6,g4g5,378.0,535.0,157.0,0,0,5,6,0.0014454466290771961,0.0008118340970363906,0.3819799777530589,0.2735632183908046,960,43.633124799933285,87.33189399994444,,0
opening_014_offset_04,opening_014,early,12,rnbqkbnr/ppppp2p/6p1/7P/2P2pP1/P1N5/1P1PPP2/R1BQKBNR w KQkq - 3 7,white,transmitter_sign_shuffle,64,30,h5g6,g4g5,378.0,535.0,157.0,0,0,5,6,0.0014453618205152452,0.0008122213570953949,0.3819799777530589,0.2735632183908046,1920,87.13069949997589,87.33189399994444,,0
opening_014_offset_08,opening_014,early,16,rnbqkbr1/ppppp2p/5np1/7P/2P2pP1/P1N2P2/1P1PP3/1RBQKBNR w Kq - 3 9,white,transmitter_sign_shuffle,1,27,d2d4,h5h6,182.0,209.0,27.0,0,0,2,13,0.0,0.0,,,27,1.3616448000539094,90.48977470002137,,0
opening_014_offset_08,opening_014,early,16,rnbqkbr1/ppppp2p/5np1/7P/2P2pP1/P1N2P2/1P1PP3/1RBQKBNR w Kq - 3 9,white,transmitter_sign_shuffle,2,27,d2d4,g4g5,-3.0,209.0,212.0,0,0,22,7,0.0010712041985243559,0.00040875133785839285,0.3542303051776406,0.2232707529343924,54,2.961817599949427,90.48977470002137,,0
opening_014_offset_08,opening_014,early,16,rnbqkbr1/ppppp2p/5np1/7P/2P2pP1/P1N2P2/1P1PP3/1RBQKBNR w Kq - 3 9,white,transmitter_sign_shuffle,4,27,d2d4,g4g5,-3.0,209.0,212.0,0,0,22,8,0.0014269757084548473,0.0007635415821360127,0.2861068835665469,0.17428642566033203,108,5.622977299964987,90.48977470002137,,0
opening_014_offset_08,opening_014,early,16,rnbqkbr1/ppppp2p/5np1/7P/2P2pP1/P1N2P2/1P1PP3/1RBQKBNR w Kq - 3 9,white,transmitter_sign_shuffle,8,27,d2d4,g4g5,-3.0,209.0,212.0,0,0,22,8,0.001458896091207862,0.0008267133775016174,0.28152673068127676,0.17428642566033203,216,10.615691300015897,90.48977470002137,,0
opening_014_offset_08,opening_014,early,16,rnbqkbr1/ppppp2p/5np1/7P/2P2pP1/P1N2P2/1P1PP3/1RBQKBNR w Kq - 3 9,white,transmitter_sign_shuffle,16,27,d2d4,g4g5,-3.0,209.0,212.0,0,0,22,8,0.0014456517528742552,0.0008277639338674949,0.28152673068127676,0.17428642566033203,432,22.11935070005711,90.48977470002137,,0
opening_014_offset_08,opening_014,early,16,rnbqkbr1/ppppp2p/5np1/7P/2P2pP1/P1N2P2/1P1PP3/1RBQKBNR w Kq - 3 9,white,transmitter_sign_shuffle,32,27,d2d4,g4g5,-3.0,209.0,212.0,0,0,22,8,0.0014455385971814394,0.0008278636400590985,0.28152673068127676,0.17428642566033203,864,46.05409089999739,90.48977470002137,,0
opening_014_offset_08,opening_014,early,16,rnbqkbr1/ppppp2p/5np1/7P/2P2pP1/P1N2P2/1P1PP3/1RBQKBNR w Kq - 3 9,white,transmitter_sign_shuffle,64,27,d2d4,g4g5,-3.0,209.0,212.0,0,0,22,8,0.0014454489573836327,0.0008282473699990638,0.28152673068127676,0.17428642566033203,1728,90.30685669998638,90.48977470002137,,0
opening_014_offset_12,opening_014,middle,20,rnbqkbr1/ppppp3/6pp/7P/2PPnpP1/PQN2P2/1P2P3/1RB1KBNR w Kq - 0 11,white,transmitter_sign_shuffle,1,32,c3e4,h5g6,492.0,912.0,420.0,0,0,4,14,0.0,0.0,,,32,1.5786194999236614,89.39871840004344,,0
opening_014_offset_12,opening_014,middle,20,rnbqkbr1/ppppp3/6pp/7P/2PPnpP1/PQN2P2/1P2P3/1RB1KBNR w Kq - 0 11,white,transmitter_sign_shuffle,2,32,c3e4,f3e4,827.0,912.0,85.0,0,0,2,4,0.0028059822507202625,0.0009045986516459836,0.27685923999823425,0.20418564093973288,64,3.3887022000271827,89.39871840004344,,0
opening_014_offset_12,opening_014,middle,20,rnbqkbr1/ppppp3/6pp/7P/2PPnpP1/PQN2P2/1P2P3/1RB1KBNR w Kq - 0 11,white,transmitter_sign_shuffle,4,32,c3e4,f3e4,827.0,912.0,85.0,0,0,2,4,0.0033974117832258344,0.0013394013273159656,0.3687683284457478,0.26209677419354843,128,6.280923299957067,89.39871840004344,,0
opening_014_offset_12,opening_014,middle,20,rnbqkbr1/ppppp3/6pp/7P/2PPnpP1/PQN2P2/1P2P3/1RB1KBNR w Kq - 0 11,white,transmitter_sign_shuffle,8,32,c3e4,f3e4,827.0,912.0,85.0,0,0,2,4,0.003334169741719961,0.0013772383999211745,0.3632697947214076,0.2580645161290323,256,12.038868499919772,89.39871840004344,,0
opening_014_offset_12,opening_014,middle,20,rnbqkbr1/ppppp3/6pp/7P/2PPnpP1/PQN2P2/1P2P3/1RB1KBNR w Kq - 0 11,white,transmitter_sign_shuffle,16,32,c3e4,f3e4,827.0,912.0,85.0,0,0,2,4,0.0033475906820967793,0.0013771876946958909,0.35887096774193544,0.25000000000000006,512,23.148524899967015,89.39871840004344,,0
opening_014_offset_12,opening_014,middle,20,rnbqkbr1/ppppp3/6pp/7P/2PPnpP1/PQN2P2/1P2P3/1RB1KBNR w Kq - 0 11,white,transmitter_sign_shuffle,32,32,c3e4,f3e4,827.0,912.0,85.0,0,0,2,4,0.003347734222188592,0.0013772630135251897,0.35887096774193544,0.25000000000000006,1024,44.347794999950565,89.39871840004344,,0
opening_014_offset_12,opening_014,middle,20,rnbqkbr1/ppppp3/6pp/7P/2PPnpP1/PQN2P2/1P2P3/1RB1KBNR w Kq - 0 11,white,transmitter_sign_shuffle,64,32,c3e4,f3e4,827.0,912.0,85.0,0,0,2,4,0.003347450983710587,0.0013772675182576986,0.35887096774193544,0.25000000000000006,2048,89.15799560002051,89.39871840004344,,0
opening_014_offset_16,opening_014,middle,24,rnbq1b1r/pppppk2/6pp/1N5P/Q1PPnpP1/P4P2/1P2P3/1RB1KBNR w K - 4 13,white,transmitter_sign_shuffle,1,30,h5g6,h5g6,959.0,959.0,0.0,1,1,1,1,0.0,0.0,,,30,1.5204993999795988,88.57879449997563,,0
opening_014_offset_16,opening_014,middle,24,rnbq1b1r/pppppk2/6pp/1N5P/Q1PPnpP1/P4P2/1P2P3/1RB1KBNR w K - 4 13,white,transmitter_sign_shuffle,2,30,h5g6,f3e4,869.0,959.0,90.0,0,0,2,6,0.00202303659170866,0.0011048697682577355,0.27272760446109273,0.20907065575218553,60,2.930979000055231,88.57879449997563,,0
opening_014_offset_16,opening_014,middle,24,rnbq1b1r/pppppk2/6pp/1N5P/Q1PPnpP1/P4P2/1P2P3/1RB1KBNR w K - 4 13,white,transmitter_sign_shuffle,4,30,h5g6,f3e4,869.0,959.0,90.0,0,0,2,8,0.00209052674472332,0.0016232764735886974,0.24805339265850945,0.18160919540229886,120,5.698041200055741,88.57879449997563,,0
opening_014_offset_16,opening_014,middle,24,rnbq1b1r/pppppk2/6pp/1N5P/Q1PPnpP1/P4P2/1P2P3/1RB1KBNR w K - 4 13,white,transmitter_sign_shuffle,8,30,h5g6,f3e4,869.0,959.0,90.0,0,0,2,8,0.0018801353871822357,0.0016899540338528776,0.22358175750834258,0.17241379310344826,240,11.581608399981633,88.57879449997563,,0
opening_014_offset_16,opening_014,middle,24,rnbq1b1r/pppppk2/6pp/1N5P/Q1PPnpP1/P4P2/1P2P3/1RB1KBNR w K - 4 13,white,transmitter_sign_shuffle,16,30,h5g6,f3e4,869.0,959.0,90.0,0,0,2,8,0.0018783556297421455,0.0016909684021678788,0.22358175750834258,0.17241379310344826,480,22.193536399980076,88.57879449997563,,0
opening_014_offset_16,opening_014,middle,24,rnbq1b1r/pppppk2/6pp/1N5P/Q1PPnpP1/P4P2/1P2P3/1RB1KBNR w K - 4 13,white,transmitter_sign_shuffle,32,30,h5g6,f3e4,869.0,959.0,90.0,0,0,2,8,0.0018784105777740479,0.0016909843504144114,0.22358175750834258,0.17241379310344826,960,43.99554849998094,88.57879449997563,,0
opening_014_offset_16,opening_014,middle,24,rnbq1b1r/pppppk2/6pp/1N5P/Q1PPnpP1/P4P2/1P2P3/1RB1KBNR w K - 4 13,white,transmitter_sign_shuffle,64,30,h5g6,f3e4,869.0,959.0,90.0,0,0,2,8,0.0018781227990984917,0.0016909702026342871,0.22358175750834258,0.17241379310344826,1920,88.38435910001863,88.57879449997563,,0
opening_014_offset_20,opening_014,late,28,rnb1qb1r/pppppk2/6pp/7P/Q1PP1pP1/P1N2P1B/1P1nP3/1RB1K1NR w K - 8 15,white,transmitter_sign_shuffle,1,31,h5g6,h5g6,971.0,971.0,0.0,1,1,1,1,0.0,0.0,,,31,1.262679300038144,97.91395790001843,,0
opening_014_offset_20,opening_014,late,28,rnb1qb1r/pppppk2/6pp/7P/Q1PP1pP1/P1N2P1B/1P1nP3/1RB1K1NR w K - 8 15,white,transmitter_sign_shuffle,2,31,h5g6,a4a7,-521.0,971.0,1492.0,0,1,27,3,0.0005201653111726046,0.0005983930513392147,0.06771118124621724,0.05022420703714805,62,2.5921090999618173,97.91395790001843,,0
opening_014_offset_20,opening_014,late,28,rnb1qb1r/pppppk2/6pp/7P/Q1PP1pP1/P1N2P1B/1P1nP3/1RB1K1NR w K - 8 15,white,transmitter_sign_shuffle,4,31,h5g6,a4a7,-521.0,971.0,1492.0,0,0,27,6,0.0008834325708448887,0.0010632945888153086,0.01895161290322581,0.006451612903225807,124,5.491133700008504,97.91395790001843,,0
opening_014_offset_20,opening_014,late,28,rnb1qb1r/pppppk2/6pp/7P/Q1PP1pP1/P1N2P1B/1P1nP3/1RB1K1NR w K - 8 15,white,transmitter_sign_shuffle,8,31,h5g6,a4a7,-521.0,971.0,1492.0,0,0,27,5,0.0009427000768482685,0.00114726724068052,0.027016129032258068,0.01935483870967742,248,11.12168229999952,97.91395790001843,,0
opening_014_offset_20,opening_014,late,28,rnb1qb1r/pppppk2/6pp/7P/Q1PP1pP1/P1N2P1B/1P1nP3/1RB1K1NR w K - 8 15,white,transmitter_sign_shuffle,16,31,h5g6,a4a7,-521.0,971.0,1492.0,0,0,27,5,0.0009548850357532501,0.0011489655774284382,0.027016129032258068,0.01935483870967742,496,22.573885399964638,97.91395790001843,,0
opening_014_offset_20,opening_014,late,28,rnb1qb1r/pppppk2/6pp/7P/Q1PP1pP1/P1N2P1B/1P1nP3/1RB1K1NR w K - 8 15,white,transmitter_sign_shuffle,32,31,h5g6,a4a7,-521.0,971.0,1492.0,0,0,27,5,0.0009548384696245193,0.0011489725616196534,0.027016129032258068,0.01935483870967742,992,46.83346160000656,97.91395790001843,,0
opening_014_offset_20,opening_014,late,28,rnb1qb1r/pppppk2/6pp/7P/Q1PP1pP1/P1N2P1B/1P1nP3/1RB1K1NR w K - 8 15,white,transmitter_sign_shuffle,64,31,h5g6,a4a7,-521.0,971.0,1492.0,0,0,27,5,0.0009544277563691139,0.001148985873916154,0.027016129032258068,0.01935483870967742,1984,97.71284439996816,97.91395790001843,,0
opening_014_offset_24,opening_014,late,32,r1b1qb1r/pppppk2/6pp/2nN3P/2PP1pP1/PQ3P1B/1P1nP3/1RB1K1NR w K - 12 17,white,transmitter_sign_shuffle,1,33,h5g6,h5g6,835.0,835.0,0.0,1,1,1,1,0.0,0.0,,,33,1.8017757999477908,101.95988929993473,,0
opening_014_offset_24,opening_014,late,32,r1b1qb1r/pppppk2/6pp/2nN3P/2PP1pP1/PQ3P1B/1P1nP3/1RB1K1NR w K - 12 17,white,transmitter_sign_shuffle,2,33,h5g6,g4g5,-581.0,835.0,1416.0,0,0,18,5,0.0011944763828068972,0.0007951731196175008,0.06615390888362147,0.04787301767423468,66,3.533322099945508,101.95988929993473,,0
opening_014_offset_24,opening_014,late,32,r1b1qb1r/pppppk2/6pp/2nN3P/2PP1pP1/PQ3P1B/1P1nP3/1RB1K1NR w K - 12 17,white,transmitter_sign_shuffle,4,33,h5g6,g4g5,-581.0,835.0,1416.0,0,0,18,5,0.0019330382347106934,0.0012208588161711081,-0.2690508021390375,-0.2196969696969697,132,6.616424100007862,101.95988929993473,,0
opening_014_offset_24,opening_014,late,32,r1b1qb1r/pppppk2/6pp/2nN3P/2PP1pP1/PQ3P1B/1P1nP3/1RB1K1NR w K - 12 17,white,transmitter_sign_shuffle,8,33,h5g6,g4g5,-581.0,835.0,1416.0,0,0,18,4,0.0019783969037234783,0.0012734649434784624,-0.22760695187165775,-0.18939393939393942,264,12.701219499926083,101.95988929993473,,0
opening_014_offset_24,opening_014,late,32,r1b1qb1r/pppppk2/6pp/2nN3P/2PP1pP1/PQ3P1B/1P1nP3/1RB1K1NR w K - 12 17,white,transmitter_sign_shuffle,16,33,h5g6,g4g5,-581.0,835.0,1416.0,0,0,18,4,0.0019624074921011925,0.0012739698909460743,-0.22393048128342247,-0.18181818181818182,528,24.685706999967806,101.95988929993473,,0
opening_014_offset_24,opening_014,late,32,r1b1qb1r/pppppk2/6pp/2nN3P/2PP1pP1/PQ3P1B/1P1nP3/1RB1K1NR w K - 12 17,white,transmitter_sign_shuffle,32,33,h5g6,g4g5,-581.0,835.0,1416.0,0,0,18,4,0.0019623436965048313,0.0012740374989054512,-0.22627005347593582,-0.18560606060606058,1056,49.919906400027685,101.95988929993473,,0
opening_014_offset_24,opening_014,late,32,r1b1qb1r/pppppk2/6pp/2nN3P/2PP1pP1/PQ3P1B/1P1nP3/1RB1K1NR w K - 12 17,white,transmitter_sign_shuffle,64,33,h5g6,g4g5,-581.0,835.0,1416.0,0,0,18,4,0.001962334383279085,0.001274096393304432,-0.22627005347593582,-0.18560606060606058,2112,101.68511939991731,101.95988929993473,,0
opening_015_offset_00,opening_015,early,8,rnb1kbnr/1ppp1pp1/8/p2Pp2p/4P2q/2N5/PPP2PPP/R1BQKBNR w KQkq - 2 5,white,transmitter_sign_shuffle,1,35,g1f3,h2h3,207.0,241.0,34.0,0,0,3,5,0.0,0.0,,,35,1.5254457000410184,120.57560330000706,,0
opening_015_offset_00,opening_015,early,8,rnb1kbnr/1ppp1pp1/8/p2Pp2p/4P2q/2N5/PPP2PPP/R1BQKBNR w KQkq - 2 5,white,transmitter_sign_shuffle,2,35,g1f3,g1h3,143.0,241.0,98.0,0,1,16,3,0.0,0.00038811602643122465,-0.21338889378040132,-0.14950441057150954,70,3.4051717000547796,120.57560330000706,,0
opening_015_offset_00,opening_015,early,8,rnb1kbnr/1ppp1pp1/8/p2Pp2p/4P2q/2N5/PPP2PPP/R1BQKBNR w KQkq - 2 5,white,transmitter_sign_shuffle,4,35,g1f3,g1h3,143.0,241.0,98.0,0,1,16,3,1.479126513004303e-05,0.0006459862230961332,-0.15170192052456535,-0.09932674008152578,140,7.216552900034003,120.57560330000706,,0
opening_015_offset_00,opening_015,early,8,rnb1kbnr/1ppp1pp1/8/p2Pp2p/4P2q/2N5/PPP2PPP/R1BQKBNR w KQkq - 2 5,white,transmitter_sign_shuffle,8,35,g1f3,g1h3,143.0,241.0,98.0,0,1,16,3,1.4225253835320473e-05,0.0006926892508741004,-0.15338282823120872,-0.08922571566645535,280,14.254848600015976,120.57560330000706,,0
opening_015_offset_00,opening_015,early,8,rnb1kbnr/1ppp1pp1/8/p2Pp2p/4P2q/2N5/PPP2PPP/R1BQKBNR w KQkq - 2 5,white,transmitter_sign_shuffle,16,35,g1f3,g1h3,143.0,241.0,98.0,0,1,16,3,1.3717683032155037e-05,0.0006945628569444123,-0.15898585392002,-0.09259272380481216,560,28.84792800003197,120.57560330000706,,0
opening_015_offset_00,opening_015,early,8,rnb1kbnr/1ppp1pp1/8/p2Pp2p/4P2q/2N5/PPP2PPP/R1BQKBNR w KQkq - 2 5,white,transmitter_sign_shuffle,32,35,g1f3,g1h3,143.0,241.0,98.0,0,1,16,3,1.371721737086773e-05,0.0006945993626860698,-0.15898585392002,-0.09259272380481216,1120,58.55845490004867,120.57560330000706,,0
opening_015_offset_00,opening_015,early,8,rnb1kbnr/1ppp1pp1/8/p2Pp2p/4P2q/2N5/PPP2PPP/R1BQKBNR w KQkq - 2 5,white,transmitter_sign_shuffle,64,35,g1f3,g1h3,143.0,241.0,98.0,0,1,16,3,1.370161771774292e-05,0.000694786721465222,-0.15898585392002,-0.09259272380481216,2240,120.31577009998728,120.57560330000706,,0
opening_015_offset_04,opening_015,early,12,rnb1kbnr/2pp1pp1/1p3q2/p2Pp2p/4P3/2NBB3/PPP2PPP/R2QK1NR w KQkq - 0 7,white,transmitter_sign_shuffle,1,43,c3b5,h2h4,166.0,310.0,144.0,0,0,10,35,0.0,0.0,,,43,3.800311400089413,172.00544370000716,,0
opening_015_offset_04,opening_015,early,12,rnb1kbnr/2pp1pp1/1p3q2/p2Pp2p/4P3/2NBB3/PPP2PPP/R2QK1NR w KQkq - 0 7,white,transmitter_sign_shuffle,2,43,c3b5,g1h3,173.0,310.0,137.0,0,0,9,29,0.0,0.00038519617348811193,-0.1284474361628051,-0.10824372496409142,86,6.965691499994136,172.00544370000716,,0
opening_015_offset_04,opening_015,early,12,rnb1kbnr/2pp1pp1/1p3q2/p2Pp2p/4P3/2NBB3/PPP2PPP/R2QK1NR w KQkq - 0 7,white,transmitter_sign_shuffle,4,43,c3b5,g1h3,173.0,310.0,137.0,0,0,9,12,1.4788936823606491e-05,0.0006131078540057048,-0.03783130721349778,-0.03215079581147935,172,12.495064200018533,172.00544370000716,,0
opening_015_offset_04,opening_015,early,12,rnb1kbnr/2pp1pp1/1p3q2/p2Pp2p/4P3/2NBB3/PPP2PPP/R2QK1NR w KQkq - 0 7,white,transmitter_sign_shuffle,8,43,c3b5,g1h3,173.0,310.0,137.0,0,0,9,11,1.4219898730516434e-05,0.0006505549416169374,-0.010194064818008384,-0.01884701823431548,344,23.514533500070684,172.00544370000716,,0
opening_015_offset_04,opening_015,early,12,rnb1kbnr/2pp1pp1/1p3q2/p2Pp2p/4P3/2NBB3/PPP2PPP/R2QK1NR w KQkq - 0 7,white,transmitter_sign_shuffle,16,43,c3b5,g1h3,173.0,310.0,137.0,0,0,9,11,1.3719894923269749e-05,0.0006513361208983116,-0.013969644380233709,-0.021064314497176124,688,46.298162000020966,172.00544370000716,,0
opening_015_offset_04,opening_015,early,12,rnb1kbnr/2pp1pp1/1p3q2/p2Pp2p/4P3/2NBB3/PPP2PPP/R2QK1NR w KQkq - 0 7,white,transmitter_sign_shuffle,32,43,c3b5,g1h3,173.0,310.0,137.0,0,0,9,11,1.370999962091446e-05,0.0006513006659306311,-0.013969644380233709,-0.021064314497176124,1376,88.42858490010258,172.00544370000716,,0
opening_015_offset_04,opening_015,early,12,rnb1kbnr/2pp1pp1/1p3q2/p2Pp2p/4P3/2NBB3/PPP2PPP/R2QK1NR w KQkq - 0 7,white,transmitter_sign_shuffle,64,43,c3b5,g1h3,173.0,310.0,137.0,0,0,9,11,1.3693468645215034e-05,0.0006515127756401467,-0.019481990541082687,-0.023281610760036767,2752,171.59342420008034,172.00544370000716,,0
opening_015_offset_08,opening_015,early,16,1nb1k1nr/r1ppbpp1/1p3q2/p2Pp2p/4P3/2NB4/PPPBKPPP/R2Q2NR w k - 4 9,white,transmitter_sign_shuffle,1,34,c3b5,h2h4,132.0,227.0,95.0,0,0,6,26,0.0,0.0,,,34,1.4102447000332177,115.00216300005559,,0
opening_015_offset_08,opening_015,early,16,1nb1k1nr/r1ppbpp1/1p3q2/p2Pp2p/4P3/2NB4/PPPBKPPP/R2Q2NR w k - 4 9,white,transmitter_sign_shuffle,2,34,c3b5,g1h3,104.0,227.0,123.0,0,0,16,24,1.4917022781446576e-05,0.0003975370868628554,-0.17796753285544706,-0.12446616105561707,68,3.043823100044392,115.00216300005559,,0
opening_015_offset_08,opening_015,early,16,1nb1k1nr/r1ppbpp1/1p3q2/p2Pp2p/4P3/2NB4/PPPBKPPP/R2Q2NR w k - 4 9,white,transmitter_sign_shuffle,4,34,c3b5,g1h3,104.0,227.0,123.0,0,0,16,12,3.1608331482857466e-05,0.0006445132130064855,-0.07410802985949483,-0.028545952482036698,136,7.148319000029005,115.00216300005559,,0
opening_015_offset_08,opening_015,early,16,1nb1k1nr/r1ppbpp1/1p3q2/p2Pp2p/4P3/2NB4/PPPBKPPP/R2Q2NR w k - 4 9,white,transmitter_sign_shuffle,8,34,c3b5,g1h3,104.0,227.0,123.0,0,0,16,12,2.8673734050244093e-05,0.0006848826791695892,-0.09122163675488332,-0.04638717278330964,272,14.342653000028804,115.00216300005559,,0
opening_015_offset_08,opening_015,early,16,1nb1k1nr/r1ppbpp1/1p3q2/p2Pp2p/4P3/2NB4/PPPBKPPP/R2Q2NR w k - 4 9,white,transmitter_sign_shuffle,16,34,c3b5,g1h3,104.0,227.0,123.0,0,0,16,12,2.8825539629906416e-05,0.0006860083151662257,-0.09122163675488332,-0.04638717278330964,544,29.19252659997437,115.00216300005559,,0
opening_015_offset_08,opening_015,early,16,1nb1k1nr/r1ppbpp1/1p3q2/p2Pp2p/4P3/2NB4/PPPBKPPP/R2Q2NR w k - 4 9,white,transmitter_sign_shuffle,32,34,c3b5,g1h3,104.0,227.0,123.0,0,0,16,12,2.8720591217279434e-05,0.0006860087573544846,-0.09122163675488332,-0.04638717278330964,1088,56.28620510001201,115.00216300005559,,0
opening_015_offset_08,opening_015,early,16,1nb1k1nr/r1ppbpp1/1p3q2/p2Pp2p/4P3/2NB4/PPPBKPPP/R2Q2NR w k - 4 9,white,transmitter_sign_shuffle,64,34,c3b5,g1h3,104.0,227.0,123.0,0,0,16,12,2.8795446269214153e-05,0.0006863655402676369,-0.08999923626235556,-0.04638717278330964,2176,114.75368960003834,115.00216300005559,,0
opening_015_offset_12,opening_015,middle,20,1nb1k1nr/r1ppbpp1/1p4q1/p2Pp2p/2B1P3/2N5/PPPBKPPP/R1Q3NR w k - 8 11,white,transmitter_sign_shuffle,1,37,g1f3,h2h4,-90.0,96.0,186.0,0,0,16,6,0.0,0.0,,,37,1.7419924000278115,109.46096120006405,,0
opening_015_offset_12,opening_015,middle,20,1nb1k1nr/r1ppbpp1/1p4q1/p2Pp2p/2B1P3/2N5/PPPBKPPP/R1Q3NR w k - 8 11,white,transmitter_sign_shuffle,2,37,g1f3,g1h3,-70.0,96.0,166.0,0,1,14,2,1.4917022781446576e-05,0.00035330759519835173,-0.23058687760090088,-0.16275124320856438,74,3.3577649999642745,109.46096120006405,,0
opening_015_offset_12,opening_015,middle,20,1nb1k1nr/r1ppbpp1/1p4q1/p2Pp2p/2B1P3/2N5/PPPBKPPP/R1Q3NR w k - 8 11,white,transmitter_sign_shuffle,4,37,g1f3,g1h3,-70.0,96.0,166.0,0,1,14,2,3.161013592034578e-05,0.0005738743512812774,-0.1813655761024182,-0.10810810810810811,148,7.041865200037137,109.46096120006405,,0
opening_015_offset_12,opening_015,middle,20,1nb1k1nr/r1ppbpp1/1p4q1/p2Pp2p/2B1P3/2N5/PPPBKPPP/R1Q3NR w k - 8 11,white,transmitter_sign_shuffle,8,37,g1f3,g1h3,-70.0,96.0,166.0,0,1,14,2,2.8677750378847122e-05,0.0006105645450995194,-0.2562825983878615,-0.15615615615615613,296,14.630779900006019,109.46096120006405,,0
opening_015_offset_12,opening_015,middle,20,1nb1k1nr/r1ppbpp1/1p4q1/p2Pp2p/2B1P3/2N5/PPPBKPPP/R1Q3NR w k - 8 11,white,transmitter_sign_shuffle,16,37,g1f3,g1h3,-70.0,96.0,166.0,0,1,14,2,2.8828042559325695e-05,0.0006116812569358251,-0.2584163110478899,-0.15915915915915915,592,28.1096181999892,109.46096120006405,,0
opening_015_offset_12,opening_015,middle,20,1nb1k1nr/r1ppbpp1/1p4q1/p2Pp2p/2B1P3/2N5/PPPBKPPP/R1Q3NR w k - 8 11,white,transmitter_sign_shuffle,32,37,g1f3,g1h3,-70.0,96.0,166.0,0,1,14,2,2.872874028980732e-05,0.0006116684185275078,-0.2584163110478899,-0.15915915915915915,1184,56.38748230005149,109.46096120006405,,0
opening_015_offset_12,opening_015,middle,20,1nb1k1nr/r1ppbpp1/1p4q1/p2Pp2p/2B1P3/2N5/PPPBKPPP/R1Q3NR w k - 8 11,white,transmitter_sign_shuffle,64,37,g1f3,g1h3,-70.0,96.0,166.0,0,1,14,2,2.8803246095776558e-05,0.0006116726937203711,-0.2584163110478899,-0.15915915915915915,2368,109.16989659995306,109.46096120006405,,0
opening_015_offset_16,opening_015,middle,24,1nb1k1nr/r1pp1pp1/1p1q3B/p2Pp1bp/2B1P3/2N3P1/PPP1KP1P/R1Q3NR w k - 1 13,white,transmitter_sign_shuffle,1,35,h6g5,h6g7,-439.0,896.0,1335.0,0,1,6,2,0.0,0.0,,,35,1.6325670999940485,104.41701709991321,,0
opening_015_offset_16,opening_015,middle,24,1nb1k1nr/r1pp1pp1/1p1q3B/p2Pp1bp/2B1P3/2N3P1/PPP1KP1P/R1Q3NR w k - 1 13,white,transmitter_sign_shuffle,2,35,h6g5,g1h3,-804.0,896.0,1700.0,0,1,26,3,1.491699367761612e-05,0.0002698725427996872,0.027142678383811507,0.0323696637514315,70,3.295676499954425,104.41701709991321,,0
opening_015_offset_16,opening_015,middle,24,1nb1k1nr/r1pp1pp1/1p1q3B/p2Pp1bp/2B1P3/2N3P1/PPP1KP1P/R1Q3NR w k - 1 13,white,transmitter_sign_shuffle,4,35,h6g5,g1h3,-804.0,896.0,1700.0,0,0,26,5,3.160734195262194e-05,0.00044447649317275813,0.08530606611215169,0.07575768311302813,140,6.627159200026654,104.41701709991321,,0
opening_015_offset_16,opening_015,middle,24,1nb1k1nr/r1pp1pp1/1p1q3B/p2Pp1bp/2B1P3/2N3P1/PPP1KP1P/R1Q3NR w k - 1 13,white,transmitter_sign_shuffle,8,35,h6g5,g1h3,-804.0,896.0,1700.0,0,0,26,5,2.867751754820347e-05,0.00048313868209506753,0.09399075592980917,0.08249169938974175,280,13.002344000036828,104.41701709991321,,0
opening_015_offset_16,opening_015,middle,24,1nb1k1nr/r1pp1pp1/1p1q3B/p2Pp1bp/2B1P3/2N3P1/PPP1KP1P/R1Q3NR w k - 1 13,white,transmitter_sign_shuffle,16,35,h6g5,g1h3,-804.0,896.0,1700.0,0,0,26,5,2.8834561817348003e-05,0.00048359207610263426,0.0976327226275365,0.08585870752809854,560,25.945868400041945,104.41701709991321,,0
opening_015_offset_16,opening_015,middle,24,1nb1k1nr/r1pp1pp1/1p1q3B/p2Pp1bp/2B1P3/2N3P1/PPP1KP1P/R1Q3NR w k - 1 13,white,transmitter_sign_shuffle,32,35,h6g5,g1h3,-804.0,896.0,1700.0,0,0,26,5,2.8729788027703762e-05,0.0004835935233380861,0.0976327226275365,0.08585870752809854,1120,51.93495280004572,104.41701709991321,,0
opening_015_offset_16,opening_015,middle,24,1nb1k1nr/r1pp1pp1/1p1q3B/p2Pp1bp/2B1P3/2N3P1/PPP1KP1P/R1Q3NR w k - 1 13,white,transmitter_sign_shuffle,64,35,h6g5,g1h3,-804.0,896.0,1700.0,0,0,26,5,2.8814072720706463e-05,0.0004835855351156654,0.0976327226275365,0.08585870752809854,2240,104.19594370003324,104.41701709991321,,0
opening_015_offset_20,opening_015,late,28,2b1k1nr/r1pp1p2/1pnq2pB/pN1Pp1bp/4P3/1B4P1/PPP1KP1P/R1Q3NR w k - 0 15,white,transmitter_sign_shuffle,1,37,h6g5,h6g7,196.0,943.0,747.0,0,1,8,2,0.0,0.0,,,37,1.6848608000436798,104.30367060005665,,0
opening_015_offset_20,opening_015,late,28,2b1k1nr/r1pp1p2/1pnq2pB/pN1Pp1bp/4P3/1B4P1/PPP1KP1P/R1Q3NR w k - 0 15,white,transmitter_sign_shuffle,2,37,h6g5,b5a7,-625.0,943.0,1568.0,0,0,31,5,0.0018546751234680414,0.0005076720595739378,0.3275044573511833,0.2318226069084818,74,3.29874340002425,104.30367060005665,,0
opening_015_offset_20,opening_015,late,28,2b1k1nr/r1pp1p2/1pnq2pB/pN1Pp1bp/4P3/1B4P1/PPP1KP1P/R1Q3NR w k - 0 15,white,transmitter_sign_shuffle,4,37,h6g5,b5a7,-625.0,943.0,1568.0,0,0,31,5,0.0028003649786114693,0.0007961242104041773,0.2853417111289535,0.22088661380744015,148,6.273774900007993,104.30367060005665,,0
opening_015_offset_20,opening_015,late,28,2b1k1nr/r1pp1p2/1pnq2pB/pN1Pp1bp/4P3/1B4P1/PPP1KP1P/R1Q3NR w k - 0 15,white,transmitter_sign_shuffle,8,37,h6g5,b5a7,-625.0,943.0,1568.0,0,0,31,5,0.002991560846567154,0.0008401719424328884,0.2657815190490709,0.2028550534966287,296,12.617419900023378,104.30367060005665,,0
opening_015_offset_20,opening_015,late,28,2b1k1nr/r1pp1p2/1pnq2pB/pN1Pp1bp/4P3/1B4P1/PPP1KP1P/R1Q3NR w k - 0 15,white,transmitter_sign_shuffle,16,37,h6g5,b5a7,-625.0,943.0,1568.0,0,0,31,5,0.00299382908269763,0.0008403982279705996,0.2683895446597219,0.20586031354843062,592,25.87384250003379,104.30367060005665,,0
opening_015_offset_20,opening_015,late,28,2b1k1nr/r1pp1p2/1pnq2pB/pN1Pp1bp/4P3/1B4P1/PPP1KP1P/R1Q3NR w k - 0 15,white,transmitter_sign_shuffle,32,37,h6g5,b5a7,-625.0,943.0,1568.0,0,0,31,5,0.0029938481748104095,0.000840399610424003,0.2683895446597219,0.20586031354843062,1184,50.41102720005438,104.30367060005665,,0
opening_015_offset_20,opening_015,late,28,2b1k1nr/r1pp1p2/1pnq2pB/pN1Pp1bp/4P3/1B4P1/PPP1KP1P/R1Q3NR w k - 0 15,white,transmitter_sign_shuffle,64,37,h6g5,b5a7,-625.0,943.0,1568.0,0,0,31,5,0.002993859350681305,0.0008403969024661465,0.2683895446597219,0.20586031354843062,2368,103.99482040002476,104.30367060005665,,0
opening_015_offset_24,opening_015,late,32,2bnk1nr/r1pp1p2/1p1q1bp1/pN1Pp2p/2B1P3/6P1/PPPBKP1P/R1Q3NR w k - 4 17,white,transmitter_sign_shuffle,1,39,b5d6,h2h4,461.0,999.0,538.0,0,0,15,29,0.0,0.0,,,39,2.356946700019762,148.43265500001144,,0
opening_015_offset_24,opening_015,late,32,2bnk1nr/r1pp1p2/1p1q1bp1/pN1Pp2p/2B1P3/6P1/PPPBKP1P/R1Q3NR w k - 4 17,white,transmitter_sign_shuffle,2,39,b5d6,b5a7,827.0,999.0,172.0,0,0,3,8,0.001854678150266409,0.000487215960496271,0.07929272840472003,0.07372221470575346,78,4.64197100000456,148.43265500001144,,0
opening_015_offset_24,opening_015,late,32,2bnk1nr/r1pp1p2/1p1q1bp1/pN1Pp2p/2B1P3/6P1/PPPBKP1P/R1Q3NR w k - 4 17,white,transmitter_sign_shuffle,4,39,b5d6,b5a7,827.0,999.0,172.0,0,0,3,14,0.002800379414111376,0.0007519536249265362,0.059624437595814234,0.037863499123368956,156,9.258432500064373,148.43265500001144,,0
opening_015_offset_24,opening_015,late,32,2bnk1nr/r1pp1p2/1p1q1bp1/pN1Pp2p/2B1P3/6P1/PPPBKP1P/R1Q3NR w k - 4 17,white,transmitter_sign_shuffle,8,39,b5d6,b5a7,827.0,999.0,172.0,0,0,3,15,0.0029915296472609043,0.0008011900252707693,0.05527154996148484,0.03245442782003054,312,17.863188300048932,148.43265500001144,,0
opening_015_offset_24,opening_015,late,32,2bnk1nr/r1pp1p2/1p1q1bp1/pN1Pp2p/2B1P3/6P1/PPPBKP1P/R1Q3NR w k - 4 17,white,transmitter_sign_shuffle,16,39,b5d6,b5a7,827.0,999.0,172.0,0,0,3,15,0.0029937392100691795,0.0008024091957939086,0.053955560676687574,0.029749892168361325,624,36.96538690000307,148.43265500001144,,0
opening_015_offset_24,opening_015,late,32,2bnk1nr/r1pp1p2/1p1q1bp1/pN1Pp2p/2B1P3/6P1/PPPBKP1P/R1Q3NR w k - 4 17,white,transmitter_sign_shuffle,32,39,b5d6,b5a7,827.0,999.0,172.0,0,0,3,15,0.002993703354150057,0.0008024159471221041,0.053955560676687574,0.029749892168361325,1248,72.819559100084,148.43265500001144,,0
opening_015_offset_24,opening_015,late,32,2bnk1nr/r1pp1p2/1p1q1bp1/pN1Pp2p/2B1P3/6P1/PPPBKP1P/R1Q3NR w k - 4 17,white,transmitter_sign_shuffle,64,39,b5d6,b5a7,827.0,999.0,172.0,0,0,3,15,0.002993627917021513,0.0008024103739502622,0.053955560676687574,0.029749892168361325,2496,148.11693280003965,148.43265500001144,,0
opening_016_offset_00,opening_016,early,8,rn1qkbnr/p2pppp1/b7/1pP4p/5P2/8/PPP1PKPP/RNBQ1BNR w kq - 0 5,white,transmitter_sign_shuffle,1,32,e2e4,h2h4,-102.0,39.0,141.0,0,0,24,12,0.0,0.0,,,32,1.6082058000611141,96.87934640003368,,0
opening_016_offset_00,opening_016,early,8,rn1qkbnr/p2pppp1/b7/1pP4p/5P2/8/PPP1PKPP/RNBQ1BNR w kq - 0 5,white,transmitter_sign_shuffle,2,32,e2e4,c5c6,-224.0,39.0,263.0,0,0,27,7,0.003247324377298355,0.0008231119154951383,0.05301724298749193,0.031166783238349486,64,3.3233556000050157,96.87934640003368,,0
opening_016_offset_00,opening_016,early,8,rn1qkbnr/p2pppp1/b7/1pP4p/5P2/8/PPP1PKPP/RNBQ1BNR w kq - 0 5,white,transmitter_sign_shuffle,4,32,e2e4,c5c6,-224.0,39.0,263.0,0,0,27,7,0.004094821400940418,0.001223539668104166,0.1191348973607038,0.08064516129032259,128,6.459014800027944,96.87934640003368,,0
opening_016_offset_00,opening_016,early,8,rn1qkbnr/p2pppp1/b7/1pP4p/5P2/8/PPP1PKPP/RNBQ1BNR w kq - 0 5,white,transmitter_sign_shuffle,8,32,e2e4,c5c6,-224.0,39.0,263.0,0,0,27,7,0.004034967161715031,0.0012617115477266845,0.11253665689149558,0.07258064516129033,256,11.906003799987957,96.87934640003368,,0
opening_016_offset_00,opening_016,early,8,rn1qkbnr/p2pppp1/b7/1pP4p/5P2/8/PPP1PKPP/RNBQ1BNR w kq - 0 5,white,transmitter_sign_shuffle,16,32,e2e4,c5c6,-224.0,39.0,263.0,0,0,27,7,0.0040313489735126495,0.0012628541026118245,0.1228005865102639,0.08467741935483872,512,23.47266149998177,96.87934640003368,,0
opening_016_offset_00,opening_016,early,8,rn1qkbnr/p2pppp1/b7/1pP4p/5P2/8/PPP1PKPP/RNBQ1BNR w kq - 0 5,white,transmitter_sign_shuffle,32,32,e2e4,c5c6,-224.0,39.0,263.0,0,0,27,7,0.004031317308545113,0.0012630333816048387,0.1228005865102639,0.08467741935483872,1024,46.71942910004873,96.87934640003368,,0
opening_016_offset_00,opening_016,early,8,rn1qkbnr/p2pppp1/b7/1pP4p/5P2/8/PPP1PKPP/RNBQ1BNR w kq - 0 5,white,transmitter_sign_shuffle,64,32,e2e4,c5c6,-224.0,39.0,263.0,0,0,27,7,0.004030849784612656,0.0012636728405659406,0.11986803519061583,0.08064516129032259,2048,96.67238250002265,96.87934640003368,,0
opening_016_offset_04,opening_016,early,12,rnq1kbnr/pb1pppp1/8/1pP4p/1P3P2/8/P1PQPKPP/RNB2BNR w kq - 3 7,white,transmitter_sign_shuffle,1,30,e2e3,h2h4,-90.0,57.0,147.0,0,0,17,12,0.0,0.0,,,30,1.4315287000499666,94.76435970002785,,0
opening_016_offset_04,opening_016,early,12,rnq1kbnr/pb1pppp1/8/1pP4p/1P3P2/8/P1PQPKPP/RNB2BNR w kq - 3 7,white,transmitter_sign_shuffle,2,30,e2e3,c5c6,-199.0,57.0,256.0,0,0,23,21,0.003247324377298355,0.000847934312693059,0.1131678311395877,0.08402092381536944,60,3.168248699977994,94.76435970002785,,0
opening_016_offset_04,opening_016,early,12,rnq1kbnr/pb1pppp1/8/1pP4p/1P3P2/8/P1PQPKPP/RNB2BNR w kq - 3 7,white,transmitter_sign_shuffle,4,30,e2e3,c5c6,-199.0,57.0,256.0,0,0,23,20,0.0033691823482513428,0.0012707620208660432,0.17599288127593138,0.1334868547812314,120,6.469176699989475,94.76435970002785,,0
opening_016_offset_04,opening_016,early,12,rnq1kbnr/pb1pppp1/8/1pP4p/1P3P2/8/P1PQPKPP/RNB2BNR w kq - 3 7,white,transmitter_sign_shuffle,8,30,e2e3,c5c6,-199.0,57.0,256.0,0,0,23,20,0.0034130411222577095,0.0012900433380576548,0.19623984991829516,0.1426928447661439,240,12.466577199986205,94.76435970002785,,0
opening_016_offset_04,opening_016,early,12,rnq1kbnr/pb1pppp1/8/1pP4p/1P3P2/8/P1PQPKPP/RNB2BNR w kq - 3 7,white,transmitter_sign_shuffle,16,30,e2e3,c5c6,-199.0,57.0,256.0,0,0,23,20,0.0034133289009332657,0.0012901367414946306,0.19623984991829516,0.1426928447661439,480,23.46661869995296,94.76435970002785,,0
opening_016_offset_04,opening_016,early,12,rnq1kbnr/pb1pppp1/8/1pP4p/1P3P2/8/P1PQPKPP/RNB2BNR w kq - 3 7,white,transmitter_sign_shuffle,32,30,e2e3,c5c6,-199.0,57.0,256.0,0,0,23,20,0.003413342870771885,0.0012901311529199173,0.19623984991829516,0.1426928447661439,960,47.39585550001357,94.76435970002785,,0
opening_016_offset_04,opening_016,early,12,rnq1kbnr/pb1pppp1/8/1pP4p/1P3P2/8/P1PQPKPP/RNB2BNR w kq - 3 7,white,transmitter_sign_shuffle,64,30,e2e3,c5c6,-199.0,57.0,256.0,0,0,23,20,0.0034128548577427864,0.0012900625592207307,0.19623984991829516,0.1426928447661439,1920,94.5360556000378,94.76435970002785,,0
opening_016_offset_08,opening_016,early,16,r1q1kbnr/pb1pppp1/n7/1pPQ4/1P3P1p/2P5/P3PKPP/RNB2BNR w kq - 0 9,white,transmitter_sign_shuffle,1,39,d5b3,h2h3,-1039.0,-41.0,998.0,0,0,28,29,0.0,0.0,,,39,2.616284799994901,154.06444520002697,,0
opening_016_offset_08,opening_016,early,16,r1q1kbnr/pb1pppp1/n7/1pPQ4/1P3P1p/2P5/P3PKPP/RNB2BNR w kq - 0 9,white,transmitter_sign_shuffle,2,39,d5b3,c5c6,-294.0,-41.0,253.0,0,0,9,9,0.003247316461056471,0.0007503996640095284,0.4800212714756391,0.33632364745439014,78,5.842453800025396,154.06444520002697,,0
opening_016_offset_08,opening_016,early,16,r1q1kbnr/pb1pppp1/n7/1pPQ4/1P3P1p/2P5/P3PKPP/RNB2BNR w kq - 0 9,white,transmitter_sign_shuffle,4,39,d5b3,c5c6,-294.0,-41.0,253.0,0,0,9,10,0.0033691860735416412,0.0010826697209849892,0.4200404858299595,0.2874493927125506,156,10.920211600023322,154.06444520002697,,0
opening_016_offset_08,opening_016,early,16,r1q1kbnr/pb1pppp1/n7/1pPQ4/1P3P1p/2P5/P3PKPP/RNB2BNR w kq - 0 9,white,transmitter_sign_shuffle,8,39,d5b3,c5c6,-294.0,-41.0,253.0,0,0,9,16,0.0034130364656448364,0.0010922463969718526,0.41174089068825914,0.28475033738191635,312,19.886368999956176,154.06444520002697,,0
opening_016_offset_08,opening_016,early,16,r1q1kbnr/pb1pppp1/n7/1pPQ4/1P3P1p/2P5/P3PKPP/RNB2BNR w kq - 0 9,white,transmitter_sign_shuffle,16,39,d5b3,c5c6,-294.0,-41.0,253.0,0,0,9,16,0.0034133465960621834,0.0010918261371268903,0.4149797570850203,0.28475033738191635,624,36.73394539998844,154.06444520002697,,0
opening_016_offset_08,opening_016,early,16,r1q1kbnr/pb1pppp1/n7/1pPQ4/1P3P1p/2P5/P3PKPP/RNB2BNR w kq - 0 9,white,transmitter_sign_shuffle,32,39,d5b3,c5c6,-294.0,-41.0,253.0,0,0,9,16,0.0034133680164813995,0.0010918193688224467,0.4149797570850203,0.28475033738191635,1248,74.58702769991942,154.06444520002697,,0
opening_016_offset_08,opening_016,early,16,r1q1kbnr/pb1pppp1/n7/1pPQ4/1P3P1p/2P5/P3PKPP/RNB2BNR w kq - 0 9,white,transmitter_sign_shuffle,64,39,d5b3,c5c6,-294.0,-41.0,253.0,0,0,9,16,0.003412890248000622,0.0010917682371043961,0.4149797570850203,0.28475033738191635,2496,153.7892370999325,154.06444520002697,,0
opening_016_offset_12,opening_016,middle,20,r1q1kbn1/pb1pppp1/n2Q1r2/1pP5/1P3P1p/P1P5/4PKPP/RNB2BNR w q - 3 11,white,transmitter_sign_shuffle,1,33,d6d1,h2h3,-1125.0,-23.0,1102.0,0,0,17,20,0.0,0.0,,,33,1.8918298999778926,102.68687380000483,,0
opening_016_offset_12,opening_016,middle,20,r1q1kbn1/pb1pppp1/n2Q1r2/1pP5/1P3P1p/P1P5/4PKPP/RNB2BNR w q - 3 11,white,transmitter_sign_shuffle,2,33,d6d1,c5c6,-939.0,-23.0,916.0,0,0,7,22,0.001766079105436802,0.0011479502784255077,0.02043443489454163,0.007976503919189174,66,3.741442900034599,102.68687380000483,,0
opening_016_offset_12,opening_016,middle,20,r1q1kbn1/pb1pppp1/n2Q1r2/1pP5/1P3P1p/P1P5/4PKPP/RNB2BNR w q - 3 11,white,transmitter_sign_shuffle,4,33,d6d1,c5c6,-939.0,-23.0,916.0,0,0,7,21,0.0024896254763007164,0.0017484665607929953,0.12536565375258174,0.08547043234472847,132,7.666364999953657,102.68687380000483,,0
opening_016_offset_12,opening_016,middle,20,r1q1kbn1/pb1pppp1/n2Q1r2/1pP5/1P3P1p/P1P5/4PKPP/RNB2BNR w q - 3 11,white,transmitter_sign_shuffle,8,33,d6d1,c5c6,-939.0,-23.0,916.0,0,0,7,19,0.0024585463106632233,0.0017967830860593354,0.12369411170254732,0.08547043234472847,264,14.0733395999996,102.68687380000483,,0
opening_016_offset_12,opening_016,middle,20,r1q1kbn1/pb1pppp1/n2Q1r2/1pP5/1P3P1p/P1P5/4PKPP/RNB2BNR w q - 3 11,white,transmitter_sign_shuffle,16,33,d6d1,c5c6,-939.0,-23.0,916.0,0,0,7,19,0.0024559451267123222,0.001797549025163963,0.1335562097977504,0.09306780410870434,528,26.536610799957998,102.68687380000483,,0
opening_016_offset_12,opening_016,middle,20,r1q1kbn1/pb1pppp1/n2Q1r2/1pP5/1P3P1p/P1P5/4PKPP/RNB2BNR w q - 3 11,white,transmitter_sign_shuffle,32,33,d6d1,c5c6,-939.0,-23.0,916.0,0,0,7,19,0.0024559469893574715,0.0017975470128813677,0.1335562097977504,0.09306780410870434,1056,53.25474270002451,102.68687380000483,,0
opening_016_offset_12,opening_016,middle,20,r1q1kbn1/pb1pppp1/n2Q1r2/1pP5/1P3P1p/P1P5/4PKPP/RNB2BNR w q - 3 11,white,transmitter_sign_shuffle,64,33,d6d1,c5c6,-939.0,-23.0,916.0,0,0,7,19,0.0024554403498768806,0.0017975258290032397,0.1335562097977504,0.09306780410870434,2112,102.39631039998494,102.68687380000483,,0
opening_016_offset_16,opening_016,middle,24,rnq1kbn1/pbQpppp1/5r2/1pP5/1P3P2/P1P1B2p/4PKPP/RN3BNR w q - 2 13,white,transmitter_sign_shuffle,1,26,c7c8,g2h3,-1155.0,372.0,1527.0,0,0,20,16,0.0,0.0,,,26,1.26427829999011,91.64637460000813,,0
opening_016_offset_16,opening_016,middle,24,rnq1kbn1/pbQpppp1/5r2/1pP5/1P3P2/P1P1B2p/4PKPP/RN3BNR w q - 2 13,white,transmitter_sign_shuffle,2,26,c7c8,c5c6,-948.0,372.0,1320.0,0,0,6,8,0.0013416782021522522,0.0010411605002126748,0.23781912751548406,0.12227868447655256,52,3.001587099977769,91.64637460000813,,0
opening_016_offset_16,opening_016,middle,24,rnq1kbn1/pbQpppp1/5r2/1pP5/1P3P2/P1P1B2p/4PKPP/RN3BNR w q - 2 13,white,transmitter_sign_shuffle,4,26,c7c8,c5c6,-948.0,372.0,1320.0,0,0,6,8,0.002115369774401188,0.0014193018158969069,0.20410256410256405,0.09538461538461539,104,6.630878599942662,91.64637460000813,,0
opening_016_offset_16,opening_016,middle,24,rnq1kbn1/pbQpppp1/5r2/1pP5/1P3P2/P1P1B2p/4PKPP/RN3BNR w q - 2 13,white,transmitter_sign_shuffle,8,26,c7c8,c5c6,-948.0,372.0,1320.0,0,0,6,8,0.002065123990178108,0.0014368619881979681,0.21504273504273502,0.09538461538461539,208,12.314479099935852,91.64637460000813,,0
opening_016_offset_16,opening_016,middle,24,rnq1kbn1/pbQpppp1/5r2/1pP5/1P3P2/P1P1B2p/4PKPP/RN3BNR w q - 2 13,white,transmitter_sign_shuffle,16,26,c7c8,c5c6,-948.0,372.0,1320.0,0,0,6,8,0.00206063874065876,0.0014366122215911015,0.21504273504273502,0.09538461538461539,416,24.023328499984927,91.64637460000813,,0
opening_016_offset_16,opening_016,middle,24,rnq1kbn1/pbQpppp1/5r2/1pP5/1P3P2/P1P1B2p/4PKPP/RN3BNR w q - 2 13,white,transmitter_sign_shuffle,32,26,c7c8,c5c6,-948.0,372.0,1320.0,0,0,6,8,0.002060539089143276,0.0014365707828676894,0.21504273504273502,0.09538461538461539,832,45.69660369993653,91.64637460000813,,0
opening_016_offset_16,opening_016,middle,24,rnq1kbn1/pbQpppp1/5r2/1pP5/1P3P2/P1P1B2p/4PKPP/RN3BNR w q - 2 13,white,transmitter_sign_shuffle,64,26,c7c8,c5c6,-948.0,372.0,1320.0,0,0,6,8,0.0020568715408444405,0.0014366431609475316,0.21504273504273502,0.09538461538461539,1664,91.48751919995993,91.64637460000813,,0
opening_016_offset_20,opening_016,late,28,rn1qkbn1/1b1pppp1/5r2/ppP5/1P3P2/P1P4p/4PKPP/RNB2BNR w q - 0 15,white,transmitter_sign_shuffle,1,20,b4a5,g2h3,-1244.0,-1000.0,244.0,0,0,19,17,0.0,0.0,,,20,1.1750741000287235,78.41723609995097,,0
opening_016_offset_20,opening_016,late,28,rn1qkbn1/1b1pppp1/5r2/ppP5/1P3P2/P1P4p/4PKPP/RNB2BNR w q - 0 15,white,transmitter_sign_shuffle,2,20,b4a5,c5c6,-1148.0,-1000.0,148.0,0,1,14,2,0.0021466738544404507,0.0010978212101110598,0.20007523039573938,0.10026420125303971,40,2.844733100035228,78.41723609995097,,0
opening_016_offset_20,opening_016,late,28,rn1qkbn1/1b1pppp1/5r2/ppP5/1P3P2/P1P4p/4PKPP/RNB2BNR w q - 0 15,white,transmitter_sign_shuffle,4,20,b4a5,c5c6,-1148.0,-1000.0,148.0,0,0,14,6,0.0033691879361867905,0.0014966827931063929,0.12330827067669171,0.08421052631578947,80,5.455951899988577,78.41723609995097,,0
opening_016_offset_20,opening_016,late,28,rn1qkbn1/1b1pppp1/5r2/ppP5/1P3P2/P1P4p/4PKPP/RNB2BNR w q - 0 15,white,transmitter_sign_shuffle,8,20,b4a5,c5c6,-1148.0,-1000.0,148.0,0,0,14,10,0.0034130564890801907,0.00150901036101998,0.04210526315789473,0.021052631578947368,160,11.015794200007804,78.41723609995097,,0
opening_016_offset_20,opening_016,late,28,rn1qkbn1/1b1pppp1/5r2/ppP5/1P3P2/P1P4p/4PKPP/RNB2BNR w q - 0 15,white,transmitter_sign_shuffle,16,20,b4a5,c5c6,-1148.0,-1000.0,148.0,0,0,14,10,0.003413364291191101,0.0015082208178963023,0.05563909774436089,0.031578947368421054,320,20.032762499991804,78.41723609995097,,0
opening_016_offset_20,opening_016,late,28,rn1qkbn1/1b1pppp1/5r2/ppP5/1P3P2/P1P4p/4PKPP/RNB2BNR w q - 0 15,white,transmitter_sign_shuffle,32,20,b4a5,c5c6,-1148.0,-1000.0,148.0,0,0,14,10,0.0034133889712393284,0.0015082072248516955,0.05563909774436089,0.031578947368421054,640,40.49944909999613,78.41723609995097,,0
opening_016_offset_20,opening_016,late,28,rn1qkbn1/1b1pppp1/5r2/ppP5/1P3P2/P1P4p/4PKPP/RNB2BNR w q - 0 15,white,transmitter_sign_shuffle,64,20,b4a5,c5c6,-1148.0,-1000.0,148.0,0,0,14,10,0.003412908874452114,0.0015081209778389593,0.05563909774436089,0.031578947368421054,1280,78.28061949997209,78.41723609995097,,0
opening_016_offset_24,opening_016,late,32,rn2kbn1/1b1pppp1/1q4r1/ppP5/1P3P2/P1P1P2p/1B3KPP/RN3BNR w q - 1 17,white,transmitter_sign_shuffle,1,22,c5b6,g2h3,-1066.0,-500.0,566.0,0,0,16,16,0.0,0.0,,,22,1.3057827999582514,82.91098220006097,,0
opening_016_offset_24,opening_016,late,32,rn2kbn1/1b1pppp1/1q4r1/ppP5/1P3P2/P1P1P2p/1B3KPP/RN3BNR w q - 1 17,white,transmitter_sign_shuffle,2,22,c5b6,c5b6,-500.0,-500.0,0.0,1,1,1,1,0.0004244009032845497,0.0013532184987095307,0.2613125933857814,0.19257170117312059,44,2.4983034000033513,82.91098220006097,,0
opening_016_offset_24,opening_016,late,32,rn2kbn1/1b1pppp1/1q4r1/ppP5/1P3P2/P1P1P2p/1B3KPP/RN3BNR w q - 1 17,white,transmitter_sign_shuffle,4,22,c5b6,c5b6,-500.0,-500.0,0.0,1,1,1,1,0.0004602298140525818,0.0018024498745970998,0.3777526821005082,0.2813852813852814,88,4.574586799950339,82.91098220006097,,0
opening_016_offset_24,opening_016,late,32,rn2kbn1/1b1pppp1/1q4r1/ppP5/1P3P2/P1P1P2p/1B3KPP/RN3BNR w q - 1 17,white,transmitter_sign_shuffle,8,22,c5b6,c5b6,-500.0,-500.0,0.0,1,1,1,1,0.000485740602016449,0.0018162767597718337,0.32467532467532473,0.23809523809523808,176,9.892025099950843,82.91098220006097,,0
opening_016_offset_24,opening_016,late,32,rn2kbn1/1b1pppp1/1q4r1/ppP5/1P3P2/P1P1P2p/1B3KPP/RN3BNR w q - 1 17,white,transmitter_sign_shuffle,16,22,c5b6,c5b6,-500.0,-500.0,0.0,1,1,1,1,0.00048704538494348526,0.0018156586155374868,0.32467532467532473,0.23809523809523808,352,20.372322299983352,82.91098220006097,,0
opening_016_offset_24,opening_016,late,32,rn2kbn1/1b1pppp1/1q4r1/ppP5/1P3P2/P1P1P2p/1B3KPP/RN3BNR w q - 1 17,white,transmitter_sign_shuffle,32,22,c5b6,c5b6,-500.0,-500.0,0.0,1,1,1,1,0.00048705749213695526,0.0018156485253194928,0.32467532467532473,0.23809523809523808,704,39.954714599996805,82.91098220006097,,0
opening_016_offset_24,opening_016,late,32,rn2kbn1/1b1pppp1/1q4r1/ppP5/1P3P2/P1P1P2p/1B3KPP/RN3BNR w q - 1 17,white,transmitter_sign_shuffle,64,22,c5b6,c5b6,-500.0,-500.0,0.0,1,1,1,1,0.0004871264100074768,0.0018155388404890237,0.32467532467532473,0.23809523809523808,1408,82.77196909999475,82.91098220006097,,0
opening_017_offset_00,opening_017,early,8,rnbqkbnr/p1p3pp/1p1pp3/5pP1/P3P3/8/1PPP1P1P/RNBQKBNR w KQkq - 0 5,white,transmitter_sign_shuffle,1,33,e4f5,h2h4,-12.0,67.0,79.0,0,0,6,16,0.0,0.0,,,33,1.5285606000106782,102.85348090005573,,0
opening_017_offset_00,opening_017,early,8,rnbqkbnr/p1p3pp/1p1pp3/5pP1/P3P3/8/1PPP1P1P/RNBQKBNR w KQkq - 0 5,white,transmitter_sign_shuffle,2,33,e4f5,g1h3,-19.0,67.0,86.0,0,0,8,4,0.0,0.00026433013727996405,-0.05946472357446783,-0.05379532161029036,66,3.0614970000460744,102.85348090005573,,0
opening_017_offset_00,opening_017,early,8,rnbqkbnr/p1p3pp/1p1pp3/5pP1/P3P3/8/1PPP1P1P/RNBQKBNR w KQkq - 0 5,white,transmitter_sign_shuffle,4,33,e4f5,g1h3,-19.0,67.0,86.0,0,0,8,6,1.478975173085928e-05,0.0004897245089418247,0.10010863242104917,0.1004739787848437,132,5.775974599993788,102.85348090005573,,0
opening_017_offset_00,opening_017,early,8,rnbqkbnr/p1p3pp/1p1pp3/5pP1/P3P3/8/1PPP1P1P/RNBQKBNR w KQkq - 0 5,white,transmitter_sign_shuffle,8,33,e4f5,g1h3,-19.0,67.0,86.0,0,0,8,6,1.4224671758711338e-05,0.0005226603049955778,0.07905072309708891,0.08151662429713734,264,11.8249683000613,102.85348090005573,,0
opening_017_offset_00,opening_017,early,8,rnbqkbnr/p1p3pp/1p1pp3/5pP1/P3P3/8/1PPP1P1P/RNBQKBNR w KQkq - 0 5,white,transmitter_sign_shuffle,16,33,e4f5,g1h3,-19.0,67.0,86.0,0,0,8,6,1.3719429261982441e-05,0.0005241873357562485,0.07570819780757142,0.07772515339959607,528,26.498779400018975,102.85348090005573,,0
opening_017_offset_00,opening_017,early,8,rnbqkbnr/p1p3pp/1p1pp3/5pP1/P3P3/8/1PPP1P1P/RNBQKBNR w KQkq - 0 5,white,transmitter_sign_shuffle,32,33,e4f5,g1h3,-19.0,67.0,86.0,0,0,8,6,1.3713492080569267e-05,0.0005243372686228942,0.07570819780757142,0.07772515339959607,1056,50.23448430001736,102.85348090005573,,0
opening_017_offset_00,opening_017,early,8,rnbqkbnr/p1p3pp/1p1pp3/5pP1/P3P3/8/1PPP1P1P/RNBQKBNR w KQkq - 0 5,white,transmitter_sign_shuffle,64,33,e4f5,g1h3,-19.0,67.0,86.0,0,0,8,6,1.3703247532248497e-05,0.0005248373949957644,0.07570819780757142,0.07772515339959607,2112,102.60653880005702,102.85348090005573,,0
opening_017_offset_04,opening_017,early,12,rnb2bnr/p1pk2pp/1p1pp1P1/5pq1/P3P3/7N/1PPP1P1P/RNBQKB1R w KQ - 3 7,white,transmitter_sign_shuffle,1,31,h3g5,h3g5,774.0,774.0,0.0,1,1,1,1,0.0,0.0,,,31,1.2862553000450134,100.59484849998262,,0
opening_017_offset_04,opening_017,early,12,rnb2bnr/p1pk2pp/1p1pp1P1/5pq1/P3P3/7N/1PPP1P1P/RNBQKB1R w KQ - 3 7,white,transmitter_sign_shuffle,2,31,h3g5,h3g5,774.0,774.0,0.0,1,1,1,1,1.7749727703630924e-05,0.00017389117319798714,0.18714024593815287,0.15484909687906087,62,2.842110399971716,100.59484849998262,,0
opening_017_offset_04,opening_017,early,12,rnb2bnr/p1pk2pp/1p1pp1P1/5pq1/P3P3/7N/1PPP1P1P/RNBQKB1R w KQ - 3 7,white,transmitter_sign_shuffle,4,31,h3g5,h3g5,774.0,774.0,0.0,1,1,1,1,0.0002540417481213808,0.0004159177501084308,0.2625,0.20860215053763445,124,5.836171500035562,100.59484849998262,,0
opening_017_offset_04,opening_017,early,12,rnb2bnr/p1pk2pp/1p1pp1P1/5pq1/P3P3/7N/1PPP1P1P/RNBQKB1R w KQ - 3 7,white,transmitter_sign_shuffle,8,31,h3g5,h3g5,774.0,774.0,0.0,1,1,1,1,0.00014528457541018724,0.0004518184110465353,0.27822580645161293,0.22580645161290322,248,12.801346400054172,100.59484849998262,,0
opening_017_offset_04,opening_017,early,12,rnb2bnr/p1pk2pp/1p1pp1P1/5pq1/P3P3/7N/1PPP1P1P/RNBQKB1R w KQ - 3 7,white,transmitter_sign_shuffle,16,31,h3g5,h3g5,774.0,774.0,0.0,1,1,1,1,0.00012619662447832525,0.0004526576707612431,0.27822580645161293,0.22580645161290322,496,26.95277700002771,100.59484849998262,,0
opening_017_offset_04,opening_017,early,12,rnb2bnr/p1pk2pp/1p1pp1P1/5pq1/P3P3/7N/1PPP1P1P/RNBQKB1R w KQ - 3 7,white,transmitter_sign_shuffle,32,31,h3g5,h3g5,774.0,774.0,0.0,1,1,1,1,0.0001262630357814487,0.0004528225598539101,0.27822580645161293,0.22580645161290322,992,52.882586600026116,100.59484849998262,,0
opening_017_offset_04,opening_017,early,12,rnb2bnr/p1pk2pp/1p1pp1P1/5pq1/P3P3/7N/1PPP1P1P/RNBQKB1R w KQ - 3 7,white,transmitter_sign_shuffle,64,31,h3g5,h3g5,774.0,774.0,0.0,1,1,1,1,0.0001263567100977525,0.00045336501994071185,0.27822580645161293,0.22580645161290322,1984,100.38902939995751,100.59484849998262,,0
opening_017_offset_08,opening_017,early,16,rnb1kbnr/p1p3pp/1p1pp1P1/6q1/P3Pp2/R1N4N/1PPP1P1P/2BQKB1R w K - 2 9,white,transmitter_sign_shuffle,1,31,f1b5,h3g5,638.0,950.0,312.0,0,0,3,11,0.0,0.0,,,31,1.810405800002627,97.9524346999824,,0
opening_017_offset_08,opening_017,early,16,rnb1kbnr/p1p3pp/1p1pp1P1/6q1/P3Pp2/R1N4N/1PPP1P1P/2BQKB1R w K - 2 9,white,transmitter_sign_shuffle,2,31,f1b5,h3g5,638.0,950.0,312.0,0,0,3,22,3.147311508655548e-05,0.00018622420794907733,0.21352096947657845,0.14861137316600193,62,3.5972773999674246,97.9524346999824,,0
opening_017_offset_08,opening_017,early,16,rnb1kbnr/p1p3pp/1p1pp1P1/6q1/P3Pp2/R1N4N/1PPP1P1P/2BQKB1R w K - 2 9,white,transmitter_sign_shuffle,4,31,f1b5,h3g5,638.0,950.0,312.0,0,0,3,10,0.00018731970340013504,0.0005670523955600552,0.29844727366232665,0.17456937093483774,124,6.746393900015391,97.9524346999824,,0
opening_017_offset_08,opening_017,early,16,rnb1kbnr/p1p3pp/1p1pp1P1/6q1/P3Pp2/R1N4N/1PPP1P1P/2BQKB1R w K - 2 9,white,transmitter_sign_shuffle,8,31,f1b5,h3g5,638.0,950.0,312.0,0,0,3,10,0.0001450907438993454,0.0006254792151074709,0.30893325895316515,0.19612114512432388,248,13.540176899987273,97.9524346999824,,0
opening_017_offset_08,opening_017,early,16,rnb1kbnr/p1p3pp/1p1pp1P1/6q1/P3Pp2/R1N4N/1PPP1P1P/2BQKB1R w K - 2 9,white,transmitter_sign_shuffle,16,31,f1b5,h3g5,638.0,950.0,312.0,0,0,3,10,0.00012597162276506424,0.000626693351557091,0.30893325895316515,0.19612114512432388,496,25.3254992000293,97.9524346999824,,0
opening_017_offset_08,opening_017,early,16,rnb1kbnr/p1p3pp/1p1pp1P1/6q1/P3Pp2/R1N4N/1PPP1P1P/2BQKB1R w K - 2 9,white,transmitter_sign_shuffle,32,31,f1b5,h3g5,638.0,950.0,312.0,0,0,3,10,0.00012605730444192886,0.0006267902354565131,0.30893325895316515,0.19612114512432388,992,48.31903150002472,97.9524346999824,,0
opening_017_offset_08,opening_017,early,16,rnb1kbnr/p1p3pp/1p1pp1P1/6q1/P3Pp2/R1N4N/1PPP1P1P/2BQKB1R w K - 2 9,white,transmitter_sign_shuffle,64,31,f1b5,h3g5,638.0,950.0,312.0,0,0,3,10,0.00012613926082849503,0.0006270959192962465,0.30530349481402874,0.19612114512432388,1984,97.66515040001832,97.9524346999824,,0
opening_017_offset_12,opening_017,middle,20,rnbqkbnr/p1p3p1/1p1pp1P1/3N3p/P3Pp2/RP5N/2PP1P1P/2BQKB1R w K - 0 11,white,transmitter_sign_shuffle,1,34,d5f4,h3g5,-118.0,232.0,350.0,0,0,8,15,0.0,0.0,,,34,1.7831882999744266,105.1166213999968,,0
opening_017_offset_12,opening_017,middle,20,rnbqkbnr/p1p3p1/1p1pp1P1/3N3p/P3Pp2/RP5N/2PP1P1P/2BQKB1R w K - 0 11,white,transmitter_sign_shuffle,2,34,d5f4,d5c7,-199.0,232.0,431.0,0,1,13,2,1.5906989574432373e-05,0.0007848289077848788,0.21815014971344338,0.14812896342193402,68,3.251568599953316,105.1166213999968,,0
opening_017_offset_12,opening_017,middle,20,rnbqkbnr/p1p3p1/1p1pp1P1/3N3p/P3Pp2/RP5N/2PP1P1P/2BQKB1R w K - 0 11,white,transmitter_sign_shuffle,4,34,d5f4,c1b2,-216.0,232.0,448.0,0,1,15,3,0.0010376707650721073,0.0012577172667294044,0.2983957219251337,0.18716577540106952,136,6.452538299956359,105.1166213999968,,0
opening_017_offset_12,opening_017,middle,20,rnbqkbnr/p1p3p1/1p1pp1P1/3N3p/P3Pp2/RP5N/2PP1P1P/2BQKB1R w K - 0 11,white,transmitter_sign_shuffle,8,34,d5f4,c1b2,-216.0,232.0,448.0,0,1,15,3,0.0009421156719326973,0.001308773008987254,0.31336898395721924,0.19786096256684493,272,12.675455800024793,105.1166213999968,,0
opening_017_offset_12,opening_017,middle,20,rnbqkbnr/p1p3p1/1p1pp1P1/3N3p/P3Pp2/RP5N/2PP1P1P/2BQKB1R w K - 0 11,white,transmitter_sign_shuffle,16,34,d5f4,c1b2,-216.0,232.0,448.0,0,1,15,3,0.0009366106241941452,0.0013098953167697835,0.31336898395721924,0.19786096256684493,544,24.405367400031537,105.1166213999968,,0
opening_017_offset_12,opening_017,middle,20,rnbqkbnr/p1p3p1/1p1pp1P1/3N3p/P3Pp2/RP5N/2PP1P1P/2BQKB1R w K - 0 11,white,transmitter_sign_shuffle,32,34,d5f4,c1b2,-216.0,232.0,448.0,0,1,15,3,0.0009364723227918148,0.0013099031389497938,0.31336898395721924,0.19786096256684493,1088,49.402994200005196,105.1166213999968,,0
opening_017_offset_12,opening_017,middle,20,rnbqkbnr/p1p3p1/1p1pp1P1/3N3p/P3Pp2/RP5N/2PP1P1P/2BQKB1R w K - 0 11,white,transmitter_sign_shuffle,64,34,d5f4,c1b2,-216.0,232.0,448.0,0,1,15,3,0.0009363363496959209,0.0013098716913863464,0.31184110007639415,0.19429590017825316,2176,104.85908850003034,105.1166213999968,,0
opening_017_offset_16,opening_017,middle,24,rnb1kbn1/p1p3p1/1p1pp1Pr/7p/P3Pp1q/1P2N2N/2PP1P1P/R1BQKB1R w K - 4 13,white,transmitter_sign_shuffle,1,32,e3g2,h3g5,-737.0,70.0,807.0,0,0,27,13,0.0,0.0,,,32,1.312215199926868,92.52782740001567,,0
opening_017_offset_16,opening_017,middle,24,rnb1kbn1/p1p3p1/1p1pp1Pr/7p/P3Pp1q/1P2N2N/2PP1P1P/R1BQKB1R w K - 4 13,white,transmitter_sign_shuffle,2,32,e3g2,h3f4,-266.0,70.0,336.0,0,0,8,28,0.0,0.00017484095156522977,-0.19313461695168477,-0.16344656560968812,64,2.7193687999388203,92.52782740001567,,0
opening_017_offset_16,opening_017,middle,24,rnb1kbn1/p1p3p1/1p1pp1Pr/7p/P3Pp1q/1P2N2N/2PP1P1P/R1BQKB1R w K - 4 13,white,transmitter_sign_shuffle,4,32,e3g2,c1b2,-297.0,70.0,367.0,0,0,10,26,0.0010376805439591408,0.0006339587114145412,-0.11217008797653959,-0.07661290322580645,128,5.612926899921149,92.52782740001567,,0
opening_017_offset_16,opening_017,middle,24,rnb1kbn1/p1p3p1/1p1pp1Pr/7p/P3Pp1q/1P2N2N/2PP1P1P/R1BQKB1R w K - 4 13,white,transmitter_sign_shuffle,8,32,e3g2,c1b2,-297.0,70.0,367.0,0,0,10,26,0.0009421487338840961,0.0006650555030267254,-0.1389296187683284,-0.08870967741935486,256,11.174800199922174,92.52782740001567,,0
opening_017_offset_16,opening_017,middle,24,rnb1kbn1/p1p3p1/1p1pp1Pr/7p/P3Pp1q/1P2N2N/2PP1P1P/R1BQKB1R w K - 4 13,white,transmitter_sign_shuffle,16,32,e3g2,c1b2,-297.0,70.0,367.0,0,0,10,26,0.000936639029532671,0.0006652739579174596,-0.1389296187683284,-0.08870967741935486,512,23.457532799919136,92.52782740001567,,0
opening_017_offset_16,opening_017,middle,24,rnb1kbn1/p1p3p1/1p1pp1Pr/7p/P3Pp1q/1P2N2N/2PP1P1P/R1BQKB1R w K - 4 13,white,transmitter_sign_shuffle,32,32,e3g2,c1b2,-297.0,70.0,367.0,0,0,10,26,0.0009364974685013294,0.0006652700402546732,-0.1389296187683284,-0.08870967741935486,1024,46.54290589992888,92.52782740001567,,0
opening_017_offset_16,opening_017,middle,24,rnb1kbn1/p1p3p1/1p1pp1Pr/7p/P3Pp1q/1P2N2N/2PP1P1P/R1BQKB1R w K - 4 13,white,transmitter_sign_shuffle,64,32,e3g2,c1b2,-297.0,70.0,367.0,0,0,10,26,0.0009363656863570213,0.0006651633081012064,-0.1389296187683284,-0.08870967741935486,2048,92.29801749996841,92.52782740001567,,0
opening_017_offset_20,opening_017,late,28,rnb1kbn1/2p3p1/pp1pp1Pr/7p/P1P1Pp2/1P2N1q1/3P1P1P/R1BQKBNR w K - 0 15,white,transmitter_sign_shuffle,1,33,f2g3,h2h4,-268.0,721.0,989.0,0,0,17,7,0.0,0.0,,,33,1.5793403000570834,101.48026700003538,,0
opening_017_offset_20,opening_017,late,28,rnb1kbn1/2p3p1/pp1pp1Pr/7p/P1P1Pp2/1P2N1q1/3P1P1P/R1BQKBNR w K - 0 15,white,transmitter_sign_shuffle,2,33,f2g3,g1h3,-72.0,721.0,793.0,0,0,9,27,0.0,0.000283907925682641,0.0952554287008022,0.09527089735030893,66,3.432095800060779,101.48026700003538,,0
opening_017_offset_20,opening_017,late,28,rnb1kbn1/2p3p1/pp1pp1Pr/7p/P1P1Pp2/1P2N1q1/3P1P1P/R1BQKBNR w K - 0 15,white,transmitter_sign_shuffle,4,33,f2g3,c1b2,-273.0,721.0,994.0,0,0,18,25,0.0007265135645866394,0.0006729646865170336,0.0053475935828877,0.0,132,6.629932200070471,101.48026700003538,,0
opening_017_offset_20,opening_017,late,28,rnb1kbn1/2p3p1/pp1pp1Pr/7p/P1P1Pp2/1P2N1q1/3P1P1P/R1BQKBNR w K - 0 15,white,transmitter_sign_shuffle,8,33,f2g3,c1b2,-273.0,721.0,994.0,0,0,18,25,0.0006238189525902271,0.0007073482922378495,-0.03375668449197861,-0.026515151515151512,264,12.747594400076196,101.48026700003538,,0
opening_017_offset_20,opening_017,late,28,rnb1kbn1/2p3p1/pp1pp1Pr/7p/P1P1Pp2/1P2N1q1/3P1P1P/R1BQKBNR w K - 0 15,white,transmitter_sign_shuffle,16,33,f2g3,c1b2,-273.0,721.0,994.0,0,0,18,25,0.0006199409253895283,0.0007079840649318476,-0.03776737967914439,-0.030303030303030307,528,24.988230800023302,101.48026700003538,,0
opening_017_offset_20,opening_017,late,28,rnb1kbn1/2p3p1/pp1pp1Pr/7p/P1P1Pp2/1P2N1q1/3P1P1P/R1BQKBNR w K - 0 15,white,transmitter_sign_shuffle,32,33,f2g3,c1b2,-273.0,721.0,994.0,0,0,18,25,0.0006198943592607975,0.0007080312151653321,-0.03776737967914439,-0.030303030303030307,1056,51.04099050001241,101.48026700003538,,0
opening_017_offset_20,opening_017,late,28,rnb1kbn1/2p3p1/pp1pp1Pr/7p/P1P1Pp2/1P2N1q1/3P1P1P/R1BQKBNR w K - 0 15,white,transmitter_sign_shuffle,64,33,f2g3,c1b2,-273.0,721.0,994.0,0,0,18,25,0.0006198571063578129,0.0007081227748263692,-0.03776737967914439,-0.030303030303030307,2112,101.20745019998867,101.48026700003538,,0
opening_017_offset_24,opening_017,late,32,rnb1kbn1/6p1/ppppp1Pr/4P3/P1P2pNp/1P4q1/3P1P1P/R1BQKBNR w K - 0 17,white,transmitter_sign_shuffle,1,28,f2g3,h2h3,358.0,1033.0,675.0,0,0,20,9,0.0,0.0,,,28,1.4611043999902904,95.15665500005707,,0
opening_017_offset_24,opening_017,late,32,rnb1kbn1/6p1/ppppp1Pr/4P3/P1P2pNp/1P4q1/3P1P1P/R1BQKBNR w K - 0 17,white,transmitter_sign_shuffle,2,28,f2g3,g4h6,806.0,1033.0,227.0,0,0,3,23,0.0005477482918649912,0.0008002764306957466,-0.01596503412720997,-0.00816659929250042,56,2.8156291999621317,95.15665500005707,,0
opening_017_offset_24,opening_017,late,32,rnb1kbn1/6p1/ppppp1Pr/4P3/P1P2pNp/1P4q1/3P1P1P/R1BQKBNR w K - 0 17,white,transmitter_sign_shuffle,4,28,f2g3,g4h6,806.0,1033.0,227.0,0,0,3,21,0.0006315147038549185,0.0016246694164915572,-0.008210180623973728,0.015873015873015872,112,5.456952599924989,95.15665500005707,,0
opening_017_offset_24,opening_017,late,32,rnb1kbn1/6p1/ppppp1Pr/4P3/P1P2pNp/1P4q1/3P1P1P/R1BQKBNR w K - 0 17,white,transmitter_sign_shuffle,8,28,f2g3,g4h6,806.0,1033.0,227.0,0,0,3,21,0.0006956853903830051,0.0017007447368553147,-0.002736726874657909,0.010582010582010581,224,11.085016799974255,95.15665500005707,,0
opening_017_offset_24,opening_017,late,32,rnb1kbn1/6p1/ppppp1Pr/4P3/P1P2pNp/1P4q1/3P1P1P/R1BQKBNR w K - 0 17,white,transmitter_sign_shuffle,16,28,f2g3,g4h6,806.0,1033.0,227.0,0,0,3,21,0.0006995375733822584,0.001701170606887357,-0.002736726874657909,0.010582010582010581,448,22.790000000037253,95.15665500005707,,0
opening_017_offset_24,opening_017,late,32,rnb1kbn1/6p1/ppppp1Pr/4P3/P1P2pNp/1P4q1/3P1P1P/R1BQKBNR w K - 0 17,white,transmitter_sign_shuffle,32,28,f2g3,g4h6,806.0,1033.0,227.0,0,0,3,21,0.0006995541043579578,0.0017012471778190875,-0.002736726874657909,0.010582010582010581,896,49.93782039999496,95.15665500005707,,0
opening_017_offset_24,opening_017,late,32,rnb1kbn1/6p1/ppppp1Pr/4P3/P1P2pNp/1P4q1/3P1P1P/R1BQKBNR w K - 0 17,white,transmitter_sign_shuffle,64,28,f2g3,g4h6,806.0,1033.0,227.0,0,0,3,21,0.0006995403673499823,0.0017014475770360997,-0.002736726874657909,0.010582010582010581,1792,94.96853820001706,95.15665500005707,,0
opening_018_offset_00,opening_018,early,8,rnbqkb1r/ppp2ppp/3pp3/3P1n2/8/6PP/PPP1PP2/RNBQKBNR w KQkq - 1 5,white,transmitter_sign_shuffle,1,28,e2e4,h3h4,-21.0,86.0,107.0,0,0,8,8,0.0,0.0,,,28,1.456843200023286,89.17926150001585,,0
opening_018_offset_00,opening_018,early,8,rnbqkb1r/ppp2ppp/3pp3/3P1n2/8/6PP/PPP1PP2/RNBQKBNR w KQkq - 1 5,white,transmitter_sign_shuffle,2,28,e2e4,g1f3,7.0,86.0,79.0,0,0,5,5,0.00012424634769558907,0.00027396521034379277,0.057505298718376244,0.02710833535968148,56,2.9203919999999925,89.17926150001585,,0
opening_018_offset_00,opening_018,early,8,rnbqkb1r/ppp2ppp/3pp3/3P1n2/8/6PP/PPP1PP2/RNBQKBNR w KQkq - 1 5,white,transmitter_sign_shuffle,4,28,e2e4,g1f3,7.0,86.0,79.0,0,0,5,6,0.00021880725398659706,0.0004976334149628711,0.03229337712096333,0.005291005291005291,112,6.084874300053343,89.17926150001585,,0
opening_018_offset_00,opening_018,early,8,rnbqkb1r/ppp2ppp/3pp3/3P1n2/8/6PP/PPP1PP2/RNBQKBNR w KQkq - 1 5,white,transmitter_sign_shuffle,8,28,e2e4,g1f3,7.0,86.0,79.0,0,0,5,6,1.8562190234661102e-05,0.000552067212608862,0.03831417624521073,0.021164021164021163,224,12.895064000040293,89.17926150001585,,0
opening_018_offset_00,opening_018,early,8,rnbqkb1r/ppp2ppp/3pp3/3P1n2/8/6PP/PPP1PP2/RNBQKBNR w KQkq - 1 5,white,transmitter_sign_shuffle,16,28,e2e4,g1f3,7.0,86.0,79.0,0,0,5,6,1.1278316378593445e-06,0.0005543398180761076,0.04324028461959496,0.010582010582010581,448,24.43224370002281,89.17926150001585,,0
opening_018_offset_00,opening_018,early,8,rnbqkb1r/ppp2ppp/3pp3/3P1n2/8/6PP/PPP1PP2/RNBQKBNR w KQkq - 1 5,white,transmitter_sign_shuffle,32,28,e2e4,g1f3,7.0,86.0,79.0,0,0,5,6,1.2274831533432007e-06,0.0005545048547754062,0.04324028461959496,0.010582010582010581,896,45.59410710004158,89.17926150001585,,0
opening_018_offset_00,opening_018,early,8,rnbqkb1r/ppp2ppp/3pp3/3P1n2/8/6PP/PPP1PP2/RNBQKBNR w KQkq - 1 5,white,transmitter_sign_shuffle,64,28,e2e4,g1f3,7.0,86.0,79.0,0,0,5,6,1.2014061212539673e-06,0.0005550523152117744,0.046524356869184456,0.015873015873015872,1792,88.98872170003597,89.17926150001585,,0
opening_018_offset_04,opening_018,early,12,r1b1kb1r/pppq1ppp/2npp3/3P1n2/8/2P1B1PP/PP2PP2/RN1QKBNR w KQkq - 3 7,white,transmitter_sign_shuffle,1,33,d5c6,h3h4,-313.0,202.0,515.0,0,0,23,19,0.0,0.0,,,33,1.5995571999810636,109.88115990010556,,0
opening_018_offset_04,opening_018,early,12,r1b1kb1r/pppq1ppp/2npp3/3P1n2/8/2P1B1PP/PP2PP2/RN1QKBNR w KQkq - 3 7,white,transmitter_sign_shuffle,2,33,d5c6,e3a7,-565.0,202.0,767.0,0,0,30,4,0.001870626350864768,0.0005508571726687037,-0.06763504350739535,-0.054383697456288245,66,3.1395678999833763,109.88115990010556,,0
opening_018_offset_04,opening_018,early,12,r1b1kb1r/pppq1ppp/2npp3/3P1n2/8/2P1B1PP/PP2PP2/RN1QKBNR w KQkq - 3 7,white,transmitter_sign_shuffle,4,33,d5c6,e3a7,-565.0,202.0,767.0,0,0,30,5,0.002790984231978655,0.0008708485556233964,-0.11364585984359507,-0.09289103698976116,132,6.740465899929404,109.88115990010556,,0
opening_018_offset_04,opening_018,early,12,r1b1kb1r/pppq1ppp/2npp3/3P1n2/8/2P1B1PP/PP2PP2/RN1QKBNR w KQkq - 3 7,white,transmitter_sign_shuffle,8,33,d5c6,e3a7,-565.0,202.0,767.0,0,0,30,5,0.002965466119349003,0.0009317006631972659,-0.15676443607837082,-0.12701427506763263,264,12.94363069999963,109.88115990010556,,0
opening_018_offset_04,opening_018,early,12,r1b1kb1r/pppq1ppp/2npp3/3P1n2/8/2P1B1PP/PP2PP2/RN1QKBNR w KQkq - 3 7,white,transmitter_sign_shuffle,16,33,d5c6,e3a7,-565.0,202.0,767.0,0,0,30,5,0.002968139946460724,0.0009333006541634698,-0.15409041584675684,-0.12322280417009134,528,25.41866540000774,109.88115990010556,,0
opening_018_offset_04,opening_018,early,12,r1b1kb1r/pppq1ppp/2npp3/3P1n2/8/2P1B1PP/PP2PP2/RN1QKBNR w KQkq - 3 7,white,transmitter_sign_shuffle,32,33,d5c6,e3a7,-565.0,202.0,767.0,0,0,30,5,0.0029679988510906696,0.0009334731739775512,-0.14807387032562533,-0.11943133327255007,1056,52.99482719996013,109.88115990010556,,0
opening_018_offset_04,opening_018,early,12,r1b1kb1r/pppq1ppp/2npp3/3P1n2/8/2P1B1PP/PP2PP2/RN1QKBNR w KQkq - 3 7,white,transmitter_sign_shuffle,64,33,d5c6,e3a7,-565.0,202.0,767.0,0,0,30,5,0.002968037500977516,0.0009343279498671492,-0.13704353687021756,-0.11184839147746753,2112,109.56767239992041,109.88115990010556,,0
opening_018_offset_08,opening_018,early,16,r1bq1b1r/pppk1ppp/2npp3/3P1n2/8/2P3PP/PP1BPP1R/RN1QKBN1 w Q - 7 9,white,transmitter_sign_shuffle,1,27,d5c6,h3h4,-42.0,714.0,756.0,0,0,17,12,0.0,0.0,,,27,1.5004506999393925,94.9428704000311,,0
opening_018_offset_08,opening_018,early,16,r1bq1b1r/pppk1ppp/2npp3/3P1n2/8/2P3PP/PP1BPP1R/RN1QKBN1 w Q - 7 9,white,transmitter_sign_shuffle,2,27,d5c6,g1f3,-42.0,714.0,756.0,0,1,16,3,0.00012427661567926407,0.0003409994032857172,0.23454722245073734,0.16787423046696498,54,3.0103395999176428,94.9428704000311,,0
opening_018_offset_08,opening_018,early,16,r1bq1b1r/pppk1ppp/2npp3/3P1n2/8/2P3PP/PP1BPP1R/RN1QKBN1 w Q - 7 9,white,transmitter_sign_shuffle,4,27,d5c6,g1f3,-42.0,714.0,756.0,0,0,16,4,0.00021889619529247284,0.0005580363062650408,0.055598000023169086,0.054442154704833115,108,6.2534799999557436,94.9428704000311,,0
opening_018_offset_08,opening_018,early,16,r1bq1b1r/pppk1ppp/2npp3/3P1n2/8/2P3PP/PP1BPP1R/RN1QKBN1 w Q - 7 9,white,transmitter_sign_shuffle,8,27,d5c6,g1f3,-42.0,714.0,756.0,0,0,16,4,1.852959394454956e-05,0.0006106203655321536,0.0494883296909527,0.054442154704833115,216,12.249030999955721,94.9428704000311,,0
opening_018_offset_08,opening_018,early,16,r1bq1b1r/pppk1ppp/2npp3/3P1n2/8/2P3PP/PP1BPP1R/RN1QKBN1 w Q - 7 9,white,transmitter_sign_shuffle,16,27,d5c6,g1f3,-42.0,714.0,756.0,0,0,16,4,1.0509975254535675e-06,0.0006137817353548944,0.03849092309296322,0.04298064845118403,432,23.586107000010088,94.9428704000311,,0
opening_018_offset_08,opening_018,early,16,r1bq1b1r/pppk1ppp/2npp3/3P1n2/8/2P3PP/PP1BPP1R/RN1QKBN1 w Q - 7 9,white,transmitter_sign_shuffle,32,27,d5c6,g1f3,-42.0,714.0,756.0,0,0,16,4,1.1511147022247314e-06,0.0006139812551877486,0.03849092309296322,0.04298064845118403,864,48.471346399979666,94.9428704000311,,0
opening_018_offset_08,opening_018,early,16,r1bq1b1r/pppk1ppp/2npp3/3P1n2/8/2P3PP/PP1BPP1R/RN1QKBN1 w Q - 7 9,white,transmitter_sign_shuffle,64,27,d5c6,g1f3,-42.0,714.0,756.0,0,0,16,4,1.1334195733070374e-06,0.0006149989840459135,0.03849092309296322,0.04298064845118403,1728,94.72028070001397,94.9428704000311,,0
opening_018_offset_12,opening_018,middle,20,r1bq1b1r/pppk1p1p/3pp1p1/3P1n2/3n1B2/2P3PP/PP2PPBR/RN1QK1N1 w Q - 0 11,white,transmitter_sign_shuffle,1,36,c3d4,h3h4,383.0,823.0,440.0,0,0,16,29,0.0,0.0,,,36,1.6938270999817178,101.55501760006882,,0
opening_018_offset_12,opening_018,middle,20,r1bq1b1r/pppk1p1p/3pp1p1/3P1n2/3n1B2/2P3PP/PP2PPBR/RN1QK1N1 w Q - 0 11,white,transmitter_sign_shuffle,2,36,c3d4,g1f3,7.0,823.0,816.0,0,0,25,4,0.00012428266927599907,0.0003846659197471073,-0.2645247912028205,-0.1844952473441814,72,3.3148816999746487,101.55501760006882,,0
opening_018_offset_12,opening_018,middle,20,r1bq1b1r/pppk1p1p/3pp1p1/3P1n2/3n1B2/2P3PP/PP2PPBR/RN1QK1N1 w Q - 0 11,white,transmitter_sign_shuffle,4,36,c3d4,g1f3,7.0,823.0,816.0,0,0,25,6,0.00021888618357479572,0.0006219356077169619,-0.18958748993502644,-0.11278796250411817,144,6.319059699890204,101.55501760006882,,0
opening_018_offset_12,opening_018,middle,20,r1bq1b1r/pppk1p1p/3pp1p1/3P1n2/3n1B2/2P3PP/PP2PPBR/RN1QK1N1 w Q - 0 11,white,transmitter_sign_shuffle,8,36,c3d4,g1f3,7.0,823.0,816.0,0,0,25,6,1.8713297322392464e-05,0.0006727562706557794,-0.18173627684199412,-0.11596508820845954,288,12.583011099952273,101.55501760006882,,0
opening_018_offset_12,opening_018,middle,20,r1bq1b1r/pppk1p1p/3pp1p1/3P1n2/3n1B2/2P3PP/PP2PPBR/RN1QK1N1 w Q - 0 11,white,transmitter_sign_shuffle,16,36,c3d4,g1f3,7.0,823.0,816.0,0,0,25,6,1.3015232980251312e-06,0.000674898407089994,-0.18585494600555205,-0.11914221391280089,576,26.274401299888268,101.55501760006882,,0
opening_018_offset_12,opening_018,middle,20,r1bq1b1r/pppk1p1p/3pp1p1/3P1n2/3n1B2/2P3PP/PP2PPBR/RN1QK1N1 w Q - 0 11,white,transmitter_sign_shuffle,32,36,c3d4,g1f3,7.0,823.0,816.0,0,0,25,6,1.3972166925668716e-06,0.0006748775645425906,-0.17838985814660333,-0.11278796250411817,1152,50.70095689990558,101.55501760006882,,0
opening_018_offset_12,opening_018,middle,20,r1bq1b1r/pppk1p1p/3pp1p1/3P1n2/3n1B2/2P3PP/PP2PPBR/RN1QK1N1 w Q - 0 11,white,transmitter_sign_shuffle,64,36,c3d4,g1f3,7.0,823.0,816.0,0,0,25,6,1.3657845556735992e-06,0.0006751009983497529,-0.18225111048743886,-0.11596508820845954,2304,101.17781099991407,101.55501760006882,,0
opening_018_offset_16,opening_018,middle,24,r1b1qbr1/pppk1p1p/3pp1p1/3P1nB1/3n4/P1P3PP/1P2PPBR/RN1QK1N1 w Q - 3 13,white,transmitter_sign_shuffle,1,38,c3d4,h3h4,323.0,804.0,481.0,0,0,19,32,0.0,0.0,,,38,2.381839199922979,157.59223379998002,,0
opening_018_offset_16,opening_018,middle,24,r1b1qbr1/pppk1p1p/3pp1p1/3P1nB1/3n4/P1P3PP/1P2PPBR/RN1QK1N1 w Q - 3 13,white,transmitter_sign_shuffle,2,38,c3d4,g1f3,45.0,804.0,759.0,0,0,24,5,0.00012428266927599907,0.0008128099569033335,-0.04078368033298943,-0.005881246495849278,76,4.69362859998364,157.59223379998002,,0
opening_018_offset_16,opening_018,middle,24,r1b1qbr1/pppk1p1p/3pp1p1/3P1nB1/3n4/P1P3PP/1P2PPBR/RN1QK1N1 w Q - 3 13,white,transmitter_sign_shuffle,4,38,c3d4,g1f3,45.0,804.0,759.0,0,0,24,7,0.00021889444906264544,0.0012533506902715737,0.05131852500273554,0.04409672830725463,152,8.940382099943236,157.59223379998002,,0
opening_018_offset_16,opening_018,middle,24,r1b1qbr1/pppk1p1p/3pp1p1/3P1nB1/3n4/P1P3PP/1P2PPBR/RN1QK1N1 w Q - 3 13,white,transmitter_sign_shuffle,8,38,c3d4,g1f3,45.0,804.0,759.0,0,0,24,7,1.882051583379507e-05,0.0013203507484757392,0.05854032169821643,0.052631578947368425,304,18.61609689996112,157.59223379998002,,0
opening_018_offset_16,opening_018,middle,24,r1b1qbr1/pppk1p1p/3pp1p1/3P1nB1/3n4/P1P3PP/1P2PPBR/RN1QK1N1 w Q - 3 13,white,transmitter_sign_shuffle,16,38,c3d4,g1f3,45.0,804.0,759.0,0,0,24,7,1.432257704436779e-06,0.0013229304348607532,0.053288105919684865,0.0469416785206259,608,37.41255839995574,157.59223379998002,,0
opening_018_offset_16,opening_018,middle,24,r1b1qbr1/pppk1p1p/3pp1p1/3P1nB1/3n4/P1P3PP/1P2PPBR/RN1QK1N1 w Q - 3 13,white,transmitter_sign_shuffle,32,38,c3d4,g1f3,45.0,804.0,759.0,0,0,24,7,1.5317928045988083e-06,0.0013228846082385648,0.053288105919684865,0.0469416785206259,1216,78.76230509998277,157.59223379998002,,0
opening_018_offset_16,opening_018,middle,24,r1b1qbr1/pppk1p1p/3pp1p1/3P1nB1/3n4/P1P3PP/1P2PPBR/RN1QK1N1 w Q - 3 13,white,transmitter_sign_shuffle,64,38,c3d4,g1f3,45.0,804.0,759.0,0,0,24,7,1.5032710507512093e-06,0.0013228073737033793,0.056570740781267094,0.04978662873399716,2432,157.2607453999808,157.59223379998002,,0
opening_018_offset_20,opening_018,late,28,r1b2br1/p1pkqp1p/1p1pp1p1/3P1nB1/P2n4/2P3PP/1P2PPBR/RNQ1K1N1 w Q - 0 15,white,transmitter_sign_shuffle,1,37,c3d4,h3h4,493.0,720.0,227.0,0,0,4,24,0.0,0.0,,,37,2.7166888000210747,109.71928109996952,,0
opening_018_offset_20,opening_018,late,28,r1b2br1/p1pkqp1p/1p1pp1p1/3P1nB1/P2n4/2P3PP/1P2PPBR/RNQ1K1N1 w Q - 0 15,white,transmitter_sign_shuffle,2,37,c3d4,g1f3,188.0,720.0,532.0,0,1,15,3,0.000142599456012249,0.0007406200448949662,0.163500550990533,0.1201599088779681,74,4.639825899968855,109.71928109996952,,0
opening_018_offset_20,opening_018,late,28,r1b2br1/p1pkqp1p/1p1pp1p1/3P1nB1/P2n4/2P3PP/1P2PPBR/RNQ1K1N1 w Q - 0 15,white,transmitter_sign_shuffle,4,37,c3d4,g1f3,188.0,720.0,532.0,0,0,15,6,0.0003461187588982284,0.00117987404969501,0.23993835617989273,0.1547708926677982,148,8.782756100059487,109.71928109996952,,0
opening_018_offset_20,opening_018,late,28,r1b2br1/p1pkqp1p/1p1pp1p1/3P1nB1/P2n4/2P3PP/1P2PPBR/RNQ1K1N1 w Q - 0 15,white,transmitter_sign_shuffle,8,37,c3d4,g1f3,188.0,720.0,532.0,0,0,15,6,0.00021837290842086077,0.0012387334030464507,0.2529784842331478,0.16679193287500582,296,15.638492200057954,109.71928109996952,,0
opening_018_offset_20,opening_018,late,28,r1b2br1/p1pkqp1p/1p1pp1p1/3P1nB1/P2n4/2P3PP/1P2PPBR/RNQ1K1N1 w Q - 0 15,white,transmitter_sign_shuffle,16,37,c3d4,g1f3,188.0,720.0,532.0,0,0,15,6,0.0002102642902173102,0.0012405450111162334,0.24515440740119473,0.1577761527196001,592,29.464098199969158,109.71928109996952,,0
opening_018_offset_20,opening_018,late,28,r1b2br1/p1pkqp1p/1p1pp1p1/3P1nB1/P2n4/2P3PP/1P2PPBR/RNQ1K1N1 w Q - 0 15,white,transmitter_sign_shuffle,32,37,c3d4,g1f3,188.0,720.0,532.0,0,0,15,6,0.0002103598671965301,0.001240547345060222,0.24515440740119473,0.1577761527196001,1184,55.8272372999927,109.71928109996952,,0
opening_018_offset_20,opening_018,late,28,r1b2br1/p1pkqp1p/1p1pp1p1/3P1nB1/P2n4/2P3PP/1P2PPBR/RNQ1K1N1 w Q - 0 15,white,transmitter_sign_shuffle,64,37,c3d4,g1f3,188.0,720.0,532.0,0,0,15,6,0.00021028454648330808,0.0012406137942362495,0.24515440740119473,0.1577761527196001,2368,108.93639140005689,109.71928109996952,,0
opening_018_offset_24,opening_018,late,32,r1b2br1/p2kqp1p/1pppp1pn/3P2B1/P2n4/2P1PNPP/1P3PBR/RNQ1K3 w Q - 1 17,white,transmitter_sign_shuffle,1,34,f3d4,h3h4,250.0,815.0,565.0,0,0,12,14,0.0,0.0,,,34,1.706507399911061,105.81556269992143,,0
opening_018_offset_24,opening_018,late,32,r1b2br1/p2kqp1p/1pppp1pn/3P2B1/P2n4/2P1PNPP/1P3PBR/RNQ1K3 w Q - 1 17,white,transmitter_sign_shuffle,2,34,f3d4,f3d4,815.0,815.0,0.0,1,1,1,1,0.0004092780873179436,0.001687842350988711,0.4714342674375613,0.3348444702986796,68,3.368161499965936,105.81556269992143,,0
opening_018_offset_24,opening_018,late,32,r1b2br1/p2kqp1p/1pppp1pn/3P2B1/P2n4/2P1PNPP/1P3PBR/RNQ1K3 w Q - 1 17,white,transmitter_sign_shuffle,4,34,f3d4,f3d4,815.0,815.0,0.0,1,1,1,1,0.00029377080500125885,0.0023509367439008082,0.39804416037934853,0.29259601294087617,136,7.636944399913773,105.81556269992143,,0
opening_018_offset_24,opening_018,late,32,r1b2br1/p2kqp1p/1pppp1pn/3P2B1/P2n4/2P1PNPP/1P3PBR/RNQ1K3 w Q - 1 17,white,transmitter_sign_shuffle,8,34,f3d4,f3d4,815.0,815.0,0.0,1,1,1,1,0.0003277338109910488,0.002380545454403462,0.3939185587170674,0.285459524820367,272,16.03629349998664,105.81556269992143,,0
opening_018_offset_24,opening_018,late,32,r1b2br1/p2kqp1p/1pppp1pn/3P2B1/P2n4/2P1PNPP/1P3PBR/RNQ1K3 w Q - 1 17,white,transmitter_sign_shuffle,16,34,f3d4,f3d4,815.0,815.0,0.0,1,1,1,1,0.00032918574288487434,0.0023817431361908177,0.39789136031778255,0.29259601294087617,544,40.01901099993847,105.81556269992143,,0
opening_018_offset_24,opening_018,late,32,r1b2br1/p2kqp1p/1pppp1pn/3P2B1/P2n4/2P1PNPP/1P3PBR/RNQ1K3 w Q - 1 17,white,transmitter_sign_shuffle,32,34,f3d4,f3d4,815.0,815.0,0.0,1,1,1,1,0.00032921042293310165,0.0023817081648469535,0.39789136031778255,0.29259601294087617,1088,67.13933979999274,105.81556269992143,,0
opening_018_offset_24,opening_018,late,32,r1b2br1/p2kqp1p/1pppp1pn/3P2B1/P2n4/2P1PNPP/1P3PBR/RNQ1K3 w Q - 1 17,white,transmitter_sign_shuffle,64,34,f3d4,f3d4,815.0,815.0,0.0,1,1,1,1,0.0003291894681751728,0.0023815957286988008,0.39789136031778255,0.29259601294087617,2176,105.58420879999176,105.81556269992143,,0
opening_019_offset_00,opening_019,early,8,rnb1kbnr/1pqppp1p/2p5/p5p1/3P4/1QP4P/PP2PPP1/RNB1KBNR w KQkq - 0 5,white,transmitter_sign_shuffle,1,33,c1g5,h3h4,90.0,190.0,100.0,0,0,5,14,0.0,0.0,,,33,1.4336101999506354,89.09145790000912,,0
opening_019_offset_00,opening_019,early,8,rnb1kbnr/1pqppp1p/2p5/p5p1/3P4/1QP4P/PP2PPP1/RNB1KBNR w KQkq - 0 5,white,transmitter_sign_shuffle,2,33,c1g5,g1f3,103.0,190.0,87.0,0,1,4,3,0.00033119157887995243,0.0003783628605401693,-0.09023051442246771,-0.07613238784669156,66,3.036717399954796,89.09145790000912,,0
opening_019_offset_00,opening_019,early,8,rnb1kbnr/1pqppp1p/2p5/p5p1/3P4/1QP4P/PP2PPP1/RNB1KBNR w KQkq - 0 5,white,transmitter_sign_shuffle,4,33,c1g5,g1f3,103.0,190.0,87.0,0,1,4,2,0.0006728717125952244,0.0007238496251762456,-0.0427807486631016,-0.053030303030303025,132,5.934402299928479,89.09145790000912,,0
opening_019_offset_00,opening_019,early,8,rnb1kbnr/1pqppp1p/2p5/p5p1/3P4/1QP4P/PP2PPP1/RNB1KBNR w KQkq - 0 5,white,transmitter_sign_shuffle,8,33,c1g5,g1f3,103.0,190.0,87.0,0,1,4,2,0.0006662486121058464,0.0007776599230284173,-0.04010695187165776,-0.060606060606060615,264,14.563860099995509,89.09145790000912,,0
opening_019_offset_00,opening_019,early,8,rnb1kbnr/1pqppp1p/2p5/p5p1/3P4/1QP4P/PP2PPP1/RNB1KBNR w KQkq - 0 5,white,transmitter_sign_shuffle,16,33,c1g5,g1f3,103.0,190.0,87.0,0,1,4,2,0.0006781863048672676,0.0007783674646496038,-0.03442513368983957,-0.04924242424242424,528,29.259949399973266,89.09145790000912,,0
opening_019_offset_00,opening_019,early,8,rnb1kbnr/1pqppp1p/2p5/p5p1/3P4/1QP4P/PP2PPP1/RNB1KBNR w KQkq - 0 5,white,transmitter_sign_shuffle,32,33,c1g5,g1f3,103.0,190.0,87.0,0,1,4,2,0.0006783860735595226,0.0007784240609265822,-0.03442513368983957,-0.04924242424242424,1056,49.551426799967885,89.09145790000912,,0
opening_019_offset_00,opening_019,early,8,rnb1kbnr/1pqppp1p/2p5/p5p1/3P4/1QP4P/PP2PPP1/RNB1KBNR w KQkq - 0 5,white,transmitter_sign_shuffle,64,33,c1g5,g1f3,103.0,190.0,87.0,0,1,4,2,0.0006784098222851753,0.0007784784159604281,-0.03442513368983957,-0.04924242424242424,2112,88.90035240002908,89.09145790000912,,0
opening_019_offset_04,opening_019,early,12,rnb1kbnr/2qpp2p/2p2p2/pp4p1/3P4/PQP4P/1P1KPPP1/RNB2BNR w kq - 0 7,white,transmitter_sign_shuffle,1,29,d2e1,h3h4,-70.0,24.0,94.0,0,0,8,12,0.0,0.0,,,29,1.2331409000325948,71.87129519996233,,0
opening_019_offset_04,opening_019,early,12,rnb1kbnr/2qpp2p/2p2p2/pp4p1/3P4/PQP4P/1P1KPPP1/RNB2BNR w kq - 0 7,white,transmitter_sign_shuffle,2,29,d2e1,g1f3,-77.0,24.0,101.0,0,0,9,5,0.0003855680115520954,0.00037140900922155755,-0.07531554127059278,-0.07012868733182766,58,2.533401899971068,71.87129519996233,,0
opening_019_offset_04,opening_019,early,12,rnb1kbnr/2qpp2p/2p2p2/pp4p1/3P4/PQP4P/1P1KPPP1/RNB2BNR w kq - 0 7,white,transmitter_sign_shuffle,4,29,d2e1,g1f3,-77.0,24.0,101.0,0,1,9,3,0.0008255443535745144,0.0007780603533620743,0.20889272236290635,0.13070293536543992,116,4.968330800067633,71.87129519996233,,0
opening_019_offset_04,opening_019,early,12,rnb1kbnr/2qpp2p/2p2p2/pp4p1/3P4/PQP4P/1P1KPPP1/RNB2BNR w kq - 0 7,white,transmitter_sign_shuffle,8,29,d2e1,g1f3,-77.0,24.0,101.0,0,1,9,3,0.000861175823956728,0.0008359984802570534,0.20470501448534809,0.1356351216056452,232,10.100144600030035,71.87129519996233,,0
opening_019_offset_04,opening_019,early,12,rnb1kbnr/2qpp2p/2p2p2/pp4p1/3P4/PQP4P/1P1KPPP1/RNB2BNR w kq - 0 7,white,transmitter_sign_shuffle,16,29,d2e1,g1f3,-77.0,24.0,101.0,0,1,9,3,0.0008616708219051361,0.0008371381523716369,0.20470501448534809,0.1356351216056452,464,20.077710499987006,71.87129519996233,,0
opening_019_offset_04,opening_019,early,12,rnb1kbnr/2qpp2p/2p2p2/pp4p1/3P4/PQP4P/1P1KPPP1/RNB2BNR w kq - 0 7,white,transmitter_sign_shuffle,32,29,d2e1,g1f3,-77.0,24.0,101.0,0,1,9,3,0.0008616801351308823,0.0008372443100509532,0.20470501448534809,0.1356351216056452,928,36.8218804000644,71.87129519996233,,0
opening_019_offset_04,opening_019,early,12,rnb1kbnr/2qpp2p/2p2p2/pp4p1/3P4/PQP4P/1P1KPPP1/RNB2BNR w kq - 0 7,white,transmitter_sign_shuffle,64,29,d2e1,g1f3,-77.0,24.0,101.0,0,1,9,3,0.0008614510297775269,0.0008373242395962262,0.20470501448534809,0.1356351216056452,1856,71.68018360005226,71.87129519996233,,0
opening_019_offset_08,opening_019,early,16,rnb1kbnr/3pp2p/q1p2p2/pp1Q2p1/3P4/P1PK3P/1P2PPP1/RNB2BNR w kq - 4 9,white,transmitter_sign_shuffle,1,39,d5f3,h3h4,-896.0,-92.0,804.0,0,0,14,14,0.0,0.0,,,39,1.8630396999651566,115.18393389997073,,0
opening_019_offset_08,opening_019,early,16,rnb1kbnr/3pp2p/q1p2p2/pp1Q2p1/3P4/P1PK3P/1P2PPP1/RNB2BNR w kq - 4 9,white,transmitter_sign_shuffle,2,39,d5f3,g1f3,-1000.0,-92.0,908.0,0,0,22,19,9.28100198507309e-05,0.0003820940818102906,0.1388960795207217,0.07382479633552276,78,3.6624055000720546,115.18393389997073,,0
opening_019_offset_08,opening_019,early,16,rnb1kbnr/3pp2p/q1p2p2/pp1Q2p1/3P4/P1PK3P/1P2PPP1/RNB2BNR w kq - 4 9,white,transmitter_sign_shuffle,4,39,d5f3,g1f3,-1000.0,-92.0,908.0,0,0,22,16,0.0002188337966799736,0.0006131286561788096,0.19789452475107996,0.11756767491574927,156,7.684970000060275,115.18393389997073,,0
opening_019_offset_08,opening_019,early,16,rnb1kbnr/3pp2p/q1p2p2/pp1Q2p1/3P4/P1PK3P/1P2PPP1/RNB2BNR w kq - 4 9,white,transmitter_sign_shuffle,8,39,d5f3,g1f3,-1000.0,-92.0,908.0,0,0,22,15,1.8513761460781097e-05,0.0006568745209055178,0.18696224409986942,0.10945955940431829,312,15.514675099984743,115.18393389997073,,0
opening_019_offset_08,opening_019,early,16,rnb1kbnr/3pp2p/q1p2p2/pp1Q2p1/3P4/P1PK3P/1P2PPP1/RNB2BNR w kq - 4 9,white,transmitter_sign_shuffle,16,39,d5f3,g1f3,-1000.0,-92.0,908.0,0,0,22,15,1.103617250919342e-06,0.0006578602821685158,0.19526267940912187,0.11486496974527226,624,29.38560929999221,115.18393389997073,,0
opening_019_offset_08,opening_019,early,16,rnb1kbnr/3pp2p/q1p2p2/pp1Q2p1/3P4/P1PK3P/1P2PPP1/RNB2BNR w kq - 4 9,white,transmitter_sign_shuffle,32,39,d5f3,g1f3,-1000.0,-92.0,908.0,0,0,22,15,1.194886863231659e-06,0.0006578483782261592,0.19526267940912187,0.11486496974527226,1248,58.88460610003676,115.18393389997073,,0
opening_019_offset_08,opening_019,early,16,rnb1kbnr/3pp2p/q1p2p2/pp1Q2p1/3P4/P1PK3P/1P2PPP1/RNB2BNR w kq - 4 9,white,transmitter_sign_shuffle,64,39,d5f3,g1f3,-1000.0,-92.0,908.0,0,0,22,15,1.1692754924297333e-06,0.0006578724782715813,0.19526267940912187,0.11486496974527226,2496,114.96512110007461,115.18393389997073,,0
opening_019_offset_12,opening_019,middle,20,rnb1kbn1/3pp3/q1p2p1r/pp1Q2pp/3P4/P1PKB2P/1P1NPPP1/R4BNR w q - 2 11,white,transmitter_sign_shuffle,1,41,d5g8,h3h4,-1164.0,129.0,1293.0,0,0,31,10,0.0,0.0,,,41,1.6670605998951942,115.67875890003052,,0
opening_019_offset_12,opening_019,middle,20,rnb1kbn1/3pp3/q1p2p1r/pp1Q2pp/3P4/P1PKB2P/1P1NPPP1/R4BNR w q - 2 11,white,transmitter_sign_shuffle,2,41,d5g8,g1f3,-1101.0,129.0,1230.0,0,0,15,6,9.280163794755936e-05,0.00037798357650898956,0.14641723895791567,0.09913875529090034,82,3.4637677998980507,115.67875890003052,,0
opening_019_offset_12,opening_019,middle,20,rnb1kbn1/3pp3/q1p2p1r/pp1Q2pp/3P4/P1PKB2P/1P1NPPP1/R4BNR w q - 2 11,white,transmitter_sign_shuffle,4,41,d5g8,g1f3,-1101.0,129.0,1230.0,0,0,15,10,0.00021882308647036552,0.000589793974982642,0.20038334508765235,0.1466997049871899,164,6.782395199988969,115.67875890003052,,0
opening_019_offset_12,opening_019,middle,20,rnb1kbn1/3pp3/q1p2p1r/pp1Q2pp/3P4/P1PKB2P/1P1NPPP1/R4BNR w q - 2 11,white,transmitter_sign_shuffle,8,41,d5g8,g1f3,-1101.0,129.0,1230.0,0,0,15,10,1.8497928977012634e-05,0.000628646942940289,0.18470117025470564,0.13447472957159073,328,13.728838299983181,115.67875890003052,,0
opening_019_offset_12,opening_019,middle,20,rnb1kbn1/3pp3/q1p2p1r/pp1Q2pp/3P4/P1PKB2P/1P1NPPP1/R4BNR w q - 2 11,white,transmitter_sign_shuffle,16,41,d5g8,g1f3,-1101.0,129.0,1230.0,0,0,15,10,1.0835938155651093e-06,0.0006303195490680618,0.18470117025470564,0.13447472957159073,656,27.82234289997723,115.67875890003052,,0
opening_019_offset_12,opening_019,middle,20,rnb1kbn1/3pp3/q1p2p1r/pp1Q2pp/3P4/P1PKB2P/1P1NPPP1/R4BNR w q - 2 11,white,transmitter_sign_shuffle,32,41,d5g8,g1f3,-1101.0,129.0,1230.0,0,0,15,10,1.1818483471870422e-06,0.0006302753148384104,0.18470117025470564,0.13447472957159073,1312,57.34523509989958,115.67875890003052,,0
opening_019_offset_12,opening_019,middle,20,rnb1kbn1/3pp3/q1p2p1r/pp1Q2pp/3P4/P1PKB2P/1P1NPPP1/R4BNR w q - 2 11,white,transmitter_sign_shuffle,64,41,d5g8,g1f3,-1101.0,129.0,1230.0,0,0,15,10,1.1515803635120392e-06,0.0006302677444666473,0.18470117025470564,0.13447472957159073,2624,115.44700980000198,115.67875890003052,,0
opening_019_offset_16,opening_019,middle,24,rnb1kbn1/3pp3/1qp2p1r/pp1Q2pp/3P1B2/P1PK3P/1P1NPPP1/1R3BNR w q - 6 13,white,transmitter_sign_shuffle,1,47,d5g8,h3h4,-1175.0,-225.0,950.0,0,0,41,17,0.0,0.0,,,47,2.272323100012727,143.79653739999048,,0
opening_019_offset_16,opening_019,middle,24,rnb1kbn1/3pp3/1qp2p1r/pp1Q2pp/3P1B2/P1PK3P/1P1NPPP1/1R3BNR w q - 6 13,white,transmitter_sign_shuffle,2,47,d5g8,f4b8,-1042.0,-225.0,817.0,0,0,14,7,0.001920485869050026,0.0005314703509644526,0.13644015759404843,0.11184921897071227,94,4.554249899927527,143.79653739999048,,0
opening_019_offset_16,opening_019,middle,24,rnb1kbn1/3pp3/1qp2p1r/pp1Q2pp/3P1B2/P1PK3P/1P1NPPP1/1R3BNR w q - 6 13,white,transmitter_sign_shuffle,4,47,d5g8,f4b8,-1042.0,-225.0,817.0,0,0,14,11,0.002113515045493841,0.0007550393646256486,0.02844999596039093,0.02410762156046465,188,8.562499799998477,143.79653739999048,,0
opening_019_offset_16,opening_019,middle,24,rnb1kbn1/3pp3/1qp2p1r/pp1Q2pp/3P1B2/P1PK3P/1P1NPPP1/1R3BNR w q - 6 13,white,transmitter_sign_shuffle,8,47,d5g8,f4b8,-1042.0,-225.0,817.0,0,0,14,11,0.0021093753166496754,0.0007886717222634511,0.035215543780239986,0.025962053988192704,376,16.75353859993629,143.79653739999048,,0
opening_019_offset_16,opening_019,middle,24,rnb1kbn1/3pp3/1qp2p1r/pp1Q2pp/3P1B2/P1PK3P/1P1NPPP1/1R3BNR w q - 6 13,white,transmitter_sign_shuffle,16,47,d5g8,f4b8,-1042.0,-225.0,817.0,0,0,14,11,0.0021099220030009747,0.0007899759199493907,0.03648769807115178,0.027816486415920754,752,36.2582085999893,143.79653739999048,,0
opening_019_offset_16,opening_019,middle,24,rnb1kbn1/3pp3/1qp2p1r/pp1Q2pp/3P1B2/P1PK3P/1P1NPPP1/1R3BNR w q - 6 13,white,transmitter_sign_shuffle,32,47,d5g8,f4b8,-1042.0,-225.0,817.0,0,0,14,11,0.0021098009310662746,0.0007899444545499452,0.03648769807115178,0.027816486415920754,1504,77.94816599995829,143.79653739999048,,0
opening_019_offset_16,opening_019,middle,24,rnb1kbn1/3pp3/1qp2p1r/pp1Q2pp/3P1B2/P1PK3P/1P1NPPP1/1R3BNR w q - 6 13,white,transmitter_sign_shuffle,64,47,d5g8,f4b8,-1042.0,-225.0,817.0,0,0,14,11,0.0021098381839692593,0.0007899229803789825,0.03648769807115178,0.027816486415920754,3008,143.52620849991217,143.79653739999048,,0
opening_019_offset_20,opening_019,late,28,rnb1kbn1/3pp3/2p2p1r/ppqQ2p1/3P1B1p/P1P1K1PP/1P1NPP2/1R3BNR w q - 0 15,white,transmitter_sign_shuffle,1,43,d5c5,h1h2,-1169.0,331.0,1500.0,0,0,36,27,0.0,0.0,,,43,2.027580499998294,128.75354319997132,,0
opening_019_offset_20,opening_019,late,28,rnb1kbn1/3pp3/2p2p1r/ppqQ2p1/3P1B1p/P1P1K1PP/1P1NPP2/1R3BNR w q - 0 15,white,transmitter_sign_shuffle,2,43,d5c5,f4b8,-1050.0,331.0,1381.0,0,0,19,6,0.0019205575808882713,0.0004608049193398171,0.10502445683867284,0.0795996139562303,86,3.8770646998891607,128.75354319997132,,0
opening_019_offset_20,opening_019,late,28,rnb1kbn1/3pp3/2p2p1r/ppqQ2p1/3P1B1p/P1P1K1PP/1P1NPP2/1R3BNR w q - 0 15,white,transmitter_sign_shuffle,4,43,d5c5,f4b8,-1050.0,331.0,1381.0,0,0,19,7,0.0021136426366865635,0.0006446383596757166,0.0032471210327245687,-0.002218527752132406,172,7.559384599910118,128.75354319997132,,0
opening_019_offset_20,opening_019,late,28,rnb1kbn1/3pp3/2p2p1r/ppqQ2p1/3P1B1p/P1P1K1PP/1P1NPP2/1R3BNR w q - 0 15,white,transmitter_sign_shuffle,8,43,d5c5,f4b8,-1050.0,331.0,1381.0,0,0,19,7,0.002109435386955738,0.0006747013596667902,-0.00989239198341671,-0.017748222017059247,344,15.323927099932916,128.75354319997132,,0
opening_019_offset_20,opening_019,late,28,rnb1kbn1/3pp3/2p2p1r/ppqQ2p1/3P1B1p/P1P1K1PP/1P1NPP2/1R3BNR w q - 0 15,white,transmitter_sign_shuffle,16,43,d5c5,f4b8,-1050.0,331.0,1381.0,0,0,19,7,0.0021099774166941643,0.0006760553957275812,-0.00989239198341671,-0.017748222017059247,688,31.030554899945855,128.75354319997132,,0
opening_019_offset_20,opening_019,late,28,rnb1kbn1/3pp3/2p2p1r/ppqQ2p1/3P1B1p/P1P1K1PP/1P1NPP2/1R3BNR w q - 0 15,white,transmitter_sign_shuffle,32,43,d5c5,f4b8,-1050.0,331.0,1381.0,0,0,19,7,0.002109854482114315,0.0006760267121016934,-0.00989239198341671,-0.017748222017059247,1376,63.464904099935666,128.75354319997132,,0
opening_019_offset_20,opening_019,late,28,rnb1kbn1/3pp3/2p2p1r/ppqQ2p1/3P1B1p/P1P1K1PP/1P1NPP2/1R3BNR w q - 0 15,white,transmitter_sign_shuffle,64,43,d5c5,f4b8,-1050.0,331.0,1381.0,0,0,19,7,0.0021098931320011616,0.0006759654071909403,-0.00989239198341671,-0.017748222017059247,2752,128.49846359994262,128.75354319997132,,0
opening_019_offset_24,opening_019,late,32,rnb1k1n1/3pp1b1/2p2p2/ppqQ2pr/3PNB1p/P1P1K1PP/1P2PP2/R4BNR w q - 4 17,white,transmitter_sign_shuffle,1,42,e4d6,h1h2,-1016.0,696.0,1712.0,0,0,31,14,0.0,0.0,,,42,2.304764400003478,129.73981719999574,,0
opening_019_offset_24,opening_019,late,32,rnb1k1n1/3pp1b1/2p2p2/ppqQ2pr/3PNB1p/P1P1K1PP/1P2PP2/R4BNR w q - 4 17,white,transmitter_sign_shuffle,2,42,e4d6,f4b8,-902.0,696.0,1598.0,0,0,16,40,0.0019205491989850998,0.00047910076359453167,0.3142417884486491,0.23149811587925453,84,4.198873299988918,129.73981719999574,,0
opening_019_offset_24,opening_019,late,32,rnb1k1n1/3pp1b1/2p2p2/ppqQ2pr/3PNB1p/P1P1K1PP/1P2PP2/R4BNR w q - 4 17,white,transmitter_sign_shuffle,4,42,e4d6,f4b8,-902.0,696.0,1598.0,0,0,16,39,0.002113651018589735,0.0006620267362528085,0.20471675445190582,0.1338769635676891,168,8.292898999992758,129.73981719999574,,0
opening_019_offset_24,opening_019,late,32,rnb1k1n1/3pp1b1/2p2p2/ppqQ2pr/3PNB1p/P1P1K1PP/1P2PP2/R4BNR w q - 4 17,white,transmitter_sign_shuffle,8,42,e4d6,f4b8,-902.0,696.0,1598.0,0,0,16,40,0.0021094707772135735,0.000698229022609744,0.17910689918397144,0.11292230840057255,336,16.267336299992166,129.73981719999574,,0
opening_019_offset_24,opening_019,late,32,rnb1k1n1/3pp1b1/2p2p2/ppqQ2pr/3PNB1p/P1P1K1PP/1P2PP2/R4BNR w q - 4 17,white,transmitter_sign_shuffle,16,42,e4d6,f4b8,-902.0,696.0,1598.0,0,0,16,40,0.0021100174635648727,0.0006990813606778735,0.17894481149240224,0.11059401338200404,672,32.585349899949506,129.73981719999574,,0
opening_019_offset_24,opening_019,late,32,rnb1k1n1/3pp1b1/2p2p2/ppqQ2pr/3PNB1p/P1P1K1PP/1P2PP2/R4BNR w q - 4 17,white,transmitter_sign_shuffle,32,42,e4d6,f4b8,-902.0,696.0,1598.0,0,0,16,40,0.002109900116920471,0.0006990520230151053,0.17894481149240224,0.11059401338200404,1344,66.08957779989578,129.73981719999574,,0
opening_019_offset_24,opening_019,late,32,rnb1k1n1/3pp1b1/2p2p2/ppqQ2pr/3PNB1p/P1P1K1PP/1P2PP2/R4BNR w q - 4 17,white,transmitter_sign_shuffle,64,42,e4d6,f4b8,-902.0,696.0,1598.0,0,0,16,40,0.0021099341101944447,0.0006989936135738515,0.17894481149240224,0.11059401338200404,2688,129.421581099974,129.73981719999574,,0
