step,stage,position_id,selected_move,cp_best,cp_move,regret_cp,raw_signal,running_signal_mean,centered_advantage,applied_advantage,mate_flag,mate_distance,selected_is_teacher_best,control,pass_kind,eligibility_mean_abs,rms_log_ratio,elapsed_s
0,movement,movement_0000,f3a1,100.0,-100.0,200.0,0.07576568547998053,0.0037882842739990264,0.07576568547998053,0.07576568547998053,1,,0,frozen,curriculum,,0.0,777.7286150000291
1,movement,movement_0001,h7a1,100.0,-100.0,200.0,0.07576568547998053,0.007387154334298101,0.0719774012059815,0.0719774012059815,1,,0,frozen,curriculum,,0.0,779.8995576000307
2,movement,movement_0002,b4a1,100.0,-100.0,200.0,0.07576568547998053,0.010806080891582222,0.06837853114568243,0.06837853114568243,1,,0,frozen,curriculum,,0.0,782.4041010999354
3,movement,movement_0003,b4a1,100.0,-100.0,200.0,0.07576568547998053,0.014054061121002137,0.0649596045883983,0.0649596045883983,1,,0,frozen,curriculum,,0.0,785.04182579997
4,movement,movement_0004,g7a1,100.0,100.0,0.0,1.0,0.06335135806495203,0.9859459388789978,0.9859459388789978,1,,1,frozen,curriculum,,0.0,787.492081000004
5,movement,movement_0005,b1a1,100.0,100.0,0.0,1.0,0.11018379016170443,0.9366486419350479,0.9366486419350479,1,,1,frozen,curriculum,,0.0,790.1637023999356
6,movement,movement_0006,b3a1,100.0,-100.0,200.0,0.07576568547998053,0.10846288492761823,-0.034418104681723904,-0.034418104681723904,1,,0,frozen,curriculum,,0.0,791.8225090999622
7,movement,movement_0007,a6a1,100.0,-100.0,200.0,0.07576568547998053,0.10682802495523633,-0.0326971994476377,-0.0326971994476377,1,,0,frozen,curriculum,,0.0,795.3481035999721
8,movement,movement_0008,a5a1,100.0,-100.0,200.0,0.07576568547998053,0.10527490798147353,-0.0310623394752558,-0.0310623394752558,1,,0,frozen,curriculum,,0.0,798.599647999974
9,movement,movement_0009,c3a1,100.0,-100.0,200.0,0.07576568547998053,0.10379944685639887,-0.029509222501493,-0.029509222501493,1,,0,frozen,curriculum,,0.0,800.9859030999942
10,movement,movement_0010,h8a1,100.0,100.0,0.0,1.0,0.14860947451357892,0.8962005531436011,0.8962005531436011,1,,1,frozen,curriculum,,0.0,803.6206123000011
11,movement,movement_0011,g6a1,100.0,-100.0,200.0,0.07576568547998053,0.144967285061899,-0.0728437890335984,-0.0728437890335984,1,,0,frozen,curriculum,,0.0,806.2065394999227
12,movement,movement_0012,b2a1,100.0,-100.0,200.0,0.07576568547998053,0.14150720508280304,-0.06920159958191846,-0.06920159958191846,1,,0,frozen,curriculum,,0.0,807.8383783999598
13,movement,movement_0013,f2a1,100.0,-100.0,200.0,0.07576568547998053,0.1382201291026619,-0.06574151960282251,-0.06574151960282251,1,,0,frozen,curriculum,,0.0,809.8791747000068
14,movement,movement_0014,h4f2,100.0,100.0,0.0,1.0,0.1813091226475288,0.8617798708973381,0.8617798708973381,1,,1,frozen,curriculum,,0.0,812.1250133999856
15,movement,movement_0015,h7a1,100.0,-100.0,200.0,0.07576568547998053,0.17603195078915138,-0.10554343716754827,-0.10554343716754827,1,,0,frozen,curriculum,,0.0,814.5061856999528
16,movement,movement_0016,c7a1,100.0,-100.0,200.0,0.07576568547998053,0.1710186375236928,-0.10026626530917085,-0.10026626530917085,1,,0,frozen,curriculum,,0.0,816.7622194000287
17,movement,movement_0017,b5a1,100.0,-100.0,200.0,0.07576568547998053,0.1662559899215072,-0.09525295204371229,-0.09525295204371229,1,,0,frozen,curriculum,,0.0,819.087351599941
18,movement,movement_0018,g5a1,100.0,-100.0,200.0,0.07576568547998053,0.16173147469943086,-0.09049030444152667,-0.09049030444152667,1,,0,frozen,curriculum,,0.0,820.5598056999734
19,movement,movement_0019,a4a1,100.0,-100.0,200.0,0.07576568547998053,0.15743318523845834,-0.08596578921945033,-0.08596578921945033,1,,0,frozen,curriculum,,0.0,822.7039125999436
20,movement,movement_0020,f4a1,100.0,-100.0,200.0,0.07576568547998053,0.15334981025053443,-0.08166749975847781,-0.08166749975847781,1,,0,frozen,curriculum,,0.0,825.1495570000261
21,movement,movement_0021,h1a1,100.0,-100.0,200.0,0.07576568547998053,0.14947060401200674,-0.0775841247705539,-0.0775841247705539,1,,0,frozen,curriculum,,0.0,827.1064800999593
22,movement,movement_0022,f6a1,100.0,100.0,0.0,1.0,0.1919970738114064,0.8505293959879933,0.8505293959879933,1,,1,frozen,curriculum,,0.0,829.10091249994
23,movement,movement_0023,a6a1,100.0,-100.0,200.0,0.07576568547998053,0.18618550439483508,-0.11623138833142588,-0.11623138833142588,1,,0,frozen,curriculum,,0.0,831.3262281999923
24,movement,movement_0024,h2a1,100.0,-100.0,200.0,0.07576568547998053,0.18066451344909235,-0.11041981891485456,-0.11041981891485456,1,,0,frozen,curriculum,,0.0,832.8168683999684
25,movement,movement_0025,c8a1,100.0,-100.0,200.0,0.07576568547998053,0.17541957205063674,-0.10489882796911182,-0.10489882796911182,1,,0,frozen,curriculum,,0.0,834.8610840999754
26,movement,movement_0026,b2a1,100.0,100.0,0.0,1.0,0.2166485934481049,0.8245804279493633,0.8245804279493633,1,,1,frozen,curriculum,,0.0,836.9455172999296
27,movement,movement_0027,h3a1,100.0,-100.0,200.0,0.07576568547998053,0.20960444804969866,-0.14088290796812436,-0.14088290796812436,1,,0,frozen,curriculum,,0.0,839.2371806999436
28,movement,movement_0028,c3a1,100.0,100.0,0.0,1.0,0.2491242256472137,0.7903955519503013,0.7903955519503013,1,,1,frozen,curriculum,,0.0,841.2683432999766
29,movement,movement_0029,c1a1,100.0,-100.0,200.0,0.07576568547998053,0.24045629863885204,-0.17335854016723318,-0.17335854016723318,1,,0,frozen,curriculum,,0.0,843.5355286999838
30,movement,movement_0030,f4a1,100.0,-100.0,200.0,0.07576568547998053,0.23222176798090846,-0.1646906131588715,-0.1646906131588715,1,,0,frozen,curriculum,,0.0,844.8883822999196
31,movement,movement_0031,h7a1,100.0,-100.0,200.0,0.07576568547998053,0.22439896385586205,-0.15645608250092793,-0.15645608250092793,1,,0,frozen,curriculum,,0.0,846.7162321999203
32,movement,movement_0032,f6a1,100.0,100.0,0.0,1.0,0.26317901566306895,0.7756010361441379,0.7756010361441379,1,,1,frozen,curriculum,,0.0,848.8368060999783
33,movement,movement_0033,b4a1,100.0,-100.0,200.0,0.07576568547998053,0.25380834915391454,-0.18741333018308842,-0.18741333018308842,1,,0,frozen,curriculum,,0.0,851.219533400028
34,movement,movement_0034,g3a1,100.0,-100.0,200.0,0.07576568547998053,0.2449062159702178,-0.178042663673934,-0.178042663673934,1,,0,frozen,curriculum,,0.0,853.5969894999871
35,movement,movement_0035,c7a1,100.0,-100.0,200.0,0.07576568547998053,0.23644918944570592,-0.16914053049023728,-0.16914053049023728,1,,0,frozen,curriculum,,0.0,855.674826100003
36,movement,movement_0036,f2a1,100.0,-100.0,200.0,0.07576568547998053,0.22841501424741964,-0.1606835039657254,-0.1606835039657254,1,,0,frozen,curriculum,,0.0,857.0991646000184
37,movement,movement_0037,d5a1,100.0,-100.0,200.0,0.07576568547998053,0.22078254780904766,-0.1526493287674391,-0.1526493287674391,1,,0,frozen,curriculum,,0.0,859.3301298000151
38,movement,movement_0038,d8a1,100.0,-100.0,200.0,0.07576568547998053,0.21353170469259428,-0.14501686232906713,-0.14501686232906713,1,,0,frozen,curriculum,,0.0,861.6036843999755
39,movement,movement_0039,f3a1,100.0,-100.0,200.0,0.07576568547998053,0.20664340373196358,-0.13776601921261375,-0.13776601921261375,1,,0,frozen,curriculum,,0.0,863.9515294999583
40,movement,movement_0040,b3a1,100.0,-100.0,200.0,0.07576568547998053,0.20009951781936441,-0.13087771825198305,-0.13087771825198305,1,,0,frozen,curriculum,,0.0,866.0089013000252
41,movement,movement_0041,g1f2,100.0,100.0,0.0,1.0,0.2400945419283962,0.7999004821806356,0.7999004821806356,1,,1,frozen,curriculum,,0.0,868.2546995999292
42,movement,movement_0042,a5a1,100.0,-100.0,200.0,0.07576568547998053,0.2318780991059754,-0.16432885644841566,-0.16432885644841566,1,,0,frozen,curriculum,,0.0,870.2692282999633
43,movement,movement_0043,b3a1,100.0,100.0,0.0,1.0,0.2702841941506766,0.7681219008940245,0.7681219008940245,1,,1,frozen,curriculum,,0.0,873.2333514000056
44,movement,movement_0044,e2a1,100.0,-100.0,200.0,0.07576568547998053,0.26055826871714177,-0.1945185086706961,-0.1945185086706961,1,,0,frozen,curriculum,,0.0,875.6562371000182
45,movement,movement_0045,d4a1,100.0,-100.0,200.0,0.07576568547998053,0.2513186395552837,-0.18479258323716125,-0.18479258323716125,1,,0,frozen,curriculum,,0.0,877.8834663999733
46,movement,movement_0046,e2a1,100.0,-100.0,200.0,0.07576568547998053,0.24254099185151853,-0.1755529540753032,-0.1755529540753032,1,,0,frozen,curriculum,,0.0,880.0262929999735
47,movement,movement_0047,f3f2,100.0,100.0,0.0,1.0,0.2804139422589426,0.7574590081484814,0.7574590081484814,1,,1,frozen,curriculum,,0.0,882.1153144999407
48,movement,movement_0048,a2a1,100.0,-100.0,200.0,0.07576568547998053,0.2701815294199945,-0.2046482567789621,-0.2046482567789621,1,,0,frozen,curriculum,,0.0,883.6679433999816
49,movement,movement_0049,d5a1,100.0,-100.0,200.0,0.07576568547998053,0.2604607372229938,-0.194415843940014,-0.194415843940014,1,,0,frozen,curriculum,,0.0,886.2077995999716
50,movement,movement_0050,h5a1,100.0,-100.0,200.0,0.07576568547998053,0.2512259846358431,-0.18469505174301326,-0.18469505174301326,1,,0,frozen,curriculum,,0.0,888.4269911999581
51,movement,movement_0051,d8a1,100.0,-100.0,200.0,0.07576568547998053,0.24245296967804997,-0.1754602991558626,-0.1754602991558626,1,,0,frozen,curriculum,,0.0,890.6486001999583
52,movement,movement_0052,f2a1,100.0,-100.0,200.0,0.07576568547998053,0.23411860546814647,-0.16668728419806944,-0.16668728419806944,1,,0,frozen,curriculum,,0.0,892.9497449999908
53,movement,movement_0053,a1d1,100.0,-100.0,200.0,0.07576568547998053,0.22620095946873817,-0.15835291998816595,-0.15835291998816595,1,,0,frozen,curriculum,,0.0,894.7088624000316
54,movement,movement_0054,a2a1,100.0,-100.0,200.0,0.07576568547998053,0.21867919576930026,-0.15043527398875764,-0.15043527398875764,1,,0,frozen,curriculum,,0.0,896.6033816999989
55,movement,movement_0055,d7a1,100.0,-100.0,200.0,0.07576568547998053,0.21153352025483427,-0.14291351028931973,-0.14291351028931973,1,,0,frozen,curriculum,,0.0,898.7328730999725
56,movement,movement_0056,a5a1,100.0,-100.0,200.0,0.07576568547998053,0.20474512851609156,-0.13576783477485374,-0.13576783477485374,1,,0,frozen,curriculum,,0.0,900.8203740000026
57,movement,movement_0057,g3a1,100.0,-100.0,200.0,0.07576568547998053,0.198296156364286,-0.12897944303611103,-0.12897944303611103,1,,0,frozen,curriculum,,0.0,902.9799063999671
58,movement,movement_0058,f5a1,100.0,-100.0,200.0,0.07576568547998053,0.1921696328200707,-0.12253047088430546,-0.12253047088430546,1,,0,frozen,curriculum,,0.0,905.1035871999338
59,movement,movement_0059,h2a1,100.0,-100.0,200.0,0.07576568547998053,0.18634943545306618,-0.11640394734009019,-0.11640394734009019,1,,0,frozen,curriculum,,0.0,907.261548899929
60,movement,movement_0060,e3a1,100.0,-100.0,200.0,0.07576568547998053,0.18082024795441187,-0.11058374997308565,-0.11058374997308565,1,,0,frozen,curriculum,,0.0,908.7444495999953
61,movement,movement_0061,e5a1,100.0,-100.0,200.0,0.07576568547998053,0.1755675198306903,-0.10505456247443135,-0.10505456247443135,1,,0,frozen,curriculum,,0.0,910.9357699999819
62,movement,movement_0062,c7a1,100.0,-100.0,200.0,0.07576568547998053,0.1705774281131548,-0.09980183435070977,-0.09980183435070977,1,,0,frozen,curriculum,,0.0,913.0725669999374
63,movement,movement_0063,b4a1,100.0,-100.0,200.0,0.07576568547998053,0.16583684098149606,-0.09481174263317427,-0.09481174263317427,1,,0,frozen,curriculum,,0.0,915.1290059000021
64,movement,movement_0064,a6a1,100.0,100.0,0.0,1.0,0.20754499893242123,0.8341631590185039,0.8341631590185039,1,,1,frozen,curriculum,,0.0,917.389754600008
65,movement,movement_0065,f4a1,100.0,-100.0,200.0,0.07576568547998053,0.2009560332597992,-0.1317793134524407,-0.1317793134524407,1,,0,frozen,curriculum,,0.0,919.7100293999538
66,movement,movement_0066,h6a1,100.0,-100.0,200.0,0.07576568547998053,0.19469651587080825,-0.12519034777981866,-0.12519034777981866,1,,0,frozen,curriculum,,0.0,921.0050646000309
67,movement,movement_0067,b7a1,100.0,-100.0,200.0,0.07576568547998053,0.18874997435126684,-0.11893083039082772,-0.11893083039082772,1,,0,frozen,curriculum,,0.0,922.987478199997
68,movement,movement_0068,g7a1,100.0,100.0,0.0,1.0,0.2293124756337035,0.8112500256487332,0.8112500256487332,1,,1,frozen,curriculum,,0.0,925.6714360999176
69,movement,movement_0069,h8a1,100.0,-100.0,200.0,0.07576568547998053,0.22163513612601732,-0.15354679015372297,-0.15354679015372297,1,,0,frozen,curriculum,,0.0,927.7236341999378
70,movement,movement_0070,f7a1,100.0,-100.0,200.0,0.07576568547998053,0.21434166359371545,-0.1458694506460368,-0.1458694506460368,1,,0,frozen,curriculum,,0.0,929.9376445999369
71,movement,movement_0071,a7a1,100.0,-100.0,200.0,0.07576568547998053,0.2074128646880287,-0.13857597811373493,-0.13857597811373493,1,,0,frozen,curriculum,,0.0,932.1747972000157
72,movement,movement_0072,f7a1,100.0,-100.0,200.0,0.07576568547998053,0.20083050572762626,-0.13164717920804817,-0.13164717920804817,1,,0,frozen,curriculum,,0.0,934.3538590000244
73,movement,movement_0073,h4g6,100.0,100.0,0.0,1.0,0.24078898044124492,0.7991694942723737,0.7991694942723737,1,,1,frozen,curriculum,,0.0,936.2664486999856
74,movement,movement_0074,e4a1,100.0,-100.0,200.0,0.07576568547998053,0.2325378156931817,-0.1650232949612644,-0.1650232949612644,1,,0,frozen,curriculum,,0.0,938.3508422999876
75,movement,movement_0075,g1a1,100.0,-100.0,200.0,0.07576568547998053,0.22469920918252162,-0.15677213021320116,-0.15677213021320116,1,,0,frozen,curriculum,,0.0,940.7414272000315
76,movement,movement_0076,g2a1,100.0,-100.0,200.0,0.07576568547998053,0.21725253299739455,-0.1489335237025411,-0.1489335237025411,1,,0,frozen,curriculum,,0.0,942.8170381999807
77,movement,movement_0077,f5a1,100.0,-100.0,200.0,0.07576568547998053,0.21017819062152385,-0.14148684751741403,-0.14148684751741403,1,,0,frozen,curriculum,,0.0,944.872931299964
78,movement,movement_0078,a3a1,100.0,-100.0,200.0,0.07576568547998053,0.20345756536444667,-0.13441250514154332,-0.13441250514154332,1,,0,frozen,curriculum,,0.0,946.2025890999939
79,movement,movement_0079,f5a1,100.0,-100.0,200.0,0.07576568547998053,0.19707297137022337,-0.12769187988446615,-0.12769187988446615,1,,0,frozen,curriculum,,0.0,948.3310733999824
80,movement,movement_0080,e4a1,100.0,-100.0,200.0,0.07576568547998053,0.1910076070757112,-0.12130728589024284,-0.12130728589024284,1,,0,frozen,curriculum,,0.0,950.4151648000116
81,movement,movement_0081,f4a1,100.0,-100.0,200.0,0.07576568547998053,0.18524551099592465,-0.11524192159573068,-0.11524192159573068,1,,0,frozen,curriculum,,0.0,952.6156490999274
82,movement,movement_0082,f1a1,100.0,-100.0,200.0,0.07576568547998053,0.17977151972012742,-0.10947982551594412,-0.10947982551594412,1,,0,frozen,curriculum,,0.0,955.2525197999785
83,movement,movement_0083,g7g6,100.0,100.0,0.0,1.0,0.22078294373412105,0.8202284802798726,0.8202284802798726,1,,1,frozen,curriculum,,0.0,957.7502534999512
84,movement,movement_0084,a5a1,100.0,-100.0,200.0,0.07576568547998053,0.213532080821414,-0.14501725825414052,-0.14501725825414052,1,,0,frozen,curriculum,,0.0,959.2255836999975
85,movement,movement_0085,d2a1,100.0,-100.0,200.0,0.07576568547998053,0.20664376105434232,-0.13776639534143348,-0.13776639534143348,1,,0,frozen,curriculum,,0.0,961.6013436999638
86,movement,movement_0086,c3a1,100.0,100.0,0.0,1.0,0.2463115730016252,0.7933562389456577,0.7933562389456577,1,,1,frozen,curriculum,,0.0,964.1828087000176
87,movement,movement_0087,c2a1,100.0,-100.0,200.0,0.07576568547998053,0.23778427862554297,-0.17054588752164468,-0.17054588752164468,1,,0,frozen,curriculum,,0.0,966.3192582000047
88,movement,movement_0088,c3a1,100.0,100.0,0.0,1.0,0.27589506469426583,0.762215721374457,0.762215721374457,1,,1,frozen,curriculum,,0.0,968.3550565999467
89,movement,movement_0089,a2a1,100.0,100.0,0.0,1.0,0.3121003114595525,0.7241049353057342,0.7241049353057342,1,,1,frozen,curriculum,,0.0,970.457692499971
90,movement,movement_0090,h2a1,100.0,-100.0,200.0,0.07576568547998053,0.3002835801605739,-0.236334625979572,-0.236334625979572,1,,0,frozen,curriculum,,0.0,972.4591480999952
91,movement,movement_0091,a1b3,100.0,100.0,0.0,1.0,0.33526940115254517,0.6997164198394261,0.6997164198394261,1,,1,frozen,curriculum,,0.0,974.1549952999922
92,movement,movement_0092,d6a1,100.0,-100.0,200.0,0.07576568547998053,0.3222942153689169,-0.25950371567256464,-0.25950371567256464,1,,0,frozen,curriculum,,0.0,976.4755728000309
93,movement,movement_0093,a4a1,100.0,100.0,0.0,1.0,0.35617950460047104,0.6777057846310831,0.6777057846310831,1,,1,frozen,curriculum,,0.0,978.8638201999711
94,movement,movement_0094,g2a1,100.0,-100.0,200.0,0.07576568547998053,0.3421588136444465,-0.2804138191204905,-0.2804138191204905,1,,0,frozen,curriculum,,0.0,980.9885685999179
95,movement,movement_0095,g5g6,100.0,100.0,0.0,1.0,0.37505087296222417,0.6578411863555536,0.6578411863555536,1,,1,frozen,curriculum,,0.0,983.0273358999984
96,movement,movement_0096,c2a1,100.0,-100.0,200.0,0.07576568547998053,0.36008661358811195,-0.29928518748224364,-0.29928518748224364,1,,0,frozen,curriculum,,0.0,984.559476400027
97,movement,movement_0097,b8a1,100.0,-100.0,200.0,0.07576568547998053,0.34587056718270537,-0.2843209281081314,-0.2843209281081314,1,,0,frozen,curriculum,,0.0,986.448461299995
98,movement,movement_0098,c3a1,100.0,100.0,0.0,1.0,0.3785770388235701,0.6541294328172946,0.6541294328172946,1,,1,frozen,curriculum,,0.0,988.5200484999223
99,movement,movement_0099,c3a1,100.0,-100.0,200.0,0.07576568547998053,0.36343647115639055,-0.30281135334358955,-0.30281135334358955,1,,0,frozen,curriculum,,0.0,990.6757624000311
100,movement,movement_0100,d2a1,100.0,-100.0,200.0,0.07576568547998053,0.34905293187257,-0.28767078567641,-0.28767078567641,1,,0,frozen,curriculum,,0.0,992.8322913999436
101,movement,movement_0101,a7a1,100.0,-100.0,200.0,0.07576568547998053,0.33538856955294055,-0.2732872463925895,-0.2732872463925895,1,,0,frozen,curriculum,,0.0,995.086779300007
102,movement,movement_0102,a2a1,100.0,-100.0,200.0,0.07576568547998053,0.3224074253492925,-0.25962288407296,-0.25962288407296,1,,0,frozen,curriculum,,0.0,996.7527929999633
103,movement,movement_0103,f4a1,100.0,-100.0,200.0,0.07576568547998053,0.3100753383558269,-0.24664173986931198,-0.24664173986931198,1,,0,frozen,curriculum,,0.0,998.7162867999868
104,movement,movement_0104,d6a1,100.0,-100.0,200.0,0.07576568547998053,0.29835985571203455,-0.23430965287584637,-0.23430965287584637,1,,0,frozen,curriculum,,0.0,1000.7808963999851
105,movement,movement_0105,h8a1,100.0,-100.0,200.0,0.07576568547998053,0.28723014720043183,-0.22259417023205402,-0.22259417023205402,1,,0,frozen,curriculum,,0.0,1003.2302241999423
106,movement,movement_0106,f1a1,100.0,-100.0,200.0,0.07576568547998053,0.27665692411440923,-0.2114644617204513,-0.2114644617204513,1,,0,frozen,curriculum,,0.0,1005.3070985999657
107,movement,movement_0107,a2a1,100.0,100.0,0.0,1.0,0.31282407790868877,0.7233430758855908,0.7233430758855908,1,,1,frozen,curriculum,,0.0,1007.2663737999974
108,movement,movement_0108,c4a1,100.0,-100.0,200.0,0.07576568547998053,0.30097115828725335,-0.23705839242870824,-0.23705839242870824,1,,0,frozen,curriculum,,0.0,1008.7044088999974
109,movement,movement_0109,d2a1,100.0,-100.0,200.0,0.07576568547998053,0.2897108846468897,-0.22520547280727282,-0.22520547280727282,1,,0,frozen,curriculum,,0.0,1011.1966544999741
110,movement,movement_0110,e5a1,100.0,100.0,0.0,1.0,0.3252253404145452,0.7102891153531103,0.7102891153531103,1,,1,frozen,curriculum,,0.0,1013.4747698999709
111,movement,movement_0111,b3a1,100.0,-100.0,200.0,0.07576568547998053,0.31275235766781695,-0.24945965493456468,-0.24945965493456468,1,,0,frozen,curriculum,,0.0,1015.8181651999475
112,movement,movement_0112,c6a1,100.0,-100.0,200.0,0.07576568547998053,0.3009030240584251,-0.23698667218783642,-0.23698667218783642,1,,0,frozen,curriculum,,0.0,1018.3648552999366
113,movement,movement_0113,g7g6,100.0,100.0,0.0,1.0,0.33585787285550384,0.6990969759415748,0.6990969759415748,1,,1,frozen,curriculum,,0.0,1020.8167095999233
114,movement,movement_0114,d2a1,100.0,-100.0,200.0,0.07576568547998053,0.32285326348672766,-0.2600921873755233,-0.2600921873755233,1,,0,frozen,curriculum,,0.0,1023.2390486999648
115,movement,movement_0115,h6a1,100.0,-100.0,200.0,0.07576568547998053,0.3104988845863903,-0.24708757800674713,-0.24708757800674713,1,,0,frozen,curriculum,,0.0,1025.4000035999343
116,movement,movement_0116,a3a1,100.0,-100.0,200.0,0.07576568547998053,0.2987622246310698,-0.23473319910640977,-0.23473319910640977,1,,0,frozen,curriculum,,0.0,1027.7647314999485
117,movement,movement_0117,c5a1,100.0,-100.0,200.0,0.07576568547998053,0.2876123976735153,-0.22299653915108925,-0.22299653915108925,1,,0,frozen,curriculum,,0.0,1030.025231699925
118,movement,movement_0118,h2a1,100.0,-100.0,200.0,0.07576568547998053,0.27702006206383856,-0.2118467121935348,-0.2118467121935348,1,,0,frozen,curriculum,,0.0,1032.2916325000115
119,movement,movement_0119,f6a1,100.0,-100.0,200.0,0.07576568547998053,0.26695734323464565,-0.20125437658385803,-0.20125437658385803,1,,0,frozen,curriculum,,0.0,1034.6413513999432
120,movement,movement_0120,d5a1,100.0,-100.0,200.0,0.07576568547998053,0.25739776034691236,-0.19119165775466512,-0.19119165775466512,1,,0,frozen,curriculum,,0.0,1036.0900117999408
121,movement,movement_0121,g7a1,100.0,-100.0,200.0,0.07576568547998053,0.24831615660356576,-0.18163207486693184,-0.18163207486693184,1,,0,frozen,curriculum,,0.0,1038.0212469999678
122,movement,movement_0122,d4a1,100.0,100.0,0.0,1.0,0.2859003487733875,0.7516838433964342,0.7516838433964342,1,,1,frozen,curriculum,,0.0,1040.4200868000044
123,movement,movement_0123,g2a1,100.0,-100.0,200.0,0.07576568547998053,0.2753936156087171,-0.21013466329340696,-0.21013466329340696,1,,0,frozen,curriculum,,0.0,1043.1351763999555
124,movement,movement_0124,c5a1,100.0,-100.0,200.0,0.07576568547998053,0.26541221910228024,-0.19962793012873659,-0.19962793012873659,1,,0,frozen,curriculum,,0.0,1045.5282819999848
125,movement,movement_0125,g6a1,100.0,-100.0,200.0,0.07576568547998053,0.25592989242116526,-0.18964653362229972,-0.18964653362229972,1,,0,frozen,curriculum,,0.0,1047.8965729000047
126,movement,movement_0126,f5a1,100.0,-100.0,200.0,0.07576568547998053,0.246921682074106,-0.18016420694118473,-0.18016420694118473,1,,0,frozen,curriculum,,0.0,1049.4371832999168
127,movement,movement_0127,b7a1,100.0,-100.0,200.0,0.07576568547998053,0.23836388224439972,-0.17115599659412548,-0.17115599659412548,1,,0,frozen,curriculum,,0.0,1051.4341722999234
128,movement,movement_0128,f7a1,100.0,-100.0,200.0,0.07576568547998053,0.23023397240617874,-0.1625981967644192,-0.1625981967644192,1,,0,frozen,curriculum,,0.0,1054.0019914000295
129,movement,movement_0129,b6a1,100.0,-100.0,200.0,0.07576568547998053,0.2225105580598688,-0.1544682869261982,-0.1544682869261982,1,,0,frozen,curriculum,,0.0,1056.593260099995
130,movement,movement_0130,c7a1,100.0,-100.0,200.0,0.07576568547998053,0.21517331443087437,-0.14674487257988827,-0.14674487257988827,1,,0,frozen,curriculum,,0.0,1059.3875569999218
131,movement,movement_0131,g2f2,100.0,100.0,0.0,1.0,0.25441464870933067,0.7848266855691256,0.7848266855691256,1,,1,frozen,curriculum,,0.0,1061.8374919999624
132,movement,movement_0132,e2a1,100.0,-100.0,200.0,0.07576568547998053,0.24548220054786316,-0.17864896322935014,-0.17864896322935014,1,,0,frozen,curriculum,,0.0,1063.6510752999457
133,movement,movement_0133,c8a1,100.0,-100.0,200.0,0.07576568547998053,0.236996374794469,-0.16971651506788263,-0.16971651506788263,1,,0,frozen,curriculum,,0.0,1065.930109399953
134,movement,movement_0134,b8a1,100.0,-100.0,200.0,0.07576568547998053,0.22893484032874456,-0.16123068931448847,-0.16123068931448847,1,,0,frozen,curriculum,,0.0,1068.4640241999878
135,movement,movement_0135,d3a1,100.0,-100.0,200.0,0.07576568547998053,0.22127638258630633,-0.15316915484876403,-0.15316915484876403,1,,0,frozen,curriculum,,0.0,1070.9565180999925
136,movement,movement_0136,f7a1,100.0,-100.0,200.0,0.07576568547998053,0.21400084773099,-0.1455106971063258,-0.1455106971063258,1,,0,frozen,curriculum,,0.0,1073.6994599999161
137,movement,movement_0137,c5a1,100.0,-100.0,200.0,0.07576568547998053,0.20708908961843953,-0.13823516225100949,-0.13823516225100949,1,,0,frozen,curriculum,,0.0,1076.2592337999959
138,movement,movement_0138,g3a1,100.0,-100.0,200.0,0.07576568547998053,0.20052291941151656,-0.131323404138459,-0.131323404138459,1,,0,frozen,curriculum,,0.0,1077.845882399939
139,movement,movement_0139,b4a1,100.0,-100.0,200.0,0.07576568547998053,0.19428505771493976,-0.12475723393153604,-0.12475723393153604,1,,0,frozen,curriculum,,0.0,1080.4797470999183
140,movement,movement_0140,h5a1,100.0,-100.0,200.0,0.07576568547998053,0.18835908910319177,-0.11851937223495923,-0.11851937223495923,1,,0,frozen,curriculum,,0.0,1082.9819856999675
141,movement,movement_0141,d7a1,100.0,-100.0,200.0,0.07576568547998053,0.18272941892203118,-0.11259340362321124,-0.11259340362321124,1,,0,frozen,curriculum,,0.0,1085.7270907999482
142,movement,movement_0142,d7a1,100.0,-100.0,200.0,0.07576568547998053,0.17738123224992863,-0.10696373344205065,-0.10696373344205065,1,,0,frozen,curriculum,,0.0,1088.6295996999834
143,movement,movement_0143,a3a1,100.0,-100.0,200.0,0.07576568547998053,0.17230045491143123,-0.1016155467699481,-0.1016155467699481,1,,0,frozen,curriculum,,0.0,1091.133676999947
144,endgames,endgames_0000,h3b3,724.0,711.0,13.0,0.9350228757517102,0.21043657595344517,0.762722420840279,0.762722420840279,1,,0,frozen,curriculum,,0.0,1170.7792857999448
145,endgames,endgames_0001,e2d1,99994.0,99990.0,4.0,0.9800006666400011,0.24891478048777296,0.769564090686556,0.769564090686556,1,10.0,0,frozen,curriculum,,0.0,1171.9405638999306
146,endgames,endgames_0002,c4b3,607.0,598.0,9.0,0.9550075922125807,0.2842194210740133,0.7060928117248078,0.7060928117248078,1,,0,frozen,curriculum,,0.0,1173.0404903999297
147,endgames,endgames_0003,c8c2,99992.0,99992.0,0.0,1.0,0.32000845002031264,0.7157805789259867,0.7157805789259867,1,8.0,1,frozen,curriculum,,0.0,1174.2111212000018
148,endgames,endgames_0004,c4b3,572.0,572.0,0.0,1.0,0.354008027519297,0.6799915499796874,0.6799915499796874,1,,1,frozen,curriculum,,0.0,1175.3955675999168
149,endgames,endgames_0005,b6b3,412.0,409.0,3.0,0.985000281243672,0.38555764020551575,0.6309922537243751,0.6309922537243751,1,,0,frozen,curriculum,,0.0,1176.4731592999306
150,endgames,endgames_0006,d8c7,617.0,617.0,0.0,1.0,0.41627975819523994,0.6144423597944842,0.6144423597944842,1,,1,frozen,curriculum,,0.0,1177.5201148999622
151,endgames,endgames_0007,c6c2,439.0,380.0,59.0,0.7071209092806605,0.43082181574951095,0.2908411510854206,0.2908411510854206,1,,0,frozen,curriculum,,0.0,1178.6244141999632
152,endgames,endgames_0008,a8a7,588.0,585.0,3.0,0.985000281243672,0.458530739024219,0.554178465494161,0.554178465494161,1,,0,frozen,curriculum,,0.0,1179.6768369999481
153,endgames,endgames_0009,b4b3,396.0,394.0,2.0,0.9900000833325,0.485104206239633,0.531469344308281,0.531469344308281,1,,0,frozen,curriculum,,0.0,1180.7664530000184
154,endgames,endgames_0010,f6g6,548.0,541.0,7.0,0.9650035724790387,0.5090991745516033,0.47989936623940566,0.47989936623940566,1,,0,frozen,curriculum,,0.0,1181.9047475999687
155,endgames,endgames_0011,a6a1,649.0,646.0,3.0,0.985000281243672,0.5328942298862067,0.47590110669206875,0.47590110669206875,1,,0,frozen,curriculum,,0.0,1183.0214380000252
156,endgames,endgames_0012,b1a1,450.0,8.0,442.0,-0.6045757072873226,0.47602073302753023,-1.1374699371735293,-1.1374699371735293,1,,0,frozen,curriculum,,0.0,1184.0387686999748
157,endgames,endgames_0013,f3f2,674.0,661.0,13.0,0.9350228757517102,0.4989708401637392,0.45900214272417994,0.45900214272417994,1,,0,frozen,curriculum,,0.0,1185.1324377999408
158,endgames,endgames_0014,c6c7,-3.0,-6.0,3.0,0.985000281243672,0.5232723122177358,0.4860294410799328,0.4860294410799328,1,,0,frozen,curriculum,,0.0,1186.3276880999329
159,endgames,endgames_0015,h4g4,85.0,85.0,0.0,1.0,0.547108696606849,0.47672768778226415,0.47672768778226415,1,,1,frozen,curriculum,,0.0,1187.5745773999952
160,endgames,endgames_0016,a3b3,621.0,612.0,9.0,0.9550075922125807,0.5675036413871355,0.40789889560573167,0.40789889560573167,1,,0,frozen,curriculum,,0.0,1188.7850351999514
161,endgames,endgames_0017,d8e8,430.0,412.0,18.0,0.9100607008327996,0.5846314943594186,0.34255705944566406,0.34255705944566406,1,,0,frozen,curriculum,,0.0,1189.95786710002
162,endgames,endgames_0018,h8g7,648.0,648.0,0.0,1.0,0.6053999196414477,0.41536850564058136,0.41536850564058136,1,,1,frozen,curriculum,,0.0,1191.0494084999664
163,endgames,endgames_0019,f5c2,670.0,629.0,41.0,0.7957149227706322,0.6149156697979069,0.19031500312918448,0.19031500312918448,1,,0,frozen,curriculum,,0.0,1192.1012823999627
164,endgames,endgames_0020,a2a1,99993.0,99991.0,2.0,0.9900000833325,0.6336698904746366,0.3750844135345931,0.3750844135345931,1,9.0,0,frozen,curriculum,,0.0,1193.2049799999222
165,endgames,endgames_0021,h7g6,162.0,162.0,0.0,1.0,0.6519863959509048,0.3663301095253634,0.3663301095253634,1,,1,frozen,curriculum,,0.0,1194.3810665999772
166,endgames,endgames_0022,f5a5,3408.0,615.0,2793.0,-0.9999965554128465,0.5693872483827171,-1.6519829513637512,-1.6519829513637512,1,,0,frozen,curriculum,,0.0,1195.7351247000042
167,endgames,endgames_0023,c2b3,467.0,407.0,60.0,0.7022299327533641,0.5760293826012495,0.13284268437064695,0.13284268437064695,1,,0,frozen,curriculum,,0.0,1197.0481229999568
168,endgames,endgames_0024,e6d5,700.0,690.0,10.0,0.9500104140631587,0.5947284341743448,0.3739810314619092,0.3739810314619092,1,,0,frozen,curriculum,,0.0,1198.4196469000308
169,endgames,endgames_0025,e3b3,401.0,374.0,27.0,0.8652046582683968,0.6082522453790474,0.2704762240940519,0.2704762240940519,1,,0,frozen,curriculum,,0.0,1199.7116621999303
170,endgames,endgames_0026,h4g4,611.0,611.0,0.0,1.0,0.627839633110095,0.39174775462095257,0.39174775462095257,1,,1,frozen,curriculum,,0.0,1201.0928764999844
171,endgames,endgames_0027,c5c6,99997.0,99997.0,0.0,1.0,0.6464476514545903,0.37216036688990495,0.37216036688990495,1,3.0,1,frozen,curriculum,,0.0,1202.4284125999548
172,endgames,endgames_0028,c7c6,577.0,577.0,0.0,1.0,0.6641252688818607,0.35355234854540973,0.35355234854540973,1,,1,frozen,curriculum,,0.0,1203.601830999949
173,endgames,endgames_0029,a3a4,-2.0,-7.0,5.0,0.9750013020019582,0.6796690705378656,0.3108760331200975,0.3108760331200975,1,,0,frozen,curriculum,,0.0,1204.8749053999782
174,endgames,endgames_0030,a6a1,378.0,354.0,24.0,0.880143792941713,0.6896928066580579,0.20047472240384734,0.20047472240384734,1,,0,frozen,curriculum,,0.0,1206.0823253999697
175,endgames,endgames_0031,g3f2,81.0,79.0,2.0,0.9900000833325,0.70470817049178,0.3003072766744421,0.3003072766744421,1,,0,frozen,curriculum,,0.0,1207.1160484999418
176,endgames,endgames_0032,e5e6,396.0,396.0,0.0,1.0,0.719472761967191,0.29529182950821997,0.29529182950821997,1,,1,frozen,curriculum,,0.0,1208.1514229000313
177,endgames,endgames_0033,c1b2,412.0,124.0,288.0,-0.23381860575413005,0.6718081935811249,-0.9532913677213211,-0.9532913677213211,1,,0,frozen,curriculum,,0.0,1209.1601562999422
178,endgames,endgames_0034,b8a7,640.0,587.0,53.0,0.7365399884180733,0.6750447833229722,0.06473179483694846,0.06473179483694846,1,,0,frozen,curriculum,,0.0,1210.1697361000115
179,endgames,endgames_0035,b6b3,677.0,677.0,0.0,1.0,0.6912925441568236,0.32495521667702776,0.32495521667702776,1,,1,frozen,curriculum,,0.0,1211.1940815999405
180,endgames,endgames_0036,d2b2,627.0,559.0,68.0,0.6632379082583706,0.6898898123619008,-0.02805463589845303,-0.02805463589845303,1,,0,frozen,curriculum,,0.0,1212.2485892999684
181,endgames,endgames_0037,d4b4,435.0,419.0,16.0,0.9200426393776728,0.7013974537126895,0.230152827015772,0.230152827015772,1,,0,frozen,curriculum,,0.0,1213.4137489999412
182,endgames,endgames_0038,d2d1,496.0,49.0,447.0,-0.6133951562336359,0.6356578232153731,-1.3147926099463254,-1.3147926099463254,1,,0,frozen,curriculum,,0.0,1214.4836080999812
183,endgames,endgames_0039,a3a1,638.0,638.0,0.0,1.0,0.6538749320546045,0.3643421767846269,0.3643421767846269,1,,1,frozen,curriculum,,0.0,1215.5586252999492
184,endgames,endgames_0040,c4b4,419.0,-8.0,427.0,-0.5770349657160083,0.5923294371660738,-1.2309098977706128,-1.2309098977706128,1,,0,frozen,curriculum,,0.0,1216.6336932999548
185,endgames,endgames_0041,g8h8,526.0,496.0,30.0,0.8502806186250018,0.6052269962390201,0.25795118145892804,0.25795118145892804,1,,0,frozen,curriculum,,0.0,1217.720264100004
186,endgames,endgames_0042,h2g1,537.0,537.0,0.0,1.0,0.6249656464270691,0.3947730037609799,0.3947730037609799,1,,1,frozen,curriculum,,0.0,1218.790722799953
187,endgames,endgames_0043,g1a1,660.0,643.0,17.0,0.9150511401349036,0.6394699211124608,0.29008549370783454,0.29008549370783454,1,,0,frozen,curriculum,,0.0,1219.8845220999792
188,endgames,endgames_0044,b5b4,61.0,-1.0,62.0,0.6924589554718147,0.6421193728304285,0.05298903435935387,0.05298903435935387,1,,0,frozen,curriculum,,0.0,1221.1252001000103
189,endgames,endgames_0045,e6c6,365.0,-63.0,428.0,-0.578922441909961,0.581067282093409,-1.2210418147403894,-1.2210418147403894,1,,0,frozen,curriculum,,0.0,1222.2121716999682
190,endgames,endgames_0046,d3c2,0.0,0.0,0.0,1.0,0.6020139179887385,0.41893271790659103,0.41893271790659103,1,,1,frozen,curriculum,,0.0,1223.2813656999497
191,endgames,endgames_0047,b2a1,660.0,628.0,32.0,0.8403404617777372,0.6139302451781884,0.23832654378899876,0.23832654378899876,1,,0,frozen,curriculum,,0.0,1224.3054813999915
192,endgames,endgames_0048,a4a1,413.0,409.0,4.0,0.9800006666400011,0.632233766251279,0.3660704214618127,0.3660704214618127,1,,0,frozen,curriculum,,0.0,1225.3850345999235
193,endgames,endgames_0049,f3f2,647.0,511.0,136.0,0.3450452103825893,0.6178743384578445,-0.28718855586868974,-0.28718855586868974,1,,0,frozen,curriculum,,0.0,1226.6668577999808
194,endgames,endgames_0050,d4d5,99996.0,725.0,99271.0,-1.0,0.5369806215349522,-1.6178743384578445,-1.6178743384578445,1,,0,frozen,curriculum,,0.0,1227.7360841999762
195,endgames,endgames_0051,g2b2,609.0,5.0,604.0,-0.8138781019410741,0.4694376853611508,-1.3508587234760263,-1.3508587234760263,1,,0,frozen,curriculum,,0.0,1228.915621799999
196,endgames,endgames_0052,e7e6,624.0,602.0,22.0,0.8901107826216251,0.4904713402241745,0.4206730972604743,0.4206730972604743,1,,0,frozen,curriculum,,0.0,1230.0094174999977
197,endgames,endgames_0053,d5b3,99995.0,-9.0,100004.0,-1.0,0.4159477732129658,-1.4904713402241745,-1.4904713402241745,1,,0,frozen,curriculum,,0.0,1231.0882565999636
198,endgames,endgames_0054,f6c6,826.0,826.0,0.0,1.0,0.4451503845523175,0.5840522267870343,0.5840522267870343,1,,1,frozen,curriculum,,0.0,1232.1155367000028
199,endgames,endgames_0055,d5c6,635.0,616.0,19.0,0.9050713834937556,0.4681464344993894,0.4599209989414381,0.4599209989414381,1,,0,frozen,curriculum,,0.0,1233.1733712999849
200,endgames,endgames_0056,a6a7,578.0,577.0,1.0,0.9950000104166407,0.4944891132952519,0.5268535759172512,0.5268535759172512,1,,0,frozen,curriculum,,0.0,1234.258567999932
201,endgames,endgames_0057,d2d1,99997.0,99994.0,3.0,0.985000281243672,0.5190146716926729,0.4905111679484201,0.4905111679484201,1,6.0,0,frozen,curriculum,,0.0,1235.3285269999178
202,endgames,endgames_0058,e8d8,682.0,640.0,42.0,0.7907683617026989,0.5326023561931742,0.27175369001002603,0.27175369001002603,1,,0,frozen,curriculum,,0.0,1236.4877723000245
203,endgames,endgames_0059,e5e6,467.0,467.0,0.0,1.0,0.5559722383835155,0.4673976438068258,0.4673976438068258,1,,1,frozen,curriculum,,0.0,1237.5947629000293
204,endgames,endgames_0060,f7f6,689.0,689.0,0.0,1.0,0.5781736264643398,0.4440277616164845,0.4440277616164845,1,,1,frozen,curriculum,,0.0,1238.697279099957
205,endgames,endgames_0061,f6a1,99996.0,15.0,99981.0,-1.0,0.4992649451411228,-1.5781736264643398,-1.5781736264643398,1,,0,frozen,curriculum,,0.0,1239.7762013999745
206,endgames,endgames_0062,c3b3,414.0,393.0,21.0,0.8950963625117251,0.5190565160096529,0.3958314173706023,0.3958314173706023,1,,0,frozen,curriculum,,0.0,1240.8129129000008
207,endgames,endgames_0063,c6c2,384.0,-24.0,408.0,-0.5397330718178008,0.46611703661828013,-1.0587895878274538,-1.0587895878274538,1,,0,frozen,curriculum,,0.0,1241.8854932999238
208,endgames,endgames_0064,g2f1,628.0,628.0,0.0,1.0,0.4928111847873661,0.5338829633817199,0.5338829633817199,1,,1,frozen,curriculum,,0.0,1242.9741224999307
209,endgames,endgames_0065,c4b3,645.0,645.0,0.0,1.0,0.5181706255479978,0.5071888152126339,0.5071888152126339,1,,1,frozen,curriculum,,0.0,1244.1784316999838
210,endgames,endgames_0066,c5c6,42.0,42.0,0.0,1.0,0.5422620942705979,0.48182937445200225,0.48182937445200225,1,,1,frozen,curriculum,,0.0,1245.175563100027
211,endgames,endgames_0067,a6a1,99997.0,99996.0,1.0,0.9950000104166407,0.5648989900779,0.45273791614604275,0.45273791614604275,1,4.0,0,frozen,curriculum,,0.0,1246.231816399959
212,endgames,endgames_0068,b1a1,419.0,399.0,20.0,0.9000832500842401,0.581658203078217,0.33518426000634005,0.33518426000634005,1,,0,frozen,curriculum,,0.0,1247.2401836999925
213,endgames,endgames_0069,b4b3,659.0,655.0,4.0,0.9800006666400011,0.6015753262563063,0.39834246356178404,0.39834246356178404,1,,0,frozen,curriculum,,0.0,1248.2761068999534
214,endgames,endgames_0070,b6a7,402.0,364.0,38.0,0.8105695274276429,0.612025036314873,0.2089942011713366,0.2089942011713366,1,,0,frozen,curriculum,,0.0,1249.3143591999542
215,endgames,endgames_0071,d3b3,617.0,602.0,15.0,0.9250351364858591,0.6276755413234223,0.31301010017098607,0.31301010017098607,1,,0,frozen,curriculum,,0.0,1250.3926874999888
216,endgames,endgames_0072,b1a1,441.0,419.0,22.0,0.8901107826216251,0.6407973033883324,0.26243524129820284,0.26243524129820284,1,,0,frozen,curriculum,,0.0,1251.5741253999295
217,endgames,endgames_0073,e7e6,17.0,12.0,5.0,0.9750013020019582,0.6575075033190136,0.3342039986136258,0.3342039986136258,1,,0,frozen,curriculum,,0.0,1252.6561756000156
218,endgames,endgames_0074,a1b2,543.0,529.0,14.0,0.9300285693344411,0.6711335566197849,0.27252106601542747,0.27252106601542747,1,,0,frozen,curriculum,,0.0,1253.7537433999823
219,endgames,endgames_0075,b1a1,435.0,398.0,37.0,0.8155258358168815,0.6783531705796397,0.14439227919709663,0.14439227919709663,1,,0,frozen,curriculum,,0.0,1254.816767900018
220,endgames,endgames_0076,h7g6,642.0,0.0,642.0,-0.8448354621590559,0.602193738942705,-1.5231886327386956,-1.5231886327386956,1,,0,frozen,curriculum,,0.0,1255.8808845999883
221,endgames,endgames_0077,e8c6,655.0,619.0,36.0,0.8204844305056798,0.6131082735208537,0.21829069156297476,0.21829069156297476,1,,0,frozen,curriculum,,0.0,1256.9433965999633
222,endgames,endgames_0078,a2a1,401.0,378.0,23.0,0.8851265721942415,0.6267091884545231,0.2720182986733878,0.2720182986733878,1,,0,frozen,curriculum,,0.0,1258.0383132999996
223,endgames,endgames_0079,a4b3,36.0,36.0,0.0,1.0,0.6453737290317969,0.37329081154547694,0.37329081154547694,1,,1,frozen,curriculum,,0.0,1259.2669497999595
224,endgames,endgames_0080,d3c2,99997.0,703.0,99294.0,-1.0,0.563105042580207,-1.645373729031797,-1.645373729031797,1,,0,frozen,curriculum,,0.0,1260.3872503000312
225,endgames,endgames_0081,c4b3,383.0,365.0,18.0,0.9100607008327996,0.5804528254928366,0.34695565825259256,0.34695565825259256,1,,0,frozen,curriculum,,0.0,1261.4414180000313
226,endgames,endgames_0082,d3d2,553.0,58.0,495.0,-0.6894821497740464,0.5169560767294925,-1.269934975266883,-1.269934975266883,1,,0,frozen,curriculum,,0.0,1262.4863549999427
227,endgames,endgames_0083,a1a5,384.0,381.0,3.0,0.985000281243672,0.5403582869552015,0.4680442045141795,0.4680442045141795,1,,0,frozen,curriculum,,0.0,1263.571612300002
228,endgames,endgames_0084,f6e6,645.0,645.0,0.0,1.0,0.5633403726074414,0.4596417130447985,0.4596417130447985,1,,1,frozen,curriculum,,0.0,1264.6669668999966
229,endgames,endgames_0085,a3a1,425.0,418.0,7.0,0.9650035724790387,0.5834235326010213,0.40166319987159727,0.40166319987159727,1,,0,frozen,curriculum,,0.0,1265.8754415999865
230,endgames,endgames_0086,e1d1,99992.0,729.0,99263.0,-1.0,0.5042523559709702,-1.5834235326010213,-1.5834235326010213,1,,0,frozen,curriculum,,0.0,1267.0652468999615
231,endgames,endgames_0087,a1a5,99996.0,99996.0,0.0,1.0,0.5290397381724217,0.4957476440290298,0.4957476440290298,1,4.0,1,frozen,curriculum,,0.0,1268.2278072999325
232,endgames,endgames_0088,b5b3,394.0,394.0,0.0,1.0,0.5525877512638006,0.47096026182757833,0.47096026182757833,1,,1,frozen,curriculum,,0.0,1269.3565123999724
233,endgames,endgames_0089,a6a7,636.0,611.0,25.0,0.875162506504975,0.5687164890258594,0.3225747552411744,0.3225747552411744,1,,0,frozen,curriculum,,0.0,1270.4697185999248
234,endgames,endgames_0090,d3c2,653.0,591.0,62.0,0.6924589554718147,0.5749036123481571,0.12374246644595532,0.12374246644595532,1,,0,frozen,curriculum,,0.0,1271.5073192999698
235,endgames,endgames_0091,c6c2,475.0,472.0,3.0,0.985000281243672,0.595408445792933,0.4100966688955149,0.4100966688955149,1,,0,frozen,curriculum,,0.0,1272.5929320999421
236,endgames,endgames_0092,f3f2,576.0,545.0,31.0,0.8453095791739681,0.6079035024619847,0.24990113338103515,0.24990113338103515,1,,0,frozen,curriculum,,0.0,1273.7227530999808
237,endgames,endgames_0093,c3b3,677.0,650.0,27.0,0.8652046582683968,0.6207685602523052,0.2573011558064121,0.2573011558064121,1,,0,frozen,curriculum,,0.0,1274.9181087999605
238,endgames,endgames_0094,a7a6,384.0,373.0,11.0,0.9450138603905803,0.636980825259219,0.3242453001382751,0.3242453001382751,1,,0,frozen,curriculum,,0.0,1276.1829840999562
239,endgames,endgames_0095,a5a1,416.0,376.0,40.0,0.8006640107500884,0.6451649845337624,0.16368318549086947,0.16368318549086947,1,,0,frozen,curriculum,,0.0,1277.2853934000013
240,endgames,endgames_0096,d7c6,0.0,0.0,0.0,1.0,0.6629067353070742,0.35483501546623764,0.35483501546623764,1,,1,frozen,curriculum,,0.0,1278.3499339999398
241,endgames,endgames_0097,c8c2,437.0,432.0,5.0,0.9750013020019582,0.6785114636418185,0.312094566694884,0.312094566694884,1,,0,frozen,curriculum,,0.0,1279.382786000031
242,endgames,endgames_0098,c1b1,5.0,-4.0,9.0,0.9550075922125807,0.6923362700703565,0.2764961285707622,0.2764961285707622,1,,0,frozen,curriculum,,0.0,1280.4738923999248
243,endgames,endgames_0099,b5b4,373.0,371.0,2.0,0.9900000833325,0.7072194607334636,0.29766381326214353,0.29766381326214353,1,,0,frozen,curriculum,,0.0,1281.6024833000265
244,endgames,endgames_0100,a3a2,588.0,541.0,47.0,0.7660755502473545,0.7101622652091582,0.058856089513890875,0.058856089513890875,1,,0,frozen,curriculum,,0.0,1282.8383922999492
245,endgames,endgames_0101,c4b3,600.0,483.0,117.0,0.4311316281702493,0.6962107333572127,-0.27903063703890885,-0.27903063703890885,1,,0,frozen,curriculum,,0.0,1283.9212980000302
246,endgames,endgames_0102,d8d1,503.0,415.0,88.0,0.5669638770139424,0.6897483905400491,-0.12924685634327038,-0.12924685634327038,1,,0,frozen,curriculum,,0.0,1285.0396651999326
247,endgames,endgames_0103,a5b4,565.0,470.0,95.0,0.5337339819147229,0.6819476701087828,-0.15601440862532623,-0.15601440862532623,1,,0,frozen,curriculum,,0.0,1286.2203515999718
248,endgames,endgames_0104,c8c2,493.0,467.0,26.0,0.870182774450725,0.6913594253258799,0.18823510434194224,0.18823510434194224,1,,0,frozen,curriculum,,0.0,1287.2363265999593
249,endgames,endgames_0105,d6b4,483.0,470.0,13.0,0.9350228757517102,0.7035425978471713,0.24366345042583026,0.24366345042583026,1,,0,frozen,curriculum,,0.0,1288.2789601000259
250,endgames,endgames_0106,f1a1,378.0,365.0,13.0,0.9350228757517102,0.7151166117423983,0.23148027790453884,0.23148027790453884,1,,0,frozen,curriculum,,0.0,1289.3527864000062
251,endgames,endgames_0107,f3f2,15.0,13.0,2.0,0.9900000833325,0.7288607853219033,0.27488347159010174,0.27488347159010174,1,,0,frozen,curriculum,,0.0,1290.5907996000024
252,endgames,endgames_0108,a5b4,366.0,348.0,18.0,0.9100607008327996,0.7379207810974482,0.1811999155108962,0.1811999155108962,1,,0,frozen,curriculum,,0.0,1291.677429699921
253,endgames,endgames_0109,c1b2,566.0,562.0,4.0,0.9800006666400011,0.7500247753745758,0.2420798855425529,0.2420798855425529,1,,0,frozen,curriculum,,0.0,1292.7239434999647
254,endgames,endgames_0110,b1a1,610.0,461.0,149.0,0.28764700179349,0.7269058866955215,-0.4623777735810858,-0.4623777735810858,1,,0,frozen,curriculum,,0.0,1293.7851133999648
255,endgames,endgames_0111,c8a6,711.0,632.0,79.0,0.6100569366919357,0.7210634391953422,-0.11684895000358575,-0.11684895000358575,1,,0,frozen,curriculum,,0.0,1294.8407622999512
256,endgames,endgames_0112,f1a1,407.0,389.0,18.0,0.9100607008327996,0.7305133022772151,0.18899726163745734,0.18899726163745734,1,,0,frozen,curriculum,,0.0,1295.892496699933
257,endgames,endgames_0113,f6g6,0.0,0.0,0.0,1.0,0.7439876371633544,0.2694866977227849,0.2694866977227849,1,,1,frozen,curriculum,,0.0,1296.9794088000199
258,endgames,endgames_0114,d1c2,757.0,757.0,0.0,1.0,0.7567882553051867,0.25601236283664563,0.25601236283664563,1,,1,frozen,curriculum,,0.0,1298.123923099949
259,endgames,endgames_0115,f6c6,460.0,424.0,36.0,0.8204844305056798,0.7599730640652113,0.06369617520049309,0.06369617520049309,1,,0,frozen,curriculum,,0.0,1299.2247227999615
260,endgames,endgames_0116,g1h1,547.0,529.0,18.0,0.9100607008327996,0.7674774459035907,0.1500876367675883,0.1500876367675883,1,,0,frozen,curriculum,,0.0,1300.1296939000022
261,endgames,endgames_0117,c4b3,452.0,426.0,26.0,0.870182774450725,0.7726127123309474,0.10270532854713432,0.10270532854713432,1,,0,frozen,curriculum,,0.0,1301.1496025000233
262,endgames,endgames_0118,g4f5,607.0,607.0,0.0,1.0,0.7839820767144,0.22738728766905258,0.22738728766905258,1,,1,frozen,curriculum,,0.0,1302.165053899982
263,endgames,endgames_0119,d8c7,1696.0,713.0,983.0,-0.9708708119364151,0.6962394322818592,-1.7548528886508152,-1.7548528886508152,1,,0,frozen,curriculum,,0.0,1303.3023314999882
264,endgames,endgames_0120,f2f1,667.0,636.0,31.0,0.8453095791739681,0.7036929396264646,0.14907014689210885,0.14907014689210885,1,,0,frozen,curriculum,,0.0,1304.4458510000259
265,endgames,endgames_0121,b3b2,787.0,787.0,0.0,1.0,0.7185082926451414,0.2963070603735354,0.2963070603735354,1,,1,frozen,curriculum,,0.0,1305.7029275000095
266,endgames,endgames_0122,b6a7,99991.0,396.0,99595.0,-1.0,0.6325828780128843,-1.7185082926451414,-1.7185082926451414,1,,0,frozen,curriculum,,0.0,1306.9519655000186
267,endgames,endgames_0123,b8b3,570.0,570.0,0.0,1.0,0.6509537341122401,0.36741712198711574,0.36741712198711574,1,,1,frozen,curriculum,,0.0,1308.4091373999836
268,endgames,endgames_0124,a6a1,396.0,310.0,86.0,0.5765053262729577,0.647231313720276,-0.07444840783928242,-0.07444840783928242,1,,0,frozen,curriculum,,0.0,1309.9226158999372
269,endgames,endgames_0125,h4g4,616.0,594.0,22.0,0.8901107826216251,0.6593752871653434,0.24287946890134915,0.24287946890134915,1,,0,frozen,curriculum,,0.0,1311.265319500002
270,endgames,endgames_0126,b3b2,99996.0,99996.0,0.0,1.0,0.6764065228070762,0.34062471283465656,0.34062471283465656,1,4.0,1,frozen,curriculum,,0.0,1312.7759596999967
271,endgames,endgames_0127,a2a1,410.0,385.0,25.0,0.875162506504975,0.6863443219919712,0.1987559836978987,0.1987559836978987,1,,0,frozen,curriculum,,0.0,1314.0075987000018
272,endgames,movement_0004,g7a1,100.0,100.0,0.0,1.0,0.7020271058923726,0.31365567800802885,0.31365567800802885,1,,1,frozen,replay,,0.0,1316.061741399928
273,endgames,movement_0008,a5a1,100.0,-100.0,200.0,0.07576568547998053,0.670714034871753,-0.6262614204123921,-0.6262614204123921,1,,0,frozen,replay,,0.0,1317.9623150000116
274,endgames,movement_0009,c3a1,100.0,-100.0,200.0,0.07576568547998053,0.6409666174021643,-0.5949483493917724,-0.5949483493917724,1,,0,frozen,replay,,0.0,1320.1583207999356
275,endgames,movement_0036,f2a1,100.0,-100.0,200.0,0.07576568547998053,0.6127065708060551,-0.5652009319221838,-0.5652009319221838,1,,0,frozen,replay,,0.0,1321.8557872999227
276,endgames,movement_0038,d8a1,100.0,-100.0,200.0,0.07576568547998053,0.5858595265397513,-0.5369408853260745,-0.5369408853260745,1,,0,frozen,replay,,0.0,1323.9512247999664
277,endgames,movement_0046,e2a1,100.0,-100.0,200.0,0.07576568547998053,0.5603548344867627,-0.5100938410597707,-0.5100938410597707,1,,0,frozen,replay,,0.0,1326.1349559000228
278,endgames,movement_0047,f3f2,100.0,100.0,0.0,1.0,0.5823370927624246,0.4396451655132373,0.4396451655132373,1,,1,frozen,replay,,0.0,1328.3142019999214
279,endgames,movement_0051,d8a1,100.0,-100.0,200.0,0.07576568547998053,0.5570085223983023,-0.5065714072824441,-0.5065714072824441,1,,0,frozen,replay,,0.0,1330.4707585999276
280,endgames,movement_0054,a2a1,100.0,-100.0,200.0,0.07576568547998053,0.5329463805523862,-0.4812428369183218,-0.4812428369183218,1,,0,frozen,replay,,0.0,1332.3694511000067
281,endgames,movement_0062,c7a1,100.0,-100.0,200.0,0.07576568547998053,0.5100873457987659,-0.45718069507240566,-0.45718069507240566,1,,0,frozen,replay,,0.0,1334.4954468000215
282,endgames,movement_0069,h8a1,100.0,-100.0,200.0,0.07576568547998053,0.4883712627828266,-0.4343216603187854,-0.4343216603187854,1,,0,frozen,replay,,0.0,1336.764389100019
283,endgames,movement_0071,a7a1,100.0,-100.0,200.0,0.07576568547998053,0.46774098391768426,-0.4126055773028461,-0.4126055773028461,1,,0,frozen,replay,,0.0,1338.7862500000047
284,endgames,movement_0073,h4g6,100.0,100.0,0.0,1.0,0.4943539347218,0.5322590160823157,0.5322590160823157,1,,1,frozen,replay,,0.0,1340.5051547000185
285,endgames,movement_0074,e4a1,100.0,-100.0,200.0,0.07576568547998053,0.473424522259709,-0.4185882492418195,-0.4185882492418195,1,,0,frozen,replay,,0.0,1342.5646375999786
286,endgames,movement_0081,f4a1,100.0,-100.0,200.0,0.07576568547998053,0.45354158042072257,-0.39765883677972846,-0.39765883677972846,1,,0,frozen,replay,,0.0,1344.744340299978
287,endgames,movement_0092,d6a1,100.0,-100.0,200.0,0.07576568547998053,0.4346527856736854,-0.37777589494074204,-0.37777589494074204,1,,0,frozen,replay,,0.0,1346.9581809999654
288,endgames,movement_0093,a4a1,100.0,100.0,0.0,1.0,0.4629201463900011,0.5653472143263145,0.5653472143263145,1,,1,frozen,replay,,0.0,1348.9828564999625
289,endgames,movement_0097,b8a1,100.0,-100.0,200.0,0.07576568547998053,0.4435624233445001,-0.3871544609100206,-0.3871544609100206,1,,0,frozen,replay,,0.0,1350.788866500021
290,endgames,movement_0107,a2a1,100.0,100.0,0.0,1.0,0.47138430217727506,0.5564375766554999,0.5564375766554999,1,,1,frozen,replay,,0.0,1352.9908585000085
291,endgames,movement_0108,c4a1,100.0,-100.0,200.0,0.07576568547998053,0.4516033713424103,-0.39561861669729453,-0.39561861669729453,1,,0,frozen,replay,,0.0,1354.2453557000263
292,endgames,movement_0112,c6a1,100.0,-100.0,200.0,0.07576568547998053,0.4328114870492888,-0.37583768586242977,-0.37583768586242977,1,,0,frozen,replay,,0.0,1356.2708470999496
293,endgames,movement_0113,g7g6,100.0,100.0,0.0,1.0,0.4611709126968243,0.5671885129507113,0.5671885129507113,1,,1,frozen,replay,,0.0,1358.3880917999195
294,endgames,movement_0114,d2a1,100.0,-100.0,200.0,0.07576568547998053,0.4419006513359821,-0.3854052272168438,-0.3854052272168438,1,,0,frozen,replay,,0.0,1360.6842584999977
295,endgames,movement_0129,b6a1,100.0,-100.0,200.0,0.07576568547998053,0.423593903043182,-0.3661349658560016,-0.3661349658560016,1,,0,frozen,replay,,0.0,1362.796975599951
296,endgames,movement_0136,f7a1,100.0,-100.0,200.0,0.07576568547998053,0.4062024921650219,-0.3478282175632015,-0.3478282175632015,1,,0,frozen,replay,,0.0,1364.9077609999804
297,endgames,movement_0137,c5a1,100.0,-100.0,200.0,0.07576568547998053,0.38968065183076983,-0.3304368066850414,-0.3304368066850414,1,,0,frozen,replay,,0.0,1367.0834217999363
298,endgames,movement_0140,h5a1,100.0,-100.0,200.0,0.07576568547998053,0.3739849035132303,-0.3139149663507893,-0.3139149663507893,1,,0,frozen,replay,,0.0,1369.4437996000051
299,endgames,movement_0141,d7a1,100.0,-100.0,200.0,0.07576568547998053,0.35907394261156783,-0.2982192180332498,-0.2982192180332498,1,,0,frozen,replay,,0.0,1371.6736719999462
300,endgames,movement_0142,d7a1,100.0,-100.0,200.0,0.07576568547998053,0.3449085297549884,-0.2833082571315873,-0.2833082571315873,1,,0,frozen,replay,,0.0,1373.9214132999768
301,tactics,110,f7f5,-643.0,-1070.0,427.0,-0.5770349657160083,0.29881135498143857,-0.9219434954709967,-0.9219434954709967,1,,0,frozen,curriculum,,0.0,1461.8871858000057
302,tactics,113,h7h5,179.0,134.0,45.0,0.7759444378215202,0.3226680091234426,0.47713308284008166,0.47713308284008166,1,,0,frozen,curriculum,,0.0,1463.0040255999193
303,tactics,132,d6f8,378.0,324.0,54.0,0.7316283801381827,0.34311602767417965,0.40896037101474003,0.40896037101474003,1,,0,frozen,curriculum,,0.0,1464.0726178999757
304,tactics,151,g7h6,959.0,959.0,0.0,1.0,0.37596022629047066,0.6568839723258204,0.6568839723258204,1,,1,frozen,curriculum,,0.0,1465.1151841999963
305,tactics,154,f4g5,147.0,145.0,2.0,0.9900000833325,0.40666221914257206,0.6140398570420293,0.6140398570420293,1,,0,frozen,curriculum,,0.0,1466.2629184999969
306,tactics,155,d8g5,-302.0,-1053.0,751.0,-0.908538439297027,0.34090218622059204,-1.3152006584395992,-1.3152006584395992,1,,0,frozen,curriculum,,0.0,1467.447213999927
307,tactics,164,h1g1,257.0,257.0,0.0,1.0,0.37385707690956244,0.6590978137794079,0.6590978137794079,1,,1,frozen,curriculum,,0.0,1468.5165929999202
308,tactics,177,g5d8,840.0,786.0,54.0,0.7316283801381827,0.39174564207099344,0.3577713032286202,0.3577713032286202,1,,0,frozen,curriculum,,0.0,1469.6084233999718
309,tactics,182,h6g7,697.0,697.0,0.0,1.0,0.4221583599674437,0.6082543579290065,0.6082543579290065,1,,1,frozen,curriculum,,0.0,1470.6519827999873
310,tactics,186,h5g6,223.0,198.0,25.0,0.875162506504975,0.4448085672943203,0.45300414653753124,0.45300414653753124,1,,0,frozen,curriculum,,0.0,1471.7034271999728
311,tactics,197,d6d5,-366.0,-856.0,490.0,-0.6822458032640866,0.38845584876639994,-1.1270543705584068,-1.1270543705584068,1,,0,frozen,curriculum,,0.0,1472.7948910000268
312,tactics,203,e3e4,946.0,424.0,522.0,-0.7260095851026955,0.3327325770729451,-1.1144654338690954,-1.1144654338690954,1,,0,frozen,curriculum,,0.0,1473.865508100018
313,tactics,206,c1b2,663.0,289.0,374.0,-0.46583310986715,0.2928042927259404,-0.7985656869400951,-0.7985656869400951,1,,0,frozen,curriculum,,0.0,1475.0530989000108
314,tactics,213,c1a3,405.0,-190.0,595.0,-0.8057273825989757,0.23787770895969454,-1.0985316753249161,-1.0985316753249161,1,,0,frozen,curriculum,,0.0,1476.0746533999918
315,tactics,1004,b6a5,649.0,-918.0,1567.0,-0.9984180566240071,0.17606292068050947,-1.2362957655837017,-1.2362957655837017,1,,0,frozen,curriculum,,0.0,1477.1443857999984
316,tactics,1006,g2g4,-20.0,-834.0,814.0,-0.9328374076527448,0.12061790426384673,-1.1089003283332544,-1.1089003283332544,1,,0,frozen,curriculum,,0.0,1478.1874072999926
317,tactics,1022,h6g5,-109.0,-109.0,0.0,1.0,0.16458700905065438,0.8793820957361532,0.8793820957361532,1,,1,frozen,curriculum,,0.0,1479.2785304000136
318,tactics,1046,b7b3,431.0,-1029.0,1460.0,-0.9972996690774687,0.1064926751442482,-1.161886678128123,-1.161886678128123,1,,0,frozen,curriculum,,0.0,1480.3889659999404
319,tactics,1048,d4f2,0.0,-68.0,68.0,0.6632379082583706,0.1343299367999543,0.5567452331141224,0.5567452331141224,1,,0,frozen,curriculum,,0.0,1481.473103199969
320,tactics,1065,g1e2,133.0,95.0,38.0,0.8105695274276429,0.16814191633133874,0.6762395906276886,0.6762395906276886,1,,0,frozen,curriculum,,0.0,1482.6462227000156
321,tactics,1067,g2g4,-561.0,-1200.0,639.0,-0.8425827368030592,0.11760568367461882,-1.0107246531343979,-1.0107246531343979,1,,0,frozen,curriculum,,0.0,1483.7458022999344
322,tactics,1068,a8a2,856.0,190.0,666.0,-0.8617750788548939,0.06863664554814318,-0.9793807625295128,-0.9793807625295128,1,,0,frozen,curriculum,,0.0,1484.8087643999606
323,tactics,1075,d1g4,1157.0,-778.0,1935.0,-0.9997486762154368,0.015217379459964174,-1.06838532176358,-1.06838532176358,1,,0,frozen,curriculum,,0.0,1485.865154500003
324,tactics,1076,b8c6,106.0,106.0,0.0,1.0,0.06445651048696596,0.9847826205400358,0.9847826205400358,1,,1,frozen,curriculum,,0.0,1486.9648376000114
325,tactics,1077,d8g5,-2.0,-107.0,105.0,0.4867352468185351,0.08557044730354442,0.4222787363315691,0.4222787363315691,1,,0,frozen,curriculum,,0.0,1488.0137759000063
326,tactics,1108,h7h8,945.0,900.0,45.0,0.7759444378215202,0.1200891468294432,0.6903739905179758,0.6903739905179758,1,,0,frozen,curriculum,,0.0,1489.0446662999457
327,tactics,1124,a2a1,158.0,-162.0,320.0,-0.3280735405356978,0.09768101246118616,-0.44816268736514103,-0.44816268736514103,1,,0,frozen,curriculum,,0.0,1490.1708326999797
328,tactics,1131,h6g5,193.0,193.0,0.0,1.0,0.14279696183812685,0.9023189875388138,0.9023189875388138,1,,1,frozen,curriculum,,0.0,1491.2323291000212
329,tactics,1136,a1a3,105.0,-222.0,327.0,-0.3474137514377236,0.11828642617433432,-0.4902107132758504,-0.4902107132758504,1,,0,frozen,curriculum,,0.0,1492.3233278000262
330,tactics,1150,f1h3,-152.0,-152.0,0.0,1.0,0.1623721048656176,0.8817135738256656,0.8817135738256656,1,,1,frozen,curriculum,,0.0,1493.368972199969
331,tactics,1152,d4e5,-936.0,-1236.0,300.0,-0.2702979047745746,0.14073860438360797,-0.4326700096401922,-0.4326700096401922,1,,0,frozen,curriculum,,0.0,1494.462847399991
332,tactics,1163,c1b2,758.0,758.0,0.0,1.0,0.18370167416442756,0.859261395616392,0.859261395616392,1,,1,frozen,curriculum,,0.0,1495.8092430999968
333,tactics,1168,b6b3,20.0,-984.0,1004.0,-0.9737552274639352,0.1258288290830094,-1.1574569016283627,-1.1574569016283627,1,,0,frozen,curriculum,,0.0,1497.0301838000305
334,tactics,1178,h6f5,-623.0,-675.0,52.0,0.7414548327878834,0.1566101292682531,0.615626003704874,0.615626003704874,1,,0,frozen,curriculum,,0.0,1498.229761500028
335,tactics,1191,h6g4,317.0,66.0,251.0,-0.11265673969880186,0.14314678581990034,-0.269266868967055,-0.269266868967055,1,,0,frozen,curriculum,,0.0,1499.2712535000173
336,tactics,1196,h8f6,883.0,-879.0,1762.0,-0.9994031560452115,0.08601928872664474,-1.1425499418651117,-1.1425499418651117,1,,0,frozen,curriculum,,0.0,1500.3211892999243
337,tactics,1204,c1b2,-21.0,-21.0,0.0,1.0,0.1317183242903125,0.9139807112733552,0.9139807112733552,1,,1,frozen,curriculum,,0.0,1501.4834023999283
338,tactics,1209,c1h6,245.0,162.0,83.0,0.5908552924454774,0.15467517269807074,0.4591369681551649,0.4591369681551649,1,,0,frozen,curriculum,,0.0,1502.7281611999497
339,tactics,1223,c1b2,87.0,-551.0,638.0,-0.8418248817961882,0.10485016997335778,-0.9965000544942589,-0.9965000544942589,1,,0,frozen,curriculum,,0.0,1504.47875879996
340,tactics,1242,h7g6,153.0,88.0,65.0,0.6778307807173616,0.13349920051055797,0.5729806107440039,0.5729806107440039,1,,0,frozen,curriculum,,0.0,1506.6237793000182
341,tactics,1253,e1f2,-300.0,-300.0,0.0,1.0,0.1768242404850301,0.866500799489442,0.866500799489442,1,,1,frozen,curriculum,,0.0,1508.8537227999186
342,tactics,1257,f4g5,-134.0,-236.0,102.0,0.5007741021262828,0.19302173356709273,0.3239498616412527,0.3239498616412527,1,,0,frozen,curriculum,,0.0,1510.5318210999249
343,tactics,1276,g5f6,32.0,-73.0,105.0,0.4867352468185351,0.20770740922966485,0.29371351325144235,0.29371351325144235,1,,0,frozen,curriculum,,0.0,1512.4178101000143
344,tactics,1284,b8c6,1010.0,647.0,363.0,-0.43986033748890896,0.17532902189373617,-0.6475677467185739,-0.6475677467185739,1,,0,frozen,curriculum,,0.0,1514.6257946999976
345,tactics,1306,a7a5,847.0,382.0,465.0,-0.6437058890577472,0.13437727634616198,-0.8190349109514834,-0.8190349109514834,1,,0,frozen,curriculum,,0.0,1516.5515703000128
346,tactics,1309,b8c6,770.0,-319.0,1089.0,-0.9828028943203866,0.07851826781283455,-1.1171801706665485,-1.1171801706665485,1,,0,frozen,curriculum,,0.0,1518.6387523999438
347,tactics,1310,e8d8,995.0,17.0,978.0,-0.9701389079886091,0.026085409022762365,-1.0486571758014436,-1.0486571758014436,1,,0,frozen,curriculum,,0.0,1520.6202075999463
348,tactics,1317,e8d8,-90.0,-595.0,505.0,-0.7035037392373473,-0.010394048390243122,-0.7295891482601097,-0.7295891482601097,1,,0,frozen,curriculum,,0.0,1522.2208275999874
349,tactics,1335,e5d4,950.0,716.0,234.0,-0.05258006290742179,-0.012503349116102055,-0.04218601451717867,-0.04218601451717867,1,,0,frozen,curriculum,,0.0,1523.7107758999337
350,tactics,1339,c7c6,143.0,143.0,0.0,1.0,0.03812181833970305,1.012503349116102,1.012503349116102,1,,1,frozen,curriculum,,0.0,1525.4790294999257
351,tactics,1354,h6g5,712.0,712.0,0.0,1.0,0.08621572742271791,0.9618781816602969,0.9618781816602969,1,,1,frozen,curriculum,,0.0,1527.7915469999425
352,tactics,1362,e5g4,-159.0,-189.0,30.0,0.8502806186250018,0.12441897198283211,0.7640648912022839,0.7640648912022839,1,,0,frozen,curriculum,,0.0,1529.2869867000263
353,tactics,1394,a1a2,653.0,653.0,0.0,1.0,0.1681980233836905,0.8755810280171679,0.8755810280171679,1,,1,frozen,curriculum,,0.0,1530.7889416000107
354,tactics,1396,f6e4,111.0,52.0,59.0,0.7071209092806605,0.195144167678539,0.53892288589697,0.53892288589697,1,,0,frozen,curriculum,,0.0,1532.135578699992
355,tactics,1401,g7g6,775.0,53.0,722.0,-0.8946427214988664,0.1406548232196687,-1.0897868891774054,-1.0897868891774054,1,,0,frozen,curriculum,,0.0,1533.3932044999674
356,tactics,1412,a3b2,120.0,-18.0,138.0,0.3361322929927191,0.15042869670832124,0.19547746977305036,0.19547746977305036,1,,0,frozen,curriculum,,0.0,1534.5493833000073
357,tactics,1418,d5b4,179.0,164.0,15.0,0.9250351364858591,0.18915901869719814,0.7746064397775378,0.7746064397775378,1,,0,frozen,curriculum,,0.0,1535.680470100022
358,tactics,1427,h5g4,728.0,728.0,0.0,1.0,0.22970106776233823,0.8108409813028019,0.8108409813028019,1,,1,frozen,curriculum,,0.0,1536.859843299957
359,tactics,1428,g6h5,650.0,650.0,0.0,1.0,0.2682160143742213,0.7702989322376618,0.7702989322376618,1,,1,frozen,curriculum,,0.0,1538.0074011000106
360,tactics,1429,h4g5,691.0,691.0,0.0,1.0,0.3048052136555102,0.7317839856257786,0.7317839856257786,1,,1,frozen,curriculum,,0.0,1539.1327146999538
361,tactics,1433,f6g4,-105.0,-117.0,12.0,0.9400179935223597,0.3365658526488527,0.6352127798668494,0.6352127798668494,1,,0,frozen,curriculum,,0.0,1540.306162999943
362,tactics,1436,h2h4,9.0,-920.0,929.0,-0.9619277378932469,0.2716411731217477,-1.2984935905420996,-1.2984935905420996,1,,0,frozen,curriculum,,0.0,1541.4468001999194
363,tactics,1437,c1g5,235.0,235.0,0.0,1.0,0.30805911446566026,0.7283588268782524,0.7283588268782524,1,,1,frozen,curriculum,,0.0,1542.594784499961
364,tactics,1438,h6g5,262.0,-502.0,764.0,-0.9141708411295859,0.24694761668589793,-1.222229955595246,-1.222229955595246,1,,0,frozen,curriculum,,0.0,1543.898663799977
365,tactics,1450,g6g5,-479.0,-932.0,453.0,-0.6237462968327687,0.20341292100996458,-0.8706939135186667,-0.8706939135186667,1,,0,frozen,curriculum,,0.0,1545.1660294999601
366,tactics,1459,c8g4,10.0,-1057.0,1067.0,-0.9808128399377267,0.14420163296257998,-1.1842257609476914,-1.1842257609476914,1,,0,frozen,curriculum,,0.0,1546.2578876999905
367,tactics,1465,c7c6,863.0,-11.0,874.0,-0.9500272549474817,0.08949018856707688,-1.0942288879100617,-1.0942288879100617,1,,0,frozen,curriculum,,0.0,1547.3627903999295
368,tactics,1471,b6c5,-187.0,-392.0,205.0,0.05621842429140622,0.08782660035329334,-0.03327176427567066,-0.03327176427567066,1,,0,frozen,curriculum,,0.0,1548.4095980999991
369,tactics,1493,h7h5,253.0,10.0,243.0,-0.08472978222326732,0.0791987812244653,-0.17255638257656067,-0.17255638257656067,1,,0,frozen,curriculum,,0.0,1549.5265465999255
370,tactics,1496,d5e4,823.0,133.0,690.0,-0.8769245625714079,0.03139261403467163,-0.9561233437958733,-0.9561233437958733,1,,0,frozen,curriculum,,0.0,1550.6426142000128
371,tactics,1503,e3e4,715.0,514.0,201.0,0.07183799263347301,0.0334148829646117,0.04044537859880138,0.04044537859880138,1,,0,frozen,curriculum,,0.0,1551.7651729999343
372,tactics,1507,g4f6,-168.0,-168.0,0.0,1.0,0.08174413881638112,0.9665851170353883,0.9665851170353883,1,,1,frozen,curriculum,,0.0,1552.9604720999487
373,tactics,1515,h4g5,67.0,67.0,0.0,1.0,0.12765693187556207,0.9182558611836189,0.9182558611836189,1,,1,frozen,curriculum,,0.0,1554.026867999928
374,tactics,1516,g4f5,-122.0,-122.0,0.0,1.0,0.17127408528178395,0.872343068124438,0.872343068124438,1,,1,frozen,curriculum,,0.0,1555.1475127999438
375,tactics,1547,a2a4,-679.0,-1044.0,365.0,-0.44466002581077135,0.14047737972715618,-0.6159341110925554,-0.6159341110925554,1,,0,frozen,curriculum,,0.0,1556.183810699964
376,tactics,1548,b5c6,1088.0,665.0,423.0,-0.5694102944192934,0.1049829960198337,-0.7098876741464495,-0.7098876741464495,1,,0,frozen,curriculum,,0.0,1557.3794819000177
377,tactics,1574,g5g6,99999.0,99999.0,0.0,1.0,0.149733846218842,0.8950170039801663,0.8950170039801663,1,,1,frozen,curriculum,,0.0,1558.484647299978
378,tactics,1576,e8g6,-544.0,-1190.0,646.0,-0.8477910117160317,0.09985760332209832,-0.9975248579348737,-0.9975248579348737,1,,0,frozen,curriculum,,0.0,1559.5984336999245
379,tactics,1605,e3g5,223.0,-433.0,656.0,-0.8549451345014065,0.05211746643092307,-0.9548027378235049,-0.9548027378235049,1,,0,frozen,curriculum,,0.0,1560.7605245999293
380,tactics,1608,d1c2,-32.0,-971.0,939.0,-0.9637677249491166,0.0013232068619210835,-1.0158851913800395,-1.0158851913800395,1,,0,frozen,curriculum,,0.0,1561.8422185999807
381,tactics,1622,e4e5,600.0,-639.0,1239.0,-0.9918581932563142,-0.04833586314399068,-0.9931814001182353,-0.9931814001182353,1,,0,frozen,curriculum,,0.0,1562.8917792999418
382,tactics,1623,e4c6,664.0,-799.0,1463.0,-0.9973398450309887,-0.09578606223834057,-0.9490039818869981,-0.9490039818869981,1,,0,frozen,curriculum,,0.0,1563.9063248999882
383,tactics,1639,h6g5,890.0,890.0,0.0,1.0,-0.04099675912642353,1.0957860622383406,1.0957860622383406,1,,1,frozen,curriculum,,0.0,1564.9305454000132
384,tactics,1645,h6f5,194.0,11.0,183.0,0.1439110928907934,-0.03175136652556268,0.18490785201721693,0.18490785201721693,1,,0,frozen,curriculum,,0.0,1565.9242713999702
385,tactics,1646,f2e4,901.0,531.0,370.0,-0.4565084119636229,-0.052989218797465695,-0.42475704543806025,-0.42475704543806025,1,,0,frozen,curriculum,,0.0,1567.0355653000297
386,tactics,1661,f3f1,858.0,858.0,0.0,1.0,-0.0003397578575924029,1.0529892187974657,1.0529892187974657,1,,1,frozen,curriculum,,0.0,1568.3162118999753
387,tactics,1668,e5g6,359.0,359.0,0.0,1.0,0.04967723003528722,1.0003397578575923,1.0003397578575923,1,,1,frozen,curriculum,,0.0,1569.408732599928
388,tactics,1669,b8c6,577.0,209.0,368.0,-0.4517948296981613,0.02460362704861479,-0.5014720597334485,-0.5014720597334485,1,,0,frozen,curriculum,,0.0,1570.5075218999991
389,tactics,1677,c1d2,-5.0,-5.0,0.0,1.0,0.07337344569618405,0.9753963729513853,0.9753963729513853,1,,1,frozen,curriculum,,0.0,1571.582708699978
390,tactics,1685,c8a6,81.0,-690.0,771.0,-0.9170616896422601,0.023851688929261844,-0.9904351353384442,-0.9904351353384442,1,,0,frozen,curriculum,,0.0,1572.8157469999278
391,tactics,1689,e7e6,-54.0,-99.0,45.0,0.7759444378215202,0.06145632637387476,0.7520927488922584,0.7520927488922584,1,,0,frozen,curriculum,,0.0,1573.6987738999305
392,tactics,1699,d6e6,-419.0,-660.0,241.0,-0.07765224491499412,0.05450089780943131,-0.1391085712888689,-0.1391085712888689,1,,0,frozen,curriculum,,0.0,1574.8150108000264
393,tactics,1711,f3f5,179.0,79.0,100.0,0.5101626751925817,0.07728398667858884,0.45566177738315045,0.45566177738315045,1,,0,frozen,curriculum,,0.0,1575.9980366999516
394,tactics,1712,c1d2,200.0,171.0,29.0,0.8552535190728211,0.11618246329830045,0.7779695323942323,0.7779695323942323,1,,0,frozen,curriculum,,0.0,1577.04740089993
395,tactics,1713,c2b3,-28.0,-143.0,115.0,0.44033561304906343,0.13239012078583862,0.324153149750763,0.324153149750763,1,,0,frozen,curriculum,,0.0,1578.119373900001
396,tactics,1716,e5e4,832.0,456.0,376.0,-0.47044450583173836,0.10224838945495977,-0.602834626617577,-0.602834626617577,1,,0,frozen,curriculum,,0.0,1579.2021211999236
397,tactics,1718,c1a3,448.0,-847.0,1295.0,-0.9938434944972945,0.04744379525734706,-1.0960918839522542,-1.0960918839522542,1,,0,frozen,curriculum,,0.0,1580.2999243999366
398,tactics,1729,b4d2,-537.0,-707.0,170.0,0.1977314301041082,0.05495817699968511,0.15028763484676116,0.15028763484676116,1,,0,frozen,curriculum,,0.0,1581.3392332999501
399,tactics,1730,f6e4,35.0,-535.0,570.0,-0.7812747311362369,0.013146531592889005,-0.836232908135922,-0.836232908135922,1,,0,frozen,curriculum,,0.0,1582.515871200012
400,tactics,1734,a2a3,-784.0,-879.0,95.0,0.5337339819147229,0.0391759041089807,0.5205874503218338,0.5205874503218338,1,,0,frozen,curriculum,,0.0,1583.81476009998
401,tactics,1747,f5g6,879.0,473.0,406.0,-0.5356443117240206,0.010434893317330628,-0.5748202158330014,-0.5748202158330014,1,,0,frozen,curriculum,,0.0,1584.9239665999776
402,tactics,1758,c8e6,1096.0,-406.0,1502.0,-0.9978108743689398,-0.0399773950669829,-1.0082457676862704,-1.0082457676862704,1,,0,frozen,curriculum,,0.0,1586.0656945999945
403,tactics,1769,e5f7,-297.0,-734.0,437.0,-0.5955775823581819,-0.06775740443154285,-0.555600187291199,-0.555600187291199,1,,0,frozen,curriculum,,0.0,1587.1170106999343
404,tactics,1772,a8a7,-152.0,-1219.0,1067.0,-0.9808128399377267,-0.11341017620685204,-0.9130554355061838,-0.9130554355061838,1,,0,frozen,curriculum,,0.0,1588.1937213999918
405,tactics,1782,h2h4,-41.0,-1095.0,1054.0,-0.979530843079834,-0.15671620955050114,-0.866120666872982,-0.866120666872982,1,,0,frozen,curriculum,,0.0,1589.2493118999992
406,tactics,1801,d4c2,809.0,700.0,109.0,0.4681008932781573,-0.1254753544090682,0.6248171028286584,0.6248171028286584,1,,0,frozen,curriculum,,0.0,1590.3928843999747
407,tactics,1806,g7g6,72.0,42.0,30.0,0.8502806186250018,-0.07668755575736469,0.97575597303407,0.97575597303407,1,,0,frozen,curriculum,,0.0,1591.6178557999665
408,tactics,1807,a2a1,-292.0,-342.0,50.0,0.7512939964568076,-0.03528847814665606,0.8279815522141722,0.8279815522141722,1,,0,frozen,curriculum,,0.0,1592.6876935999608
409,tactics,1808,g7g5,-641.0,-1137.0,496.0,-0.6909111914533606,-0.06806961381199128,-0.6556227133067045,-0.6556227133067045,1,,0,frozen,curriculum,,0.0,1593.776469699922
410,tactics,1819,e7e6,632.0,443.0,189.0,0.1195658927980342,-0.05868783848149001,0.18763550661002548,0.18763550661002548,1,,0,frozen,curriculum,,0.0,1594.8909405999584
411,tactics,1833,h4g5,981.0,505.0,476.0,-0.6611577370770569,-0.08881133341126835,-0.602469898595567,-0.602469898595567,1,,0,frozen,curriculum,,0.0,1595.9886006999295
412,tactics,1843,g4h5,-99.0,-133.0,34.0,0.830408236902596,-0.04285035489557512,0.9192195703138644,0.9192195703138644,1,,0,frozen,curriculum,,0.0,1597.0866284000222
413,tactics,1847,c1b2,202.0,202.0,0.0,1.0,0.009292162849203638,1.0428503548955752,1.0428503548955752,1,,1,frozen,curriculum,,0.0,1598.2186937999213
414,tactics,1903,d4e5,773.0,773.0,0.0,1.0,0.05882755470674346,0.9907078371507964,0.9907078371507964,1,,1,frozen,curriculum,,0.0,1599.4650499999989
415,tactics,1908,c1b2,394.0,-44.0,438.0,-0.5973916257435725,0.026016595684227657,-0.656219180450316,-0.656219180450316,1,,0,frozen,curriculum,,0.0,1600.5392988999374
416,tactics,1913,b4c6,-95.0,-937.0,842.0,-0.9414832873180627,-0.02235839846588687,-0.9674998830022904,-0.9674998830022904,1,,0,frozen,curriculum,,0.0,1601.6151237000013
417,tactics,1915,c1g5,502.0,-754.0,1256.0,-0.9925204098916638,-0.07086649903717572,-0.970162011425777,-0.970162011425777,1,,0,frozen,curriculum,,0.0,1602.674624999985
418,tactics,1916,h5g4,89.0,89.0,0.0,1.0,-0.01732317408531693,1.0708664990371757,1.0708664990371757,1,,1,frozen,curriculum,,0.0,1603.7793456999352
419,tactics,1930,a1b3,-463.0,-858.0,395.0,-0.5125885969215278,-0.04208644522712748,-0.4952654228362109,-0.4952654228362109,1,,0,frozen,curriculum,,0.0,1604.8295173000079
420,tactics,1939,d5c7,176.0,-455.0,631.0,-0.8364211371763834,-0.08180317982459029,-0.794334691949256,-0.794334691949256,1,,0,frozen,curriculum,,0.0,1605.9536420999793
421,tactics,1952,h3g3,217.0,75.0,142.0,0.3183953607645257,-0.06179325279513449,0.40019854058911597,0.40019854058911597,1,,0,frozen,curriculum,,0.0,1607.0507786999224
422,tactics,1956,h2h3,0.0,-214.0,214.0,0.0216123366900961,-0.05762297332087296,0.0834055894852306,0.0834055894852306,1,,0,frozen,curriculum,,0.0,1608.1017396999523
423,tactics,1968,a3c4,90.0,90.0,0.0,1.0,-0.0047418246548293075,1.057622973320873,1.057622973320873,1,,1,frozen,curriculum,,0.0,1609.1579971999163
424,tactics,1972,h6g7,104.0,55.0,49.0,0.7562181987011352,0.03330617651296892,0.7609600233559645,0.7609600233559645,1,,0,frozen,curriculum,,0.0,1610.3127817999339
425,tactics,1981,c3e4,-239.0,-239.0,0.0,1.0,0.08164086768732047,0.966693823487031,0.966693823487031,1,,1,frozen,curriculum,,0.0,1611.3982163999463
426,tactics,2000,c1g5,992.0,992.0,0.0,1.0,0.12755882430295445,0.9183591323126795,0.9183591323126795,1,,1,frozen,curriculum,,0.0,1612.5219888000283
427,tactics,2002,h5g4,832.0,508.0,324.0,-0.33918051923754167,0.10422185712592964,-0.4667393435404961,-0.4667393435404961,1,,0,frozen,curriculum,,0.0,1613.7301257000072
428,tactics,2004,c1a3,-751.0,-790.0,39.0,0.8056155656674626,0.1392915425530063,0.7013937085415329,0.7013937085415329,1,,0,frozen,curriculum,,0.0,1614.8365319999866
429,tactics,2012,c2g6,143.0,-930.0,1073.0,-0.9813772661349902,0.08325810211860646,-1.1206688086879966,-1.1206688086879966,1,,0,frozen,curriculum,,0.0,1615.9512598000001
430,tactics,2026,h6g4,95.0,73.0,22.0,0.8901107826216251,0.12360073614375738,0.8068526805030187,0.8068526805030187,1,,0,frozen,curriculum,,0.0,1617.3541656000307
431,tactics,2031,c1a3,717.0,47.0,670.0,-0.8644193433632874,0.07419973216840514,-0.9880200795070448,-0.9880200795070448,1,,0,frozen,curriculum,,0.0,1618.5859262000304
432,tactics,2033,d8f6,64.0,-581.0,645.0,-0.8470572329361674,0.028136883913176508,-0.9212569651045726,-0.9212569651045726,1,,0,frozen,curriculum,,0.0,1619.7835219999542
433,tactics,2042,g7g5,257.0,-254.0,511.0,-0.711634807209224,-0.008851700642943522,-0.7397716911224005,-0.7397716911224005,1,,0,frozen,curriculum,,0.0,1620.9527353999438
434,tactics,2049,h6g4,455.0,-134.0,589.0,-0.80010656705173,-0.04841444396338285,-0.7912548664087865,-0.7912548664087865,1,,0,frozen,curriculum,,0.0,1622.2608137999196
435,tactics,2051,e7g5,214.0,-965.0,1179.0,-0.9890175313007488,-0.09544459833025114,-0.9406030873373659,-0.9406030873373659,1,,0,frozen,curriculum,,0.0,1623.4541388999205
436,tactics,2055,h6g4,59.0,59.0,0.0,1.0,-0.04067236841373857,1.0954445983302512,1.0954445983302512,1,,1,frozen,curriculum,,0.0,1624.6485993999522
437,tactics,2058,h6g5,603.0,603.0,0.0,1.0,0.011361250006948362,1.0406723684137387,1.0406723684137387,1,,1,frozen,curriculum,,0.0,1625.7425586999161
438,tactics,2082,a3c4,654.0,654.0,0.0,1.0,0.06079318750660095,0.9886387499930517,0.9886387499930517,1,,1,frozen,curriculum,,0.0,1626.9126459999243
439,tactics,2084,g7g6,159.0,-14.0,173.0,0.18518304800091745,0.06701268053131677,0.1243898604943165,0.1243898604943165,1,,0,frozen,curriculum,,0.0,1628.0543588999426
440,tactics,2087,f5g4,1263.0,784.0,479.0,-0.6657809320789816,0.030372999900801854,-0.7327936126102984,-0.7327936126102984,1,,0,frozen,curriculum,,0.0,1629.441889300011
441,tactics,2088,e3c1,366.0,73.0,293.0,-0.2491848832419472,0.0163951057436644,-0.27955788314274904,-0.27955788314274904,1,,0,frozen,curriculum,,0.0,1630.622523099999
442,tactics,2095,d8c7,269.0,143.0,126.0,0.3900421512290221,0.035077458017932286,0.37364704548535765,0.37364704548535765,1,,0,frozen,curriculum,,0.0,1631.721883899998
443,tactics,2111,e4f5,41.0,41.0,0.0,1.0,0.08332358511703566,0.9649225419820677,0.9649225419820677,1,,1,frozen,curriculum,,0.0,1632.8981228999328
444,tactics,2118,c1b2,123.0,-1014.0,1137.0,-0.9864598565489084,0.029834413033738447,-1.0697834416659442,-1.0697834416659442,1,,0,frozen,curriculum,,0.0,1634.2668935999973
445,tactics,2121,h7h5,680.0,90.0,590.0,-0.801053953765773,-0.011710005306237132,-0.8308883667995115,-0.8308883667995115,1,,0,frozen,curriculum,,0.0,1635.7517110999906
446,tactics,2155,e3d4,432.0,394.0,38.0,0.8105695274276429,0.02940397133045687,0.82227953273388,0.82227953273388,1,,0,frozen,curriculum,,0.0,1637.4547689999454
447,tactics,2161,c1b2,474.0,474.0,0.0,1.0,0.07793377276393403,0.9705960286695431,0.9705960286695431,1,,1,frozen,curriculum,,0.0,1638.7441033999203
448,tactics,2170,f4h4,-582.0,-1057.0,475.0,-0.659603819971919,0.04105689312714138,-0.737537592735853,-0.737537592735853,1,,0,frozen,curriculum,,0.0,1639.9811268999474
449,tactics,2171,b8c6,501.0,233.0,268.0,-0.16995976576145755,0.03050606018271143,-0.21101665888859894,-0.21101665888859894,1,,0,frozen,curriculum,,0.0,1641.3573156999191
450,tactics,2181,h4g4,699.0,290.0,409.0,-0.5417656830691766,0.0018924730201170248,-0.572271743251888,-0.572271743251888,1,,0,frozen,curriculum,,0.0,1642.7481066000182
451,tactics,2191,e6f6,975.0,-671.0,1646.0,-0.9989341387697304,-0.04814885756937534,-1.0008266117898474,-1.0008266117898474,1,,0,frozen,curriculum,,0.0,1644.17593519995
452,tactics,2193,e3g5,799.0,733.0,66.0,0.672962492632655,-0.012093290059273822,0.7211113502020303,0.7211113502020303,1,,0,frozen,curriculum,,0.0,1645.6329942999873
453,tactics,2200,g5h4,-517.0,-517.0,0.0,1.0,0.03851137444368987,1.0120932900592738,1.0120932900592738,1,,1,frozen,curriculum,,0.0,1646.8165179999778
454,tactics,2202,g2g4,-161.0,-164.0,3.0,0.985000281243672,0.08583581978368898,0.9464889067999821,0.9464889067999821,1,,0,frozen,curriculum,,0.0,1647.9424522999907
455,tactics,2204,h5g4,900.0,898.0,2.0,0.9900000833325,0.13104403296112954,0.904164263548811,0.904164263548811,1,,0,frozen,curriculum,,0.0,1649.0508721999358
456,tactics,2211,g7g6,867.0,696.0,171.0,0.19354018553839736,0.13416884058999293,0.062496152577267816,0.062496152577267816,1,,0,frozen,curriculum,,0.0,1650.3224672999931
457,tactics,2233,c8f5,-2.0,-11.0,9.0,0.9550075922125807,0.1752107781711223,0.8208387516225878,0.8208387516225878,1,,0,frozen,curriculum,,0.0,1651.6927054999396
458,tactics,2234,c8e6,944.0,-434.0,1378.0,-0.9959324850158191,0.11665361501177521,-1.1711432631869414,-1.1711432631869414,1,,0,frozen,curriculum,,0.0,1652.987471499946
459,tactics,2235,e1d2,11.0,-1133.0,1144.0,-0.9869240417534455,0.061474732173514166,-1.1035776567652207,-1.1035776567652207,1,,0,frozen,curriculum,,0.0,1654.27066499996
460,tactics,2242,h5c5,176.0,52.0,124.0,0.3991258057046918,0.07835728585007305,0.3376510735311776,0.3376510735311776,1,,0,frozen,curriculum,,0.0,1655.433137099957
461,tactics,2249,h7h6,871.0,158.0,713.0,-0.8899267978662297,0.02994308166425791,-0.9682840837163028,-0.9682840837163028,1,,0,frozen,curriculum,,0.0,1656.6554294999223
462,tactics,2256,g3f5,31.0,-881.0,912.0,-0.958585049875633,-0.01948332491273664,-0.9885281315398908,-0.9885281315398908,1,,0,frozen,curriculum,,0.0,1657.8608169999206
463,tactics,2260,f5g6,95.0,-140.0,235.0,-0.056190399189864015,-0.021318678626593007,-0.036707074277127376,-0.036707074277127376,1,,0,frozen,curriculum,,0.0,1659.2352208999218
464,tactics,2268,g4h3,321.0,-430.0,751.0,-0.908538439297027,-0.06567966666011471,-0.8872197606704341,-0.8872197606704341,1,,0,frozen,curriculum,,0.0,1660.5576707000146
465,tactics,2272,c1b2,904.0,-803.0,1707.0,-0.9992142737351493,-0.11235639701386643,-0.9335346070750346,-0.9335346070750346,1,,0,frozen,curriculum,,0.0,1661.9993115999969
466,tactics,2277,c1b1,-199.0,-802.0,603.0,-0.8129887796018089,-0.14738801614326355,-0.7006323825879425,-0.7006323825879425,1,,0,frozen,curriculum,,0.0,1663.263447299949
467,tactics,2295,h5g4,117.0,72.0,45.0,0.7759444378215202,-0.10122139344502434,0.9233324539647838,0.9233324539647838,1,,0,frozen,curriculum,,0.0,1664.5131832999177
468,tactics,2310,g4f5,623.0,577.0,46.0,0.7710085816057777,-0.05760989469248423,0.872229975050802,0.872229975050802,1,,0,frozen,curriculum,,0.0,1665.7367307000095
469,tactics,2317,h5g4,-299.0,-299.0,0.0,1.0,-0.004729399957860016,1.0576098946924843,1.0576098946924843,1,,1,frozen,curriculum,,0.0,1666.9299136999762
470,tactics,2328,g1h3,825.0,825.0,0.0,1.0,0.04550707004003299,1.00472939995786,1.00472939995786,1,,1,frozen,curriculum,,0.0,1668.1417014999315
471,tactics,2329,g7g6,449.0,-34.0,483.0,-0.6718560003452709,0.009638916520767787,-0.7173630703853039,-0.7173630703853039,1,,0,frozen,curriculum,,0.0,1669.4497728999704
472,tactics,2330,f6g5,-69.0,-277.0,208.0,0.044599975663004,0.011386969477879597,0.03496105914223621,0.03496105914223621,1,,0,frozen,curriculum,,0.0,1670.6602409000043
473,tactics,2342,e4f3,-123.0,-414.0,291.0,-0.2430669854420222,-0.0013357282681154947,-0.2544539549199018,-0.2544539549199018,1,,0,frozen,curriculum,,0.0,1671.807034599944
474,tactics,2353,e4d5,-135.0,-135.0,0.0,1.0,0.04873105814529028,1.0013357282681155,1.0013357282681155,1,,1,frozen,curriculum,,0.0,1673.0846066999948
475,tactics,2354,g7g6,934.0,-704.0,1638.0,-0.9988906522115164,-0.0036500273725500604,-1.0476217103568066,-1.0476217103568066,1,,0,frozen,curriculum,,0.0,1674.6158759000245
476,tactics,2376,a3b2,34.0,-294.0,328.0,-0.3501397496772156,-0.02097451348778334,-0.34648972230466557,-0.34648972230466557,1,,0,frozen,curriculum,,0.0,1676.123623899999
477,tactics,2380,g5g4,-63.0,-522.0,459.0,-0.6338483748267003,-0.05161820655472919,-0.612873861338917,-0.612873861338917,1,,0,frozen,curriculum,,0.0,1677.7992968999315
478,tactics,2389,h3f2,1005.0,839.0,166.0,0.2145802807046635,-0.03830828219175955,0.2661984872593927,0.2661984872593927,1,,0,frozen,curriculum,,0.0,1679.3031003000215
479,tactics,2392,g4h5,152.0,128.0,24.0,0.880143792941713,0.007614321564914081,0.9184520751334725,0.9184520751334725,1,,0,frozen,curriculum,,0.0,1680.675922299968
480,tactics,2393,h2h3,165.0,127.0,38.0,0.8105695274276429,0.047762081858050524,0.8029552058627288,0.8029552058627288,1,,0,frozen,curriculum,,0.0,1682.0749817999313
481,tactics,2398,e4f5,-513.0,-513.0,0.0,1.0,0.095373977765148,0.9522379181419495,0.9522379181419495,1,,1,frozen,curriculum,,0.0,1683.5548057999695
482,tactics,2405,g5g6,654.0,157.0,497.0,-0.6923342049302554,0.05598856863037783,-0.7877081826954034,-0.7877081826954034,1,,0,frozen,curriculum,,0.0,1685.2010973999277
483,tactics,2414,h6g4,767.0,-266.0,1033.0,-0.9772775633524124,0.004325262031238307,-1.0332661319827903,-1.0332661319827903,1,,0,frozen,curriculum,,0.0,1686.420130899991
484,tactics,2421,c1a3,695.0,654.0,41.0,0.7957149227706322,0.04389474506820801,0.7913896607393939,0.7913896607393939,1,,0,frozen,curriculum,,0.0,1687.6601922999835
485,tactics,2422,e7e6,-182.0,-232.0,50.0,0.7512939964568076,0.07926470763763799,0.7073992513885996,0.7073992513885996,1,,0,frozen,curriculum,,0.0,1688.8250817999942
486,tactics,2424,c1a3,-5.0,-58.0,53.0,0.7365399884180733,0.11212847167665976,0.6572752807804354,0.6572752807804354,1,,0,frozen,curriculum,,0.0,1690.0022897999734
487,tactics,2426,d4d5,245.0,236.0,9.0,0.9550075922125807,0.1542724277034558,0.842879120535921,0.842879120535921,1,,0,frozen,curriculum,,0.0,1691.1420417999616
488,tactics,2433,e8d8,889.0,698.0,191.0,0.111521576602571,0.15213488514841159,-0.04275085110088481,-0.04275085110088481,1,,0,frozen,curriculum,,0.0,1692.430040700012
489,tactics,2435,h2g4,590.0,205.0,385.0,-0.49077984769851324,0.11998914850606535,-0.6429147328469248,-0.6429147328469248,1,,0,frozen,curriculum,,0.0,1693.7486462999368
490,tactics,2444,h3g5,-651.0,-1121.0,470.0,-0.651736910238915,0.08140284556881631,-0.7717260587449803,-0.7717260587449803,1,,0,frozen,curriculum,,0.0,1694.9935239999322
491,tactics,2459,c1d2,83.0,-69.0,152.0,0.2745850648438978,0.09106195653257038,0.19318221927508145,0.19318221927508145,1,,0,frozen,curriculum,,0.0,1696.2026272999356
492,tactics,2465,c1a3,794.0,-784.0,1578.0,-0.998502682399941,0.036583724585944805,-1.0895646389325113,-1.0895646389325113,1,,0,frozen,curriculum,,0.0,1697.4272806999506
493,tactics,2466,f5g4,-17.0,-101.0,84.0,0.5860670005410948,0.0640578883837023,0.54948327595515,0.54948327595515,1,,0,frozen,curriculum,,0.0,1698.6487247999758
494,tactics,2473,f6g4,896.0,475.0,421.0,-0.5655528133191159,0.03257735329856139,-0.6296107017028182,-0.6296107017028182,1,,0,frozen,curriculum,,0.0,1700.023893799982
495,tactics,2495,g5e3,24.0,23.0,1.0,0.9950000104166407,0.08069848615446534,0.9624226571180793,0.9624226571180793,1,,0,frozen,curriculum,,0.0,1701.5737328999676
496,tactics,2506,g2g6,-74.0,-992.0,918.0,-0.9597967444661051,0.028673724623436814,-1.0404952306205704,-1.0404952306205704,1,,0,frozen,curriculum,,0.0,1702.8530670999316
497,tactics,2515,b2b3,559.0,-1037.0,1596.0,-0.9986315106609409,-0.022691537140782078,-1.0273052352843777,-1.0273052352843777,1,,0,frozen,curriculum,,0.0,1704.124249399989
498,tactics,2519,g5g4,428.0,336.0,92.0,0.5479432954426581,0.005840204488389931,0.5706348325834402,0.5706348325834402,1,,0,frozen,curriculum,,0.0,1705.3698569999542
499,tactics,2522,f3g5,726.0,347.0,379.0,-0.47729830789722416,-0.018316721130890775,-0.4831385123856141,-0.4831385123856141,1,,0,frozen,curriculum,,0.0,1706.59494119999
500,tactics,2562,h3f1,-60.0,-163.0,103.0,0.496088568933585,0.007403543372333017,0.5144052900644758,0.5144052900644758,1,,0,frozen,curriculum,,0.0,1707.8981278999709
501,tactics,endgames_0000,h3b3,724.0,711.0,13.0,0.9350228757517102,0.05378450999130188,0.9276193323793771,0.9276193323793771,1,,0,frozen,replay,,0.0,1709.2355720999185
502,tactics,endgames_0001,e2d1,99994.0,99990.0,4.0,0.9800006666400011,0.10009531782373685,0.9262161566486992,0.9262161566486992,1,10.0,0,frozen,replay,,0.0,1710.3837601999985
503,tactics,endgames_0004,c4b3,572.0,572.0,0.0,1.0,0.14509055193255,0.8999046821762632,0.8999046821762632,1,,1,frozen,replay,,0.0,1711.5673649000237
504,tactics,endgames_0006,d8c7,617.0,617.0,0.0,1.0,0.1878360243359225,0.85490944806745,0.85490944806745,1,,1,frozen,replay,,0.0,1712.794510699925
505,tactics,endgames_0008,a8a7,588.0,585.0,3.0,0.985000281243672,0.22769423718130996,0.7971642569077495,0.7971642569077495,1,,0,frozen,replay,,0.0,1713.9836559999967
506,tactics,endgames_0010,f6g6,548.0,541.0,7.0,0.9650035724790387,0.2645597039461964,0.7373093352977287,0.7373093352977287,1,,0,frozen,replay,,0.0,1715.2512464999454
507,tactics,endgames_0015,h4g4,85.0,85.0,0.0,1.0,0.30133171874888653,0.7354402960538036,0.7354402960538036,1,,1,frozen,replay,,0.0,1716.6420574999647
508,tactics,endgames_0019,f5c2,670.0,629.0,41.0,0.7957149227706322,0.32605087894997375,0.4943832040217456,0.4943832040217456,1,,0,frozen,replay,,0.0,1717.8512965999544
509,tactics,endgames_0034,b8a7,640.0,587.0,53.0,0.7365399884180733,0.34657533442337873,0.4104891094680996,0.4104891094680996,1,,0,frozen,replay,,0.0,1719.0675129999872
510,tactics,endgames_0038,d2d1,496.0,49.0,447.0,-0.6133951562336359,0.298576809890528,-0.9599704906570147,-0.9599704906570147,1,,0,frozen,replay,,0.0,1720.210935799987
511,tactics,endgames_0045,e6c6,365.0,-63.0,428.0,-0.578922441909961,0.2547018473005035,-0.8774992518004889,-0.8774992518004889,1,,0,frozen,replay,,0.0,1721.3733949000016
512,tactics,endgames_0050,d4d5,99996.0,725.0,99271.0,-1.0,0.19196675493547832,-1.2547018473005034,-1.2547018473005034,1,,0,frozen,replay,,0.0,1722.550808699918
513,tactics,endgames_0057,d2d1,99997.0,99994.0,3.0,0.985000281243672,0.231618431250888,0.7930335263081937,0.7930335263081937,1,6.0,0,frozen,replay,,0.0,1723.8469898999901
514,tactics,endgames_0063,c6c2,384.0,-24.0,408.0,-0.5397330718178008,0.19305085609745354,-0.7713515030686888,-0.7713515030686888,1,,0,frozen,replay,,0.0,1725.0721395999426
515,tactics,endgames_0064,g2f1,628.0,628.0,0.0,1.0,0.23339831329258087,0.8069491439025465,0.8069491439025465,1,,1,frozen,replay,,0.0,1726.2293765000068
516,tactics,endgames_0073,e7e6,17.0,12.0,5.0,0.9750013020019582,0.27047846272804976,0.7416029887093774,0.7416029887093774,1,,0,frozen,replay,,0.0,1727.5252995999763
517,tactics,endgames_0075,b1a1,435.0,398.0,37.0,0.8155258358168815,0.29773083138249135,0.5450473730888318,0.5450473730888318,1,,0,frozen,replay,,0.0,1728.7096222999971
518,tactics,endgames_0076,h7g6,642.0,0.0,642.0,-0.8448354621590559,0.240602516705414,-1.1425662935415473,-1.1425662935415473,1,,0,frozen,replay,,0.0,1729.9316159000155
519,tactics,endgames_0080,d3c2,99997.0,703.0,99294.0,-1.0,0.17857239087014326,-1.240602516705414,-1.240602516705414,1,,0,frozen,replay,,0.0,1731.2374164999928
520,tactics,endgames_0085,a3a1,425.0,418.0,7.0,0.9650035724790387,0.21789394995058803,0.7864311816088954,0.7864311816088954,1,,0,frozen,replay,,0.0,1732.58096079994
521,tactics,endgames_0113,f6g6,0.0,0.0,0.0,1.0,0.2569992524530586,0.7821060500494119,0.7821060500494119,1,,1,frozen,replay,,0.0,1733.7063791999826
522,tactics,endgames_0121,b3b2,787.0,787.0,0.0,1.0,0.29414928983040567,0.7430007475469413,0.7430007475469413,1,,1,frozen,replay,,0.0,1734.8584293000167
523,tactics,endgames_0122,b6a7,99991.0,396.0,99595.0,-1.0,0.2294418253388854,-1.2941492898304057,-1.2941492898304057,1,,0,frozen,replay,,0.0,1736.0808448999887
524,tactics,endgames_0125,h4g4,616.0,594.0,22.0,0.8901107826216251,0.2624752732030224,0.6606689572827398,0.6606689572827398,1,,0,frozen,replay,,0.0,1737.2465378999477
525,tactics,movement_0008,a5a1,100.0,-100.0,200.0,0.07576568547998053,0.2531397938168703,-0.18670958772304186,-0.18670958772304186,1,,0,frozen,replay,,0.0,1739.8290327999275
526,tactics,movement_0009,c3a1,100.0,-100.0,200.0,0.07576568547998053,0.2442710884000258,-0.17737410833688977,-0.17737410833688977,1,,0,frozen,replay,,0.0,1742.3091797999805
527,tactics,movement_0019,a4a1,100.0,-100.0,200.0,0.07576568547998053,0.2358458182540235,-0.16850540292004526,-0.16850540292004526,1,,0,frozen,replay,,0.0,1744.6334864000091
528,tactics,movement_0021,h1a1,100.0,-100.0,200.0,0.07576568547998053,0.22784181161532135,-0.16008013277404298,-0.16008013277404298,1,,0,frozen,replay,,0.0,1747.2038768000202
529,tactics,movement_0025,c8a1,100.0,-100.0,200.0,0.07576568547998053,0.2202380053085543,-0.15207612613534083,-0.15207612613534083,1,,0,frozen,replay,,0.0,1749.3267943999963
530,tactics,movement_0028,c3a1,100.0,100.0,0.0,1.0,0.2592261050431266,0.7797619946914457,0.7797619946914457,1,,1,frozen,replay,,0.0,1751.9459485999541
531,tactics,movement_0030,f4a1,100.0,-100.0,200.0,0.07576568547998053,0.2500530840649693,-0.18346041956314607,-0.18346041956314607,1,,0,frozen,replay,,0.0,1753.3839254999766
532,tactics,movement_0037,d5a1,100.0,-100.0,200.0,0.07576568547998053,0.24133871413571983,-0.17428739858498876,-0.17428739858498876,1,,0,frozen,replay,,0.0,1755.9727758999215
533,tactics,movement_0047,f3f2,100.0,100.0,0.0,1.0,0.27927177842893386,0.7586612858642802,0.7586612858642802,1,,1,frozen,replay,,0.0,1758.2788440999575
534,tactics,movement_0055,d7a1,100.0,-100.0,200.0,0.07576568547998053,0.26909647378148616,-0.20350609294895333,-0.20350609294895333,1,,0,frozen,replay,,0.0,1760.5687681999989
535,tactics,movement_0056,a5a1,100.0,-100.0,200.0,0.07576568547998053,0.2594299343664109,-0.19333078830150563,-0.19333078830150563,1,,0,frozen,replay,,0.0,1763.0748008999508
536,tactics,movement_0057,g3a1,100.0,-100.0,200.0,0.07576568547998053,0.25024672192208935,-0.18366424888643035,-0.18366424888643035,1,,0,frozen,replay,,0.0,1765.472987200017
537,tactics,movement_0063,b4a1,100.0,-100.0,200.0,0.07576568547998053,0.2415226700999839,-0.17448103644210883,-0.17448103644210883,1,,0,frozen,replay,,0.0,1767.9088893999578
538,tactics,movement_0068,g7a1,100.0,100.0,0.0,1.0,0.2794465365949847,0.758477329900016,0.758477329900016,1,,1,frozen,replay,,0.0,1770.4453275999986
539,tactics,movement_0069,h8a1,100.0,-100.0,200.0,0.07576568547998053,0.26926249403923447,-0.20368085111500417,-0.20368085111500417,1,,0,frozen,replay,,0.0,1772.8461262999335
540,tactics,movement_0070,f7a1,100.0,-100.0,200.0,0.07576568547998053,0.25958765361127173,-0.19349680855925394,-0.19349680855925394,1,,0,frozen,replay,,0.0,1775.4291880999226
541,tactics,movement_0071,a7a1,100.0,-100.0,200.0,0.07576568547998053,0.25039655520470716,-0.1838219681312912,-0.1838219681312912,1,,0,frozen,replay,,0.0,1777.843330099946
542,tactics,movement_0081,f4a1,100.0,-100.0,200.0,0.07576568547998053,0.24166501171847082,-0.17463086972472663,-0.17463086972472663,1,,0,frozen,replay,,0.0,1780.262754400028
543,tactics,movement_0083,g7g6,100.0,100.0,0.0,1.0,0.2795817611325473,0.7583349882815291,0.7583349882815291,1,,1,frozen,replay,,0.0,1782.7875633999938
544,tactics,movement_0091,a1b3,100.0,100.0,0.0,1.0,0.3156026730759199,0.7204182388674527,0.7204182388674527,1,,1,frozen,replay,,0.0,1784.5849342999281
545,tactics,movement_0096,c2a1,100.0,-100.0,200.0,0.07576568547998053,0.3036108236961229,-0.23983698759593935,-0.23983698759593935,1,,0,frozen,replay,,0.0,1786.4425825999351
546,tactics,movement_0098,c3a1,100.0,100.0,0.0,1.0,0.33843028251131674,0.6963891763038771,0.6963891763038771,1,,1,frozen,replay,,0.0,1788.8217906999635
547,tactics,movement_0099,c3a1,100.0,-100.0,200.0,0.07576568547998053,0.3252970526597499,-0.2626645970313362,-0.2626645970313362,1,,0,frozen,replay,,0.0,1791.1592442999827
548,tactics,movement_0102,a2a1,100.0,-100.0,200.0,0.07576568547998053,0.3128204843007614,-0.24953136717976937,-0.24953136717976937,1,,0,frozen,replay,,0.0,1793.5765714999288
549,tactics,movement_0110,e5a1,100.0,100.0,0.0,1.0,0.3471794600857233,0.6871795156992386,0.6871795156992386,1,,1,frozen,replay,,0.0,1796.196182099986
550,tactics,movement_0122,d4a1,100.0,100.0,0.0,1.0,0.3798204870814371,0.6528205399142767,0.6528205399142767,1,,1,frozen,replay,,0.0,1798.8840689000208
551,tactics,movement_0125,g6a1,100.0,-100.0,200.0,0.07576568547998053,0.3646177470013643,-0.3040548016014566,-0.3040548016014566,1,,0,frozen,replay,,0.0,1801.9471497000195
552,tactics,movement_0129,b6a1,100.0,-100.0,200.0,0.07576568547998053,0.3501751439252951,-0.28885206152138376,-0.28885206152138376,1,,0,frozen,replay,,0.0,1804.667253099964
553,tactics,movement_0131,g2f2,100.0,100.0,0.0,1.0,0.3826663867290303,0.6498248560747049,0.6498248560747049,1,,1,frozen,replay,,0.0,1807.2166238999926
554,tactics,movement_0133,c8a1,100.0,-100.0,200.0,0.07576568547998053,0.3673213516665778,-0.3069007012490498,-0.3069007012490498,1,,0,frozen,replay,,0.0,1809.5805982999736
555,tactics,movement_0136,f7a1,100.0,-100.0,200.0,0.07576568547998053,0.3527435683572479,-0.2915556661865973,-0.2915556661865973,1,,0,frozen,replay,,0.0,1812.0584171999944
556,mates,151,g7h6,959.0,959.0,0.0,1.0,0.3851063899393855,0.647256431642752,0.647256431642752,1,,1,frozen,replay,,0.0,1938.8551503999624
557,mates,177,g5d8,840.0,786.0,54.0,0.7316283801381827,0.40243248944932536,0.34652199019879715,0.34652199019879715,1,,0,frozen,replay,,0.0,1940.0690238999669
558,mates,1046,b7b3,431.0,-1029.0,1460.0,-0.9972996690774687,0.3324458815229856,-1.3997321585267941,-1.3997321585267941,1,,0,frozen,replay,,0.0,1941.315663299989
559,mates,1048,d4f2,0.0,-68.0,68.0,0.6632379082583706,0.34898548285975484,0.330792026735385,0.330792026735385,1,,0,frozen,replay,,0.0,1942.375282199937
560,mates,1067,g2g4,-561.0,-1200.0,639.0,-0.8425827368030592,0.28940707187661413,-1.191568219662814,-1.191568219662814,1,,0,frozen,replay,,0.0,1943.4265144999372
561,mates,1068,a8a2,856.0,190.0,666.0,-0.8617750788548939,0.23184796434003874,-1.151182150731508,-1.151182150731508,1,,0,frozen,replay,,0.0,1944.5139175999211
562,mates,1108,h7h8,945.0,900.0,45.0,0.7759444378215202,0.2590527880141128,0.5440964734814815,0.5440964734814815,1,,0,frozen,replay,,0.0,1945.65009130002
563,mates,1152,d4e5,-936.0,-1236.0,300.0,-0.2702979047745746,0.23258525337467842,-0.5293506927886874,-0.5293506927886874,1,,0,frozen,replay,,0.0,1946.8143088999204
564,mates,1242,h7g6,153.0,88.0,65.0,0.6778307807173616,0.2548475297418126,0.4452455273426832,0.4452455273426832,1,,0,frozen,replay,,0.0,1947.9858206999488
565,mates,1339,c7c6,143.0,143.0,0.0,1.0,0.2921051532547219,0.7451524702581874,0.7451524702581874,1,,1,frozen,replay,,0.0,1948.8180636999896
566,mates,1354,h6g5,712.0,712.0,0.0,1.0,0.3274998955919858,0.7078948467452781,0.7078948467452781,1,,1,frozen,replay,,0.0,1949.8174995000008
567,mates,1396,f6e4,111.0,52.0,59.0,0.7071209092806605,0.3464809462764195,0.37962101368867474,0.37962101368867474,1,,0,frozen,replay,,0.0,1950.7881982999388
568,mates,1429,h4g5,691.0,691.0,0.0,1.0,0.3791568989625985,0.6535190537235804,0.6535190537235804,1,,1,frozen,replay,,0.0,1951.7895499999868
569,mates,1465,c7c6,863.0,-11.0,874.0,-0.9500272549474817,0.31269769126709446,-1.3291841539100804,-1.3291841539100804,1,,0,frozen,replay,,0.0,1952.836800799938
570,mates,1496,d5e4,823.0,133.0,690.0,-0.8769245625714079,0.2532165785751693,-1.1896222538385024,-1.1896222538385024,1,,0,frozen,replay,,0.0,1953.9359910999192
571,mates,1608,d1c2,-32.0,-971.0,939.0,-0.9637677249491166,0.19236736339895502,-1.2169843035242858,-1.2169843035242858,1,,0,frozen,replay,,0.0,1955.0851854999783
572,mates,1668,e5g6,359.0,359.0,0.0,1.0,0.23274899522900727,0.807632636601045,0.807632636601045,1,,1,frozen,replay,,0.0,1956.1698344999459
573,mates,1716,e5e4,832.0,456.0,376.0,-0.47044450583173836,0.19758932017596997,-0.7031935010607456,-0.7031935010607456,1,,0,frozen,replay,,0.0,1957.1708745999495
574,mates,1847,c1b2,202.0,202.0,0.0,1.0,0.23770985416717144,0.80241067982403,0.80241067982403,1,,1,frozen,replay,,0.0,1958.1740919000003
575,mates,1908,c1b2,394.0,-44.0,438.0,-0.5973916257435725,0.19595478017163423,-0.8351014799107439,-0.8351014799107439,1,,0,frozen,replay,,0.0,1959.1778037999757
576,mates,1930,a1b3,-463.0,-858.0,395.0,-0.5125885969215278,0.16052761131697613,-0.7085433770931621,-0.7085433770931621,1,,0,frozen,replay,,0.0,1960.1541980999755
577,mates,1972,h6g7,104.0,55.0,49.0,0.7562181987011352,0.19031214068618407,0.595690587384159,0.595690587384159,1,,0,frozen,replay,,0.0,1961.1843859999208
578,mates,2026,h6g4,95.0,73.0,22.0,0.8901107826216251,0.22530207278295614,0.6997986419354411,0.6997986419354411,1,,0,frozen,replay,,0.0,1962.3296229999978
579,mates,2033,d8f6,64.0,-581.0,645.0,-0.8470572329361674,0.17168410749699994,-1.0723593057191236,-1.0723593057191236,1,,0,frozen,replay,,0.0,1963.5051861000247
580,mates,2055,h6g4,59.0,59.0,0.0,1.0,0.21309990212214996,0.8283158925030001,0.8283158925030001,1,,1,frozen,replay,,0.0,1964.5851522999583
581,mates,2088,e3c1,366.0,73.0,293.0,-0.2491848832419472,0.18998566285394508,-0.4622847853640972,-0.4622847853640972,1,,0,frozen,replay,,0.0,1965.5853972999612
582,mates,2118,c1b2,123.0,-1014.0,1137.0,-0.9864598565489084,0.13116338688380239,-1.1764455194028536,-1.1764455194028536,1,,0,frozen,replay,,0.0,1966.5847990999464
583,mates,2121,h7h5,680.0,90.0,590.0,-0.801053953765773,0.08455251985132362,-0.9322173406495754,-0.9322173406495754,1,,0,frozen,replay,,0.0,1967.5814516999526
584,mates,2171,b8c6,501.0,233.0,268.0,-0.16995976576145755,0.07182690557068455,-0.25451228561278116,-0.25451228561278116,1,,0,frozen,replay,,0.0,1968.566895899945
585,mates,2256,g3f5,31.0,-881.0,912.0,-0.958585049875633,0.020306307798368665,-1.0304119554463176,-1.0304119554463176,1,,0,frozen,replay,,0.0,1969.6361433999846
586,mates,2277,c1b1,-199.0,-802.0,603.0,-0.8129887796018089,-0.021358446571640217,-0.8332950874001775,-0.8332950874001775,1,,0,frozen,replay,,0.0,1970.8004026999697
587,mates,2295,h5g4,117.0,72.0,45.0,0.7759444378215202,0.018506697648017805,0.7973028843931604,0.7973028843931604,1,,0,frozen,replay,,0.0,1971.787269399967
588,mates,2310,g4f5,623.0,577.0,46.0,0.7710085816057777,0.0561317918459058,0.7525018839577599,0.7525018839577599,1,,0,frozen,replay,,0.0,1972.8520359999966
589,mates,2317,h5g4,-299.0,-299.0,0.0,1.0,0.1033252022536105,0.9438682081540942,0.9438682081540942,1,,1,frozen,replay,,0.0,1973.8465704999398
590,mates,2328,g1h3,825.0,825.0,0.0,1.0,0.14815894214092998,0.8966747977463895,0.8966747977463895,1,,1,frozen,replay,,0.0,1974.9026258999947
591,mates,2353,e4d5,-135.0,-135.0,0.0,1.0,0.19075099503388349,0.85184105785907,0.85184105785907,1,,1,frozen,replay,,0.0,1975.8917925999267
592,mates,2354,g7g6,934.0,-704.0,1638.0,-0.9988906522115164,0.13126891267161347,-1.1896416472454,-1.1896416472454,1,,0,frozen,replay,,0.0,1976.947272200021
593,mates,2380,g5g4,-63.0,-522.0,459.0,-0.6338483748267003,0.09301304829669779,-0.7651172874983138,-0.7651172874983138,1,,0,frozen,replay,,0.0,1978.1247468999354
594,mates,2414,h6g4,767.0,-266.0,1033.0,-0.9772775633524124,0.03949851771424227,-1.0702906116491102,-1.0702906116491102,1,,0,frozen,replay,,0.0,1979.2543278000085
595,mates,2421,c1a3,695.0,654.0,41.0,0.7957149227706322,0.07730933796706177,0.7562164050563899,0.7562164050563899,1,,0,frozen,replay,,0.0,1980.270353000029
596,mates,2433,e8d8,889.0,698.0,191.0,0.111521576602571,0.07901994989883722,0.034212238635509234,0.034212238635509234,1,,0,frozen,replay,,0.0,1981.380625699996
597,mates,2506,g2g6,-74.0,-992.0,918.0,-0.9597967444661051,0.0270791151805901,-1.0388166943649424,-1.0388166943649424,1,,0,frozen,replay,,0.0,1982.5742380999727
598,mates,1086,e4d5,99999.0,-806.0,100805.0,-1.0,-0.02427484057843941,-1.02707911518059,-1.02707911518059,1,,0,frozen,curriculum,,0.0,1983.6632442999398
599,mates,1093,h3g4,-698.0,-781.0,83.0,0.5908552924454774,0.006481666072756433,0.6151301330239168,0.6151301330239168,1,,0,frozen,curriculum,,0.0,1984.569662099937
600,mates,1119,a3d6,-33.0,-33.0,0.0,1.0,0.056157582769118614,0.9935183339272435,0.9935183339272435,1,,1,frozen,curriculum,,0.0,1985.7022539000027
601,mates,1122,d5b4,347.0,48.0,299.0,-0.2673102379237955,0.0399841917344729,-0.32346782069291413,-0.32346782069291413,1,,0,frozen,curriculum,,0.0,1986.7731872999575
602,mates,1123,e4f5,748.0,748.0,0.0,1.0,0.08798498214774926,0.9600158082655271,0.9600158082655271,1,,1,frozen,curriculum,,0.0,1987.784674800001
603,mates,1227,d8g5,613.0,613.0,0.0,1.0,0.1335857330403618,0.9120150178522507,0.9120150178522507,1,,1,frozen,curriculum,,0.0,1988.7666958000045
604,mates,1269,h7h6,796.0,-99999.0,100795.0,-1.0,0.07690644638834372,-1.1335857330403618,-1.1335857330403618,1,-1.0,0,frozen,curriculum,,0.0,1989.7817370999837
605,mates,1298,f3f6,99998.0,-801.0,100799.0,-1.0,0.023061124068926533,-1.0769064463883438,-1.0769064463883438,1,,0,frozen,curriculum,,0.0,1990.8383199999807
606,mates,1298_pv1,c1b2,99999.0,12.0,99987.0,-1.0,-0.028091932134519798,-1.0230611240689265,-1.0230611240689265,1,,0,frozen,curriculum,,0.0,1991.9032711000182
607,mates,1368,h6h5,195.0,4.0,191.0,0.111521576602571,-0.021111256697665257,0.1396135087370908,0.1396135087370908,1,,0,frozen,curriculum,,0.0,1993.0042199000018
608,mates,1369,h4f3,-804.0,-804.0,0.0,1.0,0.029944306137218008,1.0211112566976652,1.0211112566976652,1,,1,frozen,curriculum,,0.0,1994.1296228999272
609,mates,1373,g2g4,-833.0,-1001.0,168.0,0.2061391359898449,0.03875404762984935,0.17619482985262688,0.17619482985262688,1,,0,frozen,curriculum,,0.0,1995.139523699996
610,mates,1384,h4h3,1062.0,572.0,490.0,-0.6822458032640866,0.0027040550851525555,-0.7209998508939359,-0.7209998508939359,1,,0,frozen,curriculum,,0.0,1996.1065743999789
611,mates,1389,e7c6,252.0,-37.0,289.0,-0.23691094464031237,-0.009276694901120692,-0.23961499972546493,-0.23961499972546493,1,,0,frozen,curriculum,,0.0,1997.1154362999368
612,mates,1400,e5f6,771.0,771.0,0.0,1.0,0.04118713984393535,1.0092766949011207,1.0092766949011207,1,,1,frozen,curriculum,,0.0,1998.1459514999297
613,mates,1445,d8a5,281.0,-114.0,395.0,-0.5125885969215278,0.01349835300566219,-0.5537757367654632,-0.5537757367654632,1,,0,frozen,curriculum,,0.0,1999.1037141999695
614,mates,1510,b2b3,-928.0,-1059.0,131.0,0.36745473980792753,0.031196172345775458,0.3539563868022653,0.3539563868022653,1,,0,frozen,curriculum,,0.0,2000.1198735999642
615,mates,1561,b6b4,-964.0,-964.0,0.0,1.0,0.07963636372848669,0.9688038276542246,0.9688038276542246,1,,1,frozen,curriculum,,0.0,2001.28838059993
616,mates,157,h4b4,99999.0,90.0,99909.0,-1.0,0.025654545542062354,-1.0796363637284867,-1.0796363637284867,1,,0,frozen,curriculum,,0.0,2002.3652185000246
617,mates,1574,g5g6,99999.0,99999.0,0.0,1.0,0.07437181826495924,0.9743454544579376,0.9743454544579376,1,1.0,1,frozen,curriculum,,0.0,2003.3895943999523
618,mates,1577,e1d1,99999.0,836.0,99163.0,-1.0,0.020653227351711267,-1.0743718182649593,-1.0743718182649593,1,,0,frozen,curriculum,,0.0,2004.4237040999578
619,mates,1590,h5g4,891.0,891.0,0.0,1.0,0.0696205659841257,0.9793467726482887,0.9793467726482887,1,,1,frozen,curriculum,,0.0,2005.5005783999804
620,mates,1639,h6g5,890.0,890.0,0.0,1.0,0.11613953768491943,0.9303794340158743,0.9303794340158743,1,,1,frozen,curriculum,,0.0,2006.5628712999169
621,mates,1658,c2g6,99999.0,99999.0,0.0,1.0,0.16033256080067346,0.8838604623150805,0.8838604623150805,1,1.0,1,frozen,curriculum,,0.0,2007.6206198999425
622,mates,1675,e6d8,683.0,683.0,0.0,1.0,0.2023159327606398,0.8396674391993265,0.8396674391993265,1,,1,frozen,curriculum,,0.0,2008.757018400007
623,mates,1750,f3g5,103.0,103.0,0.0,1.0,0.24220013612260782,0.7976840672393601,0.7976840672393601,1,,1,frozen,curriculum,,0.0,2009.7722241999581
624,mates,1771,h5g4,705.0,705.0,0.0,1.0,0.2800901293164774,0.7577998638773922,0.7577998638773922,1,,1,frozen,curriculum,,0.0,2010.7702902000165
625,mates,1781,c1g5,481.0,481.0,0.0,1.0,0.3160856228506535,0.7199098706835225,0.7199098706835225,1,,1,frozen,curriculum,,0.0,2011.8251397999702
626,mates,1792,d1b3,637.0,-99999.0,100636.0,-1.0,0.25028134170812083,-1.3160856228506534,-1.3160856228506534,1,-1.0,0,frozen,curriculum,,0.0,2012.8502868999494
627,mates,1841,h4h5,1074.0,-99999.0,101073.0,-1.0,0.18776727462271475,-1.2502813417081209,-1.2502813417081209,1,-1.0,0,frozen,curriculum,,0.0,2013.8938668000046
628,mates,1846,d8e8,179.0,-99999.0,100178.0,-1.0,0.128378910891579,-1.1877672746227148,-1.1877672746227148,1,-1.0,0,frozen,curriculum,,0.0,2014.8610047999537
629,mates,1848,e3e4,502.0,-99999.0,100501.0,-1.0,0.07195996534700003,-1.128378910891579,-1.128378910891579,1,-1.0,0,frozen,curriculum,,0.0,2015.9624938999768
630,mates,1944,h6g5,614.0,533.0,81.0,0.6004465245440068,0.09838429330685036,0.5284865591970068,0.5284865591970068,1,,0,frozen,curriculum,,0.0,2017.0827016999247
631,mates,1976,c1d2,473.0,-99999.0,100472.0,-1.0,0.04346507864150784,-1.0983842933068504,-1.0983842933068504,1,-1.0,0,frozen,curriculum,,0.0,2018.1111383999232
632,mates,1997,h7h5,-86.0,-95.0,9.0,0.9550075922125807,0.08904220432006148,0.9115425135710729,0.9115425135710729,1,,0,frozen,curriculum,,0.0,2019.1652464999352
633,mates,200,a8a6,-132.0,-99999.0,99867.0,-1.0,0.0345900941040584,-1.0890422043200614,-1.0890422043200614,1,-1.0,0,frozen,curriculum,,0.0,2020.285161399981
634,mates,2054,b3a1,587.0,202.0,385.0,-0.49077984769851324,0.008321597013929816,-0.5253699418025717,-0.5253699418025717,1,,0,frozen,curriculum,,0.0,2021.3054142999463
635,mates,2065,g7g6,345.0,213.0,132.0,0.3629584461944583,0.02605343947295624,0.35463684918052846,0.35463684918052846,1,,0,frozen,curriculum,,0.0,2022.3011955999536
636,mates,2094,c1d2,279.0,-99999.0,100278.0,-1.0,-0.025249232500691575,-1.0260534394729564,-1.0260534394729564,1,-1.0,0,frozen,curriculum,,0.0,2023.557501800009
637,mates,2119,e7e6,99997.0,1069.0,98928.0,-1.0,-0.073986770875657,-0.9747507674993084,-0.9747507674993084,1,,0,frozen,curriculum,,0.0,2024.6527887999546
638,mates,2119_pv1,e7e6,99998.0,1147.0,98851.0,-1.0,-0.12028743233187415,-0.926013229124343,-0.926013229124343,1,,0,frozen,curriculum,,0.0,2025.6696195999393
639,mates,2119_pv2,h7h5,99999.0,-766.0,100765.0,-1.0,-0.16427306071528044,-0.8797125676681259,-0.8797125676681259,1,,0,frozen,curriculum,,0.0,2026.658410999924
640,mates,2157,c1b2,847.0,497.0,350.0,-0.4078112078732421,-0.17644996807317853,-0.24353814715796165,-0.24353814715796165,1,,0,frozen,curriculum,,0.0,2027.69016499992
641,mates,2177,a3b1,106.0,-78.0,184.0,0.139831577196041,-0.16063589080971755,0.31628154526921953,0.31628154526921953,1,,0,frozen,curriculum,,0.0,2028.747258199961
642,mates,2185,f6g6,99999.0,-44.0,100043.0,-1.0,-0.20260409626923165,-0.8393641091902825,-0.8393641091902825,1,,0,frozen,curriculum,,0.0,2029.7929407999618
643,mates,2193,e3g5,799.0,733.0,66.0,0.672962492632655,-0.15882576682413732,0.8755665889018867,0.8755665889018867,1,,0,frozen,curriculum,,0.0,2030.8768792999908
644,mates,2223,f5g5,99999.0,72.0,99927.0,-1.0,-0.20088447848293045,-0.8411742331758627,-0.8411742331758627,1,,0,frozen,curriculum,,0.0,2032.0132846999913
645,mates,2228,b4a2,833.0,833.0,0.0,1.0,-0.1408402545587839,1.2008844784829305,1.2008844784829305,1,,1,frozen,curriculum,,0.0,2033.0841445999686
646,mates,2229,b7c6,99999.0,93.0,99906.0,-1.0,-0.1837982418308447,-0.8591597454412161,-0.8591597454412161,1,,0,frozen,curriculum,,0.0,2034.0834130999865
647,mates,2281,g6f6,220.0,-618.0,838.0,-0.9403188088308232,-0.22162427018084363,-0.7565205669999785,-0.7565205669999785,1,,0,frozen,curriculum,,0.0,2035.1197532999795
648,mates,2338,g3g4,479.0,-99999.0,100478.0,-1.0,-0.26054305667180144,-0.7783757298191564,-0.7783757298191564,1,-1.0,0,frozen,curriculum,,0.0,2036.1101492999587
649,mates,2435,h2g4,590.0,205.0,385.0,-0.49077984769851324,-0.27205489622313705,-0.2302367910267118,-0.2302367910267118,1,,0,frozen,curriculum,,0.0,2037.1082870999817
650,mates,2446,f7e8,780.0,-99999.0,100779.0,-1.0,-0.3084521514119802,-0.727945103776863,-0.727945103776863,1,-1.0,0,frozen,curriculum,,0.0,2038.098149599973
651,mates,2462,g4e6,978.0,408.0,570.0,-0.7812747311362369,-0.33209328039819297,-0.47282257972425673,-0.47282257972425673,1,,0,frozen,curriculum,,0.0,2039.2004264999414
652,mates,2481,h2h4,728.0,-99999.0,100727.0,-1.0,-0.3654886163782833,-0.667906719601807,-0.667906719601807,1,-1.0,0,frozen,curriculum,,0.0,2040.2514519999968
653,mates,2509,g4f2,750.0,158.0,592.0,-0.8029359756638934,-0.3873609843425638,-0.4374473592856101,-0.4374473592856101,1,,0,frozen,curriculum,,0.0,2041.2323216999648
654,mates,2517,f3f6,99999.0,-974.0,100973.0,-1.0,-0.41799293512543556,-0.6126390156574362,-0.6126390156574362,1,,0,frozen,curriculum,,0.0,2042.1889687000075
655,mates,2541,e1f1,734.0,-99999.0,100733.0,-1.0,-0.44709328836916373,-0.5820070648745644,-0.5820070648745644,1,-1.0,0,frozen,curriculum,,0.0,2043.2161945999833
656,mates,2556,d3g6,99999.0,99999.0,0.0,1.0,-0.37473862395070556,1.4470932883691638,1.4470932883691638,1,1.0,1,frozen,curriculum,,0.0,2044.241616299958
657,mates,2618,h6f8,601.0,-99999.0,100600.0,-1.0,-0.4060016927531703,-0.6252613760492944,-0.6252613760492944,1,-1.0,0,frozen,curriculum,,0.0,2045.292389899958
658,mates,2676,g3g4,1038.0,20.0,1018.0,-0.9755186769256803,-0.4344775419617958,-0.5695169841725101,-0.5695169841725101,1,-1.0,0,frozen,curriculum,,0.0,2046.403460499947
659,mates,2734,g6h5,1004.0,1004.0,0.0,1.0,-0.36275366486370597,1.4344775419617957,1.4344775419617957,1,,1,frozen,curriculum,,0.0,2047.5720462999307
660,mates,2779,h2h3,83.0,-99999.0,100082.0,-1.0,-0.39461598162052064,-0.637246335136294,-0.637246335136294,1,-1.0,0,frozen,curriculum,,0.0,2048.5924777999753
661,mates,2790,f5e6,226.0,226.0,0.0,1.0,-0.3248851825394946,1.3946159816205206,1.3946159816205206,1,,1,frozen,curriculum,,0.0,2049.6106034999248
662,mates,2820,a1a2,279.0,-271.0,550.0,-0.7596533993039696,-0.34662359337771836,-0.43476821676447497,-0.43476821676447497,1,-1.0,0,frozen,curriculum,,0.0,2050.638277699938
663,mates,2822,g3h4,693.0,693.0,0.0,1.0,-0.27929241370883245,1.3466235933777184,1.3466235933777184,1,,1,frozen,curriculum,,0.0,2051.648392400006
664,mates,2863,c1a1,836.0,255.0,581.0,-0.7923722080960387,-0.3049464034281928,-0.5130797943872063,-0.5130797943872063,1,,0,frozen,curriculum,,0.0,2052.646022400004
665,mates,2881,e8f8,99999.0,-151.0,100150.0,-1.0,-0.3396990832567831,-0.6950535965718072,-0.6950535965718072,1,,0,frozen,curriculum,,0.0,2053.686335699982
666,mates,2891,d8e8,-378.0,-99999.0,99621.0,-1.0,-0.3727141290939439,-0.6603009167432169,-0.6603009167432169,1,-1.0,0,frozen,curriculum,,0.0,2054.8342037999537
667,mates,2918,e1f2,679.0,248.0,431.0,-0.5845403379509213,-0.3833054395367928,-0.2118262088569774,-0.2118262088569774,1,,0,frozen,curriculum,,0.0,2055.8802087999647
668,mates,2924,d1h5,99998.0,99998.0,0.0,1.0,-0.31414016755995317,1.3833054395367927,1.3833054395367927,1,2.0,1,frozen,curriculum,,0.0,2056.954448699951
669,mates,2924_pv1,h5g6,99999.0,99999.0,0.0,1.0,-0.24843315918195552,1.314140167559953,1.314140167559953,1,1.0,1,frozen,curriculum,,0.0,2057.960142600001
670,mates,2937,g7g6,868.0,171.0,697.0,-0.8810317890814301,-0.28006309067692925,-0.6325986298994746,-0.6325986298994746,1,,0,frozen,curriculum,,0.0,2059.033077299944
671,mates,2950,g3h4,616.0,616.0,0.0,1.0,-0.21605993614308278,1.2800630906769292,1.2800630906769292,1,,1,frozen,curriculum,,0.0,2060.052391199977
672,mates,3154,h2h4,-258.0,-99999.0,99741.0,-1.0,-0.25525693933592863,-0.7839400638569172,-0.7839400638569172,1,-1.0,0,frozen,curriculum,,0.0,2061.0617619999684
673,mates,321,h6h5,585.0,-99998.0,100583.0,-1.0,-0.2924940923691322,-0.7447430606640714,-0.7447430606640714,1,-2.0,0,frozen,curriculum,,0.0,2062.199130599969
674,mates,3362,d4f2,668.0,91.0,577.0,-0.7883997303795738,-0.3172893742696543,-0.4959056380104416,-0.4959056380104416,1,,0,frozen,curriculum,,0.0,2063.3227982999524
675,mates,3394,c6d5,99998.0,245.0,99753.0,-1.0,-0.35142490555617156,-0.6827106257303457,-0.6827106257303457,1,,0,frozen,curriculum,,0.0,2064.333557499922
676,mates,3394_pv1,h4f6,99999.0,-340.0,100339.0,-1.0,-0.383853660278363,-0.6485750944438284,-0.6485750944438284,1,,0,frozen,curriculum,,0.0,2065.3132466999814
677,mates,3410,g4g5,99999.0,596.0,99403.0,-1.0,-0.4146609772644448,-0.616146339721637,-0.616146339721637,1,,0,frozen,curriculum,,0.0,2066.3982119000284
678,mates,3433,b8c6,1048.0,1048.0,0.0,1.0,-0.34392792840122255,1.4146609772644447,1.4146609772644447,1,,1,frozen,curriculum,,0.0,2067.6533664999297
679,mates,3458,a4b5,-49.0,-49.0,0.0,1.0,-0.2767315319811614,1.3439279284012224,1.3439279284012224,1,,1,frozen,curriculum,,0.0,2068.9375577999745
680,mates,3497,g7g6,-764.0,-869.0,105.0,0.4867352468185351,-0.2385581930411766,0.7634667787996965,0.7634667787996965,1,,0,frozen,curriculum,,0.0,2070.1165741999866
681,mates,3545,h3g4,581.0,581.0,0.0,1.0,-0.17663028338911774,1.2385581930411766,1.2385581930411766,1,,1,frozen,curriculum,,0.0,2071.238699599984
682,mates,3631,h5h6,99999.0,-846.0,100845.0,-1.0,-0.21779876921966185,-0.8233697166108822,-0.8233697166108822,1,,0,frozen,curriculum,,0.0,2072.2429993000114
683,mates,3731,e4g5,828.0,-99999.0,100827.0,-1.0,-0.25690883075867876,-0.7822012307803381,-0.7822012307803381,1,-1.0,0,frozen,curriculum,,0.0,2073.3902831999585
684,mates,3756,a4g4,99999.0,-830.0,100829.0,-1.0,-0.2940633892207448,-0.7430911692413212,-0.7430911692413212,1,,0,frozen,curriculum,,0.0,2074.426940999925
685,mates,3770,g5h3,99997.0,59.0,99938.0,-1.0,-0.32936021975970753,-0.7059366107792552,-0.7059366107792552,1,,0,frozen,curriculum,,0.0,2075.42931269994
686,mates,3770_pv1,h5g6,99998.0,99998.0,0.0,1.0,-0.26289220877172215,1.3293602197597076,1.3293602197597076,1,2.0,1,frozen,curriculum,,0.0,2076.4092327000108
687,mates,3770_pv2,g6f7,99999.0,99999.0,0.0,1.0,-0.19974759833313604,1.262892208771722,1.262892208771722,1,1.0,1,frozen,curriculum,,0.0,2077.50785309996
688,mates,378,a3a4,521.0,-66.0,587.0,-0.7981989573283319,-0.22967016628289583,-0.5984513589951959,-0.5984513589951959,1,,0,frozen,curriculum,,0.0,2078.5766281000106
689,mates,3826,h4g5,333.0,333.0,0.0,1.0,-0.16818665796875104,1.229670166282896,1.229670166282896,1,,1,frozen,curriculum,,0.0,2079.5392296999926
690,mates,385,a5b6,448.0,448.0,0.0,1.0,-0.10977732507031347,1.168186657968751,1.168186657968751,1,,1,frozen,curriculum,,0.0,2080.4911000999855
691,mates,3856,c1a3,261.0,-843.0,1104.0,-0.9840405394040235,-0.15349048578699898,-0.87426321433371,-0.87426321433371,1,-2.0,0,frozen,curriculum,,0.0,2081.496082699974
692,mates,386,c8h3,400.0,-99996.0,100396.0,-1.0,-0.19581596149764902,-0.846509514213001,-0.846509514213001,1,-4.0,0,frozen,curriculum,,0.0,2082.4802637000103
693,mates,3863,b4c5,-717.0,-717.0,0.0,1.0,-0.13602516342276655,1.1958159614976491,1.1958159614976491,1,,1,frozen,curriculum,,0.0,2083.4776722999522
694,mates,3878,e4d6,814.0,685.0,129.0,0.3764686351687453,-0.11040047349319096,0.5124937985915119,0.5124937985915119,1,,0,frozen,curriculum,,0.0,2084.4630393999396
695,mates,3891,c1g5,719.0,123.0,596.0,-0.8066494851203792,-0.1452129240745504,-0.6962490116271882,-0.6962490116271882,1,,0,frozen,curriculum,,0.0,2085.5912465000292
696,mates,3926,g3h4,702.0,665.0,37.0,0.8155258358168815,-0.0971759860799788,0.9607387598914319,0.9607387598914319,1,,0,frozen,curriculum,,0.0,2086.593508900027
697,mates,3944,g4h3,705.0,-724.0,1429.0,-0.9968472939334003,-0.14215955147264986,-0.8996713078534215,-0.8996713078534215,1,,0,frozen,curriculum,,0.0,2087.545429199934
698,mates,3958,c1b2,99999.0,-725.0,100724.0,-1.0,-0.18505157389901739,-0.8578404485273501,-0.8578404485273501,1,,0,frozen,curriculum,,0.0,2088.544411399984
699,mates,4028,f1h3,514.0,-480.0,994.0,-0.9724189074694154,-0.22441994057753728,-0.787367333570398,-0.787367333570398,1,,0,frozen,curriculum,,0.0,2089.56286299997
700,mates,4043,c1b2,99999.0,49.0,99950.0,-1.0,-0.2631989435486604,-0.7755800594224627,-0.7755800594224627,1,,0,frozen,curriculum,,0.0,2090.555301400018
701,mates,4052,a2a3,479.0,191.0,288.0,-0.23381860575413005,-0.2617299266589339,0.029380337794530365,0.029380337794530365,1,,0,frozen,curriculum,,0.0,2091.5831111000152
702,mates,4122,h6h5,802.0,-99998.0,100800.0,-1.0,-0.2986434303259872,-0.7382700733410661,-0.7382700733410661,1,-2.0,0,frozen,curriculum,,0.0,2092.7090947999386
703,mates,4139,h4h5,739.0,-99999.0,100738.0,-1.0,-0.3337112588096878,-0.7013565696740127,-0.7013565696740127,1,-1.0,0,frozen,curriculum,,0.0,2093.8014670999255
704,mates,4143,d2b4,586.0,586.0,0.0,1.0,-0.26702569586920344,1.3337112588096878,1.3337112588096878,1,,1,frozen,curriculum,,0.0,2094.885442300001
705,mates,4147,f2d1,638.0,638.0,0.0,1.0,-0.20367441107574324,1.2670256958692034,1.2670256958692034,1,,1,frozen,curriculum,,0.0,2096.0682976000244
706,mates,4169,g3g4,-3.0,-99998.0,99995.0,-1.0,-0.2434906905219561,-0.7963255889242568,-0.7963255889242568,1,-2.0,0,frozen,curriculum,,0.0,2097.117807899951
707,mates,4186,e8d8,703.0,-99999.0,100702.0,-1.0,-0.2813161559958583,-0.756509309478044,-0.756509309478044,1,-1.0,0,frozen,curriculum,,0.0,2098.1059626999777
708,mates,4238,h4g6,788.0,258.0,530.0,-0.7360439620351249,-0.3040525462978216,-0.4547278060392666,-0.4547278060392666,1,,0,frozen,curriculum,,0.0,2099.128170999931
709,mates,4261,g5g6,99999.0,99999.0,0.0,1.0,-0.2388499189829305,1.3040525462978216,1.3040525462978216,1,1.0,1,frozen,curriculum,,0.0,2100.2355203999905
710,mates,429,h2f1,109.0,109.0,0.0,1.0,-0.17690742303378398,1.2388499189829305,1.2388499189829305,1,,1,frozen,curriculum,,0.0,2101.3192394999787
711,mates,4292,d4c2,99999.0,-641.0,100640.0,-1.0,-0.21806205188209477,-0.8230925769662161,-0.8230925769662161,1,,0,frozen,curriculum,,0.0,2102.347583399969
712,mates,4350,h2f1,-209.0,-209.0,0.0,1.0,-0.15715894928799,1.2180620518820948,1.2180620518820948,1,,1,frozen,curriculum,,0.0,2103.31117859995
713,mates,4369,g4g5,186.0,-24.0,210.0,0.036900403271384,-0.14745598166002133,0.194059352559374,0.194059352559374,1,,0,frozen,curriculum,,0.0,2104.339198999922
714,mates,4383,c1h6,590.0,-802.0,1392.0,-0.996207213422585,-0.18989354324814953,-0.8487512317625636,-0.8487512317625636,1,,0,frozen,curriculum,,0.0,2105.32281719998
715,mates,4387,f1h3,327.0,72.0,255.0,-0.12638985560946203,-0.18671835886621516,0.0635036876386875,0.0635036876386875,1,,0,frozen,curriculum,,0.0,2106.355568800005
716,mates,4422,h2h3,75.0,19.0,56.0,0.7218151042430839,-0.14129168571075018,0.908533463109299,0.908533463109299,1,,0,frozen,curriculum,,0.0,2107.3967694999883
717,mates,4453,d8g5,539.0,539.0,0.0,1.0,-0.08422710142521266,1.1412916857107502,1.1412916857107502,1,,1,frozen,curriculum,,0.0,2108.538734599948
718,mates,4455,e4f6,99999.0,433.0,99566.0,-1.0,-0.13001574635395202,-0.9157728985747874,-0.9157728985747874,1,,0,frozen,curriculum,,0.0,2109.5597191000124
719,mates,446,e8f8,99998.0,91.0,99907.0,-1.0,-0.1735149590362544,-0.869984253646048,-0.869984253646048,1,,0,frozen,curriculum,,0.0,2110.7377650999697
720,mates,446_pv1,g7d4,99999.0,262.0,99737.0,-1.0,-0.2148392110844417,-0.8264850409637456,-0.8264850409637456,1,,0,frozen,curriculum,,0.0,2111.771580899949
721,mates,45,g7g6,-214.0,-99999.0,99785.0,-1.0,-0.2540972505302196,-0.7851607889155583,-0.7851607889155583,1,-1.0,0,frozen,curriculum,,0.0,2112.8220926999347
722,mates,4530,f3e4,528.0,528.0,0.0,1.0,-0.1913923880037086,1.2540972505302195,1.2540972505302195,1,,1,frozen,curriculum,,0.0,2113.8873325999593
723,mates,4572,c1d2,99997.0,172.0,99825.0,-1.0,-0.2318227686035232,-0.8086076119962914,-0.8086076119962914,1,,0,frozen,curriculum,,0.0,2114.9609453999437
724,mates,4572_pv1,d3f5,99998.0,99998.0,0.0,1.0,-0.17023163017334703,1.2318227686035232,1.2318227686035232,1,2.0,1,frozen,curriculum,,0.0,2116.066176799941
725,mates,4572_pv2,h5g6,99999.0,99998.0,1.0,0.9950000104166407,-0.11197004814384764,1.1652316405899876,1.1652316405899876,1,2.0,0,frozen,curriculum,,0.0,2117.1309765999904
726,mates,4760,h7h8,64.0,-99999.0,100063.0,-1.0,-0.15637154573665527,-0.8880299518561523,-0.8880299518561523,1,-1.0,0,frozen,curriculum,,0.0,2118.1323049999774
727,mates,4798,d5e4,745.0,745.0,0.0,1.0,-0.09855296844982249,1.1563715457366552,1.1563715457366552,1,,1,frozen,curriculum,,0.0,2119.1443636999466
728,mates,486,e4e5,-339.0,-815.0,476.0,-0.6611577370770569,-0.1266832068811842,-0.5626047686272344,-0.5626047686272344,1,,0,frozen,curriculum,,0.0,2120.1713142999215
729,mates,4890,g6g5,37.0,-99998.0,100035.0,-1.0,-0.170349046537125,-0.8733167931188158,-0.8733167931188158,1,-2.0,0,frozen,curriculum,,0.0,2121.1604333999567
730,mates,4891,c1d2,738.0,-99999.0,100737.0,-1.0,-0.21183159421026876,-0.829650953462875,-0.829650953462875,1,-1.0,0,frozen,curriculum,,0.0,2122.141265399987
731,mates,4927,g1h3,539.0,539.0,0.0,1.0,-0.15124001449975533,1.2118315942102686,1.2118315942102686,1,,1,frozen,curriculum,,0.0,2123.3562561
732,mates,4985,g6h5,502.0,-99998.0,100500.0,-1.0,-0.19367801377476757,-0.8487599855002447,-0.8487599855002447,1,-2.0,0,frozen,curriculum,,0.0,2124.429585899925
733,mates,501,g2g4,-84.0,-84.0,0.0,1.0,-0.13399411308602915,1.1936780137747676,1.1936780137747676,1,-1.0,1,frozen,curriculum,,0.0,2125.5054201999446
734,mates,524,b8c6,98.0,98.0,0.0,1.0,-0.07729440743172768,1.1339941130860292,1.1339941130860292,1,,1,frozen,curriculum,,0.0,2126.539047600003
735,mates,597,e3e4,99997.0,155.0,99842.0,-1.0,-0.12342968706014129,-0.9227055925682723,-0.9227055925682723,1,,0,frozen,curriculum,,0.0,2127.649689699989
736,mates,597_pv1,h3g5,99999.0,554.0,99445.0,-1.0,-0.1672582027071342,-0.8765703129398588,-0.8765703129398588,1,,0,frozen,curriculum,,0.0,2128.6263860999607
737,mates,6,b8c7,99999.0,-571.0,100570.0,-1.0,-0.20889529257177747,-0.8327417972928658,-0.8327417972928658,1,,0,frozen,curriculum,,0.0,2129.5951302999165
738,mates,731,f7g6,-234.0,-634.0,400.0,-0.5231883119115297,-0.2246099435387651,-0.31429301933975223,-0.31429301933975223,1,,0,frozen,curriculum,,0.0,2130.4694622999523
739,mates,749,c8a6,-27.0,-99999.0,99972.0,-1.0,-0.2633794463618268,-0.7753900564612349,-0.7753900564612349,1,-1.0,0,frozen,curriculum,,0.0,2131.5857447999297
740,mates,777,h3h4,-6.0,-116.0,110.0,0.46345763595679723,-0.22703759224589562,0.7268370823186241,0.7268370823186241,1,,0,frozen,curriculum,,0.0,2132.6141535999486
741,mates,786,f4g4,747.0,747.0,0.0,1.0,-0.16568571263360082,1.2270375922458956,1.2270375922458956,1,,1,frozen,curriculum,,0.0,2133.618332299986
742,mates,788,g2g4,558.0,71.0,487.0,-0.6778303475312846,-0.191292944378485,-0.5121446348976837,-0.5121446348976837,1,,0,frozen,curriculum,,0.0,2134.603933800012
743,mates,8,d8b6,802.0,802.0,0.0,1.0,-0.13172829715956075,1.191292944378485,1.191292944378485,1,,1,frozen,curriculum,,0.0,2135.662786599947
744,mates,803,h6g4,99999.0,364.0,99635.0,-1.0,-0.17514188230158273,-0.8682717028404392,-0.8682717028404392,1,,0,frozen,curriculum,,0.0,2136.6718336999184
745,mates,841,g3h4,453.0,453.0,0.0,1.0,-0.1163847881865036,1.1751418823015827,1.1751418823015827,1,,1,frozen,curriculum,,0.0,2137.760090800002
746,mates,852,f6e4,-111.0,-171.0,60.0,0.7022299327533641,-0.0754540521395102,0.8186147209398676,0.8186147209398676,1,,0,frozen,curriculum,,0.0,2138.946274099988
747,mates,890,c1d2,913.0,767.0,146.0,0.30077890967074594,-0.05664240404899739,0.3762329618102561,0.3762329618102561,1,,0,frozen,curriculum,,0.0,2140.0582689000294
748,mates,896,h6h5,-154.0,-99999.0,99845.0,-1.0,-0.10381028384654753,-0.9433575959510027,-0.9433575959510027,1,-1.0,0,frozen,curriculum,,0.0,2141.136429199949
749,mates,914,h7h6,160.0,-99999.0,100159.0,-1.0,-0.14861976965422014,-0.8961897161534524,-0.8961897161534524,1,-1.0,0,frozen,curriculum,,0.0,2142.287907699938
750,mates,endgames_0000,h3b3,724.0,711.0,13.0,0.9350228757517102,-0.0944376373839236,1.0836426454059302,1.0836426454059302,1,,0,frozen,replay,,0.0,2143.2549544000067
751,mates,endgames_0002,c4b3,607.0,598.0,9.0,0.9550075922125807,-0.041965375904098386,1.0494452295965042,1.0494452295965042,1,,0,frozen,replay,,0.0,2144.2507330999942
752,mates,endgames_0026,h4g4,611.0,611.0,0.0,1.0,0.01013289289110654,1.0419653759040983,1.0419653759040983,1,,1,frozen,replay,,0.0,2145.195798599976
753,mates,endgames_0029,a3a4,-2.0,-7.0,5.0,0.9750013020019582,0.058376313346649125,0.9648684091108517,0.9648684091108517,1,,0,frozen,replay,,0.0,2146.349802599987
754,mates,endgames_0037,d4b4,435.0,419.0,16.0,0.9200426393776728,0.10145962964820031,0.8616663260310237,0.8616663260310237,1,,0,frozen,replay,,0.0,2147.438962999964
755,mates,endgames_0054,f6c6,826.0,826.0,0.0,1.0,0.14638664816579028,0.8985403703517997,0.8985403703517997,1,,1,frozen,replay,,0.0,2148.4327675999375
756,mates,endgames_0059,e5e6,467.0,467.0,0.0,1.0,0.18906731575750074,0.8536133518342097,0.8536133518342097,1,,1,frozen,replay,,0.0,2149.462866900023
757,mates,endgames_0063,c6c2,384.0,-24.0,408.0,-0.5397330718178008,0.15262729637873568,-0.7288003875753015,-0.7288003875753015,1,,0,frozen,replay,,0.0,2150.6325928999577
758,mates,endgames_0065,c4b3,645.0,645.0,0.0,1.0,0.19499593155979889,0.8473727036212644,0.8473727036212644,1,,1,frozen,replay,,0.0,2151.670959900017
759,mates,endgames_0069,b4b3,659.0,655.0,4.0,0.9800006666400011,0.23424616831380898,0.7850047350802022,0.7850047350802022,1,,0,frozen,replay,,0.0,2152.8197053999174
760,mates,endgames_0076,h7g6,642.0,0.0,642.0,-0.8448354621590559,0.18029208679016573,-1.079081630472865,-1.079081630472865,1,,0,frozen,replay,,0.0,2154.2300258999458
761,mates,endgames_0087,a1a5,99996.0,99996.0,0.0,1.0,0.22127748245065743,0.8197079132098343,0.8197079132098343,1,4.0,1,frozen,replay,,0.0,2155.689854700002
762,mates,endgames_0096,d7c6,0.0,0.0,0.0,1.0,0.26021360832812457,0.7787225175493426,0.7787225175493426,1,,1,frozen,replay,,0.0,2157.160268399981
763,mates,endgames_0097,c8c2,437.0,432.0,5.0,0.9750013020019582,0.2959529930118162,0.7147876936738337,0.7147876936738337,1,,0,frozen,replay,,0.0,2158.517015099991
764,mates,endgames_0098,c1b1,5.0,-4.0,9.0,0.9550075922125807,0.32890572297185444,0.6590545992007645,0.6590545992007645,1,,0,frozen,replay,,0.0,2160.0211359999375
765,mates,endgames_0106,f1a1,378.0,365.0,13.0,0.9350228757517102,0.3592115806108472,0.6061171527798557,0.6061171527798557,1,,0,frozen,replay,,0.0,2161.6170931999804
766,mates,endgames_0107,f3f2,15.0,13.0,2.0,0.9900000833325,0.3907510057469298,0.6307885027216529,0.6307885027216529,1,,0,frozen,replay,,0.0,2163.2188968999544
767,mates,endgames_0113,f6g6,0.0,0.0,0.0,1.0,0.4212134554595833,0.6092489942530702,0.6092489942530702,1,,1,frozen,replay,,0.0,2164.6021531999577
768,mates,endgames_0114,d1c2,757.0,757.0,0.0,1.0,0.4501527826866041,0.5787865445404168,0.5787865445404168,1,,1,frozen,replay,,0.0,2165.652943199966
769,mates,endgames_0118,g4f5,607.0,607.0,0.0,1.0,0.47764514355227383,0.5498472173133959,0.5498472173133959,1,,1,frozen,replay,,0.0,2166.6801695999457
770,mates,movement_0002,b4a1,100.0,-100.0,200.0,0.07576568547998053,0.45755117064865913,-0.4018794580722933,-0.4018794580722933,1,,0,frozen,replay,,0.0,2168.564355599927
771,mates,movement_0007,a6a1,100.0,-100.0,200.0,0.07576568547998053,0.4384618963902252,-0.3817854851686786,-0.3817854851686786,1,,0,frozen,replay,,0.0,2170.346762800007
772,mates,movement_0011,g6a1,100.0,-100.0,200.0,0.07576568547998053,0.42032708584471296,-0.3626962109102447,-0.3626962109102447,1,,0,frozen,replay,,0.0,2172.322077699937
773,mates,movement_0021,h1a1,100.0,-100.0,200.0,0.07576568547998053,0.40309901582647634,-0.34456140036473243,-0.34456140036473243,1,,0,frozen,replay,,0.0,2174.3561182999983
774,mates,movement_0023,a6a1,100.0,-100.0,200.0,0.07576568547998053,0.3867323493091515,-0.3273333303464958,-0.3273333303464958,1,,0,frozen,replay,,0.0,2176.300551299937
775,mates,movement_0029,c1a1,100.0,-100.0,200.0,0.07576568547998053,0.3711840161176929,-0.310966663829171,-0.310966663829171,1,,0,frozen,replay,,0.0,2178.5716633999255
776,mates,movement_0031,h7a1,100.0,-100.0,200.0,0.07576568547998053,0.3564130995858073,-0.2954183306377124,-0.2954183306377124,1,,0,frozen,replay,,0.0,2180.2993805999868
777,mates,movement_0033,b4a1,100.0,-100.0,200.0,0.07576568547998053,0.34238072888051596,-0.2806474141058268,-0.2806474141058268,1,,0,frozen,replay,,0.0,2182.2463794000214
778,mates,movement_0037,d5a1,100.0,-100.0,200.0,0.07576568547998053,0.3290499767104892,-0.26661504340053543,-0.26661504340053543,1,,0,frozen,replay,,0.0,2184.199568199925
779,mates,movement_0044,e2a1,100.0,-100.0,200.0,0.07576568547998053,0.31638576214896375,-0.25328429123050866,-0.25328429123050866,1,,0,frozen,replay,,0.0,2186.288765299949
780,mates,movement_0049,d5a1,100.0,-100.0,200.0,0.07576568547998053,0.30435475831551456,-0.24062007666898322,-0.24062007666898322,1,,0,frozen,replay,,0.0,2188.2062221999513
781,mates,movement_0051,d8a1,100.0,-100.0,200.0,0.07576568547998053,0.29292530467373784,-0.22858907283553404,-0.22858907283553404,1,,0,frozen,replay,,0.0,2190.134331099922
782,mates,movement_0052,f2a1,100.0,-100.0,200.0,0.07576568547998053,0.28206732371404997,-0.21715961919375731,-0.21715961919375731,1,,0,frozen,replay,,0.0,2192.051468599937
783,mates,movement_0062,c7a1,100.0,-100.0,200.0,0.07576568547998053,0.2717522418023465,-0.20630163823406944,-0.20630163823406944,1,,0,frozen,replay,,0.0,2194.2645809999667
784,mates,movement_0066,h6a1,100.0,-100.0,200.0,0.07576568547998053,0.26195291398622816,-0.19598655632236595,-0.19598655632236595,1,,0,frozen,replay,,0.0,2195.4921437000157
785,mates,movement_0073,h4g6,100.0,100.0,0.0,1.0,0.2988552682869167,0.7380470860137718,0.7380470860137718,1,,1,frozen,replay,,0.0,2197.1615269000176
786,mates,movement_0078,a3a1,100.0,-100.0,200.0,0.07576568547998053,0.2877007891465699,-0.2230895828069362,-0.2230895828069362,1,,0,frozen,replay,,0.0,2198.338038299931
787,mates,movement_0083,g7g6,100.0,100.0,0.0,1.0,0.32331574968924137,0.7122992108534301,0.7122992108534301,1,,1,frozen,replay,,0.0,2200.1695367000066
788,mates,movement_0084,a5a1,100.0,-100.0,200.0,0.07576568547998053,0.3109382464787783,-0.24755006420926084,-0.24755006420926084,1,,0,frozen,replay,,0.0,2201.5335243999725
789,mates,movement_0089,a2a1,100.0,100.0,0.0,1.0,0.34539133415483936,0.6890617535212217,0.6890617535212217,1,,1,frozen,replay,,0.0,2203.7090619999217
790,mates,movement_0090,h2a1,100.0,-100.0,200.0,0.07576568547998053,0.3319100517210964,-0.26962564867485883,-0.26962564867485883,1,,0,frozen,replay,,0.0,2205.3899725999217
791,mates,movement_0096,c2a1,100.0,-100.0,200.0,0.07576568547998053,0.31910283340904055,-0.25614436624111586,-0.25614436624111586,1,,0,frozen,replay,,0.0,2206.7776483999332
792,mates,movement_0097,b8a1,100.0,-100.0,200.0,0.07576568547998053,0.30693597601258754,-0.24333714792906003,-0.24333714792906003,1,,0,frozen,replay,,0.0,2208.3180049000075
793,mates,movement_0105,h8a1,100.0,-100.0,200.0,0.07576568547998053,0.29537746148595717,-0.23117029053260701,-0.23117029053260701,1,,0,frozen,replay,,0.0,2210.494213299942
794,mates,movement_0108,c4a1,100.0,-100.0,200.0,0.07576568547998053,0.28439687268565833,-0.21961177600597664,-0.21961177600597664,1,,0,frozen,replay,,0.0,2211.719791600015
795,mates,movement_0110,e5a1,100.0,100.0,0.0,1.0,0.3201770290513754,0.7156031273143417,0.7156031273143417,1,,1,frozen,replay,,0.0,2213.645674300031
796,mates,movement_0111,b3a1,100.0,-100.0,200.0,0.07576568547998053,0.3079564618728056,-0.24441134357139488,-0.24441134357139488,1,,0,frozen,replay,,0.0,2215.837377100019
797,mates,movement_0113,g7g6,100.0,100.0,0.0,1.0,0.3425586387791653,0.6920435381271943,0.6920435381271943,1,,1,frozen,replay,,0.0,2217.9373352000257
798,mates,movement_0120,d5a1,100.0,-100.0,200.0,0.07576568547998053,0.32921899111420605,-0.2667929532991848,-0.2667929532991848,1,,0,frozen,replay,,0.0,2219.2179775999393
799,mates,movement_0125,g6a1,100.0,-100.0,200.0,0.07576568547998053,0.31654632583249476,-0.2534533056342255,-0.2534533056342255,1,,0,frozen,replay,,0.0,2221.140961900004
800,mates,movement_0130,c7a1,100.0,-100.0,200.0,0.07576568547998053,0.304507293814869,-0.24078064035251423,-0.24078064035251423,1,,0,frozen,replay,,0.0,2223.2196503999876
801,mates,movement_0136,f7a1,100.0,-100.0,200.0,0.07576568547998053,0.29307021339812456,-0.2287416083348885,-0.2287416083348885,1,,0,frozen,replay,,0.0,2225.459553399938
802,mates,movement_0137,c5a1,100.0,-100.0,200.0,0.07576568547998053,0.28220498700221736,-0.21730452791814403,-0.21730452791814403,1,,0,frozen,replay,,0.0,2227.504785900004
