game_id,matchup_id,opening_pair,opening_fen,game_in_pair,white_engine,white_setting,black_engine,black_setting,result,white_score,plies,elapsed_s,status,error,opening_pair_index
matchup_000_opening_000_0,matchup_000,opening_000,rn1qkb1r/2pppppp/bp3n2/p7/4B3/3PP3/PPP2PPP/RNBQK1NR w KQkq - 1 5,0,minic,Level=0,minic,Level=1,1-0,1.0,51,0.1724570000078529,complete,,0
matchup_000_opening_000_1,matchup_000,opening_000,rn1qkb1r/2pppppp/bp3n2/p7/4B3/3PP3/PPP2PPP/RNBQK1NR w KQkq - 1 5,1,minic,Level=1,minic,Level=0,1/2-1/2,0.5,80,0.2890948999556713,complete,,0
matchup_000_opening_001_0,matchup_000,opening_001,rnbqkbnr/1p2pppp/8/p1pp4/6P1/N6P/PPPPPP2/R1BQKBNR w KQkq - 0 5,0,minic,Level=0,minic,Level=1,1/2-1/2,0.5,80,0.27717400004621595,complete,,1
matchup_000_opening_001_1,matchup_000,opening_001,rnbqkbnr/1p2pppp/8/p1pp4/6P1/N6P/PPPPPP2/R1BQKBNR w KQkq - 0 5,1,minic,Level=1,minic,Level=0,1/2-1/2,0.5,80,0.2787270999979228,complete,,1
matchup_000_opening_002_0,matchup_000,opening_002,rnb1kbnr/pppp1p1p/5qp1/4p3/7P/1P3PP1/P1PPP3/RNBQKBNR w KQkq - 0 5,0,minic,Level=0,minic,Level=1,1/2-1/2,0.5,80,0.27863580000121146,complete,,2
matchup_000_opening_002_1,matchup_000,opening_002,rnb1kbnr/pppp1p1p/5qp1/4p3/7P/1P3PP1/P1PPP3/RNBQKBNR w KQkq - 0 5,1,minic,Level=1,minic,Level=0,1/2-1/2,0.5,80,0.2628260999917984,complete,,2
matchup_000_opening_003_0,matchup_000,opening_003,rnbqk1nr/1ppp1ppp/1b2p3/p7/P7/2P2P1P/1P1PP1P1/RNBQKBNR w KQkq - 1 5,0,minic,Level=0,minic,Level=1,1/2-1/2,0.5,80,0.2757799999671988,complete,,3
matchup_000_opening_003_1,matchup_000,opening_003,rnbqk1nr/1ppp1ppp/1b2p3/p7/P7/2P2P1P/1P1PP1P1/RNBQKBNR w KQkq - 1 5,1,minic,Level=1,minic,Level=0,1/2-1/2,0.5,80,0.2712445000070147,complete,,3
matchup_000_opening_004_0,matchup_000,opening_004,rnbqkbnr/2ppp1p1/1p3p2/p6p/2P5/4P2P/PP1PKPP1/RNBQ1BNR w kq - 0 5,0,minic,Level=0,minic,Level=1,1/2-1/2,0.5,80,0.3235745999845676,complete,,4
matchup_000_opening_004_1,matchup_000,opening_004,rnbqkbnr/2ppp1p1/1p3p2/p6p/2P5/4P2P/PP1PKPP1/RNBQ1BNR w kq - 0 5,1,minic,Level=1,minic,Level=0,1/2-1/2,0.5,80,0.26965959998779,complete,,4
matchup_000_opening_005_0,matchup_000,opening_005,r1bqkb1r/ppp1pppp/3p1n2/8/1nB1P3/1PP5/P2P1PPP/RNBQK1NR w KQkq - 2 5,0,minic,Level=0,minic,Level=1,1/2-1/2,0.5,80,0.2738880999968387,complete,,5
matchup_000_opening_005_1,matchup_000,opening_005,r1bqkb1r/ppp1pppp/3p1n2/8/1nB1P3/1PP5/P2P1PPP/RNBQK1NR w KQkq - 2 5,1,minic,Level=1,minic,Level=0,1/2-1/2,0.5,80,0.26700089999940246,complete,,5
matchup_000_opening_006_0,matchup_000,opening_006,r1b1k1nr/pppp1ppp/n3p3/6q1/1b6/P2P4/2PNPPPP/R1BQKBNR w KQkq - 0 5,0,minic,Level=0,minic,Level=1,1/2-1/2,0.5,80,0.268825699982699,complete,,6
matchup_000_opening_006_1,matchup_000,opening_006,r1b1k1nr/pppp1ppp/n3p3/6q1/1b6/P2P4/2PNPPPP/R1BQKBNR w KQkq - 0 5,1,minic,Level=1,minic,Level=0,1/2-1/2,0.5,80,0.2733489000238478,complete,,6
matchup_000_opening_007_0,matchup_000,opening_007,rn1qkb1r/ppp1p1pp/3p1n2/5p2/1P6/2N2PPb/P1PPP2P/R1BQKBNR w KQkq - 1 5,0,minic,Level=0,minic,Level=1,1/2-1/2,0.5,80,0.28033989999676123,complete,,7
matchup_000_opening_007_1,matchup_000,opening_007,rn1qkb1r/ppp1p1pp/3p1n2/5p2/1P6/2N2PPb/P1PPP2P/R1BQKBNR w KQkq - 1 5,1,minic,Level=1,minic,Level=0,1/2-1/2,0.5,80,0.2888523999718018,complete,,7
matchup_000_opening_008_0,matchup_000,opening_008,r1bq1bnr/pppkpppp/8/3p4/4P3/2N5/PPPP1PPP/R1BQK1NR w KQ - 0 5,0,minic,Level=0,minic,Level=1,1/2-1/2,0.5,80,0.26048580004135147,complete,,8
matchup_000_opening_008_1,matchup_000,opening_008,r1bq1bnr/pppkpppp/8/3p4/4P3/2N5/PPPP1PPP/R1BQK1NR w KQ - 0 5,1,minic,Level=1,minic,Level=0,1/2-1/2,0.5,80,0.28006189997540787,complete,,8
matchup_000_opening_009_0,matchup_000,opening_009,rnbq1bnr/p1ppkp1p/1p4p1/4p3/8/3P2P1/PPPNPP1P/RNBQKB1R w KQ - 2 5,0,minic,Level=0,minic,Level=1,1/2-1/2,0.5,80,0.2664626999758184,complete,,9
matchup_000_opening_009_1,matchup_000,opening_009,rnbq1bnr/p1ppkp1p/1p4p1/4p3/8/3P2P1/PPPNPP1P/RNBQKB1R w KQ - 2 5,1,minic,Level=1,minic,Level=0,1/2-1/2,0.5,80,0.26063340000109747,complete,,9
matchup_000_opening_010_0,matchup_000,opening_010,rn1qkbnr/1pp1ppp1/p6p/3p1b2/2P2P2/P6N/1P1PP1PP/RNBQKB1R w KQkq - 0 5,0,minic,Level=0,minic,Level=1,1/2-1/2,0.5,80,0.2674638999742456,complete,,10
matchup_000_opening_010_1,matchup_000,opening_010,rn1qkbnr/1pp1ppp1/p6p/3p1b2/2P2P2/P6N/1P1PP1PP/RNBQKB1R w KQkq - 0 5,1,minic,Level=1,minic,Level=0,1/2-1/2,0.5,80,0.26287689997116104,complete,,10
matchup_000_opening_011_0,matchup_000,opening_011,r1bqkbnr/pp1p2pp/n1p1p3/5p2/P2P1B2/8/1PP1PPPP/RN1QKBNR w KQkq - 0 5,0,minic,Level=0,minic,Level=1,1/2-1/2,0.5,80,0.2829498000210151,complete,,11
matchup_000_opening_011_1,matchup_000,opening_011,r1bqkbnr/pp1p2pp/n1p1p3/5p2/P2P1B2/8/1PP1PPPP/RN1QKBNR w KQkq - 0 5,1,minic,Level=1,minic,Level=0,1/2-1/2,0.5,80,0.27069989999290556,complete,,11
matchup_000_opening_012_0,matchup_000,opening_012,r1bqkbnr/ppppppp1/8/7p/Q1P3P1/1P1n4/P2PPP1P/RNB1KBNR w KQkq - 1 5,0,minic,Level=0,minic,Level=1,1/2-1/2,0.5,80,0.2566917999647558,complete,,12
matchup_000_opening_012_1,matchup_000,opening_012,r1bqkbnr/ppppppp1/8/7p/Q1P3P1/1P1n4/P2PPP1P/RNB1KBNR w KQkq - 1 5,1,minic,Level=1,minic,Level=0,1/2-1/2,0.5,80,0.25003739999374375,complete,,12
matchup_000_opening_013_0,matchup_000,opening_013,rnbqkbnr/ppp3pp/4pp2/3p4/8/2PP4/PP2PPPP/RNBQKBNR w KQkq - 0 5,0,minic,Level=0,minic,Level=1,1/2-1/2,0.5,80,0.2699460999574512,complete,,13
matchup_000_opening_013_1,matchup_000,opening_013,rnbqkbnr/ppp3pp/4pp2/3p4/8/2PP4/PP2PPPP/RNBQKBNR w KQkq - 0 5,1,minic,Level=1,minic,Level=0,1/2-1/2,0.5,80,0.27704029995948076,complete,,13
matchup_000_opening_014_0,matchup_000,opening_014,rnbqk1nr/ppppp2p/6pb/8/2P2pPP/P7/1P1PPP2/RNBQKBNR w KQkq - 0 5,0,minic,Level=0,minic,Level=1,1/2-1/2,0.5,80,0.2796449000015855,complete,,14
matchup_000_opening_014_1,matchup_000,opening_014,rnbqk1nr/ppppp2p/6pb/8/2P2pPP/P7/1P1PPP2/RNBQKBNR w KQkq - 0 5,1,minic,Level=1,minic,Level=0,1/2-1/2,0.5,80,0.3027374000521377,complete,,14
matchup_000_opening_015_0,matchup_000,opening_015,rnb1kbnr/1ppp1pp1/8/p2Pp2p/4P2q/2N5/PPP2PPP/R1BQKBNR w KQkq - 2 5,0,minic,Level=0,minic,Level=1,1/2-1/2,0.5,80,0.33665620000101626,complete,,15
matchup_000_opening_015_1,matchup_000,opening_015,rnb1kbnr/1ppp1pp1/8/p2Pp2p/4P2q/2N5/PPP2PPP/R1BQKBNR w KQkq - 2 5,1,minic,Level=1,minic,Level=0,1/2-1/2,0.5,80,0.3097035000100732,complete,,15
matchup_000_opening_016_0,matchup_000,opening_016,rn1qkbnr/p2pppp1/b7/1pP4p/5P2/8/PPP1PKPP/RNBQ1BNR w kq - 0 5,0,minic,Level=0,minic,Level=1,1/2-1/2,0.5,80,0.2944318000227213,complete,,16
matchup_000_opening_016_1,matchup_000,opening_016,rn1qkbnr/p2pppp1/b7/1pP4p/5P2/8/PPP1PKPP/RNBQ1BNR w kq - 0 5,1,minic,Level=1,minic,Level=0,1/2-1/2,0.5,80,0.2660704999580048,complete,,16
matchup_000_opening_017_0,matchup_000,opening_017,rnbqkbnr/p1p3pp/1p1pp3/5pP1/P3P3/8/1PPP1P1P/RNBQKBNR w KQkq - 0 5,0,minic,Level=0,minic,Level=1,1/2-1/2,0.5,80,0.266468099958729,complete,,17
matchup_000_opening_017_1,matchup_000,opening_017,rnbqkbnr/p1p3pp/1p1pp3/5pP1/P3P3/8/1PPP1P1P/RNBQKBNR w KQkq - 0 5,1,minic,Level=1,minic,Level=0,1/2-1/2,0.5,80,0.2706991999875754,complete,,17
matchup_000_opening_018_0,matchup_000,opening_018,rnbqkb1r/ppp2ppp/3pp3/3P1n2/8/6PP/PPP1PP2/RNBQKBNR w KQkq - 1 5,0,minic,Level=0,minic,Level=1,1/2-1/2,0.5,80,0.2951785999466665,complete,,18
matchup_000_opening_018_1,matchup_000,opening_018,rnbqkb1r/ppp2ppp/3pp3/3P1n2/8/6PP/PPP1PP2/RNBQKBNR w KQkq - 1 5,1,minic,Level=1,minic,Level=0,1/2-1/2,0.5,80,0.26875920000020415,complete,,18
matchup_000_opening_019_0,matchup_000,opening_019,rnb1kbnr/1pqppp1p/2p5/p5p1/3P4/1QP4P/PP2PPP1/RNB1KBNR w KQkq - 0 5,0,minic,Level=0,minic,Level=1,1/2-1/2,0.5,80,0.26215379999484867,complete,,19
matchup_000_opening_019_1,matchup_000,opening_019,rnb1kbnr/1pqppp1p/2p5/p5p1/3P4/1QP4P/PP2PPP1/RNB1KBNR w KQkq - 0 5,1,minic,Level=1,minic,Level=0,1/2-1/2,0.5,80,0.2555543000344187,complete,,19
matchup_001_opening_000_0,matchup_001,opening_000,rn1qkb1r/2pppppp/bp3n2/p7/4B3/3PP3/PPP2PPP/RNBQK1NR w KQkq - 1 5,0,minic,Level=1,minic,Level=2,1/2-1/2,0.5,80,0.28720589994918555,complete,,0
matchup_001_opening_000_1,matchup_001,opening_000,rn1qkb1r/2pppppp/bp3n2/p7/4B3/3PP3/PPP2PPP/RNBQK1NR w KQkq - 1 5,1,minic,Level=2,minic,Level=1,1/2-1/2,0.5,80,0.2526333999703638,complete,,0
matchup_001_opening_001_0,matchup_001,opening_001,rnbqkbnr/1p2pppp/8/p1pp4/6P1/N6P/PPPPPP2/R1BQKBNR w KQkq - 0 5,0,minic,Level=1,minic,Level=2,1/2-1/2,0.5,80,0.2465727999806404,complete,,1
matchup_001_opening_001_1,matchup_001,opening_001,rnbqkbnr/1p2pppp/8/p1pp4/6P1/N6P/PPPPPP2/R1BQKBNR w KQkq - 0 5,1,minic,Level=2,minic,Level=1,1/2-1/2,0.5,80,0.2682526999851689,complete,,1
matchup_001_opening_002_0,matchup_001,opening_002,rnb1kbnr/pppp1p1p/5qp1/4p3/7P/1P3PP1/P1PPP3/RNBQKBNR w KQkq - 0 5,0,minic,Level=1,minic,Level=2,1/2-1/2,0.5,80,0.2589748000027612,complete,,2
matchup_001_opening_002_1,matchup_001,opening_002,rnb1kbnr/pppp1p1p/5qp1/4p3/7P/1P3PP1/P1PPP3/RNBQKBNR w KQkq - 0 5,1,minic,Level=2,minic,Level=1,1/2-1/2,0.5,80,0.282734900014475,complete,,2
matchup_001_opening_003_0,matchup_001,opening_003,rnbqk1nr/1ppp1ppp/1b2p3/p7/P7/2P2P1P/1P1PP1P1/RNBQKBNR w KQkq - 1 5,0,minic,Level=1,minic,Level=2,1/2-1/2,0.5,80,0.2700487999827601,complete,,3
matchup_001_opening_003_1,matchup_001,opening_003,rnbqk1nr/1ppp1ppp/1b2p3/p7/P7/2P2P1P/1P1PP1P1/RNBQKBNR w KQkq - 1 5,1,minic,Level=2,minic,Level=1,1/2-1/2,0.5,80,0.269816100015305,complete,,3
matchup_001_opening_004_0,matchup_001,opening_004,rnbqkbnr/2ppp1p1/1p3p2/p6p/2P5/4P2P/PP1PKPP1/RNBQ1BNR w kq - 0 5,0,minic,Level=1,minic,Level=2,1/2-1/2,0.5,80,0.24128510005539283,complete,,4
matchup_001_opening_004_1,matchup_001,opening_004,rnbqkbnr/2ppp1p1/1p3p2/p6p/2P5/4P2P/PP1PKPP1/RNBQ1BNR w kq - 0 5,1,minic,Level=2,minic,Level=1,1/2-1/2,0.5,80,0.2738505000015721,complete,,4
matchup_001_opening_005_0,matchup_001,opening_005,r1bqkb1r/ppp1pppp/3p1n2/8/1nB1P3/1PP5/P2P1PPP/RNBQK1NR w KQkq - 2 5,0,minic,Level=1,minic,Level=2,1/2-1/2,0.5,80,0.24919659999432042,complete,,5
matchup_001_opening_005_1,matchup_001,opening_005,r1bqkb1r/ppp1pppp/3p1n2/8/1nB1P3/1PP5/P2P1PPP/RNBQK1NR w KQkq - 2 5,1,minic,Level=2,minic,Level=1,1/2-1/2,0.5,80,0.26521159999538213,complete,,5
matchup_001_opening_006_0,matchup_001,opening_006,r1b1k1nr/pppp1ppp/n3p3/6q1/1b6/P2P4/2PNPPPP/R1BQKBNR w KQkq - 0 5,0,minic,Level=1,minic,Level=2,1/2-1/2,0.5,80,0.26579380000475794,complete,,6
matchup_001_opening_006_1,matchup_001,opening_006,r1b1k1nr/pppp1ppp/n3p3/6q1/1b6/P2P4/2PNPPPP/R1BQKBNR w KQkq - 0 5,1,minic,Level=2,minic,Level=1,1/2-1/2,0.5,80,0.2719585000304505,complete,,6
matchup_001_opening_007_0,matchup_001,opening_007,rn1qkb1r/ppp1p1pp/3p1n2/5p2/1P6/2N2PPb/P1PPP2P/R1BQKBNR w KQkq - 1 5,0,minic,Level=1,minic,Level=2,1/2-1/2,0.5,80,0.25015239999629557,complete,,7
matchup_001_opening_007_1,matchup_001,opening_007,rn1qkb1r/ppp1p1pp/3p1n2/5p2/1P6/2N2PPb/P1PPP2P/R1BQKBNR w KQkq - 1 5,1,minic,Level=2,minic,Level=1,1/2-1/2,0.5,80,0.2562257999670692,complete,,7
matchup_001_opening_008_0,matchup_001,opening_008,r1bq1bnr/pppkpppp/8/3p4/4P3/2N5/PPPP1PPP/R1BQK1NR w KQ - 0 5,0,minic,Level=1,minic,Level=2,1/2-1/2,0.5,80,0.25747980002779514,complete,,8
matchup_001_opening_008_1,matchup_001,opening_008,r1bq1bnr/pppkpppp/8/3p4/4P3/2N5/PPPP1PPP/R1BQK1NR w KQ - 0 5,1,minic,Level=2,minic,Level=1,1/2-1/2,0.5,80,0.2554668000084348,complete,,8
matchup_001_opening_009_0,matchup_001,opening_009,rnbq1bnr/p1ppkp1p/1p4p1/4p3/8/3P2P1/PPPNPP1P/RNBQKB1R w KQ - 2 5,0,minic,Level=1,minic,Level=2,1/2-1/2,0.5,80,0.25762610003584996,complete,,9
matchup_001_opening_009_1,matchup_001,opening_009,rnbq1bnr/p1ppkp1p/1p4p1/4p3/8/3P2P1/PPPNPP1P/RNBQKB1R w KQ - 2 5,1,minic,Level=2,minic,Level=1,1/2-1/2,0.5,80,0.26817530003609136,complete,,9
matchup_001_opening_010_0,matchup_001,opening_010,rn1qkbnr/1pp1ppp1/p6p/3p1b2/2P2P2/P6N/1P1PP1PP/RNBQKB1R w KQkq - 0 5,0,minic,Level=1,minic,Level=2,1/2-1/2,0.5,80,0.29284090001601726,complete,,10
matchup_001_opening_010_1,matchup_001,opening_010,rn1qkbnr/1pp1ppp1/p6p/3p1b2/2P2P2/P6N/1P1PP1PP/RNBQKB1R w KQkq - 0 5,1,minic,Level=2,minic,Level=1,1/2-1/2,0.5,80,0.2792580000241287,complete,,10
matchup_001_opening_011_0,matchup_001,opening_011,r1bqkbnr/pp1p2pp/n1p1p3/5p2/P2P1B2/8/1PP1PPPP/RN1QKBNR w KQkq - 0 5,0,minic,Level=1,minic,Level=2,1/2-1/2,0.5,80,0.25194440002087504,complete,,11
matchup_001_opening_011_1,matchup_001,opening_011,r1bqkbnr/pp1p2pp/n1p1p3/5p2/P2P1B2/8/1PP1PPPP/RN1QKBNR w KQkq - 0 5,1,minic,Level=2,minic,Level=1,1/2-1/2,0.5,80,0.25289750000229105,complete,,11
matchup_001_opening_012_0,matchup_001,opening_012,r1bqkbnr/ppppppp1/8/7p/Q1P3P1/1P1n4/P2PPP1P/RNB1KBNR w KQkq - 1 5,0,minic,Level=1,minic,Level=2,1/2-1/2,0.5,80,0.2397929999860935,complete,,12
matchup_001_opening_012_1,matchup_001,opening_012,r1bqkbnr/ppppppp1/8/7p/Q1P3P1/1P1n4/P2PPP1P/RNB1KBNR w KQkq - 1 5,1,minic,Level=2,minic,Level=1,1/2-1/2,0.5,80,0.258953400014434,complete,,12
matchup_001_opening_013_0,matchup_001,opening_013,rnbqkbnr/ppp3pp/4pp2/3p4/8/2PP4/PP2PPPP/RNBQKBNR w KQkq - 0 5,0,minic,Level=1,minic,Level=2,1/2-1/2,0.5,80,0.2649634999688715,complete,,13
matchup_001_opening_013_1,matchup_001,opening_013,rnbqkbnr/ppp3pp/4pp2/3p4/8/2PP4/PP2PPPP/RNBQKBNR w KQkq - 0 5,1,minic,Level=2,minic,Level=1,1/2-1/2,0.5,80,0.27785660000517964,complete,,13
matchup_001_opening_014_0,matchup_001,opening_014,rnbqk1nr/ppppp2p/6pb/8/2P2pPP/P7/1P1PPP2/RNBQKBNR w KQkq - 0 5,0,minic,Level=1,minic,Level=2,1/2-1/2,0.5,80,0.28192669997224584,complete,,14
matchup_001_opening_014_1,matchup_001,opening_014,rnbqk1nr/ppppp2p/6pb/8/2P2pPP/P7/1P1PPP2/RNBQKBNR w KQkq - 0 5,1,minic,Level=2,minic,Level=1,1/2-1/2,0.5,80,0.265676099981647,complete,,14
matchup_001_opening_015_0,matchup_001,opening_015,rnb1kbnr/1ppp1pp1/8/p2Pp2p/4P2q/2N5/PPP2PPP/R1BQKBNR w KQkq - 2 5,0,minic,Level=1,minic,Level=2,1/2-1/2,0.5,80,0.2761694999644533,complete,,15
matchup_001_opening_015_1,matchup_001,opening_015,rnb1kbnr/1ppp1pp1/8/p2Pp2p/4P2q/2N5/PPP2PPP/R1BQKBNR w KQkq - 2 5,1,minic,Level=2,minic,Level=1,1/2-1/2,0.5,80,0.2662664000527002,complete,,15
matchup_001_opening_016_0,matchup_001,opening_016,rn1qkbnr/p2pppp1/b7/1pP4p/5P2/8/PPP1PKPP/RNBQ1BNR w kq - 0 5,0,minic,Level=1,minic,Level=2,1/2-1/2,0.5,80,0.25970900000538677,complete,,16
matchup_001_opening_016_1,matchup_001,opening_016,rn1qkbnr/p2pppp1/b7/1pP4p/5P2/8/PPP1PKPP/RNBQ1BNR w kq - 0 5,1,minic,Level=2,minic,Level=1,1/2-1/2,0.5,80,0.2603349999990314,complete,,16
matchup_001_opening_017_0,matchup_001,opening_017,rnbqkbnr/p1p3pp/1p1pp3/5pP1/P3P3/8/1PPP1P1P/RNBQKBNR w KQkq - 0 5,0,minic,Level=1,minic,Level=2,1/2-1/2,0.5,80,0.30613739998079836,complete,,17
matchup_001_opening_017_1,matchup_001,opening_017,rnbqkbnr/p1p3pp/1p1pp3/5pP1/P3P3/8/1PPP1P1P/RNBQKBNR w KQkq - 0 5,1,minic,Level=2,minic,Level=1,1/2-1/2,0.5,80,0.3115490999771282,complete,,17
matchup_001_opening_018_0,matchup_001,opening_018,rnbqkb1r/ppp2ppp/3pp3/3P1n2/8/6PP/PPP1PP2/RNBQKBNR w KQkq - 1 5,0,minic,Level=1,minic,Level=2,1/2-1/2,0.5,80,0.27866859995992854,complete,,18
matchup_001_opening_018_1,matchup_001,opening_018,rnbqkb1r/ppp2ppp/3pp3/3P1n2/8/6PP/PPP1PP2/RNBQKBNR w KQkq - 1 5,1,minic,Level=2,minic,Level=1,1/2-1/2,0.5,80,0.29257230000803247,complete,,18
matchup_001_opening_019_0,matchup_001,opening_019,rnb1kbnr/1pqppp1p/2p5/p5p1/3P4/1QP4P/PP2PPP1/RNB1KBNR w KQkq - 0 5,0,minic,Level=1,minic,Level=2,1/2-1/2,0.5,80,0.2538806999800727,complete,,19
matchup_001_opening_019_1,matchup_001,opening_019,rnb1kbnr/1pqppp1p/2p5/p5p1/3P4/1QP4P/PP2PPP1/RNB1KBNR w KQkq - 0 5,1,minic,Level=2,minic,Level=1,1/2-1/2,0.5,80,0.2791643000091426,complete,,19
matchup_002_opening_000_0,matchup_002,opening_000,rn1qkb1r/2pppppp/bp3n2/p7/4B3/3PP3/PPP2PPP/RNBQK1NR w KQkq - 1 5,0,minic,Level=2,minic,Level=3,1/2-1/2,0.5,80,0.3452163999900222,complete,,0
matchup_002_opening_000_1,matchup_002,opening_000,rn1qkb1r/2pppppp/bp3n2/p7/4B3/3PP3/PPP2PPP/RNBQK1NR w KQkq - 1 5,1,minic,Level=3,minic,Level=2,1/2-1/2,0.5,80,0.30463610001606867,complete,,0
matchup_002_opening_001_0,matchup_002,opening_001,rnbqkbnr/1p2pppp/8/p1pp4/6P1/N6P/PPPPPP2/R1BQKBNR w KQkq - 0 5,0,minic,Level=2,minic,Level=3,1/2-1/2,0.5,80,0.27950820000842214,complete,,1
matchup_002_opening_001_1,matchup_002,opening_001,rnbqkbnr/1p2pppp/8/p1pp4/6P1/N6P/PPPPPP2/R1BQKBNR w KQkq - 0 5,1,minic,Level=3,minic,Level=2,1/2-1/2,0.5,80,0.29060219996608794,complete,,1
matchup_002_opening_002_0,matchup_002,opening_002,rnb1kbnr/pppp1p1p/5qp1/4p3/7P/1P3PP1/P1PPP3/RNBQKBNR w KQkq - 0 5,0,minic,Level=2,minic,Level=3,1/2-1/2,0.5,80,0.2965682999929413,complete,,2
matchup_002_opening_002_1,matchup_002,opening_002,rnb1kbnr/pppp1p1p/5qp1/4p3/7P/1P3PP1/P1PPP3/RNBQKBNR w KQkq - 0 5,1,minic,Level=3,minic,Level=2,1/2-1/2,0.5,80,0.27592509996611625,complete,,2
matchup_002_opening_003_0,matchup_002,opening_003,rnbqk1nr/1ppp1ppp/1b2p3/p7/P7/2P2P1P/1P1PP1P1/RNBQKBNR w KQkq - 1 5,0,minic,Level=2,minic,Level=3,1/2-1/2,0.5,80,0.2751443000161089,complete,,3
matchup_002_opening_003_1,matchup_002,opening_003,rnbqk1nr/1ppp1ppp/1b2p3/p7/P7/2P2P1P/1P1PP1P1/RNBQKBNR w KQkq - 1 5,1,minic,Level=3,minic,Level=2,1/2-1/2,0.5,80,0.2806205000379123,complete,,3
matchup_002_opening_004_0,matchup_002,opening_004,rnbqkbnr/2ppp1p1/1p3p2/p6p/2P5/4P2P/PP1PKPP1/RNBQ1BNR w kq - 0 5,0,minic,Level=2,minic,Level=3,1/2-1/2,0.5,80,0.28724370000418276,complete,,4
matchup_002_opening_004_1,matchup_002,opening_004,rnbqkbnr/2ppp1p1/1p3p2/p6p/2P5/4P2P/PP1PKPP1/RNBQ1BNR w kq - 0 5,1,minic,Level=3,minic,Level=2,1/2-1/2,0.5,80,0.2848606000188738,complete,,4
matchup_002_opening_005_0,matchup_002,opening_005,r1bqkb1r/ppp1pppp/3p1n2/8/1nB1P3/1PP5/P2P1PPP/RNBQK1NR w KQkq - 2 5,0,minic,Level=2,minic,Level=3,1/2-1/2,0.5,80,0.2815573000116274,complete,,5
matchup_002_opening_005_1,matchup_002,opening_005,r1bqkb1r/ppp1pppp/3p1n2/8/1nB1P3/1PP5/P2P1PPP/RNBQK1NR w KQkq - 2 5,1,minic,Level=3,minic,Level=2,1/2-1/2,0.5,80,0.27268210001057014,complete,,5
matchup_002_opening_006_0,matchup_002,opening_006,r1b1k1nr/pppp1ppp/n3p3/6q1/1b6/P2P4/2PNPPPP/R1BQKBNR w KQkq - 0 5,0,minic,Level=2,minic,Level=3,1/2-1/2,0.5,80,0.26310699997702613,complete,,6
matchup_002_opening_006_1,matchup_002,opening_006,r1b1k1nr/pppp1ppp/n3p3/6q1/1b6/P2P4/2PNPPPP/R1BQKBNR w KQkq - 0 5,1,minic,Level=3,minic,Level=2,1/2-1/2,0.5,80,0.28057430003536865,complete,,6
matchup_002_opening_007_0,matchup_002,opening_007,rn1qkb1r/ppp1p1pp/3p1n2/5p2/1P6/2N2PPb/P1PPP2P/R1BQKBNR w KQkq - 1 5,0,minic,Level=2,minic,Level=3,1/2-1/2,0.5,80,0.29577169998083264,complete,,7
matchup_002_opening_007_1,matchup_002,opening_007,rn1qkb1r/ppp1p1pp/3p1n2/5p2/1P6/2N2PPb/P1PPP2P/R1BQKBNR w KQkq - 1 5,1,minic,Level=3,minic,Level=2,1/2-1/2,0.5,80,0.2836096999817528,complete,,7
matchup_002_opening_008_0,matchup_002,opening_008,r1bq1bnr/pppkpppp/8/3p4/4P3/2N5/PPPP1PPP/R1BQK1NR w KQ - 0 5,0,minic,Level=2,minic,Level=3,1-0,1.0,45,0.13721260003512725,complete,,8
matchup_002_opening_008_1,matchup_002,opening_008,r1bq1bnr/pppkpppp/8/3p4/4P3/2N5/PPPP1PPP/R1BQK1NR w KQ - 0 5,1,minic,Level=3,minic,Level=2,1/2-1/2,0.5,80,0.28359570004977286,complete,,8
matchup_002_opening_009_0,matchup_002,opening_009,rnbq1bnr/p1ppkp1p/1p4p1/4p3/8/3P2P1/PPPNPP1P/RNBQKB1R w KQ - 2 5,0,minic,Level=2,minic,Level=3,1/2-1/2,0.5,80,0.274636099988129,complete,,9
matchup_002_opening_009_1,matchup_002,opening_009,rnbq1bnr/p1ppkp1p/1p4p1/4p3/8/3P2P1/PPPNPP1P/RNBQKB1R w KQ - 2 5,1,minic,Level=3,minic,Level=2,1/2-1/2,0.5,80,0.28220459999283776,complete,,9
matchup_002_opening_010_0,matchup_002,opening_010,rn1qkbnr/1pp1ppp1/p6p/3p1b2/2P2P2/P6N/1P1PP1PP/RNBQKB1R w KQkq - 0 5,0,minic,Level=2,minic,Level=3,1/2-1/2,0.5,80,0.28657470003236085,complete,,10
matchup_002_opening_010_1,matchup_002,opening_010,rn1qkbnr/1pp1ppp1/p6p/3p1b2/2P2P2/P6N/1P1PP1PP/RNBQKB1R w KQkq - 0 5,1,minic,Level=3,minic,Level=2,1/2-1/2,0.5,80,0.2800452999654226,complete,,10
matchup_002_opening_011_0,matchup_002,opening_011,r1bqkbnr/pp1p2pp/n1p1p3/5p2/P2P1B2/8/1PP1PPPP/RN1QKBNR w KQkq - 0 5,0,minic,Level=2,minic,Level=3,1/2-1/2,0.5,80,0.2976904999813996,complete,,11
matchup_002_opening_011_1,matchup_002,opening_011,r1bqkbnr/pp1p2pp/n1p1p3/5p2/P2P1B2/8/1PP1PPPP/RN1QKBNR w KQkq - 0 5,1,minic,Level=3,minic,Level=2,1/2-1/2,0.5,80,0.3137358000385575,complete,,11
matchup_002_opening_012_0,matchup_002,opening_012,r1bqkbnr/ppppppp1/8/7p/Q1P3P1/1P1n4/P2PPP1P/RNB1KBNR w KQkq - 1 5,0,minic,Level=2,minic,Level=3,1/2-1/2,0.5,80,0.27213230001507327,complete,,12
matchup_002_opening_012_1,matchup_002,opening_012,r1bqkbnr/ppppppp1/8/7p/Q1P3P1/1P1n4/P2PPP1P/RNB1KBNR w KQkq - 1 5,1,minic,Level=3,minic,Level=2,1/2-1/2,0.5,80,0.28424599999561906,complete,,12
matchup_002_opening_013_0,matchup_002,opening_013,rnbqkbnr/ppp3pp/4pp2/3p4/8/2PP4/PP2PPPP/RNBQKBNR w KQkq - 0 5,0,minic,Level=2,minic,Level=3,1/2-1/2,0.5,80,0.2771101000253111,complete,,13
matchup_002_opening_013_1,matchup_002,opening_013,rnbqkbnr/ppp3pp/4pp2/3p4/8/2PP4/PP2PPPP/RNBQKBNR w KQkq - 0 5,1,minic,Level=3,minic,Level=2,1/2-1/2,0.5,80,0.2824902000138536,complete,,13
matchup_002_opening_014_0,matchup_002,opening_014,rnbqk1nr/ppppp2p/6pb/8/2P2pPP/P7/1P1PPP2/RNBQKBNR w KQkq - 0 5,0,minic,Level=2,minic,Level=3,1/2-1/2,0.5,80,0.27105460001621395,complete,,14
matchup_002_opening_014_1,matchup_002,opening_014,rnbqk1nr/ppppp2p/6pb/8/2P2pPP/P7/1P1PPP2/RNBQKBNR w KQkq - 0 5,1,minic,Level=3,minic,Level=2,1/2-1/2,0.5,80,0.2923249999876134,complete,,14
matchup_002_opening_015_0,matchup_002,opening_015,rnb1kbnr/1ppp1pp1/8/p2Pp2p/4P2q/2N5/PPP2PPP/R1BQKBNR w KQkq - 2 5,0,minic,Level=2,minic,Level=3,1/2-1/2,0.5,80,0.30941349995555356,complete,,15
matchup_002_opening_015_1,matchup_002,opening_015,rnb1kbnr/1ppp1pp1/8/p2Pp2p/4P2q/2N5/PPP2PPP/R1BQKBNR w KQkq - 2 5,1,minic,Level=3,minic,Level=2,1/2-1/2,0.5,80,0.2767089999979362,complete,,15
matchup_002_opening_016_0,matchup_002,opening_016,rn1qkbnr/p2pppp1/b7/1pP4p/5P2/8/PPP1PKPP/RNBQ1BNR w kq - 0 5,0,minic,Level=2,minic,Level=3,1/2-1/2,0.5,80,0.2879329999559559,complete,,16
matchup_002_opening_016_1,matchup_002,opening_016,rn1qkbnr/p2pppp1/b7/1pP4p/5P2/8/PPP1PKPP/RNBQ1BNR w kq - 0 5,1,minic,Level=3,minic,Level=2,1/2-1/2,0.5,80,0.2800606999662705,complete,,16
matchup_002_opening_017_0,matchup_002,opening_017,rnbqkbnr/p1p3pp/1p1pp3/5pP1/P3P3/8/1PPP1P1P/RNBQKBNR w KQkq - 0 5,0,minic,Level=2,minic,Level=3,1/2-1/2,0.5,80,0.25567840004805475,complete,,17
matchup_002_opening_017_1,matchup_002,opening_017,rnbqkbnr/p1p3pp/1p1pp3/5pP1/P3P3/8/1PPP1P1P/RNBQKBNR w KQkq - 0 5,1,minic,Level=3,minic,Level=2,1/2-1/2,0.5,80,0.2604435000102967,complete,,17
matchup_002_opening_018_0,matchup_002,opening_018,rnbqkb1r/ppp2ppp/3pp3/3P1n2/8/6PP/PPP1PP2/RNBQKBNR w KQkq - 1 5,0,minic,Level=2,minic,Level=3,1/2-1/2,0.5,80,0.26321599999209866,complete,,18
matchup_002_opening_018_1,matchup_002,opening_018,rnbqkb1r/ppp2ppp/3pp3/3P1n2/8/6PP/PPP1PP2/RNBQKBNR w KQkq - 1 5,1,minic,Level=3,minic,Level=2,1/2-1/2,0.5,80,0.2847286000032909,complete,,18
matchup_002_opening_019_0,matchup_002,opening_019,rnb1kbnr/1pqppp1p/2p5/p5p1/3P4/1QP4P/PP2PPP1/RNB1KBNR w KQkq - 0 5,0,minic,Level=2,minic,Level=3,1/2-1/2,0.5,80,0.27478599996538833,complete,,19
matchup_002_opening_019_1,matchup_002,opening_019,rnb1kbnr/1pqppp1p/2p5/p5p1/3P4/1QP4P/PP2PPP1/RNB1KBNR w KQkq - 0 5,1,minic,Level=3,minic,Level=2,1/2-1/2,0.5,80,0.2725679999566637,complete,,19
matchup_003_opening_000_0,matchup_003,opening_000,rn1qkb1r/2pppppp/bp3n2/p7/4B3/3PP3/PPP2PPP/RNBQK1NR w KQkq - 1 5,0,minic,Level=3,minic,Level=4,1/2-1/2,0.5,80,0.2939664999721572,complete,,0
matchup_003_opening_000_1,matchup_003,opening_000,rn1qkb1r/2pppppp/bp3n2/p7/4B3/3PP3/PPP2PPP/RNBQK1NR w KQkq - 1 5,1,minic,Level=4,minic,Level=3,1/2-1/2,0.5,80,0.25388130004284903,complete,,0
matchup_003_opening_001_0,matchup_003,opening_001,rnbqkbnr/1p2pppp/8/p1pp4/6P1/N6P/PPPPPP2/R1BQKBNR w KQkq - 0 5,0,minic,Level=3,minic,Level=4,1/2-1/2,0.5,80,0.25611730001401156,complete,,1
matchup_003_opening_001_1,matchup_003,opening_001,rnbqkbnr/1p2pppp/8/p1pp4/6P1/N6P/PPPPPP2/R1BQKBNR w KQkq - 0 5,1,minic,Level=4,minic,Level=3,1/2-1/2,0.5,80,0.25131510000210255,complete,,1
matchup_003_opening_002_0,matchup_003,opening_002,rnb1kbnr/pppp1p1p/5qp1/4p3/7P/1P3PP1/P1PPP3/RNBQKBNR w KQkq - 0 5,0,minic,Level=3,minic,Level=4,1/2-1/2,0.5,80,0.2690273000043817,complete,,2
matchup_003_opening_002_1,matchup_003,opening_002,rnb1kbnr/pppp1p1p/5qp1/4p3/7P/1P3PP1/P1PPP3/RNBQKBNR w KQkq - 0 5,1,minic,Level=4,minic,Level=3,1/2-1/2,0.5,80,0.2725771999685094,complete,,2
matchup_003_opening_003_0,matchup_003,opening_003,rnbqk1nr/1ppp1ppp/1b2p3/p7/P7/2P2P1P/1P1PP1P1/RNBQKBNR w KQkq - 1 5,0,minic,Level=3,minic,Level=4,1/2-1/2,0.5,80,0.29753250000067055,complete,,3
matchup_003_opening_003_1,matchup_003,opening_003,rnbqk1nr/1ppp1ppp/1b2p3/p7/P7/2P2P1P/1P1PP1P1/RNBQKBNR w KQkq - 1 5,1,minic,Level=4,minic,Level=3,1/2-1/2,0.5,80,0.2533041999558918,complete,,3
matchup_003_opening_004_0,matchup_003,opening_004,rnbqkbnr/2ppp1p1/1p3p2/p6p/2P5/4P2P/PP1PKPP1/RNBQ1BNR w kq - 0 5,0,minic,Level=3,minic,Level=4,1/2-1/2,0.5,80,0.26633169996785,complete,,4
matchup_003_opening_004_1,matchup_003,opening_004,rnbqkbnr/2ppp1p1/1p3p2/p6p/2P5/4P2P/PP1PKPP1/RNBQ1BNR w kq - 0 5,1,minic,Level=4,minic,Level=3,1/2-1/2,0.5,80,0.24564949999330565,complete,,4
matchup_003_opening_005_0,matchup_003,opening_005,r1bqkb1r/ppp1pppp/3p1n2/8/1nB1P3/1PP5/P2P1PPP/RNBQK1NR w KQkq - 2 5,0,minic,Level=3,minic,Level=4,1/2-1/2,0.5,80,0.25323749997187406,complete,,5
matchup_003_opening_005_1,matchup_003,opening_005,r1bqkb1r/ppp1pppp/3p1n2/8/1nB1P3/1PP5/P2P1PPP/RNBQK1NR w KQkq - 2 5,1,minic,Level=4,minic,Level=3,1/2-1/2,0.5,80,0.2626608000136912,complete,,5
matchup_003_opening_006_0,matchup_003,opening_006,r1b1k1nr/pppp1ppp/n3p3/6q1/1b6/P2P4/2PNPPPP/R1BQKBNR w KQkq - 0 5,0,minic,Level=3,minic,Level=4,1/2-1/2,0.5,80,0.26038920000428334,complete,,6
matchup_003_opening_006_1,matchup_003,opening_006,r1b1k1nr/pppp1ppp/n3p3/6q1/1b6/P2P4/2PNPPPP/R1BQKBNR w KQkq - 0 5,1,minic,Level=4,minic,Level=3,1/2-1/2,0.5,80,0.279341800021939,complete,,6
matchup_003_opening_007_0,matchup_003,opening_007,rn1qkb1r/ppp1p1pp/3p1n2/5p2/1P6/2N2PPb/P1PPP2P/R1BQKBNR w KQkq - 1 5,0,minic,Level=3,minic,Level=4,1/2-1/2,0.5,80,0.2790199999581091,complete,,7
matchup_003_opening_007_1,matchup_003,opening_007,rn1qkb1r/ppp1p1pp/3p1n2/5p2/1P6/2N2PPb/P1PPP2P/R1BQKBNR w KQkq - 1 5,1,minic,Level=4,minic,Level=3,1/2-1/2,0.5,80,0.2649219000013545,complete,,7
matchup_003_opening_008_0,matchup_003,opening_008,r1bq1bnr/pppkpppp/8/3p4/4P3/2N5/PPPP1PPP/R1BQK1NR w KQ - 0 5,0,minic,Level=3,minic,Level=4,1/2-1/2,0.5,80,0.24505719996523112,complete,,8
matchup_003_opening_008_1,matchup_003,opening_008,r1bq1bnr/pppkpppp/8/3p4/4P3/2N5/PPPP1PPP/R1BQK1NR w KQ - 0 5,1,minic,Level=4,minic,Level=3,1-0,1.0,49,0.12250270001823083,complete,,8
matchup_003_opening_009_0,matchup_003,opening_009,rnbq1bnr/p1ppkp1p/1p4p1/4p3/8/3P2P1/PPPNPP1P/RNBQKB1R w KQ - 2 5,0,minic,Level=3,minic,Level=4,1/2-1/2,0.5,80,0.26234409998869523,complete,,9
matchup_003_opening_009_1,matchup_003,opening_009,rnbq1bnr/p1ppkp1p/1p4p1/4p3/8/3P2P1/PPPNPP1P/RNBQKB1R w KQ - 2 5,1,minic,Level=4,minic,Level=3,1/2-1/2,0.5,80,0.25864129996625707,complete,,9
matchup_003_opening_010_0,matchup_003,opening_010,rn1qkbnr/1pp1ppp1/p6p/3p1b2/2P2P2/P6N/1P1PP1PP/RNBQKB1R w KQkq - 0 5,0,minic,Level=3,minic,Level=4,1/2-1/2,0.5,80,0.2542534999665804,complete,,10
matchup_003_opening_010_1,matchup_003,opening_010,rn1qkbnr/1pp1ppp1/p6p/3p1b2/2P2P2/P6N/1P1PP1PP/RNBQKB1R w KQkq - 0 5,1,minic,Level=4,minic,Level=3,1/2-1/2,0.5,80,0.30152400000952184,complete,,10
matchup_003_opening_011_0,matchup_003,opening_011,r1bqkbnr/pp1p2pp/n1p1p3/5p2/P2P1B2/8/1PP1PPPP/RN1QKBNR w KQkq - 0 5,0,minic,Level=3,minic,Level=4,1/2-1/2,0.5,80,0.3161433999775909,complete,,11
matchup_003_opening_011_1,matchup_003,opening_011,r1bqkbnr/pp1p2pp/n1p1p3/5p2/P2P1B2/8/1PP1PPPP/RN1QKBNR w KQkq - 0 5,1,minic,Level=4,minic,Level=3,1/2-1/2,0.5,80,0.27812239999184385,complete,,11
matchup_003_opening_012_0,matchup_003,opening_012,r1bqkbnr/ppppppp1/8/7p/Q1P3P1/1P1n4/P2PPP1P/RNB1KBNR w KQkq - 1 5,0,minic,Level=3,minic,Level=4,1/2-1/2,0.5,80,0.252075300028082,complete,,12
matchup_003_opening_012_1,matchup_003,opening_012,r1bqkbnr/ppppppp1/8/7p/Q1P3P1/1P1n4/P2PPP1P/RNB1KBNR w KQkq - 1 5,1,minic,Level=4,minic,Level=3,1/2-1/2,0.5,80,0.27871799998683855,complete,,12
matchup_003_opening_013_0,matchup_003,opening_013,rnbqkbnr/ppp3pp/4pp2/3p4/8/2PP4/PP2PPPP/RNBQKBNR w KQkq - 0 5,0,minic,Level=3,minic,Level=4,1/2-1/2,0.5,80,0.25558669999009,complete,,13
matchup_003_opening_013_1,matchup_003,opening_013,rnbqkbnr/ppp3pp/4pp2/3p4/8/2PP4/PP2PPPP/RNBQKBNR w KQkq - 0 5,1,minic,Level=4,minic,Level=3,1/2-1/2,0.5,80,0.27594979997957125,complete,,13
matchup_003_opening_014_0,matchup_003,opening_014,rnbqk1nr/ppppp2p/6pb/8/2P2pPP/P7/1P1PPP2/RNBQKBNR w KQkq - 0 5,0,minic,Level=3,minic,Level=4,1/2-1/2,0.5,80,0.27189489995362237,complete,,14
matchup_003_opening_014_1,matchup_003,opening_014,rnbqk1nr/ppppp2p/6pb/8/2P2pPP/P7/1P1PPP2/RNBQKBNR w KQkq - 0 5,1,minic,Level=4,minic,Level=3,1/2-1/2,0.5,80,0.2607818999676965,complete,,14
matchup_003_opening_015_0,matchup_003,opening_015,rnb1kbnr/1ppp1pp1/8/p2Pp2p/4P2q/2N5/PPP2PPP/R1BQKBNR w KQkq - 2 5,0,minic,Level=3,minic,Level=4,1/2-1/2,0.5,80,0.27698640001472086,complete,,15
matchup_003_opening_015_1,matchup_003,opening_015,rnb1kbnr/1ppp1pp1/8/p2Pp2p/4P2q/2N5/PPP2PPP/R1BQKBNR w KQkq - 2 5,1,minic,Level=4,minic,Level=3,1/2-1/2,0.5,80,0.2680115000111982,complete,,15
matchup_003_opening_016_0,matchup_003,opening_016,rn1qkbnr/p2pppp1/b7/1pP4p/5P2/8/PPP1PKPP/RNBQ1BNR w kq - 0 5,0,minic,Level=3,minic,Level=4,1/2-1/2,0.5,80,0.2558697999920696,complete,,16
matchup_003_opening_016_1,matchup_003,opening_016,rn1qkbnr/p2pppp1/b7/1pP4p/5P2/8/PPP1PKPP/RNBQ1BNR w kq - 0 5,1,minic,Level=4,minic,Level=3,1/2-1/2,0.5,80,0.25136910000583157,complete,,16
matchup_003_opening_017_0,matchup_003,opening_017,rnbqkbnr/p1p3pp/1p1pp3/5pP1/P3P3/8/1PPP1P1P/RNBQKBNR w KQkq - 0 5,0,minic,Level=3,minic,Level=4,1/2-1/2,0.5,80,0.26002909999806434,complete,,17
matchup_003_opening_017_1,matchup_003,opening_017,rnbqkbnr/p1p3pp/1p1pp3/5pP1/P3P3/8/1PPP1P1P/RNBQKBNR w KQkq - 0 5,1,minic,Level=4,minic,Level=3,1/2-1/2,0.5,80,0.2783356999862008,complete,,17
matchup_003_opening_018_0,matchup_003,opening_018,rnbqkb1r/ppp2ppp/3pp3/3P1n2/8/6PP/PPP1PP2/RNBQKBNR w KQkq - 1 5,0,minic,Level=3,minic,Level=4,1/2-1/2,0.5,80,0.28278740000678226,complete,,18
matchup_003_opening_018_1,matchup_003,opening_018,rnbqkb1r/ppp2ppp/3pp3/3P1n2/8/6PP/PPP1PP2/RNBQKBNR w KQkq - 1 5,1,minic,Level=4,minic,Level=3,1/2-1/2,0.5,80,0.26911490003112704,complete,,18
matchup_003_opening_019_0,matchup_003,opening_019,rnb1kbnr/1pqppp1p/2p5/p5p1/3P4/1QP4P/PP2PPP1/RNB1KBNR w KQkq - 0 5,0,minic,Level=3,minic,Level=4,1/2-1/2,0.5,80,0.26470030000200495,complete,,19
matchup_003_opening_019_1,matchup_003,opening_019,rnb1kbnr/1pqppp1p/2p5/p5p1/3P4/1QP4P/PP2PPP1/RNB1KBNR w KQkq - 0 5,1,minic,Level=4,minic,Level=3,1/2-1/2,0.5,80,0.2521193000138737,complete,,19
matchup_004_opening_000_0,matchup_004,opening_000,rn1qkb1r/2pppppp/bp3n2/p7/4B3/3PP3/PPP2PPP/RNBQK1NR w KQkq - 1 5,0,minic,Level=4,minic,Level=5,1/2-1/2,0.5,80,0.29224690003320575,complete,,0
matchup_004_opening_000_1,matchup_004,opening_000,rn1qkb1r/2pppppp/bp3n2/p7/4B3/3PP3/PPP2PPP/RNBQK1NR w KQkq - 1 5,1,minic,Level=5,minic,Level=4,1/2-1/2,0.5,80,0.272556199983228,complete,,0
matchup_004_opening_001_0,matchup_004,opening_001,rnbqkbnr/1p2pppp/8/p1pp4/6P1/N6P/PPPPPP2/R1BQKBNR w KQkq - 0 5,0,minic,Level=4,minic,Level=5,1/2-1/2,0.5,80,0.2789568000007421,complete,,1
matchup_004_opening_001_1,matchup_004,opening_001,rnbqkbnr/1p2pppp/8/p1pp4/6P1/N6P/PPPPPP2/R1BQKBNR w KQkq - 0 5,1,minic,Level=5,minic,Level=4,1/2-1/2,0.5,80,0.27068419998977333,complete,,1
matchup_004_opening_002_0,matchup_004,opening_002,rnb1kbnr/pppp1p1p/5qp1/4p3/7P/1P3PP1/P1PPP3/RNBQKBNR w KQkq - 0 5,0,minic,Level=4,minic,Level=5,1/2-1/2,0.5,80,0.2732044000294991,complete,,2
matchup_004_opening_002_1,matchup_004,opening_002,rnb1kbnr/pppp1p1p/5qp1/4p3/7P/1P3PP1/P1PPP3/RNBQKBNR w KQkq - 0 5,1,minic,Level=5,minic,Level=4,1/2-1/2,0.5,80,0.25699889997486025,complete,,2
matchup_004_opening_003_0,matchup_004,opening_003,rnbqk1nr/1ppp1ppp/1b2p3/p7/P7/2P2P1P/1P1PP1P1/RNBQKBNR w KQkq - 1 5,0,minic,Level=4,minic,Level=5,1/2-1/2,0.5,80,0.23882709996541962,complete,,3
matchup_004_opening_003_1,matchup_004,opening_003,rnbqk1nr/1ppp1ppp/1b2p3/p7/P7/2P2P1P/1P1PP1P1/RNBQKBNR w KQkq - 1 5,1,minic,Level=5,minic,Level=4,1/2-1/2,0.5,80,0.265172999992501,complete,,3
matchup_004_opening_004_0,matchup_004,opening_004,rnbqkbnr/2ppp1p1/1p3p2/p6p/2P5/4P2P/PP1PKPP1/RNBQ1BNR w kq - 0 5,0,minic,Level=4,minic,Level=5,1/2-1/2,0.5,80,0.26200029999017715,complete,,4
matchup_004_opening_004_1,matchup_004,opening_004,rnbqkbnr/2ppp1p1/1p3p2/p6p/2P5/4P2P/PP1PKPP1/RNBQ1BNR w kq - 0 5,1,minic,Level=5,minic,Level=4,1/2-1/2,0.5,80,0.2600310000125319,complete,,4
matchup_004_opening_005_0,matchup_004,opening_005,r1bqkb1r/ppp1pppp/3p1n2/8/1nB1P3/1PP5/P2P1PPP/RNBQK1NR w KQkq - 2 5,0,minic,Level=4,minic,Level=5,1/2-1/2,0.5,80,0.2783249000203796,complete,,5
matchup_004_opening_005_1,matchup_004,opening_005,r1bqkb1r/ppp1pppp/3p1n2/8/1nB1P3/1PP5/P2P1PPP/RNBQK1NR w KQkq - 2 5,1,minic,Level=5,minic,Level=4,1/2-1/2,0.5,80,0.2644228999852203,complete,,5
matchup_004_opening_006_0,matchup_004,opening_006,r1b1k1nr/pppp1ppp/n3p3/6q1/1b6/P2P4/2PNPPPP/R1BQKBNR w KQkq - 0 5,0,minic,Level=4,minic,Level=5,1/2-1/2,0.5,80,0.2796082000131719,complete,,6
matchup_004_opening_006_1,matchup_004,opening_006,r1b1k1nr/pppp1ppp/n3p3/6q1/1b6/P2P4/2PNPPPP/R1BQKBNR w KQkq - 0 5,1,minic,Level=5,minic,Level=4,1/2-1/2,0.5,80,0.26161460002185777,complete,,6
matchup_004_opening_007_0,matchup_004,opening_007,rn1qkb1r/ppp1p1pp/3p1n2/5p2/1P6/2N2PPb/P1PPP2P/R1BQKBNR w KQkq - 1 5,0,minic,Level=4,minic,Level=5,1/2-1/2,0.5,80,0.24193790002027526,complete,,7
matchup_004_opening_007_1,matchup_004,opening_007,rn1qkb1r/ppp1p1pp/3p1n2/5p2/1P6/2N2PPb/P1PPP2P/R1BQKBNR w KQkq - 1 5,1,minic,Level=5,minic,Level=4,1/2-1/2,0.5,80,0.24751469999318942,complete,,7
matchup_004_opening_008_0,matchup_004,opening_008,r1bq1bnr/pppkpppp/8/3p4/4P3/2N5/PPPP1PPP/R1BQK1NR w KQ - 0 5,0,minic,Level=4,minic,Level=5,1/2-1/2,0.5,80,0.24701079999795184,complete,,8
matchup_004_opening_008_1,matchup_004,opening_008,r1bq1bnr/pppkpppp/8/3p4/4P3/2N5/PPPP1PPP/R1BQK1NR w KQ - 0 5,1,minic,Level=5,minic,Level=4,1/2-1/2,0.5,80,0.2639959000516683,complete,,8
matchup_004_opening_009_0,matchup_004,opening_009,rnbq1bnr/p1ppkp1p/1p4p1/4p3/8/3P2P1/PPPNPP1P/RNBQKB1R w KQ - 2 5,0,minic,Level=4,minic,Level=5,1/2-1/2,0.5,80,0.2573108999640681,complete,,9
matchup_004_opening_009_1,matchup_004,opening_009,rnbq1bnr/p1ppkp1p/1p4p1/4p3/8/3P2P1/PPPNPP1P/RNBQKB1R w KQ - 2 5,1,minic,Level=5,minic,Level=4,1/2-1/2,0.5,80,0.2529200999997556,complete,,9
matchup_004_opening_010_0,matchup_004,opening_010,rn1qkbnr/1pp1ppp1/p6p/3p1b2/2P2P2/P6N/1P1PP1PP/RNBQKB1R w KQkq - 0 5,0,minic,Level=4,minic,Level=5,1/2-1/2,0.5,80,0.26063749997410923,complete,,10
matchup_004_opening_010_1,matchup_004,opening_010,rn1qkbnr/1pp1ppp1/p6p/3p1b2/2P2P2/P6N/1P1PP1PP/RNBQKB1R w KQkq - 0 5,1,minic,Level=5,minic,Level=4,1/2-1/2,0.5,80,0.23990459996275604,complete,,10
matchup_004_opening_011_0,matchup_004,opening_011,r1bqkbnr/pp1p2pp/n1p1p3/5p2/P2P1B2/8/1PP1PPPP/RN1QKBNR w KQkq - 0 5,0,minic,Level=4,minic,Level=5,1/2-1/2,0.5,80,0.25255219999235123,complete,,11
matchup_004_opening_011_1,matchup_004,opening_011,r1bqkbnr/pp1p2pp/n1p1p3/5p2/P2P1B2/8/1PP1PPPP/RN1QKBNR w KQkq - 0 5,1,minic,Level=5,minic,Level=4,1/2-1/2,0.5,80,0.25092409999342635,complete,,11
matchup_004_opening_012_0,matchup_004,opening_012,r1bqkbnr/ppppppp1/8/7p/Q1P3P1/1P1n4/P2PPP1P/RNB1KBNR w KQkq - 1 5,0,minic,Level=4,minic,Level=5,1/2-1/2,0.5,80,0.24845960002858192,complete,,12
matchup_004_opening_012_1,matchup_004,opening_012,r1bqkbnr/ppppppp1/8/7p/Q1P3P1/1P1n4/P2PPP1P/RNB1KBNR w KQkq - 1 5,1,minic,Level=5,minic,Level=4,1/2-1/2,0.5,80,0.26192550000268966,complete,,12
matchup_004_opening_013_0,matchup_004,opening_013,rnbqkbnr/ppp3pp/4pp2/3p4/8/2PP4/PP2PPPP/RNBQKBNR w KQkq - 0 5,0,minic,Level=4,minic,Level=5,1/2-1/2,0.5,80,0.26342179998755455,complete,,13
matchup_004_opening_013_1,matchup_004,opening_013,rnbqkbnr/ppp3pp/4pp2/3p4/8/2PP4/PP2PPPP/RNBQKBNR w KQkq - 0 5,1,minic,Level=5,minic,Level=4,1/2-1/2,0.5,80,0.2690639000502415,complete,,13
matchup_004_opening_014_0,matchup_004,opening_014,rnbqk1nr/ppppp2p/6pb/8/2P2pPP/P7/1P1PPP2/RNBQKBNR w KQkq - 0 5,0,minic,Level=4,minic,Level=5,1/2-1/2,0.5,80,0.25332879996858537,complete,,14
matchup_004_opening_014_1,matchup_004,opening_014,rnbqk1nr/ppppp2p/6pb/8/2P2pPP/P7/1P1PPP2/RNBQKBNR w KQkq - 0 5,1,minic,Level=5,minic,Level=4,1/2-1/2,0.5,80,0.24845840001944453,complete,,14
matchup_004_opening_015_0,matchup_004,opening_015,rnb1kbnr/1ppp1pp1/8/p2Pp2p/4P2q/2N5/PPP2PPP/R1BQKBNR w KQkq - 2 5,0,minic,Level=4,minic,Level=5,1/2-1/2,0.5,80,0.24952369998209178,complete,,15
matchup_004_opening_015_1,matchup_004,opening_015,rnb1kbnr/1ppp1pp1/8/p2Pp2p/4P2q/2N5/PPP2PPP/R1BQKBNR w KQkq - 2 5,1,minic,Level=5,minic,Level=4,1/2-1/2,0.5,80,0.25888019998092204,complete,,15
matchup_004_opening_016_0,matchup_004,opening_016,rn1qkbnr/p2pppp1/b7/1pP4p/5P2/8/PPP1PKPP/RNBQ1BNR w kq - 0 5,0,minic,Level=4,minic,Level=5,1/2-1/2,0.5,80,0.2587895999895409,complete,,16
matchup_004_opening_016_1,matchup_004,opening_016,rn1qkbnr/p2pppp1/b7/1pP4p/5P2/8/PPP1PKPP/RNBQ1BNR w kq - 0 5,1,minic,Level=5,minic,Level=4,1/2-1/2,0.5,80,0.27900270000100136,complete,,16
matchup_004_opening_017_0,matchup_004,opening_017,rnbqkbnr/p1p3pp/1p1pp3/5pP1/P3P3/8/1PPP1P1P/RNBQKBNR w KQkq - 0 5,0,minic,Level=4,minic,Level=5,1/2-1/2,0.5,80,0.25679529999615625,complete,,17
matchup_004_opening_017_1,matchup_004,opening_017,rnbqkbnr/p1p3pp/1p1pp3/5pP1/P3P3/8/1PPP1P1P/RNBQKBNR w KQkq - 0 5,1,minic,Level=5,minic,Level=4,1/2-1/2,0.5,80,0.24885560001712292,complete,,17
matchup_004_opening_018_0,matchup_004,opening_018,rnbqkb1r/ppp2ppp/3pp3/3P1n2/8/6PP/PPP1PP2/RNBQKBNR w KQkq - 1 5,0,minic,Level=4,minic,Level=5,1/2-1/2,0.5,80,0.2615160000277683,complete,,18
matchup_004_opening_018_1,matchup_004,opening_018,rnbqkb1r/ppp2ppp/3pp3/3P1n2/8/6PP/PPP1PP2/RNBQKBNR w KQkq - 1 5,1,minic,Level=5,minic,Level=4,1/2-1/2,0.5,80,0.24557949998416007,complete,,18
matchup_004_opening_019_0,matchup_004,opening_019,rnb1kbnr/1pqppp1p/2p5/p5p1/3P4/1QP4P/PP2PPP1/RNB1KBNR w KQkq - 0 5,0,minic,Level=4,minic,Level=5,1/2-1/2,0.5,80,0.2592341999989003,complete,,19
matchup_004_opening_019_1,matchup_004,opening_019,rnb1kbnr/1pqppp1p/2p5/p5p1/3P4/1QP4P/PP2PPP1/RNB1KBNR w KQkq - 0 5,1,minic,Level=5,minic,Level=4,1/2-1/2,0.5,80,0.2546822000294924,complete,,19
matchup_005_opening_000_0,matchup_005,opening_000,rn1qkb1r/2pppppp/bp3n2/p7/4B3/3PP3/PPP2PPP/RNBQK1NR w KQkq - 1 5,0,minic,Level=5,minic,Level=6,1/2-1/2,0.5,80,0.2901151000405662,complete,,0
matchup_005_opening_000_1,matchup_005,opening_000,rn1qkb1r/2pppppp/bp3n2/p7/4B3/3PP3/PPP2PPP/RNBQK1NR w KQkq - 1 5,1,minic,Level=6,minic,Level=5,1/2-1/2,0.5,80,0.2781492999638431,complete,,0
matchup_005_opening_001_0,matchup_005,opening_001,rnbqkbnr/1p2pppp/8/p1pp4/6P1/N6P/PPPPPP2/R1BQKBNR w KQkq - 0 5,0,minic,Level=5,minic,Level=6,1/2-1/2,0.5,80,0.28392600000370294,complete,,1
matchup_005_opening_001_1,matchup_005,opening_001,rnbqkbnr/1p2pppp/8/p1pp4/6P1/N6P/PPPPPP2/R1BQKBNR w KQkq - 0 5,1,minic,Level=6,minic,Level=5,1/2-1/2,0.5,80,0.27149940002709627,complete,,1
matchup_005_opening_002_0,matchup_005,opening_002,rnb1kbnr/pppp1p1p/5qp1/4p3/7P/1P3PP1/P1PPP3/RNBQKBNR w KQkq - 0 5,0,minic,Level=5,minic,Level=6,1/2-1/2,0.5,80,0.2715178999933414,complete,,2
matchup_005_opening_002_1,matchup_005,opening_002,rnb1kbnr/pppp1p1p/5qp1/4p3/7P/1P3PP1/P1PPP3/RNBQKBNR w KQkq - 0 5,1,minic,Level=6,minic,Level=5,1/2-1/2,0.5,80,0.26481230003992096,complete,,2
matchup_005_opening_003_0,matchup_005,opening_003,rnbqk1nr/1ppp1ppp/1b2p3/p7/P7/2P2P1P/1P1PP1P1/RNBQKBNR w KQkq - 1 5,0,minic,Level=5,minic,Level=6,1/2-1/2,0.5,80,0.2600180000299588,complete,,3
matchup_005_opening_003_1,matchup_005,opening_003,rnbqk1nr/1ppp1ppp/1b2p3/p7/P7/2P2P1P/1P1PP1P1/RNBQKBNR w KQkq - 1 5,1,minic,Level=6,minic,Level=5,1/2-1/2,0.5,80,0.2549976000445895,complete,,3
matchup_005_opening_004_0,matchup_005,opening_004,rnbqkbnr/2ppp1p1/1p3p2/p6p/2P5/4P2P/PP1PKPP1/RNBQ1BNR w kq - 0 5,0,minic,Level=5,minic,Level=6,1/2-1/2,0.5,80,0.25780939997639507,complete,,4
matchup_005_opening_004_1,matchup_005,opening_004,rnbqkbnr/2ppp1p1/1p3p2/p6p/2P5/4P2P/PP1PKPP1/RNBQ1BNR w kq - 0 5,1,minic,Level=6,minic,Level=5,1/2-1/2,0.5,80,0.26763000001665205,complete,,4
matchup_005_opening_005_0,matchup_005,opening_005,r1bqkb1r/ppp1pppp/3p1n2/8/1nB1P3/1PP5/P2P1PPP/RNBQK1NR w KQkq - 2 5,0,minic,Level=5,minic,Level=6,1/2-1/2,0.5,80,0.2846807000460103,complete,,5
matchup_005_opening_005_1,matchup_005,opening_005,r1bqkb1r/ppp1pppp/3p1n2/8/1nB1P3/1PP5/P2P1PPP/RNBQK1NR w KQkq - 2 5,1,minic,Level=6,minic,Level=5,1/2-1/2,0.5,80,0.2605735000106506,complete,,5
matchup_005_opening_006_0,matchup_005,opening_006,r1b1k1nr/pppp1ppp/n3p3/6q1/1b6/P2P4/2PNPPPP/R1BQKBNR w KQkq - 0 5,0,minic,Level=5,minic,Level=6,1/2-1/2,0.5,80,0.2683592999819666,complete,,6
matchup_005_opening_006_1,matchup_005,opening_006,r1b1k1nr/pppp1ppp/n3p3/6q1/1b6/P2P4/2PNPPPP/R1BQKBNR w KQkq - 0 5,1,minic,Level=6,minic,Level=5,1-0,1.0,37,0.11374290002277121,complete,,6
matchup_005_opening_007_0,matchup_005,opening_007,rn1qkb1r/ppp1p1pp/3p1n2/5p2/1P6/2N2PPb/P1PPP2P/R1BQKBNR w KQkq - 1 5,0,minic,Level=5,minic,Level=6,1/2-1/2,0.5,80,0.2574742999859154,complete,,7
matchup_005_opening_007_1,matchup_005,opening_007,rn1qkb1r/ppp1p1pp/3p1n2/5p2/1P6/2N2PPb/P1PPP2P/R1BQKBNR w KQkq - 1 5,1,minic,Level=6,minic,Level=5,1/2-1/2,0.5,80,0.2624554000212811,complete,,7
matchup_005_opening_008_0,matchup_005,opening_008,r1bq1bnr/pppkpppp/8/3p4/4P3/2N5/PPPP1PPP/R1BQK1NR w KQ - 0 5,0,minic,Level=5,minic,Level=6,1/2-1/2,0.5,80,0.2829045999678783,complete,,8
matchup_005_opening_008_1,matchup_005,opening_008,r1bq1bnr/pppkpppp/8/3p4/4P3/2N5/PPPP1PPP/R1BQK1NR w KQ - 0 5,1,minic,Level=6,minic,Level=5,1/2-1/2,0.5,80,0.28752760001225397,complete,,8
matchup_005_opening_009_0,matchup_005,opening_009,rnbq1bnr/p1ppkp1p/1p4p1/4p3/8/3P2P1/PPPNPP1P/RNBQKB1R w KQ - 2 5,0,minic,Level=5,minic,Level=6,1/2-1/2,0.5,80,0.28875259996857494,complete,,9
matchup_005_opening_009_1,matchup_005,opening_009,rnbq1bnr/p1ppkp1p/1p4p1/4p3/8/3P2P1/PPPNPP1P/RNBQKB1R w KQ - 2 5,1,minic,Level=6,minic,Level=5,1/2-1/2,0.5,80,0.2668879000120796,complete,,9
matchup_005_opening_010_0,matchup_005,opening_010,rn1qkbnr/1pp1ppp1/p6p/3p1b2/2P2P2/P6N/1P1PP1PP/RNBQKB1R w KQkq - 0 5,0,minic,Level=5,minic,Level=6,1/2-1/2,0.5,80,0.2616588000091724,complete,,10
matchup_005_opening_010_1,matchup_005,opening_010,rn1qkbnr/1pp1ppp1/p6p/3p1b2/2P2P2/P6N/1P1PP1PP/RNBQKB1R w KQkq - 0 5,1,minic,Level=6,minic,Level=5,1/2-1/2,0.5,80,0.25232909998157993,complete,,10
matchup_005_opening_011_0,matchup_005,opening_011,r1bqkbnr/pp1p2pp/n1p1p3/5p2/P2P1B2/8/1PP1PPPP/RN1QKBNR w KQkq - 0 5,0,minic,Level=5,minic,Level=6,1/2-1/2,0.5,80,0.26214160001836717,complete,,11
matchup_005_opening_011_1,matchup_005,opening_011,r1bqkbnr/pp1p2pp/n1p1p3/5p2/P2P1B2/8/1PP1PPPP/RN1QKBNR w KQkq - 0 5,1,minic,Level=6,minic,Level=5,1/2-1/2,0.5,80,0.2685926000121981,complete,,11
matchup_005_opening_012_0,matchup_005,opening_012,r1bqkbnr/ppppppp1/8/7p/Q1P3P1/1P1n4/P2PPP1P/RNB1KBNR w KQkq - 1 5,0,minic,Level=5,minic,Level=6,1/2-1/2,0.5,80,0.2866422000224702,complete,,12
matchup_005_opening_012_1,matchup_005,opening_012,r1bqkbnr/ppppppp1/8/7p/Q1P3P1/1P1n4/P2PPP1P/RNB1KBNR w KQkq - 1 5,1,minic,Level=6,minic,Level=5,1/2-1/2,0.5,80,0.2924199999542907,complete,,12
matchup_005_opening_013_0,matchup_005,opening_013,rnbqkbnr/ppp3pp/4pp2/3p4/8/2PP4/PP2PPPP/RNBQKBNR w KQkq - 0 5,0,minic,Level=5,minic,Level=6,1/2-1/2,0.5,80,0.2863754999707453,complete,,13
matchup_005_opening_013_1,matchup_005,opening_013,rnbqkbnr/ppp3pp/4pp2/3p4/8/2PP4/PP2PPPP/RNBQKBNR w KQkq - 0 5,1,minic,Level=6,minic,Level=5,1/2-1/2,0.5,80,0.2833075000089593,complete,,13
matchup_005_opening_014_0,matchup_005,opening_014,rnbqk1nr/ppppp2p/6pb/8/2P2pPP/P7/1P1PPP2/RNBQKBNR w KQkq - 0 5,0,minic,Level=5,minic,Level=6,1/2-1/2,0.5,80,0.2538005000096746,complete,,14
matchup_005_opening_014_1,matchup_005,opening_014,rnbqk1nr/ppppp2p/6pb/8/2P2pPP/P7/1P1PPP2/RNBQKBNR w KQkq - 0 5,1,minic,Level=6,minic,Level=5,1/2-1/2,0.5,80,0.2609461999963969,complete,,14
matchup_005_opening_015_0,matchup_005,opening_015,rnb1kbnr/1ppp1pp1/8/p2Pp2p/4P2q/2N5/PPP2PPP/R1BQKBNR w KQkq - 2 5,0,minic,Level=5,minic,Level=6,1/2-1/2,0.5,80,0.25569380004890263,complete,,15
matchup_005_opening_015_1,matchup_005,opening_015,rnb1kbnr/1ppp1pp1/8/p2Pp2p/4P2q/2N5/PPP2PPP/R1BQKBNR w KQkq - 2 5,1,minic,Level=6,minic,Level=5,1/2-1/2,0.5,80,0.28701640001963824,complete,,15
matchup_005_opening_016_0,matchup_005,opening_016,rn1qkbnr/p2pppp1/b7/1pP4p/5P2/8/PPP1PKPP/RNBQ1BNR w kq - 0 5,0,minic,Level=5,minic,Level=6,1/2-1/2,0.5,80,0.27786039997590706,complete,,16
matchup_005_opening_016_1,matchup_005,opening_016,rn1qkbnr/p2pppp1/b7/1pP4p/5P2/8/PPP1PKPP/RNBQ1BNR w kq - 0 5,1,minic,Level=6,minic,Level=5,1/2-1/2,0.5,80,0.26843240001471713,complete,,16
matchup_005_opening_017_0,matchup_005,opening_017,rnbqkbnr/p1p3pp/1p1pp3/5pP1/P3P3/8/1PPP1P1P/RNBQKBNR w KQkq - 0 5,0,minic,Level=5,minic,Level=6,0-1,0.0,78,0.25461130001349375,complete,,17
matchup_005_opening_017_1,matchup_005,opening_017,rnbqkbnr/p1p3pp/1p1pp3/5pP1/P3P3/8/1PPP1P1P/RNBQKBNR w KQkq - 0 5,1,minic,Level=6,minic,Level=5,1/2-1/2,0.5,80,0.27955769997788593,complete,,17
matchup_005_opening_018_0,matchup_005,opening_018,rnbqkb1r/ppp2ppp/3pp3/3P1n2/8/6PP/PPP1PP2/RNBQKBNR w KQkq - 1 5,0,minic,Level=5,minic,Level=6,1/2-1/2,0.5,80,0.2624640000285581,complete,,18
matchup_005_opening_018_1,matchup_005,opening_018,rnbqkb1r/ppp2ppp/3pp3/3P1n2/8/6PP/PPP1PP2/RNBQKBNR w KQkq - 1 5,1,minic,Level=6,minic,Level=5,1/2-1/2,0.5,80,0.2669313999940641,complete,,18
matchup_005_opening_019_0,matchup_005,opening_019,rnb1kbnr/1pqppp1p/2p5/p5p1/3P4/1QP4P/PP2PPP1/RNB1KBNR w KQkq - 0 5,0,minic,Level=5,minic,Level=6,1/2-1/2,0.5,80,0.26908759999787435,complete,,19
matchup_005_opening_019_1,matchup_005,opening_019,rnb1kbnr/1pqppp1p/2p5/p5p1/3P4/1QP4P/PP2PPP1/RNB1KBNR w KQkq - 0 5,1,minic,Level=6,minic,Level=5,1/2-1/2,0.5,80,0.2675345000461675,complete,,19
matchup_006_opening_000_0,matchup_006,opening_000,rn1qkb1r/2pppppp/bp3n2/p7/4B3/3PP3/PPP2PPP/RNBQK1NR w KQkq - 1 5,0,minic,Level=6,minic,Level=7,1/2-1/2,0.5,80,0.30977490002987906,complete,,0
matchup_006_opening_000_1,matchup_006,opening_000,rn1qkb1r/2pppppp/bp3n2/p7/4B3/3PP3/PPP2PPP/RNBQK1NR w KQkq - 1 5,1,minic,Level=7,minic,Level=6,1/2-1/2,0.5,80,0.30681430001277477,complete,,0
matchup_006_opening_001_0,matchup_006,opening_001,rnbqkbnr/1p2pppp/8/p1pp4/6P1/N6P/PPPPPP2/R1BQKBNR w KQkq - 0 5,0,minic,Level=6,minic,Level=7,1/2-1/2,0.5,80,0.2648565000272356,complete,,1
matchup_006_opening_001_1,matchup_006,opening_001,rnbqkbnr/1p2pppp/8/p1pp4/6P1/N6P/PPPPPP2/R1BQKBNR w KQkq - 0 5,1,minic,Level=7,minic,Level=6,1/2-1/2,0.5,80,0.2916247000102885,complete,,1
matchup_006_opening_002_0,matchup_006,opening_002,rnb1kbnr/pppp1p1p/5qp1/4p3/7P/1P3PP1/P1PPP3/RNBQKBNR w KQkq - 0 5,0,minic,Level=6,minic,Level=7,1/2-1/2,0.5,80,0.2759543000138365,complete,,2
matchup_006_opening_002_1,matchup_006,opening_002,rnb1kbnr/pppp1p1p/5qp1/4p3/7P/1P3PP1/P1PPP3/RNBQKBNR w KQkq - 0 5,1,minic,Level=7,minic,Level=6,0-1,0.0,66,0.2039496999932453,complete,,2
matchup_006_opening_003_0,matchup_006,opening_003,rnbqk1nr/1ppp1ppp/1b2p3/p7/P7/2P2P1P/1P1PP1P1/RNBQKBNR w KQkq - 1 5,0,minic,Level=6,minic,Level=7,1/2-1/2,0.5,80,0.2838155999779701,complete,,3
matchup_006_opening_003_1,matchup_006,opening_003,rnbqk1nr/1ppp1ppp/1b2p3/p7/P7/2P2P1P/1P1PP1P1/RNBQKBNR w KQkq - 1 5,1,minic,Level=7,minic,Level=6,1/2-1/2,0.5,80,0.29613079997943714,complete,,3
matchup_006_opening_004_0,matchup_006,opening_004,rnbqkbnr/2ppp1p1/1p3p2/p6p/2P5/4P2P/PP1PKPP1/RNBQ1BNR w kq - 0 5,0,minic,Level=6,minic,Level=7,1/2-1/2,0.5,80,0.3844401999958791,complete,,4
matchup_006_opening_004_1,matchup_006,opening_004,rnbqkbnr/2ppp1p1/1p3p2/p6p/2P5/4P2P/PP1PKPP1/RNBQ1BNR w kq - 0 5,1,minic,Level=7,minic,Level=6,1/2-1/2,0.5,80,0.28467590000946075,complete,,4
matchup_006_opening_005_0,matchup_006,opening_005,r1bqkb1r/ppp1pppp/3p1n2/8/1nB1P3/1PP5/P2P1PPP/RNBQK1NR w KQkq - 2 5,0,minic,Level=6,minic,Level=7,1/2-1/2,0.5,80,0.2720574999693781,complete,,5
matchup_006_opening_005_1,matchup_006,opening_005,r1bqkb1r/ppp1pppp/3p1n2/8/1nB1P3/1PP5/P2P1PPP/RNBQK1NR w KQkq - 2 5,1,minic,Level=7,minic,Level=6,1/2-1/2,0.5,80,0.26293809997150674,complete,,5
matchup_006_opening_006_0,matchup_006,opening_006,r1b1k1nr/pppp1ppp/n3p3/6q1/1b6/P2P4/2PNPPPP/R1BQKBNR w KQkq - 0 5,0,minic,Level=6,minic,Level=7,1/2-1/2,0.5,80,0.24703849997604266,complete,,6
matchup_006_opening_006_1,matchup_006,opening_006,r1b1k1nr/pppp1ppp/n3p3/6q1/1b6/P2P4/2PNPPPP/R1BQKBNR w KQkq - 0 5,1,minic,Level=7,minic,Level=6,1/2-1/2,0.5,80,0.25807409995468333,complete,,6
matchup_006_opening_007_0,matchup_006,opening_007,rn1qkb1r/ppp1p1pp/3p1n2/5p2/1P6/2N2PPb/P1PPP2P/R1BQKBNR w KQkq - 1 5,0,minic,Level=6,minic,Level=7,1/2-1/2,0.5,80,0.26316400000359863,complete,,7
matchup_006_opening_007_1,matchup_006,opening_007,rn1qkb1r/ppp1p1pp/3p1n2/5p2/1P6/2N2PPb/P1PPP2P/R1BQKBNR w KQkq - 1 5,1,minic,Level=7,minic,Level=6,1/2-1/2,0.5,80,0.2901326999999583,complete,,7
matchup_006_opening_008_0,matchup_006,opening_008,r1bq1bnr/pppkpppp/8/3p4/4P3/2N5/PPPP1PPP/R1BQK1NR w KQ - 0 5,0,minic,Level=6,minic,Level=7,1/2-1/2,0.5,80,0.28194080002140254,complete,,8
matchup_006_opening_008_1,matchup_006,opening_008,r1bq1bnr/pppkpppp/8/3p4/4P3/2N5/PPPP1PPP/R1BQK1NR w KQ - 0 5,1,minic,Level=7,minic,Level=6,1/2-1/2,0.5,80,0.2753406999981962,complete,,8
matchup_006_opening_009_0,matchup_006,opening_009,rnbq1bnr/p1ppkp1p/1p4p1/4p3/8/3P2P1/PPPNPP1P/RNBQKB1R w KQ - 2 5,0,minic,Level=6,minic,Level=7,1/2-1/2,0.5,80,0.2550576000357978,complete,,9
matchup_006_opening_009_1,matchup_006,opening_009,rnbq1bnr/p1ppkp1p/1p4p1/4p3/8/3P2P1/PPPNPP1P/RNBQKB1R w KQ - 2 5,1,minic,Level=7,minic,Level=6,1/2-1/2,0.5,80,0.2523889999720268,complete,,9
matchup_006_opening_010_0,matchup_006,opening_010,rn1qkbnr/1pp1ppp1/p6p/3p1b2/2P2P2/P6N/1P1PP1PP/RNBQKB1R w KQkq - 0 5,0,minic,Level=6,minic,Level=7,1/2-1/2,0.5,80,0.2565706999739632,complete,,10
matchup_006_opening_010_1,matchup_006,opening_010,rn1qkbnr/1pp1ppp1/p6p/3p1b2/2P2P2/P6N/1P1PP1PP/RNBQKB1R w KQkq - 0 5,1,minic,Level=7,minic,Level=6,1/2-1/2,0.5,80,0.2652375000179745,complete,,10
matchup_006_opening_011_0,matchup_006,opening_011,r1bqkbnr/pp1p2pp/n1p1p3/5p2/P2P1B2/8/1PP1PPPP/RN1QKBNR w KQkq - 0 5,0,minic,Level=6,minic,Level=7,1/2-1/2,0.5,80,0.28249319997848943,complete,,11
matchup_006_opening_011_1,matchup_006,opening_011,r1bqkbnr/pp1p2pp/n1p1p3/5p2/P2P1B2/8/1PP1PPPP/RN1QKBNR w KQkq - 0 5,1,minic,Level=7,minic,Level=6,1/2-1/2,0.5,80,0.2974271000130102,complete,,11
matchup_006_opening_012_0,matchup_006,opening_012,r1bqkbnr/ppppppp1/8/7p/Q1P3P1/1P1n4/P2PPP1P/RNB1KBNR w KQkq - 1 5,0,minic,Level=6,minic,Level=7,1/2-1/2,0.5,80,0.2609305999940261,complete,,12
matchup_006_opening_012_1,matchup_006,opening_012,r1bqkbnr/ppppppp1/8/7p/Q1P3P1/1P1n4/P2PPP1P/RNB1KBNR w KQkq - 1 5,1,minic,Level=7,minic,Level=6,1/2-1/2,0.5,80,0.26296500000171363,complete,,12
matchup_006_opening_013_0,matchup_006,opening_013,rnbqkbnr/ppp3pp/4pp2/3p4/8/2PP4/PP2PPPP/RNBQKBNR w KQkq - 0 5,0,minic,Level=6,minic,Level=7,1/2-1/2,0.5,80,0.24935890000779182,complete,,13
matchup_006_opening_013_1,matchup_006,opening_013,rnbqkbnr/ppp3pp/4pp2/3p4/8/2PP4/PP2PPPP/RNBQKBNR w KQkq - 0 5,1,minic,Level=7,minic,Level=6,1/2-1/2,0.5,80,0.25333500001579523,complete,,13
matchup_006_opening_014_0,matchup_006,opening_014,rnbqk1nr/ppppp2p/6pb/8/2P2pPP/P7/1P1PPP2/RNBQKBNR w KQkq - 0 5,0,minic,Level=6,minic,Level=7,1/2-1/2,0.5,80,0.24966859997948632,complete,,14
matchup_006_opening_014_1,matchup_006,opening_014,rnbqk1nr/ppppp2p/6pb/8/2P2pPP/P7/1P1PPP2/RNBQKBNR w KQkq - 0 5,1,minic,Level=7,minic,Level=6,1/2-1/2,0.5,80,0.2750911000184715,complete,,14
matchup_006_opening_015_0,matchup_006,opening_015,rnb1kbnr/1ppp1pp1/8/p2Pp2p/4P2q/2N5/PPP2PPP/R1BQKBNR w KQkq - 2 5,0,minic,Level=6,minic,Level=7,1/2-1/2,0.5,80,0.27569610002683476,complete,,15
matchup_006_opening_015_1,matchup_006,opening_015,rnb1kbnr/1ppp1pp1/8/p2Pp2p/4P2q/2N5/PPP2PPP/R1BQKBNR w KQkq - 2 5,1,minic,Level=7,minic,Level=6,1/2-1/2,0.5,80,0.2764910000259988,complete,,15
matchup_006_opening_016_0,matchup_006,opening_016,rn1qkbnr/p2pppp1/b7/1pP4p/5P2/8/PPP1PKPP/RNBQ1BNR w kq - 0 5,0,minic,Level=6,minic,Level=7,1/2-1/2,0.5,80,0.2792480999487452,complete,,16
matchup_006_opening_016_1,matchup_006,opening_016,rn1qkbnr/p2pppp1/b7/1pP4p/5P2/8/PPP1PKPP/RNBQ1BNR w kq - 0 5,1,minic,Level=7,minic,Level=6,1/2-1/2,0.5,80,0.2653971000108868,complete,,16
matchup_006_opening_017_0,matchup_006,opening_017,rnbqkbnr/p1p3pp/1p1pp3/5pP1/P3P3/8/1PPP1P1P/RNBQKBNR w KQkq - 0 5,0,minic,Level=6,minic,Level=7,1/2-1/2,0.5,80,0.25891640002373606,complete,,17
matchup_006_opening_017_1,matchup_006,opening_017,rnbqkbnr/p1p3pp/1p1pp3/5pP1/P3P3/8/1PPP1P1P/RNBQKBNR w KQkq - 0 5,1,minic,Level=7,minic,Level=6,1/2-1/2,0.5,80,0.2610586999799125,complete,,17
matchup_006_opening_018_0,matchup_006,opening_018,rnbqkb1r/ppp2ppp/3pp3/3P1n2/8/6PP/PPP1PP2/RNBQKBNR w KQkq - 1 5,0,minic,Level=6,minic,Level=7,1/2-1/2,0.5,80,0.2533789000008255,complete,,18
matchup_006_opening_018_1,matchup_006,opening_018,rnbqkb1r/ppp2ppp/3pp3/3P1n2/8/6PP/PPP1PP2/RNBQKBNR w KQkq - 1 5,1,minic,Level=7,minic,Level=6,1/2-1/2,0.5,80,0.26991989999078214,complete,,18
matchup_006_opening_019_0,matchup_006,opening_019,rnb1kbnr/1pqppp1p/2p5/p5p1/3P4/1QP4P/PP2PPP1/RNB1KBNR w KQkq - 0 5,0,minic,Level=6,minic,Level=7,1/2-1/2,0.5,80,0.2903163000009954,complete,,19
matchup_006_opening_019_1,matchup_006,opening_019,rnb1kbnr/1pqppp1p/2p5/p5p1/3P4/1QP4P/PP2PPP1/RNB1KBNR w KQkq - 0 5,1,minic,Level=7,minic,Level=6,1/2-1/2,0.5,80,0.2644357999670319,complete,,19
matchup_007_opening_000_0,matchup_007,opening_000,rn1qkb1r/2pppppp/bp3n2/p7/4B3/3PP3/PPP2PPP/RNBQK1NR w KQkq - 1 5,0,minic,Level=7,minic,Level=8,1/2-1/2,0.5,80,0.3022056000190787,complete,,0
matchup_007_opening_000_1,matchup_007,opening_000,rn1qkb1r/2pppppp/bp3n2/p7/4B3/3PP3/PPP2PPP/RNBQK1NR w KQkq - 1 5,1,minic,Level=8,minic,Level=7,1/2-1/2,0.5,80,0.30375000002095476,complete,,0
matchup_007_opening_001_0,matchup_007,opening_001,rnbqkbnr/1p2pppp/8/p1pp4/6P1/N6P/PPPPPP2/R1BQKBNR w KQkq - 0 5,0,minic,Level=7,minic,Level=8,1/2-1/2,0.5,80,0.3231443000258878,complete,,1
matchup_007_opening_001_1,matchup_007,opening_001,rnbqkbnr/1p2pppp/8/p1pp4/6P1/N6P/PPPPPP2/R1BQKBNR w KQkq - 0 5,1,minic,Level=8,minic,Level=7,1/2-1/2,0.5,80,0.29870779998600483,complete,,1
matchup_007_opening_002_0,matchup_007,opening_002,rnb1kbnr/pppp1p1p/5qp1/4p3/7P/1P3PP1/P1PPP3/RNBQKBNR w KQkq - 0 5,0,minic,Level=7,minic,Level=8,1/2-1/2,0.5,80,0.2785332999774255,complete,,2
matchup_007_opening_002_1,matchup_007,opening_002,rnb1kbnr/pppp1p1p/5qp1/4p3/7P/1P3PP1/P1PPP3/RNBQKBNR w KQkq - 0 5,1,minic,Level=8,minic,Level=7,1/2-1/2,0.5,80,0.2811056000064127,complete,,2
matchup_007_opening_003_0,matchup_007,opening_003,rnbqk1nr/1ppp1ppp/1b2p3/p7/P7/2P2P1P/1P1PP1P1/RNBQKBNR w KQkq - 1 5,0,minic,Level=7,minic,Level=8,1/2-1/2,0.5,80,0.27602439996553585,complete,,3
matchup_007_opening_003_1,matchup_007,opening_003,rnbqk1nr/1ppp1ppp/1b2p3/p7/P7/2P2P1P/1P1PP1P1/RNBQKBNR w KQkq - 1 5,1,minic,Level=8,minic,Level=7,1/2-1/2,0.5,80,0.27439479995518923,complete,,3
matchup_007_opening_004_0,matchup_007,opening_004,rnbqkbnr/2ppp1p1/1p3p2/p6p/2P5/4P2P/PP1PKPP1/RNBQ1BNR w kq - 0 5,0,minic,Level=7,minic,Level=8,1/2-1/2,0.5,80,0.2731567000155337,complete,,4
matchup_007_opening_004_1,matchup_007,opening_004,rnbqkbnr/2ppp1p1/1p3p2/p6p/2P5/4P2P/PP1PKPP1/RNBQ1BNR w kq - 0 5,1,minic,Level=8,minic,Level=7,1/2-1/2,0.5,80,0.2974685999797657,complete,,4
matchup_007_opening_005_0,matchup_007,opening_005,r1bqkb1r/ppp1pppp/3p1n2/8/1nB1P3/1PP5/P2P1PPP/RNBQK1NR w KQkq - 2 5,0,minic,Level=7,minic,Level=8,1/2-1/2,0.5,80,0.29655470000579953,complete,,5
matchup_007_opening_005_1,matchup_007,opening_005,r1bqkb1r/ppp1pppp/3p1n2/8/1nB1P3/1PP5/P2P1PPP/RNBQK1NR w KQkq - 2 5,1,minic,Level=8,minic,Level=7,1/2-1/2,0.5,80,0.291219100006856,complete,,5
matchup_007_opening_006_0,matchup_007,opening_006,r1b1k1nr/pppp1ppp/n3p3/6q1/1b6/P2P4/2PNPPPP/R1BQKBNR w KQkq - 0 5,0,minic,Level=7,minic,Level=8,1/2-1/2,0.5,80,0.2838544000405818,complete,,6
matchup_007_opening_006_1,matchup_007,opening_006,r1b1k1nr/pppp1ppp/n3p3/6q1/1b6/P2P4/2PNPPPP/R1BQKBNR w KQkq - 0 5,1,minic,Level=8,minic,Level=7,1/2-1/2,0.5,80,0.2789852000423707,complete,,6
matchup_007_opening_007_0,matchup_007,opening_007,rn1qkb1r/ppp1p1pp/3p1n2/5p2/1P6/2N2PPb/P1PPP2P/R1BQKBNR w KQkq - 1 5,0,minic,Level=7,minic,Level=8,1/2-1/2,0.5,80,0.2768100000103004,complete,,7
matchup_007_opening_007_1,matchup_007,opening_007,rn1qkb1r/ppp1p1pp/3p1n2/5p2/1P6/2N2PPb/P1PPP2P/R1BQKBNR w KQkq - 1 5,1,minic,Level=8,minic,Level=7,1/2-1/2,0.5,80,0.28147489996626973,complete,,7
matchup_007_opening_008_0,matchup_007,opening_008,r1bq1bnr/pppkpppp/8/3p4/4P3/2N5/PPPP1PPP/R1BQK1NR w KQ - 0 5,0,minic,Level=7,minic,Level=8,1/2-1/2,0.5,80,0.2898672000155784,complete,,8
matchup_007_opening_008_1,matchup_007,opening_008,r1bq1bnr/pppkpppp/8/3p4/4P3/2N5/PPPP1PPP/R1BQK1NR w KQ - 0 5,1,minic,Level=8,minic,Level=7,1/2-1/2,0.5,80,0.2960321999853477,complete,,8
matchup_007_opening_009_0,matchup_007,opening_009,rnbq1bnr/p1ppkp1p/1p4p1/4p3/8/3P2P1/PPPNPP1P/RNBQKB1R w KQ - 2 5,0,minic,Level=7,minic,Level=8,1/2-1/2,0.5,80,0.2818208999815397,complete,,9
matchup_007_opening_009_1,matchup_007,opening_009,rnbq1bnr/p1ppkp1p/1p4p1/4p3/8/3P2P1/PPPNPP1P/RNBQKB1R w KQ - 2 5,1,minic,Level=8,minic,Level=7,1/2-1/2,0.5,80,0.29066850000526756,complete,,9
matchup_007_opening_010_0,matchup_007,opening_010,rn1qkbnr/1pp1ppp1/p6p/3p1b2/2P2P2/P6N/1P1PP1PP/RNBQKB1R w KQkq - 0 5,0,minic,Level=7,minic,Level=8,1/2-1/2,0.5,80,0.2719292000401765,complete,,10
matchup_007_opening_010_1,matchup_007,opening_010,rn1qkbnr/1pp1ppp1/p6p/3p1b2/2P2P2/P6N/1P1PP1PP/RNBQKB1R w KQkq - 0 5,1,minic,Level=8,minic,Level=7,1/2-1/2,0.5,80,0.28306690003955737,complete,,10
matchup_007_opening_011_0,matchup_007,opening_011,r1bqkbnr/pp1p2pp/n1p1p3/5p2/P2P1B2/8/1PP1PPPP/RN1QKBNR w KQkq - 0 5,0,minic,Level=7,minic,Level=8,1/2-1/2,0.5,80,0.2785677000065334,complete,,11
matchup_007_opening_011_1,matchup_007,opening_011,r1bqkbnr/pp1p2pp/n1p1p3/5p2/P2P1B2/8/1PP1PPPP/RN1QKBNR w KQkq - 0 5,1,minic,Level=8,minic,Level=7,1/2-1/2,0.5,80,0.28465220000362024,complete,,11
matchup_007_opening_012_0,matchup_007,opening_012,r1bqkbnr/ppppppp1/8/7p/Q1P3P1/1P1n4/P2PPP1P/RNB1KBNR w KQkq - 1 5,0,minic,Level=7,minic,Level=8,1/2-1/2,0.5,80,0.30306010000640526,complete,,12
matchup_007_opening_012_1,matchup_007,opening_012,r1bqkbnr/ppppppp1/8/7p/Q1P3P1/1P1n4/P2PPP1P/RNB1KBNR w KQkq - 1 5,1,minic,Level=8,minic,Level=7,1/2-1/2,0.5,80,0.28896189999068156,complete,,12
matchup_007_opening_013_0,matchup_007,opening_013,rnbqkbnr/ppp3pp/4pp2/3p4/8/2PP4/PP2PPPP/RNBQKBNR w KQkq - 0 5,0,minic,Level=7,minic,Level=8,1/2-1/2,0.5,80,0.2748985000071116,complete,,13
matchup_007_opening_013_1,matchup_007,opening_013,rnbqkbnr/ppp3pp/4pp2/3p4/8/2PP4/PP2PPPP/RNBQKBNR w KQkq - 0 5,1,minic,Level=8,minic,Level=7,1/2-1/2,0.5,80,0.2603990000206977,complete,,13
matchup_007_opening_014_0,matchup_007,opening_014,rnbqk1nr/ppppp2p/6pb/8/2P2pPP/P7/1P1PPP2/RNBQKBNR w KQkq - 0 5,0,minic,Level=7,minic,Level=8,1/2-1/2,0.5,80,0.2563465999555774,complete,,14
matchup_007_opening_014_1,matchup_007,opening_014,rnbqk1nr/ppppp2p/6pb/8/2P2pPP/P7/1P1PPP2/RNBQKBNR w KQkq - 0 5,1,minic,Level=8,minic,Level=7,1/2-1/2,0.5,80,0.2628666000091471,complete,,14
matchup_007_opening_015_0,matchup_007,opening_015,rnb1kbnr/1ppp1pp1/8/p2Pp2p/4P2q/2N5/PPP2PPP/R1BQKBNR w KQkq - 2 5,0,minic,Level=7,minic,Level=8,1/2-1/2,0.5,80,0.27655159996356815,complete,,15
matchup_007_opening_015_1,matchup_007,opening_015,rnb1kbnr/1ppp1pp1/8/p2Pp2p/4P2q/2N5/PPP2PPP/R1BQKBNR w KQkq - 2 5,1,minic,Level=8,minic,Level=7,1/2-1/2,0.5,80,0.2932359999977052,complete,,15
matchup_007_opening_016_0,matchup_007,opening_016,rn1qkbnr/p2pppp1/b7/1pP4p/5P2/8/PPP1PKPP/RNBQ1BNR w kq - 0 5,0,minic,Level=7,minic,Level=8,1/2-1/2,0.5,80,0.27612779999617487,complete,,16
matchup_007_opening_016_1,matchup_007,opening_016,rn1qkbnr/p2pppp1/b7/1pP4p/5P2/8/PPP1PKPP/RNBQ1BNR w kq - 0 5,1,minic,Level=8,minic,Level=7,1/2-1/2,0.5,80,0.2836624000337906,complete,,16
matchup_007_opening_017_0,matchup_007,opening_017,rnbqkbnr/p1p3pp/1p1pp3/5pP1/P3P3/8/1PPP1P1P/RNBQKBNR w KQkq - 0 5,0,minic,Level=7,minic,Level=8,1/2-1/2,0.5,80,0.2785357999964617,complete,,17
matchup_007_opening_017_1,matchup_007,opening_017,rnbqkbnr/p1p3pp/1p1pp3/5pP1/P3P3/8/1PPP1P1P/RNBQKBNR w KQkq - 0 5,1,minic,Level=8,minic,Level=7,1/2-1/2,0.5,80,0.28094389999751,complete,,17
matchup_007_opening_018_0,matchup_007,opening_018,rnbqkb1r/ppp2ppp/3pp3/3P1n2/8/6PP/PPP1PP2/RNBQKBNR w KQkq - 1 5,0,minic,Level=7,minic,Level=8,1/2-1/2,0.5,80,0.2708740999805741,complete,,18
matchup_007_opening_018_1,matchup_007,opening_018,rnbqkb1r/ppp2ppp/3pp3/3P1n2/8/6PP/PPP1PP2/RNBQKBNR w KQkq - 1 5,1,minic,Level=8,minic,Level=7,1/2-1/2,0.5,80,0.2810759000130929,complete,,18
matchup_007_opening_019_0,matchup_007,opening_019,rnb1kbnr/1pqppp1p/2p5/p5p1/3P4/1QP4P/PP2PPP1/RNB1KBNR w KQkq - 0 5,0,minic,Level=7,minic,Level=8,1/2-1/2,0.5,80,0.28626439999789,complete,,19
matchup_007_opening_019_1,matchup_007,opening_019,rnb1kbnr/1pqppp1p/2p5/p5p1/3P4/1QP4P/PP2PPP1/RNB1KBNR w KQkq - 0 5,1,minic,Level=8,minic,Level=7,1/2-1/2,0.5,80,0.30271540000103414,complete,,19
matchup_008_opening_000_0,matchup_008,opening_000,rn1qkb1r/2pppppp/bp3n2/p7/4B3/3PP3/PPP2PPP/RNBQK1NR w KQkq - 1 5,0,minic,Level=8,minic,Level=9,1/2-1/2,0.5,80,0.41950809996342286,complete,,0
matchup_008_opening_000_1,matchup_008,opening_000,rn1qkb1r/2pppppp/bp3n2/p7/4B3/3PP3/PPP2PPP/RNBQK1NR w KQkq - 1 5,1,minic,Level=9,minic,Level=8,1/2-1/2,0.5,80,0.2954207999864593,complete,,0
matchup_008_opening_001_0,matchup_008,opening_001,rnbqkbnr/1p2pppp/8/p1pp4/6P1/N6P/PPPPPP2/R1BQKBNR w KQkq - 0 5,0,minic,Level=8,minic,Level=9,1/2-1/2,0.5,80,0.2777288000215776,complete,,1
matchup_008_opening_001_1,matchup_008,opening_001,rnbqkbnr/1p2pppp/8/p1pp4/6P1/N6P/PPPPPP2/R1BQKBNR w KQkq - 0 5,1,minic,Level=9,minic,Level=8,1/2-1/2,0.5,80,0.2855007000034675,complete,,1
matchup_008_opening_002_0,matchup_008,opening_002,rnb1kbnr/pppp1p1p/5qp1/4p3/7P/1P3PP1/P1PPP3/RNBQKBNR w KQkq - 0 5,0,minic,Level=8,minic,Level=9,1/2-1/2,0.5,80,0.27723770000739023,complete,,2
matchup_008_opening_002_1,matchup_008,opening_002,rnb1kbnr/pppp1p1p/5qp1/4p3/7P/1P3PP1/P1PPP3/RNBQKBNR w KQkq - 0 5,1,minic,Level=9,minic,Level=8,1/2-1/2,0.5,80,0.3150030000251718,complete,,2
matchup_008_opening_003_0,matchup_008,opening_003,rnbqk1nr/1ppp1ppp/1b2p3/p7/P7/2P2P1P/1P1PP1P1/RNBQKBNR w KQkq - 1 5,0,minic,Level=8,minic,Level=9,1/2-1/2,0.5,80,0.33554359996924177,complete,,3
matchup_008_opening_003_1,matchup_008,opening_003,rnbqk1nr/1ppp1ppp/1b2p3/p7/P7/2P2P1P/1P1PP1P1/RNBQKBNR w KQkq - 1 5,1,minic,Level=9,minic,Level=8,1/2-1/2,0.5,80,0.3238182999775745,complete,,3
matchup_008_opening_004_0,matchup_008,opening_004,rnbqkbnr/2ppp1p1/1p3p2/p6p/2P5/4P2P/PP1PKPP1/RNBQ1BNR w kq - 0 5,0,minic,Level=8,minic,Level=9,1/2-1/2,0.5,80,0.32379880000371486,complete,,4
matchup_008_opening_004_1,matchup_008,opening_004,rnbqkbnr/2ppp1p1/1p3p2/p6p/2P5/4P2P/PP1PKPP1/RNBQ1BNR w kq - 0 5,1,minic,Level=9,minic,Level=8,1/2-1/2,0.5,80,0.3317240999895148,complete,,4
matchup_008_opening_005_0,matchup_008,opening_005,r1bqkb1r/ppp1pppp/3p1n2/8/1nB1P3/1PP5/P2P1PPP/RNBQK1NR w KQkq - 2 5,0,minic,Level=8,minic,Level=9,1/2-1/2,0.5,80,0.30775439995341003,complete,,5
matchup_008_opening_005_1,matchup_008,opening_005,r1bqkb1r/ppp1pppp/3p1n2/8/1nB1P3/1PP5/P2P1PPP/RNBQK1NR w KQkq - 2 5,1,minic,Level=9,minic,Level=8,1/2-1/2,0.5,80,0.3202875000424683,complete,,5
matchup_008_opening_006_0,matchup_008,opening_006,r1b1k1nr/pppp1ppp/n3p3/6q1/1b6/P2P4/2PNPPPP/R1BQKBNR w KQkq - 0 5,0,minic,Level=8,minic,Level=9,1/2-1/2,0.5,80,0.3119746999582276,complete,,6
matchup_008_opening_006_1,matchup_008,opening_006,r1b1k1nr/pppp1ppp/n3p3/6q1/1b6/P2P4/2PNPPPP/R1BQKBNR w KQkq - 0 5,1,minic,Level=9,minic,Level=8,1/2-1/2,0.5,80,0.31146940001053736,complete,,6
matchup_008_opening_007_0,matchup_008,opening_007,rn1qkb1r/ppp1p1pp/3p1n2/5p2/1P6/2N2PPb/P1PPP2P/R1BQKBNR w KQkq - 1 5,0,minic,Level=8,minic,Level=9,1/2-1/2,0.5,80,0.30633880000095814,complete,,7
matchup_008_opening_007_1,matchup_008,opening_007,rn1qkb1r/ppp1p1pp/3p1n2/5p2/1P6/2N2PPb/P1PPP2P/R1BQKBNR w KQkq - 1 5,1,minic,Level=9,minic,Level=8,1/2-1/2,0.5,80,0.30460229999152943,complete,,7
matchup_008_opening_008_0,matchup_008,opening_008,r1bq1bnr/pppkpppp/8/3p4/4P3/2N5/PPPP1PPP/R1BQK1NR w KQ - 0 5,0,minic,Level=8,minic,Level=9,1/2-1/2,0.5,80,0.28113389998907223,complete,,8
matchup_008_opening_008_1,matchup_008,opening_008,r1bq1bnr/pppkpppp/8/3p4/4P3/2N5/PPPP1PPP/R1BQK1NR w KQ - 0 5,1,minic,Level=9,minic,Level=8,1/2-1/2,0.5,80,0.335125399986282,complete,,8
matchup_008_opening_009_0,matchup_008,opening_009,rnbq1bnr/p1ppkp1p/1p4p1/4p3/8/3P2P1/PPPNPP1P/RNBQKB1R w KQ - 2 5,0,minic,Level=8,minic,Level=9,1/2-1/2,0.5,80,0.3329414000036195,complete,,9
matchup_008_opening_009_1,matchup_008,opening_009,rnbq1bnr/p1ppkp1p/1p4p1/4p3/8/3P2P1/PPPNPP1P/RNBQKB1R w KQ - 2 5,1,minic,Level=9,minic,Level=8,1/2-1/2,0.5,80,0.3293933999957517,complete,,9
matchup_008_opening_010_0,matchup_008,opening_010,rn1qkbnr/1pp1ppp1/p6p/3p1b2/2P2P2/P6N/1P1PP1PP/RNBQKB1R w KQkq - 0 5,0,minic,Level=8,minic,Level=9,1/2-1/2,0.5,80,0.329373000015039,complete,,10
matchup_008_opening_010_1,matchup_008,opening_010,rn1qkbnr/1pp1ppp1/p6p/3p1b2/2P2P2/P6N/1P1PP1PP/RNBQKB1R w KQkq - 0 5,1,minic,Level=9,minic,Level=8,1/2-1/2,0.5,80,0.48651959997368976,complete,,10
matchup_008_opening_011_0,matchup_008,opening_011,r1bqkbnr/pp1p2pp/n1p1p3/5p2/P2P1B2/8/1PP1PPPP/RN1QKBNR w KQkq - 0 5,0,minic,Level=8,minic,Level=9,1/2-1/2,0.5,80,0.431165800022427,complete,,11
matchup_008_opening_011_1,matchup_008,opening_011,r1bqkbnr/pp1p2pp/n1p1p3/5p2/P2P1B2/8/1PP1PPPP/RN1QKBNR w KQkq - 0 5,1,minic,Level=9,minic,Level=8,1/2-1/2,0.5,80,0.3360450000036508,complete,,11
matchup_008_opening_012_0,matchup_008,opening_012,r1bqkbnr/ppppppp1/8/7p/Q1P3P1/1P1n4/P2PPP1P/RNB1KBNR w KQkq - 1 5,0,minic,Level=8,minic,Level=9,1/2-1/2,0.5,80,0.3301268999930471,complete,,12
matchup_008_opening_012_1,matchup_008,opening_012,r1bqkbnr/ppppppp1/8/7p/Q1P3P1/1P1n4/P2PPP1P/RNB1KBNR w KQkq - 1 5,1,minic,Level=9,minic,Level=8,1/2-1/2,0.5,80,0.363271199981682,complete,,12
matchup_008_opening_013_0,matchup_008,opening_013,rnbqkbnr/ppp3pp/4pp2/3p4/8/2PP4/PP2PPPP/RNBQKBNR w KQkq - 0 5,0,minic,Level=8,minic,Level=9,1/2-1/2,0.5,80,0.3111870000138879,complete,,13
matchup_008_opening_013_1,matchup_008,opening_013,rnbqkbnr/ppp3pp/4pp2/3p4/8/2PP4/PP2PPPP/RNBQKBNR w KQkq - 0 5,1,minic,Level=9,minic,Level=8,1/2-1/2,0.5,80,0.3278897000127472,complete,,13
matchup_008_opening_014_0,matchup_008,opening_014,rnbqk1nr/ppppp2p/6pb/8/2P2pPP/P7/1P1PPP2/RNBQKBNR w KQkq - 0 5,0,minic,Level=8,minic,Level=9,1/2-1/2,0.5,80,0.28356929996516556,complete,,14
matchup_008_opening_014_1,matchup_008,opening_014,rnbqk1nr/ppppp2p/6pb/8/2P2pPP/P7/1P1PPP2/RNBQKBNR w KQkq - 0 5,1,minic,Level=9,minic,Level=8,1/2-1/2,0.5,80,0.2806386000011116,complete,,14
matchup_008_opening_015_0,matchup_008,opening_015,rnb1kbnr/1ppp1pp1/8/p2Pp2p/4P2q/2N5/PPP2PPP/R1BQKBNR w KQkq - 2 5,0,minic,Level=8,minic,Level=9,1/2-1/2,0.5,80,0.3103298000060022,complete,,15
matchup_008_opening_015_1,matchup_008,opening_015,rnb1kbnr/1ppp1pp1/8/p2Pp2p/4P2q/2N5/PPP2PPP/R1BQKBNR w KQkq - 2 5,1,minic,Level=9,minic,Level=8,1/2-1/2,0.5,80,0.30116309999721125,complete,,15
matchup_008_opening_016_0,matchup_008,opening_016,rn1qkbnr/p2pppp1/b7/1pP4p/5P2/8/PPP1PKPP/RNBQ1BNR w kq - 0 5,0,minic,Level=8,minic,Level=9,1/2-1/2,0.5,80,0.2828641000087373,complete,,16
matchup_008_opening_016_1,matchup_008,opening_016,rn1qkbnr/p2pppp1/b7/1pP4p/5P2/8/PPP1PKPP/RNBQ1BNR w kq - 0 5,1,minic,Level=9,minic,Level=8,1/2-1/2,0.5,80,0.32061850000172853,complete,,16
matchup_008_opening_017_0,matchup_008,opening_017,rnbqkbnr/p1p3pp/1p1pp3/5pP1/P3P3/8/1PPP1P1P/RNBQKBNR w KQkq - 0 5,0,minic,Level=8,minic,Level=9,1/2-1/2,0.5,80,0.31975929997861385,complete,,17
matchup_008_opening_017_1,matchup_008,opening_017,rnbqkbnr/p1p3pp/1p1pp3/5pP1/P3P3/8/1PPP1P1P/RNBQKBNR w KQkq - 0 5,1,minic,Level=9,minic,Level=8,1/2-1/2,0.5,80,0.2862149000284262,complete,,17
matchup_008_opening_018_0,matchup_008,opening_018,rnbqkb1r/ppp2ppp/3pp3/3P1n2/8/6PP/PPP1PP2/RNBQKBNR w KQkq - 1 5,0,minic,Level=8,minic,Level=9,1/2-1/2,0.5,80,0.2827757999766618,complete,,18
matchup_008_opening_018_1,matchup_008,opening_018,rnbqkb1r/ppp2ppp/3pp3/3P1n2/8/6PP/PPP1PP2/RNBQKBNR w KQkq - 1 5,1,minic,Level=9,minic,Level=8,1/2-1/2,0.5,80,0.2972814000095241,complete,,18
matchup_008_opening_019_0,matchup_008,opening_019,rnb1kbnr/1pqppp1p/2p5/p5p1/3P4/1QP4P/PP2PPP1/RNB1KBNR w KQkq - 0 5,0,minic,Level=8,minic,Level=9,1/2-1/2,0.5,80,0.295571300026495,complete,,19
matchup_008_opening_019_1,matchup_008,opening_019,rnb1kbnr/1pqppp1p/2p5/p5p1/3P4/1QP4P/PP2PPP1/RNB1KBNR w KQkq - 0 5,1,minic,Level=9,minic,Level=8,1/2-1/2,0.5,80,0.31418940000003204,complete,,19
matchup_009_opening_000_0,matchup_009,opening_000,rn1qkb1r/2pppppp/bp3n2/p7/4B3/3PP3/PPP2PPP/RNBQK1NR w KQkq - 1 5,0,minic,Level=9,minic,Level=10,1/2-1/2,0.5,80,0.31253379996633157,complete,,0
matchup_009_opening_000_1,matchup_009,opening_000,rn1qkb1r/2pppppp/bp3n2/p7/4B3/3PP3/PPP2PPP/RNBQK1NR w KQkq - 1 5,1,minic,Level=10,minic,Level=9,1/2-1/2,0.5,80,0.28902790002757683,complete,,0
matchup_009_opening_001_0,matchup_009,opening_001,rnbqkbnr/1p2pppp/8/p1pp4/6P1/N6P/PPPPPP2/R1BQKBNR w KQkq - 0 5,0,minic,Level=9,minic,Level=10,1/2-1/2,0.5,80,0.30506760004209355,complete,,1
matchup_009_opening_001_1,matchup_009,opening_001,rnbqkbnr/1p2pppp/8/p1pp4/6P1/N6P/PPPPPP2/R1BQKBNR w KQkq - 0 5,1,minic,Level=10,minic,Level=9,1/2-1/2,0.5,80,0.29777000000467524,complete,,1
matchup_009_opening_002_0,matchup_009,opening_002,rnb1kbnr/pppp1p1p/5qp1/4p3/7P/1P3PP1/P1PPP3/RNBQKBNR w KQkq - 0 5,0,minic,Level=9,minic,Level=10,1/2-1/2,0.5,80,0.3059668999630958,complete,,2
matchup_009_opening_002_1,matchup_009,opening_002,rnb1kbnr/pppp1p1p/5qp1/4p3/7P/1P3PP1/P1PPP3/RNBQKBNR w KQkq - 0 5,1,minic,Level=10,minic,Level=9,1/2-1/2,0.5,80,0.31441410002298653,complete,,2
matchup_009_opening_003_0,matchup_009,opening_003,rnbqk1nr/1ppp1ppp/1b2p3/p7/P7/2P2P1P/1P1PP1P1/RNBQKBNR w KQkq - 1 5,0,minic,Level=9,minic,Level=10,1/2-1/2,0.5,80,0.3011593999690376,complete,,3
matchup_009_opening_003_1,matchup_009,opening_003,rnbqk1nr/1ppp1ppp/1b2p3/p7/P7/2P2P1P/1P1PP1P1/RNBQKBNR w KQkq - 1 5,1,minic,Level=10,minic,Level=9,1/2-1/2,0.5,80,0.28179249999811873,complete,,3
matchup_009_opening_004_0,matchup_009,opening_004,rnbqkbnr/2ppp1p1/1p3p2/p6p/2P5/4P2P/PP1PKPP1/RNBQ1BNR w kq - 0 5,0,minic,Level=9,minic,Level=10,1/2-1/2,0.5,80,0.27908169996226206,complete,,4
matchup_009_opening_004_1,matchup_009,opening_004,rnbqkbnr/2ppp1p1/1p3p2/p6p/2P5/4P2P/PP1PKPP1/RNBQ1BNR w kq - 0 5,1,minic,Level=10,minic,Level=9,1/2-1/2,0.5,80,0.28867460001492873,complete,,4
matchup_009_opening_005_0,matchup_009,opening_005,r1bqkb1r/ppp1pppp/3p1n2/8/1nB1P3/1PP5/P2P1PPP/RNBQK1NR w KQkq - 2 5,0,minic,Level=9,minic,Level=10,1/2-1/2,0.5,80,0.2986036000074819,complete,,5
matchup_009_opening_005_1,matchup_009,opening_005,r1bqkb1r/ppp1pppp/3p1n2/8/1nB1P3/1PP5/P2P1PPP/RNBQK1NR w KQkq - 2 5,1,minic,Level=10,minic,Level=9,1/2-1/2,0.5,80,0.3044294999563135,complete,,5
matchup_009_opening_006_0,matchup_009,opening_006,r1b1k1nr/pppp1ppp/n3p3/6q1/1b6/P2P4/2PNPPPP/R1BQKBNR w KQkq - 0 5,0,minic,Level=9,minic,Level=10,1/2-1/2,0.5,80,0.3351816000067629,complete,,6
matchup_009_opening_006_1,matchup_009,opening_006,r1b1k1nr/pppp1ppp/n3p3/6q1/1b6/P2P4/2PNPPPP/R1BQKBNR w KQkq - 0 5,1,minic,Level=10,minic,Level=9,1/2-1/2,0.5,80,0.2935886000050232,complete,,6
matchup_009_opening_007_0,matchup_009,opening_007,rn1qkb1r/ppp1p1pp/3p1n2/5p2/1P6/2N2PPb/P1PPP2P/R1BQKBNR w KQkq - 1 5,0,minic,Level=9,minic,Level=10,1/2-1/2,0.5,80,0.2938886999618262,complete,,7
matchup_009_opening_007_1,matchup_009,opening_007,rn1qkb1r/ppp1p1pp/3p1n2/5p2/1P6/2N2PPb/P1PPP2P/R1BQKBNR w KQkq - 1 5,1,minic,Level=10,minic,Level=9,1-0,1.0,73,0.2494033999973908,complete,,7
matchup_009_opening_008_0,matchup_009,opening_008,r1bq1bnr/pppkpppp/8/3p4/4P3/2N5/PPPP1PPP/R1BQK1NR w KQ - 0 5,0,minic,Level=9,minic,Level=10,1/2-1/2,0.5,80,0.3041681000031531,complete,,8
matchup_009_opening_008_1,matchup_009,opening_008,r1bq1bnr/pppkpppp/8/3p4/4P3/2N5/PPPP1PPP/R1BQK1NR w KQ - 0 5,1,minic,Level=10,minic,Level=9,1/2-1/2,0.5,80,0.29661940003279597,complete,,8
matchup_009_opening_009_0,matchup_009,opening_009,rnbq1bnr/p1ppkp1p/1p4p1/4p3/8/3P2P1/PPPNPP1P/RNBQKB1R w KQ - 2 5,0,minic,Level=9,minic,Level=10,1/2-1/2,0.5,80,0.29048369999509305,complete,,9
matchup_009_opening_009_1,matchup_009,opening_009,rnbq1bnr/p1ppkp1p/1p4p1/4p3/8/3P2P1/PPPNPP1P/RNBQKB1R w KQ - 2 5,1,minic,Level=10,minic,Level=9,1/2-1/2,0.5,80,0.2900565000018105,complete,,9
matchup_009_opening_010_0,matchup_009,opening_010,rn1qkbnr/1pp1ppp1/p6p/3p1b2/2P2P2/P6N/1P1PP1PP/RNBQKB1R w KQkq - 0 5,0,minic,Level=9,minic,Level=10,1/2-1/2,0.5,80,0.26855520001845434,complete,,10
matchup_009_opening_010_1,matchup_009,opening_010,rn1qkbnr/1pp1ppp1/p6p/3p1b2/2P2P2/P6N/1P1PP1PP/RNBQKB1R w KQkq - 0 5,1,minic,Level=10,minic,Level=9,1/2-1/2,0.5,80,0.27750149997882545,complete,,10
matchup_009_opening_011_0,matchup_009,opening_011,r1bqkbnr/pp1p2pp/n1p1p3/5p2/P2P1B2/8/1PP1PPPP/RN1QKBNR w KQkq - 0 5,0,minic,Level=9,minic,Level=10,1/2-1/2,0.5,80,0.290325700014364,complete,,11
matchup_009_opening_011_1,matchup_009,opening_011,r1bqkbnr/pp1p2pp/n1p1p3/5p2/P2P1B2/8/1PP1PPPP/RN1QKBNR w KQkq - 0 5,1,minic,Level=10,minic,Level=9,1/2-1/2,0.5,80,0.2985134000191465,complete,,11
matchup_009_opening_012_0,matchup_009,opening_012,r1bqkbnr/ppppppp1/8/7p/Q1P3P1/1P1n4/P2PPP1P/RNB1KBNR w KQkq - 1 5,0,minic,Level=9,minic,Level=10,1/2-1/2,0.5,80,0.3019462000229396,complete,,12
matchup_009_opening_012_1,matchup_009,opening_012,r1bqkbnr/ppppppp1/8/7p/Q1P3P1/1P1n4/P2PPP1P/RNB1KBNR w KQkq - 1 5,1,minic,Level=10,minic,Level=9,1/2-1/2,0.5,80,0.2859671000041999,complete,,12
matchup_009_opening_013_0,matchup_009,opening_013,rnbqkbnr/ppp3pp/4pp2/3p4/8/2PP4/PP2PPPP/RNBQKBNR w KQkq - 0 5,0,minic,Level=9,minic,Level=10,1/2-1/2,0.5,80,0.3047855999902822,complete,,13
matchup_009_opening_013_1,matchup_009,opening_013,rnbqkbnr/ppp3pp/4pp2/3p4/8/2PP4/PP2PPPP/RNBQKBNR w KQkq - 0 5,1,minic,Level=10,minic,Level=9,1-0,1.0,77,0.268407900002785,complete,,13
matchup_009_opening_014_0,matchup_009,opening_014,rnbqk1nr/ppppp2p/6pb/8/2P2pPP/P7/1P1PPP2/RNBQKBNR w KQkq - 0 5,0,minic,Level=9,minic,Level=10,1/2-1/2,0.5,80,0.27820499998051673,complete,,14
matchup_009_opening_014_1,matchup_009,opening_014,rnbqk1nr/ppppp2p/6pb/8/2P2pPP/P7/1P1PPP2/RNBQKBNR w KQkq - 0 5,1,minic,Level=10,minic,Level=9,1/2-1/2,0.5,80,0.29814309999346733,complete,,14
matchup_009_opening_015_0,matchup_009,opening_015,rnb1kbnr/1ppp1pp1/8/p2Pp2p/4P2q/2N5/PPP2PPP/R1BQKBNR w KQkq - 2 5,0,minic,Level=9,minic,Level=10,1/2-1/2,0.5,80,0.33148569997865707,complete,,15
matchup_009_opening_015_1,matchup_009,opening_015,rnb1kbnr/1ppp1pp1/8/p2Pp2p/4P2q/2N5/PPP2PPP/R1BQKBNR w KQkq - 2 5,1,minic,Level=10,minic,Level=9,1/2-1/2,0.5,80,0.32269990001805127,complete,,15
matchup_009_opening_016_0,matchup_009,opening_016,rn1qkbnr/p2pppp1/b7/1pP4p/5P2/8/PPP1PKPP/RNBQ1BNR w kq - 0 5,0,minic,Level=9,minic,Level=10,1/2-1/2,0.5,80,0.30713690002448857,complete,,16
matchup_009_opening_016_1,matchup_009,opening_016,rn1qkbnr/p2pppp1/b7/1pP4p/5P2/8/PPP1PKPP/RNBQ1BNR w kq - 0 5,1,minic,Level=10,minic,Level=9,1/2-1/2,0.5,80,0.30062629998428747,complete,,16
matchup_009_opening_017_0,matchup_009,opening_017,rnbqkbnr/p1p3pp/1p1pp3/5pP1/P3P3/8/1PPP1P1P/RNBQKBNR w KQkq - 0 5,0,minic,Level=9,minic,Level=10,1/2-1/2,0.5,80,0.29352629999630153,complete,,17
matchup_009_opening_017_1,matchup_009,opening_017,rnbqkbnr/p1p3pp/1p1pp3/5pP1/P3P3/8/1PPP1P1P/RNBQKBNR w KQkq - 0 5,1,minic,Level=10,minic,Level=9,1/2-1/2,0.5,80,0.27679760003229603,complete,,17
matchup_009_opening_018_0,matchup_009,opening_018,rnbqkb1r/ppp2ppp/3pp3/3P1n2/8/6PP/PPP1PP2/RNBQKBNR w KQkq - 1 5,0,minic,Level=9,minic,Level=10,1/2-1/2,0.5,80,0.286483199975919,complete,,18
matchup_009_opening_018_1,matchup_009,opening_018,rnbqkb1r/ppp2ppp/3pp3/3P1n2/8/6PP/PPP1PP2/RNBQKBNR w KQkq - 1 5,1,minic,Level=10,minic,Level=9,1/2-1/2,0.5,80,0.2875134000205435,complete,,18
matchup_009_opening_019_0,matchup_009,opening_019,rnb1kbnr/1pqppp1p/2p5/p5p1/3P4/1QP4P/PP2PPP1/RNB1KBNR w KQkq - 0 5,0,minic,Level=9,minic,Level=10,1/2-1/2,0.5,80,0.29669629997806624,complete,,19
matchup_009_opening_019_1,matchup_009,opening_019,rnb1kbnr/1pqppp1p/2p5/p5p1/3P4/1QP4P/PP2PPP1/RNB1KBNR w KQkq - 0 5,1,minic,Level=10,minic,Level=9,1/2-1/2,0.5,80,0.2878865000093356,complete,,19
matchup_010_opening_000_0,matchup_010,opening_000,rn1qkb1r/2pppppp/bp3n2/p7/4B3/3PP3/PPP2PPP/RNBQK1NR w KQkq - 1 5,0,minic,Level=10,minic,Level=11,1/2-1/2,0.5,80,0.29969159996835515,complete,,0
matchup_010_opening_000_1,matchup_010,opening_000,rn1qkb1r/2pppppp/bp3n2/p7/4B3/3PP3/PPP2PPP/RNBQK1NR w KQkq - 1 5,1,minic,Level=11,minic,Level=10,1/2-1/2,0.5,80,0.28834210004424676,complete,,0
matchup_010_opening_001_0,matchup_010,opening_001,rnbqkbnr/1p2pppp/8/p1pp4/6P1/N6P/PPPPPP2/R1BQKBNR w KQkq - 0 5,0,minic,Level=10,minic,Level=11,1/2-1/2,0.5,80,0.30526709998957813,complete,,1
matchup_010_opening_001_1,matchup_010,opening_001,rnbqkbnr/1p2pppp/8/p1pp4/6P1/N6P/PPPPPP2/R1BQKBNR w KQkq - 0 5,1,minic,Level=11,minic,Level=10,1/2-1/2,0.5,80,0.28940579999471083,complete,,1
matchup_010_opening_002_0,matchup_010,opening_002,rnb1kbnr/pppp1p1p/5qp1/4p3/7P/1P3PP1/P1PPP3/RNBQKBNR w KQkq - 0 5,0,minic,Level=10,minic,Level=11,1/2-1/2,0.5,80,0.2915699000004679,complete,,2
matchup_010_opening_002_1,matchup_010,opening_002,rnb1kbnr/pppp1p1p/5qp1/4p3/7P/1P3PP1/P1PPP3/RNBQKBNR w KQkq - 0 5,1,minic,Level=11,minic,Level=10,1/2-1/2,0.5,80,0.28461229999084026,complete,,2
matchup_010_opening_003_0,matchup_010,opening_003,rnbqk1nr/1ppp1ppp/1b2p3/p7/P7/2P2P1P/1P1PP1P1/RNBQKBNR w KQkq - 1 5,0,minic,Level=10,minic,Level=11,1/2-1/2,0.5,80,0.28272700001252815,complete,,3
matchup_010_opening_003_1,matchup_010,opening_003,rnbqk1nr/1ppp1ppp/1b2p3/p7/P7/2P2P1P/1P1PP1P1/RNBQKBNR w KQkq - 1 5,1,minic,Level=11,minic,Level=10,1/2-1/2,0.5,80,0.27466830000048503,complete,,3
matchup_010_opening_004_0,matchup_010,opening_004,rnbqkbnr/2ppp1p1/1p3p2/p6p/2P5/4P2P/PP1PKPP1/RNBQ1BNR w kq - 0 5,0,minic,Level=10,minic,Level=11,1/2-1/2,0.5,80,0.2800416999962181,complete,,4
matchup_010_opening_004_1,matchup_010,opening_004,rnbqkbnr/2ppp1p1/1p3p2/p6p/2P5/4P2P/PP1PKPP1/RNBQ1BNR w kq - 0 5,1,minic,Level=11,minic,Level=10,1/2-1/2,0.5,80,0.31987850001314655,complete,,4
matchup_010_opening_005_0,matchup_010,opening_005,r1bqkb1r/ppp1pppp/3p1n2/8/1nB1P3/1PP5/P2P1PPP/RNBQK1NR w KQkq - 2 5,0,minic,Level=10,minic,Level=11,1/2-1/2,0.5,80,0.31749410001793876,complete,,5
matchup_010_opening_005_1,matchup_010,opening_005,r1bqkb1r/ppp1pppp/3p1n2/8/1nB1P3/1PP5/P2P1PPP/RNBQK1NR w KQkq - 2 5,1,minic,Level=11,minic,Level=10,1/2-1/2,0.5,80,0.30091089999768883,complete,,5
matchup_010_opening_006_0,matchup_010,opening_006,r1b1k1nr/pppp1ppp/n3p3/6q1/1b6/P2P4/2PNPPPP/R1BQKBNR w KQkq - 0 5,0,minic,Level=10,minic,Level=11,1/2-1/2,0.5,80,0.30216989998007193,complete,,6
matchup_010_opening_006_1,matchup_010,opening_006,r1b1k1nr/pppp1ppp/n3p3/6q1/1b6/P2P4/2PNPPPP/R1BQKBNR w KQkq - 0 5,1,minic,Level=11,minic,Level=10,1/2-1/2,0.5,80,0.2753744999645278,complete,,6
matchup_010_opening_007_0,matchup_010,opening_007,rn1qkb1r/ppp1p1pp/3p1n2/5p2/1P6/2N2PPb/P1PPP2P/R1BQKBNR w KQkq - 1 5,0,minic,Level=10,minic,Level=11,1/2-1/2,0.5,80,0.29278409999096766,complete,,7
matchup_010_opening_007_1,matchup_010,opening_007,rn1qkb1r/ppp1p1pp/3p1n2/5p2/1P6/2N2PPb/P1PPP2P/R1BQKBNR w KQkq - 1 5,1,minic,Level=11,minic,Level=10,1/2-1/2,0.5,80,0.2932916000136174,complete,,7
matchup_010_opening_008_0,matchup_010,opening_008,r1bq1bnr/pppkpppp/8/3p4/4P3/2N5/PPPP1PPP/R1BQK1NR w KQ - 0 5,0,minic,Level=10,minic,Level=11,1/2-1/2,0.5,80,0.3025958000216633,complete,,8
matchup_010_opening_008_1,matchup_010,opening_008,r1bq1bnr/pppkpppp/8/3p4/4P3/2N5/PPPP1PPP/R1BQK1NR w KQ - 0 5,1,minic,Level=11,minic,Level=10,1/2-1/2,0.5,80,0.32280189997982234,complete,,8
matchup_010_opening_009_0,matchup_010,opening_009,rnbq1bnr/p1ppkp1p/1p4p1/4p3/8/3P2P1/PPPNPP1P/RNBQKB1R w KQ - 2 5,0,minic,Level=10,minic,Level=11,1/2-1/2,0.5,80,0.28569960000459105,complete,,9
matchup_010_opening_009_1,matchup_010,opening_009,rnbq1bnr/p1ppkp1p/1p4p1/4p3/8/3P2P1/PPPNPP1P/RNBQKB1R w KQ - 2 5,1,minic,Level=11,minic,Level=10,1/2-1/2,0.5,80,0.29358669999055564,complete,,9
matchup_010_opening_010_0,matchup_010,opening_010,rn1qkbnr/1pp1ppp1/p6p/3p1b2/2P2P2/P6N/1P1PP1PP/RNBQKB1R w KQkq - 0 5,0,minic,Level=10,minic,Level=11,1/2-1/2,0.5,80,0.2937699999893084,complete,,10
matchup_010_opening_010_1,matchup_010,opening_010,rn1qkbnr/1pp1ppp1/p6p/3p1b2/2P2P2/P6N/1P1PP1PP/RNBQKB1R w KQkq - 0 5,1,minic,Level=11,minic,Level=10,1-0,1.0,59,0.1902237000176683,complete,,10
matchup_010_opening_011_0,matchup_010,opening_011,r1bqkbnr/pp1p2pp/n1p1p3/5p2/P2P1B2/8/1PP1PPPP/RN1QKBNR w KQkq - 0 5,0,minic,Level=10,minic,Level=11,1/2-1/2,0.5,80,0.3020500999991782,complete,,11
matchup_010_opening_011_1,matchup_010,opening_011,r1bqkbnr/pp1p2pp/n1p1p3/5p2/P2P1B2/8/1PP1PPPP/RN1QKBNR w KQkq - 0 5,1,minic,Level=11,minic,Level=10,1/2-1/2,0.5,80,0.319194299983792,complete,,11
matchup_010_opening_012_0,matchup_010,opening_012,r1bqkbnr/ppppppp1/8/7p/Q1P3P1/1P1n4/P2PPP1P/RNB1KBNR w KQkq - 1 5,0,minic,Level=10,minic,Level=11,1/2-1/2,0.5,80,0.30219699995359406,complete,,12
matchup_010_opening_012_1,matchup_010,opening_012,r1bqkbnr/ppppppp1/8/7p/Q1P3P1/1P1n4/P2PPP1P/RNB1KBNR w KQkq - 1 5,1,minic,Level=11,minic,Level=10,1/2-1/2,0.5,80,0.3035750999697484,complete,,12
matchup_010_opening_013_0,matchup_010,opening_013,rnbqkbnr/ppp3pp/4pp2/3p4/8/2PP4/PP2PPPP/RNBQKBNR w KQkq - 0 5,0,minic,Level=10,minic,Level=11,1/2-1/2,0.5,80,0.2917509999824688,complete,,13
matchup_010_opening_013_1,matchup_010,opening_013,rnbqkbnr/ppp3pp/4pp2/3p4/8/2PP4/PP2PPPP/RNBQKBNR w KQkq - 0 5,1,minic,Level=11,minic,Level=10,1/2-1/2,0.5,80,0.2778787999995984,complete,,13
matchup_010_opening_014_0,matchup_010,opening_014,rnbqk1nr/ppppp2p/6pb/8/2P2pPP/P7/1P1PPP2/RNBQKBNR w KQkq - 0 5,0,minic,Level=10,minic,Level=11,1/2-1/2,0.5,80,0.2995845000259578,complete,,14
matchup_010_opening_014_1,matchup_010,opening_014,rnbqk1nr/ppppp2p/6pb/8/2P2pPP/P7/1P1PPP2/RNBQKBNR w KQkq - 0 5,1,minic,Level=11,minic,Level=10,1/2-1/2,0.5,80,0.28713820001576096,complete,,14
matchup_010_opening_015_0,matchup_010,opening_015,rnb1kbnr/1ppp1pp1/8/p2Pp2p/4P2q/2N5/PPP2PPP/R1BQKBNR w KQkq - 2 5,0,minic,Level=10,minic,Level=11,1/2-1/2,0.5,80,0.30115110002225265,complete,,15
matchup_010_opening_015_1,matchup_010,opening_015,rnb1kbnr/1ppp1pp1/8/p2Pp2p/4P2q/2N5/PPP2PPP/R1BQKBNR w KQkq - 2 5,1,minic,Level=11,minic,Level=10,1/2-1/2,0.5,80,0.3169777999864891,complete,,15
matchup_010_opening_016_0,matchup_010,opening_016,rn1qkbnr/p2pppp1/b7/1pP4p/5P2/8/PPP1PKPP/RNBQ1BNR w kq - 0 5,0,minic,Level=10,minic,Level=11,1/2-1/2,0.5,80,0.29806230001850054,complete,,16
matchup_010_opening_016_1,matchup_010,opening_016,rn1qkbnr/p2pppp1/b7/1pP4p/5P2/8/PPP1PKPP/RNBQ1BNR w kq - 0 5,1,minic,Level=11,minic,Level=10,1/2-1/2,0.5,80,0.2726776000345126,complete,,16
matchup_010_opening_017_0,matchup_010,opening_017,rnbqkbnr/p1p3pp/1p1pp3/5pP1/P3P3/8/1PPP1P1P/RNBQKBNR w KQkq - 0 5,0,minic,Level=10,minic,Level=11,1/2-1/2,0.5,80,0.28947179997339845,complete,,17
matchup_010_opening_017_1,matchup_010,opening_017,rnbqkbnr/p1p3pp/1p1pp3/5pP1/P3P3/8/1PPP1P1P/RNBQKBNR w KQkq - 0 5,1,minic,Level=11,minic,Level=10,1/2-1/2,0.5,80,0.27673899999354035,complete,,17
matchup_010_opening_018_0,matchup_010,opening_018,rnbqkb1r/ppp2ppp/3pp3/3P1n2/8/6PP/PPP1PP2/RNBQKBNR w KQkq - 1 5,0,minic,Level=10,minic,Level=11,1/2-1/2,0.5,80,0.38165830000070855,complete,,18
matchup_010_opening_018_1,matchup_010,opening_018,rnbqkb1r/ppp2ppp/3pp3/3P1n2/8/6PP/PPP1PP2/RNBQKBNR w KQkq - 1 5,1,minic,Level=11,minic,Level=10,1/2-1/2,0.5,80,0.32848620001459494,complete,,18
matchup_010_opening_019_0,matchup_010,opening_019,rnb1kbnr/1pqppp1p/2p5/p5p1/3P4/1QP4P/PP2PPP1/RNB1KBNR w KQkq - 0 5,0,minic,Level=10,minic,Level=11,1/2-1/2,0.5,80,0.3382495000259951,complete,,19
matchup_010_opening_019_1,matchup_010,opening_019,rnb1kbnr/1pqppp1p/2p5/p5p1/3P4/1QP4P/PP2PPP1/RNB1KBNR w KQkq - 0 5,1,minic,Level=11,minic,Level=10,1/2-1/2,0.5,80,0.2824932000366971,complete,,19
matchup_011_opening_000_0,matchup_011,opening_000,rn1qkb1r/2pppppp/bp3n2/p7/4B3/3PP3/PPP2PPP/RNBQK1NR w KQkq - 1 5,0,minic,Level=11,minic,Level=12,1/2-1/2,0.5,80,0.3505722999689169,complete,,0
matchup_011_opening_000_1,matchup_011,opening_000,rn1qkb1r/2pppppp/bp3n2/p7/4B3/3PP3/PPP2PPP/RNBQK1NR w KQkq - 1 5,1,minic,Level=12,minic,Level=11,1/2-1/2,0.5,80,0.3454199000261724,complete,,0
matchup_011_opening_001_0,matchup_011,opening_001,rnbqkbnr/1p2pppp/8/p1pp4/6P1/N6P/PPPPPP2/R1BQKBNR w KQkq - 0 5,0,minic,Level=11,minic,Level=12,1/2-1/2,0.5,80,0.3171693999902345,complete,,1
matchup_011_opening_001_1,matchup_011,opening_001,rnbqkbnr/1p2pppp/8/p1pp4/6P1/N6P/PPPPPP2/R1BQKBNR w KQkq - 0 5,1,minic,Level=12,minic,Level=11,1/2-1/2,0.5,80,0.31757569999899715,complete,,1
matchup_011_opening_002_0,matchup_011,opening_002,rnb1kbnr/pppp1p1p/5qp1/4p3/7P/1P3PP1/P1PPP3/RNBQKBNR w KQkq - 0 5,0,minic,Level=11,minic,Level=12,1/2-1/2,0.5,80,0.30225040001096204,complete,,2
matchup_011_opening_002_1,matchup_011,opening_002,rnb1kbnr/pppp1p1p/5qp1/4p3/7P/1P3PP1/P1PPP3/RNBQKBNR w KQkq - 0 5,1,minic,Level=12,minic,Level=11,1/2-1/2,0.5,80,0.3137647000257857,complete,,2
matchup_011_opening_003_0,matchup_011,opening_003,rnbqk1nr/1ppp1ppp/1b2p3/p7/P7/2P2P1P/1P1PP1P1/RNBQKBNR w KQkq - 1 5,0,minic,Level=11,minic,Level=12,1/2-1/2,0.5,80,0.37180739996256307,complete,,3
matchup_011_opening_003_1,matchup_011,opening_003,rnbqk1nr/1ppp1ppp/1b2p3/p7/P7/2P2P1P/1P1PP1P1/RNBQKBNR w KQkq - 1 5,1,minic,Level=12,minic,Level=11,1/2-1/2,0.5,80,0.43364479998126626,complete,,3
matchup_011_opening_004_0,matchup_011,opening_004,rnbqkbnr/2ppp1p1/1p3p2/p6p/2P5/4P2P/PP1PKPP1/RNBQ1BNR w kq - 0 5,0,minic,Level=11,minic,Level=12,0-1,0.0,80,0.37744920002296567,complete,,4
matchup_011_opening_004_1,matchup_011,opening_004,rnbqkbnr/2ppp1p1/1p3p2/p6p/2P5/4P2P/PP1PKPP1/RNBQ1BNR w kq - 0 5,1,minic,Level=12,minic,Level=11,1-0,1.0,49,0.3053391000139527,complete,,4
matchup_011_opening_005_0,matchup_011,opening_005,r1bqkb1r/ppp1pppp/3p1n2/8/1nB1P3/1PP5/P2P1PPP/RNBQK1NR w KQkq - 2 5,0,minic,Level=11,minic,Level=12,1/2-1/2,0.5,80,0.5028205999988131,complete,,5
matchup_011_opening_005_1,matchup_011,opening_005,r1bqkb1r/ppp1pppp/3p1n2/8/1nB1P3/1PP5/P2P1PPP/RNBQK1NR w KQkq - 2 5,1,minic,Level=12,minic,Level=11,0-1,0.0,72,0.45909139997093007,complete,,5
matchup_011_opening_006_0,matchup_011,opening_006,r1b1k1nr/pppp1ppp/n3p3/6q1/1b6/P2P4/2PNPPPP/R1BQKBNR w KQkq - 0 5,0,minic,Level=11,minic,Level=12,1/2-1/2,0.5,80,0.39951610000571236,complete,,6
matchup_011_opening_006_1,matchup_011,opening_006,r1b1k1nr/pppp1ppp/n3p3/6q1/1b6/P2P4/2PNPPPP/R1BQKBNR w KQkq - 0 5,1,minic,Level=12,minic,Level=11,1/2-1/2,0.5,80,0.3782898999634199,complete,,6
matchup_011_opening_007_0,matchup_011,opening_007,rn1qkb1r/ppp1p1pp/3p1n2/5p2/1P6/2N2PPb/P1PPP2P/R1BQKBNR w KQkq - 1 5,0,minic,Level=11,minic,Level=12,1/2-1/2,0.5,80,0.3871841999934986,complete,,7
matchup_011_opening_007_1,matchup_011,opening_007,rn1qkb1r/ppp1p1pp/3p1n2/5p2/1P6/2N2PPb/P1PPP2P/R1BQKBNR w KQkq - 1 5,1,minic,Level=12,minic,Level=11,1/2-1/2,0.5,80,0.38115959998685867,complete,,7
matchup_011_opening_008_0,matchup_011,opening_008,r1bq1bnr/pppkpppp/8/3p4/4P3/2N5/PPPP1PPP/R1BQK1NR w KQ - 0 5,0,minic,Level=11,minic,Level=12,1/2-1/2,0.5,80,0.3829787000431679,complete,,8
matchup_011_opening_008_1,matchup_011,opening_008,r1bq1bnr/pppkpppp/8/3p4/4P3/2N5/PPPP1PPP/R1BQK1NR w KQ - 0 5,1,minic,Level=12,minic,Level=11,1/2-1/2,0.5,80,0.3827428999939002,complete,,8
matchup_011_opening_009_0,matchup_011,opening_009,rnbq1bnr/p1ppkp1p/1p4p1/4p3/8/3P2P1/PPPNPP1P/RNBQKB1R w KQ - 2 5,0,minic,Level=11,minic,Level=12,1/2-1/2,0.5,80,0.3981820999761112,complete,,9
matchup_011_opening_009_1,matchup_011,opening_009,rnbq1bnr/p1ppkp1p/1p4p1/4p3/8/3P2P1/PPPNPP1P/RNBQKB1R w KQ - 2 5,1,minic,Level=12,minic,Level=11,1/2-1/2,0.5,80,0.36332750000292435,complete,,9
matchup_011_opening_010_0,matchup_011,opening_010,rn1qkbnr/1pp1ppp1/p6p/3p1b2/2P2P2/P6N/1P1PP1PP/RNBQKB1R w KQkq - 0 5,0,minic,Level=11,minic,Level=12,1/2-1/2,0.5,80,0.35053769999649376,complete,,10
matchup_011_opening_010_1,matchup_011,opening_010,rn1qkbnr/1pp1ppp1/p6p/3p1b2/2P2P2/P6N/1P1PP1PP/RNBQKB1R w KQkq - 0 5,1,minic,Level=12,minic,Level=11,1-0,1.0,43,0.13830630003940314,complete,,10
matchup_011_opening_011_0,matchup_011,opening_011,r1bqkbnr/pp1p2pp/n1p1p3/5p2/P2P1B2/8/1PP1PPPP/RN1QKBNR w KQkq - 0 5,0,minic,Level=11,minic,Level=12,1/2-1/2,0.5,80,0.37013029999798164,complete,,11
matchup_011_opening_011_1,matchup_011,opening_011,r1bqkbnr/pp1p2pp/n1p1p3/5p2/P2P1B2/8/1PP1PPPP/RN1QKBNR w KQkq - 0 5,1,minic,Level=12,minic,Level=11,1/2-1/2,0.5,80,0.41125509998528287,complete,,11
matchup_011_opening_012_0,matchup_011,opening_012,r1bqkbnr/ppppppp1/8/7p/Q1P3P1/1P1n4/P2PPP1P/RNB1KBNR w KQkq - 1 5,0,minic,Level=11,minic,Level=12,1/2-1/2,0.5,80,0.36612280004192144,complete,,12
matchup_011_opening_012_1,matchup_011,opening_012,r1bqkbnr/ppppppp1/8/7p/Q1P3P1/1P1n4/P2PPP1P/RNB1KBNR w KQkq - 1 5,1,minic,Level=12,minic,Level=11,1/2-1/2,0.5,80,0.3748444000375457,complete,,12
matchup_011_opening_013_0,matchup_011,opening_013,rnbqkbnr/ppp3pp/4pp2/3p4/8/2PP4/PP2PPPP/RNBQKBNR w KQkq - 0 5,0,minic,Level=11,minic,Level=12,1/2-1/2,0.5,80,0.33396839996566996,complete,,13
matchup_011_opening_013_1,matchup_011,opening_013,rnbqkbnr/ppp3pp/4pp2/3p4/8/2PP4/PP2PPPP/RNBQKBNR w KQkq - 0 5,1,minic,Level=12,minic,Level=11,1/2-1/2,0.5,80,0.4218857999658212,complete,,13
matchup_011_opening_014_0,matchup_011,opening_014,rnbqk1nr/ppppp2p/6pb/8/2P2pPP/P7/1P1PPP2/RNBQKBNR w KQkq - 0 5,0,minic,Level=11,minic,Level=12,1/2-1/2,0.5,80,0.38090379995992407,complete,,14
matchup_011_opening_014_1,matchup_011,opening_014,rnbqk1nr/ppppp2p/6pb/8/2P2pPP/P7/1P1PPP2/RNBQKBNR w KQkq - 0 5,1,minic,Level=12,minic,Level=11,1/2-1/2,0.5,80,0.4184316999744624,complete,,14
matchup_011_opening_015_0,matchup_011,opening_015,rnb1kbnr/1ppp1pp1/8/p2Pp2p/4P2q/2N5/PPP2PPP/R1BQKBNR w KQkq - 2 5,0,minic,Level=11,minic,Level=12,1/2-1/2,0.5,80,0.3866919999709353,complete,,15
matchup_011_opening_015_1,matchup_011,opening_015,rnb1kbnr/1ppp1pp1/8/p2Pp2p/4P2q/2N5/PPP2PPP/R1BQKBNR w KQkq - 2 5,1,minic,Level=12,minic,Level=11,1/2-1/2,0.5,80,0.31693229998927563,complete,,15
matchup_011_opening_016_0,matchup_011,opening_016,rn1qkbnr/p2pppp1/b7/1pP4p/5P2/8/PPP1PKPP/RNBQ1BNR w kq - 0 5,0,minic,Level=11,minic,Level=12,1/2-1/2,0.5,80,0.3469524999964051,complete,,16
matchup_011_opening_016_1,matchup_011,opening_016,rn1qkbnr/p2pppp1/b7/1pP4p/5P2/8/PPP1PKPP/RNBQ1BNR w kq - 0 5,1,minic,Level=12,minic,Level=11,1/2-1/2,0.5,80,0.35352349997265264,complete,,16
matchup_011_opening_017_0,matchup_011,opening_017,rnbqkbnr/p1p3pp/1p1pp3/5pP1/P3P3/8/1PPP1P1P/RNBQKBNR w KQkq - 0 5,0,minic,Level=11,minic,Level=12,1/2-1/2,0.5,80,0.3685369999730028,complete,,17
matchup_011_opening_017_1,matchup_011,opening_017,rnbqkbnr/p1p3pp/1p1pp3/5pP1/P3P3/8/1PPP1P1P/RNBQKBNR w KQkq - 0 5,1,minic,Level=12,minic,Level=11,1/2-1/2,0.5,80,0.41385229997104034,complete,,17
matchup_011_opening_018_0,matchup_011,opening_018,rnbqkb1r/ppp2ppp/3pp3/3P1n2/8/6PP/PPP1PP2/RNBQKBNR w KQkq - 1 5,0,minic,Level=11,minic,Level=12,1/2-1/2,0.5,80,0.3846907000406645,complete,,18
matchup_011_opening_018_1,matchup_011,opening_018,rnbqkb1r/ppp2ppp/3pp3/3P1n2/8/6PP/PPP1PP2/RNBQKBNR w KQkq - 1 5,1,minic,Level=12,minic,Level=11,1/2-1/2,0.5,80,0.36377719999291,complete,,18
matchup_011_opening_019_0,matchup_011,opening_019,rnb1kbnr/1pqppp1p/2p5/p5p1/3P4/1QP4P/PP2PPP1/RNB1KBNR w KQkq - 0 5,0,minic,Level=11,minic,Level=12,1/2-1/2,0.5,80,0.39817040000343695,complete,,19
matchup_011_opening_019_1,matchup_011,opening_019,rnb1kbnr/1pqppp1p/2p5/p5p1/3P4/1QP4P/PP2PPP1/RNB1KBNR w KQkq - 0 5,1,minic,Level=12,minic,Level=11,1/2-1/2,0.5,80,0.3875070999492891,complete,,19
matchup_012_opening_000_0,matchup_012,opening_000,rn1qkb1r/2pppppp/bp3n2/p7/4B3/3PP3/PPP2PPP/RNBQK1NR w KQkq - 1 5,0,minic,Level=12,minic,Level=13,1/2-1/2,0.5,80,0.3901468000258319,complete,,0
matchup_012_opening_000_1,matchup_012,opening_000,rn1qkb1r/2pppppp/bp3n2/p7/4B3/3PP3/PPP2PPP/RNBQK1NR w KQkq - 1 5,1,minic,Level=13,minic,Level=12,1/2-1/2,0.5,80,0.3485729999956675,complete,,0
matchup_012_opening_001_0,matchup_012,opening_001,rnbqkbnr/1p2pppp/8/p1pp4/6P1/N6P/PPPPPP2/R1BQKBNR w KQkq - 0 5,0,minic,Level=12,minic,Level=13,1/2-1/2,0.5,80,0.31119290000060573,complete,,1
matchup_012_opening_001_1,matchup_012,opening_001,rnbqkbnr/1p2pppp/8/p1pp4/6P1/N6P/PPPPPP2/R1BQKBNR w KQkq - 0 5,1,minic,Level=13,minic,Level=12,1/2-1/2,0.5,80,0.33104900002945215,complete,,1
matchup_012_opening_002_0,matchup_012,opening_002,rnb1kbnr/pppp1p1p/5qp1/4p3/7P/1P3PP1/P1PPP3/RNBQKBNR w KQkq - 0 5,0,minic,Level=12,minic,Level=13,1/2-1/2,0.5,80,0.34580260002985597,complete,,2
matchup_012_opening_002_1,matchup_012,opening_002,rnb1kbnr/pppp1p1p/5qp1/4p3/7P/1P3PP1/P1PPP3/RNBQKBNR w KQkq - 0 5,1,minic,Level=13,minic,Level=12,1/2-1/2,0.5,80,0.3301213000086136,complete,,2
matchup_012_opening_003_0,matchup_012,opening_003,rnbqk1nr/1ppp1ppp/1b2p3/p7/P7/2P2P1P/1P1PP1P1/RNBQKBNR w KQkq - 1 5,0,minic,Level=12,minic,Level=13,1/2-1/2,0.5,80,0.38067429995862767,complete,,3
matchup_012_opening_003_1,matchup_012,opening_003,rnbqk1nr/1ppp1ppp/1b2p3/p7/P7/2P2P1P/1P1PP1P1/RNBQKBNR w KQkq - 1 5,1,minic,Level=13,minic,Level=12,1/2-1/2,0.5,80,0.3490610999870114,complete,,3
matchup_012_opening_004_0,matchup_012,opening_004,rnbqkbnr/2ppp1p1/1p3p2/p6p/2P5/4P2P/PP1PKPP1/RNBQ1BNR w kq - 0 5,0,minic,Level=12,minic,Level=13,1/2-1/2,0.5,80,0.31889230001252145,complete,,4
matchup_012_opening_004_1,matchup_012,opening_004,rnbqkbnr/2ppp1p1/1p3p2/p6p/2P5/4P2P/PP1PKPP1/RNBQ1BNR w kq - 0 5,1,minic,Level=13,minic,Level=12,1/2-1/2,0.5,80,0.3252216000109911,complete,,4
matchup_012_opening_005_0,matchup_012,opening_005,r1bqkb1r/ppp1pppp/3p1n2/8/1nB1P3/1PP5/P2P1PPP/RNBQK1NR w KQkq - 2 5,0,minic,Level=12,minic,Level=13,1/2-1/2,0.5,80,0.3410234999610111,complete,,5
matchup_012_opening_005_1,matchup_012,opening_005,r1bqkb1r/ppp1pppp/3p1n2/8/1nB1P3/1PP5/P2P1PPP/RNBQK1NR w KQkq - 2 5,1,minic,Level=13,minic,Level=12,1/2-1/2,0.5,80,0.3436253000400029,complete,,5
matchup_012_opening_006_0,matchup_012,opening_006,r1b1k1nr/pppp1ppp/n3p3/6q1/1b6/P2P4/2PNPPPP/R1BQKBNR w KQkq - 0 5,0,minic,Level=12,minic,Level=13,1/2-1/2,0.5,80,0.350038799981121,complete,,6
matchup_012_opening_006_1,matchup_012,opening_006,r1b1k1nr/pppp1ppp/n3p3/6q1/1b6/P2P4/2PNPPPP/R1BQKBNR w KQkq - 0 5,1,minic,Level=13,minic,Level=12,1/2-1/2,0.5,80,0.3376806000014767,complete,,6
matchup_012_opening_007_0,matchup_012,opening_007,rn1qkb1r/ppp1p1pp/3p1n2/5p2/1P6/2N2PPb/P1PPP2P/R1BQKBNR w KQkq - 1 5,0,minic,Level=12,minic,Level=13,1/2-1/2,0.5,80,0.32604419998824596,complete,,7
matchup_012_opening_007_1,matchup_012,opening_007,rn1qkb1r/ppp1p1pp/3p1n2/5p2/1P6/2N2PPb/P1PPP2P/R1BQKBNR w KQkq - 1 5,1,minic,Level=13,minic,Level=12,1/2-1/2,0.5,80,0.316940099990461,complete,,7
matchup_012_opening_008_0,matchup_012,opening_008,r1bq1bnr/pppkpppp/8/3p4/4P3/2N5/PPPP1PPP/R1BQK1NR w KQ - 0 5,0,minic,Level=12,minic,Level=13,1/2-1/2,0.5,80,0.34053580003092065,complete,,8
matchup_012_opening_008_1,matchup_012,opening_008,r1bq1bnr/pppkpppp/8/3p4/4P3/2N5/PPPP1PPP/R1BQK1NR w KQ - 0 5,1,minic,Level=13,minic,Level=12,1/2-1/2,0.5,80,0.3287140000029467,complete,,8
matchup_012_opening_009_0,matchup_012,opening_009,rnbq1bnr/p1ppkp1p/1p4p1/4p3/8/3P2P1/PPPNPP1P/RNBQKB1R w KQ - 2 5,0,minic,Level=12,minic,Level=13,1/2-1/2,0.5,80,0.3427869000006467,complete,,9
matchup_012_opening_009_1,matchup_012,opening_009,rnbq1bnr/p1ppkp1p/1p4p1/4p3/8/3P2P1/PPPNPP1P/RNBQKB1R w KQ - 2 5,1,minic,Level=13,minic,Level=12,1/2-1/2,0.5,80,0.3641383999492973,complete,,9
matchup_012_opening_010_0,matchup_012,opening_010,rn1qkbnr/1pp1ppp1/p6p/3p1b2/2P2P2/P6N/1P1PP1PP/RNBQKB1R w KQkq - 0 5,0,minic,Level=12,minic,Level=13,1/2-1/2,0.5,80,0.3125167999533005,complete,,10
matchup_012_opening_010_1,matchup_012,opening_010,rn1qkbnr/1pp1ppp1/p6p/3p1b2/2P2P2/P6N/1P1PP1PP/RNBQKB1R w KQkq - 0 5,1,minic,Level=13,minic,Level=12,1/2-1/2,0.5,80,0.32608299999265,complete,,10
matchup_012_opening_011_0,matchup_012,opening_011,r1bqkbnr/pp1p2pp/n1p1p3/5p2/P2P1B2/8/1PP1PPPP/RN1QKBNR w KQkq - 0 5,0,minic,Level=12,minic,Level=13,1/2-1/2,0.5,80,0.34781479998491704,complete,,11
matchup_012_opening_011_1,matchup_012,opening_011,r1bqkbnr/pp1p2pp/n1p1p3/5p2/P2P1B2/8/1PP1PPPP/RN1QKBNR w KQkq - 0 5,1,minic,Level=13,minic,Level=12,1/2-1/2,0.5,80,0.3557194000459276,complete,,11
matchup_012_opening_012_0,matchup_012,opening_012,r1bqkbnr/ppppppp1/8/7p/Q1P3P1/1P1n4/P2PPP1P/RNB1KBNR w KQkq - 1 5,0,minic,Level=12,minic,Level=13,1/2-1/2,0.5,80,0.33652109996182844,complete,,12
matchup_012_opening_012_1,matchup_012,opening_012,r1bqkbnr/ppppppp1/8/7p/Q1P3P1/1P1n4/P2PPP1P/RNB1KBNR w KQkq - 1 5,1,minic,Level=13,minic,Level=12,1/2-1/2,0.5,80,0.3967663999646902,complete,,12
matchup_012_opening_013_0,matchup_012,opening_013,rnbqkbnr/ppp3pp/4pp2/3p4/8/2PP4/PP2PPPP/RNBQKBNR w KQkq - 0 5,0,minic,Level=12,minic,Level=13,1/2-1/2,0.5,80,0.30607819999568164,complete,,13
matchup_012_opening_013_1,matchup_012,opening_013,rnbqkbnr/ppp3pp/4pp2/3p4/8/2PP4/PP2PPPP/RNBQKBNR w KQkq - 0 5,1,minic,Level=13,minic,Level=12,1/2-1/2,0.5,80,0.3253176999860443,complete,,13
matchup_012_opening_014_0,matchup_012,opening_014,rnbqk1nr/ppppp2p/6pb/8/2P2pPP/P7/1P1PPP2/RNBQKBNR w KQkq - 0 5,0,minic,Level=12,minic,Level=13,1/2-1/2,0.5,80,0.344077100045979,complete,,14
matchup_012_opening_014_1,matchup_012,opening_014,rnbqk1nr/ppppp2p/6pb/8/2P2pPP/P7/1P1PPP2/RNBQKBNR w KQkq - 0 5,1,minic,Level=13,minic,Level=12,1/2-1/2,0.5,80,0.34660049999365583,complete,,14
matchup_012_opening_015_0,matchup_012,opening_015,rnb1kbnr/1ppp1pp1/8/p2Pp2p/4P2q/2N5/PPP2PPP/R1BQKBNR w KQkq - 2 5,0,minic,Level=12,minic,Level=13,1/2-1/2,0.5,80,0.35594189999392256,complete,,15
matchup_012_opening_015_1,matchup_012,opening_015,rnb1kbnr/1ppp1pp1/8/p2Pp2p/4P2q/2N5/PPP2PPP/R1BQKBNR w KQkq - 2 5,1,minic,Level=13,minic,Level=12,1/2-1/2,0.5,80,0.40092720004031435,complete,,15
matchup_012_opening_016_0,matchup_012,opening_016,rn1qkbnr/p2pppp1/b7/1pP4p/5P2/8/PPP1PKPP/RNBQ1BNR w kq - 0 5,0,minic,Level=12,minic,Level=13,1/2-1/2,0.5,80,0.3364284000126645,complete,,16
matchup_012_opening_016_1,matchup_012,opening_016,rn1qkbnr/p2pppp1/b7/1pP4p/5P2/8/PPP1PKPP/RNBQ1BNR w kq - 0 5,1,minic,Level=13,minic,Level=12,1/2-1/2,0.5,80,0.4008970999857411,complete,,16
matchup_012_opening_017_0,matchup_012,opening_017,rnbqkbnr/p1p3pp/1p1pp3/5pP1/P3P3/8/1PPP1P1P/RNBQKBNR w KQkq - 0 5,0,minic,Level=12,minic,Level=13,1/2-1/2,0.5,80,0.4874648999539204,complete,,17
matchup_012_opening_017_1,matchup_012,opening_017,rnbqkbnr/p1p3pp/1p1pp3/5pP1/P3P3/8/1PPP1P1P/RNBQKBNR w KQkq - 0 5,1,minic,Level=13,minic,Level=12,1/2-1/2,0.5,80,0.5233405000180937,complete,,17
matchup_012_opening_018_0,matchup_012,opening_018,rnbqkb1r/ppp2ppp/3pp3/3P1n2/8/6PP/PPP1PP2/RNBQKBNR w KQkq - 1 5,0,minic,Level=12,minic,Level=13,1/2-1/2,0.5,80,0.39966290001757443,complete,,18
matchup_012_opening_018_1,matchup_012,opening_018,rnbqkb1r/ppp2ppp/3pp3/3P1n2/8/6PP/PPP1PP2/RNBQKBNR w KQkq - 1 5,1,minic,Level=13,minic,Level=12,1/2-1/2,0.5,80,0.4664166000438854,complete,,18
matchup_012_opening_019_0,matchup_012,opening_019,rnb1kbnr/1pqppp1p/2p5/p5p1/3P4/1QP4P/PP2PPP1/RNB1KBNR w KQkq - 0 5,0,minic,Level=12,minic,Level=13,1/2-1/2,0.5,80,0.46098629996413365,complete,,19
matchup_012_opening_019_1,matchup_012,opening_019,rnb1kbnr/1pqppp1p/2p5/p5p1/3P4/1QP4P/PP2PPP1/RNB1KBNR w KQkq - 0 5,1,minic,Level=13,minic,Level=12,1/2-1/2,0.5,80,0.40268890000879765,complete,,19
matchup_013_opening_000_0,matchup_013,opening_000,rn1qkb1r/2pppppp/bp3n2/p7/4B3/3PP3/PPP2PPP/RNBQK1NR w KQkq - 1 5,0,minic,Level=13,minic,Level=14,1/2-1/2,0.5,80,0.4587271000491455,complete,,0
matchup_013_opening_000_1,matchup_013,opening_000,rn1qkb1r/2pppppp/bp3n2/p7/4B3/3PP3/PPP2PPP/RNBQK1NR w KQkq - 1 5,1,minic,Level=14,minic,Level=13,1/2-1/2,0.5,80,0.3829355000052601,complete,,0
matchup_013_opening_001_0,matchup_013,opening_001,rnbqkbnr/1p2pppp/8/p1pp4/6P1/N6P/PPPPPP2/R1BQKBNR w KQkq - 0 5,0,minic,Level=13,minic,Level=14,1/2-1/2,0.5,80,0.34763510001357645,complete,,1
matchup_013_opening_001_1,matchup_013,opening_001,rnbqkbnr/1p2pppp/8/p1pp4/6P1/N6P/PPPPPP2/R1BQKBNR w KQkq - 0 5,1,minic,Level=14,minic,Level=13,1/2-1/2,0.5,80,0.37033800000790507,complete,,1
matchup_013_opening_002_0,matchup_013,opening_002,rnb1kbnr/pppp1p1p/5qp1/4p3/7P/1P3PP1/P1PPP3/RNBQKBNR w KQkq - 0 5,0,minic,Level=13,minic,Level=14,1/2-1/2,0.5,80,0.36116740002762526,complete,,2
matchup_013_opening_002_1,matchup_013,opening_002,rnb1kbnr/pppp1p1p/5qp1/4p3/7P/1P3PP1/P1PPP3/RNBQKBNR w KQkq - 0 5,1,minic,Level=14,minic,Level=13,1/2-1/2,0.5,80,0.3672447000280954,complete,,2
matchup_013_opening_003_0,matchup_013,opening_003,rnbqk1nr/1ppp1ppp/1b2p3/p7/P7/2P2P1P/1P1PP1P1/RNBQKBNR w KQkq - 1 5,0,minic,Level=13,minic,Level=14,1/2-1/2,0.5,80,0.37262570002349094,complete,,3
matchup_013_opening_003_1,matchup_013,opening_003,rnbqk1nr/1ppp1ppp/1b2p3/p7/P7/2P2P1P/1P1PP1P1/RNBQKBNR w KQkq - 1 5,1,minic,Level=14,minic,Level=13,1/2-1/2,0.5,80,0.3345322000095621,complete,,3
matchup_013_opening_004_0,matchup_013,opening_004,rnbqkbnr/2ppp1p1/1p3p2/p6p/2P5/4P2P/PP1PKPP1/RNBQ1BNR w kq - 0 5,0,minic,Level=13,minic,Level=14,1/2-1/2,0.5,80,0.3752980999997817,complete,,4
matchup_013_opening_004_1,matchup_013,opening_004,rnbqkbnr/2ppp1p1/1p3p2/p6p/2P5/4P2P/PP1PKPP1/RNBQ1BNR w kq - 0 5,1,minic,Level=14,minic,Level=13,1/2-1/2,0.5,80,0.3526446999749169,complete,,4
matchup_013_opening_005_0,matchup_013,opening_005,r1bqkb1r/ppp1pppp/3p1n2/8/1nB1P3/1PP5/P2P1PPP/RNBQK1NR w KQkq - 2 5,0,minic,Level=13,minic,Level=14,1/2-1/2,0.5,80,0.3679967999923974,complete,,5
matchup_013_opening_005_1,matchup_013,opening_005,r1bqkb1r/ppp1pppp/3p1n2/8/1nB1P3/1PP5/P2P1PPP/RNBQK1NR w KQkq - 2 5,1,minic,Level=14,minic,Level=13,1/2-1/2,0.5,80,0.40020149998599663,complete,,5
matchup_013_opening_006_0,matchup_013,opening_006,r1b1k1nr/pppp1ppp/n3p3/6q1/1b6/P2P4/2PNPPPP/R1BQKBNR w KQkq - 0 5,0,minic,Level=13,minic,Level=14,1/2-1/2,0.5,80,0.33850620000157505,complete,,6
matchup_013_opening_006_1,matchup_013,opening_006,r1b1k1nr/pppp1ppp/n3p3/6q1/1b6/P2P4/2PNPPPP/R1BQKBNR w KQkq - 0 5,1,minic,Level=14,minic,Level=13,1/2-1/2,0.5,80,0.3630410000332631,complete,,6
matchup_013_opening_007_0,matchup_013,opening_007,rn1qkb1r/ppp1p1pp/3p1n2/5p2/1P6/2N2PPb/P1PPP2P/R1BQKBNR w KQkq - 1 5,0,minic,Level=13,minic,Level=14,1/2-1/2,0.5,80,0.354367199994158,complete,,7
matchup_013_opening_007_1,matchup_013,opening_007,rn1qkb1r/ppp1p1pp/3p1n2/5p2/1P6/2N2PPb/P1PPP2P/R1BQKBNR w KQkq - 1 5,1,minic,Level=14,minic,Level=13,1/2-1/2,0.5,80,0.35851029999321327,complete,,7
matchup_013_opening_008_0,matchup_013,opening_008,r1bq1bnr/pppkpppp/8/3p4/4P3/2N5/PPPP1PPP/R1BQK1NR w KQ - 0 5,0,minic,Level=13,minic,Level=14,1/2-1/2,0.5,80,0.3887205999926664,complete,,8
matchup_013_opening_008_1,matchup_013,opening_008,r1bq1bnr/pppkpppp/8/3p4/4P3/2N5/PPPP1PPP/R1BQK1NR w KQ - 0 5,1,minic,Level=14,minic,Level=13,1/2-1/2,0.5,80,0.3183050000225194,complete,,8
matchup_013_opening_009_0,matchup_013,opening_009,rnbq1bnr/p1ppkp1p/1p4p1/4p3/8/3P2P1/PPPNPP1P/RNBQKB1R w KQ - 2 5,0,minic,Level=13,minic,Level=14,1/2-1/2,0.5,80,0.3239574999897741,complete,,9
matchup_013_opening_009_1,matchup_013,opening_009,rnbq1bnr/p1ppkp1p/1p4p1/4p3/8/3P2P1/PPPNPP1P/RNBQKB1R w KQ - 2 5,1,minic,Level=14,minic,Level=13,1/2-1/2,0.5,80,0.3784678999800235,complete,,9
matchup_013_opening_010_0,matchup_013,opening_010,rn1qkbnr/1pp1ppp1/p6p/3p1b2/2P2P2/P6N/1P1PP1PP/RNBQKB1R w KQkq - 0 5,0,minic,Level=13,minic,Level=14,1/2-1/2,0.5,80,0.363279799988959,complete,,10
matchup_013_opening_010_1,matchup_013,opening_010,rn1qkbnr/1pp1ppp1/p6p/3p1b2/2P2P2/P6N/1P1PP1PP/RNBQKB1R w KQkq - 0 5,1,minic,Level=14,minic,Level=13,1/2-1/2,0.5,80,0.367106799967587,complete,,10
matchup_013_opening_011_0,matchup_013,opening_011,r1bqkbnr/pp1p2pp/n1p1p3/5p2/P2P1B2/8/1PP1PPPP/RN1QKBNR w KQkq - 0 5,0,minic,Level=13,minic,Level=14,1/2-1/2,0.5,80,0.3641419000341557,complete,,11
matchup_013_opening_011_1,matchup_013,opening_011,r1bqkbnr/pp1p2pp/n1p1p3/5p2/P2P1B2/8/1PP1PPPP/RN1QKBNR w KQkq - 0 5,1,minic,Level=14,minic,Level=13,1/2-1/2,0.5,80,0.32519579998916015,complete,,11
matchup_013_opening_012_0,matchup_013,opening_012,r1bqkbnr/ppppppp1/8/7p/Q1P3P1/1P1n4/P2PPP1P/RNB1KBNR w KQkq - 1 5,0,minic,Level=13,minic,Level=14,1/2-1/2,0.5,80,0.3421980999992229,complete,,12
matchup_013_opening_012_1,matchup_013,opening_012,r1bqkbnr/ppppppp1/8/7p/Q1P3P1/1P1n4/P2PPP1P/RNB1KBNR w KQkq - 1 5,1,minic,Level=14,minic,Level=13,1/2-1/2,0.5,80,0.3578508000355214,complete,,12
matchup_013_opening_013_0,matchup_013,opening_013,rnbqkbnr/ppp3pp/4pp2/3p4/8/2PP4/PP2PPPP/RNBQKBNR w KQkq - 0 5,0,minic,Level=13,minic,Level=14,1/2-1/2,0.5,80,0.3604545000125654,complete,,13
matchup_013_opening_013_1,matchup_013,opening_013,rnbqkbnr/ppp3pp/4pp2/3p4/8/2PP4/PP2PPPP/RNBQKBNR w KQkq - 0 5,1,minic,Level=14,minic,Level=13,1/2-1/2,0.5,80,0.34780160000082105,complete,,13
matchup_013_opening_014_0,matchup_013,opening_014,rnbqk1nr/ppppp2p/6pb/8/2P2pPP/P7/1P1PPP2/RNBQKBNR w KQkq - 0 5,0,minic,Level=13,minic,Level=14,1/2-1/2,0.5,80,0.32937259995378554,complete,,14
matchup_013_opening_014_1,matchup_013,opening_014,rnbqk1nr/ppppp2p/6pb/8/2P2pPP/P7/1P1PPP2/RNBQKBNR w KQkq - 0 5,1,minic,Level=14,minic,Level=13,1/2-1/2,0.5,80,0.32899469998665154,complete,,14
matchup_013_opening_015_0,matchup_013,opening_015,rnb1kbnr/1ppp1pp1/8/p2Pp2p/4P2q/2N5/PPP2PPP/R1BQKBNR w KQkq - 2 5,0,minic,Level=13,minic,Level=14,1/2-1/2,0.5,80,0.40076039999257773,complete,,15
matchup_013_opening_015_1,matchup_013,opening_015,rnb1kbnr/1ppp1pp1/8/p2Pp2p/4P2q/2N5/PPP2PPP/R1BQKBNR w KQkq - 2 5,1,minic,Level=14,minic,Level=13,1/2-1/2,0.5,80,0.5258722999715246,complete,,15
matchup_013_opening_016_0,matchup_013,opening_016,rn1qkbnr/p2pppp1/b7/1pP4p/5P2/8/PPP1PKPP/RNBQ1BNR w kq - 0 5,0,minic,Level=13,minic,Level=14,1/2-1/2,0.5,80,0.4632541000028141,complete,,16
matchup_013_opening_016_1,matchup_013,opening_016,rn1qkbnr/p2pppp1/b7/1pP4p/5P2/8/PPP1PKPP/RNBQ1BNR w kq - 0 5,1,minic,Level=14,minic,Level=13,1/2-1/2,0.5,80,0.3526469000498764,complete,,16
matchup_013_opening_017_0,matchup_013,opening_017,rnbqkbnr/p1p3pp/1p1pp3/5pP1/P3P3/8/1PPP1P1P/RNBQKBNR w KQkq - 0 5,0,minic,Level=13,minic,Level=14,1/2-1/2,0.5,80,0.3466677000396885,complete,,17
matchup_013_opening_017_1,matchup_013,opening_017,rnbqkbnr/p1p3pp/1p1pp3/5pP1/P3P3/8/1PPP1P1P/RNBQKBNR w KQkq - 0 5,1,minic,Level=14,minic,Level=13,1/2-1/2,0.5,80,0.4194575999863446,complete,,17
matchup_013_opening_018_0,matchup_013,opening_018,rnbqkb1r/ppp2ppp/3pp3/3P1n2/8/6PP/PPP1PP2/RNBQKBNR w KQkq - 1 5,0,minic,Level=13,minic,Level=14,1/2-1/2,0.5,80,0.3701444999896921,complete,,18
matchup_013_opening_018_1,matchup_013,opening_018,rnbqkb1r/ppp2ppp/3pp3/3P1n2/8/6PP/PPP1PP2/RNBQKBNR w KQkq - 1 5,1,minic,Level=14,minic,Level=13,1/2-1/2,0.5,80,0.37096639996161684,complete,,18
matchup_013_opening_019_0,matchup_013,opening_019,rnb1kbnr/1pqppp1p/2p5/p5p1/3P4/1QP4P/PP2PPP1/RNB1KBNR w KQkq - 0 5,0,minic,Level=13,minic,Level=14,1/2-1/2,0.5,80,0.35857019998366013,complete,,19
matchup_013_opening_019_1,matchup_013,opening_019,rnb1kbnr/1pqppp1p/2p5/p5p1/3P4/1QP4P/PP2PPP1/RNB1KBNR w KQkq - 0 5,1,minic,Level=14,minic,Level=13,1/2-1/2,0.5,80,0.32049600000027567,complete,,19
matchup_014_opening_000_0,matchup_014,opening_000,rn1qkb1r/2pppppp/bp3n2/p7/4B3/3PP3/PPP2PPP/RNBQK1NR w KQkq - 1 5,0,minic,Level=14,minic,Level=15,1/2-1/2,0.5,80,0.39986920001683757,complete,,0
matchup_014_opening_000_1,matchup_014,opening_000,rn1qkb1r/2pppppp/bp3n2/p7/4B3/3PP3/PPP2PPP/RNBQK1NR w KQkq - 1 5,1,minic,Level=15,minic,Level=14,1/2-1/2,0.5,80,0.37310140003683046,complete,,0
matchup_014_opening_001_0,matchup_014,opening_001,rnbqkbnr/1p2pppp/8/p1pp4/6P1/N6P/PPPPPP2/R1BQKBNR w KQkq - 0 5,0,minic,Level=14,minic,Level=15,1/2-1/2,0.5,80,0.3848714999621734,complete,,1
matchup_014_opening_001_1,matchup_014,opening_001,rnbqkbnr/1p2pppp/8/p1pp4/6P1/N6P/PPPPPP2/R1BQKBNR w KQkq - 0 5,1,minic,Level=15,minic,Level=14,1/2-1/2,0.5,80,0.3832308999844827,complete,,1
matchup_014_opening_002_0,matchup_014,opening_002,rnb1kbnr/pppp1p1p/5qp1/4p3/7P/1P3PP1/P1PPP3/RNBQKBNR w KQkq - 0 5,0,minic,Level=14,minic,Level=15,1/2-1/2,0.5,80,0.38707340002292767,complete,,2
matchup_014_opening_002_1,matchup_014,opening_002,rnb1kbnr/pppp1p1p/5qp1/4p3/7P/1P3PP1/P1PPP3/RNBQKBNR w KQkq - 0 5,1,minic,Level=15,minic,Level=14,1/2-1/2,0.5,80,0.35680489998776466,complete,,2
matchup_014_opening_003_0,matchup_014,opening_003,rnbqk1nr/1ppp1ppp/1b2p3/p7/P7/2P2P1P/1P1PP1P1/RNBQKBNR w KQkq - 1 5,0,minic,Level=14,minic,Level=15,1/2-1/2,0.5,80,0.36218659998849034,complete,,3
matchup_014_opening_003_1,matchup_014,opening_003,rnbqk1nr/1ppp1ppp/1b2p3/p7/P7/2P2P1P/1P1PP1P1/RNBQKBNR w KQkq - 1 5,1,minic,Level=15,minic,Level=14,1/2-1/2,0.5,80,0.36468240001704544,complete,,3
matchup_014_opening_004_0,matchup_014,opening_004,rnbqkbnr/2ppp1p1/1p3p2/p6p/2P5/4P2P/PP1PKPP1/RNBQ1BNR w kq - 0 5,0,minic,Level=14,minic,Level=15,1/2-1/2,0.5,80,0.3640027000219561,complete,,4
matchup_014_opening_004_1,matchup_014,opening_004,rnbqkbnr/2ppp1p1/1p3p2/p6p/2P5/4P2P/PP1PKPP1/RNBQ1BNR w kq - 0 5,1,minic,Level=15,minic,Level=14,1/2-1/2,0.5,80,0.3605091000208631,complete,,4
matchup_014_opening_005_0,matchup_014,opening_005,r1bqkb1r/ppp1pppp/3p1n2/8/1nB1P3/1PP5/P2P1PPP/RNBQK1NR w KQkq - 2 5,0,minic,Level=14,minic,Level=15,1/2-1/2,0.5,80,0.3433138000546023,complete,,5
matchup_014_opening_005_1,matchup_014,opening_005,r1bqkb1r/ppp1pppp/3p1n2/8/1nB1P3/1PP5/P2P1PPP/RNBQK1NR w KQkq - 2 5,1,minic,Level=15,minic,Level=14,1/2-1/2,0.5,80,0.346507299982477,complete,,5
matchup_014_opening_006_0,matchup_014,opening_006,r1b1k1nr/pppp1ppp/n3p3/6q1/1b6/P2P4/2PNPPPP/R1BQKBNR w KQkq - 0 5,0,minic,Level=14,minic,Level=15,1/2-1/2,0.5,80,0.33597309998003766,complete,,6
matchup_014_opening_006_1,matchup_014,opening_006,r1b1k1nr/pppp1ppp/n3p3/6q1/1b6/P2P4/2PNPPPP/R1BQKBNR w KQkq - 0 5,1,minic,Level=15,minic,Level=14,1/2-1/2,0.5,80,0.3996775000123307,complete,,6
matchup_014_opening_007_0,matchup_014,opening_007,rn1qkb1r/ppp1p1pp/3p1n2/5p2/1P6/2N2PPb/P1PPP2P/R1BQKBNR w KQkq - 1 5,0,minic,Level=14,minic,Level=15,1/2-1/2,0.5,80,0.35149440000532195,complete,,7
matchup_014_opening_007_1,matchup_014,opening_007,rn1qkb1r/ppp1p1pp/3p1n2/5p2/1P6/2N2PPb/P1PPP2P/R1BQKBNR w KQkq - 1 5,1,minic,Level=15,minic,Level=14,1/2-1/2,0.5,80,0.38044380000792444,complete,,7
matchup_014_opening_008_0,matchup_014,opening_008,r1bq1bnr/pppkpppp/8/3p4/4P3/2N5/PPPP1PPP/R1BQK1NR w KQ - 0 5,0,minic,Level=14,minic,Level=15,1/2-1/2,0.5,80,0.3413873000536114,complete,,8
matchup_014_opening_008_1,matchup_014,opening_008,r1bq1bnr/pppkpppp/8/3p4/4P3/2N5/PPPP1PPP/R1BQK1NR w KQ - 0 5,1,minic,Level=15,minic,Level=14,1/2-1/2,0.5,80,0.3386678000097163,complete,,8
matchup_014_opening_009_0,matchup_014,opening_009,rnbq1bnr/p1ppkp1p/1p4p1/4p3/8/3P2P1/PPPNPP1P/RNBQKB1R w KQ - 2 5,0,minic,Level=14,minic,Level=15,1/2-1/2,0.5,80,0.3472207000013441,complete,,9
matchup_014_opening_009_1,matchup_014,opening_009,rnbq1bnr/p1ppkp1p/1p4p1/4p3/8/3P2P1/PPPNPP1P/RNBQKB1R w KQ - 2 5,1,minic,Level=15,minic,Level=14,1/2-1/2,0.5,80,0.3999599000089802,complete,,9
matchup_014_opening_010_0,matchup_014,opening_010,rn1qkbnr/1pp1ppp1/p6p/3p1b2/2P2P2/P6N/1P1PP1PP/RNBQKB1R w KQkq - 0 5,0,minic,Level=14,minic,Level=15,1/2-1/2,0.5,80,0.38852849998511374,complete,,10
matchup_014_opening_010_1,matchup_014,opening_010,rn1qkbnr/1pp1ppp1/p6p/3p1b2/2P2P2/P6N/1P1PP1PP/RNBQKB1R w KQkq - 0 5,1,minic,Level=15,minic,Level=14,1/2-1/2,0.5,80,0.3643813999951817,complete,,10
matchup_014_opening_011_0,matchup_014,opening_011,r1bqkbnr/pp1p2pp/n1p1p3/5p2/P2P1B2/8/1PP1PPPP/RN1QKBNR w KQkq - 0 5,0,minic,Level=14,minic,Level=15,1/2-1/2,0.5,80,0.3729374000104144,complete,,11
matchup_014_opening_011_1,matchup_014,opening_011,r1bqkbnr/pp1p2pp/n1p1p3/5p2/P2P1B2/8/1PP1PPPP/RN1QKBNR w KQkq - 0 5,1,minic,Level=15,minic,Level=14,1/2-1/2,0.5,80,0.40693719999399036,complete,,11
matchup_014_opening_012_0,matchup_014,opening_012,r1bqkbnr/ppppppp1/8/7p/Q1P3P1/1P1n4/P2PPP1P/RNB1KBNR w KQkq - 1 5,0,minic,Level=14,minic,Level=15,1/2-1/2,0.5,80,0.39970979996724054,complete,,12
matchup_014_opening_012_1,matchup_014,opening_012,r1bqkbnr/ppppppp1/8/7p/Q1P3P1/1P1n4/P2PPP1P/RNB1KBNR w KQkq - 1 5,1,minic,Level=15,minic,Level=14,1/2-1/2,0.5,80,0.37417040002765134,complete,,12
matchup_014_opening_013_0,matchup_014,opening_013,rnbqkbnr/ppp3pp/4pp2/3p4/8/2PP4/PP2PPPP/RNBQKBNR w KQkq - 0 5,0,minic,Level=14,minic,Level=15,1/2-1/2,0.5,80,0.35581769997952506,complete,,13
matchup_014_opening_013_1,matchup_014,opening_013,rnbqkbnr/ppp3pp/4pp2/3p4/8/2PP4/PP2PPPP/RNBQKBNR w KQkq - 0 5,1,minic,Level=15,minic,Level=14,1/2-1/2,0.5,80,0.33201830001780763,complete,,13
matchup_014_opening_014_0,matchup_014,opening_014,rnbqk1nr/ppppp2p/6pb/8/2P2pPP/P7/1P1PPP2/RNBQKBNR w KQkq - 0 5,0,minic,Level=14,minic,Level=15,1/2-1/2,0.5,80,0.3358710999600589,complete,,14
matchup_014_opening_014_1,matchup_014,opening_014,rnbqk1nr/ppppp2p/6pb/8/2P2pPP/P7/1P1PPP2/RNBQKBNR w KQkq - 0 5,1,minic,Level=15,minic,Level=14,1/2-1/2,0.5,80,0.33721910003805533,complete,,14
matchup_014_opening_015_0,matchup_014,opening_015,rnb1kbnr/1ppp1pp1/8/p2Pp2p/4P2q/2N5/PPP2PPP/R1BQKBNR w KQkq - 2 5,0,minic,Level=14,minic,Level=15,1-0,1.0,29,0.09455839998554438,complete,,15
matchup_014_opening_015_1,matchup_014,opening_015,rnb1kbnr/1ppp1pp1/8/p2Pp2p/4P2q/2N5/PPP2PPP/R1BQKBNR w KQkq - 2 5,1,minic,Level=15,minic,Level=14,1/2-1/2,0.5,80,0.3365938999922946,complete,,15
matchup_014_opening_016_0,matchup_014,opening_016,rn1qkbnr/p2pppp1/b7/1pP4p/5P2/8/PPP1PKPP/RNBQ1BNR w kq - 0 5,0,minic,Level=14,minic,Level=15,1/2-1/2,0.5,80,0.35020310000982136,complete,,16
matchup_014_opening_016_1,matchup_014,opening_016,rn1qkbnr/p2pppp1/b7/1pP4p/5P2/8/PPP1PKPP/RNBQ1BNR w kq - 0 5,1,minic,Level=15,minic,Level=14,1/2-1/2,0.5,80,0.35440000001108274,complete,,16
matchup_014_opening_017_0,matchup_014,opening_017,rnbqkbnr/p1p3pp/1p1pp3/5pP1/P3P3/8/1PPP1P1P/RNBQKBNR w KQkq - 0 5,0,minic,Level=14,minic,Level=15,1/2-1/2,0.5,80,0.3363823000108823,complete,,17
matchup_014_opening_017_1,matchup_014,opening_017,rnbqkbnr/p1p3pp/1p1pp3/5pP1/P3P3/8/1PPP1P1P/RNBQKBNR w KQkq - 0 5,1,minic,Level=15,minic,Level=14,1/2-1/2,0.5,80,0.35516709997318685,complete,,17
matchup_014_opening_018_0,matchup_014,opening_018,rnbqkb1r/ppp2ppp/3pp3/3P1n2/8/6PP/PPP1PP2/RNBQKBNR w KQkq - 1 5,0,minic,Level=14,minic,Level=15,1/2-1/2,0.5,80,0.34827239997684956,complete,,18
matchup_014_opening_018_1,matchup_014,opening_018,rnbqkb1r/ppp2ppp/3pp3/3P1n2/8/6PP/PPP1PP2/RNBQKBNR w KQkq - 1 5,1,minic,Level=15,minic,Level=14,1/2-1/2,0.5,80,0.3343959999619983,complete,,18
matchup_014_opening_019_0,matchup_014,opening_019,rnb1kbnr/1pqppp1p/2p5/p5p1/3P4/1QP4P/PP2PPP1/RNB1KBNR w KQkq - 0 5,0,minic,Level=14,minic,Level=15,1/2-1/2,0.5,80,0.3602064999868162,complete,,19
matchup_014_opening_019_1,matchup_014,opening_019,rnb1kbnr/1pqppp1p/2p5/p5p1/3P4/1QP4P/PP2PPP1/RNB1KBNR w KQkq - 0 5,1,minic,Level=15,minic,Level=14,1/2-1/2,0.5,80,0.3656104999827221,complete,,19
matchup_015_opening_000_0,matchup_015,opening_000,rn1qkb1r/2pppppp/bp3n2/p7/4B3/3PP3/PPP2PPP/RNBQK1NR w KQkq - 1 5,0,minic,Level=15,minic,Level=16,1/2-1/2,0.5,80,0.4519124000216834,complete,,0
matchup_015_opening_000_1,matchup_015,opening_000,rn1qkb1r/2pppppp/bp3n2/p7/4B3/3PP3/PPP2PPP/RNBQK1NR w KQkq - 1 5,1,minic,Level=16,minic,Level=15,1/2-1/2,0.5,80,0.3834618999972008,complete,,0
matchup_015_opening_001_0,matchup_015,opening_001,rnbqkbnr/1p2pppp/8/p1pp4/6P1/N6P/PPPPPP2/R1BQKBNR w KQkq - 0 5,0,minic,Level=15,minic,Level=16,1/2-1/2,0.5,80,0.3812684000004083,complete,,1
matchup_015_opening_001_1,matchup_015,opening_001,rnbqkbnr/1p2pppp/8/p1pp4/6P1/N6P/PPPPPP2/R1BQKBNR w KQkq - 0 5,1,minic,Level=16,minic,Level=15,1/2-1/2,0.5,80,0.3574091999907978,complete,,1
matchup_015_opening_002_0,matchup_015,opening_002,rnb1kbnr/pppp1p1p/5qp1/4p3/7P/1P3PP1/P1PPP3/RNBQKBNR w KQkq - 0 5,0,minic,Level=15,minic,Level=16,1/2-1/2,0.5,80,0.37998710002284497,complete,,2
matchup_015_opening_002_1,matchup_015,opening_002,rnb1kbnr/pppp1p1p/5qp1/4p3/7P/1P3PP1/P1PPP3/RNBQKBNR w KQkq - 0 5,1,minic,Level=16,minic,Level=15,1/2-1/2,0.5,80,0.46040100004756823,complete,,2
matchup_015_opening_003_0,matchup_015,opening_003,rnbqk1nr/1ppp1ppp/1b2p3/p7/P7/2P2P1P/1P1PP1P1/RNBQKBNR w KQkq - 1 5,0,minic,Level=15,minic,Level=16,1/2-1/2,0.5,80,0.4515300000202842,complete,,3
matchup_015_opening_003_1,matchup_015,opening_003,rnbqk1nr/1ppp1ppp/1b2p3/p7/P7/2P2P1P/1P1PP1P1/RNBQKBNR w KQkq - 1 5,1,minic,Level=16,minic,Level=15,1/2-1/2,0.5,80,0.39192150003509596,complete,,3
matchup_015_opening_004_0,matchup_015,opening_004,rnbqkbnr/2ppp1p1/1p3p2/p6p/2P5/4P2P/PP1PKPP1/RNBQ1BNR w kq - 0 5,0,minic,Level=15,minic,Level=16,1/2-1/2,0.5,80,0.4206313000177033,complete,,4
matchup_015_opening_004_1,matchup_015,opening_004,rnbqkbnr/2ppp1p1/1p3p2/p6p/2P5/4P2P/PP1PKPP1/RNBQ1BNR w kq - 0 5,1,minic,Level=16,minic,Level=15,0-1,0.0,48,0.19188440003199503,complete,,4
matchup_015_opening_005_0,matchup_015,opening_005,r1bqkb1r/ppp1pppp/3p1n2/8/1nB1P3/1PP5/P2P1PPP/RNBQK1NR w KQkq - 2 5,0,minic,Level=15,minic,Level=16,0-1,0.0,76,0.38245550001738593,complete,,5
matchup_015_opening_005_1,matchup_015,opening_005,r1bqkb1r/ppp1pppp/3p1n2/8/1nB1P3/1PP5/P2P1PPP/RNBQK1NR w KQkq - 2 5,1,minic,Level=16,minic,Level=15,1/2-1/2,0.5,80,0.41487539996160194,complete,,5
matchup_015_opening_006_0,matchup_015,opening_006,r1b1k1nr/pppp1ppp/n3p3/6q1/1b6/P2P4/2PNPPPP/R1BQKBNR w KQkq - 0 5,0,minic,Level=15,minic,Level=16,1/2-1/2,0.5,80,0.42775040003471076,complete,,6
matchup_015_opening_006_1,matchup_015,opening_006,r1b1k1nr/pppp1ppp/n3p3/6q1/1b6/P2P4/2PNPPPP/R1BQKBNR w KQkq - 0 5,1,minic,Level=16,minic,Level=15,1/2-1/2,0.5,80,0.4071189999813214,complete,,6
matchup_015_opening_007_0,matchup_015,opening_007,rn1qkb1r/ppp1p1pp/3p1n2/5p2/1P6/2N2PPb/P1PPP2P/R1BQKBNR w KQkq - 1 5,0,minic,Level=15,minic,Level=16,1/2-1/2,0.5,80,0.41294399998150766,complete,,7
matchup_015_opening_007_1,matchup_015,opening_007,rn1qkb1r/ppp1p1pp/3p1n2/5p2/1P6/2N2PPb/P1PPP2P/R1BQKBNR w KQkq - 1 5,1,minic,Level=16,minic,Level=15,1/2-1/2,0.5,80,0.464182699972298,complete,,7
matchup_015_opening_008_0,matchup_015,opening_008,r1bq1bnr/pppkpppp/8/3p4/4P3/2N5/PPPP1PPP/R1BQK1NR w KQ - 0 5,0,minic,Level=15,minic,Level=16,1/2-1/2,0.5,80,0.4889332000166178,complete,,8
matchup_015_opening_008_1,matchup_015,opening_008,r1bq1bnr/pppkpppp/8/3p4/4P3/2N5/PPPP1PPP/R1BQK1NR w KQ - 0 5,1,minic,Level=16,minic,Level=15,1/2-1/2,0.5,80,0.39897550002206117,complete,,8
matchup_015_opening_009_0,matchup_015,opening_009,rnbq1bnr/p1ppkp1p/1p4p1/4p3/8/3P2P1/PPPNPP1P/RNBQKB1R w KQ - 2 5,0,minic,Level=15,minic,Level=16,1/2-1/2,0.5,80,0.3511840999708511,complete,,9
matchup_015_opening_009_1,matchup_015,opening_009,rnbq1bnr/p1ppkp1p/1p4p1/4p3/8/3P2P1/PPPNPP1P/RNBQKB1R w KQ - 2 5,1,minic,Level=16,minic,Level=15,1/2-1/2,0.5,80,0.37916369998129085,complete,,9
matchup_015_opening_010_0,matchup_015,opening_010,rn1qkbnr/1pp1ppp1/p6p/3p1b2/2P2P2/P6N/1P1PP1PP/RNBQKB1R w KQkq - 0 5,0,minic,Level=15,minic,Level=16,1/2-1/2,0.5,80,0.37085050001041964,complete,,10
matchup_015_opening_010_1,matchup_015,opening_010,rn1qkbnr/1pp1ppp1/p6p/3p1b2/2P2P2/P6N/1P1PP1PP/RNBQKB1R w KQkq - 0 5,1,minic,Level=16,minic,Level=15,1/2-1/2,0.5,80,0.3640134999877773,complete,,10
matchup_015_opening_011_0,matchup_015,opening_011,r1bqkbnr/pp1p2pp/n1p1p3/5p2/P2P1B2/8/1PP1PPPP/RN1QKBNR w KQkq - 0 5,0,minic,Level=15,minic,Level=16,1/2-1/2,0.5,80,0.3832944000023417,complete,,11
matchup_015_opening_011_1,matchup_015,opening_011,r1bqkbnr/pp1p2pp/n1p1p3/5p2/P2P1B2/8/1PP1PPPP/RN1QKBNR w KQkq - 0 5,1,minic,Level=16,minic,Level=15,0-1,0.0,50,0.1764034999650903,complete,,11
matchup_015_opening_012_0,matchup_015,opening_012,r1bqkbnr/ppppppp1/8/7p/Q1P3P1/1P1n4/P2PPP1P/RNB1KBNR w KQkq - 1 5,0,minic,Level=15,minic,Level=16,1/2-1/2,0.5,80,0.36258519999682903,complete,,12
matchup_015_opening_012_1,matchup_015,opening_012,r1bqkbnr/ppppppp1/8/7p/Q1P3P1/1P1n4/P2PPP1P/RNB1KBNR w KQkq - 1 5,1,minic,Level=16,minic,Level=15,1/2-1/2,0.5,80,0.39374189998488873,complete,,12
matchup_015_opening_013_0,matchup_015,opening_013,rnbqkbnr/ppp3pp/4pp2/3p4/8/2PP4/PP2PPPP/RNBQKBNR w KQkq - 0 5,0,minic,Level=15,minic,Level=16,1/2-1/2,0.5,80,0.39416010002605617,complete,,13
matchup_015_opening_013_1,matchup_015,opening_013,rnbqkbnr/ppp3pp/4pp2/3p4/8/2PP4/PP2PPPP/RNBQKBNR w KQkq - 0 5,1,minic,Level=16,minic,Level=15,1/2-1/2,0.5,80,0.3989640999934636,complete,,13
matchup_015_opening_014_0,matchup_015,opening_014,rnbqk1nr/ppppp2p/6pb/8/2P2pPP/P7/1P1PPP2/RNBQKBNR w KQkq - 0 5,0,minic,Level=15,minic,Level=16,1/2-1/2,0.5,80,0.3623557999962941,complete,,14
matchup_015_opening_014_1,matchup_015,opening_014,rnbqk1nr/ppppp2p/6pb/8/2P2pPP/P7/1P1PPP2/RNBQKBNR w KQkq - 0 5,1,minic,Level=16,minic,Level=15,1/2-1/2,0.5,80,0.3385794999776408,complete,,14
matchup_015_opening_015_0,matchup_015,opening_015,rnb1kbnr/1ppp1pp1/8/p2Pp2p/4P2q/2N5/PPP2PPP/R1BQKBNR w KQkq - 2 5,0,minic,Level=15,minic,Level=16,1/2-1/2,0.5,80,0.40395129995886236,complete,,15
matchup_015_opening_015_1,matchup_015,opening_015,rnb1kbnr/1ppp1pp1/8/p2Pp2p/4P2q/2N5/PPP2PPP/R1BQKBNR w KQkq - 2 5,1,minic,Level=16,minic,Level=15,1/2-1/2,0.5,80,0.4713084999821149,complete,,15
matchup_015_opening_016_0,matchup_015,opening_016,rn1qkbnr/p2pppp1/b7/1pP4p/5P2/8/PPP1PKPP/RNBQ1BNR w kq - 0 5,0,minic,Level=15,minic,Level=16,1/2-1/2,0.5,80,0.3704198999912478,complete,,16
matchup_015_opening_016_1,matchup_015,opening_016,rn1qkbnr/p2pppp1/b7/1pP4p/5P2/8/PPP1PKPP/RNBQ1BNR w kq - 0 5,1,minic,Level=16,minic,Level=15,1/2-1/2,0.5,80,0.35554170003160834,complete,,16
matchup_015_opening_017_0,matchup_015,opening_017,rnbqkbnr/p1p3pp/1p1pp3/5pP1/P3P3/8/1PPP1P1P/RNBQKBNR w KQkq - 0 5,0,minic,Level=15,minic,Level=16,1/2-1/2,0.5,80,0.3488545000436716,complete,,17
matchup_015_opening_017_1,matchup_015,opening_017,rnbqkbnr/p1p3pp/1p1pp3/5pP1/P3P3/8/1PPP1P1P/RNBQKBNR w KQkq - 0 5,1,minic,Level=16,minic,Level=15,1/2-1/2,0.5,80,0.35235140001168475,complete,,17
matchup_015_opening_018_0,matchup_015,opening_018,rnbqkb1r/ppp2ppp/3pp3/3P1n2/8/6PP/PPP1PP2/RNBQKBNR w KQkq - 1 5,0,minic,Level=15,minic,Level=16,1/2-1/2,0.5,80,0.4080779000069015,complete,,18
matchup_015_opening_018_1,matchup_015,opening_018,rnbqkb1r/ppp2ppp/3pp3/3P1n2/8/6PP/PPP1PP2/RNBQKBNR w KQkq - 1 5,1,minic,Level=16,minic,Level=15,1/2-1/2,0.5,80,0.38910309999482706,complete,,18
matchup_015_opening_019_0,matchup_015,opening_019,rnb1kbnr/1pqppp1p/2p5/p5p1/3P4/1QP4P/PP2PPP1/RNB1KBNR w KQkq - 0 5,0,minic,Level=15,minic,Level=16,1/2-1/2,0.5,80,0.41726309998193756,complete,,19
matchup_015_opening_019_1,matchup_015,opening_019,rnb1kbnr/1pqppp1p/2p5/p5p1/3P4/1QP4P/PP2PPP1/RNB1KBNR w KQkq - 0 5,1,minic,Level=16,minic,Level=15,1/2-1/2,0.5,80,0.37357160000829026,complete,,19
matchup_016_opening_000_0,matchup_016,opening_000,rn1qkb1r/2pppppp/bp3n2/p7/4B3/3PP3/PPP2PPP/RNBQK1NR w KQkq - 1 5,0,minic,Level=16,minic,Level=17,1/2-1/2,0.5,80,0.44520670000929385,complete,,0
matchup_016_opening_000_1,matchup_016,opening_000,rn1qkb1r/2pppppp/bp3n2/p7/4B3/3PP3/PPP2PPP/RNBQK1NR w KQkq - 1 5,1,minic,Level=17,minic,Level=16,1/2-1/2,0.5,80,0.4020140999928117,complete,,0
matchup_016_opening_001_0,matchup_016,opening_001,rnbqkbnr/1p2pppp/8/p1pp4/6P1/N6P/PPPPPP2/R1BQKBNR w KQkq - 0 5,0,minic,Level=16,minic,Level=17,1/2-1/2,0.5,80,0.37423760001547635,complete,,1
matchup_016_opening_001_1,matchup_016,opening_001,rnbqkbnr/1p2pppp/8/p1pp4/6P1/N6P/PPPPPP2/R1BQKBNR w KQkq - 0 5,1,minic,Level=17,minic,Level=16,1/2-1/2,0.5,80,0.42407240002648905,complete,,1
matchup_016_opening_002_0,matchup_016,opening_002,rnb1kbnr/pppp1p1p/5qp1/4p3/7P/1P3PP1/P1PPP3/RNBQKBNR w KQkq - 0 5,0,minic,Level=16,minic,Level=17,1/2-1/2,0.5,80,0.3494325000210665,complete,,2
matchup_016_opening_002_1,matchup_016,opening_002,rnb1kbnr/pppp1p1p/5qp1/4p3/7P/1P3PP1/P1PPP3/RNBQKBNR w KQkq - 0 5,1,minic,Level=17,minic,Level=16,1/2-1/2,0.5,80,0.3397234999574721,complete,,2
matchup_016_opening_003_0,matchup_016,opening_003,rnbqk1nr/1ppp1ppp/1b2p3/p7/P7/2P2P1P/1P1PP1P1/RNBQKBNR w KQkq - 1 5,0,minic,Level=16,minic,Level=17,1/2-1/2,0.5,80,0.40824329998577014,complete,,3
matchup_016_opening_003_1,matchup_016,opening_003,rnbqk1nr/1ppp1ppp/1b2p3/p7/P7/2P2P1P/1P1PP1P1/RNBQKBNR w KQkq - 1 5,1,minic,Level=17,minic,Level=16,1/2-1/2,0.5,80,0.3875689000124112,complete,,3
matchup_016_opening_004_0,matchup_016,opening_004,rnbqkbnr/2ppp1p1/1p3p2/p6p/2P5/4P2P/PP1PKPP1/RNBQ1BNR w kq - 0 5,0,minic,Level=16,minic,Level=17,1/2-1/2,0.5,80,0.3955093999975361,complete,,4
matchup_016_opening_004_1,matchup_016,opening_004,rnbqkbnr/2ppp1p1/1p3p2/p6p/2P5/4P2P/PP1PKPP1/RNBQ1BNR w kq - 0 5,1,minic,Level=17,minic,Level=16,1/2-1/2,0.5,80,0.3394904999877326,complete,,4
matchup_016_opening_005_0,matchup_016,opening_005,r1bqkb1r/ppp1pppp/3p1n2/8/1nB1P3/1PP5/P2P1PPP/RNBQK1NR w KQkq - 2 5,0,minic,Level=16,minic,Level=17,1/2-1/2,0.5,80,0.36572160001378506,complete,,5
matchup_016_opening_005_1,matchup_016,opening_005,r1bqkb1r/ppp1pppp/3p1n2/8/1nB1P3/1PP5/P2P1PPP/RNBQK1NR w KQkq - 2 5,1,minic,Level=17,minic,Level=16,1/2-1/2,0.5,80,0.38747680000960827,complete,,5
matchup_016_opening_006_0,matchup_016,opening_006,r1b1k1nr/pppp1ppp/n3p3/6q1/1b6/P2P4/2PNPPPP/R1BQKBNR w KQkq - 0 5,0,minic,Level=16,minic,Level=17,1/2-1/2,0.5,80,0.36524369998369366,complete,,6
matchup_016_opening_006_1,matchup_016,opening_006,r1b1k1nr/pppp1ppp/n3p3/6q1/1b6/P2P4/2PNPPPP/R1BQKBNR w KQkq - 0 5,1,minic,Level=17,minic,Level=16,1/2-1/2,0.5,80,0.3596513000084087,complete,,6
matchup_016_opening_007_0,matchup_016,opening_007,rn1qkb1r/ppp1p1pp/3p1n2/5p2/1P6/2N2PPb/P1PPP2P/R1BQKBNR w KQkq - 1 5,0,minic,Level=16,minic,Level=17,1/2-1/2,0.5,80,0.36324919998878613,complete,,7
matchup_016_opening_007_1,matchup_016,opening_007,rn1qkb1r/ppp1p1pp/3p1n2/5p2/1P6/2N2PPb/P1PPP2P/R1BQKBNR w KQkq - 1 5,1,minic,Level=17,minic,Level=16,1/2-1/2,0.5,80,0.3513054000213742,complete,,7
matchup_016_opening_008_0,matchup_016,opening_008,r1bq1bnr/pppkpppp/8/3p4/4P3/2N5/PPPP1PPP/R1BQK1NR w KQ - 0 5,0,minic,Level=16,minic,Level=17,1/2-1/2,0.5,80,0.3627470000064932,complete,,8
matchup_016_opening_008_1,matchup_016,opening_008,r1bq1bnr/pppkpppp/8/3p4/4P3/2N5/PPPP1PPP/R1BQK1NR w KQ - 0 5,1,minic,Level=17,minic,Level=16,1/2-1/2,0.5,80,0.41969210002571344,complete,,8
matchup_016_opening_009_0,matchup_016,opening_009,rnbq1bnr/p1ppkp1p/1p4p1/4p3/8/3P2P1/PPPNPP1P/RNBQKB1R w KQ - 2 5,0,minic,Level=16,minic,Level=17,1-0,1.0,77,0.36440500000026077,complete,,9
matchup_016_opening_009_1,matchup_016,opening_009,rnbq1bnr/p1ppkp1p/1p4p1/4p3/8/3P2P1/PPPNPP1P/RNBQKB1R w KQ - 2 5,1,minic,Level=17,minic,Level=16,1/2-1/2,0.5,80,0.3628530999994837,complete,,9
matchup_016_opening_010_0,matchup_016,opening_010,rn1qkbnr/1pp1ppp1/p6p/3p1b2/2P2P2/P6N/1P1PP1PP/RNBQKB1R w KQkq - 0 5,0,minic,Level=16,minic,Level=17,1/2-1/2,0.5,80,0.3426110000000335,complete,,10
matchup_016_opening_010_1,matchup_016,opening_010,rn1qkbnr/1pp1ppp1/p6p/3p1b2/2P2P2/P6N/1P1PP1PP/RNBQKB1R w KQkq - 0 5,1,minic,Level=17,minic,Level=16,1/2-1/2,0.5,80,0.34209130000090227,complete,,10
matchup_016_opening_011_0,matchup_016,opening_011,r1bqkbnr/pp1p2pp/n1p1p3/5p2/P2P1B2/8/1PP1PPPP/RN1QKBNR w KQkq - 0 5,0,minic,Level=16,minic,Level=17,1/2-1/2,0.5,80,0.36206939996918663,complete,,11
matchup_016_opening_011_1,matchup_016,opening_011,r1bqkbnr/pp1p2pp/n1p1p3/5p2/P2P1B2/8/1PP1PPPP/RN1QKBNR w KQkq - 0 5,1,minic,Level=17,minic,Level=16,1/2-1/2,0.5,80,0.3719567999942228,complete,,11
matchup_016_opening_012_0,matchup_016,opening_012,r1bqkbnr/ppppppp1/8/7p/Q1P3P1/1P1n4/P2PPP1P/RNB1KBNR w KQkq - 1 5,0,minic,Level=16,minic,Level=17,1/2-1/2,0.5,80,0.3641008000122383,complete,,12
matchup_016_opening_012_1,matchup_016,opening_012,r1bqkbnr/ppppppp1/8/7p/Q1P3P1/1P1n4/P2PPP1P/RNB1KBNR w KQkq - 1 5,1,minic,Level=17,minic,Level=16,1/2-1/2,0.5,80,0.3452085999888368,complete,,12
matchup_016_opening_013_0,matchup_016,opening_013,rnbqkbnr/ppp3pp/4pp2/3p4/8/2PP4/PP2PPPP/RNBQKBNR w KQkq - 0 5,0,minic,Level=16,minic,Level=17,1/2-1/2,0.5,80,0.3496357999974862,complete,,13
matchup_016_opening_013_1,matchup_016,opening_013,rnbqkbnr/ppp3pp/4pp2/3p4/8/2PP4/PP2PPPP/RNBQKBNR w KQkq - 0 5,1,minic,Level=17,minic,Level=16,1/2-1/2,0.5,80,0.37085770000703633,complete,,13
matchup_016_opening_014_0,matchup_016,opening_014,rnbqk1nr/ppppp2p/6pb/8/2P2pPP/P7/1P1PPP2/RNBQKBNR w KQkq - 0 5,0,minic,Level=16,minic,Level=17,1/2-1/2,0.5,80,0.4073877999908291,complete,,14
matchup_016_opening_014_1,matchup_016,opening_014,rnbqk1nr/ppppp2p/6pb/8/2P2pPP/P7/1P1PPP2/RNBQKBNR w KQkq - 0 5,1,minic,Level=17,minic,Level=16,1/2-1/2,0.5,80,0.3622033999999985,complete,,14
matchup_016_opening_015_0,matchup_016,opening_015,rnb1kbnr/1ppp1pp1/8/p2Pp2p/4P2q/2N5/PPP2PPP/R1BQKBNR w KQkq - 2 5,0,minic,Level=16,minic,Level=17,1/2-1/2,0.5,80,0.36141630000201985,complete,,15
matchup_016_opening_015_1,matchup_016,opening_015,rnb1kbnr/1ppp1pp1/8/p2Pp2p/4P2q/2N5/PPP2PPP/R1BQKBNR w KQkq - 2 5,1,minic,Level=17,minic,Level=16,1/2-1/2,0.5,80,0.33956650004256517,complete,,15
matchup_016_opening_016_0,matchup_016,opening_016,rn1qkbnr/p2pppp1/b7/1pP4p/5P2/8/PPP1PKPP/RNBQ1BNR w kq - 0 5,0,minic,Level=16,minic,Level=17,1/2-1/2,0.5,80,0.3768341999966651,complete,,16
matchup_016_opening_016_1,matchup_016,opening_016,rn1qkbnr/p2pppp1/b7/1pP4p/5P2/8/PPP1PKPP/RNBQ1BNR w kq - 0 5,1,minic,Level=17,minic,Level=16,1/2-1/2,0.5,80,0.3526389999897219,complete,,16
matchup_016_opening_017_0,matchup_016,opening_017,rnbqkbnr/p1p3pp/1p1pp3/5pP1/P3P3/8/1PPP1P1P/RNBQKBNR w KQkq - 0 5,0,minic,Level=16,minic,Level=17,1/2-1/2,0.5,80,0.3761322000063956,complete,,17
matchup_016_opening_017_1,matchup_016,opening_017,rnbqkbnr/p1p3pp/1p1pp3/5pP1/P3P3/8/1PPP1P1P/RNBQKBNR w KQkq - 0 5,1,minic,Level=17,minic,Level=16,1/2-1/2,0.5,80,0.35951989999739453,complete,,17
matchup_016_opening_018_0,matchup_016,opening_018,rnbqkb1r/ppp2ppp/3pp3/3P1n2/8/6PP/PPP1PP2/RNBQKBNR w KQkq - 1 5,0,minic,Level=16,minic,Level=17,1/2-1/2,0.5,80,0.356422399985604,complete,,18
matchup_016_opening_018_1,matchup_016,opening_018,rnbqkb1r/ppp2ppp/3pp3/3P1n2/8/6PP/PPP1PP2/RNBQKBNR w KQkq - 1 5,1,minic,Level=17,minic,Level=16,1/2-1/2,0.5,80,0.34384440002031624,complete,,18
matchup_016_opening_019_0,matchup_016,opening_019,rnb1kbnr/1pqppp1p/2p5/p5p1/3P4/1QP4P/PP2PPP1/RNB1KBNR w KQkq - 0 5,0,minic,Level=16,minic,Level=17,0-1,0.0,64,0.2588184999767691,complete,,19
matchup_016_opening_019_1,matchup_016,opening_019,rnb1kbnr/1pqppp1p/2p5/p5p1/3P4/1QP4P/PP2PPP1/RNB1KBNR w KQkq - 0 5,1,minic,Level=17,minic,Level=16,1/2-1/2,0.5,80,0.3848143999930471,complete,,19
matchup_017_opening_000_0,matchup_017,opening_000,rn1qkb1r/2pppppp/bp3n2/p7/4B3/3PP3/PPP2PPP/RNBQK1NR w KQkq - 1 5,0,minic,Level=17,minic,Level=18,1/2-1/2,0.5,80,0.42439989995909855,complete,,0
matchup_017_opening_000_1,matchup_017,opening_000,rn1qkb1r/2pppppp/bp3n2/p7/4B3/3PP3/PPP2PPP/RNBQK1NR w KQkq - 1 5,1,minic,Level=18,minic,Level=17,1/2-1/2,0.5,80,0.39419550000457093,complete,,0
matchup_017_opening_001_0,matchup_017,opening_001,rnbqkbnr/1p2pppp/8/p1pp4/6P1/N6P/PPPPPP2/R1BQKBNR w KQkq - 0 5,0,minic,Level=17,minic,Level=18,1/2-1/2,0.5,80,0.3733757000300102,complete,,1
matchup_017_opening_001_1,matchup_017,opening_001,rnbqkbnr/1p2pppp/8/p1pp4/6P1/N6P/PPPPPP2/R1BQKBNR w KQkq - 0 5,1,minic,Level=18,minic,Level=17,1/2-1/2,0.5,80,0.37204609997570515,complete,,1
matchup_017_opening_002_0,matchup_017,opening_002,rnb1kbnr/pppp1p1p/5qp1/4p3/7P/1P3PP1/P1PPP3/RNBQKBNR w KQkq - 0 5,0,minic,Level=17,minic,Level=18,1/2-1/2,0.5,80,0.39333910000277683,complete,,2
matchup_017_opening_002_1,matchup_017,opening_002,rnb1kbnr/pppp1p1p/5qp1/4p3/7P/1P3PP1/P1PPP3/RNBQKBNR w KQkq - 0 5,1,minic,Level=18,minic,Level=17,1/2-1/2,0.5,80,0.44493570004124194,complete,,2
matchup_017_opening_003_0,matchup_017,opening_003,rnbqk1nr/1ppp1ppp/1b2p3/p7/P7/2P2P1P/1P1PP1P1/RNBQKBNR w KQkq - 1 5,0,minic,Level=17,minic,Level=18,1/2-1/2,0.5,80,0.38734329998260364,complete,,3
matchup_017_opening_003_1,matchup_017,opening_003,rnbqk1nr/1ppp1ppp/1b2p3/p7/P7/2P2P1P/1P1PP1P1/RNBQKBNR w KQkq - 1 5,1,minic,Level=18,minic,Level=17,1/2-1/2,0.5,80,0.3525447000283748,complete,,3
matchup_017_opening_004_0,matchup_017,opening_004,rnbqkbnr/2ppp1p1/1p3p2/p6p/2P5/4P2P/PP1PKPP1/RNBQ1BNR w kq - 0 5,0,minic,Level=17,minic,Level=18,1/2-1/2,0.5,80,0.3287331000319682,complete,,4
matchup_017_opening_004_1,matchup_017,opening_004,rnbqkbnr/2ppp1p1/1p3p2/p6p/2P5/4P2P/PP1PKPP1/RNBQ1BNR w kq - 0 5,1,minic,Level=18,minic,Level=17,1/2-1/2,0.5,80,0.3829285000101663,complete,,4
matchup_017_opening_005_0,matchup_017,opening_005,r1bqkb1r/ppp1pppp/3p1n2/8/1nB1P3/1PP5/P2P1PPP/RNBQK1NR w KQkq - 2 5,0,minic,Level=17,minic,Level=18,1/2-1/2,0.5,80,0.4126704999944195,complete,,5
matchup_017_opening_005_1,matchup_017,opening_005,r1bqkb1r/ppp1pppp/3p1n2/8/1nB1P3/1PP5/P2P1PPP/RNBQK1NR w KQkq - 2 5,1,minic,Level=18,minic,Level=17,1-0,1.0,67,0.3046801000018604,complete,,5
matchup_017_opening_006_0,matchup_017,opening_006,r1b1k1nr/pppp1ppp/n3p3/6q1/1b6/P2P4/2PNPPPP/R1BQKBNR w KQkq - 0 5,0,minic,Level=17,minic,Level=18,1/2-1/2,0.5,80,0.3703877999796532,complete,,6
matchup_017_opening_006_1,matchup_017,opening_006,r1b1k1nr/pppp1ppp/n3p3/6q1/1b6/P2P4/2PNPPPP/R1BQKBNR w KQkq - 0 5,1,minic,Level=18,minic,Level=17,1/2-1/2,0.5,80,0.3613623999990523,complete,,6
matchup_017_opening_007_0,matchup_017,opening_007,rn1qkb1r/ppp1p1pp/3p1n2/5p2/1P6/2N2PPb/P1PPP2P/R1BQKBNR w KQkq - 1 5,0,minic,Level=17,minic,Level=18,1/2-1/2,0.5,80,0.3670189999975264,complete,,7
matchup_017_opening_007_1,matchup_017,opening_007,rn1qkb1r/ppp1p1pp/3p1n2/5p2/1P6/2N2PPb/P1PPP2P/R1BQKBNR w KQkq - 1 5,1,minic,Level=18,minic,Level=17,1/2-1/2,0.5,80,0.37211780005600303,complete,,7
matchup_017_opening_008_0,matchup_017,opening_008,r1bq1bnr/pppkpppp/8/3p4/4P3/2N5/PPPP1PPP/R1BQK1NR w KQ - 0 5,0,minic,Level=17,minic,Level=18,1/2-1/2,0.5,80,0.36710100003983825,complete,,8
matchup_017_opening_008_1,matchup_017,opening_008,r1bq1bnr/pppkpppp/8/3p4/4P3/2N5/PPPP1PPP/R1BQK1NR w KQ - 0 5,1,minic,Level=18,minic,Level=17,1/2-1/2,0.5,80,0.40009499998996034,complete,,8
matchup_017_opening_009_0,matchup_017,opening_009,rnbq1bnr/p1ppkp1p/1p4p1/4p3/8/3P2P1/PPPNPP1P/RNBQKB1R w KQ - 2 5,0,minic,Level=17,minic,Level=18,1/2-1/2,0.5,80,0.35279899998568,complete,,9
matchup_017_opening_009_1,matchup_017,opening_009,rnbq1bnr/p1ppkp1p/1p4p1/4p3/8/3P2P1/PPPNPP1P/RNBQKB1R w KQ - 2 5,1,minic,Level=18,minic,Level=17,1/2-1/2,0.5,80,0.3348602000041865,complete,,9
matchup_017_opening_010_0,matchup_017,opening_010,rn1qkbnr/1pp1ppp1/p6p/3p1b2/2P2P2/P6N/1P1PP1PP/RNBQKB1R w KQkq - 0 5,0,minic,Level=17,minic,Level=18,1/2-1/2,0.5,80,0.3642356999916956,complete,,10
matchup_017_opening_010_1,matchup_017,opening_010,rn1qkbnr/1pp1ppp1/p6p/3p1b2/2P2P2/P6N/1P1PP1PP/RNBQKB1R w KQkq - 0 5,1,minic,Level=18,minic,Level=17,1/2-1/2,0.5,80,0.36574739997740835,complete,,10
matchup_017_opening_011_0,matchup_017,opening_011,r1bqkbnr/pp1p2pp/n1p1p3/5p2/P2P1B2/8/1PP1PPPP/RN1QKBNR w KQkq - 0 5,0,minic,Level=17,minic,Level=18,1/2-1/2,0.5,80,0.36091620003571734,complete,,11
matchup_017_opening_011_1,matchup_017,opening_011,r1bqkbnr/pp1p2pp/n1p1p3/5p2/P2P1B2/8/1PP1PPPP/RN1QKBNR w KQkq - 0 5,1,minic,Level=18,minic,Level=17,1/2-1/2,0.5,80,0.3513499000109732,complete,,11
matchup_017_opening_012_0,matchup_017,opening_012,r1bqkbnr/ppppppp1/8/7p/Q1P3P1/1P1n4/P2PPP1P/RNB1KBNR w KQkq - 1 5,0,minic,Level=17,minic,Level=18,1/2-1/2,0.5,80,0.3373621000209823,complete,,12
matchup_017_opening_012_1,matchup_017,opening_012,r1bqkbnr/ppppppp1/8/7p/Q1P3P1/1P1n4/P2PPP1P/RNB1KBNR w KQkq - 1 5,1,minic,Level=18,minic,Level=17,1/2-1/2,0.5,80,0.3318184000090696,complete,,12
matchup_017_opening_013_0,matchup_017,opening_013,rnbqkbnr/ppp3pp/4pp2/3p4/8/2PP4/PP2PPPP/RNBQKBNR w KQkq - 0 5,0,minic,Level=17,minic,Level=18,1/2-1/2,0.5,80,0.33452430000761524,complete,,13
matchup_017_opening_013_1,matchup_017,opening_013,rnbqkbnr/ppp3pp/4pp2/3p4/8/2PP4/PP2PPPP/RNBQKBNR w KQkq - 0 5,1,minic,Level=18,minic,Level=17,1/2-1/2,0.5,80,0.38364610000280663,complete,,13
matchup_017_opening_014_0,matchup_017,opening_014,rnbqk1nr/ppppp2p/6pb/8/2P2pPP/P7/1P1PPP2/RNBQKBNR w KQkq - 0 5,0,minic,Level=17,minic,Level=18,1/2-1/2,0.5,80,0.34815399994840845,complete,,14
matchup_017_opening_014_1,matchup_017,opening_014,rnbqk1nr/ppppp2p/6pb/8/2P2pPP/P7/1P1PPP2/RNBQKBNR w KQkq - 0 5,1,minic,Level=18,minic,Level=17,1/2-1/2,0.5,80,0.3484441000036895,complete,,14
matchup_017_opening_015_0,matchup_017,opening_015,rnb1kbnr/1ppp1pp1/8/p2Pp2p/4P2q/2N5/PPP2PPP/R1BQKBNR w KQkq - 2 5,0,minic,Level=17,minic,Level=18,1/2-1/2,0.5,80,0.40078409999841824,complete,,15
matchup_017_opening_015_1,matchup_017,opening_015,rnb1kbnr/1ppp1pp1/8/p2Pp2p/4P2q/2N5/PPP2PPP/R1BQKBNR w KQkq - 2 5,1,minic,Level=18,minic,Level=17,1/2-1/2,0.5,80,0.3753254000330344,complete,,15
matchup_017_opening_016_0,matchup_017,opening_016,rn1qkbnr/p2pppp1/b7/1pP4p/5P2/8/PPP1PKPP/RNBQ1BNR w kq - 0 5,0,minic,Level=17,minic,Level=18,0-1,0.0,74,0.45397289999527857,complete,,16
matchup_017_opening_016_1,matchup_017,opening_016,rn1qkbnr/p2pppp1/b7/1pP4p/5P2/8/PPP1PKPP/RNBQ1BNR w kq - 0 5,1,minic,Level=18,minic,Level=17,0-1,0.0,76,0.4393500000005588,complete,,16
matchup_017_opening_017_0,matchup_017,opening_017,rnbqkbnr/p1p3pp/1p1pp3/5pP1/P3P3/8/1PPP1P1P/RNBQKBNR w KQkq - 0 5,0,minic,Level=17,minic,Level=18,1/2-1/2,0.5,80,0.4490698999725282,complete,,17
matchup_017_opening_017_1,matchup_017,opening_017,rnbqkbnr/p1p3pp/1p1pp3/5pP1/P3P3/8/1PPP1P1P/RNBQKBNR w KQkq - 0 5,1,minic,Level=18,minic,Level=17,1/2-1/2,0.5,80,0.4089215000276454,complete,,17
matchup_017_opening_018_0,matchup_017,opening_018,rnbqkb1r/ppp2ppp/3pp3/3P1n2/8/6PP/PPP1PP2/RNBQKBNR w KQkq - 1 5,0,minic,Level=17,minic,Level=18,1/2-1/2,0.5,80,0.450583900033962,complete,,18
matchup_017_opening_018_1,matchup_017,opening_018,rnbqkb1r/ppp2ppp/3pp3/3P1n2/8/6PP/PPP1PP2/RNBQKBNR w KQkq - 1 5,1,minic,Level=18,minic,Level=17,1/2-1/2,0.5,80,0.62868600001093,complete,,18
matchup_017_opening_019_0,matchup_017,opening_019,rnb1kbnr/1pqppp1p/2p5/p5p1/3P4/1QP4P/PP2PPP1/RNB1KBNR w KQkq - 0 5,0,minic,Level=17,minic,Level=18,1/2-1/2,0.5,80,0.3908672000397928,complete,,19
matchup_017_opening_019_1,matchup_017,opening_019,rnb1kbnr/1pqppp1p/2p5/p5p1/3P4/1QP4P/PP2PPP1/RNB1KBNR w KQkq - 0 5,1,minic,Level=18,minic,Level=17,1/2-1/2,0.5,80,0.4529323999886401,complete,,19
matchup_018_opening_000_0,matchup_018,opening_000,rn1qkb1r/2pppppp/bp3n2/p7/4B3/3PP3/PPP2PPP/RNBQK1NR w KQkq - 1 5,0,minic,Level=18,minic,Level=19,1/2-1/2,0.5,80,0.35831499996129423,complete,,0
matchup_018_opening_000_1,matchup_018,opening_000,rn1qkb1r/2pppppp/bp3n2/p7/4B3/3PP3/PPP2PPP/RNBQK1NR w KQkq - 1 5,1,minic,Level=19,minic,Level=18,1/2-1/2,0.5,80,0.3500894000171684,complete,,0
matchup_018_opening_001_0,matchup_018,opening_001,rnbqkbnr/1p2pppp/8/p1pp4/6P1/N6P/PPPPPP2/R1BQKBNR w KQkq - 0 5,0,minic,Level=18,minic,Level=19,1-0,1.0,51,0.1741656999802217,complete,,1
matchup_018_opening_001_1,matchup_018,opening_001,rnbqkbnr/1p2pppp/8/p1pp4/6P1/N6P/PPPPPP2/R1BQKBNR w KQkq - 0 5,1,minic,Level=19,minic,Level=18,1/2-1/2,0.5,80,0.31878359999973327,complete,,1
matchup_018_opening_002_0,matchup_018,opening_002,rnb1kbnr/pppp1p1p/5qp1/4p3/7P/1P3PP1/P1PPP3/RNBQKBNR w KQkq - 0 5,0,minic,Level=18,minic,Level=19,1/2-1/2,0.5,80,0.3338311000261456,complete,,2
matchup_018_opening_002_1,matchup_018,opening_002,rnb1kbnr/pppp1p1p/5qp1/4p3/7P/1P3PP1/P1PPP3/RNBQKBNR w KQkq - 0 5,1,minic,Level=19,minic,Level=18,1/2-1/2,0.5,80,0.3516531999921426,complete,,2
matchup_018_opening_003_error,matchup_018,opening_003,rnbqk1nr/1ppp1ppp/1b2p3/p7/P7/2P2P1P/1P1PP1P1/RNBQKBNR w KQkq - 1 5,-1,minic,Level=18,minic,Level=19,,0.5,0,0.0,error,TimeoutError: ,3
matchup_018_opening_004_0,matchup_018,opening_004,rnbqkbnr/2ppp1p1/1p3p2/p6p/2P5/4P2P/PP1PKPP1/RNBQ1BNR w kq - 0 5,0,minic,Level=18,minic,Level=19,1/2-1/2,0.5,80,0.45988739997847006,complete,,4
matchup_018_opening_004_1,matchup_018,opening_004,rnbqkbnr/2ppp1p1/1p3p2/p6p/2P5/4P2P/PP1PKPP1/RNBQ1BNR w kq - 0 5,1,minic,Level=19,minic,Level=18,1/2-1/2,0.5,80,0.34745840000687167,complete,,4
matchup_018_opening_005_0,matchup_018,opening_005,r1bqkb1r/ppp1pppp/3p1n2/8/1nB1P3/1PP5/P2P1PPP/RNBQK1NR w KQkq - 2 5,0,minic,Level=18,minic,Level=19,1/2-1/2,0.5,80,0.3916977000189945,complete,,5
matchup_018_opening_005_1,matchup_018,opening_005,r1bqkb1r/ppp1pppp/3p1n2/8/1nB1P3/1PP5/P2P1PPP/RNBQK1NR w KQkq - 2 5,1,minic,Level=19,minic,Level=18,1/2-1/2,0.5,80,0.35697620001155883,complete,,5
matchup_018_opening_006_0,matchup_018,opening_006,r1b1k1nr/pppp1ppp/n3p3/6q1/1b6/P2P4/2PNPPPP/R1BQKBNR w KQkq - 0 5,0,minic,Level=18,minic,Level=19,1/2-1/2,0.5,80,0.38698010001098737,complete,,6
matchup_018_opening_006_1,matchup_018,opening_006,r1b1k1nr/pppp1ppp/n3p3/6q1/1b6/P2P4/2PNPPPP/R1BQKBNR w KQkq - 0 5,1,minic,Level=19,minic,Level=18,1/2-1/2,0.5,80,0.9092285999795422,complete,,6
matchup_018_opening_007_0,matchup_018,opening_007,rn1qkb1r/ppp1p1pp/3p1n2/5p2/1P6/2N2PPb/P1PPP2P/R1BQKBNR w KQkq - 1 5,0,minic,Level=18,minic,Level=19,1/2-1/2,0.5,80,0.7754946000059135,complete,,7
matchup_018_opening_007_1,matchup_018,opening_007,rn1qkb1r/ppp1p1pp/3p1n2/5p2/1P6/2N2PPb/P1PPP2P/R1BQKBNR w KQkq - 1 5,1,minic,Level=19,minic,Level=18,1/2-1/2,0.5,80,0.43944320001173764,complete,,7
matchup_018_opening_008_0,matchup_018,opening_008,r1bq1bnr/pppkpppp/8/3p4/4P3/2N5/PPPP1PPP/R1BQK1NR w KQ - 0 5,0,minic,Level=18,minic,Level=19,1/2-1/2,0.5,80,0.3472908000112511,complete,,8
matchup_018_opening_008_1,matchup_018,opening_008,r1bq1bnr/pppkpppp/8/3p4/4P3/2N5/PPPP1PPP/R1BQK1NR w KQ - 0 5,1,minic,Level=19,minic,Level=18,1/2-1/2,0.5,80,0.33016529999440536,complete,,8
matchup_018_opening_009_0,matchup_018,opening_009,rnbq1bnr/p1ppkp1p/1p4p1/4p3/8/3P2P1/PPPNPP1P/RNBQKB1R w KQ - 2 5,0,minic,Level=18,minic,Level=19,1/2-1/2,0.5,80,0.37971000000834465,complete,,9
matchup_018_opening_009_1,matchup_018,opening_009,rnbq1bnr/p1ppkp1p/1p4p1/4p3/8/3P2P1/PPPNPP1P/RNBQKB1R w KQ - 2 5,1,minic,Level=19,minic,Level=18,1/2-1/2,0.5,80,0.32083679997595027,complete,,9
matchup_018_opening_010_0,matchup_018,opening_010,rn1qkbnr/1pp1ppp1/p6p/3p1b2/2P2P2/P6N/1P1PP1PP/RNBQKB1R w KQkq - 0 5,0,minic,Level=18,minic,Level=19,1/2-1/2,0.5,80,0.3169435000163503,complete,,10
matchup_018_opening_010_1,matchup_018,opening_010,rn1qkbnr/1pp1ppp1/p6p/3p1b2/2P2P2/P6N/1P1PP1PP/RNBQKB1R w KQkq - 0 5,1,minic,Level=19,minic,Level=18,1/2-1/2,0.5,80,0.33137820003321394,complete,,10
matchup_018_opening_011_0,matchup_018,opening_011,r1bqkbnr/pp1p2pp/n1p1p3/5p2/P2P1B2/8/1PP1PPPP/RN1QKBNR w KQkq - 0 5,0,minic,Level=18,minic,Level=19,1/2-1/2,0.5,80,0.3496764000155963,complete,,11
matchup_018_opening_011_1,matchup_018,opening_011,r1bqkbnr/pp1p2pp/n1p1p3/5p2/P2P1B2/8/1PP1PPPP/RN1QKBNR w KQkq - 0 5,1,minic,Level=19,minic,Level=18,1/2-1/2,0.5,80,0.3369125999743119,complete,,11
matchup_018_opening_012_0,matchup_018,opening_012,r1bqkbnr/ppppppp1/8/7p/Q1P3P1/1P1n4/P2PPP1P/RNB1KBNR w KQkq - 1 5,0,minic,Level=18,minic,Level=19,1/2-1/2,0.5,80,0.3238670999999158,complete,,12
matchup_018_opening_012_1,matchup_018,opening_012,r1bqkbnr/ppppppp1/8/7p/Q1P3P1/1P1n4/P2PPP1P/RNB1KBNR w KQkq - 1 5,1,minic,Level=19,minic,Level=18,1/2-1/2,0.5,80,0.3136271000257693,complete,,12
matchup_018_opening_013_0,matchup_018,opening_013,rnbqkbnr/ppp3pp/4pp2/3p4/8/2PP4/PP2PPPP/RNBQKBNR w KQkq - 0 5,0,minic,Level=18,minic,Level=19,1/2-1/2,0.5,80,0.29956010001478717,complete,,13
matchup_018_opening_013_1,matchup_018,opening_013,rnbqkbnr/ppp3pp/4pp2/3p4/8/2PP4/PP2PPPP/RNBQKBNR w KQkq - 0 5,1,minic,Level=19,minic,Level=18,1/2-1/2,0.5,80,0.32589949999237433,complete,,13
matchup_018_opening_014_0,matchup_018,opening_014,rnbqk1nr/ppppp2p/6pb/8/2P2pPP/P7/1P1PPP2/RNBQKBNR w KQkq - 0 5,0,minic,Level=18,minic,Level=19,1/2-1/2,0.5,80,0.32560989999910817,complete,,14
matchup_018_opening_014_1,matchup_018,opening_014,rnbqk1nr/ppppp2p/6pb/8/2P2pPP/P7/1P1PPP2/RNBQKBNR w KQkq - 0 5,1,minic,Level=19,minic,Level=18,1/2-1/2,0.5,80,0.3300868000369519,complete,,14
matchup_018_opening_015_0,matchup_018,opening_015,rnb1kbnr/1ppp1pp1/8/p2Pp2p/4P2q/2N5/PPP2PPP/R1BQKBNR w KQkq - 2 5,0,minic,Level=18,minic,Level=19,1/2-1/2,0.5,80,0.32299140002578497,complete,,15
matchup_018_opening_015_1,matchup_018,opening_015,rnb1kbnr/1ppp1pp1/8/p2Pp2p/4P2q/2N5/PPP2PPP/R1BQKBNR w KQkq - 2 5,1,minic,Level=19,minic,Level=18,1/2-1/2,0.5,80,0.3051684999954887,complete,,15
matchup_018_opening_016_0,matchup_018,opening_016,rn1qkbnr/p2pppp1/b7/1pP4p/5P2/8/PPP1PKPP/RNBQ1BNR w kq - 0 5,0,minic,Level=18,minic,Level=19,1/2-1/2,0.5,80,0.3035863999975845,complete,,16
matchup_018_opening_016_1,matchup_018,opening_016,rn1qkbnr/p2pppp1/b7/1pP4p/5P2/8/PPP1PKPP/RNBQ1BNR w kq - 0 5,1,minic,Level=19,minic,Level=18,1/2-1/2,0.5,80,0.3013663999736309,complete,,16
matchup_018_opening_017_0,matchup_018,opening_017,rnbqkbnr/p1p3pp/1p1pp3/5pP1/P3P3/8/1PPP1P1P/RNBQKBNR w KQkq - 0 5,0,minic,Level=18,minic,Level=19,1/2-1/2,0.5,80,0.31505070003913715,complete,,17
matchup_018_opening_017_1,matchup_018,opening_017,rnbqkbnr/p1p3pp/1p1pp3/5pP1/P3P3/8/1PPP1P1P/RNBQKBNR w KQkq - 0 5,1,minic,Level=19,minic,Level=18,1/2-1/2,0.5,80,0.31668380001792684,complete,,17
matchup_018_opening_018_0,matchup_018,opening_018,rnbqkb1r/ppp2ppp/3pp3/3P1n2/8/6PP/PPP1PP2/RNBQKBNR w KQkq - 1 5,0,minic,Level=18,minic,Level=19,1/2-1/2,0.5,80,0.30185300001176074,complete,,18
matchup_018_opening_018_1,matchup_018,opening_018,rnbqkb1r/ppp2ppp/3pp3/3P1n2/8/6PP/PPP1PP2/RNBQKBNR w KQkq - 1 5,1,minic,Level=19,minic,Level=18,1/2-1/2,0.5,80,0.3197443999815732,complete,,18
matchup_018_opening_019_0,matchup_018,opening_019,rnb1kbnr/1pqppp1p/2p5/p5p1/3P4/1QP4P/PP2PPP1/RNB1KBNR w KQkq - 0 5,0,minic,Level=18,minic,Level=19,1/2-1/2,0.5,80,0.3050711000105366,complete,,19
matchup_018_opening_019_1,matchup_018,opening_019,rnb1kbnr/1pqppp1p/2p5/p5p1/3P4/1QP4P/PP2PPP1/RNB1KBNR w KQkq - 0 5,1,minic,Level=19,minic,Level=18,0-1,0.0,74,0.2759724000352435,complete,,19
matchup_019_opening_000_0,matchup_019,opening_000,rn1qkb1r/2pppppp/bp3n2/p7/4B3/3PP3/PPP2PPP/RNBQK1NR w KQkq - 1 5,0,minic,Level=19,minic,Level=20,1/2-1/2,0.5,80,0.366409600013867,complete,,0
matchup_019_opening_000_1,matchup_019,opening_000,rn1qkb1r/2pppppp/bp3n2/p7/4B3/3PP3/PPP2PPP/RNBQK1NR w KQkq - 1 5,1,minic,Level=20,minic,Level=19,1/2-1/2,0.5,80,0.29852730000857264,complete,,0
matchup_019_opening_001_0,matchup_019,opening_001,rnbqkbnr/1p2pppp/8/p1pp4/6P1/N6P/PPPPPP2/R1BQKBNR w KQkq - 0 5,0,minic,Level=19,minic,Level=20,1/2-1/2,0.5,80,0.30428020004183054,complete,,1
matchup_019_opening_001_1,matchup_019,opening_001,rnbqkbnr/1p2pppp/8/p1pp4/6P1/N6P/PPPPPP2/R1BQKBNR w KQkq - 0 5,1,minic,Level=20,minic,Level=19,1/2-1/2,0.5,80,0.30204280000180006,complete,,1
matchup_019_opening_002_0,matchup_019,opening_002,rnb1kbnr/pppp1p1p/5qp1/4p3/7P/1P3PP1/P1PPP3/RNBQKBNR w KQkq - 0 5,0,minic,Level=19,minic,Level=20,1/2-1/2,0.5,80,0.3421655999845825,complete,,2
matchup_019_opening_002_1,matchup_019,opening_002,rnb1kbnr/pppp1p1p/5qp1/4p3/7P/1P3PP1/P1PPP3/RNBQKBNR w KQkq - 0 5,1,minic,Level=20,minic,Level=19,1/2-1/2,0.5,80,0.4428475000313483,complete,,2
matchup_019_opening_003_0,matchup_019,opening_003,rnbqk1nr/1ppp1ppp/1b2p3/p7/P7/2P2P1P/1P1PP1P1/RNBQKBNR w KQkq - 1 5,0,minic,Level=19,minic,Level=20,1/2-1/2,0.5,80,0.4194308000151068,complete,,3
matchup_019_opening_003_1,matchup_019,opening_003,rnbqk1nr/1ppp1ppp/1b2p3/p7/P7/2P2P1P/1P1PP1P1/RNBQKBNR w KQkq - 1 5,1,minic,Level=20,minic,Level=19,1/2-1/2,0.5,80,0.3873343999730423,complete,,3
matchup_019_opening_004_0,matchup_019,opening_004,rnbqkbnr/2ppp1p1/1p3p2/p6p/2P5/4P2P/PP1PKPP1/RNBQ1BNR w kq - 0 5,0,minic,Level=19,minic,Level=20,1/2-1/2,0.5,80,0.3009620000375435,complete,,4
matchup_019_opening_004_1,matchup_019,opening_004,rnbqkbnr/2ppp1p1/1p3p2/p6p/2P5/4P2P/PP1PKPP1/RNBQ1BNR w kq - 0 5,1,minic,Level=20,minic,Level=19,1/2-1/2,0.5,80,0.33250540000153705,complete,,4
matchup_019_opening_005_0,matchup_019,opening_005,r1bqkb1r/ppp1pppp/3p1n2/8/1nB1P3/1PP5/P2P1PPP/RNBQK1NR w KQkq - 2 5,0,minic,Level=19,minic,Level=20,1/2-1/2,0.5,80,0.3644360000034794,complete,,5
matchup_019_opening_005_1,matchup_019,opening_005,r1bqkb1r/ppp1pppp/3p1n2/8/1nB1P3/1PP5/P2P1PPP/RNBQK1NR w KQkq - 2 5,1,minic,Level=20,minic,Level=19,1/2-1/2,0.5,80,0.3426774999825284,complete,,5
matchup_019_opening_006_0,matchup_019,opening_006,r1b1k1nr/pppp1ppp/n3p3/6q1/1b6/P2P4/2PNPPPP/R1BQKBNR w KQkq - 0 5,0,minic,Level=19,minic,Level=20,1/2-1/2,0.5,80,0.3235139999887906,complete,,6
matchup_019_opening_006_1,matchup_019,opening_006,r1b1k1nr/pppp1ppp/n3p3/6q1/1b6/P2P4/2PNPPPP/R1BQKBNR w KQkq - 0 5,1,minic,Level=20,minic,Level=19,1/2-1/2,0.5,80,0.5115379000199027,complete,,6
matchup_019_opening_007_0,matchup_019,opening_007,rn1qkb1r/ppp1p1pp/3p1n2/5p2/1P6/2N2PPb/P1PPP2P/R1BQKBNR w KQkq - 1 5,0,minic,Level=19,minic,Level=20,1/2-1/2,0.5,80,0.5171451999922283,complete,,7
matchup_019_opening_007_1,matchup_019,opening_007,rn1qkb1r/ppp1p1pp/3p1n2/5p2/1P6/2N2PPb/P1PPP2P/R1BQKBNR w KQkq - 1 5,1,minic,Level=20,minic,Level=19,1/2-1/2,0.5,80,0.31708279997110367,complete,,7
matchup_019_opening_008_0,matchup_019,opening_008,r1bq1bnr/pppkpppp/8/3p4/4P3/2N5/PPPP1PPP/R1BQK1NR w KQ - 0 5,0,minic,Level=19,minic,Level=20,1/2-1/2,0.5,80,0.2936547999852337,complete,,8
matchup_019_opening_008_1,matchup_019,opening_008,r1bq1bnr/pppkpppp/8/3p4/4P3/2N5/PPPP1PPP/R1BQK1NR w KQ - 0 5,1,minic,Level=20,minic,Level=19,1/2-1/2,0.5,80,0.3433610000065528,complete,,8
matchup_019_opening_009_0,matchup_019,opening_009,rnbq1bnr/p1ppkp1p/1p4p1/4p3/8/3P2P1/PPPNPP1P/RNBQKB1R w KQ - 2 5,0,minic,Level=19,minic,Level=20,1/2-1/2,0.5,80,0.3226067000068724,complete,,9
matchup_019_opening_009_1,matchup_019,opening_009,rnbq1bnr/p1ppkp1p/1p4p1/4p3/8/3P2P1/PPPNPP1P/RNBQKB1R w KQ - 2 5,1,minic,Level=20,minic,Level=19,1/2-1/2,0.5,80,0.30180379998637363,complete,,9
matchup_019_opening_010_0,matchup_019,opening_010,rn1qkbnr/1pp1ppp1/p6p/3p1b2/2P2P2/P6N/1P1PP1PP/RNBQKB1R w KQkq - 0 5,0,minic,Level=19,minic,Level=20,1/2-1/2,0.5,80,0.5169065999798477,complete,,10
matchup_019_opening_010_1,matchup_019,opening_010,rn1qkbnr/1pp1ppp1/p6p/3p1b2/2P2P2/P6N/1P1PP1PP/RNBQKB1R w KQkq - 0 5,1,minic,Level=20,minic,Level=19,1/2-1/2,0.5,80,0.35038399999029934,complete,,10
matchup_019_opening_011_0,matchup_019,opening_011,r1bqkbnr/pp1p2pp/n1p1p3/5p2/P2P1B2/8/1PP1PPPP/RN1QKBNR w KQkq - 0 5,0,minic,Level=19,minic,Level=20,1/2-1/2,0.5,80,0.396931900002528,complete,,11
matchup_019_opening_011_1,matchup_019,opening_011,r1bqkbnr/pp1p2pp/n1p1p3/5p2/P2P1B2/8/1PP1PPPP/RN1QKBNR w KQkq - 0 5,1,minic,Level=20,minic,Level=19,1/2-1/2,0.5,80,0.4024918000213802,complete,,11
matchup_019_opening_012_0,matchup_019,opening_012,r1bqkbnr/ppppppp1/8/7p/Q1P3P1/1P1n4/P2PPP1P/RNB1KBNR w KQkq - 1 5,0,minic,Level=19,minic,Level=20,1/2-1/2,0.5,80,0.5030113999964669,complete,,12
matchup_019_opening_012_1,matchup_019,opening_012,r1bqkbnr/ppppppp1/8/7p/Q1P3P1/1P1n4/P2PPP1P/RNB1KBNR w KQkq - 1 5,1,minic,Level=20,minic,Level=19,1/2-1/2,0.5,80,0.3899400999653153,complete,,12
matchup_019_opening_013_0,matchup_019,opening_013,rnbqkbnr/ppp3pp/4pp2/3p4/8/2PP4/PP2PPPP/RNBQKBNR w KQkq - 0 5,0,minic,Level=19,minic,Level=20,1/2-1/2,0.5,80,0.35132590000284836,complete,,13
matchup_019_opening_013_1,matchup_019,opening_013,rnbqkbnr/ppp3pp/4pp2/3p4/8/2PP4/PP2PPPP/RNBQKBNR w KQkq - 0 5,1,minic,Level=20,minic,Level=19,1/2-1/2,0.5,80,0.32803179998882115,complete,,13
matchup_019_opening_014_0,matchup_019,opening_014,rnbqk1nr/ppppp2p/6pb/8/2P2pPP/P7/1P1PPP2/RNBQKBNR w KQkq - 0 5,0,minic,Level=19,minic,Level=20,1/2-1/2,0.5,80,0.35184079996543005,complete,,14
matchup_019_opening_014_1,matchup_019,opening_014,rnbqk1nr/ppppp2p/6pb/8/2P2pPP/P7/1P1PPP2/RNBQKBNR w KQkq - 0 5,1,minic,Level=20,minic,Level=19,1/2-1/2,0.5,80,0.3224665999878198,complete,,14
matchup_019_opening_015_0,matchup_019,opening_015,rnb1kbnr/1ppp1pp1/8/p2Pp2p/4P2q/2N5/PPP2PPP/R1BQKBNR w KQkq - 2 5,0,minic,Level=19,minic,Level=20,1/2-1/2,0.5,80,0.3223996000015177,complete,,15
matchup_019_opening_015_1,matchup_019,opening_015,rnb1kbnr/1ppp1pp1/8/p2Pp2p/4P2q/2N5/PPP2PPP/R1BQKBNR w KQkq - 2 5,1,minic,Level=20,minic,Level=19,1/2-1/2,0.5,80,0.32584100001258776,complete,,15
matchup_019_opening_016_0,matchup_019,opening_016,rn1qkbnr/p2pppp1/b7/1pP4p/5P2/8/PPP1PKPP/RNBQ1BNR w kq - 0 5,0,minic,Level=19,minic,Level=20,1/2-1/2,0.5,80,0.3140702999662608,complete,,16
matchup_019_opening_016_1,matchup_019,opening_016,rn1qkbnr/p2pppp1/b7/1pP4p/5P2/8/PPP1PKPP/RNBQ1BNR w kq - 0 5,1,minic,Level=20,minic,Level=19,1/2-1/2,0.5,80,0.3053706999635324,complete,,16
matchup_019_opening_017_0,matchup_019,opening_017,rnbqkbnr/p1p3pp/1p1pp3/5pP1/P3P3/8/1PPP1P1P/RNBQKBNR w KQkq - 0 5,0,minic,Level=19,minic,Level=20,1/2-1/2,0.5,80,0.3232744999695569,complete,,17
matchup_019_opening_017_1,matchup_019,opening_017,rnbqkbnr/p1p3pp/1p1pp3/5pP1/P3P3/8/1PPP1P1P/RNBQKBNR w KQkq - 0 5,1,minic,Level=20,minic,Level=19,1/2-1/2,0.5,80,0.3170378000359051,complete,,17
matchup_019_opening_018_0,matchup_019,opening_018,rnbqkb1r/ppp2ppp/3pp3/3P1n2/8/6PP/PPP1PP2/RNBQKBNR w KQkq - 1 5,0,minic,Level=19,minic,Level=20,1/2-1/2,0.5,80,0.3272992999991402,complete,,18
matchup_019_opening_018_1,matchup_019,opening_018,rnbqkb1r/ppp2ppp/3pp3/3P1n2/8/6PP/PPP1PP2/RNBQKBNR w KQkq - 1 5,1,minic,Level=20,minic,Level=19,1/2-1/2,0.5,80,0.40023099997779354,complete,,18
matchup_019_opening_019_0,matchup_019,opening_019,rnb1kbnr/1pqppp1p/2p5/p5p1/3P4/1QP4P/PP2PPP1/RNB1KBNR w KQkq - 0 5,0,minic,Level=19,minic,Level=20,1/2-1/2,0.5,80,0.3595470000291243,complete,,19
matchup_019_opening_019_1,matchup_019,opening_019,rnb1kbnr/1pqppp1p/2p5/p5p1/3P4/1QP4P/PP2PPP1/RNB1KBNR w KQkq - 0 5,1,minic,Level=20,minic,Level=19,1/2-1/2,0.5,80,0.31553869997151196,complete,,19
matchup_020_opening_000_0,matchup_020,opening_000,rn1qkb1r/2pppppp/bp3n2/p7/4B3/3PP3/PPP2PPP/RNBQK1NR w KQkq - 1 5,0,minic,Level=20,minic,Level=21,0-1,0.0,80,0.6043594999937341,complete,,0
matchup_020_opening_000_1,matchup_020,opening_000,rn1qkb1r/2pppppp/bp3n2/p7/4B3/3PP3/PPP2PPP/RNBQK1NR w KQkq - 1 5,1,minic,Level=21,minic,Level=20,1/2-1/2,0.5,80,0.49167299998225644,complete,,0
matchup_020_opening_001_0,matchup_020,opening_001,rnbqkbnr/1p2pppp/8/p1pp4/6P1/N6P/PPPPPP2/R1BQKBNR w KQkq - 0 5,0,minic,Level=20,minic,Level=21,1/2-1/2,0.5,80,0.4282196999993175,complete,,1
matchup_020_opening_001_1,matchup_020,opening_001,rnbqkbnr/1p2pppp/8/p1pp4/6P1/N6P/PPPPPP2/R1BQKBNR w KQkq - 0 5,1,minic,Level=21,minic,Level=20,1/2-1/2,0.5,80,0.8206692999810912,complete,,1
matchup_020_opening_002_0,matchup_020,opening_002,rnb1kbnr/pppp1p1p/5qp1/4p3/7P/1P3PP1/P1PPP3/RNBQKBNR w KQkq - 0 5,0,minic,Level=20,minic,Level=21,1/2-1/2,0.5,80,0.5839994999696501,complete,,2
matchup_020_opening_002_error,matchup_020,opening_002,rnb1kbnr/pppp1p1p/5qp1/4p3/7P/1P3PP1/P1PPP3/RNBQKBNR w KQkq - 0 5,-1,minic,Level=20,minic,Level=21,,0.5,0,0.0,error,TimeoutError: ,2
matchup_020_opening_003_0,matchup_020,opening_003,rnbqk1nr/1ppp1ppp/1b2p3/p7/P7/2P2P1P/1P1PP1P1/RNBQKBNR w KQkq - 1 5,0,minic,Level=20,minic,Level=21,1/2-1/2,0.5,80,0.4967981000081636,complete,,3
matchup_020_opening_003_1,matchup_020,opening_003,rnbqk1nr/1ppp1ppp/1b2p3/p7/P7/2P2P1P/1P1PP1P1/RNBQKBNR w KQkq - 1 5,1,minic,Level=21,minic,Level=20,1/2-1/2,0.5,80,0.5188305999618024,complete,,3
matchup_020_opening_004_0,matchup_020,opening_004,rnbqkbnr/2ppp1p1/1p3p2/p6p/2P5/4P2P/PP1PKPP1/RNBQ1BNR w kq - 0 5,0,minic,Level=20,minic,Level=21,1/2-1/2,0.5,80,0.3521072999574244,complete,,4
matchup_020_opening_004_1,matchup_020,opening_004,rnbqkbnr/2ppp1p1/1p3p2/p6p/2P5/4P2P/PP1PKPP1/RNBQ1BNR w kq - 0 5,1,minic,Level=21,minic,Level=20,1/2-1/2,0.5,80,0.41383330000098795,complete,,4
matchup_020_opening_005_error,matchup_020,opening_005,r1bqkb1r/ppp1pppp/3p1n2/8/1nB1P3/1PP5/P2P1PPP/RNBQK1NR w KQkq - 2 5,-1,minic,Level=20,minic,Level=21,,0.5,0,0.0,error,TimeoutError: ,5
matchup_020_opening_006_0,matchup_020,opening_006,r1b1k1nr/pppp1ppp/n3p3/6q1/1b6/P2P4/2PNPPPP/R1BQKBNR w KQkq - 0 5,0,minic,Level=20,minic,Level=21,1/2-1/2,0.5,80,0.45147070003440604,complete,,6
matchup_020_opening_006_1,matchup_020,opening_006,r1b1k1nr/pppp1ppp/n3p3/6q1/1b6/P2P4/2PNPPPP/R1BQKBNR w KQkq - 0 5,1,minic,Level=21,minic,Level=20,1/2-1/2,0.5,80,0.3682266999967396,complete,,6
matchup_020_opening_007_0,matchup_020,opening_007,rn1qkb1r/ppp1p1pp/3p1n2/5p2/1P6/2N2PPb/P1PPP2P/R1BQKBNR w KQkq - 1 5,0,minic,Level=20,minic,Level=21,1/2-1/2,0.5,80,0.33404809999046847,complete,,7
matchup_020_opening_007_1,matchup_020,opening_007,rn1qkb1r/ppp1p1pp/3p1n2/5p2/1P6/2N2PPb/P1PPP2P/R1BQKBNR w KQkq - 1 5,1,minic,Level=21,minic,Level=20,1/2-1/2,0.5,80,0.362859099986963,complete,,7
matchup_020_opening_008_0,matchup_020,opening_008,r1bq1bnr/pppkpppp/8/3p4/4P3/2N5/PPPP1PPP/R1BQK1NR w KQ - 0 5,0,minic,Level=20,minic,Level=21,1/2-1/2,0.5,80,0.3426407999941148,complete,,8
matchup_020_opening_008_1,matchup_020,opening_008,r1bq1bnr/pppkpppp/8/3p4/4P3/2N5/PPPP1PPP/R1BQK1NR w KQ - 0 5,1,minic,Level=21,minic,Level=20,1/2-1/2,0.5,80,0.334673399978783,complete,,8
matchup_020_opening_009_0,matchup_020,opening_009,rnbq1bnr/p1ppkp1p/1p4p1/4p3/8/3P2P1/PPPNPP1P/RNBQKB1R w KQ - 2 5,0,minic,Level=20,minic,Level=21,1/2-1/2,0.5,80,0.3374622000264935,complete,,9
matchup_020_opening_009_1,matchup_020,opening_009,rnbq1bnr/p1ppkp1p/1p4p1/4p3/8/3P2P1/PPPNPP1P/RNBQKB1R w KQ - 2 5,1,minic,Level=21,minic,Level=20,1/2-1/2,0.5,80,0.3171913000405766,complete,,9
matchup_020_opening_010_0,matchup_020,opening_010,rn1qkbnr/1pp1ppp1/p6p/3p1b2/2P2P2/P6N/1P1PP1PP/RNBQKB1R w KQkq - 0 5,0,minic,Level=20,minic,Level=21,1/2-1/2,0.5,80,0.3461888000019826,complete,,10
matchup_020_opening_010_1,matchup_020,opening_010,rn1qkbnr/1pp1ppp1/p6p/3p1b2/2P2P2/P6N/1P1PP1PP/RNBQKB1R w KQkq - 0 5,1,minic,Level=21,minic,Level=20,1/2-1/2,0.5,80,0.4379043999942951,complete,,10
matchup_020_opening_011_0,matchup_020,opening_011,r1bqkbnr/pp1p2pp/n1p1p3/5p2/P2P1B2/8/1PP1PPPP/RN1QKBNR w KQkq - 0 5,0,minic,Level=20,minic,Level=21,1/2-1/2,0.5,80,0.36451109999325126,complete,,11
matchup_020_opening_011_1,matchup_020,opening_011,r1bqkbnr/pp1p2pp/n1p1p3/5p2/P2P1B2/8/1PP1PPPP/RN1QKBNR w KQkq - 0 5,1,minic,Level=21,minic,Level=20,1/2-1/2,0.5,80,0.41626410000026226,complete,,11
matchup_020_opening_012_0,matchup_020,opening_012,r1bqkbnr/ppppppp1/8/7p/Q1P3P1/1P1n4/P2PPP1P/RNB1KBNR w KQkq - 1 5,0,minic,Level=20,minic,Level=21,1/2-1/2,0.5,80,0.4016170999966562,complete,,12
matchup_020_opening_012_1,matchup_020,opening_012,r1bqkbnr/ppppppp1/8/7p/Q1P3P1/1P1n4/P2PPP1P/RNB1KBNR w KQkq - 1 5,1,minic,Level=21,minic,Level=20,1/2-1/2,0.5,80,0.3470128999906592,complete,,12
matchup_020_opening_013_error,matchup_020,opening_013,rnbqkbnr/ppp3pp/4pp2/3p4/8/2PP4/PP2PPPP/RNBQKBNR w KQkq - 0 5,-1,minic,Level=20,minic,Level=21,,0.5,0,0.0,error,TimeoutError: ,13
matchup_020_opening_014_0,matchup_020,opening_014,rnbqk1nr/ppppp2p/6pb/8/2P2pPP/P7/1P1PPP2/RNBQKBNR w KQkq - 0 5,0,minic,Level=20,minic,Level=21,1/2-1/2,0.5,80,0.36821450002025813,complete,,14
matchup_020_opening_014_1,matchup_020,opening_014,rnbqk1nr/ppppp2p/6pb/8/2P2pPP/P7/1P1PPP2/RNBQKBNR w KQkq - 0 5,1,minic,Level=21,minic,Level=20,1/2-1/2,0.5,80,0.3251737999962643,complete,,14
matchup_020_opening_015_0,matchup_020,opening_015,rnb1kbnr/1ppp1pp1/8/p2Pp2p/4P2q/2N5/PPP2PPP/R1BQKBNR w KQkq - 2 5,0,minic,Level=20,minic,Level=21,1/2-1/2,0.5,80,0.31232939998153597,complete,,15
matchup_020_opening_015_1,matchup_020,opening_015,rnb1kbnr/1ppp1pp1/8/p2Pp2p/4P2q/2N5/PPP2PPP/R1BQKBNR w KQkq - 2 5,1,minic,Level=21,minic,Level=20,1/2-1/2,0.5,80,0.3236641999683343,complete,,15
matchup_020_opening_016_0,matchup_020,opening_016,rn1qkbnr/p2pppp1/b7/1pP4p/5P2/8/PPP1PKPP/RNBQ1BNR w kq - 0 5,0,minic,Level=20,minic,Level=21,1/2-1/2,0.5,80,0.306203700019978,complete,,16
matchup_020_opening_016_1,matchup_020,opening_016,rn1qkbnr/p2pppp1/b7/1pP4p/5P2/8/PPP1PKPP/RNBQ1BNR w kq - 0 5,1,minic,Level=21,minic,Level=20,1/2-1/2,0.5,80,0.3915049000061117,complete,,16
matchup_020_opening_017_0,matchup_020,opening_017,rnbqkbnr/p1p3pp/1p1pp3/5pP1/P3P3/8/1PPP1P1P/RNBQKBNR w KQkq - 0 5,0,minic,Level=20,minic,Level=21,1/2-1/2,0.5,80,0.40287350001744926,complete,,17
matchup_020_opening_017_1,matchup_020,opening_017,rnbqkbnr/p1p3pp/1p1pp3/5pP1/P3P3/8/1PPP1P1P/RNBQKBNR w KQkq - 0 5,1,minic,Level=21,minic,Level=20,1/2-1/2,0.5,80,0.35112230002414435,complete,,17
matchup_020_opening_018_0,matchup_020,opening_018,rnbqkb1r/ppp2ppp/3pp3/3P1n2/8/6PP/PPP1PP2/RNBQKBNR w KQkq - 1 5,0,minic,Level=20,minic,Level=21,1/2-1/2,0.5,80,0.3571681000175886,complete,,18
matchup_020_opening_018_1,matchup_020,opening_018,rnbqkb1r/ppp2ppp/3pp3/3P1n2/8/6PP/PPP1PP2/RNBQKBNR w KQkq - 1 5,1,minic,Level=21,minic,Level=20,1/2-1/2,0.5,80,0.3103257999755442,complete,,18
matchup_020_opening_019_0,matchup_020,opening_019,rnb1kbnr/1pqppp1p/2p5/p5p1/3P4/1QP4P/PP2PPP1/RNB1KBNR w KQkq - 0 5,0,minic,Level=20,minic,Level=21,1/2-1/2,0.5,80,0.3832276000175625,complete,,19
matchup_020_opening_019_1,matchup_020,opening_019,rnb1kbnr/1pqppp1p/2p5/p5p1/3P4/1QP4P/PP2PPP1/RNB1KBNR w KQkq - 0 5,1,minic,Level=21,minic,Level=20,1/2-1/2,0.5,80,0.4241084000095725,complete,,19
matchup_021_opening_000_0,matchup_021,opening_000,rn1qkb1r/2pppppp/bp3n2/p7/4B3/3PP3/PPP2PPP/RNBQK1NR w KQkq - 1 5,0,minic,Level=21,minic,Level=22,1/2-1/2,0.5,80,0.3290637999889441,complete,,0
matchup_021_opening_000_1,matchup_021,opening_000,rn1qkb1r/2pppppp/bp3n2/p7/4B3/3PP3/PPP2PPP/RNBQK1NR w KQkq - 1 5,1,minic,Level=22,minic,Level=21,1/2-1/2,0.5,80,0.2883313999627717,complete,,0
matchup_021_opening_001_0,matchup_021,opening_001,rnbqkbnr/1p2pppp/8/p1pp4/6P1/N6P/PPPPPP2/R1BQKBNR w KQkq - 0 5,0,minic,Level=21,minic,Level=22,1/2-1/2,0.5,80,0.3482533000060357,complete,,1
matchup_021_opening_001_1,matchup_021,opening_001,rnbqkbnr/1p2pppp/8/p1pp4/6P1/N6P/PPPPPP2/R1BQKBNR w KQkq - 0 5,1,minic,Level=22,minic,Level=21,1/2-1/2,0.5,80,0.3056665000040084,complete,,1
matchup_021_opening_002_0,matchup_021,opening_002,rnb1kbnr/pppp1p1p/5qp1/4p3/7P/1P3PP1/P1PPP3/RNBQKBNR w KQkq - 0 5,0,minic,Level=21,minic,Level=22,1/2-1/2,0.5,80,0.30549769999925047,complete,,2
matchup_021_opening_002_1,matchup_021,opening_002,rnb1kbnr/pppp1p1p/5qp1/4p3/7P/1P3PP1/P1PPP3/RNBQKBNR w KQkq - 0 5,1,minic,Level=22,minic,Level=21,1/2-1/2,0.5,80,0.3065496000344865,complete,,2
matchup_021_opening_003_0,matchup_021,opening_003,rnbqk1nr/1ppp1ppp/1b2p3/p7/P7/2P2P1P/1P1PP1P1/RNBQKBNR w KQkq - 1 5,0,minic,Level=21,minic,Level=22,1/2-1/2,0.5,80,0.32649860001401976,complete,,3
matchup_021_opening_003_1,matchup_021,opening_003,rnbqk1nr/1ppp1ppp/1b2p3/p7/P7/2P2P1P/1P1PP1P1/RNBQKBNR w KQkq - 1 5,1,minic,Level=22,minic,Level=21,1/2-1/2,0.5,80,0.2944024999742396,complete,,3
matchup_021_opening_004_0,matchup_021,opening_004,rnbqkbnr/2ppp1p1/1p3p2/p6p/2P5/4P2P/PP1PKPP1/RNBQ1BNR w kq - 0 5,0,minic,Level=21,minic,Level=22,1/2-1/2,0.5,80,0.29190950002521276,complete,,4
matchup_021_opening_004_1,matchup_021,opening_004,rnbqkbnr/2ppp1p1/1p3p2/p6p/2P5/4P2P/PP1PKPP1/RNBQ1BNR w kq - 0 5,1,minic,Level=22,minic,Level=21,0-1,0.0,72,0.2578102999832481,complete,,4
matchup_021_opening_005_0,matchup_021,opening_005,r1bqkb1r/ppp1pppp/3p1n2/8/1nB1P3/1PP5/P2P1PPP/RNBQK1NR w KQkq - 2 5,0,minic,Level=21,minic,Level=22,1/2-1/2,0.5,80,0.2954306000028737,complete,,5
matchup_021_opening_005_1,matchup_021,opening_005,r1bqkb1r/ppp1pppp/3p1n2/8/1nB1P3/1PP5/P2P1PPP/RNBQK1NR w KQkq - 2 5,1,minic,Level=22,minic,Level=21,1/2-1/2,0.5,80,0.30136640003183857,complete,,5
matchup_021_opening_006_0,matchup_021,opening_006,r1b1k1nr/pppp1ppp/n3p3/6q1/1b6/P2P4/2PNPPPP/R1BQKBNR w KQkq - 0 5,0,minic,Level=21,minic,Level=22,1/2-1/2,0.5,80,0.29541219997918233,complete,,6
matchup_021_opening_006_1,matchup_021,opening_006,r1b1k1nr/pppp1ppp/n3p3/6q1/1b6/P2P4/2PNPPPP/R1BQKBNR w KQkq - 0 5,1,minic,Level=22,minic,Level=21,1/2-1/2,0.5,80,0.2934994999668561,complete,,6
matchup_021_opening_007_0,matchup_021,opening_007,rn1qkb1r/ppp1p1pp/3p1n2/5p2/1P6/2N2PPb/P1PPP2P/R1BQKBNR w KQkq - 1 5,0,minic,Level=21,minic,Level=22,1/2-1/2,0.5,80,0.28813800000352785,complete,,7
matchup_021_opening_007_1,matchup_021,opening_007,rn1qkb1r/ppp1p1pp/3p1n2/5p2/1P6/2N2PPb/P1PPP2P/R1BQKBNR w KQkq - 1 5,1,minic,Level=22,minic,Level=21,1/2-1/2,0.5,80,0.2975461999885738,complete,,7
matchup_021_opening_008_0,matchup_021,opening_008,r1bq1bnr/pppkpppp/8/3p4/4P3/2N5/PPPP1PPP/R1BQK1NR w KQ - 0 5,0,minic,Level=21,minic,Level=22,1/2-1/2,0.5,80,0.28878740000072867,complete,,8
matchup_021_opening_008_1,matchup_021,opening_008,r1bq1bnr/pppkpppp/8/3p4/4P3/2N5/PPPP1PPP/R1BQK1NR w KQ - 0 5,1,minic,Level=22,minic,Level=21,1/2-1/2,0.5,80,0.2887287000194192,complete,,8
matchup_021_opening_009_0,matchup_021,opening_009,rnbq1bnr/p1ppkp1p/1p4p1/4p3/8/3P2P1/PPPNPP1P/RNBQKB1R w KQ - 2 5,0,minic,Level=21,minic,Level=22,1/2-1/2,0.5,80,0.28442250000080094,complete,,9
matchup_021_opening_009_1,matchup_021,opening_009,rnbq1bnr/p1ppkp1p/1p4p1/4p3/8/3P2P1/PPPNPP1P/RNBQKB1R w KQ - 2 5,1,minic,Level=22,minic,Level=21,1/2-1/2,0.5,80,0.29031669994583353,complete,,9
matchup_021_opening_010_0,matchup_021,opening_010,rn1qkbnr/1pp1ppp1/p6p/3p1b2/2P2P2/P6N/1P1PP1PP/RNBQKB1R w KQkq - 0 5,0,minic,Level=21,minic,Level=22,1/2-1/2,0.5,80,0.29475179995642975,complete,,10
matchup_021_opening_010_1,matchup_021,opening_010,rn1qkbnr/1pp1ppp1/p6p/3p1b2/2P2P2/P6N/1P1PP1PP/RNBQKB1R w KQkq - 0 5,1,minic,Level=22,minic,Level=21,1/2-1/2,0.5,80,0.2885109999915585,complete,,10
matchup_021_opening_011_0,matchup_021,opening_011,r1bqkbnr/pp1p2pp/n1p1p3/5p2/P2P1B2/8/1PP1PPPP/RN1QKBNR w KQkq - 0 5,0,minic,Level=21,minic,Level=22,1/2-1/2,0.5,80,0.31393539998680353,complete,,11
matchup_021_opening_011_1,matchup_021,opening_011,r1bqkbnr/pp1p2pp/n1p1p3/5p2/P2P1B2/8/1PP1PPPP/RN1QKBNR w KQkq - 0 5,1,minic,Level=22,minic,Level=21,1/2-1/2,0.5,80,0.3330733999609947,complete,,11
matchup_021_opening_012_0,matchup_021,opening_012,r1bqkbnr/ppppppp1/8/7p/Q1P3P1/1P1n4/P2PPP1P/RNB1KBNR w KQkq - 1 5,0,minic,Level=21,minic,Level=22,1/2-1/2,0.5,80,0.2929736999794841,complete,,12
matchup_021_opening_012_1,matchup_021,opening_012,r1bqkbnr/ppppppp1/8/7p/Q1P3P1/1P1n4/P2PPP1P/RNB1KBNR w KQkq - 1 5,1,minic,Level=22,minic,Level=21,1/2-1/2,0.5,80,0.3036337000085041,complete,,12
matchup_021_opening_013_0,matchup_021,opening_013,rnbqkbnr/ppp3pp/4pp2/3p4/8/2PP4/PP2PPPP/RNBQKBNR w KQkq - 0 5,0,minic,Level=21,minic,Level=22,1/2-1/2,0.5,80,0.30137400003150105,complete,,13
matchup_021_opening_013_1,matchup_021,opening_013,rnbqkbnr/ppp3pp/4pp2/3p4/8/2PP4/PP2PPPP/RNBQKBNR w KQkq - 0 5,1,minic,Level=22,minic,Level=21,1/2-1/2,0.5,80,0.3051227999967523,complete,,13
matchup_021_opening_014_0,matchup_021,opening_014,rnbqk1nr/ppppp2p/6pb/8/2P2pPP/P7/1P1PPP2/RNBQKBNR w KQkq - 0 5,0,minic,Level=21,minic,Level=22,1/2-1/2,0.5,80,0.28839120001066476,complete,,14
matchup_021_opening_014_1,matchup_021,opening_014,rnbqk1nr/ppppp2p/6pb/8/2P2pPP/P7/1P1PPP2/RNBQKBNR w KQkq - 0 5,1,minic,Level=22,minic,Level=21,1/2-1/2,0.5,80,0.2880902999895625,complete,,14
matchup_021_opening_015_0,matchup_021,opening_015,rnb1kbnr/1ppp1pp1/8/p2Pp2p/4P2q/2N5/PPP2PPP/R1BQKBNR w KQkq - 2 5,0,minic,Level=21,minic,Level=22,1/2-1/2,0.5,80,0.28975930000888184,complete,,15
matchup_021_opening_015_1,matchup_021,opening_015,rnb1kbnr/1ppp1pp1/8/p2Pp2p/4P2q/2N5/PPP2PPP/R1BQKBNR w KQkq - 2 5,1,minic,Level=22,minic,Level=21,1/2-1/2,0.5,80,0.29141289996914566,complete,,15
matchup_021_opening_016_0,matchup_021,opening_016,rn1qkbnr/p2pppp1/b7/1pP4p/5P2/8/PPP1PKPP/RNBQ1BNR w kq - 0 5,0,minic,Level=21,minic,Level=22,1/2-1/2,0.5,80,0.2937069999752566,complete,,16
matchup_021_opening_016_1,matchup_021,opening_016,rn1qkbnr/p2pppp1/b7/1pP4p/5P2/8/PPP1PKPP/RNBQ1BNR w kq - 0 5,1,minic,Level=22,minic,Level=21,1/2-1/2,0.5,80,0.30412629997590557,complete,,16
matchup_021_opening_017_0,matchup_021,opening_017,rnbqkbnr/p1p3pp/1p1pp3/5pP1/P3P3/8/1PPP1P1P/RNBQKBNR w KQkq - 0 5,0,minic,Level=21,minic,Level=22,1/2-1/2,0.5,80,0.2917435000417754,complete,,17
matchup_021_opening_017_1,matchup_021,opening_017,rnbqkbnr/p1p3pp/1p1pp3/5pP1/P3P3/8/1PPP1P1P/RNBQKBNR w KQkq - 0 5,1,minic,Level=22,minic,Level=21,1/2-1/2,0.5,80,0.30145939998328686,complete,,17
matchup_021_opening_018_0,matchup_021,opening_018,rnbqkb1r/ppp2ppp/3pp3/3P1n2/8/6PP/PPP1PP2/RNBQKBNR w KQkq - 1 5,0,minic,Level=21,minic,Level=22,1/2-1/2,0.5,80,0.2981537000159733,complete,,18
matchup_021_opening_018_1,matchup_021,opening_018,rnbqkb1r/ppp2ppp/3pp3/3P1n2/8/6PP/PPP1PP2/RNBQKBNR w KQkq - 1 5,1,minic,Level=22,minic,Level=21,1/2-1/2,0.5,80,0.30461679998552427,complete,,18
matchup_021_opening_019_0,matchup_021,opening_019,rnb1kbnr/1pqppp1p/2p5/p5p1/3P4/1QP4P/PP2PPP1/RNB1KBNR w KQkq - 0 5,0,minic,Level=21,minic,Level=22,1/2-1/2,0.5,80,0.29095129994675517,complete,,19
matchup_021_opening_019_1,matchup_021,opening_019,rnb1kbnr/1pqppp1p/2p5/p5p1/3P4/1QP4P/PP2PPP1/RNB1KBNR w KQkq - 0 5,1,minic,Level=22,minic,Level=21,0-1,0.0,80,0.2946970000048168,complete,,19
matchup_022_opening_000_0,matchup_022,opening_000,rn1qkb1r/2pppppp/bp3n2/p7/4B3/3PP3/PPP2PPP/RNBQK1NR w KQkq - 1 5,0,minic,Level=22,minic,Level=23,1/2-1/2,0.5,80,0.33482169994385913,complete,,0
matchup_022_opening_000_1,matchup_022,opening_000,rn1qkb1r/2pppppp/bp3n2/p7/4B3/3PP3/PPP2PPP/RNBQK1NR w KQkq - 1 5,1,minic,Level=23,minic,Level=22,1/2-1/2,0.5,80,0.30916000000433996,complete,,0
matchup_022_opening_001_0,matchup_022,opening_001,rnbqkbnr/1p2pppp/8/p1pp4/6P1/N6P/PPPPPP2/R1BQKBNR w KQkq - 0 5,0,minic,Level=22,minic,Level=23,1/2-1/2,0.5,80,0.29879410000285134,complete,,1
matchup_022_opening_001_1,matchup_022,opening_001,rnbqkbnr/1p2pppp/8/p1pp4/6P1/N6P/PPPPPP2/R1BQKBNR w KQkq - 0 5,1,minic,Level=23,minic,Level=22,1/2-1/2,0.5,80,0.36398910003481433,complete,,1
matchup_022_opening_002_0,matchup_022,opening_002,rnb1kbnr/pppp1p1p/5qp1/4p3/7P/1P3PP1/P1PPP3/RNBQKBNR w KQkq - 0 5,0,minic,Level=22,minic,Level=23,1/2-1/2,0.5,80,0.36910800001351163,complete,,2
matchup_022_opening_002_1,matchup_022,opening_002,rnb1kbnr/pppp1p1p/5qp1/4p3/7P/1P3PP1/P1PPP3/RNBQKBNR w KQkq - 0 5,1,minic,Level=23,minic,Level=22,1/2-1/2,0.5,80,0.3126899999915622,complete,,2
matchup_022_opening_003_0,matchup_022,opening_003,rnbqk1nr/1ppp1ppp/1b2p3/p7/P7/2P2P1P/1P1PP1P1/RNBQKBNR w KQkq - 1 5,0,minic,Level=22,minic,Level=23,1/2-1/2,0.5,80,0.31391180003993213,complete,,3
matchup_022_opening_003_1,matchup_022,opening_003,rnbqk1nr/1ppp1ppp/1b2p3/p7/P7/2P2P1P/1P1PP1P1/RNBQKBNR w KQkq - 1 5,1,minic,Level=23,minic,Level=22,1/2-1/2,0.5,80,0.3221473000012338,complete,,3
matchup_022_opening_004_0,matchup_022,opening_004,rnbqkbnr/2ppp1p1/1p3p2/p6p/2P5/4P2P/PP1PKPP1/RNBQ1BNR w kq - 0 5,0,minic,Level=22,minic,Level=23,1-0,1.0,31,0.07431990001350641,complete,,4
matchup_022_opening_004_1,matchup_022,opening_004,rnbqkbnr/2ppp1p1/1p3p2/p6p/2P5/4P2P/PP1PKPP1/RNBQ1BNR w kq - 0 5,1,minic,Level=23,minic,Level=22,1/2-1/2,0.5,80,0.30112020001979545,complete,,4
matchup_022_opening_005_0,matchup_022,opening_005,r1bqkb1r/ppp1pppp/3p1n2/8/1nB1P3/1PP5/P2P1PPP/RNBQK1NR w KQkq - 2 5,0,minic,Level=22,minic,Level=23,1-0,1.0,77,0.3403650000109337,complete,,5
matchup_022_opening_005_1,matchup_022,opening_005,r1bqkb1r/ppp1pppp/3p1n2/8/1nB1P3/1PP5/P2P1PPP/RNBQK1NR w KQkq - 2 5,1,minic,Level=23,minic,Level=22,1/2-1/2,0.5,80,0.3220187000115402,complete,,5
matchup_022_opening_006_0,matchup_022,opening_006,r1b1k1nr/pppp1ppp/n3p3/6q1/1b6/P2P4/2PNPPPP/R1BQKBNR w KQkq - 0 5,0,minic,Level=22,minic,Level=23,1/2-1/2,0.5,80,0.3224769000080414,complete,,6
matchup_022_opening_006_1,matchup_022,opening_006,r1b1k1nr/pppp1ppp/n3p3/6q1/1b6/P2P4/2PNPPPP/R1BQKBNR w KQkq - 0 5,1,minic,Level=23,minic,Level=22,1/2-1/2,0.5,80,0.3199680999969132,complete,,6
matchup_022_opening_007_0,matchup_022,opening_007,rn1qkb1r/ppp1p1pp/3p1n2/5p2/1P6/2N2PPb/P1PPP2P/R1BQKBNR w KQkq - 1 5,0,minic,Level=22,minic,Level=23,1/2-1/2,0.5,80,0.30498079996323213,complete,,7
matchup_022_opening_007_1,matchup_022,opening_007,rn1qkb1r/ppp1p1pp/3p1n2/5p2/1P6/2N2PPb/P1PPP2P/R1BQKBNR w KQkq - 1 5,1,minic,Level=23,minic,Level=22,1/2-1/2,0.5,80,0.31694839999545366,complete,,7
matchup_022_opening_008_0,matchup_022,opening_008,r1bq1bnr/pppkpppp/8/3p4/4P3/2N5/PPPP1PPP/R1BQK1NR w KQ - 0 5,0,minic,Level=22,minic,Level=23,1/2-1/2,0.5,80,0.3084732999559492,complete,,8
matchup_022_opening_008_1,matchup_022,opening_008,r1bq1bnr/pppkpppp/8/3p4/4P3/2N5/PPPP1PPP/R1BQK1NR w KQ - 0 5,1,minic,Level=23,minic,Level=22,1/2-1/2,0.5,80,0.3036602000356652,complete,,8
matchup_022_opening_009_0,matchup_022,opening_009,rnbq1bnr/p1ppkp1p/1p4p1/4p3/8/3P2P1/PPPNPP1P/RNBQKB1R w KQ - 2 5,0,minic,Level=22,minic,Level=23,1/2-1/2,0.5,80,0.3003968999837525,complete,,9
matchup_022_opening_009_1,matchup_022,opening_009,rnbq1bnr/p1ppkp1p/1p4p1/4p3/8/3P2P1/PPPNPP1P/RNBQKB1R w KQ - 2 5,1,minic,Level=23,minic,Level=22,1/2-1/2,0.5,80,0.3108901000232436,complete,,9
matchup_022_opening_010_0,matchup_022,opening_010,rn1qkbnr/1pp1ppp1/p6p/3p1b2/2P2P2/P6N/1P1PP1PP/RNBQKB1R w KQkq - 0 5,0,minic,Level=22,minic,Level=23,1/2-1/2,0.5,80,0.31571390002500266,complete,,10
matchup_022_opening_010_1,matchup_022,opening_010,rn1qkbnr/1pp1ppp1/p6p/3p1b2/2P2P2/P6N/1P1PP1PP/RNBQKB1R w KQkq - 0 5,1,minic,Level=23,minic,Level=22,0-1,0.0,64,0.2123328000307083,complete,,10
matchup_022_opening_011_0,matchup_022,opening_011,r1bqkbnr/pp1p2pp/n1p1p3/5p2/P2P1B2/8/1PP1PPPP/RN1QKBNR w KQkq - 0 5,0,minic,Level=22,minic,Level=23,1/2-1/2,0.5,80,0.3143850999767892,complete,,11
matchup_022_opening_011_1,matchup_022,opening_011,r1bqkbnr/pp1p2pp/n1p1p3/5p2/P2P1B2/8/1PP1PPPP/RN1QKBNR w KQkq - 0 5,1,minic,Level=23,minic,Level=22,1/2-1/2,0.5,80,0.3097884000162594,complete,,11
matchup_022_opening_012_0,matchup_022,opening_012,r1bqkbnr/ppppppp1/8/7p/Q1P3P1/1P1n4/P2PPP1P/RNB1KBNR w KQkq - 1 5,0,minic,Level=22,minic,Level=23,1/2-1/2,0.5,80,0.3167293000151403,complete,,12
matchup_022_opening_012_1,matchup_022,opening_012,r1bqkbnr/ppppppp1/8/7p/Q1P3P1/1P1n4/P2PPP1P/RNB1KBNR w KQkq - 1 5,1,minic,Level=23,minic,Level=22,1/2-1/2,0.5,80,0.30987619998632,complete,,12
matchup_022_opening_013_0,matchup_022,opening_013,rnbqkbnr/ppp3pp/4pp2/3p4/8/2PP4/PP2PPPP/RNBQKBNR w KQkq - 0 5,0,minic,Level=22,minic,Level=23,0-1,0.0,70,0.23813569999765605,complete,,13
matchup_022_opening_013_1,matchup_022,opening_013,rnbqkbnr/ppp3pp/4pp2/3p4/8/2PP4/PP2PPPP/RNBQKBNR w KQkq - 0 5,1,minic,Level=23,minic,Level=22,1/2-1/2,0.5,80,0.3100679999915883,complete,,13
matchup_022_opening_014_0,matchup_022,opening_014,rnbqk1nr/ppppp2p/6pb/8/2P2pPP/P7/1P1PPP2/RNBQKBNR w KQkq - 0 5,0,minic,Level=22,minic,Level=23,1/2-1/2,0.5,80,0.30866690003313124,complete,,14
matchup_022_opening_014_1,matchup_022,opening_014,rnbqk1nr/ppppp2p/6pb/8/2P2pPP/P7/1P1PPP2/RNBQKBNR w KQkq - 0 5,1,minic,Level=23,minic,Level=22,1/2-1/2,0.5,80,0.296673400036525,complete,,14
matchup_022_opening_015_0,matchup_022,opening_015,rnb1kbnr/1ppp1pp1/8/p2Pp2p/4P2q/2N5/PPP2PPP/R1BQKBNR w KQkq - 2 5,0,minic,Level=22,minic,Level=23,1/2-1/2,0.5,80,0.3070116000017151,complete,,15
matchup_022_opening_015_1,matchup_022,opening_015,rnb1kbnr/1ppp1pp1/8/p2Pp2p/4P2q/2N5/PPP2PPP/R1BQKBNR w KQkq - 2 5,1,minic,Level=23,minic,Level=22,1/2-1/2,0.5,80,0.3186623000074178,complete,,15
matchup_022_opening_016_0,matchup_022,opening_016,rn1qkbnr/p2pppp1/b7/1pP4p/5P2/8/PPP1PKPP/RNBQ1BNR w kq - 0 5,0,minic,Level=22,minic,Level=23,1/2-1/2,0.5,80,0.30769909999798983,complete,,16
matchup_022_opening_016_1,matchup_022,opening_016,rn1qkbnr/p2pppp1/b7/1pP4p/5P2/8/PPP1PKPP/RNBQ1BNR w kq - 0 5,1,minic,Level=23,minic,Level=22,1/2-1/2,0.5,80,0.3221839999896474,complete,,16
matchup_022_opening_017_0,matchup_022,opening_017,rnbqkbnr/p1p3pp/1p1pp3/5pP1/P3P3/8/1PPP1P1P/RNBQKBNR w KQkq - 0 5,0,minic,Level=22,minic,Level=23,1/2-1/2,0.5,80,0.30832579999696463,complete,,17
matchup_022_opening_017_1,matchup_022,opening_017,rnbqkbnr/p1p3pp/1p1pp3/5pP1/P3P3/8/1PPP1P1P/RNBQKBNR w KQkq - 0 5,1,minic,Level=23,minic,Level=22,1/2-1/2,0.5,80,0.3193121000076644,complete,,17
matchup_022_opening_018_0,matchup_022,opening_018,rnbqkb1r/ppp2ppp/3pp3/3P1n2/8/6PP/PPP1PP2/RNBQKBNR w KQkq - 1 5,0,minic,Level=22,minic,Level=23,1/2-1/2,0.5,80,0.3215885999961756,complete,,18
matchup_022_opening_018_1,matchup_022,opening_018,rnbqkb1r/ppp2ppp/3pp3/3P1n2/8/6PP/PPP1PP2/RNBQKBNR w KQkq - 1 5,1,minic,Level=23,minic,Level=22,1/2-1/2,0.5,80,0.31153820001054555,complete,,18
matchup_022_opening_019_0,matchup_022,opening_019,rnb1kbnr/1pqppp1p/2p5/p5p1/3P4/1QP4P/PP2PPP1/RNB1KBNR w KQkq - 0 5,0,minic,Level=22,minic,Level=23,1/2-1/2,0.5,80,0.30448140000225976,complete,,19
matchup_022_opening_019_1,matchup_022,opening_019,rnb1kbnr/1pqppp1p/2p5/p5p1/3P4/1QP4P/PP2PPP1/RNB1KBNR w KQkq - 0 5,1,minic,Level=23,minic,Level=22,1/2-1/2,0.5,80,0.3070696000359021,complete,,19
matchup_023_opening_000_0,matchup_023,opening_000,rn1qkb1r/2pppppp/bp3n2/p7/4B3/3PP3/PPP2PPP/RNBQK1NR w KQkq - 1 5,0,minic,Level=23,minic,Level=24,1/2-1/2,0.5,80,0.3525132000213489,complete,,0
matchup_023_opening_000_1,matchup_023,opening_000,rn1qkb1r/2pppppp/bp3n2/p7/4B3/3PP3/PPP2PPP/RNBQK1NR w KQkq - 1 5,1,minic,Level=24,minic,Level=23,1/2-1/2,0.5,80,0.32793029997264966,complete,,0
matchup_023_opening_001_0,matchup_023,opening_001,rnbqkbnr/1p2pppp/8/p1pp4/6P1/N6P/PPPPPP2/R1BQKBNR w KQkq - 0 5,0,minic,Level=23,minic,Level=24,1/2-1/2,0.5,80,0.3483241000212729,complete,,1
matchup_023_opening_001_1,matchup_023,opening_001,rnbqkbnr/1p2pppp/8/p1pp4/6P1/N6P/PPPPPP2/R1BQKBNR w KQkq - 0 5,1,minic,Level=24,minic,Level=23,1/2-1/2,0.5,80,0.32473140000365674,complete,,1
matchup_023_opening_002_0,matchup_023,opening_002,rnb1kbnr/pppp1p1p/5qp1/4p3/7P/1P3PP1/P1PPP3/RNBQKBNR w KQkq - 0 5,0,minic,Level=23,minic,Level=24,1/2-1/2,0.5,80,0.31385810003848746,complete,,2
matchup_023_opening_002_1,matchup_023,opening_002,rnb1kbnr/pppp1p1p/5qp1/4p3/7P/1P3PP1/P1PPP3/RNBQKBNR w KQkq - 0 5,1,minic,Level=24,minic,Level=23,1/2-1/2,0.5,80,0.32630040001822636,complete,,2
matchup_023_opening_003_0,matchup_023,opening_003,rnbqk1nr/1ppp1ppp/1b2p3/p7/P7/2P2P1P/1P1PP1P1/RNBQKBNR w KQkq - 1 5,0,minic,Level=23,minic,Level=24,1/2-1/2,0.5,80,0.329764400026761,complete,,3
matchup_023_opening_003_1,matchup_023,opening_003,rnbqk1nr/1ppp1ppp/1b2p3/p7/P7/2P2P1P/1P1PP1P1/RNBQKBNR w KQkq - 1 5,1,minic,Level=24,minic,Level=23,1/2-1/2,0.5,80,0.3179311000276357,complete,,3
matchup_023_opening_004_0,matchup_023,opening_004,rnbqkbnr/2ppp1p1/1p3p2/p6p/2P5/4P2P/PP1PKPP1/RNBQ1BNR w kq - 0 5,0,minic,Level=23,minic,Level=24,1/2-1/2,0.5,80,0.3679854999645613,complete,,4
matchup_023_opening_004_1,matchup_023,opening_004,rnbqkbnr/2ppp1p1/1p3p2/p6p/2P5/4P2P/PP1PKPP1/RNBQ1BNR w kq - 0 5,1,minic,Level=24,minic,Level=23,1/2-1/2,0.5,80,0.31561329995747656,complete,,4
matchup_023_opening_005_0,matchup_023,opening_005,r1bqkb1r/ppp1pppp/3p1n2/8/1nB1P3/1PP5/P2P1PPP/RNBQK1NR w KQkq - 2 5,0,minic,Level=23,minic,Level=24,1/2-1/2,0.5,80,0.3143424000008963,complete,,5
matchup_023_opening_005_1,matchup_023,opening_005,r1bqkb1r/ppp1pppp/3p1n2/8/1nB1P3/1PP5/P2P1PPP/RNBQK1NR w KQkq - 2 5,1,minic,Level=24,minic,Level=23,1/2-1/2,0.5,80,0.3263223000103608,complete,,5
matchup_023_opening_006_0,matchup_023,opening_006,r1b1k1nr/pppp1ppp/n3p3/6q1/1b6/P2P4/2PNPPPP/R1BQKBNR w KQkq - 0 5,0,minic,Level=23,minic,Level=24,1/2-1/2,0.5,80,0.3051654000300914,complete,,6
matchup_023_opening_006_1,matchup_023,opening_006,r1b1k1nr/pppp1ppp/n3p3/6q1/1b6/P2P4/2PNPPPP/R1BQKBNR w KQkq - 0 5,1,minic,Level=24,minic,Level=23,1/2-1/2,0.5,80,0.3161569000221789,complete,,6
matchup_023_opening_007_0,matchup_023,opening_007,rn1qkb1r/ppp1p1pp/3p1n2/5p2/1P6/2N2PPb/P1PPP2P/R1BQKBNR w KQkq - 1 5,0,minic,Level=23,minic,Level=24,1/2-1/2,0.5,80,0.32778190000681207,complete,,7
matchup_023_opening_007_1,matchup_023,opening_007,rn1qkb1r/ppp1p1pp/3p1n2/5p2/1P6/2N2PPb/P1PPP2P/R1BQKBNR w KQkq - 1 5,1,minic,Level=24,minic,Level=23,1/2-1/2,0.5,80,0.33052640000823885,complete,,7
matchup_023_opening_008_0,matchup_023,opening_008,r1bq1bnr/pppkpppp/8/3p4/4P3/2N5/PPPP1PPP/R1BQK1NR w KQ - 0 5,0,minic,Level=23,minic,Level=24,1/2-1/2,0.5,80,0.32028600003104657,complete,,8
matchup_023_opening_008_1,matchup_023,opening_008,r1bq1bnr/pppkpppp/8/3p4/4P3/2N5/PPPP1PPP/R1BQK1NR w KQ - 0 5,1,minic,Level=24,minic,Level=23,0-1,0.0,78,0.2996149000246078,complete,,8
matchup_023_opening_009_0,matchup_023,opening_009,rnbq1bnr/p1ppkp1p/1p4p1/4p3/8/3P2P1/PPPNPP1P/RNBQKB1R w KQ - 2 5,0,minic,Level=23,minic,Level=24,1/2-1/2,0.5,80,0.313142400002107,complete,,9
matchup_023_opening_009_1,matchup_023,opening_009,rnbq1bnr/p1ppkp1p/1p4p1/4p3/8/3P2P1/PPPNPP1P/RNBQKB1R w KQ - 2 5,1,minic,Level=24,minic,Level=23,1/2-1/2,0.5,80,0.307921500003431,complete,,9
matchup_023_opening_010_0,matchup_023,opening_010,rn1qkbnr/1pp1ppp1/p6p/3p1b2/2P2P2/P6N/1P1PP1PP/RNBQKB1R w KQkq - 0 5,0,minic,Level=23,minic,Level=24,1/2-1/2,0.5,80,0.3021320999832824,complete,,10
matchup_023_opening_010_1,matchup_023,opening_010,rn1qkbnr/1pp1ppp1/p6p/3p1b2/2P2P2/P6N/1P1PP1PP/RNBQKB1R w KQkq - 0 5,1,minic,Level=24,minic,Level=23,1/2-1/2,0.5,80,0.31029799999669194,complete,,10
matchup_023_opening_011_0,matchup_023,opening_011,r1bqkbnr/pp1p2pp/n1p1p3/5p2/P2P1B2/8/1PP1PPPP/RN1QKBNR w KQkq - 0 5,0,minic,Level=23,minic,Level=24,1/2-1/2,0.5,80,0.3226725999847986,complete,,11
matchup_023_opening_011_1,matchup_023,opening_011,r1bqkbnr/pp1p2pp/n1p1p3/5p2/P2P1B2/8/1PP1PPPP/RN1QKBNR w KQkq - 0 5,1,minic,Level=24,minic,Level=23,1/2-1/2,0.5,80,0.33842749998439103,complete,,11
matchup_023_opening_012_0,matchup_023,opening_012,r1bqkbnr/ppppppp1/8/7p/Q1P3P1/1P1n4/P2PPP1P/RNB1KBNR w KQkq - 1 5,0,minic,Level=23,minic,Level=24,1/2-1/2,0.5,80,0.359580599993933,complete,,12
matchup_023_opening_012_1,matchup_023,opening_012,r1bqkbnr/ppppppp1/8/7p/Q1P3P1/1P1n4/P2PPP1P/RNB1KBNR w KQkq - 1 5,1,minic,Level=24,minic,Level=23,1/2-1/2,0.5,80,0.32827449997421354,complete,,12
matchup_023_opening_013_0,matchup_023,opening_013,rnbqkbnr/ppp3pp/4pp2/3p4/8/2PP4/PP2PPPP/RNBQKBNR w KQkq - 0 5,0,minic,Level=23,minic,Level=24,1/2-1/2,0.5,80,0.3278466999763623,complete,,13
matchup_023_opening_013_1,matchup_023,opening_013,rnbqkbnr/ppp3pp/4pp2/3p4/8/2PP4/PP2PPPP/RNBQKBNR w KQkq - 0 5,1,minic,Level=24,minic,Level=23,1/2-1/2,0.5,80,0.36254210001789033,complete,,13
matchup_023_opening_014_0,matchup_023,opening_014,rnbqk1nr/ppppp2p/6pb/8/2P2pPP/P7/1P1PPP2/RNBQKBNR w KQkq - 0 5,0,minic,Level=23,minic,Level=24,1/2-1/2,0.5,80,0.3489516999688931,complete,,14
matchup_023_opening_014_1,matchup_023,opening_014,rnbqk1nr/ppppp2p/6pb/8/2P2pPP/P7/1P1PPP2/RNBQKBNR w KQkq - 0 5,1,minic,Level=24,minic,Level=23,1/2-1/2,0.5,80,0.35769409994827583,complete,,14
matchup_023_opening_015_0,matchup_023,opening_015,rnb1kbnr/1ppp1pp1/8/p2Pp2p/4P2q/2N5/PPP2PPP/R1BQKBNR w KQkq - 2 5,0,minic,Level=23,minic,Level=24,1/2-1/2,0.5,80,0.324671300011687,complete,,15
matchup_023_opening_015_1,matchup_023,opening_015,rnb1kbnr/1ppp1pp1/8/p2Pp2p/4P2q/2N5/PPP2PPP/R1BQKBNR w KQkq - 2 5,1,minic,Level=24,minic,Level=23,1/2-1/2,0.5,80,0.3011216999730095,complete,,15
matchup_023_opening_016_0,matchup_023,opening_016,rn1qkbnr/p2pppp1/b7/1pP4p/5P2/8/PPP1PKPP/RNBQ1BNR w kq - 0 5,0,minic,Level=23,minic,Level=24,1/2-1/2,0.5,80,0.3256861999980174,complete,,16
matchup_023_opening_016_1,matchup_023,opening_016,rn1qkbnr/p2pppp1/b7/1pP4p/5P2/8/PPP1PKPP/RNBQ1BNR w kq - 0 5,1,minic,Level=24,minic,Level=23,1/2-1/2,0.5,80,0.33034779998706654,complete,,16
matchup_023_opening_017_0,matchup_023,opening_017,rnbqkbnr/p1p3pp/1p1pp3/5pP1/P3P3/8/1PPP1P1P/RNBQKBNR w KQkq - 0 5,0,minic,Level=23,minic,Level=24,1/2-1/2,0.5,80,0.31046329997479916,complete,,17
matchup_023_opening_017_1,matchup_023,opening_017,rnbqkbnr/p1p3pp/1p1pp3/5pP1/P3P3/8/1PPP1P1P/RNBQKBNR w KQkq - 0 5,1,minic,Level=24,minic,Level=23,1/2-1/2,0.5,80,0.3176812999881804,complete,,17
matchup_023_opening_018_0,matchup_023,opening_018,rnbqkb1r/ppp2ppp/3pp3/3P1n2/8/6PP/PPP1PP2/RNBQKBNR w KQkq - 1 5,0,minic,Level=23,minic,Level=24,1/2-1/2,0.5,80,0.33397039998089895,complete,,18
matchup_023_opening_018_1,matchup_023,opening_018,rnbqkb1r/ppp2ppp/3pp3/3P1n2/8/6PP/PPP1PP2/RNBQKBNR w KQkq - 1 5,1,minic,Level=24,minic,Level=23,1/2-1/2,0.5,80,0.323356699955184,complete,,18
matchup_023_opening_019_0,matchup_023,opening_019,rnb1kbnr/1pqppp1p/2p5/p5p1/3P4/1QP4P/PP2PPP1/RNB1KBNR w KQkq - 0 5,0,minic,Level=23,minic,Level=24,1/2-1/2,0.5,80,0.3170679999748245,complete,,19
matchup_023_opening_019_1,matchup_023,opening_019,rnb1kbnr/1pqppp1p/2p5/p5p1/3P4/1QP4P/PP2PPP1/RNB1KBNR w KQkq - 0 5,1,minic,Level=24,minic,Level=23,1/2-1/2,0.5,80,0.340958499989938,complete,,19
matchup_024_opening_000_0,matchup_024,opening_000,rn1qkb1r/2pppppp/bp3n2/p7/4B3/3PP3/PPP2PPP/RNBQK1NR w KQkq - 1 5,0,minic,Level=24,minic,Level=25,1/2-1/2,0.5,80,0.31724750000284985,complete,,0
matchup_024_opening_000_1,matchup_024,opening_000,rn1qkb1r/2pppppp/bp3n2/p7/4B3/3PP3/PPP2PPP/RNBQK1NR w KQkq - 1 5,1,minic,Level=25,minic,Level=24,1/2-1/2,0.5,80,0.3088829999906011,complete,,0
matchup_024_opening_001_0,matchup_024,opening_001,rnbqkbnr/1p2pppp/8/p1pp4/6P1/N6P/PPPPPP2/R1BQKBNR w KQkq - 0 5,0,minic,Level=24,minic,Level=25,1/2-1/2,0.5,80,0.3017396000213921,complete,,1
matchup_024_opening_001_1,matchup_024,opening_001,rnbqkbnr/1p2pppp/8/p1pp4/6P1/N6P/PPPPPP2/R1BQKBNR w KQkq - 0 5,1,minic,Level=25,minic,Level=24,1/2-1/2,0.5,80,0.29669669998111203,complete,,1
matchup_024_opening_002_0,matchup_024,opening_002,rnb1kbnr/pppp1p1p/5qp1/4p3/7P/1P3PP1/P1PPP3/RNBQKBNR w KQkq - 0 5,0,minic,Level=24,minic,Level=25,1/2-1/2,0.5,80,0.3038951000198722,complete,,2
matchup_024_opening_002_1,matchup_024,opening_002,rnb1kbnr/pppp1p1p/5qp1/4p3/7P/1P3PP1/P1PPP3/RNBQKBNR w KQkq - 0 5,1,minic,Level=25,minic,Level=24,1/2-1/2,0.5,80,0.2974217999726534,complete,,2
matchup_024_opening_003_0,matchup_024,opening_003,rnbqk1nr/1ppp1ppp/1b2p3/p7/P7/2P2P1P/1P1PP1P1/RNBQKBNR w KQkq - 1 5,0,minic,Level=24,minic,Level=25,1/2-1/2,0.5,80,0.28881370002636686,complete,,3
matchup_024_opening_003_1,matchup_024,opening_003,rnbqk1nr/1ppp1ppp/1b2p3/p7/P7/2P2P1P/1P1PP1P1/RNBQKBNR w KQkq - 1 5,1,minic,Level=25,minic,Level=24,1/2-1/2,0.5,80,0.29191719996742904,complete,,3
matchup_024_opening_004_0,matchup_024,opening_004,rnbqkbnr/2ppp1p1/1p3p2/p6p/2P5/4P2P/PP1PKPP1/RNBQ1BNR w kq - 0 5,0,minic,Level=24,minic,Level=25,1/2-1/2,0.5,80,0.3132798000006005,complete,,4
matchup_024_opening_004_1,matchup_024,opening_004,rnbqkbnr/2ppp1p1/1p3p2/p6p/2P5/4P2P/PP1PKPP1/RNBQ1BNR w kq - 0 5,1,minic,Level=25,minic,Level=24,1/2-1/2,0.5,80,0.30309200001647696,complete,,4
matchup_024_opening_005_0,matchup_024,opening_005,r1bqkb1r/ppp1pppp/3p1n2/8/1nB1P3/1PP5/P2P1PPP/RNBQK1NR w KQkq - 2 5,0,minic,Level=24,minic,Level=25,1/2-1/2,0.5,80,0.2996201000059955,complete,,5
matchup_024_opening_005_1,matchup_024,opening_005,r1bqkb1r/ppp1pppp/3p1n2/8/1nB1P3/1PP5/P2P1PPP/RNBQK1NR w KQkq - 2 5,1,minic,Level=25,minic,Level=24,1/2-1/2,0.5,80,0.3193924999795854,complete,,5
matchup_024_opening_006_0,matchup_024,opening_006,r1b1k1nr/pppp1ppp/n3p3/6q1/1b6/P2P4/2PNPPPP/R1BQKBNR w KQkq - 0 5,0,minic,Level=24,minic,Level=25,1/2-1/2,0.5,80,0.29845850000856444,complete,,6
matchup_024_opening_006_1,matchup_024,opening_006,r1b1k1nr/pppp1ppp/n3p3/6q1/1b6/P2P4/2PNPPPP/R1BQKBNR w KQkq - 0 5,1,minic,Level=25,minic,Level=24,1/2-1/2,0.5,80,0.2987128999666311,complete,,6
matchup_024_opening_007_0,matchup_024,opening_007,rn1qkb1r/ppp1p1pp/3p1n2/5p2/1P6/2N2PPb/P1PPP2P/R1BQKBNR w KQkq - 1 5,0,minic,Level=24,minic,Level=25,1/2-1/2,0.5,80,0.2957204999984242,complete,,7
matchup_024_opening_007_1,matchup_024,opening_007,rn1qkb1r/ppp1p1pp/3p1n2/5p2/1P6/2N2PPb/P1PPP2P/R1BQKBNR w KQkq - 1 5,1,minic,Level=25,minic,Level=24,1/2-1/2,0.5,80,0.3137482999591157,complete,,7
matchup_024_opening_008_0,matchup_024,opening_008,r1bq1bnr/pppkpppp/8/3p4/4P3/2N5/PPPP1PPP/R1BQK1NR w KQ - 0 5,0,minic,Level=24,minic,Level=25,1/2-1/2,0.5,80,0.2984099999885075,complete,,8
matchup_024_opening_008_1,matchup_024,opening_008,r1bq1bnr/pppkpppp/8/3p4/4P3/2N5/PPPP1PPP/R1BQK1NR w KQ - 0 5,1,minic,Level=25,minic,Level=24,1/2-1/2,0.5,80,0.2958669000072405,complete,,8
matchup_024_opening_009_0,matchup_024,opening_009,rnbq1bnr/p1ppkp1p/1p4p1/4p3/8/3P2P1/PPPNPP1P/RNBQKB1R w KQ - 2 5,0,minic,Level=24,minic,Level=25,1/2-1/2,0.5,80,0.33399989997269586,complete,,9
matchup_024_opening_009_1,matchup_024,opening_009,rnbq1bnr/p1ppkp1p/1p4p1/4p3/8/3P2P1/PPPNPP1P/RNBQKB1R w KQ - 2 5,1,minic,Level=25,minic,Level=24,1/2-1/2,0.5,80,0.2956935000256635,complete,,9
matchup_024_opening_010_0,matchup_024,opening_010,rn1qkbnr/1pp1ppp1/p6p/3p1b2/2P2P2/P6N/1P1PP1PP/RNBQKB1R w KQkq - 0 5,0,minic,Level=24,minic,Level=25,1/2-1/2,0.5,80,0.317246199992951,complete,,10
matchup_024_opening_010_1,matchup_024,opening_010,rn1qkbnr/1pp1ppp1/p6p/3p1b2/2P2P2/P6N/1P1PP1PP/RNBQKB1R w KQkq - 0 5,1,minic,Level=25,minic,Level=24,1/2-1/2,0.5,80,0.310569699970074,complete,,10
matchup_024_opening_011_0,matchup_024,opening_011,r1bqkbnr/pp1p2pp/n1p1p3/5p2/P2P1B2/8/1PP1PPPP/RN1QKBNR w KQkq - 0 5,0,minic,Level=24,minic,Level=25,1/2-1/2,0.5,80,0.3000078999903053,complete,,11
matchup_024_opening_011_1,matchup_024,opening_011,r1bqkbnr/pp1p2pp/n1p1p3/5p2/P2P1B2/8/1PP1PPPP/RN1QKBNR w KQkq - 0 5,1,minic,Level=25,minic,Level=24,1/2-1/2,0.5,80,0.3083695000386797,complete,,11
matchup_024_opening_012_0,matchup_024,opening_012,r1bqkbnr/ppppppp1/8/7p/Q1P3P1/1P1n4/P2PPP1P/RNB1KBNR w KQkq - 1 5,0,minic,Level=24,minic,Level=25,1/2-1/2,0.5,80,0.30054839997319505,complete,,12
matchup_024_opening_012_1,matchup_024,opening_012,r1bqkbnr/ppppppp1/8/7p/Q1P3P1/1P1n4/P2PPP1P/RNB1KBNR w KQkq - 1 5,1,minic,Level=25,minic,Level=24,1/2-1/2,0.5,80,0.2932027000351809,complete,,12
matchup_024_opening_013_0,matchup_024,opening_013,rnbqkbnr/ppp3pp/4pp2/3p4/8/2PP4/PP2PPPP/RNBQKBNR w KQkq - 0 5,0,minic,Level=24,minic,Level=25,1/2-1/2,0.5,80,0.30381060001673177,complete,,13
matchup_024_opening_013_1,matchup_024,opening_013,rnbqkbnr/ppp3pp/4pp2/3p4/8/2PP4/PP2PPPP/RNBQKBNR w KQkq - 0 5,1,minic,Level=25,minic,Level=24,1/2-1/2,0.5,80,0.29809260001638904,complete,,13
matchup_024_opening_014_0,matchup_024,opening_014,rnbqk1nr/ppppp2p/6pb/8/2P2pPP/P7/1P1PPP2/RNBQKBNR w KQkq - 0 5,0,minic,Level=24,minic,Level=25,1/2-1/2,0.5,80,0.3035014999913983,complete,,14
matchup_024_opening_014_1,matchup_024,opening_014,rnbqk1nr/ppppp2p/6pb/8/2P2pPP/P7/1P1PPP2/RNBQKBNR w KQkq - 0 5,1,minic,Level=25,minic,Level=24,1/2-1/2,0.5,80,0.3163864999660291,complete,,14
matchup_024_opening_015_0,matchup_024,opening_015,rnb1kbnr/1ppp1pp1/8/p2Pp2p/4P2q/2N5/PPP2PPP/R1BQKBNR w KQkq - 2 5,0,minic,Level=24,minic,Level=25,1/2-1/2,0.5,80,0.3263402999727987,complete,,15
matchup_024_opening_015_1,matchup_024,opening_015,rnb1kbnr/1ppp1pp1/8/p2Pp2p/4P2q/2N5/PPP2PPP/R1BQKBNR w KQkq - 2 5,1,minic,Level=25,minic,Level=24,1/2-1/2,0.5,80,0.3453212999738753,complete,,15
matchup_024_opening_016_0,matchup_024,opening_016,rn1qkbnr/p2pppp1/b7/1pP4p/5P2/8/PPP1PKPP/RNBQ1BNR w kq - 0 5,0,minic,Level=24,minic,Level=25,1/2-1/2,0.5,80,0.3297556000179611,complete,,16
matchup_024_opening_016_1,matchup_024,opening_016,rn1qkbnr/p2pppp1/b7/1pP4p/5P2/8/PPP1PKPP/RNBQ1BNR w kq - 0 5,1,minic,Level=25,minic,Level=24,1/2-1/2,0.5,80,0.3205119000049308,complete,,16
matchup_024_opening_017_0,matchup_024,opening_017,rnbqkbnr/p1p3pp/1p1pp3/5pP1/P3P3/8/1PPP1P1P/RNBQKBNR w KQkq - 0 5,0,minic,Level=24,minic,Level=25,1/2-1/2,0.5,80,0.335952699999325,complete,,17
matchup_024_opening_017_1,matchup_024,opening_017,rnbqkbnr/p1p3pp/1p1pp3/5pP1/P3P3/8/1PPP1P1P/RNBQKBNR w KQkq - 0 5,1,minic,Level=25,minic,Level=24,1/2-1/2,0.5,80,0.306610899977386,complete,,17
matchup_024_opening_018_0,matchup_024,opening_018,rnbqkb1r/ppp2ppp/3pp3/3P1n2/8/6PP/PPP1PP2/RNBQKBNR w KQkq - 1 5,0,minic,Level=24,minic,Level=25,1/2-1/2,0.5,80,0.3201499999850057,complete,,18
matchup_024_opening_018_1,matchup_024,opening_018,rnbqkb1r/ppp2ppp/3pp3/3P1n2/8/6PP/PPP1PP2/RNBQKBNR w KQkq - 1 5,1,minic,Level=25,minic,Level=24,1/2-1/2,0.5,80,0.3222531999927014,complete,,18
matchup_024_opening_019_0,matchup_024,opening_019,rnb1kbnr/1pqppp1p/2p5/p5p1/3P4/1QP4P/PP2PPP1/RNB1KBNR w KQkq - 0 5,0,minic,Level=24,minic,Level=25,1/2-1/2,0.5,80,0.31014229997526854,complete,,19
matchup_024_opening_019_1,matchup_024,opening_019,rnb1kbnr/1pqppp1p/2p5/p5p1/3P4/1QP4P/PP2PPP1/RNB1KBNR w KQkq - 0 5,1,minic,Level=25,minic,Level=24,1/2-1/2,0.5,80,0.3124252999550663,complete,,19
matchup_025_opening_000_0,matchup_025,opening_000,rn1qkb1r/2pppppp/bp3n2/p7/4B3/3PP3/PPP2PPP/RNBQK1NR w KQkq - 1 5,0,minic,Level=25,minic,Level=26,1/2-1/2,0.5,80,0.3008748999563977,complete,,0
matchup_025_opening_000_1,matchup_025,opening_000,rn1qkb1r/2pppppp/bp3n2/p7/4B3/3PP3/PPP2PPP/RNBQK1NR w KQkq - 1 5,1,minic,Level=26,minic,Level=25,1/2-1/2,0.5,80,0.2671107000205666,complete,,0
matchup_025_opening_001_0,matchup_025,opening_001,rnbqkbnr/1p2pppp/8/p1pp4/6P1/N6P/PPPPPP2/R1BQKBNR w KQkq - 0 5,0,minic,Level=25,minic,Level=26,0-1,0.0,60,0.18165709997992963,complete,,1
matchup_025_opening_001_1,matchup_025,opening_001,rnbqkbnr/1p2pppp/8/p1pp4/6P1/N6P/PPPPPP2/R1BQKBNR w KQkq - 0 5,1,minic,Level=26,minic,Level=25,1/2-1/2,0.5,80,0.27215269999578595,complete,,1
matchup_025_opening_002_0,matchup_025,opening_002,rnb1kbnr/pppp1p1p/5qp1/4p3/7P/1P3PP1/P1PPP3/RNBQKBNR w KQkq - 0 5,0,minic,Level=25,minic,Level=26,1/2-1/2,0.5,80,0.27903299999888986,complete,,2
matchup_025_opening_002_1,matchup_025,opening_002,rnb1kbnr/pppp1p1p/5qp1/4p3/7P/1P3PP1/P1PPP3/RNBQKBNR w KQkq - 0 5,1,minic,Level=26,minic,Level=25,1/2-1/2,0.5,80,0.2728261000011116,complete,,2
matchup_025_opening_003_0,matchup_025,opening_003,rnbqk1nr/1ppp1ppp/1b2p3/p7/P7/2P2P1P/1P1PP1P1/RNBQKBNR w KQkq - 1 5,0,minic,Level=25,minic,Level=26,1/2-1/2,0.5,80,0.2765947000007145,complete,,3
matchup_025_opening_003_1,matchup_025,opening_003,rnbqk1nr/1ppp1ppp/1b2p3/p7/P7/2P2P1P/1P1PP1P1/RNBQKBNR w KQkq - 1 5,1,minic,Level=26,minic,Level=25,1/2-1/2,0.5,80,0.3333798000239767,complete,,3
matchup_025_opening_004_0,matchup_025,opening_004,rnbqkbnr/2ppp1p1/1p3p2/p6p/2P5/4P2P/PP1PKPP1/RNBQ1BNR w kq - 0 5,0,minic,Level=25,minic,Level=26,1/2-1/2,0.5,80,0.27562939998460934,complete,,4
matchup_025_opening_004_1,matchup_025,opening_004,rnbqkbnr/2ppp1p1/1p3p2/p6p/2P5/4P2P/PP1PKPP1/RNBQ1BNR w kq - 0 5,1,minic,Level=26,minic,Level=25,1/2-1/2,0.5,80,0.28770889999577776,complete,,4
matchup_025_opening_005_0,matchup_025,opening_005,r1bqkb1r/ppp1pppp/3p1n2/8/1nB1P3/1PP5/P2P1PPP/RNBQK1NR w KQkq - 2 5,0,minic,Level=25,minic,Level=26,1/2-1/2,0.5,80,0.283947599993553,complete,,5
matchup_025_opening_005_1,matchup_025,opening_005,r1bqkb1r/ppp1pppp/3p1n2/8/1nB1P3/1PP5/P2P1PPP/RNBQK1NR w KQkq - 2 5,1,minic,Level=26,minic,Level=25,1/2-1/2,0.5,80,0.29030200000852346,complete,,5
matchup_025_opening_006_0,matchup_025,opening_006,r1b1k1nr/pppp1ppp/n3p3/6q1/1b6/P2P4/2PNPPPP/R1BQKBNR w KQkq - 0 5,0,minic,Level=25,minic,Level=26,1/2-1/2,0.5,80,0.2963476000004448,complete,,6
matchup_025_opening_006_1,matchup_025,opening_006,r1b1k1nr/pppp1ppp/n3p3/6q1/1b6/P2P4/2PNPPPP/R1BQKBNR w KQkq - 0 5,1,minic,Level=26,minic,Level=25,1/2-1/2,0.5,80,0.30309840000700206,complete,,6
matchup_025_opening_007_0,matchup_025,opening_007,rn1qkb1r/ppp1p1pp/3p1n2/5p2/1P6/2N2PPb/P1PPP2P/R1BQKBNR w KQkq - 1 5,0,minic,Level=25,minic,Level=26,1/2-1/2,0.5,80,0.26836420001927763,complete,,7
matchup_025_opening_007_1,matchup_025,opening_007,rn1qkb1r/ppp1p1pp/3p1n2/5p2/1P6/2N2PPb/P1PPP2P/R1BQKBNR w KQkq - 1 5,1,minic,Level=26,minic,Level=25,1/2-1/2,0.5,80,0.27173859998583794,complete,,7
matchup_025_opening_008_0,matchup_025,opening_008,r1bq1bnr/pppkpppp/8/3p4/4P3/2N5/PPPP1PPP/R1BQK1NR w KQ - 0 5,0,minic,Level=25,minic,Level=26,1/2-1/2,0.5,80,0.26715169998351485,complete,,8
matchup_025_opening_008_1,matchup_025,opening_008,r1bq1bnr/pppkpppp/8/3p4/4P3/2N5/PPPP1PPP/R1BQK1NR w KQ - 0 5,1,minic,Level=26,minic,Level=25,1/2-1/2,0.5,80,0.28062400000635535,complete,,8
matchup_025_opening_009_0,matchup_025,opening_009,rnbq1bnr/p1ppkp1p/1p4p1/4p3/8/3P2P1/PPPNPP1P/RNBQKB1R w KQ - 2 5,0,minic,Level=25,minic,Level=26,1/2-1/2,0.5,80,0.27561459998833016,complete,,9
matchup_025_opening_009_1,matchup_025,opening_009,rnbq1bnr/p1ppkp1p/1p4p1/4p3/8/3P2P1/PPPNPP1P/RNBQKB1R w KQ - 2 5,1,minic,Level=26,minic,Level=25,1/2-1/2,0.5,80,0.27165339997736737,complete,,9
matchup_025_opening_010_0,matchup_025,opening_010,rn1qkbnr/1pp1ppp1/p6p/3p1b2/2P2P2/P6N/1P1PP1PP/RNBQKB1R w KQkq - 0 5,0,minic,Level=25,minic,Level=26,1/2-1/2,0.5,80,0.29321939998771995,complete,,10
matchup_025_opening_010_1,matchup_025,opening_010,rn1qkbnr/1pp1ppp1/p6p/3p1b2/2P2P2/P6N/1P1PP1PP/RNBQKB1R w KQkq - 0 5,1,minic,Level=26,minic,Level=25,1/2-1/2,0.5,80,0.28878429997712374,complete,,10
matchup_025_opening_011_0,matchup_025,opening_011,r1bqkbnr/pp1p2pp/n1p1p3/5p2/P2P1B2/8/1PP1PPPP/RN1QKBNR w KQkq - 0 5,0,minic,Level=25,minic,Level=26,1/2-1/2,0.5,80,0.2740332999965176,complete,,11
matchup_025_opening_011_1,matchup_025,opening_011,r1bqkbnr/pp1p2pp/n1p1p3/5p2/P2P1B2/8/1PP1PPPP/RN1QKBNR w KQkq - 0 5,1,minic,Level=26,minic,Level=25,1/2-1/2,0.5,80,0.28149839997058734,complete,,11
matchup_025_opening_012_0,matchup_025,opening_012,r1bqkbnr/ppppppp1/8/7p/Q1P3P1/1P1n4/P2PPP1P/RNB1KBNR w KQkq - 1 5,0,minic,Level=25,minic,Level=26,1/2-1/2,0.5,80,0.271196499990765,complete,,12
matchup_025_opening_012_1,matchup_025,opening_012,r1bqkbnr/ppppppp1/8/7p/Q1P3P1/1P1n4/P2PPP1P/RNB1KBNR w KQkq - 1 5,1,minic,Level=26,minic,Level=25,1/2-1/2,0.5,80,0.2780847000540234,complete,,12
matchup_025_opening_013_0,matchup_025,opening_013,rnbqkbnr/ppp3pp/4pp2/3p4/8/2PP4/PP2PPPP/RNBQKBNR w KQkq - 0 5,0,minic,Level=25,minic,Level=26,1/2-1/2,0.5,80,0.2937697999877855,complete,,13
matchup_025_opening_013_1,matchup_025,opening_013,rnbqkbnr/ppp3pp/4pp2/3p4/8/2PP4/PP2PPPP/RNBQKBNR w KQkq - 0 5,1,minic,Level=26,minic,Level=25,1/2-1/2,0.5,80,0.29111079999711365,complete,,13
matchup_025_opening_014_0,matchup_025,opening_014,rnbqk1nr/ppppp2p/6pb/8/2P2pPP/P7/1P1PPP2/RNBQKBNR w KQkq - 0 5,0,minic,Level=25,minic,Level=26,1/2-1/2,0.5,80,0.28446080000139773,complete,,14
matchup_025_opening_014_1,matchup_025,opening_014,rnbqk1nr/ppppp2p/6pb/8/2P2pPP/P7/1P1PPP2/RNBQKBNR w KQkq - 0 5,1,minic,Level=26,minic,Level=25,1/2-1/2,0.5,80,0.2761781999724917,complete,,14
matchup_025_opening_015_0,matchup_025,opening_015,rnb1kbnr/1ppp1pp1/8/p2Pp2p/4P2q/2N5/PPP2PPP/R1BQKBNR w KQkq - 2 5,0,minic,Level=25,minic,Level=26,1/2-1/2,0.5,80,0.2893779000150971,complete,,15
matchup_025_opening_015_1,matchup_025,opening_015,rnb1kbnr/1ppp1pp1/8/p2Pp2p/4P2q/2N5/PPP2PPP/R1BQKBNR w KQkq - 2 5,1,minic,Level=26,minic,Level=25,1/2-1/2,0.5,80,0.28536569996504113,complete,,15
matchup_025_opening_016_0,matchup_025,opening_016,rn1qkbnr/p2pppp1/b7/1pP4p/5P2/8/PPP1PKPP/RNBQ1BNR w kq - 0 5,0,minic,Level=25,minic,Level=26,1/2-1/2,0.5,80,0.2768513999762945,complete,,16
matchup_025_opening_016_1,matchup_025,opening_016,rn1qkbnr/p2pppp1/b7/1pP4p/5P2/8/PPP1PKPP/RNBQ1BNR w kq - 0 5,1,minic,Level=26,minic,Level=25,1/2-1/2,0.5,80,0.27236249996349216,complete,,16
matchup_025_opening_017_0,matchup_025,opening_017,rnbqkbnr/p1p3pp/1p1pp3/5pP1/P3P3/8/1PPP1P1P/RNBQKBNR w KQkq - 0 5,0,minic,Level=25,minic,Level=26,1/2-1/2,0.5,80,0.2676558999810368,complete,,17
matchup_025_opening_017_1,matchup_025,opening_017,rnbqkbnr/p1p3pp/1p1pp3/5pP1/P3P3/8/1PPP1P1P/RNBQKBNR w KQkq - 0 5,1,minic,Level=26,minic,Level=25,1/2-1/2,0.5,80,0.2728666999610141,complete,,17
matchup_025_opening_018_0,matchup_025,opening_018,rnbqkb1r/ppp2ppp/3pp3/3P1n2/8/6PP/PPP1PP2/RNBQKBNR w KQkq - 1 5,0,minic,Level=25,minic,Level=26,1/2-1/2,0.5,80,0.2774549999739975,complete,,18
matchup_025_opening_018_1,matchup_025,opening_018,rnbqkb1r/ppp2ppp/3pp3/3P1n2/8/6PP/PPP1PP2/RNBQKBNR w KQkq - 1 5,1,minic,Level=26,minic,Level=25,1/2-1/2,0.5,80,0.28142139996634796,complete,,18
matchup_025_opening_019_0,matchup_025,opening_019,rnb1kbnr/1pqppp1p/2p5/p5p1/3P4/1QP4P/PP2PPP1/RNB1KBNR w KQkq - 0 5,0,minic,Level=25,minic,Level=26,1/2-1/2,0.5,80,0.2821855999645777,complete,,19
matchup_025_opening_019_1,matchup_025,opening_019,rnb1kbnr/1pqppp1p/2p5/p5p1/3P4/1QP4P/PP2PPP1/RNB1KBNR w KQkq - 0 5,1,minic,Level=26,minic,Level=25,1/2-1/2,0.5,80,0.2772518999991007,complete,,19
matchup_026_opening_000_0,matchup_026,opening_000,rn1qkb1r/2pppppp/bp3n2/p7/4B3/3PP3/PPP2PPP/RNBQK1NR w KQkq - 1 5,0,minic,Level=26,minic,Level=27,1/2-1/2,0.5,80,0.38380999997025356,complete,,0
matchup_026_opening_000_1,matchup_026,opening_000,rn1qkb1r/2pppppp/bp3n2/p7/4B3/3PP3/PPP2PPP/RNBQK1NR w KQkq - 1 5,1,minic,Level=27,minic,Level=26,1/2-1/2,0.5,80,0.3065599999972619,complete,,0
matchup_026_opening_001_0,matchup_026,opening_001,rnbqkbnr/1p2pppp/8/p1pp4/6P1/N6P/PPPPPP2/R1BQKBNR w KQkq - 0 5,0,minic,Level=26,minic,Level=27,1/2-1/2,0.5,80,0.3324690000154078,complete,,1
matchup_026_opening_001_1,matchup_026,opening_001,rnbqkbnr/1p2pppp/8/p1pp4/6P1/N6P/PPPPPP2/R1BQKBNR w KQkq - 0 5,1,minic,Level=27,minic,Level=26,1/2-1/2,0.5,80,0.3282263000146486,complete,,1
matchup_026_opening_002_0,matchup_026,opening_002,rnb1kbnr/pppp1p1p/5qp1/4p3/7P/1P3PP1/P1PPP3/RNBQKBNR w KQkq - 0 5,0,minic,Level=26,minic,Level=27,1/2-1/2,0.5,80,0.31408350000856444,complete,,2
matchup_026_opening_002_1,matchup_026,opening_002,rnb1kbnr/pppp1p1p/5qp1/4p3/7P/1P3PP1/P1PPP3/RNBQKBNR w KQkq - 0 5,1,minic,Level=27,minic,Level=26,1/2-1/2,0.5,80,0.3207356999628246,complete,,2
matchup_026_opening_003_0,matchup_026,opening_003,rnbqk1nr/1ppp1ppp/1b2p3/p7/P7/2P2P1P/1P1PP1P1/RNBQKBNR w KQkq - 1 5,0,minic,Level=26,minic,Level=27,1/2-1/2,0.5,80,0.3647670999635011,complete,,3
matchup_026_opening_003_1,matchup_026,opening_003,rnbqk1nr/1ppp1ppp/1b2p3/p7/P7/2P2P1P/1P1PP1P1/RNBQKBNR w KQkq - 1 5,1,minic,Level=27,minic,Level=26,1/2-1/2,0.5,80,0.33188469999004155,complete,,3
matchup_026_opening_004_0,matchup_026,opening_004,rnbqkbnr/2ppp1p1/1p3p2/p6p/2P5/4P2P/PP1PKPP1/RNBQ1BNR w kq - 0 5,0,minic,Level=26,minic,Level=27,1/2-1/2,0.5,80,0.31114780000643805,complete,,4
matchup_026_opening_004_1,matchup_026,opening_004,rnbqkbnr/2ppp1p1/1p3p2/p6p/2P5/4P2P/PP1PKPP1/RNBQ1BNR w kq - 0 5,1,minic,Level=27,minic,Level=26,1/2-1/2,0.5,80,0.29876630002399907,complete,,4
matchup_026_opening_005_0,matchup_026,opening_005,r1bqkb1r/ppp1pppp/3p1n2/8/1nB1P3/1PP5/P2P1PPP/RNBQK1NR w KQkq - 2 5,0,minic,Level=26,minic,Level=27,1/2-1/2,0.5,80,0.3176172000239603,complete,,5
matchup_026_opening_005_1,matchup_026,opening_005,r1bqkb1r/ppp1pppp/3p1n2/8/1nB1P3/1PP5/P2P1PPP/RNBQK1NR w KQkq - 2 5,1,minic,Level=27,minic,Level=26,1/2-1/2,0.5,80,0.33217320003313944,complete,,5
matchup_026_opening_006_0,matchup_026,opening_006,r1b1k1nr/pppp1ppp/n3p3/6q1/1b6/P2P4/2PNPPPP/R1BQKBNR w KQkq - 0 5,0,minic,Level=26,minic,Level=27,1/2-1/2,0.5,80,0.2974141999729909,complete,,6
matchup_026_opening_006_1,matchup_026,opening_006,r1b1k1nr/pppp1ppp/n3p3/6q1/1b6/P2P4/2PNPPPP/R1BQKBNR w KQkq - 0 5,1,minic,Level=27,minic,Level=26,1/2-1/2,0.5,80,0.3105871999869123,complete,,6
matchup_026_opening_007_0,matchup_026,opening_007,rn1qkb1r/ppp1p1pp/3p1n2/5p2/1P6/2N2PPb/P1PPP2P/R1BQKBNR w KQkq - 1 5,0,minic,Level=26,minic,Level=27,1/2-1/2,0.5,80,0.3195410000043921,complete,,7
matchup_026_opening_007_1,matchup_026,opening_007,rn1qkb1r/ppp1p1pp/3p1n2/5p2/1P6/2N2PPb/P1PPP2P/R1BQKBNR w KQkq - 1 5,1,minic,Level=27,minic,Level=26,1/2-1/2,0.5,80,0.29262970003765076,complete,,7
matchup_026_opening_008_0,matchup_026,opening_008,r1bq1bnr/pppkpppp/8/3p4/4P3/2N5/PPPP1PPP/R1BQK1NR w KQ - 0 5,0,minic,Level=26,minic,Level=27,1/2-1/2,0.5,80,0.3019464999670163,complete,,8
matchup_026_opening_008_1,matchup_026,opening_008,r1bq1bnr/pppkpppp/8/3p4/4P3/2N5/PPPP1PPP/R1BQK1NR w KQ - 0 5,1,minic,Level=27,minic,Level=26,1/2-1/2,0.5,80,0.3258371000410989,complete,,8
matchup_026_opening_009_0,matchup_026,opening_009,rnbq1bnr/p1ppkp1p/1p4p1/4p3/8/3P2P1/PPPNPP1P/RNBQKB1R w KQ - 2 5,0,minic,Level=26,minic,Level=27,1/2-1/2,0.5,80,0.30052940000314265,complete,,9
matchup_026_opening_009_1,matchup_026,opening_009,rnbq1bnr/p1ppkp1p/1p4p1/4p3/8/3P2P1/PPPNPP1P/RNBQKB1R w KQ - 2 5,1,minic,Level=27,minic,Level=26,1/2-1/2,0.5,80,0.2934063999564387,complete,,9
matchup_026_opening_010_0,matchup_026,opening_010,rn1qkbnr/1pp1ppp1/p6p/3p1b2/2P2P2/P6N/1P1PP1PP/RNBQKB1R w KQkq - 0 5,0,minic,Level=26,minic,Level=27,1/2-1/2,0.5,80,0.32117299997480586,complete,,10
matchup_026_opening_010_1,matchup_026,opening_010,rn1qkbnr/1pp1ppp1/p6p/3p1b2/2P2P2/P6N/1P1PP1PP/RNBQKB1R w KQkq - 0 5,1,minic,Level=27,minic,Level=26,1/2-1/2,0.5,80,0.2964368999819271,complete,,10
matchup_026_opening_011_0,matchup_026,opening_011,r1bqkbnr/pp1p2pp/n1p1p3/5p2/P2P1B2/8/1PP1PPPP/RN1QKBNR w KQkq - 0 5,0,minic,Level=26,minic,Level=27,1/2-1/2,0.5,80,0.2996788999880664,complete,,11
matchup_026_opening_011_1,matchup_026,opening_011,r1bqkbnr/pp1p2pp/n1p1p3/5p2/P2P1B2/8/1PP1PPPP/RN1QKBNR w KQkq - 0 5,1,minic,Level=27,minic,Level=26,1/2-1/2,0.5,80,0.3142459000227973,complete,,11
matchup_026_opening_012_0,matchup_026,opening_012,r1bqkbnr/ppppppp1/8/7p/Q1P3P1/1P1n4/P2PPP1P/RNB1KBNR w KQkq - 1 5,0,minic,Level=26,minic,Level=27,1/2-1/2,0.5,80,0.3223491999669932,complete,,12
matchup_026_opening_012_1,matchup_026,opening_012,r1bqkbnr/ppppppp1/8/7p/Q1P3P1/1P1n4/P2PPP1P/RNB1KBNR w KQkq - 1 5,1,minic,Level=27,minic,Level=26,1/2-1/2,0.5,80,0.2896677000098862,complete,,12
matchup_026_opening_013_0,matchup_026,opening_013,rnbqkbnr/ppp3pp/4pp2/3p4/8/2PP4/PP2PPPP/RNBQKBNR w KQkq - 0 5,0,minic,Level=26,minic,Level=27,1/2-1/2,0.5,80,0.30771120003191754,complete,,13
matchup_026_opening_013_1,matchup_026,opening_013,rnbqkbnr/ppp3pp/4pp2/3p4/8/2PP4/PP2PPPP/RNBQKBNR w KQkq - 0 5,1,minic,Level=27,minic,Level=26,1/2-1/2,0.5,80,0.31786800001282245,complete,,13
matchup_026_opening_014_0,matchup_026,opening_014,rnbqk1nr/ppppp2p/6pb/8/2P2pPP/P7/1P1PPP2/RNBQKBNR w KQkq - 0 5,0,minic,Level=26,minic,Level=27,1/2-1/2,0.5,80,0.3030362999998033,complete,,14
matchup_026_opening_014_1,matchup_026,opening_014,rnbqk1nr/ppppp2p/6pb/8/2P2pPP/P7/1P1PPP2/RNBQKBNR w KQkq - 0 5,1,minic,Level=27,minic,Level=26,1/2-1/2,0.5,80,0.30683010001666844,complete,,14
matchup_026_opening_015_0,matchup_026,opening_015,rnb1kbnr/1ppp1pp1/8/p2Pp2p/4P2q/2N5/PPP2PPP/R1BQKBNR w KQkq - 2 5,0,minic,Level=26,minic,Level=27,1/2-1/2,0.5,80,0.33843679999699816,complete,,15
matchup_026_opening_015_1,matchup_026,opening_015,rnb1kbnr/1ppp1pp1/8/p2Pp2p/4P2q/2N5/PPP2PPP/R1BQKBNR w KQkq - 2 5,1,minic,Level=27,minic,Level=26,1/2-1/2,0.5,80,0.30050449998816475,complete,,15
matchup_026_opening_016_0,matchup_026,opening_016,rn1qkbnr/p2pppp1/b7/1pP4p/5P2/8/PPP1PKPP/RNBQ1BNR w kq - 0 5,0,minic,Level=26,minic,Level=27,1/2-1/2,0.5,80,0.30200550000881776,complete,,16
matchup_026_opening_016_1,matchup_026,opening_016,rn1qkbnr/p2pppp1/b7/1pP4p/5P2/8/PPP1PKPP/RNBQ1BNR w kq - 0 5,1,minic,Level=27,minic,Level=26,1/2-1/2,0.5,80,0.3524885000078939,complete,,16
matchup_026_opening_017_0,matchup_026,opening_017,rnbqkbnr/p1p3pp/1p1pp3/5pP1/P3P3/8/1PPP1P1P/RNBQKBNR w KQkq - 0 5,0,minic,Level=26,minic,Level=27,1/2-1/2,0.5,80,0.3159172000014223,complete,,17
matchup_026_opening_017_1,matchup_026,opening_017,rnbqkbnr/p1p3pp/1p1pp3/5pP1/P3P3/8/1PPP1P1P/RNBQKBNR w KQkq - 0 5,1,minic,Level=27,minic,Level=26,1/2-1/2,0.5,80,0.31330200005322695,complete,,17
matchup_026_opening_018_0,matchup_026,opening_018,rnbqkb1r/ppp2ppp/3pp3/3P1n2/8/6PP/PPP1PP2/RNBQKBNR w KQkq - 1 5,0,minic,Level=26,minic,Level=27,1/2-1/2,0.5,80,0.30426850001094863,complete,,18
matchup_026_opening_018_1,matchup_026,opening_018,rnbqkb1r/ppp2ppp/3pp3/3P1n2/8/6PP/PPP1PP2/RNBQKBNR w KQkq - 1 5,1,minic,Level=27,minic,Level=26,1/2-1/2,0.5,80,0.2996706999838352,complete,,18
matchup_026_opening_019_0,matchup_026,opening_019,rnb1kbnr/1pqppp1p/2p5/p5p1/3P4/1QP4P/PP2PPP1/RNB1KBNR w KQkq - 0 5,0,minic,Level=26,minic,Level=27,1/2-1/2,0.5,80,0.2954704000148922,complete,,19
matchup_026_opening_019_1,matchup_026,opening_019,rnb1kbnr/1pqppp1p/2p5/p5p1/3P4/1QP4P/PP2PPP1/RNB1KBNR w KQkq - 0 5,1,minic,Level=27,minic,Level=26,1/2-1/2,0.5,80,0.31806520000100136,complete,,19
matchup_027_opening_000_0,matchup_027,opening_000,rn1qkb1r/2pppppp/bp3n2/p7/4B3/3PP3/PPP2PPP/RNBQK1NR w KQkq - 1 5,0,minic,Level=27,minic,Level=28,1/2-1/2,0.5,80,0.31522320001386106,complete,,0
matchup_027_opening_000_1,matchup_027,opening_000,rn1qkb1r/2pppppp/bp3n2/p7/4B3/3PP3/PPP2PPP/RNBQK1NR w KQkq - 1 5,1,minic,Level=28,minic,Level=27,1/2-1/2,0.5,80,0.2903065999853425,complete,,0
matchup_027_opening_001_0,matchup_027,opening_001,rnbqkbnr/1p2pppp/8/p1pp4/6P1/N6P/PPPPPP2/R1BQKBNR w KQkq - 0 5,0,minic,Level=27,minic,Level=28,1/2-1/2,0.5,80,0.2905276999808848,complete,,1
matchup_027_opening_001_1,matchup_027,opening_001,rnbqkbnr/1p2pppp/8/p1pp4/6P1/N6P/PPPPPP2/R1BQKBNR w KQkq - 0 5,1,minic,Level=28,minic,Level=27,1/2-1/2,0.5,80,0.2863325999933295,complete,,1
matchup_027_opening_002_0,matchup_027,opening_002,rnb1kbnr/pppp1p1p/5qp1/4p3/7P/1P3PP1/P1PPP3/RNBQKBNR w KQkq - 0 5,0,minic,Level=27,minic,Level=28,1-0,1.0,75,0.2675206999992952,complete,,2
matchup_027_opening_002_1,matchup_027,opening_002,rnb1kbnr/pppp1p1p/5qp1/4p3/7P/1P3PP1/P1PPP3/RNBQKBNR w KQkq - 0 5,1,minic,Level=28,minic,Level=27,1/2-1/2,0.5,80,0.30056609999155626,complete,,2
matchup_027_opening_003_0,matchup_027,opening_003,rnbqk1nr/1ppp1ppp/1b2p3/p7/P7/2P2P1P/1P1PP1P1/RNBQKBNR w KQkq - 1 5,0,minic,Level=27,minic,Level=28,1/2-1/2,0.5,80,0.278736200009007,complete,,3
matchup_027_opening_003_1,matchup_027,opening_003,rnbqk1nr/1ppp1ppp/1b2p3/p7/P7/2P2P1P/1P1PP1P1/RNBQKBNR w KQkq - 1 5,1,minic,Level=28,minic,Level=27,1/2-1/2,0.5,80,0.2742244999972172,complete,,3
matchup_027_opening_004_0,matchup_027,opening_004,rnbqkbnr/2ppp1p1/1p3p2/p6p/2P5/4P2P/PP1PKPP1/RNBQ1BNR w kq - 0 5,0,minic,Level=27,minic,Level=28,1/2-1/2,0.5,80,0.2811214000103064,complete,,4
matchup_027_opening_004_1,matchup_027,opening_004,rnbqkbnr/2ppp1p1/1p3p2/p6p/2P5/4P2P/PP1PKPP1/RNBQ1BNR w kq - 0 5,1,minic,Level=28,minic,Level=27,1/2-1/2,0.5,80,0.2981688999570906,complete,,4
matchup_027_opening_005_0,matchup_027,opening_005,r1bqkb1r/ppp1pppp/3p1n2/8/1nB1P3/1PP5/P2P1PPP/RNBQK1NR w KQkq - 2 5,0,minic,Level=27,minic,Level=28,1/2-1/2,0.5,80,0.2995690000243485,complete,,5
matchup_027_opening_005_1,matchup_027,opening_005,r1bqkb1r/ppp1pppp/3p1n2/8/1nB1P3/1PP5/P2P1PPP/RNBQK1NR w KQkq - 2 5,1,minic,Level=28,minic,Level=27,1/2-1/2,0.5,80,0.2984295000205748,complete,,5
matchup_027_opening_006_0,matchup_027,opening_006,r1b1k1nr/pppp1ppp/n3p3/6q1/1b6/P2P4/2PNPPPP/R1BQKBNR w KQkq - 0 5,0,minic,Level=27,minic,Level=28,1/2-1/2,0.5,80,0.2908696999656968,complete,,6
matchup_027_opening_006_1,matchup_027,opening_006,r1b1k1nr/pppp1ppp/n3p3/6q1/1b6/P2P4/2PNPPPP/R1BQKBNR w KQkq - 0 5,1,minic,Level=28,minic,Level=27,1/2-1/2,0.5,80,0.2822832000092603,complete,,6
matchup_027_opening_007_0,matchup_027,opening_007,rn1qkb1r/ppp1p1pp/3p1n2/5p2/1P6/2N2PPb/P1PPP2P/R1BQKBNR w KQkq - 1 5,0,minic,Level=27,minic,Level=28,1/2-1/2,0.5,80,0.28290609997930005,complete,,7
matchup_027_opening_007_1,matchup_027,opening_007,rn1qkb1r/ppp1p1pp/3p1n2/5p2/1P6/2N2PPb/P1PPP2P/R1BQKBNR w KQkq - 1 5,1,minic,Level=28,minic,Level=27,1/2-1/2,0.5,80,0.2928097000112757,complete,,7
matchup_027_opening_008_0,matchup_027,opening_008,r1bq1bnr/pppkpppp/8/3p4/4P3/2N5/PPPP1PPP/R1BQK1NR w KQ - 0 5,0,minic,Level=27,minic,Level=28,1/2-1/2,0.5,80,0.2822511999984272,complete,,8
matchup_027_opening_008_1,matchup_027,opening_008,r1bq1bnr/pppkpppp/8/3p4/4P3/2N5/PPPP1PPP/R1BQK1NR w KQ - 0 5,1,minic,Level=28,minic,Level=27,1/2-1/2,0.5,80,0.29042109998408705,complete,,8
matchup_027_opening_009_0,matchup_027,opening_009,rnbq1bnr/p1ppkp1p/1p4p1/4p3/8/3P2P1/PPPNPP1P/RNBQKB1R w KQ - 2 5,0,minic,Level=27,minic,Level=28,1/2-1/2,0.5,80,0.29644040000857785,complete,,9
matchup_027_opening_009_1,matchup_027,opening_009,rnbq1bnr/p1ppkp1p/1p4p1/4p3/8/3P2P1/PPPNPP1P/RNBQKB1R w KQ - 2 5,1,minic,Level=28,minic,Level=27,1/2-1/2,0.5,80,0.2933430999983102,complete,,9
matchup_027_opening_010_0,matchup_027,opening_010,rn1qkbnr/1pp1ppp1/p6p/3p1b2/2P2P2/P6N/1P1PP1PP/RNBQKB1R w KQkq - 0 5,0,minic,Level=27,minic,Level=28,1/2-1/2,0.5,80,0.2841578000225127,complete,,10
matchup_027_opening_010_1,matchup_027,opening_010,rn1qkbnr/1pp1ppp1/p6p/3p1b2/2P2P2/P6N/1P1PP1PP/RNBQKB1R w KQkq - 0 5,1,minic,Level=28,minic,Level=27,1/2-1/2,0.5,80,0.28853240003809333,complete,,10
matchup_027_opening_011_0,matchup_027,opening_011,r1bqkbnr/pp1p2pp/n1p1p3/5p2/P2P1B2/8/1PP1PPPP/RN1QKBNR w KQkq - 0 5,0,minic,Level=27,minic,Level=28,1/2-1/2,0.5,80,0.2963255000067875,complete,,11
matchup_027_opening_011_1,matchup_027,opening_011,r1bqkbnr/pp1p2pp/n1p1p3/5p2/P2P1B2/8/1PP1PPPP/RN1QKBNR w KQkq - 0 5,1,minic,Level=28,minic,Level=27,1/2-1/2,0.5,80,0.295407300000079,complete,,11
matchup_027_opening_012_0,matchup_027,opening_012,r1bqkbnr/ppppppp1/8/7p/Q1P3P1/1P1n4/P2PPP1P/RNB1KBNR w KQkq - 1 5,0,minic,Level=27,minic,Level=28,1/2-1/2,0.5,80,0.273953799973242,complete,,12
matchup_027_opening_012_1,matchup_027,opening_012,r1bqkbnr/ppppppp1/8/7p/Q1P3P1/1P1n4/P2PPP1P/RNB1KBNR w KQkq - 1 5,1,minic,Level=28,minic,Level=27,1/2-1/2,0.5,80,0.2966265000286512,complete,,12
matchup_027_opening_013_0,matchup_027,opening_013,rnbqkbnr/ppp3pp/4pp2/3p4/8/2PP4/PP2PPPP/RNBQKBNR w KQkq - 0 5,0,minic,Level=27,minic,Level=28,1/2-1/2,0.5,80,0.28724949999013916,complete,,13
matchup_027_opening_013_1,matchup_027,opening_013,rnbqkbnr/ppp3pp/4pp2/3p4/8/2PP4/PP2PPPP/RNBQKBNR w KQkq - 0 5,1,minic,Level=28,minic,Level=27,1/2-1/2,0.5,80,0.2887114000041038,complete,,13
matchup_027_opening_014_0,matchup_027,opening_014,rnbqk1nr/ppppp2p/6pb/8/2P2pPP/P7/1P1PPP2/RNBQKBNR w KQkq - 0 5,0,minic,Level=27,minic,Level=28,1/2-1/2,0.5,80,0.2906189999775961,complete,,14
matchup_027_opening_014_1,matchup_027,opening_014,rnbqk1nr/ppppp2p/6pb/8/2P2pPP/P7/1P1PPP2/RNBQKBNR w KQkq - 0 5,1,minic,Level=28,minic,Level=27,1/2-1/2,0.5,80,0.2990558000165038,complete,,14
matchup_027_opening_015_0,matchup_027,opening_015,rnb1kbnr/1ppp1pp1/8/p2Pp2p/4P2q/2N5/PPP2PPP/R1BQKBNR w KQkq - 2 5,0,minic,Level=27,minic,Level=28,1/2-1/2,0.5,80,0.28028929996071383,complete,,15
matchup_027_opening_015_1,matchup_027,opening_015,rnb1kbnr/1ppp1pp1/8/p2Pp2p/4P2q/2N5/PPP2PPP/R1BQKBNR w KQkq - 2 5,1,minic,Level=28,minic,Level=27,1/2-1/2,0.5,80,0.27869720000308007,complete,,15
matchup_027_opening_016_0,matchup_027,opening_016,rn1qkbnr/p2pppp1/b7/1pP4p/5P2/8/PPP1PKPP/RNBQ1BNR w kq - 0 5,0,minic,Level=27,minic,Level=28,1/2-1/2,0.5,80,0.2884131000027992,complete,,16
matchup_027_opening_016_1,matchup_027,opening_016,rn1qkbnr/p2pppp1/b7/1pP4p/5P2/8/PPP1PKPP/RNBQ1BNR w kq - 0 5,1,minic,Level=28,minic,Level=27,1/2-1/2,0.5,80,0.286966499988921,complete,,16
matchup_027_opening_017_0,matchup_027,opening_017,rnbqkbnr/p1p3pp/1p1pp3/5pP1/P3P3/8/1PPP1P1P/RNBQKBNR w KQkq - 0 5,0,minic,Level=27,minic,Level=28,1/2-1/2,0.5,80,0.2851872000028379,complete,,17
matchup_027_opening_017_1,matchup_027,opening_017,rnbqkbnr/p1p3pp/1p1pp3/5pP1/P3P3/8/1PPP1P1P/RNBQKBNR w KQkq - 0 5,1,minic,Level=28,minic,Level=27,1-0,1.0,45,0.1280652999994345,complete,,17
matchup_027_opening_018_0,matchup_027,opening_018,rnbqkb1r/ppp2ppp/3pp3/3P1n2/8/6PP/PPP1PP2/RNBQKBNR w KQkq - 1 5,0,minic,Level=27,minic,Level=28,1/2-1/2,0.5,80,0.2843243000097573,complete,,18
matchup_027_opening_018_1,matchup_027,opening_018,rnbqkb1r/ppp2ppp/3pp3/3P1n2/8/6PP/PPP1PP2/RNBQKBNR w KQkq - 1 5,1,minic,Level=28,minic,Level=27,1/2-1/2,0.5,80,0.2848777999752201,complete,,18
matchup_027_opening_019_0,matchup_027,opening_019,rnb1kbnr/1pqppp1p/2p5/p5p1/3P4/1QP4P/PP2PPP1/RNB1KBNR w KQkq - 0 5,0,minic,Level=27,minic,Level=28,1/2-1/2,0.5,80,0.293774499965366,complete,,19
matchup_027_opening_019_1,matchup_027,opening_019,rnb1kbnr/1pqppp1p/2p5/p5p1/3P4/1QP4P/PP2PPP1/RNB1KBNR w KQkq - 0 5,1,minic,Level=28,minic,Level=27,1/2-1/2,0.5,80,0.2882106999750249,complete,,19
matchup_028_opening_000_0,matchup_028,opening_000,rn1qkb1r/2pppppp/bp3n2/p7/4B3/3PP3/PPP2PPP/RNBQK1NR w KQkq - 1 5,0,minic,Level=28,minic,Level=29,1/2-1/2,0.5,80,0.3137575999717228,complete,,0
matchup_028_opening_000_1,matchup_028,opening_000,rn1qkb1r/2pppppp/bp3n2/p7/4B3/3PP3/PPP2PPP/RNBQK1NR w KQkq - 1 5,1,minic,Level=29,minic,Level=28,1/2-1/2,0.5,80,0.29174820001935586,complete,,0
matchup_028_opening_001_0,matchup_028,opening_001,rnbqkbnr/1p2pppp/8/p1pp4/6P1/N6P/PPPPPP2/R1BQKBNR w KQkq - 0 5,0,minic,Level=28,minic,Level=29,1/2-1/2,0.5,80,0.2886276000062935,complete,,1
matchup_028_opening_001_1,matchup_028,opening_001,rnbqkbnr/1p2pppp/8/p1pp4/6P1/N6P/PPPPPP2/R1BQKBNR w KQkq - 0 5,1,minic,Level=29,minic,Level=28,1/2-1/2,0.5,80,0.28787229995941743,complete,,1
matchup_028_opening_002_0,matchup_028,opening_002,rnb1kbnr/pppp1p1p/5qp1/4p3/7P/1P3PP1/P1PPP3/RNBQKBNR w KQkq - 0 5,0,minic,Level=28,minic,Level=29,1/2-1/2,0.5,80,0.28780639998149127,complete,,2
matchup_028_opening_002_1,matchup_028,opening_002,rnb1kbnr/pppp1p1p/5qp1/4p3/7P/1P3PP1/P1PPP3/RNBQKBNR w KQkq - 0 5,1,minic,Level=29,minic,Level=28,1/2-1/2,0.5,80,0.2935087999794632,complete,,2
matchup_028_opening_003_0,matchup_028,opening_003,rnbqk1nr/1ppp1ppp/1b2p3/p7/P7/2P2P1P/1P1PP1P1/RNBQKBNR w KQkq - 1 5,0,minic,Level=28,minic,Level=29,1/2-1/2,0.5,80,0.282697000016924,complete,,3
matchup_028_opening_003_1,matchup_028,opening_003,rnbqk1nr/1ppp1ppp/1b2p3/p7/P7/2P2P1P/1P1PP1P1/RNBQKBNR w KQkq - 1 5,1,minic,Level=29,minic,Level=28,1/2-1/2,0.5,80,0.3293305999832228,complete,,3
matchup_028_opening_004_0,matchup_028,opening_004,rnbqkbnr/2ppp1p1/1p3p2/p6p/2P5/4P2P/PP1PKPP1/RNBQ1BNR w kq - 0 5,0,minic,Level=28,minic,Level=29,1/2-1/2,0.5,80,0.3036724000121467,complete,,4
matchup_028_opening_004_1,matchup_028,opening_004,rnbqkbnr/2ppp1p1/1p3p2/p6p/2P5/4P2P/PP1PKPP1/RNBQ1BNR w kq - 0 5,1,minic,Level=29,minic,Level=28,1/2-1/2,0.5,80,0.2801662999554537,complete,,4
matchup_028_opening_005_0,matchup_028,opening_005,r1bqkb1r/ppp1pppp/3p1n2/8/1nB1P3/1PP5/P2P1PPP/RNBQK1NR w KQkq - 2 5,0,minic,Level=28,minic,Level=29,1/2-1/2,0.5,80,0.3048195000155829,complete,,5
matchup_028_opening_005_1,matchup_028,opening_005,r1bqkb1r/ppp1pppp/3p1n2/8/1nB1P3/1PP5/P2P1PPP/RNBQK1NR w KQkq - 2 5,1,minic,Level=29,minic,Level=28,1/2-1/2,0.5,80,0.29458940000040457,complete,,5
matchup_028_opening_006_0,matchup_028,opening_006,r1b1k1nr/pppp1ppp/n3p3/6q1/1b6/P2P4/2PNPPPP/R1BQKBNR w KQkq - 0 5,0,minic,Level=28,minic,Level=29,1/2-1/2,0.5,80,0.2831512999837287,complete,,6
matchup_028_opening_006_1,matchup_028,opening_006,r1b1k1nr/pppp1ppp/n3p3/6q1/1b6/P2P4/2PNPPPP/R1BQKBNR w KQkq - 0 5,1,minic,Level=29,minic,Level=28,1/2-1/2,0.5,80,0.2963080000481568,complete,,6
matchup_028_opening_007_0,matchup_028,opening_007,rn1qkb1r/ppp1p1pp/3p1n2/5p2/1P6/2N2PPb/P1PPP2P/R1BQKBNR w KQkq - 1 5,0,minic,Level=28,minic,Level=29,1/2-1/2,0.5,80,0.2867784999543801,complete,,7
matchup_028_opening_007_1,matchup_028,opening_007,rn1qkb1r/ppp1p1pp/3p1n2/5p2/1P6/2N2PPb/P1PPP2P/R1BQKBNR w KQkq - 1 5,1,minic,Level=29,minic,Level=28,1/2-1/2,0.5,80,0.29396909999195486,complete,,7
matchup_028_opening_008_0,matchup_028,opening_008,r1bq1bnr/pppkpppp/8/3p4/4P3/2N5/PPPP1PPP/R1BQK1NR w KQ - 0 5,0,minic,Level=28,minic,Level=29,1/2-1/2,0.5,80,0.2694486000109464,complete,,8
matchup_028_opening_008_1,matchup_028,opening_008,r1bq1bnr/pppkpppp/8/3p4/4P3/2N5/PPPP1PPP/R1BQK1NR w KQ - 0 5,1,minic,Level=29,minic,Level=28,1-0,1.0,43,0.11522430001059547,complete,,8
matchup_028_opening_009_0,matchup_028,opening_009,rnbq1bnr/p1ppkp1p/1p4p1/4p3/8/3P2P1/PPPNPP1P/RNBQKB1R w KQ - 2 5,0,minic,Level=28,minic,Level=29,1/2-1/2,0.5,80,0.3161198000307195,complete,,9
matchup_028_opening_009_1,matchup_028,opening_009,rnbq1bnr/p1ppkp1p/1p4p1/4p3/8/3P2P1/PPPNPP1P/RNBQKB1R w KQ - 2 5,1,minic,Level=29,minic,Level=28,1/2-1/2,0.5,80,0.29501729999901727,complete,,9
matchup_028_opening_010_0,matchup_028,opening_010,rn1qkbnr/1pp1ppp1/p6p/3p1b2/2P2P2/P6N/1P1PP1PP/RNBQKB1R w KQkq - 0 5,0,minic,Level=28,minic,Level=29,1/2-1/2,0.5,80,0.2995247999788262,complete,,10
matchup_028_opening_010_1,matchup_028,opening_010,rn1qkbnr/1pp1ppp1/p6p/3p1b2/2P2P2/P6N/1P1PP1PP/RNBQKB1R w KQkq - 0 5,1,minic,Level=29,minic,Level=28,1/2-1/2,0.5,80,0.2930151000036858,complete,,10
matchup_028_opening_011_0,matchup_028,opening_011,r1bqkbnr/pp1p2pp/n1p1p3/5p2/P2P1B2/8/1PP1PPPP/RN1QKBNR w KQkq - 0 5,0,minic,Level=28,minic,Level=29,1/2-1/2,0.5,80,0.2884844999643974,complete,,11
matchup_028_opening_011_1,matchup_028,opening_011,r1bqkbnr/pp1p2pp/n1p1p3/5p2/P2P1B2/8/1PP1PPPP/RN1QKBNR w KQkq - 0 5,1,minic,Level=29,minic,Level=28,1/2-1/2,0.5,80,0.29493939998792484,complete,,11
matchup_028_opening_012_0,matchup_028,opening_012,r1bqkbnr/ppppppp1/8/7p/Q1P3P1/1P1n4/P2PPP1P/RNB1KBNR w KQkq - 1 5,0,minic,Level=28,minic,Level=29,1/2-1/2,0.5,80,0.2936916999751702,complete,,12
matchup_028_opening_012_1,matchup_028,opening_012,r1bqkbnr/ppppppp1/8/7p/Q1P3P1/1P1n4/P2PPP1P/RNB1KBNR w KQkq - 1 5,1,minic,Level=29,minic,Level=28,1/2-1/2,0.5,80,0.36674450000282377,complete,,12
matchup_028_opening_013_0,matchup_028,opening_013,rnbqkbnr/ppp3pp/4pp2/3p4/8/2PP4/PP2PPPP/RNBQKBNR w KQkq - 0 5,0,minic,Level=28,minic,Level=29,1/2-1/2,0.5,80,0.3102105000289157,complete,,13
matchup_028_opening_013_1,matchup_028,opening_013,rnbqkbnr/ppp3pp/4pp2/3p4/8/2PP4/PP2PPPP/RNBQKBNR w KQkq - 0 5,1,minic,Level=29,minic,Level=28,1/2-1/2,0.5,80,0.3064684999990277,complete,,13
matchup_028_opening_014_0,matchup_028,opening_014,rnbqk1nr/ppppp2p/6pb/8/2P2pPP/P7/1P1PPP2/RNBQKBNR w KQkq - 0 5,0,minic,Level=28,minic,Level=29,1/2-1/2,0.5,80,0.3044434000039473,complete,,14
matchup_028_opening_014_1,matchup_028,opening_014,rnbqk1nr/ppppp2p/6pb/8/2P2pPP/P7/1P1PPP2/RNBQKBNR w KQkq - 0 5,1,minic,Level=29,minic,Level=28,1/2-1/2,0.5,80,0.2919819999951869,complete,,14
matchup_028_opening_015_0,matchup_028,opening_015,rnb1kbnr/1ppp1pp1/8/p2Pp2p/4P2q/2N5/PPP2PPP/R1BQKBNR w KQkq - 2 5,0,minic,Level=28,minic,Level=29,1-0,1.0,37,0.10772259999066591,complete,,15
matchup_028_opening_015_1,matchup_028,opening_015,rnb1kbnr/1ppp1pp1/8/p2Pp2p/4P2q/2N5/PPP2PPP/R1BQKBNR w KQkq - 2 5,1,minic,Level=29,minic,Level=28,1/2-1/2,0.5,80,0.3509627000312321,complete,,15
matchup_028_opening_016_0,matchup_028,opening_016,rn1qkbnr/p2pppp1/b7/1pP4p/5P2/8/PPP1PKPP/RNBQ1BNR w kq - 0 5,0,minic,Level=28,minic,Level=29,1/2-1/2,0.5,80,0.33553480001864955,complete,,16
matchup_028_opening_016_1,matchup_028,opening_016,rn1qkbnr/p2pppp1/b7/1pP4p/5P2/8/PPP1PKPP/RNBQ1BNR w kq - 0 5,1,minic,Level=29,minic,Level=28,1/2-1/2,0.5,80,0.312864699983038,complete,,16
matchup_028_opening_017_0,matchup_028,opening_017,rnbqkbnr/p1p3pp/1p1pp3/5pP1/P3P3/8/1PPP1P1P/RNBQKBNR w KQkq - 0 5,0,minic,Level=28,minic,Level=29,0-1,0.0,36,0.09035840001888573,complete,,17
matchup_028_opening_017_1,matchup_028,opening_017,rnbqkbnr/p1p3pp/1p1pp3/5pP1/P3P3/8/1PPP1P1P/RNBQKBNR w KQkq - 0 5,1,minic,Level=29,minic,Level=28,1/2-1/2,0.5,80,0.2851980000268668,complete,,17
matchup_028_opening_018_0,matchup_028,opening_018,rnbqkb1r/ppp2ppp/3pp3/3P1n2/8/6PP/PPP1PP2/RNBQKBNR w KQkq - 1 5,0,minic,Level=28,minic,Level=29,1/2-1/2,0.5,80,0.33309080003527924,complete,,18
matchup_028_opening_018_1,matchup_028,opening_018,rnbqkb1r/ppp2ppp/3pp3/3P1n2/8/6PP/PPP1PP2/RNBQKBNR w KQkq - 1 5,1,minic,Level=29,minic,Level=28,1/2-1/2,0.5,80,0.3193087999825366,complete,,18
matchup_028_opening_019_0,matchup_028,opening_019,rnb1kbnr/1pqppp1p/2p5/p5p1/3P4/1QP4P/PP2PPP1/RNB1KBNR w KQkq - 0 5,0,minic,Level=28,minic,Level=29,1/2-1/2,0.5,80,0.32437089999439195,complete,,19
matchup_028_opening_019_1,matchup_028,opening_019,rnb1kbnr/1pqppp1p/2p5/p5p1/3P4/1QP4P/PP2PPP1/RNB1KBNR w KQkq - 0 5,1,minic,Level=29,minic,Level=28,1/2-1/2,0.5,80,0.3562670000246726,complete,,19
matchup_029_opening_000_0,matchup_029,opening_000,rn1qkb1r/2pppppp/bp3n2/p7/4B3/3PP3/PPP2PPP/RNBQK1NR w KQkq - 1 5,0,minic,Level=29,minic,Level=30,1/2-1/2,0.5,80,0.31310989998746663,complete,,0
matchup_029_opening_000_1,matchup_029,opening_000,rn1qkb1r/2pppppp/bp3n2/p7/4B3/3PP3/PPP2PPP/RNBQK1NR w KQkq - 1 5,1,minic,Level=30,minic,Level=29,1/2-1/2,0.5,80,0.29641650000121444,complete,,0
matchup_029_opening_001_0,matchup_029,opening_001,rnbqkbnr/1p2pppp/8/p1pp4/6P1/N6P/PPPPPP2/R1BQKBNR w KQkq - 0 5,0,minic,Level=29,minic,Level=30,1/2-1/2,0.5,80,0.30288049997761846,complete,,1
matchup_029_opening_001_1,matchup_029,opening_001,rnbqkbnr/1p2pppp/8/p1pp4/6P1/N6P/PPPPPP2/R1BQKBNR w KQkq - 0 5,1,minic,Level=30,minic,Level=29,1/2-1/2,0.5,80,0.30265130003681406,complete,,1
matchup_029_opening_002_0,matchup_029,opening_002,rnb1kbnr/pppp1p1p/5qp1/4p3/7P/1P3PP1/P1PPP3/RNBQKBNR w KQkq - 0 5,0,minic,Level=29,minic,Level=30,1/2-1/2,0.5,80,0.276499799976591,complete,,2
matchup_029_opening_002_1,matchup_029,opening_002,rnb1kbnr/pppp1p1p/5qp1/4p3/7P/1P3PP1/P1PPP3/RNBQKBNR w KQkq - 0 5,1,minic,Level=30,minic,Level=29,1/2-1/2,0.5,80,0.28552929998841137,complete,,2
matchup_029_opening_003_0,matchup_029,opening_003,rnbqk1nr/1ppp1ppp/1b2p3/p7/P7/2P2P1P/1P1PP1P1/RNBQKBNR w KQkq - 1 5,0,minic,Level=29,minic,Level=30,1/2-1/2,0.5,80,0.2876928999903612,complete,,3
matchup_029_opening_003_1,matchup_029,opening_003,rnbqk1nr/1ppp1ppp/1b2p3/p7/P7/2P2P1P/1P1PP1P1/RNBQKBNR w KQkq - 1 5,1,minic,Level=30,minic,Level=29,1/2-1/2,0.5,80,0.28751850000116974,complete,,3
matchup_029_opening_004_0,matchup_029,opening_004,rnbqkbnr/2ppp1p1/1p3p2/p6p/2P5/4P2P/PP1PKPP1/RNBQ1BNR w kq - 0 5,0,minic,Level=29,minic,Level=30,1/2-1/2,0.5,80,0.2819492999697104,complete,,4
matchup_029_opening_004_1,matchup_029,opening_004,rnbqkbnr/2ppp1p1/1p3p2/p6p/2P5/4P2P/PP1PKPP1/RNBQ1BNR w kq - 0 5,1,minic,Level=30,minic,Level=29,1/2-1/2,0.5,80,0.28450820001307875,complete,,4
matchup_029_opening_005_0,matchup_029,opening_005,r1bqkb1r/ppp1pppp/3p1n2/8/1nB1P3/1PP5/P2P1PPP/RNBQK1NR w KQkq - 2 5,0,minic,Level=29,minic,Level=30,1/2-1/2,0.5,80,0.292853599996306,complete,,5
matchup_029_opening_005_1,matchup_029,opening_005,r1bqkb1r/ppp1pppp/3p1n2/8/1nB1P3/1PP5/P2P1PPP/RNBQK1NR w KQkq - 2 5,1,minic,Level=30,minic,Level=29,1/2-1/2,0.5,80,0.29977290000533685,complete,,5
matchup_029_opening_006_0,matchup_029,opening_006,r1b1k1nr/pppp1ppp/n3p3/6q1/1b6/P2P4/2PNPPPP/R1BQKBNR w KQkq - 0 5,0,minic,Level=29,minic,Level=30,1/2-1/2,0.5,80,0.3302572999964468,complete,,6
matchup_029_opening_006_1,matchup_029,opening_006,r1b1k1nr/pppp1ppp/n3p3/6q1/1b6/P2P4/2PNPPPP/R1BQKBNR w KQkq - 0 5,1,minic,Level=30,minic,Level=29,1/2-1/2,0.5,80,0.28792149998480454,complete,,6
matchup_029_opening_007_0,matchup_029,opening_007,rn1qkb1r/ppp1p1pp/3p1n2/5p2/1P6/2N2PPb/P1PPP2P/R1BQKBNR w KQkq - 1 5,0,minic,Level=29,minic,Level=30,1/2-1/2,0.5,80,0.29065630002878606,complete,,7
matchup_029_opening_007_1,matchup_029,opening_007,rn1qkb1r/ppp1p1pp/3p1n2/5p2/1P6/2N2PPb/P1PPP2P/R1BQKBNR w KQkq - 1 5,1,minic,Level=30,minic,Level=29,1/2-1/2,0.5,80,0.2818371999892406,complete,,7
matchup_029_opening_008_0,matchup_029,opening_008,r1bq1bnr/pppkpppp/8/3p4/4P3/2N5/PPPP1PPP/R1BQK1NR w KQ - 0 5,0,minic,Level=29,minic,Level=30,1/2-1/2,0.5,80,0.28875779994996265,complete,,8
matchup_029_opening_008_1,matchup_029,opening_008,r1bq1bnr/pppkpppp/8/3p4/4P3/2N5/PPPP1PPP/R1BQK1NR w KQ - 0 5,1,minic,Level=30,minic,Level=29,1/2-1/2,0.5,80,0.29993340000510216,complete,,8
matchup_029_opening_009_0,matchup_029,opening_009,rnbq1bnr/p1ppkp1p/1p4p1/4p3/8/3P2P1/PPPNPP1P/RNBQKB1R w KQ - 2 5,0,minic,Level=29,minic,Level=30,1/2-1/2,0.5,80,0.28754779999144375,complete,,9
matchup_029_opening_009_1,matchup_029,opening_009,rnbq1bnr/p1ppkp1p/1p4p1/4p3/8/3P2P1/PPPNPP1P/RNBQKB1R w KQ - 2 5,1,minic,Level=30,minic,Level=29,1/2-1/2,0.5,80,0.27289640001254156,complete,,9
matchup_029_opening_010_0,matchup_029,opening_010,rn1qkbnr/1pp1ppp1/p6p/3p1b2/2P2P2/P6N/1P1PP1PP/RNBQKB1R w KQkq - 0 5,0,minic,Level=29,minic,Level=30,1/2-1/2,0.5,80,0.30807510000886396,complete,,10
matchup_029_opening_010_1,matchup_029,opening_010,rn1qkbnr/1pp1ppp1/p6p/3p1b2/2P2P2/P6N/1P1PP1PP/RNBQKB1R w KQkq - 0 5,1,minic,Level=30,minic,Level=29,1/2-1/2,0.5,80,0.281656600011047,complete,,10
matchup_029_opening_011_0,matchup_029,opening_011,r1bqkbnr/pp1p2pp/n1p1p3/5p2/P2P1B2/8/1PP1PPPP/RN1QKBNR w KQkq - 0 5,0,minic,Level=29,minic,Level=30,1/2-1/2,0.5,80,0.2913982999743894,complete,,11
matchup_029_opening_011_1,matchup_029,opening_011,r1bqkbnr/pp1p2pp/n1p1p3/5p2/P2P1B2/8/1PP1PPPP/RN1QKBNR w KQkq - 0 5,1,minic,Level=30,minic,Level=29,1/2-1/2,0.5,80,0.2984320999821648,complete,,11
matchup_029_opening_012_0,matchup_029,opening_012,r1bqkbnr/ppppppp1/8/7p/Q1P3P1/1P1n4/P2PPP1P/RNB1KBNR w KQkq - 1 5,0,minic,Level=29,minic,Level=30,1/2-1/2,0.5,80,0.2785728999879211,complete,,12
matchup_029_opening_012_1,matchup_029,opening_012,r1bqkbnr/ppppppp1/8/7p/Q1P3P1/1P1n4/P2PPP1P/RNB1KBNR w KQkq - 1 5,1,minic,Level=30,minic,Level=29,1/2-1/2,0.5,80,0.2975055000279099,complete,,12
matchup_029_opening_013_0,matchup_029,opening_013,rnbqkbnr/ppp3pp/4pp2/3p4/8/2PP4/PP2PPPP/RNBQKBNR w KQkq - 0 5,0,minic,Level=29,minic,Level=30,1/2-1/2,0.5,80,0.29133809998165816,complete,,13
matchup_029_opening_013_1,matchup_029,opening_013,rnbqkbnr/ppp3pp/4pp2/3p4/8/2PP4/PP2PPPP/RNBQKBNR w KQkq - 0 5,1,minic,Level=30,minic,Level=29,1/2-1/2,0.5,80,0.28948769997805357,complete,,13
matchup_029_opening_014_0,matchup_029,opening_014,rnbqk1nr/ppppp2p/6pb/8/2P2pPP/P7/1P1PPP2/RNBQKBNR w KQkq - 0 5,0,minic,Level=29,minic,Level=30,1/2-1/2,0.5,80,0.29079769999952987,complete,,14
matchup_029_opening_014_1,matchup_029,opening_014,rnbqk1nr/ppppp2p/6pb/8/2P2pPP/P7/1P1PPP2/RNBQKBNR w KQkq - 0 5,1,minic,Level=30,minic,Level=29,1/2-1/2,0.5,80,0.2899707999895327,complete,,14
matchup_029_opening_015_0,matchup_029,opening_015,rnb1kbnr/1ppp1pp1/8/p2Pp2p/4P2q/2N5/PPP2PPP/R1BQKBNR w KQkq - 2 5,0,minic,Level=29,minic,Level=30,1/2-1/2,0.5,80,0.29966160003095865,complete,,15
matchup_029_opening_015_1,matchup_029,opening_015,rnb1kbnr/1ppp1pp1/8/p2Pp2p/4P2q/2N5/PPP2PPP/R1BQKBNR w KQkq - 2 5,1,minic,Level=30,minic,Level=29,1/2-1/2,0.5,80,0.2941929000080563,complete,,15
matchup_029_opening_016_0,matchup_029,opening_016,rn1qkbnr/p2pppp1/b7/1pP4p/5P2/8/PPP1PKPP/RNBQ1BNR w kq - 0 5,0,minic,Level=29,minic,Level=30,1/2-1/2,0.5,80,0.28797050000866875,complete,,16
matchup_029_opening_016_1,matchup_029,opening_016,rn1qkbnr/p2pppp1/b7/1pP4p/5P2/8/PPP1PKPP/RNBQ1BNR w kq - 0 5,1,minic,Level=30,minic,Level=29,1/2-1/2,0.5,80,0.31821040000068024,complete,,16
matchup_029_opening_017_0,matchup_029,opening_017,rnbqkbnr/p1p3pp/1p1pp3/5pP1/P3P3/8/1PPP1P1P/RNBQKBNR w KQkq - 0 5,0,minic,Level=29,minic,Level=30,1/2-1/2,0.5,80,0.29305129998829216,complete,,17
matchup_029_opening_017_1,matchup_029,opening_017,rnbqkbnr/p1p3pp/1p1pp3/5pP1/P3P3/8/1PPP1P1P/RNBQKBNR w KQkq - 0 5,1,minic,Level=30,minic,Level=29,1/2-1/2,0.5,80,0.2925010999897495,complete,,17
matchup_029_opening_018_0,matchup_029,opening_018,rnbqkb1r/ppp2ppp/3pp3/3P1n2/8/6PP/PPP1PP2/RNBQKBNR w KQkq - 1 5,0,minic,Level=29,minic,Level=30,1/2-1/2,0.5,80,0.28844490001210943,complete,,18
matchup_029_opening_018_1,matchup_029,opening_018,rnbqkb1r/ppp2ppp/3pp3/3P1n2/8/6PP/PPP1PP2/RNBQKBNR w KQkq - 1 5,1,minic,Level=30,minic,Level=29,1/2-1/2,0.5,80,0.3190568000427447,complete,,18
matchup_029_opening_019_0,matchup_029,opening_019,rnb1kbnr/1pqppp1p/2p5/p5p1/3P4/1QP4P/PP2PPP1/RNB1KBNR w KQkq - 0 5,0,minic,Level=29,minic,Level=30,1/2-1/2,0.5,80,0.29385389998788014,complete,,19
matchup_029_opening_019_1,matchup_029,opening_019,rnb1kbnr/1pqppp1p/2p5/p5p1/3P4/1QP4P/PP2PPP1/RNB1KBNR w KQkq - 0 5,1,minic,Level=30,minic,Level=29,1/2-1/2,0.5,80,0.2863037000061013,complete,,19
matchup_030_opening_000_0,matchup_030,opening_000,rn1qkb1r/2pppppp/bp3n2/p7/4B3/3PP3/PPP2PPP/RNBQK1NR w KQkq - 1 5,0,minic,Level=0,minic,Level=5,1/2-1/2,0.5,80,0.31043159996625036,complete,,0
matchup_030_opening_000_1,matchup_030,opening_000,rn1qkb1r/2pppppp/bp3n2/p7/4B3/3PP3/PPP2PPP/RNBQK1NR w KQkq - 1 5,1,minic,Level=5,minic,Level=0,1/2-1/2,0.5,80,0.2850169000448659,complete,,0
matchup_030_opening_001_0,matchup_030,opening_001,rnbqkbnr/1p2pppp/8/p1pp4/6P1/N6P/PPPPPP2/R1BQKBNR w KQkq - 0 5,0,minic,Level=0,minic,Level=5,1/2-1/2,0.5,80,0.2760691999574192,complete,,1
matchup_030_opening_001_1,matchup_030,opening_001,rnbqkbnr/1p2pppp/8/p1pp4/6P1/N6P/PPPPPP2/R1BQKBNR w KQkq - 0 5,1,minic,Level=5,minic,Level=0,1/2-1/2,0.5,80,0.27568520000204444,complete,,1
matchup_030_opening_002_0,matchup_030,opening_002,rnb1kbnr/pppp1p1p/5qp1/4p3/7P/1P3PP1/P1PPP3/RNBQKBNR w KQkq - 0 5,0,minic,Level=0,minic,Level=5,1/2-1/2,0.5,80,0.2810446000075899,complete,,2
matchup_030_opening_002_1,matchup_030,opening_002,rnb1kbnr/pppp1p1p/5qp1/4p3/7P/1P3PP1/P1PPP3/RNBQKBNR w KQkq - 0 5,1,minic,Level=5,minic,Level=0,1/2-1/2,0.5,80,0.27325859997654334,complete,,2
matchup_030_opening_003_0,matchup_030,opening_003,rnbqk1nr/1ppp1ppp/1b2p3/p7/P7/2P2P1P/1P1PP1P1/RNBQKBNR w KQkq - 1 5,0,minic,Level=0,minic,Level=5,1/2-1/2,0.5,80,0.27728039998328313,complete,,3
matchup_030_opening_003_1,matchup_030,opening_003,rnbqk1nr/1ppp1ppp/1b2p3/p7/P7/2P2P1P/1P1PP1P1/RNBQKBNR w KQkq - 1 5,1,minic,Level=5,minic,Level=0,1/2-1/2,0.5,80,0.28638910001609474,complete,,3
matchup_030_opening_004_0,matchup_030,opening_004,rnbqkbnr/2ppp1p1/1p3p2/p6p/2P5/4P2P/PP1PKPP1/RNBQ1BNR w kq - 0 5,0,minic,Level=0,minic,Level=5,1/2-1/2,0.5,80,0.28039840003475547,complete,,4
matchup_030_opening_004_1,matchup_030,opening_004,rnbqkbnr/2ppp1p1/1p3p2/p6p/2P5/4P2P/PP1PKPP1/RNBQ1BNR w kq - 0 5,1,minic,Level=5,minic,Level=0,1/2-1/2,0.5,80,0.28832200000761077,complete,,4
matchup_030_opening_005_0,matchup_030,opening_005,r1bqkb1r/ppp1pppp/3p1n2/8/1nB1P3/1PP5/P2P1PPP/RNBQK1NR w KQkq - 2 5,0,minic,Level=0,minic,Level=5,1/2-1/2,0.5,80,0.2839089999906719,complete,,5
matchup_030_opening_005_1,matchup_030,opening_005,r1bqkb1r/ppp1pppp/3p1n2/8/1nB1P3/1PP5/P2P1PPP/RNBQK1NR w KQkq - 2 5,1,minic,Level=5,minic,Level=0,1/2-1/2,0.5,80,0.277917500003241,complete,,5
matchup_030_opening_006_0,matchup_030,opening_006,r1b1k1nr/pppp1ppp/n3p3/6q1/1b6/P2P4/2PNPPPP/R1BQKBNR w KQkq - 0 5,0,minic,Level=0,minic,Level=5,1/2-1/2,0.5,80,0.27339909999864176,complete,,6
matchup_030_opening_006_1,matchup_030,opening_006,r1b1k1nr/pppp1ppp/n3p3/6q1/1b6/P2P4/2PNPPPP/R1BQKBNR w KQkq - 0 5,1,minic,Level=5,minic,Level=0,1/2-1/2,0.5,80,0.273343599983491,complete,,6
matchup_030_opening_007_0,matchup_030,opening_007,rn1qkb1r/ppp1p1pp/3p1n2/5p2/1P6/2N2PPb/P1PPP2P/R1BQKBNR w KQkq - 1 5,0,minic,Level=0,minic,Level=5,1/2-1/2,0.5,80,0.282032800023444,complete,,7
matchup_030_opening_007_1,matchup_030,opening_007,rn1qkb1r/ppp1p1pp/3p1n2/5p2/1P6/2N2PPb/P1PPP2P/R1BQKBNR w KQkq - 1 5,1,minic,Level=5,minic,Level=0,1/2-1/2,0.5,80,0.2789744999608956,complete,,7
matchup_030_opening_008_0,matchup_030,opening_008,r1bq1bnr/pppkpppp/8/3p4/4P3/2N5/PPPP1PPP/R1BQK1NR w KQ - 0 5,0,minic,Level=0,minic,Level=5,1/2-1/2,0.5,80,0.27427580003859475,complete,,8
matchup_030_opening_008_1,matchup_030,opening_008,r1bq1bnr/pppkpppp/8/3p4/4P3/2N5/PPPP1PPP/R1BQK1NR w KQ - 0 5,1,minic,Level=5,minic,Level=0,1/2-1/2,0.5,80,0.27911609999137,complete,,8
matchup_030_opening_009_0,matchup_030,opening_009,rnbq1bnr/p1ppkp1p/1p4p1/4p3/8/3P2P1/PPPNPP1P/RNBQKB1R w KQ - 2 5,0,minic,Level=0,minic,Level=5,1/2-1/2,0.5,80,0.29379860003245994,complete,,9
matchup_030_opening_009_1,matchup_030,opening_009,rnbq1bnr/p1ppkp1p/1p4p1/4p3/8/3P2P1/PPPNPP1P/RNBQKB1R w KQ - 2 5,1,minic,Level=5,minic,Level=0,1/2-1/2,0.5,80,0.2859052999992855,complete,,9
matchup_030_opening_010_0,matchup_030,opening_010,rn1qkbnr/1pp1ppp1/p6p/3p1b2/2P2P2/P6N/1P1PP1PP/RNBQKB1R w KQkq - 0 5,0,minic,Level=0,minic,Level=5,1/2-1/2,0.5,80,0.27696550003020093,complete,,10
matchup_030_opening_010_1,matchup_030,opening_010,rn1qkbnr/1pp1ppp1/p6p/3p1b2/2P2P2/P6N/1P1PP1PP/RNBQKB1R w KQkq - 0 5,1,minic,Level=5,minic,Level=0,1/2-1/2,0.5,80,0.27935060003073886,complete,,10
matchup_030_opening_011_0,matchup_030,opening_011,r1bqkbnr/pp1p2pp/n1p1p3/5p2/P2P1B2/8/1PP1PPPP/RN1QKBNR w KQkq - 0 5,0,minic,Level=0,minic,Level=5,1/2-1/2,0.5,80,0.28995389997726306,complete,,11
matchup_030_opening_011_1,matchup_030,opening_011,r1bqkbnr/pp1p2pp/n1p1p3/5p2/P2P1B2/8/1PP1PPPP/RN1QKBNR w KQkq - 0 5,1,minic,Level=5,minic,Level=0,1/2-1/2,0.5,80,0.2900556999957189,complete,,11
matchup_030_opening_012_0,matchup_030,opening_012,r1bqkbnr/ppppppp1/8/7p/Q1P3P1/1P1n4/P2PPP1P/RNB1KBNR w KQkq - 1 5,0,minic,Level=0,minic,Level=5,1/2-1/2,0.5,80,0.2809732999885455,complete,,12
matchup_030_opening_012_1,matchup_030,opening_012,r1bqkbnr/ppppppp1/8/7p/Q1P3P1/1P1n4/P2PPP1P/RNB1KBNR w KQkq - 1 5,1,minic,Level=5,minic,Level=0,1/2-1/2,0.5,80,0.28404289996251464,complete,,12
matchup_030_opening_013_0,matchup_030,opening_013,rnbqkbnr/ppp3pp/4pp2/3p4/8/2PP4/PP2PPPP/RNBQKBNR w KQkq - 0 5,0,minic,Level=0,minic,Level=5,1/2-1/2,0.5,80,0.2827736000181176,complete,,13
matchup_030_opening_013_1,matchup_030,opening_013,rnbqkbnr/ppp3pp/4pp2/3p4/8/2PP4/PP2PPPP/RNBQKBNR w KQkq - 0 5,1,minic,Level=5,minic,Level=0,1-0,1.0,65,0.20524280000245199,complete,,13
matchup_030_opening_014_0,matchup_030,opening_014,rnbqk1nr/ppppp2p/6pb/8/2P2pPP/P7/1P1PPP2/RNBQKBNR w KQkq - 0 5,0,minic,Level=0,minic,Level=5,1/2-1/2,0.5,80,0.28232300002127886,complete,,14
matchup_030_opening_014_1,matchup_030,opening_014,rnbqk1nr/ppppp2p/6pb/8/2P2pPP/P7/1P1PPP2/RNBQKBNR w KQkq - 0 5,1,minic,Level=5,minic,Level=0,1/2-1/2,0.5,80,0.2884304999606684,complete,,14
matchup_030_opening_015_0,matchup_030,opening_015,rnb1kbnr/1ppp1pp1/8/p2Pp2p/4P2q/2N5/PPP2PPP/R1BQKBNR w KQkq - 2 5,0,minic,Level=0,minic,Level=5,1/2-1/2,0.5,80,0.2802789999986999,complete,,15
matchup_030_opening_015_1,matchup_030,opening_015,rnb1kbnr/1ppp1pp1/8/p2Pp2p/4P2q/2N5/PPP2PPP/R1BQKBNR w KQkq - 2 5,1,minic,Level=5,minic,Level=0,1/2-1/2,0.5,80,0.27205279999179766,complete,,15
matchup_030_opening_016_0,matchup_030,opening_016,rn1qkbnr/p2pppp1/b7/1pP4p/5P2/8/PPP1PKPP/RNBQ1BNR w kq - 0 5,0,minic,Level=0,minic,Level=5,1/2-1/2,0.5,80,0.2883960999897681,complete,,16
matchup_030_opening_016_1,matchup_030,opening_016,rn1qkbnr/p2pppp1/b7/1pP4p/5P2/8/PPP1PKPP/RNBQ1BNR w kq - 0 5,1,minic,Level=5,minic,Level=0,1/2-1/2,0.5,80,0.264924599963706,complete,,16
matchup_030_opening_017_0,matchup_030,opening_017,rnbqkbnr/p1p3pp/1p1pp3/5pP1/P3P3/8/1PPP1P1P/RNBQKBNR w KQkq - 0 5,0,minic,Level=0,minic,Level=5,1/2-1/2,0.5,80,0.28443380002863705,complete,,17
matchup_030_opening_017_1,matchup_030,opening_017,rnbqkbnr/p1p3pp/1p1pp3/5pP1/P3P3/8/1PPP1P1P/RNBQKBNR w KQkq - 0 5,1,minic,Level=5,minic,Level=0,1/2-1/2,0.5,80,0.2843447999912314,complete,,17
matchup_030_opening_018_0,matchup_030,opening_018,rnbqkb1r/ppp2ppp/3pp3/3P1n2/8/6PP/PPP1PP2/RNBQKBNR w KQkq - 1 5,0,minic,Level=0,minic,Level=5,1/2-1/2,0.5,80,0.27014259999850765,complete,,18
matchup_030_opening_018_1,matchup_030,opening_018,rnbqkb1r/ppp2ppp/3pp3/3P1n2/8/6PP/PPP1PP2/RNBQKBNR w KQkq - 1 5,1,minic,Level=5,minic,Level=0,1/2-1/2,0.5,80,0.2791264000115916,complete,,18
matchup_030_opening_019_0,matchup_030,opening_019,rnb1kbnr/1pqppp1p/2p5/p5p1/3P4/1QP4P/PP2PPP1/RNB1KBNR w KQkq - 0 5,0,minic,Level=0,minic,Level=5,1/2-1/2,0.5,80,0.28384220000589266,complete,,19
matchup_030_opening_019_1,matchup_030,opening_019,rnb1kbnr/1pqppp1p/2p5/p5p1/3P4/1QP4P/PP2PPP1/RNB1KBNR w KQkq - 0 5,1,minic,Level=5,minic,Level=0,1/2-1/2,0.5,80,0.2720377999939956,complete,,19
matchup_031_opening_000_0,matchup_031,opening_000,rn1qkb1r/2pppppp/bp3n2/p7/4B3/3PP3/PPP2PPP/RNBQK1NR w KQkq - 1 5,0,minic,Level=5,minic,Level=10,1/2-1/2,0.5,80,0.3180731000029482,complete,,0
matchup_031_opening_000_1,matchup_031,opening_000,rn1qkb1r/2pppppp/bp3n2/p7/4B3/3PP3/PPP2PPP/RNBQK1NR w KQkq - 1 5,1,minic,Level=10,minic,Level=5,1/2-1/2,0.5,80,0.2854947000159882,complete,,0
matchup_031_opening_001_0,matchup_031,opening_001,rnbqkbnr/1p2pppp/8/p1pp4/6P1/N6P/PPPPPP2/R1BQKBNR w KQkq - 0 5,0,minic,Level=5,minic,Level=10,1/2-1/2,0.5,80,0.2819156999466941,complete,,1
matchup_031_opening_001_1,matchup_031,opening_001,rnbqkbnr/1p2pppp/8/p1pp4/6P1/N6P/PPPPPP2/R1BQKBNR w KQkq - 0 5,1,minic,Level=10,minic,Level=5,1/2-1/2,0.5,80,0.2922741000074893,complete,,1
matchup_031_opening_002_0,matchup_031,opening_002,rnb1kbnr/pppp1p1p/5qp1/4p3/7P/1P3PP1/P1PPP3/RNBQKBNR w KQkq - 0 5,0,minic,Level=5,minic,Level=10,1/2-1/2,0.5,80,0.2815102000022307,complete,,2
matchup_031_opening_002_1,matchup_031,opening_002,rnb1kbnr/pppp1p1p/5qp1/4p3/7P/1P3PP1/P1PPP3/RNBQKBNR w KQkq - 0 5,1,minic,Level=10,minic,Level=5,1/2-1/2,0.5,80,0.30396180000388995,complete,,2
matchup_031_opening_003_0,matchup_031,opening_003,rnbqk1nr/1ppp1ppp/1b2p3/p7/P7/2P2P1P/1P1PP1P1/RNBQKBNR w KQkq - 1 5,0,minic,Level=5,minic,Level=10,1/2-1/2,0.5,80,0.29380639997543767,complete,,3
matchup_031_opening_003_1,matchup_031,opening_003,rnbqk1nr/1ppp1ppp/1b2p3/p7/P7/2P2P1P/1P1PP1P1/RNBQKBNR w KQkq - 1 5,1,minic,Level=10,minic,Level=5,1/2-1/2,0.5,80,0.2864338999497704,complete,,3
matchup_031_opening_004_0,matchup_031,opening_004,rnbqkbnr/2ppp1p1/1p3p2/p6p/2P5/4P2P/PP1PKPP1/RNBQ1BNR w kq - 0 5,0,minic,Level=5,minic,Level=10,1/2-1/2,0.5,80,0.2762695999699645,complete,,4
matchup_031_opening_004_1,matchup_031,opening_004,rnbqkbnr/2ppp1p1/1p3p2/p6p/2P5/4P2P/PP1PKPP1/RNBQ1BNR w kq - 0 5,1,minic,Level=10,minic,Level=5,1/2-1/2,0.5,80,0.27958750003017485,complete,,4
matchup_031_opening_005_0,matchup_031,opening_005,r1bqkb1r/ppp1pppp/3p1n2/8/1nB1P3/1PP5/P2P1PPP/RNBQK1NR w KQkq - 2 5,0,minic,Level=5,minic,Level=10,1/2-1/2,0.5,80,0.3026071000494994,complete,,5
matchup_031_opening_005_1,matchup_031,opening_005,r1bqkb1r/ppp1pppp/3p1n2/8/1nB1P3/1PP5/P2P1PPP/RNBQK1NR w KQkq - 2 5,1,minic,Level=10,minic,Level=5,1/2-1/2,0.5,80,0.28779540001414716,complete,,5
matchup_031_opening_006_0,matchup_031,opening_006,r1b1k1nr/pppp1ppp/n3p3/6q1/1b6/P2P4/2PNPPPP/R1BQKBNR w KQkq - 0 5,0,minic,Level=5,minic,Level=10,0-1,0.0,76,0.2827326999977231,complete,,6
matchup_031_opening_006_1,matchup_031,opening_006,r1b1k1nr/pppp1ppp/n3p3/6q1/1b6/P2P4/2PNPPPP/R1BQKBNR w KQkq - 0 5,1,minic,Level=10,minic,Level=5,1/2-1/2,0.5,80,0.284309700015001,complete,,6
matchup_031_opening_007_0,matchup_031,opening_007,rn1qkb1r/ppp1p1pp/3p1n2/5p2/1P6/2N2PPb/P1PPP2P/R1BQKBNR w KQkq - 1 5,0,minic,Level=5,minic,Level=10,1/2-1/2,0.5,80,0.28734959999565035,complete,,7
matchup_031_opening_007_1,matchup_031,opening_007,rn1qkb1r/ppp1p1pp/3p1n2/5p2/1P6/2N2PPb/P1PPP2P/R1BQKBNR w KQkq - 1 5,1,minic,Level=10,minic,Level=5,1/2-1/2,0.5,80,0.29104999999981374,complete,,7
matchup_031_opening_008_0,matchup_031,opening_008,r1bq1bnr/pppkpppp/8/3p4/4P3/2N5/PPPP1PPP/R1BQK1NR w KQ - 0 5,0,minic,Level=5,minic,Level=10,1/2-1/2,0.5,80,0.28397400001995265,complete,,8
matchup_031_opening_008_1,matchup_031,opening_008,r1bq1bnr/pppkpppp/8/3p4/4P3/2N5/PPPP1PPP/R1BQK1NR w KQ - 0 5,1,minic,Level=10,minic,Level=5,1/2-1/2,0.5,80,0.3038315000012517,complete,,8
matchup_031_opening_009_0,matchup_031,opening_009,rnbq1bnr/p1ppkp1p/1p4p1/4p3/8/3P2P1/PPPNPP1P/RNBQKB1R w KQ - 2 5,0,minic,Level=5,minic,Level=10,1/2-1/2,0.5,80,0.28882350004278123,complete,,9
matchup_031_opening_009_1,matchup_031,opening_009,rnbq1bnr/p1ppkp1p/1p4p1/4p3/8/3P2P1/PPPNPP1P/RNBQKB1R w KQ - 2 5,1,minic,Level=10,minic,Level=5,1/2-1/2,0.5,80,0.28803789999801666,complete,,9
matchup_031_opening_010_0,matchup_031,opening_010,rn1qkbnr/1pp1ppp1/p6p/3p1b2/2P2P2/P6N/1P1PP1PP/RNBQKB1R w KQkq - 0 5,0,minic,Level=5,minic,Level=10,1/2-1/2,0.5,80,0.2961877000052482,complete,,10
matchup_031_opening_010_1,matchup_031,opening_010,rn1qkbnr/1pp1ppp1/p6p/3p1b2/2P2P2/P6N/1P1PP1PP/RNBQKB1R w KQkq - 0 5,1,minic,Level=10,minic,Level=5,1/2-1/2,0.5,80,0.29197770002065226,complete,,10
matchup_031_opening_011_0,matchup_031,opening_011,r1bqkbnr/pp1p2pp/n1p1p3/5p2/P2P1B2/8/1PP1PPPP/RN1QKBNR w KQkq - 0 5,0,minic,Level=5,minic,Level=10,1/2-1/2,0.5,80,0.28427609999198467,complete,,11
matchup_031_opening_011_1,matchup_031,opening_011,r1bqkbnr/pp1p2pp/n1p1p3/5p2/P2P1B2/8/1PP1PPPP/RN1QKBNR w KQkq - 0 5,1,minic,Level=10,minic,Level=5,1/2-1/2,0.5,80,0.2956957999849692,complete,,11
matchup_031_opening_012_0,matchup_031,opening_012,r1bqkbnr/ppppppp1/8/7p/Q1P3P1/1P1n4/P2PPP1P/RNB1KBNR w KQkq - 1 5,0,minic,Level=5,minic,Level=10,1/2-1/2,0.5,80,0.2869941999670118,complete,,12
matchup_031_opening_012_1,matchup_031,opening_012,r1bqkbnr/ppppppp1/8/7p/Q1P3P1/1P1n4/P2PPP1P/RNB1KBNR w KQkq - 1 5,1,minic,Level=10,minic,Level=5,1/2-1/2,0.5,80,0.2794531999970786,complete,,12
matchup_031_opening_013_0,matchup_031,opening_013,rnbqkbnr/ppp3pp/4pp2/3p4/8/2PP4/PP2PPPP/RNBQKBNR w KQkq - 0 5,0,minic,Level=5,minic,Level=10,1/2-1/2,0.5,80,0.27781450003385544,complete,,13
matchup_031_opening_013_1,matchup_031,opening_013,rnbqkbnr/ppp3pp/4pp2/3p4/8/2PP4/PP2PPPP/RNBQKBNR w KQkq - 0 5,1,minic,Level=10,minic,Level=5,1/2-1/2,0.5,80,0.3092088000266813,complete,,13
matchup_031_opening_014_0,matchup_031,opening_014,rnbqk1nr/ppppp2p/6pb/8/2P2pPP/P7/1P1PPP2/RNBQKBNR w KQkq - 0 5,0,minic,Level=5,minic,Level=10,1/2-1/2,0.5,80,0.28292089997557923,complete,,14
matchup_031_opening_014_1,matchup_031,opening_014,rnbqk1nr/ppppp2p/6pb/8/2P2pPP/P7/1P1PPP2/RNBQKBNR w KQkq - 0 5,1,minic,Level=10,minic,Level=5,1/2-1/2,0.5,80,0.2923558999900706,complete,,14
matchup_031_opening_015_0,matchup_031,opening_015,rnb1kbnr/1ppp1pp1/8/p2Pp2p/4P2q/2N5/PPP2PPP/R1BQKBNR w KQkq - 2 5,0,minic,Level=5,minic,Level=10,1/2-1/2,0.5,80,0.3092204999993555,complete,,15
matchup_031_opening_015_1,matchup_031,opening_015,rnb1kbnr/1ppp1pp1/8/p2Pp2p/4P2q/2N5/PPP2PPP/R1BQKBNR w KQkq - 2 5,1,minic,Level=10,minic,Level=5,1/2-1/2,0.5,80,0.32370410003932193,complete,,15
matchup_031_opening_016_0,matchup_031,opening_016,rn1qkbnr/p2pppp1/b7/1pP4p/5P2/8/PPP1PKPP/RNBQ1BNR w kq - 0 5,0,minic,Level=5,minic,Level=10,1/2-1/2,0.5,80,0.2964240000001155,complete,,16
matchup_031_opening_016_1,matchup_031,opening_016,rn1qkbnr/p2pppp1/b7/1pP4p/5P2/8/PPP1PKPP/RNBQ1BNR w kq - 0 5,1,minic,Level=10,minic,Level=5,1/2-1/2,0.5,80,0.31338149996008724,complete,,16
matchup_031_opening_017_0,matchup_031,opening_017,rnbqkbnr/p1p3pp/1p1pp3/5pP1/P3P3/8/1PPP1P1P/RNBQKBNR w KQkq - 0 5,0,minic,Level=5,minic,Level=10,1/2-1/2,0.5,80,0.3516343000228517,complete,,17
matchup_031_opening_017_1,matchup_031,opening_017,rnbqkbnr/p1p3pp/1p1pp3/5pP1/P3P3/8/1PPP1P1P/RNBQKBNR w KQkq - 0 5,1,minic,Level=10,minic,Level=5,1/2-1/2,0.5,80,0.3384745999937877,complete,,17
matchup_031_opening_018_0,matchup_031,opening_018,rnbqkb1r/ppp2ppp/3pp3/3P1n2/8/6PP/PPP1PP2/RNBQKBNR w KQkq - 1 5,0,minic,Level=5,minic,Level=10,1/2-1/2,0.5,80,0.3058368999627419,complete,,18
matchup_031_opening_018_1,matchup_031,opening_018,rnbqkb1r/ppp2ppp/3pp3/3P1n2/8/6PP/PPP1PP2/RNBQKBNR w KQkq - 1 5,1,minic,Level=10,minic,Level=5,1/2-1/2,0.5,80,0.30287329998100176,complete,,18
matchup_031_opening_019_0,matchup_031,opening_019,rnb1kbnr/1pqppp1p/2p5/p5p1/3P4/1QP4P/PP2PPP1/RNB1KBNR w KQkq - 0 5,0,minic,Level=5,minic,Level=10,1/2-1/2,0.5,80,0.2957676000078209,complete,,19
matchup_031_opening_019_1,matchup_031,opening_019,rnb1kbnr/1pqppp1p/2p5/p5p1/3P4/1QP4P/PP2PPP1/RNB1KBNR w KQkq - 0 5,1,minic,Level=10,minic,Level=5,1/2-1/2,0.5,80,0.29810950002865866,complete,,19
matchup_032_opening_000_0,matchup_032,opening_000,rn1qkb1r/2pppppp/bp3n2/p7/4B3/3PP3/PPP2PPP/RNBQK1NR w KQkq - 1 5,0,minic,Level=10,minic,Level=15,1/2-1/2,0.5,80,0.3389774999814108,complete,,0
matchup_032_opening_000_1,matchup_032,opening_000,rn1qkb1r/2pppppp/bp3n2/p7/4B3/3PP3/PPP2PPP/RNBQK1NR w KQkq - 1 5,1,minic,Level=15,minic,Level=10,1/2-1/2,0.5,80,0.3268979999702424,complete,,0
matchup_032_opening_001_0,matchup_032,opening_001,rnbqkbnr/1p2pppp/8/p1pp4/6P1/N6P/PPPPPP2/R1BQKBNR w KQkq - 0 5,0,minic,Level=10,minic,Level=15,1/2-1/2,0.5,80,0.32070759998168796,complete,,1
matchup_032_opening_001_1,matchup_032,opening_001,rnbqkbnr/1p2pppp/8/p1pp4/6P1/N6P/PPPPPP2/R1BQKBNR w KQkq - 0 5,1,minic,Level=15,minic,Level=10,1/2-1/2,0.5,80,0.29641509999055415,complete,,1
matchup_032_opening_002_0,matchup_032,opening_002,rnb1kbnr/pppp1p1p/5qp1/4p3/7P/1P3PP1/P1PPP3/RNBQKBNR w KQkq - 0 5,0,minic,Level=10,minic,Level=15,1/2-1/2,0.5,80,0.28304329997627065,complete,,2
matchup_032_opening_002_1,matchup_032,opening_002,rnb1kbnr/pppp1p1p/5qp1/4p3/7P/1P3PP1/P1PPP3/RNBQKBNR w KQkq - 0 5,1,minic,Level=15,minic,Level=10,1/2-1/2,0.5,80,0.2942336000269279,complete,,2
matchup_032_opening_003_0,matchup_032,opening_003,rnbqk1nr/1ppp1ppp/1b2p3/p7/P7/2P2P1P/1P1PP1P1/RNBQKBNR w KQkq - 1 5,0,minic,Level=10,minic,Level=15,1/2-1/2,0.5,80,0.2978165000095032,complete,,3
matchup_032_opening_003_1,matchup_032,opening_003,rnbqk1nr/1ppp1ppp/1b2p3/p7/P7/2P2P1P/1P1PP1P1/RNBQKBNR w KQkq - 1 5,1,minic,Level=15,minic,Level=10,1/2-1/2,0.5,80,0.2941255000187084,complete,,3
matchup_032_opening_004_0,matchup_032,opening_004,rnbqkbnr/2ppp1p1/1p3p2/p6p/2P5/4P2P/PP1PKPP1/RNBQ1BNR w kq - 0 5,0,minic,Level=10,minic,Level=15,1/2-1/2,0.5,80,0.29137690004426986,complete,,4
matchup_032_opening_004_1,matchup_032,opening_004,rnbqkbnr/2ppp1p1/1p3p2/p6p/2P5/4P2P/PP1PKPP1/RNBQ1BNR w kq - 0 5,1,minic,Level=15,minic,Level=10,1/2-1/2,0.5,80,0.3192494999966584,complete,,4
matchup_032_opening_005_0,matchup_032,opening_005,r1bqkb1r/ppp1pppp/3p1n2/8/1nB1P3/1PP5/P2P1PPP/RNBQK1NR w KQkq - 2 5,0,minic,Level=10,minic,Level=15,1/2-1/2,0.5,80,0.297241699998267,complete,,5
matchup_032_opening_005_1,matchup_032,opening_005,r1bqkb1r/ppp1pppp/3p1n2/8/1nB1P3/1PP5/P2P1PPP/RNBQK1NR w KQkq - 2 5,1,minic,Level=15,minic,Level=10,1/2-1/2,0.5,80,0.32595810003113,complete,,5
matchup_032_opening_006_0,matchup_032,opening_006,r1b1k1nr/pppp1ppp/n3p3/6q1/1b6/P2P4/2PNPPPP/R1BQKBNR w KQkq - 0 5,0,minic,Level=10,minic,Level=15,1/2-1/2,0.5,80,0.3093741000047885,complete,,6
matchup_032_opening_006_1,matchup_032,opening_006,r1b1k1nr/pppp1ppp/n3p3/6q1/1b6/P2P4/2PNPPPP/R1BQKBNR w KQkq - 0 5,1,minic,Level=15,minic,Level=10,1/2-1/2,0.5,80,0.2992035000352189,complete,,6
matchup_032_opening_007_0,matchup_032,opening_007,rn1qkb1r/ppp1p1pp/3p1n2/5p2/1P6/2N2PPb/P1PPP2P/R1BQKBNR w KQkq - 1 5,0,minic,Level=10,minic,Level=15,1/2-1/2,0.5,80,0.307002299989108,complete,,7
matchup_032_opening_007_1,matchup_032,opening_007,rn1qkb1r/ppp1p1pp/3p1n2/5p2/1P6/2N2PPb/P1PPP2P/R1BQKBNR w KQkq - 1 5,1,minic,Level=15,minic,Level=10,1/2-1/2,0.5,80,0.3155473999795504,complete,,7
matchup_032_opening_008_0,matchup_032,opening_008,r1bq1bnr/pppkpppp/8/3p4/4P3/2N5/PPPP1PPP/R1BQK1NR w KQ - 0 5,0,minic,Level=10,minic,Level=15,1/2-1/2,0.5,80,0.3101817999850027,complete,,8
matchup_032_opening_008_1,matchup_032,opening_008,r1bq1bnr/pppkpppp/8/3p4/4P3/2N5/PPPP1PPP/R1BQK1NR w KQ - 0 5,1,minic,Level=15,minic,Level=10,1/2-1/2,0.5,80,0.33477790001779795,complete,,8
matchup_032_opening_009_0,matchup_032,opening_009,rnbq1bnr/p1ppkp1p/1p4p1/4p3/8/3P2P1/PPPNPP1P/RNBQKB1R w KQ - 2 5,0,minic,Level=10,minic,Level=15,1/2-1/2,0.5,80,0.31646380003076047,complete,,9
matchup_032_opening_009_1,matchup_032,opening_009,rnbq1bnr/p1ppkp1p/1p4p1/4p3/8/3P2P1/PPPNPP1P/RNBQKB1R w KQ - 2 5,1,minic,Level=15,minic,Level=10,1/2-1/2,0.5,80,0.30777000001398847,complete,,9
matchup_032_opening_010_0,matchup_032,opening_010,rn1qkbnr/1pp1ppp1/p6p/3p1b2/2P2P2/P6N/1P1PP1PP/RNBQKB1R w KQkq - 0 5,0,minic,Level=10,minic,Level=15,1/2-1/2,0.5,80,0.32016389997443184,complete,,10
matchup_032_opening_010_1,matchup_032,opening_010,rn1qkbnr/1pp1ppp1/p6p/3p1b2/2P2P2/P6N/1P1PP1PP/RNBQKB1R w KQkq - 0 5,1,minic,Level=15,minic,Level=10,1/2-1/2,0.5,80,0.3323073000065051,complete,,10
matchup_032_opening_011_0,matchup_032,opening_011,r1bqkbnr/pp1p2pp/n1p1p3/5p2/P2P1B2/8/1PP1PPPP/RN1QKBNR w KQkq - 0 5,0,minic,Level=10,minic,Level=15,1/2-1/2,0.5,80,0.3484281999990344,complete,,11
matchup_032_opening_011_1,matchup_032,opening_011,r1bqkbnr/pp1p2pp/n1p1p3/5p2/P2P1B2/8/1PP1PPPP/RN1QKBNR w KQkq - 0 5,1,minic,Level=15,minic,Level=10,1/2-1/2,0.5,80,0.33014590002130717,complete,,11
matchup_032_opening_012_0,matchup_032,opening_012,r1bqkbnr/ppppppp1/8/7p/Q1P3P1/1P1n4/P2PPP1P/RNB1KBNR w KQkq - 1 5,0,minic,Level=10,minic,Level=15,1/2-1/2,0.5,80,0.3164284999947995,complete,,12
matchup_032_opening_012_1,matchup_032,opening_012,r1bqkbnr/ppppppp1/8/7p/Q1P3P1/1P1n4/P2PPP1P/RNB1KBNR w KQkq - 1 5,1,minic,Level=15,minic,Level=10,1/2-1/2,0.5,80,0.35543860000325367,complete,,12
matchup_032_opening_013_0,matchup_032,opening_013,rnbqkbnr/ppp3pp/4pp2/3p4/8/2PP4/PP2PPPP/RNBQKBNR w KQkq - 0 5,0,minic,Level=10,minic,Level=15,1/2-1/2,0.5,80,0.3145401999936439,complete,,13
matchup_032_opening_013_1,matchup_032,opening_013,rnbqkbnr/ppp3pp/4pp2/3p4/8/2PP4/PP2PPPP/RNBQKBNR w KQkq - 0 5,1,minic,Level=15,minic,Level=10,1/2-1/2,0.5,80,0.3075482999556698,complete,,13
matchup_032_opening_014_0,matchup_032,opening_014,rnbqk1nr/ppppp2p/6pb/8/2P2pPP/P7/1P1PPP2/RNBQKBNR w KQkq - 0 5,0,minic,Level=10,minic,Level=15,1/2-1/2,0.5,80,0.30902460002107546,complete,,14
matchup_032_opening_014_1,matchup_032,opening_014,rnbqk1nr/ppppp2p/6pb/8/2P2pPP/P7/1P1PPP2/RNBQKBNR w KQkq - 0 5,1,minic,Level=15,minic,Level=10,1/2-1/2,0.5,80,0.30608859995845705,complete,,14
matchup_032_opening_015_0,matchup_032,opening_015,rnb1kbnr/1ppp1pp1/8/p2Pp2p/4P2q/2N5/PPP2PPP/R1BQKBNR w KQkq - 2 5,0,minic,Level=10,minic,Level=15,1/2-1/2,0.5,80,0.31069419998675585,complete,,15
matchup_032_opening_015_1,matchup_032,opening_015,rnb1kbnr/1ppp1pp1/8/p2Pp2p/4P2q/2N5/PPP2PPP/R1BQKBNR w KQkq - 2 5,1,minic,Level=15,minic,Level=10,1/2-1/2,0.5,80,0.3338688000221737,complete,,15
matchup_032_opening_016_0,matchup_032,opening_016,rn1qkbnr/p2pppp1/b7/1pP4p/5P2/8/PPP1PKPP/RNBQ1BNR w kq - 0 5,0,minic,Level=10,minic,Level=15,1/2-1/2,0.5,80,0.306119300017599,complete,,16
matchup_032_opening_016_1,matchup_032,opening_016,rn1qkbnr/p2pppp1/b7/1pP4p/5P2/8/PPP1PKPP/RNBQ1BNR w kq - 0 5,1,minic,Level=15,minic,Level=10,1/2-1/2,0.5,80,0.3056242999737151,complete,,16
matchup_032_opening_017_0,matchup_032,opening_017,rnbqkbnr/p1p3pp/1p1pp3/5pP1/P3P3/8/1PPP1P1P/RNBQKBNR w KQkq - 0 5,0,minic,Level=10,minic,Level=15,1/2-1/2,0.5,80,0.4020567000261508,complete,,17
matchup_032_opening_017_1,matchup_032,opening_017,rnbqkbnr/p1p3pp/1p1pp3/5pP1/P3P3/8/1PPP1P1P/RNBQKBNR w KQkq - 0 5,1,minic,Level=15,minic,Level=10,1/2-1/2,0.5,80,0.31152980000479147,complete,,17
matchup_032_opening_018_0,matchup_032,opening_018,rnbqkb1r/ppp2ppp/3pp3/3P1n2/8/6PP/PPP1PP2/RNBQKBNR w KQkq - 1 5,0,minic,Level=10,minic,Level=15,1/2-1/2,0.5,80,0.3144855000427924,complete,,18
matchup_032_opening_018_1,matchup_032,opening_018,rnbqkb1r/ppp2ppp/3pp3/3P1n2/8/6PP/PPP1PP2/RNBQKBNR w KQkq - 1 5,1,minic,Level=15,minic,Level=10,1/2-1/2,0.5,80,0.3063215999864042,complete,,18
matchup_032_opening_019_0,matchup_032,opening_019,rnb1kbnr/1pqppp1p/2p5/p5p1/3P4/1QP4P/PP2PPP1/RNB1KBNR w KQkq - 0 5,0,minic,Level=10,minic,Level=15,1/2-1/2,0.5,80,0.3043947999831289,complete,,19
matchup_032_opening_019_1,matchup_032,opening_019,rnb1kbnr/1pqppp1p/2p5/p5p1/3P4/1QP4P/PP2PPP1/RNB1KBNR w KQkq - 0 5,1,minic,Level=15,minic,Level=10,1/2-1/2,0.5,80,0.30324499995913357,complete,,19
matchup_033_opening_000_0,matchup_033,opening_000,rn1qkb1r/2pppppp/bp3n2/p7/4B3/3PP3/PPP2PPP/RNBQK1NR w KQkq - 1 5,0,minic,Level=15,minic,Level=20,1/2-1/2,0.5,80,0.31987450004089624,complete,,0
matchup_033_opening_000_1,matchup_033,opening_000,rn1qkb1r/2pppppp/bp3n2/p7/4B3/3PP3/PPP2PPP/RNBQK1NR w KQkq - 1 5,1,minic,Level=20,minic,Level=15,1/2-1/2,0.5,80,0.2803608999820426,complete,,0
matchup_033_opening_001_0,matchup_033,opening_001,rnbqkbnr/1p2pppp/8/p1pp4/6P1/N6P/PPPPPP2/R1BQKBNR w KQkq - 0 5,0,minic,Level=15,minic,Level=20,1/2-1/2,0.5,80,0.2891073999926448,complete,,1
matchup_033_opening_001_1,matchup_033,opening_001,rnbqkbnr/1p2pppp/8/p1pp4/6P1/N6P/PPPPPP2/R1BQKBNR w KQkq - 0 5,1,minic,Level=20,minic,Level=15,1/2-1/2,0.5,80,0.29233949998160824,complete,,1
matchup_033_opening_002_0,matchup_033,opening_002,rnb1kbnr/pppp1p1p/5qp1/4p3/7P/1P3PP1/P1PPP3/RNBQKBNR w KQkq - 0 5,0,minic,Level=15,minic,Level=20,0-1,0.0,74,0.2585676000453532,complete,,2
matchup_033_opening_002_1,matchup_033,opening_002,rnb1kbnr/pppp1p1p/5qp1/4p3/7P/1P3PP1/P1PPP3/RNBQKBNR w KQkq - 0 5,1,minic,Level=20,minic,Level=15,1/2-1/2,0.5,80,0.30931570002576336,complete,,2
matchup_033_opening_003_0,matchup_033,opening_003,rnbqk1nr/1ppp1ppp/1b2p3/p7/P7/2P2P1P/1P1PP1P1/RNBQKBNR w KQkq - 1 5,0,minic,Level=15,minic,Level=20,1/2-1/2,0.5,80,0.2934079999686219,complete,,3
matchup_033_opening_003_1,matchup_033,opening_003,rnbqk1nr/1ppp1ppp/1b2p3/p7/P7/2P2P1P/1P1PP1P1/RNBQKBNR w KQkq - 1 5,1,minic,Level=20,minic,Level=15,1/2-1/2,0.5,80,0.286002799984999,complete,,3
matchup_033_opening_004_0,matchup_033,opening_004,rnbqkbnr/2ppp1p1/1p3p2/p6p/2P5/4P2P/PP1PKPP1/RNBQ1BNR w kq - 0 5,0,minic,Level=15,minic,Level=20,1/2-1/2,0.5,80,0.3145430000149645,complete,,4
matchup_033_opening_004_1,matchup_033,opening_004,rnbqkbnr/2ppp1p1/1p3p2/p6p/2P5/4P2P/PP1PKPP1/RNBQ1BNR w kq - 0 5,1,minic,Level=20,minic,Level=15,1/2-1/2,0.5,80,0.31406210002023727,complete,,4
matchup_033_opening_005_0,matchup_033,opening_005,r1bqkb1r/ppp1pppp/3p1n2/8/1nB1P3/1PP5/P2P1PPP/RNBQK1NR w KQkq - 2 5,0,minic,Level=15,minic,Level=20,1/2-1/2,0.5,80,0.32576729997526854,complete,,5
matchup_033_opening_005_1,matchup_033,opening_005,r1bqkb1r/ppp1pppp/3p1n2/8/1nB1P3/1PP5/P2P1PPP/RNBQK1NR w KQkq - 2 5,1,minic,Level=20,minic,Level=15,1/2-1/2,0.5,80,0.29751339997164905,complete,,5
matchup_033_opening_006_0,matchup_033,opening_006,r1b1k1nr/pppp1ppp/n3p3/6q1/1b6/P2P4/2PNPPPP/R1BQKBNR w KQkq - 0 5,0,minic,Level=15,minic,Level=20,1/2-1/2,0.5,80,0.3006114000454545,complete,,6
matchup_033_opening_006_1,matchup_033,opening_006,r1b1k1nr/pppp1ppp/n3p3/6q1/1b6/P2P4/2PNPPPP/R1BQKBNR w KQkq - 0 5,1,minic,Level=20,minic,Level=15,1/2-1/2,0.5,80,0.30292679998092353,complete,,6
matchup_033_opening_007_0,matchup_033,opening_007,rn1qkb1r/ppp1p1pp/3p1n2/5p2/1P6/2N2PPb/P1PPP2P/R1BQKBNR w KQkq - 1 5,0,minic,Level=15,minic,Level=20,1/2-1/2,0.5,80,0.3050087000010535,complete,,7
matchup_033_opening_007_1,matchup_033,opening_007,rn1qkb1r/ppp1p1pp/3p1n2/5p2/1P6/2N2PPb/P1PPP2P/R1BQKBNR w KQkq - 1 5,1,minic,Level=20,minic,Level=15,1/2-1/2,0.5,80,0.3099965999717824,complete,,7
matchup_033_opening_008_0,matchup_033,opening_008,r1bq1bnr/pppkpppp/8/3p4/4P3/2N5/PPPP1PPP/R1BQK1NR w KQ - 0 5,0,minic,Level=15,minic,Level=20,1/2-1/2,0.5,80,0.34235599997919053,complete,,8
matchup_033_opening_008_1,matchup_033,opening_008,r1bq1bnr/pppkpppp/8/3p4/4P3/2N5/PPPP1PPP/R1BQK1NR w KQ - 0 5,1,minic,Level=20,minic,Level=15,1/2-1/2,0.5,80,0.29651419998845086,complete,,8
matchup_033_opening_009_0,matchup_033,opening_009,rnbq1bnr/p1ppkp1p/1p4p1/4p3/8/3P2P1/PPPNPP1P/RNBQKB1R w KQ - 2 5,0,minic,Level=15,minic,Level=20,1/2-1/2,0.5,80,0.28793160000350326,complete,,9
matchup_033_opening_009_1,matchup_033,opening_009,rnbq1bnr/p1ppkp1p/1p4p1/4p3/8/3P2P1/PPPNPP1P/RNBQKB1R w KQ - 2 5,1,minic,Level=20,minic,Level=15,1/2-1/2,0.5,80,0.30446070001926273,complete,,9
matchup_033_opening_010_0,matchup_033,opening_010,rn1qkbnr/1pp1ppp1/p6p/3p1b2/2P2P2/P6N/1P1PP1PP/RNBQKB1R w KQkq - 0 5,0,minic,Level=15,minic,Level=20,1/2-1/2,0.5,80,0.31347530003404245,complete,,10
matchup_033_opening_010_1,matchup_033,opening_010,rn1qkbnr/1pp1ppp1/p6p/3p1b2/2P2P2/P6N/1P1PP1PP/RNBQKB1R w KQkq - 0 5,1,minic,Level=20,minic,Level=15,1/2-1/2,0.5,80,0.3153687000158243,complete,,10
matchup_033_opening_011_0,matchup_033,opening_011,r1bqkbnr/pp1p2pp/n1p1p3/5p2/P2P1B2/8/1PP1PPPP/RN1QKBNR w KQkq - 0 5,0,minic,Level=15,minic,Level=20,1/2-1/2,0.5,80,0.3153376000118442,complete,,11
matchup_033_opening_011_1,matchup_033,opening_011,r1bqkbnr/pp1p2pp/n1p1p3/5p2/P2P1B2/8/1PP1PPPP/RN1QKBNR w KQkq - 0 5,1,minic,Level=20,minic,Level=15,1/2-1/2,0.5,80,0.2897336999885738,complete,,11
matchup_033_opening_012_0,matchup_033,opening_012,r1bqkbnr/ppppppp1/8/7p/Q1P3P1/1P1n4/P2PPP1P/RNB1KBNR w KQkq - 1 5,0,minic,Level=15,minic,Level=20,1/2-1/2,0.5,80,0.28695930005051196,complete,,12
matchup_033_opening_012_1,matchup_033,opening_012,r1bqkbnr/ppppppp1/8/7p/Q1P3P1/1P1n4/P2PPP1P/RNB1KBNR w KQkq - 1 5,1,minic,Level=20,minic,Level=15,1/2-1/2,0.5,80,0.29136959998868406,complete,,12
matchup_033_opening_013_0,matchup_033,opening_013,rnbqkbnr/ppp3pp/4pp2/3p4/8/2PP4/PP2PPPP/RNBQKBNR w KQkq - 0 5,0,minic,Level=15,minic,Level=20,1/2-1/2,0.5,80,0.29824159998679534,complete,,13
matchup_033_opening_013_1,matchup_033,opening_013,rnbqkbnr/ppp3pp/4pp2/3p4/8/2PP4/PP2PPPP/RNBQKBNR w KQkq - 0 5,1,minic,Level=20,minic,Level=15,1/2-1/2,0.5,80,0.2848518999526277,complete,,13
matchup_033_opening_014_0,matchup_033,opening_014,rnbqk1nr/ppppp2p/6pb/8/2P2pPP/P7/1P1PPP2/RNBQKBNR w KQkq - 0 5,0,minic,Level=15,minic,Level=20,1/2-1/2,0.5,80,0.2954444999922998,complete,,14
matchup_033_opening_014_1,matchup_033,opening_014,rnbqk1nr/ppppp2p/6pb/8/2P2pPP/P7/1P1PPP2/RNBQKBNR w KQkq - 0 5,1,minic,Level=20,minic,Level=15,1-0,1.0,69,0.2440630000201054,complete,,14
matchup_033_opening_015_0,matchup_033,opening_015,rnb1kbnr/1ppp1pp1/8/p2Pp2p/4P2q/2N5/PPP2PPP/R1BQKBNR w KQkq - 2 5,0,minic,Level=15,minic,Level=20,1/2-1/2,0.5,80,0.2868747999891639,complete,,15
matchup_033_opening_015_1,matchup_033,opening_015,rnb1kbnr/1ppp1pp1/8/p2Pp2p/4P2q/2N5/PPP2PPP/R1BQKBNR w KQkq - 2 5,1,minic,Level=20,minic,Level=15,1/2-1/2,0.5,80,0.27576910000061616,complete,,15
matchup_033_opening_016_0,matchup_033,opening_016,rn1qkbnr/p2pppp1/b7/1pP4p/5P2/8/PPP1PKPP/RNBQ1BNR w kq - 0 5,0,minic,Level=15,minic,Level=20,1/2-1/2,0.5,80,0.322848999989219,complete,,16
matchup_033_opening_016_1,matchup_033,opening_016,rn1qkbnr/p2pppp1/b7/1pP4p/5P2/8/PPP1PKPP/RNBQ1BNR w kq - 0 5,1,minic,Level=20,minic,Level=15,1/2-1/2,0.5,80,0.2943947999738157,complete,,16
matchup_033_opening_017_0,matchup_033,opening_017,rnbqkbnr/p1p3pp/1p1pp3/5pP1/P3P3/8/1PPP1P1P/RNBQKBNR w KQkq - 0 5,0,minic,Level=15,minic,Level=20,1/2-1/2,0.5,80,0.2892242000089027,complete,,17
matchup_033_opening_017_1,matchup_033,opening_017,rnbqkbnr/p1p3pp/1p1pp3/5pP1/P3P3/8/1PPP1P1P/RNBQKBNR w KQkq - 0 5,1,minic,Level=20,minic,Level=15,1/2-1/2,0.5,80,0.3018183999811299,complete,,17
matchup_033_opening_018_0,matchup_033,opening_018,rnbqkb1r/ppp2ppp/3pp3/3P1n2/8/6PP/PPP1PP2/RNBQKBNR w KQkq - 1 5,0,minic,Level=15,minic,Level=20,1/2-1/2,0.5,80,0.3061403000028804,complete,,18
matchup_033_opening_018_1,matchup_033,opening_018,rnbqkb1r/ppp2ppp/3pp3/3P1n2/8/6PP/PPP1PP2/RNBQKBNR w KQkq - 1 5,1,minic,Level=20,minic,Level=15,0-1,0.0,40,0.10708149999845773,complete,,18
matchup_033_opening_019_0,matchup_033,opening_019,rnb1kbnr/1pqppp1p/2p5/p5p1/3P4/1QP4P/PP2PPP1/RNB1KBNR w KQkq - 0 5,0,minic,Level=15,minic,Level=20,1/2-1/2,0.5,80,0.3228129000053741,complete,,19
matchup_033_opening_019_1,matchup_033,opening_019,rnb1kbnr/1pqppp1p/2p5/p5p1/3P4/1QP4P/PP2PPP1/RNB1KBNR w KQkq - 0 5,1,minic,Level=20,minic,Level=15,1/2-1/2,0.5,80,0.29406240000389516,complete,,19
matchup_034_opening_000_0,matchup_034,opening_000,rn1qkb1r/2pppppp/bp3n2/p7/4B3/3PP3/PPP2PPP/RNBQK1NR w KQkq - 1 5,0,minic,Level=20,minic,Level=25,1/2-1/2,0.5,80,0.3858551000012085,complete,,0
matchup_034_opening_000_1,matchup_034,opening_000,rn1qkb1r/2pppppp/bp3n2/p7/4B3/3PP3/PPP2PPP/RNBQK1NR w KQkq - 1 5,1,minic,Level=25,minic,Level=20,1/2-1/2,0.5,80,0.3123083999962546,complete,,0
matchup_034_opening_001_0,matchup_034,opening_001,rnbqkbnr/1p2pppp/8/p1pp4/6P1/N6P/PPPPPP2/R1BQKBNR w KQkq - 0 5,0,minic,Level=20,minic,Level=25,1/2-1/2,0.5,80,0.3070358000113629,complete,,1
matchup_034_opening_001_1,matchup_034,opening_001,rnbqkbnr/1p2pppp/8/p1pp4/6P1/N6P/PPPPPP2/R1BQKBNR w KQkq - 0 5,1,minic,Level=25,minic,Level=20,1/2-1/2,0.5,80,0.3405355000286363,complete,,1
matchup_034_opening_002_0,matchup_034,opening_002,rnb1kbnr/pppp1p1p/5qp1/4p3/7P/1P3PP1/P1PPP3/RNBQKBNR w KQkq - 0 5,0,minic,Level=20,minic,Level=25,1/2-1/2,0.5,80,0.3369010000023991,complete,,2
matchup_034_opening_002_1,matchup_034,opening_002,rnb1kbnr/pppp1p1p/5qp1/4p3/7P/1P3PP1/P1PPP3/RNBQKBNR w KQkq - 0 5,1,minic,Level=25,minic,Level=20,1/2-1/2,0.5,80,0.30343379999976605,complete,,2
matchup_034_opening_003_0,matchup_034,opening_003,rnbqk1nr/1ppp1ppp/1b2p3/p7/P7/2P2P1P/1P1PP1P1/RNBQKBNR w KQkq - 1 5,0,minic,Level=20,minic,Level=25,1/2-1/2,0.5,80,0.3076944000204094,complete,,3
matchup_034_opening_003_1,matchup_034,opening_003,rnbqk1nr/1ppp1ppp/1b2p3/p7/P7/2P2P1P/1P1PP1P1/RNBQKBNR w KQkq - 1 5,1,minic,Level=25,minic,Level=20,1/2-1/2,0.5,80,0.2919963999884203,complete,,3
matchup_034_opening_004_0,matchup_034,opening_004,rnbqkbnr/2ppp1p1/1p3p2/p6p/2P5/4P2P/PP1PKPP1/RNBQ1BNR w kq - 0 5,0,minic,Level=20,minic,Level=25,1/2-1/2,0.5,80,0.3004071000032127,complete,,4
matchup_034_opening_004_1,matchup_034,opening_004,rnbqkbnr/2ppp1p1/1p3p2/p6p/2P5/4P2P/PP1PKPP1/RNBQ1BNR w kq - 0 5,1,minic,Level=25,minic,Level=20,1/2-1/2,0.5,80,0.29101250000530854,complete,,4
matchup_034_opening_005_0,matchup_034,opening_005,r1bqkb1r/ppp1pppp/3p1n2/8/1nB1P3/1PP5/P2P1PPP/RNBQK1NR w KQkq - 2 5,0,minic,Level=20,minic,Level=25,1/2-1/2,0.5,80,0.29215059999842197,complete,,5
matchup_034_opening_005_1,matchup_034,opening_005,r1bqkb1r/ppp1pppp/3p1n2/8/1nB1P3/1PP5/P2P1PPP/RNBQK1NR w KQkq - 2 5,1,minic,Level=25,minic,Level=20,1/2-1/2,0.5,80,0.3078786000260152,complete,,5
matchup_034_opening_006_0,matchup_034,opening_006,r1b1k1nr/pppp1ppp/n3p3/6q1/1b6/P2P4/2PNPPPP/R1BQKBNR w KQkq - 0 5,0,minic,Level=20,minic,Level=25,1/2-1/2,0.5,80,0.2878375999862328,complete,,6
matchup_034_opening_006_1,matchup_034,opening_006,r1b1k1nr/pppp1ppp/n3p3/6q1/1b6/P2P4/2PNPPPP/R1BQKBNR w KQkq - 0 5,1,minic,Level=25,minic,Level=20,1/2-1/2,0.5,80,0.3098296000389382,complete,,6
matchup_034_opening_007_0,matchup_034,opening_007,rn1qkb1r/ppp1p1pp/3p1n2/5p2/1P6/2N2PPb/P1PPP2P/R1BQKBNR w KQkq - 1 5,0,minic,Level=20,minic,Level=25,1/2-1/2,0.5,80,0.29386879998492077,complete,,7
matchup_034_opening_007_1,matchup_034,opening_007,rn1qkb1r/ppp1p1pp/3p1n2/5p2/1P6/2N2PPb/P1PPP2P/R1BQKBNR w KQkq - 1 5,1,minic,Level=25,minic,Level=20,1/2-1/2,0.5,80,0.2932357999961823,complete,,7
matchup_034_opening_008_0,matchup_034,opening_008,r1bq1bnr/pppkpppp/8/3p4/4P3/2N5/PPPP1PPP/R1BQK1NR w KQ - 0 5,0,minic,Level=20,minic,Level=25,1/2-1/2,0.5,80,0.29168009996647015,complete,,8
matchup_034_opening_008_1,matchup_034,opening_008,r1bq1bnr/pppkpppp/8/3p4/4P3/2N5/PPPP1PPP/R1BQK1NR w KQ - 0 5,1,minic,Level=25,minic,Level=20,1/2-1/2,0.5,80,0.2918949000304565,complete,,8
matchup_034_opening_009_0,matchup_034,opening_009,rnbq1bnr/p1ppkp1p/1p4p1/4p3/8/3P2P1/PPPNPP1P/RNBQKB1R w KQ - 2 5,0,minic,Level=20,minic,Level=25,1/2-1/2,0.5,80,0.30101809999905527,complete,,9
matchup_034_opening_009_1,matchup_034,opening_009,rnbq1bnr/p1ppkp1p/1p4p1/4p3/8/3P2P1/PPPNPP1P/RNBQKB1R w KQ - 2 5,1,minic,Level=25,minic,Level=20,1/2-1/2,0.5,80,0.32304809999186546,complete,,9
matchup_034_opening_010_0,matchup_034,opening_010,rn1qkbnr/1pp1ppp1/p6p/3p1b2/2P2P2/P6N/1P1PP1PP/RNBQKB1R w KQkq - 0 5,0,minic,Level=20,minic,Level=25,1/2-1/2,0.5,80,0.33642150001833215,complete,,10
matchup_034_opening_010_1,matchup_034,opening_010,rn1qkbnr/1pp1ppp1/p6p/3p1b2/2P2P2/P6N/1P1PP1PP/RNBQKB1R w KQkq - 0 5,1,minic,Level=25,minic,Level=20,1/2-1/2,0.5,80,0.3310696000116877,complete,,10
matchup_034_opening_011_0,matchup_034,opening_011,r1bqkbnr/pp1p2pp/n1p1p3/5p2/P2P1B2/8/1PP1PPPP/RN1QKBNR w KQkq - 0 5,0,minic,Level=20,minic,Level=25,1/2-1/2,0.5,80,0.38236950000282377,complete,,11
matchup_034_opening_011_1,matchup_034,opening_011,r1bqkbnr/pp1p2pp/n1p1p3/5p2/P2P1B2/8/1PP1PPPP/RN1QKBNR w KQkq - 0 5,1,minic,Level=25,minic,Level=20,1/2-1/2,0.5,80,0.3188926000148058,complete,,11
matchup_034_opening_012_0,matchup_034,opening_012,r1bqkbnr/ppppppp1/8/7p/Q1P3P1/1P1n4/P2PPP1P/RNB1KBNR w KQkq - 1 5,0,minic,Level=20,minic,Level=25,1/2-1/2,0.5,80,0.29911929997615516,complete,,12
matchup_034_opening_012_1,matchup_034,opening_012,r1bqkbnr/ppppppp1/8/7p/Q1P3P1/1P1n4/P2PPP1P/RNB1KBNR w KQkq - 1 5,1,minic,Level=25,minic,Level=20,1/2-1/2,0.5,80,0.286505899974145,complete,,12
matchup_034_opening_013_0,matchup_034,opening_013,rnbqkbnr/ppp3pp/4pp2/3p4/8/2PP4/PP2PPPP/RNBQKBNR w KQkq - 0 5,0,minic,Level=20,minic,Level=25,1/2-1/2,0.5,80,0.29980440001236275,complete,,13
matchup_034_opening_013_1,matchup_034,opening_013,rnbqkbnr/ppp3pp/4pp2/3p4/8/2PP4/PP2PPPP/RNBQKBNR w KQkq - 0 5,1,minic,Level=25,minic,Level=20,1/2-1/2,0.5,80,0.29953519999980927,complete,,13
matchup_034_opening_014_0,matchup_034,opening_014,rnbqk1nr/ppppp2p/6pb/8/2P2pPP/P7/1P1PPP2/RNBQKBNR w KQkq - 0 5,0,minic,Level=20,minic,Level=25,1/2-1/2,0.5,80,0.29104919999372214,complete,,14
matchup_034_opening_014_1,matchup_034,opening_014,rnbqk1nr/ppppp2p/6pb/8/2P2pPP/P7/1P1PPP2/RNBQKBNR w KQkq - 0 5,1,minic,Level=25,minic,Level=20,1/2-1/2,0.5,80,0.30442860000766814,complete,,14
matchup_034_opening_015_0,matchup_034,opening_015,rnb1kbnr/1ppp1pp1/8/p2Pp2p/4P2q/2N5/PPP2PPP/R1BQKBNR w KQkq - 2 5,0,minic,Level=20,minic,Level=25,1/2-1/2,0.5,80,0.270986300020013,complete,,15
matchup_034_opening_015_1,matchup_034,opening_015,rnb1kbnr/1ppp1pp1/8/p2Pp2p/4P2q/2N5/PPP2PPP/R1BQKBNR w KQkq - 2 5,1,minic,Level=25,minic,Level=20,1/2-1/2,0.5,80,0.3115570999798365,complete,,15
matchup_034_opening_016_0,matchup_034,opening_016,rn1qkbnr/p2pppp1/b7/1pP4p/5P2/8/PPP1PKPP/RNBQ1BNR w kq - 0 5,0,minic,Level=20,minic,Level=25,1/2-1/2,0.5,80,0.30103530001360923,complete,,16
matchup_034_opening_016_1,matchup_034,opening_016,rn1qkbnr/p2pppp1/b7/1pP4p/5P2/8/PPP1PKPP/RNBQ1BNR w kq - 0 5,1,minic,Level=25,minic,Level=20,1/2-1/2,0.5,80,0.3028584000421688,complete,,16
matchup_034_opening_017_0,matchup_034,opening_017,rnbqkbnr/p1p3pp/1p1pp3/5pP1/P3P3/8/1PPP1P1P/RNBQKBNR w KQkq - 0 5,0,minic,Level=20,minic,Level=25,1/2-1/2,0.5,80,0.3043961999937892,complete,,17
matchup_034_opening_017_1,matchup_034,opening_017,rnbqkbnr/p1p3pp/1p1pp3/5pP1/P3P3/8/1PPP1P1P/RNBQKBNR w KQkq - 0 5,1,minic,Level=25,minic,Level=20,1/2-1/2,0.5,80,0.2905128999846056,complete,,17
matchup_034_opening_018_0,matchup_034,opening_018,rnbqkb1r/ppp2ppp/3pp3/3P1n2/8/6PP/PPP1PP2/RNBQKBNR w KQkq - 1 5,0,minic,Level=20,minic,Level=25,1/2-1/2,0.5,80,0.30432450002990663,complete,,18
matchup_034_opening_018_1,matchup_034,opening_018,rnbqkb1r/ppp2ppp/3pp3/3P1n2/8/6PP/PPP1PP2/RNBQKBNR w KQkq - 1 5,1,minic,Level=25,minic,Level=20,1/2-1/2,0.5,80,0.2909579999977723,complete,,18
matchup_034_opening_019_0,matchup_034,opening_019,rnb1kbnr/1pqppp1p/2p5/p5p1/3P4/1QP4P/PP2PPP1/RNB1KBNR w KQkq - 0 5,0,minic,Level=20,minic,Level=25,1/2-1/2,0.5,80,0.2686057999962941,complete,,19
matchup_034_opening_019_1,matchup_034,opening_019,rnb1kbnr/1pqppp1p/2p5/p5p1/3P4/1QP4P/PP2PPP1/RNB1KBNR w KQkq - 0 5,1,minic,Level=25,minic,Level=20,1/2-1/2,0.5,80,0.29789559997152537,complete,,19
matchup_035_opening_000_0,matchup_035,opening_000,rn1qkb1r/2pppppp/bp3n2/p7/4B3/3PP3/PPP2PPP/RNBQK1NR w KQkq - 1 5,0,minic,Level=25,minic,Level=30,1/2-1/2,0.5,80,0.3734666000236757,complete,,0
matchup_035_opening_000_1,matchup_035,opening_000,rn1qkb1r/2pppppp/bp3n2/p7/4B3/3PP3/PPP2PPP/RNBQK1NR w KQkq - 1 5,1,minic,Level=30,minic,Level=25,1/2-1/2,0.5,80,0.32097760000033304,complete,,0
matchup_035_opening_001_0,matchup_035,opening_001,rnbqkbnr/1p2pppp/8/p1pp4/6P1/N6P/PPPPPP2/R1BQKBNR w KQkq - 0 5,0,minic,Level=25,minic,Level=30,1/2-1/2,0.5,80,0.3425765999709256,complete,,1
matchup_035_opening_001_1,matchup_035,opening_001,rnbqkbnr/1p2pppp/8/p1pp4/6P1/N6P/PPPPPP2/R1BQKBNR w KQkq - 0 5,1,minic,Level=30,minic,Level=25,1/2-1/2,0.5,80,0.3008746999548748,complete,,1
matchup_035_opening_002_0,matchup_035,opening_002,rnb1kbnr/pppp1p1p/5qp1/4p3/7P/1P3PP1/P1PPP3/RNBQKBNR w KQkq - 0 5,0,minic,Level=25,minic,Level=30,1/2-1/2,0.5,80,0.3091814999934286,complete,,2
matchup_035_opening_002_1,matchup_035,opening_002,rnb1kbnr/pppp1p1p/5qp1/4p3/7P/1P3PP1/P1PPP3/RNBQKBNR w KQkq - 0 5,1,minic,Level=30,minic,Level=25,1/2-1/2,0.5,80,0.29266649996861815,complete,,2
matchup_035_opening_003_0,matchup_035,opening_003,rnbqk1nr/1ppp1ppp/1b2p3/p7/P7/2P2P1P/1P1PP1P1/RNBQKBNR w KQkq - 1 5,0,minic,Level=25,minic,Level=30,1/2-1/2,0.5,80,0.3020714999875054,complete,,3
matchup_035_opening_003_1,matchup_035,opening_003,rnbqk1nr/1ppp1ppp/1b2p3/p7/P7/2P2P1P/1P1PP1P1/RNBQKBNR w KQkq - 1 5,1,minic,Level=30,minic,Level=25,1/2-1/2,0.5,80,0.30828810000093654,complete,,3
matchup_035_opening_004_0,matchup_035,opening_004,rnbqkbnr/2ppp1p1/1p3p2/p6p/2P5/4P2P/PP1PKPP1/RNBQ1BNR w kq - 0 5,0,minic,Level=25,minic,Level=30,1/2-1/2,0.5,80,0.2907816999941133,complete,,4
matchup_035_opening_004_1,matchup_035,opening_004,rnbqkbnr/2ppp1p1/1p3p2/p6p/2P5/4P2P/PP1PKPP1/RNBQ1BNR w kq - 0 5,1,minic,Level=30,minic,Level=25,1/2-1/2,0.5,80,0.2960660000098869,complete,,4
matchup_035_opening_005_0,matchup_035,opening_005,r1bqkb1r/ppp1pppp/3p1n2/8/1nB1P3/1PP5/P2P1PPP/RNBQK1NR w KQkq - 2 5,0,minic,Level=25,minic,Level=30,1/2-1/2,0.5,80,0.317974699952174,complete,,5
matchup_035_opening_005_1,matchup_035,opening_005,r1bqkb1r/ppp1pppp/3p1n2/8/1nB1P3/1PP5/P2P1PPP/RNBQK1NR w KQkq - 2 5,1,minic,Level=30,minic,Level=25,1/2-1/2,0.5,80,0.30050610000034794,complete,,5
matchup_035_opening_006_0,matchup_035,opening_006,r1b1k1nr/pppp1ppp/n3p3/6q1/1b6/P2P4/2PNPPPP/R1BQKBNR w KQkq - 0 5,0,minic,Level=25,minic,Level=30,1/2-1/2,0.5,80,0.3076751999906264,complete,,6
matchup_035_opening_006_1,matchup_035,opening_006,r1b1k1nr/pppp1ppp/n3p3/6q1/1b6/P2P4/2PNPPPP/R1BQKBNR w KQkq - 0 5,1,minic,Level=30,minic,Level=25,1/2-1/2,0.5,80,0.2911649000016041,complete,,6
matchup_035_opening_007_0,matchup_035,opening_007,rn1qkb1r/ppp1p1pp/3p1n2/5p2/1P6/2N2PPb/P1PPP2P/R1BQKBNR w KQkq - 1 5,0,minic,Level=25,minic,Level=30,1/2-1/2,0.5,80,0.29411820002133027,complete,,7
matchup_035_opening_007_1,matchup_035,opening_007,rn1qkb1r/ppp1p1pp/3p1n2/5p2/1P6/2N2PPb/P1PPP2P/R1BQKBNR w KQkq - 1 5,1,minic,Level=30,minic,Level=25,1/2-1/2,0.5,80,0.2971640999894589,complete,,7
matchup_035_opening_008_0,matchup_035,opening_008,r1bq1bnr/pppkpppp/8/3p4/4P3/2N5/PPPP1PPP/R1BQK1NR w KQ - 0 5,0,minic,Level=25,minic,Level=30,1/2-1/2,0.5,80,0.30091500002890825,complete,,8
matchup_035_opening_008_1,matchup_035,opening_008,r1bq1bnr/pppkpppp/8/3p4/4P3/2N5/PPPP1PPP/R1BQK1NR w KQ - 0 5,1,minic,Level=30,minic,Level=25,1/2-1/2,0.5,80,0.2988027000101283,complete,,8
matchup_035_opening_009_0,matchup_035,opening_009,rnbq1bnr/p1ppkp1p/1p4p1/4p3/8/3P2P1/PPPNPP1P/RNBQKB1R w KQ - 2 5,0,minic,Level=25,minic,Level=30,1/2-1/2,0.5,80,0.2921379000181332,complete,,9
matchup_035_opening_009_1,matchup_035,opening_009,rnbq1bnr/p1ppkp1p/1p4p1/4p3/8/3P2P1/PPPNPP1P/RNBQKB1R w KQ - 2 5,1,minic,Level=30,minic,Level=25,1/2-1/2,0.5,80,0.2953029000200331,complete,,9
matchup_035_opening_010_0,matchup_035,opening_010,rn1qkbnr/1pp1ppp1/p6p/3p1b2/2P2P2/P6N/1P1PP1PP/RNBQKB1R w KQkq - 0 5,0,minic,Level=25,minic,Level=30,1/2-1/2,0.5,80,0.3476978999678977,complete,,10
matchup_035_opening_010_1,matchup_035,opening_010,rn1qkbnr/1pp1ppp1/p6p/3p1b2/2P2P2/P6N/1P1PP1PP/RNBQKB1R w KQkq - 0 5,1,minic,Level=30,minic,Level=25,1/2-1/2,0.5,80,0.29780729999765754,complete,,10
matchup_035_opening_011_0,matchup_035,opening_011,r1bqkbnr/pp1p2pp/n1p1p3/5p2/P2P1B2/8/1PP1PPPP/RN1QKBNR w KQkq - 0 5,0,minic,Level=25,minic,Level=30,1/2-1/2,0.5,80,0.30606669996632263,complete,,11
matchup_035_opening_011_1,matchup_035,opening_011,r1bqkbnr/pp1p2pp/n1p1p3/5p2/P2P1B2/8/1PP1PPPP/RN1QKBNR w KQkq - 0 5,1,minic,Level=30,minic,Level=25,1/2-1/2,0.5,80,0.31430420000106096,complete,,11
matchup_035_opening_012_0,matchup_035,opening_012,r1bqkbnr/ppppppp1/8/7p/Q1P3P1/1P1n4/P2PPP1P/RNB1KBNR w KQkq - 1 5,0,minic,Level=25,minic,Level=30,1/2-1/2,0.5,80,0.28955950000090525,complete,,12
matchup_035_opening_012_1,matchup_035,opening_012,r1bqkbnr/ppppppp1/8/7p/Q1P3P1/1P1n4/P2PPP1P/RNB1KBNR w KQkq - 1 5,1,minic,Level=30,minic,Level=25,1/2-1/2,0.5,80,0.2922312000300735,complete,,12
matchup_035_opening_013_0,matchup_035,opening_013,rnbqkbnr/ppp3pp/4pp2/3p4/8/2PP4/PP2PPPP/RNBQKBNR w KQkq - 0 5,0,minic,Level=25,minic,Level=30,1/2-1/2,0.5,80,0.2895384000148624,complete,,13
matchup_035_opening_013_1,matchup_035,opening_013,rnbqkbnr/ppp3pp/4pp2/3p4/8/2PP4/PP2PPPP/RNBQKBNR w KQkq - 0 5,1,minic,Level=30,minic,Level=25,1/2-1/2,0.5,80,0.314128800004255,complete,,13
matchup_035_opening_014_0,matchup_035,opening_014,rnbqk1nr/ppppp2p/6pb/8/2P2pPP/P7/1P1PPP2/RNBQKBNR w KQkq - 0 5,0,minic,Level=25,minic,Level=30,1/2-1/2,0.5,80,0.3065313000115566,complete,,14
matchup_035_opening_014_1,matchup_035,opening_014,rnbqk1nr/ppppp2p/6pb/8/2P2pPP/P7/1P1PPP2/RNBQKBNR w KQkq - 0 5,1,minic,Level=30,minic,Level=25,1/2-1/2,0.5,80,0.32901440002024174,complete,,14
matchup_035_opening_015_0,matchup_035,opening_015,rnb1kbnr/1ppp1pp1/8/p2Pp2p/4P2q/2N5/PPP2PPP/R1BQKBNR w KQkq - 2 5,0,minic,Level=25,minic,Level=30,1/2-1/2,0.5,80,0.33098740002606064,complete,,15
matchup_035_opening_015_1,matchup_035,opening_015,rnb1kbnr/1ppp1pp1/8/p2Pp2p/4P2q/2N5/PPP2PPP/R1BQKBNR w KQkq - 2 5,1,minic,Level=30,minic,Level=25,1/2-1/2,0.5,80,0.3035080999834463,complete,,15
matchup_035_opening_016_0,matchup_035,opening_016,rn1qkbnr/p2pppp1/b7/1pP4p/5P2/8/PPP1PKPP/RNBQ1BNR w kq - 0 5,0,minic,Level=25,minic,Level=30,1/2-1/2,0.5,80,0.29574490000959486,complete,,16
matchup_035_opening_016_1,matchup_035,opening_016,rn1qkbnr/p2pppp1/b7/1pP4p/5P2/8/PPP1PKPP/RNBQ1BNR w kq - 0 5,1,minic,Level=30,minic,Level=25,1/2-1/2,0.5,80,0.3002359000383876,complete,,16
matchup_035_opening_017_0,matchup_035,opening_017,rnbqkbnr/p1p3pp/1p1pp3/5pP1/P3P3/8/1PPP1P1P/RNBQKBNR w KQkq - 0 5,0,minic,Level=25,minic,Level=30,1/2-1/2,0.5,80,0.3115612000110559,complete,,17
matchup_035_opening_017_1,matchup_035,opening_017,rnbqkbnr/p1p3pp/1p1pp3/5pP1/P3P3/8/1PPP1P1P/RNBQKBNR w KQkq - 0 5,1,minic,Level=30,minic,Level=25,1/2-1/2,0.5,80,0.28893039998365566,complete,,17
matchup_035_opening_018_0,matchup_035,opening_018,rnbqkb1r/ppp2ppp/3pp3/3P1n2/8/6PP/PPP1PP2/RNBQKBNR w KQkq - 1 5,0,minic,Level=25,minic,Level=30,1/2-1/2,0.5,80,0.30747159995371476,complete,,18
matchup_035_opening_018_1,matchup_035,opening_018,rnbqkb1r/ppp2ppp/3pp3/3P1n2/8/6PP/PPP1PP2/RNBQKBNR w KQkq - 1 5,1,minic,Level=30,minic,Level=25,1/2-1/2,0.5,80,0.3250188999809325,complete,,18
matchup_035_opening_019_0,matchup_035,opening_019,rnb1kbnr/1pqppp1p/2p5/p5p1/3P4/1QP4P/PP2PPP1/RNB1KBNR w KQkq - 0 5,0,minic,Level=25,minic,Level=30,1/2-1/2,0.5,80,0.29560299997683614,complete,,19
matchup_035_opening_019_1,matchup_035,opening_019,rnb1kbnr/1pqppp1p/2p5/p5p1/3P4/1QP4P/PP2PPP1/RNB1KBNR w KQkq - 0 5,1,minic,Level=30,minic,Level=25,1/2-1/2,0.5,80,0.31074009998701513,complete,,19
matchup_036_opening_000_0,matchup_036,opening_000,rn1qkb1r/2pppppp/bp3n2/p7/4B3/3PP3/PPP2PPP/RNBQK1NR w KQkq - 1 5,0,gaia,Skill Level=1,minic,Level=20,1-0,1.0,43,0.8791609000181779,complete,,0
matchup_036_opening_000_1,matchup_036,opening_000,rn1qkb1r/2pppppp/bp3n2/p7/4B3/3PP3/PPP2PPP/RNBQK1NR w KQkq - 1 5,1,minic,Level=20,gaia,Skill Level=1,1/2-1/2,0.5,80,0.2743608999880962,complete,,0
matchup_036_opening_001_0,matchup_036,opening_001,rnbqkbnr/1p2pppp/8/p1pp4/6P1/N6P/PPPPPP2/R1BQKBNR w KQkq - 0 5,0,gaia,Skill Level=1,minic,Level=20,1-0,1.0,51,0.15373139997245744,complete,,1
matchup_036_opening_001_1,matchup_036,opening_001,rnbqkbnr/1p2pppp/8/p1pp4/6P1/N6P/PPPPPP2/R1BQKBNR w KQkq - 0 5,1,minic,Level=20,gaia,Skill Level=1,0-1,0.0,64,0.19305780000286177,complete,,1
matchup_036_opening_002_0,matchup_036,opening_002,rnb1kbnr/pppp1p1p/5qp1/4p3/7P/1P3PP1/P1PPP3/RNBQKBNR w KQkq - 0 5,0,gaia,Skill Level=1,minic,Level=20,1/2-1/2,0.5,80,0.27952690003439784,complete,,2
matchup_036_opening_002_1,matchup_036,opening_002,rnb1kbnr/pppp1p1p/5qp1/4p3/7P/1P3PP1/P1PPP3/RNBQKBNR w KQkq - 0 5,1,minic,Level=20,gaia,Skill Level=1,0-1,0.0,74,0.24672080000163987,complete,,2
matchup_036_opening_003_0,matchup_036,opening_003,rnbqk1nr/1ppp1ppp/1b2p3/p7/P7/2P2P1P/1P1PP1P1/RNBQKBNR w KQkq - 1 5,0,gaia,Skill Level=1,minic,Level=20,1/2-1/2,0.5,80,0.29154689999995753,complete,,3
matchup_036_opening_003_1,matchup_036,opening_003,rnbqk1nr/1ppp1ppp/1b2p3/p7/P7/2P2P1P/1P1PP1P1/RNBQKBNR w KQkq - 1 5,1,minic,Level=20,gaia,Skill Level=1,1/2-1/2,0.5,64,0.20848380000097677,complete,,3
matchup_036_opening_004_0,matchup_036,opening_004,rnbqkbnr/2ppp1p1/1p3p2/p6p/2P5/4P2P/PP1PKPP1/RNBQ1BNR w kq - 0 5,0,gaia,Skill Level=1,minic,Level=20,1/2-1/2,0.5,80,0.2571946000098251,complete,,4
matchup_036_opening_004_1,matchup_036,opening_004,rnbqkbnr/2ppp1p1/1p3p2/p6p/2P5/4P2P/PP1PKPP1/RNBQ1BNR w kq - 0 5,1,minic,Level=20,gaia,Skill Level=1,0-1,0.0,52,0.14376250002533197,complete,,4
matchup_036_opening_005_0,matchup_036,opening_005,r1bqkb1r/ppp1pppp/3p1n2/8/1nB1P3/1PP5/P2P1PPP/RNBQK1NR w KQkq - 2 5,0,gaia,Skill Level=1,minic,Level=20,1-0,1.0,57,0.15612950001377612,complete,,5
matchup_036_opening_005_1,matchup_036,opening_005,r1bqkb1r/ppp1pppp/3p1n2/8/1nB1P3/1PP5/P2P1PPP/RNBQK1NR w KQkq - 2 5,1,minic,Level=20,gaia,Skill Level=1,0-1,0.0,60,0.17867680004565045,complete,,5
matchup_036_opening_006_0,matchup_036,opening_006,r1b1k1nr/pppp1ppp/n3p3/6q1/1b6/P2P4/2PNPPPP/R1BQKBNR w KQkq - 0 5,0,gaia,Skill Level=1,minic,Level=20,1-0,1.0,47,0.12208739999914542,complete,,6
matchup_036_opening_006_1,matchup_036,opening_006,r1b1k1nr/pppp1ppp/n3p3/6q1/1b6/P2P4/2PNPPPP/R1BQKBNR w KQkq - 0 5,1,minic,Level=20,gaia,Skill Level=1,0-1,0.0,16,0.022138399945106357,complete,,6
matchup_036_opening_007_0,matchup_036,opening_007,rn1qkb1r/ppp1p1pp/3p1n2/5p2/1P6/2N2PPb/P1PPP2P/R1BQKBNR w KQkq - 1 5,0,gaia,Skill Level=1,minic,Level=20,1/2-1/2,0.5,80,0.2568697999813594,complete,,7
matchup_036_opening_007_1,matchup_036,opening_007,rn1qkb1r/ppp1p1pp/3p1n2/5p2/1P6/2N2PPb/P1PPP2P/R1BQKBNR w KQkq - 1 5,1,minic,Level=20,gaia,Skill Level=1,0-1,0.0,56,0.1621869999798946,complete,,7
matchup_036_opening_008_0,matchup_036,opening_008,r1bq1bnr/pppkpppp/8/3p4/4P3/2N5/PPPP1PPP/R1BQK1NR w KQ - 0 5,0,gaia,Skill Level=1,minic,Level=20,1-0,1.0,25,0.04879099997924641,complete,,8
matchup_036_opening_008_1,matchup_036,opening_008,r1bq1bnr/pppkpppp/8/3p4/4P3/2N5/PPPP1PPP/R1BQK1NR w KQ - 0 5,1,minic,Level=20,gaia,Skill Level=1,1/2-1/2,0.5,80,0.24309070000890642,complete,,8
matchup_036_opening_009_0,matchup_036,opening_009,rnbq1bnr/p1ppkp1p/1p4p1/4p3/8/3P2P1/PPPNPP1P/RNBQKB1R w KQ - 2 5,0,gaia,Skill Level=1,minic,Level=20,1/2-1/2,0.5,80,0.2429310000152327,complete,,9
matchup_036_opening_009_1,matchup_036,opening_009,rnbq1bnr/p1ppkp1p/1p4p1/4p3/8/3P2P1/PPPNPP1P/RNBQKB1R w KQ - 2 5,1,minic,Level=20,gaia,Skill Level=1,0-1,0.0,66,0.2326115000178106,complete,,9
matchup_036_opening_010_0,matchup_036,opening_010,rn1qkbnr/1pp1ppp1/p6p/3p1b2/2P2P2/P6N/1P1PP1PP/RNBQKB1R w KQkq - 0 5,0,gaia,Skill Level=1,minic,Level=20,1/2-1/2,0.5,80,0.26854009996168315,complete,,10
matchup_036_opening_010_1,matchup_036,opening_010,rn1qkbnr/1pp1ppp1/p6p/3p1b2/2P2P2/P6N/1P1PP1PP/RNBQKB1R w KQkq - 0 5,1,minic,Level=20,gaia,Skill Level=1,0-1,0.0,74,0.2325688000419177,complete,,10
matchup_036_opening_011_0,matchup_036,opening_011,r1bqkbnr/pp1p2pp/n1p1p3/5p2/P2P1B2/8/1PP1PPPP/RN1QKBNR w KQkq - 0 5,0,gaia,Skill Level=1,minic,Level=20,1/2-1/2,0.5,80,0.27961820003110915,complete,,11
matchup_036_opening_011_1,matchup_036,opening_011,r1bqkbnr/pp1p2pp/n1p1p3/5p2/P2P1B2/8/1PP1PPPP/RN1QKBNR w KQkq - 0 5,1,minic,Level=20,gaia,Skill Level=1,0-1,0.0,50,0.1393821999663487,complete,,11
matchup_036_opening_012_0,matchup_036,opening_012,r1bqkbnr/ppppppp1/8/7p/Q1P3P1/1P1n4/P2PPP1P/RNB1KBNR w KQkq - 1 5,0,gaia,Skill Level=1,minic,Level=20,1-0,1.0,35,0.07777750003151596,complete,,12
matchup_036_opening_012_1,matchup_036,opening_012,r1bqkbnr/ppppppp1/8/7p/Q1P3P1/1P1n4/P2PPP1P/RNB1KBNR w KQkq - 1 5,1,minic,Level=20,gaia,Skill Level=1,0-1,0.0,80,0.23693119996460155,complete,,12
matchup_036_opening_013_0,matchup_036,opening_013,rnbqkbnr/ppp3pp/4pp2/3p4/8/2PP4/PP2PPPP/RNBQKBNR w KQkq - 0 5,0,gaia,Skill Level=1,minic,Level=20,1-0,1.0,65,0.19007790001342073,complete,,13
matchup_036_opening_013_1,matchup_036,opening_013,rnbqkbnr/ppp3pp/4pp2/3p4/8/2PP4/PP2PPPP/RNBQKBNR w KQkq - 0 5,1,minic,Level=20,gaia,Skill Level=1,0-1,0.0,74,0.23573299997951835,complete,,13
matchup_036_opening_014_0,matchup_036,opening_014,rnbqk1nr/ppppp2p/6pb/8/2P2pPP/P7/1P1PPP2/RNBQKBNR w KQkq - 0 5,0,gaia,Skill Level=1,minic,Level=20,1/2-1/2,0.5,80,0.2775061000138521,complete,,14
matchup_036_opening_014_1,matchup_036,opening_014,rnbqk1nr/ppppp2p/6pb/8/2P2pPP/P7/1P1PPP2/RNBQKBNR w KQkq - 0 5,1,minic,Level=20,gaia,Skill Level=1,1/2-1/2,0.5,80,0.2535585999721661,complete,,14
matchup_036_opening_015_0,matchup_036,opening_015,rnb1kbnr/1ppp1pp1/8/p2Pp2p/4P2q/2N5/PPP2PPP/R1BQKBNR w KQkq - 2 5,0,gaia,Skill Level=1,minic,Level=20,1/2-1/2,0.5,80,0.26008030003868043,complete,,15
matchup_036_opening_015_1,matchup_036,opening_015,rnb1kbnr/1ppp1pp1/8/p2Pp2p/4P2q/2N5/PPP2PPP/R1BQKBNR w KQkq - 2 5,1,minic,Level=20,gaia,Skill Level=1,0-1,0.0,72,0.21358440001495183,complete,,15
matchup_036_opening_016_0,matchup_036,opening_016,rn1qkbnr/p2pppp1/b7/1pP4p/5P2/8/PPP1PKPP/RNBQ1BNR w kq - 0 5,0,gaia,Skill Level=1,minic,Level=20,1/2-1/2,0.5,80,0.27090449997922406,complete,,16
matchup_036_opening_016_1,matchup_036,opening_016,rn1qkbnr/p2pppp1/b7/1pP4p/5P2/8/PPP1PKPP/RNBQ1BNR w kq - 0 5,1,minic,Level=20,gaia,Skill Level=1,1/2-1/2,0.5,80,0.26757259998703375,complete,,16
matchup_036_opening_017_0,matchup_036,opening_017,rnbqkbnr/p1p3pp/1p1pp3/5pP1/P3P3/8/1PPP1P1P/RNBQKBNR w KQkq - 0 5,0,gaia,Skill Level=1,minic,Level=20,1/2-1/2,0.5,80,0.244168900011573,complete,,17
matchup_036_opening_017_1,matchup_036,opening_017,rnbqkbnr/p1p3pp/1p1pp3/5pP1/P3P3/8/1PPP1P1P/RNBQKBNR w KQkq - 0 5,1,minic,Level=20,gaia,Skill Level=1,0-1,0.0,64,0.18610589997842908,complete,,17
matchup_036_opening_018_0,matchup_036,opening_018,rnbqkb1r/ppp2ppp/3pp3/3P1n2/8/6PP/PPP1PP2/RNBQKBNR w KQkq - 1 5,0,gaia,Skill Level=1,minic,Level=20,1/2-1/2,0.5,80,0.29665939998812973,complete,,18
matchup_036_opening_018_1,matchup_036,opening_018,rnbqkb1r/ppp2ppp/3pp3/3P1n2/8/6PP/PPP1PP2/RNBQKBNR w KQkq - 1 5,1,minic,Level=20,gaia,Skill Level=1,0-1,0.0,62,0.19318850000854582,complete,,18
matchup_036_opening_019_0,matchup_036,opening_019,rnb1kbnr/1pqppp1p/2p5/p5p1/3P4/1QP4P/PP2PPP1/RNB1KBNR w KQkq - 0 5,0,gaia,Skill Level=1,minic,Level=20,1-0,1.0,61,0.1828756000031717,complete,,19
matchup_036_opening_019_1,matchup_036,opening_019,rnb1kbnr/1pqppp1p/2p5/p5p1/3P4/1QP4P/PP2PPP1/RNB1KBNR w KQkq - 0 5,1,minic,Level=20,gaia,Skill Level=1,0-1,0.0,46,0.138795500039123,complete,,19
matchup_037_opening_000_0,matchup_037,opening_000,rn1qkb1r/2pppppp/bp3n2/p7/4B3/3PP3/PPP2PPP/RNBQK1NR w KQkq - 1 5,0,gaia,Skill Level=1,minic,Level=22,1-0,1.0,41,0.9952795000281185,complete,,0
matchup_037_opening_000_1,matchup_037,opening_000,rn1qkb1r/2pppppp/bp3n2/p7/4B3/3PP3/PPP2PPP/RNBQK1NR w KQkq - 1 5,1,minic,Level=22,gaia,Skill Level=1,0-1,0.0,64,0.1690940999542363,complete,,0
matchup_037_opening_001_0,matchup_037,opening_001,rnbqkbnr/1p2pppp/8/p1pp4/6P1/N6P/PPPPPP2/R1BQKBNR w KQkq - 0 5,0,gaia,Skill Level=1,minic,Level=22,1-0,1.0,53,0.1410860000178218,complete,,1
matchup_037_opening_001_1,matchup_037,opening_001,rnbqkbnr/1p2pppp/8/p1pp4/6P1/N6P/PPPPPP2/R1BQKBNR w KQkq - 0 5,1,minic,Level=22,gaia,Skill Level=1,1/2-1/2,0.5,80,0.23305350000737235,complete,,1
matchup_037_opening_002_0,matchup_037,opening_002,rnb1kbnr/pppp1p1p/5qp1/4p3/7P/1P3PP1/P1PPP3/RNBQKBNR w KQkq - 0 5,0,gaia,Skill Level=1,minic,Level=22,1-0,1.0,73,0.22522249998291954,complete,,2
matchup_037_opening_002_1,matchup_037,opening_002,rnb1kbnr/pppp1p1p/5qp1/4p3/7P/1P3PP1/P1PPP3/RNBQKBNR w KQkq - 0 5,1,minic,Level=22,gaia,Skill Level=1,1/2-1/2,0.5,80,0.2676002999651246,complete,,2
matchup_037_opening_003_0,matchup_037,opening_003,rnbqk1nr/1ppp1ppp/1b2p3/p7/P7/2P2P1P/1P1PP1P1/RNBQKBNR w KQkq - 1 5,0,gaia,Skill Level=1,minic,Level=22,1-0,1.0,49,0.1139969999785535,complete,,3
matchup_037_opening_003_1,matchup_037,opening_003,rnbqk1nr/1ppp1ppp/1b2p3/p7/P7/2P2P1P/1P1PP1P1/RNBQKBNR w KQkq - 1 5,1,minic,Level=22,gaia,Skill Level=1,0-1,0.0,52,0.12694269994972274,complete,,3
matchup_037_opening_004_0,matchup_037,opening_004,rnbqkbnr/2ppp1p1/1p3p2/p6p/2P5/4P2P/PP1PKPP1/RNBQ1BNR w kq - 0 5,0,gaia,Skill Level=1,minic,Level=22,1/2-1/2,0.5,80,0.24466529994970188,complete,,4
matchup_037_opening_004_1,matchup_037,opening_004,rnbqkbnr/2ppp1p1/1p3p2/p6p/2P5/4P2P/PP1PKPP1/RNBQ1BNR w kq - 0 5,1,minic,Level=22,gaia,Skill Level=1,1/2-1/2,0.5,80,0.24441839999053627,complete,,4
matchup_037_opening_005_0,matchup_037,opening_005,r1bqkb1r/ppp1pppp/3p1n2/8/1nB1P3/1PP5/P2P1PPP/RNBQK1NR w KQkq - 2 5,0,gaia,Skill Level=1,minic,Level=22,1-0,1.0,55,0.16408389998832718,complete,,5
matchup_037_opening_005_1,matchup_037,opening_005,r1bqkb1r/ppp1pppp/3p1n2/8/1nB1P3/1PP5/P2P1PPP/RNBQK1NR w KQkq - 2 5,1,minic,Level=22,gaia,Skill Level=1,1/2-1/2,0.5,80,0.2613884000456892,complete,,5
matchup_037_opening_006_0,matchup_037,opening_006,r1b1k1nr/pppp1ppp/n3p3/6q1/1b6/P2P4/2PNPPPP/R1BQKBNR w KQkq - 0 5,0,gaia,Skill Level=1,minic,Level=22,1-0,1.0,57,0.15398770000319928,complete,,6
matchup_037_opening_006_1,matchup_037,opening_006,r1b1k1nr/pppp1ppp/n3p3/6q1/1b6/P2P4/2PNPPPP/R1BQKBNR w KQkq - 0 5,1,minic,Level=22,gaia,Skill Level=1,0-1,0.0,72,0.21453449997352436,complete,,6
matchup_037_opening_007_0,matchup_037,opening_007,rn1qkb1r/ppp1p1pp/3p1n2/5p2/1P6/2N2PPb/P1PPP2P/R1BQKBNR w KQkq - 1 5,0,gaia,Skill Level=1,minic,Level=22,1/2-1/2,0.5,80,0.24735790002159774,complete,,7
matchup_037_opening_007_1,matchup_037,opening_007,rn1qkb1r/ppp1p1pp/3p1n2/5p2/1P6/2N2PPb/P1PPP2P/R1BQKBNR w KQkq - 1 5,1,minic,Level=22,gaia,Skill Level=1,1-0,1.0,61,0.1944997999817133,complete,,7
matchup_037_opening_008_0,matchup_037,opening_008,r1bq1bnr/pppkpppp/8/3p4/4P3/2N5/PPPP1PPP/R1BQK1NR w KQ - 0 5,0,gaia,Skill Level=1,minic,Level=22,1-0,1.0,55,0.14391589997103438,complete,,8
matchup_037_opening_008_1,matchup_037,opening_008,r1bq1bnr/pppkpppp/8/3p4/4P3/2N5/PPPP1PPP/R1BQK1NR w KQ - 0 5,1,minic,Level=22,gaia,Skill Level=1,1/2-1/2,0.5,80,0.25507989997277036,complete,,8
matchup_037_opening_009_0,matchup_037,opening_009,rnbq1bnr/p1ppkp1p/1p4p1/4p3/8/3P2P1/PPPNPP1P/RNBQKB1R w KQ - 2 5,0,gaia,Skill Level=1,minic,Level=22,1/2-1/2,0.5,80,0.2777203000150621,complete,,9
matchup_037_opening_009_1,matchup_037,opening_009,rnbq1bnr/p1ppkp1p/1p4p1/4p3/8/3P2P1/PPPNPP1P/RNBQKB1R w KQ - 2 5,1,minic,Level=22,gaia,Skill Level=1,0-1,0.0,46,0.13323109998600557,complete,,9
matchup_037_opening_010_0,matchup_037,opening_010,rn1qkbnr/1pp1ppp1/p6p/3p1b2/2P2P2/P6N/1P1PP1PP/RNBQKB1R w KQkq - 0 5,0,gaia,Skill Level=1,minic,Level=22,1-0,1.0,25,0.04920100001618266,complete,,10
matchup_037_opening_010_1,matchup_037,opening_010,rn1qkbnr/1pp1ppp1/p6p/3p1b2/2P2P2/P6N/1P1PP1PP/RNBQKB1R w KQkq - 0 5,1,minic,Level=22,gaia,Skill Level=1,1/2-1/2,0.5,80,0.2754793000058271,complete,,10
matchup_037_opening_011_0,matchup_037,opening_011,r1bqkbnr/pp1p2pp/n1p1p3/5p2/P2P1B2/8/1PP1PPPP/RN1QKBNR w KQkq - 0 5,0,gaia,Skill Level=1,minic,Level=22,1/2-1/2,0.5,80,0.25674449995858595,complete,,11
matchup_037_opening_011_1,matchup_037,opening_011,r1bqkbnr/pp1p2pp/n1p1p3/5p2/P2P1B2/8/1PP1PPPP/RN1QKBNR w KQkq - 0 5,1,minic,Level=22,gaia,Skill Level=1,0-1,0.0,68,0.22189579997211695,complete,,11
matchup_037_opening_012_0,matchup_037,opening_012,r1bqkbnr/ppppppp1/8/7p/Q1P3P1/1P1n4/P2PPP1P/RNB1KBNR w KQkq - 1 5,0,gaia,Skill Level=1,minic,Level=22,1-0,1.0,21,0.03827229997841641,complete,,12
matchup_037_opening_012_1,matchup_037,opening_012,r1bqkbnr/ppppppp1/8/7p/Q1P3P1/1P1n4/P2PPP1P/RNB1KBNR w KQkq - 1 5,1,minic,Level=22,gaia,Skill Level=1,0-1,0.0,52,0.16503540001576766,complete,,12
matchup_037_opening_013_0,matchup_037,opening_013,rnbqkbnr/ppp3pp/4pp2/3p4/8/2PP4/PP2PPPP/RNBQKBNR w KQkq - 0 5,0,gaia,Skill Level=1,minic,Level=22,1/2-1/2,0.5,80,0.2891193999676034,complete,,13
matchup_037_opening_013_1,matchup_037,opening_013,rnbqkbnr/ppp3pp/4pp2/3p4/8/2PP4/PP2PPPP/RNBQKBNR w KQkq - 0 5,1,minic,Level=22,gaia,Skill Level=1,0-1,0.0,38,0.09430929995141923,complete,,13
matchup_037_opening_014_0,matchup_037,opening_014,rnbqk1nr/ppppp2p/6pb/8/2P2pPP/P7/1P1PPP2/RNBQKBNR w KQkq - 0 5,0,gaia,Skill Level=1,minic,Level=22,1/2-1/2,0.5,69,0.2136327000334859,complete,,14
matchup_037_opening_014_1,matchup_037,opening_014,rnbqk1nr/ppppp2p/6pb/8/2P2pPP/P7/1P1PPP2/RNBQKBNR w KQkq - 0 5,1,minic,Level=22,gaia,Skill Level=1,0-1,0.0,54,0.15004749997751787,complete,,14
matchup_037_opening_015_0,matchup_037,opening_015,rnb1kbnr/1ppp1pp1/8/p2Pp2p/4P2q/2N5/PPP2PPP/R1BQKBNR w KQkq - 2 5,0,gaia,Skill Level=1,minic,Level=22,1/2-1/2,0.5,80,0.2707368000410497,complete,,15
matchup_037_opening_015_1,matchup_037,opening_015,rnb1kbnr/1ppp1pp1/8/p2Pp2p/4P2q/2N5/PPP2PPP/R1BQKBNR w KQkq - 2 5,1,minic,Level=22,gaia,Skill Level=1,0-1,0.0,58,0.17775829997844994,complete,,15
matchup_037_opening_016_0,matchup_037,opening_016,rn1qkbnr/p2pppp1/b7/1pP4p/5P2/8/PPP1PKPP/RNBQ1BNR w kq - 0 5,0,gaia,Skill Level=1,minic,Level=22,1-0,1.0,45,0.11188370001036674,complete,,16
matchup_037_opening_016_1,matchup_037,opening_016,rn1qkbnr/p2pppp1/b7/1pP4p/5P2/8/PPP1PKPP/RNBQ1BNR w kq - 0 5,1,minic,Level=22,gaia,Skill Level=1,0-1,0.0,32,0.07222109998110682,complete,,16
matchup_037_opening_017_0,matchup_037,opening_017,rnbqkbnr/p1p3pp/1p1pp3/5pP1/P3P3/8/1PPP1P1P/RNBQKBNR w KQkq - 0 5,0,gaia,Skill Level=1,minic,Level=22,1-0,1.0,59,0.17331049998756498,complete,,17
matchup_037_opening_017_1,matchup_037,opening_017,rnbqkbnr/p1p3pp/1p1pp3/5pP1/P3P3/8/1PPP1P1P/RNBQKBNR w KQkq - 0 5,1,minic,Level=22,gaia,Skill Level=1,0-1,0.0,48,0.13384089997271076,complete,,17
matchup_037_opening_018_0,matchup_037,opening_018,rnbqkb1r/ppp2ppp/3pp3/3P1n2/8/6PP/PPP1PP2/RNBQKBNR w KQkq - 1 5,0,gaia,Skill Level=1,minic,Level=22,1/2-1/2,0.5,80,0.2502821999951266,complete,,18
matchup_037_opening_018_1,matchup_037,opening_018,rnbqkb1r/ppp2ppp/3pp3/3P1n2/8/6PP/PPP1PP2/RNBQKBNR w KQkq - 1 5,1,minic,Level=22,gaia,Skill Level=1,0-1,0.0,68,0.20846820005681366,complete,,18
matchup_037_opening_019_0,matchup_037,opening_019,rnb1kbnr/1pqppp1p/2p5/p5p1/3P4/1QP4P/PP2PPP1/RNB1KBNR w KQkq - 0 5,0,gaia,Skill Level=1,minic,Level=22,1-0,1.0,23,0.049404899997171015,complete,,19
matchup_037_opening_019_1,matchup_037,opening_019,rnb1kbnr/1pqppp1p/2p5/p5p1/3P4/1QP4P/PP2PPP1/RNB1KBNR w KQkq - 0 5,1,minic,Level=22,gaia,Skill Level=1,0-1,0.0,40,0.10256490000756457,complete,,19
matchup_038_opening_000_0,matchup_038,opening_000,rn1qkb1r/2pppppp/bp3n2/p7/4B3/3PP3/PPP2PPP/RNBQK1NR w KQkq - 1 5,0,gaia,Skill Level=1,minic,Level=24,1/2-1/2,0.5,80,1.023629700008314,complete,,0
matchup_038_opening_000_1,matchup_038,opening_000,rn1qkb1r/2pppppp/bp3n2/p7/4B3/3PP3/PPP2PPP/RNBQK1NR w KQkq - 1 5,1,minic,Level=24,gaia,Skill Level=1,0-1,0.0,76,0.23692870000377297,complete,,0
matchup_038_opening_001_0,matchup_038,opening_001,rnbqkbnr/1p2pppp/8/p1pp4/6P1/N6P/PPPPPP2/R1BQKBNR w KQkq - 0 5,0,gaia,Skill Level=1,minic,Level=24,1-0,1.0,65,0.18315210001310334,complete,,1
matchup_038_opening_001_1,matchup_038,opening_001,rnbqkbnr/1p2pppp/8/p1pp4/6P1/N6P/PPPPPP2/R1BQKBNR w KQkq - 0 5,1,minic,Level=24,gaia,Skill Level=1,0-1,0.0,56,0.20597209996776655,complete,,1
matchup_038_opening_002_0,matchup_038,opening_002,rnb1kbnr/pppp1p1p/5qp1/4p3/7P/1P3PP1/P1PPP3/RNBQKBNR w KQkq - 0 5,0,gaia,Skill Level=1,minic,Level=24,1/2-1/2,0.5,80,0.2504911000141874,complete,,2
matchup_038_opening_002_1,matchup_038,opening_002,rnb1kbnr/pppp1p1p/5qp1/4p3/7P/1P3PP1/P1PPP3/RNBQKBNR w KQkq - 0 5,1,minic,Level=24,gaia,Skill Level=1,1/2-1/2,0.5,80,0.25937549996888265,complete,,2
matchup_038_opening_003_0,matchup_038,opening_003,rnbqk1nr/1ppp1ppp/1b2p3/p7/P7/2P2P1P/1P1PP1P1/RNBQKBNR w KQkq - 1 5,0,gaia,Skill Level=1,minic,Level=24,1-0,1.0,69,0.20053560001542792,complete,,3
matchup_038_opening_003_1,matchup_038,opening_003,rnbqk1nr/1ppp1ppp/1b2p3/p7/P7/2P2P1P/1P1PP1P1/RNBQKBNR w KQkq - 1 5,1,minic,Level=24,gaia,Skill Level=1,1/2-1/2,0.5,80,0.24047920003067702,complete,,3
matchup_038_opening_004_0,matchup_038,opening_004,rnbqkbnr/2ppp1p1/1p3p2/p6p/2P5/4P2P/PP1PKPP1/RNBQ1BNR w kq - 0 5,0,gaia,Skill Level=1,minic,Level=24,1/2-1/2,0.5,80,0.254172999993898,complete,,4
matchup_038_opening_004_1,matchup_038,opening_004,rnbqkbnr/2ppp1p1/1p3p2/p6p/2P5/4P2P/PP1PKPP1/RNBQ1BNR w kq - 0 5,1,minic,Level=24,gaia,Skill Level=1,0-1,0.0,46,0.13434140000026673,complete,,4
matchup_038_opening_005_0,matchup_038,opening_005,r1bqkb1r/ppp1pppp/3p1n2/8/1nB1P3/1PP5/P2P1PPP/RNBQK1NR w KQkq - 2 5,0,gaia,Skill Level=1,minic,Level=24,1/2-1/2,0.5,80,0.27742810000199825,complete,,5
matchup_038_opening_005_1,matchup_038,opening_005,r1bqkb1r/ppp1pppp/3p1n2/8/1nB1P3/1PP5/P2P1PPP/RNBQK1NR w KQkq - 2 5,1,minic,Level=24,gaia,Skill Level=1,0-1,0.0,74,0.22542309999698773,complete,,5
matchup_038_opening_006_0,matchup_038,opening_006,r1b1k1nr/pppp1ppp/n3p3/6q1/1b6/P2P4/2PNPPPP/R1BQKBNR w KQkq - 0 5,0,gaia,Skill Level=1,minic,Level=24,1-0,1.0,53,0.13951149996137246,complete,,6
matchup_038_opening_006_1,matchup_038,opening_006,r1b1k1nr/pppp1ppp/n3p3/6q1/1b6/P2P4/2PNPPPP/R1BQKBNR w KQkq - 0 5,1,minic,Level=24,gaia,Skill Level=1,0-1,0.0,28,0.06770569999935105,complete,,6
matchup_038_opening_007_0,matchup_038,opening_007,rn1qkb1r/ppp1p1pp/3p1n2/5p2/1P6/2N2PPb/P1PPP2P/R1BQKBNR w KQkq - 1 5,0,gaia,Skill Level=1,minic,Level=24,1-0,1.0,77,0.24252450000494719,complete,,7
matchup_038_opening_007_1,matchup_038,opening_007,rn1qkb1r/ppp1p1pp/3p1n2/5p2/1P6/2N2PPb/P1PPP2P/R1BQKBNR w KQkq - 1 5,1,minic,Level=24,gaia,Skill Level=1,1/2-1/2,0.5,80,0.27792899997439235,complete,,7
matchup_038_opening_008_0,matchup_038,opening_008,r1bq1bnr/pppkpppp/8/3p4/4P3/2N5/PPPP1PPP/R1BQK1NR w KQ - 0 5,0,gaia,Skill Level=1,minic,Level=24,1/2-1/2,0.5,80,0.25149180000880733,complete,,8
matchup_038_opening_008_1,matchup_038,opening_008,r1bq1bnr/pppkpppp/8/3p4/4P3/2N5/PPPP1PPP/R1BQK1NR w KQ - 0 5,1,minic,Level=24,gaia,Skill Level=1,1/2-1/2,0.5,80,0.2379681000020355,complete,,8
matchup_038_opening_009_0,matchup_038,opening_009,rnbq1bnr/p1ppkp1p/1p4p1/4p3/8/3P2P1/PPPNPP1P/RNBQKB1R w KQ - 2 5,0,gaia,Skill Level=1,minic,Level=24,1-0,1.0,77,0.23129920003702864,complete,,9
matchup_038_opening_009_1,matchup_038,opening_009,rnbq1bnr/p1ppkp1p/1p4p1/4p3/8/3P2P1/PPPNPP1P/RNBQKB1R w KQ - 2 5,1,minic,Level=24,gaia,Skill Level=1,0-1,0.0,64,0.1984027999569662,complete,,9
matchup_038_opening_010_0,matchup_038,opening_010,rn1qkbnr/1pp1ppp1/p6p/3p1b2/2P2P2/P6N/1P1PP1PP/RNBQKB1R w KQkq - 0 5,0,gaia,Skill Level=1,minic,Level=24,1/2-1/2,0.5,80,0.25100960000418127,complete,,10
matchup_038_opening_010_1,matchup_038,opening_010,rn1qkbnr/1pp1ppp1/p6p/3p1b2/2P2P2/P6N/1P1PP1PP/RNBQKB1R w KQkq - 0 5,1,minic,Level=24,gaia,Skill Level=1,0-1,0.0,80,0.23891850002110004,complete,,10
matchup_038_opening_011_0,matchup_038,opening_011,r1bqkbnr/pp1p2pp/n1p1p3/5p2/P2P1B2/8/1PP1PPPP/RN1QKBNR w KQkq - 0 5,0,gaia,Skill Level=1,minic,Level=24,1-0,1.0,71,0.20820570003706962,complete,,11
matchup_038_opening_011_1,matchup_038,opening_011,r1bqkbnr/pp1p2pp/n1p1p3/5p2/P2P1B2/8/1PP1PPPP/RN1QKBNR w KQkq - 0 5,1,minic,Level=24,gaia,Skill Level=1,0-1,0.0,62,0.20108090003486723,complete,,11
matchup_038_opening_012_0,matchup_038,opening_012,r1bqkbnr/ppppppp1/8/7p/Q1P3P1/1P1n4/P2PPP1P/RNB1KBNR w KQkq - 1 5,0,gaia,Skill Level=1,minic,Level=24,1-0,1.0,75,0.24099379999097437,complete,,12
matchup_038_opening_012_1,matchup_038,opening_012,r1bqkbnr/ppppppp1/8/7p/Q1P3P1/1P1n4/P2PPP1P/RNB1KBNR w KQkq - 1 5,1,minic,Level=24,gaia,Skill Level=1,0-1,0.0,74,0.23477649997221306,complete,,12
matchup_038_opening_013_0,matchup_038,opening_013,rnbqkbnr/ppp3pp/4pp2/3p4/8/2PP4/PP2PPPP/RNBQKBNR w KQkq - 0 5,0,gaia,Skill Level=1,minic,Level=24,1-0,1.0,59,0.16802119999192655,complete,,13
matchup_038_opening_013_1,matchup_038,opening_013,rnbqkbnr/ppp3pp/4pp2/3p4/8/2PP4/PP2PPPP/RNBQKBNR w KQkq - 0 5,1,minic,Level=24,gaia,Skill Level=1,0-1,0.0,68,0.21239270002115518,complete,,13
matchup_038_opening_014_0,matchup_038,opening_014,rnbqk1nr/ppppp2p/6pb/8/2P2pPP/P7/1P1PPP2/RNBQKBNR w KQkq - 0 5,0,gaia,Skill Level=1,minic,Level=24,1/2-1/2,0.5,80,0.26463930000318214,complete,,14
matchup_038_opening_014_1,matchup_038,opening_014,rnbqk1nr/ppppp2p/6pb/8/2P2pPP/P7/1P1PPP2/RNBQKBNR w KQkq - 0 5,1,minic,Level=24,gaia,Skill Level=1,0-1,0.0,56,0.15646329999435693,complete,,14
matchup_038_opening_015_0,matchup_038,opening_015,rnb1kbnr/1ppp1pp1/8/p2Pp2p/4P2q/2N5/PPP2PPP/R1BQKBNR w KQkq - 2 5,0,gaia,Skill Level=1,minic,Level=24,1-0,1.0,53,0.140774599974975,complete,,15
matchup_038_opening_015_1,matchup_038,opening_015,rnb1kbnr/1ppp1pp1/8/p2Pp2p/4P2q/2N5/PPP2PPP/R1BQKBNR w KQkq - 2 5,1,minic,Level=24,gaia,Skill Level=1,0-1,0.0,54,0.1449008999625221,complete,,15
matchup_038_opening_016_0,matchup_038,opening_016,rn1qkbnr/p2pppp1/b7/1pP4p/5P2/8/PPP1PKPP/RNBQ1BNR w kq - 0 5,0,gaia,Skill Level=1,minic,Level=24,1-0,1.0,23,0.04188909998629242,complete,,16
matchup_038_opening_016_1,matchup_038,opening_016,rn1qkbnr/p2pppp1/b7/1pP4p/5P2/8/PPP1PKPP/RNBQ1BNR w kq - 0 5,1,minic,Level=24,gaia,Skill Level=1,0-1,0.0,38,0.09021799999754876,complete,,16
matchup_038_opening_017_0,matchup_038,opening_017,rnbqkbnr/p1p3pp/1p1pp3/5pP1/P3P3/8/1PPP1P1P/RNBQKBNR w KQkq - 0 5,0,gaia,Skill Level=1,minic,Level=24,1/2-1/2,0.5,80,0.23928959999466315,complete,,17
matchup_038_opening_017_1,matchup_038,opening_017,rnbqkbnr/p1p3pp/1p1pp3/5pP1/P3P3/8/1PPP1P1P/RNBQKBNR w KQkq - 0 5,1,minic,Level=24,gaia,Skill Level=1,0-1,0.0,78,0.23837600002298132,complete,,17
matchup_038_opening_018_0,matchup_038,opening_018,rnbqkb1r/ppp2ppp/3pp3/3P1n2/8/6PP/PPP1PP2/RNBQKBNR w KQkq - 1 5,0,gaia,Skill Level=1,minic,Level=24,1/2-1/2,0.5,80,0.24726799997733906,complete,,18
matchup_038_opening_018_1,matchup_038,opening_018,rnbqkb1r/ppp2ppp/3pp3/3P1n2/8/6PP/PPP1PP2/RNBQKBNR w KQkq - 1 5,1,minic,Level=24,gaia,Skill Level=1,0-1,0.0,74,0.21186320000560954,complete,,18
matchup_038_opening_019_0,matchup_038,opening_019,rnb1kbnr/1pqppp1p/2p5/p5p1/3P4/1QP4P/PP2PPP1/RNB1KBNR w KQkq - 0 5,0,gaia,Skill Level=1,minic,Level=24,1-0,1.0,75,0.2371186999953352,complete,,19
matchup_038_opening_019_1,matchup_038,opening_019,rnb1kbnr/1pqppp1p/2p5/p5p1/3P4/1QP4P/PP2PPP1/RNB1KBNR w KQkq - 0 5,1,minic,Level=24,gaia,Skill Level=1,1/2-1/2,0.5,80,0.24878709996119142,complete,,19
matchup_039_opening_000_0,matchup_039,opening_000,rn1qkb1r/2pppppp/bp3n2/p7/4B3/3PP3/PPP2PPP/RNBQK1NR w KQkq - 1 5,0,gaia,Skill Level=1,minic,Level=26,1-0,1.0,51,1.0687206000438891,complete,,0
matchup_039_opening_000_1,matchup_039,opening_000,rn1qkb1r/2pppppp/bp3n2/p7/4B3/3PP3/PPP2PPP/RNBQK1NR w KQkq - 1 5,1,minic,Level=26,gaia,Skill Level=1,0-1,0.0,54,0.16218370001297444,complete,,0
matchup_039_opening_001_0,matchup_039,opening_001,rnbqkbnr/1p2pppp/8/p1pp4/6P1/N6P/PPPPPP2/R1BQKBNR w KQkq - 0 5,0,gaia,Skill Level=1,minic,Level=26,1/2-1/2,0.5,63,0.1745598999550566,complete,,1
matchup_039_opening_001_1,matchup_039,opening_001,rnbqkbnr/1p2pppp/8/p1pp4/6P1/N6P/PPPPPP2/R1BQKBNR w KQkq - 0 5,1,minic,Level=26,gaia,Skill Level=1,0-1,0.0,18,0.028465199982747436,complete,,1
matchup_039_opening_002_0,matchup_039,opening_002,rnb1kbnr/pppp1p1p/5qp1/4p3/7P/1P3PP1/P1PPP3/RNBQKBNR w KQkq - 0 5,0,gaia,Skill Level=1,minic,Level=26,1-0,1.0,79,0.2386747000273317,complete,,2
matchup_039_opening_002_1,matchup_039,opening_002,rnb1kbnr/pppp1p1p/5qp1/4p3/7P/1P3PP1/P1PPP3/RNBQKBNR w KQkq - 0 5,1,minic,Level=26,gaia,Skill Level=1,1/2-1/2,0.5,80,0.25359400000888854,complete,,2
matchup_039_opening_003_0,matchup_039,opening_003,rnbqk1nr/1ppp1ppp/1b2p3/p7/P7/2P2P1P/1P1PP1P1/RNBQKBNR w KQkq - 1 5,0,gaia,Skill Level=1,minic,Level=26,1-0,1.0,33,0.06413959997007623,complete,,3
matchup_039_opening_003_1,matchup_039,opening_003,rnbqk1nr/1ppp1ppp/1b2p3/p7/P7/2P2P1P/1P1PP1P1/RNBQKBNR w KQkq - 1 5,1,minic,Level=26,gaia,Skill Level=1,0-1,0.0,28,0.05064749997109175,complete,,3
matchup_039_opening_004_0,matchup_039,opening_004,rnbqkbnr/2ppp1p1/1p3p2/p6p/2P5/4P2P/PP1PKPP1/RNBQ1BNR w kq - 0 5,0,gaia,Skill Level=1,minic,Level=26,1-0,1.0,75,0.2018957999534905,complete,,4
matchup_039_opening_004_1,matchup_039,opening_004,rnbqkbnr/2ppp1p1/1p3p2/p6p/2P5/4P2P/PP1PKPP1/RNBQ1BNR w kq - 0 5,1,minic,Level=26,gaia,Skill Level=1,0-1,0.0,36,0.07507719995919615,complete,,4
matchup_039_opening_005_0,matchup_039,opening_005,r1bqkb1r/ppp1pppp/3p1n2/8/1nB1P3/1PP5/P2P1PPP/RNBQK1NR w KQkq - 2 5,0,gaia,Skill Level=1,minic,Level=26,1-0,1.0,37,0.08525569998892024,complete,,5
matchup_039_opening_005_1,matchup_039,opening_005,r1bqkb1r/ppp1pppp/3p1n2/8/1nB1P3/1PP5/P2P1PPP/RNBQK1NR w KQkq - 2 5,1,minic,Level=26,gaia,Skill Level=1,0-1,0.0,44,0.11100809997878969,complete,,5
matchup_039_opening_006_0,matchup_039,opening_006,r1b1k1nr/pppp1ppp/n3p3/6q1/1b6/P2P4/2PNPPPP/R1BQKBNR w KQkq - 0 5,0,gaia,Skill Level=1,minic,Level=26,1/2-1/2,0.5,80,0.23670820001279935,complete,,6
matchup_039_opening_006_1,matchup_039,opening_006,r1b1k1nr/pppp1ppp/n3p3/6q1/1b6/P2P4/2PNPPPP/R1BQKBNR w KQkq - 0 5,1,minic,Level=26,gaia,Skill Level=1,1/2-1/2,0.5,80,0.26456169999437407,complete,,6
matchup_039_opening_007_0,matchup_039,opening_007,rn1qkb1r/ppp1p1pp/3p1n2/5p2/1P6/2N2PPb/P1PPP2P/R1BQKBNR w KQkq - 1 5,0,gaia,Skill Level=1,minic,Level=26,1-0,1.0,67,0.18143530003726482,complete,,7
matchup_039_opening_007_1,matchup_039,opening_007,rn1qkb1r/ppp1p1pp/3p1n2/5p2/1P6/2N2PPb/P1PPP2P/R1BQKBNR w KQkq - 1 5,1,minic,Level=26,gaia,Skill Level=1,1/2-1/2,0.5,80,0.2316759999957867,complete,,7
matchup_039_opening_008_0,matchup_039,opening_008,r1bq1bnr/pppkpppp/8/3p4/4P3/2N5/PPPP1PPP/R1BQK1NR w KQ - 0 5,0,gaia,Skill Level=1,minic,Level=26,1-0,1.0,71,0.1989381000166759,complete,,8
matchup_039_opening_008_1,matchup_039,opening_008,r1bq1bnr/pppkpppp/8/3p4/4P3/2N5/PPPP1PPP/R1BQK1NR w KQ - 0 5,1,minic,Level=26,gaia,Skill Level=1,0-1,0.0,54,0.14055889996234328,complete,,8
matchup_039_opening_009_0,matchup_039,opening_009,rnbq1bnr/p1ppkp1p/1p4p1/4p3/8/3P2P1/PPPNPP1P/RNBQKB1R w KQ - 2 5,0,gaia,Skill Level=1,minic,Level=26,1-0,1.0,79,0.24274750001495704,complete,,9
matchup_039_opening_009_1,matchup_039,opening_009,rnbq1bnr/p1ppkp1p/1p4p1/4p3/8/3P2P1/PPPNPP1P/RNBQKB1R w KQ - 2 5,1,minic,Level=26,gaia,Skill Level=1,1/2-1/2,0.5,80,0.24179100000765175,complete,,9
matchup_039_opening_010_0,matchup_039,opening_010,rn1qkbnr/1pp1ppp1/p6p/3p1b2/2P2P2/P6N/1P1PP1PP/RNBQKB1R w KQkq - 0 5,0,gaia,Skill Level=1,minic,Level=26,1-0,1.0,65,0.17292250000173226,complete,,10
matchup_039_opening_010_1,matchup_039,opening_010,rn1qkbnr/1pp1ppp1/p6p/3p1b2/2P2P2/P6N/1P1PP1PP/RNBQKB1R w KQkq - 0 5,1,minic,Level=26,gaia,Skill Level=1,0-1,0.0,76,0.2284192999941297,complete,,10
matchup_039_opening_011_0,matchup_039,opening_011,r1bqkbnr/pp1p2pp/n1p1p3/5p2/P2P1B2/8/1PP1PPPP/RN1QKBNR w KQkq - 0 5,0,gaia,Skill Level=1,minic,Level=26,1-0,1.0,53,0.15952180000022054,complete,,11
matchup_039_opening_011_1,matchup_039,opening_011,r1bqkbnr/pp1p2pp/n1p1p3/5p2/P2P1B2/8/1PP1PPPP/RN1QKBNR w KQkq - 0 5,1,minic,Level=26,gaia,Skill Level=1,0-1,0.0,74,0.22443059994839132,complete,,11
matchup_039_opening_012_0,matchup_039,opening_012,r1bqkbnr/ppppppp1/8/7p/Q1P3P1/1P1n4/P2PPP1P/RNB1KBNR w KQkq - 1 5,0,gaia,Skill Level=1,minic,Level=26,1-0,1.0,71,0.19512229994870722,complete,,12
matchup_039_opening_012_1,matchup_039,opening_012,r1bqkbnr/ppppppp1/8/7p/Q1P3P1/1P1n4/P2PPP1P/RNB1KBNR w KQkq - 1 5,1,minic,Level=26,gaia,Skill Level=1,1/2-1/2,0.5,80,0.24418899999000132,complete,,12
matchup_039_opening_013_0,matchup_039,opening_013,rnbqkbnr/ppp3pp/4pp2/3p4/8/2PP4/PP2PPPP/RNBQKBNR w KQkq - 0 5,0,gaia,Skill Level=1,minic,Level=26,1/2-1/2,0.5,80,0.24874489998910576,complete,,13
matchup_039_opening_013_1,matchup_039,opening_013,rnbqkbnr/ppp3pp/4pp2/3p4/8/2PP4/PP2PPPP/RNBQKBNR w KQkq - 0 5,1,minic,Level=26,gaia,Skill Level=1,0-1,0.0,42,0.09502969996538013,complete,,13
matchup_039_opening_014_0,matchup_039,opening_014,rnbqk1nr/ppppp2p/6pb/8/2P2pPP/P7/1P1PPP2/RNBQKBNR w KQkq - 0 5,0,gaia,Skill Level=1,minic,Level=26,1-0,1.0,67,0.1933817000244744,complete,,14
matchup_039_opening_014_1,matchup_039,opening_014,rnbqk1nr/ppppp2p/6pb/8/2P2pPP/P7/1P1PPP2/RNBQKBNR w KQkq - 0 5,1,minic,Level=26,gaia,Skill Level=1,0-1,0.0,38,0.0869298999896273,complete,,14
matchup_039_opening_015_0,matchup_039,opening_015,rnb1kbnr/1ppp1pp1/8/p2Pp2p/4P2q/2N5/PPP2PPP/R1BQKBNR w KQkq - 2 5,0,gaia,Skill Level=1,minic,Level=26,1/2-1/2,0.5,80,0.243634500016924,complete,,15
matchup_039_opening_015_1,matchup_039,opening_015,rnb1kbnr/1ppp1pp1/8/p2Pp2p/4P2q/2N5/PPP2PPP/R1BQKBNR w KQkq - 2 5,1,minic,Level=26,gaia,Skill Level=1,0-1,0.0,70,0.20282999996561557,complete,,15
matchup_039_opening_016_0,matchup_039,opening_016,rn1qkbnr/p2pppp1/b7/1pP4p/5P2/8/PPP1PKPP/RNBQ1BNR w kq - 0 5,0,gaia,Skill Level=1,minic,Level=26,1-0,1.0,29,0.05860370001755655,complete,,16
matchup_039_opening_016_1,matchup_039,opening_016,rn1qkbnr/p2pppp1/b7/1pP4p/5P2/8/PPP1PKPP/RNBQ1BNR w kq - 0 5,1,minic,Level=26,gaia,Skill Level=1,0-1,0.0,32,0.07030760002089664,complete,,16
matchup_039_opening_017_0,matchup_039,opening_017,rnbqkbnr/p1p3pp/1p1pp3/5pP1/P3P3/8/1PPP1P1P/RNBQKBNR w KQkq - 0 5,0,gaia,Skill Level=1,minic,Level=26,1-0,1.0,53,0.13703979999991134,complete,,17
matchup_039_opening_017_1,matchup_039,opening_017,rnbqkbnr/p1p3pp/1p1pp3/5pP1/P3P3/8/1PPP1P1P/RNBQKBNR w KQkq - 0 5,1,minic,Level=26,gaia,Skill Level=1,0-1,0.0,40,0.09691150003345683,complete,,17
matchup_039_opening_018_0,matchup_039,opening_018,rnbqkb1r/ppp2ppp/3pp3/3P1n2/8/6PP/PPP1PP2/RNBQKBNR w KQkq - 1 5,0,gaia,Skill Level=1,minic,Level=26,1-0,1.0,51,0.12802259996533394,complete,,18
matchup_039_opening_018_1,matchup_039,opening_018,rnbqkb1r/ppp2ppp/3pp3/3P1n2/8/6PP/PPP1PP2/RNBQKBNR w KQkq - 1 5,1,minic,Level=26,gaia,Skill Level=1,1/2-1/2,0.5,80,0.23895900003844872,complete,,18
matchup_039_opening_019_0,matchup_039,opening_019,rnb1kbnr/1pqppp1p/2p5/p5p1/3P4/1QP4P/PP2PPP1/RNB1KBNR w KQkq - 0 5,0,gaia,Skill Level=1,minic,Level=26,1/2-1/2,0.5,80,0.24041139998007566,complete,,19
matchup_039_opening_019_1,matchup_039,opening_019,rnb1kbnr/1pqppp1p/2p5/p5p1/3P4/1QP4P/PP2PPP1/RNB1KBNR w KQkq - 0 5,1,minic,Level=26,gaia,Skill Level=1,1/2-1/2,0.5,80,0.23548280005343258,complete,,19
matchup_040_opening_000_0,matchup_040,opening_000,rn1qkb1r/2pppppp/bp3n2/p7/4B3/3PP3/PPP2PPP/RNBQK1NR w KQkq - 1 5,0,gaia,Skill Level=1,minic,Level=28,1-0,1.0,55,0.9017752999789082,complete,,0
matchup_040_opening_000_1,matchup_040,opening_000,rn1qkb1r/2pppppp/bp3n2/p7/4B3/3PP3/PPP2PPP/RNBQK1NR w KQkq - 1 5,1,minic,Level=28,gaia,Skill Level=1,0-1,0.0,46,0.12353959999745712,complete,,0
matchup_040_opening_001_0,matchup_040,opening_001,rnbqkbnr/1p2pppp/8/p1pp4/6P1/N6P/PPPPPP2/R1BQKBNR w KQkq - 0 5,0,gaia,Skill Level=1,minic,Level=28,1/2-1/2,0.5,80,0.23763460002373904,complete,,1
matchup_040_opening_001_1,matchup_040,opening_001,rnbqkbnr/1p2pppp/8/p1pp4/6P1/N6P/PPPPPP2/R1BQKBNR w KQkq - 0 5,1,minic,Level=28,gaia,Skill Level=1,0-1,0.0,34,0.07255719997920096,complete,,1
matchup_040_opening_002_0,matchup_040,opening_002,rnb1kbnr/pppp1p1p/5qp1/4p3/7P/1P3PP1/P1PPP3/RNBQKBNR w KQkq - 0 5,0,gaia,Skill Level=1,minic,Level=28,1-0,1.0,73,0.2013188999844715,complete,,2
matchup_040_opening_002_1,matchup_040,opening_002,rnb1kbnr/pppp1p1p/5qp1/4p3/7P/1P3PP1/P1PPP3/RNBQKBNR w KQkq - 0 5,1,minic,Level=28,gaia,Skill Level=1,0-1,0.0,78,0.2471233000396751,complete,,2
matchup_040_opening_003_0,matchup_040,opening_003,rnbqk1nr/1ppp1ppp/1b2p3/p7/P7/2P2P1P/1P1PP1P1/RNBQKBNR w KQkq - 1 5,0,gaia,Skill Level=1,minic,Level=28,1-0,1.0,65,0.17134629999054596,complete,,3
matchup_040_opening_003_1,matchup_040,opening_003,rnbqk1nr/1ppp1ppp/1b2p3/p7/P7/2P2P1P/1P1PP1P1/RNBQKBNR w KQkq - 1 5,1,minic,Level=28,gaia,Skill Level=1,0-1,0.0,14,0.012771099980454892,complete,,3
matchup_040_opening_004_0,matchup_040,opening_004,rnbqkbnr/2ppp1p1/1p3p2/p6p/2P5/4P2P/PP1PKPP1/RNBQ1BNR w kq - 0 5,0,gaia,Skill Level=1,minic,Level=28,1-0,1.0,59,0.14723880001110956,complete,,4
matchup_040_opening_004_1,matchup_040,opening_004,rnbqkbnr/2ppp1p1/1p3p2/p6p/2P5/4P2P/PP1PKPP1/RNBQ1BNR w kq - 0 5,1,minic,Level=28,gaia,Skill Level=1,1/2-1/2,0.5,80,0.2315764999948442,complete,,4
matchup_040_opening_005_0,matchup_040,opening_005,r1bqkb1r/ppp1pppp/3p1n2/8/1nB1P3/1PP5/P2P1PPP/RNBQK1NR w KQkq - 2 5,0,gaia,Skill Level=1,minic,Level=28,1/2-1/2,0.5,80,0.23323059995891526,complete,,5
matchup_040_opening_005_1,matchup_040,opening_005,r1bqkb1r/ppp1pppp/3p1n2/8/1nB1P3/1PP5/P2P1PPP/RNBQK1NR w KQkq - 2 5,1,minic,Level=28,gaia,Skill Level=1,0-1,0.0,54,0.1465029999963008,complete,,5
matchup_040_opening_006_0,matchup_040,opening_006,r1b1k1nr/pppp1ppp/n3p3/6q1/1b6/P2P4/2PNPPPP/R1BQKBNR w KQkq - 0 5,0,gaia,Skill Level=1,minic,Level=28,1-0,1.0,55,0.1380743000190705,complete,,6
matchup_040_opening_006_1,matchup_040,opening_006,r1b1k1nr/pppp1ppp/n3p3/6q1/1b6/P2P4/2PNPPPP/R1BQKBNR w KQkq - 0 5,1,minic,Level=28,gaia,Skill Level=1,0-1,0.0,58,0.15152860002126545,complete,,6
matchup_040_opening_007_0,matchup_040,opening_007,rn1qkb1r/ppp1p1pp/3p1n2/5p2/1P6/2N2PPb/P1PPP2P/R1BQKBNR w KQkq - 1 5,0,gaia,Skill Level=1,minic,Level=28,1-0,1.0,67,0.18345260003115982,complete,,7
matchup_040_opening_007_1,matchup_040,opening_007,rn1qkb1r/ppp1p1pp/3p1n2/5p2/1P6/2N2PPb/P1PPP2P/R1BQKBNR w KQkq - 1 5,1,minic,Level=28,gaia,Skill Level=1,0-1,0.0,66,0.17154949996620417,complete,,7
matchup_040_opening_008_0,matchup_040,opening_008,r1bq1bnr/pppkpppp/8/3p4/4P3/2N5/PPPP1PPP/R1BQK1NR w KQ - 0 5,0,gaia,Skill Level=1,minic,Level=28,1/2-1/2,0.5,80,0.23248300002887845,complete,,8
matchup_040_opening_008_1,matchup_040,opening_008,r1bq1bnr/pppkpppp/8/3p4/4P3/2N5/PPPP1PPP/R1BQK1NR w KQ - 0 5,1,minic,Level=28,gaia,Skill Level=1,0-1,0.0,50,0.13197809999110177,complete,,8
matchup_040_opening_009_0,matchup_040,opening_009,rnbq1bnr/p1ppkp1p/1p4p1/4p3/8/3P2P1/PPPNPP1P/RNBQKB1R w KQ - 2 5,0,gaia,Skill Level=1,minic,Level=28,1/2-1/2,0.5,80,0.22719300002790987,complete,,9
matchup_040_opening_009_1,matchup_040,opening_009,rnbq1bnr/p1ppkp1p/1p4p1/4p3/8/3P2P1/PPPNPP1P/RNBQKB1R w KQ - 2 5,1,minic,Level=28,gaia,Skill Level=1,0-1,0.0,70,0.21523329999763519,complete,,9
matchup_040_opening_010_0,matchup_040,opening_010,rn1qkbnr/1pp1ppp1/p6p/3p1b2/2P2P2/P6N/1P1PP1PP/RNBQKB1R w KQkq - 0 5,0,gaia,Skill Level=1,minic,Level=28,1/2-1/2,0.5,80,0.257220099971164,complete,,10
matchup_040_opening_010_1,matchup_040,opening_010,rn1qkbnr/1pp1ppp1/p6p/3p1b2/2P2P2/P6N/1P1PP1PP/RNBQKB1R w KQkq - 0 5,1,minic,Level=28,gaia,Skill Level=1,1/2-1/2,0.5,80,0.2540430999943055,complete,,10
matchup_040_opening_011_0,matchup_040,opening_011,r1bqkbnr/pp1p2pp/n1p1p3/5p2/P2P1B2/8/1PP1PPPP/RN1QKBNR w KQkq - 0 5,0,gaia,Skill Level=1,minic,Level=28,1-0,1.0,77,0.24670569994486868,complete,,11
matchup_040_opening_011_1,matchup_040,opening_011,r1bqkbnr/pp1p2pp/n1p1p3/5p2/P2P1B2/8/1PP1PPPP/RN1QKBNR w KQkq - 0 5,1,minic,Level=28,gaia,Skill Level=1,1/2-1/2,0.5,80,0.25380020000739023,complete,,11
matchup_040_opening_012_0,matchup_040,opening_012,r1bqkbnr/ppppppp1/8/7p/Q1P3P1/1P1n4/P2PPP1P/RNB1KBNR w KQkq - 1 5,0,gaia,Skill Level=1,minic,Level=28,1/2-1/2,0.5,80,0.2296953999903053,complete,,12
matchup_040_opening_012_1,matchup_040,opening_012,r1bqkbnr/ppppppp1/8/7p/Q1P3P1/1P1n4/P2PPP1P/RNB1KBNR w KQkq - 1 5,1,minic,Level=28,gaia,Skill Level=1,1/2-1/2,0.5,80,0.2520412000012584,complete,,12
matchup_040_opening_013_0,matchup_040,opening_013,rnbqkbnr/ppp3pp/4pp2/3p4/8/2PP4/PP2PPPP/RNBQKBNR w KQkq - 0 5,0,gaia,Skill Level=1,minic,Level=28,1/2-1/2,0.5,80,0.23718860000371933,complete,,13
matchup_040_opening_013_1,matchup_040,opening_013,rnbqkbnr/ppp3pp/4pp2/3p4/8/2PP4/PP2PPPP/RNBQKBNR w KQkq - 0 5,1,minic,Level=28,gaia,Skill Level=1,1/2-1/2,0.5,74,0.21245079999789596,complete,,13
matchup_040_opening_014_0,matchup_040,opening_014,rnbqk1nr/ppppp2p/6pb/8/2P2pPP/P7/1P1PPP2/RNBQKBNR w KQkq - 0 5,0,gaia,Skill Level=1,minic,Level=28,1-0,1.0,57,0.14865589997498319,complete,,14
matchup_040_opening_014_1,matchup_040,opening_014,rnbqk1nr/ppppp2p/6pb/8/2P2pPP/P7/1P1PPP2/RNBQKBNR w KQkq - 0 5,1,minic,Level=28,gaia,Skill Level=1,1/2-1/2,0.5,80,0.24448689998826012,complete,,14
matchup_040_opening_015_0,matchup_040,opening_015,rnb1kbnr/1ppp1pp1/8/p2Pp2p/4P2q/2N5/PPP2PPP/R1BQKBNR w KQkq - 2 5,0,gaia,Skill Level=1,minic,Level=28,1-0,1.0,71,0.28281850001076236,complete,,15
matchup_040_opening_015_1,matchup_040,opening_015,rnb1kbnr/1ppp1pp1/8/p2Pp2p/4P2q/2N5/PPP2PPP/R1BQKBNR w KQkq - 2 5,1,minic,Level=28,gaia,Skill Level=1,0-1,0.0,60,0.17853780003497377,complete,,15
matchup_040_opening_016_0,matchup_040,opening_016,rn1qkbnr/p2pppp1/b7/1pP4p/5P2/8/PPP1PKPP/RNBQ1BNR w kq - 0 5,0,gaia,Skill Level=1,minic,Level=28,1-0,1.0,73,0.21501300000818446,complete,,16
matchup_040_opening_016_1,matchup_040,opening_016,rn1qkbnr/p2pppp1/b7/1pP4p/5P2/8/PPP1PKPP/RNBQ1BNR w kq - 0 5,1,minic,Level=28,gaia,Skill Level=1,0-1,0.0,74,0.22721170005388558,complete,,16
matchup_040_opening_017_0,matchup_040,opening_017,rnbqkbnr/p1p3pp/1p1pp3/5pP1/P3P3/8/1PPP1P1P/RNBQKBNR w KQkq - 0 5,0,gaia,Skill Level=1,minic,Level=28,1-0,1.0,55,0.15494580002268776,complete,,17
matchup_040_opening_017_1,matchup_040,opening_017,rnbqkbnr/p1p3pp/1p1pp3/5pP1/P3P3/8/1PPP1P1P/RNBQKBNR w KQkq - 0 5,1,minic,Level=28,gaia,Skill Level=1,1/2-1/2,0.5,80,0.26087420003023,complete,,17
matchup_040_opening_018_0,matchup_040,opening_018,rnbqkb1r/ppp2ppp/3pp3/3P1n2/8/6PP/PPP1PP2/RNBQKBNR w KQkq - 1 5,0,gaia,Skill Level=1,minic,Level=28,1-0,1.0,71,0.21867039997596294,complete,,18
matchup_040_opening_018_1,matchup_040,opening_018,rnbqkb1r/ppp2ppp/3pp3/3P1n2/8/6PP/PPP1PP2/RNBQKBNR w KQkq - 1 5,1,minic,Level=28,gaia,Skill Level=1,1/2-1/2,0.5,80,0.25050599995302036,complete,,18
matchup_040_opening_019_0,matchup_040,opening_019,rnb1kbnr/1pqppp1p/2p5/p5p1/3P4/1QP4P/PP2PPP1/RNB1KBNR w KQkq - 0 5,0,gaia,Skill Level=1,minic,Level=28,1-0,1.0,59,0.17054590000770986,complete,,19
matchup_040_opening_019_1,matchup_040,opening_019,rnb1kbnr/1pqppp1p/2p5/p5p1/3P4/1QP4P/PP2PPP1/RNB1KBNR w KQkq - 0 5,1,minic,Level=28,gaia,Skill Level=1,0-1,0.0,32,0.07470240001566708,complete,,19
matchup_041_opening_000_0,matchup_041,opening_000,rn1qkb1r/2pppppp/bp3n2/p7/4B3/3PP3/PPP2PPP/RNBQK1NR w KQkq - 1 5,0,gaia,Skill Level=1,minic,Level=30,1-0,1.0,55,0.814135399996303,complete,,0
matchup_041_opening_000_1,matchup_041,opening_000,rn1qkb1r/2pppppp/bp3n2/p7/4B3/3PP3/PPP2PPP/RNBQK1NR w KQkq - 1 5,1,minic,Level=30,gaia,Skill Level=1,0-1,0.0,30,0.0735259999637492,complete,,0
matchup_041_opening_001_0,matchup_041,opening_001,rnbqkbnr/1p2pppp/8/p1pp4/6P1/N6P/PPPPPP2/R1BQKBNR w KQkq - 0 5,0,gaia,Skill Level=1,minic,Level=30,1/2-1/2,0.5,80,0.24574590002885088,complete,,1
matchup_041_opening_001_1,matchup_041,opening_001,rnbqkbnr/1p2pppp/8/p1pp4/6P1/N6P/PPPPPP2/R1BQKBNR w KQkq - 0 5,1,minic,Level=30,gaia,Skill Level=1,0-1,0.0,72,0.19503649999387562,complete,,1
matchup_041_opening_002_0,matchup_041,opening_002,rnb1kbnr/pppp1p1p/5qp1/4p3/7P/1P3PP1/P1PPP3/RNBQKBNR w KQkq - 0 5,0,gaia,Skill Level=1,minic,Level=30,1-0,1.0,75,0.20794299995759502,complete,,2
matchup_041_opening_002_1,matchup_041,opening_002,rnb1kbnr/pppp1p1p/5qp1/4p3/7P/1P3PP1/P1PPP3/RNBQKBNR w KQkq - 0 5,1,minic,Level=30,gaia,Skill Level=1,0-1,0.0,78,0.21482569997897372,complete,,2
matchup_041_opening_003_0,matchup_041,opening_003,rnbqk1nr/1ppp1ppp/1b2p3/p7/P7/2P2P1P/1P1PP1P1/RNBQKBNR w KQkq - 1 5,0,gaia,Skill Level=1,minic,Level=30,1-0,1.0,57,0.14850680000381544,complete,,3
matchup_041_opening_003_1,matchup_041,opening_003,rnbqk1nr/1ppp1ppp/1b2p3/p7/P7/2P2P1P/1P1PP1P1/RNBQKBNR w KQkq - 1 5,1,minic,Level=30,gaia,Skill Level=1,0-1,0.0,56,0.15035249997163191,complete,,3
matchup_041_opening_004_0,matchup_041,opening_004,rnbqkbnr/2ppp1p1/1p3p2/p6p/2P5/4P2P/PP1PKPP1/RNBQ1BNR w kq - 0 5,0,gaia,Skill Level=1,minic,Level=30,1/2-1/2,0.5,67,0.17802130000200123,complete,,4
matchup_041_opening_004_1,matchup_041,opening_004,rnbqkbnr/2ppp1p1/1p3p2/p6p/2P5/4P2P/PP1PKPP1/RNBQ1BNR w kq - 0 5,1,minic,Level=30,gaia,Skill Level=1,0-1,0.0,68,0.18586589995538816,complete,,4
matchup_041_opening_005_0,matchup_041,opening_005,r1bqkb1r/ppp1pppp/3p1n2/8/1nB1P3/1PP5/P2P1PPP/RNBQK1NR w KQkq - 2 5,0,gaia,Skill Level=1,minic,Level=30,1-0,1.0,35,0.0671165999956429,complete,,5
matchup_041_opening_005_1,matchup_041,opening_005,r1bqkb1r/ppp1pppp/3p1n2/8/1nB1P3/1PP5/P2P1PPP/RNBQK1NR w KQkq - 2 5,1,minic,Level=30,gaia,Skill Level=1,1/2-1/2,0.5,80,0.21799049997935072,complete,,5
matchup_041_opening_006_0,matchup_041,opening_006,r1b1k1nr/pppp1ppp/n3p3/6q1/1b6/P2P4/2PNPPPP/R1BQKBNR w KQkq - 0 5,0,gaia,Skill Level=1,minic,Level=30,1-0,1.0,39,0.08196689997566864,complete,,6
matchup_041_opening_006_1,matchup_041,opening_006,r1b1k1nr/pppp1ppp/n3p3/6q1/1b6/P2P4/2PNPPPP/R1BQKBNR w KQkq - 0 5,1,minic,Level=30,gaia,Skill Level=1,0-1,0.0,78,0.24763300002086908,complete,,6
matchup_041_opening_007_0,matchup_041,opening_007,rn1qkb1r/ppp1p1pp/3p1n2/5p2/1P6/2N2PPb/P1PPP2P/R1BQKBNR w KQkq - 1 5,0,gaia,Skill Level=1,minic,Level=30,1/2-1/2,0.5,80,0.23563069995725527,complete,,7
matchup_041_opening_007_1,matchup_041,opening_007,rn1qkb1r/ppp1p1pp/3p1n2/5p2/1P6/2N2PPb/P1PPP2P/R1BQKBNR w KQkq - 1 5,1,minic,Level=30,gaia,Skill Level=1,1/2-1/2,0.5,80,0.23318869998911396,complete,,7
matchup_041_opening_008_0,matchup_041,opening_008,r1bq1bnr/pppkpppp/8/3p4/4P3/2N5/PPPP1PPP/R1BQK1NR w KQ - 0 5,0,gaia,Skill Level=1,minic,Level=30,1-0,1.0,41,0.10170420003123581,complete,,8
matchup_041_opening_008_1,matchup_041,opening_008,r1bq1bnr/pppkpppp/8/3p4/4P3/2N5/PPPP1PPP/R1BQK1NR w KQ - 0 5,1,minic,Level=30,gaia,Skill Level=1,0-1,0.0,40,0.09325559996068478,complete,,8
matchup_041_opening_009_0,matchup_041,opening_009,rnbq1bnr/p1ppkp1p/1p4p1/4p3/8/3P2P1/PPPNPP1P/RNBQKB1R w KQ - 2 5,0,gaia,Skill Level=1,minic,Level=30,1/2-1/2,0.5,80,0.24251140002161264,complete,,9
matchup_041_opening_009_1,matchup_041,opening_009,rnbq1bnr/p1ppkp1p/1p4p1/4p3/8/3P2P1/PPPNPP1P/RNBQKB1R w KQ - 2 5,1,minic,Level=30,gaia,Skill Level=1,1/2-1/2,0.5,80,0.228492499969434,complete,,9
matchup_041_opening_010_0,matchup_041,opening_010,rn1qkbnr/1pp1ppp1/p6p/3p1b2/2P2P2/P6N/1P1PP1PP/RNBQKB1R w KQkq - 0 5,0,gaia,Skill Level=1,minic,Level=30,1-0,1.0,57,0.1502741999574937,complete,,10
matchup_041_opening_010_1,matchup_041,opening_010,rn1qkbnr/1pp1ppp1/p6p/3p1b2/2P2P2/P6N/1P1PP1PP/RNBQKB1R w KQkq - 0 5,1,minic,Level=30,gaia,Skill Level=1,0-1,0.0,52,0.14377139997668564,complete,,10
matchup_041_opening_011_0,matchup_041,opening_011,r1bqkbnr/pp1p2pp/n1p1p3/5p2/P2P1B2/8/1PP1PPPP/RN1QKBNR w KQkq - 0 5,0,gaia,Skill Level=1,minic,Level=30,1-0,1.0,57,0.15489859995432198,complete,,11
matchup_041_opening_011_1,matchup_041,opening_011,r1bqkbnr/pp1p2pp/n1p1p3/5p2/P2P1B2/8/1PP1PPPP/RN1QKBNR w KQkq - 0 5,1,minic,Level=30,gaia,Skill Level=1,1/2-1/2,0.5,80,0.24227250000694767,complete,,11
matchup_041_opening_012_0,matchup_041,opening_012,r1bqkbnr/ppppppp1/8/7p/Q1P3P1/1P1n4/P2PPP1P/RNB1KBNR w KQkq - 1 5,0,gaia,Skill Level=1,minic,Level=30,1-0,1.0,35,0.08889880002243444,complete,,12
matchup_041_opening_012_1,matchup_041,opening_012,r1bqkbnr/ppppppp1/8/7p/Q1P3P1/1P1n4/P2PPP1P/RNB1KBNR w KQkq - 1 5,1,minic,Level=30,gaia,Skill Level=1,1/2-1/2,0.5,80,0.23272549995454028,complete,,12
matchup_041_opening_013_0,matchup_041,opening_013,rnbqkbnr/ppp3pp/4pp2/3p4/8/2PP4/PP2PPPP/RNBQKBNR w KQkq - 0 5,0,gaia,Skill Level=1,minic,Level=30,1/2-1/2,0.5,80,0.30440470000030473,complete,,13
matchup_041_opening_013_1,matchup_041,opening_013,rnbqkbnr/ppp3pp/4pp2/3p4/8/2PP4/PP2PPPP/RNBQKBNR w KQkq - 0 5,1,minic,Level=30,gaia,Skill Level=1,0-1,0.0,74,0.22023580002132803,complete,,13
matchup_041_opening_014_0,matchup_041,opening_014,rnbqk1nr/ppppp2p/6pb/8/2P2pPP/P7/1P1PPP2/RNBQKBNR w KQkq - 0 5,0,gaia,Skill Level=1,minic,Level=30,1-0,1.0,65,0.18769620003877208,complete,,14
matchup_041_opening_014_1,matchup_041,opening_014,rnbqk1nr/ppppp2p/6pb/8/2P2pPP/P7/1P1PPP2/RNBQKBNR w KQkq - 0 5,1,minic,Level=30,gaia,Skill Level=1,0-1,0.0,56,0.16154659999301657,complete,,14
matchup_041_opening_015_0,matchup_041,opening_015,rnb1kbnr/1ppp1pp1/8/p2Pp2p/4P2q/2N5/PPP2PPP/R1BQKBNR w KQkq - 2 5,0,gaia,Skill Level=1,minic,Level=30,1/2-1/2,0.5,80,0.23651229997631162,complete,,15
matchup_041_opening_015_1,matchup_041,opening_015,rnb1kbnr/1ppp1pp1/8/p2Pp2p/4P2q/2N5/PPP2PPP/R1BQKBNR w KQkq - 2 5,1,minic,Level=30,gaia,Skill Level=1,0-1,0.0,30,0.06570239999564365,complete,,15
matchup_041_opening_016_0,matchup_041,opening_016,rn1qkbnr/p2pppp1/b7/1pP4p/5P2/8/PPP1PKPP/RNBQ1BNR w kq - 0 5,0,gaia,Skill Level=1,minic,Level=30,1-0,1.0,33,0.07279900001594797,complete,,16
matchup_041_opening_016_1,matchup_041,opening_016,rn1qkbnr/p2pppp1/b7/1pP4p/5P2/8/PPP1PKPP/RNBQ1BNR w kq - 0 5,1,minic,Level=30,gaia,Skill Level=1,1/2-1/2,0.5,80,0.2407801999943331,complete,,16
matchup_041_opening_017_0,matchup_041,opening_017,rnbqkbnr/p1p3pp/1p1pp3/5pP1/P3P3/8/1PPP1P1P/RNBQKBNR w KQkq - 0 5,0,gaia,Skill Level=1,minic,Level=30,1-0,1.0,67,0.189067899947986,complete,,17
matchup_041_opening_017_1,matchup_041,opening_017,rnbqkbnr/p1p3pp/1p1pp3/5pP1/P3P3/8/1PPP1P1P/RNBQKBNR w KQkq - 0 5,1,minic,Level=30,gaia,Skill Level=1,1/2-1/2,0.5,80,0.2510442999773659,complete,,17
matchup_041_opening_018_0,matchup_041,opening_018,rnbqkb1r/ppp2ppp/3pp3/3P1n2/8/6PP/PPP1PP2/RNBQKBNR w KQkq - 1 5,0,gaia,Skill Level=1,minic,Level=30,1/2-1/2,0.5,80,0.25191049999557436,complete,,18
matchup_041_opening_018_1,matchup_041,opening_018,rnbqkb1r/ppp2ppp/3pp3/3P1n2/8/6PP/PPP1PP2/RNBQKBNR w KQkq - 1 5,1,minic,Level=30,gaia,Skill Level=1,1/2-1/2,0.5,80,0.23011969996150583,complete,,18
matchup_041_opening_019_0,matchup_041,opening_019,rnb1kbnr/1pqppp1p/2p5/p5p1/3P4/1QP4P/PP2PPP1/RNB1KBNR w KQkq - 0 5,0,gaia,Skill Level=1,minic,Level=30,1-0,1.0,37,0.07892340002581477,complete,,19
matchup_041_opening_019_1,matchup_041,opening_019,rnb1kbnr/1pqppp1p/2p5/p5p1/3P4/1QP4P/PP2PPP1/RNB1KBNR w KQkq - 0 5,1,minic,Level=30,gaia,Skill Level=1,0-1,0.0,72,0.20762489998014644,complete,,19
matchup_018_opening_003_0,matchup_018,opening_003,rnbqk1nr/1ppp1ppp/1b2p3/p7/P7/2P2P1P/1P1PP1P1/RNBQKBNR w KQkq - 1 5,0,minic,Level=18,minic,Level=19,1/2-1/2,0.5,80,0.32667169999331236,complete,,3
matchup_018_opening_003_1,matchup_018,opening_003,rnbqk1nr/1ppp1ppp/1b2p3/p7/P7/2P2P1P/1P1PP1P1/RNBQKBNR w KQkq - 1 5,1,minic,Level=19,minic,Level=18,1/2-1/2,0.5,80,0.32251750002615154,complete,,3
matchup_020_opening_005_0,matchup_020,opening_005,r1bqkb1r/ppp1pppp/3p1n2/8/1nB1P3/1PP5/P2P1PPP/RNBQK1NR w KQkq - 2 5,0,minic,Level=20,minic,Level=21,1/2-1/2,0.5,80,0.33882189996074885,complete,,5
matchup_020_opening_005_1,matchup_020,opening_005,r1bqkb1r/ppp1pppp/3p1n2/8/1nB1P3/1PP5/P2P1PPP/RNBQK1NR w KQkq - 2 5,1,minic,Level=21,minic,Level=20,1/2-1/2,0.5,80,0.3086784000042826,complete,,5
matchup_020_opening_013_0,matchup_020,opening_013,rnbqkbnr/ppp3pp/4pp2/3p4/8/2PP4/PP2PPPP/RNBQKBNR w KQkq - 0 5,0,minic,Level=20,minic,Level=21,1/2-1/2,0.5,80,0.30366450001019984,complete,,13
matchup_020_opening_013_1,matchup_020,opening_013,rnbqkbnr/ppp3pp/4pp2/3p4/8/2PP4/PP2PPPP/RNBQKBNR w KQkq - 0 5,1,minic,Level=21,minic,Level=20,1/2-1/2,0.5,80,0.2918113999767229,complete,,13
matchup_020_opening_002_1,matchup_020,opening_002,rnb1kbnr/pppp1p1p/5qp1/4p3/7P/1P3PP1/P1PPP3/RNBQKBNR w KQkq - 0 5,1,minic,Level=21,minic,Level=20,1/2-1/2,0.5,40,0.2014628000324592,complete,,2
