game_index,opponent_engine,opponent_elo,fly_color,result,fly_score,plies,termination,final_fen,opponent_setting,opponent_requested_elo,opponent_calibrated_elo,fly_move_count,median_fly_move_latency_s,total_recurrent_passes,mean_candidate_score_margin,pgn,opening_id,start_fen
0,minic,310.12779874667655,white,1/2-1/2,0.5,10,MAX_PLIES_ADJUDICATION,rn1qkb1r/2pppppp/1p3n2/p7/2b1B3/3PP1P1/PPP2P1P/RNBQK1NR w KQkq - 1 6,Level=0,310,310.12779874667655,1,16.397302399971522,576,0.0009428802877664566,"[Event ""?""]
[Site ""?""]
[Date ""????.??.??""]
[Round ""?""]
[White ""MaleCNS-RD""]
[Black ""minic""]
[Result ""1/2-1/2""]
[FEN ""rn1qkb1r/2pppppp/bp3n2/p7/4B3/3PP3/PPP2PPP/RNBQK1NR w KQkq - 1 5""]
[SetUp ""1""]
[OpponentElo ""310.12779874667655""]
[Opening ""opening_000""]

5. g3 Bc4 1/2-1/2",opening_000,rn1qkb1r/2pppppp/bp3n2/p7/4B3/3PP3/PPP2PPP/RNBQK1NR w KQkq - 1 5
1,minic,310.12779874667655,black,1/2-1/2,0.5,10,MAX_PLIES_ADJUDICATION,1n1qkb1r/r1pppppp/bp3nB1/p7/8/3PP3/PPP2PPP/RNBQK1NR w KQk - 3 6,Level=0,310,310.12779874667655,1,14.774852800008375,416,0.004264822229743004,"[Event ""?""]
[Site ""?""]
[Date ""????.??.??""]
[Round ""?""]
[White ""minic""]
[Black ""MaleCNS-RD""]
[Result ""1/2-1/2""]
[FEN ""rn1qkb1r/2pppppp/bp3n2/p7/4B3/3PP3/PPP2PPP/RNBQK1NR w KQkq - 1 5""]
[SetUp ""1""]
[OpponentElo ""310.12779874667655""]
[Opening ""opening_000""]

5. Bg6 Ra7 1/2-1/2",opening_000,rn1qkb1r/2pppppp/bp3n2/p7/4B3/3PP3/PPP2PPP/RNBQK1NR w KQkq - 1 5
2,minic,310.12779874667655,white,1/2-1/2,0.5,10,MAX_PLIES_ADJUDICATION,rnbqkbnr/1p2pppp/8/2pp4/p5P1/NP5P/P1PPPP2/R1BQKBNR w KQkq - 0 6,Level=0,310,310.12779874667655,1,11.49683089996688,304,6.207171827554703e-05,"[Event ""?""]
[Site ""?""]
[Date ""????.??.??""]
[Round ""?""]
[White ""MaleCNS-RD""]
[Black ""minic""]
[Result ""1/2-1/2""]
[FEN ""rnbqkbnr/1p2pppp/8/p1pp4/6P1/N6P/PPPPPP2/R1BQKBNR w KQkq - 0 5""]
[SetUp ""1""]
[OpponentElo ""310.12779874667655""]
[Opening ""opening_001""]

5. b3 a4 1/2-1/2",opening_001,rnbqkbnr/1p2pppp/8/p1pp4/6P1/N6P/PPPPPP2/R1BQKBNR w KQkq - 0 5
3,minic,310.12779874667655,black,1/2-1/2,0.5,10,MAX_PLIES_ADJUDICATION,1nbqkbnr/rp2pppp/8/p1pp4/6P1/N4P1P/PPPPP3/R1BQKBNR w KQk - 1 6,Level=0,310,310.12779874667655,1,13.645767800044268,464,0.004071570001542568,"[Event ""?""]
[Site ""?""]
[Date ""????.??.??""]
[Round ""?""]
[White ""minic""]
[Black ""MaleCNS-RD""]
[Result ""1/2-1/2""]
[FEN ""rnbqkbnr/1p2pppp/8/p1pp4/6P1/N6P/PPPPPP2/R1BQKBNR w KQkq - 0 5""]
[SetUp ""1""]
[OpponentElo ""310.12779874667655""]
[Opening ""opening_001""]

5. f3 Ra7 1/2-1/2",opening_001,rnbqkbnr/1p2pppp/8/p1pp4/6P1/N6P/PPPPPP2/R1BQKBNR w KQkq - 0 5
4,minic,310.12779874667655,white,1/2-1/2,0.5,10,MAX_PLIES_ADJUDICATION,rnb1kbnr/pppp1p1p/2q3p1/4p3/2P4P/1P3PP1/P2PP3/RNBQKBNR w KQkq - 1 6,Level=0,310,310.12779874667655,1,11.956383200013079,352,0.001354600302875042,"[Event ""?""]
[Site ""?""]
[Date ""????.??.??""]
[Round ""?""]
[White ""MaleCNS-RD""]
[Black ""minic""]
[Result ""1/2-1/2""]
[FEN ""rnb1kbnr/pppp1p1p/5qp1/4p3/7P/1P3PP1/P1PPP3/RNBQKBNR w KQkq - 0 5""]
[SetUp ""1""]
[OpponentElo ""310.12779874667655""]
[Opening ""opening_002""]

5. c4 Qc6 1/2-1/2",opening_002,rnb1kbnr/pppp1p1p/5qp1/4p3/7P/1P3PP1/P1PPP3/RNBQKBNR w KQkq - 0 5
5,minic,310.12779874667655,black,1/2-1/2,0.5,10,MAX_PLIES_ADJUDICATION,rnb1kbnr/pppp1p1p/5qp1/8/4p2P/1P3PP1/P1PPPK2/RNBQ1BNR w kq - 0 6,Level=0,310,310.12779874667655,1,20.70289590000175,608,0.0032885661348700523,"[Event ""?""]
[Site ""?""]
[Date ""????.??.??""]
[Round ""?""]
[White ""minic""]
[Black ""MaleCNS-RD""]
[Result ""1/2-1/2""]
[FEN ""rnb1kbnr/pppp1p1p/5qp1/4p3/7P/1P3PP1/P1PPP3/RNBQKBNR w KQkq - 0 5""]
[SetUp ""1""]
[OpponentElo ""310.12779874667655""]
[Opening ""opening_002""]

5. Kf2 e4 1/2-1/2",opening_002,rnb1kbnr/pppp1p1p/5qp1/4p3/7P/1P3PP1/P1PPP3/RNBQKBNR w KQkq - 0 5
6,minic,310.12779874667655,white,1/2-1/2,0.5,10,MAX_PLIES_ADJUDICATION,rnbqk1nr/1ppp1ppp/4p3/p7/P7/1PP2P1P/3PP1P1/RNBQKBbR w KQkq - 0 6,Level=0,310,310.12779874667655,1,8.757933999993838,272,6.207358092069626e-05,"[Event ""?""]
[Site ""?""]
[Date ""????.??.??""]
[Round ""?""]
[White ""MaleCNS-RD""]
[Black ""minic""]
[Result ""1/2-1/2""]
[FEN ""rnbqk1nr/1ppp1ppp/1b2p3/p7/P7/2P2P1P/1P1PP1P1/RNBQKBNR w KQkq - 1 5""]
[SetUp ""1""]
[OpponentElo ""310.12779874667655""]
[Opening ""opening_003""]

5. b3 Bxg1 1/2-1/2",opening_003,rnbqk1nr/1ppp1ppp/1b2p3/p7/P7/2P2P1P/1P1PP1P1/RNBQKBNR w KQkq - 1 5
7,minic,310.12779874667655,black,1/2-1/2,0.5,10,MAX_PLIES_ADJUDICATION,rnb1k1nr/1pppqppp/1b2p3/p7/P7/2P2P1P/1P1PP1PR/RNBQKBN1 w Qkq - 3 6,Level=0,310,310.12779874667655,1,12.823413799982518,480,0.0015117134898900986,"[Event ""?""]
[Site ""?""]
[Date ""????.??.??""]
[Round ""?""]
[White ""minic""]
[Black ""MaleCNS-RD""]
[Result ""1/2-1/2""]
[FEN ""rnbqk1nr/1ppp1ppp/1b2p3/p7/P7/2P2P1P/1P1PP1P1/RNBQKBNR w KQkq - 1 5""]
[SetUp ""1""]
[OpponentElo ""310.12779874667655""]
[Opening ""opening_003""]

5. Rh2 Qe7 1/2-1/2",opening_003,rnbqk1nr/1ppp1ppp/1b2p3/p7/P7/2P2P1P/1P1PP1P1/RNBQKBNR w KQkq - 1 5
8,minic,310.12779874667655,white,1/2-1/2,0.5,10,MAX_PLIES_ADJUDICATION,rnbqkbnr/3pp1p1/1pp2p2/p6p/2P5/4P1PP/PP1PKP2/RNBQ1BNR w kq - 0 6,Level=0,310,310.12779874667655,1,11.89303460001247,384,0.0009284541010856628,"[Event ""?""]
[Site ""?""]
[Date ""????.??.??""]
[Round ""?""]
[White ""MaleCNS-RD""]
[Black ""minic""]
[Result ""1/2-1/2""]
[FEN ""rnbqkbnr/2ppp1p1/1p3p2/p6p/2P5/4P2P/PP1PKPP1/RNBQ1BNR w kq - 0 5""]
[SetUp ""1""]
[OpponentElo ""310.12779874667655""]
[Opening ""opening_004""]

5. g3 c6 1/2-1/2",opening_004,rnbqkbnr/2ppp1p1/1p3p2/p6p/2P5/4P2P/PP1PKPP1/RNBQ1BNR w kq - 0 5
9,minic,310.12779874667655,black,1/2-1/2,0.5,10,MAX_PLIES_ADJUDICATION,1nbqkbnr/r1ppp1p1/1p3p2/p6p/2P5/1Q2P2P/PP1PKPP1/RNB2BNR w k - 2 6,Level=0,310,310.12779874667655,1,11.653208899952006,352,0.005552198737859726,"[Event ""?""]
[Site ""?""]
[Date ""????.??.??""]
[Round ""?""]
[White ""minic""]
[Black ""MaleCNS-RD""]
[Result ""1/2-1/2""]
[FEN ""rnbqkbnr/2ppp1p1/1p3p2/p6p/2P5/4P2P/PP1PKPP1/RNBQ1BNR w kq - 0 5""]
[SetUp ""1""]
[OpponentElo ""310.12779874667655""]
[Opening ""opening_004""]

5. Qb3 Ra7 1/2-1/2",opening_004,rnbqkbnr/2ppp1p1/1p3p2/p6p/2P5/4P2P/PP1PKPP1/RNBQ1BNR w kq - 0 5
10,minic,310.12779874667655,white,1/2-1/2,0.5,10,MAX_PLIES_ADJUDICATION,r1bq1b1r/pppkpppp/3p1n2/8/1nB1P3/1PP3P1/P2P1P1P/RNBQK1NR w KQ - 1 6,Level=0,310,310.12779874667655,1,16.604721599956974,528,0.0013455897569656372,"[Event ""?""]
[Site ""?""]
[Date ""????.??.??""]
[Round ""?""]
[White ""MaleCNS-RD""]
[Black ""minic""]
[Result ""1/2-1/2""]
[FEN ""r1bqkb1r/ppp1pppp/3p1n2/8/1nB1P3/1PP5/P2P1PPP/RNBQK1NR w KQkq - 2 5""]
[SetUp ""1""]
[OpponentElo ""310.12779874667655""]
[Opening ""opening_005""]

5. g3 Kd7 1/2-1/2",opening_005,r1bqkb1r/ppp1pppp/3p1n2/8/1nB1P3/1PP5/P2P1PPP/RNBQK1NR w KQkq - 2 5
11,minic,310.12779874667655,black,1/2-1/2,0.5,10,MAX_PLIES_ADJUDICATION,r1bqkb1r/ppp1pppp/3p1n2/8/2B1P3/1PP2Q2/n2P1PPP/RNB1K1NR w KQkq - 0 6,Level=0,310,310.12779874667655,1,15.778492499957792,544,0.0008469289168715477,"[Event ""?""]
[Site ""?""]
[Date ""????.??.??""]
[Round ""?""]
[White ""minic""]
[Black ""MaleCNS-RD""]
[Result ""1/2-1/2""]
[FEN ""r1bqkb1r/ppp1pppp/3p1n2/8/1nB1P3/1PP5/P2P1PPP/RNBQK1NR w KQkq - 2 5""]
[SetUp ""1""]
[OpponentElo ""310.12779874667655""]
[Opening ""opening_005""]

5. Qf3 Nxa2 1/2-1/2",opening_005,r1bqkb1r/ppp1pppp/3p1n2/8/1nB1P3/1PP5/P2P1PPP/RNBQK1NR w KQkq - 2 5
12,minic,310.12779874667655,white,1/2-1/2,0.5,10,MAX_PLIES_ADJUDICATION,r1b3nr/ppppkppp/n3p3/6q1/1b6/P2P2P1/2PNPP1P/R1BQKBNR w KQ - 1 6,Level=0,310,310.12779874667655,1,10.933690799982287,288,0.0013456041924655437,"[Event ""?""]
[Site ""?""]
[Date ""????.??.??""]
[Round ""?""]
[White ""MaleCNS-RD""]
[Black ""minic""]
[Result ""1/2-1/2""]
[FEN ""r1b1k1nr/pppp1ppp/n3p3/6q1/1b6/P2P4/2PNPPPP/R1BQKBNR w KQkq - 0 5""]
[SetUp ""1""]
[OpponentElo ""310.12779874667655""]
[Opening ""opening_006""]

5. g3 Ke7 1/2-1/2",opening_006,r1b1k1nr/pppp1ppp/n3p3/6q1/1b6/P2P4/2PNPPPP/R1BQKBNR w KQkq - 0 5
13,minic,310.12779874667655,black,1/2-1/2,0.5,10,MAX_PLIES_ADJUDICATION,r1b1k1nr/ppppbppp/n3p3/6q1/2P5/P2P4/3NPPPP/R1BQKBNR w KQkq - 1 6,Level=0,310,310.12779874667655,1,24.292379999998957,768,0.004598182626068592,"[Event ""?""]
[Site ""?""]
[Date ""????.??.??""]
[Round ""?""]
[White ""minic""]
[Black ""MaleCNS-RD""]
[Result ""1/2-1/2""]
[FEN ""r1b1k1nr/pppp1ppp/n3p3/6q1/1b6/P2P4/2PNPPPP/R1BQKBNR w KQkq - 0 5""]
[SetUp ""1""]
[OpponentElo ""310.12779874667655""]
[Opening ""opening_006""]

5. c4 Be7 1/2-1/2",opening_006,r1b1k1nr/pppp1ppp/n3p3/6q1/1b6/P2P4/2PNPPPP/R1BQKBNR w KQkq - 0 5
14,minic,310.12779874667655,white,1/2-1/2,0.5,10,MAX_PLIES_ADJUDICATION,rn1qkb1r/ppp1p1pp/3p4/1P1n1p2/8/2N2PPb/P1PPP2P/R1BQKBNR w KQkq - 1 6,Level=0,310,310.12779874667655,1,12.925938199972734,336,0.007726308889687061,"[Event ""?""]
[Site ""?""]
[Date ""????.??.??""]
[Round ""?""]
[White ""MaleCNS-RD""]
[Black ""minic""]
[Result ""1/2-1/2""]
[FEN ""rn1qkb1r/ppp1p1pp/3p1n2/5p2/1P6/2N2PPb/P1PPP2P/R1BQKBNR w KQkq - 1 5""]
[SetUp ""1""]
[OpponentElo ""310.12779874667655""]
[Opening ""opening_007""]

5. b5 Nd5 1/2-1/2",opening_007,rn1qkb1r/ppp1p1pp/3p1n2/5p2/1P6/2N2PPb/P1PPP2P/R1BQKBNR w KQkq - 1 5
15,minic,310.12779874667655,black,1/2-1/2,0.5,10,MAX_PLIES_ADJUDICATION,rn2kb1r/pppqp1pp/3p1n2/1N3p2/1P6/5PPb/P1PPP2P/R1BQKBNR w KQkq - 3 6,Level=0,310,310.12779874667655,1,15.91416239994578,480,0.00018679257482290268,"[Event ""?""]
[Site ""?""]
[Date ""????.??.??""]
[Round ""?""]
[White ""minic""]
[Black ""MaleCNS-RD""]
[Result ""1/2-1/2""]
[FEN ""rn1qkb1r/ppp1p1pp/3p1n2/5p2/1P6/2N2PPb/P1PPP2P/R1BQKBNR w KQkq - 1 5""]
[SetUp ""1""]
[OpponentElo ""310.12779874667655""]
[Opening ""opening_007""]

5. Nb5 Qd7 1/2-1/2",opening_007,rn1qkb1r/ppp1p1pp/3p1n2/5p2/1P6/2N2PPb/P1PPP2P/R1BQKBNR w KQkq - 1 5
16,minic,310.12779874667655,white,1/2-1/2,0.5,10,MAX_PLIES_ADJUDICATION,1rbq1bnr/pppkpppp/8/3p4/4P3/1PN5/P1PP1PPP/R1BQK1NR w KQ - 1 6,Level=0,310,310.12779874667655,1,14.16646880004555,464,6.206333637237549e-05,"[Event ""?""]
[Site ""?""]
[Date ""????.??.??""]
[Round ""?""]
[White ""MaleCNS-RD""]
[Black ""minic""]
[Result ""1/2-1/2""]
[FEN ""r1bq1bnr/pppkpppp/8/3p4/4P3/2N5/PPPP1PPP/R1BQK1NR w KQ - 0 5""]
[SetUp ""1""]
[OpponentElo ""310.12779874667655""]
[Opening ""opening_008""]

5. b3 Rb8 1/2-1/2",opening_008,r1bq1bnr/pppkpppp/8/3p4/4P3/2N5/PPPP1PPP/R1BQK1NR w KQ - 0 5
17,minic,310.12779874667655,black,1/2-1/2,0.5,10,MAX_PLIES_ADJUDICATION,r1b1qbnr/pppkpppp/8/3p4/4P3/2N2Q2/PPPP1PPP/R1B1K1NR w KQ - 2 6,Level=0,310,310.12779874667655,1,12.767994399997406,384,0.0012581665068864822,"[Event ""?""]
[Site ""?""]
[Date ""????.??.??""]
[Round ""?""]
[White ""minic""]
[Black ""MaleCNS-RD""]
[Result ""1/2-1/2""]
[FEN ""r1bq1bnr/pppkpppp/8/3p4/4P3/2N5/PPPP1PPP/R1BQK1NR w KQ - 0 5""]
[SetUp ""1""]
[OpponentElo ""310.12779874667655""]
[Opening ""opening_008""]

5. Qf3 Qe8 1/2-1/2",opening_008,r1bq1bnr/pppkpppp/8/3p4/4P3/2N5/PPPP1PPP/R1BQK1NR w KQ - 0 5
18,minic,310.12779874667655,white,1/2-1/2,0.5,10,MAX_PLIES_ADJUDICATION,rnbq1bnr/p1ppkp2/1p4p1/4p2p/8/1P1P2P1/P1PNPP1P/RNBQKB1R w KQ - 0 6,Level=0,310,310.12779874667655,1,12.790129099972546,368,6.067659705877304e-05,"[Event ""?""]
[Site ""?""]
[Date ""????.??.??""]
[Round ""?""]
[White ""MaleCNS-RD""]
[Black ""minic""]
[Result ""1/2-1/2""]
[FEN ""rnbq1bnr/p1ppkp1p/1p4p1/4p3/8/3P2P1/PPPNPP1P/RNBQKB1R w KQ - 2 5""]
[SetUp ""1""]
[OpponentElo ""310.12779874667655""]
[Opening ""opening_009""]

5. b3 h5 1/2-1/2",opening_009,rnbq1bnr/p1ppkp1p/1p4p1/4p3/8/3P2P1/PPPNPP1P/RNBQKB1R w KQ - 2 5
19,minic,310.12779874667655,black,1/2-1/2,0.5,10,MAX_PLIES_ADJUDICATION,rnbq1bnr/p1ppkp1p/1p4p1/8/4p3/3P2P1/PPPNPP1P/RNBQKBR1 w Q - 0 6,Level=0,310,310.12779874667655,1,13.58758220000891,416,0.005675027146935463,"[Event ""?""]
[Site ""?""]
[Date ""????.??.??""]
[Round ""?""]
[White ""minic""]
[Black ""MaleCNS-RD""]
[Result ""1/2-1/2""]
[FEN ""rnbq1bnr/p1ppkp1p/1p4p1/4p3/8/3P2P1/PPPNPP1P/RNBQKB1R w KQ - 2 5""]
[SetUp ""1""]
[OpponentElo ""310.12779874667655""]
[Opening ""opening_009""]

5. Rg1 e4 1/2-1/2",opening_009,rnbq1bnr/p1ppkp1p/1p4p1/4p3/8/3P2P1/PPPNPP1P/RNBQKB1R w KQ - 2 5
20,minic,310.12779874667655,white,1/2-1/2,0.5,10,MAX_PLIES_ADJUDICATION,rn1qkbnr/1p2ppp1/p1p4p/3p1b2/2P2P2/PP5N/3PP1PP/RNBQKB1R w KQkq - 0 6,Level=0,310,310.12779874667655,1,11.703115899988916,336,6.20521605014801e-05,"[Event ""?""]
[Site ""?""]
[Date ""????.??.??""]
[Round ""?""]
[White ""MaleCNS-RD""]
[Black ""minic""]
[Result ""1/2-1/2""]
[FEN ""rn1qkbnr/1pp1ppp1/p6p/3p1b2/2P2P2/P6N/1P1PP1PP/RNBQKB1R w KQkq - 0 5""]
[SetUp ""1""]
[OpponentElo ""310.12779874667655""]
[Opening ""opening_010""]

5. b3 c6 1/2-1/2",opening_010,rn1qkbnr/1pp1ppp1/p6p/3p1b2/2P2P2/P6N/1P1PP1PP/RNBQKB1R w KQkq - 0 5
21,minic,310.12779874667655,black,1/2-1/2,0.5,10,MAX_PLIES_ADJUDICATION,1n1qkbnr/rpp1ppp1/p6p/3p1b2/2P2P2/P5PN/1P1PP2P/RNBQKB1R w KQk - 1 6,Level=0,310,310.12779874667655,1,15.606930700014345,528,0.004074793308973312,"[Event ""?""]
[Site ""?""]
[Date ""????.??.??""]
[Round ""?""]
[White ""minic""]
[Black ""MaleCNS-RD""]
[Result ""1/2-1/2""]
[FEN ""rn1qkbnr/1pp1ppp1/p6p/3p1b2/2P2P2/P6N/1P1PP1PP/RNBQKB1R w KQkq - 0 5""]
[SetUp ""1""]
[OpponentElo ""310.12779874667655""]
[Opening ""opening_010""]

5. g3 Ra7 1/2-1/2",opening_010,rn1qkbnr/1pp1ppp1/p6p/3p1b2/2P2P2/P6N/1P1PP1PP/RNBQKB1R w KQkq - 0 5
22,minic,310.12779874667655,white,1/2-1/2,0.5,10,MAX_PLIES_ADJUDICATION,r1bqkbnr/pp1p2pp/2p1p3/2n2p2/P2P1B2/1P6/2P1PPPP/RN1QKBNR w KQkq - 1 6,Level=0,310,310.12779874667655,1,15.016120000043884,544,6.0927122831344604e-05,"[Event ""?""]
[Site ""?""]
[Date ""????.??.??""]
[Round ""?""]
[White ""MaleCNS-RD""]
[Black ""minic""]
[Result ""1/2-1/2""]
[FEN ""r1bqkbnr/pp1p2pp/n1p1p3/5p2/P2P1B2/8/1PP1PPPP/RN1QKBNR w KQkq - 0 5""]
[SetUp ""1""]
[OpponentElo ""310.12779874667655""]
[Opening ""opening_011""]

5. b3 Nc5 1/2-1/2",opening_011,r1bqkbnr/pp1p2pp/n1p1p3/5p2/P2P1B2/8/1PP1PPPP/RN1QKBNR w KQkq - 0 5
23,minic,310.12779874667655,black,1/2-1/2,0.5,10,MAX_PLIES_ADJUDICATION,r1b1kbnr/pp1pq1pp/n1p1p3/4Bp2/P2P4/8/1PP1PPPP/RN1QKBNR w KQkq - 2 6,Level=0,310,310.12779874667655,1,13.599392600008287,512,0.003868454019539058,"[Event ""?""]
[Site ""?""]
[Date ""????.??.??""]
[Round ""?""]
[White ""minic""]
[Black ""MaleCNS-RD""]
[Result ""1/2-1/2""]
[FEN ""r1bqkbnr/pp1p2pp/n1p1p3/5p2/P2P1B2/8/1PP1PPPP/RN1QKBNR w KQkq - 0 5""]
[SetUp ""1""]
[OpponentElo ""310.12779874667655""]
[Opening ""opening_011""]

5. Be5 Qe7 1/2-1/2",opening_011,r1bqkbnr/pp1p2pp/n1p1p3/5p2/P2P1B2/8/1PP1PPPP/RN1QKBNR w KQkq - 0 5
24,minic,310.12779874667655,white,1/2-1/2,0.5,10,MAX_PLIES_ADJUDICATION,r1bqkbnr/pppppp2/8/6pp/Q1P3P1/1P1P4/P2P1P1P/RNB1KBNR w KQkq - 0 6,Level=0,310,310.12779874667655,1,1.8849109000293538,32,0.001129799522459507,"[Event ""?""]
[Site ""?""]
[Date ""????.??.??""]
[Round ""?""]
[White ""MaleCNS-RD""]
[Black ""minic""]
[Result ""1/2-1/2""]
[FEN ""r1bqkbnr/ppppppp1/8/7p/Q1P3P1/1P1n4/P2PPP1P/RNB1KBNR w KQkq - 1 5""]
[SetUp ""1""]
[OpponentElo ""310.12779874667655""]
[Opening ""opening_012""]

5. exd3 g5 1/2-1/2",opening_012,r1bqkbnr/ppppppp1/8/7p/Q1P3P1/1P1n4/P2PPP1P/RNB1KBNR w KQkq - 1 5
25,minic,310.12779874667655,black,1/2-1/2,0.5,10,MAX_PLIES_ADJUDICATION,r1bqkbnr/p1ppppp1/8/1p5p/Q1P3P1/1P1n4/P2PPP1P/RNBK1BNR w kq - 0 6,Level=0,310,310.12779874667655,1,13.977508500043768,432,0.00017369724810123444,"[Event ""?""]
[Site ""?""]
[Date ""????.??.??""]
[Round ""?""]
[White ""minic""]
[Black ""MaleCNS-RD""]
[Result ""1/2-1/2""]
[FEN ""r1bqkbnr/ppppppp1/8/7p/Q1P3P1/1P1n4/P2PPP1P/RNB1KBNR w KQkq - 1 5""]
[SetUp ""1""]
[OpponentElo ""310.12779874667655""]
[Opening ""opening_012""]

5. Kd1 b5 1/2-1/2",opening_012,r1bqkbnr/ppppppp1/8/7p/Q1P3P1/1P1n4/P2PPP1P/RNB1KBNR w KQkq - 1 5
26,minic,310.12779874667655,white,1/2-1/2,0.5,10,MAX_PLIES_ADJUDICATION,rnbqk1nr/ppp1b1pp/4pp2/3p4/8/1PPP4/P3PPPP/RNBQKBNR w KQkq - 1 6,Level=0,310,310.12779874667655,1,13.841919800033793,448,6.089359521865845e-05,"[Event ""?""]
[Site ""?""]
[Date ""????.??.??""]
[Round ""?""]
[White ""MaleCNS-RD""]
[Black ""minic""]
[Result ""1/2-1/2""]
[FEN ""rnbqkbnr/ppp3pp/4pp2/3p4/8/2PP4/PP2PPPP/RNBQKBNR w KQkq - 0 5""]
[SetUp ""1""]
[OpponentElo ""310.12779874667655""]
[Opening ""opening_013""]

5. b3 Be7 1/2-1/2",opening_013,rnbqkbnr/ppp3pp/4pp2/3p4/8/2PP4/PP2PPPP/RNBQKBNR w KQkq - 0 5
27,minic,310.12779874667655,black,1/2-1/2,0.5,10,MAX_PLIES_ADJUDICATION,rnb1kbnr/ppp1q1pp/4pp2/3p4/8/2PP3N/PP2PPPP/RNBQKB1R w KQkq - 2 6,Level=0,310,310.12779874667655,1,14.298942199966405,480,0.0038752262480556965,"[Event ""?""]
[Site ""?""]
[Date ""????.??.??""]
[Round ""?""]
[White ""minic""]
[Black ""MaleCNS-RD""]
[Result ""1/2-1/2""]
[FEN ""rnbqkbnr/ppp3pp/4pp2/3p4/8/2PP4/PP2PPPP/RNBQKBNR w KQkq - 0 5""]
[SetUp ""1""]
[OpponentElo ""310.12779874667655""]
[Opening ""opening_013""]

5. Nh3 Qe7 1/2-1/2",opening_013,rnbqkbnr/ppp3pp/4pp2/3p4/8/2PP4/PP2PPPP/RNBQKBNR w KQkq - 0 5
28,minic,310.12779874667655,white,1/2-1/2,0.5,10,MAX_PLIES_ADJUDICATION,r1bqk1nr/ppppp2p/n5pb/8/2P2pPP/PP6/3PPP2/RNBQKBNR w KQkq - 1 6,Level=0,310,310.12779874667655,1,12.40682699996978,352,6.20279461145401e-05,"[Event ""?""]
[Site ""?""]
[Date ""????.??.??""]
[Round ""?""]
[White ""MaleCNS-RD""]
[Black ""minic""]
[Result ""1/2-1/2""]
[FEN ""rnbqk1nr/ppppp2p/6pb/8/2P2pPP/P7/1P1PPP2/RNBQKBNR w KQkq - 0 5""]
[SetUp ""1""]
[OpponentElo ""310.12779874667655""]
[Opening ""opening_014""]

5. b3 Na6 1/2-1/2",opening_014,rnbqk1nr/ppppp2p/6pb/8/2P2pPP/P7/1P1PPP2/RNBQKBNR w KQkq - 0 5
29,minic,310.12779874667655,black,1/2-1/2,0.5,10,MAX_PLIES_ADJUDICATION,rnbqk1nr/p1ppp2p/6pb/1p4P1/2P2p1P/P7/1P1PPP2/RNBQKBNR w KQkq - 0 6,Level=0,310,310.12779874667655,1,11.672954500012565,304,0.0011826567351818085,"[Event ""?""]
[Site ""?""]
[Date ""????.??.??""]
[Round ""?""]
[White ""minic""]
[Black ""MaleCNS-RD""]
[Result ""1/2-1/2""]
[FEN ""rnbqk1nr/ppppp2p/6pb/8/2P2pPP/P7/1P1PPP2/RNBQKBNR w KQkq - 0 5""]
[SetUp ""1""]
[OpponentElo ""310.12779874667655""]
[Opening ""opening_014""]

5. g5 b5 1/2-1/2",opening_014,rnbqk1nr/ppppp2p/6pb/8/2P2pPP/P7/1P1PPP2/RNBQKBNR w KQkq - 0 5
30,minic,310.12779874667655,white,1/2-1/2,0.5,10,MAX_PLIES_ADJUDICATION,rnb1kbnr/1ppp1pp1/8/3Pp2p/p3P2q/1PN5/P1P2PPP/R1BQKBNR w KQkq - 0 6,Level=0,310,310.12779874667655,1,17.406657300016377,560,6.0861260863021016e-05,"[Event ""?""]
[Site ""?""]
[Date ""????.??.??""]
[Round ""?""]
[White ""MaleCNS-RD""]
[Black ""minic""]
[Result ""1/2-1/2""]
[FEN ""rnb1kbnr/1ppp1pp1/8/p2Pp2p/4P2q/2N5/PPP2PPP/R1BQKBNR w KQkq - 2 5""]
[SetUp ""1""]
[OpponentElo ""310.12779874667655""]
[Opening ""opening_015""]

5. b3 a4 1/2-1/2",opening_015,rnb1kbnr/1ppp1pp1/8/p2Pp2p/4P2q/2N5/PPP2PPP/R1BQKBNR w KQkq - 2 5
31,minic,310.12779874667655,black,1/2-1/2,0.5,10,MAX_PLIES_ADJUDICATION,1nb1kbnr/rppp1pp1/8/p2Pp2p/4P2q/2N5/PPP1QPPP/R1B1KBNR w KQk - 4 6,Level=0,310,310.12779874667655,1,16.079821299994364,592,0.0023283539339900017,"[Event ""?""]
[Site ""?""]
[Date ""????.??.??""]
[Round ""?""]
[White ""minic""]
[Black ""MaleCNS-RD""]
[Result ""1/2-1/2""]
[FEN ""rnb1kbnr/1ppp1pp1/8/p2Pp2p/4P2q/2N5/PPP2PPP/R1BQKBNR w KQkq - 2 5""]
[SetUp ""1""]
[OpponentElo ""310.12779874667655""]
[Opening ""opening_015""]

5. Qe2 Ra7 1/2-1/2",opening_015,rnb1kbnr/1ppp1pp1/8/p2Pp2p/4P2q/2N5/PPP2PPP/R1BQKBNR w KQkq - 2 5
32,minic,310.12779874667655,white,1/2-1/2,0.5,10,MAX_PLIES_ADJUDICATION,rn1qkbnr/p2p1pp1/b3p3/1pP4p/5P2/1P6/P1P1PKPP/RNBQ1BNR w kq - 0 6,Level=0,310,310.12779874667655,1,12.454810699971858,512,6.090220995247364e-05,"[Event ""?""]
[Site ""?""]
[Date ""????.??.??""]
[Round ""?""]
[White ""MaleCNS-RD""]
[Black ""minic""]
[Result ""1/2-1/2""]
[FEN ""rn1qkbnr/p2pppp1/b7/1pP4p/5P2/8/PPP1PKPP/RNBQ1BNR w kq - 0 5""]
[SetUp ""1""]
[OpponentElo ""310.12779874667655""]
[Opening ""opening_016""]

5. b3 e6 1/2-1/2",opening_016,rn1qkbnr/p2pppp1/b7/1pP4p/5P2/8/PPP1PKPP/RNBQ1BNR w kq - 0 5
33,minic,310.12779874667655,black,1/2-1/2,0.5,10,MAX_PLIES_ADJUDICATION,rn2kbnr/p2pppp1/b7/qpP4p/5P2/3Q4/PPP1PKPP/RNB2BNR w kq - 2 6,Level=0,310,310.12779874667655,1,10.727042499987874,336,0.0001352108083665371,"[Event ""?""]
[Site ""?""]
[Date ""????.??.??""]
[Round ""?""]
[White ""minic""]
[Black ""MaleCNS-RD""]
[Result ""1/2-1/2""]
[FEN ""rn1qkbnr/p2pppp1/b7/1pP4p/5P2/8/PPP1PKPP/RNBQ1BNR w kq - 0 5""]
[SetUp ""1""]
[OpponentElo ""310.12779874667655""]
[Opening ""opening_016""]

5. Qd3 Qa5 1/2-1/2",opening_016,rn1qkbnr/p2pppp1/b7/1pP4p/5P2/8/PPP1PKPP/RNBQ1BNR w kq - 0 5
34,minic,310.12779874667655,white,1/2-1/2,0.5,10,MAX_PLIES_ADJUDICATION,rnbqkbnr/p1p3pp/1p1pp3/6P1/P3p3/1P6/2PP1P1P/RNBQKBNR w KQkq - 0 6,Level=0,310,310.12779874667655,1,15.733774100022856,528,6.182026118040085e-05,"[Event ""?""]
[Site ""?""]
[Date ""????.??.??""]
[Round ""?""]
[White ""MaleCNS-RD""]
[Black ""minic""]
[Result ""1/2-1/2""]
[FEN ""rnbqkbnr/p1p3pp/1p1pp3/5pP1/P3P3/8/1PPP1P1P/RNBQKBNR w KQkq - 0 5""]
[SetUp ""1""]
[OpponentElo ""310.12779874667655""]
[Opening ""opening_017""]

5. b3 fxe4 1/2-1/2",opening_017,rnbqkbnr/p1p3pp/1p1pp3/5pP1/P3P3/8/1PPP1P1P/RNBQKBNR w KQkq - 0 5
35,minic,310.12779874667655,black,1/2-1/2,0.5,10,MAX_PLIES_ADJUDICATION,rnb1kbnr/p1p1q1pp/1p1pp3/5pP1/P3P3/8/RPPP1P1P/1NBQKBNR w Kkq - 2 6,Level=0,310,310.12779874667655,1,13.348639200034086,464,0.003868027590215206,"[Event ""?""]
[Site ""?""]
[Date ""????.??.??""]
[Round ""?""]
[White ""minic""]
[Black ""MaleCNS-RD""]
[Result ""1/2-1/2""]
[FEN ""rnbqkbnr/p1p3pp/1p1pp3/5pP1/P3P3/8/1PPP1P1P/RNBQKBNR w KQkq - 0 5""]
[SetUp ""1""]
[OpponentElo ""310.12779874667655""]
[Opening ""opening_017""]

5. Ra2 Qe7 1/2-1/2",opening_017,rnbqkbnr/p1p3pp/1p1pp3/5pP1/P3P3/8/1PPP1P1P/RNBQKBNR w KQkq - 0 5
36,minic,310.12779874667655,white,1/2-1/2,0.5,10,MAX_PLIES_ADJUDICATION,rnbqkb1r/ppp1nppp/3pp3/3P4/8/1P4PP/P1P1PP2/RNBQKBNR w KQkq - 1 6,Level=0,310,310.12779874667655,1,13.493759599979967,448,6.086612120270729e-05,"[Event ""?""]
[Site ""?""]
[Date ""????.??.??""]
[Round ""?""]
[White ""MaleCNS-RD""]
[Black ""minic""]
[Result ""1/2-1/2""]
[FEN ""rnbqkb1r/ppp2ppp/3pp3/3P1n2/8/6PP/PPP1PP2/RNBQKBNR w KQkq - 1 5""]
[SetUp ""1""]
[OpponentElo ""310.12779874667655""]
[Opening ""opening_018""]

5. b3 Ne7 1/2-1/2",opening_018,rnbqkb1r/ppp2ppp/3pp3/3P1n2/8/6PP/PPP1PP2/RNBQKBNR w KQkq - 1 5
37,minic,310.12779874667655,black,1/2-1/2,0.5,10,MAX_PLIES_ADJUDICATION,rnb1kb1r/ppp1qppp/3pp3/3P1n2/8/6PP/PPP1PPB1/RNBQK1NR w KQkq - 3 6,Level=0,310,310.12779874667655,1,13.780414199980441,512,0.003868493251502514,"[Event ""?""]
[Site ""?""]
[Date ""????.??.??""]
[Round ""?""]
[White ""minic""]
[Black ""MaleCNS-RD""]
[Result ""1/2-1/2""]
[FEN ""rnbqkb1r/ppp2ppp/3pp3/3P1n2/8/6PP/PPP1PP2/RNBQKBNR w KQkq - 1 5""]
[SetUp ""1""]
[OpponentElo ""310.12779874667655""]
[Opening ""opening_018""]

5. Bg2 Qe7 1/2-1/2",opening_018,rnbqkb1r/ppp2ppp/3pp3/3P1n2/8/6PP/PPP1PP2/RNBQKBNR w KQkq - 1 5
38,minic,310.12779874667655,white,1/2-1/2,0.5,10,MAX_PLIES_ADJUDICATION,rnbk1bnr/1pqppp1p/2p5/p5p1/3P4/1QP3PP/PP2PP2/RNB1KBNR w KQ - 1 6,Level=0,310,310.12779874667655,1,14.515236300008837,528,0.0013455627486109734,"[Event ""?""]
[Site ""?""]
[Date ""????.??.??""]
[Round ""?""]
[White ""MaleCNS-RD""]
[Black ""minic""]
[Result ""1/2-1/2""]
[FEN ""rnb1kbnr/1pqppp1p/2p5/p5p1/3P4/1QP4P/PP2PPP1/RNB1KBNR w KQkq - 0 5""]
[SetUp ""1""]
[OpponentElo ""310.12779874667655""]
[Opening ""opening_019""]

5. g3 Kd8 1/2-1/2",opening_019,rnb1kbnr/1pqppp1p/2p5/p5p1/3P4/1QP4P/PP2PPP1/RNB1KBNR w KQkq - 0 5
39,minic,310.12779874667655,black,1/2-1/2,0.5,10,MAX_PLIES_ADJUDICATION,1nb1kbnr/rpqppp1p/2p5/p5p1/3P4/Q1P4P/PP2PPP1/RNB1KBNR w KQk - 2 6,Level=0,310,310.12779874667655,1,11.819774799980223,448,0.005832033231854439,"[Event ""?""]
[Site ""?""]
[Date ""????.??.??""]
[Round ""?""]
[White ""minic""]
[Black ""MaleCNS-RD""]
[Result ""1/2-1/2""]
[FEN ""rnb1kbnr/1pqppp1p/2p5/p5p1/3P4/1QP4P/PP2PPP1/RNB1KBNR w KQkq - 0 5""]
[SetUp ""1""]
[OpponentElo ""310.12779874667655""]
[Opening ""opening_019""]

5. Qa3 Ra7 1/2-1/2",opening_019,rnb1kbnr/1pqppp1p/2p5/p5p1/3P4/1QP4P/PP2PPP1/RNB1KBNR w KQkq - 0 5
40,minic,310.12779874667655,white,1/2-1/2,0.5,10,MAX_PLIES_ADJUDICATION,rn1qkb1r/2pppppp/bp6/p7/4n3/3PP1P1/PPP2P1P/RNBQK1NR w KQkq - 0 6,Level=0,310,310.12779874667655,1,13.684274100000039,576,0.0009428802877664566,"[Event ""?""]
[Site ""?""]
[Date ""????.??.??""]
[Round ""?""]
[White ""MaleCNS-RD""]
[Black ""minic""]
[Result ""1/2-1/2""]
[FEN ""rn1qkb1r/2pppppp/bp3n2/p7/4B3/3PP3/PPP2PPP/RNBQK1NR w KQkq - 1 5""]
[SetUp ""1""]
[OpponentElo ""310.12779874667655""]
[Opening ""opening_000""]

5. g3 Nxe4 1/2-1/2",opening_000,rn1qkb1r/2pppppp/bp3n2/p7/4B3/3PP3/PPP2PPP/RNBQK1NR w KQkq - 1 5
41,minic,310.12779874667655,black,1/2-1/2,0.5,10,MAX_PLIES_ADJUDICATION,1n1qkb1r/r1pppppp/bp3n2/p7/2P1B3/3PP3/PP3PPP/RNBQK1NR w KQk - 1 6,Level=0,310,310.12779874667655,1,12.286852699995507,400,0.004259640350937843,"[Event ""?""]
[Site ""?""]
[Date ""????.??.??""]
[Round ""?""]
[White ""minic""]
[Black ""MaleCNS-RD""]
[Result ""1/2-1/2""]
[FEN ""rn1qkb1r/2pppppp/bp3n2/p7/4B3/3PP3/PPP2PPP/RNBQK1NR w KQkq - 1 5""]
[SetUp ""1""]
[OpponentElo ""310.12779874667655""]
[Opening ""opening_000""]

5. c4 Ra7 1/2-1/2",opening_000,rn1qkb1r/2pppppp/bp3n2/p7/4B3/3PP3/PPP2PPP/RNBQK1NR w KQkq - 1 5
42,minic,310.12779874667655,white,1/2-1/2,0.5,10,MAX_PLIES_ADJUDICATION,rnb1kbnr/1p2pppp/1q6/p1pp4/6P1/NP5P/P1PPPP2/R1BQKBNR w KQkq - 1 6,Level=0,310,310.12779874667655,1,9.730873599997722,304,6.207171827554703e-05,"[Event ""?""]
[Site ""?""]
[Date ""????.??.??""]
[Round ""?""]
[White ""MaleCNS-RD""]
[Black ""minic""]
[Result ""1/2-1/2""]
[FEN ""rnbqkbnr/1p2pppp/8/p1pp4/6P1/N6P/PPPPPP2/R1BQKBNR w KQkq - 0 5""]
[SetUp ""1""]
[OpponentElo ""310.12779874667655""]
[Opening ""opening_001""]

5. b3 Qb6 1/2-1/2",opening_001,rnbqkbnr/1p2pppp/8/p1pp4/6P1/N6P/PPPPPP2/R1BQKBNR w KQkq - 0 5
43,minic,310.12779874667655,black,1/2-1/2,0.5,10,MAX_PLIES_ADJUDICATION,1nbqkbnr/rp2pppp/8/p1pp4/6P1/7P/PPPPPP2/RNBQKBNR w KQk - 2 6,Level=0,310,310.12779874667655,1,12.208977100031916,464,0.004071436822414398,"[Event ""?""]
[Site ""?""]
[Date ""????.??.??""]
[Round ""?""]
[White ""minic""]
[Black ""MaleCNS-RD""]
[Result ""1/2-1/2""]
[FEN ""rnbqkbnr/1p2pppp/8/p1pp4/6P1/N6P/PPPPPP2/R1BQKBNR w KQkq - 0 5""]
[SetUp ""1""]
[OpponentElo ""310.12779874667655""]
[Opening ""opening_001""]

5. Nb1 Ra7 1/2-1/2",opening_001,rnbqkbnr/1p2pppp/8/p1pp4/6P1/N6P/PPPPPP2/R1BQKBNR w KQkq - 0 5
44,minic,310.12779874667655,white,1/2-1/2,0.5,10,MAX_PLIES_ADJUDICATION,rnb1kbnr/p1pp1p1p/5qp1/1p2p3/2P4P/1P3PP1/P2PP3/RNBQKBNR w KQkq - 0 6,Level=0,310,310.12779874667655,1,11.81316679995507,352,0.001354600302875042,"[Event ""?""]
[Site ""?""]
[Date ""????.??.??""]
[Round ""?""]
[White ""MaleCNS-RD""]
[Black ""minic""]
[Result ""1/2-1/2""]
[FEN ""rnb1kbnr/pppp1p1p/5qp1/4p3/7P/1P3PP1/P1PPP3/RNBQKBNR w KQkq - 0 5""]
[SetUp ""1""]
[OpponentElo ""310.12779874667655""]
[Opening ""opening_002""]

5. c4 b5 1/2-1/2",opening_002,rnb1kbnr/pppp1p1p/5qp1/4p3/7P/1P3PP1/P1PPP3/RNBQKBNR w KQkq - 0 5
45,minic,310.12779874667655,black,1/2-1/2,0.5,10,MAX_PLIES_ADJUDICATION,rnb1kbnr/pppp1p1p/5qp1/8/4p2P/BP3PP1/P1PPP3/RN1QKBNR w KQkq - 0 6,Level=0,310,310.12779874667655,1,14.634039899974596,592,0.003290281631052494,"[Event ""?""]
[Site ""?""]
[Date ""????.??.??""]
[Round ""?""]
[White ""minic""]
[Black ""MaleCNS-RD""]
[Result ""1/2-1/2""]
[FEN ""rnb1kbnr/pppp1p1p/5qp1/4p3/7P/1P3PP1/P1PPP3/RNBQKBNR w KQkq - 0 5""]
[SetUp ""1""]
[OpponentElo ""310.12779874667655""]
[Opening ""opening_002""]

5. Ba3 e4 1/2-1/2",opening_002,rnb1kbnr/pppp1p1p/5qp1/4p3/7P/1P3PP1/P1PPP3/RNBQKBNR w KQkq - 0 5
46,minic,310.12779874667655,white,1/2-1/2,0.5,10,MAX_PLIES_ADJUDICATION,rnbqk1nr/1ppp2pp/1b2pp2/p7/P7/1PP2P1P/3PP1P1/RNBQKBNR w KQkq - 0 6,Level=0,310,310.12779874667655,1,8.568326799955685,272,6.207358092069626e-05,"[Event ""?""]
[Site ""?""]
[Date ""????.??.??""]
[Round ""?""]
[White ""MaleCNS-RD""]
[Black ""minic""]
[Result ""1/2-1/2""]
[FEN ""rnbqk1nr/1ppp1ppp/1b2p3/p7/P7/2P2P1P/1P1PP1P1/RNBQKBNR w KQkq - 1 5""]
[SetUp ""1""]
[OpponentElo ""310.12779874667655""]
[Opening ""opening_003""]

5. b3 f6 1/2-1/2",opening_003,rnbqk1nr/1ppp1ppp/1b2p3/p7/P7/2P2P1P/1P1PP1P1/RNBQKBNR w KQkq - 1 5
47,minic,310.12779874667655,black,1/2-1/2,0.5,10,MAX_PLIES_ADJUDICATION,rnb1k1nr/1pppqppp/1b2p3/p7/P5P1/2P2P1P/1P1PP3/RNBQKBNR w KQkq - 1 6,Level=0,310,310.12779874667655,1,13.577435999992304,480,0.0015483181923627853,"[Event ""?""]
[Site ""?""]
[Date ""????.??.??""]
[Round ""?""]
[White ""minic""]
[Black ""MaleCNS-RD""]
[Result ""1/2-1/2""]
[FEN ""rnbqk1nr/1ppp1ppp/1b2p3/p7/P7/2P2P1P/1P1PP1P1/RNBQKBNR w KQkq - 1 5""]
[SetUp ""1""]
[OpponentElo ""310.12779874667655""]
[Opening ""opening_003""]

5. g4 Qe7 1/2-1/2",opening_003,rnbqk1nr/1ppp1ppp/1b2p3/p7/P7/2P2P1P/1P1PP1P1/RNBQKBNR w KQkq - 1 5
48,minic,310.12779874667655,white,1/2-1/2,0.5,10,MAX_PLIES_ADJUDICATION,rnbqkbnr/2ppp1p1/1p3p2/p7/2P4p/4P1PP/PP1PKP2/RNBQ1BNR w kq - 0 6,Level=0,310,310.12779874667655,1,11.756932799995411,384,0.0009284541010856628,"[Event ""?""]
[Site ""?""]
[Date ""????.??.??""]
[Round ""?""]
[White ""MaleCNS-RD""]
[Black ""minic""]
[Result ""1/2-1/2""]
[FEN ""rnbqkbnr/2ppp1p1/1p3p2/p6p/2P5/4P2P/PP1PKPP1/RNBQ1BNR w kq - 0 5""]
[SetUp ""1""]
[OpponentElo ""310.12779874667655""]
[Opening ""opening_004""]

5. g3 h4 1/2-1/2",opening_004,rnbqkbnr/2ppp1p1/1p3p2/p6p/2P5/4P2P/PP1PKPP1/RNBQ1BNR w kq - 0 5
49,minic,310.12779874667655,black,1/2-1/2,0.5,10,MAX_PLIES_ADJUDICATION,1nbqkbnr/r1ppp1p1/1p3p2/p6p/2P5/3PP2P/PP2KPP1/RNBQ1BNR w k - 1 6,Level=0,310,310.12779874667655,1,11.07264759996906,352,0.005552781745791435,"[Event ""?""]
[Site ""?""]
[Date ""????.??.??""]
[Round ""?""]
[White ""minic""]
[Black ""MaleCNS-RD""]
[Result ""1/2-1/2""]
[FEN ""rnbqkbnr/2ppp1p1/1p3p2/p6p/2P5/4P2P/PP1PKPP1/RNBQ1BNR w kq - 0 5""]
[SetUp ""1""]
[OpponentElo ""310.12779874667655""]
[Opening ""opening_004""]

5. d3 Ra7 1/2-1/2",opening_004,rnbqkbnr/2ppp1p1/1p3p2/p6p/2P5/4P2P/PP1PKPP1/RNBQ1BNR w kq - 0 5
50,minic,310.12779874667655,white,1/2-1/2,0.5,10,MAX_PLIES_ADJUDICATION,r1bqkbnr/ppp1pppp/3p4/8/1nB1P3/1PP3P1/P2P1P1P/RNBQK1NR w KQkq - 1 6,Level=0,310,310.12779874667655,1,13.113769299990963,528,0.0013455897569656372,"[Event ""?""]
[Site ""?""]
[Date ""????.??.??""]
[Round ""?""]
[White ""MaleCNS-RD""]
[Black ""minic""]
[Result ""1/2-1/2""]
[FEN ""r1bqkb1r/ppp1pppp/3p1n2/8/1nB1P3/1PP5/P2P1PPP/RNBQK1NR w KQkq - 2 5""]
[SetUp ""1""]
[OpponentElo ""310.12779874667655""]
[Opening ""opening_005""]

5. g3 Ng8 1/2-1/2",opening_005,r1bqkb1r/ppp1pppp/3p1n2/8/1nB1P3/1PP5/P2P1PPP/RNBQK1NR w KQkq - 2 5
51,minic,310.12779874667655,black,1/2-1/2,0.5,10,MAX_PLIES_ADJUDICATION,r1bqkb1r/ppp1pppp/3p1n2/8/2B1P3/1PP3P1/n2P1P1P/RNBQK1NR w KQkq - 0 6,Level=0,310,310.12779874667655,1,14.460099399962928,544,0.0008470118045806885,"[Event ""?""]
[Site ""?""]
[Date ""????.??.??""]
[Round ""?""]
[White ""minic""]
[Black ""MaleCNS-RD""]
[Result ""1/2-1/2""]
[FEN ""r1bqkb1r/ppp1pppp/3p1n2/8/1nB1P3/1PP5/P2P1PPP/RNBQK1NR w KQkq - 2 5""]
[SetUp ""1""]
[OpponentElo ""310.12779874667655""]
[Opening ""opening_005""]

5. g3 Nxa2 1/2-1/2",opening_005,r1bqkb1r/ppp1pppp/3p1n2/8/1nB1P3/1PP5/P2P1PPP/RNBQK1NR w KQkq - 2 5
52,minic,310.12779874667655,white,1/2-1/2,0.5,10,MAX_PLIES_ADJUDICATION,r1b1k1nr/pppp1ppp/n3p3/6q1/8/P1bP2P1/2PNPP1P/R1BQKBNR w KQkq - 1 6,Level=0,310,310.12779874667655,1,11.027409099973738,288,0.0013456041924655437,"[Event ""?""]
[Site ""?""]
[Date ""????.??.??""]
[Round ""?""]
[White ""MaleCNS-RD""]
[Black ""minic""]
[Result ""1/2-1/2""]
[FEN ""r1b1k1nr/pppp1ppp/n3p3/6q1/1b6/P2P4/2PNPPPP/R1BQKBNR w KQkq - 0 5""]
[SetUp ""1""]
[OpponentElo ""310.12779874667655""]
[Opening ""opening_006""]

5. g3 Bc3 1/2-1/2",opening_006,r1b1k1nr/pppp1ppp/n3p3/6q1/1b6/P2P4/2PNPPPP/R1BQKBNR w KQkq - 0 5
53,minic,310.12779874667655,black,1/2-1/2,0.5,10,MAX_PLIES_ADJUDICATION,r1b1k1nr/ppppbppp/n3p3/6q1/8/P2P4/R1PNPPPP/2BQKBNR w Kkq - 2 6,Level=0,310,310.12779874667655,1,23.435027300030924,768,0.004597991704940796,"[Event ""?""]
[Site ""?""]
[Date ""????.??.??""]
[Round ""?""]
[White ""minic""]
[Black ""MaleCNS-RD""]
[Result ""1/2-1/2""]
[FEN ""r1b1k1nr/pppp1ppp/n3p3/6q1/1b6/P2P4/2PNPPPP/R1BQKBNR w KQkq - 0 5""]
[SetUp ""1""]
[OpponentElo ""310.12779874667655""]
[Opening ""opening_006""]

5. Ra2 Be7 1/2-1/2",opening_006,r1b1k1nr/pppp1ppp/n3p3/6q1/1b6/P2P4/2PNPPPP/R1BQKBNR w KQkq - 0 5
54,minic,310.12779874667655,white,1/2-1/2,0.5,10,MAX_PLIES_ADJUDICATION,r2qkb1r/pppnp1pp/3p1n2/1P3p2/8/2N2PPb/P1PPP2P/R1BQKBNR w KQkq - 1 6,Level=0,310,310.12779874667655,1,10.090635200031102,336,0.007726308889687061,"[Event ""?""]
[Site ""?""]
[Date ""????.??.??""]
[Round ""?""]
[White ""MaleCNS-RD""]
[Black ""minic""]
[Result ""1/2-1/2""]
[FEN ""rn1qkb1r/ppp1p1pp/3p1n2/5p2/1P6/2N2PPb/P1PPP2P/R1BQKBNR w KQkq - 1 5""]
[SetUp ""1""]
[OpponentElo ""310.12779874667655""]
[Opening ""opening_007""]

5. b5 Nbd7 1/2-1/2",opening_007,rn1qkb1r/ppp1p1pp/3p1n2/5p2/1P6/2N2PPb/P1PPP2P/R1BQKBNR w KQkq - 1 5
55,minic,310.12779874667655,black,1/2-1/2,0.5,10,MAX_PLIES_ADJUDICATION,rn2kb1r/pppqp1pp/3p1n2/5p2/1P6/2N1PPPb/P1PP3P/R1BQKBNR w KQkq - 1 6,Level=0,310,310.12779874667655,1,13.314425899996422,496,0.00018679630011320114,"[Event ""?""]
[Site ""?""]
[Date ""????.??.??""]
[Round ""?""]
[White ""minic""]
[Black ""MaleCNS-RD""]
[Result ""1/2-1/2""]
[FEN ""rn1qkb1r/ppp1p1pp/3p1n2/5p2/1P6/2N2PPb/P1PPP2P/R1BQKBNR w KQkq - 1 5""]
[SetUp ""1""]
[OpponentElo ""310.12779874667655""]
[Opening ""opening_007""]

5. e3 Qd7 1/2-1/2",opening_007,rn1qkb1r/ppp1p1pp/3p1n2/5p2/1P6/2N2PPb/P1PPP2P/R1BQKBNR w KQkq - 1 5
56,minic,310.12779874667655,white,1/2-1/2,0.5,10,MAX_PLIES_ADJUDICATION,1rbq1bnr/pppkpppp/8/3p4/4P3/1PN5/P1PP1PPP/R1BQK1NR w KQ - 1 6,Level=0,310,310.12779874667655,1,12.094991100020707,464,6.206333637237549e-05,"[Event ""?""]
[Site ""?""]
[Date ""????.??.??""]
[Round ""?""]
[White ""MaleCNS-RD""]
[Black ""minic""]
[Result ""1/2-1/2""]
[FEN ""r1bq1bnr/pppkpppp/8/3p4/4P3/2N5/PPPP1PPP/R1BQK1NR w KQ - 0 5""]
[SetUp ""1""]
[OpponentElo ""310.12779874667655""]
[Opening ""opening_008""]

5. b3 Rb8 1/2-1/2",opening_008,r1bq1bnr/pppkpppp/8/3p4/4P3/2N5/PPPP1PPP/R1BQK1NR w KQ - 0 5
57,minic,310.12779874667655,black,1/2-1/2,0.5,10,MAX_PLIES_ADJUDICATION,r1b1qbnr/pppkpppp/8/3p4/1P2P3/2N5/P1PP1PPP/R1BQK1NR w KQ - 1 6,Level=0,310,310.12779874667655,1,10.514916400017682,384,0.0012562088668346405,"[Event ""?""]
[Site ""?""]
[Date ""????.??.??""]
[Round ""?""]
[White ""minic""]
[Black ""MaleCNS-RD""]
[Result ""1/2-1/2""]
[FEN ""r1bq1bnr/pppkpppp/8/3p4/4P3/2N5/PPPP1PPP/R1BQK1NR w KQ - 0 5""]
[SetUp ""1""]
[OpponentElo ""310.12779874667655""]
[Opening ""opening_008""]

5. b4 Qe8 1/2-1/2",opening_008,r1bq1bnr/pppkpppp/8/3p4/4P3/2N5/PPPP1PPP/R1BQK1NR w KQ - 0 5
58,minic,310.12779874667655,white,1/2-1/2,0.5,10,MAX_PLIES_ADJUDICATION,rnbq1bnr/p2pkp1p/1pp3p1/4p3/8/1P1P2P1/P1PNPP1P/RNBQKB1R w KQ - 0 6,Level=0,310,310.12779874667655,1,12.15466539998306,368,6.067659705877304e-05,"[Event ""?""]
[Site ""?""]
[Date ""????.??.??""]
[Round ""?""]
[White ""MaleCNS-RD""]
[Black ""minic""]
[Result ""1/2-1/2""]
[FEN ""rnbq1bnr/p1ppkp1p/1p4p1/4p3/8/3P2P1/PPPNPP1P/RNBQKB1R w KQ - 2 5""]
[SetUp ""1""]
[OpponentElo ""310.12779874667655""]
[Opening ""opening_009""]

5. b3 c6 1/2-1/2",opening_009,rnbq1bnr/p1ppkp1p/1p4p1/4p3/8/3P2P1/PPPNPP1P/RNBQKB1R w KQ - 2 5
59,minic,310.12779874667655,black,1/2-1/2,0.5,10,MAX_PLIES_ADJUDICATION,rnbq1bnr/p1ppkp1p/1p4p1/8/4p3/3P1NP1/PPP1PP1P/RNBQKB1R w KQ - 0 6,Level=0,310,310.12779874667655,1,13.249068000004627,416,0.0056749070063233376,"[Event ""?""]
[Site ""?""]
[Date ""????.??.??""]
[Round ""?""]
[White ""minic""]
[Black ""MaleCNS-RD""]
[Result ""1/2-1/2""]
[FEN ""rnbq1bnr/p1ppkp1p/1p4p1/4p3/8/3P2P1/PPPNPP1P/RNBQKB1R w KQ - 2 5""]
[SetUp ""1""]
[OpponentElo ""310.12779874667655""]
[Opening ""opening_009""]

5. Nf3 e4 1/2-1/2",opening_009,rnbq1bnr/p1ppkp1p/1p4p1/4p3/8/3P2P1/PPPNPP1P/RNBQKB1R w KQ - 2 5
60,minic,310.12779874667655,white,1/2-1/2,0.5,10,MAX_PLIES_ADJUDICATION,rn1qkbnr/1pp1ppp1/p6p/3p4/2P1bP2/PP5N/3PP1PP/RNBQKB1R w KQkq - 1 6,Level=0,310,310.12779874667655,1,11.225758899992798,336,6.20521605014801e-05,"[Event ""?""]
[Site ""?""]
[Date ""????.??.??""]
[Round ""?""]
[White ""MaleCNS-RD""]
[Black ""minic""]
[Result ""1/2-1/2""]
[FEN ""rn1qkbnr/1pp1ppp1/p6p/3p1b2/2P2P2/P6N/1P1PP1PP/RNBQKB1R w KQkq - 0 5""]
[SetUp ""1""]
[OpponentElo ""310.12779874667655""]
[Opening ""opening_010""]

5. b3 Be4 1/2-1/2",opening_010,rn1qkbnr/1pp1ppp1/p6p/3p1b2/2P2P2/P6N/1P1PP1PP/RNBQKB1R w KQkq - 0 5
61,minic,310.12779874667655,black,1/2-1/2,0.5,10,MAX_PLIES_ADJUDICATION,1n1qkbnr/rpp1ppp1/p6p/2Pp1b2/5P2/P6N/1P1PP1PP/RNBQKB1R w KQk - 1 6,Level=0,310,310.12779874667655,1,12.929264799982775,496,0.004074437543749809,"[Event ""?""]
[Site ""?""]
[Date ""????.??.??""]
[Round ""?""]
[White ""minic""]
[Black ""MaleCNS-RD""]
[Result ""1/2-1/2""]
[FEN ""rn1qkbnr/1pp1ppp1/p6p/3p1b2/2P2P2/P6N/1P1PP1PP/RNBQKB1R w KQkq - 0 5""]
[SetUp ""1""]
[OpponentElo ""310.12779874667655""]
[Opening ""opening_010""]

5. c5 Ra7 1/2-1/2",opening_010,rn1qkbnr/1pp1ppp1/p6p/3p1b2/2P2P2/P6N/1P1PP1PP/RNBQKB1R w KQkq - 0 5
62,minic,310.12779874667655,white,1/2-1/2,0.5,10,MAX_PLIES_ADJUDICATION,r1bqkb1r/pp1p2pp/n1p1p2n/5p2/P2P1B2/1P6/2P1PPPP/RN1QKBNR w KQkq - 1 6,Level=0,310,310.12779874667655,1,13.792528999969363,544,6.0927122831344604e-05,"[Event ""?""]
[Site ""?""]
[Date ""????.??.??""]
[Round ""?""]
[White ""MaleCNS-RD""]
[Black ""minic""]
[Result ""1/2-1/2""]
[FEN ""r1bqkbnr/pp1p2pp/n1p1p3/5p2/P2P1B2/8/1PP1PPPP/RN1QKBNR w KQkq - 0 5""]
[SetUp ""1""]
[OpponentElo ""310.12779874667655""]
[Opening ""opening_011""]

5. b3 Nh6 1/2-1/2",opening_011,r1bqkbnr/pp1p2pp/n1p1p3/5p2/P2P1B2/8/1PP1PPPP/RN1QKBNR w KQkq - 0 5
63,minic,310.12779874667655,black,1/2-1/2,0.5,10,MAX_PLIES_ADJUDICATION,r1b1kbnr/pp1pq1pp/n1p1p3/5p2/P2P1B2/1P6/2P1PPPP/RN1QKBNR w KQkq - 1 6,Level=0,310,310.12779874667655,1,12.843453000008594,512,0.003868460189551115,"[Event ""?""]
[Site ""?""]
[Date ""????.??.??""]
[Round ""?""]
[White ""minic""]
[Black ""MaleCNS-RD""]
[Result ""1/2-1/2""]
[FEN ""r1bqkbnr/pp1p2pp/n1p1p3/5p2/P2P1B2/8/1PP1PPPP/RN1QKBNR w KQkq - 0 5""]
[SetUp ""1""]
[OpponentElo ""310.12779874667655""]
[Opening ""opening_011""]

5. b3 Qe7 1/2-1/2",opening_011,r1bqkbnr/pp1p2pp/n1p1p3/5p2/P2P1B2/8/1PP1PPPP/RN1QKBNR w KQkq - 0 5
64,minic,310.12779874667655,white,1/2-1/2,0.5,10,MAX_PLIES_ADJUDICATION,r1bqkbnr/pppppp2/8/6pp/Q1P3P1/1P1P4/P2P1P1P/RNB1KBNR w KQkq - 0 6,Level=0,310,310.12779874667655,1,1.9181956000393257,32,0.001129799522459507,"[Event ""?""]
[Site ""?""]
[Date ""????.??.??""]
[Round ""?""]
[White ""MaleCNS-RD""]
[Black ""minic""]
[Result ""1/2-1/2""]
[FEN ""r1bqkbnr/ppppppp1/8/7p/Q1P3P1/1P1n4/P2PPP1P/RNB1KBNR w KQkq - 1 5""]
[SetUp ""1""]
[OpponentElo ""310.12779874667655""]
[Opening ""opening_012""]

5. exd3 g5 1/2-1/2",opening_012,r1bqkbnr/ppppppp1/8/7p/Q1P3P1/1P1n4/P2PPP1P/RNB1KBNR w KQkq - 1 5
65,minic,310.12779874667655,black,1/2-1/2,0.5,10,MAX_PLIES_ADJUDICATION,r1bqkbnr/p1ppppp1/8/1p5p/Q1P3P1/1P1n4/P2PPP1P/RNBK1BNR w kq - 0 6,Level=0,310,310.12779874667655,1,12.99499089998426,432,0.00017369724810123444,"[Event ""?""]
[Site ""?""]
[Date ""????.??.??""]
[Round ""?""]
[White ""minic""]
[Black ""MaleCNS-RD""]
[Result ""1/2-1/2""]
[FEN ""r1bqkbnr/ppppppp1/8/7p/Q1P3P1/1P1n4/P2PPP1P/RNB1KBNR w KQkq - 1 5""]
[SetUp ""1""]
[OpponentElo ""310.12779874667655""]
[Opening ""opening_012""]

5. Kd1 b5 1/2-1/2",opening_012,r1bqkbnr/ppppppp1/8/7p/Q1P3P1/1P1n4/P2PPP1P/RNB1KBNR w KQkq - 1 5
66,minic,310.12779874667655,white,1/2-1/2,0.5,10,MAX_PLIES_ADJUDICATION,r1bqkbnr/pppn2pp/4pp2/3p4/8/1PPP4/P3PPPP/RNBQKBNR w KQkq - 1 6,Level=0,310,310.12779874667655,1,12.533138300001156,448,6.089359521865845e-05,"[Event ""?""]
[Site ""?""]
[Date ""????.??.??""]
[Round ""?""]
[White ""MaleCNS-RD""]
[Black ""minic""]
[Result ""1/2-1/2""]
[FEN ""rnbqkbnr/ppp3pp/4pp2/3p4/8/2PP4/PP2PPPP/RNBQKBNR w KQkq - 0 5""]
[SetUp ""1""]
[OpponentElo ""310.12779874667655""]
[Opening ""opening_013""]

5. b3 Nd7 1/2-1/2",opening_013,rnbqkbnr/ppp3pp/4pp2/3p4/8/2PP4/PP2PPPP/RNBQKBNR w KQkq - 0 5
67,minic,310.12779874667655,black,1/2-1/2,0.5,10,MAX_PLIES_ADJUDICATION,rnb1kbnr/ppp1q1pp/4pp2/3p4/8/2PP4/PP1KPPPP/RNBQ1BNR w kq - 2 6,Level=0,310,310.12779874667655,1,13.292414900031872,480,0.003875242080539465,"[Event ""?""]
[Site ""?""]
[Date ""????.??.??""]
[Round ""?""]
[White ""minic""]
[Black ""MaleCNS-RD""]
[Result ""1/2-1/2""]
[FEN ""rnbqkbnr/ppp3pp/4pp2/3p4/8/2PP4/PP2PPPP/RNBQKBNR w KQkq - 0 5""]
[SetUp ""1""]
[OpponentElo ""310.12779874667655""]
[Opening ""opening_013""]

5. Kd2 Qe7 1/2-1/2",opening_013,rnbqkbnr/ppp3pp/4pp2/3p4/8/2PP4/PP2PPPP/RNBQKBNR w KQkq - 0 5
68,minic,310.12779874667655,white,1/2-1/2,0.5,10,MAX_PLIES_ADJUDICATION,rnbqk1nr/ppp1p2p/6pb/3p4/2P2pPP/PP6/3PPP2/RNBQKBNR w KQkq - 0 6,Level=0,310,310.12779874667655,1,11.811620399996173,352,6.20279461145401e-05,"[Event ""?""]
[Site ""?""]
[Date ""????.??.??""]
[Round ""?""]
[White ""MaleCNS-RD""]
[Black ""minic""]
[Result ""1/2-1/2""]
[FEN ""rnbqk1nr/ppppp2p/6pb/8/2P2pPP/P7/1P1PPP2/RNBQKBNR w KQkq - 0 5""]
[SetUp ""1""]
[OpponentElo ""310.12779874667655""]
[Opening ""opening_014""]

5. b3 d5 1/2-1/2",opening_014,rnbqk1nr/ppppp2p/6pb/8/2P2pPP/P7/1P1PPP2/RNBQKBNR w KQkq - 0 5
69,minic,310.12779874667655,black,1/2-1/2,0.5,10,MAX_PLIES_ADJUDICATION,rnbqk1nr/p1ppp2p/6pb/1p6/2P2pPP/P6B/1P1PPP2/RNBQK1NR w KQkq - 0 6,Level=0,310,310.12779874667655,1,10.346063399978448,320,0.001969035714864731,"[Event ""?""]
[Site ""?""]
[Date ""????.??.??""]
[Round ""?""]
[White ""minic""]
[Black ""MaleCNS-RD""]
[Result ""1/2-1/2""]
[FEN ""rnbqk1nr/ppppp2p/6pb/8/2P2pPP/P7/1P1PPP2/RNBQKBNR w KQkq - 0 5""]
[SetUp ""1""]
[OpponentElo ""310.12779874667655""]
[Opening ""opening_014""]

5. Bh3 b5 1/2-1/2",opening_014,rnbqk1nr/ppppp2p/6pb/8/2P2pPP/P7/1P1PPP2/RNBQKBNR w KQkq - 0 5
70,minic,310.12779874667655,white,1/2-1/2,0.5,10,MAX_PLIES_ADJUDICATION,rnb1kbnr/1ppp1pp1/8/p2Pp2p/4P3/1PN5/P1P2PPq/R1BQKBNR w KQkq - 0 6,Level=0,310,310.12779874667655,1,14.451530399965122,560,6.0861260863021016e-05,"[Event ""?""]
[Site ""?""]
[Date ""????.??.??""]
[Round ""?""]
[White ""MaleCNS-RD""]
[Black ""minic""]
[Result ""1/2-1/2""]
[FEN ""rnb1kbnr/1ppp1pp1/8/p2Pp2p/4P2q/2N5/PPP2PPP/R1BQKBNR w KQkq - 2 5""]
[SetUp ""1""]
[OpponentElo ""310.12779874667655""]
[Opening ""opening_015""]

5. b3 Qxh2 1/2-1/2",opening_015,rnb1kbnr/1ppp1pp1/8/p2Pp2p/4P2q/2N5/PPP2PPP/R1BQKBNR w KQkq - 2 5
71,minic,310.12779874667655,black,1/2-1/2,0.5,10,MAX_PLIES_ADJUDICATION,1nb1kbnr/rppp1pp1/8/p2Pp2p/4P2q/8/PPP1NPPP/R1BQKBNR w KQk - 4 6,Level=0,310,310.12779874667655,1,13.747788699984085,592,0.002328397356905043,"[Event ""?""]
[Site ""?""]
[Date ""????.??.??""]
[Round ""?""]
[White ""minic""]
[Black ""MaleCNS-RD""]
[Result ""1/2-1/2""]
[FEN ""rnb1kbnr/1ppp1pp1/8/p2Pp2p/4P2q/2N5/PPP2PPP/R1BQKBNR w KQkq - 2 5""]
[SetUp ""1""]
[OpponentElo ""310.12779874667655""]
[Opening ""opening_015""]

5. Nce2 Ra7 1/2-1/2",opening_015,rnb1kbnr/1ppp1pp1/8/p2Pp2p/4P2q/2N5/PPP2PPP/R1BQKBNR w KQkq - 2 5
72,minic,310.12779874667655,white,1/2-1/2,0.5,10,MAX_PLIES_ADJUDICATION,rnbqkbnr/p2pppp1/8/1pP4p/5P2/1P6/P1P1PKPP/RNBQ1BNR w kq - 1 6,Level=0,310,310.12779874667655,1,14.978127899987157,512,6.090220995247364e-05,"[Event ""?""]
[Site ""?""]
[Date ""????.??.??""]
[Round ""?""]
[White ""MaleCNS-RD""]
[Black ""minic""]
[Result ""1/2-1/2""]
[FEN ""rn1qkbnr/p2pppp1/b7/1pP4p/5P2/8/PPP1PKPP/RNBQ1BNR w kq - 0 5""]
[SetUp ""1""]
[OpponentElo ""310.12779874667655""]
[Opening ""opening_016""]

5. b3 Bc8 1/2-1/2",opening_016,rn1qkbnr/p2pppp1/b7/1pP4p/5P2/8/PPP1PKPP/RNBQ1BNR w kq - 0 5
73,minic,310.12779874667655,black,1/2-1/2,0.5,10,MAX_PLIES_ADJUDICATION,rn2kbnr/p2pppp1/b7/qpP4p/5P2/2P5/PP2PKPP/RNBQ1BNR w kq - 1 6,Level=0,310,310.12779874667655,1,13.238228899950627,336,0.00013516866602003574,"[Event ""?""]
[Site ""?""]
[Date ""????.??.??""]
[Round ""?""]
[White ""minic""]
[Black ""MaleCNS-RD""]
[Result ""1/2-1/2""]
[FEN ""rn1qkbnr/p2pppp1/b7/1pP4p/5P2/8/PPP1PKPP/RNBQ1BNR w kq - 0 5""]
[SetUp ""1""]
[OpponentElo ""310.12779874667655""]
[Opening ""opening_016""]

5. c3 Qa5 1/2-1/2",opening_016,rn1qkbnr/p2pppp1/b7/1pP4p/5P2/8/PPP1PKPP/RNBQ1BNR w kq - 0 5
74,minic,310.12779874667655,white,1/2-1/2,0.5,10,MAX_PLIES_ADJUDICATION,rnb1kbnr/p1pq2pp/1p1pp3/5pP1/P3P3/1P6/2PP1P1P/RNBQKBNR w KQkq - 1 6,Level=0,310,310.12779874667655,1,14.796645399997942,528,6.182026118040085e-05,"[Event ""?""]
[Site ""?""]
[Date ""????.??.??""]
[Round ""?""]
[White ""MaleCNS-RD""]
[Black ""minic""]
[Result ""1/2-1/2""]
[FEN ""rnbqkbnr/p1p3pp/1p1pp3/5pP1/P3P3/8/1PPP1P1P/RNBQKBNR w KQkq - 0 5""]
[SetUp ""1""]
[OpponentElo ""310.12779874667655""]
[Opening ""opening_017""]

5. b3 Qd7 1/2-1/2",opening_017,rnbqkbnr/p1p3pp/1p1pp3/5pP1/P3P3/8/1PPP1P1P/RNBQKBNR w KQkq - 0 5
75,minic,310.12779874667655,black,1/2-1/2,0.5,10,MAX_PLIES_ADJUDICATION,rnbq1bnr/p1p1k1pp/1p1pp3/5pPQ/P3P3/8/1PPP1P1P/RNB1KBNR w KQ - 2 6,Level=0,310,310.12779874667655,1,2.288810600002762,48,0.00575367733836174,"[Event ""?""]
[Site ""?""]
[Date ""????.??.??""]
[Round ""?""]
[White ""minic""]
[Black ""MaleCNS-RD""]
[Result ""1/2-1/2""]
[FEN ""rnbqkbnr/p1p3pp/1p1pp3/5pP1/P3P3/8/1PPP1P1P/RNBQKBNR w KQkq - 0 5""]
[SetUp ""1""]
[OpponentElo ""310.12779874667655""]
[Opening ""opening_017""]

5. Qh5+ Ke7 1/2-1/2",opening_017,rnbqkbnr/p1p3pp/1p1pp3/5pP1/P3P3/8/1PPP1P1P/RNBQKBNR w KQkq - 0 5
76,minic,310.12779874667655,white,1/2-1/2,0.5,10,MAX_PLIES_ADJUDICATION,rnbqkb1r/pp3ppp/3pp3/2pP1n2/8/1P4PP/P1P1PP2/RNBQKBNR w KQkq c6 0 6,Level=0,310,310.12779874667655,1,12.20645150000928,448,6.086612120270729e-05,"[Event ""?""]
[Site ""?""]
[Date ""????.??.??""]
[Round ""?""]
[White ""MaleCNS-RD""]
[Black ""minic""]
[Result ""1/2-1/2""]
[FEN ""rnbqkb1r/ppp2ppp/3pp3/3P1n2/8/6PP/PPP1PP2/RNBQKBNR w KQkq - 1 5""]
[SetUp ""1""]
[OpponentElo ""310.12779874667655""]
[Opening ""opening_018""]

5. b3 c5 1/2-1/2",opening_018,rnbqkb1r/ppp2ppp/3pp3/3P1n2/8/6PP/PPP1PP2/RNBQKBNR w KQkq - 1 5
77,minic,310.12779874667655,black,1/2-1/2,0.5,10,MAX_PLIES_ADJUDICATION,rnb1kb1r/ppp1qppp/3pp3/3P1n2/8/2N3PP/PPP1PP2/R1BQKBNR w KQkq - 3 6,Level=0,310,310.12779874667655,1,12.025245099968743,512,0.003868499770760536,"[Event ""?""]
[Site ""?""]
[Date ""????.??.??""]
[Round ""?""]
[White ""minic""]
[Black ""MaleCNS-RD""]
[Result ""1/2-1/2""]
[FEN ""rnbqkb1r/ppp2ppp/3pp3/3P1n2/8/6PP/PPP1PP2/RNBQKBNR w KQkq - 1 5""]
[SetUp ""1""]
[OpponentElo ""310.12779874667655""]
[Opening ""opening_018""]

5. Nc3 Qe7 1/2-1/2",opening_018,rnbqkb1r/ppp2ppp/3pp3/3P1n2/8/6PP/PPP1PP2/RNBQKBNR w KQkq - 1 5
78,minic,310.12779874667655,white,1/2-1/2,0.5,10,MAX_PLIES_ADJUDICATION,r1b1kbnr/1pqppp1p/n1p5/p5p1/3P4/1QP3PP/PP2PP2/RNB1KBNR w KQkq - 1 6,Level=0,310,310.12779874667655,1,14.430299800005741,528,0.0013455627486109734,"[Event ""?""]
[Site ""?""]
[Date ""????.??.??""]
[Round ""?""]
[White ""MaleCNS-RD""]
[Black ""minic""]
[Result ""1/2-1/2""]
[FEN ""rnb1kbnr/1pqppp1p/2p5/p5p1/3P4/1QP4P/PP2PPP1/RNB1KBNR w KQkq - 0 5""]
[SetUp ""1""]
[OpponentElo ""310.12779874667655""]
[Opening ""opening_019""]

5. g3 Na6 1/2-1/2",opening_019,rnb1kbnr/1pqppp1p/2p5/p5p1/3P4/1QP4P/PP2PPP1/RNB1KBNR w KQkq - 0 5
79,minic,310.12779874667655,black,1/2-1/2,0.5,10,MAX_PLIES_ADJUDICATION,1nb1kbnr/rpqppp1p/2p5/p5p1/3P1B2/1QP4P/PP2PPP1/RN2KBNR w KQk - 2 6,Level=0,310,310.12779874667655,1,14.39392780000344,432,0.005832138936966658,"[Event ""?""]
[Site ""?""]
[Date ""????.??.??""]
[Round ""?""]
[White ""minic""]
[Black ""MaleCNS-RD""]
[Result ""1/2-1/2""]
[FEN ""rnb1kbnr/1pqppp1p/2p5/p5p1/3P4/1QP4P/PP2PPP1/RNB1KBNR w KQkq - 0 5""]
[SetUp ""1""]
[OpponentElo ""310.12779874667655""]
[Opening ""opening_019""]

5. Bf4 Ra7 1/2-1/2",opening_019,rnb1kbnr/1pqppp1p/2p5/p5p1/3P4/1QP4P/PP2PPP1/RNB1KBNR w KQkq - 0 5
80,minic,310.12779874667655,white,1/2-1/2,0.5,10,MAX_PLIES_ADJUDICATION,rn1qkb1r/2pppp1p/bp3np1/p7/4B3/3PP1P1/PPP2P1P/RNBQK1NR w KQkq - 0 6,Level=0,310,310.12779874667655,1,14.850303299957886,576,0.0009428802877664566,"[Event ""?""]
[Site ""?""]
[Date ""????.??.??""]
[Round ""?""]
[White ""MaleCNS-RD""]
[Black ""minic""]
[Result ""1/2-1/2""]
[FEN ""rn1qkb1r/2pppppp/bp3n2/p7/4B3/3PP3/PPP2PPP/RNBQK1NR w KQkq - 1 5""]
[SetUp ""1""]
[OpponentElo ""310.12779874667655""]
[Opening ""opening_000""]

5. g3 g6 1/2-1/2",opening_000,rn1qkb1r/2pppppp/bp3n2/p7/4B3/3PP3/PPP2PPP/RNBQK1NR w KQkq - 1 5
81,minic,310.12779874667655,black,1/2-1/2,0.5,10,MAX_PLIES_ADJUDICATION,1n1qkb1r/r1pppppp/bp3n2/p7/4B1Q1/3PP3/PPP2PPP/RNB1K1NR w KQk - 3 6,Level=0,310,310.12779874667655,1,12.585407600039616,416,0.004264829680323601,"[Event ""?""]
[Site ""?""]
[Date ""????.??.??""]
[Round ""?""]
[White ""minic""]
[Black ""MaleCNS-RD""]
[Result ""1/2-1/2""]
[FEN ""rn1qkb1r/2pppppp/bp3n2/p7/4B3/3PP3/PPP2PPP/RNBQK1NR w KQkq - 1 5""]
[SetUp ""1""]
[OpponentElo ""310.12779874667655""]
[Opening ""opening_000""]

5. Qg4 Ra7 1/2-1/2",opening_000,rn1qkb1r/2pppppp/bp3n2/p7/4B3/3PP3/PPP2PPP/RNBQK1NR w KQkq - 1 5
82,minic,310.12779874667655,white,1/2-1/2,0.5,10,MAX_PLIES_ADJUDICATION,rnbqkbnr/1p2pppp/8/p2p4/2p3P1/NP5P/P1PPPP2/R1BQKBNR w KQkq - 0 6,Level=0,310,310.12779874667655,1,10.509220600011759,304,6.207171827554703e-05,"[Event ""?""]
[Site ""?""]
[Date ""????.??.??""]
[Round ""?""]
[White ""MaleCNS-RD""]
[Black ""minic""]
[Result ""1/2-1/2""]
[FEN ""rnbqkbnr/1p2pppp/8/p1pp4/6P1/N6P/PPPPPP2/R1BQKBNR w KQkq - 0 5""]
[SetUp ""1""]
[OpponentElo ""310.12779874667655""]
[Opening ""opening_001""]

5. b3 c4 1/2-1/2",opening_001,rnbqkbnr/1p2pppp/8/p1pp4/6P1/N6P/PPPPPP2/R1BQKBNR w KQkq - 0 5
83,minic,310.12779874667655,black,1/2-1/2,0.5,10,MAX_PLIES_ADJUDICATION,1nbqkbnr/rp2pppp/8/p1pp4/6P1/N4P1P/PPPPP3/R1BQKBNR w KQk - 1 6,Level=0,310,310.12779874667655,1,13.569407099974342,464,0.004071570001542568,"[Event ""?""]
[Site ""?""]
[Date ""????.??.??""]
[Round ""?""]
[White ""minic""]
[Black ""MaleCNS-RD""]
[Result ""1/2-1/2""]
[FEN ""rnbqkbnr/1p2pppp/8/p1pp4/6P1/N6P/PPPPPP2/R1BQKBNR w KQkq - 0 5""]
[SetUp ""1""]
[OpponentElo ""310.12779874667655""]
[Opening ""opening_001""]

5. f3 Ra7 1/2-1/2",opening_001,rnbqkbnr/1p2pppp/8/p1pp4/6P1/N6P/PPPPPP2/R1BQKBNR w KQkq - 0 5
84,minic,310.12779874667655,white,1/2-1/2,0.5,10,MAX_PLIES_ADJUDICATION,rnb1kbnr/pppp1pqp/6p1/4p3/2P4P/1P3PP1/P2PP3/RNBQKBNR w KQkq - 1 6,Level=0,310,310.12779874667655,1,11.35489509999752,352,0.001354600302875042,"[Event ""?""]
[Site ""?""]
[Date ""????.??.??""]
[Round ""?""]
[White ""MaleCNS-RD""]
[Black ""minic""]
[Result ""1/2-1/2""]
[FEN ""rnb1kbnr/pppp1p1p/5qp1/4p3/7P/1P3PP1/P1PPP3/RNBQKBNR w KQkq - 0 5""]
[SetUp ""1""]
[OpponentElo ""310.12779874667655""]
[Opening ""opening_002""]

5. c4 Qg7 1/2-1/2",opening_002,rnb1kbnr/pppp1p1p/5qp1/4p3/7P/1P3PP1/P1PPP3/RNBQKBNR w KQkq - 0 5
85,minic,310.12779874667655,black,1/2-1/2,0.5,10,MAX_PLIES_ADJUDICATION,rnb1kbnr/pppp1p1p/5qp1/8/2P1p2P/1P3PP1/P2PP3/RNBQKBNR w KQkq - 0 6,Level=0,310,310.12779874667655,1,21.423187000036705,608,0.003288350999355316,"[Event ""?""]
[Site ""?""]
[Date ""????.??.??""]
[Round ""?""]
[White ""minic""]
[Black ""MaleCNS-RD""]
[Result ""1/2-1/2""]
[FEN ""rnb1kbnr/pppp1p1p/5qp1/4p3/7P/1P3PP1/P1PPP3/RNBQKBNR w KQkq - 0 5""]
[SetUp ""1""]
[OpponentElo ""310.12779874667655""]
[Opening ""opening_002""]

5. c4 e4 1/2-1/2",opening_002,rnb1kbnr/pppp1p1p/5qp1/4p3/7P/1P3PP1/P1PPP3/RNBQKBNR w KQkq - 0 5
86,minic,310.12779874667655,white,1/2-1/2,0.5,10,MAX_PLIES_ADJUDICATION,r1bqk1nr/1ppp1ppp/1bn1p3/p7/P7/1PP2P1P/3PP1P1/RNBQKBNR w KQkq - 1 6,Level=0,310,310.12779874667655,1,9.111173400015105,272,6.207358092069626e-05,"[Event ""?""]
[Site ""?""]
[Date ""????.??.??""]
[Round ""?""]
[White ""MaleCNS-RD""]
[Black ""minic""]
[Result ""1/2-1/2""]
[FEN ""rnbqk1nr/1ppp1ppp/1b2p3/p7/P7/2P2P1P/1P1PP1P1/RNBQKBNR w KQkq - 1 5""]
[SetUp ""1""]
[OpponentElo ""310.12779874667655""]
[Opening ""opening_003""]

5. b3 Nc6 1/2-1/2",opening_003,rnbqk1nr/1ppp1ppp/1b2p3/p7/P7/2P2P1P/1P1PP1P1/RNBQKBNR w KQkq - 1 5
87,minic,310.12779874667655,black,1/2-1/2,0.5,10,MAX_PLIES_ADJUDICATION,rnb1k1nr/1pppqppp/1b2p3/p7/P7/2P2P1P/1P1PP1PR/RNBQKBN1 w Qkq - 3 6,Level=0,310,310.12779874667655,1,14.280349999957252,480,0.0015117134898900986,"[Event ""?""]
[Site ""?""]
[Date ""????.??.??""]
[Round ""?""]
[White ""minic""]
[Black ""MaleCNS-RD""]
[Result ""1/2-1/2""]
[FEN ""rnbqk1nr/1ppp1ppp/1b2p3/p7/P7/2P2P1P/1P1PP1P1/RNBQKBNR w KQkq - 1 5""]
[SetUp ""1""]
[OpponentElo ""310.12779874667655""]
[Opening ""opening_003""]

5. Rh2 Qe7 1/2-1/2",opening_003,rnbqk1nr/1ppp1ppp/1b2p3/p7/P7/2P2P1P/1P1PP1P1/RNBQKBNR w KQkq - 1 5
88,minic,310.12779874667655,white,1/2-1/2,0.5,10,MAX_PLIES_ADJUDICATION,rn1qkbnr/1bppp1p1/1p3p2/p6p/2P5/4P1PP/PP1PKP2/RNBQ1BNR w kq - 1 6,Level=0,310,310.12779874667655,1,12.26464239996858,384,0.0009284541010856628,"[Event ""?""]
[Site ""?""]
[Date ""????.??.??""]
[Round ""?""]
[White ""MaleCNS-RD""]
[Black ""minic""]
[Result ""1/2-1/2""]
[FEN ""rnbqkbnr/2ppp1p1/1p3p2/p6p/2P5/4P2P/PP1PKPP1/RNBQ1BNR w kq - 0 5""]
[SetUp ""1""]
[OpponentElo ""310.12779874667655""]
[Opening ""opening_004""]

5. g3 Bb7 1/2-1/2",opening_004,rnbqkbnr/2ppp1p1/1p3p2/p6p/2P5/4P2P/PP1PKPP1/RNBQ1BNR w kq - 0 5
89,minic,310.12779874667655,black,1/2-1/2,0.5,10,MAX_PLIES_ADJUDICATION,1nbqkbnr/r1ppp1p1/1p3p2/p6p/2PP4/4P2P/PP2KPP1/RNBQ1BNR w k - 1 6,Level=0,310,310.12779874667655,1,10.699594900012016,352,0.005552702583372593,"[Event ""?""]
[Site ""?""]
[Date ""????.??.??""]
[Round ""?""]
[White ""minic""]
[Black ""MaleCNS-RD""]
[Result ""1/2-1/2""]
[FEN ""rnbqkbnr/2ppp1p1/1p3p2/p6p/2P5/4P2P/PP1PKPP1/RNBQ1BNR w kq - 0 5""]
[SetUp ""1""]
[OpponentElo ""310.12779874667655""]
[Opening ""opening_004""]

5. d4 Ra7 1/2-1/2",opening_004,rnbqkbnr/2ppp1p1/1p3p2/p6p/2P5/4P2P/PP1PKPP1/RNBQ1BNR w kq - 0 5
90,minic,310.12779874667655,white,1/2-1/2,0.5,10,MAX_PLIES_ADJUDICATION,r1bqkbr1/ppp1pppp/3p1n2/8/1nB1P3/1PP3P1/P2P1P1P/RNBQK1NR w KQq - 1 6,Level=0,310,310.12779874667655,1,13.304549299995415,528,0.0013455897569656372,"[Event ""?""]
[Site ""?""]
[Date ""????.??.??""]
[Round ""?""]
[White ""MaleCNS-RD""]
[Black ""minic""]
[Result ""1/2-1/2""]
[FEN ""r1bqkb1r/ppp1pppp/3p1n2/8/1nB1P3/1PP5/P2P1PPP/RNBQK1NR w KQkq - 2 5""]
[SetUp ""1""]
[OpponentElo ""310.12779874667655""]
[Opening ""opening_005""]

5. g3 Rg8 1/2-1/2",opening_005,r1bqkb1r/ppp1pppp/3p1n2/8/1nB1P3/1PP5/P2P1PPP/RNBQK1NR w KQkq - 2 5
91,minic,310.12779874667655,black,1/2-1/2,0.5,10,MAX_PLIES_ADJUDICATION,r1bqkb1r/ppp1pppp/B2p1n2/8/4P3/1PP5/n2P1PPP/RNBQK1NR w KQkq - 0 6,Level=0,310,310.12779874667655,1,16.557752400054596,528,0.00022037699818611145,"[Event ""?""]
[Site ""?""]
[Date ""????.??.??""]
[Round ""?""]
[White ""minic""]
[Black ""MaleCNS-RD""]
[Result ""1/2-1/2""]
[FEN ""r1bqkb1r/ppp1pppp/3p1n2/8/1nB1P3/1PP5/P2P1PPP/RNBQK1NR w KQkq - 2 5""]
[SetUp ""1""]
[OpponentElo ""310.12779874667655""]
[Opening ""opening_005""]

5. Ba6 Nxa2 1/2-1/2",opening_005,r1bqkb1r/ppp1pppp/3p1n2/8/1nB1P3/1PP5/P2P1PPP/RNBQK1NR w KQkq - 2 5
92,minic,310.12779874667655,white,1/2-1/2,0.5,10,MAX_PLIES_ADJUDICATION,r1b1k1nr/pppp1ppp/n3p3/6q1/8/P2P2P1/2PbPP1P/R1BQKBNR w KQkq - 0 6,Level=0,310,310.12779874667655,1,10.310480899992399,288,0.0013456041924655437,"[Event ""?""]
[Site ""?""]
[Date ""????.??.??""]
[Round ""?""]
[White ""MaleCNS-RD""]
[Black ""minic""]
[Result ""1/2-1/2""]
[FEN ""r1b1k1nr/pppp1ppp/n3p3/6q1/1b6/P2P4/2PNPPPP/R1BQKBNR w KQkq - 0 5""]
[SetUp ""1""]
[OpponentElo ""310.12779874667655""]
[Opening ""opening_006""]

5. g3 Bxd2+ 1/2-1/2",opening_006,r1b1k1nr/pppp1ppp/n3p3/6q1/1b6/P2P4/2PNPPPP/R1BQKBNR w KQkq - 0 5
93,minic,310.12779874667655,black,1/2-1/2,0.5,10,MAX_PLIES_ADJUDICATION,r1b1k1nr/ppppbppp/n3p3/6q1/4P3/P2P4/2PN1PPP/R1BQKBNR w KQkq - 1 6,Level=0,310,310.12779874667655,1,22.975065700011328,768,0.004598219878971577,"[Event ""?""]
[Site ""?""]
[Date ""????.??.??""]
[Round ""?""]
[White ""minic""]
[Black ""MaleCNS-RD""]
[Result ""1/2-1/2""]
[FEN ""r1b1k1nr/pppp1ppp/n3p3/6q1/1b6/P2P4/2PNPPPP/R1BQKBNR w KQkq - 0 5""]
[SetUp ""1""]
[OpponentElo ""310.12779874667655""]
[Opening ""opening_006""]

5. e4 Be7 1/2-1/2",opening_006,r1b1k1nr/pppp1ppp/n3p3/6q1/1b6/P2P4/2PNPPPP/R1BQKBNR w KQkq - 0 5
94,minic,310.12779874667655,white,1/2-1/2,0.5,10,MAX_PLIES_ADJUDICATION,rn1qkb1r/ppp1p1pp/5n2/1P1p1p2/8/2N2PPb/P1PPP2P/R1BQKBNR w KQkq - 0 6,Level=0,310,310.12779874667655,1,10.861899100011215,336,0.007726308889687061,"[Event ""?""]
[Site ""?""]
[Date ""????.??.??""]
[Round ""?""]
[White ""MaleCNS-RD""]
[Black ""minic""]
[Result ""1/2-1/2""]
[FEN ""rn1qkb1r/ppp1p1pp/3p1n2/5p2/1P6/2N2PPb/P1PPP2P/R1BQKBNR w KQkq - 1 5""]
[SetUp ""1""]
[OpponentElo ""310.12779874667655""]
[Opening ""opening_007""]

5. b5 d5 1/2-1/2",opening_007,rn1qkb1r/ppp1p1pp/3p1n2/5p2/1P6/2N2PPb/P1PPP2P/R1BQKBNR w KQkq - 1 5
95,minic,310.12779874667655,black,1/2-1/2,0.5,10,MAX_PLIES_ADJUDICATION,rn2kb1r/pppqp1pp/3p1n2/5p2/1P6/2N2PPb/P1PPP2P/1RBQKBNR w Kkq - 3 6,Level=0,310,310.12779874667655,1,13.125701499986462,496,0.00018678419291973114,"[Event ""?""]
[Site ""?""]
[Date ""????.??.??""]
[Round ""?""]
[White ""minic""]
[Black ""MaleCNS-RD""]
[Result ""1/2-1/2""]
[FEN ""rn1qkb1r/ppp1p1pp/3p1n2/5p2/1P6/2N2PPb/P1PPP2P/R1BQKBNR w KQkq - 1 5""]
[SetUp ""1""]
[OpponentElo ""310.12779874667655""]
[Opening ""opening_007""]

5. Rb1 Qd7 1/2-1/2",opening_007,rn1qkb1r/ppp1p1pp/3p1n2/5p2/1P6/2N2PPb/P1PPP2P/R1BQKBNR w KQkq - 1 5
96,minic,310.12779874667655,white,1/2-1/2,0.5,10,MAX_PLIES_ADJUDICATION,r1bq1bnr/1ppkpppp/p7/3p4/4P3/1PN5/P1PP1PPP/R1BQK1NR w KQ - 0 6,Level=0,310,310.12779874667655,1,12.005661000031978,464,6.206333637237549e-05,"[Event ""?""]
[Site ""?""]
[Date ""????.??.??""]
[Round ""?""]
[White ""MaleCNS-RD""]
[Black ""minic""]
[Result ""1/2-1/2""]
[FEN ""r1bq1bnr/pppkpppp/8/3p4/4P3/2N5/PPPP1PPP/R1BQK1NR w KQ - 0 5""]
[SetUp ""1""]
[OpponentElo ""310.12779874667655""]
[Opening ""opening_008""]

5. b3 a6 1/2-1/2",opening_008,r1bq1bnr/pppkpppp/8/3p4/4P3/2N5/PPPP1PPP/R1BQK1NR w KQ - 0 5
97,minic,310.12779874667655,black,1/2-1/2,0.5,10,MAX_PLIES_ADJUDICATION,r1b1qbnr/pppkpppp/8/3p4/4P3/2N5/PPPP1PPP/R1BQ1KNR w - - 2 6,Level=0,310,310.12779874667655,1,11.435015499999281,384,0.0012557408772408962,"[Event ""?""]
[Site ""?""]
[Date ""????.??.??""]
[Round ""?""]
[White ""minic""]
[Black ""MaleCNS-RD""]
[Result ""1/2-1/2""]
[FEN ""r1bq1bnr/pppkpppp/8/3p4/4P3/2N5/PPPP1PPP/R1BQK1NR w KQ - 0 5""]
[SetUp ""1""]
[OpponentElo ""310.12779874667655""]
[Opening ""opening_008""]

5. Kf1 Qe8 1/2-1/2",opening_008,r1bq1bnr/pppkpppp/8/3p4/4P3/2N5/PPPP1PPP/R1BQK1NR w KQ - 0 5
98,minic,310.12779874667655,white,1/2-1/2,0.5,10,MAX_PLIES_ADJUDICATION,rnbq1bnr/2ppkp1p/1p4p1/p3p3/8/1P1P2P1/P1PNPP1P/RNBQKB1R w KQ - 0 6,Level=0,310,310.12779874667655,1,12.642197300039697,368,6.067659705877304e-05,"[Event ""?""]
[Site ""?""]
[Date ""????.??.??""]
[Round ""?""]
[White ""MaleCNS-RD""]
[Black ""minic""]
[Result ""1/2-1/2""]
[FEN ""rnbq1bnr/p1ppkp1p/1p4p1/4p3/8/3P2P1/PPPNPP1P/RNBQKB1R w KQ - 2 5""]
[SetUp ""1""]
[OpponentElo ""310.12779874667655""]
[Opening ""opening_009""]

5. b3 a5 1/2-1/2",opening_009,rnbq1bnr/p1ppkp1p/1p4p1/4p3/8/3P2P1/PPPNPP1P/RNBQKB1R w KQ - 2 5
99,minic,310.12779874667655,black,1/2-1/2,0.5,10,MAX_PLIES_ADJUDICATION,rnbq1bnr/p1ppkp1p/1p4p1/8/2P1p3/3P2P1/PP1NPP1P/RNBQKB1R w KQ - 0 6,Level=0,310,310.12779874667655,1,12.453913300007116,416,0.005669514648616314,"[Event ""?""]
[Site ""?""]
[Date ""????.??.??""]
[Round ""?""]
[White ""minic""]
[Black ""MaleCNS-RD""]
[Result ""1/2-1/2""]
[FEN ""rnbq1bnr/p1ppkp1p/1p4p1/4p3/8/3P2P1/PPPNPP1P/RNBQKB1R w KQ - 2 5""]
[SetUp ""1""]
[OpponentElo ""310.12779874667655""]
[Opening ""opening_009""]

5. c4 e4 1/2-1/2",opening_009,rnbq1bnr/p1ppkp1p/1p4p1/4p3/8/3P2P1/PPPNPP1P/RNBQKB1R w KQ - 2 5
100,minic,310.12779874667655,white,1/2-1/2,0.5,10,MAX_PLIES_ADJUDICATION,rn1qkbnr/1pp1ppp1/p6p/3p4/2P2P2/PP5N/3PP1PP/RbBQKB1R w KQkq - 0 6,Level=0,310,310.12779874667655,1,10.887640499975532,336,6.20521605014801e-05,"[Event ""?""]
[Site ""?""]
[Date ""????.??.??""]
[Round ""?""]
[White ""MaleCNS-RD""]
[Black ""minic""]
[Result ""1/2-1/2""]
[FEN ""rn1qkbnr/1pp1ppp1/p6p/3p1b2/2P2P2/P6N/1P1PP1PP/RNBQKB1R w KQkq - 0 5""]
[SetUp ""1""]
[OpponentElo ""310.12779874667655""]
[Opening ""opening_010""]

5. b3 Bxb1 1/2-1/2",opening_010,rn1qkbnr/1pp1ppp1/p6p/3p1b2/2P2P2/P6N/1P1PP1PP/RNBQKB1R w KQkq - 0 5
101,minic,310.12779874667655,black,1/2-1/2,0.5,10,MAX_PLIES_ADJUDICATION,1n1qkbnr/rpp1ppp1/p6p/3p1bN1/2P2P2/P7/1P1PP1PP/RNBQKB1R w KQk - 2 6,Level=0,310,310.12779874667655,1,14.654003100004047,528,0.004071827977895737,"[Event ""?""]
[Site ""?""]
[Date ""????.??.??""]
[Round ""?""]
[White ""minic""]
[Black ""MaleCNS-RD""]
[Result ""1/2-1/2""]
[FEN ""rn1qkbnr/1pp1ppp1/p6p/3p1b2/2P2P2/P6N/1P1PP1PP/RNBQKB1R w KQkq - 0 5""]
[SetUp ""1""]
[OpponentElo ""310.12779874667655""]
[Opening ""opening_010""]

5. Ng5 Ra7 1/2-1/2",opening_010,rn1qkbnr/1pp1ppp1/p6p/3p1b2/2P2P2/P6N/1P1PP1PP/RNBQKB1R w KQkq - 0 5
102,minic,310.12779874667655,white,1/2-1/2,0.5,10,MAX_PLIES_ADJUDICATION,r1bqk1nr/pp1p2pp/n1pbp3/5p2/P2P1B2/1P6/2P1PPPP/RN1QKBNR w KQkq - 1 6,Level=0,310,310.12779874667655,1,14.430086399952415,544,6.0927122831344604e-05,"[Event ""?""]
[Site ""?""]
[Date ""????.??.??""]
[Round ""?""]
[White ""MaleCNS-RD""]
[Black ""minic""]
[Result ""1/2-1/2""]
[FEN ""r1bqkbnr/pp1p2pp/n1p1p3/5p2/P2P1B2/8/1PP1PPPP/RN1QKBNR w KQkq - 0 5""]
[SetUp ""1""]
[OpponentElo ""310.12779874667655""]
[Opening ""opening_011""]

5. b3 Bd6 1/2-1/2",opening_011,r1bqkbnr/pp1p2pp/n1p1p3/5p2/P2P1B2/8/1PP1PPPP/RN1QKBNR w KQkq - 0 5
103,minic,310.12779874667655,black,1/2-1/2,0.5,10,MAX_PLIES_ADJUDICATION,r1b1kbnr/pp1pq1pp/n1p1p3/5p2/P2P1B2/N7/1PP1PPPP/R2QKBNR w KQkq - 2 6,Level=0,310,310.12779874667655,1,13.587003300024662,512,0.003868455532938242,"[Event ""?""]
[Site ""?""]
[Date ""????.??.??""]
[Round ""?""]
[White ""minic""]
[Black ""MaleCNS-RD""]
[Result ""1/2-1/2""]
[FEN ""r1bqkbnr/pp1p2pp/n1p1p3/5p2/P2P1B2/8/1PP1PPPP/RN1QKBNR w KQkq - 0 5""]
[SetUp ""1""]
[OpponentElo ""310.12779874667655""]
[Opening ""opening_011""]

5. Na3 Qe7 1/2-1/2",opening_011,r1bqkbnr/pp1p2pp/n1p1p3/5p2/P2P1B2/8/1PP1PPPP/RN1QKBNR w KQkq - 0 5
104,minic,310.12779874667655,white,1/2-1/2,0.5,10,MAX_PLIES_ADJUDICATION,r1bqkbnr/1pppppp1/8/p6p/Q1P3P1/1P1P4/P2P1P1P/RNB1KBNR w KQkq - 0 6,Level=0,310,310.12779874667655,1,1.6730639999732375,32,0.001129799522459507,"[Event ""?""]
[Site ""?""]
[Date ""????.??.??""]
[Round ""?""]
[White ""MaleCNS-RD""]
[Black ""minic""]
[Result ""1/2-1/2""]
[FEN ""r1bqkbnr/ppppppp1/8/7p/Q1P3P1/1P1n4/P2PPP1P/RNB1KBNR w KQkq - 1 5""]
[SetUp ""1""]
[OpponentElo ""310.12779874667655""]
[Opening ""opening_012""]

5. exd3 a5 1/2-1/2",opening_012,r1bqkbnr/ppppppp1/8/7p/Q1P3P1/1P1n4/P2PPP1P/RNB1KBNR w KQkq - 1 5
105,minic,310.12779874667655,black,1/2-1/2,0.5,10,MAX_PLIES_ADJUDICATION,r1bqkbnr/p1ppppp1/8/1p5p/Q1P3P1/1P1P4/P2P1P1P/RNB1KBNR w KQkq - 0 6,Level=0,310,310.12779874667655,1,11.036268899973948,304,0.0010873572900891304,"[Event ""?""]
[Site ""?""]
[Date ""????.??.??""]
[Round ""?""]
[White ""minic""]
[Black ""MaleCNS-RD""]
[Result ""1/2-1/2""]
[FEN ""r1bqkbnr/ppppppp1/8/7p/Q1P3P1/1P1n4/P2PPP1P/RNB1KBNR w KQkq - 1 5""]
[SetUp ""1""]
[OpponentElo ""310.12779874667655""]
[Opening ""opening_012""]

5. exd3 b5 1/2-1/2",opening_012,r1bqkbnr/ppppppp1/8/7p/Q1P3P1/1P1n4/P2PPP1P/RNB1KBNR w KQkq - 1 5
106,minic,310.12779874667655,white,1/2-1/2,0.5,10,MAX_PLIES_ADJUDICATION,rnbq1bnr/ppp1k1pp/4pp2/3p4/8/1PPP4/P3PPPP/RNBQKBNR w KQ - 1 6,Level=0,310,310.12779874667655,1,12.830932700017001,448,6.089359521865845e-05,"[Event ""?""]
[Site ""?""]
[Date ""????.??.??""]
[Round ""?""]
[White ""MaleCNS-RD""]
[Black ""minic""]
[Result ""1/2-1/2""]
[FEN ""rnbqkbnr/ppp3pp/4pp2/3p4/8/2PP4/PP2PPPP/RNBQKBNR w KQkq - 0 5""]
[SetUp ""1""]
[OpponentElo ""310.12779874667655""]
[Opening ""opening_013""]

5. b3 Ke7 1/2-1/2",opening_013,rnbqkbnr/ppp3pp/4pp2/3p4/8/2PP4/PP2PPPP/RNBQKBNR w KQkq - 0 5
107,minic,310.12779874667655,black,1/2-1/2,0.5,10,MAX_PLIES_ADJUDICATION,rnb1kbnr/ppp1q1pp/4pp2/3p4/8/2PP4/PP1KPPPP/RNBQ1BNR w kq - 2 6,Level=0,310,310.12779874667655,1,14.36780710000312,480,0.003875242080539465,"[Event ""?""]
[Site ""?""]
[Date ""????.??.??""]
[Round ""?""]
[White ""minic""]
[Black ""MaleCNS-RD""]
[Result ""1/2-1/2""]
[FEN ""rnbqkbnr/ppp3pp/4pp2/3p4/8/2PP4/PP2PPPP/RNBQKBNR w KQkq - 0 5""]
[SetUp ""1""]
[OpponentElo ""310.12779874667655""]
[Opening ""opening_013""]

5. Kd2 Qe7 1/2-1/2",opening_013,rnbqkbnr/ppp3pp/4pp2/3p4/8/2PP4/PP2PPPP/RNBQKBNR w KQkq - 0 5
108,minic,310.12779874667655,white,1/2-1/2,0.5,10,MAX_PLIES_ADJUDICATION,rnbqk2r/ppppp2p/5npb/8/2P2pPP/PP6/3PPP2/RNBQKBNR w KQkq - 1 6,Level=0,310,310.12779874667655,1,11.92301359999692,352,6.20279461145401e-05,"[Event ""?""]
[Site ""?""]
[Date ""????.??.??""]
[Round ""?""]
[White ""MaleCNS-RD""]
[Black ""minic""]
[Result ""1/2-1/2""]
[FEN ""rnbqk1nr/ppppp2p/6pb/8/2P2pPP/P7/1P1PPP2/RNBQKBNR w KQkq - 0 5""]
[SetUp ""1""]
[OpponentElo ""310.12779874667655""]
[Opening ""opening_014""]

5. b3 Nf6 1/2-1/2",opening_014,rnbqk1nr/ppppp2p/6pb/8/2P2pPP/P7/1P1PPP2/RNBQKBNR w KQkq - 0 5
109,minic,310.12779874667655,black,1/2-1/2,0.5,10,MAX_PLIES_ADJUDICATION,rnbqk1nr/p1ppp2p/6pb/1p6/2P2pPP/P7/1PQPPP2/RNB1KBNR w KQkq - 0 6,Level=0,310,310.12779874667655,1,10.794677199970465,320,0.0020027589052915573,"[Event ""?""]
[Site ""?""]
[Date ""????.??.??""]
[Round ""?""]
[White ""minic""]
[Black ""MaleCNS-RD""]
[Result ""1/2-1/2""]
[FEN ""rnbqk1nr/ppppp2p/6pb/8/2P2pPP/P7/1P1PPP2/RNBQKBNR w KQkq - 0 5""]
[SetUp ""1""]
[OpponentElo ""310.12779874667655""]
[Opening ""opening_014""]

5. Qc2 b5 1/2-1/2",opening_014,rnbqk1nr/ppppp2p/6pb/8/2P2pPP/P7/1P1PPP2/RNBQKBNR w KQkq - 0 5
110,minic,310.12779874667655,white,1/2-1/2,0.5,10,MAX_PLIES_ADJUDICATION,rnb1kbnr/1ppp1p2/6p1/p2Pp2p/4P2q/1PN5/P1P2PPP/R1BQKBNR w KQkq - 0 6,Level=0,310,310.12779874667655,1,16.970105000014883,560,6.0861260863021016e-05,"[Event ""?""]
[Site ""?""]
[Date ""????.??.??""]
[Round ""?""]
[White ""MaleCNS-RD""]
[Black ""minic""]
[Result ""1/2-1/2""]
[FEN ""rnb1kbnr/1ppp1pp1/8/p2Pp2p/4P2q/2N5/PPP2PPP/R1BQKBNR w KQkq - 2 5""]
[SetUp ""1""]
[OpponentElo ""310.12779874667655""]
[Opening ""opening_015""]

5. b3 g6 1/2-1/2",opening_015,rnb1kbnr/1ppp1pp1/8/p2Pp2p/4P2q/2N5/PPP2PPP/R1BQKBNR w KQkq - 2 5
111,minic,310.12779874667655,black,1/2-1/2,0.5,10,MAX_PLIES_ADJUDICATION,1nb1kbnr/rppp1pp1/8/p2Pp2p/4P2q/2N4N/PPP2PPP/R1BQKB1R w KQk - 4 6,Level=0,310,310.12779874667655,1,14.451379399979487,576,0.0023313031997531652,"[Event ""?""]
[Site ""?""]
[Date ""????.??.??""]
[Round ""?""]
[White ""minic""]
[Black ""MaleCNS-RD""]
[Result ""1/2-1/2""]
[FEN ""rnb1kbnr/1ppp1pp1/8/p2Pp2p/4P2q/2N5/PPP2PPP/R1BQKBNR w KQkq - 2 5""]
[SetUp ""1""]
[OpponentElo ""310.12779874667655""]
[Opening ""opening_015""]

5. Nh3 Ra7 1/2-1/2",opening_015,rnb1kbnr/1ppp1pp1/8/p2Pp2p/4P2q/2N5/PPP2PPP/R1BQKBNR w KQkq - 2 5
112,minic,310.12779874667655,white,1/2-1/2,0.5,10,MAX_PLIES_ADJUDICATION,rn2kbnr/p2pppp1/b7/qpP4p/5P2/1P6/P1P1PKPP/RNBQ1BNR w kq - 1 6,Level=0,310,310.12779874667655,1,11.905584099993575,512,6.090220995247364e-05,"[Event ""?""]
[Site ""?""]
[Date ""????.??.??""]
[Round ""?""]
[White ""MaleCNS-RD""]
[Black ""minic""]
[Result ""1/2-1/2""]
[FEN ""rn1qkbnr/p2pppp1/b7/1pP4p/5P2/8/PPP1PKPP/RNBQ1BNR w kq - 0 5""]
[SetUp ""1""]
[OpponentElo ""310.12779874667655""]
[Opening ""opening_016""]

5. b3 Qa5 1/2-1/2",opening_016,rn1qkbnr/p2pppp1/b7/1pP4p/5P2/8/PPP1PKPP/RNBQ1BNR w kq - 0 5
113,minic,310.12779874667655,black,1/2-1/2,0.5,10,MAX_PLIES_ADJUDICATION,rn2kbnr/p2pppp1/b1P5/qp5p/5P2/8/PPP1PKPP/RNBQ1BNR w kq - 1 6,Level=0,310,310.12779874667655,1,10.693781499983743,352,0.00013518822379410267,"[Event ""?""]
[Site ""?""]
[Date ""????.??.??""]
[Round ""?""]
[White ""minic""]
[Black ""MaleCNS-RD""]
[Result ""1/2-1/2""]
[FEN ""rn1qkbnr/p2pppp1/b7/1pP4p/5P2/8/PPP1PKPP/RNBQ1BNR w kq - 0 5""]
[SetUp ""1""]
[OpponentElo ""310.12779874667655""]
[Opening ""opening_016""]

5. c6 Qa5 1/2-1/2",opening_016,rn1qkbnr/p2pppp1/b7/1pP4p/5P2/8/PPP1PKPP/RNBQ1BNR w kq - 0 5
114,minic,310.12779874667655,white,1/2-1/2,0.5,10,MAX_PLIES_ADJUDICATION,rnbqkbnr/2p3pp/1p1pp3/p4pP1/P3P3/1P6/2PP1P1P/RNBQKBNR w KQkq - 0 6,Level=0,310,310.12779874667655,1,14.50111700000707,528,6.182026118040085e-05,"[Event ""?""]
[Site ""?""]
[Date ""????.??.??""]
[Round ""?""]
[White ""MaleCNS-RD""]
[Black ""minic""]
[Result ""1/2-1/2""]
[FEN ""rnbqkbnr/p1p3pp/1p1pp3/5pP1/P3P3/8/1PPP1P1P/RNBQKBNR w KQkq - 0 5""]
[SetUp ""1""]
[OpponentElo ""310.12779874667655""]
[Opening ""opening_017""]

5. b3 a5 1/2-1/2",opening_017,rnbqkbnr/p1p3pp/1p1pp3/5pP1/P3P3/8/1PPP1P1P/RNBQKBNR w KQkq - 0 5
115,minic,310.12779874667655,black,1/2-1/2,0.5,10,MAX_PLIES_ADJUDICATION,rnb1kbnr/p1p1q1pp/1p1pp3/5pP1/P3P3/7P/1PPP1P2/RNBQKBNR w KQkq - 1 6,Level=0,310,310.12779874667655,1,13.132148400007281,464,0.003868033178150654,"[Event ""?""]
[Site ""?""]
[Date ""????.??.??""]
[Round ""?""]
[White ""minic""]
[Black ""MaleCNS-RD""]
[Result ""1/2-1/2""]
[FEN ""rnbqkbnr/p1p3pp/1p1pp3/5pP1/P3P3/8/1PPP1P1P/RNBQKBNR w KQkq - 0 5""]
[SetUp ""1""]
[OpponentElo ""310.12779874667655""]
[Opening ""opening_017""]

5. h3 Qe7 1/2-1/2",opening_017,rnbqkbnr/p1p3pp/1p1pp3/5pP1/P3P3/8/1PPP1P1P/RNBQKBNR w KQkq - 0 5
116,minic,310.12779874667655,white,1/2-1/2,0.5,10,MAX_PLIES_ADJUDICATION,rnbqkb1r/pp3ppp/2ppp3/3P1n2/8/1P4PP/P1P1PP2/RNBQKBNR w KQkq - 0 6,Level=0,310,310.12779874667655,1,13.01745749998372,448,6.086612120270729e-05,"[Event ""?""]
[Site ""?""]
[Date ""????.??.??""]
[Round ""?""]
[White ""MaleCNS-RD""]
[Black ""minic""]
[Result ""1/2-1/2""]
[FEN ""rnbqkb1r/ppp2ppp/3pp3/3P1n2/8/6PP/PPP1PP2/RNBQKBNR w KQkq - 1 5""]
[SetUp ""1""]
[OpponentElo ""310.12779874667655""]
[Opening ""opening_018""]

5. b3 c6 1/2-1/2",opening_018,rnbqkb1r/ppp2ppp/3pp3/3P1n2/8/6PP/PPP1PP2/RNBQKBNR w KQkq - 1 5
117,minic,310.12779874667655,black,1/2-1/2,0.5,10,MAX_PLIES_ADJUDICATION,rnb1kb1r/ppp1qppp/3pp3/3P1n2/5P2/6PP/PPP1P3/RNBQKBNR w KQkq - 1 6,Level=0,310,310.12779874667655,1,12.000657399999909,512,0.0038685044273734093,"[Event ""?""]
[Site ""?""]
[Date ""????.??.??""]
[Round ""?""]
[White ""minic""]
[Black ""MaleCNS-RD""]
[Result ""1/2-1/2""]
[FEN ""rnbqkb1r/ppp2ppp/3pp3/3P1n2/8/6PP/PPP1PP2/RNBQKBNR w KQkq - 1 5""]
[SetUp ""1""]
[OpponentElo ""310.12779874667655""]
[Opening ""opening_018""]

5. f4 Qe7 1/2-1/2",opening_018,rnbqkb1r/ppp2ppp/3pp3/3P1n2/8/6PP/PPP1PP2/RNBQKBNR w KQkq - 1 5
118,minic,310.12779874667655,white,1/2-1/2,0.5,10,MAX_PLIES_ADJUDICATION,rnb1kbnr/1pqppp1p/2p5/p7/3P2p1/1QP3PP/PP2PP2/RNB1KBNR w KQkq - 0 6,Level=0,310,310.12779874667655,1,13.496683100005612,528,0.0013455627486109734,"[Event ""?""]
[Site ""?""]
[Date ""????.??.??""]
[Round ""?""]
[White ""MaleCNS-RD""]
[Black ""minic""]
[Result ""1/2-1/2""]
[FEN ""rnb1kbnr/1pqppp1p/2p5/p5p1/3P4/1QP4P/PP2PPP1/RNB1KBNR w KQkq - 0 5""]
[SetUp ""1""]
[OpponentElo ""310.12779874667655""]
[Opening ""opening_019""]

5. g3 g4 1/2-1/2",opening_019,rnb1kbnr/1pqppp1p/2p5/p5p1/3P4/1QP4P/PP2PPP1/RNB1KBNR w KQkq - 0 5
119,minic,310.12779874667655,black,1/2-1/2,0.5,10,MAX_PLIES_ADJUDICATION,1nb1kbnr/rpqppp1p/2p5/p5p1/2QP4/2P4P/PP2PPP1/RNB1KBNR w KQk - 2 6,Level=0,310,310.12779874667655,1,12.758340500004124,448,0.005832132417708635,"[Event ""?""]
[Site ""?""]
[Date ""????.??.??""]
[Round ""?""]
[White ""minic""]
[Black ""MaleCNS-RD""]
[Result ""1/2-1/2""]
[FEN ""rnb1kbnr/1pqppp1p/2p5/p5p1/3P4/1QP4P/PP2PPP1/RNB1KBNR w KQkq - 0 5""]
[SetUp ""1""]
[OpponentElo ""310.12779874667655""]
[Opening ""opening_019""]

5. Qc4 Ra7 1/2-1/2",opening_019,rnb1kbnr/1pqppp1p/2p5/p5p1/3P4/1QP4P/PP2PPP1/RNB1KBNR w KQkq - 0 5
120,minic,310.12779874667655,white,1/2-1/2,0.5,10,MAX_PLIES_ADJUDICATION,rn1qkb1r/2p1pppp/bp3n2/p2p4/4B3/3PP1P1/PPP2P1P/RNBQK1NR w KQkq - 0 6,Level=0,310,310.12779874667655,1,14.696573599998374,576,0.0009428802877664566,"[Event ""?""]
[Site ""?""]
[Date ""????.??.??""]
[Round ""?""]
[White ""MaleCNS-RD""]
[Black ""minic""]
[Result ""1/2-1/2""]
[FEN ""rn1qkb1r/2pppppp/bp3n2/p7/4B3/3PP3/PPP2PPP/RNBQK1NR w KQkq - 1 5""]
[SetUp ""1""]
[OpponentElo ""310.12779874667655""]
[Opening ""opening_000""]

5. g3 d5 1/2-1/2",opening_000,rn1qkb1r/2pppppp/bp3n2/p7/4B3/3PP3/PPP2PPP/RNBQK1NR w KQkq - 1 5
121,minic,310.12779874667655,black,1/2-1/2,0.5,10,MAX_PLIES_ADJUDICATION,1n1qkb1r/r1pppppp/bp3n2/p7/4B3/3PP2N/PPP2PPP/RNBQK2R w KQk - 3 6,Level=0,310,310.12779874667655,1,12.405717500019819,416,0.004268020391464233,"[Event ""?""]
[Site ""?""]
[Date ""????.??.??""]
[Round ""?""]
[White ""minic""]
[Black ""MaleCNS-RD""]
[Result ""1/2-1/2""]
[FEN ""rn1qkb1r/2pppppp/bp3n2/p7/4B3/3PP3/PPP2PPP/RNBQK1NR w KQkq - 1 5""]
[SetUp ""1""]
[OpponentElo ""310.12779874667655""]
[Opening ""opening_000""]

5. Nh3 Ra7 1/2-1/2",opening_000,rn1qkb1r/2pppppp/bp3n2/p7/4B3/3PP3/PPP2PPP/RNBQK1NR w KQkq - 1 5
122,minic,310.12779874667655,white,1/2-1/2,0.5,10,MAX_PLIES_ADJUDICATION,rnbqkbnr/1p2pppp/8/p2p4/2p3P1/NP5P/P1PPPP2/R1BQKBNR w KQkq - 0 6,Level=0,310,310.12779874667655,1,10.700172599987127,304,6.207171827554703e-05,"[Event ""?""]
[Site ""?""]
[Date ""????.??.??""]
[Round ""?""]
[White ""MaleCNS-RD""]
[Black ""minic""]
[Result ""1/2-1/2""]
[FEN ""rnbqkbnr/1p2pppp/8/p1pp4/6P1/N6P/PPPPPP2/R1BQKBNR w KQkq - 0 5""]
[SetUp ""1""]
[OpponentElo ""310.12779874667655""]
[Opening ""opening_001""]

5. b3 c4 1/2-1/2",opening_001,rnbqkbnr/1p2pppp/8/p1pp4/6P1/N6P/PPPPPP2/R1BQKBNR w KQkq - 0 5
123,minic,310.12779874667655,black,1/2-1/2,0.5,10,MAX_PLIES_ADJUDICATION,1nbqkbnr/rp2pppp/8/p1pp4/6P1/N1P4P/PP1PPP2/R1BQKBNR w KQk - 1 6,Level=0,310,310.12779874667655,1,13.488912700035144,464,0.004071447998285294,"[Event ""?""]
[Site ""?""]
[Date ""????.??.??""]
[Round ""?""]
[White ""minic""]
[Black ""MaleCNS-RD""]
[Result ""1/2-1/2""]
[FEN ""rnbqkbnr/1p2pppp/8/p1pp4/6P1/N6P/PPPPPP2/R1BQKBNR w KQkq - 0 5""]
[SetUp ""1""]
[OpponentElo ""310.12779874667655""]
[Opening ""opening_001""]

5. c3 Ra7 1/2-1/2",opening_001,rnbqkbnr/1p2pppp/8/p1pp4/6P1/N6P/PPPPPP2/R1BQKBNR w KQkq - 0 5
124,minic,310.12779874667655,white,1/2-1/2,0.5,10,MAX_PLIES_ADJUDICATION,r1b1kbnr/pppp1p1p/n4qp1/4p3/2P4P/1P3PP1/P2PP3/RNBQKBNR w KQkq - 1 6,Level=0,310,310.12779874667655,1,11.528739500034135,352,0.001354600302875042,"[Event ""?""]
[Site ""?""]
[Date ""????.??.??""]
[Round ""?""]
[White ""MaleCNS-RD""]
[Black ""minic""]
[Result ""1/2-1/2""]
[FEN ""rnb1kbnr/pppp1p1p/5qp1/4p3/7P/1P3PP1/P1PPP3/RNBQKBNR w KQkq - 0 5""]
[SetUp ""1""]
[OpponentElo ""310.12779874667655""]
[Opening ""opening_002""]

5. c4 Na6 1/2-1/2",opening_002,rnb1kbnr/pppp1p1p/5qp1/4p3/7P/1P3PP1/P1PPP3/RNBQKBNR w KQkq - 0 5
125,minic,310.12779874667655,black,1/2-1/2,0.5,10,MAX_PLIES_ADJUDICATION,rnb1kbnr/pppp1p1p/5qp1/8/4p2P/1P2PPP1/P1PP4/RNBQKBNR w KQkq - 0 6,Level=0,310,310.12779874667655,1,21.147316700022202,608,0.0032885679975152016,"[Event ""?""]
[Site ""?""]
[Date ""????.??.??""]
[Round ""?""]
[White ""minic""]
[Black ""MaleCNS-RD""]
[Result ""1/2-1/2""]
[FEN ""rnb1kbnr/pppp1p1p/5qp1/4p3/7P/1P3PP1/P1PPP3/RNBQKBNR w KQkq - 0 5""]
[SetUp ""1""]
[OpponentElo ""310.12779874667655""]
[Opening ""opening_002""]

5. e3 e4 1/2-1/2",opening_002,rnb1kbnr/pppp1p1p/5qp1/4p3/7P/1P3PP1/P1PPP3/RNBQKBNR w KQkq - 0 5
126,minic,310.12779874667655,white,1/2-1/2,0.5,10,MAX_PLIES_ADJUDICATION,rnbqk1nr/1ppp1ppp/4p3/p1b5/P7/1PP2P1P/3PP1P1/RNBQKBNR w KQkq - 1 6,Level=0,310,310.12779874667655,1,10.220427799969912,272,6.207358092069626e-05,"[Event ""?""]
[Site ""?""]
[Date ""????.??.??""]
[Round ""?""]
[White ""MaleCNS-RD""]
[Black ""minic""]
[Result ""1/2-1/2""]
[FEN ""rnbqk1nr/1ppp1ppp/1b2p3/p7/P7/2P2P1P/1P1PP1P1/RNBQKBNR w KQkq - 1 5""]
[SetUp ""1""]
[OpponentElo ""310.12779874667655""]
[Opening ""opening_003""]

5. b3 Bc5 1/2-1/2",opening_003,rnbqk1nr/1ppp1ppp/1b2p3/p7/P7/2P2P1P/1P1PP1P1/RNBQKBNR w KQkq - 1 5
127,minic,310.12779874667655,black,1/2-1/2,0.5,10,MAX_PLIES_ADJUDICATION,rnb1k1nr/1pppqppp/1b2p3/p7/P7/2P2PPP/1P1PP3/RNBQKBNR w KQkq - 1 6,Level=0,310,310.12779874667655,1,13.94733970001107,480,0.0015481486916542053,"[Event ""?""]
[Site ""?""]
[Date ""????.??.??""]
[Round ""?""]
[White ""minic""]
[Black ""MaleCNS-RD""]
[Result ""1/2-1/2""]
[FEN ""rnbqk1nr/1ppp1ppp/1b2p3/p7/P7/2P2P1P/1P1PP1P1/RNBQKBNR w KQkq - 1 5""]
[SetUp ""1""]
[OpponentElo ""310.12779874667655""]
[Opening ""opening_003""]

5. g3 Qe7 1/2-1/2",opening_003,rnbqk1nr/1ppp1ppp/1b2p3/p7/P7/2P2P1P/1P1PP1P1/RNBQKBNR w KQkq - 1 5
128,minic,310.12779874667655,white,1/2-1/2,0.5,10,MAX_PLIES_ADJUDICATION,rnbqkbnr/3pp1p1/1pp2p2/p6p/2P5/4P1PP/PP1PKP2/RNBQ1BNR w kq - 0 6,Level=0,310,310.12779874667655,1,10.809400899976026,384,0.0009284541010856628,"[Event ""?""]
[Site ""?""]
[Date ""????.??.??""]
[Round ""?""]
[White ""MaleCNS-RD""]
[Black ""minic""]
[Result ""1/2-1/2""]
[FEN ""rnbqkbnr/2ppp1p1/1p3p2/p6p/2P5/4P2P/PP1PKPP1/RNBQ1BNR w kq - 0 5""]
[SetUp ""1""]
[OpponentElo ""310.12779874667655""]
[Opening ""opening_004""]

5. g3 c6 1/2-1/2",opening_004,rnbqkbnr/2ppp1p1/1p3p2/p6p/2P5/4P2P/PP1PKPP1/RNBQ1BNR w kq - 0 5
129,minic,310.12779874667655,black,1/2-1/2,0.5,10,MAX_PLIES_ADJUDICATION,1nbqkbnr/r1ppp1p1/1p3p2/p6p/2P5/1Q2P2P/PP1PKPP1/RNB2BNR w k - 2 6,Level=0,310,310.12779874667655,1,11.200730099983048,352,0.005552198737859726,"[Event ""?""]
[Site ""?""]
[Date ""????.??.??""]
[Round ""?""]
[White ""minic""]
[Black ""MaleCNS-RD""]
[Result ""1/2-1/2""]
[FEN ""rnbqkbnr/2ppp1p1/1p3p2/p6p/2P5/4P2P/PP1PKPP1/RNBQ1BNR w kq - 0 5""]
[SetUp ""1""]
[OpponentElo ""310.12779874667655""]
[Opening ""opening_004""]

5. Qb3 Ra7 1/2-1/2",opening_004,rnbqkbnr/2ppp1p1/1p3p2/p6p/2P5/4P2P/PP1PKPP1/RNBQ1BNR w kq - 0 5
130,minic,310.12779874667655,white,1/2-1/2,0.5,10,MAX_PLIES_ADJUDICATION,r1bqkb1r/ppp1pppp/n2p1n2/8/2B1P3/1PP3P1/P2P1P1P/RNBQK1NR w KQkq - 1 6,Level=0,310,310.12779874667655,1,13.339283999986947,528,0.0013455897569656372,"[Event ""?""]
[Site ""?""]
[Date ""????.??.??""]
[Round ""?""]
[White ""MaleCNS-RD""]
[Black ""minic""]
[Result ""1/2-1/2""]
[FEN ""r1bqkb1r/ppp1pppp/3p1n2/8/1nB1P3/1PP5/P2P1PPP/RNBQK1NR w KQkq - 2 5""]
[SetUp ""1""]
[OpponentElo ""310.12779874667655""]
[Opening ""opening_005""]

5. g3 Na6 1/2-1/2",opening_005,r1bqkb1r/ppp1pppp/3p1n2/8/1nB1P3/1PP5/P2P1PPP/RNBQK1NR w KQkq - 2 5
131,minic,310.12779874667655,black,1/2-1/2,0.5,10,MAX_PLIES_ADJUDICATION,r1bqkb1r/ppp1pppp/3p1n2/8/2B1P3/1PP3P1/n2P1P1P/RNBQK1NR w KQkq - 0 6,Level=0,310,310.12779874667655,1,15.408872200001497,544,0.0008470118045806885,"[Event ""?""]
[Site ""?""]
[Date ""????.??.??""]
[Round ""?""]
[White ""minic""]
[Black ""MaleCNS-RD""]
[Result ""1/2-1/2""]
[FEN ""r1bqkb1r/ppp1pppp/3p1n2/8/1nB1P3/1PP5/P2P1PPP/RNBQK1NR w KQkq - 2 5""]
[SetUp ""1""]
[OpponentElo ""310.12779874667655""]
[Opening ""opening_005""]

5. g3 Nxa2 1/2-1/2",opening_005,r1bqkb1r/ppp1pppp/3p1n2/8/1nB1P3/1PP5/P2P1PPP/RNBQK1NR w KQkq - 2 5
132,minic,310.12779874667655,white,1/2-1/2,0.5,10,MAX_PLIES_ADJUDICATION,r1b1k1nr/p1pp1ppp/n3p3/1p4q1/1b6/P2P2P1/2PNPP1P/R1BQKBNR w KQkq - 0 6,Level=0,310,310.12779874667655,1,10.144495600019582,288,0.0013456041924655437,"[Event ""?""]
[Site ""?""]
[Date ""????.??.??""]
[Round ""?""]
[White ""MaleCNS-RD""]
[Black ""minic""]
[Result ""1/2-1/2""]
[FEN ""r1b1k1nr/pppp1ppp/n3p3/6q1/1b6/P2P4/2PNPPPP/R1BQKBNR w KQkq - 0 5""]
[SetUp ""1""]
[OpponentElo ""310.12779874667655""]
[Opening ""opening_006""]

5. g3 b5 1/2-1/2",opening_006,r1b1k1nr/pppp1ppp/n3p3/6q1/1b6/P2P4/2PNPPPP/R1BQKBNR w KQkq - 0 5
133,minic,310.12779874667655,black,1/2-1/2,0.5,10,MAX_PLIES_ADJUDICATION,r1b1k1nr/ppppbppp/n3p3/6q1/7P/P2P4/2PNPPP1/R1BQKBNR w KQkq - 1 6,Level=0,310,310.12779874667655,1,22.35556729999371,768,0.0045981090515851974,"[Event ""?""]
[Site ""?""]
[Date ""????.??.??""]
[Round ""?""]
[White ""minic""]
[Black ""MaleCNS-RD""]
[Result ""1/2-1/2""]
[FEN ""r1b1k1nr/pppp1ppp/n3p3/6q1/1b6/P2P4/2PNPPPP/R1BQKBNR w KQkq - 0 5""]
[SetUp ""1""]
[OpponentElo ""310.12779874667655""]
[Opening ""opening_006""]

5. h4 Be7 1/2-1/2",opening_006,r1b1k1nr/pppp1ppp/n3p3/6q1/1b6/P2P4/2PNPPPP/R1BQKBNR w KQkq - 0 5
134,minic,348.1881990097149,white,1/2-1/2,0.5,10,MAX_PLIES_ADJUDICATION,rn1qkb1r/2pppppp/bp6/p7/4n3/3PP1P1/PPP2P1P/RNBQK1NR w KQkq - 0 6,Level=21,400,348.1881990097149,1,13.7274563999963,576,0.0009428802877664566,"[Event ""?""]
[Site ""?""]
[Date ""????.??.??""]
[Round ""?""]
[White ""MaleCNS-RD""]
[Black ""minic""]
[Result ""1/2-1/2""]
[FEN ""rn1qkb1r/2pppppp/bp3n2/p7/4B3/3PP3/PPP2PPP/RNBQK1NR w KQkq - 1 5""]
[SetUp ""1""]
[OpponentElo ""348.1881990097149""]
[Opening ""opening_000""]

5. g3 Nxe4 1/2-1/2",opening_000,rn1qkb1r/2pppppp/bp3n2/p7/4B3/3PP3/PPP2PPP/RNBQK1NR w KQkq - 1 5
135,minic,348.1881990097149,black,1/2-1/2,0.5,10,MAX_PLIES_ADJUDICATION,Bnq1kb1r/2pppppp/bp3n2/p7/8/3PP3/PPP2PPP/RNBQK1NR w KQk - 1 6,Level=21,400,348.1881990097149,1,11.540557699976489,400,0.0005378350615501404,"[Event ""?""]
[Site ""?""]
[Date ""????.??.??""]
[Round ""?""]
[White ""minic""]
[Black ""MaleCNS-RD""]
[Result ""1/2-1/2""]
[FEN ""rn1qkb1r/2pppppp/bp3n2/p7/4B3/3PP3/PPP2PPP/RNBQK1NR w KQkq - 1 5""]
[SetUp ""1""]
[OpponentElo ""348.1881990097149""]
[Opening ""opening_000""]

5. Bxa8 Qc8 1/2-1/2",opening_000,rn1qkb1r/2pppppp/bp3n2/p7/4B3/3PP3/PPP2PPP/RNBQK1NR w KQkq - 1 5
136,minic,348.1881990097149,white,1/2-1/2,0.5,10,MAX_PLIES_ADJUDICATION,rnbqkbnr/1p2ppp1/8/p1pp3p/6P1/NP5P/P1PPPP2/R1BQKBNR w KQkq - 0 6,Level=21,400,348.1881990097149,1,9.904420599981677,304,6.207171827554703e-05,"[Event ""?""]
[Site ""?""]
[Date ""????.??.??""]
[Round ""?""]
[White ""MaleCNS-RD""]
[Black ""minic""]
[Result ""1/2-1/2""]
[FEN ""rnbqkbnr/1p2pppp/8/p1pp4/6P1/N6P/PPPPPP2/R1BQKBNR w KQkq - 0 5""]
[SetUp ""1""]
[OpponentElo ""348.1881990097149""]
[Opening ""opening_001""]

5. b3 h5 1/2-1/2",opening_001,rnbqkbnr/1p2pppp/8/p1pp4/6P1/N6P/PPPPPP2/R1BQKBNR w KQkq - 0 5
137,minic,348.1881990097149,black,1/2-1/2,0.5,10,MAX_PLIES_ADJUDICATION,1nbqkbnr/rp2pppp/8/p1pp4/4P1P1/N6P/PPPP1P2/R1BQKBNR w KQk - 1 6,Level=21,400,348.1881990097149,1,12.42138509999495,480,0.004072621464729309,"[Event ""?""]
[Site ""?""]
[Date ""????.??.??""]
[Round ""?""]
[White ""minic""]
[Black ""MaleCNS-RD""]
[Result ""1/2-1/2""]
[FEN ""rnbqkbnr/1p2pppp/8/p1pp4/6P1/N6P/PPPPPP2/R1BQKBNR w KQkq - 0 5""]
[SetUp ""1""]
[OpponentElo ""348.1881990097149""]
[Opening ""opening_001""]

5. e4 Ra7 1/2-1/2",opening_001,rnbqkbnr/1p2pppp/8/p1pp4/6P1/N6P/PPPPPP2/R1BQKBNR w KQkq - 0 5
138,minic,348.1881990097149,white,1/2-1/2,0.5,10,MAX_PLIES_ADJUDICATION,rnb1k1nr/pppp1pbp/5qp1/4p3/2P4P/1P3PP1/P2PP3/RNBQKBNR w KQkq - 1 6,Level=21,400,348.1881990097149,1,10.549249199975748,352,0.001354600302875042,"[Event ""?""]
[Site ""?""]
[Date ""????.??.??""]
[Round ""?""]
[White ""MaleCNS-RD""]
[Black ""minic""]
[Result ""1/2-1/2""]
[FEN ""rnb1kbnr/pppp1p1p/5qp1/4p3/7P/1P3PP1/P1PPP3/RNBQKBNR w KQkq - 0 5""]
[SetUp ""1""]
[OpponentElo ""348.1881990097149""]
[Opening ""opening_002""]

5. c4 Bg7 1/2-1/2",opening_002,rnb1kbnr/pppp1p1p/5qp1/4p3/7P/1P3PP1/P1PPP3/RNBQKBNR w KQkq - 0 5
139,minic,348.1881990097149,black,1/2-1/2,0.5,10,MAX_PLIES_ADJUDICATION,rnb1kbnr/pppp1p1p/5qp1/8/2P1p2P/1P3PP1/P2PP3/RNBQKBNR w KQkq - 0 6,Level=21,400,348.1881990097149,1,24.870452100003604,608,0.003288350999355316,"[Event ""?""]
[Site ""?""]
[Date ""????.??.??""]
[Round ""?""]
[White ""minic""]
[Black ""MaleCNS-RD""]
[Result ""1/2-1/2""]
[FEN ""rnb1kbnr/pppp1p1p/5qp1/4p3/7P/1P3PP1/P1PPP3/RNBQKBNR w KQkq - 0 5""]
[SetUp ""1""]
[OpponentElo ""348.1881990097149""]
[Opening ""opening_002""]

5. c4 e4 1/2-1/2",opening_002,rnb1kbnr/pppp1p1p/5qp1/4p3/7P/1P3PP1/P1PPP3/RNBQKBNR w KQkq - 0 5
140,minic,348.1881990097149,white,1/2-1/2,0.5,10,MAX_PLIES_ADJUDICATION,rnb1k1nr/1ppp1ppp/1b2p3/p7/P6q/1PP2P1P/3PP1P1/RNBQKBNR w KQkq - 1 6,Level=21,400,348.1881990097149,1,10.213313599990215,272,6.207358092069626e-05,"[Event ""?""]
[Site ""?""]
[Date ""????.??.??""]
[Round ""?""]
[White ""MaleCNS-RD""]
[Black ""minic""]
[Result ""1/2-1/2""]
[FEN ""rnbqk1nr/1ppp1ppp/1b2p3/p7/P7/2P2P1P/1P1PP1P1/RNBQKBNR w KQkq - 1 5""]
[SetUp ""1""]
[OpponentElo ""348.1881990097149""]
[Opening ""opening_003""]

5. b3 Qh4+ 1/2-1/2",opening_003,rnbqk1nr/1ppp1ppp/1b2p3/p7/P7/2P2P1P/1P1PP1P1/RNBQKBNR w KQkq - 1 5
141,minic,348.1881990097149,black,1/2-1/2,0.5,10,MAX_PLIES_ADJUDICATION,rnb1k1nr/1pppqppp/1b2p3/p7/P2P4/2P2P1P/1P2P1P1/RNBQKBNR w KQkq - 1 6,Level=21,400,348.1881990097149,1,13.491454800008796,432,0.00154099240899086,"[Event ""?""]
[Site ""?""]
[Date ""????.??.??""]
[Round ""?""]
[White ""minic""]
[Black ""MaleCNS-RD""]
[Result ""1/2-1/2""]
[FEN ""rnbqk1nr/1ppp1ppp/1b2p3/p7/P7/2P2P1P/1P1PP1P1/RNBQKBNR w KQkq - 1 5""]
[SetUp ""1""]
[OpponentElo ""348.1881990097149""]
[Opening ""opening_003""]

5. d4 Qe7 1/2-1/2",opening_003,rnbqk1nr/1ppp1ppp/1b2p3/p7/P7/2P2P1P/1P1PP1P1/RNBQKBNR w KQkq - 1 5
142,minic,348.1881990097149,white,1/2-1/2,0.5,10,MAX_PLIES_ADJUDICATION,rn1qkbnr/1bppp1p1/1p3p2/p6p/2P5/4P1PP/PP1PKP2/RNBQ1BNR w kq - 1 6,Level=21,400,348.1881990097149,1,11.306103299953975,384,0.0009284541010856628,"[Event ""?""]
[Site ""?""]
[Date ""????.??.??""]
[Round ""?""]
[White ""MaleCNS-RD""]
[Black ""minic""]
[Result ""1/2-1/2""]
[FEN ""rnbqkbnr/2ppp1p1/1p3p2/p6p/2P5/4P2P/PP1PKPP1/RNBQ1BNR w kq - 0 5""]
[SetUp ""1""]
[OpponentElo ""348.1881990097149""]
[Opening ""opening_004""]

5. g3 Bb7 1/2-1/2",opening_004,rnbqkbnr/2ppp1p1/1p3p2/p6p/2P5/4P2P/PP1PKPP1/RNBQ1BNR w kq - 0 5
143,minic,348.1881990097149,black,1/2-1/2,0.5,10,MAX_PLIES_ADJUDICATION,1nbqkbnr/r1ppp1p1/1p3p2/p6p/2P5/4P2P/PP1P1PP1/RNBQKBNR w k - 2 6,Level=21,400,348.1881990097149,1,11.359786999993958,352,0.005552338436245918,"[Event ""?""]
[Site ""?""]
[Date ""????.??.??""]
[Round ""?""]
[White ""minic""]
[Black ""MaleCNS-RD""]
[Result ""1/2-1/2""]
[FEN ""rnbqkbnr/2ppp1p1/1p3p2/p6p/2P5/4P2P/PP1PKPP1/RNBQ1BNR w kq - 0 5""]
[SetUp ""1""]
[OpponentElo ""348.1881990097149""]
[Opening ""opening_004""]

5. Ke1 Ra7 1/2-1/2",opening_004,rnbqkbnr/2ppp1p1/1p3p2/p6p/2P5/4P2P/PP1PKPP1/RNBQ1BNR w kq - 0 5
144,minic,348.1881990097149,white,1/2-1/2,0.5,10,MAX_PLIES_ADJUDICATION,r1bqkb1r/ppp1pppp/2np1n2/8/2B1P3/1PP3P1/P2P1P1P/RNBQK1NR w KQkq - 1 6,Level=21,400,348.1881990097149,1,15.726269999984652,528,0.0013455897569656372,"[Event ""?""]
[Site ""?""]
[Date ""????.??.??""]
[Round ""?""]
[White ""MaleCNS-RD""]
[Black ""minic""]
[Result ""1/2-1/2""]
[FEN ""r1bqkb1r/ppp1pppp/3p1n2/8/1nB1P3/1PP5/P2P1PPP/RNBQK1NR w KQkq - 2 5""]
[SetUp ""1""]
[OpponentElo ""348.1881990097149""]
[Opening ""opening_005""]

5. g3 Nc6 1/2-1/2",opening_005,r1bqkb1r/ppp1pppp/3p1n2/8/1nB1P3/1PP5/P2P1PPP/RNBQK1NR w KQkq - 2 5
145,minic,348.1881990097149,black,1/2-1/2,0.5,10,MAX_PLIES_ADJUDICATION,r1b1kb1r/pppqpppp/3p1n2/8/1PB1P3/1P6/P2P1PPP/RNBQK1NR w KQkq - 1 6,Level=21,400,348.1881990097149,1,13.11478740000166,448,0.001751493662595749,"[Event ""?""]
[Site ""?""]
[Date ""????.??.??""]
[Round ""?""]
[White ""minic""]
[Black ""MaleCNS-RD""]
[Result ""1/2-1/2""]
[FEN ""r1bqkb1r/ppp1pppp/3p1n2/8/1nB1P3/1PP5/P2P1PPP/RNBQK1NR w KQkq - 2 5""]
[SetUp ""1""]
[OpponentElo ""348.1881990097149""]
[Opening ""opening_005""]

5. cxb4 Qd7 1/2-1/2",opening_005,r1bqkb1r/ppp1pppp/3p1n2/8/1nB1P3/1PP5/P2P1PPP/RNBQK1NR w KQkq - 2 5
146,minic,348.1881990097149,white,1/2-1/2,0.5,10,MAX_PLIES_ADJUDICATION,r1b1k1nr/pppp1ppp/n3p3/q7/1b6/P2P2P1/2PNPP1P/R1BQKBNR w KQkq - 1 6,Level=21,400,348.1881990097149,1,9.890745299984701,288,0.0013456041924655437,"[Event ""?""]
[Site ""?""]
[Date ""????.??.??""]
[Round ""?""]
[White ""MaleCNS-RD""]
[Black ""minic""]
[Result ""1/2-1/2""]
[FEN ""r1b1k1nr/pppp1ppp/n3p3/6q1/1b6/P2P4/2PNPPPP/R1BQKBNR w KQkq - 0 5""]
[SetUp ""1""]
[OpponentElo ""348.1881990097149""]
[Opening ""opening_006""]

5. g3 Qa5 1/2-1/2",opening_006,r1b1k1nr/pppp1ppp/n3p3/6q1/1b6/P2P4/2PNPPPP/R1BQKBNR w KQkq - 0 5
147,minic,348.1881990097149,black,1/2-1/2,0.5,10,MAX_PLIES_ADJUDICATION,r1b3nr/ppppkppp/n3p3/6q1/1P6/3P4/2PNPPPP/R1BQKBNR w KQ - 1 6,Level=21,400,348.1881990097149,1,21.866766099992674,656,3.8105063140392303e-06,"[Event ""?""]
[Site ""?""]
[Date ""????.??.??""]
[Round ""?""]
[White ""minic""]
[Black ""MaleCNS-RD""]
[Result ""1/2-1/2""]
[FEN ""r1b1k1nr/pppp1ppp/n3p3/6q1/1b6/P2P4/2PNPPPP/R1BQKBNR w KQkq - 0 5""]
[SetUp ""1""]
[OpponentElo ""348.1881990097149""]
[Opening ""opening_006""]

5. axb4 Ke7 1/2-1/2",opening_006,r1b1k1nr/pppp1ppp/n3p3/6q1/1b6/P2P4/2PNPPPP/R1BQKBNR w KQkq - 0 5
148,minic,348.1881990097149,white,1/2-1/2,0.5,10,MAX_PLIES_ADJUDICATION,rn1qkb1r/ppp1p1pp/3p1n2/1P3p2/8/2N2PP1/P1PPP2P/R1BQKbNR w KQkq - 0 6,Level=21,400,348.1881990097149,1,10.344671199971344,336,0.007726308889687061,"[Event ""?""]
[Site ""?""]
[Date ""????.??.??""]
[Round ""?""]
[White ""MaleCNS-RD""]
[Black ""minic""]
[Result ""1/2-1/2""]
[FEN ""rn1qkb1r/ppp1p1pp/3p1n2/5p2/1P6/2N2PPb/P1PPP2P/R1BQKBNR w KQkq - 1 5""]
[SetUp ""1""]
[OpponentElo ""348.1881990097149""]
[Opening ""opening_007""]

5. b5 Bxf1 1/2-1/2",opening_007,rn1qkb1r/ppp1p1pp/3p1n2/5p2/1P6/2N2PPb/P1PPP2P/R1BQKBNR w KQkq - 1 5
149,minic,348.1881990097149,black,1/2-1/2,0.5,10,MAX_PLIES_ADJUDICATION,rn2kb1r/pppqp1pp/3p1n2/5p2/1P6/2N2PPN/P1PPP2P/R1BQKB1R w KQkq - 1 6,Level=21,400,348.1881990097149,1,11.812829600006808,448,0.0001868065446615219,"[Event ""?""]
[Site ""?""]
[Date ""????.??.??""]
[Round ""?""]
[White ""minic""]
[Black ""MaleCNS-RD""]
[Result ""1/2-1/2""]
[FEN ""rn1qkb1r/ppp1p1pp/3p1n2/5p2/1P6/2N2PPb/P1PPP2P/R1BQKBNR w KQkq - 1 5""]
[SetUp ""1""]
[OpponentElo ""348.1881990097149""]
[Opening ""opening_007""]

5. Nxh3 Qd7 1/2-1/2",opening_007,rn1qkb1r/ppp1p1pp/3p1n2/5p2/1P6/2N2PPb/P1PPP2P/R1BQKBNR w KQkq - 1 5
150,minic,348.1881990097149,white,1/2-1/2,0.5,10,MAX_PLIES_ADJUDICATION,r1bq1bnr/pppkpppp/8/8/4p3/1PN5/P1PP1PPP/R1BQK1NR w KQ - 0 6,Level=21,400,348.1881990097149,1,13.240234600030817,464,6.206333637237549e-05,"[Event ""?""]
[Site ""?""]
[Date ""????.??.??""]
[Round ""?""]
[White ""MaleCNS-RD""]
[Black ""minic""]
[Result ""1/2-1/2""]
[FEN ""r1bq1bnr/pppkpppp/8/3p4/4P3/2N5/PPPP1PPP/R1BQK1NR w KQ - 0 5""]
[SetUp ""1""]
[OpponentElo ""348.1881990097149""]
[Opening ""opening_008""]

5. b3 dxe4 1/2-1/2",opening_008,r1bq1bnr/pppkpppp/8/3p4/4P3/2N5/PPPP1PPP/R1BQK1NR w KQ - 0 5
151,minic,348.1881990097149,black,1/2-1/2,0.5,10,MAX_PLIES_ADJUDICATION,r1b1qbnr/pppkpppp/8/3N4/4P3/8/PPPP1PPP/R1BQK1NR w KQ - 1 6,Level=21,400,348.1881990097149,1,11.906278899987228,352,0.001249397173523903,"[Event ""?""]
[Site ""?""]
[Date ""????.??.??""]
[Round ""?""]
[White ""minic""]
[Black ""MaleCNS-RD""]
[Result ""1/2-1/2""]
[FEN ""r1bq1bnr/pppkpppp/8/3p4/4P3/2N5/PPPP1PPP/R1BQK1NR w KQ - 0 5""]
[SetUp ""1""]
[OpponentElo ""348.1881990097149""]
[Opening ""opening_008""]

5. Nxd5 Qe8 1/2-1/2",opening_008,r1bq1bnr/pppkpppp/8/3p4/4P3/2N5/PPPP1PPP/R1BQK1NR w KQ - 0 5
152,minic,348.1881990097149,white,1/2-1/2,0.5,10,MAX_PLIES_ADJUDICATION,rn1q1bnr/pbppkp1p/1p4p1/4p3/8/1P1P2P1/P1PNPP1P/RNBQKB1R w KQ - 1 6,Level=21,400,348.1881990097149,1,13.630464299989399,368,6.067659705877304e-05,"[Event ""?""]
[Site ""?""]
[Date ""????.??.??""]
[Round ""?""]
[White ""MaleCNS-RD""]
[Black ""minic""]
[Result ""1/2-1/2""]
[FEN ""rnbq1bnr/p1ppkp1p/1p4p1/4p3/8/3P2P1/PPPNPP1P/RNBQKB1R w KQ - 2 5""]
[SetUp ""1""]
[OpponentElo ""348.1881990097149""]
[Opening ""opening_009""]

5. b3 Bb7 1/2-1/2",opening_009,rnbq1bnr/p1ppkp1p/1p4p1/4p3/8/3P2P1/PPPNPP1P/RNBQKB1R w KQ - 2 5
153,minic,348.1881990097149,black,1/2-1/2,0.5,10,MAX_PLIES_ADJUDICATION,rnbq1bnr/p1ppkp1p/1p4p1/8/4p3/3P2P1/PPPNPPBP/RNBQK2R w KQ - 0 6,Level=21,400,348.1881990097149,1,11.781323600036558,416,0.005675110034644604,"[Event ""?""]
[Site ""?""]
[Date ""????.??.??""]
[Round ""?""]
[White ""minic""]
[Black ""MaleCNS-RD""]
[Result ""1/2-1/2""]
[FEN ""rnbq1bnr/p1ppkp1p/1p4p1/4p3/8/3P2P1/PPPNPP1P/RNBQKB1R w KQ - 2 5""]
[SetUp ""1""]
[OpponentElo ""348.1881990097149""]
[Opening ""opening_009""]

5. Bg2 e4 1/2-1/2",opening_009,rnbq1bnr/p1ppkp1p/1p4p1/4p3/8/3P2P1/PPPNPP1P/RNBQKB1R w KQ - 2 5
154,minic,348.1881990097149,white,1/2-1/2,0.5,10,MAX_PLIES_ADJUDICATION,rn1qkbnr/1pp1ppp1/p6p/3p4/2P2P2/PP5b/3PP1PP/RNBQKB1R w KQkq - 0 6,Level=21,400,348.1881990097149,1,10.552569499996025,336,6.20521605014801e-05,"[Event ""?""]
[Site ""?""]
[Date ""????.??.??""]
[Round ""?""]
[White ""MaleCNS-RD""]
[Black ""minic""]
[Result ""1/2-1/2""]
[FEN ""rn1qkbnr/1pp1ppp1/p6p/3p1b2/2P2P2/P6N/1P1PP1PP/RNBQKB1R w KQkq - 0 5""]
[SetUp ""1""]
[OpponentElo ""348.1881990097149""]
[Opening ""opening_010""]

5. b3 Bxh3 1/2-1/2",opening_010,rn1qkbnr/1pp1ppp1/p6p/3p1b2/2P2P2/P6N/1P1PP1PP/RNBQKB1R w KQkq - 0 5
155,minic,348.1881990097149,black,1/2-1/2,0.5,10,MAX_PLIES_ADJUDICATION,1n1qkbnr/rpp1ppp1/p6p/3p1b2/2P2P2/P7/1P1PPNPP/RNBQKB1R w KQk - 2 6,Level=21,400,348.1881990097149,1,14.388407699996606,528,0.004072070121765137,"[Event ""?""]
[Site ""?""]
[Date ""????.??.??""]
[Round ""?""]
[White ""minic""]
[Black ""MaleCNS-RD""]
[Result ""1/2-1/2""]
[FEN ""rn1qkbnr/1pp1ppp1/p6p/3p1b2/2P2P2/P6N/1P1PP1PP/RNBQKB1R w KQkq - 0 5""]
[SetUp ""1""]
[OpponentElo ""348.1881990097149""]
[Opening ""opening_010""]

5. Nf2 Ra7 1/2-1/2",opening_010,rn1qkbnr/1pp1ppp1/p6p/3p1b2/2P2P2/P6N/1P1PP1PP/RNBQKB1R w KQkq - 0 5
156,minic,348.1881990097149,white,1/2-1/2,0.5,10,MAX_PLIES_ADJUDICATION,r1bqkbnr/pp1p2pp/n3p3/2p2p2/P2P1B2/1P6/2P1PPPP/RN1QKBNR w KQkq - 0 6,Level=21,400,348.1881990097149,1,13.517901899991557,544,6.0927122831344604e-05,"[Event ""?""]
[Site ""?""]
[Date ""????.??.??""]
[Round ""?""]
[White ""MaleCNS-RD""]
[Black ""minic""]
[Result ""1/2-1/2""]
[FEN ""r1bqkbnr/pp1p2pp/n1p1p3/5p2/P2P1B2/8/1PP1PPPP/RN1QKBNR w KQkq - 0 5""]
[SetUp ""1""]
[OpponentElo ""348.1881990097149""]
[Opening ""opening_011""]

5. b3 c5 1/2-1/2",opening_011,r1bqkbnr/pp1p2pp/n1p1p3/5p2/P2P1B2/8/1PP1PPPP/RN1QKBNR w KQkq - 0 5
157,minic,348.1881990097149,black,1/2-1/2,0.5,10,MAX_PLIES_ADJUDICATION,r1b1kbnr/pp1pq1pp/n1p1p3/5p2/P2P1B2/4P3/1PP2PPP/RN1QKBNR w KQkq - 1 6,Level=21,400,348.1881990097149,1,12.246415100002196,512,0.0038684478495270014,"[Event ""?""]
[Site ""?""]
[Date ""????.??.??""]
[Round ""?""]
[White ""minic""]
[Black ""MaleCNS-RD""]
[Result ""1/2-1/2""]
[FEN ""r1bqkbnr/pp1p2pp/n1p1p3/5p2/P2P1B2/8/1PP1PPPP/RN1QKBNR w KQkq - 0 5""]
[SetUp ""1""]
[OpponentElo ""348.1881990097149""]
[Opening ""opening_011""]

5. e3 Qe7 1/2-1/2",opening_011,r1bqkbnr/pp1p2pp/n1p1p3/5p2/P2P1B2/8/1PP1PPPP/RN1QKBNR w KQkq - 0 5
158,minic,348.1881990097149,white,1/2-1/2,0.5,10,MAX_PLIES_ADJUDICATION,r1bqkbnr/ppppppp1/8/8/Q1P3p1/1P1P4/P2P1P1P/RNB1KBNR w KQkq - 0 6,Level=21,400,348.1881990097149,1,1.5399712000507861,32,0.001129799522459507,"[Event ""?""]
[Site ""?""]
[Date ""????.??.??""]
[Round ""?""]
[White ""MaleCNS-RD""]
[Black ""minic""]
[Result ""1/2-1/2""]
[FEN ""r1bqkbnr/ppppppp1/8/7p/Q1P3P1/1P1n4/P2PPP1P/RNB1KBNR w KQkq - 1 5""]
[SetUp ""1""]
[OpponentElo ""348.1881990097149""]
[Opening ""opening_012""]

5. exd3 hxg4 1/2-1/2",opening_012,r1bqkbnr/ppppppp1/8/7p/Q1P3P1/1P1n4/P2PPP1P/RNB1KBNR w KQkq - 1 5
159,minic,348.1881990097149,black,1/2-1/2,0.5,10,MAX_PLIES_ADJUDICATION,r1bqkbnr/p1ppppp1/8/1p5p/Q1P3P1/1P1P4/P2P1P1P/RNB1KBNR w KQkq - 0 6,Level=21,400,348.1881990097149,1,12.183627200021874,304,0.0010873572900891304,"[Event ""?""]
[Site ""?""]
[Date ""????.??.??""]
[Round ""?""]
[White ""minic""]
[Black ""MaleCNS-RD""]
[Result ""1/2-1/2""]
[FEN ""r1bqkbnr/ppppppp1/8/7p/Q1P3P1/1P1n4/P2PPP1P/RNB1KBNR w KQkq - 1 5""]
[SetUp ""1""]
[OpponentElo ""348.1881990097149""]
[Opening ""opening_012""]

5. exd3 b5 1/2-1/2",opening_012,r1bqkbnr/ppppppp1/8/7p/Q1P3P1/1P1n4/P2PPP1P/RNB1KBNR w KQkq - 1 5
160,minic,348.1881990097149,white,1/2-1/2,0.5,10,MAX_PLIES_ADJUDICATION,rnbqk1nr/ppp3pp/3bpp2/3p4/8/1PPP4/P3PPPP/RNBQKBNR w KQkq - 1 6,Level=21,400,348.1881990097149,1,12.958883300016169,448,6.089359521865845e-05,"[Event ""?""]
[Site ""?""]
[Date ""????.??.??""]
[Round ""?""]
[White ""MaleCNS-RD""]
[Black ""minic""]
[Result ""1/2-1/2""]
[FEN ""rnbqkbnr/ppp3pp/4pp2/3p4/8/2PP4/PP2PPPP/RNBQKBNR w KQkq - 0 5""]
[SetUp ""1""]
[OpponentElo ""348.1881990097149""]
[Opening ""opening_013""]

5. b3 Bd6 1/2-1/2",opening_013,rnbqkbnr/ppp3pp/4pp2/3p4/8/2PP4/PP2PPPP/RNBQKBNR w KQkq - 0 5
161,minic,348.1881990097149,black,1/2-1/2,0.5,10,MAX_PLIES_ADJUDICATION,rnb1kbnr/ppp1q1pp/4pp2/3p4/8/2PP4/PP1NPPPP/R1BQKBNR w KQkq - 2 6,Level=21,400,348.1881990097149,1,13.359315300011076,480,0.003875110298395157,"[Event ""?""]
[Site ""?""]
[Date ""????.??.??""]
[Round ""?""]
[White ""minic""]
[Black ""MaleCNS-RD""]
[Result ""1/2-1/2""]
[FEN ""rnbqkbnr/ppp3pp/4pp2/3p4/8/2PP4/PP2PPPP/RNBQKBNR w KQkq - 0 5""]
[SetUp ""1""]
[OpponentElo ""348.1881990097149""]
[Opening ""opening_013""]

5. Nd2 Qe7 1/2-1/2",opening_013,rnbqkbnr/ppp3pp/4pp2/3p4/8/2PP4/PP2PPPP/RNBQKBNR w KQkq - 0 5
162,minic,348.1881990097149,white,1/2-1/2,0.5,10,MAX_PLIES_ADJUDICATION,rnbqk1nr/ppp1p2p/6pb/3p4/2P2pPP/PP6/3PPP2/RNBQKBNR w KQkq - 0 6,Level=21,400,348.1881990097149,1,10.483532699989155,352,6.20279461145401e-05,"[Event ""?""]
[Site ""?""]
[Date ""????.??.??""]
[Round ""?""]
[White ""MaleCNS-RD""]
[Black ""minic""]
[Result ""1/2-1/2""]
[FEN ""rnbqk1nr/ppppp2p/6pb/8/2P2pPP/P7/1P1PPP2/RNBQKBNR w KQkq - 0 5""]
[SetUp ""1""]
[OpponentElo ""348.1881990097149""]
[Opening ""opening_014""]

5. b3 d5 1/2-1/2",opening_014,rnbqk1nr/ppppp2p/6pb/8/2P2pPP/P7/1P1PPP2/RNBQKBNR w KQkq - 0 5
163,minic,348.1881990097149,black,1/2-1/2,0.5,10,MAX_PLIES_ADJUDICATION,rnbqk1nr/p1ppp2p/6pb/1p6/2PP1pPP/P7/1P2PP2/RNBQKBNR w KQkq - 0 6,Level=21,400,348.1881990097149,1,9.251957000000402,320,0.0019688960164785385,"[Event ""?""]
[Site ""?""]
[Date ""????.??.??""]
[Round ""?""]
[White ""minic""]
[Black ""MaleCNS-RD""]
[Result ""1/2-1/2""]
[FEN ""rnbqk1nr/ppppp2p/6pb/8/2P2pPP/P7/1P1PPP2/RNBQKBNR w KQkq - 0 5""]
[SetUp ""1""]
[OpponentElo ""348.1881990097149""]
[Opening ""opening_014""]

5. d4 b5 1/2-1/2",opening_014,rnbqk1nr/ppppp2p/6pb/8/2P2pPP/P7/1P1PPP2/RNBQKBNR w KQkq - 0 5
164,minic,348.1881990097149,white,1/2-1/2,0.5,10,MAX_PLIES_ADJUDICATION,rnb1k1nr/1ppp1pp1/8/p2Pp2p/1b2P2q/1PN5/P1P2PPP/R1BQKBNR w KQkq - 1 6,Level=21,400,348.1881990097149,1,16.148722900019493,560,6.0861260863021016e-05,"[Event ""?""]
[Site ""?""]
[Date ""????.??.??""]
[Round ""?""]
[White ""MaleCNS-RD""]
[Black ""minic""]
[Result ""1/2-1/2""]
[FEN ""rnb1kbnr/1ppp1pp1/8/p2Pp2p/4P2q/2N5/PPP2PPP/R1BQKBNR w KQkq - 2 5""]
[SetUp ""1""]
[OpponentElo ""348.1881990097149""]
[Opening ""opening_015""]

5. b3 Bb4 1/2-1/2",opening_015,rnb1kbnr/1ppp1pp1/8/p2Pp2p/4P2q/2N5/PPP2PPP/R1BQKBNR w KQkq - 2 5
165,minic,348.1881990097149,black,1/2-1/2,0.5,10,MAX_PLIES_ADJUDICATION,1nb1kbnr/rppp1pp1/8/p2Pp2p/4P2q/2N2N2/PPP2PPP/R1BQKB1R w KQk - 4 6,Level=21,400,348.1881990097149,1,16.72937210003147,592,0.0023283385671675205,"[Event ""?""]
[Site ""?""]
[Date ""????.??.??""]
[Round ""?""]
[White ""minic""]
[Black ""MaleCNS-RD""]
[Result ""1/2-1/2""]
[FEN ""rnb1kbnr/1ppp1pp1/8/p2Pp2p/4P2q/2N5/PPP2PPP/R1BQKBNR w KQkq - 2 5""]
[SetUp ""1""]
[OpponentElo ""348.1881990097149""]
[Opening ""opening_015""]

5. Nf3 Ra7 1/2-1/2",opening_015,rnb1kbnr/1ppp1pp1/8/p2Pp2p/4P2q/2N5/PPP2PPP/R1BQKBNR w KQkq - 2 5
166,minic,348.1881990097149,white,1/2-1/2,0.5,10,MAX_PLIES_ADJUDICATION,rn1qkbnr/p2p1pp1/b3p3/1pP4p/5P2/1P6/P1P1PKPP/RNBQ1BNR w kq - 0 6,Level=21,400,348.1881990097149,1,14.008718299970496,512,6.090220995247364e-05,"[Event ""?""]
[Site ""?""]
[Date ""????.??.??""]
[Round ""?""]
[White ""MaleCNS-RD""]
[Black ""minic""]
[Result ""1/2-1/2""]
[FEN ""rn1qkbnr/p2pppp1/b7/1pP4p/5P2/8/PPP1PKPP/RNBQ1BNR w kq - 0 5""]
[SetUp ""1""]
[OpponentElo ""348.1881990097149""]
[Opening ""opening_016""]

5. b3 e6 1/2-1/2",opening_016,rn1qkbnr/p2pppp1/b7/1pP4p/5P2/8/PPP1PKPP/RNBQ1BNR w kq - 0 5
167,minic,348.1881990097149,black,1/2-1/2,0.5,10,MAX_PLIES_ADJUDICATION,rn2kbnr/p2pppp1/b7/qpP4p/5P2/4P3/PPP2KPP/RNBQ1BNR w kq - 1 6,Level=21,400,348.1881990097149,1,11.762169800000265,336,0.00013522827066481113,"[Event ""?""]
[Site ""?""]
[Date ""????.??.??""]
[Round ""?""]
[White ""minic""]
[Black ""MaleCNS-RD""]
[Result ""1/2-1/2""]
[FEN ""rn1qkbnr/p2pppp1/b7/1pP4p/5P2/8/PPP1PKPP/RNBQ1BNR w kq - 0 5""]
[SetUp ""1""]
[OpponentElo ""348.1881990097149""]
[Opening ""opening_016""]

5. e3 Qa5 1/2-1/2",opening_016,rn1qkbnr/p2pppp1/b7/1pP4p/5P2/8/PPP1PKPP/RNBQ1BNR w kq - 0 5
168,minic,348.1881990097149,white,1/2-1/2,0.5,10,MAX_PLIES_ADJUDICATION,rnbqkbnr/p1p3pp/1p1pp3/6P1/P3p3/1P6/2PP1P1P/RNBQKBNR w KQkq - 0 6,Level=21,400,348.1881990097149,1,14.347913799982052,528,6.182026118040085e-05,"[Event ""?""]
[Site ""?""]
[Date ""????.??.??""]
[Round ""?""]
[White ""MaleCNS-RD""]
[Black ""minic""]
[Result ""1/2-1/2""]
[FEN ""rnbqkbnr/p1p3pp/1p1pp3/5pP1/P3P3/8/1PPP1P1P/RNBQKBNR w KQkq - 0 5""]
[SetUp ""1""]
[OpponentElo ""348.1881990097149""]
[Opening ""opening_017""]

5. b3 fxe4 1/2-1/2",opening_017,rnbqkbnr/p1p3pp/1p1pp3/5pP1/P3P3/8/1PPP1P1P/RNBQKBNR w KQkq - 0 5
169,minic,348.1881990097149,black,1/2-1/2,0.5,10,MAX_PLIES_ADJUDICATION,rnb1kbnr/p1p1q1pp/1p1pp3/P4pP1/4P3/8/1PPP1P1P/RNBQKBNR w KQkq - 1 6,Level=21,400,348.1881990097149,1,13.318709199957084,464,0.0038680313155055046,"[Event ""?""]
[Site ""?""]
[Date ""????.??.??""]
[Round ""?""]
[White ""minic""]
[Black ""MaleCNS-RD""]
[Result ""1/2-1/2""]
[FEN ""rnbqkbnr/p1p3pp/1p1pp3/5pP1/P3P3/8/1PPP1P1P/RNBQKBNR w KQkq - 0 5""]
[SetUp ""1""]
[OpponentElo ""348.1881990097149""]
[Opening ""opening_017""]

5. a5 Qe7 1/2-1/2",opening_017,rnbqkbnr/p1p3pp/1p1pp3/5pP1/P3P3/8/1PPP1P1P/RNBQKBNR w KQkq - 0 5
170,minic,348.1881990097149,white,1/2-1/2,0.5,10,MAX_PLIES_ADJUDICATION,rnbqkb1r/ppp2ppp/3p4/3p1n2/8/1P4PP/P1P1PP2/RNBQKBNR w KQkq - 0 6,Level=21,400,348.1881990097149,1,13.040789399994537,448,6.086612120270729e-05,"[Event ""?""]
[Site ""?""]
[Date ""????.??.??""]
[Round ""?""]
[White ""MaleCNS-RD""]
[Black ""minic""]
[Result ""1/2-1/2""]
[FEN ""rnbqkb1r/ppp2ppp/3pp3/3P1n2/8/6PP/PPP1PP2/RNBQKBNR w KQkq - 1 5""]
[SetUp ""1""]
[OpponentElo ""348.1881990097149""]
[Opening ""opening_018""]

5. b3 exd5 1/2-1/2",opening_018,rnbqkb1r/ppp2ppp/3pp3/3P1n2/8/6PP/PPP1PP2/RNBQKBNR w KQkq - 1 5
171,minic,348.1881990097149,black,1/2-1/2,0.5,10,MAX_PLIES_ADJUDICATION,rnb1kb1r/ppp1qppp/3pp3/3P1n2/4P3/6PP/PPP2P2/RNBQKBNR w KQkq - 1 6,Level=21,400,348.1881990097149,1,13.483330699964426,512,0.00386700127273798,"[Event ""?""]
[Site ""?""]
[Date ""????.??.??""]
[Round ""?""]
[White ""minic""]
[Black ""MaleCNS-RD""]
[Result ""1/2-1/2""]
[FEN ""rnbqkb1r/ppp2ppp/3pp3/3P1n2/8/6PP/PPP1PP2/RNBQKBNR w KQkq - 1 5""]
[SetUp ""1""]
[OpponentElo ""348.1881990097149""]
[Opening ""opening_018""]

5. e4 Qe7 1/2-1/2",opening_018,rnbqkb1r/ppp2ppp/3pp3/3P1n2/8/6PP/PPP1PP2/RNBQKBNR w KQkq - 1 5
172,minic,348.1881990097149,white,1/2-1/2,0.5,10,MAX_PLIES_ADJUDICATION,rnb1kbnr/1pqppp2/2p4p/p5p1/3P4/1QP3PP/PP2PP2/RNB1KBNR w KQkq - 0 6,Level=21,400,348.1881990097149,1,14.722119299985934,528,0.0013455627486109734,"[Event ""?""]
[Site ""?""]
[Date ""????.??.??""]
[Round ""?""]
[White ""MaleCNS-RD""]
[Black ""minic""]
[Result ""1/2-1/2""]
[FEN ""rnb1kbnr/1pqppp1p/2p5/p5p1/3P4/1QP4P/PP2PPP1/RNB1KBNR w KQkq - 0 5""]
[SetUp ""1""]
[OpponentElo ""348.1881990097149""]
[Opening ""opening_019""]

5. g3 h6 1/2-1/2",opening_019,rnb1kbnr/1pqppp1p/2p5/p5p1/3P4/1QP4P/PP2PPP1/RNB1KBNR w KQkq - 0 5
173,minic,348.1881990097149,black,1/2-1/2,0.5,10,MAX_PLIES_ADJUDICATION,1nb1kbnr/rpqppp1p/2p5/p5B1/3P4/1QP4P/PP2PPP1/RN2KBNR w KQk - 1 6,Level=21,400,348.1881990097149,1,12.02959180000471,432,0.005831969901919365,"[Event ""?""]
[Site ""?""]
[Date ""????.??.??""]
[Round ""?""]
[White ""minic""]
[Black ""MaleCNS-RD""]
[Result ""1/2-1/2""]
[FEN ""rnb1kbnr/1pqppp1p/2p5/p5p1/3P4/1QP4P/PP2PPP1/RNB1KBNR w KQkq - 0 5""]
[SetUp ""1""]
[OpponentElo ""348.1881990097149""]
[Opening ""opening_019""]

5. Bxg5 Ra7 1/2-1/2",opening_019,rnb1kbnr/1pqppp1p/2p5/p5p1/3P4/1QP4P/PP2PPP1/RNB1KBNR w KQkq - 0 5
174,minic,348.1881990097149,white,1/2-1/2,0.5,10,MAX_PLIES_ADJUDICATION,rn1qkb1r/2pppppp/bp6/p7/4n3/3PP1P1/PPP2P1P/RNBQK1NR w KQkq - 0 6,Level=21,400,348.1881990097149,1,14.091396800009534,576,0.0009428802877664566,"[Event ""?""]
[Site ""?""]
[Date ""????.??.??""]
[Round ""?""]
[White ""MaleCNS-RD""]
[Black ""minic""]
[Result ""1/2-1/2""]
[FEN ""rn1qkb1r/2pppppp/bp3n2/p7/4B3/3PP3/PPP2PPP/RNBQK1NR w KQkq - 1 5""]
[SetUp ""1""]
[OpponentElo ""348.1881990097149""]
[Opening ""opening_000""]

5. g3 Nxe4 1/2-1/2",opening_000,rn1qkb1r/2pppppp/bp3n2/p7/4B3/3PP3/PPP2PPP/RNBQK1NR w KQkq - 1 5
175,minic,348.1881990097149,black,1/2-1/2,0.5,10,MAX_PLIES_ADJUDICATION,Bnq1kb1r/2pppppp/bp3n2/p7/8/3PP3/PPP2PPP/RNBQK1NR w KQk - 1 6,Level=21,400,348.1881990097149,1,13.033118100021966,400,0.0005378350615501404,"[Event ""?""]
[Site ""?""]
[Date ""????.??.??""]
[Round ""?""]
[White ""minic""]
[Black ""MaleCNS-RD""]
[Result ""1/2-1/2""]
[FEN ""rn1qkb1r/2pppppp/bp3n2/p7/4B3/3PP3/PPP2PPP/RNBQK1NR w KQkq - 1 5""]
[SetUp ""1""]
[OpponentElo ""348.1881990097149""]
[Opening ""opening_000""]

5. Bxa8 Qc8 1/2-1/2",opening_000,rn1qkb1r/2pppppp/bp3n2/p7/4B3/3PP3/PPP2PPP/RNBQK1NR w KQkq - 1 5
176,minic,348.1881990097149,white,1/2-1/2,0.5,10,MAX_PLIES_ADJUDICATION,r1bqkbnr/1p2pppp/2n5/p1pp4/6P1/NP5P/P1PPPP2/R1BQKBNR w KQkq - 1 6,Level=21,400,348.1881990097149,1,10.714945099956822,304,6.207171827554703e-05,"[Event ""?""]
[Site ""?""]
[Date ""????.??.??""]
[Round ""?""]
[White ""MaleCNS-RD""]
[Black ""minic""]
[Result ""1/2-1/2""]
[FEN ""rnbqkbnr/1p2pppp/8/p1pp4/6P1/N6P/PPPPPP2/R1BQKBNR w KQkq - 0 5""]
[SetUp ""1""]
[OpponentElo ""348.1881990097149""]
[Opening ""opening_001""]

5. b3 Nc6 1/2-1/2",opening_001,rnbqkbnr/1p2pppp/8/p1pp4/6P1/N6P/PPPPPP2/R1BQKBNR w KQkq - 0 5
177,minic,348.1881990097149,black,1/2-1/2,0.5,10,MAX_PLIES_ADJUDICATION,1nbqkbnr/rp2pppp/8/p1pp4/4P1P1/N6P/PPPP1P2/R1BQKBNR w KQk - 1 6,Level=21,400,348.1881990097149,1,14.376241999969352,480,0.004072621464729309,"[Event ""?""]
[Site ""?""]
[Date ""????.??.??""]
[Round ""?""]
[White ""minic""]
[Black ""MaleCNS-RD""]
[Result ""1/2-1/2""]
[FEN ""rnbqkbnr/1p2pppp/8/p1pp4/6P1/N6P/PPPPPP2/R1BQKBNR w KQkq - 0 5""]
[SetUp ""1""]
[OpponentElo ""348.1881990097149""]
[Opening ""opening_001""]

5. e4 Ra7 1/2-1/2",opening_001,rnbqkbnr/1p2pppp/8/p1pp4/6P1/N6P/PPPPPP2/R1BQKBNR w KQkq - 0 5
178,minic,348.1881990097149,white,1/2-1/2,0.5,10,MAX_PLIES_ADJUDICATION,rnb1kb1r/ppppnp1p/5qp1/4p3/2P4P/1P3PP1/P2PP3/RNBQKBNR w KQkq - 1 6,Level=21,400,348.1881990097149,1,11.944928599987179,352,0.001354600302875042,"[Event ""?""]
[Site ""?""]
[Date ""????.??.??""]
[Round ""?""]
[White ""MaleCNS-RD""]
[Black ""minic""]
[Result ""1/2-1/2""]
[FEN ""rnb1kbnr/pppp1p1p/5qp1/4p3/7P/1P3PP1/P1PPP3/RNBQKBNR w KQkq - 0 5""]
[SetUp ""1""]
[OpponentElo ""348.1881990097149""]
[Opening ""opening_002""]

5. c4 Ne7 1/2-1/2",opening_002,rnb1kbnr/pppp1p1p/5qp1/4p3/7P/1P3PP1/P1PPP3/RNBQKBNR w KQkq - 0 5
179,minic,348.1881990097149,black,1/2-1/2,0.5,10,MAX_PLIES_ADJUDICATION,rnb1kbnr/pppp1p1p/5qp1/8/4p2P/1PN2PP1/P1PPP3/R1BQKBNR w KQkq - 0 6,Level=21,400,348.1881990097149,1,20.01326199999312,608,0.003288229927420616,"[Event ""?""]
[Site ""?""]
[Date ""????.??.??""]
[Round ""?""]
[White ""minic""]
[Black ""MaleCNS-RD""]
[Result ""1/2-1/2""]
[FEN ""rnb1kbnr/pppp1p1p/5qp1/4p3/7P/1P3PP1/P1PPP3/RNBQKBNR w KQkq - 0 5""]
[SetUp ""1""]
[OpponentElo ""348.1881990097149""]
[Opening ""opening_002""]

5. Nc3 e4 1/2-1/2",opening_002,rnb1kbnr/pppp1p1p/5qp1/4p3/7P/1P3PP1/P1PPP3/RNBQKBNR w KQkq - 0 5
180,minic,348.1881990097149,white,1/2-1/2,0.5,10,MAX_PLIES_ADJUDICATION,rnb1k1nr/1ppp1ppp/1b2p3/p7/P6q/1PP2P1P/3PP1P1/RNBQKBNR w KQkq - 1 6,Level=21,400,348.1881990097149,1,9.354250599979423,272,6.207358092069626e-05,"[Event ""?""]
[Site ""?""]
[Date ""????.??.??""]
[Round ""?""]
[White ""MaleCNS-RD""]
[Black ""minic""]
[Result ""1/2-1/2""]
[FEN ""rnbqk1nr/1ppp1ppp/1b2p3/p7/P7/2P2P1P/1P1PP1P1/RNBQKBNR w KQkq - 1 5""]
[SetUp ""1""]
[OpponentElo ""348.1881990097149""]
[Opening ""opening_003""]

5. b3 Qh4+ 1/2-1/2",opening_003,rnbqk1nr/1ppp1ppp/1b2p3/p7/P7/2P2P1P/1P1PP1P1/RNBQKBNR w KQkq - 1 5
181,minic,348.1881990097149,black,1/2-1/2,0.5,10,MAX_PLIES_ADJUDICATION,rnb1k1nr/1pppqppp/1b2p3/p7/P2P4/2P2P1P/1P2P1P1/RNBQKBNR w KQkq - 1 6,Level=21,400,348.1881990097149,1,14.734180199971888,432,0.00154099240899086,"[Event ""?""]
[Site ""?""]
[Date ""????.??.??""]
[Round ""?""]
[White ""minic""]
[Black ""MaleCNS-RD""]
[Result ""1/2-1/2""]
[FEN ""rnbqk1nr/1ppp1ppp/1b2p3/p7/P7/2P2P1P/1P1PP1P1/RNBQKBNR w KQkq - 1 5""]
[SetUp ""1""]
[OpponentElo ""348.1881990097149""]
[Opening ""opening_003""]

5. d4 Qe7 1/2-1/2",opening_003,rnbqk1nr/1ppp1ppp/1b2p3/p7/P7/2P2P1P/1P1PP1P1/RNBQKBNR w KQkq - 1 5
182,minic,348.1881990097149,white,1/2-1/2,0.5,10,MAX_PLIES_ADJUDICATION,rn1qkbnr/1bppp1p1/1p3p2/p6p/2P5/4P1PP/PP1PKP2/RNBQ1BNR w kq - 1 6,Level=21,400,348.1881990097149,1,11.445611800008919,384,0.0009284541010856628,"[Event ""?""]
[Site ""?""]
[Date ""????.??.??""]
[Round ""?""]
[White ""MaleCNS-RD""]
[Black ""minic""]
[Result ""1/2-1/2""]
[FEN ""rnbqkbnr/2ppp1p1/1p3p2/p6p/2P5/4P2P/PP1PKPP1/RNBQ1BNR w kq - 0 5""]
[SetUp ""1""]
[OpponentElo ""348.1881990097149""]
[Opening ""opening_004""]

5. g3 Bb7 1/2-1/2",opening_004,rnbqkbnr/2ppp1p1/1p3p2/p6p/2P5/4P2P/PP1PKPP1/RNBQ1BNR w kq - 0 5
183,minic,348.1881990097149,black,1/2-1/2,0.5,10,MAX_PLIES_ADJUDICATION,1nbqkbnr/r1ppp1p1/1p3p2/p6p/2P5/4P2P/PP1P1PP1/RNBQKBNR w k - 2 6,Level=21,400,348.1881990097149,1,11.489215400011744,352,0.005552338436245918,"[Event ""?""]
[Site ""?""]
[Date ""????.??.??""]
[Round ""?""]
[White ""minic""]
[Black ""MaleCNS-RD""]
[Result ""1/2-1/2""]
[FEN ""rnbqkbnr/2ppp1p1/1p3p2/p6p/2P5/4P2P/PP1PKPP1/RNBQ1BNR w kq - 0 5""]
[SetUp ""1""]
[OpponentElo ""348.1881990097149""]
[Opening ""opening_004""]

5. Ke1 Ra7 1/2-1/2",opening_004,rnbqkbnr/2ppp1p1/1p3p2/p6p/2P5/4P2P/PP1PKPP1/RNBQ1BNR w kq - 0 5
184,minic,348.1881990097149,white,1/2-1/2,0.5,10,MAX_PLIES_ADJUDICATION,r1bqkb1r/ppp1pppp/2np1n2/8/2B1P3/1PP3P1/P2P1P1P/RNBQK1NR w KQkq - 1 6,Level=21,400,348.1881990097149,1,15.60912759997882,528,0.0013455897569656372,"[Event ""?""]
[Site ""?""]
[Date ""????.??.??""]
[Round ""?""]
[White ""MaleCNS-RD""]
[Black ""minic""]
[Result ""1/2-1/2""]
[FEN ""r1bqkb1r/ppp1pppp/3p1n2/8/1nB1P3/1PP5/P2P1PPP/RNBQK1NR w KQkq - 2 5""]
[SetUp ""1""]
[OpponentElo ""348.1881990097149""]
[Opening ""opening_005""]

5. g3 Nc6 1/2-1/2",opening_005,r1bqkb1r/ppp1pppp/3p1n2/8/1nB1P3/1PP5/P2P1PPP/RNBQK1NR w KQkq - 2 5
185,minic,348.1881990097149,black,1/2-1/2,0.5,10,MAX_PLIES_ADJUDICATION,r1b1kb1r/pppqpppp/3p1n2/8/1PB1P3/1P6/P2P1PPP/RNBQK1NR w KQkq - 1 6,Level=21,400,348.1881990097149,1,12.8258609000477,448,0.001751493662595749,"[Event ""?""]
[Site ""?""]
[Date ""????.??.??""]
[Round ""?""]
[White ""minic""]
[Black ""MaleCNS-RD""]
[Result ""1/2-1/2""]
[FEN ""r1bqkb1r/ppp1pppp/3p1n2/8/1nB1P3/1PP5/P2P1PPP/RNBQK1NR w KQkq - 2 5""]
[SetUp ""1""]
[OpponentElo ""348.1881990097149""]
[Opening ""opening_005""]

5. cxb4 Qd7 1/2-1/2",opening_005,r1bqkb1r/ppp1pppp/3p1n2/8/1nB1P3/1PP5/P2P1PPP/RNBQK1NR w KQkq - 2 5
186,minic,348.1881990097149,white,1/2-1/2,0.5,10,MAX_PLIES_ADJUDICATION,r1b1k1nr/pppp1ppp/n3p3/6q1/8/P1bP2P1/2PNPP1P/R1BQKBNR w KQkq - 1 6,Level=21,400,348.1881990097149,1,10.400091099960264,288,0.0013456041924655437,"[Event ""?""]
[Site ""?""]
[Date ""????.??.??""]
[Round ""?""]
[White ""MaleCNS-RD""]
[Black ""minic""]
[Result ""1/2-1/2""]
[FEN ""r1b1k1nr/pppp1ppp/n3p3/6q1/1b6/P2P4/2PNPPPP/R1BQKBNR w KQkq - 0 5""]
[SetUp ""1""]
[OpponentElo ""348.1881990097149""]
[Opening ""opening_006""]

5. g3 Bc3 1/2-1/2",opening_006,r1b1k1nr/pppp1ppp/n3p3/6q1/1b6/P2P4/2PNPPPP/R1BQKBNR w KQkq - 0 5
187,minic,348.1881990097149,black,1/2-1/2,0.5,10,MAX_PLIES_ADJUDICATION,r1b3nr/ppppkppp/n3p3/6q1/1P6/3P4/2PNPPPP/R1BQKBNR w KQ - 1 6,Level=21,400,348.1881990097149,1,22.05303880001884,656,3.8105063140392303e-06,"[Event ""?""]
[Site ""?""]
[Date ""????.??.??""]
[Round ""?""]
[White ""minic""]
[Black ""MaleCNS-RD""]
[Result ""1/2-1/2""]
[FEN ""r1b1k1nr/pppp1ppp/n3p3/6q1/1b6/P2P4/2PNPPPP/R1BQKBNR w KQkq - 0 5""]
[SetUp ""1""]
[OpponentElo ""348.1881990097149""]
[Opening ""opening_006""]

5. axb4 Ke7 1/2-1/2",opening_006,r1b1k1nr/pppp1ppp/n3p3/6q1/1b6/P2P4/2PNPPPP/R1BQKBNR w KQkq - 0 5
188,minic,348.1881990097149,white,1/2-1/2,0.5,10,MAX_PLIES_ADJUDICATION,rn1qkb1r/ppp1p1pp/3p1n2/1P3p2/8/2N2PP1/P1PPP2P/R1BQKbNR w KQkq - 0 6,Level=21,400,348.1881990097149,1,10.696144199988339,336,0.007726308889687061,"[Event ""?""]
[Site ""?""]
[Date ""????.??.??""]
[Round ""?""]
[White ""MaleCNS-RD""]
[Black ""minic""]
[Result ""1/2-1/2""]
[FEN ""rn1qkb1r/ppp1p1pp/3p1n2/5p2/1P6/2N2PPb/P1PPP2P/R1BQKBNR w KQkq - 1 5""]
[SetUp ""1""]
[OpponentElo ""348.1881990097149""]
[Opening ""opening_007""]

5. b5 Bxf1 1/2-1/2",opening_007,rn1qkb1r/ppp1p1pp/3p1n2/5p2/1P6/2N2PPb/P1PPP2P/R1BQKBNR w KQkq - 1 5
189,minic,348.1881990097149,black,1/2-1/2,0.5,10,MAX_PLIES_ADJUDICATION,rn2kb1r/pppqp1pp/3p1n2/5p2/1P6/2N2PPN/P1PPP2P/R1BQKB1R w KQkq - 1 6,Level=21,400,348.1881990097149,1,12.770893700013403,448,0.0001868065446615219,"[Event ""?""]
[Site ""?""]
[Date ""????.??.??""]
[Round ""?""]
[White ""minic""]
[Black ""MaleCNS-RD""]
[Result ""1/2-1/2""]
[FEN ""rn1qkb1r/ppp1p1pp/3p1n2/5p2/1P6/2N2PPb/P1PPP2P/R1BQKBNR w KQkq - 1 5""]
[SetUp ""1""]
[OpponentElo ""348.1881990097149""]
[Opening ""opening_007""]

5. Nxh3 Qd7 1/2-1/2",opening_007,rn1qkb1r/ppp1p1pp/3p1n2/5p2/1P6/2N2PPb/P1PPP2P/R1BQKBNR w KQkq - 1 5
190,minic,348.1881990097149,white,1/2-1/2,0.5,10,MAX_PLIES_ADJUDICATION,r1bq1bnr/pppkpppp/8/8/4p3/1PN5/P1PP1PPP/R1BQK1NR w KQ - 0 6,Level=21,400,348.1881990097149,1,13.820968999993056,464,6.206333637237549e-05,"[Event ""?""]
[Site ""?""]
[Date ""????.??.??""]
[Round ""?""]
[White ""MaleCNS-RD""]
[Black ""minic""]
[Result ""1/2-1/2""]
[FEN ""r1bq1bnr/pppkpppp/8/3p4/4P3/2N5/PPPP1PPP/R1BQK1NR w KQ - 0 5""]
[SetUp ""1""]
[OpponentElo ""348.1881990097149""]
[Opening ""opening_008""]

5. b3 dxe4 1/2-1/2",opening_008,r1bq1bnr/pppkpppp/8/3p4/4P3/2N5/PPPP1PPP/R1BQK1NR w KQ - 0 5
191,minic,348.1881990097149,black,1/2-1/2,0.5,10,MAX_PLIES_ADJUDICATION,r1b1qbnr/pppkpppp/8/3N4/4P3/8/PPPP1PPP/R1BQK1NR w KQ - 1 6,Level=21,400,348.1881990097149,1,11.642758899950422,352,0.001249397173523903,"[Event ""?""]
[Site ""?""]
[Date ""????.??.??""]
[Round ""?""]
[White ""minic""]
[Black ""MaleCNS-RD""]
[Result ""1/2-1/2""]
[FEN ""r1bq1bnr/pppkpppp/8/3p4/4P3/2N5/PPPP1PPP/R1BQK1NR w KQ - 0 5""]
[SetUp ""1""]
[OpponentElo ""348.1881990097149""]
[Opening ""opening_008""]

5. Nxd5 Qe8 1/2-1/2",opening_008,r1bq1bnr/pppkpppp/8/3p4/4P3/2N5/PPPP1PPP/R1BQK1NR w KQ - 0 5
192,minic,348.1881990097149,white,1/2-1/2,0.5,10,MAX_PLIES_ADJUDICATION,rn1q1bnr/pbppkp1p/1p4p1/4p3/8/1P1P2P1/P1PNPP1P/RNBQKB1R w KQ - 1 6,Level=21,400,348.1881990097149,1,12.174036199983675,368,6.067659705877304e-05,"[Event ""?""]
[Site ""?""]
[Date ""????.??.??""]
[Round ""?""]
[White ""MaleCNS-RD""]
[Black ""minic""]
[Result ""1/2-1/2""]
[FEN ""rnbq1bnr/p1ppkp1p/1p4p1/4p3/8/3P2P1/PPPNPP1P/RNBQKB1R w KQ - 2 5""]
[SetUp ""1""]
[OpponentElo ""348.1881990097149""]
[Opening ""opening_009""]

5. b3 Bb7 1/2-1/2",opening_009,rnbq1bnr/p1ppkp1p/1p4p1/4p3/8/3P2P1/PPPNPP1P/RNBQKB1R w KQ - 2 5
193,minic,348.1881990097149,black,1/2-1/2,0.5,10,MAX_PLIES_ADJUDICATION,rnbq1bnr/p1ppkp1p/1p4p1/8/4p3/3P2P1/PPPNPPBP/RNBQK2R w KQ - 0 6,Level=21,400,348.1881990097149,1,13.489280699985102,416,0.005675110034644604,"[Event ""?""]
[Site ""?""]
[Date ""????.??.??""]
[Round ""?""]
[White ""minic""]
[Black ""MaleCNS-RD""]
[Result ""1/2-1/2""]
[FEN ""rnbq1bnr/p1ppkp1p/1p4p1/4p3/8/3P2P1/PPPNPP1P/RNBQKB1R w KQ - 2 5""]
[SetUp ""1""]
[OpponentElo ""348.1881990097149""]
[Opening ""opening_009""]

5. Bg2 e4 1/2-1/2",opening_009,rnbq1bnr/p1ppkp1p/1p4p1/4p3/8/3P2P1/PPPNPP1P/RNBQKB1R w KQ - 2 5
194,minic,348.1881990097149,white,1/2-1/2,0.5,10,MAX_PLIES_ADJUDICATION,rn1qkbnr/1pp1ppp1/p6p/3p4/2P2P2/PP5b/3PP1PP/RNBQKB1R w KQkq - 0 6,Level=21,400,348.1881990097149,1,10.595921300002374,336,6.20521605014801e-05,"[Event ""?""]
[Site ""?""]
[Date ""????.??.??""]
[Round ""?""]
[White ""MaleCNS-RD""]
[Black ""minic""]
[Result ""1/2-1/2""]
[FEN ""rn1qkbnr/1pp1ppp1/p6p/3p1b2/2P2P2/P6N/1P1PP1PP/RNBQKB1R w KQkq - 0 5""]
[SetUp ""1""]
[OpponentElo ""348.1881990097149""]
[Opening ""opening_010""]

5. b3 Bxh3 1/2-1/2",opening_010,rn1qkbnr/1pp1ppp1/p6p/3p1b2/2P2P2/P6N/1P1PP1PP/RNBQKB1R w KQkq - 0 5
195,minic,348.1881990097149,black,1/2-1/2,0.5,10,MAX_PLIES_ADJUDICATION,1n1qkbnr/rpp1ppp1/p6p/3p1b2/2P2P2/P7/1P1PPNPP/RNBQKB1R w KQk - 2 6,Level=21,400,348.1881990097149,1,14.444095500046387,528,0.004072070121765137,"[Event ""?""]
[Site ""?""]
[Date ""????.??.??""]
[Round ""?""]
[White ""minic""]
[Black ""MaleCNS-RD""]
[Result ""1/2-1/2""]
[FEN ""rn1qkbnr/1pp1ppp1/p6p/3p1b2/2P2P2/P6N/1P1PP1PP/RNBQKB1R w KQkq - 0 5""]
[SetUp ""1""]
[OpponentElo ""348.1881990097149""]
[Opening ""opening_010""]

5. Nf2 Ra7 1/2-1/2",opening_010,rn1qkbnr/1pp1ppp1/p6p/3p1b2/2P2P2/P6N/1P1PP1PP/RNBQKB1R w KQkq - 0 5
196,minic,348.1881990097149,white,1/2-1/2,0.5,10,MAX_PLIES_ADJUDICATION,r1bqkb1r/pp1p2pp/n1p1pn2/5p2/P2P1B2/1P6/2P1PPPP/RN1QKBNR w KQkq - 1 6,Level=21,400,348.1881990097149,1,16.165353899996262,544,6.0927122831344604e-05,"[Event ""?""]
[Site ""?""]
[Date ""????.??.??""]
[Round ""?""]
[White ""MaleCNS-RD""]
[Black ""minic""]
[Result ""1/2-1/2""]
[FEN ""r1bqkbnr/pp1p2pp/n1p1p3/5p2/P2P1B2/8/1PP1PPPP/RN1QKBNR w KQkq - 0 5""]
[SetUp ""1""]
[OpponentElo ""348.1881990097149""]
[Opening ""opening_011""]

5. b3 Nf6 1/2-1/2",opening_011,r1bqkbnr/pp1p2pp/n1p1p3/5p2/P2P1B2/8/1PP1PPPP/RN1QKBNR w KQkq - 0 5
197,minic,348.1881990097149,black,1/2-1/2,0.5,10,MAX_PLIES_ADJUDICATION,r1b1kbnr/pp1pq1pp/n1p1p3/5p2/P2P1B2/4P3/1PP2PPP/RN1QKBNR w KQkq - 1 6,Level=21,400,348.1881990097149,1,13.040374999982305,512,0.0038684478495270014,"[Event ""?""]
[Site ""?""]
[Date ""????.??.??""]
[Round ""?""]
[White ""minic""]
[Black ""MaleCNS-RD""]
[Result ""1/2-1/2""]
[FEN ""r1bqkbnr/pp1p2pp/n1p1p3/5p2/P2P1B2/8/1PP1PPPP/RN1QKBNR w KQkq - 0 5""]
[SetUp ""1""]
[OpponentElo ""348.1881990097149""]
[Opening ""opening_011""]

5. e3 Qe7 1/2-1/2",opening_011,r1bqkbnr/pp1p2pp/n1p1p3/5p2/P2P1B2/8/1PP1PPPP/RN1QKBNR w KQkq - 0 5
198,minic,348.1881990097149,white,1/2-1/2,0.5,10,MAX_PLIES_ADJUDICATION,r1bqkbnr/ppppppp1/8/8/Q1P3p1/1P1P4/P2P1P1P/RNB1KBNR w KQkq - 0 6,Level=21,400,348.1881990097149,1,1.918915599992033,32,0.001129799522459507,"[Event ""?""]
[Site ""?""]
[Date ""????.??.??""]
[Round ""?""]
[White ""MaleCNS-RD""]
[Black ""minic""]
[Result ""1/2-1/2""]
[FEN ""r1bqkbnr/ppppppp1/8/7p/Q1P3P1/1P1n4/P2PPP1P/RNB1KBNR w KQkq - 1 5""]
[SetUp ""1""]
[OpponentElo ""348.1881990097149""]
[Opening ""opening_012""]

5. exd3 hxg4 1/2-1/2",opening_012,r1bqkbnr/ppppppp1/8/7p/Q1P3P1/1P1n4/P2PPP1P/RNB1KBNR w KQkq - 1 5
199,minic,348.1881990097149,black,1/2-1/2,0.5,10,MAX_PLIES_ADJUDICATION,r1bqkbnr/p1ppppp1/8/1p5p/Q1P3P1/1P1P4/P2P1P1P/RNB1KBNR w KQkq - 0 6,Level=21,400,348.1881990097149,1,11.053204800002277,304,0.0010873572900891304,"[Event ""?""]
[Site ""?""]
[Date ""????.??.??""]
[Round ""?""]
[White ""minic""]
[Black ""MaleCNS-RD""]
[Result ""1/2-1/2""]
[FEN ""r1bqkbnr/ppppppp1/8/7p/Q1P3P1/1P1n4/P2PPP1P/RNB1KBNR w KQkq - 1 5""]
[SetUp ""1""]
[OpponentElo ""348.1881990097149""]
[Opening ""opening_012""]

5. exd3 b5 1/2-1/2",opening_012,r1bqkbnr/ppppppp1/8/7p/Q1P3P1/1P1n4/P2PPP1P/RNB1KBNR w KQkq - 1 5
200,minic,348.1881990097149,white,1/2-1/2,0.5,10,MAX_PLIES_ADJUDICATION,rnbqk1nr/ppp3pp/3bpp2/3p4/8/1PPP4/P3PPPP/RNBQKBNR w KQkq - 1 6,Level=21,400,348.1881990097149,1,14.182731100008823,448,6.089359521865845e-05,"[Event ""?""]
[Site ""?""]
[Date ""????.??.??""]
[Round ""?""]
[White ""MaleCNS-RD""]
[Black ""minic""]
[Result ""1/2-1/2""]
[FEN ""rnbqkbnr/ppp3pp/4pp2/3p4/8/2PP4/PP2PPPP/RNBQKBNR w KQkq - 0 5""]
[SetUp ""1""]
[OpponentElo ""348.1881990097149""]
[Opening ""opening_013""]

5. b3 Bd6 1/2-1/2",opening_013,rnbqkbnr/ppp3pp/4pp2/3p4/8/2PP4/PP2PPPP/RNBQKBNR w KQkq - 0 5
201,minic,348.1881990097149,black,1/2-1/2,0.5,10,MAX_PLIES_ADJUDICATION,rnb1kbnr/ppp1q1pp/4pp2/3p4/8/2PP4/PP1NPPPP/R1BQKBNR w KQkq - 2 6,Level=21,400,348.1881990097149,1,13.986218200006988,480,0.003875110298395157,"[Event ""?""]
[Site ""?""]
[Date ""????.??.??""]
[Round ""?""]
[White ""minic""]
[Black ""MaleCNS-RD""]
[Result ""1/2-1/2""]
[FEN ""rnbqkbnr/ppp3pp/4pp2/3p4/8/2PP4/PP2PPPP/RNBQKBNR w KQkq - 0 5""]
[SetUp ""1""]
[OpponentElo ""348.1881990097149""]
[Opening ""opening_013""]

5. Nd2 Qe7 1/2-1/2",opening_013,rnbqkbnr/ppp3pp/4pp2/3p4/8/2PP4/PP2PPPP/RNBQKBNR w KQkq - 0 5
202,minic,348.1881990097149,white,1/2-1/2,0.5,10,MAX_PLIES_ADJUDICATION,rnbqk1nr/ppppp1bp/6p1/8/2P2pPP/PP6/3PPP2/RNBQKBNR w KQkq - 1 6,Level=21,400,348.1881990097149,1,12.164871899993159,352,6.20279461145401e-05,"[Event ""?""]
[Site ""?""]
[Date ""????.??.??""]
[Round ""?""]
[White ""MaleCNS-RD""]
[Black ""minic""]
[Result ""1/2-1/2""]
[FEN ""rnbqk1nr/ppppp2p/6pb/8/2P2pPP/P7/1P1PPP2/RNBQKBNR w KQkq - 0 5""]
[SetUp ""1""]
[OpponentElo ""348.1881990097149""]
[Opening ""opening_014""]

5. b3 Bg7 1/2-1/2",opening_014,rnbqk1nr/ppppp2p/6pb/8/2P2pPP/P7/1P1PPP2/RNBQKBNR w KQkq - 0 5
203,minic,348.1881990097149,black,1/2-1/2,0.5,10,MAX_PLIES_ADJUDICATION,rnbqk1nr/p1ppp2p/6pb/1p6/2PP1pPP/P7/1P2PP2/RNBQKBNR w KQkq - 0 6,Level=21,400,348.1881990097149,1,12.124502999999095,320,0.0019688960164785385,"[Event ""?""]
[Site ""?""]
[Date ""????.??.??""]
[Round ""?""]
[White ""minic""]
[Black ""MaleCNS-RD""]
[Result ""1/2-1/2""]
[FEN ""rnbqk1nr/ppppp2p/6pb/8/2P2pPP/P7/1P1PPP2/RNBQKBNR w KQkq - 0 5""]
[SetUp ""1""]
[OpponentElo ""348.1881990097149""]
[Opening ""opening_014""]

5. d4 b5 1/2-1/2",opening_014,rnbqk1nr/ppppp2p/6pb/8/2P2pPP/P7/1P1PPP2/RNBQKBNR w KQkq - 0 5
204,minic,348.1881990097149,white,1/2-1/2,0.5,10,MAX_PLIES_ADJUDICATION,rnb1k1nr/1ppp1pp1/8/p2Pp2p/1b2P2q/1PN5/P1P2PPP/R1BQKBNR w KQkq - 1 6,Level=21,400,348.1881990097149,1,17.47040620003827,560,6.0861260863021016e-05,"[Event ""?""]
[Site ""?""]
[Date ""????.??.??""]
[Round ""?""]
[White ""MaleCNS-RD""]
[Black ""minic""]
[Result ""1/2-1/2""]
[FEN ""rnb1kbnr/1ppp1pp1/8/p2Pp2p/4P2q/2N5/PPP2PPP/R1BQKBNR w KQkq - 2 5""]
[SetUp ""1""]
[OpponentElo ""348.1881990097149""]
[Opening ""opening_015""]

5. b3 Bb4 1/2-1/2",opening_015,rnb1kbnr/1ppp1pp1/8/p2Pp2p/4P2q/2N5/PPP2PPP/R1BQKBNR w KQkq - 2 5
205,minic,348.1881990097149,black,1/2-1/2,0.5,10,MAX_PLIES_ADJUDICATION,1nb1kbnr/rppp1pp1/8/p2Pp2p/4P2q/2N2N2/PPP2PPP/R1BQKB1R w KQk - 4 6,Level=21,400,348.1881990097149,1,15.18961970001692,592,0.0023283385671675205,"[Event ""?""]
[Site ""?""]
[Date ""????.??.??""]
[Round ""?""]
[White ""minic""]
[Black ""MaleCNS-RD""]
[Result ""1/2-1/2""]
[FEN ""rnb1kbnr/1ppp1pp1/8/p2Pp2p/4P2q/2N5/PPP2PPP/R1BQKBNR w KQkq - 2 5""]
[SetUp ""1""]
[OpponentElo ""348.1881990097149""]
[Opening ""opening_015""]

5. Nf3 Ra7 1/2-1/2",opening_015,rnb1kbnr/1ppp1pp1/8/p2Pp2p/4P2q/2N5/PPP2PPP/R1BQKBNR w KQkq - 2 5
206,minic,348.1881990097149,white,1/2-1/2,0.5,10,MAX_PLIES_ADJUDICATION,rn1qkbnr/p2p1pp1/b3p3/1pP4p/5P2/1P6/P1P1PKPP/RNBQ1BNR w kq - 0 6,Level=21,400,348.1881990097149,1,13.390676499984693,512,6.090220995247364e-05,"[Event ""?""]
[Site ""?""]
[Date ""????.??.??""]
[Round ""?""]
[White ""MaleCNS-RD""]
[Black ""minic""]
[Result ""1/2-1/2""]
[FEN ""rn1qkbnr/p2pppp1/b7/1pP4p/5P2/8/PPP1PKPP/RNBQ1BNR w kq - 0 5""]
[SetUp ""1""]
[OpponentElo ""348.1881990097149""]
[Opening ""opening_016""]

5. b3 e6 1/2-1/2",opening_016,rn1qkbnr/p2pppp1/b7/1pP4p/5P2/8/PPP1PKPP/RNBQ1BNR w kq - 0 5
207,minic,348.1881990097149,black,1/2-1/2,0.5,10,MAX_PLIES_ADJUDICATION,rn2kbnr/p2pppp1/b7/qpP4p/1P3P2/8/P1P1PKPP/RNBQ1BNR w kq - 1 6,Level=21,400,348.1881990097149,1,10.061133999959566,320,0.000135208509163931,"[Event ""?""]
[Site ""?""]
[Date ""????.??.??""]
[Round ""?""]
[White ""minic""]
[Black ""MaleCNS-RD""]
[Result ""1/2-1/2""]
[FEN ""rn1qkbnr/p2pppp1/b7/1pP4p/5P2/8/PPP1PKPP/RNBQ1BNR w kq - 0 5""]
[SetUp ""1""]
[OpponentElo ""348.1881990097149""]
[Opening ""opening_016""]

5. b4 Qa5 1/2-1/2",opening_016,rn1qkbnr/p2pppp1/b7/1pP4p/5P2/8/PPP1PKPP/RNBQ1BNR w kq - 0 5
208,minic,348.1881990097149,white,1/2-1/2,0.5,10,MAX_PLIES_ADJUDICATION,rn1qkbnr/pbp3pp/1p1pp3/5pP1/P3P3/1P6/2PP1P1P/RNBQKBNR w KQkq - 1 6,Level=21,400,348.1881990097149,1,15.45146799995564,528,6.182026118040085e-05,"[Event ""?""]
[Site ""?""]
[Date ""????.??.??""]
[Round ""?""]
[White ""MaleCNS-RD""]
[Black ""minic""]
[Result ""1/2-1/2""]
[FEN ""rnbqkbnr/p1p3pp/1p1pp3/5pP1/P3P3/8/1PPP1P1P/RNBQKBNR w KQkq - 0 5""]
[SetUp ""1""]
[OpponentElo ""348.1881990097149""]
[Opening ""opening_017""]

5. b3 Bb7 1/2-1/2",opening_017,rnbqkbnr/p1p3pp/1p1pp3/5pP1/P3P3/8/1PPP1P1P/RNBQKBNR w KQkq - 0 5
209,minic,348.1881990097149,black,1/2-1/2,0.5,10,MAX_PLIES_ADJUDICATION,rnb1kbnr/p1p1q1pp/1p1pp3/P4pP1/4P3/8/1PPP1P1P/RNBQKBNR w KQkq - 1 6,Level=21,400,348.1881990097149,1,14.946016300003976,464,0.0038680313155055046,"[Event ""?""]
[Site ""?""]
[Date ""????.??.??""]
[Round ""?""]
[White ""minic""]
[Black ""MaleCNS-RD""]
[Result ""1/2-1/2""]
[FEN ""rnbqkbnr/p1p3pp/1p1pp3/5pP1/P3P3/8/1PPP1P1P/RNBQKBNR w KQkq - 0 5""]
[SetUp ""1""]
[OpponentElo ""348.1881990097149""]
[Opening ""opening_017""]

5. a5 Qe7 1/2-1/2",opening_017,rnbqkbnr/p1p3pp/1p1pp3/5pP1/P3P3/8/1PPP1P1P/RNBQKBNR w KQkq - 0 5
210,minic,348.1881990097149,white,1/2-1/2,0.5,10,MAX_PLIES_ADJUDICATION,rnbqkb1r/ppp2ppp/3p4/3p1n2/8/1P4PP/P1P1PP2/RNBQKBNR w KQkq - 0 6,Level=21,400,348.1881990097149,1,13.780384699988645,448,6.086612120270729e-05,"[Event ""?""]
[Site ""?""]
[Date ""????.??.??""]
[Round ""?""]
[White ""MaleCNS-RD""]
[Black ""minic""]
[Result ""1/2-1/2""]
[FEN ""rnbqkb1r/ppp2ppp/3pp3/3P1n2/8/6PP/PPP1PP2/RNBQKBNR w KQkq - 1 5""]
[SetUp ""1""]
[OpponentElo ""348.1881990097149""]
[Opening ""opening_018""]

5. b3 exd5 1/2-1/2",opening_018,rnbqkb1r/ppp2ppp/3pp3/3P1n2/8/6PP/PPP1PP2/RNBQKBNR w KQkq - 1 5
211,minic,348.1881990097149,black,1/2-1/2,0.5,10,MAX_PLIES_ADJUDICATION,rnb1kb1r/ppp1qppp/3pp3/3P1n2/4P3/6PP/PPP2P2/RNBQKBNR w KQkq - 1 6,Level=21,400,348.1881990097149,1,13.696426599984989,512,0.00386700127273798,"[Event ""?""]
[Site ""?""]
[Date ""????.??.??""]
[Round ""?""]
[White ""minic""]
[Black ""MaleCNS-RD""]
[Result ""1/2-1/2""]
[FEN ""rnbqkb1r/ppp2ppp/3pp3/3P1n2/8/6PP/PPP1PP2/RNBQKBNR w KQkq - 1 5""]
[SetUp ""1""]
[OpponentElo ""348.1881990097149""]
[Opening ""opening_018""]

5. e4 Qe7 1/2-1/2",opening_018,rnbqkb1r/ppp2ppp/3pp3/3P1n2/8/6PP/PPP1PP2/RNBQKBNR w KQkq - 1 5
212,minic,348.1881990097149,white,1/2-1/2,0.5,10,MAX_PLIES_ADJUDICATION,rnb1kbnr/1pqppp2/2p4p/p5p1/3P4/1QP3PP/PP2PP2/RNB1KBNR w KQkq - 0 6,Level=21,400,348.1881990097149,1,15.608269400021527,528,0.0013455627486109734,"[Event ""?""]
[Site ""?""]
[Date ""????.??.??""]
[Round ""?""]
[White ""MaleCNS-RD""]
[Black ""minic""]
[Result ""1/2-1/2""]
[FEN ""rnb1kbnr/1pqppp1p/2p5/p5p1/3P4/1QP4P/PP2PPP1/RNB1KBNR w KQkq - 0 5""]
[SetUp ""1""]
[OpponentElo ""348.1881990097149""]
[Opening ""opening_019""]

5. g3 h6 1/2-1/2",opening_019,rnb1kbnr/1pqppp1p/2p5/p5p1/3P4/1QP4P/PP2PPP1/RNB1KBNR w KQkq - 0 5
213,minic,348.1881990097149,black,1/2-1/2,0.5,10,MAX_PLIES_ADJUDICATION,1nb1kbnr/rpqppp1p/2p5/p5B1/3P4/1QP4P/PP2PPP1/RN2KBNR w KQk - 1 6,Level=21,400,348.1881990097149,1,14.17165799997747,432,0.005831969901919365,"[Event ""?""]
[Site ""?""]
[Date ""????.??.??""]
[Round ""?""]
[White ""minic""]
[Black ""MaleCNS-RD""]
[Result ""1/2-1/2""]
[FEN ""rnb1kbnr/1pqppp1p/2p5/p5p1/3P4/1QP4P/PP2PPP1/RNB1KBNR w KQkq - 0 5""]
[SetUp ""1""]
[OpponentElo ""348.1881990097149""]
[Opening ""opening_019""]

5. Bxg5 Ra7 1/2-1/2",opening_019,rnb1kbnr/1pqppp1p/2p5/p5p1/3P4/1QP4P/PP2PPP1/RNB1KBNR w KQkq - 0 5
214,minic,348.1881990097149,white,1/2-1/2,0.5,10,MAX_PLIES_ADJUDICATION,rn1qkb1r/2pppppp/bp6/p7/4n3/3PP1P1/PPP2P1P/RNBQK1NR w KQkq - 0 6,Level=21,400,348.1881990097149,1,19.740705500007607,576,0.0009428802877664566,"[Event ""?""]
[Site ""?""]
[Date ""????.??.??""]
[Round ""?""]
[White ""MaleCNS-RD""]
[Black ""minic""]
[Result ""1/2-1/2""]
[FEN ""rn1qkb1r/2pppppp/bp3n2/p7/4B3/3PP3/PPP2PPP/RNBQK1NR w KQkq - 1 5""]
[SetUp ""1""]
[OpponentElo ""348.1881990097149""]
[Opening ""opening_000""]

5. g3 Nxe4 1/2-1/2",opening_000,rn1qkb1r/2pppppp/bp3n2/p7/4B3/3PP3/PPP2PPP/RNBQK1NR w KQkq - 1 5
215,minic,348.1881990097149,black,1/2-1/2,0.5,10,MAX_PLIES_ADJUDICATION,Bnq1kb1r/2pppppp/bp3n2/p7/8/3PP3/PPP2PPP/RNBQK1NR w KQk - 1 6,Level=21,400,348.1881990097149,1,15.4715251000016,400,0.0005378350615501404,"[Event ""?""]
[Site ""?""]
[Date ""????.??.??""]
[Round ""?""]
[White ""minic""]
[Black ""MaleCNS-RD""]
[Result ""1/2-1/2""]
[FEN ""rn1qkb1r/2pppppp/bp3n2/p7/4B3/3PP3/PPP2PPP/RNBQK1NR w KQkq - 1 5""]
[SetUp ""1""]
[OpponentElo ""348.1881990097149""]
[Opening ""opening_000""]

5. Bxa8 Qc8 1/2-1/2",opening_000,rn1qkb1r/2pppppp/bp3n2/p7/4B3/3PP3/PPP2PPP/RNBQK1NR w KQkq - 1 5
216,minic,348.1881990097149,white,1/2-1/2,0.5,10,MAX_PLIES_ADJUDICATION,r1bqkbnr/1p2pppp/2n5/p1pp4/6P1/NP5P/P1PPPP2/R1BQKBNR w KQkq - 1 6,Level=21,400,348.1881990097149,1,12.333741899987217,304,6.207171827554703e-05,"[Event ""?""]
[Site ""?""]
[Date ""????.??.??""]
[Round ""?""]
[White ""MaleCNS-RD""]
[Black ""minic""]
[Result ""1/2-1/2""]
[FEN ""rnbqkbnr/1p2pppp/8/p1pp4/6P1/N6P/PPPPPP2/R1BQKBNR w KQkq - 0 5""]
[SetUp ""1""]
[OpponentElo ""348.1881990097149""]
[Opening ""opening_001""]

5. b3 Nc6 1/2-1/2",opening_001,rnbqkbnr/1p2pppp/8/p1pp4/6P1/N6P/PPPPPP2/R1BQKBNR w KQkq - 0 5
217,minic,348.1881990097149,black,1/2-1/2,0.5,10,MAX_PLIES_ADJUDICATION,1nbqkbnr/rp2pppp/8/p1pp4/4P1P1/N6P/PPPP1P2/R1BQKBNR w KQk - 1 6,Level=21,400,348.1881990097149,1,14.1538749000174,480,0.004072621464729309,"[Event ""?""]
[Site ""?""]
[Date ""????.??.??""]
[Round ""?""]
[White ""minic""]
[Black ""MaleCNS-RD""]
[Result ""1/2-1/2""]
[FEN ""rnbqkbnr/1p2pppp/8/p1pp4/6P1/N6P/PPPPPP2/R1BQKBNR w KQkq - 0 5""]
[SetUp ""1""]
[OpponentElo ""348.1881990097149""]
[Opening ""opening_001""]

5. e4 Ra7 1/2-1/2",opening_001,rnbqkbnr/1p2pppp/8/p1pp4/6P1/N6P/PPPPPP2/R1BQKBNR w KQkq - 0 5
218,minic,348.1881990097149,white,1/2-1/2,0.5,10,MAX_PLIES_ADJUDICATION,rnb1kb1r/ppppnp1p/5qp1/4p3/2P4P/1P3PP1/P2PP3/RNBQKBNR w KQkq - 1 6,Level=21,400,348.1881990097149,1,11.63271989999339,352,0.001354600302875042,"[Event ""?""]
[Site ""?""]
[Date ""????.??.??""]
[Round ""?""]
[White ""MaleCNS-RD""]
[Black ""minic""]
[Result ""1/2-1/2""]
[FEN ""rnb1kbnr/pppp1p1p/5qp1/4p3/7P/1P3PP1/P1PPP3/RNBQKBNR w KQkq - 0 5""]
[SetUp ""1""]
[OpponentElo ""348.1881990097149""]
[Opening ""opening_002""]

5. c4 Ne7 1/2-1/2",opening_002,rnb1kbnr/pppp1p1p/5qp1/4p3/7P/1P3PP1/P1PPP3/RNBQKBNR w KQkq - 0 5
219,minic,348.1881990097149,black,1/2-1/2,0.5,10,MAX_PLIES_ADJUDICATION,rnb1kbnr/pppp1p1p/5qp1/8/4p2P/1PN2PP1/P1PPP3/R1BQKBNR w KQkq - 0 6,Level=21,400,348.1881990097149,1,21.82117109996034,608,0.003288229927420616,"[Event ""?""]
[Site ""?""]
[Date ""????.??.??""]
[Round ""?""]
[White ""minic""]
[Black ""MaleCNS-RD""]
[Result ""1/2-1/2""]
[FEN ""rnb1kbnr/pppp1p1p/5qp1/4p3/7P/1P3PP1/P1PPP3/RNBQKBNR w KQkq - 0 5""]
[SetUp ""1""]
[OpponentElo ""348.1881990097149""]
[Opening ""opening_002""]

5. Nc3 e4 1/2-1/2",opening_002,rnb1kbnr/pppp1p1p/5qp1/4p3/7P/1P3PP1/P1PPP3/RNBQKBNR w KQkq - 0 5
220,minic,348.1881990097149,white,1/2-1/2,0.5,10,MAX_PLIES_ADJUDICATION,rnb1k1nr/1ppp1ppp/1b2p3/p7/P6q/1PP2P1P/3PP1P1/RNBQKBNR w KQkq - 1 6,Level=21,400,348.1881990097149,1,9.355544000049122,272,6.207358092069626e-05,"[Event ""?""]
[Site ""?""]
[Date ""????.??.??""]
[Round ""?""]
[White ""MaleCNS-RD""]
[Black ""minic""]
[Result ""1/2-1/2""]
[FEN ""rnbqk1nr/1ppp1ppp/1b2p3/p7/P7/2P2P1P/1P1PP1P1/RNBQKBNR w KQkq - 1 5""]
[SetUp ""1""]
[OpponentElo ""348.1881990097149""]
[Opening ""opening_003""]

5. b3 Qh4+ 1/2-1/2",opening_003,rnbqk1nr/1ppp1ppp/1b2p3/p7/P7/2P2P1P/1P1PP1P1/RNBQKBNR w KQkq - 1 5
221,minic,348.1881990097149,black,1/2-1/2,0.5,10,MAX_PLIES_ADJUDICATION,rnb1k1nr/1pppqppp/1b2p3/p7/P6P/2P2P2/1P1PP1P1/RNBQKBNR w KQkq - 1 6,Level=21,400,348.1881990097149,1,13.80517000000691,480,0.0015482045710086823,"[Event ""?""]
[Site ""?""]
[Date ""????.??.??""]
[Round ""?""]
[White ""minic""]
[Black ""MaleCNS-RD""]
[Result ""1/2-1/2""]
[FEN ""rnbqk1nr/1ppp1ppp/1b2p3/p7/P7/2P2P1P/1P1PP1P1/RNBQKBNR w KQkq - 1 5""]
[SetUp ""1""]
[OpponentElo ""348.1881990097149""]
[Opening ""opening_003""]

5. h4 Qe7 1/2-1/2",opening_003,rnbqk1nr/1ppp1ppp/1b2p3/p7/P7/2P2P1P/1P1PP1P1/RNBQKBNR w KQkq - 1 5
222,minic,348.1881990097149,white,1/2-1/2,0.5,10,MAX_PLIES_ADJUDICATION,rn1qkbnr/1bppp1p1/1p3p2/p6p/2P5/4P1PP/PP1PKP2/RNBQ1BNR w kq - 1 6,Level=21,400,348.1881990097149,1,12.02612950000912,384,0.0009284541010856628,"[Event ""?""]
[Site ""?""]
[Date ""????.??.??""]
[Round ""?""]
[White ""MaleCNS-RD""]
[Black ""minic""]
[Result ""1/2-1/2""]
[FEN ""rnbqkbnr/2ppp1p1/1p3p2/p6p/2P5/4P2P/PP1PKPP1/RNBQ1BNR w kq - 0 5""]
[SetUp ""1""]
[OpponentElo ""348.1881990097149""]
[Opening ""opening_004""]

5. g3 Bb7 1/2-1/2",opening_004,rnbqkbnr/2ppp1p1/1p3p2/p6p/2P5/4P2P/PP1PKPP1/RNBQ1BNR w kq - 0 5
223,minic,348.1881990097149,black,1/2-1/2,0.5,10,MAX_PLIES_ADJUDICATION,1nbqkbnr/r1ppp1p1/1p3p2/p6p/2P5/4P2P/PP1P1PP1/RNBQKBNR w k - 2 6,Level=21,400,348.1881990097149,1,11.608748400001787,352,0.005552338436245918,"[Event ""?""]
[Site ""?""]
[Date ""????.??.??""]
[Round ""?""]
[White ""minic""]
[Black ""MaleCNS-RD""]
[Result ""1/2-1/2""]
[FEN ""rnbqkbnr/2ppp1p1/1p3p2/p6p/2P5/4P2P/PP1PKPP1/RNBQ1BNR w kq - 0 5""]
[SetUp ""1""]
[OpponentElo ""348.1881990097149""]
[Opening ""opening_004""]

5. Ke1 Ra7 1/2-1/2",opening_004,rnbqkbnr/2ppp1p1/1p3p2/p6p/2P5/4P2P/PP1PKPP1/RNBQ1BNR w kq - 0 5
224,minic,348.1881990097149,white,1/2-1/2,0.5,10,MAX_PLIES_ADJUDICATION,r1bqkb1r/ppp1pppp/2np1n2/8/2B1P3/1PP3P1/P2P1P1P/RNBQK1NR w KQkq - 1 6,Level=21,400,348.1881990097149,1,14.956672000000253,528,0.0013455897569656372,"[Event ""?""]
[Site ""?""]
[Date ""????.??.??""]
[Round ""?""]
[White ""MaleCNS-RD""]
[Black ""minic""]
[Result ""1/2-1/2""]
[FEN ""r1bqkb1r/ppp1pppp/3p1n2/8/1nB1P3/1PP5/P2P1PPP/RNBQK1NR w KQkq - 2 5""]
[SetUp ""1""]
[OpponentElo ""348.1881990097149""]
[Opening ""opening_005""]

5. g3 Nc6 1/2-1/2",opening_005,r1bqkb1r/ppp1pppp/3p1n2/8/1nB1P3/1PP5/P2P1PPP/RNBQK1NR w KQkq - 2 5
225,minic,348.1881990097149,black,1/2-1/2,0.5,10,MAX_PLIES_ADJUDICATION,r1b1kb1r/pppqpppp/3p1n2/8/1PB1P3/1P6/P2P1PPP/RNBQK1NR w KQkq - 1 6,Level=21,400,348.1881990097149,1,13.35533440002473,448,0.001751493662595749,"[Event ""?""]
[Site ""?""]
[Date ""????.??.??""]
[Round ""?""]
[White ""minic""]
[Black ""MaleCNS-RD""]
[Result ""1/2-1/2""]
[FEN ""r1bqkb1r/ppp1pppp/3p1n2/8/1nB1P3/1PP5/P2P1PPP/RNBQK1NR w KQkq - 2 5""]
[SetUp ""1""]
[OpponentElo ""348.1881990097149""]
[Opening ""opening_005""]

5. cxb4 Qd7 1/2-1/2",opening_005,r1bqkb1r/ppp1pppp/3p1n2/8/1nB1P3/1PP5/P2P1PPP/RNBQK1NR w KQkq - 2 5
226,minic,348.1881990097149,white,1/2-1/2,0.5,10,MAX_PLIES_ADJUDICATION,r1b1k1nr/pppp1ppp/n3p3/6q1/8/P1bP2P1/2PNPP1P/R1BQKBNR w KQkq - 1 6,Level=21,400,348.1881990097149,1,10.265415200032294,288,0.0013456041924655437,"[Event ""?""]
[Site ""?""]
[Date ""????.??.??""]
[Round ""?""]
[White ""MaleCNS-RD""]
[Black ""minic""]
[Result ""1/2-1/2""]
[FEN ""r1b1k1nr/pppp1ppp/n3p3/6q1/1b6/P2P4/2PNPPPP/R1BQKBNR w KQkq - 0 5""]
[SetUp ""1""]
[OpponentElo ""348.1881990097149""]
[Opening ""opening_006""]

5. g3 Bc3 1/2-1/2",opening_006,r1b1k1nr/pppp1ppp/n3p3/6q1/1b6/P2P4/2PNPPPP/R1BQKBNR w KQkq - 0 5
227,minic,348.1881990097149,black,1/2-1/2,0.5,10,MAX_PLIES_ADJUDICATION,r1b3nr/ppppkppp/n3p3/6q1/1P6/3P4/2PNPPPP/R1BQKBNR w KQ - 1 6,Level=21,400,348.1881990097149,1,21.179125200025737,656,3.8105063140392303e-06,"[Event ""?""]
[Site ""?""]
[Date ""????.??.??""]
[Round ""?""]
[White ""minic""]
[Black ""MaleCNS-RD""]
[Result ""1/2-1/2""]
[FEN ""r1b1k1nr/pppp1ppp/n3p3/6q1/1b6/P2P4/2PNPPPP/R1BQKBNR w KQkq - 0 5""]
[SetUp ""1""]
[OpponentElo ""348.1881990097149""]
[Opening ""opening_006""]

5. axb4 Ke7 1/2-1/2",opening_006,r1b1k1nr/pppp1ppp/n3p3/6q1/1b6/P2P4/2PNPPPP/R1BQKBNR w KQkq - 0 5
228,minic,348.1881990097149,white,1/2-1/2,0.5,10,MAX_PLIES_ADJUDICATION,rn1qkb1r/ppp1p1pp/3p1n2/1P3p2/8/2N2PP1/P1PPP2P/R1BQKbNR w KQkq - 0 6,Level=21,400,348.1881990097149,1,10.253803199972026,336,0.007726308889687061,"[Event ""?""]
[Site ""?""]
[Date ""????.??.??""]
[Round ""?""]
[White ""MaleCNS-RD""]
[Black ""minic""]
[Result ""1/2-1/2""]
[FEN ""rn1qkb1r/ppp1p1pp/3p1n2/5p2/1P6/2N2PPb/P1PPP2P/R1BQKBNR w KQkq - 1 5""]
[SetUp ""1""]
[OpponentElo ""348.1881990097149""]
[Opening ""opening_007""]

5. b5 Bxf1 1/2-1/2",opening_007,rn1qkb1r/ppp1p1pp/3p1n2/5p2/1P6/2N2PPb/P1PPP2P/R1BQKBNR w KQkq - 1 5
229,minic,348.1881990097149,black,1/2-1/2,0.5,10,MAX_PLIES_ADJUDICATION,rn2kb1r/pppqp1pp/3p1n2/5p2/1P6/2N2PPN/P1PPP2P/R1BQKB1R w KQkq - 1 6,Level=21,400,348.1881990097149,1,12.271266199997626,448,0.0001868065446615219,"[Event ""?""]
[Site ""?""]
[Date ""????.??.??""]
[Round ""?""]
[White ""minic""]
[Black ""MaleCNS-RD""]
[Result ""1/2-1/2""]
[FEN ""rn1qkb1r/ppp1p1pp/3p1n2/5p2/1P6/2N2PPb/P1PPP2P/R1BQKBNR w KQkq - 1 5""]
[SetUp ""1""]
[OpponentElo ""348.1881990097149""]
[Opening ""opening_007""]

5. Nxh3 Qd7 1/2-1/2",opening_007,rn1qkb1r/ppp1p1pp/3p1n2/5p2/1P6/2N2PPb/P1PPP2P/R1BQKBNR w KQkq - 1 5
230,minic,348.1881990097149,white,1/2-1/2,0.5,10,MAX_PLIES_ADJUDICATION,r1bq1bnr/pppkpppp/8/8/4p3/1PN5/P1PP1PPP/R1BQK1NR w KQ - 0 6,Level=21,400,348.1881990097149,1,12.56182970001828,464,6.206333637237549e-05,"[Event ""?""]
[Site ""?""]
[Date ""????.??.??""]
[Round ""?""]
[White ""MaleCNS-RD""]
[Black ""minic""]
[Result ""1/2-1/2""]
[FEN ""r1bq1bnr/pppkpppp/8/3p4/4P3/2N5/PPPP1PPP/R1BQK1NR w KQ - 0 5""]
[SetUp ""1""]
[OpponentElo ""348.1881990097149""]
[Opening ""opening_008""]

5. b3 dxe4 1/2-1/2",opening_008,r1bq1bnr/pppkpppp/8/3p4/4P3/2N5/PPPP1PPP/R1BQK1NR w KQ - 0 5
231,minic,348.1881990097149,black,1/2-1/2,0.5,10,MAX_PLIES_ADJUDICATION,r1b1qbnr/pppkpppp/8/3N4/4P3/8/PPPP1PPP/R1BQK1NR w KQ - 1 6,Level=21,400,348.1881990097149,1,11.154747399967164,352,0.001249397173523903,"[Event ""?""]
[Site ""?""]
[Date ""????.??.??""]
[Round ""?""]
[White ""minic""]
[Black ""MaleCNS-RD""]
[Result ""1/2-1/2""]
[FEN ""r1bq1bnr/pppkpppp/8/3p4/4P3/2N5/PPPP1PPP/R1BQK1NR w KQ - 0 5""]
[SetUp ""1""]
[OpponentElo ""348.1881990097149""]
[Opening ""opening_008""]

5. Nxd5 Qe8 1/2-1/2",opening_008,r1bq1bnr/pppkpppp/8/3p4/4P3/2N5/PPPP1PPP/R1BQK1NR w KQ - 0 5
232,minic,348.1881990097149,white,1/2-1/2,0.5,10,MAX_PLIES_ADJUDICATION,rn1q1bnr/pbppkp1p/1p4p1/4p3/8/1P1P2P1/P1PNPP1P/RNBQKB1R w KQ - 1 6,Level=21,400,348.1881990097149,1,12.983251500001643,368,6.067659705877304e-05,"[Event ""?""]
[Site ""?""]
[Date ""????.??.??""]
[Round ""?""]
[White ""MaleCNS-RD""]
[Black ""minic""]
[Result ""1/2-1/2""]
[FEN ""rnbq1bnr/p1ppkp1p/1p4p1/4p3/8/3P2P1/PPPNPP1P/RNBQKB1R w KQ - 2 5""]
[SetUp ""1""]
[OpponentElo ""348.1881990097149""]
[Opening ""opening_009""]

5. b3 Bb7 1/2-1/2",opening_009,rnbq1bnr/p1ppkp1p/1p4p1/4p3/8/3P2P1/PPPNPP1P/RNBQKB1R w KQ - 2 5
233,minic,348.1881990097149,black,1/2-1/2,0.5,10,MAX_PLIES_ADJUDICATION,rnbq1bnr/p1ppkp1p/1p4p1/8/4p3/3P2P1/PPPNPPBP/RNBQK2R w KQ - 0 6,Level=21,400,348.1881990097149,1,11.948813700000755,416,0.005675110034644604,"[Event ""?""]
[Site ""?""]
[Date ""????.??.??""]
[Round ""?""]
[White ""minic""]
[Black ""MaleCNS-RD""]
[Result ""1/2-1/2""]
[FEN ""rnbq1bnr/p1ppkp1p/1p4p1/4p3/8/3P2P1/PPPNPP1P/RNBQKB1R w KQ - 2 5""]
[SetUp ""1""]
[OpponentElo ""348.1881990097149""]
[Opening ""opening_009""]

5. Bg2 e4 1/2-1/2",opening_009,rnbq1bnr/p1ppkp1p/1p4p1/4p3/8/3P2P1/PPPNPP1P/RNBQKB1R w KQ - 2 5
234,minic,348.1881990097149,white,1/2-1/2,0.5,10,MAX_PLIES_ADJUDICATION,rn1qkbnr/1pp1ppp1/p6p/3p4/2P2P2/PP5b/3PP1PP/RNBQKB1R w KQkq - 0 6,Level=21,400,348.1881990097149,1,12.027085399953648,336,6.20521605014801e-05,"[Event ""?""]
[Site ""?""]
[Date ""????.??.??""]
[Round ""?""]
[White ""MaleCNS-RD""]
[Black ""minic""]
[Result ""1/2-1/2""]
[FEN ""rn1qkbnr/1pp1ppp1/p6p/3p1b2/2P2P2/P6N/1P1PP1PP/RNBQKB1R w KQkq - 0 5""]
[SetUp ""1""]
[OpponentElo ""348.1881990097149""]
[Opening ""opening_010""]

5. b3 Bxh3 1/2-1/2",opening_010,rn1qkbnr/1pp1ppp1/p6p/3p1b2/2P2P2/P6N/1P1PP1PP/RNBQKB1R w KQkq - 0 5
235,minic,348.1881990097149,black,1/2-1/2,0.5,10,MAX_PLIES_ADJUDICATION,1n1qkbnr/rpp1ppp1/p6p/3p1b2/2P2P2/P7/1P1PPNPP/RNBQKB1R w KQk - 2 6,Level=21,400,348.1881990097149,1,14.23208029998932,528,0.004072070121765137,"[Event ""?""]
[Site ""?""]
[Date ""????.??.??""]
[Round ""?""]
[White ""minic""]
[Black ""MaleCNS-RD""]
[Result ""1/2-1/2""]
[FEN ""rn1qkbnr/1pp1ppp1/p6p/3p1b2/2P2P2/P6N/1P1PP1PP/RNBQKB1R w KQkq - 0 5""]
[SetUp ""1""]
[OpponentElo ""348.1881990097149""]
[Opening ""opening_010""]

5. Nf2 Ra7 1/2-1/2",opening_010,rn1qkbnr/1pp1ppp1/p6p/3p1b2/2P2P2/P6N/1P1PP1PP/RNBQKB1R w KQkq - 0 5
236,minic,348.1881990097149,white,1/2-1/2,0.5,10,MAX_PLIES_ADJUDICATION,r1bqkb1r/pp1p2pp/n1p1pn2/5p2/P2P1B2/1P6/2P1PPPP/RN1QKBNR w KQkq - 1 6,Level=21,400,348.1881990097149,1,13.538290299999062,544,6.0927122831344604e-05,"[Event ""?""]
[Site ""?""]
[Date ""????.??.??""]
[Round ""?""]
[White ""MaleCNS-RD""]
[Black ""minic""]
[Result ""1/2-1/2""]
[FEN ""r1bqkbnr/pp1p2pp/n1p1p3/5p2/P2P1B2/8/1PP1PPPP/RN1QKBNR w KQkq - 0 5""]
[SetUp ""1""]
[OpponentElo ""348.1881990097149""]
[Opening ""opening_011""]

5. b3 Nf6 1/2-1/2",opening_011,r1bqkbnr/pp1p2pp/n1p1p3/5p2/P2P1B2/8/1PP1PPPP/RN1QKBNR w KQkq - 0 5
237,minic,348.1881990097149,black,1/2-1/2,0.5,10,MAX_PLIES_ADJUDICATION,r1b1kbnr/pp1pq1pp/n1p1p3/5p2/P2P1B2/8/1PPNPPPP/R2QKBNR w KQkq - 2 6,Level=21,400,348.1881990097149,1,12.581406700017396,512,0.0038683400489389896,"[Event ""?""]
[Site ""?""]
[Date ""????.??.??""]
[Round ""?""]
[White ""minic""]
[Black ""MaleCNS-RD""]
[Result ""1/2-1/2""]
[FEN ""r1bqkbnr/pp1p2pp/n1p1p3/5p2/P2P1B2/8/1PP1PPPP/RN1QKBNR w KQkq - 0 5""]
[SetUp ""1""]
[OpponentElo ""348.1881990097149""]
[Opening ""opening_011""]

5. Nd2 Qe7 1/2-1/2",opening_011,r1bqkbnr/pp1p2pp/n1p1p3/5p2/P2P1B2/8/1PP1PPPP/RN1QKBNR w KQkq - 0 5
238,minic,348.1881990097149,white,1/2-1/2,0.5,10,MAX_PLIES_ADJUDICATION,r1bqkbnr/ppppppp1/8/8/Q1P3p1/1P1P4/P2P1P1P/RNB1KBNR w KQkq - 0 6,Level=21,400,348.1881990097149,1,1.8498552999808453,32,0.001129799522459507,"[Event ""?""]
[Site ""?""]
[Date ""????.??.??""]
[Round ""?""]
[White ""MaleCNS-RD""]
[Black ""minic""]
[Result ""1/2-1/2""]
[FEN ""r1bqkbnr/ppppppp1/8/7p/Q1P3P1/1P1n4/P2PPP1P/RNB1KBNR w KQkq - 1 5""]
[SetUp ""1""]
[OpponentElo ""348.1881990097149""]
[Opening ""opening_012""]

5. exd3 hxg4 1/2-1/2",opening_012,r1bqkbnr/ppppppp1/8/7p/Q1P3P1/1P1n4/P2PPP1P/RNB1KBNR w KQkq - 1 5
239,minic,348.1881990097149,black,1/2-1/2,0.5,10,MAX_PLIES_ADJUDICATION,r1bqkbnr/p1ppppp1/8/1p5p/Q1P3P1/1P1P4/P2P1P1P/RNB1KBNR w KQkq - 0 6,Level=21,400,348.1881990097149,1,11.00025879999157,304,0.0010873572900891304,"[Event ""?""]
[Site ""?""]
[Date ""????.??.??""]
[Round ""?""]
[White ""minic""]
[Black ""MaleCNS-RD""]
[Result ""1/2-1/2""]
[FEN ""r1bqkbnr/ppppppp1/8/7p/Q1P3P1/1P1n4/P2PPP1P/RNB1KBNR w KQkq - 1 5""]
[SetUp ""1""]
[OpponentElo ""348.1881990097149""]
[Opening ""opening_012""]

5. exd3 b5 1/2-1/2",opening_012,r1bqkbnr/ppppppp1/8/7p/Q1P3P1/1P1n4/P2PPP1P/RNB1KBNR w KQkq - 1 5
240,minic,348.1881990097149,white,1/2-1/2,0.5,10,MAX_PLIES_ADJUDICATION,rnbqk1nr/ppp3pp/3bpp2/3p4/8/1PPP4/P3PPPP/RNBQKBNR w KQkq - 1 6,Level=21,400,348.1881990097149,1,14.255656699999236,448,6.089359521865845e-05,"[Event ""?""]
[Site ""?""]
[Date ""????.??.??""]
[Round ""?""]
[White ""MaleCNS-RD""]
[Black ""minic""]
[Result ""1/2-1/2""]
[FEN ""rnbqkbnr/ppp3pp/4pp2/3p4/8/2PP4/PP2PPPP/RNBQKBNR w KQkq - 0 5""]
[SetUp ""1""]
[OpponentElo ""348.1881990097149""]
[Opening ""opening_013""]

5. b3 Bd6 1/2-1/2",opening_013,rnbqkbnr/ppp3pp/4pp2/3p4/8/2PP4/PP2PPPP/RNBQKBNR w KQkq - 0 5
241,minic,348.1881990097149,black,1/2-1/2,0.5,10,MAX_PLIES_ADJUDICATION,rnb1kbnr/ppp1q1pp/4pp2/3p4/8/2PP4/PP1NPPPP/R1BQKBNR w KQkq - 2 6,Level=21,400,348.1881990097149,1,13.274986000033095,480,0.003875110298395157,"[Event ""?""]
[Site ""?""]
[Date ""????.??.??""]
[Round ""?""]
[White ""minic""]
[Black ""MaleCNS-RD""]
[Result ""1/2-1/2""]
[FEN ""rnbqkbnr/ppp3pp/4pp2/3p4/8/2PP4/PP2PPPP/RNBQKBNR w KQkq - 0 5""]
[SetUp ""1""]
[OpponentElo ""348.1881990097149""]
[Opening ""opening_013""]

5. Nd2 Qe7 1/2-1/2",opening_013,rnbqkbnr/ppp3pp/4pp2/3p4/8/2PP4/PP2PPPP/RNBQKBNR w KQkq - 0 5
242,minic,348.1881990097149,white,1/2-1/2,0.5,10,MAX_PLIES_ADJUDICATION,rnbqk1nr/ppppp1bp/6p1/8/2P2pPP/PP6/3PPP2/RNBQKBNR w KQkq - 1 6,Level=21,400,348.1881990097149,1,10.658187299966812,352,6.20279461145401e-05,"[Event ""?""]
[Site ""?""]
[Date ""????.??.??""]
[Round ""?""]
[White ""MaleCNS-RD""]
[Black ""minic""]
[Result ""1/2-1/2""]
[FEN ""rnbqk1nr/ppppp2p/6pb/8/2P2pPP/P7/1P1PPP2/RNBQKBNR w KQkq - 0 5""]
[SetUp ""1""]
[OpponentElo ""348.1881990097149""]
[Opening ""opening_014""]

5. b3 Bg7 1/2-1/2",opening_014,rnbqk1nr/ppppp2p/6pb/8/2P2pPP/P7/1P1PPP2/RNBQKBNR w KQkq - 0 5
243,minic,348.1881990097149,black,1/2-1/2,0.5,10,MAX_PLIES_ADJUDICATION,rnbqk1nr/p1ppp2p/6pb/1p5P/2P2pP1/P7/1P1PPP2/RNBQKBNR w KQkq - 0 6,Level=21,400,348.1881990097149,1,10.332765600003768,336,0.0011789817363023758,"[Event ""?""]
[Site ""?""]
[Date ""????.??.??""]
[Round ""?""]
[White ""minic""]
[Black ""MaleCNS-RD""]
[Result ""1/2-1/2""]
[FEN ""rnbqk1nr/ppppp2p/6pb/8/2P2pPP/P7/1P1PPP2/RNBQKBNR w KQkq - 0 5""]
[SetUp ""1""]
[OpponentElo ""348.1881990097149""]
[Opening ""opening_014""]

5. h5 b5 1/2-1/2",opening_014,rnbqk1nr/ppppp2p/6pb/8/2P2pPP/P7/1P1PPP2/RNBQKBNR w KQkq - 0 5
244,minic,348.1881990097149,white,1/2-1/2,0.5,10,MAX_PLIES_ADJUDICATION,rnb1k1nr/1ppp1pp1/8/p2Pp2p/1b2P2q/1PN5/P1P2PPP/R1BQKBNR w KQkq - 1 6,Level=21,400,348.1881990097149,1,14.84906909998972,560,6.0861260863021016e-05,"[Event ""?""]
[Site ""?""]
[Date ""????.??.??""]
[Round ""?""]
[White ""MaleCNS-RD""]
[Black ""minic""]
[Result ""1/2-1/2""]
[FEN ""rnb1kbnr/1ppp1pp1/8/p2Pp2p/4P2q/2N5/PPP2PPP/R1BQKBNR w KQkq - 2 5""]
[SetUp ""1""]
[OpponentElo ""348.1881990097149""]
[Opening ""opening_015""]

5. b3 Bb4 1/2-1/2",opening_015,rnb1kbnr/1ppp1pp1/8/p2Pp2p/4P2q/2N5/PPP2PPP/R1BQKBNR w KQkq - 2 5
245,minic,348.1881990097149,black,1/2-1/2,0.5,10,MAX_PLIES_ADJUDICATION,1nb1kbnr/rppp1pp1/8/p2Pp2p/4P2q/2N2N2/PPP2PPP/R1BQKB1R w KQk - 4 6,Level=21,400,348.1881990097149,1,14.630429200013168,592,0.0023283385671675205,"[Event ""?""]
[Site ""?""]
[Date ""????.??.??""]
[Round ""?""]
[White ""minic""]
[Black ""MaleCNS-RD""]
[Result ""1/2-1/2""]
[FEN ""rnb1kbnr/1ppp1pp1/8/p2Pp2p/4P2q/2N5/PPP2PPP/R1BQKBNR w KQkq - 2 5""]
[SetUp ""1""]
[OpponentElo ""348.1881990097149""]
[Opening ""opening_015""]

5. Nf3 Ra7 1/2-1/2",opening_015,rnb1kbnr/1ppp1pp1/8/p2Pp2p/4P2q/2N5/PPP2PPP/R1BQKBNR w KQkq - 2 5
246,minic,348.1881990097149,white,1/2-1/2,0.5,10,MAX_PLIES_ADJUDICATION,r2qkbnr/p2pppp1/b1n5/1pP4p/5P2/1P6/P1P1PKPP/RNBQ1BNR w kq - 1 6,Level=21,400,348.1881990097149,1,12.343049999966752,512,6.090220995247364e-05,"[Event ""?""]
[Site ""?""]
[Date ""????.??.??""]
[Round ""?""]
[White ""MaleCNS-RD""]
[Black ""minic""]
[Result ""1/2-1/2""]
[FEN ""rn1qkbnr/p2pppp1/b7/1pP4p/5P2/8/PPP1PKPP/RNBQ1BNR w kq - 0 5""]
[SetUp ""1""]
[OpponentElo ""348.1881990097149""]
[Opening ""opening_016""]

5. b3 Nc6 1/2-1/2",opening_016,rn1qkbnr/p2pppp1/b7/1pP4p/5P2/8/PPP1PKPP/RNBQ1BNR w kq - 0 5
247,minic,348.1881990097149,black,1/2-1/2,0.5,10,MAX_PLIES_ADJUDICATION,rn2kbnr/p2pppp1/b7/qpP4p/1P3P2/8/P1P1PKPP/RNBQ1BNR w kq - 1 6,Level=21,400,348.1881990097149,1,9.91639089997625,320,0.000135208509163931,"[Event ""?""]
[Site ""?""]
[Date ""????.??.??""]
[Round ""?""]
[White ""minic""]
[Black ""MaleCNS-RD""]
[Result ""1/2-1/2""]
[FEN ""rn1qkbnr/p2pppp1/b7/1pP4p/5P2/8/PPP1PKPP/RNBQ1BNR w kq - 0 5""]
[SetUp ""1""]
[OpponentElo ""348.1881990097149""]
[Opening ""opening_016""]

5. b4 Qa5 1/2-1/2",opening_016,rn1qkbnr/p2pppp1/b7/1pP4p/5P2/8/PPP1PKPP/RNBQ1BNR w kq - 0 5
248,minic,348.1881990097149,white,1/2-1/2,0.5,10,MAX_PLIES_ADJUDICATION,rn1qkbnr/pbp3pp/1p1pp3/5pP1/P3P3/1P6/2PP1P1P/RNBQKBNR w KQkq - 1 6,Level=21,400,348.1881990097149,1,13.677347099990584,528,6.182026118040085e-05,"[Event ""?""]
[Site ""?""]
[Date ""????.??.??""]
[Round ""?""]
[White ""MaleCNS-RD""]
[Black ""minic""]
[Result ""1/2-1/2""]
[FEN ""rnbqkbnr/p1p3pp/1p1pp3/5pP1/P3P3/8/1PPP1P1P/RNBQKBNR w KQkq - 0 5""]
[SetUp ""1""]
[OpponentElo ""348.1881990097149""]
[Opening ""opening_017""]

5. b3 Bb7 1/2-1/2",opening_017,rnbqkbnr/p1p3pp/1p1pp3/5pP1/P3P3/8/1PPP1P1P/RNBQKBNR w KQkq - 0 5
249,minic,348.1881990097149,black,1/2-1/2,0.5,10,MAX_PLIES_ADJUDICATION,rnb1kbnr/p1p1q1pp/1p1pp3/5PP1/P7/8/1PPP1P1P/RNBQKBNR w KQkq - 1 6,Level=21,400,348.1881990097149,1,12.33482049999293,448,0.003868063911795616,"[Event ""?""]
[Site ""?""]
[Date ""????.??.??""]
[Round ""?""]
[White ""minic""]
[Black ""MaleCNS-RD""]
[Result ""1/2-1/2""]
[FEN ""rnbqkbnr/p1p3pp/1p1pp3/5pP1/P3P3/8/1PPP1P1P/RNBQKBNR w KQkq - 0 5""]
[SetUp ""1""]
[OpponentElo ""348.1881990097149""]
[Opening ""opening_017""]

5. exf5 Qe7 1/2-1/2",opening_017,rnbqkbnr/p1p3pp/1p1pp3/5pP1/P3P3/8/1PPP1P1P/RNBQKBNR w KQkq - 0 5
250,minic,348.1881990097149,white,1/2-1/2,0.5,10,MAX_PLIES_ADJUDICATION,rnbqkb1r/ppp2ppp/3p4/3p1n2/8/1P4PP/P1P1PP2/RNBQKBNR w KQkq - 0 6,Level=21,400,348.1881990097149,1,12.11135479999939,448,6.086612120270729e-05,"[Event ""?""]
[Site ""?""]
[Date ""????.??.??""]
[Round ""?""]
[White ""MaleCNS-RD""]
[Black ""minic""]
[Result ""1/2-1/2""]
[FEN ""rnbqkb1r/ppp2ppp/3pp3/3P1n2/8/6PP/PPP1PP2/RNBQKBNR w KQkq - 1 5""]
[SetUp ""1""]
[OpponentElo ""348.1881990097149""]
[Opening ""opening_018""]

5. b3 exd5 1/2-1/2",opening_018,rnbqkb1r/ppp2ppp/3pp3/3P1n2/8/6PP/PPP1PP2/RNBQKBNR w KQkq - 1 5
251,minic,348.1881990097149,black,1/2-1/2,0.5,10,MAX_PLIES_ADJUDICATION,rnb1kb1r/ppp1qppp/3pp3/3P1n2/2P5/6PP/PP2PP2/RNBQKBNR w KQkq - 1 6,Level=21,400,348.1881990097149,1,12.683115799969528,512,0.003873826004564762,"[Event ""?""]
[Site ""?""]
[Date ""????.??.??""]
[Round ""?""]
[White ""minic""]
[Black ""MaleCNS-RD""]
[Result ""1/2-1/2""]
[FEN ""rnbqkb1r/ppp2ppp/3pp3/3P1n2/8/6PP/PPP1PP2/RNBQKBNR w KQkq - 1 5""]
[SetUp ""1""]
[OpponentElo ""348.1881990097149""]
[Opening ""opening_018""]

5. c4 Qe7 1/2-1/2",opening_018,rnbqkb1r/ppp2ppp/3pp3/3P1n2/8/6PP/PPP1PP2/RNBQKBNR w KQkq - 1 5
252,minic,348.1881990097149,white,1/2-1/2,0.5,10,MAX_PLIES_ADJUDICATION,rnb1kbnr/1pqppp2/2p4p/p5p1/3P4/1QP3PP/PP2PP2/RNB1KBNR w KQkq - 0 6,Level=21,400,348.1881990097149,1,14.990077700000256,528,0.0013455627486109734,"[Event ""?""]
[Site ""?""]
[Date ""????.??.??""]
[Round ""?""]
[White ""MaleCNS-RD""]
[Black ""minic""]
[Result ""1/2-1/2""]
[FEN ""rnb1kbnr/1pqppp1p/2p5/p5p1/3P4/1QP4P/PP2PPP1/RNB1KBNR w KQkq - 0 5""]
[SetUp ""1""]
[OpponentElo ""348.1881990097149""]
[Opening ""opening_019""]

5. g3 h6 1/2-1/2",opening_019,rnb1kbnr/1pqppp1p/2p5/p5p1/3P4/1QP4P/PP2PPP1/RNB1KBNR w KQkq - 0 5
253,minic,348.1881990097149,black,1/2-1/2,0.5,10,MAX_PLIES_ADJUDICATION,1nb1kbnr/rpqppp1p/2p5/p5B1/3P4/1QP4P/PP2PPP1/RN2KBNR w KQk - 1 6,Level=21,400,348.1881990097149,1,12.282784199982416,432,0.005831969901919365,"[Event ""?""]
[Site ""?""]
[Date ""????.??.??""]
[Round ""?""]
[White ""minic""]
[Black ""MaleCNS-RD""]
[Result ""1/2-1/2""]
[FEN ""rnb1kbnr/1pqppp1p/2p5/p5p1/3P4/1QP4P/PP2PPP1/RNB1KBNR w KQkq - 0 5""]
[SetUp ""1""]
[OpponentElo ""348.1881990097149""]
[Opening ""opening_019""]

5. Bxg5 Ra7 1/2-1/2",opening_019,rnb1kbnr/1pqppp1p/2p5/p5p1/3P4/1QP4P/PP2PPP1/RNB1KBNR w KQkq - 0 5
254,minic,348.1881990097149,white,1/2-1/2,0.5,10,MAX_PLIES_ADJUDICATION,rn1qkb1r/2pppppp/bp6/p7/4n3/3PP1P1/PPP2P1P/RNBQK1NR w KQkq - 0 6,Level=21,400,348.1881990097149,1,14.086801299999934,576,0.0009428802877664566,"[Event ""?""]
[Site ""?""]
[Date ""????.??.??""]
[Round ""?""]
[White ""MaleCNS-RD""]
[Black ""minic""]
[Result ""1/2-1/2""]
[FEN ""rn1qkb1r/2pppppp/bp3n2/p7/4B3/3PP3/PPP2PPP/RNBQK1NR w KQkq - 1 5""]
[SetUp ""1""]
[OpponentElo ""348.1881990097149""]
[Opening ""opening_000""]

5. g3 Nxe4 1/2-1/2",opening_000,rn1qkb1r/2pppppp/bp3n2/p7/4B3/3PP3/PPP2PPP/RNBQK1NR w KQkq - 1 5
255,minic,348.1881990097149,black,1/2-1/2,0.5,10,MAX_PLIES_ADJUDICATION,Bnq1kb1r/2pppppp/bp3n2/p7/8/3PP3/PPP2PPP/RNBQK1NR w KQk - 1 6,Level=21,400,348.1881990097149,1,11.719596899987664,400,0.0005378350615501404,"[Event ""?""]
[Site ""?""]
[Date ""????.??.??""]
[Round ""?""]
[White ""minic""]
[Black ""MaleCNS-RD""]
[Result ""1/2-1/2""]
[FEN ""rn1qkb1r/2pppppp/bp3n2/p7/4B3/3PP3/PPP2PPP/RNBQK1NR w KQkq - 1 5""]
[SetUp ""1""]
[OpponentElo ""348.1881990097149""]
[Opening ""opening_000""]

5. Bxa8 Qc8 1/2-1/2",opening_000,rn1qkb1r/2pppppp/bp3n2/p7/4B3/3PP3/PPP2PPP/RNBQK1NR w KQkq - 1 5
256,minic,348.1881990097149,white,1/2-1/2,0.5,10,MAX_PLIES_ADJUDICATION,rnbqkbnr/1p3ppp/8/p1ppp3/6P1/NP5P/P1PPPP2/R1BQKBNR w KQkq - 0 6,Level=21,400,348.1881990097149,1,10.44751950004138,304,6.207171827554703e-05,"[Event ""?""]
[Site ""?""]
[Date ""????.??.??""]
[Round ""?""]
[White ""MaleCNS-RD""]
[Black ""minic""]
[Result ""1/2-1/2""]
[FEN ""rnbqkbnr/1p2pppp/8/p1pp4/6P1/N6P/PPPPPP2/R1BQKBNR w KQkq - 0 5""]
[SetUp ""1""]
[OpponentElo ""348.1881990097149""]
[Opening ""opening_001""]

5. b3 e5 1/2-1/2",opening_001,rnbqkbnr/1p2pppp/8/p1pp4/6P1/N6P/PPPPPP2/R1BQKBNR w KQkq - 0 5
257,minic,348.1881990097149,black,1/2-1/2,0.5,10,MAX_PLIES_ADJUDICATION,1nbqkbnr/rp2pppp/8/p1pp4/4P1P1/N6P/PPPP1P2/R1BQKBNR w KQk - 1 6,Level=21,400,348.1881990097149,1,12.785115400038194,480,0.004072621464729309,"[Event ""?""]
[Site ""?""]
[Date ""????.??.??""]
[Round ""?""]
[White ""minic""]
[Black ""MaleCNS-RD""]
[Result ""1/2-1/2""]
[FEN ""rnbqkbnr/1p2pppp/8/p1pp4/6P1/N6P/PPPPPP2/R1BQKBNR w KQkq - 0 5""]
[SetUp ""1""]
[OpponentElo ""348.1881990097149""]
[Opening ""opening_001""]

5. e4 Ra7 1/2-1/2",opening_001,rnbqkbnr/1p2pppp/8/p1pp4/6P1/N6P/PPPPPP2/R1BQKBNR w KQkq - 0 5
258,minic,348.1881990097149,white,1/2-1/2,0.5,10,MAX_PLIES_ADJUDICATION,rnb1kb1r/ppppnp1p/5qp1/4p3/2P4P/1P3PP1/P2PP3/RNBQKBNR w KQkq - 1 6,Level=21,400,348.1881990097149,1,10.721423799986951,352,0.001354600302875042,"[Event ""?""]
[Site ""?""]
[Date ""????.??.??""]
[Round ""?""]
[White ""MaleCNS-RD""]
[Black ""minic""]
[Result ""1/2-1/2""]
[FEN ""rnb1kbnr/pppp1p1p/5qp1/4p3/7P/1P3PP1/P1PPP3/RNBQKBNR w KQkq - 0 5""]
[SetUp ""1""]
[OpponentElo ""348.1881990097149""]
[Opening ""opening_002""]

5. c4 Ne7 1/2-1/2",opening_002,rnb1kbnr/pppp1p1p/5qp1/4p3/7P/1P3PP1/P1PPP3/RNBQKBNR w KQkq - 0 5
259,minic,348.1881990097149,black,1/2-1/2,0.5,10,MAX_PLIES_ADJUDICATION,rnb1kbnr/pppp1p1p/5qp1/8/4p2P/1PN2PP1/P1PPP3/R1BQKBNR w KQkq - 0 6,Level=21,400,348.1881990097149,1,20.11621509998804,608,0.003288229927420616,"[Event ""?""]
[Site ""?""]
[Date ""????.??.??""]
[Round ""?""]
[White ""minic""]
[Black ""MaleCNS-RD""]
[Result ""1/2-1/2""]
[FEN ""rnb1kbnr/pppp1p1p/5qp1/4p3/7P/1P3PP1/P1PPP3/RNBQKBNR w KQkq - 0 5""]
[SetUp ""1""]
[OpponentElo ""348.1881990097149""]
[Opening ""opening_002""]

5. Nc3 e4 1/2-1/2",opening_002,rnb1kbnr/pppp1p1p/5qp1/4p3/7P/1P3PP1/P1PPP3/RNBQKBNR w KQkq - 0 5
260,minic,348.1881990097149,white,1/2-1/2,0.5,10,MAX_PLIES_ADJUDICATION,rnb1k1nr/1ppp1ppp/1b2p3/p7/P6q/1PP2P1P/3PP1P1/RNBQKBNR w KQkq - 1 6,Level=21,400,348.1881990097149,1,9.345969799964223,272,6.207358092069626e-05,"[Event ""?""]
[Site ""?""]
[Date ""????.??.??""]
[Round ""?""]
[White ""MaleCNS-RD""]
[Black ""minic""]
[Result ""1/2-1/2""]
[FEN ""rnbqk1nr/1ppp1ppp/1b2p3/p7/P7/2P2P1P/1P1PP1P1/RNBQKBNR w KQkq - 1 5""]
[SetUp ""1""]
[OpponentElo ""348.1881990097149""]
[Opening ""opening_003""]

5. b3 Qh4+ 1/2-1/2",opening_003,rnbqk1nr/1ppp1ppp/1b2p3/p7/P7/2P2P1P/1P1PP1P1/RNBQKBNR w KQkq - 1 5
261,minic,348.1881990097149,black,1/2-1/2,0.5,10,MAX_PLIES_ADJUDICATION,rnb1k1nr/1pppqppp/1b2p3/p7/P2P4/2P2P1P/1P2P1P1/RNBQKBNR w KQkq - 1 6,Level=21,400,348.1881990097149,1,12.276651800028048,432,0.00154099240899086,"[Event ""?""]
[Site ""?""]
[Date ""????.??.??""]
[Round ""?""]
[White ""minic""]
[Black ""MaleCNS-RD""]
[Result ""1/2-1/2""]
[FEN ""rnbqk1nr/1ppp1ppp/1b2p3/p7/P7/2P2P1P/1P1PP1P1/RNBQKBNR w KQkq - 1 5""]
[SetUp ""1""]
[OpponentElo ""348.1881990097149""]
[Opening ""opening_003""]

5. d4 Qe7 1/2-1/2",opening_003,rnbqk1nr/1ppp1ppp/1b2p3/p7/P7/2P2P1P/1P1PP1P1/RNBQKBNR w KQkq - 1 5
262,minic,348.1881990097149,white,1/2-1/2,0.5,10,MAX_PLIES_ADJUDICATION,rn1qkbnr/1bppp1p1/1p3p2/p6p/2P5/4P1PP/PP1PKP2/RNBQ1BNR w kq - 1 6,Level=21,400,348.1881990097149,1,10.909986099984962,384,0.0009284541010856628,"[Event ""?""]
[Site ""?""]
[Date ""????.??.??""]
[Round ""?""]
[White ""MaleCNS-RD""]
[Black ""minic""]
[Result ""1/2-1/2""]
[FEN ""rnbqkbnr/2ppp1p1/1p3p2/p6p/2P5/4P2P/PP1PKPP1/RNBQ1BNR w kq - 0 5""]
[SetUp ""1""]
[OpponentElo ""348.1881990097149""]
[Opening ""opening_004""]

5. g3 Bb7 1/2-1/2",opening_004,rnbqkbnr/2ppp1p1/1p3p2/p6p/2P5/4P2P/PP1PKPP1/RNBQ1BNR w kq - 0 5
263,minic,348.1881990097149,black,1/2-1/2,0.5,10,MAX_PLIES_ADJUDICATION,1nbqkbnr/r1ppp1p1/1p3p2/p6p/2P5/4P2P/PP1P1PP1/RNBQKBNR w k - 2 6,Level=21,400,348.1881990097149,1,10.776381200004835,352,0.005552338436245918,"[Event ""?""]
[Site ""?""]
[Date ""????.??.??""]
[Round ""?""]
[White ""minic""]
[Black ""MaleCNS-RD""]
[Result ""1/2-1/2""]
[FEN ""rnbqkbnr/2ppp1p1/1p3p2/p6p/2P5/4P2P/PP1PKPP1/RNBQ1BNR w kq - 0 5""]
[SetUp ""1""]
[OpponentElo ""348.1881990097149""]
[Opening ""opening_004""]

5. Ke1 Ra7 1/2-1/2",opening_004,rnbqkbnr/2ppp1p1/1p3p2/p6p/2P5/4P2P/PP1PKPP1/RNBQ1BNR w kq - 0 5
264,minic,348.1881990097149,white,1/2-1/2,0.5,10,MAX_PLIES_ADJUDICATION,r1bqkb1r/ppp1pppp/2np1n2/8/2B1P3/1PP3P1/P2P1P1P/RNBQK1NR w KQkq - 1 6,Level=21,400,348.1881990097149,1,13.727718200010713,528,0.0013455897569656372,"[Event ""?""]
[Site ""?""]
[Date ""????.??.??""]
[Round ""?""]
[White ""MaleCNS-RD""]
[Black ""minic""]
[Result ""1/2-1/2""]
[FEN ""r1bqkb1r/ppp1pppp/3p1n2/8/1nB1P3/1PP5/P2P1PPP/RNBQK1NR w KQkq - 2 5""]
[SetUp ""1""]
[OpponentElo ""348.1881990097149""]
[Opening ""opening_005""]

5. g3 Nc6 1/2-1/2",opening_005,r1bqkb1r/ppp1pppp/3p1n2/8/1nB1P3/1PP5/P2P1PPP/RNBQK1NR w KQkq - 2 5
265,minic,348.1881990097149,black,1/2-1/2,0.5,10,MAX_PLIES_ADJUDICATION,r1b1kb1r/pppqpppp/3p1n2/8/1PB1P3/1P6/P2P1PPP/RNBQK1NR w KQkq - 1 6,Level=21,400,348.1881990097149,1,11.826789300015662,448,0.001751493662595749,"[Event ""?""]
[Site ""?""]
[Date ""????.??.??""]
[Round ""?""]
[White ""minic""]
[Black ""MaleCNS-RD""]
[Result ""1/2-1/2""]
[FEN ""r1bqkb1r/ppp1pppp/3p1n2/8/1nB1P3/1PP5/P2P1PPP/RNBQK1NR w KQkq - 2 5""]
[SetUp ""1""]
[OpponentElo ""348.1881990097149""]
[Opening ""opening_005""]

5. cxb4 Qd7 1/2-1/2",opening_005,r1bqkb1r/ppp1pppp/3p1n2/8/1nB1P3/1PP5/P2P1PPP/RNBQK1NR w KQkq - 2 5
266,minic,348.1881990097149,white,1/2-1/2,0.5,10,MAX_PLIES_ADJUDICATION,r1b1k1nr/pppp1ppp/n3p3/q7/1b6/P2P2P1/2PNPP1P/R1BQKBNR w KQkq - 1 6,Level=21,400,348.1881990097149,1,11.096638299990445,288,0.0013456041924655437,"[Event ""?""]
[Site ""?""]
[Date ""????.??.??""]
[Round ""?""]
[White ""MaleCNS-RD""]
[Black ""minic""]
[Result ""1/2-1/2""]
[FEN ""r1b1k1nr/pppp1ppp/n3p3/6q1/1b6/P2P4/2PNPPPP/R1BQKBNR w KQkq - 0 5""]
[SetUp ""1""]
[OpponentElo ""348.1881990097149""]
[Opening ""opening_006""]

5. g3 Qa5 1/2-1/2",opening_006,r1b1k1nr/pppp1ppp/n3p3/6q1/1b6/P2P4/2PNPPPP/R1BQKBNR w KQkq - 0 5
267,minic,348.1881990097149,black,1/2-1/2,0.5,10,MAX_PLIES_ADJUDICATION,r1b3nr/ppppkppp/n3p3/6q1/1P6/3P4/2PNPPPP/R1BQKBNR w KQ - 1 6,Level=21,400,348.1881990097149,1,22.00028839998413,656,3.8105063140392303e-06,"[Event ""?""]
[Site ""?""]
[Date ""????.??.??""]
[Round ""?""]
[White ""minic""]
[Black ""MaleCNS-RD""]
[Result ""1/2-1/2""]
[FEN ""r1b1k1nr/pppp1ppp/n3p3/6q1/1b6/P2P4/2PNPPPP/R1BQKBNR w KQkq - 0 5""]
[SetUp ""1""]
[OpponentElo ""348.1881990097149""]
[Opening ""opening_006""]

5. axb4 Ke7 1/2-1/2",opening_006,r1b1k1nr/pppp1ppp/n3p3/6q1/1b6/P2P4/2PNPPPP/R1BQKBNR w KQkq - 0 5
268,gaia,580.0,white,1/2-1/2,0.5,10,MAX_PLIES_ADJUDICATION,rn1qkb1r/3ppppp/bpp2n2/p7/4B3/3PP1P1/PPP2P1P/RNBQK1NR w KQkq - 0 6,Skill Level=1,580,580.0,1,14.47722690005321,576,0.0009428802877664566,"[Event ""?""]
[Site ""?""]
[Date ""????.??.??""]
[Round ""?""]
[White ""MaleCNS-RD""]
[Black ""gaia""]
[Result ""1/2-1/2""]
[FEN ""rn1qkb1r/2pppppp/bp3n2/p7/4B3/3PP3/PPP2PPP/RNBQK1NR w KQkq - 1 5""]
[SetUp ""1""]
[OpponentElo ""580.0""]
[Opening ""opening_000""]

5. g3 c6 1/2-1/2",opening_000,rn1qkb1r/2pppppp/bp3n2/p7/4B3/3PP3/PPP2PPP/RNBQK1NR w KQkq - 1 5
269,gaia,580.0,black,1/2-1/2,0.5,10,MAX_PLIES_ADJUDICATION,Bnq1kb1r/2pppppp/bp3n2/p7/8/3PP3/PPP2PPP/RNBQK1NR w KQk - 1 6,Skill Level=1,580,580.0,1,11.472382900014054,400,0.0005378350615501404,"[Event ""?""]
[Site ""?""]
[Date ""????.??.??""]
[Round ""?""]
[White ""gaia""]
[Black ""MaleCNS-RD""]
[Result ""1/2-1/2""]
[FEN ""rn1qkb1r/2pppppp/bp3n2/p7/4B3/3PP3/PPP2PPP/RNBQK1NR w KQkq - 1 5""]
[SetUp ""1""]
[OpponentElo ""580.0""]
[Opening ""opening_000""]

5. Bxa8 Qc8 1/2-1/2",opening_000,rn1qkb1r/2pppppp/bp3n2/p7/4B3/3PP3/PPP2PPP/RNBQK1NR w KQkq - 1 5
270,gaia,580.0,white,1/2-1/2,0.5,10,MAX_PLIES_ADJUDICATION,rnb1kbnr/1pq1pppp/8/p1pp4/6P1/NP5P/P1PPPP2/R1BQKBNR w KQkq - 1 6,Skill Level=1,580,580.0,1,11.185424699971918,304,6.207171827554703e-05,"[Event ""?""]
[Site ""?""]
[Date ""????.??.??""]
[Round ""?""]
[White ""MaleCNS-RD""]
[Black ""gaia""]
[Result ""1/2-1/2""]
[FEN ""rnbqkbnr/1p2pppp/8/p1pp4/6P1/N6P/PPPPPP2/R1BQKBNR w KQkq - 0 5""]
[SetUp ""1""]
[OpponentElo ""580.0""]
[Opening ""opening_001""]

5. b3 Qc7 1/2-1/2",opening_001,rnbqkbnr/1p2pppp/8/p1pp4/6P1/N6P/PPPPPP2/R1BQKBNR w KQkq - 0 5
271,gaia,580.0,black,1/2-1/2,0.5,10,MAX_PLIES_ADJUDICATION,1nbqkbnr/rp2pppp/8/p1pp4/5PP1/N6P/PPPPP3/R1BQKBNR w KQk - 1 6,Skill Level=1,580,580.0,1,13.443616300006397,464,0.004071526229381561,"[Event ""?""]
[Site ""?""]
[Date ""????.??.??""]
[Round ""?""]
[White ""gaia""]
[Black ""MaleCNS-RD""]
[Result ""1/2-1/2""]
[FEN ""rnbqkbnr/1p2pppp/8/p1pp4/6P1/N6P/PPPPPP2/R1BQKBNR w KQkq - 0 5""]
[SetUp ""1""]
[OpponentElo ""580.0""]
[Opening ""opening_001""]

5. f4 Ra7 1/2-1/2",opening_001,rnbqkbnr/1p2pppp/8/p1pp4/6P1/N6P/PPPPPP2/R1BQKBNR w KQkq - 0 5
272,gaia,580.0,white,1/2-1/2,0.5,10,MAX_PLIES_ADJUDICATION,rnb1k1nr/pppp1p1p/5qp1/4p3/1bP4P/1P3PP1/P2PP3/RNBQKBNR w KQkq - 1 6,Skill Level=1,580,580.0,1,11.18223079998279,352,0.001354600302875042,"[Event ""?""]
[Site ""?""]
[Date ""????.??.??""]
[Round ""?""]
[White ""MaleCNS-RD""]
[Black ""gaia""]
[Result ""1/2-1/2""]
[FEN ""rnb1kbnr/pppp1p1p/5qp1/4p3/7P/1P3PP1/P1PPP3/RNBQKBNR w KQkq - 0 5""]
[SetUp ""1""]
[OpponentElo ""580.0""]
[Opening ""opening_002""]

5. c4 Bb4 1/2-1/2",opening_002,rnb1kbnr/pppp1p1p/5qp1/4p3/7P/1P3PP1/P1PPP3/RNBQKBNR w KQkq - 0 5
273,gaia,580.0,black,1/2-1/2,0.5,10,MAX_PLIES_ADJUDICATION,rnb1kbnr/pppp1p1p/5qp1/8/1P2p2P/5PP1/P1PPP3/RNBQKBNR w KQkq - 0 6,Skill Level=1,580,580.0,1,14.131432899972424,592,0.0032885922119021416,"[Event ""?""]
[Site ""?""]
[Date ""????.??.??""]
[Round ""?""]
[White ""gaia""]
[Black ""MaleCNS-RD""]
[Result ""1/2-1/2""]
[FEN ""rnb1kbnr/pppp1p1p/5qp1/4p3/7P/1P3PP1/P1PPP3/RNBQKBNR w KQkq - 0 5""]
[SetUp ""1""]
[OpponentElo ""580.0""]
[Opening ""opening_002""]

5. b4 e4 1/2-1/2",opening_002,rnb1kbnr/pppp1p1p/5qp1/4p3/7P/1P3PP1/P1PPP3/RNBQKBNR w KQkq - 0 5
274,gaia,580.0,white,1/2-1/2,0.5,10,MAX_PLIES_ADJUDICATION,rnbqk1nr/1pp2ppp/1b1pp3/p7/P7/1PP2P1P/3PP1P1/RNBQKBNR w KQkq - 0 6,Skill Level=1,580,580.0,1,8.821452300006058,272,6.207358092069626e-05,"[Event ""?""]
[Site ""?""]
[Date ""????.??.??""]
[Round ""?""]
[White ""MaleCNS-RD""]
[Black ""gaia""]
[Result ""1/2-1/2""]
[FEN ""rnbqk1nr/1ppp1ppp/1b2p3/p7/P7/2P2P1P/1P1PP1P1/RNBQKBNR w KQkq - 1 5""]
[SetUp ""1""]
[OpponentElo ""580.0""]
[Opening ""opening_003""]

5. b3 d6 1/2-1/2",opening_003,rnbqk1nr/1ppp1ppp/1b2p3/p7/P7/2P2P1P/1P1PP1P1/RNBQKBNR w KQkq - 1 5
275,gaia,580.0,black,1/2-1/2,0.5,10,MAX_PLIES_ADJUDICATION,rnb1k1nr/1pppqppp/1b2p3/p7/P1P5/5P1P/1P1PP1P1/RNBQKBNR w KQkq - 1 6,Skill Level=1,580,580.0,1,13.028305099986028,480,0.0015479270368814468,"[Event ""?""]
[Site ""?""]
[Date ""????.??.??""]
[Round ""?""]
[White ""gaia""]
[Black ""MaleCNS-RD""]
[Result ""1/2-1/2""]
[FEN ""rnbqk1nr/1ppp1ppp/1b2p3/p7/P7/2P2P1P/1P1PP1P1/RNBQKBNR w KQkq - 1 5""]
[SetUp ""1""]
[OpponentElo ""580.0""]
[Opening ""opening_003""]

5. c4 Qe7 1/2-1/2",opening_003,rnbqk1nr/1ppp1ppp/1b2p3/p7/P7/2P2P1P/1P1PP1P1/RNBQKBNR w KQkq - 1 5
276,gaia,580.0,white,1/2-1/2,0.5,10,MAX_PLIES_ADJUDICATION,rnbqkbn1/2ppp1pr/1p3p2/p6p/2P5/4P1PP/PP1PKP2/RNBQ1BNR w q - 1 6,Skill Level=1,580,580.0,1,10.786349499947391,384,0.0009284541010856628,"[Event ""?""]
[Site ""?""]
[Date ""????.??.??""]
[Round ""?""]
[White ""MaleCNS-RD""]
[Black ""gaia""]
[Result ""1/2-1/2""]
[FEN ""rnbqkbnr/2ppp1p1/1p3p2/p6p/2P5/4P2P/PP1PKPP1/RNBQ1BNR w kq - 0 5""]
[SetUp ""1""]
[OpponentElo ""580.0""]
[Opening ""opening_004""]

5. g3 Rh7 1/2-1/2",opening_004,rnbqkbnr/2ppp1p1/1p3p2/p6p/2P5/4P2P/PP1PKPP1/RNBQ1BNR w kq - 0 5
277,gaia,580.0,black,1/2-1/2,0.5,10,MAX_PLIES_ADJUDICATION,1nbqkbnr/r1ppp1p1/1p3p2/p6p/2P5/4P2P/PP1P1PP1/RNBQKBNR w k - 2 6,Skill Level=1,580,580.0,1,10.705943799985107,352,0.005552338436245918,"[Event ""?""]
[Site ""?""]
[Date ""????.??.??""]
[Round ""?""]
[White ""gaia""]
[Black ""MaleCNS-RD""]
[Result ""1/2-1/2""]
[FEN ""rnbqkbnr/2ppp1p1/1p3p2/p6p/2P5/4P2P/PP1PKPP1/RNBQ1BNR w kq - 0 5""]
[SetUp ""1""]
[OpponentElo ""580.0""]
[Opening ""opening_004""]

5. Ke1 Ra7 1/2-1/2",opening_004,rnbqkbnr/2ppp1p1/1p3p2/p6p/2P5/4P2P/PP1PKPP1/RNBQ1BNR w kq - 0 5
278,gaia,580.0,white,1/2-1/2,0.5,10,MAX_PLIES_ADJUDICATION,r2qkb1r/ppp1pppp/3p1n2/8/1nB1P1b1/1PP3P1/P2P1P1P/RNBQK1NR w KQkq - 1 6,Skill Level=1,580,580.0,1,16.16815309994854,528,0.0013455897569656372,"[Event ""?""]
[Site ""?""]
[Date ""????.??.??""]
[Round ""?""]
[White ""MaleCNS-RD""]
[Black ""gaia""]
[Result ""1/2-1/2""]
[FEN ""r1bqkb1r/ppp1pppp/3p1n2/8/1nB1P3/1PP5/P2P1PPP/RNBQK1NR w KQkq - 2 5""]
[SetUp ""1""]
[OpponentElo ""580.0""]
[Opening ""opening_005""]

5. g3 Bg4 1/2-1/2",opening_005,r1bqkb1r/ppp1pppp/3p1n2/8/1nB1P3/1PP5/P2P1PPP/RNBQK1NR w KQkq - 2 5
279,gaia,580.0,black,1/2-1/2,0.5,10,MAX_PLIES_ADJUDICATION,r1b1kb1r/pppqpppp/3p1n2/8/1PB1P3/1P6/P2P1PPP/RNBQK1NR w KQkq - 1 6,Skill Level=1,580,580.0,1,13.251775200013071,448,0.001751493662595749,"[Event ""?""]
[Site ""?""]
[Date ""????.??.??""]
[Round ""?""]
[White ""gaia""]
[Black ""MaleCNS-RD""]
[Result ""1/2-1/2""]
[FEN ""r1bqkb1r/ppp1pppp/3p1n2/8/1nB1P3/1PP5/P2P1PPP/RNBQK1NR w KQkq - 2 5""]
[SetUp ""1""]
[OpponentElo ""580.0""]
[Opening ""opening_005""]

5. cxb4 Qd7 1/2-1/2",opening_005,r1bqkb1r/ppp1pppp/3p1n2/8/1nB1P3/1PP5/P2P1PPP/RNBQK1NR w KQkq - 2 5
280,gaia,580.0,white,1/2-1/2,0.5,10,MAX_PLIES_ADJUDICATION,r1b1k1nr/ppppbppp/n3p3/6q1/8/P2P2P1/2PNPP1P/R1BQKBNR w KQkq - 1 6,Skill Level=1,580,580.0,1,9.957687799993437,288,0.0013456041924655437,"[Event ""?""]
[Site ""?""]
[Date ""????.??.??""]
[Round ""?""]
[White ""MaleCNS-RD""]
[Black ""gaia""]
[Result ""1/2-1/2""]
[FEN ""r1b1k1nr/pppp1ppp/n3p3/6q1/1b6/P2P4/2PNPPPP/R1BQKBNR w KQkq - 0 5""]
[SetUp ""1""]
[OpponentElo ""580.0""]
[Opening ""opening_006""]

5. g3 Be7 1/2-1/2",opening_006,r1b1k1nr/pppp1ppp/n3p3/6q1/1b6/P2P4/2PNPPPP/R1BQKBNR w KQkq - 0 5
281,gaia,580.0,black,1/2-1/2,0.5,10,MAX_PLIES_ADJUDICATION,r1b1k1nr/ppppbppp/n3p3/6q1/8/P2P1N2/2PNPPPP/R1BQKB1R w KQkq - 2 6,Skill Level=1,580,580.0,1,24.814848999958485,768,0.004598681814968586,"[Event ""?""]
[Site ""?""]
[Date ""????.??.??""]
[Round ""?""]
[White ""gaia""]
[Black ""MaleCNS-RD""]
[Result ""1/2-1/2""]
[FEN ""r1b1k1nr/pppp1ppp/n3p3/6q1/1b6/P2P4/2PNPPPP/R1BQKBNR w KQkq - 0 5""]
[SetUp ""1""]
[OpponentElo ""580.0""]
[Opening ""opening_006""]

5. Nf3 Be7 1/2-1/2",opening_006,r1b1k1nr/pppp1ppp/n3p3/6q1/1b6/P2P4/2PNPPPP/R1BQKBNR w KQkq - 0 5
282,gaia,580.0,white,1/2-1/2,0.5,10,MAX_PLIES_ADJUDICATION,rn1qkb1r/ppp1p1pp/3p1n2/1P3p2/8/2N2PP1/P1PPP2P/R1BQKbNR w KQkq - 0 6,Skill Level=1,580,580.0,1,11.803806300042197,336,0.007726308889687061,"[Event ""?""]
[Site ""?""]
[Date ""????.??.??""]
[Round ""?""]
[White ""MaleCNS-RD""]
[Black ""gaia""]
[Result ""1/2-1/2""]
[FEN ""rn1qkb1r/ppp1p1pp/3p1n2/5p2/1P6/2N2PPb/P1PPP2P/R1BQKBNR w KQkq - 1 5""]
[SetUp ""1""]
[OpponentElo ""580.0""]
[Opening ""opening_007""]

5. b5 Bxf1 1/2-1/2",opening_007,rn1qkb1r/ppp1p1pp/3p1n2/5p2/1P6/2N2PPb/P1PPP2P/R1BQKBNR w KQkq - 1 5
283,gaia,580.0,black,1/2-1/2,0.5,10,MAX_PLIES_ADJUDICATION,rn2kb1r/pppqp1pp/3p1n2/5p2/1P6/2N2PPN/P1PPP2P/R1BQKB1R w KQkq - 1 6,Skill Level=1,580,580.0,1,12.736638700007461,448,0.0001868065446615219,"[Event ""?""]
[Site ""?""]
[Date ""????.??.??""]
[Round ""?""]
[White ""gaia""]
[Black ""MaleCNS-RD""]
[Result ""1/2-1/2""]
[FEN ""rn1qkb1r/ppp1p1pp/3p1n2/5p2/1P6/2N2PPb/P1PPP2P/R1BQKBNR w KQkq - 1 5""]
[SetUp ""1""]
[OpponentElo ""580.0""]
[Opening ""opening_007""]

5. Nxh3 Qd7 1/2-1/2",opening_007,rn1qkb1r/ppp1p1pp/3p1n2/5p2/1P6/2N2PPb/P1PPP2P/R1BQKBNR w KQkq - 1 5
284,gaia,580.0,white,1/2-1/2,0.5,10,MAX_PLIES_ADJUDICATION,r1bq1bnr/ppp1pppp/4k3/3p4/4P3/1PN5/P1PP1PPP/R1BQK1NR w KQ - 1 6,Skill Level=1,580,580.0,1,13.681953799969051,464,6.206333637237549e-05,"[Event ""?""]
[Site ""?""]
[Date ""????.??.??""]
[Round ""?""]
[White ""MaleCNS-RD""]
[Black ""gaia""]
[Result ""1/2-1/2""]
[FEN ""r1bq1bnr/pppkpppp/8/3p4/4P3/2N5/PPPP1PPP/R1BQK1NR w KQ - 0 5""]
[SetUp ""1""]
[OpponentElo ""580.0""]
[Opening ""opening_008""]

5. b3 Ke6 1/2-1/2",opening_008,r1bq1bnr/pppkpppp/8/3p4/4P3/2N5/PPPP1PPP/R1BQK1NR w KQ - 0 5
285,gaia,580.0,black,1/2-1/2,0.5,10,MAX_PLIES_ADJUDICATION,r1b1qbnr/pppkpppp/8/3N4/4P3/8/PPPP1PPP/R1BQK1NR w KQ - 1 6,Skill Level=1,580,580.0,1,12.17077289998997,352,0.001249397173523903,"[Event ""?""]
[Site ""?""]
[Date ""????.??.??""]
[Round ""?""]
[White ""gaia""]
[Black ""MaleCNS-RD""]
[Result ""1/2-1/2""]
[FEN ""r1bq1bnr/pppkpppp/8/3p4/4P3/2N5/PPPP1PPP/R1BQK1NR w KQ - 0 5""]
[SetUp ""1""]
[OpponentElo ""580.0""]
[Opening ""opening_008""]

5. Nxd5 Qe8 1/2-1/2",opening_008,r1bq1bnr/pppkpppp/8/3p4/4P3/2N5/PPPP1PPP/R1BQK1NR w KQ - 0 5
286,gaia,580.0,white,1/2-1/2,0.5,10,MAX_PLIES_ADJUDICATION,rnbqkbnr/p1pp1p1p/1p4p1/4p3/8/1P1P2P1/P1PNPP1P/RNBQKB1R w KQ - 1 6,Skill Level=1,580,580.0,1,11.901973899977747,368,6.067659705877304e-05,"[Event ""?""]
[Site ""?""]
[Date ""????.??.??""]
[Round ""?""]
[White ""MaleCNS-RD""]
[Black ""gaia""]
[Result ""1/2-1/2""]
[FEN ""rnbq1bnr/p1ppkp1p/1p4p1/4p3/8/3P2P1/PPPNPP1P/RNBQKB1R w KQ - 2 5""]
[SetUp ""1""]
[OpponentElo ""580.0""]
[Opening ""opening_009""]

5. b3 Ke8 1/2-1/2",opening_009,rnbq1bnr/p1ppkp1p/1p4p1/4p3/8/3P2P1/PPPNPP1P/RNBQKB1R w KQ - 2 5
287,gaia,580.0,black,1/2-1/2,0.5,10,MAX_PLIES_ADJUDICATION,rnbq1bnr/p1ppkp1p/1p4p1/8/4p3/N2P2P1/PPPNPP1P/R1BQKB1R w KQ - 0 6,Skill Level=1,580,580.0,1,12.140505700022914,416,0.005675027146935463,"[Event ""?""]
[Site ""?""]
[Date ""????.??.??""]
[Round ""?""]
[White ""gaia""]
[Black ""MaleCNS-RD""]
[Result ""1/2-1/2""]
[FEN ""rnbq1bnr/p1ppkp1p/1p4p1/4p3/8/3P2P1/PPPNPP1P/RNBQKB1R w KQ - 2 5""]
[SetUp ""1""]
[OpponentElo ""580.0""]
[Opening ""opening_009""]

5. Na3 e4 1/2-1/2",opening_009,rnbq1bnr/p1ppkp1p/1p4p1/4p3/8/3P2P1/PPPNPP1P/RNBQKB1R w KQ - 2 5
288,gaia,580.0,white,1/2-1/2,0.5,10,MAX_PLIES_ADJUDICATION,rn1qkbnr/1pp1ppp1/p6p/3p4/2P2P2/PP5N/3PP1PP/RbBQKB1R w KQkq - 0 6,Skill Level=1,580,580.0,1,10.247436600038782,336,6.20521605014801e-05,"[Event ""?""]
[Site ""?""]
[Date ""????.??.??""]
[Round ""?""]
[White ""MaleCNS-RD""]
[Black ""gaia""]
[Result ""1/2-1/2""]
[FEN ""rn1qkbnr/1pp1ppp1/p6p/3p1b2/2P2P2/P6N/1P1PP1PP/RNBQKB1R w KQkq - 0 5""]
[SetUp ""1""]
[OpponentElo ""580.0""]
[Opening ""opening_010""]

5. b3 Bxb1 1/2-1/2",opening_010,rn1qkbnr/1pp1ppp1/p6p/3p1b2/2P2P2/P6N/1P1PP1PP/RNBQKB1R w KQkq - 0 5
289,gaia,580.0,black,1/2-1/2,0.5,10,MAX_PLIES_ADJUDICATION,1n1qkbnr/rpp1ppp1/p6p/3p1b2/2P2P2/PQ5N/1P1PP1PP/RNB1KB1R w KQk - 2 6,Skill Level=1,580,580.0,1,17.082978799997363,528,0.004074711352586746,"[Event ""?""]
[Site ""?""]
[Date ""????.??.??""]
[Round ""?""]
[White ""gaia""]
[Black ""MaleCNS-RD""]
[Result ""1/2-1/2""]
[FEN ""rn1qkbnr/1pp1ppp1/p6p/3p1b2/2P2P2/P6N/1P1PP1PP/RNBQKB1R w KQkq - 0 5""]
[SetUp ""1""]
[OpponentElo ""580.0""]
[Opening ""opening_010""]

5. Qb3 Ra7 1/2-1/2",opening_010,rn1qkbnr/1pp1ppp1/p6p/3p1b2/2P2P2/P6N/1P1PP1PP/RNBQKB1R w KQkq - 0 5
290,gaia,580.0,white,1/2-1/2,0.5,10,MAX_PLIES_ADJUDICATION,r1bqk1nr/pp1p2pp/n1p1p3/5p2/Pb1P1B2/1P6/2P1PPPP/RN1QKBNR w KQkq - 1 6,Skill Level=1,580,580.0,1,15.901243899948895,544,6.0927122831344604e-05,"[Event ""?""]
[Site ""?""]
[Date ""????.??.??""]
[Round ""?""]
[White ""MaleCNS-RD""]
[Black ""gaia""]
[Result ""1/2-1/2""]
[FEN ""r1bqkbnr/pp1p2pp/n1p1p3/5p2/P2P1B2/8/1PP1PPPP/RN1QKBNR w KQkq - 0 5""]
[SetUp ""1""]
[OpponentElo ""580.0""]
[Opening ""opening_011""]

5. b3 Bb4+ 1/2-1/2",opening_011,r1bqkbnr/pp1p2pp/n1p1p3/5p2/P2P1B2/8/1PP1PPPP/RN1QKBNR w KQkq - 0 5
291,gaia,580.0,black,1/2-1/2,0.5,10,MAX_PLIES_ADJUDICATION,r1b1kbnr/pp1pq1pp/n1p1p3/5p2/P2P1B2/2N5/1PP1PPPP/R2QKBNR w KQkq - 2 6,Skill Level=1,580,580.0,1,13.217464499990456,512,0.003868456231430173,"[Event ""?""]
[Site ""?""]
[Date ""????.??.??""]
[Round ""?""]
[White ""gaia""]
[Black ""MaleCNS-RD""]
[Result ""1/2-1/2""]
[FEN ""r1bqkbnr/pp1p2pp/n1p1p3/5p2/P2P1B2/8/1PP1PPPP/RN1QKBNR w KQkq - 0 5""]
[SetUp ""1""]
[OpponentElo ""580.0""]
[Opening ""opening_011""]

5. Nc3 Qe7 1/2-1/2",opening_011,r1bqkbnr/pp1p2pp/n1p1p3/5p2/P2P1B2/8/1PP1PPPP/RN1QKBNR w KQkq - 0 5
292,gaia,580.0,white,1/2-1/2,0.5,10,MAX_PLIES_ADJUDICATION,r1bqkbnr/ppppppp1/8/8/Q1P3p1/1P1P4/P2P1P1P/RNB1KBNR w KQkq - 0 6,Skill Level=1,580,580.0,1,1.5831037000170909,32,0.001129799522459507,"[Event ""?""]
[Site ""?""]
[Date ""????.??.??""]
[Round ""?""]
[White ""MaleCNS-RD""]
[Black ""gaia""]
[Result ""1/2-1/2""]
[FEN ""r1bqkbnr/ppppppp1/8/7p/Q1P3P1/1P1n4/P2PPP1P/RNB1KBNR w KQkq - 1 5""]
[SetUp ""1""]
[OpponentElo ""580.0""]
[Opening ""opening_012""]

5. exd3 hxg4 1/2-1/2",opening_012,r1bqkbnr/ppppppp1/8/7p/Q1P3P1/1P1n4/P2PPP1P/RNB1KBNR w KQkq - 1 5
293,gaia,580.0,black,1/2-1/2,0.5,10,MAX_PLIES_ADJUDICATION,r1bqkbnr/p1ppppp1/8/1p5p/Q1P3P1/1P1n4/P2PPP1P/RNBK1BNR w kq - 0 6,Skill Level=1,580,580.0,1,13.082321900001261,432,0.00017369724810123444,"[Event ""?""]
[Site ""?""]
[Date ""????.??.??""]
[Round ""?""]
[White ""gaia""]
[Black ""MaleCNS-RD""]
[Result ""1/2-1/2""]
[FEN ""r1bqkbnr/ppppppp1/8/7p/Q1P3P1/1P1n4/P2PPP1P/RNB1KBNR w KQkq - 1 5""]
[SetUp ""1""]
[OpponentElo ""580.0""]
[Opening ""opening_012""]

5. Kd1 b5 1/2-1/2",opening_012,r1bqkbnr/ppppppp1/8/7p/Q1P3P1/1P1n4/P2PPP1P/RNB1KBNR w KQkq - 1 5
294,gaia,580.0,white,1/2-1/2,0.5,10,MAX_PLIES_ADJUDICATION,rnbqk1nr/ppp3pp/3bpp2/3p4/8/1PPP4/P3PPPP/RNBQKBNR w KQkq - 1 6,Skill Level=1,580,580.0,1,12.187810499977786,448,6.089359521865845e-05,"[Event ""?""]
[Site ""?""]
[Date ""????.??.??""]
[Round ""?""]
[White ""MaleCNS-RD""]
[Black ""gaia""]
[Result ""1/2-1/2""]
[FEN ""rnbqkbnr/ppp3pp/4pp2/3p4/8/2PP4/PP2PPPP/RNBQKBNR w KQkq - 0 5""]
[SetUp ""1""]
[OpponentElo ""580.0""]
[Opening ""opening_013""]

5. b3 Bd6 1/2-1/2",opening_013,rnbqkbnr/ppp3pp/4pp2/3p4/8/2PP4/PP2PPPP/RNBQKBNR w KQkq - 0 5
295,gaia,580.0,black,1/2-1/2,0.5,10,MAX_PLIES_ADJUDICATION,rnb1kbnr/ppp1q1pp/4pp2/3p4/8/1QPP4/PP2PPPP/RNB1KBNR w KQkq - 2 6,Skill Level=1,580,580.0,1,12.853393999976106,480,0.003875225782394409,"[Event ""?""]
[Site ""?""]
[Date ""????.??.??""]
[Round ""?""]
[White ""gaia""]
[Black ""MaleCNS-RD""]
[Result ""1/2-1/2""]
[FEN ""rnbqkbnr/ppp3pp/4pp2/3p4/8/2PP4/PP2PPPP/RNBQKBNR w KQkq - 0 5""]
[SetUp ""1""]
[OpponentElo ""580.0""]
[Opening ""opening_013""]

5. Qb3 Qe7 1/2-1/2",opening_013,rnbqkbnr/ppp3pp/4pp2/3p4/8/2PP4/PP2PPPP/RNBQKBNR w KQkq - 0 5
296,gaia,580.0,white,1/2-1/2,0.5,10,MAX_PLIES_ADJUDICATION,rnbq2nr/pppppk1p/6pb/8/2P2pPP/PP6/3PPP2/RNBQKBNR w KQ - 1 6,Skill Level=1,580,580.0,1,11.731571000011172,352,6.20279461145401e-05,"[Event ""?""]
[Site ""?""]
[Date ""????.??.??""]
[Round ""?""]
[White ""MaleCNS-RD""]
[Black ""gaia""]
[Result ""1/2-1/2""]
[FEN ""rnbqk1nr/ppppp2p/6pb/8/2P2pPP/P7/1P1PPP2/RNBQKBNR w KQkq - 0 5""]
[SetUp ""1""]
[OpponentElo ""580.0""]
[Opening ""opening_014""]

5. b3 Kf7 1/2-1/2",opening_014,rnbqk1nr/ppppp2p/6pb/8/2P2pPP/P7/1P1PPP2/RNBQKBNR w KQkq - 0 5
297,gaia,580.0,black,1/2-1/2,0.5,10,MAX_PLIES_ADJUDICATION,rnbqk1nr/p1ppp2p/6pb/1p6/2P2pPP/P2P4/1P2PP2/RNBQKBNR w KQkq - 0 6,Skill Level=1,580,580.0,1,11.218457599985413,320,0.0019688308238983154,"[Event ""?""]
[Site ""?""]
[Date ""????.??.??""]
[Round ""?""]
[White ""gaia""]
[Black ""MaleCNS-RD""]
[Result ""1/2-1/2""]
[FEN ""rnbqk1nr/ppppp2p/6pb/8/2P2pPP/P7/1P1PPP2/RNBQKBNR w KQkq - 0 5""]
[SetUp ""1""]
[OpponentElo ""580.0""]
[Opening ""opening_014""]

5. d3 b5 1/2-1/2",opening_014,rnbqk1nr/ppppp2p/6pb/8/2P2pPP/P7/1P1PPP2/RNBQKBNR w KQkq - 0 5
298,gaia,580.0,white,1/2-1/2,0.5,10,MAX_PLIES_ADJUDICATION,rnb1kbnr/1ppp1p2/6p1/p2Pp2p/4P2q/1PN5/P1P2PPP/R1BQKBNR w KQkq - 0 6,Skill Level=1,580,580.0,1,14.796306399977766,560,6.0861260863021016e-05,"[Event ""?""]
[Site ""?""]
[Date ""????.??.??""]
[Round ""?""]
[White ""MaleCNS-RD""]
[Black ""gaia""]
[Result ""1/2-1/2""]
[FEN ""rnb1kbnr/1ppp1pp1/8/p2Pp2p/4P2q/2N5/PPP2PPP/R1BQKBNR w KQkq - 2 5""]
[SetUp ""1""]
[OpponentElo ""580.0""]
[Opening ""opening_015""]

5. b3 g6 1/2-1/2",opening_015,rnb1kbnr/1ppp1pp1/8/p2Pp2p/4P2q/2N5/PPP2PPP/R1BQKBNR w KQkq - 2 5
299,gaia,580.0,black,1/2-1/2,0.5,10,MAX_PLIES_ADJUDICATION,1nb1kbnr/rppp1pp1/8/p2Pp2p/4P2q/2N5/PPP1KPPP/R1BQ1BNR w k - 4 6,Skill Level=1,580,580.0,1,14.300471600028686,592,0.002328347647562623,"[Event ""?""]
[Site ""?""]
[Date ""????.??.??""]
[Round ""?""]
[White ""gaia""]
[Black ""MaleCNS-RD""]
[Result ""1/2-1/2""]
[FEN ""rnb1kbnr/1ppp1pp1/8/p2Pp2p/4P2q/2N5/PPP2PPP/R1BQKBNR w KQkq - 2 5""]
[SetUp ""1""]
[OpponentElo ""580.0""]
[Opening ""opening_015""]

5. Ke2 Ra7 1/2-1/2",opening_015,rnb1kbnr/1ppp1pp1/8/p2Pp2p/4P2q/2N5/PPP2PPP/R1BQKBNR w KQkq - 2 5
300,gaia,580.0,white,1/2-1/2,0.5,10,MAX_PLIES_ADJUDICATION,rn1qkbnr/p2ppp2/b5p1/1pP4p/5P2/1P6/P1P1PKPP/RNBQ1BNR w kq - 0 6,Skill Level=1,580,580.0,1,13.211765100015327,512,6.090220995247364e-05,"[Event ""?""]
[Site ""?""]
[Date ""????.??.??""]
[Round ""?""]
[White ""MaleCNS-RD""]
[Black ""gaia""]
[Result ""1/2-1/2""]
[FEN ""rn1qkbnr/p2pppp1/b7/1pP4p/5P2/8/PPP1PKPP/RNBQ1BNR w kq - 0 5""]
[SetUp ""1""]
[OpponentElo ""580.0""]
[Opening ""opening_016""]

5. b3 g6 1/2-1/2",opening_016,rn1qkbnr/p2pppp1/b7/1pP4p/5P2/8/PPP1PKPP/RNBQ1BNR w kq - 0 5
301,gaia,580.0,black,1/2-1/2,0.5,10,MAX_PLIES_ADJUDICATION,rn2kbnr/p2pppp1/b7/qpP4p/5P2/4B3/PPP1PKPP/RN1Q1BNR w kq - 2 6,Skill Level=1,580,580.0,1,11.631316899962258,336,0.00013521016808226705,"[Event ""?""]
[Site ""?""]
[Date ""????.??.??""]
[Round ""?""]
[White ""gaia""]
[Black ""MaleCNS-RD""]
[Result ""1/2-1/2""]
[FEN ""rn1qkbnr/p2pppp1/b7/1pP4p/5P2/8/PPP1PKPP/RNBQ1BNR w kq - 0 5""]
[SetUp ""1""]
[OpponentElo ""580.0""]
[Opening ""opening_016""]

5. Be3 Qa5 1/2-1/2",opening_016,rn1qkbnr/p2pppp1/b7/1pP4p/5P2/8/PPP1PKPP/RNBQ1BNR w kq - 0 5
302,gaia,580.0,white,1/2-1/2,0.5,10,MAX_PLIES_ADJUDICATION,rn1qkbnr/p1pb2pp/1p1pp3/5pP1/P3P3/1P6/2PP1P1P/RNBQKBNR w KQkq - 1 6,Skill Level=1,580,580.0,1,14.587208700017072,528,6.182026118040085e-05,"[Event ""?""]
[Site ""?""]
[Date ""????.??.??""]
[Round ""?""]
[White ""MaleCNS-RD""]
[Black ""gaia""]
[Result ""1/2-1/2""]
[FEN ""rnbqkbnr/p1p3pp/1p1pp3/5pP1/P3P3/8/1PPP1P1P/RNBQKBNR w KQkq - 0 5""]
[SetUp ""1""]
[OpponentElo ""580.0""]
[Opening ""opening_017""]

5. b3 Bd7 1/2-1/2",opening_017,rnbqkbnr/p1p3pp/1p1pp3/5pP1/P3P3/8/1PPP1P1P/RNBQKBNR w KQkq - 0 5
303,gaia,580.0,black,1/2-1/2,0.5,10,MAX_PLIES_ADJUDICATION,rnb1kbnr/p1p1q1pp/1p1pp3/5pP1/P3P3/8/1PPPKP1P/RNBQ1BNR w kq - 2 6,Skill Level=1,580,580.0,1,12.502900099963881,464,0.0038680434226989746,"[Event ""?""]
[Site ""?""]
[Date ""????.??.??""]
[Round ""?""]
[White ""gaia""]
[Black ""MaleCNS-RD""]
[Result ""1/2-1/2""]
[FEN ""rnbqkbnr/p1p3pp/1p1pp3/5pP1/P3P3/8/1PPP1P1P/RNBQKBNR w KQkq - 0 5""]
[SetUp ""1""]
[OpponentElo ""580.0""]
[Opening ""opening_017""]

5. Ke2 Qe7 1/2-1/2",opening_017,rnbqkbnr/p1p3pp/1p1pp3/5pP1/P3P3/8/1PPP1P1P/RNBQKBNR w KQkq - 0 5
304,gaia,580.0,white,1/2-1/2,0.5,10,MAX_PLIES_ADJUDICATION,rnbqkb1r/ppp2ppp/3p4/3p1n2/8/1P4PP/P1P1PP2/RNBQKBNR w KQkq - 0 6,Skill Level=1,580,580.0,1,12.0485834000865,448,6.086612120270729e-05,"[Event ""?""]
[Site ""?""]
[Date ""????.??.??""]
[Round ""?""]
[White ""MaleCNS-RD""]
[Black ""gaia""]
[Result ""1/2-1/2""]
[FEN ""rnbqkb1r/ppp2ppp/3pp3/3P1n2/8/6PP/PPP1PP2/RNBQKBNR w KQkq - 1 5""]
[SetUp ""1""]
[OpponentElo ""580.0""]
[Opening ""opening_018""]

5. b3 exd5 1/2-1/2",opening_018,rnbqkb1r/ppp2ppp/3pp3/3P1n2/8/6PP/PPP1PP2/RNBQKBNR w KQkq - 1 5
305,gaia,580.0,black,1/2-1/2,0.5,10,MAX_PLIES_ADJUDICATION,rnb1kb1r/ppp1qppp/3pp3/3P1n2/8/4B1PP/PPP1PP2/RN1QKBNR w KQkq - 3 6,Skill Level=1,580,580.0,1,12.611340300063603,512,0.0038685020990669727,"[Event ""?""]
[Site ""?""]
[Date ""????.??.??""]
[Round ""?""]
[White ""gaia""]
[Black ""MaleCNS-RD""]
[Result ""1/2-1/2""]
[FEN ""rnbqkb1r/ppp2ppp/3pp3/3P1n2/8/6PP/PPP1PP2/RNBQKBNR w KQkq - 1 5""]
[SetUp ""1""]
[OpponentElo ""580.0""]
[Opening ""opening_018""]

5. Be3 Qe7 1/2-1/2",opening_018,rnbqkb1r/ppp2ppp/3pp3/3P1n2/8/6PP/PPP1PP2/RNBQKBNR w KQkq - 1 5
306,gaia,580.0,white,1/2-1/2,0.5,10,MAX_PLIES_ADJUDICATION,rnb1kbnr/1pqpp2p/2p2p2/p5p1/3P4/1QP3PP/PP2PP2/RNB1KBNR w KQkq - 0 6,Skill Level=1,580,580.0,1,15.153754099970683,528,0.0013455627486109734,"[Event ""?""]
[Site ""?""]
[Date ""????.??.??""]
[Round ""?""]
[White ""MaleCNS-RD""]
[Black ""gaia""]
[Result ""1/2-1/2""]
[FEN ""rnb1kbnr/1pqppp1p/2p5/p5p1/3P4/1QP4P/PP2PPP1/RNB1KBNR w KQkq - 0 5""]
[SetUp ""1""]
[OpponentElo ""580.0""]
[Opening ""opening_019""]

5. g3 f6 1/2-1/2",opening_019,rnb1kbnr/1pqppp1p/2p5/p5p1/3P4/1QP4P/PP2PPP1/RNB1KBNR w KQkq - 0 5
307,gaia,580.0,black,1/2-1/2,0.5,10,MAX_PLIES_ADJUDICATION,1nb1kbnr/rpqppp1p/2p5/p5p1/2QP4/2P4P/PP2PPP1/RNB1KBNR w KQk - 2 6,Skill Level=1,580,580.0,1,12.808472000062466,448,0.005832132417708635,"[Event ""?""]
[Site ""?""]
[Date ""????.??.??""]
[Round ""?""]
[White ""gaia""]
[Black ""MaleCNS-RD""]
[Result ""1/2-1/2""]
[FEN ""rnb1kbnr/1pqppp1p/2p5/p5p1/3P4/1QP4P/PP2PPP1/RNB1KBNR w KQkq - 0 5""]
[SetUp ""1""]
[OpponentElo ""580.0""]
[Opening ""opening_019""]

5. Qc4 Ra7 1/2-1/2",opening_019,rnb1kbnr/1pqppp1p/2p5/p5p1/3P4/1QP4P/PP2PPP1/RNB1KBNR w KQkq - 0 5
308,gaia,580.0,white,1/2-1/2,0.5,10,MAX_PLIES_ADJUDICATION,rn1qkb1r/3ppppp/bpp2n2/p7/4B3/3PP1P1/PPP2P1P/RNBQK1NR w KQkq - 0 6,Skill Level=1,580,580.0,1,15.489893799996935,576,0.0009428802877664566,"[Event ""?""]
[Site ""?""]
[Date ""????.??.??""]
[Round ""?""]
[White ""MaleCNS-RD""]
[Black ""gaia""]
[Result ""1/2-1/2""]
[FEN ""rn1qkb1r/2pppppp/bp3n2/p7/4B3/3PP3/PPP2PPP/RNBQK1NR w KQkq - 1 5""]
[SetUp ""1""]
[OpponentElo ""580.0""]
[Opening ""opening_000""]

5. g3 c6 1/2-1/2",opening_000,rn1qkb1r/2pppppp/bp3n2/p7/4B3/3PP3/PPP2PPP/RNBQK1NR w KQkq - 1 5
309,gaia,580.0,black,1/2-1/2,0.5,10,MAX_PLIES_ADJUDICATION,Bnq1kb1r/2pppppp/bp3n2/p7/8/3PP3/PPP2PPP/RNBQK1NR w KQk - 1 6,Skill Level=1,580,580.0,1,12.295578300021589,400,0.0005378350615501404,"[Event ""?""]
[Site ""?""]
[Date ""????.??.??""]
[Round ""?""]
[White ""gaia""]
[Black ""MaleCNS-RD""]
[Result ""1/2-1/2""]
[FEN ""rn1qkb1r/2pppppp/bp3n2/p7/4B3/3PP3/PPP2PPP/RNBQK1NR w KQkq - 1 5""]
[SetUp ""1""]
[OpponentElo ""580.0""]
[Opening ""opening_000""]

5. Bxa8 Qc8 1/2-1/2",opening_000,rn1qkb1r/2pppppp/bp3n2/p7/4B3/3PP3/PPP2PPP/RNBQK1NR w KQkq - 1 5
310,gaia,580.0,white,1/2-1/2,0.5,10,MAX_PLIES_ADJUDICATION,rnb1kbnr/1pq1pppp/8/p1pp4/6P1/NP5P/P1PPPP2/R1BQKBNR w KQkq - 1 6,Skill Level=1,580,580.0,1,9.965623199939728,304,6.207171827554703e-05,"[Event ""?""]
[Site ""?""]
[Date ""????.??.??""]
[Round ""?""]
[White ""MaleCNS-RD""]
[Black ""gaia""]
[Result ""1/2-1/2""]
[FEN ""rnbqkbnr/1p2pppp/8/p1pp4/6P1/N6P/PPPPPP2/R1BQKBNR w KQkq - 0 5""]
[SetUp ""1""]
[OpponentElo ""580.0""]
[Opening ""opening_001""]

5. b3 Qc7 1/2-1/2",opening_001,rnbqkbnr/1p2pppp/8/p1pp4/6P1/N6P/PPPPPP2/R1BQKBNR w KQkq - 0 5
311,gaia,580.0,black,1/2-1/2,0.5,10,MAX_PLIES_ADJUDICATION,1nbqkbnr/rp2pppp/8/p1pp4/5PP1/N6P/PPPPP3/R1BQKBNR w KQk - 1 6,Skill Level=1,580,580.0,1,12.834078700048849,464,0.004071526229381561,"[Event ""?""]
[Site ""?""]
[Date ""????.??.??""]
[Round ""?""]
[White ""gaia""]
[Black ""MaleCNS-RD""]
[Result ""1/2-1/2""]
[FEN ""rnbqkbnr/1p2pppp/8/p1pp4/6P1/N6P/PPPPPP2/R1BQKBNR w KQkq - 0 5""]
[SetUp ""1""]
[OpponentElo ""580.0""]
[Opening ""opening_001""]

5. f4 Ra7 1/2-1/2",opening_001,rnbqkbnr/1p2pppp/8/p1pp4/6P1/N6P/PPPPPP2/R1BQKBNR w KQkq - 0 5
312,gaia,580.0,white,1/2-1/2,0.5,10,MAX_PLIES_ADJUDICATION,rnb1k1nr/pppp1p1p/5qp1/4p3/1bP4P/1P3PP1/P2PP3/RNBQKBNR w KQkq - 1 6,Skill Level=1,580,580.0,1,10.987552199978381,352,0.001354600302875042,"[Event ""?""]
[Site ""?""]
[Date ""????.??.??""]
[Round ""?""]
[White ""MaleCNS-RD""]
[Black ""gaia""]
[Result ""1/2-1/2""]
[FEN ""rnb1kbnr/pppp1p1p/5qp1/4p3/7P/1P3PP1/P1PPP3/RNBQKBNR w KQkq - 0 5""]
[SetUp ""1""]
[OpponentElo ""580.0""]
[Opening ""opening_002""]

5. c4 Bb4 1/2-1/2",opening_002,rnb1kbnr/pppp1p1p/5qp1/4p3/7P/1P3PP1/P1PPP3/RNBQKBNR w KQkq - 0 5
313,gaia,580.0,black,1/2-1/2,0.5,10,MAX_PLIES_ADJUDICATION,rnb1kbnr/pppp1p1p/5qp1/8/1P2p2P/5PP1/P1PPP3/RNBQKBNR w KQkq - 0 6,Skill Level=1,580,580.0,1,13.906360300024971,592,0.0032885922119021416,"[Event ""?""]
[Site ""?""]
[Date ""????.??.??""]
[Round ""?""]
[White ""gaia""]
[Black ""MaleCNS-RD""]
[Result ""1/2-1/2""]
[FEN ""rnb1kbnr/pppp1p1p/5qp1/4p3/7P/1P3PP1/P1PPP3/RNBQKBNR w KQkq - 0 5""]
[SetUp ""1""]
[OpponentElo ""580.0""]
[Opening ""opening_002""]

5. b4 e4 1/2-1/2",opening_002,rnb1kbnr/pppp1p1p/5qp1/4p3/7P/1P3PP1/P1PPP3/RNBQKBNR w KQkq - 0 5
314,gaia,580.0,white,1/2-1/2,0.5,10,MAX_PLIES_ADJUDICATION,rnbqk1nr/1pp2ppp/1b1pp3/p7/P7/1PP2P1P/3PP1P1/RNBQKBNR w KQkq - 0 6,Skill Level=1,580,580.0,1,8.926896400051191,272,6.207358092069626e-05,"[Event ""?""]
[Site ""?""]
[Date ""????.??.??""]
[Round ""?""]
[White ""MaleCNS-RD""]
[Black ""gaia""]
[Result ""1/2-1/2""]
[FEN ""rnbqk1nr/1ppp1ppp/1b2p3/p7/P7/2P2P1P/1P1PP1P1/RNBQKBNR w KQkq - 1 5""]
[SetUp ""1""]
[OpponentElo ""580.0""]
[Opening ""opening_003""]

5. b3 d6 1/2-1/2",opening_003,rnbqk1nr/1ppp1ppp/1b2p3/p7/P7/2P2P1P/1P1PP1P1/RNBQKBNR w KQkq - 1 5
315,gaia,580.0,black,1/2-1/2,0.5,10,MAX_PLIES_ADJUDICATION,rnb1k1nr/1pppqppp/1b2p3/p7/P1P5/5P1P/1P1PP1P1/RNBQKBNR w KQkq - 1 6,Skill Level=1,580,580.0,1,12.786470200051554,480,0.0015479270368814468,"[Event ""?""]
[Site ""?""]
[Date ""????.??.??""]
[Round ""?""]
[White ""gaia""]
[Black ""MaleCNS-RD""]
[Result ""1/2-1/2""]
[FEN ""rnbqk1nr/1ppp1ppp/1b2p3/p7/P7/2P2P1P/1P1PP1P1/RNBQKBNR w KQkq - 1 5""]
[SetUp ""1""]
[OpponentElo ""580.0""]
[Opening ""opening_003""]

5. c4 Qe7 1/2-1/2",opening_003,rnbqk1nr/1ppp1ppp/1b2p3/p7/P7/2P2P1P/1P1PP1P1/RNBQKBNR w KQkq - 1 5
316,gaia,580.0,white,1/2-1/2,0.5,10,MAX_PLIES_ADJUDICATION,rnbqkbn1/2ppp1pr/1p3p2/p6p/2P5/4P1PP/PP1PKP2/RNBQ1BNR w q - 1 6,Skill Level=1,580,580.0,1,10.679922500043176,384,0.0009284541010856628,"[Event ""?""]
[Site ""?""]
[Date ""????.??.??""]
[Round ""?""]
[White ""MaleCNS-RD""]
[Black ""gaia""]
[Result ""1/2-1/2""]
[FEN ""rnbqkbnr/2ppp1p1/1p3p2/p6p/2P5/4P2P/PP1PKPP1/RNBQ1BNR w kq - 0 5""]
[SetUp ""1""]
[OpponentElo ""580.0""]
[Opening ""opening_004""]

5. g3 Rh7 1/2-1/2",opening_004,rnbqkbnr/2ppp1p1/1p3p2/p6p/2P5/4P2P/PP1PKPP1/RNBQ1BNR w kq - 0 5
317,gaia,580.0,black,1/2-1/2,0.5,10,MAX_PLIES_ADJUDICATION,1nbqkbnr/r1ppp1p1/1p3p2/p6p/2P5/4P2P/PP1P1PP1/RNBQKBNR w k - 2 6,Skill Level=1,580,580.0,1,11.564416700042784,352,0.005552338436245918,"[Event ""?""]
[Site ""?""]
[Date ""????.??.??""]
[Round ""?""]
[White ""gaia""]
[Black ""MaleCNS-RD""]
[Result ""1/2-1/2""]
[FEN ""rnbqkbnr/2ppp1p1/1p3p2/p6p/2P5/4P2P/PP1PKPP1/RNBQ1BNR w kq - 0 5""]
[SetUp ""1""]
[OpponentElo ""580.0""]
[Opening ""opening_004""]

5. Ke1 Ra7 1/2-1/2",opening_004,rnbqkbnr/2ppp1p1/1p3p2/p6p/2P5/4P2P/PP1PKPP1/RNBQ1BNR w kq - 0 5
318,gaia,580.0,white,1/2-1/2,0.5,10,MAX_PLIES_ADJUDICATION,r2qkb1r/ppp1pppp/3p1n2/8/1nB1P1b1/1PP3P1/P2P1P1P/RNBQK1NR w KQkq - 1 6,Skill Level=1,580,580.0,1,13.580698100035079,528,0.0013455897569656372,"[Event ""?""]
[Site ""?""]
[Date ""????.??.??""]
[Round ""?""]
[White ""MaleCNS-RD""]
[Black ""gaia""]
[Result ""1/2-1/2""]
[FEN ""r1bqkb1r/ppp1pppp/3p1n2/8/1nB1P3/1PP5/P2P1PPP/RNBQK1NR w KQkq - 2 5""]
[SetUp ""1""]
[OpponentElo ""580.0""]
[Opening ""opening_005""]

5. g3 Bg4 1/2-1/2",opening_005,r1bqkb1r/ppp1pppp/3p1n2/8/1nB1P3/1PP5/P2P1PPP/RNBQK1NR w KQkq - 2 5
319,gaia,580.0,black,1/2-1/2,0.5,10,MAX_PLIES_ADJUDICATION,r1b1kb1r/pppqpppp/3p1n2/8/1PB1P3/1P6/P2P1PPP/RNBQK1NR w KQkq - 1 6,Skill Level=1,580,580.0,1,11.710464800009504,448,0.001751493662595749,"[Event ""?""]
[Site ""?""]
[Date ""????.??.??""]
[Round ""?""]
[White ""gaia""]
[Black ""MaleCNS-RD""]
[Result ""1/2-1/2""]
[FEN ""r1bqkb1r/ppp1pppp/3p1n2/8/1nB1P3/1PP5/P2P1PPP/RNBQK1NR w KQkq - 2 5""]
[SetUp ""1""]
[OpponentElo ""580.0""]
[Opening ""opening_005""]

5. cxb4 Qd7 1/2-1/2",opening_005,r1bqkb1r/ppp1pppp/3p1n2/8/1nB1P3/1PP5/P2P1PPP/RNBQK1NR w KQkq - 2 5
320,gaia,580.0,white,1/2-1/2,0.5,10,MAX_PLIES_ADJUDICATION,r1b1k1nr/ppppbppp/n3p3/6q1/8/P2P2P1/2PNPP1P/R1BQKBNR w KQkq - 1 6,Skill Level=1,580,580.0,1,9.971823400002904,288,0.0013456041924655437,"[Event ""?""]
[Site ""?""]
[Date ""????.??.??""]
[Round ""?""]
[White ""MaleCNS-RD""]
[Black ""gaia""]
[Result ""1/2-1/2""]
[FEN ""r1b1k1nr/pppp1ppp/n3p3/6q1/1b6/P2P4/2PNPPPP/R1BQKBNR w KQkq - 0 5""]
[SetUp ""1""]
[OpponentElo ""580.0""]
[Opening ""opening_006""]

5. g3 Be7 1/2-1/2",opening_006,r1b1k1nr/pppp1ppp/n3p3/6q1/1b6/P2P4/2PNPPPP/R1BQKBNR w KQkq - 0 5
321,gaia,580.0,black,1/2-1/2,0.5,10,MAX_PLIES_ADJUDICATION,r1b1k1nr/ppppbppp/n3p3/6q1/8/P2P1N2/2PNPPPP/R1BQKB1R w KQkq - 2 6,Skill Level=1,580,580.0,1,21.552963400026783,768,0.004598681814968586,"[Event ""?""]
[Site ""?""]
[Date ""????.??.??""]
[Round ""?""]
[White ""gaia""]
[Black ""MaleCNS-RD""]
[Result ""1/2-1/2""]
[FEN ""r1b1k1nr/pppp1ppp/n3p3/6q1/1b6/P2P4/2PNPPPP/R1BQKBNR w KQkq - 0 5""]
[SetUp ""1""]
[OpponentElo ""580.0""]
[Opening ""opening_006""]

5. Nf3 Be7 1/2-1/2",opening_006,r1b1k1nr/pppp1ppp/n3p3/6q1/1b6/P2P4/2PNPPPP/R1BQKBNR w KQkq - 0 5
322,gaia,580.0,white,1/2-1/2,0.5,10,MAX_PLIES_ADJUDICATION,rn1qkb1r/ppp1p1pp/3p1n2/1P3p2/8/2N2PP1/P1PPP2P/R1BQKbNR w KQkq - 0 6,Skill Level=1,580,580.0,1,10.36831859999802,336,0.007726308889687061,"[Event ""?""]
[Site ""?""]
[Date ""????.??.??""]
[Round ""?""]
[White ""MaleCNS-RD""]
[Black ""gaia""]
[Result ""1/2-1/2""]
[FEN ""rn1qkb1r/ppp1p1pp/3p1n2/5p2/1P6/2N2PPb/P1PPP2P/R1BQKBNR w KQkq - 1 5""]
[SetUp ""1""]
[OpponentElo ""580.0""]
[Opening ""opening_007""]

5. b5 Bxf1 1/2-1/2",opening_007,rn1qkb1r/ppp1p1pp/3p1n2/5p2/1P6/2N2PPb/P1PPP2P/R1BQKBNR w KQkq - 1 5
323,gaia,580.0,black,1/2-1/2,0.5,10,MAX_PLIES_ADJUDICATION,rn2kb1r/pppqp1pp/3p1n2/5p2/1P6/2N2PPN/P1PPP2P/R1BQKB1R w KQkq - 1 6,Skill Level=1,580,580.0,1,11.812690100050531,448,0.0001868065446615219,"[Event ""?""]
[Site ""?""]
[Date ""????.??.??""]
[Round ""?""]
[White ""gaia""]
[Black ""MaleCNS-RD""]
[Result ""1/2-1/2""]
[FEN ""rn1qkb1r/ppp1p1pp/3p1n2/5p2/1P6/2N2PPb/P1PPP2P/R1BQKBNR w KQkq - 1 5""]
[SetUp ""1""]
[OpponentElo ""580.0""]
[Opening ""opening_007""]

5. Nxh3 Qd7 1/2-1/2",opening_007,rn1qkb1r/ppp1p1pp/3p1n2/5p2/1P6/2N2PPb/P1PPP2P/R1BQKBNR w KQkq - 1 5
324,gaia,580.0,white,1/2-1/2,0.5,10,MAX_PLIES_ADJUDICATION,r1bq1bnr/ppp1pppp/4k3/3p4/4P3/1PN5/P1PP1PPP/R1BQK1NR w KQ - 1 6,Skill Level=1,580,580.0,1,12.55991269997321,464,6.206333637237549e-05,"[Event ""?""]
[Site ""?""]
[Date ""????.??.??""]
[Round ""?""]
[White ""MaleCNS-RD""]
[Black ""gaia""]
[Result ""1/2-1/2""]
[FEN ""r1bq1bnr/pppkpppp/8/3p4/4P3/2N5/PPPP1PPP/R1BQK1NR w KQ - 0 5""]
[SetUp ""1""]
[OpponentElo ""580.0""]
[Opening ""opening_008""]

5. b3 Ke6 1/2-1/2",opening_008,r1bq1bnr/pppkpppp/8/3p4/4P3/2N5/PPPP1PPP/R1BQK1NR w KQ - 0 5
325,gaia,580.0,black,1/2-1/2,0.5,10,MAX_PLIES_ADJUDICATION,r1b1qbnr/pppkpppp/8/3N4/4P3/8/PPPP1PPP/R1BQK1NR w KQ - 1 6,Skill Level=1,580,580.0,1,10.610004199901596,352,0.001249397173523903,"[Event ""?""]
[Site ""?""]
[Date ""????.??.??""]
[Round ""?""]
[White ""gaia""]
[Black ""MaleCNS-RD""]
[Result ""1/2-1/2""]
[FEN ""r1bq1bnr/pppkpppp/8/3p4/4P3/2N5/PPPP1PPP/R1BQK1NR w KQ - 0 5""]
[SetUp ""1""]
[OpponentElo ""580.0""]
[Opening ""opening_008""]

5. Nxd5 Qe8 1/2-1/2",opening_008,r1bq1bnr/pppkpppp/8/3p4/4P3/2N5/PPPP1PPP/R1BQK1NR w KQ - 0 5
326,gaia,580.0,white,1/2-1/2,0.5,10,MAX_PLIES_ADJUDICATION,rnbqkbnr/p1pp1p1p/1p4p1/4p3/8/1P1P2P1/P1PNPP1P/RNBQKB1R w KQ - 1 6,Skill Level=1,580,580.0,1,11.40638990001753,368,6.067659705877304e-05,"[Event ""?""]
[Site ""?""]
[Date ""????.??.??""]
[Round ""?""]
[White ""MaleCNS-RD""]
[Black ""gaia""]
[Result ""1/2-1/2""]
[FEN ""rnbq1bnr/p1ppkp1p/1p4p1/4p3/8/3P2P1/PPPNPP1P/RNBQKB1R w KQ - 2 5""]
[SetUp ""1""]
[OpponentElo ""580.0""]
[Opening ""opening_009""]

5. b3 Ke8 1/2-1/2",opening_009,rnbq1bnr/p1ppkp1p/1p4p1/4p3/8/3P2P1/PPPNPP1P/RNBQKB1R w KQ - 2 5
327,gaia,580.0,black,1/2-1/2,0.5,10,MAX_PLIES_ADJUDICATION,rnbq1bnr/p1ppkp1p/1p4p1/8/4p3/N2P2P1/PPPNPP1P/R1BQKB1R w KQ - 0 6,Skill Level=1,580,580.0,1,12.143519000033848,416,0.005675027146935463,"[Event ""?""]
[Site ""?""]
[Date ""????.??.??""]
[Round ""?""]
[White ""gaia""]
[Black ""MaleCNS-RD""]
[Result ""1/2-1/2""]
[FEN ""rnbq1bnr/p1ppkp1p/1p4p1/4p3/8/3P2P1/PPPNPP1P/RNBQKB1R w KQ - 2 5""]
[SetUp ""1""]
[OpponentElo ""580.0""]
[Opening ""opening_009""]

5. Na3 e4 1/2-1/2",opening_009,rnbq1bnr/p1ppkp1p/1p4p1/4p3/8/3P2P1/PPPNPP1P/RNBQKB1R w KQ - 2 5
328,gaia,580.0,white,1/2-1/2,0.5,10,MAX_PLIES_ADJUDICATION,rn1qkbnr/1pp1ppp1/p6p/3p4/2P2P2/PP5N/3PP1PP/RbBQKB1R w KQkq - 0 6,Skill Level=1,580,580.0,1,11.372668100055307,336,6.20521605014801e-05,"[Event ""?""]
[Site ""?""]
[Date ""????.??.??""]
[Round ""?""]
[White ""MaleCNS-RD""]
[Black ""gaia""]
[Result ""1/2-1/2""]
[FEN ""rn1qkbnr/1pp1ppp1/p6p/3p1b2/2P2P2/P6N/1P1PP1PP/RNBQKB1R w KQkq - 0 5""]
[SetUp ""1""]
[OpponentElo ""580.0""]
[Opening ""opening_010""]

5. b3 Bxb1 1/2-1/2",opening_010,rn1qkbnr/1pp1ppp1/p6p/3p1b2/2P2P2/P6N/1P1PP1PP/RNBQKB1R w KQkq - 0 5
329,gaia,580.0,black,1/2-1/2,0.5,10,MAX_PLIES_ADJUDICATION,1n1qkbnr/rpp1ppp1/p6p/3p1b2/2P2P2/PQ5N/1P1PP1PP/RNB1KB1R w KQk - 2 6,Skill Level=1,580,580.0,1,14.440853100037202,528,0.004074711352586746,"[Event ""?""]
[Site ""?""]
[Date ""????.??.??""]
[Round ""?""]
[White ""gaia""]
[Black ""MaleCNS-RD""]
[Result ""1/2-1/2""]
[FEN ""rn1qkbnr/1pp1ppp1/p6p/3p1b2/2P2P2/P6N/1P1PP1PP/RNBQKB1R w KQkq - 0 5""]
[SetUp ""1""]
[OpponentElo ""580.0""]
[Opening ""opening_010""]

5. Qb3 Ra7 1/2-1/2",opening_010,rn1qkbnr/1pp1ppp1/p6p/3p1b2/2P2P2/P6N/1P1PP1PP/RNBQKB1R w KQkq - 0 5
330,gaia,580.0,white,1/2-1/2,0.5,10,MAX_PLIES_ADJUDICATION,r1bqk1nr/pp1p2pp/n1p1p3/5p2/Pb1P1B2/1P6/2P1PPPP/RN1QKBNR w KQkq - 1 6,Skill Level=1,580,580.0,1,13.48370340000838,544,6.0927122831344604e-05,"[Event ""?""]
[Site ""?""]
[Date ""????.??.??""]
[Round ""?""]
[White ""MaleCNS-RD""]
[Black ""gaia""]
[Result ""1/2-1/2""]
[FEN ""r1bqkbnr/pp1p2pp/n1p1p3/5p2/P2P1B2/8/1PP1PPPP/RN1QKBNR w KQkq - 0 5""]
[SetUp ""1""]
[OpponentElo ""580.0""]
[Opening ""opening_011""]

5. b3 Bb4+ 1/2-1/2",opening_011,r1bqkbnr/pp1p2pp/n1p1p3/5p2/P2P1B2/8/1PP1PPPP/RN1QKBNR w KQkq - 0 5
331,gaia,580.0,black,1/2-1/2,0.5,10,MAX_PLIES_ADJUDICATION,r1b1kbnr/pp1pq1pp/n1p1p3/5p2/P2P1B2/2N5/1PP1PPPP/R2QKBNR w KQkq - 2 6,Skill Level=1,580,580.0,1,12.277204600046389,512,0.003868456231430173,"[Event ""?""]
[Site ""?""]
[Date ""????.??.??""]
[Round ""?""]
[White ""gaia""]
[Black ""MaleCNS-RD""]
[Result ""1/2-1/2""]
[FEN ""r1bqkbnr/pp1p2pp/n1p1p3/5p2/P2P1B2/8/1PP1PPPP/RN1QKBNR w KQkq - 0 5""]
[SetUp ""1""]
[OpponentElo ""580.0""]
[Opening ""opening_011""]

5. Nc3 Qe7 1/2-1/2",opening_011,r1bqkbnr/pp1p2pp/n1p1p3/5p2/P2P1B2/8/1PP1PPPP/RN1QKBNR w KQkq - 0 5
332,gaia,580.0,white,1/2-1/2,0.5,10,MAX_PLIES_ADJUDICATION,r1bqkbnr/ppppppp1/8/8/Q1P3p1/1P1P4/P2P1P1P/RNB1KBNR w KQkq - 0 6,Skill Level=1,580,580.0,1,1.6213085999479517,32,0.001129799522459507,"[Event ""?""]
[Site ""?""]
[Date ""????.??.??""]
[Round ""?""]
[White ""MaleCNS-RD""]
[Black ""gaia""]
[Result ""1/2-1/2""]
[FEN ""r1bqkbnr/ppppppp1/8/7p/Q1P3P1/1P1n4/P2PPP1P/RNB1KBNR w KQkq - 1 5""]
[SetUp ""1""]
[OpponentElo ""580.0""]
[Opening ""opening_012""]

5. exd3 hxg4 1/2-1/2",opening_012,r1bqkbnr/ppppppp1/8/7p/Q1P3P1/1P1n4/P2PPP1P/RNB1KBNR w KQkq - 1 5
333,gaia,580.0,black,1/2-1/2,0.5,10,MAX_PLIES_ADJUDICATION,r1bqkbnr/p1ppppp1/8/1p5p/Q1P3P1/1P1n4/P2PPP1P/RNBK1BNR w kq - 0 6,Skill Level=1,580,580.0,1,12.809968799934722,432,0.00017369724810123444,"[Event ""?""]
[Site ""?""]
[Date ""????.??.??""]
[Round ""?""]
[White ""gaia""]
[Black ""MaleCNS-RD""]
[Result ""1/2-1/2""]
[FEN ""r1bqkbnr/ppppppp1/8/7p/Q1P3P1/1P1n4/P2PPP1P/RNB1KBNR w KQkq - 1 5""]
[SetUp ""1""]
[OpponentElo ""580.0""]
[Opening ""opening_012""]

5. Kd1 b5 1/2-1/2",opening_012,r1bqkbnr/ppppppp1/8/7p/Q1P3P1/1P1n4/P2PPP1P/RNB1KBNR w KQkq - 1 5
334,gaia,580.0,white,1/2-1/2,0.5,10,MAX_PLIES_ADJUDICATION,rnbqk1nr/ppp3pp/3bpp2/3p4/8/1PPP4/P3PPPP/RNBQKBNR w KQkq - 1 6,Skill Level=1,580,580.0,1,12.33815619989764,448,6.089359521865845e-05,"[Event ""?""]
[Site ""?""]
[Date ""????.??.??""]
[Round ""?""]
[White ""MaleCNS-RD""]
[Black ""gaia""]
[Result ""1/2-1/2""]
[FEN ""rnbqkbnr/ppp3pp/4pp2/3p4/8/2PP4/PP2PPPP/RNBQKBNR w KQkq - 0 5""]
[SetUp ""1""]
[OpponentElo ""580.0""]
[Opening ""opening_013""]

5. b3 Bd6 1/2-1/2",opening_013,rnbqkbnr/ppp3pp/4pp2/3p4/8/2PP4/PP2PPPP/RNBQKBNR w KQkq - 0 5
335,gaia,580.0,black,1/2-1/2,0.5,10,MAX_PLIES_ADJUDICATION,rnb1kbnr/ppp1q1pp/4pp2/3p4/8/1QPP4/PP2PPPP/RNB1KBNR w KQkq - 2 6,Skill Level=1,580,580.0,1,12.711322099901736,480,0.003875225782394409,"[Event ""?""]
[Site ""?""]
[Date ""????.??.??""]
[Round ""?""]
[White ""gaia""]
[Black ""MaleCNS-RD""]
[Result ""1/2-1/2""]
[FEN ""rnbqkbnr/ppp3pp/4pp2/3p4/8/2PP4/PP2PPPP/RNBQKBNR w KQkq - 0 5""]
[SetUp ""1""]
[OpponentElo ""580.0""]
[Opening ""opening_013""]

5. Qb3 Qe7 1/2-1/2",opening_013,rnbqkbnr/ppp3pp/4pp2/3p4/8/2PP4/PP2PPPP/RNBQKBNR w KQkq - 0 5
336,gaia,580.0,white,1/2-1/2,0.5,10,MAX_PLIES_ADJUDICATION,rnbq2nr/pppppk1p/6pb/8/2P2pPP/PP6/3PPP2/RNBQKBNR w KQ - 1 6,Skill Level=1,580,580.0,1,10.950450800010003,352,6.20279461145401e-05,"[Event ""?""]
[Site ""?""]
[Date ""????.??.??""]
[Round ""?""]
[White ""MaleCNS-RD""]
[Black ""gaia""]
[Result ""1/2-1/2""]
[FEN ""rnbqk1nr/ppppp2p/6pb/8/2P2pPP/P7/1P1PPP2/RNBQKBNR w KQkq - 0 5""]
[SetUp ""1""]
[OpponentElo ""580.0""]
[Opening ""opening_014""]

5. b3 Kf7 1/2-1/2",opening_014,rnbqk1nr/ppppp2p/6pb/8/2P2pPP/P7/1P1PPP2/RNBQKBNR w KQkq - 0 5
337,gaia,580.0,black,1/2-1/2,0.5,10,MAX_PLIES_ADJUDICATION,rnbqk1nr/p1ppp2p/6pb/1p6/2P2pPP/P2P4/1P2PP2/RNBQKBNR w KQkq - 0 6,Skill Level=1,580,580.0,1,9.81434529996477,320,0.0019688308238983154,"[Event ""?""]
[Site ""?""]
[Date ""????.??.??""]
[Round ""?""]
[White ""gaia""]
[Black ""MaleCNS-RD""]
[Result ""1/2-1/2""]
[FEN ""rnbqk1nr/ppppp2p/6pb/8/2P2pPP/P7/1P1PPP2/RNBQKBNR w KQkq - 0 5""]
[SetUp ""1""]
[OpponentElo ""580.0""]
[Opening ""opening_014""]

5. d3 b5 1/2-1/2",opening_014,rnbqk1nr/ppppp2p/6pb/8/2P2pPP/P7/1P1PPP2/RNBQKBNR w KQkq - 0 5
338,gaia,580.0,white,1/2-1/2,0.5,10,MAX_PLIES_ADJUDICATION,rnb1kbnr/1ppp1p2/6p1/p2Pp2p/4P2q/1PN5/P1P2PPP/R1BQKBNR w KQkq - 0 6,Skill Level=1,580,580.0,1,15.809177099959925,560,6.0861260863021016e-05,"[Event ""?""]
[Site ""?""]
[Date ""????.??.??""]
[Round ""?""]
[White ""MaleCNS-RD""]
[Black ""gaia""]
[Result ""1/2-1/2""]
[FEN ""rnb1kbnr/1ppp1pp1/8/p2Pp2p/4P2q/2N5/PPP2PPP/R1BQKBNR w KQkq - 2 5""]
[SetUp ""1""]
[OpponentElo ""580.0""]
[Opening ""opening_015""]

5. b3 g6 1/2-1/2",opening_015,rnb1kbnr/1ppp1pp1/8/p2Pp2p/4P2q/2N5/PPP2PPP/R1BQKBNR w KQkq - 2 5
339,gaia,580.0,black,1/2-1/2,0.5,10,MAX_PLIES_ADJUDICATION,1nb1kbnr/rppp1pp1/8/p2Pp2p/4P2q/2N5/PPP1KPPP/R1BQ1BNR w k - 4 6,Skill Level=1,580,580.0,1,17.011587299988605,592,0.002328347647562623,"[Event ""?""]
[Site ""?""]
[Date ""????.??.??""]
[Round ""?""]
[White ""gaia""]
[Black ""MaleCNS-RD""]
[Result ""1/2-1/2""]
[FEN ""rnb1kbnr/1ppp1pp1/8/p2Pp2p/4P2q/2N5/PPP2PPP/R1BQKBNR w KQkq - 2 5""]
[SetUp ""1""]
[OpponentElo ""580.0""]
[Opening ""opening_015""]

5. Ke2 Ra7 1/2-1/2",opening_015,rnb1kbnr/1ppp1pp1/8/p2Pp2p/4P2q/2N5/PPP2PPP/R1BQKBNR w KQkq - 2 5
340,gaia,580.0,white,1/2-1/2,0.5,10,MAX_PLIES_ADJUDICATION,rn1qkbnr/p2ppp2/b5p1/1pP4p/5P2/1P6/P1P1PKPP/RNBQ1BNR w kq - 0 6,Skill Level=1,580,580.0,1,15.184375199954957,512,6.090220995247364e-05,"[Event ""?""]
[Site ""?""]
[Date ""????.??.??""]
[Round ""?""]
[White ""MaleCNS-RD""]
[Black ""gaia""]
[Result ""1/2-1/2""]
[FEN ""rn1qkbnr/p2pppp1/b7/1pP4p/5P2/8/PPP1PKPP/RNBQ1BNR w kq - 0 5""]
[SetUp ""1""]
[OpponentElo ""580.0""]
[Opening ""opening_016""]

5. b3 g6 1/2-1/2",opening_016,rn1qkbnr/p2pppp1/b7/1pP4p/5P2/8/PPP1PKPP/RNBQ1BNR w kq - 0 5
341,gaia,580.0,black,1/2-1/2,0.5,10,MAX_PLIES_ADJUDICATION,rn2kbnr/p2pppp1/b7/qpP4p/5P2/4B3/PPP1PKPP/RN1Q1BNR w kq - 2 6,Skill Level=1,580,580.0,1,12.55381759989541,336,0.00013521016808226705,"[Event ""?""]
[Site ""?""]
[Date ""????.??.??""]
[Round ""?""]
[White ""gaia""]
[Black ""MaleCNS-RD""]
[Result ""1/2-1/2""]
[FEN ""rn1qkbnr/p2pppp1/b7/1pP4p/5P2/8/PPP1PKPP/RNBQ1BNR w kq - 0 5""]
[SetUp ""1""]
[OpponentElo ""580.0""]
[Opening ""opening_016""]

5. Be3 Qa5 1/2-1/2",opening_016,rn1qkbnr/p2pppp1/b7/1pP4p/5P2/8/PPP1PKPP/RNBQ1BNR w kq - 0 5
342,gaia,580.0,white,1/2-1/2,0.5,10,MAX_PLIES_ADJUDICATION,rn1qkbnr/p1pb2pp/1p1pp3/5pP1/P3P3/1P6/2PP1P1P/RNBQKBNR w KQkq - 1 6,Skill Level=1,580,580.0,1,16.365404999931343,528,6.182026118040085e-05,"[Event ""?""]
[Site ""?""]
[Date ""????.??.??""]
[Round ""?""]
[White ""MaleCNS-RD""]
[Black ""gaia""]
[Result ""1/2-1/2""]
[FEN ""rnbqkbnr/p1p3pp/1p1pp3/5pP1/P3P3/8/1PPP1P1P/RNBQKBNR w KQkq - 0 5""]
[SetUp ""1""]
[OpponentElo ""580.0""]
[Opening ""opening_017""]

5. b3 Bd7 1/2-1/2",opening_017,rnbqkbnr/p1p3pp/1p1pp3/5pP1/P3P3/8/1PPP1P1P/RNBQKBNR w KQkq - 0 5
343,gaia,580.0,black,1/2-1/2,0.5,10,MAX_PLIES_ADJUDICATION,rnb1kbnr/p1p1q1pp/1p1pp3/5pP1/P3P3/8/1PPPKP1P/RNBQ1BNR w kq - 2 6,Skill Level=1,580,580.0,1,15.111623200005852,464,0.0038680434226989746,"[Event ""?""]
[Site ""?""]
[Date ""????.??.??""]
[Round ""?""]
[White ""gaia""]
[Black ""MaleCNS-RD""]
[Result ""1/2-1/2""]
[FEN ""rnbqkbnr/p1p3pp/1p1pp3/5pP1/P3P3/8/1PPP1P1P/RNBQKBNR w KQkq - 0 5""]
[SetUp ""1""]
[OpponentElo ""580.0""]
[Opening ""opening_017""]

5. Ke2 Qe7 1/2-1/2",opening_017,rnbqkbnr/p1p3pp/1p1pp3/5pP1/P3P3/8/1PPP1P1P/RNBQKBNR w KQkq - 0 5
344,gaia,580.0,white,1/2-1/2,0.5,10,MAX_PLIES_ADJUDICATION,rnbqkb1r/ppp2ppp/3p4/3p1n2/8/1P4PP/P1P1PP2/RNBQKBNR w KQkq - 0 6,Skill Level=1,580,580.0,1,13.1407210000325,448,6.086612120270729e-05,"[Event ""?""]
[Site ""?""]
[Date ""????.??.??""]
[Round ""?""]
[White ""MaleCNS-RD""]
[Black ""gaia""]
[Result ""1/2-1/2""]
[FEN ""rnbqkb1r/ppp2ppp/3pp3/3P1n2/8/6PP/PPP1PP2/RNBQKBNR w KQkq - 1 5""]
[SetUp ""1""]
[OpponentElo ""580.0""]
[Opening ""opening_018""]

5. b3 exd5 1/2-1/2",opening_018,rnbqkb1r/ppp2ppp/3pp3/3P1n2/8/6PP/PPP1PP2/RNBQKBNR w KQkq - 1 5
345,gaia,580.0,black,1/2-1/2,0.5,10,MAX_PLIES_ADJUDICATION,rnb1kb1r/ppp1qppp/3pp3/3P1n2/8/4B1PP/PPP1PP2/RN1QKBNR w KQkq - 3 6,Skill Level=1,580,580.0,1,13.582703299936838,512,0.0038685020990669727,"[Event ""?""]
[Site ""?""]
[Date ""????.??.??""]
[Round ""?""]
[White ""gaia""]
[Black ""MaleCNS-RD""]
[Result ""1/2-1/2""]
[FEN ""rnbqkb1r/ppp2ppp/3pp3/3P1n2/8/6PP/PPP1PP2/RNBQKBNR w KQkq - 1 5""]
[SetUp ""1""]
[OpponentElo ""580.0""]
[Opening ""opening_018""]

5. Be3 Qe7 1/2-1/2",opening_018,rnbqkb1r/ppp2ppp/3pp3/3P1n2/8/6PP/PPP1PP2/RNBQKBNR w KQkq - 1 5
346,gaia,580.0,white,1/2-1/2,0.5,10,MAX_PLIES_ADJUDICATION,rnb1kbnr/1pqpp2p/2p2p2/p5p1/3P4/1QP3PP/PP2PP2/RNB1KBNR w KQkq - 0 6,Skill Level=1,580,580.0,1,14.796463600010611,528,0.0013455627486109734,"[Event ""?""]
[Site ""?""]
[Date ""????.??.??""]
[Round ""?""]
[White ""MaleCNS-RD""]
[Black ""gaia""]
[Result ""1/2-1/2""]
[FEN ""rnb1kbnr/1pqppp1p/2p5/p5p1/3P4/1QP4P/PP2PPP1/RNB1KBNR w KQkq - 0 5""]
[SetUp ""1""]
[OpponentElo ""580.0""]
[Opening ""opening_019""]

5. g3 f6 1/2-1/2",opening_019,rnb1kbnr/1pqppp1p/2p5/p5p1/3P4/1QP4P/PP2PPP1/RNB1KBNR w KQkq - 0 5
347,gaia,580.0,black,1/2-1/2,0.5,10,MAX_PLIES_ADJUDICATION,1nb1kbnr/rpqppp1p/2p5/p5p1/2QP4/2P4P/PP2PPP1/RNB1KBNR w KQk - 2 6,Skill Level=1,580,580.0,1,15.157312200055458,448,0.005832132417708635,"[Event ""?""]
[Site ""?""]
[Date ""????.??.??""]
[Round ""?""]
[White ""gaia""]
[Black ""MaleCNS-RD""]
[Result ""1/2-1/2""]
[FEN ""rnb1kbnr/1pqppp1p/2p5/p5p1/3P4/1QP4P/PP2PPP1/RNB1KBNR w KQkq - 0 5""]
[SetUp ""1""]
[OpponentElo ""580.0""]
[Opening ""opening_019""]

5. Qc4 Ra7 1/2-1/2",opening_019,rnb1kbnr/1pqppp1p/2p5/p5p1/3P4/1QP4P/PP2PPP1/RNB1KBNR w KQkq - 0 5
348,gaia,580.0,white,1/2-1/2,0.5,10,MAX_PLIES_ADJUDICATION,rn1qkb1r/3ppppp/bpp2n2/p7/4B3/3PP1P1/PPP2P1P/RNBQK1NR w KQkq - 0 6,Skill Level=1,580,580.0,1,15.404133600066416,576,0.0009428802877664566,"[Event ""?""]
[Site ""?""]
[Date ""????.??.??""]
[Round ""?""]
[White ""MaleCNS-RD""]
[Black ""gaia""]
[Result ""1/2-1/2""]
[FEN ""rn1qkb1r/2pppppp/bp3n2/p7/4B3/3PP3/PPP2PPP/RNBQK1NR w KQkq - 1 5""]
[SetUp ""1""]
[OpponentElo ""580.0""]
[Opening ""opening_000""]

5. g3 c6 1/2-1/2",opening_000,rn1qkb1r/2pppppp/bp3n2/p7/4B3/3PP3/PPP2PPP/RNBQK1NR w KQkq - 1 5
349,gaia,580.0,black,1/2-1/2,0.5,10,MAX_PLIES_ADJUDICATION,Bnq1kb1r/2pppppp/bp3n2/p7/8/3PP3/PPP2PPP/RNBQK1NR w KQk - 1 6,Skill Level=1,580,580.0,1,12.58470170001965,400,0.0005378350615501404,"[Event ""?""]
[Site ""?""]
[Date ""????.??.??""]
[Round ""?""]
[White ""gaia""]
[Black ""MaleCNS-RD""]
[Result ""1/2-1/2""]
[FEN ""rn1qkb1r/2pppppp/bp3n2/p7/4B3/3PP3/PPP2PPP/RNBQK1NR w KQkq - 1 5""]
[SetUp ""1""]
[OpponentElo ""580.0""]
[Opening ""opening_000""]

5. Bxa8 Qc8 1/2-1/2",opening_000,rn1qkb1r/2pppppp/bp3n2/p7/4B3/3PP3/PPP2PPP/RNBQK1NR w KQkq - 1 5
350,gaia,580.0,white,1/2-1/2,0.5,10,MAX_PLIES_ADJUDICATION,rnb1kbnr/1pq1pppp/8/p1pp4/6P1/NP5P/P1PPPP2/R1BQKBNR w KQkq - 1 6,Skill Level=1,580,580.0,1,10.980316299945116,304,6.207171827554703e-05,"[Event ""?""]
[Site ""?""]
[Date ""????.??.??""]
[Round ""?""]
[White ""MaleCNS-RD""]
[Black ""gaia""]
[Result ""1/2-1/2""]
[FEN ""rnbqkbnr/1p2pppp/8/p1pp4/6P1/N6P/PPPPPP2/R1BQKBNR w KQkq - 0 5""]
[SetUp ""1""]
[OpponentElo ""580.0""]
[Opening ""opening_001""]

5. b3 Qc7 1/2-1/2",opening_001,rnbqkbnr/1p2pppp/8/p1pp4/6P1/N6P/PPPPPP2/R1BQKBNR w KQkq - 0 5
351,gaia,580.0,black,1/2-1/2,0.5,10,MAX_PLIES_ADJUDICATION,1nbqkbnr/rp2pppp/8/p1pp4/5PP1/N6P/PPPPP3/R1BQKBNR w KQk - 1 6,Skill Level=1,580,580.0,1,13.46406109991949,464,0.004071526229381561,"[Event ""?""]
[Site ""?""]
[Date ""????.??.??""]
[Round ""?""]
[White ""gaia""]
[Black ""MaleCNS-RD""]
[Result ""1/2-1/2""]
[FEN ""rnbqkbnr/1p2pppp/8/p1pp4/6P1/N6P/PPPPPP2/R1BQKBNR w KQkq - 0 5""]
[SetUp ""1""]
[OpponentElo ""580.0""]
[Opening ""opening_001""]

5. f4 Ra7 1/2-1/2",opening_001,rnbqkbnr/1p2pppp/8/p1pp4/6P1/N6P/PPPPPP2/R1BQKBNR w KQkq - 0 5
352,gaia,580.0,white,1/2-1/2,0.5,10,MAX_PLIES_ADJUDICATION,rnb1k1nr/pppp1p1p/5qp1/4p3/1bP4P/1P3PP1/P2PP3/RNBQKBNR w KQkq - 1 6,Skill Level=1,580,580.0,1,11.423447700100951,352,0.001354600302875042,"[Event ""?""]
[Site ""?""]
[Date ""????.??.??""]
[Round ""?""]
[White ""MaleCNS-RD""]
[Black ""gaia""]
[Result ""1/2-1/2""]
[FEN ""rnb1kbnr/pppp1p1p/5qp1/4p3/7P/1P3PP1/P1PPP3/RNBQKBNR w KQkq - 0 5""]
[SetUp ""1""]
[OpponentElo ""580.0""]
[Opening ""opening_002""]

5. c4 Bb4 1/2-1/2",opening_002,rnb1kbnr/pppp1p1p/5qp1/4p3/7P/1P3PP1/P1PPP3/RNBQKBNR w KQkq - 0 5
353,gaia,580.0,black,1/2-1/2,0.5,10,MAX_PLIES_ADJUDICATION,rnb1kbnr/pppp1p1p/5qp1/8/1P2p2P/5PP1/P1PPP3/RNBQKBNR w KQkq - 0 6,Skill Level=1,580,580.0,1,14.38222169992514,592,0.0032885922119021416,"[Event ""?""]
[Site ""?""]
[Date ""????.??.??""]
[Round ""?""]
[White ""gaia""]
[Black ""MaleCNS-RD""]
[Result ""1/2-1/2""]
[FEN ""rnb1kbnr/pppp1p1p/5qp1/4p3/7P/1P3PP1/P1PPP3/RNBQKBNR w KQkq - 0 5""]
[SetUp ""1""]
[OpponentElo ""580.0""]
[Opening ""opening_002""]

5. b4 e4 1/2-1/2",opening_002,rnb1kbnr/pppp1p1p/5qp1/4p3/7P/1P3PP1/P1PPP3/RNBQKBNR w KQkq - 0 5
354,gaia,580.0,white,1/2-1/2,0.5,10,MAX_PLIES_ADJUDICATION,rnbqk1nr/1pp2ppp/1b1pp3/p7/P7/1PP2P1P/3PP1P1/RNBQKBNR w KQkq - 0 6,Skill Level=1,580,580.0,1,8.733889500028454,272,6.207358092069626e-05,"[Event ""?""]
[Site ""?""]
[Date ""????.??.??""]
[Round ""?""]
[White ""MaleCNS-RD""]
[Black ""gaia""]
[Result ""1/2-1/2""]
[FEN ""rnbqk1nr/1ppp1ppp/1b2p3/p7/P7/2P2P1P/1P1PP1P1/RNBQKBNR w KQkq - 1 5""]
[SetUp ""1""]
[OpponentElo ""580.0""]
[Opening ""opening_003""]

5. b3 d6 1/2-1/2",opening_003,rnbqk1nr/1ppp1ppp/1b2p3/p7/P7/2P2P1P/1P1PP1P1/RNBQKBNR w KQkq - 1 5
355,gaia,580.0,black,1/2-1/2,0.5,10,MAX_PLIES_ADJUDICATION,rnb1k1nr/1pppqppp/1b2p3/p7/P1P5/5P1P/1P1PP1P1/RNBQKBNR w KQkq - 1 6,Skill Level=1,580,580.0,1,12.775409599998966,480,0.0015479270368814468,"[Event ""?""]
[Site ""?""]
[Date ""????.??.??""]
[Round ""?""]
[White ""gaia""]
[Black ""MaleCNS-RD""]
[Result ""1/2-1/2""]
[FEN ""rnbqk1nr/1ppp1ppp/1b2p3/p7/P7/2P2P1P/1P1PP1P1/RNBQKBNR w KQkq - 1 5""]
[SetUp ""1""]
[OpponentElo ""580.0""]
[Opening ""opening_003""]

5. c4 Qe7 1/2-1/2",opening_003,rnbqk1nr/1ppp1ppp/1b2p3/p7/P7/2P2P1P/1P1PP1P1/RNBQKBNR w KQkq - 1 5
356,gaia,580.0,white,1/2-1/2,0.5,10,MAX_PLIES_ADJUDICATION,rnbqkbn1/2ppp1pr/1p3p2/p6p/2P5/4P1PP/PP1PKP2/RNBQ1BNR w q - 1 6,Skill Level=1,580,580.0,1,11.011121400049888,384,0.0009284541010856628,"[Event ""?""]
[Site ""?""]
[Date ""????.??.??""]
[Round ""?""]
[White ""MaleCNS-RD""]
[Black ""gaia""]
[Result ""1/2-1/2""]
[FEN ""rnbqkbnr/2ppp1p1/1p3p2/p6p/2P5/4P2P/PP1PKPP1/RNBQ1BNR w kq - 0 5""]
[SetUp ""1""]
[OpponentElo ""580.0""]
[Opening ""opening_004""]

5. g3 Rh7 1/2-1/2",opening_004,rnbqkbnr/2ppp1p1/1p3p2/p6p/2P5/4P2P/PP1PKPP1/RNBQ1BNR w kq - 0 5
357,gaia,580.0,black,1/2-1/2,0.5,10,MAX_PLIES_ADJUDICATION,1nbqkbnr/r1ppp1p1/1p3p2/p6p/2P5/4P2P/PP1P1PP1/RNBQKBNR w k - 2 6,Skill Level=1,580,580.0,1,11.087782199960202,352,0.005552338436245918,"[Event ""?""]
[Site ""?""]
[Date ""????.??.??""]
[Round ""?""]
[White ""gaia""]
[Black ""MaleCNS-RD""]
[Result ""1/2-1/2""]
[FEN ""rnbqkbnr/2ppp1p1/1p3p2/p6p/2P5/4P2P/PP1PKPP1/RNBQ1BNR w kq - 0 5""]
[SetUp ""1""]
[OpponentElo ""580.0""]
[Opening ""opening_004""]

5. Ke1 Ra7 1/2-1/2",opening_004,rnbqkbnr/2ppp1p1/1p3p2/p6p/2P5/4P2P/PP1PKPP1/RNBQ1BNR w kq - 0 5
358,gaia,580.0,white,1/2-1/2,0.5,10,MAX_PLIES_ADJUDICATION,r2qkb1r/ppp1pppp/3p1n2/8/1nB1P1b1/1PP3P1/P2P1P1P/RNBQK1NR w KQkq - 1 6,Skill Level=1,580,580.0,1,14.778541599982418,528,0.0013455897569656372,"[Event ""?""]
[Site ""?""]
[Date ""????.??.??""]
[Round ""?""]
[White ""MaleCNS-RD""]
[Black ""gaia""]
[Result ""1/2-1/2""]
[FEN ""r1bqkb1r/ppp1pppp/3p1n2/8/1nB1P3/1PP5/P2P1PPP/RNBQK1NR w KQkq - 2 5""]
[SetUp ""1""]
[OpponentElo ""580.0""]
[Opening ""opening_005""]

5. g3 Bg4 1/2-1/2",opening_005,r1bqkb1r/ppp1pppp/3p1n2/8/1nB1P3/1PP5/P2P1PPP/RNBQK1NR w KQkq - 2 5
359,gaia,580.0,black,1/2-1/2,0.5,10,MAX_PLIES_ADJUDICATION,r1b1kb1r/pppqpppp/3p1n2/8/1PB1P3/1P6/P2P1PPP/RNBQK1NR w KQkq - 1 6,Skill Level=1,580,580.0,1,12.7085954999784,448,0.001751493662595749,"[Event ""?""]
[Site ""?""]
[Date ""????.??.??""]
[Round ""?""]
[White ""gaia""]
[Black ""MaleCNS-RD""]
[Result ""1/2-1/2""]
[FEN ""r1bqkb1r/ppp1pppp/3p1n2/8/1nB1P3/1PP5/P2P1PPP/RNBQK1NR w KQkq - 2 5""]
[SetUp ""1""]
[OpponentElo ""580.0""]
[Opening ""opening_005""]

5. cxb4 Qd7 1/2-1/2",opening_005,r1bqkb1r/ppp1pppp/3p1n2/8/1nB1P3/1PP5/P2P1PPP/RNBQK1NR w KQkq - 2 5
360,gaia,580.0,white,1/2-1/2,0.5,10,MAX_PLIES_ADJUDICATION,r1b1k1nr/ppppbppp/n3p3/6q1/8/P2P2P1/2PNPP1P/R1BQKBNR w KQkq - 1 6,Skill Level=1,580,580.0,1,10.981063800049014,288,0.0013456041924655437,"[Event ""?""]
[Site ""?""]
[Date ""????.??.??""]
[Round ""?""]
[White ""MaleCNS-RD""]
[Black ""gaia""]
[Result ""1/2-1/2""]
[FEN ""r1b1k1nr/pppp1ppp/n3p3/6q1/1b6/P2P4/2PNPPPP/R1BQKBNR w KQkq - 0 5""]
[SetUp ""1""]
[OpponentElo ""580.0""]
[Opening ""opening_006""]

5. g3 Be7 1/2-1/2",opening_006,r1b1k1nr/pppp1ppp/n3p3/6q1/1b6/P2P4/2PNPPPP/R1BQKBNR w KQkq - 0 5
361,gaia,580.0,black,1/2-1/2,0.5,10,MAX_PLIES_ADJUDICATION,r1b1k1nr/ppppbppp/n3p3/6q1/8/P2P1N2/2PNPPPP/R1BQKB1R w KQkq - 2 6,Skill Level=1,580,580.0,1,23.81525939994026,768,0.004598681814968586,"[Event ""?""]
[Site ""?""]
[Date ""????.??.??""]
[Round ""?""]
[White ""gaia""]
[Black ""MaleCNS-RD""]
[Result ""1/2-1/2""]
[FEN ""r1b1k1nr/pppp1ppp/n3p3/6q1/1b6/P2P4/2PNPPPP/R1BQKBNR w KQkq - 0 5""]
[SetUp ""1""]
[OpponentElo ""580.0""]
[Opening ""opening_006""]

5. Nf3 Be7 1/2-1/2",opening_006,r1b1k1nr/pppp1ppp/n3p3/6q1/1b6/P2P4/2PNPPPP/R1BQKBNR w KQkq - 0 5
362,gaia,580.0,white,1/2-1/2,0.5,10,MAX_PLIES_ADJUDICATION,rn1qkb1r/ppp1p1pp/3p1n2/1P3p2/8/2N2PP1/P1PPP2P/R1BQKbNR w KQkq - 0 6,Skill Level=1,580,580.0,1,12.77136940008495,336,0.007726308889687061,"[Event ""?""]
[Site ""?""]
[Date ""????.??.??""]
[Round ""?""]
[White ""MaleCNS-RD""]
[Black ""gaia""]
[Result ""1/2-1/2""]
[FEN ""rn1qkb1r/ppp1p1pp/3p1n2/5p2/1P6/2N2PPb/P1PPP2P/R1BQKBNR w KQkq - 1 5""]
[SetUp ""1""]
[OpponentElo ""580.0""]
[Opening ""opening_007""]

5. b5 Bxf1 1/2-1/2",opening_007,rn1qkb1r/ppp1p1pp/3p1n2/5p2/1P6/2N2PPb/P1PPP2P/R1BQKBNR w KQkq - 1 5
363,gaia,580.0,black,1/2-1/2,0.5,10,MAX_PLIES_ADJUDICATION,rn2kb1r/pppqp1pp/3p1n2/5p2/1P6/2N2PPN/P1PPP2P/R1BQKB1R w KQkq - 1 6,Skill Level=1,580,580.0,1,13.846695200074464,448,0.0001868065446615219,"[Event ""?""]
[Site ""?""]
[Date ""????.??.??""]
[Round ""?""]
[White ""gaia""]
[Black ""MaleCNS-RD""]
[Result ""1/2-1/2""]
[FEN ""rn1qkb1r/ppp1p1pp/3p1n2/5p2/1P6/2N2PPb/P1PPP2P/R1BQKBNR w KQkq - 1 5""]
[SetUp ""1""]
[OpponentElo ""580.0""]
[Opening ""opening_007""]

5. Nxh3 Qd7 1/2-1/2",opening_007,rn1qkb1r/ppp1p1pp/3p1n2/5p2/1P6/2N2PPb/P1PPP2P/R1BQKBNR w KQkq - 1 5
364,gaia,580.0,white,1/2-1/2,0.5,10,MAX_PLIES_ADJUDICATION,r1bq1bnr/ppp1pppp/4k3/3p4/4P3/1PN5/P1PP1PPP/R1BQK1NR w KQ - 1 6,Skill Level=1,580,580.0,1,14.053633200004697,464,6.206333637237549e-05,"[Event ""?""]
[Site ""?""]
[Date ""????.??.??""]
[Round ""?""]
[White ""MaleCNS-RD""]
[Black ""gaia""]
[Result ""1/2-1/2""]
[FEN ""r1bq1bnr/pppkpppp/8/3p4/4P3/2N5/PPPP1PPP/R1BQK1NR w KQ - 0 5""]
[SetUp ""1""]
[OpponentElo ""580.0""]
[Opening ""opening_008""]

5. b3 Ke6 1/2-1/2",opening_008,r1bq1bnr/pppkpppp/8/3p4/4P3/2N5/PPPP1PPP/R1BQK1NR w KQ - 0 5
365,gaia,580.0,black,1/2-1/2,0.5,10,MAX_PLIES_ADJUDICATION,r1b1qbnr/pppkpppp/8/3N4/4P3/8/PPPP1PPP/R1BQK1NR w KQ - 1 6,Skill Level=1,580,580.0,1,12.627170799998567,352,0.001249397173523903,"[Event ""?""]
[Site ""?""]
[Date ""????.??.??""]
[Round ""?""]
[White ""gaia""]
[Black ""MaleCNS-RD""]
[Result ""1/2-1/2""]
[FEN ""r1bq1bnr/pppkpppp/8/3p4/4P3/2N5/PPPP1PPP/R1BQK1NR w KQ - 0 5""]
[SetUp ""1""]
[OpponentElo ""580.0""]
[Opening ""opening_008""]

5. Nxd5 Qe8 1/2-1/2",opening_008,r1bq1bnr/pppkpppp/8/3p4/4P3/2N5/PPPP1PPP/R1BQK1NR w KQ - 0 5
366,gaia,580.0,white,1/2-1/2,0.5,10,MAX_PLIES_ADJUDICATION,rnbqkbnr/p1pp1p1p/1p4p1/4p3/8/1P1P2P1/P1PNPP1P/RNBQKB1R w KQ - 1 6,Skill Level=1,580,580.0,1,13.075994800077751,368,6.067659705877304e-05,"[Event ""?""]
[Site ""?""]
[Date ""????.??.??""]
[Round ""?""]
[White ""MaleCNS-RD""]
[Black ""gaia""]
[Result ""1/2-1/2""]
[FEN ""rnbq1bnr/p1ppkp1p/1p4p1/4p3/8/3P2P1/PPPNPP1P/RNBQKB1R w KQ - 2 5""]
[SetUp ""1""]
[OpponentElo ""580.0""]
[Opening ""opening_009""]

5. b3 Ke8 1/2-1/2",opening_009,rnbq1bnr/p1ppkp1p/1p4p1/4p3/8/3P2P1/PPPNPP1P/RNBQKB1R w KQ - 2 5
367,gaia,580.0,black,1/2-1/2,0.5,10,MAX_PLIES_ADJUDICATION,rnbq1bnr/p1ppkp1p/1p4p1/8/4p3/N2P2P1/PPPNPP1P/R1BQKB1R w KQ - 0 6,Skill Level=1,580,580.0,1,14.123298999969848,416,0.005675027146935463,"[Event ""?""]
[Site ""?""]
[Date ""????.??.??""]
[Round ""?""]
[White ""gaia""]
[Black ""MaleCNS-RD""]
[Result ""1/2-1/2""]
[FEN ""rnbq1bnr/p1ppkp1p/1p4p1/4p3/8/3P2P1/PPPNPP1P/RNBQKB1R w KQ - 2 5""]
[SetUp ""1""]
[OpponentElo ""580.0""]
[Opening ""opening_009""]

5. Na3 e4 1/2-1/2",opening_009,rnbq1bnr/p1ppkp1p/1p4p1/4p3/8/3P2P1/PPPNPP1P/RNBQKB1R w KQ - 2 5
368,gaia,580.0,white,1/2-1/2,0.5,10,MAX_PLIES_ADJUDICATION,rn1qkbnr/1pp1ppp1/p6p/3p4/2P2P2/PP5N/3PP1PP/RbBQKB1R w KQkq - 0 6,Skill Level=1,580,580.0,1,12.596451200079173,336,6.20521605014801e-05,"[Event ""?""]
[Site ""?""]
[Date ""????.??.??""]
[Round ""?""]
[White ""MaleCNS-RD""]
[Black ""gaia""]
[Result ""1/2-1/2""]
[FEN ""rn1qkbnr/1pp1ppp1/p6p/3p1b2/2P2P2/P6N/1P1PP1PP/RNBQKB1R w KQkq - 0 5""]
[SetUp ""1""]
[OpponentElo ""580.0""]
[Opening ""opening_010""]

5. b3 Bxb1 1/2-1/2",opening_010,rn1qkbnr/1pp1ppp1/p6p/3p1b2/2P2P2/P6N/1P1PP1PP/RNBQKB1R w KQkq - 0 5
369,gaia,580.0,black,1/2-1/2,0.5,10,MAX_PLIES_ADJUDICATION,1n1qkbnr/rpp1ppp1/p6p/3p1b2/2P2P2/PQ5N/1P1PP1PP/RNB1KB1R w KQk - 2 6,Skill Level=1,580,580.0,1,15.896589700016193,528,0.004074711352586746,"[Event ""?""]
[Site ""?""]
[Date ""????.??.??""]
[Round ""?""]
[White ""gaia""]
[Black ""MaleCNS-RD""]
[Result ""1/2-1/2""]
[FEN ""rn1qkbnr/1pp1ppp1/p6p/3p1b2/2P2P2/P6N/1P1PP1PP/RNBQKB1R w KQkq - 0 5""]
[SetUp ""1""]
[OpponentElo ""580.0""]
[Opening ""opening_010""]

5. Qb3 Ra7 1/2-1/2",opening_010,rn1qkbnr/1pp1ppp1/p6p/3p1b2/2P2P2/P6N/1P1PP1PP/RNBQKB1R w KQkq - 0 5
370,gaia,580.0,white,1/2-1/2,0.5,10,MAX_PLIES_ADJUDICATION,r1bqk1nr/pp1p2pp/n1p1p3/5p2/Pb1P1B2/1P6/2P1PPPP/RN1QKBNR w KQkq - 1 6,Skill Level=1,580,580.0,1,15.41021860006731,544,6.0927122831344604e-05,"[Event ""?""]
[Site ""?""]
[Date ""????.??.??""]
[Round ""?""]
[White ""MaleCNS-RD""]
[Black ""gaia""]
[Result ""1/2-1/2""]
[FEN ""r1bqkbnr/pp1p2pp/n1p1p3/5p2/P2P1B2/8/1PP1PPPP/RN1QKBNR w KQkq - 0 5""]
[SetUp ""1""]
[OpponentElo ""580.0""]
[Opening ""opening_011""]

5. b3 Bb4+ 1/2-1/2",opening_011,r1bqkbnr/pp1p2pp/n1p1p3/5p2/P2P1B2/8/1PP1PPPP/RN1QKBNR w KQkq - 0 5
371,gaia,580.0,black,1/2-1/2,0.5,10,MAX_PLIES_ADJUDICATION,r1b1kbnr/pp1pq1pp/n1p1p3/5p2/P2P1B2/2N5/1PP1PPPP/R2QKBNR w KQkq - 2 6,Skill Level=1,580,580.0,1,14.070928999921307,512,0.003868456231430173,"[Event ""?""]
[Site ""?""]
[Date ""????.??.??""]
[Round ""?""]
[White ""gaia""]
[Black ""MaleCNS-RD""]
[Result ""1/2-1/2""]
[FEN ""r1bqkbnr/pp1p2pp/n1p1p3/5p2/P2P1B2/8/1PP1PPPP/RN1QKBNR w KQkq - 0 5""]
[SetUp ""1""]
[OpponentElo ""580.0""]
[Opening ""opening_011""]

5. Nc3 Qe7 1/2-1/2",opening_011,r1bqkbnr/pp1p2pp/n1p1p3/5p2/P2P1B2/8/1PP1PPPP/RN1QKBNR w KQkq - 0 5
372,gaia,580.0,white,1/2-1/2,0.5,10,MAX_PLIES_ADJUDICATION,r1bqkbnr/ppppppp1/8/8/Q1P3p1/1P1P4/P2P1P1P/RNB1KBNR w KQkq - 0 6,Skill Level=1,580,580.0,1,1.8140708000864834,32,0.001129799522459507,"[Event ""?""]
[Site ""?""]
[Date ""????.??.??""]
[Round ""?""]
[White ""MaleCNS-RD""]
[Black ""gaia""]
[Result ""1/2-1/2""]
[FEN ""r1bqkbnr/ppppppp1/8/7p/Q1P3P1/1P1n4/P2PPP1P/RNB1KBNR w KQkq - 1 5""]
[SetUp ""1""]
[OpponentElo ""580.0""]
[Opening ""opening_012""]

5. exd3 hxg4 1/2-1/2",opening_012,r1bqkbnr/ppppppp1/8/7p/Q1P3P1/1P1n4/P2PPP1P/RNB1KBNR w KQkq - 1 5
373,gaia,580.0,black,1/2-1/2,0.5,10,MAX_PLIES_ADJUDICATION,r1bqkbnr/p1ppppp1/8/1p5p/Q1P3P1/1P1n4/P2PPP1P/RNBK1BNR w kq - 0 6,Skill Level=1,580,580.0,1,14.001801300095394,432,0.00017369724810123444,"[Event ""?""]
[Site ""?""]
[Date ""????.??.??""]
[Round ""?""]
[White ""gaia""]
[Black ""MaleCNS-RD""]
[Result ""1/2-1/2""]
[FEN ""r1bqkbnr/ppppppp1/8/7p/Q1P3P1/1P1n4/P2PPP1P/RNB1KBNR w KQkq - 1 5""]
[SetUp ""1""]
[OpponentElo ""580.0""]
[Opening ""opening_012""]

5. Kd1 b5 1/2-1/2",opening_012,r1bqkbnr/ppppppp1/8/7p/Q1P3P1/1P1n4/P2PPP1P/RNB1KBNR w KQkq - 1 5
374,gaia,580.0,white,1/2-1/2,0.5,10,MAX_PLIES_ADJUDICATION,rnbqk1nr/ppp3pp/3bpp2/3p4/8/1PPP4/P3PPPP/RNBQKBNR w KQkq - 1 6,Skill Level=1,580,580.0,1,12.932013600016944,448,6.089359521865845e-05,"[Event ""?""]
[Site ""?""]
[Date ""????.??.??""]
[Round ""?""]
[White ""MaleCNS-RD""]
[Black ""gaia""]
[Result ""1/2-1/2""]
[FEN ""rnbqkbnr/ppp3pp/4pp2/3p4/8/2PP4/PP2PPPP/RNBQKBNR w KQkq - 0 5""]
[SetUp ""1""]
[OpponentElo ""580.0""]
[Opening ""opening_013""]

5. b3 Bd6 1/2-1/2",opening_013,rnbqkbnr/ppp3pp/4pp2/3p4/8/2PP4/PP2PPPP/RNBQKBNR w KQkq - 0 5
375,gaia,580.0,black,1/2-1/2,0.5,10,MAX_PLIES_ADJUDICATION,rnb1kbnr/ppp1q1pp/4pp2/3p4/8/1QPP4/PP2PPPP/RNB1KBNR w KQkq - 2 6,Skill Level=1,580,580.0,1,12.852608699933626,480,0.003875225782394409,"[Event ""?""]
[Site ""?""]
[Date ""????.??.??""]
[Round ""?""]
[White ""gaia""]
[Black ""MaleCNS-RD""]
[Result ""1/2-1/2""]
[FEN ""rnbqkbnr/ppp3pp/4pp2/3p4/8/2PP4/PP2PPPP/RNBQKBNR w KQkq - 0 5""]
[SetUp ""1""]
[OpponentElo ""580.0""]
[Opening ""opening_013""]

5. Qb3 Qe7 1/2-1/2",opening_013,rnbqkbnr/ppp3pp/4pp2/3p4/8/2PP4/PP2PPPP/RNBQKBNR w KQkq - 0 5
376,gaia,580.0,white,1/2-1/2,0.5,10,MAX_PLIES_ADJUDICATION,rnbq2nr/pppppk1p/6pb/8/2P2pPP/PP6/3PPP2/RNBQKBNR w KQ - 1 6,Skill Level=1,580,580.0,1,10.853849400067702,352,6.20279461145401e-05,"[Event ""?""]
[Site ""?""]
[Date ""????.??.??""]
[Round ""?""]
[White ""MaleCNS-RD""]
[Black ""gaia""]
[Result ""1/2-1/2""]
[FEN ""rnbqk1nr/ppppp2p/6pb/8/2P2pPP/P7/1P1PPP2/RNBQKBNR w KQkq - 0 5""]
[SetUp ""1""]
[OpponentElo ""580.0""]
[Opening ""opening_014""]

5. b3 Kf7 1/2-1/2",opening_014,rnbqk1nr/ppppp2p/6pb/8/2P2pPP/P7/1P1PPP2/RNBQKBNR w KQkq - 0 5
377,gaia,580.0,black,1/2-1/2,0.5,10,MAX_PLIES_ADJUDICATION,rnbqk1nr/p1ppp2p/6pb/1p6/2P2pPP/P2P4/1P2PP2/RNBQKBNR w KQkq - 0 6,Skill Level=1,580,580.0,1,9.366354799945839,320,0.0019688308238983154,"[Event ""?""]
[Site ""?""]
[Date ""????.??.??""]
[Round ""?""]
[White ""gaia""]
[Black ""MaleCNS-RD""]
[Result ""1/2-1/2""]
[FEN ""rnbqk1nr/ppppp2p/6pb/8/2P2pPP/P7/1P1PPP2/RNBQKBNR w KQkq - 0 5""]
[SetUp ""1""]
[OpponentElo ""580.0""]
[Opening ""opening_014""]

5. d3 b5 1/2-1/2",opening_014,rnbqk1nr/ppppp2p/6pb/8/2P2pPP/P7/1P1PPP2/RNBQKBNR w KQkq - 0 5
378,gaia,580.0,white,1/2-1/2,0.5,10,MAX_PLIES_ADJUDICATION,rnb1kbnr/1ppp1p2/6p1/p2Pp2p/4P2q/1PN5/P1P2PPP/R1BQKBNR w KQkq - 0 6,Skill Level=1,580,580.0,1,15.010823999997228,560,6.0861260863021016e-05,"[Event ""?""]
[Site ""?""]
[Date ""????.??.??""]
[Round ""?""]
[White ""MaleCNS-RD""]
[Black ""gaia""]
[Result ""1/2-1/2""]
[FEN ""rnb1kbnr/1ppp1pp1/8/p2Pp2p/4P2q/2N5/PPP2PPP/R1BQKBNR w KQkq - 2 5""]
[SetUp ""1""]
[OpponentElo ""580.0""]
[Opening ""opening_015""]

5. b3 g6 1/2-1/2",opening_015,rnb1kbnr/1ppp1pp1/8/p2Pp2p/4P2q/2N5/PPP2PPP/R1BQKBNR w KQkq - 2 5
379,gaia,580.0,black,1/2-1/2,0.5,10,MAX_PLIES_ADJUDICATION,1nb1kbnr/rppp1pp1/8/p2Pp2p/4P2q/2N5/PPP1KPPP/R1BQ1BNR w k - 4 6,Skill Level=1,580,580.0,1,13.894160800031386,592,0.002328347647562623,"[Event ""?""]
[Site ""?""]
[Date ""????.??.??""]
[Round ""?""]
[White ""gaia""]
[Black ""MaleCNS-RD""]
[Result ""1/2-1/2""]
[FEN ""rnb1kbnr/1ppp1pp1/8/p2Pp2p/4P2q/2N5/PPP2PPP/R1BQKBNR w KQkq - 2 5""]
[SetUp ""1""]
[OpponentElo ""580.0""]
[Opening ""opening_015""]

5. Ke2 Ra7 1/2-1/2",opening_015,rnb1kbnr/1ppp1pp1/8/p2Pp2p/4P2q/2N5/PPP2PPP/R1BQKBNR w KQkq - 2 5
380,gaia,580.0,white,1/2-1/2,0.5,10,MAX_PLIES_ADJUDICATION,rn1qkbnr/p2ppp2/b5p1/1pP4p/5P2/1P6/P1P1PKPP/RNBQ1BNR w kq - 0 6,Skill Level=1,580,580.0,1,12.127035299898125,512,6.090220995247364e-05,"[Event ""?""]
[Site ""?""]
[Date ""????.??.??""]
[Round ""?""]
[White ""MaleCNS-RD""]
[Black ""gaia""]
[Result ""1/2-1/2""]
[FEN ""rn1qkbnr/p2pppp1/b7/1pP4p/5P2/8/PPP1PKPP/RNBQ1BNR w kq - 0 5""]
[SetUp ""1""]
[OpponentElo ""580.0""]
[Opening ""opening_016""]

5. b3 g6 1/2-1/2",opening_016,rn1qkbnr/p2pppp1/b7/1pP4p/5P2/8/PPP1PKPP/RNBQ1BNR w kq - 0 5
381,gaia,580.0,black,1/2-1/2,0.5,10,MAX_PLIES_ADJUDICATION,rn2kbnr/p2pppp1/b7/qpP4p/5P2/4B3/PPP1PKPP/RN1Q1BNR w kq - 2 6,Skill Level=1,580,580.0,1,10.360401100013405,336,0.00013521016808226705,"[Event ""?""]
[Site ""?""]
[Date ""????.??.??""]
[Round ""?""]
[White ""gaia""]
[Black ""MaleCNS-RD""]
[Result ""1/2-1/2""]
[FEN ""rn1qkbnr/p2pppp1/b7/1pP4p/5P2/8/PPP1PKPP/RNBQ1BNR w kq - 0 5""]
[SetUp ""1""]
[OpponentElo ""580.0""]
[Opening ""opening_016""]

5. Be3 Qa5 1/2-1/2",opening_016,rn1qkbnr/p2pppp1/b7/1pP4p/5P2/8/PPP1PKPP/RNBQ1BNR w kq - 0 5
382,gaia,580.0,white,1/2-1/2,0.5,10,MAX_PLIES_ADJUDICATION,rn1qkbnr/p1pb2pp/1p1pp3/5pP1/P3P3/1P6/2PP1P1P/RNBQKBNR w KQkq - 1 6,Skill Level=1,580,580.0,1,13.728395299986005,528,6.182026118040085e-05,"[Event ""?""]
[Site ""?""]
[Date ""????.??.??""]
[Round ""?""]
[White ""MaleCNS-RD""]
[Black ""gaia""]
[Result ""1/2-1/2""]
[FEN ""rnbqkbnr/p1p3pp/1p1pp3/5pP1/P3P3/8/1PPP1P1P/RNBQKBNR w KQkq - 0 5""]
[SetUp ""1""]
[OpponentElo ""580.0""]
[Opening ""opening_017""]

5. b3 Bd7 1/2-1/2",opening_017,rnbqkbnr/p1p3pp/1p1pp3/5pP1/P3P3/8/1PPP1P1P/RNBQKBNR w KQkq - 0 5
383,gaia,580.0,black,1/2-1/2,0.5,10,MAX_PLIES_ADJUDICATION,rnb1kbnr/p1p1q1pp/1p1pp3/5pP1/P3P3/8/1PPPKP1P/RNBQ1BNR w kq - 2 6,Skill Level=1,580,580.0,1,13.631998799974099,464,0.0038680434226989746,"[Event ""?""]
[Site ""?""]
[Date ""????.??.??""]
[Round ""?""]
[White ""gaia""]
[Black ""MaleCNS-RD""]
[Result ""1/2-1/2""]
[FEN ""rnbqkbnr/p1p3pp/1p1pp3/5pP1/P3P3/8/1PPP1P1P/RNBQKBNR w KQkq - 0 5""]
[SetUp ""1""]
[OpponentElo ""580.0""]
[Opening ""opening_017""]

5. Ke2 Qe7 1/2-1/2",opening_017,rnbqkbnr/p1p3pp/1p1pp3/5pP1/P3P3/8/1PPP1P1P/RNBQKBNR w KQkq - 0 5
384,gaia,580.0,white,1/2-1/2,0.5,10,MAX_PLIES_ADJUDICATION,rnbqkb1r/ppp2ppp/3p4/3p1n2/8/1P4PP/P1P1PP2/RNBQKBNR w KQkq - 0 6,Skill Level=1,580,580.0,1,13.59280129999388,448,6.086612120270729e-05,"[Event ""?""]
[Site ""?""]
[Date ""????.??.??""]
[Round ""?""]
[White ""MaleCNS-RD""]
[Black ""gaia""]
[Result ""1/2-1/2""]
[FEN ""rnbqkb1r/ppp2ppp/3pp3/3P1n2/8/6PP/PPP1PP2/RNBQKBNR w KQkq - 1 5""]
[SetUp ""1""]
[OpponentElo ""580.0""]
[Opening ""opening_018""]

5. b3 exd5 1/2-1/2",opening_018,rnbqkb1r/ppp2ppp/3pp3/3P1n2/8/6PP/PPP1PP2/RNBQKBNR w KQkq - 1 5
385,gaia,580.0,black,1/2-1/2,0.5,10,MAX_PLIES_ADJUDICATION,rnb1kb1r/ppp1qppp/3pp3/3P1n2/8/4B1PP/PPP1PP2/RN1QKBNR w KQkq - 3 6,Skill Level=1,580,580.0,1,14.387758700060658,512,0.0038685020990669727,"[Event ""?""]
[Site ""?""]
[Date ""????.??.??""]
[Round ""?""]
[White ""gaia""]
[Black ""MaleCNS-RD""]
[Result ""1/2-1/2""]
[FEN ""rnbqkb1r/ppp2ppp/3pp3/3P1n2/8/6PP/PPP1PP2/RNBQKBNR w KQkq - 1 5""]
[SetUp ""1""]
[OpponentElo ""580.0""]
[Opening ""opening_018""]

5. Be3 Qe7 1/2-1/2",opening_018,rnbqkb1r/ppp2ppp/3pp3/3P1n2/8/6PP/PPP1PP2/RNBQKBNR w KQkq - 1 5
386,gaia,580.0,white,1/2-1/2,0.5,10,MAX_PLIES_ADJUDICATION,rnb1kbnr/1pqpp2p/2p2p2/p5p1/3P4/1QP3PP/PP2PP2/RNB1KBNR w KQkq - 0 6,Skill Level=1,580,580.0,1,15.414583000005223,528,0.0013455627486109734,"[Event ""?""]
[Site ""?""]
[Date ""????.??.??""]
[Round ""?""]
[White ""MaleCNS-RD""]
[Black ""gaia""]
[Result ""1/2-1/2""]
[FEN ""rnb1kbnr/1pqppp1p/2p5/p5p1/3P4/1QP4P/PP2PPP1/RNB1KBNR w KQkq - 0 5""]
[SetUp ""1""]
[OpponentElo ""580.0""]
[Opening ""opening_019""]

5. g3 f6 1/2-1/2",opening_019,rnb1kbnr/1pqppp1p/2p5/p5p1/3P4/1QP4P/PP2PPP1/RNB1KBNR w KQkq - 0 5
387,gaia,580.0,black,1/2-1/2,0.5,10,MAX_PLIES_ADJUDICATION,1nb1kbnr/rpqppp1p/2p5/p5p1/2QP4/2P4P/PP2PPP1/RNB1KBNR w KQk - 2 6,Skill Level=1,580,580.0,1,11.927582300035283,448,0.005832132417708635,"[Event ""?""]
[Site ""?""]
[Date ""????.??.??""]
[Round ""?""]
[White ""gaia""]
[Black ""MaleCNS-RD""]
[Result ""1/2-1/2""]
[FEN ""rnb1kbnr/1pqppp1p/2p5/p5p1/3P4/1QP4P/PP2PPP1/RNB1KBNR w KQkq - 0 5""]
[SetUp ""1""]
[OpponentElo ""580.0""]
[Opening ""opening_019""]

5. Qc4 Ra7 1/2-1/2",opening_019,rnb1kbnr/1pqppp1p/2p5/p5p1/3P4/1QP4P/PP2PPP1/RNB1KBNR w KQkq - 0 5
388,gaia,580.0,white,1/2-1/2,0.5,10,MAX_PLIES_ADJUDICATION,rn1qkb1r/3ppppp/bpp2n2/p7/4B3/3PP1P1/PPP2P1P/RNBQK1NR w KQkq - 0 6,Skill Level=1,580,580.0,1,14.267183399992064,576,0.0009428802877664566,"[Event ""?""]
[Site ""?""]
[Date ""????.??.??""]
[Round ""?""]
[White ""MaleCNS-RD""]
[Black ""gaia""]
[Result ""1/2-1/2""]
[FEN ""rn1qkb1r/2pppppp/bp3n2/p7/4B3/3PP3/PPP2PPP/RNBQK1NR w KQkq - 1 5""]
[SetUp ""1""]
[OpponentElo ""580.0""]
[Opening ""opening_000""]

5. g3 c6 1/2-1/2",opening_000,rn1qkb1r/2pppppp/bp3n2/p7/4B3/3PP3/PPP2PPP/RNBQK1NR w KQkq - 1 5
389,gaia,580.0,black,1/2-1/2,0.5,10,MAX_PLIES_ADJUDICATION,Bnq1kb1r/2pppppp/bp3n2/p7/8/3PP3/PPP2PPP/RNBQK1NR w KQk - 1 6,Skill Level=1,580,580.0,1,11.5549562999513,400,0.0005378350615501404,"[Event ""?""]
[Site ""?""]
[Date ""????.??.??""]
[Round ""?""]
[White ""gaia""]
[Black ""MaleCNS-RD""]
[Result ""1/2-1/2""]
[FEN ""rn1qkb1r/2pppppp/bp3n2/p7/4B3/3PP3/PPP2PPP/RNBQK1NR w KQkq - 1 5""]
[SetUp ""1""]
[OpponentElo ""580.0""]
[Opening ""opening_000""]

5. Bxa8 Qc8 1/2-1/2",opening_000,rn1qkb1r/2pppppp/bp3n2/p7/4B3/3PP3/PPP2PPP/RNBQK1NR w KQkq - 1 5
390,gaia,580.0,white,1/2-1/2,0.5,10,MAX_PLIES_ADJUDICATION,rnb1kbnr/1pq1pppp/8/p1pp4/6P1/NP5P/P1PPPP2/R1BQKBNR w KQkq - 1 6,Skill Level=1,580,580.0,1,9.911963299964555,304,6.207171827554703e-05,"[Event ""?""]
[Site ""?""]
[Date ""????.??.??""]
[Round ""?""]
[White ""MaleCNS-RD""]
[Black ""gaia""]
[Result ""1/2-1/2""]
[FEN ""rnbqkbnr/1p2pppp/8/p1pp4/6P1/N6P/PPPPPP2/R1BQKBNR w KQkq - 0 5""]
[SetUp ""1""]
[OpponentElo ""580.0""]
[Opening ""opening_001""]

5. b3 Qc7 1/2-1/2",opening_001,rnbqkbnr/1p2pppp/8/p1pp4/6P1/N6P/PPPPPP2/R1BQKBNR w KQkq - 0 5
391,gaia,580.0,black,1/2-1/2,0.5,10,MAX_PLIES_ADJUDICATION,1nbqkbnr/rp2pppp/8/p1pp4/5PP1/N6P/PPPPP3/R1BQKBNR w KQk - 1 6,Skill Level=1,580,580.0,1,12.838288600090891,464,0.004071526229381561,"[Event ""?""]
[Site ""?""]
[Date ""????.??.??""]
[Round ""?""]
[White ""gaia""]
[Black ""MaleCNS-RD""]
[Result ""1/2-1/2""]
[FEN ""rnbqkbnr/1p2pppp/8/p1pp4/6P1/N6P/PPPPPP2/R1BQKBNR w KQkq - 0 5""]
[SetUp ""1""]
[OpponentElo ""580.0""]
[Opening ""opening_001""]

5. f4 Ra7 1/2-1/2",opening_001,rnbqkbnr/1p2pppp/8/p1pp4/6P1/N6P/PPPPPP2/R1BQKBNR w KQkq - 0 5
392,gaia,580.0,white,1/2-1/2,0.5,10,MAX_PLIES_ADJUDICATION,rnb1k1nr/pppp1p1p/5qp1/4p3/1bP4P/1P3PP1/P2PP3/RNBQKBNR w KQkq - 1 6,Skill Level=1,580,580.0,1,10.624327500001527,352,0.001354600302875042,"[Event ""?""]
[Site ""?""]
[Date ""????.??.??""]
[Round ""?""]
[White ""MaleCNS-RD""]
[Black ""gaia""]
[Result ""1/2-1/2""]
[FEN ""rnb1kbnr/pppp1p1p/5qp1/4p3/7P/1P3PP1/P1PPP3/RNBQKBNR w KQkq - 0 5""]
[SetUp ""1""]
[OpponentElo ""580.0""]
[Opening ""opening_002""]

5. c4 Bb4 1/2-1/2",opening_002,rnb1kbnr/pppp1p1p/5qp1/4p3/7P/1P3PP1/P1PPP3/RNBQKBNR w KQkq - 0 5
393,gaia,580.0,black,1/2-1/2,0.5,10,MAX_PLIES_ADJUDICATION,rnb1kbnr/pppp1p1p/5qp1/8/1P2p2P/5PP1/P1PPP3/RNBQKBNR w KQkq - 0 6,Skill Level=1,580,580.0,1,17.56076389993541,592,0.0032885922119021416,"[Event ""?""]
[Site ""?""]
[Date ""????.??.??""]
[Round ""?""]
[White ""gaia""]
[Black ""MaleCNS-RD""]
[Result ""1/2-1/2""]
[FEN ""rnb1kbnr/pppp1p1p/5qp1/4p3/7P/1P3PP1/P1PPP3/RNBQKBNR w KQkq - 0 5""]
[SetUp ""1""]
[OpponentElo ""580.0""]
[Opening ""opening_002""]

5. b4 e4 1/2-1/2",opening_002,rnb1kbnr/pppp1p1p/5qp1/4p3/7P/1P3PP1/P1PPP3/RNBQKBNR w KQkq - 0 5
394,gaia,580.0,white,1/2-1/2,0.5,10,MAX_PLIES_ADJUDICATION,rnbqk1nr/1pp2ppp/1b1pp3/p7/P7/1PP2P1P/3PP1P1/RNBQKBNR w KQkq - 0 6,Skill Level=1,580,580.0,1,10.530237399972975,272,6.207358092069626e-05,"[Event ""?""]
[Site ""?""]
[Date ""????.??.??""]
[Round ""?""]
[White ""MaleCNS-RD""]
[Black ""gaia""]
[Result ""1/2-1/2""]
[FEN ""rnbqk1nr/1ppp1ppp/1b2p3/p7/P7/2P2P1P/1P1PP1P1/RNBQKBNR w KQkq - 1 5""]
[SetUp ""1""]
[OpponentElo ""580.0""]
[Opening ""opening_003""]

5. b3 d6 1/2-1/2",opening_003,rnbqk1nr/1ppp1ppp/1b2p3/p7/P7/2P2P1P/1P1PP1P1/RNBQKBNR w KQkq - 1 5
395,gaia,580.0,black,1/2-1/2,0.5,10,MAX_PLIES_ADJUDICATION,rnb1k1nr/1pppqppp/1b2p3/p7/P1P5/5P1P/1P1PP1P1/RNBQKBNR w KQkq - 1 6,Skill Level=1,580,580.0,1,13.460636000032537,480,0.0015479270368814468,"[Event ""?""]
[Site ""?""]
[Date ""????.??.??""]
[Round ""?""]
[White ""gaia""]
[Black ""MaleCNS-RD""]
[Result ""1/2-1/2""]
[FEN ""rnbqk1nr/1ppp1ppp/1b2p3/p7/P7/2P2P1P/1P1PP1P1/RNBQKBNR w KQkq - 1 5""]
[SetUp ""1""]
[OpponentElo ""580.0""]
[Opening ""opening_003""]

5. c4 Qe7 1/2-1/2",opening_003,rnbqk1nr/1ppp1ppp/1b2p3/p7/P7/2P2P1P/1P1PP1P1/RNBQKBNR w KQkq - 1 5
396,gaia,580.0,white,1/2-1/2,0.5,10,MAX_PLIES_ADJUDICATION,rnbqkbn1/2ppp1pr/1p3p2/p6p/2P5/4P1PP/PP1PKP2/RNBQ1BNR w q - 1 6,Skill Level=1,580,580.0,1,11.588357899920084,384,0.0009284541010856628,"[Event ""?""]
[Site ""?""]
[Date ""????.??.??""]
[Round ""?""]
[White ""MaleCNS-RD""]
[Black ""gaia""]
[Result ""1/2-1/2""]
[FEN ""rnbqkbnr/2ppp1p1/1p3p2/p6p/2P5/4P2P/PP1PKPP1/RNBQ1BNR w kq - 0 5""]
[SetUp ""1""]
[OpponentElo ""580.0""]
[Opening ""opening_004""]

5. g3 Rh7 1/2-1/2",opening_004,rnbqkbnr/2ppp1p1/1p3p2/p6p/2P5/4P2P/PP1PKPP1/RNBQ1BNR w kq - 0 5
397,gaia,580.0,black,1/2-1/2,0.5,10,MAX_PLIES_ADJUDICATION,1nbqkbnr/r1ppp1p1/1p3p2/p6p/2P5/4P2P/PP1P1PP1/RNBQKBNR w k - 2 6,Skill Level=1,580,580.0,1,11.243505600024946,352,0.005552338436245918,"[Event ""?""]
[Site ""?""]
[Date ""????.??.??""]
[Round ""?""]
[White ""gaia""]
[Black ""MaleCNS-RD""]
[Result ""1/2-1/2""]
[FEN ""rnbqkbnr/2ppp1p1/1p3p2/p6p/2P5/4P2P/PP1PKPP1/RNBQ1BNR w kq - 0 5""]
[SetUp ""1""]
[OpponentElo ""580.0""]
[Opening ""opening_004""]

5. Ke1 Ra7 1/2-1/2",opening_004,rnbqkbnr/2ppp1p1/1p3p2/p6p/2P5/4P2P/PP1PKPP1/RNBQ1BNR w kq - 0 5
398,gaia,580.0,white,1/2-1/2,0.5,10,MAX_PLIES_ADJUDICATION,r2qkb1r/ppp1pppp/3p1n2/8/1nB1P1b1/1PP3P1/P2P1P1P/RNBQK1NR w KQkq - 1 6,Skill Level=1,580,580.0,1,15.025499200099148,528,0.0013455897569656372,"[Event ""?""]
[Site ""?""]
[Date ""????.??.??""]
[Round ""?""]
[White ""MaleCNS-RD""]
[Black ""gaia""]
[Result ""1/2-1/2""]
[FEN ""r1bqkb1r/ppp1pppp/3p1n2/8/1nB1P3/1PP5/P2P1PPP/RNBQK1NR w KQkq - 2 5""]
[SetUp ""1""]
[OpponentElo ""580.0""]
[Opening ""opening_005""]

5. g3 Bg4 1/2-1/2",opening_005,r1bqkb1r/ppp1pppp/3p1n2/8/1nB1P3/1PP5/P2P1PPP/RNBQK1NR w KQkq - 2 5
399,gaia,580.0,black,1/2-1/2,0.5,10,MAX_PLIES_ADJUDICATION,r1b1kb1r/pppqpppp/3p1n2/8/1PB1P3/1P6/P2P1PPP/RNBQK1NR w KQkq - 1 6,Skill Level=1,580,580.0,1,12.961031399900094,448,0.001751493662595749,"[Event ""?""]
[Site ""?""]
[Date ""????.??.??""]
[Round ""?""]
[White ""gaia""]
[Black ""MaleCNS-RD""]
[Result ""1/2-1/2""]
[FEN ""r1bqkb1r/ppp1pppp/3p1n2/8/1nB1P3/1PP5/P2P1PPP/RNBQK1NR w KQkq - 2 5""]
[SetUp ""1""]
[OpponentElo ""580.0""]
[Opening ""opening_005""]

5. cxb4 Qd7 1/2-1/2",opening_005,r1bqkb1r/ppp1pppp/3p1n2/8/1nB1P3/1PP5/P2P1PPP/RNBQK1NR w KQkq - 2 5
400,gaia,580.0,white,1/2-1/2,0.5,10,MAX_PLIES_ADJUDICATION,r1b1k1nr/ppppbppp/n3p3/6q1/8/P2P2P1/2PNPP1P/R1BQKBNR w KQkq - 1 6,Skill Level=1,580,580.0,1,9.44253449991811,288,0.0013456041924655437,"[Event ""?""]
[Site ""?""]
[Date ""????.??.??""]
[Round ""?""]
[White ""MaleCNS-RD""]
[Black ""gaia""]
[Result ""1/2-1/2""]
[FEN ""r1b1k1nr/pppp1ppp/n3p3/6q1/1b6/P2P4/2PNPPPP/R1BQKBNR w KQkq - 0 5""]
[SetUp ""1""]
[OpponentElo ""580.0""]
[Opening ""opening_006""]

5. g3 Be7 1/2-1/2",opening_006,r1b1k1nr/pppp1ppp/n3p3/6q1/1b6/P2P4/2PNPPPP/R1BQKBNR w KQkq - 0 5
401,gaia,580.0,black,1/2-1/2,0.5,10,MAX_PLIES_ADJUDICATION,r1b1k1nr/ppppbppp/n3p3/6q1/8/P2P1N2/2PNPPPP/R1BQKB1R w KQkq - 2 6,Skill Level=1,580,580.0,1,21.677089800010435,768,0.004598681814968586,"[Event ""?""]
[Site ""?""]
[Date ""????.??.??""]
[Round ""?""]
[White ""gaia""]
[Black ""MaleCNS-RD""]
[Result ""1/2-1/2""]
[FEN ""r1b1k1nr/pppp1ppp/n3p3/6q1/1b6/P2P4/2PNPPPP/R1BQKBNR w KQkq - 0 5""]
[SetUp ""1""]
[OpponentElo ""580.0""]
[Opening ""opening_006""]

5. Nf3 Be7 1/2-1/2",opening_006,r1b1k1nr/pppp1ppp/n3p3/6q1/1b6/P2P4/2PNPPPP/R1BQKBNR w KQkq - 0 5
